filename,before_hash,ctxr_hash,mipmaps,origin_folder,opacity_stripped,upscaled,upscaler_version,upscaler_type,ctxr3_converted,non_upscaled_version,npot_resized
000062b9,2e5148108312e31d43b9d034c53984909b15322d,1189f0f8ac942ec7a0b9078cfaa3822c2cc6e39f,true,ps2 textures\opaque\bp_remade,true,true,5,remarci_4x,false,0,false
00006739,22e0464927d7cce64103d29d2d15ffef22014e64,4026791d30ae77cea475b283ca199b6179599447,true,ps2 textures\opaque\bp_remade,true,true,5,remarci_4x,false,0,false
0016cb7f,6802d9b51b948a2a1a26d3e021bd1fd501b8845e,078349703b69586191b81d3091dedb29cee15f7a,true,ps2 textures\HAS ALPHA\bp_remade,false,true,5,remarci_4x,false,0,false
00180189,5c2c0ad8a9b3ae13fc55a1e47eba6f079ce3db93,c01ed48ce1cf75ece716defd9e1e13af110169ce,true,ps2 textures\HAS ALPHA\bp_remade,false,true,5,remarci_4x,false,0,false
003f0404,c9ec93c7ece76992e0516a6a3576a721632541d7,3469e280379b47130a84c5c3da0c23d40d93c3cb,true,ps2 textures\HAS ALPHA\bp_remade,false,true,5,remarci_4x,false,0,false
004b2a01,02a72d4bf0d78e0ed4b9a8bfe84ebaf232c326a5,3d3bbde1bc958dfad7a2c891df5222a25ed9355f,true,ps2 textures\opaque\bp_remade,true,true,5,remarci_4x,false,0,false
0050bfc5,86578a74bd9bff36a902d703b2d6e1fcb0c33290,7e91f318e3f66afe6cfb63d81846d97fe24abe10,true,ps2 textures\HAS ALPHA\bp_remade,false,true,5,remarci_4x,false,0,false
0055b270,90559ea56cddfe94b650c925ac68227467d930f7,5de98bdb684b47dff7ab656a91c88f3ee2aea7d5,true,ps2 textures\HAS ALPHA\bp_remade,false,true,5,remarci_4x,false,0,false
006262b9,115baef6313ffbc5a9157056381db7f9f7b694d1,621543ed59ad6d0e53996fd7276750c5a3345e8a,true,ps2 textures\opaque\bp_remade,true,true,5,remarci_4x,false,0,false
00626739,ffda276c6bee13f0cb210ba17f19e8f91c7cbe69,34fa45bd7fd1974466cd61019118a976971155b7,true,ps2 textures\opaque\bp_remade,true,true,5,remarci_4x,false,0,false
007a0189,4083d541541b6bc24a1f811f24a2485b015d283c,8b71bc4edc7157d69a3089a7745cfd756b9edfe6,true,ps2 textures\HAS ALPHA\bp_remade,false,true,5,remarci_4x,false,0,false
009720e7,15da4b0e566e1327d265816214f939a00f5caa6b,81bc563f5319580238fde110289150c2a4f53830,true,ps2 textures\HAS ALPHA\bp_remade,false,true,5,remarci_4x,false,0,false
00b7b270,bc383e20dd442424cf837f35a81a71c6cfd26d7b,b136cec25d20a900b2a90351c53b497a8d3178fb,true,ps2 textures\HAS ALPHA\bp_remade,false,true,5,remarci_4x,false,0,false
00b8cb7a,a3c7350c932df2397aec329e006674ceef3164cb,9cefbde67695d824036233b1186c3d11d20623bb,true,ps2 textures\HAS ALPHA\bp_remade,false,true,5,remarci_4x,false,0,false
00e103ff,f48dea99268d117271a33b28cf5a4b5e02a7f027,a340ad173ca18735fc10b2b0f991b6cd35703f28,true,ps2 textures\HAS ALPHA\bp_remade,false,true,5,remarci_4x,false,0,false
00ed29fc,d1dec3f0ef14a2ee0674aa37aaf64a3118e7ce6c,c61fa82a691ad2b458256a642bc92d5de0179c07,true,ps2 textures\opaque\bp_remade,true,true,5,remarci_4x,false,0,false
00edb9fc,a736530da47b53e92e32155515bd30fc57346de7,e3fccd5c0a5d24917f1b9232bb46a25e56337160,true,ps2 textures\opaque\bp_remade,true,true,5,remarci_4x,false,0,false
00eebfc4,535e7c41cf3fc0f6a76c185ea16025f10745a429,e6294e48f154deafa85d03749da569e579e84c45,true,ps2 textures\HAS ALPHA\bp_remade,false,true,5,remarci_4x,false,0,false
00f520eb,f2aa390256f272db5b8f2f33bf04b7ea8409778c,09f42368728c068ee11382dab808f5619247c16a,true,ps2 textures\HAS ALPHA\bp_remade,false,true,5,remarci_4x,false,0,false
0wall1_2.bmp,98c00adce66701d21fecc75b43218a9df44969e3,de2f09ddc5ab9d9bd69feccf1f2c2e1f4dc52c4c,true,ps2 textures\opaque\bp_remade,true,true,5,remarci_4x,false,0,false
0wall1_60s.bmp,468caccabde15dcaed7740a5e99b5c7e310a4a27,c85268274fb6c938fde33e3a433567204c8ce3c9,true,ps2 textures\opaque\bp_remade,true,true,5,remarci_4x,false,0,false
0wall1mi.bmp,fc1a13cfab3449a6472ba884aa277cf131fa6755,74a9e8314228ffab63436150f01d39822393c6be,true,ps2 textures\opaque\bp_remade,true,true,5,remarci_4x,false,0,false
0wall1mi2.bmp,0685d56dc787086cb52432342f6ee30b42fd3ac8,d82edceca9e4d011787b56f244c52af9368a650d,true,ps2 textures\opaque\bp_remade,true,true,5,remarci_4x,false,0,false
0wall1sita.bmp,7ca660b915b1f25d3a3860ec08f5f35dd565282b,16e0acefc1590fd0c7446d0e8a9fd4201592aab9,true,ps2 textures\opaque\bp_remade,true,true,5,remarci_4x,false,0,false
1wallu2.bmp,728d297418d950bdcbacab15f1319bfa1f900e74,d50c1b95ebe74b7adaab0040c6ab8b394d4c1506,true,ps2 textures\opaque\bp_remade,true,true,5,remarci_4x,false,0,false
1wallu3.bmp,804dd0399b6d502b724bf06bc61a444b23050264,f48fe002be9a900c1068ce66c14c011c753323f7,true,ps2 textures\opaque\bp_remade,true,true,5,remarci_4x,false,0,false
1wallu4.bmp,d74ad891dc06822511a4d1d32194fdf27de99c49,886eaeda33ddcf9759c70b216c5c69d35edbd75b,true,ps2 textures\opaque\bp_remade,true,true,5,remarci_4x,false,0,false
1wallup.bmp,8b7c49f1cb2d227228287651fd3df31de1204c5a,ed1964135b7339f4fa9af5b82918391f1e22f4bf,true,ps2 textures\opaque\bp_remade,true,true,5,remarci_4x,false,0,false
a24d2_pane03_alp.bmp,b19f5278b0e69113bf463107d83e7ec9c91d1082,3e61e98c6c66fbdeab191d455722357e84ed435b,true,ps2 textures\opaque\bp_remade,true,true,5,remarci_4x,false,0,false
a24d2_pane04_alp.bmp,1ec58d7194e02df4ed250e277bd5e102178130a4,c2057269abd95af282c3035e04b6b94da89b5725,true,ps2 textures\opaque\bp_remade,true,true,5,remarci_4x,false,0,false
ag_rouka_ent.bmp,2c08408d02031a227ef0533964302f2560c27609,f9cf6a793faf54fa0a0732ca75332607c50fac4d,true,ps2 textures\opaque\bp_remade,true,true,5,remarci_4x,false,0,false
ag_rouka_floor_01.bmp,1069374ed124d1ce29d43749fd49854d6fcccac9,74fa769fb2e85f7ff5f93aa61121ca4714acdae4,true,ps2 textures\opaque\bp_remade,true,true,5,remarci_4x,false,0,false
ag_rouka_floor_02.bmp,a6f7c32e4e4db8fbdad981e51b5f3d4fc11a08f3,9eace193acee68c2ed6a24b21a14f5550506b174,true,ps2 textures\opaque\bp_remade,true,true,5,remarci_4x,false,0,false
ag_rouka_wall_01.bmp,1dbfd2f0da692cc1e0158e13fa6bc0d015049188,e2c58276d954e95f63bf6b2bcf9e18139ecf0585,true,ps2 textures\opaque\bp_remade,true,true,5,remarci_4x,false,0,false
ag_rouka_wall_02.bmp,4fbecae82e57b4f7dd7b8945349313bcac573414,0895e49d337d94baccb6877a15ec95645dabca87,true,ps2 textures\opaque\bp_remade,true,true,5,remarci_4x,false,0,false
ag_rouka_wall_03.bmp,bcebb7ffd75672093d43a7acf2d1ea239918f37b,ed1daa026d1b5e9adb451ad3d6b329b2a75db72a,true,ps2 textures\opaque\bp_remade,true,true,5,remarci_4x,false,0,false
aks_demo_amo.bmp,8b2ece486d0ffe475b45baa6bd27d39463312fb5,3cbb3b3153e164979400400cbbe7bb7f114926f3,true,ps2 textures\opaque\bp_remade,true,true,5,remarci_4x,false,0,false
aks_jyuukou.bmp,c55415765b06911c981067a62f946c7591a56e87,778e3ffa2fc0f66c2995a00114ca3eeaf3f98f34,true,ps2 textures\opaque\bp_remade,true,true,5,remarci_4x,false,0,false
aks_sb_s.bmp,4d744ef08515b4b3117afad4418c50ba510cbb52,b97287ba5144a61b121e2ffb6f3da96df018d192,true,ps2 textures\opaque\bp_remade,true,true,5,remarci_4x,false,0,false
aks_sb_s.bmp_73f39fdb33d46a0ad4126ed3d411da41,572f467e87f496b324cc9b73e331f421732c4a2b,489d1dad337a01620bd895c346f22324b6885970,true,ps2 textures\opaque\bp_remade,true,true,5,remarci_4x,false,0,false
aks_selecter.bmp,9d4c9d10012d0753c9704c7ca176a1d55d4eb709,e1fb0141b94c2beec5482981d2c1823e7ef6d096,true,ps2 textures\opaque\bp_remade,true,true,5,remarci_4x,false,0,false
amg_main1.bmp,1f3fa7b5147369eec429e64dfe8614e8a2759516,79a217a10a39c1f5271309f8adf0bf713ce46bc2,true,ps2 textures\opaque\bp_remade,true,true,5,remarci_4x,false,0,false
amg_mizo1_bright.bmp,85df4bbd629eda09754523965da34b1d420bec67,50fadbe06d36a1b46eef4d2c8b00debaf77157b4,true,ps2 textures\opaque\bp_remade,true,true,5,remarci_4x,false,0,false
bood.bmp,2c3d1c59447006e5e30e341ee15986d96e6466ca,55ecba12307e24c5d206f3fd7156e75ccd552099,true,ps2 textures\opaque\bp_remade,true,true,5,remarci_4x,false,0,false
bood2.bmp,5e8839a0080557ef650dde18fb1fefda4aaa5398,4963cd57e5221b161795815cebaf68f7282bf210,true,ps2 textures\opaque\bp_remade,true,true,5,remarci_4x,false,0,false
box_10.bmp,50f97afe02e7822080597a9ddfaa4ffc51dd39fd,1befddc6ade19b35d6142784c54b282f4550e887,true,ps2 textures\opaque\bp_remade,true,true,5,remarci_4x,false,0,false
box_11.bmp,e85a6ca8cd7d54ef2a6dfc41b6871c1414db96a8,475e75d84f7606e4ac1f7af926f3eb2ea1b4ed80,true,ps2 textures\opaque\bp_remade,true,true,5,remarci_4x,false,0,false
box_16.bmp,ded92f607a0b4e8ba4f8eacd2d2c2798d8d5e060,f6938fd5fe12bcb96c3c5775c301ca170cd0412f,true,ps2 textures\opaque\bp_remade,true,true,5,remarci_4x,false,0,false
box_s_02_side02.bmp,a71a1381b9cb72262062ab1a02dc917fd14200f0,0155de14fd6b204e86a854bd07a9a144d5050f9d,true,ps2 textures\opaque\bp_remade,true,true,5,remarci_4x,false,0,false
box_s_02_top.bmp,e89e6775b80014373765f9d4cabcb1e541c82917,729fc3b8d8573329f21b6764fe45e8cadaa834e0,true,ps2 textures\opaque\bp_remade,true,true,5,remarci_4x,false,0,false
box_s_05_side.bmp,d7998440f5c64fe1547b5c1fd7a68b71a638e0ed,3ff5fafa86ec2288e97dfdd2ae9638381df6f809,true,ps2 textures\opaque\bp_remade,true,true,5,remarci_4x,false,0,false
box_s_05_top.bmp,9f268e7d3f8ba16ba5e388655182343e1c2e4da2,3633b11db7b434c8cd0e7864c85d1cf3faa097fa,true,ps2 textures\opaque\bp_remade,true,true,5,remarci_4x,false,0,false
box_s_07_back.bmp,4a41d68f8274f602ab4ea6cf301dd28466739260,5b4db4e1eb7682a96a083e26fd5b5fc1b8717f07,true,ps2 textures\opaque\bp_remade,true,true,5,remarci_4x,false,0,false
box_s_07_side.bmp,93d5286e769c7a963d1a0cf052ec69f1aa199ad5,aee62bf64534af722ba99d38b0106d12a8cf8aca,true,ps2 textures\opaque\bp_remade,true,true,5,remarci_4x,false,0,false
box_s_07_top.bmp,320d93d8c64a8d2475717342ab61caec01c9be13,78230500fc5d6b7d9d74ae511c2b619c8f644dce,true,ps2 textures\opaque\bp_remade,true,true,5,remarci_4x,false,0,false
bsn_a.bmp,f3c6370a9e6469ecd49eaa9860999d98dcb936ee,df7a7eaebf35decb71c9e27d30d76ab8b2e41be0,true,ps2 textures\opaque\bp_remade,true,true,5,remarci_4x,false,0,false
c4_a_hontai_10.bmp,b35a3d605aa16343b66bbbc43381c8501e867022,f61118f879bb683846c2fcb06dac45091101f2ce,true,ps2 textures\opaque\bp_remade,true,true,5,remarci_4x,false,0,false
cap_arm.bmp,a17416f741da8d00165a162727ac8cc5588dc923,4f4ee1c64d77574c16837c7926854c293a7e33de,true,ps2 textures\opaque\bp_remade,true,true,5,remarci_4x,false,0,false
cap_arm_l_blood.bmp,e2bfb62f80cace0afe6a974c42239a2e8611a133,e1781a70870362bb69d02489b0c6d90c5f10826c,true,ps2 textures\opaque\bp_remade,true,true,5,remarci_4x,false,0,false
cap_arm_r_blood.bmp,12bc1cc6a4a5bf44dea7621129603f8527ff1821,5c9d60d86399555f14e8d003322e5e7da42e5ff1,true,ps2 textures\opaque\bp_remade,true,true,5,remarci_4x,false,0,false
cap_arm_wrist.bmp,d2652c4d2118f7a36e68d94e6ef9148faed896b8,3f34ee67f3749f5e957e900840a984ed96706afa,true,ps2 textures\opaque\bp_remade,true,true,5,remarci_4x,false,0,false
cap_body.bmp,c0d2b0895bbb174bf3fe602b39b5cadb8fa9946f,de9225535504c29bc309da4b4a35a6f4e088594b,true,ps2 textures\opaque\bp_remade,true,true,5,remarci_4x,false,0,false
cap_body_blood.bmp,39f472d6846e0d6189bbb327e0ef7550efa25770,0f7fbd29ffe67c3d39c7025d1911a41164e82e93,true,ps2 textures\opaque\bp_remade,true,true,5,remarci_4x,false,0,false
cap_face.bmp,4c1fa985899edd10f3fc8a3491fb1e1020fdc9e5,6c014895345a2b5248b37c3d80b1c71e27023bfc,true,ps2 textures\opaque\bp_remade,true,true,5,remarci_4x_extra_smooth,false,0,false
cap_face_blood.bmp,eb4e5a27632969e2ed0d3d221e10ddd270c0dc2e,1e0a3e7ec8d183825dbca79658b7c7547eda684c,true,ps2 textures\opaque\bp_remade,true,true,5,remarci_4x_extra_smooth,false,0,false
cap_hair.bmp,8ef6bcca2589d39d8ca201ffd8cdd360eb03b9d2,279d76579525108036e7e11f13b16f0a4a160ba9,true,ps2 textures\opaque\bp_remade,true,true,5,remarci_4x,false,0,false
cap_hair_blood.bmp,ed2e652eb8c482cf3c4471144e765432feb12801,cfb000deb59bafa06fd178233c33dd1e7395132d,true,ps2 textures\opaque\bp_remade,true,true,5,remarci_4x,false,0,false
cap_handcuff.bmp,f03cc4cfeed30aef0658b9de92cebfbb98c6e8bd,fbd5b8cdd5b9d9b40abf8828e68f8b5cd39c4721,true,ps2 textures\opaque\bp_remade,true,true,5,remarci_4x,false,0,false
cap_insignia.bmp,bb7096a90b6ee3ebc5f91f07bcf495aaf48c1ec5,435d4ac1ff0a2546f46dceb4c714d4881f54d5e6,true,ps2 textures\opaque\bp_remade,true,true,5,remarci_4x,false,0,false
cap_insignia.bmp_430f42a59d786b5f3a33625879eca072,71cffa20a559b71eb66b9bed06e1657038d7a4e0,79d31a01fa149f687708f96f5edd747ce4827200,true,ps2 textures\opaque\bp_remade,true,true,5,remarci_4x,false,0,false
cap_leg.bmp,b1fcf3879028da3987e9aa6ead18622ebdb1c3d3,1f0f058bdf27bb1b66f1cc99ef93bc38d0fcf3b0,true,ps2 textures\opaque\bp_remade,true,true,5,remarci_4x,false,0,false
cap_leg_blood.bmp,c6e879df4a9e469d3234cae7f1561625e5e9dbf5,1be2229f425cdbc2d9eef655c9c46e2d9ce813f9,true,ps2 textures\opaque\bp_remade,true,true,5,remarci_4x,false,0,false
cap_shoe.bmp,2f3da39878dd496beaeb9c612cdc18f0c8177342,c5e4382711ba59df2ec577de99f29dc24a1915f0,true,ps2 textures\opaque\bp_remade,true,true,5,remarci_4x,false,0,false
cap_shoe.bmp_419c9cebb9385f6a2d7aefeb9bb59d8f,03ed37208090a282873f866c2d8bcceaaba2213b,4a51ab03effaefca2971ddcfad71fe5a47d7855f,true,ps2 textures\opaque\bp_remade,true,true,5,remarci_4x,false,0,false
cbx_a.bmp,ffe8f0d6f0a749a147d3cae8beb3c56cce5a2088,71569f2cb8d75071e70250c3cbeec03b9a3e1937,true,ps2 textures\opaque\bp_remade,true,true,5,remarci_4x,false,0,false
cbx_a.bmp_be89fab0e4f647837831c3734a72fc8f,a2b7a04a8c08bdbbb01a9fde9e87fb3bcf11cf2d,c88c97ce3144605dff1628b9dd28cde6a6a0ca28,true,ps2 textures\opaque\bp_remade,true,true,5,remarci_4x,false,0,false
cfr_trp_f2.bmp,0fd1a05460b6eae559210677cd59f36746441096,9e2b19e8dcbf59cd9fee3b30ffef3bb4ae26195b,true,ps2 textures\opaque\bp_remade,true,true,5,remarci_4x,false,0,false
cfr_wire_alp.bmp,e22d3f3252dadd419e64ca2c2663ba80fad0f832,7029cba87dbfac10156bf431a9c90a61622d16d5,true,ps2 textures\HAS ALPHA\bp_remade,false,true,5,remarci_4x,false,0,false
cgr_head_f.bmp,12e25422d1aa11ac06be11edd3433fdbaa76bffb,bb54eb2560b479160dc6f20cfb1ef2df2c3f3e38,true,ps2 textures\opaque\bp_remade,true,true,5,remarci_4x,false,0,false
cgr_head_s.bmp,2067efa3753cfe12a099678b8a0b12e289f469c0,71d68fee37b552b07307f8685804b136c024db6d,true,ps2 textures\opaque\bp_remade,true,true,5,remarci_4x,false,0,false
cgr_head_t.bmp,bed84ddc28aa55678810dee1185f6c2400486ad2,19b933adc6190054b1daef4f7300404a2de50cb7,true,ps2 textures\opaque\bp_remade,true,true,5,remarci_4x,false,0,false
cgr_head_temp.bmp,3d2d7339272780e6346025c7be916d3ac03c294e,0e81201fec90a4cac447ba090181877bbe4545d3,true,ps2 textures\opaque\bp_remade,true,true,5,remarci_4x,false,0,false
cgr_lever.bmp,3549b85fc974958ee3784f52964238514d70de04,dc90c90fd3bc9b1eceea7d1f34801ea6a59befd4,true,ps2 textures\opaque\bp_remade,true,true,5,remarci_4x,false,0,false
cgr_pin.bmp,b3974cf173fe801c2243901cc092461a047da0e2,0bf5877fae54974efc19ab84dfd9e3c3cab940a7,true,ps2 textures\opaque\bp_remade,true,true,5,remarci_4x,false,0,false
chi01_alp.bmp,92d5d4102ecfcb00c8ed6576b110562724d3443c,8b5ac7ec99249c28829d666509a8b45f29d429b7,true,ps2 textures\HAS ALPHA\bp_remade,false,true,5,remarci_4x,false,0,false
chr1_01.bmp,25b42e47faf3f65f98218d0db57b9ed2430c4b6d,274e1d80e1f035cb2186b50223f507b496c43b80,true,ps2 textures\opaque\bp_remade,true,true,5,remarci_4x,false,0,false
chr1_02.bmp,cc94c0742bf35c792d5fb2d31c4d7599dd236d99,bdecf519e22ab5c2ec5dfa3ccf80a7869a3bd4be,true,ps2 textures\opaque\bp_remade,true,true,5,remarci_4x,false,0,false
chr1_02a.bmp,ba3132d799171047fda9da25f2e49e0035ddef75,b15375fddf2ea7d7d6e3392dc7b6e11161f49900,true,ps2 textures\opaque\bp_remade,true,true,5,remarci_4x,false,0,false
chr1_03.bmp,abac51213a534676eaeead57e4e0900195f86b7d,63d0db70c858f6a25caf0519184f58596d3e2e0d,true,ps2 textures\opaque\bp_remade,true,true,5,remarci_4x,false,0,false
chr1_03a.bmp,67867ffc10ae3d5129aeba63dcbb6cef05c17217,35df3c69e1f1de5645670f507b21f849dfead90c,true,ps2 textures\opaque\bp_remade,true,true,5,remarci_4x,false,0,false
chr1_04.bmp,fc13bfdea9c02448a54bbd435befc06dbefa65f9,b3e3d654d813cac3885096ab403ed55100a559c8,true,ps2 textures\opaque\bp_remade,true,true,5,remarci_4x,false,0,false
clnd00.bmp,8e89f7723cb1301a7f242f4e253836c1502a0591,0a6ad9f54525cc8913cc64bc6841186460301336,true,ps2 textures\opaque\bp_remade,true,true,5,remarci_4x,false,0,false
clnd01.bmp,0b2a39aad01efbebd4572d63118b30faa2f976ce,6d8c1f3958d869f53048e9f6a9438c6f17b4fb6c,true,ps2 textures\opaque\bp_remade,true,true,5,remarci_4x,false,0,false
clnd_cap00.bmp,72b343398b2c3fd95566c30d21850fe473765acc,4ddfc488a1b2b2ffa0ef8b72bd11064c62a11b28,true,ps2 textures\opaque\bp_remade,true,true,5,remarci_4x,false,0,false
clnd_cap01.bmp,ecb653bdd5ae4038008bfc1faa5825fb119a9041,ae66413e75c46cedd41bfa3fb7b88a393e85f27e,true,ps2 textures\opaque\bp_remade,true,true,5,remarci_4x,false,0,false
col_red00a.bmp,770942504c335191a489e4087e81d7e0ae8c9052,d94a0f9fd07f94db68e0552d8cf1e6187f6644d2,true,ps2 textures\opaque\bp_remade,true,true,5,remarci_4x,false,0,false
crd_fa03.bmp,d0c6fc64e556a25546ccab1aa9ce2460e3d78b76,68f080e3ee77eccfd95713eca780cf8bbc922c8e,true,ps2 textures\opaque\bp_remade,true,true,5,remarci_4x,false,0,false
crd_pp01a.bmp,d20d4757ded6909a50a49f2fde1395e801ab4f07,8113489c29c0a22ca243aad0afea7b24db4ec5e1,true,ps2 textures\opaque\bp_remade,true,true,5,remarci_4x,false,0,false
crd_pp02.bmp,22ac3770983c86ee63e7c34d267c8b0e67d2c916,70b0ab4deb22cdaf153873a57ff20dc9ed4ad3d9,true,ps2 textures\opaque\bp_remade,true,true,5,remarci_4x,false,0,false
crd_pp09.bmp,4ef8d86dde48320d33554ba5df459a61bf113417,c8a78f735020bb1f396c5d3fe996f76f78e78850,true,ps2 textures\opaque\bp_remade,true,true,5,remarci_4x,false,0,false
crd_ppb01.bmp,b2b2305eaf1e2ea3ac729dff4ff238cdbcea0206,6dc2b7d54e59a1eed7e0bd42537227ee896910f3,true,ps2 textures\opaque\bp_remade,true,true,5,remarci_4x,false,0,false
crg_arm_dead_re.bmp,542fd4ff61d3f5b9fb2227f07555b45475654128,ee0314d3ff18ba4a60b71c02d5ca3008d5ed8b3a,true,ps2 textures\opaque\bp_remade,true,true,5,remarci_4x,false,0,false
crg_arm_re_01.bmp,4e53e20e91acbc5c8a2322c19ffd261728f471b4,496f9fcdc9ae0f3338a8f4e5be0f8c886c6e40a2,true,ps2 textures\opaque\bp_remade,true,true,5,remarci_4x,false,0,false
crg_arm_re_sub_alp_ovl.bmp,7e296a05b2ca2d30868089eea0195bd5672a0e1f,85301a2ae8fd8e18c4c29f7ce40571a0e35e01cf,false,ps2 textures\HAS ALPHA\bp_remade\no_mip_fixes,false,true,5,remarci_4x,false,0,false
crg_belt_dead_re.bmp,c23cc6b182651c442a8e9250909ecb6dd923473f,53c50fac7043c463b17284e0f7408484697a4793,true,ps2 textures\opaque\bp_remade,true,true,5,remarci_4x,false,0,false
crg_belt_ovl_alp_emap_mod1120.bmp,bb38c9e010ed5de67be85ae6df1e510d90cd6b3d,9770148b9b77dc0cf22fd6c37a1653916a0209a0,true,ps2 textures\opaque\bp_remade,true,true,5,remarci_4x,false,0,false
crg_body_dead.bmp,d29da81afda1bc31418a58c70a6075aabf9f9b0f,875232026fbfea700e650149a84169fb992fa647,true,ps2 textures\opaque\bp_remade,true,true,5,remarci_4x,false,0,false
crg_body_dead_re.bmp,5583c24bc081dcadbf149f28378d297225ceaad9,55c8aebc70ba846c4a01ef97753f5cf9b171f38d,true,ps2 textures\opaque\bp_remade,true,true,5,remarci_4x,false,0,false
crg_body_down.bmp,4f468d6638ef8e2f4da47cadb2aa377da6780e96,d9d13ff0995d4586c6dd58e50a3a99a07e535afa,true,ps2 textures\opaque\bp_remade,true,true,5,remarci_4x,false,0,false
crg_body_down_sub_alp_ovl.bmp,5c1f08b99b90f1f18bd443951737eb587922958b,f9c8220d9bed5002c33bd458aa4b2f51ab12d111,false,ps2 textures\HAS ALPHA\bp_remade\no_mip_fixes,false,true,5,remarci_4x,false,0,false
crg_body_ovl_alp_emap_mod1120.bmp,f0d890d59e4316053f7b31c88445d230d6a71099,d0fb2fb6794efe61cf2f3cbfaa3d8d1834176765,true,ps2 textures\opaque\bp_remade,true,true,5,remarci_4x,false,0,false
crg_body_up.bmp,626acad595dc868a33c11a7af0a2834c7d2387b9,34224cf4c6808f8a24f41dd23986d30eb99dc9be,true,ps2 textures\opaque\bp_remade,true,true,5,remarci_4x,false,0,false
crg_body_up_sub_alp_ovl.bmp,cf2f611952897a74c1cff4f8195e0a54dda61274,f5a6b74ff2d3651470bdffd7da8e6e7c3b1f7a60,false,ps2 textures\HAS ALPHA\bp_remade\no_mip_fixes,false,true,5,remarci_4x,false,0,false
crg_cap02.bmp,e44a6531159ae18a5a07b9dd9a0fe95de8f8b818,c692e949025ce69f5afe08c2d9c761e366f77d17,true,ps2 textures\opaque\bp_remade,true,true,5,remarci_4x,false,0,false
crg_cap_eri.bmp,559518fcc46204dcc6a64e22012906109191c644,ee82a8f6c2c6f37e28712116b32a2604e5be5d84,true,ps2 textures\opaque\bp_remade,true,true,5,remarci_4x,false,0,false
crg_cap_eri_sub_alp_ovl.bmp,ed0cc9ec05e1a746e3edc94c56125f59f279928f,7e81cfe0063c421df096bcaf38a79b2c1640861b,false,ps2 textures\HAS ALPHA\bp_remade\no_mip_fixes,false,true,5,remarci_4x,false,0,false
crg_cap_front_shakp.bmp,93c5c1caf43a2273a3ca32bc0357537f1bcc5708,e6c7fda6920c641cbc5c187687d9a28839f0b4e0,true,ps2 textures\opaque\bp_remade,true,true,5,remarci_4x,false,0,false
crg_cap_front_shakp_sub_alp_ovl.bmp,19c33066ca25e8d8bbb9e76c72aa5832349fc06a,5bf86cbc07db3ead67c84000e4b8dcd8f47f62d6,false,ps2 textures\HAS ALPHA\bp_remade\no_mip_fixes,false,true,5,remarci_4x,false,0,false
crg_cap_side.bmp,909e0e1e8cd510dc68c023cf28439ab56dfefe4c,adf817e3b9720104b5cb6e8e46adb30c32d3520e,true,ps2 textures\opaque\bp_remade,true,true,5,remarci_4x,false,0,false
crg_cap_side_sub_alp_ovl.bmp,edc29022b95a1a0a018146f7083715a9ba585954,c38bab551ae07a7f5a1622293ae198e37ecce99f,false,ps2 textures\HAS ALPHA\bp_remade\no_mip_fixes,false,true,5,remarci_4x,false,0,false
crg_eri3.bmp,7bf49bad2880f9ce66258d7a07a1944fc751d852,ab1c51c5bde8da8f75775edb89496f4547c2ce44,true,ps2 textures\opaque\bp_remade,true,true,5,remarci_4x,false,0,false
crg_eye.bmp,fcdf80e17fb0069af25fb2a772cdc4697485430b,0fb84d2d62ab0c38e1778c2a514952065012542f,true,ps2 textures\opaque\bp_remade,true,true,5,remarci_4x,false,0,false
crg_face_dead.bmp,467f8a5e6b0e78b509aa05f3644e38d2853de3a3,c84273fd37c775b9515f6f43213e1e430dd9c1b8,true,ps2 textures\opaque\bp_remade,true,true,5,remarci_4x_extra_smooth,false,0,false
crg_face_dead_re.bmp,37337b50a31b490a7ec14ffb27f867d59b09823a,0dd1d982ef1c4463dd3f64c29b4f80e5423b6dd1,true,ps2 textures\opaque\bp_remade,true,true,5,remarci_4x_extra_smooth,false,0,false
crg_face_re.bmp,1819e5c6e453358eca3c69ffc1cc3b939cd87f26,6155fb4df8762e4665853070154b0cc166d0bfc1,true,ps2 textures\opaque\bp_remade,true,true,5,remarci_4x_extra_smooth,false,0,false
crg_face_sub_ovl_alp.bmp,adf3181ba86b87ff881c705d3344323e1164eabe,124b597f71b0c6802ba4968b13af94424b4e6dfc,false,ps2 textures\HAS ALPHA\bp_remade\no_mip_fixes,false,true,5,remarci_4x,false,0,false
crg_face_sub_ovl_alp.bmp_0df6480b9e73a3dfae765c79bafb775a,196e8a0b7e0f539d64cf94fa9a27fcaca7843180,1c8cbcf307b46106c5a88ac38de1114a39cee8bc,false,ps2 textures\HAS ALPHA\bp_remade\no_mip_fixes,false,true,5,remarci_4x,false,0,false
crg_hair_l.bmp,166e58f8e033314a450cc2fa5bad188db6b909bc,c48abc440b2c4a1808fc87ee827a82c369e69192,true,ps2 textures\opaque\bp_remade,true,true,5,remarci_4x,false,0,false
crg_hair_r.bmp,08a9797523b63bdea1de3efe8b49c6284f23561f,0b1a0ef84ec1c292d1d53edd90e8398f2f957f92,true,ps2 textures\opaque\bp_remade,true,true,5,remarci_4x,false,0,false
crg_hand_ovl_mod1120_alp_emap.bmp,2a316d49adc286e24c03668fd1d8b2a9357ef7a5,0673cccf2ed7950e1ba9e36d8dfae4a4fb46e443,true,ps2 textures\opaque\bp_remade,true,true,5,remarci_4x,false,0,false
crg_hand_re.bmp,f07ec0bfc148f6e08eda9ee186bef0aa9e817bb4,fe3adbf474ac6aed2cab5ce5ab8c17297fda433d,true,ps2 textures\opaque\bp_remade,true,true,5,remarci_4x,false,0,false
crg_hand_re_sub_alp_ovl.bmp,12413d77b7ca4425d8a052e48a001786fb445dcc,7e017eb1ab8975c8ac53eccb6ab5d2684db349dd,false,ps2 textures\HAS ALPHA\bp_remade\no_mip_fixes,false,true,5,remarci_4x,false,0,false
crg_hi_hf00.bmp,1d349aa82d25669c03889e68732636a69bd0200f,0c10ad79dc843994ea8915f221fc6bb3d6b3a310,true,ps2 textures\opaque\bp_remade,true,true,5,remarci_4x,false,0,false
crg_hi_hf00_ovl_sub_alp.bmp,3a234c8add4e3ec95e1d00b6d5ce3f8120f0a6f8,100bff19b978af72f472bc150af4aa6c1b85ae10,false,ps2 textures\HAS ALPHA\bp_remade\no_mip_fixes,false,true,5,remarci_4x,false,0,false
crg_hi_hf01.bmp,50d8563c5ac341b3c78316bc7054d85c053ed66c,6b86a8229cae148ded8823ba010aa267a773b5bb,true,ps2 textures\opaque\bp_remade,true,true,5,remarci_4x,false,0,false
crg_hi_hf01_sub_alp_ovl.bmp,934025fc595edd72e4882882d40dcf5048b554bd,1311c8f7f14a73e1d9fec7e9f7075d1be82f6f1e,false,ps2 textures\HAS ALPHA\bp_remade\no_mip_fixes,false,true,5,remarci_4x,false,0,false
crg_hi_hf02.bmp,9e9f12614a69c39501bb7a0be97864e3788f5067,c5ebafc3cabf7ec009771eb030b75ef28e17a5f3,true,ps2 textures\opaque\bp_remade,true,true,5,remarci_4x,false,0,false
crg_hi_hf02_sub_alp_ovl.bmp,72e0d37228303b2c45003d4e393db7cb0e9db24f,0742310d50529794f71c909b15e9429ff583a7c9,false,ps2 textures\HAS ALPHA\bp_remade\no_mip_fixes,false,true,5,remarci_4x,false,0,false
crg_hi_hf03.bmp,9a1fdbb567b66c7b767c03b21918e1b38eece30c,6e300f0e0fff5e7b38657606d9d1e0ff6eaa3666,true,ps2 textures\opaque\bp_remade,true,true,5,remarci_4x,false,0,false
crg_hi_hf03_sub_alp_ovl.bmp,69e956965a5906da26efe415240a37932421478d,36132db87e472ff9df196fd031a258fe8051370b,false,ps2 textures\HAS ALPHA\bp_remade\no_mip_fixes,false,true,5,remarci_4x,false,0,false
crg_kata.bmp,1fcb11aac8542e10dce688b9cf9e5120df08f015,6121a8263350a5a9fb97b1d09309a7742174b1de,true,ps2 textures\opaque\bp_remade,true,true,5,remarci_4x,false,0,false
crg_kata_dead_re.bmp,b5e1a9140d3c6a4d6b2f1e3a4758bf11dee38cb3,6d25490b30863a1fd928d64ece796baa11c57ece,true,ps2 textures\opaque\bp_remade,true,true,5,remarci_4x,false,0,false
crg_kata_sub_alp_ovl.bmp,49ade17e95451a1606e09fd167cbe139d1649929,40cfac61de6e4190ceaf68ede27b9190d15821dd,false,ps2 textures\HAS ALPHA\bp_remade\no_mip_fixes,false,true,5,remarci_4x,false,0,false
crg_leg_dead_re.bmp,58c365d481a284122ffdd1f8751fc8e014d3fbae,9abbd4bb12eb45a774e93fa6674f1121ef63d1fc,true,ps2 textures\opaque\bp_remade,true,true,5,remarci_4x,false,0,false
crg_leg_re.bmp,da60cd966f0fcdad0a8d431a9f2e7dab153432d2,4a17a9967ef7d46534b9e61884c24e718dd93024,true,ps2 textures\opaque\bp_remade,true,true,5,remarci_4x,false,0,false
crg_mouin.bmp,b5359c6f8413f44e37f1c19acc70b1f579aa731a,1f7db48f2e8aa3c9c926639f0143bfe7596f9e50,true,ps2 textures\opaque\bp_remade,true,true,5,remarci_4x,false,0,false
crg_neck2.bmp,9b6858c16c6595519e2a9442fd06028a516274d2,26756d9f212e578aa957f51c76e24406f95c26b9,true,ps2 textures\opaque\bp_remade,true,true,5,remarci_4x,false,0,false
crg_p3_fro.bmp,03fa1b7d3f4c449c2951dd4cb4b5f116cfb7606e,c6bad69c14115e3f8486da6f5f4ce1915783c97d,true,ps2 textures\opaque\bp_remade,true,true,5,remarci_4x,false,0,false
crg_p3_side.bmp,735d655577062a74a6db8b5eccd67b90301511fa,79958fa1737166ebe6f510ed98863e5d00211b71,true,ps2 textures\opaque\bp_remade,true,true,5,remarci_4x,false,0,false
crg_rapelsate_8bit.bmp,dab4bbe9edbc69ed50e31b1f2b9e01e87e995971,b201c2812873293646cb11c462c8aa470015afa3,true,ps2 textures\opaque\bp_remade,true,true,5,remarci_4x,false,0,false
crg_shues.bmp,badb948823bcfee2dbeb8eff9568094865dde6ee,092f3ba4142664d4238eac6f7a306a8bdbd1d364,true,ps2 textures\opaque\bp_remade,true,true,5,remarci_4x,false,0,false
crg_shues.bmp_19fd13d78ac0caa8f35b065ffa50fd18,76657cc3c8e843c3e9edfacb4d455222413a84f9,0a1be0a1a073d2e2acfa01f3643242d644183293,true,ps2 textures\opaque\bp_remade,true,true,5,remarci_4x,false,0,false
crg_shues_sub_ovl_alp.bmp,7e24515b79612968ea5584256b657ba7af6e9408,d18def2056595b631fb45f13c525cf2c90a1ec0c,false,ps2 textures\HAS ALPHA\bp_remade\no_mip_fixes,false,true,5,remarci_4x,false,0,false
crg_waistbelt.bmp,6e9663fb81f02b78b00dd03267ddec06010ca63c,53e6453d128821c13f3e248c8f70caadcfbd0e8e,true,ps2 textures\opaque\bp_remade,true,true,5,remarci_4x,false,0,false
ctl_panel01.bmp,999dcd555ec23e86dec2d614537ede25b734365a,613cfb5cf3875a603d4c514d35768d81a85c98f5,true,ps2 textures\opaque\bp_remade,true,true,5,remarci_4x,false,0,false
ctl_panel02.bmp,da3874c789947661731a5a8f2f3a7e9dcd673ad3,6c80fab2f83c7bd95d5b4fe167d290f8d7409239,true,ps2 textures\opaque\bp_remade,true,true,5,remarci_4x,false,0,false
cyp_body_hg.bmp,435d488496da09402b6fa992d77b7e6d4082f4d5,49aa7cef807196a8049ad80d239c1f73b9242e5f,true,ps2 textures\opaque\bp_remade,true,true,5,remarci_4x,false,0,false
cyp_face.bmp,542cfc186fef5eb516683d9f3445ba731cb06738,ae4acdaea962da6b7792e0bebd4229d024749cbe,true,ps2 textures\opaque\bp_remade,true,true,5,remarci_4x,false,0,false
cyp_head.bmp,fcaa39ae424f0c55f3c7a21a0cc05a51af920508,01bebc0573aa9f059db629bb9c1bcb5326fdf501,true,ps2 textures\opaque\bp_remade,true,true,5,remarci_4x,false,0,false
cyp_lens_rgb_alp_ovl.bmp,730957fbf7aa42a235d27660bc978b2001418aa1,b9392fa9ba1f570174b4a9e3d75c53c5649f6a9e,true,ps2 textures\HAS ALPHA\bp_remade,false,true,5,remarci_4x,false,0,false
cyp_temp_tx.bmp,efd806260b3f98245e11a9bf644ca45f98555c1e,c6f704caef711ca3b394b380487823fc36e0e9d0,true,ps2 textures\opaque\bp_remade,true,true,5,remarci_4x,false,0,false
d00a_hodou_t1.bmp,d38d3bffd750fc9099bf5f3e9beedb38c0f1784d,cf30ad8d20b49fd4cd628074217b3fd4b8243ffb,true,ps2 textures\opaque\bp_remade,true,true,5,remarci_4x,false,0,false
dbg_gbox_f.bmp,b68c0a94970a099f930ebbd68ba7b4f901a8d9df,bd2013217a68963385f63403495ad02e34b9e8d0,true,ps2 textures\opaque\bp_remade,true,true,5,remarci_4x,false,0,false
dbg_gbox_s.bmp,dfa57deb12355a5bfd58672d3c2223ae675c7d07,45239772d2bb860ba798e24db644f7231951c53f,true,ps2 textures\opaque\bp_remade,true,true,5,remarci_4x,false,0,false
dbg_gbox_t.bmp,1a2117929429de9d6f4edb81ad02f20ca2689f77,e20ce0669e2e1bfe982ff36e1671444617bf9ff0,true,ps2 textures\opaque\bp_remade,true,true,5,remarci_4x,false,0,false
dbx_tnk3_msk.bmp,47a7690bdc13cad1ea85b27c0fd2cf98830a774d,da1b8879517cffd7fc803537bf748eb49fba0098,true,ps2 textures\HAS ALPHA\bp_remade,false,true,5,remarci_4x,false,0,false
demo_usp_supressor.bmp,961df9db287f0e744e12f5885b845f105c31094d,3d968ba9e32e413b1846f8eb509899922f0d7d56,true,ps2 textures\opaque\bp_remade,true,true,5,remarci_4x,false,0,false
di_ki_bu.bmp,9b8f60b990acb5bbee4e75d3b0c7127844f70d14,ada1cf99815b662d620c71596a1c3a80d382aab7,true,ps2 textures\opaque\bp_remade,true,true,5,remarci_4x,false,0,false
di_wall1_da.bmp,612e7b03e998936651a1a397ac08849be41b3cd2,3b91684decb00f6e81befe97a1eead001228eb2b,true,ps2 textures\opaque\bp_remade,true,true,5,remarci_4x,false,0,false
di_wall1_up.bmp,f59a79c7f6e04e790f77f1b1728d7c94eada48a5,81100a1e801b9e729ef605572749af8ace0fc783,true,ps2 textures\opaque\bp_remade,true,true,5,remarci_4x,false,0,false
dinyukafuta.bmp,7c96a5e7333c97d8e5288f21bc99bd1ba97617f4,aa358ee4d0ea33b3969e61ae68eff89134de7cb7,true,ps2 textures\opaque\bp_remade,true,true,5,remarci_4x,false,0,false
dinyukafuta2.bmp,a1b31f4e49f8c27feb30018307431bc935a7f716,288d2f0a717c652b007d77fd4d33a9d10fdcf6b6,true,ps2 textures\opaque\bp_remade,true,true,5,remarci_4x,false,0,false
dmp_sb2.bmp,7d16f86674a5fb8366dabf32a038da80abc4a7cc,264d6f1a9e00bbdb493cc89e0636bf9a4d2178fc,true,ps2 textures\opaque\bp_remade,true,true,5,remarci_4x,false,0,false
dmp_sb2_box.bmp,30cbd345ea95c61050bcccd7b5c2d26428c3ca52,7ebeab4af31aed344d2437c40615b05d58433cc1,true,ps2 textures\opaque\bp_remade,true,true,5,remarci_4x,false,0,false
dmp_sb_body.bmp,5e7503a7173354431b6fc7783529b65493f7565e,a79852dffbcc18b5016ec3c6b5ebf872b812c19b,true,ps2 textures\opaque\bp_remade,true,true,5,remarci_4x,false,0,false
dmp_sb_grip.bmp,101c2236e330990e61add46701fcca1b6a7e66ac,9947dcfa122d16925b1e8fbf6aeb7469e7c73fa0,true,ps2 textures\opaque\bp_remade,true,true,5,remarci_4x,false,0,false
dmp_sb_mc.bmp,6325cef303691625650da9507461b6044f830635,1007d07f304b584f1999383afb9ffaf4014757f8,true,ps2 textures\opaque\bp_remade,true,true,5,remarci_4x,false,0,false
dmp_sb_mc2.bmp,68d54de4112e5c553ae338e0085c7d9036be4895,2cabea5f6cc02c1dfcb202f7a50dd3a97ea8dd9c,true,ps2 textures\opaque\bp_remade,true,true,5,remarci_4x,false,0,false
dmp_sb_pi.bmp,9f2239bb87a1e230f75e9d87bf6bb09dc9012e07,6f070a1c6093691a3b5fc3d5a328e553229b891d,true,ps2 textures\opaque\bp_remade,true,true,5,remarci_4x,false,0,false
door_afl00c.bmp,2fab8a6fdaba483cb44ad31788fa1c5fd820cdec,0380d2e219ccb2f540d30898a7f744403f7f65de,true,ps2 textures\opaque\bp_remade,true,true,5,remarci_4x,false,0,false
door_b00.bmp,beda68811c4bc0a370a93c7a1a578d50175d1dae,9b0f6a9b51381044b7b14fd9bda89354faab103a,true,ps2 textures\opaque\bp_remade,true,true,5,remarci_4x,false,0,false
door_bfl00.bmp,70e790b3740449a3825bfdab61dd014cc15aa64c,74e4cdc3b34ba0800c5a8a688c13bcf4bc2a1731,true,ps2 textures\opaque\bp_remade,true,true,5,remarci_4x,false,0,false
door_c00.bmp,4ba91fc2562fbb547e43d1925f092f9846822184,1bba6487e4b83349776673e5c3230a812a93a09e,true,ps2 textures\opaque\bp_remade,true,true,5,remarci_4x,false,0,false
door_c0017.bmp,d79a701c0859f07ba466dbdf0f485c319cb9b84a,a4ef643855d4b1ed106bd175d9491ca359f3cea1,true,ps2 textures\opaque\bp_remade,true,true,5,remarci_4x,false,0,false
door_d00.bmp,650ff61808de762800e0fd1f5a92dd832a2c3a13,af6157d8eef0c4450765be84aca5424d3c99417c,true,ps2 textures\opaque\bp_remade,true,true,5,remarci_4x,false,0,false
drlit_02.bmp,1178864a8a202ff685720624c982d50fe31917cf,428d269bb73c6c81eb9605a83c3007cb005ed02f,true,ps2 textures\opaque\bp_remade,true,true,5,remarci_4x,false,0,false
drlit_02a.bmp,84456529576718a15b17c95f1e4bdf71c13fc06d,43992f0ae34229efcfccf1caf31a19bf016dff01,true,ps2 textures\opaque\bp_remade,true,true,5,remarci_4x,false,0,false
drp_00.bmp,79047533f4bbb8aeac79366ea27f43a438e1b5a5,b59d1e758bccc74cac5f87f0daff3cb55f2e1c5b,true,ps2 textures\opaque\bp_remade,true,true,5,remarci_4x,false,0,false
drp_00b.bmp,879cfdf23fa370697f25d5565803d785d7dbd0b7,c51874b4a1d7689f314edd1badba8601938c65be,true,ps2 textures\opaque\bp_remade,true,true,5,remarci_4x,false,0,false
drp_01.bmp,615804c9e2968b31ffbc9cbf2da89bddadb65175,37523ca297f4fda5e8e7e31889f284dc51cb728d,true,ps2 textures\opaque\bp_remade,true,true,5,remarci_4x,false,0,false
dtdv_side_01.bmp,dec54b37a7afeea1036fe600ee9c0725e6b79158,179bf14f71743ae557cc084f8e1af3f1be399b14,true,ps2 textures\opaque\bp_remade,true,true,5,remarci_4x,false,0,false
elv1_flr1.bmp,c1b700b4dfe22e6b71394542dbf2dbc77fba2af8,f17e198de1dd87644fe17264bd135031c9c606d6,true,ps2 textures\opaque\bp_remade,true,true,5,remarci_4x,false,0,false
elvt_floor3.bmp,06e9b6c9a867b60de9ac9d7ed3980f57ca97a181,e2eccca4853cd348b4cf70fb4d6ff9e1b3b15e4a,true,ps2 textures\opaque\bp_remade,true,true,5,remarci_4x,false,0,false
elvt_floor4.bmp,93a0d624321f9639a1b4a850930c6ae3a485cae2,728ad9e5f787d6817cd06239a240ee7029ad7c0f,true,ps2 textures\opaque\bp_remade,true,true,5,remarci_4x,false,0,false
elvt_floor5.bmp,2049b865a818254e8a42c463bcb49dc929d2e803,27de8ab20408a17dc405577de336fbae06ce1d71,true,ps2 textures\opaque\bp_remade,true,true,5,remarci_4x,false,0,false
elvt_nwall3.bmp,64edd673b11608d77142af07a455d1d535ebbf4a,6b1fc0fbd87bc22140d68060a2151f5f2b026b3f,true,ps2 textures\opaque\bp_remade,true,true,5,remarci_4x,false,0,false
emt.bmp,11f47f1e122c03ad643b4ea18eb71a126b49c7b3,f19d75177163b10d62d43680c31f1fae0808dcbb,true,ps2 textures\opaque\bp_remade,true,true,5,remarci_4x,false,0,false
eyes_kyoro.bmp,6b9b2cd2106fef35c35f7ddbbd8823a6cc99bdc3,29fa2242de83c3f2f49d4c323d1300935b439df1,true,ps2 textures\opaque\bp_remade,true,true,5,remarci_4x,false,0,false
fat_allarm.bmp,72ad486b5c0e41cb8c520f2920543cb8a6dc1a00,dd8180855f5b18ef8b1f0caf754dfb7e2bc1179c,true,ps2 textures\opaque\bp_remade,true,true,5,remarci_4x,false,0,false
fat_allarm_st2.bmp,7fca08744684bfd1334081a536ca2f14081f288a,fd7298623af5c8d9ae79e0f46d7623be11521c79,true,ps2 textures\opaque\bp_remade,true,true,5,remarci_4x,false,0,false
fat_allleg.bmp,fa70c653a803e80ba32f6d517c2be76fec2f1313,fff7bd78f4fc68bbf87d8438dabde1cad1c709d5,true,ps2 textures\opaque\bp_remade,true,true,5,remarci_4x,false,0,false
fat_allleg_sub_ovl_alp.bmp,c6e178c7e874b24771e236cdfdd5de1c91843018,f9bee4b73cd125f49988094f81a5fb84df64edf2,false,ps2 textures\HAS ALPHA\bp_remade\no_mip_fixes,false,true,5,remarci_4x,false,0,false
fat_arm_belt.bmp,ac1d571e16c50badf3e74ea37e29e9290ffbd07c,dce21e031905f40f9cc6060598e26261e8ea79fc,true,ps2 textures\opaque\bp_remade,true,true,5,remarci_4x,false,0,false
fat_arm_sub_ovl_alp.bmp,c0de578d44bcd1edd54ee6cae5ee12f73382b1b8,8975663081a380f79f7ddfef910794a1c3552745,false,ps2 textures\HAS ALPHA\bp_remade\no_mip_fixes,false,true,5,remarci_4x,false,0,false
fat_belt.bmp,35c132d3fbd19deb27c614012a9bcad6c34498f3,dc94a6bb82fc0bdb26fe26e59eabfc44fa6f3dd3,true,ps2 textures\opaque\bp_remade,true,true,5,remarci_4x,false,0,false
fat_body3_sub_ovl_alp.bmp,449302c609d65962f7642d8d4c5ac3f5250f2189,e12240061687d20a4319543a02c04990c52827be,false,ps2 textures\HAS ALPHA\bp_remade\no_mip_fixes,false,true,5,remarci_4x,false,0,false
fat_calf.bmp,6a379fad56183e9c24bdfaa2c2454e7b9a490aec,206cb63e587e0319da08929ae95dddf7bcbd74a3,true,ps2 textures\opaque\bp_remade,true,true,5,remarci_4x,false,0,false
fat_calf_sub_alp_ovl.bmp,86434abac36ff8b6cdd5a3d0899e9dc1f2278836,b4e4d9a3eea581a7041833f0968eba18c7d5ec27,false,ps2 textures\HAS ALPHA\bp_remade\no_mip_fixes,false,true,5,remarci_4x,false,0,false
fat_ep0_sub_ovl_alp.bmp,7b4fcef861bdfe776752841b4f7d1f6ea008b5f4,b8ab053d6da6202aace7126d85ae07eef7ef4a21,false,ps2 textures\HAS ALPHA\bp_remade\no_mip_fixes,false,true,5,remarci_4x,false,0,false
fat_ep_re.bmp,f77eb9b76ed5d2dd62f4b39ad80fe0e5f1c87036,b917a2116487d56153974ab0e7df099b6d238541,true,ps2 textures\opaque\bp_remade,true,true,5,remarci_4x,false,0,false
fat_epron3_ovl_alp_mod1120_emap.bmp,8ba865e22677426779a46184a05f337914473f08,c2826989ca81da95c1d78b6cbe1f16f0694ce870,true,ps2 textures\opaque\bp_remade,true,true,5,remarci_4x,false,0,false
fat_eptes.bmp,8ee42279350cbc26c44288225467bcafecd28e37,a2f6eb577bd3aaa0ce39b7c491d17b2c1d010797,true,ps2 textures\opaque\bp_remade,true,true,5,remarci_4x,false,0,false
fat_eri_back.bmp,c93d8b6b34551abbd423f7ab9b5fbbb1ddcbf7af,9e2e1822e864237e9b91a1ca73e0c8eb24339e47,true,ps2 textures\opaque\bp_remade,true,true,5,remarci_4x,false,0,false
fat_eri_back_sub_alp_ovl.bmp,16c1f05806ed11d21db75f9529f548e783d1304c,0a90a654c51454167f2ea6053f0e09b55c1e1b4a,false,ps2 textures\HAS ALPHA\bp_remade\no_mip_fixes,false,true,5,remarci_4x,false,0,false
fat_eri_front.bmp,1dee7aacfba2fc781f26b7cdd6b58f13d5c8e6cd,6ebd257a3ae2fff1bbbb18d665d463928ce0d8c6,true,ps2 textures\opaque\bp_remade,true,true,5,remarci_4x,false,0,false
fat_eri_side.bmp,c1fd95c0d75ce1830c0ff2b8f27dd60a0ac2e59d,0e2e0509e63b3c53624bc6e56c378a764368c423,true,ps2 textures\opaque\bp_remade,true,true,5,remarci_4x,false,0,false
fat_eri_side_in.bmp,4b174f7db862c08059df4acb8b489a7951d94b40,7984db3f56712b71b2ae41a3cc63f1cae769688f,true,ps2 textures\opaque\bp_remade,true,true,5,remarci_4x,false,0,false
fat_eri_side_sub_alp_ovl.bmp,02c64b9cf8dc47fc91971399056af5e6bc1b1ffb,cb2e5f5277dac3fc791ccb38743bfaf713419242,false,ps2 textures\HAS ALPHA\bp_remade\no_mip_fixes,false,true,5,remarci_4x,false,0,false
fat_eye.bmp,307efc74fe927bd5d23757d1a07336cdb4040eb9,26ef5af4c5b6a4308725067e280eec2df1d02f9d,true,ps2 textures\opaque\bp_remade,true,true,5,remarci_4x,false,0,false
fat_eye_re.bmp,8887a2907b215ea92e5646ab2832fc2574e9914a,d8a40b5226ae42544c6589ea130104f381fc3e4e,true,ps2 textures\opaque\bp_remade,true,true,5,remarci_4x,false,0,false
fat_eyes_ovl_sub_alp.bmp,8b7f004dd4778160930412bde951ccc7b1b815fa,15bb9d420a94e59a3e5677ad1ebd9f31d17b250e,false,ps2 textures\HAS ALPHA\bp_remade\no_mip_fixes,false,true,5,remarci_4x,false,0,false
fat_face.bmp,1a24c16481489e08f06eed70bb95440f552800c7,bf4611510035dd0a9355e608485729372fefb992,true,ps2 textures\opaque\bp_remade,true,true,5,remarci_4x_extra_smooth,false,0,false
fat_face_bmap.bmp,5cebe13382476d7f620359405ca40484e6124056,e911f734439ee2a56e5314b73e0080345cfeefef,false,ps2 textures\opaque\bp_remade\no_mip_fixes,true,true,5,remarci_4x_extra_smooth,false,0,false
fat_face_re.bmp,99d3f65ba94d166e02944614c0c2bfed0c1d8ccd,07f8527c2ad0acda0b4f6427ac4fac991264ed50,true,ps2 textures\opaque\bp_remade,true,true,5,remarci_4x_extra_smooth,false,0,false
fat_face_re.bmp_a65902de0116b1a4ce6a1647e832d293,04772807f2483bafad27bbefe79995af81506657,89f0ca514451790ff067e2b0cc02010962c51346,true,ps2 textures\opaque\bp_remade,true,true,5,remarci_4x_extra_smooth,false,0,false
fat_glg_hlst.bmp,206b8c512be0b1c5eb4c54166b3b1c45da874809,38ed984d5c378f1877f6f26fde9ccf7d9549e239,true,ps2 textures\opaque\bp_remade,true,true,5,remarci_4x,false,0,false
fat_glg_hlst_side.bmp,20b21f7f8218211a0f8d239125711b8f1daa145d,46c23b21270d9b56270e3a6baa5db55a1b219f61,true,ps2 textures\opaque\bp_remade,true,true,5,remarci_4x,false,0,false
fat_hand.bmp,a9cedc5ded2f066c49cd62fa06bcfedf66d4a9ce,318e14fb1fb7a607745a45e292abefccbb6ff457,true,ps2 textures\opaque\bp_remade,true,true,5,remarci_4x,false,0,false
fat_hand_alp_ovl_emap_mod1120.bmp,1b87a3d81fcee4d7c0371726ddd9da62e1399f2b,540c357fbc401355f414921c134a79ea54eb8d6e,true,ps2 textures\opaque\bp_remade,true,true,5,remarci_4x,false,0,false
fat_hand_sub_alp_ovl.bmp,f14cf69bded2e6db1c54bbfa182add8d90b22d4e,3fa2fdb4e63782beac175fa735da3c309ef22d39,false,ps2 textures\HAS ALPHA\bp_remade\no_mip_fixes,false,true,5,remarci_4x,false,0,false
fat_hi_finger.bmp,e7bd4fc33d7b0b7fd1899e13eaad1b21e461ce65,a059e42da27c77661ce40e380d5efad71399d4ac,true,ps2 textures\opaque\bp_remade,true,true,5,remarci_4x,false,0,false
fat_hi_finger_red.bmp,37684d3cf51c2e68446737323342863df31e045c,e9329425016d36616ba2b92e0dbf85cb4620e0ea,true,ps2 textures\opaque\bp_remade,true,true,5,remarci_4x,false,0,false
fat_hi_hand1.bmp,69c0e84fe666816b27e83019df1663fabaa32578,c5c73dfa3972d529f555660112fa18370cca9c4f,true,ps2 textures\opaque\bp_remade,true,true,5,remarci_4x,false,0,false
fat_hi_hand1_bmap.bmp,292de3057d938c02433bbd48d44bfe54e415a37f,83e1a13680b2769a913541bf99390f02ef6d88e9,false,ps2 textures\opaque\bp_remade\no_mip_fixes,true,true,5,remarci_4x_extra_smooth,false,0,false
fat_hi_hand2.bmp,36d4865b8c593efb7d171bdef5b496c5f03c4f3c,1ff8345bb081d16cd5ae1e20d43ce8e47a79c430,true,ps2 textures\opaque\bp_remade,true,true,5,remarci_4x,false,0,false
fat_in.bmp,ff2823bdaf3b9ee6482eb414616ebcd9179880b3,04a080d0c8aaf3d2827f0043c3e712f9d6eda075,true,ps2 textures\opaque\bp_remade,true,true,5,remarci_4x,false,0,false
fat_in_eri.bmp,402832082f9dd26af47afa21a8086fac5fcb224a,dda321ce7e30b0a59eb8ed5e6ce0d3b7aa0b1555,true,ps2 textures\opaque\bp_remade,true,true,5,remarci_4x,false,0,false
fat_in_eri_tome.bmp,d822f1afb3d11d334b9b92ba0c561ebbb80ba0a7,740caa2aba2d2168f0226e4a13a44e5ab4c6eec3,true,ps2 textures\opaque\bp_remade,true,true,5,remarci_4x,false,0,false
fat_larm_belt.bmp,85890c69501444dfb086fdf771f73b26afba4432,22b1aac5801ccf77f65bceb505972610f443a545,true,ps2 textures\opaque\bp_remade,true,true,5,remarci_4x,false,0,false
fat_larm_sub_alp_ovl.bmp,29a09a52567e60f2c14bb84b9d05909b261b8142,fdf575553c06227fa0722a465063f1333b9ef7a9,false,ps2 textures\HAS ALPHA\bp_remade\no_mip_fixes,false,true,5,remarci_4x,false,0,false
fat_mtg_alp_ovl.bmp,5cca22fcc90b7c475d918a38194a585d93675e93,1955c93a49da730aa84eeb94035011e4975c1626,true,ps2 textures\HAS ALPHA\bp_remade,false,true,5,remarci_4x,false,0,false
fat_ooze_blood00_alp_ovl.bmp,4e2c13ec2bbe3bed466f00cb982cca456dd32012,df3576ed979f0e4cdf1a6af836e53a1105b3601d,true,ps2 textures\HAS ALPHA\bp_remade,false,true,5,remarci_4x,false,0,false
fat_ooze_blood89_alp_ovl.bmp,d6df1c6c2e2d94862ca03bad3733996c2dbd072f,6bf2bda2b3878ddf8baea0bc88a8c57b5e9e0586,true,ps2 textures\HAS ALPHA\bp_remade,false,true,5,remarci_4x,false,0,false
fat_pias_alp_ovl.bmp,2a1b04782658b77ee8ff21c83f5f61b43a637ce1,27121d85b1e8e514eae6cafe65b733eead1ea599,true,ps2 textures\HAS ALPHA\bp_remade,false,true,5,remarci_4x,false,0,false
fat_pias_alp_ovl.bmp_49150a74dd0fd7cd13ca0f60cd40eca7,1fe9fb4381d4bc6626167d915cc1c4e814b92e1e,a0f7ce22e7ad319efd7bf20b0878cfc1fb694ae9,true,ps2 textures\HAS ALPHA\bp_remade,false,true,5,remarci_4x,false,0,false
fat_poket00.bmp,43036dea3c3a2bbab1b9e4be8970dc048ba7697d,d0efac6f2e32f4d3d87472773c892b45d0c68c79,true,ps2 textures\opaque\bp_remade,true,true,5,remarci_4x,false,0,false
fat_poket00_re.bmp,3c25506d1c5b4f700df79709e06e73e741517646,e0ae04119ce76732de7529b5dedb8e3f73534bc5,true,ps2 textures\opaque\bp_remade,true,true,5,remarci_4x,false,0,false
fat_poket01.bmp,afa764de3399baed48814b6fad1545203b284cae,9699529e0c234f87e786fd016da54357246113bb,true,ps2 textures\opaque\bp_remade,true,true,5,remarci_4x,false,0,false
fat_poket01.bmp_fdadb254bd6a0857d5c232a10b14c8ff,80ca8d790454f558f579f2fbb0bc9a146aec52a5,7047a47fa85c90d06ef6b5146d09a34441a85f35,true,ps2 textures\opaque\bp_remade,true,true,5,remarci_4x,false,0,false
fat_radio.bmp,a0b9b3a6e3e3b01c10ae5925b072ef5485686acc,7dab5dae62b65efb81053685a8f65f93b180ae0b,true,ps2 textures\opaque\bp_remade,true,true,5,remarci_4x,false,0,false
fat_radio_sub_ovl_alp.bmp,2be68a010381658d955cb9d506f589e2051f3425,f0700a69390a985b686ca4d6defcd8547cacac8c,false,ps2 textures\HAS ALPHA\bp_remade\no_mip_fixes,false,true,5,remarci_4x,false,0,false
fat_rolar.bmp,34d290d78df9a944290208fa8306ece5fe42bf0b,9c76e0a706254f32be3e96202a0dce00131abbb6,true,ps2 textures\opaque\bp_remade,true,true,5,remarci_4x,false,0,false
fat_rolar_flame.bmp,542eb7a9de535b3bab943165435558a48b515686,ff433eaa91d0d3153d6983967348f75606f2c417,true,ps2 textures\opaque\bp_remade,true,true,5,remarci_4x,false,0,false
fat_rolar_hoir.bmp,ca1c8435d7dc9139531675d7e8d9d21de191df18,1ae8bea907c0f628dfa4ebd69be9226e5ec85dc9,true,ps2 textures\opaque\bp_remade,true,true,5,remarci_4x,false,0,false
fat_shues00_sub_ovl_alp.bmp,124c1898ddbbd4dbe53c9190818ae8e672c131ef,5176f3e79f1de084e937b40e4610ad9a1a5b27e3,false,ps2 textures\HAS ALPHA\bp_remade\no_mip_fixes,false,true,5,remarci_4x,false,0,false
fat_shues_ovl_alp_emap_mod1120.bmp,4c82851f38b774662ab0bf2077e82b3a0492ac6c,29ae1af441ca38ca41360b5ad5feb736984e322f,true,ps2 textures\HAS ALPHA\bp_remade,false,true,5,remarci_4x,false,0,false
fat_strow_alp.bmp,0eb83c959d7b65be4cc460e52590df55385f675e,6b400bfdec92a8da10c6c0907954a06592b5de2c,true,ps2 textures\HAS ALPHA\bp_remade,false,true,5,remarci_4x,false,0,false
fat_strow_col_alp.bmp,fbcff839f01b471ec122aff2d038a2bcdee4f3c6,91202c450eda395331e2c86ec45390cc015224b5,true,ps2 textures\HAS ALPHA\bp_remade,false,true,5,remarci_4x,false,0,false
fat_suit_re.bmp,ae23898be8bb6cb3742351fea38c09bc631837b8,f01977865f0c38be1a9655291788cf9320b8ea9e,true,ps2 textures\opaque\bp_remade,true,true,5,remarci_4x,false,0,false
fat_suits.bmp,43cd4079010667a958f68ac3d5ec0a55b24b698c,f9bec59034beadac193597777ebe14fa78b0491e,true,ps2 textures\opaque\bp_remade,true,true,5,remarci_4x,false,0,false
fat_suits_kat.bmp,4946d853a481a13c04a235eaa78d1f455e33cc57,59a841be36191de6a40bfcbdfb77cf6bd75881c3,true,ps2 textures\opaque\bp_remade,true,true,5,remarci_4x,false,0,false
fat_suits_kat_sub_alp_ovl.bmp,90109df8bbf7e28b93aa2ad99bf405c7e80df8ee,567aa5e2155a7dafba5f7e14d5d63b20d8778e16,false,ps2 textures\HAS ALPHA\bp_remade\no_mip_fixes,false,true,5,remarci_4x,false,0,false
fat_suitstes.bmp,40848176ef4040ea317afabe0fb7736e0a8a4fcf,5f6fb4c992bc8d51657020098c78314a28ef2450,true,ps2 textures\opaque\bp_remade,true,true,5,remarci_4x,false,0,false
fat_tang.bmp,1c13ecddc73ac41afe89f30adf0ffabbf7652797,f343d1aa8be99b6ba400889a4918dd460d66d179,true,ps2 textures\opaque\bp_remade,true,true,5,remarci_4x,false,0,false
fat_teeth_u3.bmp,cdc7317f2612b1c40fced097cc7a495df64cd7fe,c1eedbe3b33075b30ddea1bf71b9a5dabe84c27f,true,ps2 textures\opaque\bp_remade,true,true,5,remarci_4x,false,0,false
fat_waist.bmp,dab5ad2dc9514b31e82a427d6b39e00ead8751cf,c1aff848354c701aab76a294dfcf03deb400eb0f,true,ps2 textures\opaque\bp_remade,true,true,5,remarci_4x,false,0,false
for_arm.bmp,ea923359bae29bf0fa936312ec7a699321906c5d,8545acecf3392adf352cb03d20da0dd6d8b65b5b,true,ps2 textures\opaque\bp_remade,true,true,5,remarci_4x,false,0,false
for_b_ovl_mod1120_alp_emap.bmp,47e18a2ba1a7f4053fab6d04c71b13163773e261,0706b0adf28dd51e416e86e7208f709da9521936,true,ps2 textures\opaque\bp_remade,true,true,5,remarci_4x,false,0,false
for_belt_shoulder.bmp,89dae5aa9036a0453d529ad00c85c3e5915fc3b4,4c6460c4754ba0055c1ab3067cc6214e56ce238d,true,ps2 textures\opaque\bp_remade,true,true,5,remarci_4x,false,0,false
for_belt_weist.bmp,b16abb5cfb161a9628f102c097654557d4679fda,a76660407eaf542edc210240e0e875b8814f7a11,true,ps2 textures\opaque\bp_remade,true,true,5,remarci_4x,false,0,false
for_blood_face_ovl_alp.bmp,a21f3043701384a82bc88add8c7e5702c65c1bd0,5350f165ead873c488094d958dc08624dc026a97,true,ps2 textures\HAS ALPHA\bp_remade,false,true,5,remarci_4x,false,0,false
for_body_ovl_sub_alp.bmp,d4154071085fee976a877a685abe1caca606ef88,23a40f92a2f4d4642e07220c3ee3c5c79d17fb72,false,ps2 textures\HAS ALPHA\bp_remade\no_mip_fixes,false,true,5,remarci_4x,false,0,false
for_body_ss.bmp,6033964ebc0a63e7aed28cd5fad951f367bfedb4,b19efbc41787596aa478afa14a2350cc31cee826,true,ps2 textures\opaque\bp_remade,true,true,5,remarci_4x,false,0,false
for_boot_bot1.bmp,72341d5b4123ca31a70f9dd78db0838d9ac16cd0,636a060d07c94eb0a643fa62ec23dab2d4fc560b,true,ps2 textures\opaque\bp_remade,true,true,5,remarci_4x,false,0,false
for_boot_bot2.bmp,64bfad285235a93d97ec601b23005c66cdebc774,4d14a1122bea284f62e2ad0f7d27ad81facd1373,true,ps2 textures\opaque\bp_remade,true,true,5,remarci_4x,false,0,false
for_coat_body.bmp,c32002b202bdb0a0d69bfce6a4c60183f6f2cef8,3c4e2b2b45ebb7d91b63b2a21cc33b4212e3d312,true,ps2 textures\opaque\bp_remade,true,true,5,remarci_4x,false,0,false
for_coat_eri.bmp,6a042dac7ebb1a84be5095455b4647d6a177fab8,1ebec32e1cce76b97026ae7a5ec9b31e4a7a5e90,true,ps2 textures\opaque\bp_remade,true,true,5,remarci_4x,false,0,false
for_coat_eriin.bmp,248a544da9c959a7e6c217dbbccbfb179cc317ff,042f15db596c509940fb0eaf37fdb2289fb0c9ac,true,ps2 textures\opaque\bp_remade,true,true,5,remarci_4x,false,0,false
for_coat_sling.bmp,13b434779d93d47a63381b3f09e015a67044f0a2,711960c4a9ff106b0190cde8cc7365b1edb1f300,true,ps2 textures\opaque\bp_remade,true,true,5,remarci_4x,false,0,false
for_coat_sode.bmp,483ba55107ed7929f8864801a200352299fc4930,189980a85d479824d084e5f93a26fb578f9ae0f0,true,ps2 textures\opaque\bp_remade,true,true,5,remarci_4x,false,0,false
for_col1.bmp,067b453053ab2e8839ce34c9387eb8979dd90562,bb844fc7608bfda8fe41a0970e20576a5e93f6a2,true,ps2 textures\opaque\bp_remade,true,true,5,remarci_4x,false,0,false
for_eye_ovl_sub_alp.bmp,2899310896b23507cbde3d281b7fde234b3b18dc,0ea146265db72758cbfc37bfd75f5e6a06927da0,false,ps2 textures\HAS ALPHA\bp_remade\no_mip_fixes,false,true,5,remarci_4x,false,0,false
for_face_ovl_sub_alp.bmp,0a3b1cf130c29bae5a07dece93049c35233e5c91,57801bb9d6019a82e05ff3fcfb80299c124cace5,false,ps2 textures\HAS ALPHA\bp_remade\no_mip_fixes,false,true,5,remarci_4x,false,0,false
for_foot.bmp,01d5413079368a592ec3c6261a549fa6d5b3b994,9b5e56e07fa41086b12171599d7887bd8c9b2575,true,ps2 textures\opaque\bp_remade,true,true,5,remarci_4x,false,0,false
for_hair_back.bmp,aac71df87c79511388596e08d661dfb1abd0368a,0227b02a4271614e2a2e3ccedd98bb59e536f927,true,ps2 textures\opaque\bp_remade,true,true,5,remarci_4x,false,0,false
for_hair_side_ovl_alp.bmp,eba4472c8164dfc7135b5eb75af0319c1c73234e,a6cf5eb97a327306f32ac030495e49acefaae59f,true,ps2 textures\HAS ALPHA\bp_remade,false,true,5,remarci_4x,false,0,false
for_hand.bmp,466b6c5d853f83bd0f78abf9f3be5c2e22bf4c00,9832eb089895ed7a2ffe50d28a6cfa14e4afec73,true,ps2 textures\opaque\bp_remade,true,true,5,remarci_4x,false,0,false
for_hand2.bmp,7614674a5b27fada11dbc89b6aa2b8f0df411d8d,33c3e67dd84a612c68842b12aa0d7aabf3e2a521,true,ps2 textures\opaque\bp_remade,true,true,5,remarci_4x,false,0,false
for_hi_eye.bmp,358c704c400780523f191b65b101e95a763bbc8c,f963f89d4143931f74bb5f0e413ebb9d6047755a,true,ps2 textures\opaque\bp_remade,true,true,5,remarci_4x,false,0,false
for_hi_face_ss.bmp,8810d2e5bfe60b2a47ca51d72c6e2800af539726,d872906e6449671dae0776da49a6403ae1f06f3a,true,ps2 textures\opaque\bp_remade,true,true,5,remarci_4x_extra_smooth,false,0,false
for_hi_finger.bmp,8539888b0fa4f53cb2ab5d731f4f9587427e06a1,362b63745e48b2511b05368d831bb42a5be26765,true,ps2 textures\opaque\bp_remade,true,true,5,remarci_4x,false,0,false
for_hi_finger2.bmp,7c8a0c7f5e7bd97ef2a76608c3a88136908d6868,3553ebfcc0877a9914d865862be69c2a6727159b,true,ps2 textures\opaque\bp_remade,true,true,5,remarci_4x,false,0,false
for_hi_hand1.bmp,a014ff2610a28ff343597c68dc6a8056e4653958,27adbd94712be12d7638f997bc34a5e88c40952e,true,ps2 textures\opaque\bp_remade,true,true,5,remarci_4x,false,0,false
for_hi_hand2.bmp,1612e1d9ae838e59faf002818b80b665f269e54e,6ceb0abd26e6580d9e0aa863c0c881d98da0aa64,true,ps2 textures\opaque\bp_remade,true,true,5,remarci_4x,false,0,false
for_hi_hand3.bmp,d41507d59dd511e739458fc41fd7012b670f19e4,63e090347c511e1e247ce75e14a612f9b5bc6ddb,true,ps2 textures\opaque\bp_remade,true,true,5,remarci_4x,false,0,false
for_hi_mtg_alp_ovl.bmp,3c1f222b477f1d6fbe36c418cbb689ae327b887e,a3fe7274567c3d4b7c60e2ae2119d1832ae024e3,true,ps2 textures\HAS ALPHA\bp_remade,false,true,5,remarci_4x,false,0,false
for_hlst_back.bmp,8fbf5c6b1a280e28350c155e3f34b90926c407df,f3374821b288ba99926304023dc6a8b2a905c512,true,ps2 textures\opaque\bp_remade,true,true,5,remarci_4x,false,0,false
for_hlst_fro.bmp,1954baa29cc68749cf773b08141ac7a9c00da190,5b6995d5ce5934950f7c2a96f4a475f18de0d707,true,ps2 textures\opaque\bp_remade,true,true,5,remarci_4x,false,0,false
for_hlst_side.bmp,6b6bf16d3f4481631d84382d16dc814be5ad9ced,f5337876b488ba329d23172fa723ea44c65a48e3,true,ps2 textures\opaque\bp_remade,true,true,5,remarci_4x,false,0,false
for_kizu_body_ovl_alp.bmp,cdf1354d4748b850b141c632e558dd5b9504e236,bb026a0790af177ee93ae65c05cbe696982b19ed,true,ps2 textures\HAS ALPHA\bp_remade,false,true,5,remarci_4x,false,0,false
for_leg_ovl_sub_alp.bmp,fb943c68a3514d8a600ebba6908643a18cf08974,be70a78eadf9ff84fb462db96d75cf59885b53ca,false,ps2 textures\HAS ALPHA\bp_remade\no_mip_fixes,false,true,5,remarci_4x,false,0,false
for_leg_ss.bmp,a37c9843926be576ad8a014cc2ba747274818e26,16bcd67b784844da1f675cf35565da7ad97b95ae,true,ps2 textures\opaque\bp_remade,true,true,5,remarci_4x,false,0,false
for_lnr_sling.bmp,1698598531932a6303d1031e1fbbd6df5e47ab78,84ae19fb8bce2cfb1caad328ac1e2ed5121aab26,true,ps2 textures\opaque\bp_remade,true,true,5,remarci_4x,false,0,false
for_m9_glip.bmp,d3646942009bc15f05a645a5b0c4f0ed4f08bf2a,bbe73c0f8fbfa1bc9fbd3242c5a02ebe47c6ae2e,true,ps2 textures\opaque\bp_remade,true,true,5,remarci_4x,false,0,false
for_magazine.bmp,fdefa234f26c0141d7c8029ed41311e8aa231454,ad382b464f6fc419155a2b8b98f0551b93f47d2f,true,ps2 textures\opaque\bp_remade,true,true,5,remarci_4x,false,0,false
for_s_ovl_mod1120_alp_emap.bmp,69ffa017511f0fb58123da10dfa79133ffc095d5,1973a168c413f4a84cdf1743b132f486e7f8c418,true,ps2 textures\opaque\bp_remade,true,true,5,remarci_4x,false,0,false
for_sox_ovl_sub_alp.bmp,35cb241cae715ef1ac1ffd966470330bfc55cae7,d9052931cee1edf208c74193b722935647200cb9,false,ps2 textures\HAS ALPHA\bp_remade\no_mip_fixes,false,true,5,remarci_4x,false,0,false
for_t_l_ovl_sub_alp.bmp,b8b8b6d92da0637ee32c3f173583176229e06d61,3f8bf773c56cd8b4b988f0e339df9b8e6ffc6610,false,ps2 textures\HAS ALPHA\bp_remade\no_mip_fixes,false,true,5,remarci_4x,false,0,false
for_t_r_ovl_sub_alp.bmp,40ae7482bbfda611580cfb4c171d69abc25c3c6c,0323b43dee6d54bdad00bab3a4cb451a94aea8b1,false,ps2 textures\HAS ALPHA\bp_remade\no_mip_fixes,false,true,5,remarci_4x,false,0,false
for_toe.bmp,8192a034b2858d0d10a71db98232c23281204117,6dcab4964fe630475dbe90488fdf82514965755e,true,ps2 textures\opaque\bp_remade,true,true,5,remarci_4x,false,0,false
fstamp03_alp.bmp,8bb09eef83a94714751597756551ceabc335e8b9,a4595b2c657b3fb6d4f99b078ff3c9e5c7bc3da9,true,ps2 textures\HAS ALPHA\bp_remade,false,true,5,remarci_4x,false,0,false
gas00.bmp,690cfbc2ac3e2f7f86ef926c27cc512c1d8f9346,ab7d14981189f8469f7548ecee536a0e4dec4556,true,ps2 textures\opaque\bp_remade,true,true,5,remarci_4x,false,0,false
gas01.bmp,7721629fc3ac09ef3f8fce176e40bfcd7f0df937,9fd3d1ec77861f6d38cccaeed161c5ed7cd45b7b,true,ps2 textures\opaque\bp_remade,true,true,5,remarci_4x,false,0,false
gas_cap00.bmp,c20831313dfdf7a7c6f5ef947a96ba401eb6a0fa,b861da3ea24d431be83a7742ea06c9ab93ab3c16,true,ps2 textures\opaque\bp_remade,true,true,5,remarci_4x,false,0,false
gas_cap01.bmp,4038add2affe2b1cdfdb5628d3716695bc82e186,8154952b30163ebc5ef4d3b46b62f800a24c3742,true,ps2 textures\opaque\bp_remade,true,true,5,remarci_4x,false,0,false
gas_dai02.bmp,79b555545dd7a1f181dd0ab9c5d107e1fe85d39c,6e7766decc5868c15986a9054846ca180c71c91d,true,ps2 textures\opaque\bp_remade,true,true,5,remarci_4x,false,0,false
gas_dai02b.bmp,27d0445b9e72770e7a783a368e456527d2e6b19a,709f209c134ad96563221e0eb9a2305e1e60f54d,true,ps2 textures\opaque\bp_remade,true,true,5,remarci_4x,false,0,false
gbc_bousi_f.bmp,3cd2e264aca40dd0b745e7d3fe723fedfce7aae0,e557c81bfddb3db02d0b659af61dd45a0e414192,true,ps2 textures\opaque\bp_remade,true,true,5,remarci_4x,false,0,false
gbc_bousi_s2.bmp,710eea9e34187cc076f4d3748f8d42165c54ed8f,1b8375271ccae6d9c5e367b2bce763277cb54e38,true,ps2 textures\opaque\bp_remade,true,true,5,remarci_4x,false,0,false
gbc_deppari.bmp,edd62eea6d44bf1bf825c1ab48b3a925412a1c9d,f2ce8d8e0f3bfb7433de08d2c906f53b10d622d6,true,ps2 textures\opaque\bp_remade,true,true,5,remarci_4x,false,0,false
gbc_kao.bmp,30983824f474536954261a9adbf64dab1091ff24,6564a1e8def637e50868ca48a63f26eed4cbcd8d,true,ps2 textures\opaque\bp_remade,true,true,5,remarci_4x,false,0,false
gbc_maiku.bmp,ea9e194bda7a65bf50d5de30efc534aa5ee611b5,0dde5b7d112b6767ee30ec5c06921bb906875109,true,ps2 textures\opaque\bp_remade,true,true,5,remarci_4x,false,0,false
gbc_tuba.bmp,3ea79705b109cb4c55d85e4101d71243f151206d,f14599bd57b68f227960a5d13a4be109f5322edd,true,ps2 textures\opaque\bp_remade,true,true,5,remarci_4x,false,0,false
gbc_tusinki.bmp,71565d586540278f175be28455152311196a3369,59c7219131c79b3c521c48f8691ec14c8dc469dc,true,ps2 textures\opaque\bp_remade,true,true,5,remarci_4x,false,0,false
gbs_ak_sling.bmp,d525b4a8a101f3af870fa00d2a0b085aeaa53256,49d0b3af97a0d14f75902a06bf85cbde33c7bea5,true,ps2 textures\opaque\bp_remade,true,true,5,remarci_4x,false,0,false
gbs_arm_ss.bmp,57bc121e04dce7303c7a27529fffeb79593fe4f7,d64d4826530ac5e33d4a808517799b944b23b00d,true,ps2 textures\opaque\bp_remade,true,true,5,remarci_4x,false,0,false
gbs_belt.bmp,97f015b3c1c35025d0f50a1c5d19e5ccf3ae6b0a,6a904d8580dfa600e399819e4b66b12ad663bb8a,true,ps2 textures\opaque\bp_remade,true,true,5,remarci_4x,false,0,false
gbs_body_ss.bmp,8c5f33acba7eafcf137f367e82132ad0f65d2fe6,ca713dbf06618f10ab888e7656cc1b65389a058c,true,ps2 textures\opaque\bp_remade,true,true,5,remarci_4x,false,0,false
gbs_boot_bot1.bmp,2d889250ebdddb502c52c15c6ff9f51176b6a5e0,2dd92c5050ded6458defe8f60891dc4b78e9c8a0,true,ps2 textures\opaque\bp_remade,true,true,5,remarci_4x,false,0,false
gbs_boot_bot2.bmp,84a9f3a518f3db6c848297b584cfb782d3a1fc97,b9e5fbaa55ff6eb4c0b6c63af64b0dea6613e4f4,true,ps2 textures\opaque\bp_remade,true,true,5,remarci_4x,false,0,false
gbs_boot_ss.bmp,83bb7e23078e67f44b3161fc69cbcd79339742e6,8bb61b63240bcaac162c2deb5ee2679e29d4d77e,true,ps2 textures\opaque\bp_remade,true,true,5,remarci_4x,false,0,false
gbs_bp1.bmp,44230a77c3f5743644157ca9ba48d2b71ac6a05e,20d24d574be0efedb8bf9ca7597d3675c6ef2dcd,true,ps2 textures\opaque\bp_remade,true,true,5,remarci_4x,false,0,false
gbs_bp2.bmp,86959ce19ca31e4cd735af2ed5c9d95c33f56783,7bb4e175bfd24d4b8a51decefe87cf5fe1a94b8f,true,ps2 textures\opaque\bp_remade,true,true,5,remarci_4x,false,0,false
gbs_eri.bmp,2f6910ed33504e20f8eb495ae0f07e90a86b5de8,7944bf4624e82b5132d8b39bfb5dc1de47253940,true,ps2 textures\opaque\bp_remade,true,true,5,remarci_4x,false,0,false
gbs_eye_def.bmp,32ef99234607796cdb7da7762a6c62f7ccdd02c8,5229d0dd3a64c23782e1f86a160f1d5f5b33c25c,true,ps2 textures\opaque\bp_remade,true,true,5,remarci_4x,false,0,false
gbs_eye_white.bmp,3afb89f58b82c2903d355da155d4c66599f15495,2792f1fa22066bed5361a4df6cbc3ecbc6e7d0f4,true,ps2 textures\opaque\bp_remade,true,true,5,remarci_4x,false,0,false
gbs_face.bmp,b7b49d9d580dde882559d7ebf141b6e390c41d49,a392210efe97448eaacf14363c76472f24462f13,true,ps2 textures\opaque\bp_remade,true,true,5,remarci_4x,false,0,false
gbs_head_back.bmp,f9dc1f173e67358c94f0e9e1026e238c5c941d06,ef4db5bd9e8d08481fc5fabcc284314d0f70d039,true,ps2 textures\opaque\bp_remade,true,true,5,remarci_4x,false,0,false
gbs_head_side.bmp,46ff9dd1075b7573b24bb0f33e41ebbe79b3991b,5a1818e8ffc30f6f70ae6c243358cb852049f21e,true,ps2 textures\opaque\bp_remade,true,true,5,remarci_4x,false,0,false
gbs_head_top.bmp,bc3025070be0a380be8eb9c026b2a8d43174423f,4f9a6ac21f14e147573c71530e2464827d30fb85,true,ps2 textures\opaque\bp_remade,true,true,5,remarci_4x,false,0,false
gbs_leg_ss.bmp,20f4b9d57e78f240fbc5dd5b6a8af6d245e039e5,a9b82447b19c1d778c0568f94a311d9f1697707a,true,ps2 textures\opaque\bp_remade,true,true,5,remarci_4x,false,0,false
gbs_p2_back.bmp,b34a52d337645662ef298663dc98e7f60a2f6aba,b3594ffa5a1449bec0f4df9d1f299d44395abef0,true,ps2 textures\opaque\bp_remade,true,true,5,remarci_4x,false,0,false
gbs_p2_fro.bmp,06f1267c242370d9a021dca9b0eedc0f4eae1019,0aedae51bedd8bd049b69368b920628f3d3aff28,true,ps2 textures\opaque\bp_remade,true,true,5,remarci_4x,false,0,false
gbs_p2_side.bmp,b47604ddfe8d8697f27ab3a11159e5f28a46bb39,64a22bc7006f368d274ebf542f83e30af600f3a1,true,ps2 textures\opaque\bp_remade,true,true,5,remarci_4x,false,0,false
gbs_p4_fro.bmp,72b3b6730fa82d1d3985f2725fe67317df20c9b8,5fdb92675eb07c3eba1ef9f93f44a23494da1ead,true,ps2 textures\opaque\bp_remade,true,true,5,remarci_4x,false,0,false
gbs_p4_side.bmp,f4f333d1c79a25e8d889899377c7e2a736f8ead7,dcb3f8effc033aa4b0ead1b0fd470c0eb7a4ad5e,true,ps2 textures\opaque\bp_remade,true,true,5,remarci_4x,false,0,false
gbs_toe2.bmp,3fd72520c36613840ed2ade2756149da87ced315,a564c65cae9b3294922d51b162981a6862c49069,true,ps2 textures\opaque\bp_remade,true,true,5,remarci_4x,false,0,false
gcyp_amo_f1.bmp,f06ae3c9252d3a370fbba81bc20fcf6159f59702,ba2c45cff637c6b1e26535201abfe899493e2b20,true,ps2 textures\opaque\bp_remade,true,true,5,remarci_4x,false,0,false
gcyp_bodykim.bmp,f9958400143a8578c394a2e9a33f55ea27a22704,03673ae02030b86e3f6498c407742adb766c7f43,true,ps2 textures\opaque\bp_remade,true,true,5,remarci_4x,false,0,false
ghost_pos.bmp,588d146de14af300e40c4ed8a4465d466cdd48d3,437abc607c621909cb6ed9dc1e7c748afb189c36,true,ps2 textures\opaque\bp_remade,true,true,5,remarci_4x,false,0,false
gps_arm_ss2.bmp,f4aa8b76770013f94d5152445af696ac4493db76,d68e36efc5324dcab80a1cba87241d4db9d237b7,true,ps2 textures\opaque\bp_remade,true,true,5,remarci_4x,false,0,false
gps_body_ss.bmp,52ff93ffe456bcfbfcb0a0a3add16f4588a1e51e,c551478b81ad4b93c973012e6a78c2119470ce9d,true,ps2 textures\opaque\bp_remade,true,true,5,remarci_4x,false,0,false
gps_boot_ss.bmp,e1d0230263be0f2b8826a085a82945b3cace6142,a91080457374109c2f44689ab9f06cbc45d7e151,true,ps2 textures\opaque\bp_remade,true,true,5,remarci_4x,false,0,false
gps_crest_l_ovl_alp.bmp,ea75e10010983d7f2445bf02e0383adb15e42ede,4a32ebb846ea7530e4dc0db6c4835403cd45bc49,true,ps2 textures\HAS ALPHA\bp_remade,false,true,5,remarci_4x,false,0,false
gps_crest_r_ovl_alp.bmp,88df116b8bc2ef863c3ce03bf441b7c5f3b00ab4,98705edb5ad81c8b47b3810bc452478ccf3de350,true,ps2 textures\HAS ALPHA\bp_remade,false,true,5,remarci_4x,false,0,false
gps_eri.bmp,a3b927930ff9152954cd1096f3eb55937d5b150e,4c07bdcd5005a2c207aeba400b2d97cb659b3b04,true,ps2 textures\opaque\bp_remade,true,true,5,remarci_4x,false,0,false
gps_eye_close.bmp,358ef5515317b20d5ab2a1357e1bc265da04031f,0b716c6ec0512a1d247d8384cab3f9780a2f883a,true,ps2 textures\opaque\bp_remade,true,true,5,remarci_4x,false,0,false
gps_eye_def.bmp,4a23ff07b1bd97da1dec8034d357b78db2669539,35445f8987678371a213349cf5b0bb5d0cc4e540,true,ps2 textures\opaque\bp_remade,true,true,5,remarci_4x,false,0,false
gps_eye_open.bmp,0ff335f369ceaacaf5244d8f1ca5fe955f0c1f07,c1de2fcd06a9dac8a973146ce02ea1c1d68db966,true,ps2 textures\opaque\bp_remade,true,true,5,remarci_4x,false,0,false
gps_eye_pain.bmp,5cc82a1438d511ee52b14b5a40806aa68285a673,4f56e87d7066b7fdcb08a3da50345f964c5bdee7,true,ps2 textures\opaque\bp_remade,true,true,5,remarci_4x,false,0,false
gps_eye_white.bmp,d7b72928946c64bbd1662dbf2afc0005ff3115fa,c2d2e41d90442da52624f85a107b4ecbb0091972,true,ps2 textures\opaque\bp_remade,true,true,5,remarci_4x,false,0,false
gps_knife.bmp,60e128e04f94e9c96bb527678f9f8aa7a8f09ac6,3230543715e08f457cd042868ae33127026e506f,true,ps2 textures\opaque\bp_remade,true,true,5,remarci_4x,false,0,false
gps_leg_ss.bmp,1ce72a5adc0dd705b8a9218917ef17d02ff81aaa,141dec882b723ba002629cc5a251f01a30f303e6,true,ps2 textures\opaque\bp_remade,true,true,5,remarci_4x,false,0,false
gps_mask.bmp,f08e4e7e7b5ea1b961f09876739d992d01deced2,27e9adaab89962fbcb08ea630a9feed66a6e4c23,true,ps2 textures\opaque\bp_remade,true,true,5,remarci_4x,false,0,false
gps_poket.bmp,4ef2bc6b9c9484ac31a62fa69d2e98b022d12b83,9af998568093afdf52754bd059898695ff40b961,true,ps2 textures\opaque\bp_remade,true,true,5,remarci_4x,false,0,false
gps_poket2.bmp,da5f432b57e9e2dd967248d4559b628ee9cde503,c45bbe75435ab759ab2992ecb0569907439bc270,true,ps2 textures\opaque\bp_remade,true,true,5,remarci_4x,false,0,false
gps_toe2.bmp,ced1562b30a399c6fa46f3a51e115b907ed89119,d10c98bb9e912dd628cfeddac401af686d84a08b,true,ps2 textures\opaque\bp_remade,true,true,5,remarci_4x,false,0,false
gps_wrist.bmp,181dd2b231d5a52124e846eb55c58e5b2958ef9c,bd492d3e38fcfdc683225ff37bf40a8393585f87,true,ps2 textures\opaque\bp_remade,true,true,5,remarci_4x,false,0,false
grn_sb_body.bmp,abc1d5a2128eb8029808ebd11ce35bdebaf41698,69f7378f76e234cbe2abc772da939c6811f97c14,true,ps2 textures\opaque\bp_remade,true,true,5,remarci_4x,false,0,false
gwb_ceil01.bmp,f21926b855f5b0db081812e6e5a655ce1de9c485,a5309535b16ed68b613f6888864ef397aca9c665,true,ps2 textures\opaque\bp_remade,true,true,5,remarci_4x,false,0,false
gwb_fen01_msk.bmp,65cefddf800cdfa487ad0b40dcff4f6d50fc8810,a4c40f1667961d9f32fe52debb2e7141391c16e3,true,ps2 textures\HAS ALPHA\bp_remade,false,true,5,remarci_4x,false,0,false
gwb_pole01.bmp,f96923840ec79c07fa53cb314c0608f2919290df,bb815107675119c71f0680440ee4d84a676e289c,true,ps2 textures\opaque\bp_remade,true,true,5,remarci_4x,false,0,false
gwb_pole02.bmp,23ff605aab0f36b919e3a0fe04d9f33d8c2b7b18,7a3472dfd995e2028484ae8db7b4748b1641d9d1,true,ps2 textures\opaque\bp_remade,true,true,5,remarci_4x,false,0,false
h6h_body_f1.bmp,d56b36ded30bb8dce6b37b073219fa9fc200742c,cf88dcda2c793b1a15194432ca8db81ce33d0727,true,ps2 textures\opaque\bp_remade,true,true,5,remarci_4x,false,0,false
h6h_body_s1.bmp,4d1112e6c6459161198f44dee848a3101fb0ab7b,c7251925f587dc26cf89daae9b5bfe9c870754b6,true,ps2 textures\opaque\bp_remade,true,true,5,remarci_4x,false,0,false
h6h_body_s3.bmp,2a37b7e6d5e4a26817e90c894372dd08284e9059,2a4de9e00f5611dc8e2af2f75a0a39588abc5a92,true,ps2 textures\opaque\bp_remade,true,true,5,remarci_4x,false,0,false
h6h_body_t1.bmp,050d66f128db651ca2e4f1959b7cb0be8d7fa760,7afab180d6269127e6ce027c565135ed6601556c,true,ps2 textures\opaque\bp_remade,true,true,5,remarci_4x,false,0,false
h6h_body_u1.bmp,514e6c707af629ab95ae0efb6b6af5b3568ad1a1,18ce06b8fd6e4563944a8eaa3c9482e768ca6b67,true,ps2 textures\opaque\bp_remade,true,true,5,remarci_4x,false,0,false
h6h_duct_hole.bmp,462035e5ed3887d1e4993fae394562a8f19e26c9,3c0889c0da67bf285c9d39ed019f1b6e44f284d3,true,ps2 textures\opaque\bp_remade,true,true,5,remarci_4x,false,0,false
h6h_duct_s1.bmp,f487c593f75e1424577afdd1e163cf652006a979,031e176d14cf3d4dc7744e35aa968cafaa5cd81f,true,ps2 textures\opaque\bp_remade,true,true,5,remarci_4x,false,0,false
h6h_face_s1.bmp,9bfcfa3cd893ad7629897ff9882922c498e84157,1f0efe806de4e5e7b84e8a48fd4fdaefc44220f8,true,ps2 textures\opaque\bp_remade,true,true,5,remarci_4x,false,0,false
h6h_intake_s1.bmp,6601fb25245acfa819cff4b53dd89ee0ea9ab2ad,a49d7662dd30d7025bdd0eb5a4c2dfa00b683016,true,ps2 textures\opaque\bp_remade,true,true,5,remarci_4x,false,0,false
h6h_tailbox1.bmp,16167a7f2224e566089a2a49ea13c4ba473cbcdb,addf3bbaf2f8e79d5d0d3b1964f5c8c204715574,true,ps2 textures\opaque\bp_remade,true,true,5,remarci_4x,false,0,false
h6h_tailwing_s1.bmp,1f252ef07e727ef3b63fc314fae68fe463d99a6a,a6507bf0a0308c34ba1af200bfa03b7785906b2d,true,ps2 textures\opaque\bp_remade,true,true,5,remarci_4x,false,0,false
h6h_tank1_s1.bmp,d06967faf95d5605a1ca0bc4ea436e354f6edaa5,baa08876d1dc3799b02b57d3684eb2d729a500c1,true,ps2 textures\opaque\bp_remade,true,true,5,remarci_4x,false,0,false
h6h_temptex1.bmp,b04a6d77c7acf606ff216d336cb9486d757eeecf,55486852332bd6c145877bfac403a1e870dbbeff,true,ps2 textures\opaque\bp_remade,true,true,5,remarci_4x,false,0,false
h6h_wheel.bmp,1c66970fe2cc0530fd028e9eed7ad1df3857c695,a9648952a751056d38ed456f2052d04fa6547fc5,true,ps2 textures\opaque\bp_remade,true,true,5,remarci_4x,false,0,false
h6h_wheel_shaft.bmp,aa9f924718a1385cf147f8d9e231a04b8a15db7f,121cb9859e92f171483a16897484b15a0a6c38fb,true,ps2 textures\opaque\bp_remade,true,true,5,remarci_4x,false,0,false
hakof1.bmp,a9968a03afc849e9642f8cde6c5d3dd986cf3717,400b7b23994a00584dbaab93a556bed89a25473b,true,ps2 textures\opaque\bp_remade,true,true,5,remarci_4x,false,0,false
hakos1.bmp,c4c205fef588a574310089d7718af5f337b0ee0e,ffa09eaafe7d93243d0261660cc161a61b2748ed,true,ps2 textures\opaque\bp_remade,true,true,5,remarci_4x,false,0,false
hakot1.bmp,456e220774fbb7a21edeb0c6c93e76af9c0a6d39,e0892caf31dd1f5207f6f266c17255a83ed81b97,true,ps2 textures\opaque\bp_remade,true,true,5,remarci_4x,false,0,false
hri2_body_back_cracked.bmp,37075160b44e39eab97b96df181c006bfc7acc0b,04ee1f5cbf3a1d02861c548eb922034e497f16ae,true,ps2 textures\opaque\bp_remade,true,true,5,remarci_4x,false,0,false
hri2_body_s1_brk.bmp,ece71e4c4f6b7f773fd352ed249e1b1582cd181f,c6b79fc859b99f00d987d23fb3744eb329034933,true,ps2 textures\opaque\bp_remade,true,true,5,remarci_4x,false,0,false
hri2_cnpy02_brk_kato_ovl.bmp,84bd1b8bc1b1a9aa3206e0243f0c8f3607a7c3fd,65d0c7bddc0463d942b3f62cc4bf95581941c194,true,ps2 textures\opaque\bp_remade,true,true,5,remarci_4x,false,0,false
hri2_cockpit_console_t3.bmp,ae996910a12033f7d7ed86ca32e8bb5384559bdf,ec41512241bc0daa4a860a49571c66fcef741245,true,ps2 textures\opaque\bp_remade,true,true,5,remarci_4x,false,0,false
hri2_cockpit_sideplate_01.bmp,b6ca87eb8f1f702e89c519f8c6b5546720e319ae,21e40222fd5124262dbf4563b9a5c7ed5802329f,true,ps2 textures\opaque\bp_remade,true,true,5,remarci_4x,false,0,false
hri2_face_s1_brk.bmp,502146996f6bea7fb362f681345bd42a1c69dc63,96b86f29e9e09e7e5a91aefe6ea3b2fc3368267d,true,ps2 textures\opaque\bp_remade,true,true,5,remarci_4x,false,0,false
hri2_mwing_t1_brk.bmp,55cef64e8ca54527c94f9e06305a1fa873052ca4,f2399a4c209c54aaf6bf181eece5e82d54529688,true,ps2 textures\opaque\bp_remade,true,true,5,remarci_4x,false,0,false
iro_arm_l.bmp,24327610a6cad8814e97073d598c70c47180dd79,ae6caa9cd0bfab61eea81dd90d4aadb91f85bf78,true,ps2 textures\opaque\bp_remade,true,true,5,remarci_4x,false,0,false
iro_arm_r.bmp,949b9fabe167a6092aee6cdc075a9a9d109b16b8,de1b2270fd4cd08016d0369f63745532b7f50d3c,true,ps2 textures\opaque\bp_remade,true,true,5,remarci_4x,false,0,false
iro_arm_ss.bmp,2b261dbad455efd08126b4a813ea27d22b690737,b6653f3d69fa3db9c8de80bdfd5c5a1cc025478b,true,ps2 textures\opaque\bp_remade,true,true,5,remarci_4x,false,0,false
iro_armblood_alp_ovl.bmp,ed8ea86a4ee9a86b54ceee8a69eff638bae7a19d,eeadcdca9fd4b5d16089f519f022342ce06543d2,true,ps2 textures\HAS ALPHA\bp_remade,false,true,5,remarci_4x,false,0,false
iro_bag1.bmp,51aad2e5b01ee2a675dcd506e778150287342277,a4f79da10020fdcb2c96628e485e98d216701800,true,ps2 textures\opaque\bp_remade,true,true,5,remarci_4x,false,0,false
iro_bag2.bmp,aa7bf9a9baad85576e6d6b6eac13ff074edd3831,b930e496c6d9c9a5b3ed0cbc50a495511552cdd6,true,ps2 textures\opaque\bp_remade,true,true,5,remarci_4x,false,0,false
iro_bag3.bmp,85036ff0591bd896f4547ff760124fe3d9a04fe1,809203d0eac0687240ab74cf55b2941931323c9e,true,ps2 textures\opaque\bp_remade,true,true,5,remarci_4x,false,0,false
iro_bag4.bmp,ba5415fb4aebb74c58de4d42950284ed12695456,ad155f22567f71dd7322a3d65e82519a65865be4,true,ps2 textures\opaque\bp_remade,true,true,5,remarci_4x,false,0,false
iro_bag5.bmp,616b951f015496f7132187918919064018758cfc,a1127dbbefb514a9826b66d77a2bd95848aea251,true,ps2 textures\opaque\bp_remade,true,true,5,remarci_4x,false,0,false
iro_bag6.bmp,9cd6c183f7cdb430863353003a93b6c57ac88250,190e08b8ba7e401afb0590f28b7f0614b5c7a64b,true,ps2 textures\opaque\bp_remade,true,true,5,remarci_4x,false,0,false
iro_body.bmp,732e451b61b61101e65d8bcdfc0af498ecb30f56,954eef1d91d662c98480278d6f52c09052911a6a,true,ps2 textures\opaque\bp_remade,true,true,5,remarci_4x,false,0,false
iro_boots.bmp,1e262fcffb5705b514a1a25fe3317b59570d0fa2,dac2d2d8b5e63a3ef3ad762683a103012092ca5f,true,ps2 textures\opaque\bp_remade,true,true,5,remarci_4x,false,0,false
iro_face.bmp,443902b0ac0ea87ae0e20e38e140f6936cfe1060,da445d31608c1707ee13110d9fed8779ea976448,true,ps2 textures\opaque\bp_remade,true,true,5,remarci_4x,false,0,false
iro_face.bmp_c2887b3a82812f39ba6df6e2295dab8a,d920ccbcaf3507f52c26adfbbc64123486bb2bf7,4eef2acfc01711b4d1887719ba268c18cbd78be2,true,ps2 textures\opaque\bp_remade,true,true,5,remarci_4x_extra_smooth,false,0,false
iro_glass_frame.bmp,2f59813603a14aead64f877149b3190612424ff3,ae42de0273635c2de98993f1b5542cdddb9e8c5e,true,ps2 textures\opaque\bp_remade,true,true,5,remarci_4x,false,0,false
iro_glass_sub_ovl_alp.bmp,b6a8008f7d61a837c5452ec69799c86bf312b2bb,d5f7486c4694f94cf83640bc6503348742907163,false,ps2 textures\opaque\bp_remade\no_mip_fixes,true,true,5,remarci_4x,false,0,false
iro_hair01_alp_ovl.bmp,829ab990f96b1732476353c7c64e92507fd6b67e,eee95aed15e905b86c6d2bab0eebebe871eeb1b5,true,ps2 textures\HAS ALPHA\bp_remade,false,true,5,remarci_4x,false,0,false
iro_hair02_alp_ovl.bmp,98969ddfe6812ee455952d9c0c47ea4e5ceb3d8b,8689cb6300cea61d6b777e9cc7b7dc4de0216b0a,true,ps2 textures\HAS ALPHA\bp_remade,false,true,5,remarci_4x,false,0,false
iro_hair_base.bmp,fd0fbcad6d3a8e6955f87452b62c11cf9f472bb3,6a0f6adeab1377fa1507d2d64a4c7aa61ca90c0f,true,ps2 textures\opaque\bp_remade,true,true,5,remarci_4x,false,0,false
iro_hand.bmp,da363ab2e339842a1f5ca6dec2014f469ff017ba,6673ffb445e603202d7fcc103a7e733276bcc995,true,ps2 textures\opaque\bp_remade,true,true,5,remarci_4x,false,0,false
iro_hand_hi.bmp,e2ab15b045ad734644e0527da40f7232f02f5bab,1eeb03f1f49089454317263c1e9f5430db236a63,true,ps2 textures\opaque\bp_remade,true,true,5,remarci_4x,false,0,false
iro_hi_ela_alp_ovl.bmp,0a7fdc5a01b15960b86670bc920b3df876a625fa,345fa66894b6cb58571e8fbd5a7945cc8283923e,true,ps2 textures\HAS ALPHA\bp_remade,false,true,5,remarci_4x,false,0,false
iro_hi_face.bmp,2dd5d9059ad369f42775b8599127c24da1568d3b,9a52003de10a78ee90d05fc2c9346f75750a058d,true,ps2 textures\opaque\bp_remade,true,true,5,remarci_4x_extra_smooth,false,0,false
iro_hi_face_bandage.bmp,a189b26c6e14d6cca721baf8bbb4b3946615f6c9,fc9e4ad679bd5a31731a7feb56fd799e782ccb5c,true,ps2 textures\opaque\bp_remade,true,true,5,remarci_4x_extra_smooth,false,0,false
iro_hi_finger.bmp,de4fd913fbd965f9f0657c04f3332b7ea104a96f,cd3c160c8bb507172a45a5bc032fb58519ef9742,true,ps2 textures\opaque\bp_remade,true,true,5,remarci_4x,false,0,false
iro_hi_finger2.bmp,52fba4c7c445cbeb3fada1fdc0cfcf5ae7878363,0b9073166f64d5d2dc8ca77224a4321b87e34ad9,true,ps2 textures\opaque\bp_remade,true,true,5,remarci_4x,false,0,false
iro_hi_hand1.bmp,331b1a552a9ba98ebfde6cbf9495127f246e328b,fd9684b67f278277d8e61394cb1c8144b23174ad,true,ps2 textures\opaque\bp_remade,true,true,5,remarci_4x,false,0,false
iro_hi_hand2.bmp,7f64dcc42ab98aacf5a393b297f19a4fd85626b8,5d7038cc23f83b29447b2f89a6dbb3e14d7470e9,true,ps2 textures\opaque\bp_remade,true,true,5,remarci_4x,false,0,false
iro_hi_tang.bmp,f0664548f5f4ce916d19e3a3b41d1cc556230c28,51121f0ca0d21c59e680e6955d0561933bc559c0,true,ps2 textures\opaque\bp_remade,true,true,5,remarci_4x,false,0,false
iro_hi_teeth.bmp,4a03eaed1b5db409edd1e59bc0c387e924b17402,eb33a4cb982eecacbfd703693bfafc7b9056bcdf,true,ps2 textures\opaque\bp_remade,true,true,5,remarci_4x,false,0,false
iro_mask.bmp,64d3dd5d6bcc156cdba716fbd9ce8232c460e208,075f510d0cb3ab8729cb8198dbd4490181d771d5,true,ps2 textures\opaque\bp_remade,true,true,5,remarci_4x,false,0,false
iro_nail.bmp,6730ccb8a3e2f1abaae14fdd49ae6ec8c3a17ecf,77367fad80b56df28a0220b71dd4b79d8082842d,true,ps2 textures\opaque\bp_remade,true,true,5,remarci_4x,false,0,false
iro_phones01.bmp,2141f1bae1ba0f934253a7046ff098b054eae5f9,5a85e36b8fbb2ca5802856750b0b85bfb44abfb7,true,ps2 textures\opaque\bp_remade,true,true,5,remarci_4x,false,0,false
iro_phones02_ovl_alp.bmp,d4ee5e65e920219271b13a8ec54ba79e58acd442,c2862bc9e345e301a429764670c3c897b5cc37cc,true,ps2 textures\HAS ALPHA\bp_remade,false,true,5,remarci_4x,false,0,false
iro_radio.bmp,ec033828f31fc0509ec9afdcfccd06e735bb1122,d2a6049fde4019365ae011ea0616131595198784,true,ps2 textures\opaque\bp_remade,true,true,5,remarci_4x,false,0,false
iro_radio_band_alp_ovl.bmp,66b97a3b3fbe34a17218db9cdbd162c8f6644d93,0d63b9356ce608fc665a546b900e6d7e95422af7,true,ps2 textures\HAS ALPHA\bp_remade,false,true,5,remarci_4x,false,0,false
iro_sk_face.bmp,e6af99dbae6105995b921c22670440864bd6ceaf,c46f8cc49f32bca68f32e1f814df25c6f7c355bf,true,ps2 textures\opaque\bp_remade,true,true,5,remarci_4x_extra_smooth,false,0,false
iro_skin.bmp,25e491b8a351b12508eb4e7e16bd01654c7d5a30,43c22d5bb711c56512eb73ae30bb4234ac959862,true,ps2 textures\opaque\bp_remade,true,true,5,remarci_4x,false,0,false
iro_skin_bandage.bmp,a814a435978245e53adfd32aeeb46ac67d18974d,27d29d8af6ef343f77cc5a663a304e32ee248495,true,ps2 textures\opaque\bp_remade,true,true,5,remarci_4x,false,0,false
iro_skin_blood.bmp,2074d9d58f232e9c233098f79d20822e8e480249,8d777c7b8509fe1fb7f88556513b0ec668f9fcb6,true,ps2 textures\opaque\bp_remade,true,true,5,remarci_4x,false,0,false
iro_snawear.bmp,280f231439ecf1b7c21b25433b36a5a8580df245,c2dc7b1c4cfa99274e6a30bd56e41a5274714588,true,ps2 textures\opaque\bp_remade,true,false,0,none,false,5,false
irs_box_all.bmp,c1056e4a392bccfc40d2f37483f632c04bfd449e,b52708f62dd63dfd715c90205d2c2b0a1eee8c83,true,ps2 textures\opaque\bp_remade,true,true,5,remarci_4x,false,0,false
irs_box_back.bmp,8c6330ecb87aa678125c1b96f2ae437022992955,38443a884b572db5aafb62fb9e18d0bc0eef2d63,true,ps2 textures\opaque\bp_remade,true,true,5,remarci_4x,false,0,false
irs_box_break.bmp,305cb336db43ee4865f453ebbacde7a2f0bdb645,68f6ca8a745181c80849fae14b5d9ba60d69d004,true,ps2 textures\opaque\bp_remade,true,true,5,remarci_4x,false,0,false
irs_main.bmp,c80293733d2dd899eba5e0e258c656ef4dfa220b,29a0dd63fea04f87c26b2ba28d84c09b68175923,true,ps2 textures\opaque\bp_remade,true,true,5,remarci_4x,false,0,false
irs_u1.bmp,fe14412f2aec2d48b996f3ab6b3c6ecac3418e30,921bf2177472db9f7e26f61fa5f7f796f34f0951,true,ps2 textures\opaque\bp_remade,true,true,5,remarci_4x,false,0,false
jim_rusty_arm_01.bmp,c253c7ea4dea49ba9717f02120b781c372896502,ca6fbcef14959bcb496a038b23358009feabb96d,true,ps2 textures\opaque\bp_remade,true,true,5,remarci_4x,false,0,false
jim_rusty_back_01.bmp,c5c76cbd7846ac7e4a9fd722d79a2b9d50bb73da,85d3db83c11f80e147dac8d5e06a5ba870b0b0d8,true,ps2 textures\opaque\bp_remade,true,true,5,remarci_4x,false,0,false
jim_rusty_body_02.bmp,dc2eae2373421debf6d904e0ca6fee065a0b9c8d,03bfc1144c352d7ffa31e0f3e1a35f86231cd12a,true,ps2 textures\opaque\bp_remade,true,true,5,remarci_4x,false,0,false
jim_rusty_joint_01.bmp,ab56e2713a1f4583f8f93dbbb1723bc67f58f891,3f01c3e64c53461dca00f413a37236c7a126b51c,true,ps2 textures\opaque\bp_remade,true,true,5,remarci_4x,false,0,false
jim_rusty_met_02.bmp,bdc8d36078427e72d9bf77a5e89c1c5b76596a8a,0819b98a3fa0973a0528f4a280ffbc5a1e2233b3,true,ps2 textures\opaque\bp_remade,true,true,5,remarci_4x,false,0,false
jim_rusty_win_01.bmp,89194fbebb40d4e9478bebd42bd00bf21fe7af71,c3eb41cb5da239cbaca12352b068c80c4e74891f,true,ps2 textures\opaque\bp_remade,true,true,5,remarci_4x,false,0,false
k_eye_s_pos.bmp,bd467be3243cd751febf642deb83d5d02154017e,9ddf00548ce14d4937fdab9ee9aa085a58c52125,true,ps2 textures\opaque\bp_remade,true,true,5,remarci_4x,false,0,false
kaitaic4_c_f1.bmp,b91de71f5d8cc28f888e0f06f7d38ac578e49391,dddae76ac259d640820610826c7588fa0f492470,true,ps2 textures\opaque\bp_remade,true,true,5,remarci_4x,false,0,false
kck_body1_s.bmp,5e835b1338862fe5b1fe65f972b343252f76d21e,99aeee86ce5930a304d5df3d8f15141fc1536220,true,ps2 textures\opaque\bp_remade,true,true,5,remarci_4x,false,0,false
kck_body1_t.bmp,38652b4a3a9b1de0c455915604babd2eb346b410,db62ddacdcef3c3f59e7ac60c129a4406adebcf4,true,ps2 textures\opaque\bp_remade,true,true,5,remarci_4x,false,0,false
kck_body2.bmp,43a7b2201177702285a73967cce2d8e69c93b58a,c1fa0755c1300d7019d323b478a80e19edae2094,true,ps2 textures\opaque\bp_remade,true,true,5,remarci_4x,false,0,false
kck_ckpt_chair_back.bmp,c84088bcb416e0a201d546b87f7d901b6867ece4,c16f5e6fb2013af54eeeb4ccb12df442f31063db,true,ps2 textures\opaque\bp_remade,true,true,5,remarci_4x,false,0,false
kck_ckpt_chair_face.bmp,047c9bf92e18384cb0d83c7e1d2ff1e7b894a07c,711d6e808cf83556475cc9cec9e5016ffaade5c6,true,ps2 textures\opaque\bp_remade,true,true,5,remarci_4x,false,0,false
kck_ckpt_chair_head.bmp,372c96e074f18dd1c8b690ebe51f535b34ffd035,46813746426a5389f83a547d97084d5840023f9f,true,ps2 textures\opaque\bp_remade,true,true,5,remarci_4x,false,0,false
kck_ckpt_door.bmp,d95fc82af80d365f833432dc7ad0536047b18a8d,c9f774fc715e2f6a1d841a9cd8b0867fbb501f1e,true,ps2 textures\opaque\bp_remade,true,true,5,remarci_4x,false,0,false
kck_glass.bmp,d3d63c180a6c7e002d928e7595f644e5c667b1ea,75032f7f0821bbab7a98894e2a7598b3cfbc6150,true,ps2 textures\opaque\bp_remade,true,true,5,remarci_4x,false,0,false
kck_mark504.bmp,12a4d1534fc1ec3622c84a90cda3e86c68a0b298,06a3c9822f21297ac631ce10124f8ac83e346d8f,true,ps2 textures\opaque\bp_remade,true,true,5,remarci_4x,false,0,false
kck_mrot_propera.bmp,9cce53fbd8c4f5fe4113d8a1b99a01dce403a6c5,4231b415c6a3f4140e09008853f78001bb5eecd2,true,ps2 textures\opaque\bp_remade,true,true,5,remarci_4x,false,0,false
kck_ropebox.bmp,45f421ae9fb112dc26babe1970ebeeb828a82ad5,c0cb3662495c1fb7719edeff4e975f90082c2de8,true,ps2 textures\opaque\bp_remade,true,true,5,remarci_4x,false,0,false
kck_twing2_s.bmp,fe324edbe69aba253f03b0e1acd4c8d1dde5f414,dc4ea3ec4baa9ed19ba94b3e391a40d66d917828,true,ps2 textures\opaque\bp_remade,true,true,5,remarci_4x,false,0,false
kck_twing_s.bmp,51774f89430a4eb2f1356da62e35c4a4d1111941,cc58f0ec8385e4c19a0a594a23c45366f126cc1a,true,ps2 textures\opaque\bp_remade,true,true,5,remarci_4x,false,0,false
kckis_box1.bmp,edd45f8abf247f7575314df3fd8eccfd3127f163,bf81a31c4f48f323d9083c3591dbc353c6039abf,true,ps2 textures\opaque\bp_remade,true,true,5,remarci_4x,false,0,false
kckis_door_walls1.bmp,a7a2813c99f8c9e4323f8cc2a1806aba60ad9c12,15ea222984439639b044cea57f93fe4c6bf62ff5,true,ps2 textures\opaque\bp_remade,true,true,5,remarci_4x,false,0,false
kckis_pipe1.bmp,87b77c6c47a933733c05c39c54320b002f373f86,a117451bff9c83ea6a939188530554dfc40b5a17,true,ps2 textures\opaque\bp_remade,true,true,5,remarci_4x,false,0,false
kckis_wall_s1.bmp,668e3c1568afa007d0d304423c1b7c40dfa312ec,81fcd8295b3e02909f775cd5cd99d5366fcf42b4,true,ps2 textures\opaque\bp_remade,true,true,5,remarci_4x,false,0,false
kictobunt.bmp,dcc42471a8bb26088bab209782ad02a019cb08ed,3e7050e4fcbb1fbd6d55cb5962b1075e929b00df,true,ps2 textures\opaque\bp_remade,true,true,5,remarci_4x,false,0,false
kictpa1.bmp,5c5838e24e2483efe893fc32c561ec444282acf2,92f58e42d85375da1374c5381719d13a82d879d0,true,ps2 textures\opaque\bp_remade,true,true,5,remarci_4x,false,0,false
kitabup1.bmp,d8353a3ada972cc51db33f709f4be99a3bfebdc1,30a8025218ab2f5c4890157d08a2a0f16a911ca9,true,ps2 textures\opaque\bp_remade,true,true,5,remarci_4x,false,0,false
kitabup2.bmp,3b5f21afaebc7011c54a4caa7b8991d600690349,89e4118703d20593adf4b3d79392f783d1ab44e5,true,ps2 textures\opaque\bp_remade,true,true,5,remarci_4x,false,0,false
kitabup2a.bmp_02cd1af7fc3c2bc6ac541d04e3c1fc94,0f5261e3098a4c902f1e6918d569ee43ba557ada,fcbf75a543c9711301846fafcc098a75f8692e90,true,ps2 textures\opaque\bp_remade,true,true,5,remarci_4x,false,0,false
kitabup2b.bmp,d22bcf2c45975a86ca5ac303ce8ba9d9c9b8482a,13ec52f05cee5d5cae28f310328fd766bb02554c,true,ps2 textures\opaque\bp_remade,true,true,5,remarci_4x,false,0,false
kitdaif.bmp_f955769afe56243c99ca706b761e63b1,ee4471fdbd46659afcc64c90695dde3dd9c5c211,d83246dd1ca68f482422e365ec284289b6a4f4bf,true,ps2 textures\opaque\bp_remade,true,true,5,remarci_4x,false,0,false
kitdaif2a.bmp,58e5352ddc4c22c426f3c979c421edda3b308e54,edb81fdc3a4434c99ab1b4f0ad780b69a1cefa7a,true,ps2 textures\opaque\bp_remade,true,true,5,remarci_4x,false,0,false
kitflymoto.bmp,f4b11e8da65f429ecf1b4eb55c4af1fa85925c49,447738c3373ab531cc78d4028445ebb0c6c8fcf9,true,ps2 textures\opaque\bp_remade,true,true,5,remarci_4x,false,0,false
kitflymoto_s.bmp,0f5d4088460f27999a9a34c3ce6eb2b7a5c125a1,934ff76b0182eb819c496a1d9d9d4bf193e5d6c1,true,ps2 textures\opaque\bp_remade,true,true,5,remarci_4x,false,0,false
kitgas_t.bmp,918628f361983118e7ea7df8b0f4c7f619932fef,f764eb5b071d8b49ba564153601fbd481244f9c9,true,ps2 textures\opaque\bp_remade,true,true,5,remarci_4x,false,0,false
kitkabf.bmp,40d4227d2bb698d8f91bd0d5899928f3db21d9f2,b6a01abfc9a1799d784e52d124364fe6008598b0,true,ps2 textures\opaque\bp_remade,true,true,5,remarci_4x,false,0,false
kitnab_c.bmp,92e3b2cdce3ea93aef125041670f68625d04260f,d76e863de88dc047e80077b212fd8fab21f903f8,true,ps2 textures\opaque\bp_remade,true,true,5,remarci_4x,false,0,false
kitnab_s.bmp,41cbf57db6a02f11b20994c17e3fcf05888c22d7,9440b65b194487714c1ab54640f5b7928b3f3dd8,true,ps2 textures\opaque\bp_remade,true,true,5,remarci_4x,false,0,false
kitnabd.bmp,bd78722f431a64f3bcc4fe08421a08a8bb2b6137,ef8513d8c4e54b12fa473a8e25d94ca71affa61b,true,ps2 textures\opaque\bp_remade,true,true,5,remarci_4x,false,0,false
kmo_droppings01_alp.bmp,5e8c97e46274d6a8a54ee35425837e31c47f4305,cf96576c5304e55f476e04c6dddc4d62a0be556d,true,ps2 textures\HAS ALPHA\bp_remade,false,true,5,remarci_4x,false,0,false
kmo_droppings02_alp.bmp,4fd6cafea2e9fa3ff256be651b9af2e91cc910ba,2774e774dda7a3599b49f605d1cbcc53bd088b64,true,ps2 textures\HAS ALPHA\bp_remade,false,true,5,remarci_4x,false,0,false
kmo_droppings03_alp.bmp,c5276e7278e3d53aa2361e60ab1568ff7e5c46bb,b7a89c32cef8954348dbf883470cbb769edfb485,true,ps2 textures\HAS ALPHA\bp_remade,false,true,5,remarci_4x,false,0,false
kmo_droppings04_alp.bmp,7ca625e7f7b63d06385a1a6bd7dc36e513fff40e,3a5708d65f916f8da7037a973fc6f8cd137e23e4,true,ps2 textures\HAS ALPHA\bp_remade,false,true,5,remarci_4x,false,0,false
lifeboat_body_back_01.bmp,b478303db5a3be26fecc9fe5c81b79c0ffc7448a,7a252eec397260f28a8903c89fa048066b44c4e3,true,ps2 textures\opaque\bp_remade,true,true,5,remarci_4x,false,0,false
lifeboat_body_center_01.bmp,a8463f9dcbceb4176e2d71301b70d5192d0f7491,158b689ae3642fc0cbe3cdd2dbb43835166f2a9e,true,ps2 textures\opaque\bp_remade,true,true,5,remarci_4x,false,0,false
lifeboat_body_front_01.bmp,d4e1b0810657d89f923e12d44f8035f70859ba8e,ab21d97cf28140841becf32c3977346593e5c929,true,ps2 textures\opaque\bp_remade,true,true,5,remarci_4x,false,0,false
lifeboat_fin_01.bmp,0472e35cce8d94a11fadf6995fbe52e8e50f7a4a,6d93b6cf1eb04ac02d12e31789d023e5397c3b6d,true,ps2 textures\opaque\bp_remade,true,true,5,remarci_4x,false,0,false
lifeboat_window_back_01.bmp,902761314c2c09c08ace33cb431e29a4ee34b4c5,3a26b4d1150bbee4e9d476250ead9ff344953482,true,ps2 textures\opaque\bp_remade,true,true,5,remarci_4x,false,0,false
lifeboat_window_front.bmp,7b875c7bc08ebd985f414da5dc793fbd386d3b33,59584f17700a3a5e4e14e11c6b24577477486bf3,true,ps2 textures\opaque\bp_remade,true,true,5,remarci_4x,false,0,false
lnr_amo_s1.bmp,8483aff9915ead13c1a11259c10ebcb8f9c5fb17,06ddc707af60d99265fdc803e0d2c22020b9c312,true,ps2 textures\opaque\bp_remade,true,true,5,remarci_4x,false,0,false
lnr_body.bmp,277397d64811546c6a58d9816954b26b64c3b287,1b0d17f9672812330febc7844145f9a767fa6aa5,true,ps2 textures\opaque\bp_remade,true,true,5,remarci_4x,false,0,false
lnr_body2.bmp,f6f1b491a408bcfd168c0d870e7c5af70262ff81,536d26694e621bed01e65919a67d3c208a56bcd9,true,ps2 textures\opaque\bp_remade,true,true,5,remarci_4x,false,0,false
lnr_body2_kim.bmp,29aa89124d1b9f771c5b93e7114c36dcacbb4952,8fc28412c0f8e305e6afabb6f6f36e0e1b3a3512,true,ps2 textures\opaque\bp_remade,true,true,5,remarci_4x,false,0,false
lnr_mag_kim.bmp,21994782e9deca7261307bf1984131cec27113ac,6196a15861ed5a05f109387ca5acec2de80e11fa,true,ps2 textures\opaque\bp_remade,true,true,5,remarci_4x,false,0,false
lnr_rail1.bmp,a4aaed67a6341724df1c8bc1206473efd78a54a2,1109b16fbcaeccf979d0028954f0b176658d903f,true,ps2 textures\opaque\bp_remade,true,true,5,remarci_4x,false,0,false
loc_01_soto.bmp,68cc1c1b5efb846afb71009c62845a02d79cab41,0004c906804be4ba207b9c4e77f9e3a234264f27,true,ps2 textures\opaque\bp_remade,true,true,5,remarci_4x,false,0,false
loc_door_07.bmp,cbfc53215a59754e88a9a6e955be7fb7e0f3944f,6fe3a1963bcabd9bb978fb6d2e4b243e67a03901,true,ps2 textures\opaque\bp_remade,true,true,5,remarci_4x,false,0,false
m3l_dk2_07.bmp,5230f0ba84621221814fd73d967195351054829f,ef74451105aa231f5ef22095bbdcfb9ee6937676,true,ps2 textures\opaque\bp_remade,true,true,5,remarci_4x,false,0,false
m3l_dk2_08.bmp,6cec36f34267fdb589ebcaea306c64bd32d64702,14805ff87daaa738a1897471291b6230f152e2e2,true,ps2 textures\opaque\bp_remade,true,true,5,remarci_4x,false,0,false
m3l_flo_06_bld090_ovl.bmp,e3368b0804ac8ade948027e0b20ccc47cc2c7110,69152a35d7f7b04353f8917137ed28681ace9966,true,ps2 textures\HAS ALPHA\bp_remade,false,true,5,remarci_4x,false,0,false
m3l_flo_08_bld090_ovl.bmp,b531a43dbd75eaa118e8a759f51b67cf06e7a409,e02f336a0a7251c4ea605bf5060d9fb279fa640a,true,ps2 textures\HAS ALPHA\bp_remade,false,true,5,remarci_4x,false,0,false
m3l_flo_09_bld090_ovl.bmp,726b393a1e07e16f4bf6f9a39c087232abbe867e,fd1e68faf431b139b8f6eba4e512d540a6f78375,true,ps2 textures\HAS ALPHA\bp_remade,false,true,5,remarci_4x,false,0,false
m3l_flo_medibed_bld090_ovl.bmp,adb8e0001dd0c832410a8c2061823b8c45d9177f,c45b53d3f4483ce1e282b9a13454a323ff40c9e7,true,ps2 textures\HAS ALPHA\bp_remade,false,true,5,remarci_4x,false,0,false
m3l_gou_02msk.bmp,e51a8353371dece6a1942a3ea30f7ca8a25e4702,57736a468b5180e1893f2dfae4c7224f6120965f,true,ps2 textures\HAS ALPHA\bp_remade,false,true,5,remarci_4x,false,0,false
m3l_gou_bed2.bmp,726ea0a2a2ddef383b0e09d0fb0deb4a937010e7,abb0692b247d3b2d5ab90c109759fbeb3e621f77,true,ps2 textures\opaque\bp_remade,true,true,5,remarci_4x,false,0,false
m3l_medi_wallt1.bmp,94b00164b716e74d77edc0a3c67bb32c25f19e2a,c73eaf6a23198dec27ea6b2548f70c389f3e2420,true,ps2 textures\opaque\bp_remade,true,true,5,remarci_4x,false,0,false
m3l_medi_wallu1.bmp,2eeed35b59c72c9118e64e1d1ab485adf9876fdb,7dc65c67eabf60adf31ddf6193788e6f0dcd8cff,true,ps2 textures\opaque\bp_remade,true,true,5,remarci_4x,false,0,false
m3l_par_under1.bmp,0c7eb9d073203dfff5198d5e7b5484309f17de4b,d23803b66c89a12c23b3bd9763ccf7c464a60f9b,true,ps2 textures\opaque\bp_remade,true,true,5,remarci_4x,false,0,false
m3l_par_wall4.bmp,40ff1dd896638e763ff2ad323ff6794f80896afa,489d8a9c11ac2d5f07f54274c18bd0bb1f0a5706,true,ps2 textures\opaque\bp_remade,true,true,5,remarci_4x,false,0,false
m3l_ten_03.bmp,a78c2e7f1b45027b11b6a49314754cb293925f23,f8c9157b6b04143bdc9dc3af42dae0f61f56d00e,true,ps2 textures\opaque\bp_remade,true,true,5,remarci_4x,false,0,false
m4a_all_t.bmp,b56ca4df2fba0aac313126b9eeff3b2ace6fdb51,50e8beaa5d65023ada9d99070828adbb03cf6a67,true,ps2 textures\opaque\bp_remade,true,true,5,remarci_4x,false,0,false
m4a_gl_unit.bmp,b3fcceaab0ab1a7277d988483e9360fee637cfa8,8ecc4a865648afe7c49a9f989d605c78a8518ef2,true,ps2 textures\opaque\bp_remade,true,true,5,remarci_4x,false,0,false
m4a_gl_unit_2_01.bmp,4dfbb1ca48fd6f6148d2bcc03b8c3b8bfc6c269e,bac02f16605b8f355ace4f071036048ffa9cfced,true,ps2 textures\opaque\bp_remade,true,true,5,remarci_4x,false,0,false
m4a_light.bmp_5758ef839d43e13183cf3678664d0e6e,82c5cf7c35ccca999b4ac3a4c74bb12fcf37c0f2,33f1fe24417c0b6fc59110a2917a2646e86ce347,true,ps2 textures\opaque\bp_remade,true,true,5,remarci_4x,false,0,false
m4a_s2.bmp,0d9d7cd60589a4c4e36c53b8507f082490340b3b,34874dced0da88a43744dcc15c94bdca49d89489,true,ps2 textures\opaque\bp_remade,true,true,5,remarci_4x,false,0,false
m4a_sb_s1.bmp,367261b469764a021091076216fb358a130d63c0,b57705d41761bee949bca0b06d8f14b579d33693,true,ps2 textures\opaque\bp_remade,true,true,5,remarci_4x,false,0,false
m4a_sb_sight_msk.bmp,43b86de5b1c49324c6e59803b39dde46e2f0f652,d177e1e2ac22348add623557f64d2ce0725e5b60,true,ps2 textures\HAS ALPHA\bp_remade,false,true,5,remarci_4x,false,0,false
m4a_scope.bmp,2a459d93992c2b2d313b4f257d23549480e0a651,f854aae0c25184141ce81d131b4cc88e13321356,true,ps2 textures\opaque\bp_remade,true,true,5,remarci_4x,false,0,false
m4a_t_msk.bmp,6138d04486deb87b78e6142465baf40be6b6daa1,de00e0dc83c85f5c02d9825e6e6c9686ff5be370,true,ps2 textures\HAS ALPHA\bp_remade,false,true,5,remarci_4x,false,0,false
m4grn_bul_high.bmp,75587a7769fdd02fce6b6e51c32cb71f3e117502,ac66e0163f5b3c1ce8655c96f2935f3d1f37efc9,true,ps2 textures\opaque\bp_remade,true,true,5,remarci_4x,false,0,false
m4grn_emb.bmp,6a56885623a4d466739fc65aa5e022ce278073b8,4b737d9929dcee6666ba049810da407eb21bf5cf,true,ps2 textures\opaque\bp_remade,true,true,5,remarci_4x,false,0,false
m92_all.bmp,ed7057f099290a0de9d5c0667088e53a4dcc031e,7ff4962dd5dd1660411fc7a4b3bb7862cf1a4bf5,true,ps2 textures\opaque\bp_remade,true,true,5,remarci_4x,false,0,false
m92_bul3.bmp,247638a96cde254ae4948ecf79e335357623f84b,8cfef75e95e0c82d52535a16b51a31cec1a3bc9b,true,ps2 textures\opaque\bp_remade,true,true,5,remarci_4x,false,0,false
m92_jyuukou.bmp,771dee42451f39ccfd98477c6dfc12e80816e90f,793146b9b81ba16efd99164f9b0ba73dc6111b03,true,ps2 textures\opaque\bp_remade,true,true,5,remarci_4x,false,0,false
m92_laserpoint_f1.bmp,d6ff2a468a7b4e9557ba0809331478f8a06a1dd5,d53a440a7a18d0f9956b4a9113058ef3f5817283,true,ps2 textures\opaque\bp_remade,true,true,5,remarci_4x,false,0,false
m92_laserpointer.bmp,4df44db76b02222428b5ffbbbea8a5a697db3998,b5827580721995120bb15b54c19afa3eff947fac,true,ps2 textures\opaque\bp_remade,true,true,5,remarci_4x,false,0,false
m92_magazine.bmp,0107444199e318b0517e27f71703affec9af998f,20137ce89bc558eb3918b6d169fe382ca2918f2e,true,ps2 textures\opaque\bp_remade,true,true,5,remarci_4x,false,0,false
m92_pointer.bmp,fb36786b5b544277ca1d06eacf4903ae84a6e803,9a2cf614df95c1f1e15a9441443d0b1dd39f2b46,true,ps2 textures\opaque\bp_remade,true,true,5,remarci_4x,false,0,false
m92_sb_all.bmp,925ec1fc8743f1694aa88bf62b5790dc33bc25ae,66dfd93bda47245510f1e3131869ba8506b41cf4,true,ps2 textures\opaque\bp_remade,true,true,5,remarci_4x,false,0,false
m92_sb_all.bmp_934c22e984e448da6c9f91fc36e0c08e,8ad8ed73a722948ed7aefd7003c046cb43ec70a9,1db00fcf8a40431989f3decbda985d56339b7356,true,ps2 textures\opaque\bp_remade,true,true,5,remarci_4x,false,0,false
m92_snk_all.bmp,fcb90e34afb198acf4a6348bbbdb168f9b9e415d,010019a101bb9dc303df440b7c5f7e5b0e399a93,true,ps2 textures\opaque\bp_remade,true,true,5,remarci_4x,false,0,false
mark_05.bmp,1beb7f3e5c44db85760ac71a8290412545480017,07f566be451bbb25251722ca17c14bb8c844e2e8,true,ps2 textures\opaque\bp_remade,true,true,5,remarci_4x,false,0,false
mog_loc2.bmp,3d60495756b2c598be2b1c0e5e60c4229df6caed,115df2de7b0bdcfb03ad33e160eec61c716c5119,true,ps2 textures\opaque\bp_remade,true,true,5,remarci_4x,false,0,false
mog_loc2_inner.bmp,42f5b85c9111eea93b0da005e668e45e9edaee9a,223ab8362ceb0c7e395b7fe58a3d0fc07bddc6b7,true,ps2 textures\opaque\bp_remade,true,true,5,remarci_4x,false,0,false
mog_loc2_inner.bmp_d7f08e98a624c2d19b0451eccba4fc48,4c6b98b72ffe774fd3785ae6bbb6804fa21ddf01,81c85404a3b7ac95144d85f3c6ab4703d615539c,true,ps2 textures\opaque\bp_remade,true,true,5,remarci_4x,false,0,false
mog_loc2_top1.bmp,820fbed425a5014c1e64c255e6eaa058ea7042dc,42c5e09e29b47db4fc0850d01e8248da1e86acf5,true,ps2 textures\opaque\bp_remade,true,true,5,remarci_4x,false,0,false
mrl_waist_pack.bmp,1440c0071b9bd1a5259aeaeb33269185a260522d,2dd3594b5ab98c88d96c23c52e6895f060f625c7,true,ps2 textures\opaque\bp_remade,true,true,5,remarci_4x,false,0,false
nkt_body1.bmp,db39a0b988ba6963d4408f3a02a0998130c98b16,f085cba7654f13bb79a6e4a8e13baff182bb66a3,true,ps2 textures\opaque\bp_remade,true,true,5,remarci_4x,false,0,false
nkt_box.bmp,8452f612b1104167d5dad3b6d21716a32daa1276,1ce20af8ed6acbaf7a7fa87668095d5549f97dac,true,ps2 textures\opaque\bp_remade,true,true,5,remarci_4x,false,0,false
nkt_cam.bmp,fbcb1473e3f5b716597d9731b610590c5dd6c365,bf110762ccd724016e0334c13695149c2972fed3,true,ps2 textures\opaque\bp_remade,true,true,5,remarci_4x,false,0,false
nkt_grips.bmp,dc38310bff6086af86d3f3aaceefcad0b8fcb382,ee1d5918ca5fb14956c1c46a1348eb439c1e668d,true,ps2 textures\opaque\bp_remade,true,true,5,remarci_4x,false,0,false
nkt_msl_body.bmp,5b40f03be2416347677d4b545761fe0e8f0f91b9,f58cb6bc88694c24d855396a7a39aef3bcba5144,true,ps2 textures\opaque\bp_remade,true,true,5,remarci_4x,false,0,false
nkt_msl_body.bmp_783bdf47a2cd4bcfd8edb391e2c88da4,ae5070d0ec4d1231865cd92cbc8d9d041defb87b,bd11c8e528f2780b9dac74aa55fdbd39f94c8bb7,true,ps2 textures\opaque\bp_remade,true,true,5,remarci_4x,false,0,false
nkt_msl_fb.bmp,397b3bee4fff959caedb6cb11b64f6fe1b06f04f,3d0d36d531cafe1cfe0a24f39e36fdb3f220ca75,true,ps2 textures\opaque\bp_remade,true,true,5,remarci_4x,false,0,false
nkt_temp_tx.bmp,24165a4b495d3d9a0479eed1521855ee5e1a4cc5,5eecb60df220b3f93b7a8a178938e360efeab359,true,ps2 textures\opaque\bp_remade,true,true,5,remarci_4x,false,0,false
org__arm_ovl_sub_alp.bmp,58519071033d8cd7e65be8b616fa1d363fc763e2,ddc54638999954b41e21238e4a2c6d5c1256e325,false,ps2 textures\HAS ALPHA\bp_remade\no_mip_fixes,false,true,5,remarci_4x,false,0,false
org__should_ovl_sub_alp.bmp,067a07705f2381eb3c213e4480d1a9064035484e,d6af82dfde3771e527d629083a0ac158af994786,false,ps2 textures\HAS ALPHA\bp_remade\no_mip_fixes,false,true,5,remarci_4x,false,0,false
org__waki_ovl_sub_alp.bmp,c99b5af5e5ae914942de1ebdb51454237cf9632a,af44f538267d2ba980e9c76212da05bfbcccf62e,false,ps2 textures\HAS ALPHA\bp_remade\no_mip_fixes,false,true,5,remarci_4x,false,0,false
org_arm3.bmp,405ba6087a5808bfbc8f579a2c77f3343691ff44,5414579c8ef78816fcf95b4ae34e660533d4f64f,true,ps2 textures\opaque\bp_remade,true,true,5,remarci_4x,false,0,false
org_arm4.bmp,5cca02a0b31166f12882adec92b8ff0c9123d3af,c92682b8deb11c8fb5bf04cfe12147dba8a227df,true,ps2 textures\opaque\bp_remade,true,true,5,remarci_4x,false,0,false
org_arm_2.bmp,73cd212010c617db01c64e6c0d7c09ce0f9bf080,590d26bfdbedab3ce1e9cd2dd25c40ff8888c9ea,true,ps2 textures\opaque\bp_remade,true,true,5,remarci_4x,false,0,false
org_b_ovl_mod1120_alp_emap.bmp,23c9e22b66578b56f807ddb8d94e21b5803445f2,1b5f4a1b366158bda01ad05c4c379c1de3da7cf5,true,ps2 textures\opaque\bp_remade,true,true,5,remarci_4x,false,0,false
org_band2_alp_ovl.bmp,cf5b964a5434857333de018ff912cefea947f2fa,ac56aa1c86018ead24b5146a35640f20f19aa3d1,true,ps2 textures\HAS ALPHA\bp_remade,false,true,5,remarci_4x,false,0,false
org_band_alp_ovl.bmp,d9aa22de974d24567988e0ec5ca225a42aa4f5fe,80473901da51d988332b7bf61b088b09a8a8b81c,true,ps2 textures\HAS ALPHA\bp_remade,false,true,5,remarci_4x,false,0,false
org_belt_ovl_mod1120_alp_emap.bmp,bd3772fe3157018be7d90b25eb7b6100b1fd594f,b160fe56bcf75cb7caa81dffc3fb0e297f6506db,true,ps2 textures\opaque\bp_remade,true,true,5,remarci_4x,false,0,false
org_body2_alp_ovl_sub.bmp,a539c5d87e2c706ba5148cb1cf6042f16aaafdfe,da469361a46fab0661bcae4475e9afa32d149f9a,false,ps2 textures\HAS ALPHA\bp_remade\no_mip_fixes,false,true,5,remarci_4x,false,0,false
org_boot.bmp,a452bf160b8332eda811a3d0953516bcc8202ba4,bc8598fb2e8a67f25435a4c3cd67b5c455fa40e3,true,ps2 textures\opaque\bp_remade,true,true,5,remarci_4x,false,0,false
org_boot_bt1.bmp,7fc27c2744dacd059dd43c4a7f0efff581386827,b1637ea5a10c275dec6ff71f0e0f5326066d6c7f,true,ps2 textures\opaque\bp_remade,true,true,5,remarci_4x,false,0,false
org_chest.bmp,74a0f70eb0f9aae330aa406c5cefd4edc8e5f278,c7423c00175cd155693c7ca6325094ee7a15227c,true,ps2 textures\opaque\bp_remade,true,true,5,remarci_4x,false,0,false
org_dt00_mouin.bmp,7a763fb26e9369cc49e3ded2b1c3d06e1f8b390a,5d9942977c1dea29943b7da5013179d808f0e877,true,ps2 textures\opaque\bp_remade,true,true,5,remarci_4x,false,0,false
org_dt02_mouin.bmp,3f450cc85a7455f3874c92ac780c46c1bebbbe52,bdeeb489ab80cabd34f4dcf961ef455d9b8af339,true,ps2 textures\opaque\bp_remade,true,true,5,remarci_4x,false,0,false
org_dt04_mouin.bmp,a1da2aefa7b77bb2de2bad3cf7a0567bdc657ecb,7d8d55f7e691f0ef1a83aae3e752a34797d26ce5,true,ps2 textures\opaque\bp_remade,true,true,5,remarci_4x,false,0,false
org_ear.bmp,05e0da7bd312162d21d88916fadee4eebb5b4c3e,072865c88c62330750aeb78e676053e5a8514723,true,ps2 textures\opaque\bp_remade,true,true,5,remarci_4x,false,0,false
org_ear_ovl_sub_alp.bmp,81bd5eed4ec38c84a196e449c2cbd9eda6b04507,17e78728c5d1a7b5ed38584ff674d699ea73f8c2,false,ps2 textures\HAS ALPHA\bp_remade\no_mip_fixes,false,true,5,remarci_4x,false,0,false
org_eye.bmp,57b3bfc22f0847499a99e04f2a3923a7f35f17f9,b199d48298627e00a705546cd6e4b0d90df14dcc,true,ps2 textures\opaque\bp_remade,true,true,5,remarci_4x,false,0,false
org_face.bmp,d2e38a62e17ed286fecb879882bf69843731c761,7f767be49a3fecb35e352805ee39820fc2576cfc,true,ps2 textures\opaque\bp_remade,true,true,5,remarci_4x_extra_smooth,false,0,false
org_face_sub_alp_ovl.bmp,d0e536ce9d04d56ba3316c018bb310c84324c9bf,c8a0d738c33ccc011336286829d5a872a1365c43,false,ps2 textures\HAS ALPHA\bp_remade\no_mip_fixes,false,true,5,remarci_4x,false,0,false
org_foot_ovl_sub_alp.bmp,174de5b3762ef5f0e9b5f3b24b618b904eec7f0a,695b8f69546b16132c67b7ce60ed12a318650a35,false,ps2 textures\HAS ALPHA\bp_remade\no_mip_fixes,false,true,5,remarci_4x,false,0,false
org_hair_alp_ovl.bmp,6c6a93a1fff0e860b363f5a0d8ccd284a430eb43,0aa100820f528470bbaad28f628a64f05eecb96a,true,ps2 textures\HAS ALPHA\bp_remade,false,true,5,remarci_4x,false,0,false
org_hand_all4.bmp,b666e1ef6f2dfd1830fa7e2a6a066161754a0420,536bedeb2b0b94ddd8b94330eaacacf5f405e12d,true,ps2 textures\opaque\bp_remade,true,true,5,remarci_4x,false,0,false
org_hand_ovl_mod1120_alp_emap.bmp,bb6c97654ebb3be20109e3d819a31b1a3969bc13,884342ccaa1bc78c054d05078866f13a3d63409d,true,ps2 textures\opaque\bp_remade,true,true,5,remarci_4x,false,0,false
org_hatfront.bmp,61a1d4b4ad7ba2131bdcd1cdbe2014b3712de32a,3bbc1b450aa9c29970f39caaea6d6fbb5234d95a,true,ps2 textures\opaque\bp_remade,true,true,5,remarci_4x,false,0,false
org_hatsaide.bmp,3b7609017009e1c745b2d4bc17ac1fba65a91fb8,bac2520501c35e516661e5b8753d4ea5d8343170,true,ps2 textures\opaque\bp_remade,true,true,5,remarci_4x,false,0,false
org_hatup.bmp,e5ba58c018ca0775170ddfb25a6a39f2ab46b2c3,feb8b9c95f7f3eeca398b544d2b7acd1726119b8,true,ps2 textures\opaque\bp_remade,true,true,5,remarci_4x,false,0,false
org_hi_finger.bmp,e7bf64e16591ae022ae77092df5a5f07ad8bfda3,28cc4d0ebb4a31cdc08f0b68145b42cbb3cfcbdc,true,ps2 textures\opaque\bp_remade,true,true,5,remarci_4x,false,0,false
org_hi_finger2.bmp,fb3ca0e7ab9d43a7aee45c547ebad610cf66a37c,5e136ce57cbd88b3a2e113e11e3e2f17ace0eb7e,true,ps2 textures\opaque\bp_remade,true,true,5,remarci_4x,false,0,false
org_hi_hand2.bmp,50ab9a31fcc95c689be5d59e0e6c9c0231762f27,6561448e5536e16523c853319c11acd6864912db,true,ps2 textures\opaque\bp_remade,true,true,5,remarci_4x,false,0,false
org_hi_hands.bmp,a68e280e344e7420acba427b3f0418a24da66032,643c175015ee2ad23572502f0e64531eb331813b,true,ps2 textures\opaque\bp_remade,true,true,5,remarci_4x,false,0,false
org_leg00.bmp,82b525b215126c7585b3856da075ac7738c2f7f7,e8d96aa4fdd062a1cc9c83c0649f061eca53e20d,true,ps2 textures\opaque\bp_remade,true,true,5,remarci_4x,false,0,false
org_mil_hair_alp_ovl.bmp,d823cad01b35a625f0da2db162fa60ca481bc0cd,1e2a7fc9f2d9ac62f6a901ea4a2b3f667c7aaabb,true,ps2 textures\HAS ALPHA\bp_remade,false,true,5,remarci_4x,false,0,false
org_mil_re_face.bmp,e81a4863af7ab88b52ac5da073efbd3c2b15559c,951446a8eabc52d62864f12bdab548f145acced2,true,ps2 textures\opaque\bp_remade,true,true,5,remarci_4x_extra_smooth,false,0,false
org_mouin_all.bmp,748f739e427d83acae57f82679109a8269b9a44a,9f215ea7e9ff6c64d52e43c019053474e9154a0b,true,ps2 textures\opaque\bp_remade,true,true,5,remarci_4x,false,0,false
org_rapelsate.bmp,0e2a2d24d8340f2810546b8624593de7661dfd99,c7f1496bb1d5b0f91350c0fc84fb24795bec7dca,true,ps2 textures\opaque\bp_remade,true,true,5,remarci_4x,false,0,false
org_sknc_all.bmp,d1cf0dad85d495068ea7fa11fd4c240156b48439,b5fd2f0e9ec5e1dd177fea48b775417df2a15376,true,ps2 textures\opaque\bp_remade,true,true,5,remarci_4x,false,0,false
org_ut01_mouin.bmp,535f139bc0337a0331787bf2b676f520a28e2ec1,b90b1f6a9364b48e9a7fa25d9f5fbe56c768c2d5,true,ps2 textures\opaque\bp_remade,true,true,5,remarci_4x,false,0,false
org_ut02_mouin.bmp,04e208f7d2f343830020fde1f3f72240036016f1,70b6c4c90c1e96fd1c75941d3f47cb38c4c25723,true,ps2 textures\opaque\bp_remade,true,true,5,remarci_4x,false,0,false
org_waist.bmp,822a9f4bc2ef3e4593c05bfd3cc11b8c54fbbd98,5b4f0ee30dffda83376f53a66fe3cb8cffb9e23a,true,ps2 textures\opaque\bp_remade,true,true,5,remarci_4x,false,0,false
org_year.bmp,bab094eaf45ef2c2892c5af7fe6264146703682a,57891af187afe24bc95775b79623106684a222d6,true,ps2 textures\opaque\bp_remade,true,true,5,remarci_4x,false,0,false
orn_arm_dt01.bmp,86e6dd233b49faca46df7f4c32fde9513d75d451,e6bcbc7c006f479ce7541f6b20103c8ffda4566d,true,ps2 textures\opaque\bp_remade,true,true,5,remarci_4x,false,0,false
orn_arm_dt02.bmp,a1d76b5406889cb8e521b7141415f9bdc4b54538,e45cd77f8bd1bda55c5dddb39762781ed541f798,true,ps2 textures\opaque\bp_remade,true,true,5,remarci_4x,false,0,false
orn_arm_dt03.bmp,77b93c2d163f4f66235fe3a61bf8eeff5c11cce3,e42c94705d05809def95a794ed884d284ad3b291,true,ps2 textures\opaque\bp_remade,true,true,5,remarci_4x,false,0,false
orn_arm_dt04.bmp,f2afdb2644245bf120674bca34921af0389b7749,a95204342c12cc84d53ba34cb82ea84796885a24,true,ps2 textures\opaque\bp_remade,true,true,5,remarci_4x,false,0,false
orn_backbone_dt01.bmp,3e87e8d61dbd83f83820aeae69023f6328dc2d6c,b545f4f5854b5f3d3f97a9a7e4693156c7e39617,true,ps2 textures\opaque\bp_remade,true,true,5,remarci_4x,false,0,false
orn_backbone_dt02.bmp,47268fd31212f587644351479819323cf750b67b,e326b44a086cbb72918439d5fef6498bf412ef64,true,ps2 textures\opaque\bp_remade,true,true,5,remarci_4x,false,0,false
orn_backbone_dt03.bmp,6d5e513477b09626af8291a003577cb6ff4c02a8,fefb5a57a26cda11496c5bd391fdcdf1e14e73ed,true,ps2 textures\opaque\bp_remade,true,true,5,remarci_4x,false,0,false
orn_body_dt01.bmp,b34e0770eb6e1b04db00b5ff1d5ca84e1fbf6b27,2c81db145b453df921d4f92f7bdc7a4aada48ba8,true,ps2 textures\opaque\bp_remade,true,true,5,remarci_4x,false,0,false
orn_elbow_dt01.bmp,ff42978b498e32c2630de2b28b60336335acbac6,4729ad60fa34cb9364f615e0133aed7dea3be708,true,ps2 textures\opaque\bp_remade,true,true,5,remarci_4x,false,0,false
orn_finger_dt00.bmp,a54659770e9fdaec74fab9151b8ea9dc658b6fe0,8ae730a8d158aebefdf52659e17618f2be05dd62,true,ps2 textures\opaque\bp_remade,true,true,5,remarci_4x,false,0,false
orn_finger_dt01.bmp,86c42127a9f63dcb5e1cf77c2ef4da8bf90529ec,69fa58768c0137cd7c54146c3075fbd465fa1ba8,true,ps2 textures\opaque\bp_remade,true,true,5,remarci_4x,false,0,false
orn_finger_dt02.bmp,f0ffda91dc29bbbaf01b3ec21a010d9772b11dd8,7c15b10846e3c8c2a0fb4b885143bc75831b48e5,true,ps2 textures\opaque\bp_remade,true,true,5,remarci_4x,false,0,false
orn_foot_dt00.bmp,0917acf09b6df6d250d9aaf82937234ee3740c6d,74c4f53ffd8949fc0cba2d5b0a4966bd86d26f96,true,ps2 textures\opaque\bp_remade,true,true,5,remarci_4x,false,0,false
orn_foot_dt01.bmp,6a36d5e448952efa383b24ca1b54487991be13e6,a1363bd75651a98b63f0e52975732b1adca3c455,true,ps2 textures\opaque\bp_remade,true,true,5,remarci_4x,false,0,false
orn_foot_dt02.bmp,ebf1facae4072b924f47f75d44e90fd32e519b74,e9c04289367217f46fe8adf40314e61f9b6a33a4,true,ps2 textures\opaque\bp_remade,true,true,5,remarci_4x,false,0,false
orn_foot_dt03.bmp,911f649b59c42b0a6f772b71e6aa3cfe03add801,a3354f972c44d0090126a42b642bffc5fed38016,true,ps2 textures\opaque\bp_remade,true,true,5,remarci_4x,false,0,false
orn_hand_dt00.bmp,2ed8ececdd5d5e2085349347b76771b6ba912524,6946816fabd1e6d014a07368b18cbe50dd2b9a3f,true,ps2 textures\opaque\bp_remade,true,true,5,remarci_4x,false,0,false
orn_hand_dt01.bmp,3bb29439e25b247d9b2c1e9da64d7b2441f4edc9,9327376d8c8ddd886ae6c50aa54995c2dc07e478,true,ps2 textures\opaque\bp_remade,true,true,5,remarci_4x,false,0,false
orn_hand_dt02.bmp,48b15fe96d108e48292b54912a3768b6e9cf8abe,5493718c7d1fdc29919ff0ab4df933133be54aac,true,ps2 textures\opaque\bp_remade,true,true,5,remarci_4x,false,0,false
orn_head_met.bmp,89dd2fbe2ba371041151e3bf57c5facdcee4ed99,6f669c55c0d1956ea323bcbf769e4d39fcfbae87,true,ps2 textures\opaque\bp_remade,true,true,5,remarci_4x,false,0,false
orn_head_met_alp.bmp,9cb2042eb77911b947c5266cda66af27277c7a70,e8c8229ef4a065b67135cf1fe03d23d99d5be76c,true,ps2 textures\HAS ALPHA\bp_remade,false,true,5,remarci_4x,false,0,false
orn_head_met_sub_alp_ovl.bmp,7530269dea7ebf55a30c5147ef70b092038e5c53,9e2aef227404a28c4c1cd884f7d719d246e575f5,false,ps2 textures\HAS ALPHA\bp_remade\no_mip_fixes,false,true,5,remarci_4x,false,0,false
orn_helmet_dt01.bmp,1656ea87a6a3213decd8a5f8fb3c18bcd69dfdad,f3b8f5aad563ea3170b2d9599b09936e81492c12,true,ps2 textures\opaque\bp_remade,true,true,5,remarci_4x,false,0,false
orn_helmet_dt01_sub_alp_ovl.bmp,2d42426bf2be930601ad497762114e6e57391f8e,b87634397d54309c16a0396b4037a3c3bffa193c,false,ps2 textures\HAS ALPHA\bp_remade\no_mip_fixes,false,true,5,remarci_4x,false,0,false
orn_helmet_dt02.bmp,4b322c5aeaed3e9adfdde97318a3b32bd682aefc,e92d287270dc6622141bbd855e919a4c116fc59e,true,ps2 textures\opaque\bp_remade,true,true,5,remarci_4x,false,0,false
orn_knee_dt01.bmp,991ad4157d84f2866d986c6c0830e354a34759e5,0347fc35c33a1bfc492f1b0ecde9eb08759c293c,true,ps2 textures\opaque\bp_remade,true,true,5,remarci_4x,false,0,false
orn_leg_dt00.bmp,f6ef6c99d9db2f81692be172b74cf5ecb109e885,07ba7d45e07ee020fe7e4662ec12bfac7ee11557,true,ps2 textures\opaque\bp_remade,true,true,5,remarci_4x,false,0,false
orn_leg_dt01.bmp,b8c2b7d40689d17ae1f41f263bad5663ddae9c28,2a7be2196066505803cdfe23153a06ad4d9ee259,true,ps2 textures\opaque\bp_remade,true,true,5,remarci_4x,false,0,false
orn_leg_dt02.bmp,bdb103a3ed54bd61592db31416f38357e2160935,4114f9cbced7ff1b688ddfb2b0ab0d33643f5b64,true,ps2 textures\opaque\bp_remade,true,true,5,remarci_4x,false,0,false
orn_leg_dt03.bmp,d328851b1d23df54c0b7bf2a36a0012245b499ac,1fcd848fa32d19ca57ddfdb0784a397c3fc4d0eb,true,ps2 textures\opaque\bp_remade,true,true,5,remarci_4x,false,0,false
orn_leg_dt04.bmp,4bfe335c1678a0386b317bf7add729bc82deb188,1f719b51caf8aba386a9f9f4e3c72b3e1a98ba98,true,ps2 textures\opaque\bp_remade,true,true,5,remarci_4x,false,0,false
orn_neck_dt01.bmp,9b5e0e38d9b7ea3bc982e8c099f1c48b74dee7e3,a527febb54f779893deb3d88ede693f00af226b7,true,ps2 textures\opaque\bp_remade,true,true,5,remarci_4x,false,0,false
orn_should_dt01.bmp,8dfc818143076ee25edee0e5b0142f279243d905,4a1cfc32bd16a2ca9b73f6297b31298bee0e01cf,true,ps2 textures\opaque\bp_remade,true,true,5,remarci_4x,false,0,false
orn_should_dt02.bmp,cce66f642cf56365779a7330951bdb54757096cb,51cc497354c9b06544b81724d9cd9108f7516800,true,ps2 textures\opaque\bp_remade,true,true,5,remarci_4x,false,0,false
orn_sld_cover_alp.bmp,a067b72d074e0068f5a110d25edebfa1366e9252,c11a0b30e7df5f8c603de611855300431e2168d3,true,ps2 textures\HAS ALPHA\bp_remade,false,true,5,remarci_4x,false,0,false
orn_sld_mitsubishi_alp.bmp,ab0ada23225f78f739f96bb8d55dd3128dcc8b65,a98154cbb0da9fd7969dcf394b3d56e447c271b3,true,ps2 textures\HAS ALPHA\bp_remade,false,true,5,remarci_4x,false,0,false
orn_sld_noiz_alp.bmp,fa83f49d6d5ffc496c764e8e95dce60db2bac783,908c619119428bdea843ff834755be277b9572be,true,ps2 textures\HAS ALPHA\bp_remade,false,true,5,remarci_4x,false,0,false
orp_arm_moji.bmp,5072ebe1ab513f1f2fa1b378e5e8bb74609b92fb,56e0b5133d9f8416e4d37b34119b9d0ea23ad1fc,true,ps2 textures\opaque\bp_remade,true,true,5,remarci_4x,false,0,false
orp_band.bmp,88d4ea9cad501790c31a57d3349b7e312edf7a4f,dc3eb7292750587fa2455b892969bf007789b032,true,ps2 textures\opaque\bp_remade,true,true,5,remarci_4x,false,0,false
orp_band2.bmp,00efa9072de638390450054b136e990a97ae570f,b3cf2510e412d6e83629a6e32533d6b9266db28f,true,ps2 textures\opaque\bp_remade,true,true,5,remarci_4x,false,0,false
orp_band3.bmp,6fb94fd1bec21cde82ddd5641d4e13a752101b45,998c291dbb5375bc1c6bfbad0496d5e11ec7f7f8,true,ps2 textures\opaque\bp_remade,true,true,5,remarci_4x,false,0,false
orp_boot11.bmp,343b55e1bef3beca6f116aaea19b9c1c7437d6ba,1987c46b4c36feefffbb5024c116e552cc869ca8,true,ps2 textures\opaque\bp_remade,true,true,5,remarci_4x,false,0,false
orp_boot11.bmp_41f82e6a30bb7b02db79623a7af71771,5bfba771a6b5b30b83153a7896952bd1d7a32644,9f316d78b849a968c1968b5cc76447107cf864df,true,ps2 textures\opaque\bp_remade,true,true,5,remarci_4x,false,0,false
orp_boot_bot00.bmp,ddc136354ac93830937445d49fffdc048d86a17f,55240f9938d132e076feaed71ca5ed9d96599bdf,true,ps2 textures\opaque\bp_remade,true,true,5,remarci_4x,false,0,false
orp_chest_j_meisai_re.bmp,95ffe3727e6bdb3388ca393e0c8cad98a54531d4,b3a974ef743f07f7985a5a29d4c441fd55fc1419,true,ps2 textures\opaque\bp_remade,true,true,5,remarci_4x,false,0,false
orp_chest_j_meisai_re.bmp_957a88ed297ab2639c6e89e823337953,a9284a272b62b443b0cda18fc4a7313e04fb2696,7f8643bb20b08b27c09daa316c02b53313a44308,true,ps2 textures\opaque\bp_remade,true,true,5,remarci_4x,false,0,false
orp_chest_s_re.bmp,12fa2c504c063a2f3e96efb32d4b028efa0cdfdd,c951ba5a5bdf975b8077e0050767647e7c39bfab,true,ps2 textures\opaque\bp_remade,true,true,5,remarci_4x,false,0,false
orp_chest_s_re.bmp_b6cbd75d2c45b5510f58574f6b202217,48d9aad6023ff0b08908fe21adfa2a8f7b396468,2e407e339faa9884af32b779c14502393950712b,true,ps2 textures\opaque\bp_remade,true,true,5,remarci_4x,false,0,false
orp_eri2_meisai_re.bmp,cf315c54ab6af8b751ee0b3a5829ce278b834c68,af4977d27a59a4042c3f8232385a8d3334c363ed,true,ps2 textures\opaque\bp_remade,true,true,5,remarci_4x,false,0,false
orp_eri2_meisai_re.bmp_bc88fb1e44ae3c046de504850142dc06,dd89d572488a4b97643eecf06be6cbd4fefc78bd,e5aa4207f1548ddf90b44f8da0fed5f4c4a3f4d1,true,ps2 textures\opaque\bp_remade,true,true,5,remarci_4x,false,0,false
orp_eri_meisai_re.bmp,962662c553600ef10fa26fd50ed83c4d6092b514,b31ff04f466f56f15938dea3ca521f16e9adc479,true,ps2 textures\opaque\bp_remade,true,true,5,remarci_4x,false,0,false
orp_face_dd.bmp,d27ccccc50ac9f7376cab1bdce0adceed8ca7b69,989dd6445917fb5d607ebec8d1100a876731c0f1,true,ps2 textures\opaque\bp_remade,true,true,5,remarci_4x_extra_smooth,false,0,false
orp_face_re.bmp,e9ce865d887f2165806fde486a115a82a5eae5e7,82a8750b22c8b8379be27d30d34a6bb687bdfc3f,true,ps2 textures\opaque\bp_remade,true,true,5,remarci_4x_extra_smooth,false,0,false
orp_face_retach.bmp,8e8b438768e59c0a68b035ff67971087595d6b6b,1b55791fb5b2649d205a067d366357a5a6f4a3c1,true,ps2 textures\opaque\bp_remade,true,true,5,remarci_4x_extra_smooth,false,0,false
orp_face_retach.bmp_0e6325221940c6ed91356bbf364e91c4,e1d012e42a0409304e55a602cc6090381ced97b0,84a04e93e52d13eb9407b478de504cc972da8f3a,true,ps2 textures\opaque\bp_remade,true,true,5,remarci_4x_extra_smooth,false,0,false
orp_face_retach.bmp_52c9c67e50e94dbb4dab8c0eb4360a13,5220cb2d6d5b525c1527f26323835685b69e42eb,00af112f7e0fda9be3a285230f6b29502b97462b,true,ps2 textures\opaque\bp_remade,true,true,5,remarci_4x_extra_smooth,false,0,false
orp_hair_alp_ovl_dd.bmp,d733d91e71716898e9d1c581b69e8a6a686daa0c,b121f2932cf7be69e998c390c9ec905aaa497bc9,true,ps2 textures\HAS ALPHA\bp_remade,false,true,5,remarci_4x,false,0,false
orp_hair_alp_ovl_new.bmp,d06bacf8b748112335221301bbaa193da042a88e,5d2a8542d7254822e87ab3e170b17d21cd828b3a,true,ps2 textures\HAS ALPHA\bp_remade,false,true,5,remarci_4x,false,0,false
orp_hair_alp_ovl_re03.bmp,7128fe94c51b0a263a441d57c68948a9c5c24e12,99f9c8ceb348f3d54d16f8d34307ea87f135820c,true,ps2 textures\HAS ALPHA\bp_remade,false,true,5,remarci_4x,false,0,false
orp_hand_sam.bmp,167c55004ddedee19fc4b61ddb3a7e758601d031,49ef974156c8ac2262a75f1dd566a572c68d0a31,true,ps2 textures\opaque\bp_remade,true,true,5,remarci_4x,false,0,false
orp_hand_top.bmp,3ab8f2ec0e584077b0105955bc6d84e939bad5d6,fd21d2697e037985ab277389c39393be95c19fa5,true,ps2 textures\opaque\bp_remade,true,true,5,remarci_4x,false,0,false
orp_hf00_st.bmp,671cf9767cb60bfe71dc0fb7400eb8f4e36f139a,6d4ab3b0beb02c1fa98c4e36cc09947b77f32b4e,true,ps2 textures\opaque\bp_remade,true,true,5,remarci_4x,false,0,false
orp_hf01_st.bmp,e5225a3c3880f03ca808595f7ccf988846b18dbd,01e80633185bbaa9689b7ea8c2a4892bc7fe75d8,true,ps2 textures\opaque\bp_remade,true,true,5,remarci_4x,false,0,false
orp_hf02_st.bmp,87d2eebd49852de001fbbff194a1bc958b1a6bbc,5ba428c2e7c4464fb2ac0077ee436bb8531370ce,true,ps2 textures\opaque\bp_remade,true,true,5,remarci_4x,false,0,false
orp_hi_eye.bmp,fc9eda0413d0643e590785f9158befa6b24e3f05,30af1697d963291cecec1079538664d1a1269e41,true,ps2 textures\opaque\bp_remade,true,true,5,remarci_4x,false,0,false
orp_hi_finger.bmp,a81c2ab8e6759c8d13db66ddfab99ff18779ce6d,b05f6ae68b180771f6e4004e7365c1bf7d76a001,true,ps2 textures\opaque\bp_remade,true,true,5,remarci_4x,false,0,false
orp_hi_finger_red.bmp,a12536a527f339a7ff32f4efbe80e7cc818f0291,956df0554a98f330b3fbe19fb13052346e3c0ea1,true,ps2 textures\opaque\bp_remade,true,true,5,remarci_4x,false,0,false
orp_kata_meisai_re.bmp,186b3e20ce4fa829314d2959efb01b1386c63060,b980b497144f3d868b306d479635cfd3a97122de,true,ps2 textures\opaque\bp_remade,true,true,5,remarci_4x,false,0,false
orp_larm_j_meisai_re.bmp,1594b89a9752620dbd416462421794552437436d,da149a54d1aae3b71a7d7c9c00f032b551ad33c2,true,ps2 textures\opaque\bp_remade,true,true,5,remarci_4x,false,0,false
orp_pamtsu2_meisai_re.bmp,a374e4ff187ed8a36c5ecccd95f3251de9b98a91,49b4458193e90a8db801443b97ef31460360a079,true,ps2 textures\opaque\bp_remade,true,true,5,remarci_4x,false,0,false
orp_pamtsu_meisai_re.bmp,a4c5a2bfc9210f2815e54d6aa75f969d7f483006,f533346599c4bdd6dd67b9514d850b7ad1cfb674,true,ps2 textures\opaque\bp_remade,true,true,5,remarci_4x,false,0,false
orp_rarm_j_meisai_re.bmp,54411dc3f7b3e4b6f3da155ccb68ca7a6056f460,14520bd578502e3e3200061837621f1f286330e3,true,ps2 textures\opaque\bp_remade,true,true,5,remarci_4x,false,0,false
orp_waist.bmp,783bf614f1e1f279ce7645ae5acadb3124bad380,ee8cef4323c3e1e4a26274dc5472b1f1142e2a79,true,ps2 textures\opaque\bp_remade,true,true,5,remarci_4x,false,0,false
p90_amo.bmp,ea3d9744488504de14f555436541af8b4398605d,100581ad163e6af344e685bef293db4dc8912506,true,ps2 textures\opaque\bp_remade,true,true,5,remarci_4x,false,0,false
p90_amo_natsu.bmp,052859bee4f37f11c5cca70a35d0fb0bdcd4681c,9bef6ce1f4c5f7f972a04d6a68c180b5edd70813,true,ps2 textures\opaque\bp_remade,true,true,5,remarci_4x,false,0,false
p90_main_natsu.bmp,e667c612ee91b7304c6b621a56b677419582c33c,31bf0d76bc4a166a7c8b53dede606915890bc0a7,true,ps2 textures\opaque\bp_remade,true,true,5,remarci_4x,false,0,false
pdray_face_s2.bmp,eec48f94ac6575aecca60448b835546c5bab4e90,a2072bb0da386071546f0dd0c002186da6aba6dc,true,ps2 textures\opaque\bp_remade,true,true,5,remarci_4x,false,0,false
pit_arm.bmp,2d9d45f6f24b3e811433da60bf234c0e53bbe4e1,6a7192da1741eb1255dd258377c5f3b4bec49b09,true,ps2 textures\opaque\bp_remade,true,true,5,remarci_4x,false,0,false
pit_arm004.bmp,17ea1f5b2258805e6385e7d95b7ab19bd11dd009,67ec790b2e1b790ea29e782ad384d6ea8a0a7d39,true,ps2 textures\opaque\bp_remade,true,true,5,remarci_4x,false,0,false
pit_arm_big_mark_l.bmp,35054b2d47a6f8a72e6284c0acb90ae5ad448a89,e63a7bbad6a93254ddf30fc99d1fa26471e31dd9,true,ps2 textures\opaque\bp_remade,true,true,5,remarci_4x,false,0,false
pit_arm_big_mark_r.bmp,18e5472ce58569f1c9fd72e03a219fa188c0bb23,8f1fa571f496adf808d536207ea17e5ab464c2f6,true,ps2 textures\opaque\bp_remade,true,true,5,remarci_4x,false,0,false
pit_arm_markl.bmp,d1446e78c39ce227bcf214f51e52b8280d9bf1c7,e55ed9dc64365f6484a5c3f19fc418e5e673f440,true,ps2 textures\opaque\bp_remade,true,true,5,remarci_4x,false,0,false
pit_arm_markr.bmp,edd90929dcf0478dc7edf349448cb90d11ba1586,6f36ec663f15628752861cb25b4191f57986eed3,true,ps2 textures\opaque\bp_remade,true,true,5,remarci_4x,false,0,false
pit_boms_big.bmp,1359e0c69079fe1101f28e051ead3d63f7eebf9b,fb92571ba137a7f65a5a5c0816cd41d081654dfb,true,ps2 textures\opaque\bp_remade,true,true,5,remarci_4x,false,0,false
pit_eye.bmp,dddef0745cfeae22910bad2754a8e810ff473577,11d2e8fb947b178acd746cdf3920db726e29f76e,true,ps2 textures\opaque\bp_remade,true,true,5,remarci_4x,false,0,false
pit_eye_d.bmp,286d94cce73130ed6adfff6ab603a56d73c08262,de9daf93e45a46a2d85a398b8285ae9e5fd24164,true,ps2 textures\opaque\bp_remade,true,true,5,remarci_4x,false,0,false
pit_face2_ovl_sub_alp.bmp,0330507fcb5bfff02f03bafe243eab032f6746b8,5ff53598bc4d6180248c90122eee75bea597760d,false,ps2 textures\HAS ALPHA\bp_remade\no_mip_fixes,false,true,5,remarci_4x,false,0,false
pit_food_c.bmp,05b61bc2a8bfdb1e35f80d1d3c0eadadd9617560,b7af4a9a1b93e8af92d49c72bce44423e66cba69,true,ps2 textures\opaque\bp_remade,true,true,5,remarci_4x,false,0,false
pit_food_c.bmp_34cbc68775c7cff51c1749b7d1398731,f8c69c038d8e8eaa079c2852a529220e9ff5fa1a,d2fb815a4378ba4f49b26065b6a96bbfbd624e85,true,ps2 textures\opaque\bp_remade,true,true,5,remarci_4x,false,0,false
pit_food_s.bmp,ba0b995c2e64609d5317e154fbe54d016382fdf7,6ea8b9abd2120a03838716800d515bd231cfdc3e,true,ps2 textures\opaque\bp_remade,true,true,5,remarci_4x,false,0,false
pit_food_s.bmp_c5532a65e21a91fcf9dcfee4619c7e9a,7242da65d29fdc20ce8eb0a69450460cc3575df8,ef5d733aa81e2931af9d3c96159787f7580e9dd3,true,ps2 textures\opaque\bp_remade,true,true,5,remarci_4x,false,0,false
pit_legl.bmp,16df36d046f4bcea9d0dc7233b9446856bcff9ce,9fa36320e1897f63da6cc8b5ddb62215ecf09e54,true,ps2 textures\opaque\bp_remade,true,true,5,remarci_4x,false,0,false
pit_legl_re00.bmp,f9ae18d2d077d2948241ce0a59944e6356144bf0,8bd484069cb7d2b504022ccef228452fbc15297c,true,ps2 textures\opaque\bp_remade,true,true,5,remarci_4x,false,0,false
pit_neccktie.bmp,638539b8aefa94e506eaa9219bc6cf79110aef02,e571202ab0c36f384a171ef1be3fab2f84642113,true,ps2 textures\opaque\bp_remade,true,true,5,remarci_4x,false,0,false
pit_nypd_big.bmp,708cf3c23768eb36b6d42889b44c0b3f32851b72,86a74662c3533fc3ee8bc0acb2af4a3c65c6e68b,true,ps2 textures\opaque\bp_remade,true,true,5,remarci_4x,false,0,false
pit_shatu00.bmp,935352bb0ffcf00c4630623264a6d73d3194d6e2,629f6b5f9ba84a1c57d86ee89d3b3d7c23217c9c,true,ps2 textures\opaque\bp_remade,true,true,5,remarci_4x,false,0,false
pit_shatu001.bmp,e234bad777cff3c3712586217b77133be599f859,dae05ab3bd005cbd160566e6f5b9e51011b0f554,true,ps2 textures\opaque\bp_remade,true,true,5,remarci_4x,false,0,false
pit_shatu01.bmp,e4fc57993dacc48aa21fade698356ec0d2e3b9d5,cce0c6d031962ea39c24c7ec9d0764976e69b885,true,ps2 textures\opaque\bp_remade,true,true,5,remarci_4x,false,0,false
pit_shatu_dd.bmp,0fb860f3784b2d28b831533a8444cd2ceb7efaca,cc9b9ade7332c1ee0085c2bd2d569d5650f8228e,true,ps2 textures\opaque\bp_remade,true,true,5,remarci_4x,false,0,false
pit_shoese.bmp,c6c67df9c49082964b13e606722b4040086250f4,2c52c90f8d0a1e6b9c3ae9d05bba941908e622ff,true,ps2 textures\opaque\bp_remade,true,true,5,remarci_4x,false,0,false
pit_shoese_000.bmp,7d7779dfec7ff256077ba4b1522acf466d8b6c69,ad611731c5847018231f82c8b6fad0ef16e6ed42,true,ps2 textures\opaque\bp_remade,true,true,5,remarci_4x,false,0,false
pit_shoese_under.bmp,86879601f57a8404b99bcc8cca38a8f33e74a732,60693a3309dd1e6182603ca94a21d6775089ad02,true,ps2 textures\opaque\bp_remade,true,true,5,remarci_4x,false,0,false
pit_steki00.bmp,44f204ae086e08c645c1983c8494eff1673e0acc,ccb2ac66f4ce7b40d9591b6cb7267af9891a70ef,true,ps2 textures\opaque\bp_remade,true,true,5,remarci_4x,false,0,false
pit_steki01.bmp,469165322c713b3d7088f51615b5c608ac5709fe,ca92fa27eb2fe9d165073c807eee4a3289bf6d76,true,ps2 textures\opaque\bp_remade,true,true,5,remarci_4x,false,0,false
pl_box_d.bmp,324c4feb969ccc996d99fe68b6a856db9aeff56b,5e24cef3bac893daf30859306f77559e0c4e3932,true,ps2 textures\opaque\bp_remade,true,true,5,remarci_4x,false,0,false
plant_bomb2_alp_ovl.bmp,6b85d38a89c8831f991683c986b8527502fb9ef8,1963e411eaf78829e27c5de0e15daa8b462c410f,true,ps2 textures\opaque\bp_remade,true,true,5,remarci_4x,false,0,false
plant_bomb_alp_ovl.bmp,de5edebab19f93a40d21cb242168c0ec954d5b79,3ed3987156470660c3f9243eb7a7a3158098b8a0,true,ps2 textures\HAS ALPHA\bp_remade,false,true,5,remarci_4x,false,0,false
police_pos.bmp,eb3413271a96ce945625489b9f62edec510b77a0,aa0c59b010e732821c81ecf312040692e0ede94e,true,ps2 textures\opaque\bp_remade,true,true,5,remarci_4x,false,0,false
pos_abe_01.bmp,ec215e58b11c9bb62d0b26288cd440ccfd893c4f,43b6f62124e05e9dbe71b98f8039468805438801,true,ps2 textures\opaque\bp_remade,true,true,5,remarci_4x,false,0,false
pos_ishida_02.bmp,90f1f5a370437f456356671ed7fa4c3588794874,f8b5eec5709161b727d5027a532c5e462c371af7,true,ps2 textures\opaque\bp_remade,true,true,5,remarci_4x,false,0,false
pos_ishida_03.bmp,46af0cf4110e68cd186b069341e1139857431194,eb20de2582ced838093259637aabb43bc5d5d14b,true,ps2 textures\opaque\bp_remade,true,true,5,remarci_4x,false,0,false
pos_kazuki_01.bmp,717130509ca88388e50a0a0dda3ffe33dacecc04,622f53d89dda0b3c2387cf3c1d37d2cdae236c17,true,ps2 textures\opaque\bp_remade,true,true,5,remarci_4x,false,0,false
pos_kazuki_02.bmp,e922fbf8c47e9e041ceac5765705bec31720ae00,33ab58d35a42f4a2767918d04b6aab0338c80e60,true,ps2 textures\opaque\bp_remade,true,true,5,remarci_4x,false,0,false
pos_nakagawa_02.bmp,6471a2ca80ec582bdee54037fd1b6432abe204de,61be74841e9e4b21ccea1702442fc841325981af,true,ps2 textures\opaque\bp_remade,true,true,5,remarci_4x,false,0,false
pos_nakagawa_03.bmp,3ab693d32c746be1659096bfd755d7b557350a8e,f5b3bd6c2d2dfb04f3d241f079bf30c81705d7c2,true,ps2 textures\opaque\bp_remade,true,true,5,remarci_4x,false,0,false
pos_yasuda_03.bmp,f29e4d6eaa69488cdaa32d9defada732d84806ef,58272a6657b2a1f6be53737dfbeba9939b163857,true,ps2 textures\opaque\bp_remade,true,true,5,remarci_4x,false,0,false
postcard01.bmp,f04ef1e4d0ce4efe1382086809403c7b948a29de,9c13b7b779ac1a10fd4ed0af1064b33b710c0761,true,ps2 textures\opaque\bp_remade,true,true,5,remarci_4x,false,0,false
ptr_face03.bmp,57f91f656ed154b034d207884a5a09cb7aba2e4d,58bb8cdf4ba7153c686525ac4e2967c5cb175b48,true,ps2 textures\opaque\bp_remade,true,true,5,remarci_4x_extra_smooth,false,0,false
ptr_face03.bmp_b289bdfbbb58e30a73b2a6a2b3ba988b,21f2a57a49a9340d521a0d60c02d4f6e8eae1441,efc4e89ab0c4254fdc24b57b070e9f49dcfea729,true,ps2 textures\opaque\bp_remade,true,true,5,remarci_4x_extra_smooth,false,0,false
ptr_face_dead.bmp,96888273a3571355bf7efde4522b87d293d63c72,f6cedb405c883347414e53739d11a1287851b84d,true,ps2 textures\opaque\bp_remade,true,true,5,remarci_4x_extra_smooth,false,0,false
ptr_hand.bmp,5030672b964069ad74d3de9463759227425e88c1,32b29ef33f88f36373d1623bd672fc9e309a760b,true,ps2 textures\opaque\bp_remade,true,true,5,remarci_4x,false,0,false
ptr_hand_re.bmp,58d8729883513342b86b5c11e571ba96e3708076,7a6925c32a67ed34207f9257322a547921ac4e95,true,ps2 textures\opaque\bp_remade,true,true,5,remarci_4x,false,0,false
ptr_hi_finger.bmp,02daab9cb4e0d49dfd450cbdd35f4a5205f537ca,64fab4306ebfdc9c455c7dc96abc7b0e04bc40fb,true,ps2 textures\opaque\bp_remade,true,true,5,remarci_4x,false,0,false
ptr_hi_finger_red.bmp,6d593c4ac5ea3bf925626453bc011a11bdc6b459,442cd2c1b8e22d44edfd466bdd0491ca610d6e2a,true,ps2 textures\opaque\bp_remade,true,true,5,remarci_4x,false,0,false
ptr_hi_hand000.bmp,bef1a10f40bbe310cc7cb41a620756c364edaed8,5fd085e6251bbbe4167764edb780ddd72e11cf8e,true,ps2 textures\opaque\bp_remade,true,true,5,remarci_4x,false,0,false
ptr_hi_hand01.bmp,aba5a2c28a78950748e23568bfc88c1ac7d84293,f8953db387b048996e5c8347cd4028c943dbd62d,true,ps2 textures\opaque\bp_remade,true,true,5,remarci_4x,false,0,false
ptr_jaket_nypd.bmp,1fe186c34e04a67e23e8f86159de43a18629c1d6,0072dc48b43bddb06f92c55b41594d124b930a8a,true,ps2 textures\opaque\bp_remade,true,true,5,remarci_4x,false,0,false
ptr_jaket_nypd_dead.bmp,5c396d28fa8953ebab6faf53435d8bed0f5e8774,9110354ab6d3626b10cbb3dc3ec2dde767dcc01c,true,ps2 textures\opaque\bp_remade,true,true,5,remarci_4x,false,0,false
ptr_jaket_nypd_new.bmp,3c6536309fe41e3996bdcbca47f2fab94393523c,a2bfbf338f91fc52d2324ac8bcc968c33dc78957,true,ps2 textures\opaque\bp_remade,true,true,5,remarci_4x,false,0,false
ptr_mtg_alp_ovl.bmp,77b80c1b06455157d5f0b688748f8409ba51700c,149c430f95b223369a0a2a2c844d15fcae4dd497,true,ps2 textures\HAS ALPHA\bp_remade,false,true,5,remarci_4x,false,0,false
ptr_tooth_d1.bmp,432a6b42df1c43af99e591ee717b1246dcef8bb4,f70aceb08735f78bd5e0bd29d3fd53dd69c1edb9,true,ps2 textures\opaque\bp_remade,true,true,5,remarci_4x,false,0,false
ptr_tooth_d2.bmp,751212170887480c6be9036bbd23e3e33dca812a,1bc6c76fc4cd2e1e64c0ec438a3748236add9725,true,ps2 textures\opaque\bp_remade,true,true,5,remarci_4x,false,0,false
ptr_tooth_d3.bmp,7ae37990ae132a7f4bf2f30b83a84a542f8b30bc,809d1a33c5b213b7c26d0c843819059866fffa06,true,ps2 textures\opaque\bp_remade,true,true,5,remarci_4x,false,0,false
ptr_tooth_d4.bmp,6660e2eb4f55ab1f69fcaa89c9b83ef6d0df1a96,8b753037d1fbfa2deef54aab8c6085c08619405c,true,ps2 textures\opaque\bp_remade,true,true,5,remarci_4x,false,0,false
ptr_tooth_u1.bmp,ae370ea51a2c3c375e580b497e67c07a44a7e0b8,f73b20cd6a3df8865c06bd5e8e38bd73a6c55158,true,ps2 textures\opaque\bp_remade,true,true,5,remarci_4x,false,0,false
ptr_tooth_u2.bmp,67c7c5800fe04416b3bd820910eceff60ef71516,37cf4b6310547c6154dd193b7d6533da50d57c3f,true,ps2 textures\opaque\bp_remade,true,true,5,remarci_4x,false,0,false
ptr_tooth_u3.bmp,beda2602c82f4a8255bc5f887a12ba061fb6e771,730df73d027dcafe40caa533122bbb5db44fd043,true,ps2 textures\opaque\bp_remade,true,true,5,remarci_4x,false,0,false
ptr_tooth_u4.bmp,76f2db033676c480389f79289ef89e1296b5d466,ea741c4e7f0dc80b071523fc2cb3945e368d083b,true,ps2 textures\opaque\bp_remade,true,true,5,remarci_4x,false,0,false
pump.bmp,5e65adc392a712b7dfa1b519cdbfb87b27462873,6cff58ae18dafff74c38c99122365b575d876999,true,ps2 textures\opaque\bp_remade,true,true,5,remarci_4x,false,0,false
pumpin.bmp_d158ec1bae8868a7fb57a3d368a5647f,c428b98716c714b7b5f8a800aa849fe1aa6de6f0,3506342e8f6c08d706f69811c3b4a6e65bf195de,true,ps2 textures\opaque\bp_remade,true,true,5,remarci_4x,false,0,false
rad_musen1.bmp,6b221db8d42133f5c73b7a0c29bc53177075c470,e491cb9bff01906f68f137f62a8c1a553063dfa7,true,ps2 textures\opaque\bp_remade,true,true,5,remarci_4x,false,0,false
rad_musen3.bmp,a32a1df60b93945bbde325e1f461cee100f5ea54,9aed8f3dcf69f9e8d4df55c29ffce4cf92cc12a8,true,ps2 textures\opaque\bp_remade,true,true,5,remarci_4x,false,0,false
rad_musen4.bmp,6142bcdb6bd707f646abd0bbe747024a88b61007,f266d955a253344059b1026f190927a3fb54c74d,true,ps2 textures\opaque\bp_remade,true,true,5,remarci_4x,false,0,false
rai_all_ibox.bmp,891209b8ab1b8e775146b40b309af78301353a2a,816d514dff1734b81a7e4d4aeea6fc10d62a62fd,true,ps2 textures\opaque\bp_remade,true,true,5,remarci_4x,false,0,false
rai_gun_back.bmp,3fb048b010443a75d0cb5bfc48ec0fe13cb8f0b3,3e37ea97c04e595be784aa0c10a276a1fa4b6782,true,ps2 textures\opaque\bp_remade,true,true,5,remarci_4x,false,0,false
rai_gun_fro.bmp,ce205d4e86aca93a59895f91ecf687c4bece6d37,fbf2ca5449e1a857f8617cb1d86ef07d42ce3b52,true,ps2 textures\opaque\bp_remade,true,true,5,remarci_4x,false,0,false
rai_gun_side.bmp,f1ea1b4ccf9f2c214b661a9eafb3f50821901acd,ced4addec6fdaa3342653e4d0c2a4b6be1d831b4,true,ps2 textures\opaque\bp_remade,true,true,5,remarci_4x,false,0,false
rai_gun_side2.bmp,2fdddb3cb1fbe7a9434034665e29a6964594ebfd,b69ca4c6508fc3c809aefbe423c904ae0006692d,true,ps2 textures\opaque\bp_remade,true,true,5,remarci_4x,false,0,false
rai_gun_top.bmp,580a621098416ceef0c32a778b2e6e856a268351,90caa48d08e932b00b8cc99b9c61cff282cdc551,true,ps2 textures\opaque\bp_remade,true,true,5,remarci_4x,false,0,false
ray_add_alp.bmp,6a1804c2fcbe8a0b39f80dd55e5877929cf69e0c,a34f2166dffcf29985116ce00b5d991311a147e7,true,ps2 textures\HAS ALPHA\bp_remade,false,true,5,remarci_4x,false,0,false
ray_arm_t1.bmp,75197c298f9f1c76cdaf8493807f6d6205866b86,c0083bea1df466fd0795a42e4c307b9d41dc4c85,true,ps2 textures\opaque\bp_remade,true,true,5,remarci_4x,false,0,false
ray_arm_t1_sub_alp_ovl.bmp,af46821c393178fa4d0a0df3e67e601696e68072,6f70a348ebcab4befcfeb4132bde061d5ed6e8a2,false,ps2 textures\HAS ALPHA\bp_remade\no_mip_fixes,false,true,5,remarci_4x,false,0,false
ray_arm_u1.bmp,d1d123fd5103d5d2c62ed45b370405fcf838a861,872f218040caa38a3e71b48781df655a814ec049,true,ps2 textures\opaque\bp_remade,true,true,5,remarci_4x,false,0,false
ray_arm_u1s.bmp,46bef1dc4919c5ea890f65981c90f42eae9cbbe3,144b9c71d493eb5613f1f7f801c4cb15ba53e340,true,ps2 textures\opaque\bp_remade,true,true,5,remarci_4x,false,0,false
ray_arm_u_finall.bmp,e79d139e9bce99115d3670afce8f7e056b070e66,e6f85e9797e995e34fb4c917ea3439e389363235,true,ps2 textures\opaque\bp_remade,true,true,5,remarci_4x,false,0,false
ray_armpit_meca2.bmp,a405ecc53cb233beb022ece7dd9d20e67d7a405b,2aadcb9c131401b84e793a4ae55d836327cf4d71,true,ps2 textures\opaque\bp_remade,true,true,5,remarci_4x,false,0,false
ray_armpit_meca2_new.bmp,7ddf0824e51fdb08403b6d7fd7cfeff67de256cc,a85ab5224b50922cc5ddb54e3e80540cf6bb28a5,true,ps2 textures\opaque\bp_remade,true,true,5,remarci_4x,false,0,false
ray_armpit_t1.bmp,0f20dcb12bf91187ecf1c374fd668f3d6426c1ce,c2d1a402b40f4661ddc09fe6ca7b404aedef72c4,true,ps2 textures\opaque\bp_remade,true,true,5,remarci_4x,false,0,false
ray_armpit_u1.bmp,50082d16b2792a211986f8f0bbd3280c6b42e485,f95ba42010b0b58dd3c44eb024080e5d62d1be0a,true,ps2 textures\opaque\bp_remade,true,true,5,remarci_4x,false,0,false
ray_backpack_t1.bmp,c0c424950229bcd7af17e0eccdb68f5c6acff468,1cc96d401655f3cb9289bb470a9bb07d8783f2b9,true,ps2 textures\opaque\bp_remade,true,true,5,remarci_4x,false,0,false
ray_bm_01.bmp,6510ec677c1adaff8e16c6f3342aa936e3504cb2,59250271378b056cea3ff222fd889f0368bf3d03,true,ps2 textures\opaque\bp_remade,true,true,5,remarci_4x,false,0,false
ray_body_s1.bmp,19fd387926ec1f15b8e8011394ea5f4a01dec84f,99bc4307aff09305978323367f99f2258ee12920,true,ps2 textures\opaque\bp_remade,true,true,5,remarci_4x,false,0,false
ray_canopy.bmp,d70f88a0126a8f39d499eb423d017e32ef19f868,26591672d128add4cffc9acf5351ad05dc4bf2a0,true,ps2 textures\opaque\bp_remade,true,true,5,remarci_4x,false,0,false
ray_canopy.bmp_69536e0cc16b5504c7afe3237c9f388a,f0ad715d522a125deed4863a9f703d846e4e2f66,747cea50187096de159ad1badb1cc0c2dfaff2a7,true,ps2 textures\opaque\bp_remade,true,true,5,remarci_4x,false,0,false
ray_canopy_edge.bmp,bfeafb151c4fe3eb7eb4c8f26e97ec74ded1b9bd,1ef1d0b978875fef142f7642252236231f788a2d,true,ps2 textures\opaque\bp_remade,true,true,5,remarci_4x,false,0,false
ray_canopy_ovl_mod1120_emap.bmp,e93f17553df9726a14c25d05d7cae9c00684379c,098c6b0a6d6cd889a753d2925057b6947da9ef42,true,ps2 textures\opaque\bp_remade,true,true,5,remarci_4x,false,0,false
ray_canopy_sub_ovl_alp.bmp,19ba4907d92bc26b953d29b8fd0bd97c877bb743,f340302de7a35bfe8b791b31d6b021fc4d98c7dc,false,ps2 textures\HAS ALPHA\bp_remade\no_mip_fixes,false,true,5,remarci_4x,false,0,false
ray_canopy_sub_ovl_alp.bmp_262887ad5d1a24632bc26b95450cb515,cb58def80142bca1735e49046ee3276d294569a6,05f6e5f685a45f7c6a84a944c056f5dd5c7c7098,false,ps2 textures\HAS ALPHA\bp_remade\no_mip_fixes,false,true,5,remarci_4x,false,0,false
ray_chest_f1.bmp,db09934f8260fe94377b3d17e30742ec11fd036b,b91930a552fbfaeba89a3c29dd9c898bf2f8f719,true,ps2 textures\opaque\bp_remade,true,true,5,remarci_4x,false,0,false
ray_chin1_u.bmp,fc729f87d911c5ffd5f107c432db8f7b427f1562,a6400048e2201774f2859eaa1ab8d0512fef6102,true,ps2 textures\opaque\bp_remade,true,true,5,remarci_4x,false,0,false
ray_chin2_u.bmp,d86684d446f6d1a2298d6630f013178ca454c14d,3a90dcdc96a3cf1832f4102717d5bb220ebcfc54,true,ps2 textures\opaque\bp_remade,true,true,5,remarci_4x,false,0,false
ray_chin_t1.bmp,3aa472168e5e57a2e560ab65305ce3fd0d1db0dd,add086cab8c0c4e7e61203ac79b27fdb2feb3834,true,ps2 textures\opaque\bp_remade,true,true,5,remarci_4x,false,0,false
ray_eye.bmp,61d19794d093fe26997eda13a39f379c202e7b19,1d2eb4f5b9514bba60e6b2b1f97873256cb46014,true,ps2 textures\opaque\bp_remade,true,true,5,remarci_4x,false,0,false
ray_eye_bonbori_alp.bmp,b652f361de2faf98420e6995799bdeec5dc575bd,4944e81bf9a87324c16a6d88bb16e5d4573fc9fc,true,ps2 textures\HAS ALPHA\bp_remade,false,true,5,remarci_4x,false,0,false
ray_eye_pera.bmp,9352889a889ff0f6478bccbce5588d892586b0e8,5aa3abbb4e510fd0c155a2b7e21818401d4828a8,true,ps2 textures\opaque\bp_remade,true,true,5,remarci_4x,false,0,false
ray_face_b1.bmp,024846031c5407191c2358a55533a85a5e049a01,9bc2d136d6cf316cd0aa4b9ee5223b0ca0c8ecb2,true,ps2 textures\opaque\bp_remade,true,true,5,remarci_4x,false,0,false
ray_face_s1.bmp,c54ece98e87acd0df376d614f6c872c9f6c7b84a,325c6ecdb7f967e30475ea09d87bccedb638001c,true,ps2 textures\opaque\bp_remade,true,true,5,remarci_4x,false,0,false
ray_face_s1_sub_alp_ovl.bmp,694e292d1c65c395d267780920c53dc64ec0ccb3,06a09d39391b9a970efb2437efaf76eb8ea25b2b,false,ps2 textures\HAS ALPHA\bp_remade\no_mip_fixes,false,true,5,remarci_4x,false,0,false
ray_face_s2.bmp,8035aad408af08c0c5841086221006745c1fbd69,f87919f5b88dad526a487b4e6456ba1e78c661d1,true,ps2 textures\opaque\bp_remade,true,true,5,remarci_4x,false,0,false
ray_face_s2_sub_alp_ovl.bmp,20d618c04134711eff7eef6ff356df438cb09a05,31da62b9782767abc1b565063207b791f10b19a1,false,ps2 textures\HAS ALPHA\bp_remade\no_mip_fixes,false,true,5,remarci_4x,false,0,false
ray_face_t1.bmp,78f276b706d8591dfcca3a1895f2b252b291ef3b,79825309bf4d35ad985fe5c84014c0bfe6d3fe64,true,ps2 textures\opaque\bp_remade,true,true,5,remarci_4x,false,0,false
ray_face_t1_sub_alp_ovl.bmp,57b45133978b628e37d5ad93a0ff7f25c5cbf39b,d588dccdfcda704716fe5156361bb2965736bffb,false,ps2 textures\HAS ALPHA\bp_remade\no_mip_fixes,false,true,5,remarci_4x,false,0,false
ray_forearm_t1.bmp,999687ca2c8937455c14ac6e17764ae3420edc00,1d23e9ef5ee6c30a78ca44227aa35ed970bd2d19,true,ps2 textures\opaque\bp_remade,true,true,5,remarci_4x,false,0,false
ray_hand_u1.bmp,9ea3fba733000e8864e0fb4e9b6f568aaa3bc349,b0e336b6ae37123acafba15fd73548bc5ccb9e8a,true,ps2 textures\opaque\bp_remade,true,true,5,remarci_4x,false,0,false
ray_hip_f1.bmp,0da8c84e346c99dc8b6fd7712744247bbf13225c,fc4deb72765ff5e07c6bcdc0761d3af94535f6ca,true,ps2 textures\opaque\bp_remade,true,true,5,remarci_4x,false,0,false
ray_leg1_s1.bmp,0e3ee2c73ffe23d76657a87330a37e8eca0ddb30,2a69c3b358d54a0d3277576d6e83fa2a524ad8df,true,ps2 textures\opaque\bp_remade,true,true,5,remarci_4x,false,0,false
ray_leg1_s1_sub_alp_ovl.bmp,a84ecdb1008928574fc8a690ac016d2ff709c72f,86f7cbe4e282174672b3d38864533a8764a50be6,false,ps2 textures\HAS ALPHA\bp_remade\no_mip_fixes,false,true,5,remarci_4x,false,0,false
ray_leg2_s1.bmp,bad8934d1757d56e094b62a94c4b9f450edfeedc,d65e5bf7a797c59e133c1f0b1b3d4d7624703780,true,ps2 textures\opaque\bp_remade,true,true,5,remarci_4x,false,0,false
ray_lip_out.bmp,0224b653f988e5774f29a78c8733af0cf87fa6f0,7fc1cffdb3a8033413879aff33a508bb798b89b9,true,ps2 textures\opaque\bp_remade,true,true,5,remarci_4x,false,0,false
ray_lip_out_sub_alp_ovl.bmp,3aa8912c68444922c2204941e5e8a6a5cc5e0da5,148c6da4af27f3b303adbb87f3ae11f5cdc77646,false,ps2 textures\HAS ALPHA\bp_remade\no_mip_fixes,false,true,5,remarci_4x,false,0,false
ray_mouth_temptex.bmp,90399ca6c044a3c23f6cef3fd52dbec2abc50cb6,8ef27a7747cfd06ed4c0c718239f22662e893fa3,true,ps2 textures\opaque\bp_remade,true,true,5,remarci_4x,false,0,false
ray_muzzle.bmp,da0d52fa419e0b2978562720a66408cf92907578,85db85df35e7aa4fb5db39c1a73b8897f05fae02,true,ps2 textures\opaque\bp_remade,true,true,5,remarci_4x,false,0,false
ray_muzzle_iner.bmp,f084ad7d896198421e96da678e6651c1006d620d,45bf73afe7662710cc0d692b5f4b4041284e1063,true,ps2 textures\opaque\bp_remade,true,true,5,remarci_4x,false,0,false
ray_neck_circle.bmp,ebdb8cf558aa4da247761c9caed0b529fd0d9149,b16371fac0c2a4b7eecc305123ed333e9c05bd79,true,ps2 textures\opaque\bp_remade,true,true,5,remarci_4x,false,0,false
ray_shoulder_circle.bmp,17ec0c6fbdd5a65a8255f95782d3c81e5876b7be,3bc4b360d2a6b3e0f5b38d4be4007a74b0ffec5b,true,ps2 textures\opaque\bp_remade,true,true,5,remarci_4x,false,0,false
ray_shoulder_f1.bmp,29b30a7c9ead2c8069a80bc107b1a35bb41413ee,3f5bf4db59023db03a8978cf862fb5d090eb886c,true,ps2 textures\opaque\bp_remade,true,true,5,remarci_4x,false,0,false
ray_tail_s1x.bmp,9f91590a25e2794da0d4db00917878adff355a64,40b2b2bc811216765f0153eb6392b476f34a57a2,true,ps2 textures\opaque\bp_remade,true,true,5,remarci_4x,false,0,false
ray_tail_s1x_sub_alp_ovl.bmp,4b5789f2f62b61c04b0d8e5eb1b50121d7be5bc5,d7497cb02a6384ff51cd2db74646ff8f4ff22671,false,ps2 textures\HAS ALPHA\bp_remade\no_mip_fixes,false,true,5,remarci_4x,false,0,false
ray_tail_s2.bmp,be52370126a7f8f5fddbda68a4c68393edb84d63,d578a6c213fefdd666b3c8dc7296a1a972b0d74b,true,ps2 textures\opaque\bp_remade,true,true,5,remarci_4x,false,0,false
ray_temptex1.bmp,d35b19a85188b1bcfe06ae51021928fdb4b54511,1bd38b50327a38f05bf00993e581d986f3f72142,true,ps2 textures\opaque\bp_remade,true,true,5,remarci_4x,false,0,false
ray_temptex1_sub_alp_ovl.bmp,fbf547ec6be06a48bb66d0d0a21cb7518d9ce947,f0fb2195aa80c1c6e8fa79975dade85c00b615f4,false,ps2 textures\HAS ALPHA\bp_remade\no_mip_fixes,false,true,5,remarci_4x,false,0,false
ray_thigh_b1.bmp,4dd1e3a389b0d40bd60aeba6df8e849c67f4ce83,21eb06d86d9ca4a20e6e1901041493d45fbb175d,true,ps2 textures\opaque\bp_remade,true,true,5,remarci_4x,false,0,false
ray_thigh_b1_sub_alp_ovl.bmp,b517708bd0e1eebe9db9de137badcf868c05cdc0,f8426f5e08a9e00b27fcd074095437f114af04a3,false,ps2 textures\HAS ALPHA\bp_remade\no_mip_fixes,false,true,5,remarci_4x,false,0,false
ray_thigh_circle.bmp,f0aca22baae5cbe09eca4fec6db5ae82678212db,5077a3d9bc6cc4f4419ec0fdc1c03ab99c99816c,true,ps2 textures\opaque\bp_remade,true,true,5,remarci_4x,false,0,false
ray_thigh_t1.bmp,3cc4b5917f1e4d23ad087497e43b19637f86281b,dd44777165c723c2e177e08451a67f9663d1e8f6,true,ps2 textures\opaque\bp_remade,true,true,5,remarci_4x,false,0,false
ray_thigh_t1_sub_ovl_alp.bmp,eec157cd2863982ab8a8a3016eeeabee6f8aa6f8,05572ff1104a28d2502fb8d10f64a938497a707c,false,ps2 textures\HAS ALPHA\bp_remade\no_mip_fixes,false,true,5,remarci_4x,false,0,false
ray_thigh_u1.bmp,eb21099ebef24741cb396e9dba560e735d83e3c9,8226c5a061f558f3ca7ff81efe1bd427aa5012c4,true,ps2 textures\opaque\bp_remade,true,true,5,remarci_4x,false,0,false
ray_tooth.bmp,02a98404ff78b88bdb59d9982f83b4ab3cf42dbf,d33aed51320eb8cd0591909857e24fb1a60b0c6f,true,ps2 textures\opaque\bp_remade,true,true,5,remarci_4x,false,0,false
ray_waist_b1x.bmp,1c6d81d78d1df08e8b649bd04717f2efeb880809,f980593821b26501482b2d8576ca2deddfe66db8,true,ps2 textures\opaque\bp_remade,true,true,5,remarci_4x,false,0,false
ray_waist_b1x_sub_alp_ovl.bmp,a4e035c7c2b80c0022fbc0ab71765fb6bf0ca2e3,65b3063c1e49fa22bd37639e54cf9287f2e03d23,false,ps2 textures\HAS ALPHA\bp_remade\no_mip_fixes,false,true,5,remarci_4x,false,0,false
ray_waist_s1.bmp,0fcdb50392ef56b4757d8167a0312205f781dee8,11c4448dc2eee3f9f8b2ab3ed0c122abd6d5579e,true,ps2 textures\opaque\bp_remade,true,true,5,remarci_4x,false,0,false
ray_waist_s1_sub_alp_ovl.bmp,1fcdfb73a156a439d96d61813040feb14c99a469,7db78865b5d2ed13362f99918e3ca74b3c8d5b63,false,ps2 textures\HAS ALPHA\bp_remade\no_mip_fixes,false,true,5,remarci_4x,false,0,false
rgb_amo.bmp,b5e9837ae0fca968d7f6695edc4df6c995db4618,cca0e88995ea932c2190706eac527d2a32026a0e,true,ps2 textures\opaque\bp_remade,true,true,5,remarci_4x,false,0,false
rgb_amo_cartridge2.bmp,8fe86d2bf8ef967daf8ca6dc426603d645a583c8,62e0b4953abc909b91ebdf372304ac15cb41cadb,true,ps2 textures\opaque\bp_remade,true,true,5,remarci_4x,false,0,false
rgb_sb_body.bmp,a580cae3846e2bc6f9c45c785d124643f194f721,b6f3f01b337e2fa7d90fa5a01f4b9c18e951a1f6,true,ps2 textures\opaque\bp_remade,true,true,5,remarci_4x,false,0,false
rgb_sb_body.bmp_2f0d86d85ea774f8976cc6b4aac67670,8898a86b5e2fd2b0550a393da2681a8b63497461,7f2f9423fc43c7ac8bbaa76b440fbe20309d5d82,true,ps2 textures\opaque\bp_remade,true,true,5,remarci_4x,false,0,false
rgb_sb_muzzle.bmp,ca0700f68ab52e0ef33cf9af62de6f1964dc70cf,cbe7d09c182d335b66c3ad8dcb8ff888dae61404,true,ps2 textures\opaque\bp_remade,true,true,5,remarci_4x,false,0,false
rgb_sb_muzzle.bmp_cd50a1055e9aaf1f63580648e71f4e0e,a2bf8b4aa729397b7109f3ec813b3451cc7815cc,1366acda649f894cd7a468ee975583c3674881cd,true,ps2 textures\opaque\bp_remade,true,true,5,remarci_4x,false,0,false
ros_arm2mc.bmp,0aca91f7c49435bcb952b5744e5913e381b230a0,255d7472cc5d4b8aceddf888977a42fef2aeac2f,true,ps2 textures\opaque\bp_remade,true,true,5,remarci_4x,false,0,false
ros_armmc.bmp,dcd17fc59dcd45ee40a809de85aa9dc856d94199,ae523dea4c42576441f9296394c2c908c8b2fd1a,true,ps2 textures\opaque\bp_remade,true,true,5,remarci_4x,false,0,false
ros_armmc_sub_alp_ovl.bmp,369d4c75a3df932adb56dd7cdd9e9bc1ffd6e4e0,add6bef9dd8dda4363726a21d4e97ab77c098337,false,ps2 textures\HAS ALPHA\bp_remade\no_mip_fixes,false,true,5,remarci_4x,false,0,false
ros_bodymc.bmp,3782a70cb3a7d5bcd7188f8eb7f80206e50ffc1d,38fb16f33eab7a560d390ac4c7870b0dbc5f7e2a,true,ps2 textures\opaque\bp_remade,true,true,5,remarci_4x,false,0,false
ros_clip.bmp,9fc52eeb90e22320fddacfeb01e25f783d88bdbc,8416ab2dcd2d232ade91520d6ade8db450a578e0,true,ps2 textures\opaque\bp_remade,true,true,5,remarci_4x,false,0,false
ros_emc_ovl_mod1120_alp_emap.bmp,5df1faedd9f87d2e0574b37efe5f6122a2cf15ab,5e5349b124f5be051c7d8b6ad103ef0c421109c3,true,ps2 textures\opaque\bp_remade,true,true,5,remarci_4x,false,0,false
ros_fmc_ovl_mod1120_alp_emap.bmp,ae7c89427be1c5982ce6fdbcdf30ad53a56362e7,11e40a992d1543fa1fa60aebcfd23cf8a434fe0e,true,ps2 textures\opaque\bp_remade,true,true,5,remarci_4x,false,0,false
ros_hair_p2mc.bmp,3349b353229ef832d11afbb00cdd2513df6924f5,9cfd3da15ac9830e874d9b8f5663ac803d0920d2,true,ps2 textures\opaque\bp_remade,true,true,5,remarci_4x,false,0,false
ros_hair_p2mc_ovl_sub_alp.bmp,9f6822a81ba6b5742d38a23a983abbc8627521a7,7fbd3286dae8308f5ae469a8ff93cab0a5fba8db,false,ps2 textures\HAS ALPHA\bp_remade\no_mip_fixes,false,true,5,remarci_4x,false,0,false
ros_hair_p4mc.bmp,c71eb1565403b3a54dd4e92762e5b8ba1ff4df70,5c13120f8c3d1ccbaf27c3e5b948aa6321791e13,true,ps2 textures\opaque\bp_remade,true,true,5,remarci_4x,false,0,false
ros_hair_p4mc_sub_ovl_alp.bmp,37051828e6b236e72a1c2f7272633758fb60ebf3,4cd6d35ed983ed7573ee6a8f8bd7f4bf77d29ea6,false,ps2 textures\HAS ALPHA\bp_remade\no_mip_fixes,false,true,5,remarci_4x,false,0,false
ros_hair_p6mc_alp_ovl.bmp,1fdc35d2a39da573ac032a924f3cf6c71cbb2ad2,5a40c357646485a247951a8c192a13fcbfc3e808,true,ps2 textures\HAS ALPHA\bp_remade,false,true,5,remarci_4x,false,0,false
ros_handmc.bmp,3fab196c7d67b6786129034d6d738f038a718f61,fc81fe69a5595ac311a79d707ba4c9c1c4ab9687,true,ps2 textures\opaque\bp_remade,true,true,5,remarci_4x,false,0,false
ros_handmc_ovl_sub_alp.bmp,5257448452d89975d035ed3cc585600356741c9f,100084460b79134873d6d82ce3cb7c247671c370,false,ps2 textures\HAS ALPHA\bp_remade\no_mip_fixes,false,true,5,remarci_4x,false,0,false
ros_hi_eyemc.bmp,a5344a665505b223613300f492c2d8f749ba1d91,d81786ed4c36ffd600676ec512658e73a45632aa,true,ps2 textures\opaque\bp_remade,true,true,5,remarci_4x,false,0,false
ros_hi_eyemc_ovl_sub_alp.bmp,5834ce9a4030aff391e7381772484d7bcd73676c,d7aaf7161ea8d3228f4071dc994e3485d08e6286,false,ps2 textures\HAS ALPHA\bp_remade\no_mip_fixes,false,true,5,remarci_4x,false,0,false
ros_hi_eyermc.bmp,c4cc5bb3da48f5508cd89e85e4bc546fa0a2285b,9f84a03d1160cc1043ac1ccd660f636f69717f04,true,ps2 textures\opaque\bp_remade,true,true,5,remarci_4x,false,0,false
ros_hi_eyermc_ovl_sub_alp.bmp,f885aefbe19a174807ceaea9fd8e1f5506ecd963,b60cf782d126bc9cceff3628333bfe07f1a3a961,false,ps2 textures\HAS ALPHA\bp_remade\no_mip_fixes,false,true,5,remarci_4x,false,0,false
ros_hi_face_rmc.bmp,47e2ac8eb86d9209ae3bb7011dcbffb5da37334a,576325103dfa2e841bb4bc9d8a63d89f0974b415,true,ps2 textures\opaque\bp_remade,true,true,5,remarci_4x_extra_smooth,false,0,false
ros_hi_facemc.bmp,63a1e74ad7bff8f19562d85b1f326ac37c8b50b9,69c09384f2572172d0dcbb24af745be3b03f637b,true,ps2 textures\opaque\bp_remade,true,true,5,remarci_4x_extra_smooth,false,0,false
ros_hi_facemc_ovl_sub_alp.bmp,340a737185aca09a81bfe3a56e0371d599044181,35e382c35154044c6b85f732a26618e9fc377380,false,ps2 textures\HAS ALPHA\bp_remade\no_mip_fixes,false,true,5,remarci_4x,false,0,false
ros_hi_mtg_rmc_alp_ovl.bmp,c0d0086e57ac9b0738d2e4b1cee13754c9b112b8,079f087013da4f1ee05bab3fc2b8aa866e7145e2,true,ps2 textures\HAS ALPHA\bp_remade,false,true,5,remarci_4x,false,0,false
ros_hi_tang01dt.bmp,e0b0be90c3feba7eefcbffece175068b01823495,69a4c48e816c1b88bf1c8c2e7bb59bcf5db69c53,true,ps2 textures\opaque\bp_remade,true,true,5,remarci_4x,false,0,false
ros_hi_teeth_d.bmp,d7b34d030a9f85be529da024b84ebb32f1066353,6336dfd58181a2fc04d094bd6f83f69f791be5e0,true,ps2 textures\opaque\bp_remade,true,true,5,remarci_4x,false,0,false
ros_hi_teeth_u.bmp,860b62b523d98b120429764dc77b05a4718f2e21,ed9ad309bab99f1267a686500b88ff06a52a2022,true,ps2 textures\opaque\bp_remade,true,true,5,remarci_4x,false,0,false
ros_hmc_ovl_mod1120_alp_emap.bmp,5db899b02129ea23112e7c834783bbae1ec1c8de,a055fab437beb8820692c93adc6e300efacc4e81,true,ps2 textures\opaque\bp_remade,true,true,5,remarci_4x,false,0,false
ros_id.bmp,85a1a6d1ba2bdb98f2f85f60dad7fb51b6170716,7eb86efeb78b18af7ba06a0df9a9868b77515e45,true,ps2 textures\opaque\bp_remade,true,true,5,remarci_4x,false,0,false
ros_pants.bmp,5fae17aab93b48732e9bd47ac3ae2b0c96f0b018,d605436e986f2497338b0d766c4aa531208bfc7b,true,ps2 textures\opaque\bp_remade,true,true,5,remarci_4x,false,0,false
ros_shirts2mc.bmp,bf5fb3feddf8a308de709d27e7f13ec21fe6777a,38faa6ce9acfaff23cd641865542a0143a5abd51,true,ps2 textures\opaque\bp_remade,true,true,5,remarci_4x,false,0,false
ros_shirtsmc.bmp,1c3703ddc354b86dbc912ca75aca24a714c197d3,f791acd6e2f79e8835bca8049f085ed251fbd82a,true,ps2 textures\opaque\bp_remade,true,true,5,remarci_4x,false,0,false
ros_shoes.bmp,c51be3b1bbb434a7d3c3fc1249ce8ff03f1c00c6,a22f665f885a8d3a36afbd4f27e598571c560696,true,ps2 textures\opaque\bp_remade,true,true,5,remarci_4x,false,0,false
saa_all_kimu.bmp,ffc1bbc678dedb42ad2f67a08c03667620c4e363,f5035477ddc68d04af71f3ead47adfddabe3587c,true,ps2 textures\opaque\bp_remade,true,true,5,remarci_4x,false,0,false
sbm_back_01.bmp,d4852bab262bf23918384ef91c2b456068a8db38,95ebd6bdea80f731b4630837cdf11c53eb59515e,true,ps2 textures\opaque\bp_remade,true,true,5,remarci_4x,false,0,false
sbm_body_01.bmp,85c01041a8998d5ed99b87ab28c195bb3ef8f9d9,09c76ec51a891398d650e1bbac22df35dae364da,true,ps2 textures\opaque\bp_remade,true,true,5,remarci_4x,false,0,false
sbm_camera_01.bmp,80f7078ebf5c05ccc4c83ef6759a86a792e0388b,a6867689a932d0fe87aa2f90f9e3f5646b7b9c26,true,ps2 textures\opaque\bp_remade,true,true,5,remarci_4x,false,0,false
sbm_head_02.bmp,ac1d4f620af5909c1812a21874f5732cad01b14c,25365c010d121b75a223fcc1ef6331d29ac523c5,true,ps2 textures\opaque\bp_remade,true,true,5,remarci_4x,false,0,false
sbm_pera_cover_01.bmp,d9a6faadf5e51f6410619fb12c779aac53956c11,0c60332003949257b5ae6f44b396146873c5278f,true,ps2 textures\opaque\bp_remade,true,true,5,remarci_4x,false,0,false
sbm_stick_01.bmp,2ef60e5a651bb4949213c1c174ca7862b6a350c1,57bc7814d08278a76e6638e5fba38e2f2d45fdf2,true,ps2 textures\opaque\bp_remade,true,true,5,remarci_4x,false,0,false
sbm_tank_01.bmp,484b0460e3513688bf697d4fbf6a6a57d16ba45b,37b90ef22cccdbd742fddcdd1050d8a0309c8e10,true,ps2 textures\opaque\bp_remade,true,true,5,remarci_4x,false,0,false
sbm_wing_01.bmp,f286ef540c3c39d92cf4aff75965bc56204fec3a,9fad83d3f72bea9b3a803fb0900146c393e2b459,true,ps2 textures\opaque\bp_remade,true,true,5,remarci_4x,false,0,false
scm_sb_hammer.bmp,bb5592e39831665450a760f5012b44d19960b594,98f5aaccb9d081df290496c0c814d71830b28235,true,ps2 textures\opaque\bp_remade,true,true,5,remarci_4x,false,0,false
scm_sb_s.bmp,2a022149bcf8bb66fb1e56cb47c5567677536900,5b7d74a3d171dc347fe5fe2b33171bebf555b15c,true,ps2 textures\opaque\bp_remade,true,true,5,remarci_4x,false,0,false
scm_sb_sp.bmp,94277f67c0fbfbf15299d6635f73d457ece4e667,350d8cdb174df28fc8c77b652cb231aa8f4ab047,true,ps2 textures\opaque\bp_remade,true,true,5,remarci_4x,false,0,false
scm_sb_temp.bmp,e9e68406e076fabc389f31ec2a12ccc04c94a9fd,d4f2f96ffabf40172bc8af02f74a5442d01887ed,true,ps2 textures\opaque\bp_remade,true,true,5,remarci_4x,false,0,false
sel_arm_l.bmp,7b94e55e02457e83fb91d1fe68c84b21efb7bb79,f90317f5593a3e1a04c59e94e4969e5d7c7b00ad,true,ps2 textures\opaque\bp_remade,true,true,5,remarci_4x,false,0,false
sel_arm_lblood.bmp,96f94f385bef343e2a388898f27343140049f1c9,2bfe6c7307061f5f50e36154521ec72e5aad87d3,true,ps2 textures\opaque\bp_remade,true,true,5,remarci_4x,false,0,false
sel_arm_r.bmp,a7acea06de6598f58129db64fcc429484d7e8150,615c51c08bb5e2dc955ba1524091bf4cdbc900a4,true,ps2 textures\opaque\bp_remade,true,true,5,remarci_4x,false,0,false
sel_arm_rblood.bmp,086d45f7b248e173ec130335386cdca8171c1e0f,50b39d04dfd8d686285f513c16dee6b853e9d145,true,ps2 textures\opaque\bp_remade,true,true,5,remarci_4x,false,0,false
sel_arm_rblood2.bmp,d39ad0a18d6710b0d772619ca8d107885c1876c5,429e7cfa8a0ddec0abaff8f3aeb9cbbe53cddc5a,true,ps2 textures\opaque\bp_remade,true,true,5,remarci_4x,false,0,false
sel_bag1blood.bmp,6f9f61d355d8ad299bc1faec63753676a71d9f1d,361d7925a22467f161198e7d40a01da709233b65,true,ps2 textures\opaque\bp_remade,true,true,5,remarci_4x,false,0,false
sel_bag2.bmp,56f88268eb99df2d32c71a72da928080d4917433,b7de87fc96c52708027fc79ca41625a9bfb1812b,true,ps2 textures\opaque\bp_remade,true,true,5,remarci_4x,false,0,false
sel_bag2blood.bmp,519d38766e3498e1764d4a6badf726d22eab8475,19382d7994f61bea9ce8c07042cb254fd0a42107,true,ps2 textures\opaque\bp_remade,true,true,5,remarci_4x,false,0,false
sel_bag3.bmp,7bda826a721075e0dcae93f2e70affba8f57b357,1d5002b428fffc50acc564d2615ee4928758983d,true,ps2 textures\opaque\bp_remade,true,true,5,remarci_4x,false,0,false
sel_bag3blood.bmp,4955641169b2372bcb5adf3fb3bc6c41c72568d2,bab2842c92d1b34a47e5a7f942754336cfa50691,true,ps2 textures\opaque\bp_remade,true,true,5,remarci_4x,false,0,false
sel_bag4.bmp,b7360605e3316b9c4ab7e999d244fc5ee1ef7efa,c24af73ea70a00d746c4c909821d0ebe772a9a6c,true,ps2 textures\opaque\bp_remade,true,true,5,remarci_4x,false,0,false
sel_bag4blood.bmp,1c861345e17c465afaddd96819f14d2d0086c853,949d9eb5463f543560c2916532b4e0ae18ca776b,true,ps2 textures\opaque\bp_remade,true,true,5,remarci_4x,false,0,false
sel_belt.bmp,558af493821ba53db545ef46f2215d5aff5b1436,c169baf02494a8a9e5d2994500d3fe1d4bc752bb,true,ps2 textures\opaque\bp_remade,true,true,5,remarci_4x,false,0,false
sel_body.bmp,6fd0b882ca9d053f81a63ca5c980b8b4a05b181f,e9968520364095dbefe926f866e4c4d240c598d7,true,ps2 textures\opaque\bp_remade,true,true,5,remarci_4x,false,0,false
sel_bodyblood.bmp,12816cedd63daa7fc2728434ec43f50923cdc2ba,29adf4c83214dda90fee78821fd71bb18ccac3f4,true,ps2 textures\opaque\bp_remade,true,true,5,remarci_4x,false,0,false
sel_bodyblood2.bmp,8a83cd1115fe7af422b25ba0c95e1cfe7c2b02f2,c192708784e255203c8f80c6ed5775fe8660b538,true,ps2 textures\opaque\bp_remade,true,true,5,remarci_4x,false,0,false
sel_bodyblood3.bmp,020234e6f59f8eef4a51c4eb2a6d0cf3b8d76091,4ae12d02861b0105aa91db335a411c34ce98206b,true,ps2 textures\opaque\bp_remade,true,true,5,remarci_4x,false,0,false
sel_boots.bmp,e47cd1f634a659f6bb5325e046a98183311490d0,cdad9a4c487a0d6a78b8d5fa8dddc7d3cec0c3a4,true,ps2 textures\opaque\bp_remade,true,true,5,remarci_4x,false,0,false
sel_eye_a0.bmp,29f9d30c48bd58047a98d799dfd33eb3785e0a16,82abeb71043f2ff221dfe3253a9d4ef5377c41aa,true,ps2 textures\opaque\bp_remade,true,true,5,remarci_4x,false,0,false
sel_eye_a1.bmp,d625e546d380d514c7b3e03b39cfca35b620d863,d9ac8d40bef355d44460841c880d5f437bb89b47,true,ps2 textures\opaque\bp_remade,true,true,5,remarci_4x,false,0,false
sel_eye_b0.bmp,6a05db5483086a6685699833784a75c84fb3aee2,bb1956be1b5940da565954de785e9cbb4d81a6ee,true,ps2 textures\opaque\bp_remade,true,true,5,remarci_4x,false,0,false
sel_eye_b1.bmp,70355bd42fe0af412030d493f16f34da94e23517,654e15067825ab736382e02d60a6a1c3f5e05d34,true,ps2 textures\opaque\bp_remade,true,true,5,remarci_4x,false,0,false
sel_eye_b1_blood.bmp,2e1c131fc91a32fbe82f52528ab11aae1b7272a0,1010035394823aea7ae1b8d9bf33b9603c53d8bc,true,ps2 textures\opaque\bp_remade,true,true,5,remarci_4x,false,0,false
sel_eye_c0.bmp,4737eca99b586ed584f899bd3ca822e672e92110,8b71ec8c31cd4b00cd69fdfb2a0df356b16062d3,true,ps2 textures\opaque\bp_remade,true,true,5,remarci_4x,false,0,false
sel_eye_c1.bmp,8e6809627489f5b4b299ec718605974e20752bc7,35368ffac1cf5be2d0c508b74de042ccc8d4626d,true,ps2 textures\opaque\bp_remade,true,true,5,remarci_4x,false,0,false
sel_eye_d0.bmp,932c0fef39dad16857155988dca878ff619aa6c0,ad0960069d8c50367670da90badaf64f6e10d93c,true,ps2 textures\opaque\bp_remade,true,true,5,remarci_4x,false,0,false
sel_eye_d1.bmp,6f8f1ee3f74605819819f6ab7c4bb8b590113a34,72bc2c7d5c74448e39de5e964ddb281bad86e1b3,true,ps2 textures\opaque\bp_remade,true,true,5,remarci_4x,false,0,false
sel_eye_e0.bmp,721790657c71b3d99ee7aa848aa140811b369b72,c1495448968fc054c281e924038d03ef73505ac8,true,ps2 textures\opaque\bp_remade,true,true,5,remarci_4x,false,0,false
sel_eye_e1.bmp,1807b5fea74d00527385d8734c92bf2b39a6957e,665dcb21d151dc1dbcc7bb3f1a51efd23fb43ba4,true,ps2 textures\opaque\bp_remade,true,true,5,remarci_4x,false,0,false
sel_eyebig_blood.bmp,254a151237aecb7ff5d14b9da9e0a9610eb73c56,d5a62aca391d3193d8960369db7e30e36918f220,true,ps2 textures\opaque\bp_remade,true,true,5,remarci_4x,false,0,false
sel_eyebig_surp.bmp,6e4ec207a66306e6f7de7348024cdb1c8d8fb3fa,6f2d3590d8ac9b4ddebcd5e2991f0579aae57bd0,true,ps2 textures\opaque\bp_remade,true,true,5,remarci_4x,false,0,false
sel_eyelittle0.bmp,617f60deece98ff4af54829460c8c151c9ad9075,8fa2cc560c2095974fcfa406c824fa8997e5d355,true,ps2 textures\opaque\bp_remade,true,true,5,remarci_4x,false,0,false
sel_eyelittle1.bmp,23b8edde48c0ff4dda74716f686ad2c6c9600d74,1986051da95d303c902fd75a5a439d30da6c4ad1,true,ps2 textures\opaque\bp_remade,true,true,5,remarci_4x,false,0,false
sel_folder.bmp,15bcd30d3f2a1b171a59046810f11b237bf88b67,fbbd0f0f3cad3e6670b77fa9c7b38b9a01265b91,true,ps2 textures\opaque\bp_remade,true,true,5,remarci_4x,false,0,false
sel_hand.bmp,1cbb9a200bd03e6cb0d73a057cd89e7ee465d525,705da10fb5679513159caa50e9d4a4d6c4d5dcec,true,ps2 textures\opaque\bp_remade,true,true,5,remarci_4x,false,0,false
sel_leg.bmp,75026c609e577d8017e4e7a58b9df5a2d4c557f2,89ee760449ae0e7570b90f2ef02fd012786ed1bf,true,ps2 textures\opaque\bp_remade,true,true,5,remarci_4x,false,0,false
sel_legblood2.bmp,25147358ef62f43a3ea44d5315426022bc08fcd2,f0025d26975bcd7a920cb698f4d3a75684331bb7,true,ps2 textures\opaque\bp_remade,true,true,5,remarci_4x,false,0,false
sel_mask.bmp,c94cacc80d299e88b38e88e5728ea647bf11a1cb,4b08ecc240a83787a0642f9c0eedf57ab22f691a,true,ps2 textures\opaque\bp_remade,true,true,5,remarci_4x,false,0,false
sel_mask_blood2.bmp,cefe4fd6aeded93080d02aa347fa87911febb453,2ebca69c9bbd74e2a89184d2daaf76cef3ecb9b5,true,ps2 textures\opaque\bp_remade,true,true,5,remarci_4x,false,0,false
sel_mask_blood3.bmp,af6e8b477c58b65ff3812cc189e8d9cad3da5329,dd7ae874fd7c40d953a66471b56f5456eb77a181,true,ps2 textures\opaque\bp_remade,true,true,5,remarci_4x,false,0,false
sel_sling1_alp_ovl.bmp,464a2dfe72aa2c0c86e7d87469924465ee575502,f84eefbe63cc209b9401bdf119fd24a8d3b8f62a,true,ps2 textures\HAS ALPHA\bp_remade,false,true,5,remarci_4x,false,0,false
sel_sling2_alp_ovl.bmp,f39f5269dc836c8c40ef10a4df922738208c4fdc,d099ad1e6be772485539a36c3a749c6e5bb02b86,true,ps2 textures\HAS ALPHA\bp_remade,false,true,5,remarci_4x,false,0,false
sel_sling3.bmp,3af02d269475cb25bbbc171d4e66ce03c485f9a7,78f1ea3b053f2c0bb6f21667a6c33988cddf8750,true,ps2 textures\opaque\bp_remade,true,true,5,remarci_4x,false,0,false
sen2.bmp,a47b1d592f774a3eeaff720180474f80daf059a5,a402b1806f073fab6e9767335ab95dace602e10a,true,ps2 textures\opaque\bp_remade,true,true,5,remarci_4x,false,0,false
shuukanshi_01.bmp,bc63c3bf729025a8ce8ab6680a42ae97bb78633c,8d6fa0124f353b670419c619750f832b48dade46,true,ps2 textures\opaque\bp_remade,true,true,5,remarci_4x,false,0,false
sna_arm_ss.bmp,f0982914a581cd9e5677430f00b9c69c36b66ff1,f190ef0571f3614db202667960f5a4ce4ede7b81,true,ps2 textures\opaque\bp_remade,true,true,5,remarci_4x,false,0,false
sna_bandana_msk.bmp,527411ba9ec39af487db3dacbfb1f51390001b86,632308e03ae87a183586c41b1bcc74b140cb24d9,true,ps2 textures\HAS ALPHA\bp_remade,false,true,5,remarci_4x,false,0,false
sna_belt_leg.bmp,b76bbddc76a669cd485b0069249bbb6fd81ddfb9,c31194d14e20964af4a4cc7c19058c75a62f180d,true,ps2 textures\opaque\bp_remade,true,true,5,remarci_4x,false,0,false
sna_body_ss01dt.bmp,9969aceffce765b818bf5d3529e8c1c800fbd27c,84299ba248340f6b26b98261039bb04f8621c262,true,ps2 textures\opaque\bp_remade,true,true,5,remarci_4x,false,0,false
sna_foot01dt.bmp,e49681bf078e4fbc041b2a4aab5aa06d8b6b3e9a,d6d09b1e04237514b20f95bcc9255bd966c2844c,true,ps2 textures\opaque\bp_remade,true,true,5,remarci_4x,false,0,false
sna_hair1_alp_ovl.bmp,472327f6c15e72d3d137e17552cbdbbb1a8f1867,52f78ac85d20a046b915afeecd6e98200dba9bfc,true,ps2 textures\HAS ALPHA\bp_remade,false,false,0,none,false,5,false
sna_hair2dt_alp_ovl.bmp,af0ec6e94bbb737060c14bbfca6c9936a4b72e02,b74b3a99788cdcbc97860205dff44ab138dc84b0,true,ps2 textures\HAS ALPHA\bp_remade,false,true,5,remarci_4x,false,0,false
sna_hair3.bmp,39973b04e3b1fe368ba5c1df17dd012734ce49f2,d86d1fb780c14491c2d07313ab679a41c7437d54,true,ps2 textures\opaque\bp_remade,true,true,5,remarci_4x,false,0,false
sna_hand1dt.bmp,1863c7a5ddfa156ccc936302936f82a1b16092b8,f9316352aa3ee8de062be901c1e15e14e705ab73,true,ps2 textures\opaque\bp_remade,true,true,5,remarci_4x,false,0,false
sna_hand2.bmp,a41641894a53ff097d68568c2afbda2476e65e04,711c8519ff184965f7c9a8b4b8511d68fd62d65d,true,ps2 textures\opaque\bp_remade,true,true,5,remarci_4x,false,0,false
sna_hi_bdn01dt.bmp,8fe0cc2d54cceeff995650275300c0fb83f8256e,0fcabf4aa15d8097153baee3c11c33192aa139eb,true,ps2 textures\opaque\bp_remade,true,true,5,remarci_4x,false,0,false
sna_hi_ela01_alp_ovl.bmp,0f5192ad4f400ef07bd613846272536de5255942,40a4cfcea1dc07b23840d1219d1247f865cec46f,true,ps2 textures\HAS ALPHA\bp_remade,false,true,5,remarci_4x,false,0,false
sna_hi_eye01dt.bmp,139c81c41626158442d7d299cd5209893ca94789,b3febcede14ba218c3a174d8d7adbe01b3517608,true,ps2 textures\opaque\bp_remade,true,true,5,remarci_4x,false,0,false
sna_hi_face01dt.bmp,4061c3a4a6d3c51ee29fbef44bb5b3a63248e955,d65f3246cd07c4ddce315a7ca87673260904db09,true,ps2 textures\opaque\bp_remade,true,true,5,remarci_4x_extra_smooth,false,0,false
sna_leg_r01dt.bmp,d513009719ea40f7ac601bcebd7d2784f3df0b0b,c5f802d0db9583cdf416ce036f882b08e15f1557,true,ps2 textures\opaque\bp_remade,true,true,5,remarci_4x,false,0,false
sna_leg_ss.bmp,a993070cb8b2dbee42f83484b89a59215287638c,0e479518e56f4e6a21e6e9cacd872d944dcad950,true,ps2 textures\opaque\bp_remade,true,true,5,remarci_4x,false,0,false
sna_m9_glip.bmp,ba8fafbcacedf91b4d06d3004f0fcd79e8e1799e,e6d6d971e0c6670b334c5b147b550b89beb090aa,true,ps2 textures\opaque\bp_remade,true,true,5,remarci_4x,false,0,false
sna_p1dt.bmp,5564833c42615e6fed30ab052a467388e9a4fffa,f64eb71549328babc3bf84ff926a4eb4d07e9c42,true,ps2 textures\opaque\bp_remade,true,true,5,remarci_4x,false,0,false
sna_shoul01dt.bmp,4cb051c4d520c1fdd09cc145190760ac9dcb0b9d,5e673030db6ec8f3b4011c20d4095e1dad05e557,true,ps2 textures\opaque\bp_remade,true,true,5,remarci_4x,false,0,false
sna_toe01dt.bmp,5379be2f9e563685f15daea82474920b29e3786b,5491c208f9b75ece8e9f2d502e41a5cb96217799,true,ps2 textures\opaque\bp_remade,true,true,5,remarci_4x,false,0,false
so_bean_lig.bmp,6f005535e2b4f412f5d54a27e441e81e6212893f,dcc0ee044b6f2849d57b28da4414e17180f1cbd0,true,ps2 textures\opaque\bp_remade,true,true,5,remarci_4x,false,0,false
so_bean_sh.bmp,4445718e942b00da9b1f8b57ce810196aea5c83c,76e79a6815289c8663aefdaae9127850cf2f88cd,true,ps2 textures\opaque\bp_remade,true,true,5,remarci_4x,false,0,false
so_hako_f.bmp,6c81ed184e2c16af8e63466e6dd3875b5a3af076,968d0d5667f171d6391626e914398166542f112a,true,ps2 textures\opaque\bp_remade,true,true,5,remarci_4x,false,0,false
so_hako_ki_f_u.bmp,7acf35ce83f9b5aa64e0b7d0cf9265160e0c5173,077e88495639c4f11852dc2faf66da242bddb227,true,ps2 textures\opaque\bp_remade,true,true,5,remarci_4x,false,0,false
so_hako_s.bmp,a559b8abd3f122e2713c3010714b45e0ec31a9f6,968703603757545595e1b82e7762840820ac3072,true,ps2 textures\opaque\bp_remade,true,true,5,remarci_4x,false,0,false
so_hako_t.bmp,e0658dd6c99617bb89ffe5674c28048551d74934,5567659dcb52c83a165d0089eb7531e14571af42,true,ps2 textures\opaque\bp_remade,true,true,5,remarci_4x,false,0,false
so_hakokt.bmp,06b2f7ea3b64c716bc9b3d96a746e8845c2ed931,206f1335783bb16eeb0296271bfa343009b78ef2,true,ps2 textures\opaque\bp_remade,true,true,5,remarci_4x,false,0,false
so_ta_t2.bmp,58bec3f573ed04b2940a1378c2fe2e99ccd79992,1a083e2e7b2ee7a02419186e5ff89bd065ff6f21,true,ps2 textures\opaque\bp_remade,true,true,5,remarci_4x,false,0,false
so_wa1.bmp,5d9ef7cc6e8afcb9897f1c0da668239b02da9c1b,9008c7cac2eb1ae26c104fdb2c41246769680940,true,ps2 textures\opaque\bp_remade,true,true,5,remarci_4x,false,0,false
so_wa2.bmp,fd6073bdc50c74ca44881fa8c864dc07614485a6,1b6534e43541ddda2e8ec12aa513d58aa7cd7b84,true,ps2 textures\opaque\bp_remade,true,true,5,remarci_4x,false,0,false
so_wa2ne2.bmp,2d2c40c17ab7d459ae7ed566bac402220bf79815,043eee6a2402c0645ce9db85379dbd7557e9377f,true,ps2 textures\opaque\bp_remade,true,true,5,remarci_4x,false,0,false
so_wi_waku_f.bmp_2a4da7ecf84ff2feb3de4ff20c66c0c4,e63187c35de4780dce14d617cf2a9d8d79d39cfb,2ac7ef6eed54c43a7dd1e28b0dca12163487ab81,true,ps2 textures\opaque\bp_remade,true,true,5,remarci_4x,false,0,false
sofa00.bmp,63fff0dcf9669a1a079728c90ee9f1421cf18b14,915b5b2209c73982f7660346d0f00f7393c08cd0,true,ps2 textures\opaque\bp_remade,true,true,5,remarci_4x,false,0,false
sofa01.bmp,b5977eb7d39b06c47d4ae9285d26fc18d46a9145,599f69ae685259bca750fd0fe436e56e6a2730a7,true,ps2 textures\opaque\bp_remade,true,true,5,remarci_4x,false,0,false
sohakopfr.bmp,31c335064e67941f82d2f8edb859890c4d66fb69,d6e2b9f59fc9e0d91b1ce5ab8bce6351cef625db,true,ps2 textures\opaque\bp_remade,true,true,5,remarci_4x,false,0,false
sohakopsideup.bmp,3a7a7d7908dd2c048bdafe326eec506a2047feed,ff7319f4602ac0a09bcdce98d33e74ed6fe15dd2,true,ps2 textures\opaque\bp_remade,true,true,5,remarci_4x,false,0,false
sol_hi_face02_ovl_sub_alp.bmp,f433b51f16f493f907f2cb5ef0df79d7f244d499,579e5efef9a9df975601f4bd2464430b547a1433,false,ps2 textures\HAS ALPHA\bp_remade\no_mip_fixes,false,true,5,remarci_4x,false,0,false
sol_hi_face02_tmp.bmp,9c2d259428124a32b165f8a3abfe9aec2018dd42,fbcf399d22469dfad0a260cd4394471f855ad0f4,true,ps2 textures\opaque\bp_remade,true,true,5,remarci_4x_extra_smooth,false,0,false
sol_hi_face_d1_ovl_sub_alp.bmp,1d77b8f6160b5f9b5c5031481a1f5d9e17f0d7b2,59a6a86815a93e21b50e70d9f6014c724b22aba8,false,ps2 textures\HAS ALPHA\bp_remade\no_mip_fixes,false,true,5,remarci_4x,false,0,false
sol_hi_face_d2_ovl_sub_alp.bmp,12b15d6772d76d0e823b0c18d0ad8268284346ee,d07b36a4e46adebdffc65bd48100fb0a79504867,false,ps2 textures\HAS ALPHA\bp_remade\no_mip_fixes,false,true,5,remarci_4x,false,0,false
sol_hi_face_dt01.bmp,fb176cf3757135d1808fba7653fd10518eb0194d,bcaed9485b699999b264a51de5f52e030efe75a5,true,ps2 textures\opaque\bp_remade,true,true,5,remarci_4x_extra_smooth,false,0,false
sol_hi_face_dt02.bmp,0cf758853314cc51cf5612fd8161a5ee1df4af12,6b28e99d6798c245c81c7b3444a3135f9b7c7540,true,ps2 textures\opaque\bp_remade,true,true,5,remarci_4x_extra_smooth,false,0,false
sol_hige_alp_ovl.bmp,9d4d9cc0cdb27c9535845d2932f93ef0300aab92,feae7a428db4926435de1876cf0e3a83b15a8f8f,true,ps2 textures\HAS ALPHA\bp_remade,false,true,5,remarci_4x,false,0,false
sol_hri_arm01.bmp,3de583396d6d2cacb718e3a8c256caf8d2a87d67,280f3a73d4604f5a3e3c47cd80dc9f52d42149d7,true,ps2 textures\opaque\bp_remade,true,true,5,remarci_4x,false,0,false
sol_hri_belt01.bmp,19f8b4db4d5e09dc6f2b76956e4f4c5dfb603efa,01ca12c5f9e8e75efc5473fa58936d95cabb55eb,true,ps2 textures\opaque\bp_remade,true,true,5,remarci_4x,false,0,false
sol_hri_body01.bmp,71aa48295bd3be8aeeacefb71c7441a3f755eefb,2f1616ce3b54ea57e65c91059c777f05c08b35d7,true,ps2 textures\opaque\bp_remade,true,true,5,remarci_4x,false,0,false
sol_hri_body02.bmp,779636924e9a919d127aafa30c161710eba38de8,0b14f4f2cd2a1b8ad91f8b80cecf1e47ffcd230a,true,ps2 textures\opaque\bp_remade,true,true,5,remarci_4x,false,0,false
sol_hri_face01.bmp,63cdd94b6cb00e6e6f2461aa67d5a959835a92bd,6574ae823197471e496bad70e3a0d8e4419f5b78,true,ps2 textures\opaque\bp_remade,true,true,5,remarci_4x_extra_smooth,false,0,false
sol_hri_hair01.bmp,e970279fbe1decf78348dacce7bafdf8ac9fb00f,4d63ff17098b613c6b27f9c5ad65bb5ca496d474,true,ps2 textures\opaque\bp_remade,true,true,5,remarci_4x,false,0,false
sol_hri_leg01.bmp,0d2683d515b2fe932ddc1a91bce5b4f58c70a57e,4997df1820a77ddb5b6352e24eefebcd51c0f464,true,ps2 textures\opaque\bp_remade,true,true,5,remarci_4x,false,0,false
sol_hri_muscle01.bmp,880c86b014edd94c8fe052a143dd75ceaa2ea738,6274c405eb300c1476c6af09beb25c9f7c5fbca6,true,ps2 textures\opaque\bp_remade,true,true,5,remarci_4x,false,0,false
sol_hri_neck01.bmp,ec7e062c57a054e727e6be4d2fb8d4bc8cbb2a12,a96cbacdceeae5c94cbd6cae588bcc479f93a951,true,ps2 textures\opaque\bp_remade,true,true,5,remarci_4x,false,0,false
sol_hri_shoulder01.bmp,9667ca68115f8d5a207ee285e2511af3bef4d421,d7c3ef1fa341223b77578c1f46bab651dec40815,true,ps2 textures\opaque\bp_remade,true,true,5,remarci_4x,false,0,false
sol_leg_2_n.bmp,67909a6b2afd18d23b979f1c050ea44138c6c6e5,92a0d31a2dd8eb9a9b665f2aa98546873b20add8,true,ps2 textures\opaque\bp_remade,true,true,5,remarci_4x,false,0,false
sol_leg_dt01.bmp,f99e0181b7f6b80997e5df172cdf3c89bb7664c7,e9da6393dc4e3e51e7e0a14a756db68b6e8ea615,true,ps2 textures\opaque\bp_remade,true,true,5,remarci_4x,false,0,false
sol_leg_dt02.bmp,7b963d40e3f1527c5d309f3ad61cafc9c2989339,9231e1c03da8806f292b9ff88fad42bbd5971e0d,true,ps2 textures\opaque\bp_remade,true,true,5,remarci_4x,false,0,false
sol_leg_dt03.bmp,acb3b7131cffed197459a0d8db2d7de0a8eec84e,a796c04cf31e58115496a0374a15b640976a27d0,true,ps2 textures\opaque\bp_remade,true,true,5,remarci_4x,false,0,false
sol_leg_dt04.bmp,1fe97da0cc3ead056af5ad558bc647fd961d702f,f891145d7abe24721154ade820980bd6dfac1f09,true,ps2 textures\opaque\bp_remade,true,true,5,remarci_4x,false,0,false
sol_leg_dt05.bmp,269befc64770e880dd1a1413fa15f4c143e08537,0ea2644e6aed6aaa3c913378e49b1d640cd5fa6c,true,ps2 textures\opaque\bp_remade,true,true,5,remarci_4x,false,0,false
sol_leg_n_1.bmp,c5e4bb0c7a7e2edffc7918191d6c24ab8e1553d1,c7354869fe435c6c41523469431e680e683d9e81,true,ps2 textures\opaque\bp_remade,true,true,5,remarci_4x,false,0,false
sol_leg_pad_n.bmp,737d84ad3d66c34131fc2d4b6abd8b48438f9465,a8cd16a3048263627627bcebbb5b37f3462cba87,true,ps2 textures\opaque\bp_remade,true,true,5,remarci_4x,false,0,false
sol_leg_sune_n.bmp,0b8f5aff6f9ea3d4c1ae940e953d72016a278c0a,30dc107f4ff07bd76343b2e06e4b9aa760f38857,true,ps2 textures\opaque\bp_remade,true,true,5,remarci_4x,false,0,false
sol_mant_n_alp_ovl.bmp,186c95c03f840aac39940b7f4808e75acceb3a53,bbc60856951df111785416536d4e5c275ddf6c5b,true,ps2 textures\HAS ALPHA\bp_remade,false,true,5,remarci_4x,false,0,false
sol_mant_n_ovl_sub_alp.bmp,15e2808be19048f45dc8bb99d4c701fe61631f9d,80c61f8c3b520440122ee5515dce08ddcec7c261,false,ps2 textures\HAS ALPHA\bp_remade\no_mip_fixes,false,true,5,remarci_4x,false,0,false
sol_mayu_alp_ovl.bmp,5769772a68fb0ead0c8ec34ee003604833f48a7d,06ca998a996208fd5b07e1d5f82e3464d81b1a48,true,ps2 textures\HAS ALPHA\bp_remade,false,true,5,remarci_4x,false,0,false
sol_neck_i_dt.bmp,9aa65ca84ae989ac6c809aca2ecb310fde8d27ba,5de09b59bce8d79760bdbbbd2ffa2728445e59f7,true,ps2 textures\opaque\bp_remade,true,true,5,remarci_4x,false,0,false
sol_ovl_mod1120_alp_emap.bmp,7e34c2b752b54fa1295f6b0d43a86925bc6573fb,f9578ca77059f35779e8fef67b7289836d807315,true,ps2 textures\opaque\bp_remade,true,true,5,remarci_4x,false,0,false
sol_sa_bone_dt.bmp,7936c736754ebc0b3d436aae8de8b52057e07927,7f9c0442fdc13f43ee4a5d36c07bc4cd9abc662d,true,ps2 textures\opaque\bp_remade,true,true,5,remarci_4x,false,0,false
sol_sa_chest_dt.bmp,dadb0099f7537d5024c45d3df7e2b4b872be59f6,ee519dc38fa17758a2dc0a8a56c530bed5b844e7,true,ps2 textures\opaque\bp_remade,true,true,5,remarci_4x,false,0,false
sol_sa_chest_dt_ovl_sub_alp.bmp,2b305b982608306c8decb5ee719d924a8e597acb,1973efab84247d6bded88e3f6466dd77a849e05c,false,ps2 textures\HAS ALPHA\bp_remade\no_mip_fixes,false,true,5,remarci_4x,false,0,false
sol_sa_claw_dt.bmp,bf528d09b4342b9790253d8cb731c755b4999818,8639b2adc6d12c505984af88cc6e90c235d9167e,true,ps2 textures\opaque\bp_remade,true,true,5,remarci_4x,false,0,false
sol_sa_ovl_mod1120_alp_emap.bmp,f79f4f0f5e07272391272942772eafc499c3aa53,9304010ca692d9abcd957bf2ca5f0029cbd36c25,true,ps2 textures\opaque\bp_remade,true,true,5,remarci_4x,false,0,false
sol_sa_top_dt01.bmp,0884d57782579958a1a775e06099fefc267c60ab,f4b19b6475a1952ee67815e65bbd20034e50f287,true,ps2 textures\opaque\bp_remade,true,true,5,remarci_4x,false,0,false
sol_sa_tu_dt01_ovl_sub_alp.bmp,4cfc39496f6f2ef5128beb9a96dfcfb8c5097a26,72b6afc793b34fc869bcc46743edb50897d0ff9b,false,ps2 textures\HAS ALPHA\bp_remade\no_mip_fixes,false,true,5,remarci_4x,false,0,false
sol_sa_tu_dt03_ovl_sub_alp.bmp,683d292a3a0b005ee5f040bd117b74be1a3246de,6712d4fbb8e53cecccbec63084c608b8f34332c5,false,ps2 textures\HAS ALPHA\bp_remade\no_mip_fixes,false,true,5,remarci_4x,false,0,false
sol_sa_tu_dt04_ovl_sub_alp.bmp,c75cf9779ce8da04af2018ec1a2abc1ab7718c16,5dc0aa24beb642aaaa255e8c927a33fa7718e5ae,false,ps2 textures\HAS ALPHA\bp_remade\no_mip_fixes,false,true,5,remarci_4x,false,0,false
sol_sa_tube_dt01.bmp,92ebeafa2f0077a2c8c4928785f2f2ad1f390a83,b27abd5642c9abc02c9d4deda7517682c18646d2,true,ps2 textures\opaque\bp_remade,true,true,5,remarci_4x,false,0,false
sol_sa_tube_dt02.bmp,c82efb4228ac2906dde4f5881d7c694e14637c06,1caea35f51cf5cccbc5ab3d395d61de2e05b0c13,true,ps2 textures\opaque\bp_remade,true,true,5,remarci_4x,false,0,false
sol_sarm_chest.bmp,201f6d105f87badc6a28ef5ae5bbd4b45cb30a91,97677eb2b8f2af1cd34008a0858c4a22ad12173f,true,ps2 textures\opaque\bp_remade,true,true,5,remarci_4x,false,0,false
sol_sarm_chest_moji_ovl_alp.bmp,0dfd7bf62046b26a3e00bdfcd79998943b071297,c4f2bc559647c9f728993e120462887a07a5720a,true,ps2 textures\HAS ALPHA\bp_remade,false,false,0,none,false,5,false
sol_sarm_chest_ovl_sub_alp.bmp,1887ec5adc33bc46e4196fbfed83b85c7a3ea499,4f0ec14b12ca53d0602f9fa74aa9f38f27834986,false,ps2 textures\HAS ALPHA\bp_remade\no_mip_fixes,false,true,5,remarci_4x,false,0,false
sol_sarm_top.bmp,647edc55188d3cc6d0a650e2ab8e0b4c6ff27a20,a06aab992b8b8069abddea9a97ed2cafca296085,true,ps2 textures\opaque\bp_remade,true,true,5,remarci_4x,false,0,false
sol_sarm_tube1.bmp,e5b8ff2d00c61a98c3b58ebc7e9b37897f69faaa,a2cace18ed9bab9b80a8899e2eee07249a505035,true,ps2 textures\opaque\bp_remade,true,true,5,remarci_4x,false,0,false
sol_sarm_tube1_ovl_sub_alp.bmp,abb267a9943a10882696f0f78521068f39d54cf5,1ae5d00340fad3b435a9d262b576013994ab906a,false,ps2 textures\HAS ALPHA\bp_remade\no_mip_fixes,false,true,5,remarci_4x,false,0,false
sol_sarm_tube2.bmp,d5da15202ec2921d1741e020a6f5cb4e9e8828cc,0889a9700f149d52fc7759092983ceb383e6e868,true,ps2 textures\opaque\bp_remade,true,true,5,remarci_4x,false,0,false
sol_sarm_tube2_ovl_sub_alp.bmp,4366e07b16cae37999949300cbd14a5f45fb1b91,fda2f6f92f4d99ab7d71957a03d3f7159f7b7019,false,ps2 textures\HAS ALPHA\bp_remade\no_mip_fixes,false,true,5,remarci_4x,false,0,false
sol_sarm_tube3.bmp,a9fd136c91614e118072f62e3bd988a289fa9bfe,1d0cdea6a9279792be24d34b59eb3ec96287c338,true,ps2 textures\opaque\bp_remade,true,true,5,remarci_4x,false,0,false
sol_sarm_tube4.bmp,ccdd1133adbf87501a6f4c2d7c5cdd241faf6fef,67c3f3724a31516159e03a747ce42d2872c3a619,true,ps2 textures\opaque\bp_remade,true,true,5,remarci_4x,false,0,false
sol_sarm_tube4_ovl_sub_alp.bmp,6cceaf22a385bf7e2d8814c2d9358ba32e89b526,12f5076396269b2cd89b47139dc0dd8914884c7f,false,ps2 textures\HAS ALPHA\bp_remade\no_mip_fixes,false,true,5,remarci_4x,false,0,false
sol_sarm_tume.bmp,a2632f6426318196942ffc53d6fc54f271c4830c,faf7369913b2ecbb6c759484aa715f8d3992c2d5,true,ps2 textures\opaque\bp_remade,true,true,5,remarci_4x,false,0,false
sol_shoes1_n.bmp,2ec00b71514d51ddf4ccf2d8a5bacc03e20b8054,c4b804d2e1e9c20d44977fec44ff2e85097f8b41,true,ps2 textures\opaque\bp_remade,true,true,5,remarci_4x,false,0,false
sol_shoes1_n_ovl_sub_alp.bmp,597dc1764ded91550993adbf2971ba4e2b88259c,edb2a8c0b6a168abdc52da73bb349818e26867cf,false,ps2 textures\HAS ALPHA\bp_remade\no_mip_fixes,false,true,5,remarci_4x,false,0,false
sol_shoes2_n.bmp,e7ed167fff6af5e6cfbd5c7af19c111a45b262de,fb36fa0f57fb1982a899d0e9ffac6a381d0418cd,true,ps2 textures\opaque\bp_remade,true,true,5,remarci_4x,false,0,false
sol_shoes2_n_ovl_sub_alp.bmp,c17aeceb4d739be0f58b63e21a010b0536662282,da9d18c336711656059f972aebd0227636652441,false,ps2 textures\HAS ALPHA\bp_remade\no_mip_fixes,false,true,5,remarci_4x,false,0,false
sol_shoulder_dt.bmp,76d58689215812fc5616bb6da084154b33f83c64,878cfb4449fedb1173aa2db446254e13d9cc63fe,true,ps2 textures\opaque\bp_remade,true,true,5,remarci_4x,false,0,false
sol_shoulder_dt_ovl_sub_alp.bmp,60c63eec29c4e37db7c3b79a5625dd6a7f9ce6c4,ae006b5924300f715c77ca57c91f88a08701991a,false,ps2 textures\HAS ALPHA\bp_remade\no_mip_fixes,false,true,5,remarci_4x,false,0,false
sol_shoulder_n_1.bmp,0842fe9f93ad006e95becf85e719ca08aa753548,a8de7595e98981cbc77fa8ef373ff48e0c393cf1,true,ps2 textures\opaque\bp_remade,true,true,5,remarci_4x,false,0,false
sol_shoulder_n_ovl_sub_alp.bmp,6b83b83c15aa0b59d8c1bd47730707a89f0f070d,5f3ec15fbd8f76188ada8144010007fad1ac4b26,false,ps2 textures\HAS ALPHA\bp_remade\no_mip_fixes,false,true,5,remarci_4x,false,0,false
sol_usa.bmp,3b4ce36e800f91557549ff5239b62af0bc9d33a4,3d76206a753077130d55efcec851fdb87baa9bb4,true,ps2 textures\opaque\bp_remade,true,true,5,remarci_4x,false,0,false
sopelem_body_01.bmp,850fc470be9c988e57406a5c65098dc49c4f259a,40dfdd97ec3da8ffe49e0bfd4dbef68dc0b8771f,true,ps2 textures\opaque\bp_remade,true,true,5,remarci_4x,false,0,false
sopelem_renz_01.bmp,345bbd59e490f4c8bca99f31df98151a78ceba5e,cc7a50b45bab8c72e33a68b65f5d9e715930c52a,true,ps2 textures\opaque\bp_remade,true,true,5,remarci_4x,false,0,false
soyunaka.bmp,6c0bad8e7a562cc42f15f28e7aaac6f4cff7f2d4,1d6be70e8096f34c6f716f1e938a52f2184cfae0,true,ps2 textures\opaque\bp_remade,true,true,5,remarci_4x,false,0,false
soyunatate.bmp,2c6cb11fc7ed16ed6fbc92858af7bd052b227c52,d8e7e0fa13f59993e7778ff13ba3b3a56e0c47b6,true,ps2 textures\opaque\bp_remade,true,true,5,remarci_4x,false,0,false
soyunatateh.bmp,70dd8df88b2757e44001e98996e04d5e6133ddc5,1eacb743fb33db4ce188a48b35529658ff6ffe4c,true,ps2 textures\opaque\bp_remade,true,true,5,remarci_4x,false,0,false
soyutop2.bmp,ea6d6680d4685df287a34b37493dca41e85b638c,21812e9b5f0da9ff1a7036beab2352e003ab013d,true,ps2 textures\opaque\bp_remade,true,true,5,remarci_4x,false,0,false
soyutop2h.bmp,54f6325021a0fbab97b86eaf6679621694e3a0ca,3311b2d3ab821d9089ca61641f843ec37ed76db3,true,ps2 textures\opaque\bp_remade,true,true,5,remarci_4x,false,0,false
soyutop2hw.bmp,e266a2ca6b64e644c7dff146354c83a3f0a8a6f1,b30486b766dd6eb5c366bf587b642bf30b7f5ba9,true,ps2 textures\opaque\bp_remade,true,true,5,remarci_4x,false,0,false
soyutoph.bmp,4bef892ff0f0a7af235148bff6d1a4ed3be8fbca,8907ddf1bbba22ad6f1c78b6b287d1a11fbd05a0,true,ps2 textures\opaque\bp_remade,true,true,5,remarci_4x,false,0,false
stg_grip.bmp,4160ce61a3c05866ef19b84fc9fac685c00a4cc1,3b06eecf2244ff850bc603a14cc2ccc7e22c20e2,true,ps2 textures\opaque\bp_remade,true,true,5,remarci_4x,false,0,false
stg_msl_s.bmp,0c7af74ff3bce871a842546e1558ac7eefb5a547,b7b9bc40bd1ce340280d48aae2c4701517055a99,true,ps2 textures\opaque\bp_remade,true,true,5,remarci_4x,false,0,false
stg_s_sb.bmp,65eff0cf298623080efcef5b1a84d0b9b78fb629,8af49f956db50c13e885375000e96b6ddff9a6bf,true,ps2 textures\opaque\bp_remade,true,true,5,remarci_4x,false,0,false
stg_sight.bmp,d45bd79adac33c38e393d81aa1cc087c41cf5f1a,718317518ba92a356abde8d02d6e52c9751364fd,true,ps2 textures\opaque\bp_remade,true,true,5,remarci_4x,false,0,false
stg_temp.bmp,9eb90d94474543b3d01583730ea8d0558ee8c798,e2b15a5bc0de7c364abc50b7e9bfa7340582b124,true,ps2 textures\opaque\bp_remade,true,true,5,remarci_4x,false,0,false
svc_body01.bmp,e2c17c22c07439dff9d17e7fbb1c25545f9682e7,d4e38162e2fdd10e9bcfbe159e0273e4bc583c43,true,ps2 textures\opaque\bp_remade,true,true,5,remarci_4x,false,0,false
tnc_fl.bmp,9725e104481c1558c9910786467c195c18cce50b,0ba29de1397255e005fbf12e850900113454765f,true,ps2 textures\opaque\bp_remade,true,true,5,remarci_4x,false,0,false
tnc_fl_r.bmp,2d09865626435fedd23f7acb1a9aeb77b6055556,f5ee03f9308d79df3a6dfa00aca3ff3d5107f4e5,true,ps2 textures\opaque\bp_remade,true,true,5,remarci_4x,false,0,false
tnc_obj_faceneck00.bmp,a2171354534f4b4cd9472a1139940586d646fa91,dec4d70d9e2639e4bd63c136c71738754b86e35f,true,ps2 textures\opaque\bp_remade,true,true,5,remarci_4x_extra_smooth,false,0,false
tnc_r_faceneck02dt.bmp,db6ce14eca8b39053529318e653b81e9060e8587,e6b63df5d0deafd7fab597d9609d7bc77653a2a9,true,ps2 textures\opaque\bp_remade,true,true,5,remarci_4x_extra_smooth,false,0,false
tnc_re_faceneck.bmp,31ce12e35e045f6d634c5b0fae4afb5bff3ffd22,bbd92ae891e7ecd0b5297b458d9707d2beaa154d,true,ps2 textures\opaque\bp_remade,true,true,5,remarci_4x_extra_smooth,false,0,false
tnc_re_faceneck_dead.bmp,9ca1ba4beab9221d8105dff1be4bee7a8bba01c5,981899be219b877baf043852bbd9f997252a2015,true,ps2 textures\opaque\bp_remade,true,true,5,remarci_4x_extra_smooth,false,0,false
tnc_re_faceneck_dead.bmp_0e551a799467218ab1818640b8ee2d96,f063536f02af14eb3b68b1348aa16cd4290321ef,5d702ca473d024216dbddd86deb662074ab4fa1c,true,ps2 textures\opaque\bp_remade,true,true,5,remarci_4x_extra_smooth,false,0,false
usa_arm01dt.bmp,87b001afe06e60dcd7c21d99f23edeab6a18a228,1c50b062aa494aac7def66201c6f14d6d5352a91,true,ps2 textures\opaque\bp_remade,true,true,5,remarci_4x,false,0,false
usa_arm02dt.bmp,22882f08581876b899190d578ee2e16060a23f4f,0bf6e615cdfafb96bd836c5cd272572309878376,true,ps2 textures\opaque\bp_remade,true,true,5,remarci_4x,false,0,false
usa_arm03dt.bmp,9fdc195e9d97bc56377a12a5e4d9d63c6359ad79,d54fcb7765b9a8dc74c7b3f6c07f8a4d3e1c2bf8,true,ps2 textures\opaque\bp_remade,true,true,5,remarci_4x,false,0,false
usa_armor01dt.bmp,b85b1717b041acde99584ff567d9b4e3b0a4b35f,e79ee5e2a5216b94c654a02bfa1c3a3a5be2ce59,true,ps2 textures\opaque\bp_remade,true,true,5,remarci_4x,false,0,false
usa_armor_neck01dt.bmp,437eeb0ccfeff73f0631261fd72e53ac454bd1b9,f13edfcb3c945416d80c7808456e4a1c766fc6e7,true,ps2 textures\opaque\bp_remade,true,true,5,remarci_4x,false,0,false
usa_armor_pad01dt.bmp,7f608f07a1720356be2ffcb1a1d29302d4ffec64,3b7a3e610db8093405bd3d707c719dbcea4ecf69,true,ps2 textures\opaque\bp_remade,true,true,5,remarci_4x,false,0,false
usa_ashi.bmp,3105853947094714031fcc83cb3bedf629378a25,8a64f7698ffa1036d7b750d188888dec213fa90e,true,ps2 textures\opaque\bp_remade,true,true,5,remarci_4x,false,0,false
usa_belt.bmp,01dfceb6dd66ee5f2ab38ec3f574cae6ca5519ce,25536ed716964094db9a9460b94973b7ffef6700,true,ps2 textures\opaque\bp_remade,true,true,5,remarci_4x,false,0,false
usa_belt01dt.bmp,a61cd3fa4cc2ce6ec7c5a4a48e58d94fd9534ee2,e8d51491af2c8c01177da90c60388fe0ae9cdeff,true,ps2 textures\opaque\bp_remade,true,true,5,remarci_4x,false,0,false
usa_belt02dt.bmp,90666fb7b3d909c4f476699017ce4dedd4c0b307,b9589c9e1049a5b25ac8bb4b8ca57a4e449c0e86,true,ps2 textures\opaque\bp_remade,true,true,5,remarci_4x,false,0,false
usa_belt_back.bmp,2a927f23e34c87dd54125cd0a20c6cbfa1836be0,9c1dfff6581c42d4ac5649aed404db321267ccad,true,ps2 textures\opaque\bp_remade,true,true,5,remarci_4x,false,0,false
usa_belt_back01dt.bmp,99b1739a33230fe0831e5196deeeb76afbaf46f1,3e64e7734dd650607c60e2a6f31f39d04d5b0306,true,ps2 textures\opaque\bp_remade,true,true,5,remarci_4x,false,0,false
usa_boots.bmp,e9c23d6e0e656db3981152e98c1fca762087ca1e,1629f5b8196f7d5b6b55a7ba44f8d6682df741d7,true,ps2 textures\opaque\bp_remade,true,true,5,remarci_4x,false,0,false
usa_boots01dt.bmp,746fd063d142fecc9c76b40c3efa50fb6661bea4,3465e7ba4aa3d972252226bce76f9e8b1efc184c,true,ps2 textures\opaque\bp_remade,true,true,5,remarci_4x,false,0,false
usa_cap.bmp,6c443411b8b9e0f8bdf236eb878d099c667ffdd2,5523f2dc23d24a858ea3b0d67d4dedd2e90851fd,true,ps2 textures\opaque\bp_remade,true,true,5,remarci_4x,false,0,false
usa_face_bk.bmp,a38c82881cda055989b6b358f27c1d546a606950,532fdf4b7c17310f456b29e5b93947eb9e611c90,true,ps2 textures\opaque\bp_remade,true,true,5,remarci_4x_extra_smooth,false,0,false
usa_face_bk01dt.bmp,2bb7a11e3be06bbeb94b4a51531b4f9f89e34b11,039281ac3624f2e5096513c2ac05b5d4e11265ce,true,ps2 textures\opaque\bp_remade,true,true,5,remarci_4x_extra_smooth,false,0,false
usa_face_c01dt.bmp,954f50163b4897ce05aa4c300e8e875456d63384,6390e9b872f5416961a3ac1df9035dec414712ef,true,ps2 textures\opaque\bp_remade,true,true,5,remarci_4x_extra_smooth,false,0,false
usa_face_d.bmp,677c1ee57bfbf346bce313271923f7993ec4f7a8,b315d231b3855d51ad2c1bfc33e0999a3713c202,true,ps2 textures\opaque\bp_remade,true,true,5,remarci_4x_extra_smooth,false,0,false
usa_face_d01dt.bmp,3526e54438488563e19e122c5274ec5a6ad76f74,6887a325cdd21a603af2865d383700950aa9ac2a,true,ps2 textures\opaque\bp_remade,true,true,5,remarci_4x_extra_smooth,false,0,false
usa_face_d02dt.bmp,9cdcdf88f271f48442e53a28bfa60154a3f9bdce,0ccc341711e58fa436d5d50b3c06bd4427f9a25e,true,ps2 textures\opaque\bp_remade,true,true,5,remarci_4x_extra_smooth,false,0,false
usa_face_f01dt.bmp,b40249e8b29a23536860a93ae126610f2a5ebc73,3983174a730b5932aa3ebb0863480cca2df14b77,true,ps2 textures\opaque\bp_remade,true,true,5,remarci_4x_extra_smooth,false,0,false
usa_helmet01dt.bmp,4a472f4eb6dbdd3b55d0866d8b4371cb78c011b2,e8831ccc049ac3b84d38295fcc1512f90405410c,true,ps2 textures\opaque\bp_remade,true,true,5,remarci_4x,false,0,false
usa_helmet_inside.bmp,8df71d0853a43c8eaa86e9ffc3d539d609a565e8,564e786a92e620e99483dd4817cf6153b2b1a063,true,ps2 textures\opaque\bp_remade,true,true,5,remarci_4x,false,0,false
usa_leg01dt.bmp,a13e6a4db9307d8919bbdc6f87fc1d4feb250abe,a36bd05fcc55367a9183f1d92e2b7097daf3d81a,true,ps2 textures\opaque\bp_remade,true,true,5,remarci_4x,false,0,false
usa_leg02dt.bmp,290041ed276934d021eea340a14208a9e8fb468a,9eeb83ca2f175e8feb2a8902f2acd6a7197a19b1,true,ps2 textures\opaque\bp_remade,true,true,5,remarci_4x,false,0,false
usa_met01dt_ovl_sub_alp.bmp,af5af04c34a87294dad53c3beac8804904b327d4,4cfebc95047541410316a56d7b48733594d60bbd,false,ps2 textures\HAS ALPHA\bp_remade\no_mip_fixes,false,true,5,remarci_4x,false,0,false
usa_met_belt01dt.bmp,ee21f87d5570fb61cfc2a3d3a3b6ff9f738ebe92,fd586f81e3d49cdd8f23245e4af7f5aa01e09ed4,true,ps2 textures\opaque\bp_remade,true,true,5,remarci_4x,false,0,false
usa_met_ovl_sub_alp.bmp,b62a39c636dd4dd88ebba0035f48ddf5dbe9f504,2681d91e0e55d7fdbf078db6274523dcf56310ba,false,ps2 textures\HAS ALPHA\bp_remade\no_mip_fixes,false,true,5,remarci_4x,false,0,false
usa_pack01dt.bmp,fa5ed79310d105ebad58f17cf3b8564b659896b6,4090c10dce163c1c1ef3102cba1c03e1c04133bc,true,ps2 textures\opaque\bp_remade,true,true,5,remarci_4x,false,0,false
usa_phone01dt.bmp,35b0d5c96d2fb7b38f860113add0e7320f45d857,0040643564ccc01e9539bf77f6dc6c03da380936,true,ps2 textures\opaque\bp_remade,true,true,5,remarci_4x,false,0,false
usa_phone02dt_ovl_alp.bmp,b03e2ae23baeac8d74a5ff9d3a7af7fadd2e73e2,7943c43532d82ef65976ca1c3c74effc56d9866a,true,ps2 textures\HAS ALPHA\bp_remade,false,true,5,remarci_4x,false,0,false
usa_phone03dt.bmp,40a0db631464cd3499ffc79b1996642cd146a424,b47ee34b5249b792c9b7e1173628451d6685ece0,true,ps2 textures\opaque\bp_remade,true,true,5,remarci_4x,false,0,false
usa_ude_all.bmp,c54c6649acc2cd4dc92f6bd525b84e7a901832c4,f1632212b7627673ab7e30b5ded2f546cc6144bf,true,ps2 textures\opaque\bp_remade,true,true,5,remarci_4x,false,0,false
usa_ude_makuri.bmp,6d4927eb9878116fb95e5438db96ffa0adf98028,382c69f6d9f94930cb3dcb3bbd57b76f67bf4f45,true,ps2 textures\opaque\bp_remade,true,true,5,remarci_4x,false,0,false
usm_chest01dt.bmp,7c12160382937bca22605a03104ac428756df351,2f82a23debaf87a6c0cf7ea822a1b6dc063ef1d1,true,ps2 textures\opaque\bp_remade,true,true,5,remarci_4x,false,0,false
usm_chest02dt.bmp,7a1f5c5add9761c3d0e4d69518134af3dd020039,2a8fc1a040346afbf722dae2cdd8c480df5003f4,true,ps2 textures\opaque\bp_remade,true,true,5,remarci_4x,false,0,false
usm_chest_back01dt.bmp,4186e71a9d7b999b59e67928cbbc137610694cfe,e89fc90d2b27072808cebef7c6836688f8d40c8e,true,ps2 textures\opaque\bp_remade,true,true,5,remarci_4x,false,0,false
usm_chest_back02dt.bmp,2bf92f5068717e040f20fbe4991c3ea2062f3f41,0fe5b3d7632b030c701d69418df1ff2afd3eefe5,true,ps2 textures\opaque\bp_remade,true,true,5,remarci_4x,false,0,false
usm_chest_back_belt.bmp,a9486102ec60d05bcfe1a6802d4c69c22c42f3e6,617dd6360ff0282aeceb5046cfd1827829116a6f,true,ps2 textures\opaque\bp_remade,true,true,5,remarci_4x,false,0,false
usm_chest_belt.bmp,3a3facafe06f9425182c418a24afcfd21aa81952,3f592207f3b980ce78fc1a30120564aee9cc9e95,true,ps2 textures\opaque\bp_remade,true,true,5,remarci_4x,false,0,false
usm_eri01dt.bmp,4dfd73bfeb0385c151ab8faebed71438cb8fdb7b,9c690e97fb9734ff00ba949422bc537a92c7f0ff,true,ps2 textures\opaque\bp_remade,true,true,5,remarci_4x,false,0,false
usm_eri_inside2.bmp,78954364f96094b2a2295fee81c06dd2d74eaa08,1a7770f33adb62aafbe31eaf26e6f009c33c0cc8,true,ps2 textures\opaque\bp_remade,true,true,5,remarci_4x,false,0,false
usm_t_shirt.bmp,2c16e360cfbfb16ce2bd6a2b71850abd70408d84,8b22c11348d4a0fbf0e5f8c89944d59fbc4927f0,true,ps2 textures\opaque\bp_remade,true,true,5,remarci_4x,false,0,false
usp_magazine.bmp,4b3cc9e42d2f51e6e4ef62a46de9940345d89a59,34fd598f93832feae5c7d54c6aeaca1a173e5dfa,true,ps2 textures\opaque\bp_remade,true,true,5,remarci_4x,false,0,false
usp_sb_all.bmp,db5bb3371781eba12482d6fdbecaa2e620e01a4b,3d60f881f3687a44d4cc69d8adb91721d541d0e0,true,ps2 textures\opaque\bp_remade,true,true,5,remarci_4x,false,0,false
usp_sb_all.bmp_cdb943d53c81d48a3e26a8100d3c47be,170f57bdb9ff933d5bd1527d79ba264e75680c57,a18d540f350b83b31afbcabcc5f07d9fe9bf6dac,true,ps2 textures\opaque\bp_remade,true,true,5,remarci_4x,false,0,false
usp_sb_all2.bmp,07975c39ae8115835c8816d9dc1a6b126b2f5546,cc0775a478f7d42e58660d8840dbdca4461b3d84,true,ps2 textures\opaque\bp_remade,true,true,5,remarci_4x,false,0,false
val_amo1.bmp,fa91c3026e14b093b8d40335a4caa900f6d4244c,08c463a20cbe93b45154579647893751e2a3fc98,true,ps2 textures\opaque\bp_remade,true,true,5,remarci_4x,false,0,false
ved_rope_lit.bmp,36076241a50c098f5f9a0fa15010e7a3d433b5bf,936e749f8ae516efe1839577c883295c7b2666e0,true,ps2 textures\opaque\bp_remade,true,true,5,remarci_4x,false,0,false
vkf_big_mt.bmp,51281ac0e388eb1d643e7fb6d943098e55ab7060,60c6040d7509fba23223ad3166ced977dbcb9341,true,ps2 textures\opaque\bp_remade,true,true,5,remarci_4x,false,0,false
w00_sky_add_alp.bmp,79130fa40ace7a9014dfde4cf702bc00dbf38fb7,f47cd6b412177c70afadf3256831c8bd437d38b1,true,ps2 textures\HAS ALPHA\bp_remade,false,false,0,none,false,5,false
w00_stp_t1.bmp,3f40f864afc6fecdb16bfb39c374b05e26833501,0e3f9cd98d53c61bde751efe7b14c0fa03eaf911,true,ps2 textures\opaque\bp_remade,true,true,5,remarci_4x,false,0,false
w00a_frt1.bmp,99c636c2f01ce062c7fdbd8d955e461ee2387674,25b51feeb8a0fccf2ef8f718003d8eef3bf9b17d,true,ps2 textures\opaque\bp_remade,true,true,5,remarci_4x,false,0,false
w00a_os1.bmp,304787af02c5d5af685953efb12787332505735a,58654249600dfc0a8aa5ca2a0051ac0b55e2431a,true,ps2 textures\opaque\bp_remade,true,true,5,remarci_4x,false,0,false
w00a_pl3.bmp,c74c0e1fe435b2962113b757c4c60c045ad62507,58ae6aa7dcc79d6899ce4750580d899c45c6f9a9,true,ps2 textures\opaque\bp_remade,true,true,5,remarci_4x,false,0,false
w00a_rb2a.bmp,221b75d33085ca2830edaade36f756cc92075247,97f14da1f35ef5b49aa66360410225063b2b56c6,true,ps2 textures\opaque\bp_remade,true,true,5,remarci_4x,false,0,false
w00a_rtn0.bmp,f6b38d86959a5d4ed659f2b7b62f21a5027d75ff,7582a16158b9b246cb830e0a685e2dc13c47d9a2,true,ps2 textures\opaque\bp_remade,true,true,5,remarci_4x,false,0,false
w00a_sn1_msk.bmp,22f25060bb3b079cbe45e99b773c760d692336c0,e81f63c804125693ccd1e522a43418acd7546479,true,ps2 textures\HAS ALPHA\bp_remade,false,true,5,remarci_4x,false,0,false
w00a_sn2.bmp,e48d34abbb898f14d3f57819f2def13a83e85f7c,49360df9e71efe0e54af4f2bfa3bc027ea7452b8,true,ps2 textures\opaque\bp_remade,true,true,5,remarci_4x,false,0,false
w00a_w1.bmp,79908e82019c8027b6fb30d443069126f02587ec,d5e1a12f28dde6eb62e4a18f14e282d5ec996d50,true,ps2 textures\opaque\bp_remade,true,true,5,remarci_4x,false,0,false
w00a_wd_p1_msk.bmp,4d4023d22bf4ca4165a9d12e52edc2581e244d6c,8df9e1a9408c20fb13a506c204fac3d65003cb6b,true,ps2 textures\HAS ALPHA\bp_remade,false,true,5,remarci_4x,false,0,false
w00a_wd_p2_msk.bmp,86eda0eaea0361214f1278460184856d5dedab91,ff8f06c5af9f800059e9b42202776a2744b3a15c,true,ps2 textures\HAS ALPHA\bp_remade,false,true,5,remarci_4x,false,0,false
w00a_wd_p3_msk.bmp,09fc1de2cc3040d2c772f4c4a8d2a9037f861813,0574d8bfabbb1974aabff475e6a23be90c9bfa99,true,ps2 textures\HAS ALPHA\bp_remade,false,true,5,remarci_4x,false,0,false
w00a_wd_p4_msk.bmp,710c80638a289f818ac6fee5edca04c2ee964b40,e696540bb96dec4b3ebc10d1c1ba1a5a7ba37ffe,true,ps2 textures\HAS ALPHA\bp_remade,false,true,5,remarci_4x,false,0,false
w00ak_00b_wall1.bmp,44b8589458c21ae903278f6189bc1d37abb8bf0e,fa20d5e032f86354a87dcbd01139f199f4cda376,true,ps2 textures\opaque\bp_remade,true,true,5,remarci_4x,false,0,false
w00ak_blc_t4.bmp,bc5c7db8d86843cb5ed1b32cc12de92b51028afa,93d6ba897e77b035a7b74b5a73c5fb4afc59d734,true,ps2 textures\opaque\bp_remade,true,true,5,remarci_4x,false,0,false
w00ak_crane_floor.bmp,12ecb07b79e0a7ab09d8af1ca1e3f0586f4f8807,ddfc8d0ff5162d53514a99d0967a8f957c406c2a,true,ps2 textures\opaque\bp_remade,true,true,5,remarci_4x,false,0,false
w00ak_dck_flr1.bmp,d233f7e1973e4b97b56b253bad4f47050ac04fa6,98114540a0c243c184af93e7847388480afdfe41,true,ps2 textures\opaque\bp_remade,true,true,5,remarci_4x,false,0,false
w00ak_flr1_alp_ovl.bmp,ea9e7fb719bb969785a7690b6322c7d6289a0bf1,34bbf5e3a6f1bc0be10688304954f35cd80546a3,true,ps2 textures\HAS ALPHA\bp_remade,false,true,5,remarci_4x,false,0,false
w00ak_gateflor1_alp_ovl.bmp,7bfd8df2383370e78a1a9759d312d033228c49a2,f73f72d081ac2a7a915f8d9f134df246c0b5025e,true,ps2 textures\HAS ALPHA\bp_remade,false,true,5,remarci_4x,false,0,false
w00ak_roll1.bmp,62d5b8b767d48bdd457d8b0f60382af80566be07,8679dbe295fa38a49774b3f9a5606a3acacbdfdc,true,ps2 textures\opaque\bp_remade,true,true,5,remarci_4x,false,0,false
w00ak_roll2.bmp,9f5f874fdf1c1aa06be40087efac76535ed37d29,f04a084e926bf3b8a51765a70135fa6bc2a5f58b,true,ps2 textures\opaque\bp_remade,true,true,5,remarci_4x,false,0,false
w00ak_roll_s1.bmp,3dbc01850ca993392d70b9946472d036aed1f16b,3427a22708600681dff71531553f92c1b4d78629,true,ps2 textures\opaque\bp_remade,true,true,5,remarci_4x,false,0,false
w00ak_ue1.bmp,f9583f22bb9522857a33fc3fe4be27df065fa090,ad64b70d02d17b5362cd4827b749c73d6269a0d6,true,ps2 textures\opaque\bp_remade,true,true,5,remarci_4x,false,0,false
w00ak_wnc_b1.bmp,0bfefefd756a4a2c1a5fe37ad5c20b1fbe6cc6fd,26933089043694c90af597cba2837a9fe85c468f,true,ps2 textures\opaque\bp_remade,true,true,5,remarci_4x,false,0,false
w00ak_wnc_b2.bmp,f88242df7794fda4c47a024d28c3d0cf0191e232,54a03998e944920b23d49a0bd89378dfaa89ae5b,true,ps2 textures\opaque\bp_remade,true,true,5,remarci_4x,false,0,false
w00ak_wnc_f1.bmp,eeafe260f44dfad44f117477de8db9acc00c89bf,5277f342c44a9b95518017974d112a4f151a74c6,true,ps2 textures\opaque\bp_remade,true,true,5,remarci_4x,false,0,false
w00ak_wnc_s1.bmp,b34f7d57456d1475cb3ce67b15e8cdc301addf92,f31ce7703c35bd64105bdc1fd74b6aac862134b9,true,ps2 textures\opaque\bp_remade,true,true,5,remarci_4x,false,0,false
w00ak_wnc_s3.bmp,1250c6461186b0853dfea2f8a5763172ee4c27fc,ed8b0b27d9a217f6ba50ebe03a3d5c3570c8d85b,true,ps2 textures\opaque\bp_remade,true,true,5,remarci_4x,false,0,false
w00ak_wnc_s4.bmp,08abfc5e0b38dfb622e411b42e74bced189d955e,1fc0f3cf800ec556740991976d38f028c6a307c4,true,ps2 textures\opaque\bp_remade,true,true,5,remarci_4x,false,0,false
w00ak_wnc_t1.bmp,ff849b7d96c76d760a24553bf66d2eee1493d3b9,05b7843e025da9f53288770514b78d38c48795a6,true,ps2 textures\opaque\bp_remade,true,true,5,remarci_4x,false,0,false
w00b_antisna_saku_msk.bmp,9daa31ee42a723ec05adb6279052f9cf17f734d0,3d71d73b4bd9c605c92f647d3b8d9a36a1b634ca,true,ps2 textures\HAS ALPHA\bp_remade,false,true,5,remarci_4x,false,0,false
w00b_bridge_wall1.bmp,994929e4df9d5f97767c640f04703a3c3c32f51f,a0cf9f911c626f1211bc191fce07cf7bd93e3c56,true,ps2 textures\opaque\bp_remade,true,true,5,remarci_4x,false,0,false
w00b_bridge_wall1_fade.bmp,ee554f7a0a44295ae50d3b33ec930f1514443a95,e311fde09ae629cf71cb81b20cc56df8055ad9f1,true,ps2 textures\opaque\bp_remade,true,true,5,remarci_4x,false,0,false
w00b_cloth_new.bmp,d1d27aad96c21755a3cf764ece705ddd508ac9ff,5596af2f21f90fd72fec78f2f4874f35600c87e6,true,ps2 textures\opaque\bp_remade,true,true,5,remarci_4x,false,0,false
w00b_crane_post_s.bmp,ffc27c2e37e8b634c662cd284c04c58195f41388,f7c98cd2362c4dcb5c26d3f24fb3492d7c001dc1,true,ps2 textures\opaque\bp_remade,true,true,5,remarci_4x,false,0,false
w00b_fannel1.bmp,8c4139d9f1fd1c5d30b57a96364c2901757cea6b,62c5b6d16129ba3c06884d5cf20e48246ec74835,true,ps2 textures\opaque\bp_remade,true,true,5,remarci_4x,false,0,false
w00b_flr1_alp_ovl.bmp,93c2430aa5fdda327b4027c1329ba6d5c52379d3,497786e56b0264c2c8d14de61211d7e7b198d7c2,true,ps2 textures\HAS ALPHA\bp_remade,false,true,5,remarci_4x,false,0,false
w00b_flr2_alp_ovl.bmp,6dbb8338428910ef1701c5baa96d8ec4ff2b1454,f9ca35e1c73140196962299f059c45cddb895828,true,ps2 textures\HAS ALPHA\bp_remade,false,true,5,remarci_4x,false,0,false
w00b_huge_light_f1.bmp,e8ce789ec07f3c2dc3a46ad5757c5b0a45f15579,fc8a27fec221f13c115542c7439484b7a099706e,true,ps2 textures\opaque\bp_remade,true,true,5,remarci_4x,false,0,false
w00b_huge_light_s.bmp,3fc14a3d4447ecc1d952690ffca0a36d48d2501c,b0b6a23f7b5529d0ebade135ef49771a0b913bc3,true,ps2 textures\opaque\bp_remade,true,true,5,remarci_4x,false,0,false
w00b_irs_pipe.bmp,aa1b4ce80977348fee976f27deed4e2092210cba,1c4e6779f2e5bd42b0214d7829db0ebe59a01374,true,ps2 textures\opaque\bp_remade,true,true,5,remarci_4x,false,0,false
w00b_irs_wood1.bmp,a855772341ff106253a5e6b173289ba1b816c832,899c6933012f80a35984f92c50f38cf96bb31997,true,ps2 textures\opaque\bp_remade,true,true,5,remarci_4x,false,0,false
w00b_irs_wood2.bmp,df3ca0a208364690a45bea24f8f21904568c419d,0c5e4820b8af83fe1954bc52a6671593dbc2e285,true,ps2 textures\opaque\bp_remade,true,true,5,remarci_4x,false,0,false
w00b_mushroom.bmp_5e3a7780abfc18549f6a4b034fef18bc,99456d840fb535a7c9fb32211be2e9556e4d91b2,5526b46cecb2a492502a2ab4af6f809749278a56,true,ps2 textures\opaque\bp_remade,true,true,5,remarci_4x,false,0,false
w00b_poll1.bmp,e1e4ce78cea0cda8de9b1594424960c5a257d013,2ae99c01f8d5e7e780e7ea7ee6609a732d5a5433,true,ps2 textures\opaque\bp_remade,true,true,5,remarci_4x,false,0,false
w00b_raderdome.bmp,19397a91aa363e7eac5f5bad40543024d4b3f649,64296eb4097b002887858bd7f0b3614442b4b823,true,ps2 textures\opaque\bp_remade,true,true,5,remarci_4x,false,0,false
w00b_sonar1.bmp,58d563dc92304096a3b4eaf57cbaa484115a905c,b37d1cd24eaaf50dc96fdd5d8793f4d9e4603d23,true,ps2 textures\opaque\bp_remade,true,true,5,remarci_4x,false,0,false
w00b_sonar2_msk.bmp,169d60520457efa82eb4bd4642ae3e02aff42bb1,9e551062ec83ffb5fd18ca66f958ff00b01061fa,true,ps2 textures\HAS ALPHA\bp_remade,false,true,5,remarci_4x,false,0,false
w00b_step2wing_t.bmp,bda55ca59d7c3f9f33c43bf985da51e2507f6510,4dfd1511c520ca6bcd68d1ac61cef24c720a860d,true,ps2 textures\opaque\bp_remade,true,true,5,remarci_4x,false,0,false
w00b_step2wing_t2.bmp,17f2774195003f681114e05ae6f69a17f49dbbde,848d83069fb7faeb55117a3ff2326d9e00d47f6b,true,ps2 textures\opaque\bp_remade,true,true,5,remarci_4x,false,0,false
w00b_tower_deck_s1psd.bmp,da6a0c2d747d259ccb3b7f693beab125381e52bb,9b9b3f02e864497ceccc2a6caad682bd2fef8f18,true,ps2 textures\opaque\bp_remade,true,true,5,remarci_4x,false,0,false
w00b_tower_deck_t1.bmp,dcae06bade146aaa645cc2c3cb888f31ac28131e,9ef0cb812da26fa71bbb71334e5877b5468131e4,true,ps2 textures\opaque\bp_remade,true,true,5,remarci_4x,false,0,false
w00b_tower_s1.bmp,702ddf7301fdcff4e3d04c5ac9cc833188292d72,3eb88c348dde8011ab484008f93814d8d60d0cd3,true,ps2 textures\opaque\bp_remade,true,true,5,remarci_4x,false,0,false
w00b_tower_s2.bmp,dd59e5680abe4f89a410b3adc6fd28af0351fc19,e7cbedf5488e6dbf039d558ca2e42f4e5ea7bdfb,true,ps2 textures\opaque\bp_remade,true,true,5,remarci_4x,false,0,false
w00b_tower_saku1.bmp,1f426657dda78864690982f2a08271c06f1c24ed,525d74e031141648be212b19d8770366066b4eaa,true,ps2 textures\opaque\bp_remade,true,true,5,remarci_4x,false,0,false
w00b_tower_saku2.bmp,ef8174a2efe4fa29618fa640b9a5b1e5a2c87ae3,78cd971e8b7f12f05495bca92b02bdb266a7537b,true,ps2 textures\opaque\bp_remade,true,true,5,remarci_4x,false,0,false
w00b_wall1.bmp,1cea39e65d67fec9885aff26152b2e804540d547,77463e71e751e36d56d403dd46e169519c383f09,true,ps2 textures\opaque\bp_remade,true,true,5,remarci_4x,false,0,false
w00b_wbox_s.bmp,bac778995722a9e03df7da6dd513d5279e7dbf0b,30430c1576bfd9b259415382d699f65921b70333,true,ps2 textures\opaque\bp_remade,true,true,5,remarci_4x,false,0,false
w00b_wbox_t.bmp,2d7013b016e793956d93900cd1b085b2020bfe99,b45c17ef7f22db1914c3c6c86a4f3e2508be5494,true,ps2 textures\opaque\bp_remade,true,true,5,remarci_4x,false,0,false
w00b_wingflr1_alp_ovl.bmp,2f860db65134ffe73e7c521f23d48cde7ca329dc,0d1075dce940fca8638111a740d5044b9216b1f0,true,ps2 textures\HAS ALPHA\bp_remade,false,true,5,remarci_4x,false,0,false
w00b_wingtower_fs.bmp,1490ec59342f61ebb575c2579444360da54f72b2,ef8b4cc186da65619821b1c4824fd55667744de1,true,ps2 textures\opaque\bp_remade,true,true,5,remarci_4x,false,0,false
w00b_wingwall1.bmp,f042779abdd4cb446e26eb6f179be00dc6f5b000,0c7e2551b2f4e896fec9a943089b06e8e33a5ad3,true,ps2 textures\opaque\bp_remade,true,true,5,remarci_4x,false,0,false
w00brk_00a_frontwall2.bmp,08c846a4468e84aece1a6341768ad365c2d7f57c,b451bb87068b602f28fc3d1024370820cac4b9a0,true,ps2 textures\opaque\bp_remade,true,true,5,remarci_4x,false,0,false
w00brk_f_flor1.bmp,03c2377641f5c6746d781f468530b92a3a9f045c,f735027edf7be7aee05b7e1131b1df90549ed0e3,true,ps2 textures\opaque\bp_remade,true,true,5,remarci_4x,false,0,false
w00brk_flor_danmen1.bmp,bf72afa54ab05020a9a2e1e41038a719490fedd6,ef397ddc5aa9408d6a2889189a3807f98467a0e4,true,ps2 textures\opaque\bp_remade,true,true,5,remarci_4x,false,0,false
w00brk_pipe_s1.bmp,ba3bbec5e08d13625b83a91bc5ffbb69b0c6e40f,75c8f883e081966b5447ca6b388199dccd470953,true,ps2 textures\opaque\bp_remade,true,true,5,remarci_4x,false,0,false
w00brk_table_floor1.bmp,0af57824982d178ca050fa9c8f294ec22e4792a7,fa350652810760941fc991de850b5c07e0fd24d7,true,ps2 textures\opaque\bp_remade,true,true,5,remarci_4x,false,0,false
w00c_stp_f1msk.bmp,e8f12e6871869644ead24619e99d6fde30e3e2aa,0fa3251fe1a72cfe26a474ae8bf10ce3e08375fd,true,ps2 textures\HAS ALPHA\bp_remade,false,true,5,remarci_4x,false,0,false
w00c_tower_wing_msk.bmp,169d7bf0703c948ff9695c373219cc8c8ea70176,d9e62901325ad8b2c04fb40a3a9a5a9f7dce2c54,true,ps2 textures\HAS ALPHA\bp_remade,false,true,5,remarci_4x,false,0,false
w00k_drw1.bmp,8636fbbc6bff89f53f8f08e79706c04d283e63ae,1b6bbb0df47db50f5cd56747e0ec15e9c2ade093,true,ps2 textures\opaque\bp_remade,true,true,5,remarci_4x,false,0,false
w00m_block.bmp,fe0fdc81f2ccdae25d0a11915c7dda97a37ce528,fa64a3a5b7eeec3332143720a37f2d18815af0be,true,ps2 textures\opaque\bp_remade,true,true,5,remarci_4x,false,0,false
w00m_block_side.bmp,60a4c8117c6e2d13a1e3cf170800fe9c787564f5,bb89c3392d6c1230b0173cbe2af1b2fd9094e650,true,ps2 textures\opaque\bp_remade,true,true,5,remarci_4x,false,0,false
w00m_ikari_face.bmp,f6373eac26c24b868fcf65931afffce4451000cc,33f6d84344894a7b442efd2f6c9edfdb0f7431e4,true,ps2 textures\opaque\bp_remade,true,true,5,remarci_4x,false,0,false
w00m_ikari_kabe.bmp,894690f74a3a2bf3ddd649c24be5195a09e80e67,8000ac9d00c1b9f6329ef37ad71634211b401d1a,true,ps2 textures\opaque\bp_remade,true,true,5,remarci_4x,false,0,false
w00m_ikari_sotowaku.bmp,215498ad7cead3928c17f6b13fa9195e19718bab,03483fd8f6670437dc39437e51dde1bd45f37dca,true,ps2 textures\opaque\bp_remade,true,true,5,remarci_4x,false,0,false
w00m_mush_huta_face.bmp,9e3351e5a2e0cc48d2e46d0386f00f49f0f1c8dc,e157c1f7f3088cb00f2b2eaf9dc2c2d6a4f22e0c,true,ps2 textures\opaque\bp_remade,true,true,5,remarci_4x,false,0,false
w00m_mush_huta_top3.bmp,11aa5bfe4b01ed9e6bb9a7ec491cb973879363b4,c2cc90d31501d745a5ed7cc1d3adb9828eb51615,true,ps2 textures\opaque\bp_remade,true,true,5,remarci_4x,false,0,false
w00m_mushroom_face.bmp,32e815a2dbfdb29f55255bc219c3f52366951dc8,18f8dfdde8cdbb3e0af4f4e55546d504146c038e,true,ps2 textures\opaque\bp_remade,true,true,5,remarci_4x,false,0,false
w00m_winch_face4.bmp,e4c896af597b25c882fbedc2a8da6a73e3968ded,07f0ea963e967f15c7e6809b811d93cdea1185e6,true,ps2 textures\opaque\bp_remade,true,true,5,remarci_4x,false,0,false
w00m_winch_face4.bmp_66d35506ebb6b42785de008e8285c263,0c0a2ce2e2d88a84925185658b599f2b5665c707,ccfb6b348ea508ab34ae50d95f9f8b77bb2a057b,true,ps2 textures\opaque\bp_remade,true,true,5,remarci_4x,false,0,false
w00m_winch_top2.bmp,7e3ad2626395b7d247bac1a54bd06cbf9bdf6b14,e794e22848f2baba0b1a7431e266979c0575d7ac,true,ps2 textures\opaque\bp_remade,true,true,5,remarci_4x,false,0,false
w01_dr00.bmp,29bf7fd16aeae0afe5dceef378e3af71e6395b8f,5cbd81d3a77163df6b53afb323eda8a4d538eb8e,true,ps2 textures\opaque\bp_remade,true,true,5,remarci_4x,false,0,false
w01_dr01.bmp,e6454f3a43cd3c0a2f95e4a0d720a1eb662779d4,015f3d627ab8de69502abc8d8f32f88bbba671e6,true,ps2 textures\opaque\bp_remade,true,true,5,remarci_4x,false,0,false
w01_dr01u.bmp,ee4b771e5263c68cb366ce04b9576e7e7dc53ccb,8dea56e9fd1147ef84cc1b4be5508db67ca26c10,true,ps2 textures\opaque\bp_remade,true,true,5,remarci_4x,false,0,false
w01a0_box00.bmp,ebbe038fe3b8834a5f91994faa4fd1aae840c969,d12e35581bfeb59acbeaf8618ad19c720f83860d,true,ps2 textures\opaque\bp_remade,true,true,5,remarci_4x,false,0,false
w01a0_box002.bmp,ddf7d852f4061cf945d5779d1e6466ba2c59063f,0a3478ae73fc6ea9e25199da7bd75a5718a02194,true,ps2 textures\opaque\bp_remade,true,true,5,remarci_4x,false,0,false
w01a0_box00a.bmp,7ca79b946f18a8c4572e5a7bc0d6cbfe19d54cef,5634bc09795bcdf82cb4a0a78b7b738082a0062a,true,ps2 textures\opaque\bp_remade,true,true,5,remarci_4x,false,0,false
w01a0_box00c.bmp,f9ba9770d77a2d81ca9e3e7b41b1bcc9ef86eea7,4fea8c8dcfdbb37c3cbeea1b22a3c147cf43d3b4,true,ps2 textures\opaque\bp_remade,true,true,5,remarci_4x,false,0,false
w01a0_box01.bmp,70749ae2ad160ac1234f0faea98b55ed49d1239c,6eb26484b2efd6e692ca0618f3a2b31aea7def3e,true,ps2 textures\opaque\bp_remade,true,true,5,remarci_4x,false,0,false
w01a0_box01a.bmp,9a60f22af3e435cd7342f6c0470a6f0672b2809d,c516e8c4c98f8f7eb8718d8964d875be0ce13d3c,true,ps2 textures\opaque\bp_remade,true,true,5,remarci_4x,false,0,false
w01a0_box02.bmp,c5b133af83359c0be0cbf25e5e89265aa65c08fd,608abf319371bf2af0a7f9b5358e776a367a3877,true,ps2 textures\opaque\bp_remade,true,true,5,remarci_4x,false,0,false
w01a0_box03.bmp,3eaf9ffee706f4762ded3fa2c41430f7d78c51b4,b20ed87aff6688d2506f17896066d6334344135a,true,ps2 textures\opaque\bp_remade,true,true,5,remarci_4x,false,0,false
w01a0_box06.bmp,f1b515ab370680800589d3153f66a99b619fd130,4acf3c748335110fd86142f3cf9967f7fa974d03,true,ps2 textures\opaque\bp_remade,true,true,5,remarci_4x,false,0,false
w01a0_box07.bmp,e18eff3afb238914fcdf46962854e0aa9ab7a9e7,2a15f283d5b2eb47592b1e6eca2f5396cd2d66f6,true,ps2 textures\opaque\bp_remade,true,true,5,remarci_4x,false,0,false
w01a0_box08.bmp,0f5095f1278d15ab60305f913cb5c3317c44fa0d,a4d4fa97be3f187152fb4ed1a86026b882db8711,true,ps2 textures\opaque\bp_remade,true,true,5,remarci_4x,false,0,false
w01a0_cfl06d.bmp,dae711d94f8eb14cef41bc99aec2a16a8721e00c,a44ee077a3dffad42fab616f1aebd860c132a31a,true,ps2 textures\opaque\bp_remade,true,true,5,remarci_4x,false,0,false
w01a0_cfl06e.bmp,4a9630b10d8e1727d3759a1200483928672360c0,a9e95049ed19c0b953a673daff4b4bb038c85958,true,ps2 textures\opaque\bp_remade,true,true,5,remarci_4x,false,0,false
w01a0_dr00a.bmp,c7db9ed41558b66c5ee7193c994c9483ca467544,1226d9552fdfcf8d381fdc319cc963cd963f2289,true,ps2 textures\opaque\bp_remade,true,true,5,remarci_4x,false,0,false
w01a0_ent01.bmp,6d58d39cbe818434474a7d26bb78a5cde7ca181c,80315cc44e51e54c3fe8b040a30f73e812ac0147,true,ps2 textures\opaque\bp_remade,true,true,5,remarci_4x,false,0,false
w01a0_ent01a.bmp,8efacd22d91e1879132824c2dd2e1a5d47dc24d2,290e1a23a83bd6ec32efd2bf71e5c9383c98dedd,true,ps2 textures\opaque\bp_remade,true,true,5,remarci_4x,false,0,false
w01a0_ent04.bmp,e0d6fdda82abbb54a086ce4694eea833620764b2,d704d155c516b16d0839eda052722cff72051c6f,true,ps2 textures\opaque\bp_remade,true,true,5,remarci_4x,false,0,false
w01a0_fl00_bld080_ovl.bmp,75c10be25bddaad24334ae09f93af10e6dd77658,694e58e5e0465cd79e2a54f74ba7d5eb0c0400a3,true,ps2 textures\HAS ALPHA\bp_remade,false,true,5,remarci_4x,false,0,false
w01a0_fl02_bld080_ovl.bmp,f3340df47c731883a6d9cdd219ecb06b50035feb,60ee8e232ddb60daa3c596b6a203cd42e07c2edf,true,ps2 textures\HAS ALPHA\bp_remade,false,true,5,remarci_4x,false,0,false
w01a0_fl02a_alp_ovl.bmp,b238e9ef83634043481580f60dbde0df96327115,16337c1cc224ff6644829e4833a35a81230901cf,true,ps2 textures\HAS ALPHA\bp_remade,false,true,5,remarci_4x,false,0,false
w01a0_fl03.bmp,b45b6926296137efd07961010d44ccf216996992,ccffae60d49ede29ce3ffdc1736bb8e9ab54258c,true,ps2 textures\opaque\bp_remade,true,true,5,remarci_4x,false,0,false
w01a0_fl04.bmp,0f7f90b63878b66c2b13b6df2537c441b9824e13,09377ff9be8a558009db846b77d6c1858592d493,true,ps2 textures\opaque\bp_remade,true,true,5,remarci_4x,false,0,false
w01a0_fl04a.bmp,48ae4ae0a47e5c05cd44a39ad87f572ebc4b4153,8d5c9812842b65e4f0912819b85e08a5e47f34ac,true,ps2 textures\opaque\bp_remade,true,true,5,remarci_4x,false,0,false
w01a0_fl05c.bmp,e59279c97998b6ba6876decda92276e262b4f7b2,dbe5cec7a54df4ec24224b463b732ce3ca8d5609,true,ps2 textures\opaque\bp_remade,true,true,5,remarci_4x,false,0,false
w01a0_fl05d.bmp,28814ca821ef14651397fa1b42eeff3b14695cc3,3666fff170535ce6adc83a63c9748cb72f089926,true,ps2 textures\opaque\bp_remade,true,true,5,remarci_4x,false,0,false
w01a0_fl06.bmp,b30757f39d98d7c07b6864fcf88f7cff19f2124f,9f8cec563b6629d204721371fb087bba6237dfad,true,ps2 textures\opaque\bp_remade,true,true,5,remarci_4x,false,0,false
w01a0_fl06a.bmp,999e288ccf5f75096b8472d4efd678a2b1d6979a,fb7b69f95c377907f6ea8c220f05cb90e698ff91,true,ps2 textures\opaque\bp_remade,true,true,5,remarci_4x,false,0,false
w01a0_fl06b.bmp,9afd32aa16b6fc2ceb6c60bbea35d4ff94dafe44,8e3a52370636d4ec609149709a71aff6be5747cc,true,ps2 textures\opaque\bp_remade,true,true,5,remarci_4x,false,0,false
w01a0_fl06f.bmp,b9f0f0ffc20041f9fea1d95a432d7366627ef36c,bbac1482bfa8f0c950fef6ac2213202702f79a01,true,ps2 textures\opaque\bp_remade,true,true,5,remarci_4x,false,0,false
w01a0_fl06h.bmp,184c493823df85de1ee44572ec28cffb7864655f,e2d2f8a2e3c1ffec6660be7cbf0adde9ae3f9f81,true,ps2 textures\opaque\bp_remade,true,true,5,remarci_4x,false,0,false
w01a0_pp00.bmp,2a1e94538a4fde77a0df48f5743fb71807a137e5,1996334e5525d0660833c26880d1fe896780f2bf,true,ps2 textures\opaque\bp_remade,true,true,5,remarci_4x,false,0,false
w01a0_pp00a.bmp,9f45e89dec94f8371e8caf3f71517e71bf691296,807dd212cd6ebe207e366482bb578cfa37bb8392,true,ps2 textures\opaque\bp_remade,true,true,5,remarci_4x,false,0,false
w01a0_pp01.bmp_c4f68f448cb866fd05ff299f47307e75,605e17f87d4fd857a50ee31fff0299308115bcc1,ccdf6ed336a82f9f64725c9f65de3f004b16eef4,true,ps2 textures\opaque\bp_remade,true,true,5,remarci_4x,false,0,false
w01a0_pp02a.bmp,f404d1d4006f66a25a5828a46593d505e2b32b27,d60cff1e5e3fbcf883740d76e051d102a7f96ef8,true,ps2 textures\opaque\bp_remade,true,true,5,remarci_4x,false,0,false
w01a0_pp03.bmp,6d52289b09d64344ba48a0a6654e558ce156a609,242317f913cc50569c2224b0d2270928e19a1dde,true,ps2 textures\opaque\bp_remade,true,true,5,remarci_4x,false,0,false
w01a0_ppb00.bmp,bba27c5caf8c211aa32c820440b62e6f99464446,808d6cdce9b6e8ecb14f26712240a3eaab0227e7,true,ps2 textures\opaque\bp_remade,true,true,5,remarci_4x,false,0,false
w01a0_rf00.bmp,b345c15f56a5ea08e482d7970d94cdda6715c6ff,ad70cbd3eac96012a0a1d79925011c27fcee26b0,true,ps2 textures\opaque\bp_remade,true,true,5,remarci_4x,false,0,false
w01a0_rf02.bmp,9958788f550e87dbaf09d9d4fc3675e6abc744be,de55b0e6cefdb943abf92df98f678121e4f057cb,true,ps2 textures\opaque\bp_remade,true,true,5,remarci_4x,false,0,false
w01a0_rf03.bmp,ac60b5154850776e9173534aa9c2b5c156846336,b886d0bb56bedaecfe107a63bdf61c682da45dcd,true,ps2 textures\opaque\bp_remade,true,true,5,remarci_4x,false,0,false
w01a0_rf03a.bmp,1880590ddc134a94cbfb3fb04bc0808b235eb2e4,a38f9ebbc7f6108263529fbc6dfd889e3ee0e783,true,ps2 textures\opaque\bp_remade,true,true,5,remarci_4x,false,0,false
w01a0_rf05.bmp,914e08908d0a56c628bbdb68536af198eef65490,c27a4f0d0da7577d6ec9c174b23aa6b2ed995dbd,true,ps2 textures\opaque\bp_remade,true,true,5,remarci_4x,false,0,false
w01a0_w00.bmp,ec868ebd79e487b8070b0f1ecfe142f1c500ae77,5dcf7088994cca6cb9e82872bd7044148b8e9496,true,ps2 textures\opaque\bp_remade,true,true,5,remarci_4x,false,0,false
w01a0_w01.bmp,3e74d683724e122ec7ac6b3aaebf6b48ec7aa3d5,ece9dde7bd10338802aaf4f87b6c9211ff367c0a,true,ps2 textures\opaque\bp_remade,true,true,5,remarci_4x,false,0,false
w01a0_w01a.bmp,8081a9e442db751659b52a610876335713c02330,98af1a6af875210537c42140ddc9aa0ecccb3832,true,ps2 textures\opaque\bp_remade,true,true,5,remarci_4x,false,0,false
w01a0_w04.bmp,31f0fd4382ea83d644c9b13eb73966cacd89bb7a,37e68629199e0ddf474588943bd117c037c438b7,true,ps2 textures\opaque\bp_remade,true,true,5,remarci_4x,false,0,false
w01a0_w04a.bmp,3b68b9177c4aa29d603f4d67088d5efb9ce9610c,cdc71cc9d8591a268ac82f9cc6a51d36aadfbba4,true,ps2 textures\opaque\bp_remade,true,true,5,remarci_4x,false,0,false
w01a0_w05.bmp,cebba3f9fad6d2940d1ebba63dd6aa9cf0ca5bc2,021f0c9288a9c1105f148d802566ae21602eb72b,true,ps2 textures\opaque\bp_remade,true,true,5,remarci_4x,false,0,false
w01a0_w06.bmp,a96d1b644a691c12cc0e3e180a0fde17796b6313,e834e995e5ea33a25ba708489bcc6c9f7e09e1e9,true,ps2 textures\opaque\bp_remade,true,true,5,remarci_4x,false,0,false
w01a0_w07.bmp,acb37ae1fa0b16132f07aa0d8896ca980de9bbb7,cf6be088378362d9493e74720e3a44af827467fe,true,ps2 textures\opaque\bp_remade,true,true,5,remarci_4x,false,0,false
w01a0_w08.bmp,52312cd100b1878b75bd410df1bf21b2bb6318f3,f12a9ac97719adee585a51d80ae2103285a29b9d,true,ps2 textures\opaque\bp_remade,true,true,5,remarci_4x,false,0,false
w01a0_w09e.bmp,2f33b75ba03a54539475d9e52f970bca4245122f,385e8d8d551968b7452e98a9753cdf7568b21f2a,true,ps2 textures\opaque\bp_remade,true,true,5,remarci_4x,false,0,false
w01a0_w09f.bmp,0efded27d4955198d52baedc27d6c246b6143e71,a1294118f978f31a97004cf5488367b912a8360e,true,ps2 textures\opaque\bp_remade,true,true,5,remarci_4x,false,0,false
w01a0_w09g.bmp,0fc27f2f7a7d264bd8d6cd19e92105c7517e640a,6bc3050c53be20d5a3c4b528d877ab56511157dc,true,ps2 textures\opaque\bp_remade,true,true,5,remarci_4x,false,0,false
w01a0_w10ad.bmp,48a3892483a8097049e5449577bb6e8fa75f6ff6,5aa88f2a0231c3bfd8863e442b6b6169c26d284a,true,ps2 textures\opaque\bp_remade,true,true,5,remarci_4x,false,0,false
w01a0_w10bd.bmp,13021764f8f4514d8a99d221ee3108d88f8f43a2,0728c5b081582ca5e9ad1734795bad31a3339869,true,ps2 textures\opaque\bp_remade,true,true,5,remarci_4x,false,0,false
w01a0_w10bu.bmp,85038062ee39aae7eb37ea0df1558d50d25d74b6,4b32aac5ee979d330b0c6dee86aab5115014a97e,true,ps2 textures\opaque\bp_remade,true,true,5,remarci_4x,false,0,false
w01a0_w10cd.bmp,3ff8a5fc6ec4381026742f0694e0e7ccd78d3c4d,f163b75c8b4b6b52d3b3ff4c393199b59f4113ac,true,ps2 textures\opaque\bp_remade,true,true,5,remarci_4x,false,0,false
w01a0_w10cu.bmp,72fd1eb28a1d750bba5c315e205f075fbd5f1e6f,bd3ca837cd5ef0327b30fed51ee5a97ada5fb29b,true,ps2 textures\opaque\bp_remade,true,true,5,remarci_4x,false,0,false
w01a0_w10dd.bmp,0b32bb95d2629e735271b5e4e64cfd573081c6be,02f6103f7f22556a97125eabb76535a45b2cf52c,true,ps2 textures\opaque\bp_remade,true,true,5,remarci_4x,false,0,false
w01a0_w10du.bmp,4ef788daee59ba7d812638243452697c6bace888,a32f3d42ed40e47bff9b481bf27ac299761e253d,true,ps2 textures\opaque\bp_remade,true,true,5,remarci_4x,false,0,false
w01a0_w10e.bmp,640b8c9176244fb445ae44f297f70ee2efdcee42,09ef700068e87b955d795a48a8785d8eec398172,true,ps2 textures\opaque\bp_remade,true,true,5,remarci_4x,false,0,false
w01a0_w10f.bmp,e3f215ffa4dab3053566ccb769cbb9e0348df19d,8747da4ddc456291b671c4574038abc5782860e8,true,ps2 textures\opaque\bp_remade,true,true,5,remarci_4x,false,0,false
w01a0_w11.bmp,7b7037a2db23fec6175297d088894311336b9ff5,60eee23d8e6876cf33cd61ee7763de8a70cef9a0,true,ps2 textures\opaque\bp_remade,true,true,5,remarci_4x,false,0,false
w01a0_w14a.bmp,99d8b5c1bf0cb8dc2a471188d821753b9536b179,a68b57a3bd1345decab6777dde2deb5297ae8b49,true,ps2 textures\opaque\bp_remade,true,true,5,remarci_4x,false,0,false
w01a0_w15.bmp,6859cdacd02c012543a8ea9724bb97a10e28d47c,87bec454a676eed6631dabe1476bc0e2499c5a72,true,ps2 textures\opaque\bp_remade,true,true,5,remarci_4x,false,0,false
w01a0_w15a.bmp,b4839edb63bf700cd79d9ff8513f6b1954a666e2,4975ae88b696017d77f8c6c2094b790fc6787b77,true,ps2 textures\opaque\bp_remade,true,true,5,remarci_4x,false,0,false
w01a0_w15b.bmp,8feea5461d18e240a47b46322e29f9bfe96cf8f9,87cd1683e5342d713c54ae757348b2d60324a49f,true,ps2 textures\opaque\bp_remade,true,true,5,remarci_4x,false,0,false
w01a0_w16.bmp,7e0ecdc48a9d38c4b31c59beaa095c7586017abb,fb9a81adb7f347b099c305f5981a8c63327b6ea9,true,ps2 textures\opaque\bp_remade,true,true,5,remarci_4x,false,0,false
w01a0_wh00b.bmp,926a5da75668cbd91e0193d5a6b24adec9a1afa8,24f90e598f815576547f082777a73ba86b5ad436,true,ps2 textures\opaque\bp_remade,true,true,5,remarci_4x,false,0,false
w01a0_wh01.bmp,111f7a0ab53f16235ea12e8661676f45b0be132d,41a075b06aea419401306c5af8bdee96aba11943,true,ps2 textures\opaque\bp_remade,true,true,5,remarci_4x,false,0,false
w01a0_wh02.bmp,5824a1cf9a1f147e1bad2adc3e8cf74e38c9b29d,557b37058ddf56a808cf3f2be3af5a3986ca8fa6,true,ps2 textures\opaque\bp_remade,true,true,5,remarci_4x,false,0,false
w01a0lc_loc2.bmp,5f8970b229165382cbc5c73674e83dd094f55986,c65ea71b6d7a56b2ea827b5648314b9bef9e9397,true,ps2 textures\opaque\bp_remade,true,true,5,remarci_4x,false,0,false
w01a1_cfl00a.bmp,8e2e4617f0eefcd1199e97d7147083f2c77e5f4c,6353ecf5114ef83b0f16568b4d268531a8c27efd,true,ps2 textures\opaque\bp_remade,true,true,5,remarci_4x,false,0,false
w01a1_cfl01_bld095_ovl.bmp,4aee699811187adc5c4a55193920fa7e01f0c28c,8f298781f226193608792e5f32d12caeda9d8d52,true,ps2 textures\HAS ALPHA\bp_remade,false,true,5,remarci_4x,false,0,false
w01a1_cw00.bmp,57e479469ffdadeaf4f7b2781e14e84475509f8f,ef96eeb39aeed81a870d69c1ed22976ef95f65f3,true,ps2 textures\opaque\bp_remade,true,true,5,remarci_4x,false,0,false
w01a1_cw00a.bmp,94a9142730fe8cfa2428f82327ebc00f57b79ec8,c800a373db9418e0acf7e0d44938e99d0939632b,true,ps2 textures\opaque\bp_remade,true,true,5,remarci_4x,false,0,false
w01a1_cw00b.bmp,3e4c52b23fffa9d4cb3a5e9825abe13d63b9c3d6,ee394681b2f2c5a9de44ac6dcda252ff1e46dbfd,true,ps2 textures\opaque\bp_remade,true,true,5,remarci_4x,false,0,false
w01a1_cw01a.bmp,4ef7fbc296c718e30048a6a638133ac22238e927,defa469b99f08ba22aed12b9a2c6e4edcf63a2d1,true,ps2 textures\opaque\bp_remade,true,true,5,remarci_4x,false,0,false
w01a1_cw01b.bmp,0ff69ff124d9cb5f86cbbe4224c659f753ddaddf,0998537fe3a2e8c17c023d284e6167acde7cfc0a,true,ps2 textures\opaque\bp_remade,true,true,5,remarci_4x,false,0,false
w01a1_cw01c.bmp,2dbc3ab84cc93ae021029b4989fb063fa7c42f7a,531013eb1788f5e58a7b28a7d4e21d552bec8ae2,true,ps2 textures\opaque\bp_remade,true,true,5,remarci_4x,false,0,false
w01a1_cw02.bmp,fefb0fa15df26cd2c98c76c39aac76a1a2bd872d,11d3f336bb6d9ff0cbb0278b66eaa1b8636023c2,true,ps2 textures\opaque\bp_remade,true,true,5,remarci_4x,false,0,false
w01a1_cw02a.bmp,cde690ba9b9b795fc8d175ebe2ba01bdb2a22398,3f9e3e57ddfd0ddcc26e3be4eaab37b52821a0c5,true,ps2 textures\opaque\bp_remade,true,true,5,remarci_4x,false,0,false
w01a1_glswl00.bmp,10665f8bf8c019071a681577739d7557594d0a6c,ac953d8e51805a88b25a1d85d1ec45533b279d42,true,ps2 textures\opaque\bp_remade,true,true,5,remarci_4x,false,0,false
w01a1_glswl01.bmp,093bc01b710cc51a13b884da0277b1a0031eb569,ff4e19ac12f5a36e76984113ad479b350590297b,true,ps2 textures\opaque\bp_remade,true,true,5,remarci_4x,false,0,false
w01a1_glswl02.bmp,892a4df5a1a89b92ac848f1c0c0cc327adf4cfa6,c59550e5137523b057d20e7585f656f53633e4a3,true,ps2 textures\opaque\bp_remade,true,true,5,remarci_4x,false,0,false
w01a1_rfc00.bmp,f7035a5aad3d27c02864507c5a306615bc002ced,dfc52f66aa334738d681796c4644d26f9b7cdaf4,true,ps2 textures\opaque\bp_remade,true,true,5,remarci_4x,false,0,false
w01a1_tb00.bmp,0a731587d5929e4883e557911aeb91967a6c7876,14706280246771cbb44b868dc78bdf9e9173259a,true,ps2 textures\opaque\bp_remade,true,true,5,remarci_4x,false,0,false
w01a1_tb01.bmp,824a0a7a30ffb7906ad20c0542a33ef34b2db634,f82ccaa90d626c32bd7e1dd0e8f22cf57b82bcdb,true,ps2 textures\opaque\bp_remade,true,true,5,remarci_4x,false,0,false
w01a1_wb00_bld090_ovl.bmp,49ed5f710c157ba2deaeee5021fbc3f797a91008,de5ad69eab5cd455cf156894ada98f3d18c543f0,true,ps2 textures\HAS ALPHA\bp_remade,false,true,5,remarci_4x,false,0,false
w01a1_wb02_bld090_ovl.bmp,b56441f188b4e460c1d9f253e0090eb38f680a0f,785ac059e56972eee506110e7f8eede43c2a77bc,true,ps2 textures\HAS ALPHA\bp_remade,false,true,5,remarci_4x,false,0,false
w01a1_wb03.bmp,0de13221ac3eaa267509900731e29904a22423e0,a7367000b2c892277c16d473c306353330704075,true,ps2 textures\opaque\bp_remade,true,true,5,remarci_4x,false,0,false
w01a1_wb03b.bmp,696d850ec7ad409e7405af6acb0f5acfc9698b23,3c475e07f8575401169a16a831679bafea346d6a,true,ps2 textures\opaque\bp_remade,true,true,5,remarci_4x,false,0,false
w01a1_wlp00.bmp,cb0ac71f00d5c44b72cc34f3abee8e17f0f744f2,acc05f86dfc8e8aa191f9c9cb28e0bdbe0860c6d,true,ps2 textures\opaque\bp_remade,true,true,5,remarci_4x,false,0,false
w01a1_wlp01.bmp,6d3ee54c4348a2e87b2c63cb587703f9e87cea65,567456b81b6b56f7f1e06fd2d618e0559f36f520,true,ps2 textures\opaque\bp_remade,true,true,5,remarci_4x,false,0,false
w01a1_wlu00.bmp,373ca62ea68b5ed519f7a3adc28f5c7c2742f2b0,1392dc487e7f10063a6d59001750daf51b450de5,true,ps2 textures\opaque\bp_remade,true,true,5,remarci_4x,false,0,false
w01a_barc_02.bmp,d0f6c2280dab487068dc9adabd339d5afbb433e6,235ba339bc6c15c62bfd5d711dcba650c221152b,true,ps2 textures\opaque\bp_remade,true,true,5,remarci_4x,false,0,false
w01a_bardr00.bmp,6a086eb568f28042de18d9973077ad05baebde25,44ffb45d42a9137a53b028e37afb0c175a7673ab,true,ps2 textures\opaque\bp_remade,true,true,5,remarci_4x,false,0,false
w01a_barwl02.bmp,f01fcda80f4a76fd185ff3f5d02e574e6ea13b48,74c0d461e6abf680b15631ce61376b6f10181c6c,true,ps2 textures\opaque\bp_remade,true,true,5,remarci_4x,false,0,false
w01a_chrb00.bmp,5e967ff3ae16beb4420bf300825d743b40b0f19c,28b5e3e02dc8508f3aa59b723b1e3e3e83b05b5e,true,ps2 textures\opaque\bp_remade,true,true,5,remarci_4x,false,0,false
w01a_chrb01.bmp,3ccf2824c607a2492caffcc5764418d333b46aea,01aa31edd50f98b866ca4f119d3d145c8b3b18cd,true,ps2 textures\opaque\bp_remade,true,true,5,remarci_4x,false,0,false
w01a_dr04a.bmp,00a620348471e90bbf87f224a19563b9bb9cb59e,5bc1f11469b5053a14132d0a1f8c5dccbc789a91,true,ps2 textures\opaque\bp_remade,true,true,5,remarci_4x,false,0,false
w01a_fl00a_bld090_ovl.bmp,d44af1da41cda590d1c277df1efb5cbc22e647d3,1ba63a96b2f1393be4b4312dcc51d892e5ee2dd6,true,ps2 textures\HAS ALPHA\bp_remade,false,true,5,remarci_4x,false,0,false
w01a_fl00b_bld090_ovl.bmp,d111889164c4569aa0f145f5a9bdbd730734da10,d05b6a4326052ff84e0d3fbc0e8411b6afedec68,true,ps2 textures\HAS ALPHA\bp_remade,false,true,5,remarci_4x,false,0,false
w01a_fl00c_bld090_ovl.bmp,72c295d11f1813f3619ff63dd1397de7ff75138d,611c08996de822ca2357724dfa1332714448710e,true,ps2 textures\HAS ALPHA\bp_remade,false,true,5,remarci_4x,false,0,false
w01a_fl00d_bld090_ovl.bmp,699a04a287fec1f75426857dd11927e6db1da11a,943e5f6198f985dc6de0ae24210ebb0ee32616a1,true,ps2 textures\HAS ALPHA\bp_remade,false,true,5,remarci_4x,false,0,false
w01a_fl00e_bld090_ovl.bmp,5f41edb4e8f0ee45b56d76e67926aa276e861687,b5a987b814d66f838418ef8d3a362dcd58c5fbc7,true,ps2 textures\HAS ALPHA\bp_remade,false,true,5,remarci_4x,false,0,false
w01a_fl00f_bld090_ovl.bmp,677bf622ff9c6d0d51bcd215374b47c7196b9b2d,7ae2002739ca61cbbc33f174dfdd923f90398bb6,true,ps2 textures\HAS ALPHA\bp_remade,false,true,5,remarci_4x,false,0,false
w01a_fl00g_bld090_ovl.bmp,b974bce822183f9534c6e9b5889a8f4fa81f42e4,902b80e0b8176adcec888efb117ca439e55ead86,true,ps2 textures\HAS ALPHA\bp_remade,false,true,5,remarci_4x,false,0,false
w01a_fl00h_bld090_ovl.bmp,19baff3d19ea1ebe527d67b86c6a9340aad102d0,83b846cebee2e81b216ecce8235122dbc088c7c0,true,ps2 textures\HAS ALPHA\bp_remade,false,true,5,remarci_4x,false,0,false
w01a_fl00i_bld090_ovl.bmp,0f1a46bc30ec1598136819ea5d319c44182eb8b9,4a37ab8ef76c3a65202da7da18b881987c482e34,true,ps2 textures\HAS ALPHA\bp_remade,false,true,5,remarci_4x,false,0,false
w01a_fl02a_bld090_ovl.bmp,fdd60735181c6227f45d4b03f313dab6b8b53de6,b5c1861f43cbc0cd5d773ae59c83afeecce49565,true,ps2 textures\HAS ALPHA\bp_remade,false,true,5,remarci_4x,false,0,false
w01a_fl02b_bld090_ovl.bmp,b3e7bef30c8df3d156f9d810f6835dfa5fb39b68,456a5e61f4a1177d3e1d4f248dc1225529a40895,true,ps2 textures\HAS ALPHA\bp_remade,false,true,5,remarci_4x,false,0,false
w01a_fl02c_bld090_ovl.bmp,3a9a279721eb97d00d03ac23b0385c16cff1f591,b0e82d103d7b15a0577e30dfc97627b09b9ad53c,true,ps2 textures\HAS ALPHA\bp_remade,false,true,5,remarci_4x,false,0,false
w01a_fl02d_bld090_ovl.bmp,c5b9a702378ca6d83e535558ba5c3551a4dcc51f,7a23e78f5cbaf9433e42803296507776c3b9aa49,true,ps2 textures\HAS ALPHA\bp_remade,false,true,5,remarci_4x,false,0,false
w01a_fl02e_bld090_ovl.bmp,89038d60e9081d12a57342d5e1c25a06df760659,2d79f3618442cddf6a575ea9c470f8b8bb790c54,true,ps2 textures\HAS ALPHA\bp_remade,false,true,5,remarci_4x,false,0,false
w01a_stp00b.bmp,49135ec402f508387beafceeeabcb0c55f0ff1a0,1e0a2d0373304a9dfe9a393d11f0f5e29fcbfd58,true,ps2 textures\opaque\bp_remade,true,true,5,remarci_4x,false,0,false
w01a_w16b.bmp,6b60107c891c78e8f4f9c9b6b47fc288b647c200,2bcc36d7589a2cefe3ecccdc973353aa68a49771,true,ps2 textures\opaque\bp_remade,true,true,5,remarci_4x,false,0,false
w01alc_gmen3.bmp,877af2a8621f552aede4e5f505ce113dc7b97b88,b4a22471f3644238c2bcf61ff7f43ebd96cb4a32,true,ps2 textures\opaque\bp_remade,true,true,5,remarci_4x,false,0,false
w01alc_tes1.bmp,aab835f6b1309659a45695ef1c202d4866132a45,202b13ae7b099f627424c56e6c3c05dcb2ba38af,true,ps2 textures\opaque\bp_remade,true,true,5,remarci_4x,false,0,false
w01alc_tes2.bmp,35dc9e3ced26b51ff44e64b14e1c026b404978c8,c69b9dcc308732d8a20fa889c3edc892ec198855,true,ps2 textures\opaque\bp_remade,true,true,5,remarci_4x,false,0,false
w01alc_tes3.bmp,5272fbc1747b31e8b04375834dee096146fc4849,e84cedbd902c0038bd4b104a08622d9a4817970d,true,ps2 textures\opaque\bp_remade,true,true,5,remarci_4x,false,0,false
w01b0_wa05d.bmp,cd73b711265e8f922e8af2f0bbb3fad22390386d,5fe67e4d5240714872720c9c2ac05d88b227a828,true,ps2 textures\opaque\bp_remade,true,true,5,remarci_4x,false,0,false
w01b_flb00_bld080_ovl.bmp,777fb324d3063a199255314540af9be0f9ef31a4,b803a1e334aff2ccc948050e4a3850843e9a2790,true,ps2 textures\HAS ALPHA\bp_remade,false,true,5,remarci_4x,false,0,false
w01b_flc00.bmp,3d2bc9d8a6a29ab706d61cec2228591e1a2a401e,ed6e5e625e07f9e9ef39594dc16b625c3d8db080,true,ps2 textures\opaque\bp_remade,true,true,5,remarci_4x,false,0,false
w01b_flc00b.bmp,b48fe46634c11b225e237c743b8dbb16e4e94114,ba46d18ff0bb1d194d0d7d703d1404103096ff83,true,ps2 textures\opaque\bp_remade,true,true,5,remarci_4x,false,0,false
w01b_flc00c.bmp,556df98e4925bae2327df7da79a95a026b697489,cc9d10940016027746dfdc3889d5abe24fd5a986,true,ps2 textures\opaque\bp_remade,true,true,5,remarci_4x,false,0,false
w01b_flc00d.bmp,853b467436a5688ca17677b5caccf248ac367f7e,439b3a3a378d9442cccc890592884e81406398f5,true,ps2 textures\opaque\bp_remade,true,true,5,remarci_4x,false,0,false
w01b_rfa00.bmp,3b5ef8d19e1228db080c23c829534647a9524f52,3bc07d301bf8632358b1a629addb7de8870a42cf,true,ps2 textures\opaque\bp_remade,true,true,5,remarci_4x,false,0,false
w01b_rfa00a.bmp,f61ac2aa70fab31779bdd6e930bb5adfb90468c2,755bf607dd2da97d0ad933e299ab7e86bb3d3b8e,true,ps2 textures\opaque\bp_remade,true,true,5,remarci_4x,false,0,false
w01b_rfa02a.bmp,047d0607051d71522002959f9eb398d8364904af,b23d0b2e0834e6c5b31852255c224038ac043d30,true,ps2 textures\opaque\bp_remade,true,true,5,remarci_4x,false,0,false
w01b_rfa04a.bmp,944d298f6fcd190d802134e031d9ce0709057ccd,599532991d75fed36b801f8b18da8e1b1700240e,true,ps2 textures\opaque\bp_remade,true,true,5,remarci_4x,false,0,false
w01b_wa05e.bmp,7644a463665f271ffa881d3ac60d68e7cf8b5392,ea161c896f9d2c12f6a9b8ff7b964b6a1e7707ea,true,ps2 textures\opaque\bp_remade,true,true,5,remarci_4x,false,0,false
w01b_wa06_bld080_ovl.bmp,37621bd37563c757eedaf8593ccec1a435558e22,e275da9850c5ead288b9fb80cb28d44706ec4d0d,true,ps2 textures\HAS ALPHA\bp_remade,false,true,5,remarci_4x,false,0,false
w01b_wa06a_bld080_ovl.bmp,56bdbdae3bf3eb877947ed620e23fe3239a1e4fe,b1e2732bf6aad06b821df75145122f44e5496550,true,ps2 textures\HAS ALPHA\bp_remade,false,true,5,remarci_4x,false,0,false
w01b_wa06b_bld080_ovl.bmp,a03bf4b008f1b291e0704ebac93077a98e970729,3bf2ac24c402c782a202a7da9b457b754d067606,true,ps2 textures\HAS ALPHA\bp_remade,false,true,5,remarci_4x,false,0,false
w01b_wb00a.bmp,cf2485659834aa201877be033d28882aa30573f5,7f7596ba74c514b85e1e936c1c45b7e1816c7457,true,ps2 textures\opaque\bp_remade,true,true,5,remarci_4x,false,0,false
w01b_wb00b.bmp,b6dddcf39791ffd97d75333533ce46c7fa8bdc98,6072968716e643e62815a5cb151085eabf2f3d3c,true,ps2 textures\opaque\bp_remade,true,true,5,remarci_4x,false,0,false
w01b_wb03.bmp_6ef77a2ce547246938dd483099ada51f,96198ec2aab68fae47de4375f57b533d78d61b4a,2441c9fa177a1f846a1702b4b622d7a373780d1b,true,ps2 textures\opaque\bp_remade,true,true,5,remarci_4x,false,0,false
w01b_wc00j.bmp,a673625c02768d0c508b76e9cea68e88c4b01246,3ee021a4cdef3516cafa99642331c5853643dd0b,true,ps2 textures\opaque\bp_remade,true,true,5,remarci_4x,false,0,false
w01b_wc00k.bmp,349f20b9344702a390e3b9753174ea73928575aa,3a855854723fe15c9387911fb686b6129cdce6a7,true,ps2 textures\opaque\bp_remade,true,true,5,remarci_4x,false,0,false
w01b_wc01a.bmp,f67b6433b069fbe1a2181dc401546c09a5572bfb,469868be32d46a7ada997769540b9c3adac7ca54,true,ps2 textures\opaque\bp_remade,true,true,5,remarci_4x,false,0,false
w01b_wc01b.bmp,01d3e849e5132ea6aedadc17a858b5ebc373bdfd,4368d1dfae2bd405fea407b1bcb11b47ba6174b0,true,ps2 textures\opaque\bp_remade,true,true,5,remarci_4x,false,0,false
w01b_wc05a.bmp,5d093f6d1085e01e1c0c70289f15c8bb6be30c90,ccbefc4067dc4f5f878c2bc8fe54de9ac8583991,true,ps2 textures\opaque\bp_remade,true,true,5,remarci_4x,false,0,false
w01b_wc05b.bmp,8656a605fb16c2a3c2c189980d98229ec63d7d1f,c58896c11bef6706f5bbf321dd49698424dacd25,true,ps2 textures\opaque\bp_remade,true,true,5,remarci_4x,false,0,false
w01b_wc07.bmp,b91a0fbcfd662c86444b4ef827e232125e8de05e,a58b096a984cb3b35b9b992e5976bafba271c835,true,ps2 textures\opaque\bp_remade,true,true,5,remarci_4x,false,0,false
w01b_wc11a.bmp,144dec829f8faa161aa030c20a324ac437b52d86,73b8d7e60b74682e0122f2c2d0d5ba173a4095cb,true,ps2 textures\opaque\bp_remade,true,true,5,remarci_4x,false,0,false
w01b_wc11b.bmp,af8b4942a4f5dddcfd7f3b8caefc37350bab6912,e1ef0802b60269cb1d8863251ccd830afde0feed,true,ps2 textures\opaque\bp_remade,true,true,5,remarci_4x,false,0,false
w01b_wc12a.bmp,b4af8fc22ae8bfd82708639422514fb0a1e12424,6f61426f299e3ab537712159b6c01c73bd8d3344,true,ps2 textures\opaque\bp_remade,true,true,5,remarci_4x,false,0,false
w01b_wc12b.bmp,f2970558a0b9274b337bcbd64c7597f337842aa1,9c9432ec814b5f4b5ed21e6861428bc29628e5dd,true,ps2 textures\opaque\bp_remade,true,true,5,remarci_4x,false,0,false
w01b_wc13a.bmp,101e370aba774f207045325ff4b15f70e7b83a1d,5064de708c367b85c43e24d0437d4d4909280d07,true,ps2 textures\opaque\bp_remade,true,true,5,remarci_4x,false,0,false
w01b_wlp03_bld075_ovl.bmp,e10f7535a45a2a7b881d2463c916c53cff2dfcec,b410eee30ecd036f6cf8a7b9bedd2e09bc9bb45a,true,ps2 textures\HAS ALPHA\bp_remade,false,true,5,remarci_4x,false,0,false
w01c_ami_alp_ovl.bmp,1cb4ad2c9ec0e7bfe1bbaf4a5aadc8f7a3fb5fa2,965199747113af51774433ded3328cea61b9da17,true,ps2 textures\HAS ALPHA\bp_remade,false,true,5,remarci_4x,false,0,false
w01c_ana00.bmp,7e1ec94222f0e1d39005433cd864b73583243564,b67751fffdde60b497e0fcc7d7c55414eac5442b,true,ps2 textures\opaque\bp_remade,true,true,5,remarci_4x,false,0,false
w01c_box00.bmp,080c49adbf482c7f19a85435edd8d7c789dc43b2,b79d15fdcb334a36be88dd00219b5364ad817bdd,true,ps2 textures\opaque\bp_remade,true,true,5,remarci_4x,false,0,false
w01c_box00a.bmp,b0e705e4d301fd1fd59033c29e87972eb0764162,951de264334b4372cd5a09b9438f44aaf569de1f,true,ps2 textures\opaque\bp_remade,true,true,5,remarci_4x,false,0,false
w01c_box00b.bmp,6ada2bd01c00f711d4c2a3fbd90c025f1d16525c,890acdd9822fd01a34208c5d9388c66004c4bc9f,true,ps2 textures\opaque\bp_remade,true,true,5,remarci_4x,false,0,false
w01c_ent01d.bmp,137f550791d2485c075447ea4634b7bd8202a31a,7ad8823bdb25b0bb3660a3847747649e03307042,true,ps2 textures\opaque\bp_remade,true,true,5,remarci_4x,false,0,false
w01c_flp00_bld095_ovl.bmp,5d927167eca6a13885cc7b1526b566f3fcf4fe49,05c633dd0fd1cd076e609361432da2896132aa60,true,ps2 textures\HAS ALPHA\bp_remade,false,true,5,remarci_4x,false,0,false
w01c_pnl00.bmp,4f1b1d2b83bf36852bbb8bd4e628bc96bee2f0e2,ee0dfa047ffe22f8ae63d863da97cf512c30756d,true,ps2 textures\opaque\bp_remade,true,true,5,remarci_4x,false,0,false
w01c_pp01.bmp,d638c23ab45b5b64cb2dd7a83add91eeeee1e36c,9f91be1b112adbb82a42bb3b568331c3f1894b2d,true,ps2 textures\opaque\bp_remade,true,true,5,remarci_4x,false,0,false
w01c_pp01a.bmp,8e3f4ffad2c31fe025bbaf15fc08bdf3da7d867a,f0a24f0080bd83e385ce00081eb761a9055f5533,true,ps2 textures\opaque\bp_remade,true,true,5,remarci_4x,false,0,false
w01c_pp02.bmp,1facca2550e50657ca54bacf809641a86798330b,78232e48a79d2529f765e6677f9f9444d0026c10,true,ps2 textures\opaque\bp_remade,true,true,5,remarci_4x,false,0,false
w01c_rf01.bmp,2cbf48510f62d4c9162f6db5c6b0f33bcf121e35,542378b82492966417dad30a9b59e6bbb8aa07f0,true,ps2 textures\opaque\bp_remade,true,true,5,remarci_4x,false,0,false
w01c_rf01a.bmp,0c9d4a289f4ec2b92d670afd68b1c2f947262754,b8c47f07eee768d8bf149bbaede20baed884b52d,true,ps2 textures\opaque\bp_remade,true,true,5,remarci_4x,false,0,false
w01c_rfb00.bmp,e431c04f5b68e24844f38ca8824623ad78bba204,592a3efacf1c6749094c0e64d020a45dc391afee,true,ps2 textures\opaque\bp_remade,true,true,5,remarci_4x,false,0,false
w01c_rfb04.bmp,9a2485552e9d3a83f5fe6d2b9bb49469b1e8f0c8,946826426df4fe28de051ebac420f838559e7818,true,ps2 textures\opaque\bp_remade,true,true,5,remarci_4x,false,0,false
w01c_rfc00.bmp,7cd707825288cfd1d5749b023b2df8c230be6fce,3dbce4c44a593575e1f5de1504d48dba80e8fe5c,true,ps2 textures\opaque\bp_remade,true,true,5,remarci_4x,false,0,false
w01c_wa04.bmp,6c5c4eaba146db00c59f4f8cda46ff96b586376a,de146dba26cc1c98ba8fca8045748635da8d56d2,true,ps2 textures\opaque\bp_remade,true,true,5,remarci_4x,false,0,false
w01c_wb02.bmp,0e5018dfa587b91880a712dc6ad4fcb02019e5a4,2b3989222cbbba44693aed90ac7fd5b7fb358e80,true,ps2 textures\opaque\bp_remade,true,true,5,remarci_4x,false,0,false
w01c_wb02a.bmp,03f1116728f1c89cf49d5760b8b8c8d6fe5bd747,9ec731da33941ff65231f1acf9da99d38d824a93,true,ps2 textures\opaque\bp_remade,true,true,5,remarci_4x,false,0,false
w01c_wb03a.bmp,b2288e5c01e60fb67929c1a89249266f56150d1a,ad98812b4422c6cb08394788fb9ae5b63b35ef1a,true,ps2 textures\opaque\bp_remade,true,true,5,remarci_4x,false,0,false
w01c_wb03e.bmp,4e5c617dd519e86fbf7723224fbbf838f5939662,e008d9e1290b59515382b53595458be9b7f7c51c,true,ps2 textures\opaque\bp_remade,true,true,5,remarci_4x,false,0,false
w01c_wb03e2.bmp,7402e41c6b45852e6e75c38567e8ab5c28141df7,91235e2536461aec871f91a1c578835b89d1ed22,true,ps2 textures\opaque\bp_remade,true,true,5,remarci_4x,false,0,false
w01c_wlp01a.bmp,67952494047008cc8024706f2c8f87832270ec6c,5bb4118eae2632d80934f4ef156319d6aff5fd21,true,ps2 textures\opaque\bp_remade,true,true,5,remarci_4x,false,0,false
w01d1_dr00.bmp,6aec30e3e5ebaeec8dd4adb9658baad471e3037b,44b5f5322fbfa2e52ef3fab65860b6e2796fa7fa,true,ps2 textures\opaque\bp_remade,true,true,5,remarci_4x,false,0,false
w01d1_flc00a.bmp,10e6fe80315130f7bd3b5edf470c4eb353607dd1,527472129a8e359891b0ad2a29b3425b302d7e9c,true,ps2 textures\opaque\bp_remade,true,true,5,remarci_4x,false,0,false
w01d1_flc00b.bmp,defab8ac718e9bbf5c0483eaabf2326d185d49f5,f00499dbae28bb4141d7231743f1a0228c262148,true,ps2 textures\opaque\bp_remade,true,true,5,remarci_4x,false,0,false
w01d1_rfb00.bmp,ff5f1d17ed132c04321a45a38b0f47c8d6ea08a8,ba1eddf00c20c3ba56c2ca956b7eb9301d89be71,true,ps2 textures\opaque\bp_remade,true,true,5,remarci_4x,false,0,false
w01d1_rfb01.bmp,d3b76ad3314b8bcc5e9f265763cf3857160cba23,94d6493db5739f691723f97d1fe8bfef9f366621,true,ps2 textures\opaque\bp_remade,true,true,5,remarci_4x,false,0,false
w01d1_wb00.bmp,426f3694c1e5479f2885a0b72870ca4d1a03ee96,6f930ebc9614e63eed8078f967bc3d7e4f82d692,true,ps2 textures\opaque\bp_remade,true,true,5,remarci_4x,false,0,false
w01d1_wb00b.bmp,602cd930e1895510d74c8a752cc460aff742d526,a6ddb94e12ed7eaf0937ffd64e2fc2e5f0ac7b0f,true,ps2 textures\opaque\bp_remade,true,true,5,remarci_4x,false,0,false
w01d_soko_flour_new.bmp,16f5259bec422503f56a166d40f6e973004dfdf2,de6ca0f234fbc0fdbbd53115e1f27367a07c863e,true,ps2 textures\opaque\bp_remade,true,true,5,remarci_4x,false,0,false
w01e_com01_b.bmp,9e4cf321efbfc3efc5a83c2c671fc131794092d1,8081487bb74f18a8fa2e830c339fb5069839dee7,true,ps2 textures\opaque\bp_remade,true,true,5,remarci_4x,false,0,false
w01e_com01_s.bmp,6ef603c5f8d5be7f14f1cb0d6ed365fc13679c0c,5acb6354e01f1547b73509eaefd310a4f950ddf4,true,ps2 textures\opaque\bp_remade,true,true,5,remarci_4x,false,0,false
w01e_com02_f.bmp,d6349fbf9d88aa93ab87745448d6f3f58146f503,cb89a439e0df7d0a0dfadd659ff5d8d8cc3e1e96,true,ps2 textures\opaque\bp_remade,true,true,5,remarci_4x,false,0,false
w01e_com02_t.bmp_8ba0dcecf451a0857ea0e90f903b3946,45311534bf2b61191ab03e57738d12b36a6816b0,7ecf72546df315140e427d88e24bd2ea080b4ba0,true,ps2 textures\opaque\bp_remade,true,true,5,remarci_4x,false,0,false
w01e_com03_s.bmp,f94a57cb5217ff82a5356a525d76614d3b97e526,4372088aba35b78155b6837c866316fbf818c05a,true,ps2 textures\opaque\bp_remade,true,true,5,remarci_4x,false,0,false
w01e_com04_f.bmp,2cd5d1eaed87af15dba03ecd1e79de083f48f26c,3140b77550630180b38a51eab56a3542a0549d4c,true,ps2 textures\opaque\bp_remade,true,true,5,remarci_4x,false,0,false
w01e_comp3_blkplate.bmp,8a26bc32c588263b7888de6d7053963fe85f8411,1b3e188e83f5858424db27944e3f11ebf33ed506,true,ps2 textures\opaque\bp_remade,true,true,5,remarci_4x,false,0,false
w01e_comp3_f.bmp,5aee2f296d894b1c8ef0179f32195a4bb10cda36,3f36c08bce3cfee00210f62ad382d329d3bf4817,true,ps2 textures\opaque\bp_remade,true,true,5,remarci_4x,false,0,false
w01e_comp3_s.bmp,800de1ec9148022818be487de4465dd1aeaa0d10,92f631ee910e8416deecc9a6f498c79afbdc36b2,true,ps2 textures\opaque\bp_remade,true,true,5,remarci_4x,false,0,false
w01e_deck_t2_alp_ovl.bmp,248b5e62f8eadb1eabb68f47a400550996402b94,6cd8c3866c42a0da481e2e59c0db7dbb81bd05fb,true,ps2 textures\HAS ALPHA\bp_remade,false,true,5,remarci_4x,false,0,false
w01e_drwl_b.bmp,fa9c0394ffc8ca6236573808bd85e96d50ed2359,6838d6bccb767949120090111dd724b2b6a21905,true,ps2 textures\opaque\bp_remade,true,true,5,remarci_4x,false,0,false
w01e_floor1_alp_ovl.bmp,4e5210f87624b0a0243c748ab3258f407230c175,c7f2d1000bb592aa0ca4f4ee4fa81853062cac4e,true,ps2 textures\HAS ALPHA\bp_remade,false,true,5,remarci_4x,false,0,false
w01e_floor2_alp_ovl.bmp,e5722be73137c48e8d5015755be22bf918b192d7,b2c2b9fdb7f852a2880bca1c57a5f638aa73c332,true,ps2 textures\HAS ALPHA\bp_remade,false,true,5,remarci_4x,false,0,false
w01e_meter01.bmp,9621a9b3e2d67608267cad6054418d71fd8857f0,7e63a8081330cf366c2e548d5eed45da6e2763f4,true,ps2 textures\opaque\bp_remade,true,true,5,remarci_4x,false,0,false
w01e_panel02.bmp,5621aba5e2510a818a2e48fc35021dd6151e284c,9ce1bf60141c205caa5fe95ab6fafee01643553a,true,ps2 textures\opaque\bp_remade,true,true,5,remarci_4x,false,0,false
w01e_panel2_bld80_ovl.bmp,741ad73635b0d9e6baba5b568a5911a18900ea66,61a207f320dd51d258b2479097120a7d0b533c22,true,ps2 textures\HAS ALPHA\bp_remade,false,true,5,remarci_4x,false,0,false
w01e_panel_bld80_ovl.bmp,62488372d142b1bb9ad926ea7fb065b895b08eef,010831c13c873af25246d917e0c99739d75b0e8b,true,ps2 textures\HAS ALPHA\bp_remade,false,true,5,remarci_4x,false,0,false
w01e_rf01_bld80_ovl.bmp_86291923fbc81da8d810fe8a4f98600d,a48ae334b04d090d7d53c1b21406c50919033597,0eb237dc8f2d607bd202e4463e215903a8855cd8,true,ps2 textures\HAS ALPHA\bp_remade,false,true,5,remarci_4x,false,0,false
w01e_rf_obj01.bmp_8aa481574227a8f769b24d7af4556fb5,b9245219bb91126e8012b3cf6ef20285b39524fe,ae6473565c0293524c45b97dc2f1685b985b8cb9,true,ps2 textures\opaque\bp_remade,true,true,5,remarci_4x,false,0,false
w01e_rouka_rf.bmp,0ec8c6aca1026a215fc75576e42ddbfd466f0df1,c878e9756e5407c6c22a7ee497a9d06493b4e9e8,true,ps2 textures\opaque\bp_remade,true,true,5,remarci_4x,false,0,false
w01e_rouka_rf_fade.bmp,b3dde3a18db82119ad4802bda56e5b3c31489366,e56cb6edce0ab0027255104e5cd43ae12a12a517,true,ps2 textures\opaque\bp_remade,true,true,5,remarci_4x,false,0,false
w01e_rouka_wall1.bmp,d8668e048ea95224aa9725f07691952cd8f4c717,13a1de97e56326b2b2dd96c66c0899f2eb7a9aa8,true,ps2 textures\opaque\bp_remade,true,true,5,remarci_4x,false,0,false
w01e_rouka_wall2_fade.bmp,6b6ac5cd94e581027a40befddad34a09c8e144cd,dd84b89bf7128b220f3c5200f213ee3edfbf5f90,true,ps2 textures\opaque\bp_remade,true,true,5,remarci_4x,false,0,false
w01e_speaker01.bmp,6a47240e5fc21f633dd3e7af9eb6139d8f9bb84f,024224a21d83233c43a62a3afcd0b42b2d979569,true,ps2 textures\opaque\bp_remade,true,true,5,remarci_4x,false,0,false
w01e_tsr00.bmp,8a97b00ee1c76ed8f1efd22832e67680cb353ac6,4edf98117b43edbd1954ecc0d369e627b41a05db,true,ps2 textures\opaque\bp_remade,true,true,5,remarci_4x,false,0,false
w01e_tsr01.bmp,ffc9d4eb122478ecfa7a42bec32ddf70e587bd54,6b6bb15c643d819ffbbaf4689269f9b48376f3d4,true,ps2 textures\opaque\bp_remade,true,true,5,remarci_4x,false,0,false
w01e_wall01.bmp,414221f45ed0e4f7098167c8061271a822c0d634,54bd57b3cc8136c6fdaace00b29ad4164bdb92e1,true,ps2 textures\opaque\bp_remade,true,true,5,remarci_4x,false,0,false
w01e_wall02.bmp,565368b0a11b9369ea7bb942f6a6f7ceec5387f3,9fcd3f13ec0491748d16bceedd1066b3c9174e58,true,ps2 textures\opaque\bp_remade,true,true,5,remarci_4x,false,0,false
w01e_wndflame01.bmp,242cb16b1f333a7c03c0c9fdee5aa5a7a2cdd60c,c5910c406c5dff06064ca92b5aaac8584ac3be5f,true,ps2 textures\opaque\bp_remade,true,true,5,remarci_4x,false,0,false
w01e_wndwall01.bmp,0ad79a41ce8d68c05abd1553923d621c8db6b874,e966a0fa1937af84f362b1d76fdf6de299d9d710,true,ps2 textures\opaque\bp_remade,true,true,5,remarci_4x,false,0,false
w01e_wndwall02.bmp,c37828828ef7a13bdb39dbe048dc1d57ba3e69c0,6e660a6b7a3f15a634c65afbf4092d14726bf4fa,true,ps2 textures\opaque\bp_remade,true,true,5,remarci_4x,false,0,false
w01f_bark03.bmp,49214b37d732f2c40242e74ee46a1cba2a29f565,43ae83780fcedbd464646394314ce30e94ca57fb,true,ps2 textures\opaque\bp_remade,true,true,5,remarci_4x,false,0,false
w01f_barw03b.bmp,45c6f26b4d42a002f28ccd010f322d36329b8378,6080a8823b3969f6ac3d8aabf7ba6941ff6e24f1,true,ps2 textures\opaque\bp_remade,true,true,5,remarci_4x,false,0,false
w01f_bk07.bmp,d917f669285ac3926c2b582f3fe074799b58a628,f22c7b7ca38d67b69ca2fc3af2296327a68538b9,true,ps2 textures\opaque\bp_remade,true,true,5,remarci_4x,false,0,false
w01f_menu.bmp,63a50374de4ce9dc464d18b405c3d2d09319f4c8,567205084934561050663b1a74a455e3cabed58d,true,ps2 textures\opaque\bp_remade,true,true,5,remarci_4x,false,0,false
w01f_pos00.bmp,c8274a4b327a17caac5acfc7662424ba0477fd82,247065cba21e22727a5705f0685549db5c83503a,true,ps2 textures\opaque\bp_remade,true,true,5,remarci_4x,false,0,false
w01f_tvtb02.bmp,85eaf11bdb1619db917cd31ee5e76dff75ffef9a,2827c32a110f455af75886387e072c9b90b84e8a,true,ps2 textures\opaque\bp_remade,true,true,5,remarci_4x,false,0,false
w02_1f_hashira_01.bmp,34c380914116846e64702e49c0d8efed147dbf3f,0ad1300ff2e2c2e1ba5a49ea995a23107d190f2f,true,ps2 textures\opaque\bp_remade,true,true,5,remarci_4x,false,0,false
w02_1f_hashira_02.bmp,b243fabe0e12cff840a2d0c9e9584bedd71cf73d,5bcaf0440cfc1a6c89b479658c31314336f58bda,true,ps2 textures\opaque\bp_remade,true,true,5,remarci_4x,false,0,false
w02_box_1.bmp,48f48ebd58821e7654fa14c7f3d6c8b2f4babdcd,6acd9311d37e9b9dd9406f7cf7684d613c5bf3b2,true,ps2 textures\opaque\bp_remade,true,true,5,remarci_4x,false,0,false
w02_box_2.bmp,72ed229f5074ebe1715ec11abb0259e23d03aab0,f42419ccd1e007f85aaa56dcb95cb38d8c94f9ad,true,ps2 textures\opaque\bp_remade,true,true,5,remarci_4x,false,0,false
w02_box_3.bmp,af96eb90404b6ee9a40ca1288876f1e612615361,eac4d23176e42e030e16936ea27695f92404a3e7,true,ps2 textures\opaque\bp_remade,true,true,5,remarci_4x,false,0,false
w02_box_new.bmp,3741007fcd64fcc04cab9e39555c8acd2e208d31,9c7b6d87fcb8681889a1c94a6e9246d51e253259,true,ps2 textures\opaque\bp_remade,true,true,5,remarci_4x,false,0,false
w02_box_new_up.bmp,78a960ff566edda8fd2061137ad701d54ff97d27,32b27bcb409e7370347470b345115bc2edc51f6c,true,ps2 textures\opaque\bp_remade,true,true,5,remarci_4x,false,0,false
w02_eng_big.bmp,2d69ad1e4ea5328c0e07c439f6ff0f6f898b71af,197d560fab2045936802a64ed6b82cac31876a0f,true,ps2 textures\opaque\bp_remade,true,true,5,remarci_4x,false,0,false
w02_eng_prg_base.bmp,9bbc9f464999feeab5d66f8584683a1d1b227c70,e37bb22278ef3e13771caf6d09ab8af70f98bc29,true,ps2 textures\opaque\bp_remade,true,true,5,remarci_4x,false,0,false
w02_eng_prg_base5.bmp,675978b9756d90b7d0134c55b81bcf93c648a02e,8dc883696c6803253bc25ab8692e47cf4af71f7f,true,ps2 textures\opaque\bp_remade,true,true,5,remarci_4x,false,0,false
w02_eng_prg_base6.bmp,1cfd009ef24327c0b11a8f2e58f6236ab6df634c,592d2d31f643edb3868d22a70102d4f7a622003b,true,ps2 textures\opaque\bp_remade,true,true,5,remarci_4x,false,0,false
w02_eng_prg_body.bmp,4f282aeee7191d67e3e882cfa0149f742ae50139,83f3ff52ad416876218ba9cce9784b464a5524cf,true,ps2 textures\opaque\bp_remade,true,true,5,remarci_4x,false,0,false
w02_eng_prg_head_side.bmp,89e9dd32bddc9158903754f5d77d969ba5a855d6,d75abde45f8620c2a2453b0cc0f9bc6b172bf692,true,ps2 textures\opaque\bp_remade,true,true,5,remarci_4x,false,0,false
w02_eng_prg_pipe1.bmp,b9e2a3c393cd3d19edb85c891910e6babb839126,2447f4e8e0ecf848a25724e5e6dee8d42122e41f,true,ps2 textures\opaque\bp_remade,true,true,5,remarci_4x,false,0,false
w02_eng_prg_pipe2.bmp,a62b7cadac6cb019bbb87b12a6cb4193e94a77be,cbf23920589c9a13b4841c88837a7f9403b9fdf3,true,ps2 textures\opaque\bp_remade,true,true,5,remarci_4x,false,0,false
w02_eng_prg_top2.bmp,8979e3caddd84dacab09d8fb269ac007f4ea337c,2e8f69080999addb2f3ed8c0568cfd236669d33d,true,ps2 textures\opaque\bp_remade,true,true,5,remarci_4x,false,0,false
w02_eng_prg_top_side.bmp,445ac2f37b75e617a76b42e40463c23142d0e86d,e3d93055999c7724f5d52cd9f7fed78bf0d938ca,true,ps2 textures\opaque\bp_remade,true,true,5,remarci_4x,false,0,false
w02_kabe_4.bmp,6311109ee9c37f52081ab9511045734872198e01,1d5abf3544b49be5c36c4b72a479628b0595ab53,true,ps2 textures\opaque\bp_remade,true,true,5,remarci_4x,false,0,false
w02_kabe_big.bmp,7792ebf01b2460b627c3bbdc2a71fe6fb1f90a6c,e5a0b5162bb178f3b34157ac90021607c4c34923,true,ps2 textures\opaque\bp_remade,true,true,5,remarci_4x,false,0,false
w02_kabe_big2.bmp,7cc97a5afc647ac340f8d1d022d4ba228011bf2b,a3a9baa4495ffc895a1a7904840dca4809a15baa,true,ps2 textures\opaque\bp_remade,true,true,5,remarci_4x,false,0,false
w02_kabe_big4.bmp,406c53ba484ca058250d988232714e5f292e4b6c,a082ce921c3a9638f202d7749770b085299a59b7,true,ps2 textures\opaque\bp_remade,true,true,5,remarci_4x,false,0,false
w02_kabe_duct.bmp,337c879ae94215812ebec21cc9864148805713c1,e373d41a854557108057466010a8d5448cfe109c,true,ps2 textures\opaque\bp_remade,true,true,5,remarci_4x,false,0,false
w02_kabe_fire3.bmp,8f9017115da590856590839e143ca07f9c9a53cc,8cdcff086f8fbf3fa9e52233a1e2960445f70a57,true,ps2 textures\opaque\bp_remade,true,true,5,remarci_4x,false,0,false
w02_kabe_hashira.bmp,6f3b0330769d7e3402a94d3b7c77f2c762a338a5,4a49b4c0407d77b1eb8d112d5aaad68b7311113b,true,ps2 textures\opaque\bp_remade,true,true,5,remarci_4x,false,0,false
w02_kabe_light.bmp,5b0ac249bf38077cfbdc770e96b6dab51818032c,d5c36c34fac3fe20b9277b4165893ffa65dafae2,true,ps2 textures\opaque\bp_remade,true,true,5,remarci_4x,false,0,false
w02_kabe_light2.bmp,c0b518617e8384411d3d26b9c58f32cf3cbdfa54,75108307aef0d6f0a8cab946f26e48f21055e169,true,ps2 textures\opaque\bp_remade,true,true,5,remarci_4x,false,0,false
w02_kabe_light4.bmp,fea0e16cfeb1fadd8490d83dab185ee94137a400,268b4b7fbdd22f08c39c4c1b6ebcf197bb6b35b6,true,ps2 textures\opaque\bp_remade,true,true,5,remarci_4x,false,0,false
w02_kabe_light5.bmp,8fb497bcea6f514192c3baa22842c8aefb4169f3,c1dffd7dd789cbd5df47ece977e996b3e7fe210f,true,ps2 textures\opaque\bp_remade,true,true,5,remarci_4x,false,0,false
w02_kabe_metal.bmp,db4c220431024e68f392704f8ae2ba3168e2e0b7,3417fb3db148041c09db45e0a06d994935cb28a1,true,ps2 textures\opaque\bp_remade,true,true,5,remarci_4x,false,0,false
w02_kabe_pipe3.bmp,8c1d55bd7d413885da42ab9cf1436610c8fb1228,bcc292cc0bb105574a01739d5d0632ddb7bbad68,true,ps2 textures\opaque\bp_remade,true,true,5,remarci_4x,false,0,false
w02_kai_side.bmp,b6bab8cfcdd75785534e84d53610d8db7f265da1,4f33b3dfab569eed4c00b95f392c4a52bc2cab43,true,ps2 textures\opaque\bp_remade,true,true,5,remarci_4x,false,0,false
w02_kaidan_hashira.bmp,01b75f3620542e4505fd62e8e8a294e4051db2af,17d4666eaff08826a08138d4775dc6d439cd95ea,true,ps2 textures\opaque\bp_remade,true,true,5,remarci_4x,false,0,false
w02_kaidan_side4.bmp,cbc594e717ed9ed5f7f89c2b7b7a43f6e6d7c1fe,8099aa95099398f71e9f5eb35a4e23074de0878a,true,ps2 textures\opaque\bp_remade,true,true,5,remarci_4x,false,0,false
w02_kaidan_step_top.bmp,f38908c827d8789be3c12fcc390cf6cc123ca262,d791e5d34b1835eb33218653d795949529c9833d,true,ps2 textures\opaque\bp_remade,true,true,5,remarci_4x,false,0,false
w02_obj_box.bmp,639ab89c320fc9230218ad4487e6edbf284070a5,395d4ead9bd2349dc26e21860b0bb9e3dc847668,true,ps2 textures\opaque\bp_remade,true,true,5,remarci_4x,false,0,false
w02_obj_fire.bmp,11effab34a7deebda3342e83872ff6719b65fe8d,97a699e7af45546cf717180d1bea5d104f3871e4,true,ps2 textures\opaque\bp_remade,true,true,5,remarci_4x,false,0,false
w02_pipe_box.bmp,44f90d740b0026e5f5a05a7946c106d903681aaa,d06e0003d2a7d2adddea1c5191919207d4376b86,true,ps2 textures\opaque\bp_remade,true,true,5,remarci_4x,false,0,false
w02_roof1.bmp,b2634fa72f56ed2de2d8aaca02a39dcd7e0156b2,b0d470c70f2bf215d929243a9bd42ff3f17e9279,true,ps2 textures\opaque\bp_remade,true,true,5,remarci_4x,false,0,false
w02_roof2.bmp,42f1db6ea943e4de5af019beaf536b2d01ed4dd6,1de2e075170c577784732eb8ec386657c48edd01,true,ps2 textures\opaque\bp_remade,true,true,5,remarci_4x,false,0,false
w02_saku_ita.bmp,2cf01473ec16479051f174ad1bcc267063945c70,bd4d94956743e8a66cf2ae9d636104df119a39fd,true,ps2 textures\opaque\bp_remade,true,true,5,remarci_4x,false,0,false
w02_saku_itas.bmp,7fb4d5bffffe0c70b381eff9829dfa156bc16f24,93d98f3609201de202c8b52504a24f87ef4a8572,true,ps2 textures\opaque\bp_remade,true,true,5,remarci_4x,false,0,false
w02_sr_box.bmp,6e61fe2efd7d3c4de1c906bd511d570336a1f243,63b04d68b326eac1a0655dc7a66f981e76c82681,true,ps2 textures\opaque\bp_remade,true,true,5,remarci_4x,false,0,false
w02_sr_box_com.bmp,f9db96c2c558b419df892b5ab763e09cdb553eaa,bb65e85f38f5336717a9a522065b07033ec8b0af,true,ps2 textures\opaque\bp_remade,true,true,5,remarci_4x,false,0,false
w02_sr_box_side.bmp,c2a41ef8c7d359d104f898228a201c2f51fd1106,b1ef2446ce347740189ea2540b921972495a54a9,true,ps2 textures\opaque\bp_remade,true,true,5,remarci_4x,false,0,false
w02_sr_code_top.bmp,3388ddeaee333ce7f2fa13ee58ca071fcea685c6,2fa5f854cc747c3fe0cb4dc7dae5f6439abdafc1,true,ps2 textures\opaque\bp_remade,true,true,5,remarci_4x,false,0,false
w02_sr_contena1.bmp,86c166c7f857685e41ef1e8cb9c2c3981fac1d7e,5d1c98c0ff50a438dee273aab4176814b4b7e17d,true,ps2 textures\opaque\bp_remade,true,true,5,remarci_4x,false,0,false
w02_sr_contena2.bmp,d00173c53ef3d20b0346595dc75596ca4327c32d,385d8a20469f83cd699f273769f0733636db157d,true,ps2 textures\opaque\bp_remade,true,true,5,remarci_4x,false,0,false
w02_sr_contena3.bmp,d911f182bcf7dc67538ad28f6cf05b8a951552ef,7980eb2317c255ef7bcf8c3c4dfe4076d076def1,true,ps2 textures\opaque\bp_remade,true,true,5,remarci_4x,false,0,false
w02_sr_contena4.bmp,4d6e92cf66ab9ccbd8dcdcb871ce5efbcc3dce80,a7033afae5bc70babdfdb50ccbb2037cbe8fafa6,true,ps2 textures\opaque\bp_remade,true,true,5,remarci_4x,false,0,false
w02_sr_contena5.bmp,54559079ff11fb705a2a83fdafc9e11481d5a422,d21999c9b834b9db9989545742a441b28d9326b0,true,ps2 textures\opaque\bp_remade,true,true,5,remarci_4x,false,0,false
w02_sr_door2_full.bmp,ecc4c6935c7e93a1bd974e41e0d66218cdfbf2df,d173986aa26145883491580fa7205fe23ca6c671,true,ps2 textures\opaque\bp_remade,true,true,5,remarci_4x,false,0,false
w02_sr_door_parts0.bmp_cb699f431ffc5acaf47f2e26b678eccd,3f60b3510457405567be82b280cb2237c1fe0d35,fcf4c7db30a2844127b839e560d28c938d8fc66e,true,ps2 textures\opaque\bp_remade,true,true,5,remarci_4x,false,0,false
w02_sr_door_parts1.bmp,e3f07f1759ff5833abcb2a6711b3dfa50370f49a,e8c3c8c01f24312737ba7226eae8e8dd91ba9b85,true,ps2 textures\opaque\bp_remade,true,true,5,remarci_4x,false,0,false
w02_sr_door_rail.bmp,0c35d904256a6e76f12452b006f609588d048175,0f30782313273e266a4de2e130554d295afff078,true,ps2 textures\opaque\bp_remade,true,true,5,remarci_4x,false,0,false
w02_sr_fire.bmp,7f96643596ddd2719efd94bc4972b81ddc55798e,8c5f3ee7c9298146aa3efa8b4e197adab10c0a60,true,ps2 textures\opaque\bp_remade,true,true,5,remarci_4x,false,0,false
w02_sr_kabe.bmp,ec6c38e13c1c14ddc72c5fe63bec06237045badf,b761acdc016349085d0305df1e817f4abd11521d,true,ps2 textures\opaque\bp_remade,true,true,5,remarci_4x,false,0,false
w02_sr_panel2.bmp,2b593d1ef882af4517d9d2118865a07ac9c8dfc4,3fec172ae1be474d2d0d989df55452116aa73a71,true,ps2 textures\opaque\bp_remade,true,true,5,remarci_4x,false,0,false
w02_sr_pnl_b1.bmp,478c98898b44bcf169f3a54dfdbd9974710a767c,d1d52ab5e2f476125096146fb2b09e62f56edf8c,true,ps2 textures\opaque\bp_remade,true,true,5,remarci_4x,false,0,false
w02_sr_roof.bmp,fb98fb5a79e1997bffe34b8e31a74a5d5775ce09,404a98e6b07b9fe247511fb7b6d21b07518c46d9,true,ps2 textures\opaque\bp_remade,true,true,5,remarci_4x,false,0,false
w02_sr_roof2.bmp,2e9d4f7f4d00da4c66e7c370abc896608da1affb,7420f741e1114a2b33060a45b5b0ec0ff127aef5,true,ps2 textures\opaque\bp_remade,true,true,5,remarci_4x,false,0,false
w02_sr_roof3.bmp_d344ae9df9a1fddfbccf5e3b51634b41,a716b56056f4a6c549c7cc9f533a6202863c9180,99bf5c66e9f7d5b0c1a34c4fd74cb06dd6648d52,true,ps2 textures\opaque\bp_remade,true,true,5,remarci_4x,false,0,false
w02_sr_yuka.bmp,d4934a8a5060d7c39be209e47604ba603b659a34,5ca81f32b41b336452be9acd48f97cfee68bb5f9,true,ps2 textures\opaque\bp_remade,true,true,5,remarci_4x,false,0,false
w02_sr_yuka2.bmp,001a903310c7e683197213c9e02f20c02d962a01,82018045274b23672f1a1c48c311f95413268f46,true,ps2 textures\opaque\bp_remade,true,true,5,remarci_4x,false,0,false
w02_sr_yuka4.bmp,8a982f17d49157ff42d2b42058f24e3705362ca9,1eb25fa63f2babd2bef0ccdb449b059ba4b038de,true,ps2 textures\opaque\bp_remade,true,true,5,remarci_4x,false,0,false
w02_sr_yuka6.bmp,54142065085e0c365bbfd77b84c8d769bc6f8b01,509aea28fe6b92ce9dd5c4e46712cb274b8c9981,true,ps2 textures\opaque\bp_remade,true,true,5,remarci_4x,false,0,false
w02_sr_yuka7.bmp,f91fd7574a788c42ea4fa11af73b91f2f5becaac,3ed267e2465abf0f57cd206cec61d0df3835f8a3,true,ps2 textures\opaque\bp_remade,true,true,5,remarci_4x,false,0,false
w02_wall_door1.bmp,c69952993bcc5d3d754ee60487b7bad7174828a6,d63f62132755d7868ee5f26b34bc187ffc95ac69,true,ps2 textures\opaque\bp_remade,true,true,5,remarci_4x,false,0,false
w02_y_light_f1b.bmp,8702b5b0337bc868ce9f3b7542f24133f0a78549,bd90bb69490156724249e61bde3e8d98f45e8b71,true,ps2 textures\opaque\bp_remade,true,true,5,remarci_4x,false,0,false
w02_yuka3.bmp,686535017322ac81d805fc6e284c2d5f38460189,d179efb2e2dfcaa8f609ae4f91254979ec32f6a0,true,ps2 textures\opaque\bp_remade,true,true,5,remarci_4x,false,0,false
w02_yuka_f.bmp,e907178328b6e526be7a089bd917a4355f826339,5c38b9f717881abdbb333fb5401cd6d0c385ddf7,true,ps2 textures\opaque\bp_remade,true,true,5,remarci_4x,false,0,false
w02_yuka_f4.bmp,37088b5f242e533a6dd6162a590bada741c0d2c1,e8d335e7b5b69ef251c8606cd54b424298bd8b8e,true,ps2 textures\opaque\bp_remade,true,true,5,remarci_4x,false,0,false
w02_yuka_pipe.bmp,0870ec74a6138ee0e884b0bf5d34182b87dfc1f5,99ba010276e9d0a38809a986e3d8d05e0dfddd76,true,ps2 textures\opaque\bp_remade,true,true,5,remarci_4x,false,0,false
w02_yuka_rail.bmp,f50222d9533ab0b5dbbd3fa73484415d891da224,dbb5397b2745d341a17dde34a16aff5418ff5179,true,ps2 textures\opaque\bp_remade,true,true,5,remarci_4x,false,0,false
w02_yuka_s.bmp,a210bbd53c482f7b613ad78dfa5641589bc0bd9b,e312540f4cf1b562eaf50d95ccdaf0129f4b44d7,true,ps2 textures\opaque\bp_remade,true,true,5,remarci_4x,false,0,false
w02_yukaf_s.bmp,008732b0b0d97ee2c7e628cb8acb0f5bd217f5b2,aff9430b6b7ba205649652acb478b84f8c0bbe15,true,ps2 textures\opaque\bp_remade,true,true,5,remarci_4x,false,0,false
w02_yukaf_s2.bmp,59b2808713a164c60b1673cc707eb5fd248a60a9,a64d52cacf1dc509ba09d45abaca3553bea1bda0,true,ps2 textures\opaque\bp_remade,true,true,5,remarci_4x,false,0,false
w02a_door.bmp,31777bf0cd5e7807e7f0164f8c71f63130f0b965,4e6a1dc47bada12929be8fd35a7383bf94c0c1d5,true,ps2 textures\opaque\bp_remade,true,true,5,remarci_4x,false,0,false
w02a_suimitu_dr.bmp,5146e251a9b93f3f2543fde4a3cf2fd8186dc2b4,747ab13201e499b81be5a4c781c4b029638f5f12,true,ps2 textures\opaque\bp_remade,true,true,5,remarci_4x,false,0,false
w03_cat_pipe.bmp,fc7e2b8768cbdeafe6786f92e29889f03949993b,3ee60443942cd24d02c98801e9e5dd71c61bff74,true,ps2 textures\opaque\bp_remade,true,true,5,remarci_4x,false,0,false
w03_cat_sasae_ura.bmp,90b0c1bca11b8feffe8fad3f02c74e3a7776984b,b290b0056a618c43e50109cd24b3c3b540d19b43,true,ps2 textures\opaque\bp_remade,true,true,5,remarci_4x,false,0,false
w03a2_flb00a.bmp,e4efc14721d5ef5b1585a3debae8de9ff41d5089,c1778dd2b6b58bfac61532bda94a9618b7563f43,true,ps2 textures\opaque\bp_remade,true,true,5,remarci_4x,false,0,false
w03a2_flb00b.bmp,fb0bea41ca1179d9ed174e07a4071e9cca0fc8f9,bba2824cd1d733404d136affd180906872e8e207,true,ps2 textures\opaque\bp_remade,true,true,5,remarci_4x,false,0,false
w03a_fl00.bmp,fda8edbb2011229896a410059e68ca4268eeeeac,e09c45d8925d593320ed2209ce1e683e843f5478,true,ps2 textures\opaque\bp_remade,true,true,5,remarci_4x,false,0,false
w03a_fl01d.bmp,4a3659b245f1e47698a1170d2e9bdcf79f3412dd,cde702fca88842eb9b9cce1211374b2c23053105,true,ps2 textures\opaque\bp_remade,true,true,5,remarci_4x,false,0,false
w03a_pp02.bmp,f9dbd68f024e242ebd666601e96b3889aba36ee5,87c86763ff08d0245ec6e0f12120a078411f1cfd,true,ps2 textures\opaque\bp_remade,true,true,5,remarci_4x,false,0,false
w03a_pp05.bmp,c97cf5208b0c3b8130e1e387147cf22d8f14ebfa,33ffe48ce8d25644e7da3b39989d46a02df91230,true,ps2 textures\opaque\bp_remade,true,true,5,remarci_4x,false,0,false
w03a_w00.bmp,70abb2e5451d90e72b3290681a9113c7b06171f8,2b9da4f9e228cf7dc84ce597619c2bdd041103cb,true,ps2 textures\opaque\bp_remade,true,true,5,remarci_4x,false,0,false
w03a_w01c.bmp_66800e791c274078bbd7078d4207524e,9a201791d188c23418db8b53f8a4e16c5b9616d9,3654700d8bedc9023f1f5497f4a31e9cd682a1cb,true,ps2 textures\opaque\bp_remade,true,true,5,remarci_4x,false,0,false
w03a_w01d.bmp_9d316246ca7cc692494bbcf73b78f12f,72dd9501d0d624cd0a64a5ad058547cd9ad1835d,4d65306ec137a47a103f24ff4494d25596acd8d0,true,ps2 textures\opaque\bp_remade,true,true,5,remarci_4x,false,0,false
w03a_w04.bmp,dbf84511f379cc2dd3d8908563f7d6a43acecf8f,3610afbf9f2bf398d2d64ac97d7fd6981f3e3fb3,true,ps2 textures\opaque\bp_remade,true,true,5,remarci_4x,false,0,false
w03a_w04a.bmp,94072a88c3710e9a4b3829b4943ead900f291aac,371e4f21b6c37ea275bbc091eec245af872103ff,true,ps2 textures\opaque\bp_remade,true,true,5,remarci_4x,false,0,false
w03b_dr00.bmp,51e2fb6b2c42674cda09a02a485731a91714e76f,c9a81333a6fb1c080ae5230bd6c956eea2c08281,true,ps2 textures\opaque\bp_remade,true,true,5,remarci_4x,false,0,false
w03b_dr00a.bmp,88e63b61afbb467dad2a42666fbb8a0affabe448,c2de00c1929ed276514256c36b06f873149c41a7,true,ps2 textures\opaque\bp_remade,true,true,5,remarci_4x,false,0,false
w03b_fl01.bmp,2c9b55610f9832dd65fe3b462ba35c46a14e331a,f849efe3ecb07fc275ed747ccb92b7a362c24001,true,ps2 textures\opaque\bp_remade,true,true,5,remarci_4x,false,0,false
w03b_fl01a.bmp,d8d80a6ac94db34618ba11d3825f4d190e7ed83a,bb2dd1fb58a21ffa91b3454cee21aebc6934d80d,true,ps2 textures\opaque\bp_remade,true,true,5,remarci_4x,false,0,false
w03b_fl02.bmp,e9f03d74b1e051a03530ddae9b503a33fa5efb9c,2d3bb29a3ab6cc4adcb3b43c3aacefe1c53d778c,true,ps2 textures\opaque\bp_remade,true,true,5,remarci_4x,false,0,false
w03b_fl02.bmp_ecc5dba2548560f42c6a73e07c3b1ae7,ac826844e1feef30a63e44a74c39dd31b0f91f92,7c29597e3ffcfbe6a455cd6ff1d3f7d54918c78c,true,ps2 textures\opaque\bp_remade,true,true,5,remarci_4x,false,0,false
w03b_fl03.bmp,9ad8908b7eade4dd822402775484c0de9ac7daf8,a74cb12267959d2509f3927efb8ac3da1c5560bd,true,ps2 textures\opaque\bp_remade,true,true,5,remarci_4x,false,0,false
w03b_fl03.bmp_8e8030f332ab93b222ccbdff4920382f,3401b682f012e20e7d1871f5f8e188040b099a08,a58e4fd36ea929edab9bc17c7721e74cb0663212,true,ps2 textures\opaque\bp_remade,true,true,5,remarci_4x,false,0,false
w03b_fl03a.bmp,440417b5a2853a44d9f1962628058ca226d0c280,2290a956e35afd7cdd6897e27cc80a472321d1de,true,ps2 textures\opaque\bp_remade,true,true,5,remarci_4x,false,0,false
w03b_fl04.bmp,997af72d8661a07b58334570d39f65e64e1edc12,0a72ffaf486b43f5e07190478adabdce33df01c5,true,ps2 textures\opaque\bp_remade,true,true,5,remarci_4x,false,0,false
w03b_fl05.bmp,82e2babf12bb4e2a78bea45f232cd908ea8a3cd7,00a648d34cba4a806e8dd016dc4883a6f35c6781,true,ps2 textures\opaque\bp_remade,true,true,5,remarci_4x,false,0,false
w03b_fl06.bmp,fc2c811b271e9c8820aab896357426199ad35594,d724ec6ff924189b0bff47998745b4b996df286f,true,ps2 textures\opaque\bp_remade,true,true,5,remarci_4x,false,0,false
w03b_ha00.bmp,6a95a85ad581e661f9373d124f9ab8a032805bc7,aa61103dec5e51f4b36ed0391221b733cca97a24,true,ps2 textures\opaque\bp_remade,true,true,5,remarci_4x,false,0,false
w03b_rfb00.bmp,218deaaa9f71fdc789fdb2d0b895aca39bdc0c03,9b18771e08548757950b7316c688550cdff8170d,true,ps2 textures\opaque\bp_remade,true,true,5,remarci_4x,false,0,false
w03b_rfb01.bmp,3d2b5960beba798a9827f4ef399483c9a33aa030,f580bba685bb8907f32034196218f3aaef2e85eb,true,ps2 textures\opaque\bp_remade,true,true,5,remarci_4x,false,0,false
w03b_rfb04.bmp,9347e6158401e809b88e872c7b76f1afc5dc3c82,873c3d2913fd684fcde4a8227cb269ab6027760a,true,ps2 textures\opaque\bp_remade,true,true,5,remarci_4x,false,0,false
w03b_w02a.bmp,65ae50c0f2b3170c39797c381a88453011e2100f,2dccd2ae95375a541c03f3280bcea66f63a3c9e4,true,ps2 textures\opaque\bp_remade,true,true,5,remarci_4x,false,0,false
w03b_w02b.bmp,30859c0c738ea433502bbe8033e42ef36aeac92f,eaf2dab60ce8f443a35363b2d7044b6adcf6fa8a,true,ps2 textures\opaque\bp_remade,true,true,5,remarci_4x,false,0,false
w03b_w03a.bmp,99c0e1c69ce28f24709db408b8450d554908241a,8074f5315c7d4d078cb9c6381d172ac9a6ffbceb,true,ps2 textures\opaque\bp_remade,true,true,5,remarci_4x,false,0,false
w03b_w04a.bmp,9cb1f61b54dcb28a777f4aee633ce6dc4aed8757,76e4d4c9edb135b8cb7570440ec4e5be698ac3bd,true,ps2 textures\opaque\bp_remade,true,true,5,remarci_4x,false,0,false
w03c_flb00a.bmp,e4b7a03b95a57ce84569689c863d7e2b2ed6f5d7,7c02d0655a84bf0316c305a80a5e5651bc8683f2,true,ps2 textures\opaque\bp_remade,true,true,5,remarci_4x,false,0,false
w03c_flb00b.bmp,8de69d8999bf2ceb48639acdeab82cbfac9ff054,7845a8bdf096b5f706e4969c83f416536eec4df0,true,ps2 textures\opaque\bp_remade,true,true,5,remarci_4x,false,0,false
w03c_flb00c.bmp,81fa91f4bb29f1c8612708cd066b06457dd1872b,1d12893cad74a8edfbc7d4487d7c7e94b3bb3150,true,ps2 textures\opaque\bp_remade,true,true,5,remarci_4x,false,0,false
w03c_flb00d.bmp,320b2a1d92a6913a0a76935ff858c134f03ba157,b1acbd7f5c17a8d8361a4957b8e651e2dd903f5c,true,ps2 textures\opaque\bp_remade,true,true,5,remarci_4x,false,0,false
w03c_flb00e.bmp,194eaa8f12ba5de08ba334b03a91ceb642abf2e1,94900047dfcaf6f48a33e7ba41a053e5d15e0a7a,true,ps2 textures\opaque\bp_remade,true,true,5,remarci_4x,false,0,false
w03c_flb02.bmp,6efdcd258b9e310d95aa32493341c7cd4f81aa3c,67603939d3636e8ddfd7b8db47985c3948610a1e,true,ps2 textures\opaque\bp_remade,true,true,5,remarci_4x,false,0,false
w03c_flb03a.bmp,2511d1dc3bc60c4c638850cd0eae74aa7bf32e80,1eaab0c91c92d2537a852193a3b6b1419b8aafff,true,ps2 textures\opaque\bp_remade,true,true,5,remarci_4x,false,0,false
w03c_flb03b.bmp,21d3d1f32790b903217f4279a7053e88ba0bcf61,090776638f6149ce4a8a63cbe61b70359e6010bd,true,ps2 textures\opaque\bp_remade,true,true,5,remarci_4x,false,0,false
w03c_flb03c.bmp,ec7baf98c82655da357d9a1c17d5ca86f6f86f0a,78962d9176f4c4d8607fe810f52a90a1a138bc98,true,ps2 textures\opaque\bp_remade,true,true,5,remarci_4x,false,0,false
w03c_rfc01a.bmp,5d6329281b28c6163eab4b5220cea6c91f176a77,b5a0580c2ef7cdffa7301eea1911cfbb17cad50e,true,ps2 textures\opaque\bp_remade,true,true,5,remarci_4x,false,0,false
w03c_wc00.bmp,8fd948cb61f49349c3e802756439b5821036f551,3410b88bf22307db5bb82283d1faa73b313d1d64,true,ps2 textures\opaque\bp_remade,true,true,5,remarci_4x,false,0,false
w04_demo_scr_back.bmp,f27ef59dbbe0f651476a0e5374707e3df9d4621f,3fccc9c6112956d5465bcbef6f3b9db158aec611,true,ps2 textures\opaque\bp_remade,true,true,5,remarci_4x,false,0,false
w04_demo_scr_parts_01.bmp,419e5be2dc0e52494981737032538ccfa191021d,f21b4f9e4ee90b0900e731811cd130aa48e37441,true,ps2 textures\opaque\bp_remade,true,true,5,remarci_4x,false,0,false
w04_demo_scr_parts_02.bmp,e7cc2c6149922fdb6888236d174fab9d3b748d52,8d7e0009e6a0b6da15d25c38dca466d817a1c5cd,true,ps2 textures\opaque\bp_remade,true,true,5,remarci_4x,false,0,false
w04_demo_scr_parts_03.bmp,4490bf1e25460570b7d460bf81cbaec3c9756fc6,10770ee43d37bf73e6d0509b00e2d191b19d6f71,true,ps2 textures\opaque\bp_remade,true,true,5,remarci_4x,false,0,false
w04_demo_scr_parts_bottom.bmp,66be72f9a60bd6e40f10a0cc6150e00ce51fdfa8,67f64571f086165828f790878e6b09f311dd1f3b,true,ps2 textures\opaque\bp_remade,true,true,5,remarci_4x,false,0,false
w04_demo_scr_parts_left.bmp,cdbe8761b738062784e8193640b9222cb741498e,ffe7314567b98e746d7e738bf14b28bcac76a68d,true,ps2 textures\opaque\bp_remade,true,true,5,remarci_4x,false,0,false
w04_eisha2_back.bmp,6b716d53f1aa48c70f9259946b1040473dd96fde,51c169b9dab23807118cc94be782d5e93d6f196a,true,ps2 textures\opaque\bp_remade,true,true,5,remarci_4x,false,0,false
w04_eisha2_top.bmp,05fbf1fd7aad5f50172e783d635f7aef7aadae1e,dd6607b1f7d552bff94ae3019fb4d916699f5005,true,ps2 textures\opaque\bp_remade,true,true,5,remarci_4x,false,0,false
w04_yuka.bmp,98df7fdd49dc7f804b9ed54407fb19ce03ee3b2b,12767ef77e7881ef8414dd25af0f86ced6b56601,true,ps2 textures\opaque\bp_remade,true,true,5,remarci_4x,false,0,false
w04_yuka_02.bmp,d11a23d52a13d60fdf2566965768f8bdf464d210,18656677092707832f84b7552d99e9529055063e,true,ps2 textures\opaque\bp_remade,true,true,5,remarci_4x,false,0,false
w04a1_hashira_face_bottom.bmp,b702dc382dbd30abb23932023940b8110b012391,a42d0089d4a4b9d17fad877148ce121d49ed42d5,true,ps2 textures\opaque\bp_remade,true,true,5,remarci_4x,false,0,false
w04a1_hashira_side.bmp,c6462aaef85c904e20f65d99cb8d0c69aeb24b82,e9eb23cf62f190e03e0306cd5f1d86f80f3510f4,true,ps2 textures\opaque\bp_remade,true,true,5,remarci_4x,false,0,false
w04a1_hashira_side2.bmp,ea21fb4c145b9dcdcbd4bd8b0e41345f772b8e52,98ce2b45f35fb0c68ba15017ccc871a050a3d68f,true,ps2 textures\opaque\bp_remade,true,true,5,remarci_4x,false,0,false
w04a3_cam_base.bmp,13c46eb6a99e51c3c64a50866476dc3032a798d8,9bca5d9f9baebdbe0de07d2309b0bd51d8fe59f2,true,ps2 textures\opaque\bp_remade,true,true,5,remarci_4x,false,0,false
w04a3_cam_body.bmp,dd1be79b58310a37a8edc92b6766f0ead721ca53,a05406fd5b65ad88430fc101c6caeaec31e046e2,true,ps2 textures\opaque\bp_remade,true,true,5,remarci_4x,false,0,false
w04a3_cam_body3.bmp,abe006d5fff2106cb3d93dd29df777b5f0360748,b726dcf70ed4c3348a03eb3383a329dddab472f3,true,ps2 textures\opaque\bp_remade,true,true,5,remarci_4x,false,0,false
w04a3_contena.bmp,3e3aaec57f5977aa9499d5d9463877f83efebdf7,8c7980fa8434d4f9d559d9b0c55988e3651934c0,true,ps2 textures\opaque\bp_remade,true,true,5,remarci_4x,false,0,false
w04a3_contena_top.bmp,c4666a7cf203e9eeaf158126e43aefc147fb4d4e,e58c0847e49574c7d212f4212b0b96f9cde802bd,true,ps2 textures\opaque\bp_remade,true,true,5,remarci_4x,false,0,false
w04a3_lift_side1.bmp,d59c0bc214ef8e798197308d71ee892ac5dea5c4,5ae3ab40860bf096be084f62d9f706cffc7012a3,true,ps2 textures\opaque\bp_remade,true,true,5,remarci_4x,false,0,false
w04a3_lift_ura.bmp,4eb64998960e1cf139b2381837d388ecb2fef35e,c2d0d09e4dedbf4f24602baf50eb3286175af43c,true,ps2 textures\opaque\bp_remade,true,true,5,remarci_4x,false,0,false
w04a3_mecha_dai.bmp,4d0e0d32c6789a2d1a0e2fd84dadbb0600d6dab4,04eebf234ea5de7c98c06d6a6ebc43cdde9e92bd,true,ps2 textures\opaque\bp_remade,true,true,5,remarci_4x,false,0,false
w04a3_mecha_dai_ura.bmp,64db09905073eb04ec645d0ac0cbf3b819977a53,46627b450b9339e27efb190ec0250059369a423b,true,ps2 textures\opaque\bp_remade,true,true,5,remarci_4x,false,0,false
w04a3_mecha_hashi_face.bmp,6c6be3014b3892108f5bd4f3982524e7b25deaa3,3fb3a1269195c79b7be19410cddb784ad8b9c053,true,ps2 textures\opaque\bp_remade,true,true,5,remarci_4x,false,0,false
w04a3_tanmatu_tower_face.bmp,6631c085493b374a9fb68745ce6d7055db0a3065,38225ec0675388fcd5e69031ba9c606d6c640671,true,ps2 textures\opaque\bp_remade,true,true,5,remarci_4x,false,0,false
w04a3_tanmatu_tower_side.bmp,c95f99384c8a2d9a0dbb19addbe5ae0954878be1,06d17048217bff73f523815d9585eb3fd0bd3119,true,ps2 textures\opaque\bp_remade,true,true,5,remarci_4x,false,0,false
w04a_box.bmp,3ca7b2e5908fc60fdd741b1bbc5a76bd62f1537d,788b40ccd0e0cc67b7f8c7beeb5928af7209d944,true,ps2 textures\opaque\bp_remade,true,true,5,remarci_4x,false,0,false
w04a_box_face.bmp,f5382b407c7452dd45c3ae4aa9793773fe4e992f,9babb46fccff4844e6b44cd1b9f7bb48d44ef4ec,true,ps2 textures\opaque\bp_remade,true,true,5,remarci_4x,false,0,false
w04a_box_side.bmp,006991e7fa04575df29bff744296b48da40b1166,04a6ae3d2673bae42bf303da984cac26ea8da207,true,ps2 textures\opaque\bp_remade,true,true,5,remarci_4x,false,0,false
w04a_door.bmp,11aad6cccaf70689ff2f7917ab5e8ae050aa7f51,8f6465a6ce25dd699fe0df9cb9dde5522dc71736,true,ps2 textures\opaque\bp_remade,true,true,5,remarci_4x,false,0,false
w04a_floor1.bmp,df9bb0c44b7026aa8698697fcad1d48617276e2e,3bf93773cd2c35a7a8a3efcaf7fc45549d4d7680,true,ps2 textures\opaque\bp_remade,true,true,5,remarci_4x,false,0,false
w04a_floor2.bmp,8d86deb3da3928903c1ed247e9b47608aab58a1b,5f5227b62ed9f2ce77f103d78a313be3fdf89011,true,ps2 textures\opaque\bp_remade,true,true,5,remarci_4x,false,0,false
w04a_floor2_center.bmp,6c8b6e2150f3be7854739c4f27ecc323d71e3f2f,64a2ab7b32e0c68f56724de6536e7c7dffe2aa2f,true,ps2 textures\opaque\bp_remade,true,true,5,remarci_4x,false,0,false
w04a_floor4.bmp,39093087a77d5310b5ac180f970c36d3c418f457,e5e0696a5f9aba810f0a9ecf2f3f46d4cadf0e6b,true,ps2 textures\opaque\bp_remade,true,true,5,remarci_4x,false,0,false
w04a_floor5.bmp,814815ffa5354890602f2865739dcc9ec9d44470,5158d41ff050e7dd11584c088fbb6af9f9e4a3b5,true,ps2 textures\opaque\bp_remade,true,true,5,remarci_4x,false,0,false
w04a_floor_hatch.bmp,57792f631cf9a668725399ceda097e5ed5804a13,f5a3b3af1c54678a6df09c6a550661643f328da2,true,ps2 textures\opaque\bp_remade,true,true,5,remarci_4x,false,0,false
w04a_floor_tuuro.bmp,f261afd55917da1adee0a434b8f1b157e81b6b08,e2135a610503f8bc96a29a0478e268999aa6c101,true,ps2 textures\opaque\bp_remade,true,true,5,remarci_4x,false,0,false
w04a_hatch.bmp,4725ebd2f2ea38dfc6d8a6a958e84e3d5dadfd0c,39bf0a4a8150488344cdbda142070a2b284fac20,true,ps2 textures\opaque\bp_remade,true,true,5,remarci_4x,false,0,false
w04a_mecha_04.bmp,a738118206d68d583555c48430d1b0e05d321920,e64c3ba3ce3a2854c7f7e86c9d392585bd8eae50,true,ps2 textures\opaque\bp_remade,true,true,5,remarci_4x,false,0,false
w04a_mecha_top2.bmp,57fddc80860b25e878098e3c20bf931f3352765d,70de7623e91012e8bf93c5a8ae36c5d2b4732703,true,ps2 textures\opaque\bp_remade,true,true,5,remarci_4x,false,0,false
w04a_spk2_face.bmp,391622339da7246b4504671bd274664796d87650,0b6af12f00c0e8b5e089da08ce1c99474616eac5,true,ps2 textures\opaque\bp_remade,true,true,5,remarci_4x,false,0,false
w04a_wall1.bmp,16961e3a868a2fe610a2a4f56eec6727dc56fd54,362c1398df7b8b0c156d28684c236f183513dcff,true,ps2 textures\opaque\bp_remade,true,true,5,remarci_4x,false,0,false
w04a_wall2.bmp,e5b0e28cf24b29dcfd01c239b5a85f68edd8c900,b8a6ea1d4d297b02724cdd1f7ab1a80e8202bdae,true,ps2 textures\opaque\bp_remade,true,true,5,remarci_4x,false,0,false
w04a_wall_tuuro.bmp,ed1735e068e5a612dc1daf01ff7f8d9cd4f2b33c,91f140b53552f2b6ea3c5bd0508982dbb71ee6bb,true,ps2 textures\opaque\bp_remade,true,true,5,remarci_4x,false,0,false
w10b_fence_03_alp_ovl.bmp,f397b6b91d395e23c8da5be57ebd98b5ead8a189,f50188b0d88849252c7c1b9a45e0edce20914a9b,true,ps2 textures\HAS ALPHA\bp_remade,false,true,5,remarci_4x,false,0,false
w10c_ashi00.bmp,8119e1332d8213e07ac7e8872ea99efa6044f833,f31996197b10157442d9201c8bc2c9c070aa054c,true,ps2 textures\opaque\bp_remade,true,true,5,remarci_4x,false,0,false
w10c_ent01.bmp,c8fa4eece8896ae0e015809e4c05b43ad8769e2d,28b8889ccbccd5fb339f0278636cd9c897600033,true,ps2 textures\opaque\bp_remade,true,true,5,remarci_4x,false,0,false
w10c_entfl00.bmp,2d5ae23b15f3c1d5c44d345c1f2bfa81b847ff5f,9187431a3d948d25b720604df471b5705f69ef57,true,ps2 textures\opaque\bp_remade,true,true,5,remarci_4x,false,0,false
w10c_entfl01.bmp,c694d776b019de59cf02ea96e3eb4cf18db09b73,dc904fadadfa302299f662e1d2f815fd31f1b7b8,true,ps2 textures\opaque\bp_remade,true,true,5,remarci_4x,false,0,false
w10c_entw00.bmp_ebada4c5fb0cf21b95c03d700bd34525,a2b367a736e1fbfa60192df34a32dd90f0c0869f,bd2faf0ad253472b822c49db8a439d05d1baf322,true,ps2 textures\opaque\bp_remade,true,true,5,remarci_4x,false,0,false
w10c_entw01.bmp,b47834af9819c3178d72ff0ca70ff40508b0bf60,fd2b65534f955cbc435dcb87dcc16fa4c40f3031,true,ps2 textures\opaque\bp_remade,true,true,5,remarci_4x,false,0,false
w10c_fl00a.bmp_f090db2c7d27de5ceaf7849bea3f7689,1aaebe4dc567d3b5b365afc188e7d818f558cfa9,6b9f52cb91991e288652f9fdfabc1391acd9146f,true,ps2 textures\opaque\bp_remade,true,true,5,remarci_4x,false,0,false
w10c_fl00b.bmp_4783af139eb8448160dc9fa885bd7451,c9a1f96a879d8cdeea0c4b0a3f2e4da8bd16ccb8,2ce5eeb09db8840b7145e439a7c4bb63e86fd923,true,ps2 textures\opaque\bp_remade,true,true,5,remarci_4x,false,0,false
w10c_fl00c.bmp_79d5f05b0c8f02fa5ea3d8344309a532,b2ab007cf74e7745861220189bb7032c6a648498,1ca2918d08fe036b37d64f7bcdc89f2cacac4714,true,ps2 textures\opaque\bp_remade,true,true,5,remarci_4x,false,0,false
w10c_fl00d.bmp,deb93d54d8ddd17620e5e323153ce609566ba790,d34e022236ff8e0dd1e3c52b5ebcd5a764dcd87c,true,ps2 textures\opaque\bp_remade,true,true,5,remarci_4x,false,0,false
w10c_fl01.bmp_89b1600a0752b90e97de0d507585a5be,21e10059c051ea4b64440d7bf2f9a4870b9aa394,1242f92cc14e5c2f0f9b8a54ed54c7f0767aedc4,true,ps2 textures\opaque\bp_remade,true,true,5,remarci_4x,false,0,false
w10c_fl01_brk.bmp,d4d28e802010267b642160f05788fd73c68d608a,060e9c7d643a15b4a4297300c16cfb40b9255d65,true,ps2 textures\opaque\bp_remade,true,true,5,remarci_4x,false,0,false
w10c_fl02.bmp,0e0238c54fe6359fb87f9e38d8be77a97c4f1144,f3641802d7d00b261a67eed6102df4fbcd8376ef,true,ps2 textures\opaque\bp_remade,true,true,5,remarci_4x,false,0,false
w10c_fl03.bmp,2c323ca36e58ea6be45319a19f28a66b54fc6471,9afe0bae59c429e456ec101b7cc43515ea973abd,true,ps2 textures\opaque\bp_remade,true,true,5,remarci_4x,false,0,false
w10c_fl03a.bmp,f4c82723feb983259d42e3d7f34db8b709ea27a0,28ae5caf6854cdd5e351a5a97b0dd8fcaf8740d6,true,ps2 textures\opaque\bp_remade,true,true,5,remarci_4x,false,0,false
w10c_flu00a.bmp,fd2c4e50806c68af7e28e979737dfebd869c6a14,e34dfe8df4333c87cbf407a45faa9ef813e632d3,true,ps2 textures\opaque\bp_remade,true,true,5,remarci_4x,false,0,false
w10c_pp01.bmp,4b021acd792fae4092a9403c4d314b7c684ba28e,dc251cca90afa25acbd4a4fbf78cc9061e8c8592,true,ps2 textures\opaque\bp_remade,true,true,5,remarci_4x,false,0,false
w10c_pp01.bmp_ffdb967870ba68b15bb0414af2582240,94d3a6816a05494f7a8e6e964e6f96f10052bc20,229e408d185ca3f2d6fb565e28bac08b33d4ba9a,true,ps2 textures\opaque\bp_remade,true,true,5,remarci_4x,false,0,false
w10c_pp01a.bmp,32064ba6b74c0b2dcbcb839164200bf3a3f06403,37424efaa57d664736c7dbc5061b91af4939fe91,true,ps2 textures\opaque\bp_remade,true,true,5,remarci_4x,false,0,false
w10c_pp04.bmp_6c02c0734669b3b2af844bfb2a6f8caf,e23835ebd89dad5e397643101356cb5eacc95c4e,f8c17e7855b86374039b924ef6516b7f4408d3cf,true,ps2 textures\opaque\bp_remade,true,true,5,remarci_4x,false,0,false
w10c_sk00.bmp_080bd3d56c6e4437c207d0839cc27828,8563dc836681577594ff0164609fcfe02fc808c0,85c281829cc1cb0301669e1de5fd94e5188d2d5b,true,ps2 textures\opaque\bp_remade,true,true,5,remarci_4x,false,0,false
w10c_sk00a.bmp_c23abf4bb26aa9b385f505c9436c87e3,189bc6f3c29c7a2bd89cd04ee99da962eb335d63,d9bd01aba63f26757e9a804428ba1ca44bd33110,true,ps2 textures\opaque\bp_remade,true,true,5,remarci_4x,false,0,false
w10c_sk00b.bmp_d9e12dccb9bcc4cf71139977cbfbc3e7,74eec8f8d0751a08ab223dedbf9e750705071e8f,655f3d765f9a6d329d0b335d05503a436883f8ce,true,ps2 textures\opaque\bp_remade,true,true,5,remarci_4x,false,0,false
w10c_sk00c.bmp_4081fb1cac8896c709c768596117ba88,7e81d5aa070751de2d6e465ccc23582af43de0f3,0a0545ae4ca89cbc019cd75b2a3aead5d0dc66ff,true,ps2 textures\opaque\bp_remade,true,true,5,remarci_4x,false,0,false
w10c_sk00d.bmp_a9ee348f02fbca3d69c1ad8a9a23932a,b3aa35cc29de256ea1b8de4f2e8c56459b47d906,13f306b1b643ab535df195ab689f193dadaf2e87,true,ps2 textures\opaque\bp_remade,true,true,5,remarci_4x,false,0,false
w10c_sk00e.bmp_0e3bb1fb297f402705e2cad23f68ddf6,9e58b4e019cd1c6e5de7c30b04488410359fdb80,0d4ed204bcedb7d025b47789bdc764160629b202,true,ps2 textures\opaque\bp_remade,true,true,5,remarci_4x,false,0,false
w10c_sk01.bmp,3498cc0aa4cfc4967ce37fef3f99c4bbcd2df011,59e9ed772354b52fabf5adff0c81657e9361a79f,true,ps2 textures\opaque\bp_remade,true,true,5,remarci_4x,false,0,false
w10c_sk01.bmp_b38fa6aa2149606ac364f449b0956d51,a6bae5f4b5fb41c558de99bce4cd4baf76b38417,46ee9d9fcfa163bce3bedb6063f345327c854b33,true,ps2 textures\opaque\bp_remade,true,true,5,remarci_4x,false,0,false
w10c_sk01a.bmp_bac7874a3dfb93ad53d87c13aee33f56,4920fe63bf46a8f02b26cc960177ecba7ab93c8c,8ca44f2c2c67b0e03513458416ee7760d44eca88,true,ps2 textures\opaque\bp_remade,true,true,5,remarci_4x,false,0,false
w10c_sk01b.bmp_5dc6834c6bebd925dad973550e4c6fdf,abd150c7d1229625cf7e31aaa7db45a800d1966c,d608dccc3106aa0a47070b5bf44969f987552e89,true,ps2 textures\opaque\bp_remade,true,true,5,remarci_4x,false,0,false
w10c_sk01c.bmp_a7e8bcc841939628dc2dda275f4d60e0,efff4e4170287045118bf85c26e4467d731313b1,7ad4786b15e3d0fdb56fde119c2f8e28720e72e3,true,ps2 textures\opaque\bp_remade,true,true,5,remarci_4x,false,0,false
w10c_sk02b.bmp,755fe831c21bec184d422decb096ca9f2a13dc27,3036e3a6b3cde99df63e5c06f9f1ec9e4bf8f24c,true,ps2 textures\opaque\bp_remade,true,true,5,remarci_4x,false,0,false
w10c_sku00.bmp,244f4e0fd6cfbbe1a1a61af76678f632fff1b5d5,b55661cd29a2e1f395e4851ba4070be5b2359168,true,ps2 textures\opaque\bp_remade,true,true,5,remarci_4x,false,0,false
w10c_sku00a.bmp,cf91a6aaae3a22f56627c3fb33edc26e129e0ec1,c7402c057ef7adcf1dd4355c88910f0b9aca4a17,true,ps2 textures\opaque\bp_remade,true,true,5,remarci_4x,false,0,false
w10c_sku00c.bmp,f574f7fa10171845a7a86b3b53871ead13dca0f8,99049533265bffb8ac6e4630c3ce9d786b6b0f24,true,ps2 textures\opaque\bp_remade,true,true,5,remarci_4x,false,0,false
w10c_sku00d.bmp,76bab566bc710f4bb6bdc31a63bcb9a0ec6937a8,500d2218b47eefdd020663fa31fffac0b3844227,true,ps2 textures\opaque\bp_remade,true,true,5,remarci_4x,false,0,false
w10c_sku01a.bmp,783c95a9e71ed61fafad5881625d85510060248d,4a7d338bd87ddccccf3417008d25e72d08f7f1d6,true,ps2 textures\opaque\bp_remade,true,true,5,remarci_4x,false,0,false
w10c_trapfl01.bmp,a153ea071407868c479958ccf322918124eeb353,dfa1226404b5bf89e0ec835a57f63770a55b7ae7,true,ps2 textures\opaque\bp_remade,true,true,5,remarci_4x,false,0,false
w10c_w00.bmp,a74f97565b01d7ca0bd5b3bbfd9da18483351320,0eebc78e0b1095a92ec2995e68c4645161cd9704,true,ps2 textures\opaque\bp_remade,true,true,5,remarci_4x,false,0,false
w10c_w00a.bmp,d3a2daca747ca5d76563e277f3178361a5caf559,976b4ec98c21cc90d308fe4c99613196f8c84295,true,ps2 textures\opaque\bp_remade,true,true,5,remarci_4x,false,0,false
w10c_w00b.bmp,541fa0918eafbdbf842826072ca78ef7da89c011,07381d5d0a79b9104160f2aef3d2f4d4be9cae6b,true,ps2 textures\opaque\bp_remade,true,true,5,remarci_4x,false,0,false
w10c_w00c.bmp_1a2ec7dfc72a4bdfc203becd5d5bccf6,1bec6c4621b76303ac0525507f1b6cda3351ce3f,1db18a7a5ab18c5902901eaa6872fd4e0b8b312c,true,ps2 textures\opaque\bp_remade,true,true,5,remarci_4x,false,0,false
w10c_w00e.bmp,65f889c970b5c9a7a59f9a86febfae1f83f448fd,719c36d59c8584e00a74f03a327978d3ba01f8c6,true,ps2 textures\opaque\bp_remade,true,true,5,remarci_4x,false,0,false
w10c_w00f2.bmp,8f48e82ebe5ebab62f2779d6da10099e3d8c4c8d,b217102ef3626b681a0d3a2a55cb7bce00339de2,true,ps2 textures\opaque\bp_remade,true,true,5,remarci_4x,false,0,false
w10c_w02.bmp,3e8de21b0cd05280ea22df42de8962b8c6754ab4,9690f18e9c01bda34d15ee211ecc7e095d7eb48a,true,ps2 textures\opaque\bp_remade,true,true,5,remarci_4x,false,0,false
w10c_w06b2.bmp,58436e24ac61cbf44ed63fce05790c3d6369d8b6,414d9e89abe8e46360a12d27ffc335cb566b2b2e,true,ps2 textures\opaque\bp_remade,true,true,5,remarci_4x,false,0,false
w11_drum_f1.bmp,1a8e1f91daaf3d1cfe7b9fa6268aaca087aa21ad,60f6d29fca17b1cdf5cbc36f93e5ecda581c2ea7,true,ps2 textures\opaque\bp_remade,true,true,5,remarci_4x,false,0,false
w11_drum_t1.bmp,ba61df226c6d8896bde7b8f70d069cd7066cf382,1ffb4ebd0c1ec2171b8596d6859d3eb18c91966d,true,ps2 textures\opaque\bp_remade,true,true,5,remarci_4x,false,0,false
w11_explode_drum_f1.bmp,9c2cce04db89fd9d1c86ad89e363d4154aed571c,33a5e93607cf41ff5d4c1045a31ab63f5a2d9005,true,ps2 textures\opaque\bp_remade,true,true,5,remarci_4x,false,0,false
w11_explode_drum_t1.bmp,8a789ae93a5c4c0367441bf611ca3bc2aec9911d,b4c08435ee0f264f4fd7ba1369b7b589c1936e0b,true,ps2 textures\opaque\bp_remade,true,true,5,remarci_4x,false,0,false
w11_sdr_f1.bmp,5860224562312164d9ba2490f21aa2bbeafdca3d,5c38bafeb175927edb53d11a7e4a88ef7e503ffb,true,ps2 textures\opaque\bp_remade,true,true,5,remarci_4x,false,0,false
w11_woodbox_all.bmp,53ae47d7b44458aa9896ddfd39641a44bd5be3ef,d29cd0a6342f37194f9c0c1a583f7c78fb3a09f2,true,ps2 textures\opaque\bp_remade,true,true,5,remarci_4x,false,0,false
w11a0_amiflr1.bmp,10f892e3d57493ab723405cb480192eb5448b059,9d2063385af394ed74eed5772968af1df28beefc,true,ps2 textures\opaque\bp_remade,true,true,5,remarci_4x,false,0,false
w11a0_amiflr1_nuke_alp.bmp,5ab8aa0a73812ad4c74b082f43ededcc1f160b65,8004cc655bc79fad8112e46d5fc9226e1f2d62c4,true,ps2 textures\HAS ALPHA\bp_remade,false,true,5,remarci_4x,false,0,false
w11a0_amiflr2.bmp,9d2f1ee8d3555c7ca97b17dcd6fb600b93164cf6,2997a08f14c4cef2d9e708d8317446ef497c2132,true,ps2 textures\opaque\bp_remade,true,true,5,remarci_4x,false,0,false
w11a0_bonbe1.bmp,fe28c943c64ef721e3dc4004b88d8a00ba079a69,1db71bb1b1303bf22c7c556a1a00ad54c3739453,true,ps2 textures\opaque\bp_remade,true,true,5,remarci_4x,false,0,false
w11a0_crndesk_f1.bmp,a94a2998723b233e54c8ad016723e98670d743cc,6f1c8485a367332bdd21e243c999ffd296e6cc89,true,ps2 textures\opaque\bp_remade,true,true,5,remarci_4x,false,0,false
w11a0_deckwall1.bmp,ebe076cb863bf68cf0bd08d457541e431c480f47,c9d3f8990907777b46aaa4c356bb80438b1a86ca,true,ps2 textures\opaque\bp_remade,true,true,5,remarci_4x,false,0,false
w11a0_drwall_panel_r.bmp,f06e8e63b425d79e97f8bb6af061a30da6b868de,5beeccf3982a6ad694ccf52cfa1c69fb3cfb29fd,true,ps2 textures\opaque\bp_remade,true,true,5,remarci_4x,false,0,false
w11a0_duct1.bmp,51294d65ea6dc36da1ce1cdd8a3315d8da85da16,4cfb8d824ec9d8b575502517c59f6fea8bf6260e,true,ps2 textures\opaque\bp_remade,true,true,5,remarci_4x,false,0,false
w11a0_duct1_enter.bmp,2a19637d641c492b95946438f4b869af207a1545,a1048f3a728bebad98aaae37a14304a882ab704e,true,ps2 textures\opaque\bp_remade,true,true,5,remarci_4x,false,0,false
w11a0_duct_fence_alp.bmp,4a79500fd7b01185b6acc9d398617028a6b83e2e,0a61ea27862b36e0caaf6096c79880404c8c187b,true,ps2 textures\HAS ALPHA\bp_remade,false,true,5,remarci_4x,false,0,false
w11a0_fence1_alp.bmp,b15be357f0664caf0209b20d1225ccc090525960,67e8cb2519d0f9242da8e99e3ac3b727c9ea56c0,true,ps2 textures\HAS ALPHA\bp_remade,false,true,5,remarci_4x,false,0,false
w11a0_floor1.bmp,036c3f05c1069faeee53b426d3b261859dbec875,669250fd73333fbae490f7cb2f2c8030a7d32ee9,true,ps2 textures\opaque\bp_remade,true,true,5,remarci_4x,false,0,false
w11a0_floor1_side.bmp,22762e174a79a981563c4a1da7f47d941ff8e680,c4f827e6b237f4b540f098dc4c64733742bc0523,true,ps2 textures\opaque\bp_remade,true,true,5,remarci_4x,false,0,false
w11a0_gas_cap00.bmp,7246bb21f1d2d11feb7a6018fffd6e59c216d338,779e6aa026aded1141090023b5d74a90d95ffa21,true,ps2 textures\opaque\bp_remade,true,true,5,remarci_4x,false,0,false
w11a0_jmst_dai1.bmp,e80cf1098ef1f575300714d7d188307d3566e655,b4791e5c29e71b1ac07e06904929995450bd54e8,true,ps2 textures\opaque\bp_remade,true,true,5,remarci_4x,false,0,false
w11a0_pillar1.bmp,37a1a2436948769051453dc8ee6a14f88980601d,d2ea1dededb8ca286c6adb0b0b734c1d28ca144a,true,ps2 textures\opaque\bp_remade,true,true,5,remarci_4x,false,0,false
w11a0_pool_entflor1.bmp,2ec804cd202d42f450102ee0139fd32f83b2d47f,87f2eb63547012d58971f92447dfae4294e47135,true,ps2 textures\opaque\bp_remade,true,true,5,remarci_4x,false,0,false
w11a0_poolwall1.bmp,92fbfe762abd0bd4353543651ab87ac9f15ef596,1f36dabffefe9d71fde8428002a71bb77968a74b,true,ps2 textures\opaque\bp_remade,true,true,5,remarci_4x,false,0,false
w11a0_poolwall2.bmp,6096d192f9bf2d23ef5ca0e343c9eb445b185baa,50ca61661239499700242c5b47b7ad14259f05e4,true,ps2 textures\opaque\bp_remade,true,true,5,remarci_4x,false,0,false
w11a0_poor_tsr1.bmp,c99eadf0b83ec36a46bc31577d803bcb19359f0f,1320e55b23d7a0d88d3ae1392f9a38dc7dfe3d6e,true,ps2 textures\opaque\bp_remade,true,true,5,remarci_4x,false,0,false
w11a0_poor_tsr2.bmp,125913f713aeeaf8be9df2bfa495a0565cccf128,5dd958f7f54b3caf31eae0a56e9774ee5417dc30,true,ps2 textures\opaque\bp_remade,true,true,5,remarci_4x,false,0,false
w11a0_southwall1.bmp,4e82e7a8115ebc8ecbb8ff57055708cea2fd2444,061c873f25395d07aa068151934c7e29b7a3be7d,true,ps2 textures\opaque\bp_remade,true,true,5,remarci_4x,false,0,false
w11a0_southwall2.bmp,840da630488c9be85176153a927f4ec60fd600cb,bb4058fe0e513270c055c3620942d1db12338efe,true,ps2 textures\opaque\bp_remade,true,true,5,remarci_4x,false,0,false
w11a0_southwall_hari1.bmp,6b964e8f9c542e416a235ab7aa8f0e324d56004e,78bc995ed0bc36e0537491dadc92e872896f9980,true,ps2 textures\opaque\bp_remade,true,true,5,remarci_4x,false,0,false
w11a0_step1.bmp,12694569158d449619721e06fcc4e0c439965723,0331bea217ff370b2b9820caa9681e66859b3281,true,ps2 textures\opaque\bp_remade,true,true,5,remarci_4x,false,0,false
w11a0_tank1_asi1.bmp,38375919f5f5716925caa3978907897b8c1b258a,db0c20538a3bf078e8b076737e9fe80b021d6134,true,ps2 textures\opaque\bp_remade,true,true,5,remarci_4x,false,0,false
w11a0_tank1_asi2.bmp,3eaf27c1960700f15f394d4e3f0089882a2cda53,340d3222f033f99552c13c73b8f3b529a8b34a56,true,ps2 textures\opaque\bp_remade,true,true,5,remarci_4x,false,0,false
w11a0_tank1_ender.bmp,528e767f567e24c4f8ddf2a1040d9863f0094984,3d5a2cb92c6bc91cdfc5cd2f6c8747014e68b4ff,true,ps2 textures\opaque\bp_remade,true,true,5,remarci_4x,false,0,false
w11a0_tank1_s.bmp,29c0ee5dca3e9c728e1e6ca6e1e708a9f5d15521,87eec81e9140f535dfceae4db5a233d5d8a8aa88,true,ps2 textures\opaque\bp_remade,true,true,5,remarci_4x,false,0,false
w11a0_temptex1_pipe.bmp,07fb9879bb181765dd70555cd91e61bcaa2ec2ce,fc9249bf99a364df9cbcc4106a6e3ceb096531e0,true,ps2 textures\opaque\bp_remade,true,true,5,remarci_4x,false,0,false
w11a0_tsr1.bmp,00f0101bd6bfa83c7f7096ae301b304a6d0e5e85,38fcaf15bc70beb864ba795610842eda43a5d023,true,ps2 textures\opaque\bp_remade,true,true,5,remarci_4x,false,0,false
w11a0_tsr2.bmp,08ef5d4d0fcaedeeb45e6439a8d7604253b274e2,ab1142f36c907b2598b4d325b37c5fe76a40e456,true,ps2 textures\opaque\bp_remade,true,true,5,remarci_4x,false,0,false
w11a0_wall1.bmp,d678df469576ee736894643f0988bf95c12c9b66,cc2bcda9164c64e59f9f26943b1140633721132e,true,ps2 textures\opaque\bp_remade,true,true,5,remarci_4x,false,0,false
w11a0_wall2.bmp,5f40f1c77907cb4005f6eb77de7d8a6fb8193ffa,12a40bd3b0710824711cdc8ec1dd1fbcc7e84c7b,true,ps2 textures\opaque\bp_remade,true,true,5,remarci_4x,false,0,false
w11a1_flr2.bmp,aecf95da6f772bea8742c33824039a053a2599bf,6666c33d8c430feb0fbba8455c2f250d319dbbc0,true,ps2 textures\opaque\bp_remade,true,true,5,remarci_4x,false,0,false
w11a1_pillar1.bmp,c952110df21228c64f3110b1eb4667ff8e9b8c02,1c14faca0801210303eaf05e42e3dd6c1411f9df,true,ps2 textures\opaque\bp_remade,true,true,5,remarci_4x,false,0,false
w11a1_pillar1_s.bmp,7adabd6e345c30c8162f188d78aa4997b8a3a023,69aafb8cef24106e3e4e169c6b599bd1e05572fc,true,ps2 textures\opaque\bp_remade,true,true,5,remarci_4x,false,0,false
w11a1_pillar2.bmp,38d8ff86834a712d8a91ede526d0b7e51b0bb425,0811b2f3156a1be3ffce4039b01c5bfc8347e6c7,true,ps2 textures\opaque\bp_remade,true,true,5,remarci_4x,false,0,false
w11a1_pillar2_s.bmp,c657892e3db0fa58657a67ce811cb4c720045171,9b95f2557ce66ba83a03a6939fc05eb9a82dc23e,true,ps2 textures\opaque\bp_remade,true,true,5,remarci_4x,false,0,false
w11a1_pipe_endbox.bmp,1a4e4e942fb59791fccef4e6a51260b12c42d984,f223f3890e151680e851b4f1cd05927e16ed67e1,true,ps2 textures\opaque\bp_remade,true,true,5,remarci_4x,false,0,false
w11a1_wall1.bmp,2486134df2ba1195b4b736ba06d189a28a73d941,2097764de8a307474da10f01528bc29d3259afb0,true,ps2 textures\opaque\bp_remade,true,true,5,remarci_4x,false,0,false
w11a1_wall2.bmp,c25f4430004b06542cf84d9e4b6289bafd6c7655,d3848d39a52eeff50afe09b10c605059a129a66d,true,ps2 textures\opaque\bp_remade,true,true,5,remarci_4x,false,0,false
w11a1_wall3.bmp,295fac6cc3c6dd226c0dca631c268ac31a4c23b8,877cab31774121f53151f8b46a2f1ced1e11567f,true,ps2 textures\opaque\bp_remade,true,true,5,remarci_4x,false,0,false
w11a2_cable1_st.bmp,d6e269a2ca816b8b5322c1b8b67c95466a2d1956,e19215f4090d9df6b5aea5f24c80e6febc878729,true,ps2 textures\opaque\bp_remade,true,true,5,remarci_4x,false,0,false
w11a2_ceil1.bmp,c33d6c5f66dd37c11490e44652e471c24132c399,3e45454cac1c3455dbda9a94f89e7a14d9086204,true,ps2 textures\opaque\bp_remade,true,true,5,remarci_4x,false,0,false
w11a2_ceillit_hanger1.bmp,f2667357f5e12e2b2048b30dea939820a0308cf4,abf114c25a5d67dae14490c2d12baf3d1d6f0103,true,ps2 textures\opaque\bp_remade,true,true,5,remarci_4x,false,0,false
w11a2_closed_shatter.bmp,521067858249bab4a1f3d0963f73a8b840323ff0,c92bc9b067de3a770a726a76cefbc444f5c05d9e,true,ps2 textures\opaque\bp_remade,true,true,5,remarci_4x,false,0,false
w11a2_drwall1_head.bmp,f82bf6daef2cb18bdafacb87e69534a0c40329cb,aa2c1667b8607910388d47c10ad247686ced6aab,true,ps2 textures\opaque\bp_remade,true,true,5,remarci_4x,false,0,false
w11a2_elvgate_pillar.bmp,b5d8465812b11675461067a42093316ed00318c8,71bbaad35da810a579750928d1e239f457f3bfda,true,ps2 textures\opaque\bp_remade,true,true,5,remarci_4x,false,0,false
w11a2_flr1.bmp,90ef4c4bd1674582ef54b7b9779c48a7990d688f,4efa30918c86f819d09a0a6e41053cd580586772,true,ps2 textures\opaque\bp_remade,true,true,5,remarci_4x,false,0,false
w11a2_gate_flr1.bmp,37da21874c9ed2dda10846424bf155e793c59678,a50438f863816e3cb165310bf6646c9d9c6b89bc,true,ps2 textures\opaque\bp_remade,true,true,5,remarci_4x,false,0,false
w11a2_pillar1.bmp,7bad56a25f0057cd134d768ab79d098256de343b,eeb382e014c98c15da306bdb80fdc6ca02bcbcb0,true,ps2 textures\opaque\bp_remade,true,true,5,remarci_4x,false,0,false
w11a2_pillar2.bmp,1f772bb99bb76134c1a16bfc018edf39a8484dd1,a288b7098401be3fa350a13e35e683d099f8e692,true,ps2 textures\opaque\bp_remade,true,true,5,remarci_4x,false,0,false
w11a2_pipe3.bmp,f3a77001b22b7a460111249c1917035f579598e7,cb1c95bbfef2cfd37cff88e8991c00b64350a249,true,ps2 textures\opaque\bp_remade,true,true,5,remarci_4x,false,0,false
w11a2_sunoko.bmp,2ab8e9959f8ffeb1647ef2e1ce9bcc8009e1e9b3,78872c754087fa8bbd45b4418f5be05add3cb226,true,ps2 textures\opaque\bp_remade,true,true,5,remarci_4x,false,0,false
w11a2_wall1.bmp,e04561d8f391b583cd16124e44274f6acd5f8362,9f2bc1d03fcfba42efa7ba524d7d876188bd08df,true,ps2 textures\opaque\bp_remade,true,true,5,remarci_4x,false,0,false
w11a_gas2_02_t.bmp,dfe25496aa13901b03a42ea6df9077cb10e35315,6acde2efb80e788083c19b5012ddbfe3ac1b736f,true,ps2 textures\opaque\bp_remade,true,true,5,remarci_4x,false,0,false
w11a_gas2_03_t.bmp,8a6a621b2b4a156890f3b23696f40c1df753dd94,3fce459eabd171674690e6d42ba60632c95b1f29,true,ps2 textures\opaque\bp_remade,true,true,5,remarci_4x,false,0,false
w11a_gas2_04_t.bmp,2d3b1a81f47548e68e0c808d21af5f277b8029fd,c07b2eadd01527b846d05e188b858da5b4d02fe2,true,ps2 textures\opaque\bp_remade,true,true,5,remarci_4x,false,0,false
w11a_gas_02_t.bmp,2b74b53da9a597a9d8d4e374cab758a6304deb61,c1e80f447785a05853a27386978553e11b0d265a,true,ps2 textures\opaque\bp_remade,true,true,5,remarci_4x,false,0,false
w11a_litflame_wire_alp.bmp,2c50aa7e320abeddb5d00aa4c06c172af592afc6,f95484ba2fefd4c167c5ad8bea22aeac2509196a,true,ps2 textures\HAS ALPHA\bp_remade,false,true,5,remarci_4x,false,0,false
w11a_t_hako_c.bmp,e7785690e123e5c396cc02bffa345e190720caff,d65b30b081343d6f31d73d7a91c94c834efdeadc,true,ps2 textures\opaque\bp_remade,true,true,5,remarci_4x,false,0,false
w11a_t_hako_d.bmp,176ad54c3e1e463ee92d874e604c7dd1d3b69af2,9712e81a3651b2467c29b040ea15e34413570578,true,ps2 textures\opaque\bp_remade,true,true,5,remarci_4x,false,0,false
w11a_t_hako_e_2.bmp,a81d72da1a0bd694feb884d0f5fa7bd0956b3d7f,4cf22c25b32785701b91a2072a7b011144df4487,true,ps2 textures\opaque\bp_remade,true,true,5,remarci_4x,false,0,false
w11a_t_tana2_b.bmp,b70155a713a9a717ceb8a260ce020e0185744d8d,ee3fe36c6cebf2f18f28127f88bb0261eef9e475,true,ps2 textures\opaque\bp_remade,true,true,5,remarci_4x,false,0,false
w11a_t_tana2_c.bmp,712a6e68dabd9f62e37f72efaeb02b3f21180a9d,63931795084348f085292b34b985cccfa29f8f6b,true,ps2 textures\opaque\bp_remade,true,true,5,remarci_4x,false,0,false
w11a_t_tana_a.bmp,75dfdd87f3f8912916a0e321c091b6504a149ffb,69afc85ae9b723e5a85e139da83d6c97b6b86a81,true,ps2 textures\opaque\bp_remade,true,true,5,remarci_4x,false,0,false
w11b2_ironbox_sf.bmp,5d4306f95e28499d5409c90323729fdea354c861,a2e52a12d9ae1bab1186c90fa1db8e0f07605160,true,ps2 textures\opaque\bp_remade,true,true,5,remarci_4x,false,0,false
w11c2_lit_ele_box2.bmp,cbb4616935c9a3661ce644e672f3347e370d17e5,b1fcee5babd49f3d0f195f1607056a2ca42dbe07,true,ps2 textures\opaque\bp_remade,true,true,5,remarci_4x,false,0,false
w11c2_spipe_temptex1.bmp,035606848e4676c43f9a8c8cb45d65f62d8fa6ed,072ef048ae3675cd28665183d03de31238f728ff,true,ps2 textures\opaque\bp_remade,true,true,5,remarci_4x,false,0,false
w12_doroppings00_alp_ovl.bmp,0fc6e94852d5d5af938be439a26d3be9c30f24fe,88c70adaa461774a67fc2065c72297bcf46c5edb,true,ps2 textures\HAS ALPHA\bp_remade,false,true,5,remarci_4x,false,0,false
w12a_fl00.bmp,d5cc0d99b32bc155c039310ad311de344c3672e7,2d812c369fa978c7a9bbba992a3b84ecef3e59da,true,ps2 textures\opaque\bp_remade,true,true,5,remarci_4x,false,0,false
w12a_fl00a.bmp,87a715391d538287e639d7841fa3aaa0a2940f9d,9c7159f461f6a59e63ecb4ec2e1f55aedf15ebc4,true,ps2 textures\opaque\bp_remade,true,true,5,remarci_4x,false,0,false
w12a_fl00b.bmp,029693e1bc3170bc785fb9869260d049bec41102,a08343000d9e4020ea2172b1626da1c2d633d195,true,ps2 textures\opaque\bp_remade,true,true,5,remarci_4x,false,0,false
w12a_fl00c.bmp,90a2a23140d2191fb812b6f7fd0745be05ff6b54,cc5e356a58d594fd069526adb0dba0b398ec7de9,true,ps2 textures\opaque\bp_remade,true,true,5,remarci_4x,false,0,false
w12a_fl00d.bmp,e00baedbd3c1bf12370b617ad1d2bd1f35ff7adb,8bc50d0e3f08474a54cc750021088c57947d5c81,true,ps2 textures\opaque\bp_remade,true,true,5,remarci_4x,false,0,false
w12a_fl00e.bmp,8c34a5d1356f851df37189334895dbc2b8fc69be,de6377d92d136d479dfd4c4906006818b4c3d744,true,ps2 textures\opaque\bp_remade,true,true,5,remarci_4x,false,0,false
w12a_fl00f.bmp,80c108eadd517577c92c04ea6f023faae7e46044,76e2acc2aa8e66f52617591bcb1476935974e8f9,true,ps2 textures\opaque\bp_remade,true,true,5,remarci_4x,false,0,false
w12a_fl00g.bmp,09758f616a4ca00a353a8a09c47c03e2e16dae44,f16c5e1045f7bd2d3ffc5580bd60504baa7ba29c,true,ps2 textures\opaque\bp_remade,true,true,5,remarci_4x,false,0,false
w12a_fl01.bmp,7951fd76774fc383d4db8e99f0eecdc81f16f3fe,2272677c2270aa399fad1fc5dc5a3d6853b04f31,true,ps2 textures\opaque\bp_remade,true,true,5,remarci_4x,false,0,false
w12a_fl01a.bmp,58667b6cd6256d202d8e21062d5a7ffea4246bec,a2237c2a3b7d2ff3df29c548d6277e1c0aa53d5e,true,ps2 textures\opaque\bp_remade,true,true,5,remarci_4x,false,0,false
w12a_fl01b.bmp,17ebe2d8b3c805343058ed0c6bf32eb2686c5bb5,7e74607487f3da43b406b890c29f6eebc92f25df,true,ps2 textures\opaque\bp_remade,true,true,5,remarci_4x,false,0,false
w12a_fl01c.bmp,e867d76e9af892fc583f7cd39dac80fb30b7bbb7,4b9571ebeb260a721c7ef85ffc47ede040fe2b5a,true,ps2 textures\opaque\bp_remade,true,true,5,remarci_4x,false,0,false
w12a_fl01d.bmp,882b489d6bdd09e1c2729102ac50be73aa8b04fa,c757b82b61497de9085e396a0a6ecf108cda43a9,true,ps2 textures\opaque\bp_remade,true,true,5,remarci_4x,false,0,false
w12a_fl05.bmp,b05adcb2af2745ebe13328418079843dc941cb57,2f0c7ed9179d3a352b4b924fa8b7c6ed83c77e4a,true,ps2 textures\opaque\bp_remade,true,true,5,remarci_4x,false,0,false
w12a_fl05a.bmp,e9fd3c56c981a6074320e1857a0babc3ad84144b,c0c38878f1522c65377b47901c1c274ae7dbd225,true,ps2 textures\opaque\bp_remade,true,true,5,remarci_4x,false,0,false
w12a_fl05b.bmp,a99df8eba53fd77c390c38e95159cb80dd88ef2e,6832acb94e63391247d4ac9e1068c39d8b96f19f,true,ps2 textures\opaque\bp_remade,true,true,5,remarci_4x,false,0,false
w12a_fl05c.bmp,881a35802b895cfcfdd1e1ab655e83f6405d65a3,0a54624679fd4d27dd1170f2fd2a06d62428309e,true,ps2 textures\opaque\bp_remade,true,true,5,remarci_4x,false,0,false
w12a_fl05d.bmp,5492b074ecd2c396ddeb334cc6f85fe7fc93d786,e79e0667b6242f01e42f684b826264cd963ea6f3,true,ps2 textures\opaque\bp_remade,true,true,5,remarci_4x,false,0,false
w12a_fl05e.bmp,e0b226b254164e97e2da45fd4aee93c1e647ece2,f07b1e87cbabc4bffce15aa33a25ec43355e5014,true,ps2 textures\opaque\bp_remade,true,true,5,remarci_4x,false,0,false
w12a_ironbox_sf.bmp,433f98f3c0bdfb26c890bbad0bed9d8d093b0aad,0c78e9ef142a3dce58de05eea10640dcd42b3a67,true,ps2 textures\opaque\bp_remade,true,true,5,remarci_4x,false,0,false
w12a_rf00a.bmp,4938613a0d0199d764222532a950c60fb59d95da,ba8d0b5e3245cd77f71b2fd6606fc5031889afea,true,ps2 textures\opaque\bp_remade,true,true,5,remarci_4x,false,0,false
w12a_t_hako_d.bmp,d971905d0985ac8ec0229e62433743be1b55bf34,46940b357ac80b6a5e7c7e2293592be4913e4410,true,ps2 textures\opaque\bp_remade,true,true,5,remarci_4x,false,0,false
w12a_w00a.bmp,0bd220bc5692528b01cef28faba5f800a7f77b5b,fdbac18c96d7c7fb9d6d20e1c8394e6180761a49,true,ps2 textures\opaque\bp_remade,true,true,5,remarci_4x,false,0,false
w12a_w00b.bmp,dd54ec03257e71b214ddf89f72e7279eccf63582,6a9fdb755a48b3603f9c27f9d120b4bf8f4e2269,true,ps2 textures\opaque\bp_remade,true,true,5,remarci_4x,false,0,false
w12a_w01a.bmp,d22fbaa85d9604b40a9f4b680e1b4b7ee2ff7233,75b7e13e90d3343198429642cdcca16ec7bdce0f,true,ps2 textures\opaque\bp_remade,true,true,5,remarci_4x,false,0,false
w12a_w01e.bmp,7518eb8d6afb28ba4ff862e1ed1130e6f1a822ac,7bbd81a31940d1b8f4deea5c7c3aea41078dc4c1,true,ps2 textures\opaque\bp_remade,true,true,5,remarci_4x,false,0,false
w12a_w03.bmp_661e3b0b04936b908f29261f775d72d9,a775feb601ed9b85d7e28feab8f24ede2ad0cd13,70252705a2bd5a3297b9561d30feacf3a2d70ffd,true,ps2 textures\opaque\bp_remade,true,true,5,remarci_4x,false,0,false
w12b0_enta03.bmp,2f2c103fe0114bd01e1f7cc4e2a92808eb641874,2b1e0eb737110768263964cdaddc8e2b14bd1f52,true,ps2 textures\opaque\bp_remade,true,true,5,remarci_4x,false,0,false
w12b0_partition_01_alp_ovl.bmp,e0cea6effe9c917d58a35509cd417c444452e5ea,b5bde4191419a1ee425f027238b30c046a5ea2a9,true,ps2 textures\HAS ALPHA\bp_remade,false,true,5,remarci_4x,false,0,false
w12b0_wall_11.bmp,9216434d50c802d01beff64d6ae0211f7f22e89c,6ab40854127850dc546daadff5f5da357a2bcfb0,true,ps2 textures\opaque\bp_remade,true,true,5,remarci_4x,false,0,false
w12b0_wall_14.bmp,8cd5fc1d2e5157f4fc041ec3caca9b8177013cc2,6d92f325323e07443b52949a21da0ebd457ac4ff,true,ps2 textures\opaque\bp_remade,true,true,5,remarci_4x,false,0,false
w12b0_wall_16.bmp,ef7ce3948c2ad6cbade19749eb36e44704d86936,7e8fd2dbb12dd4784e5d6c5a9dda0cbef80be632,true,ps2 textures\opaque\bp_remade,true,true,5,remarci_4x,false,0,false
w12b1_floor1_mk.bmp,58c28644c5c905e378f3f7423e63e9e59f74ba97,02945f7edc9586d9fce8b9a8d8b52c0edd782a20,true,ps2 textures\opaque\bp_remade,true,true,5,remarci_4x,false,0,false
w12b1_floor_01.bmp,5e3b1b3bd1b6a7f5c367537137e0f8181bc7ac06,64e2aebdef75a0d1b8b7b54dbad6f38c2d887384,true,ps2 textures\opaque\bp_remade,true,true,5,remarci_4x,false,0,false
w12b1_floor_02mk.bmp,d2b69e5f872cd85fd0071865da34c0459698a2eb,049782cc055ab88d3daf16830547bc47621744c6,true,ps2 textures\opaque\bp_remade,true,true,5,remarci_4x,false,0,false
w12b1_floor_03mk.bmp,9775a9de9bd0a42a3e8326e231afa75dd69048ee,4e2a814d70d46d485f711312ca0862db40f94ad1,true,ps2 textures\opaque\bp_remade,true,true,5,remarci_4x,false,0,false
w12b1_floor_04_alp_ovl.bmp,f1a7d8261551c58e8c8c09e8fb0986b3d0046a90,0b9e1791b03b645123c242958c3de06dbb05f9e9,true,ps2 textures\HAS ALPHA\bp_remade,false,true,5,remarci_4x,false,0,false
w12b1_floor_04mk.bmp,9a6cd9a47d42eea98284b78c122d7b7d87a2a773,b10ce24a17a00a3c27de1dea10006958358bf8d1,true,ps2 textures\opaque\bp_remade,true,true,5,remarci_4x,false,0,false
w12b1_floor_06.bmp,0b24874dc6359666fbc7a33472b28ad44b35cdd7,15eff190e7fe68680297cbf4b5985a42c89dc314,true,ps2 textures\opaque\bp_remade,true,true,5,remarci_4x,false,0,false
w12b1_panel_03.bmp,b8b07a68cce13c31b82e181fe0bb97a27902c308,7ba89569478c4878ed051509191277bc8cec3865,true,ps2 textures\opaque\bp_remade,true,true,5,remarci_4x,false,0,false
w12b1_panel_04.bmp,0337139f35735aa5801f373e238e91988f3720e6,b9a4522728a6e8532452c93930137266b0add526,true,ps2 textures\opaque\bp_remade,true,true,5,remarci_4x,false,0,false
w12b1_panel_20.bmp,ef7c334e2460756cf06310254de7468bfaf5ccd6,459a52b89823085548f5184b4ba92a19565a40c7,true,ps2 textures\opaque\bp_remade,true,true,5,remarci_4x,false,0,false
w12b1_panel_23.bmp,c3b3f756eacafb66b6007282e55e70ff8afd54f7,a90de3a91e998ab1913340abcdc9ce80a9d35457,true,ps2 textures\opaque\bp_remade,true,true,5,remarci_4x,false,0,false
w12b1_step2.bmp,ffd930615fe960e5cc2a54d4d23a24e5407b9911,a7d3abee9bded738adc905aa7fae4b07da6617c6,true,ps2 textures\opaque\bp_remade,true,true,5,remarci_4x,false,0,false
w12b1_step_mk.bmp,14491d79938122a542840571b917cae6b1bdef6b,bf79f43ecc5fd254c00c64da1c258bd02c9948a7,true,ps2 textures\opaque\bp_remade,true,true,5,remarci_4x,false,0,false
w12b1_tank_08mk.bmp,b91aa298db6f86a2fff44b89fc0f38be679ed65f,ef60e0e84fc3458f5a9afb3f6f317769192f73ac,true,ps2 textures\opaque\bp_remade,true,true,5,remarci_4x,false,0,false
w12b_box02.bmp,0da8b937b47767c60b2590b4b650b434186ca299,69888f03161f74eaf96729dd0b3a8bf306962f84,true,ps2 textures\opaque\bp_remade,true,true,5,remarci_4x,false,0,false
w12b_contorol_box_01.bmp,d569064719dc6d0373196ef77ce12d3b5db256af,b9f6cb336a5ec7647b4e6dba01cc831879fb01f2,true,ps2 textures\opaque\bp_remade,true,true,5,remarci_4x,false,0,false
w12b_contorol_box_03.bmp,4ea8154211bb49856eb149ae89c92a3aea6f24ec,f338d138db8d94209dcc16573161c522fd96bc09,true,ps2 textures\opaque\bp_remade,true,true,5,remarci_4x,false,0,false
w12b_doorafl00c_alp_ovl.bmp,f1177908f0c97226a1fa7768ad4e333a2fb567d2,c7a68e73bf794b3fd0ef1b4c230c60f0e484ced6,true,ps2 textures\HAS ALPHA\bp_remade,false,true,5,remarci_4x,false,0,false
w12b_partition.bmp,d5b69bff3bb3b6a8cbce2242f0347d9d5770f2de,90d079719e8bef2af7bc88fdfb9fbd1720e6eccb,true,ps2 textures\opaque\bp_remade,true,true,5,remarci_4x,false,0,false
w12b_step.bmp,d436e0a6a51517cc70e6e3983dcbb9d7bbe06479,3e8d70b69c8440093cef9a00811d753aff66a298,true,ps2 textures\opaque\bp_remade,true,true,5,remarci_4x,false,0,false
w12b_step_03_alp_ovl.bmp,43586abccec256f9264380371361703726e19b10,3bbf61bc961140e420b4168384bfdca7bb96116c,true,ps2 textures\HAS ALPHA\bp_remade,false,true,5,remarci_4x,false,0,false
w13a_fl00.bmp_8bb405078f955b69a05bdc9570cbde30,05c18c2ddfc48a3bb382dbf95717967aec10db45,263440482a2f0f5c57237207393bdfc2f77a59c1,true,ps2 textures\opaque\bp_remade,true,true,5,remarci_4x,false,0,false
w13a_fl01b.bmp,71b3e04d0e832e653bfec3b185b5cca3b9c00484,26f0c0314ac4255662fb008b156c011a969c68d0,true,ps2 textures\opaque\bp_remade,true,true,5,remarci_4x,false,0,false
w13a_fl04a.bmp_a813b6399aa0462f40543da64fc74c3e,f146653bb4bff5b4bbf14481a336f7f7e73dba35,946c1d511f74d6b3641cb0f0c965b728ec4cbe88,true,ps2 textures\opaque\bp_remade,true,true,5,remarci_4x,false,0,false
w13a_fl05.bmp,1e19e2a87a0cad46caf93f56dffb6eef7e096b53,48d5ae8c0ffbd64c22369e57a99a5c8aef4d9d9a,true,ps2 textures\opaque\bp_remade,true,true,5,remarci_4x,false,0,false
w13a_pp01b.bmp,6384cca4da7f8de11314ebcbc2137b028726c367,439dec26eda29ed306c9d8c95729b414077239cb,true,ps2 textures\opaque\bp_remade,true,true,5,remarci_4x,false,0,false
w13a_pp04b.bmp,8680a6c284259c9757cb75e989862b2401f9a42c,2f5429f564047fa3ae79fd4d12585d27fa1e8158,true,ps2 textures\opaque\bp_remade,true,true,5,remarci_4x,false,0,false
w13a_pp04d.bmp,7c497f5e82aa51e597d9921685c984762b512e89,8096b2b90bd59ccee60b0b397e49561209b0c9b2,true,ps2 textures\opaque\bp_remade,true,true,5,remarci_4x,false,0,false
w13a_sk00a.bmp,99c95fd7948b8ffe45101aeea71dc88947af4e13,6aed29459b9460882d596a8091ac5b0ac27ba2fe,true,ps2 textures\opaque\bp_remade,true,true,5,remarci_4x,false,0,false
w13a_w01b.bmp,6271a8f744ea1872093bb8a2f33dcf9888c3d92f,22aa0824572d54951c20457bdcd68554056d2adf,true,ps2 textures\opaque\bp_remade,true,true,5,remarci_4x,false,0,false
w13a_w01j.bmp,9f7d6aa7ba4e45346a08f1ba6130a0f6b4a2f560,ecb3ca381126f43c6593769a18b1cecb04e60049,true,ps2 textures\opaque\bp_remade,true,true,5,remarci_4x,false,0,false
w14a0_fl_b01.bmp,407e0a7cba0f4e7c9cee67b0730ed4eefa0c9204,06d318ccac592bcfb3013e59a9751958c93c1fd5,true,ps2 textures\opaque\bp_remade,true,true,5,remarci_4x,false,0,false
w14a0_fl_b02.bmp,8d7f09faa0f79dde048422b6819ffc855f3b12a3,025faf1bf010b9c59c7447e1168ab1a8bf8a940a,true,ps2 textures\opaque\bp_remade,true,true,5,remarci_4x,false,0,false
w14a0_fl_b03_alp_ovl.bmp,68081e0eac529acf2803c360a717399acb76a63f,0ca60cb2c5945be34c1789b49c592c9dfc5cff1d,true,ps2 textures\HAS ALPHA\bp_remade,false,true,5,remarci_4x,false,0,false
w14a0_fl_b04.bmp,a1b958958514c8141ecd99bf18c3bf537d985846,c45a783704b78719cd5e8d2f4cd1a8f20865fde0,true,ps2 textures\opaque\bp_remade,true,true,5,remarci_4x,false,0,false
w14a0_fl_p02.bmp,ab683c84a4526e234a0cd309b976bb537daa14ce,e9e07cb603a30858fcb1f9e705949a23c7daf257,true,ps2 textures\opaque\bp_remade,true,true,5,remarci_4x,false,0,false
w14a0_fl_r01_6.bmp,7c28b48b439f4204c97cfaa7132c12dda6be2283,e30c3aa5af7993a3a734a6e15195122336c4e28e,true,ps2 textures\opaque\bp_remade,true,true,5,remarci_4x,false,0,false
w14a0_fl_r02.bmp,ca3d6d7ebe7633089e5764e4aabaa695c8c24aa0,8e9596d2e4fd9059d6b2eb919fda994688ac8dd5,true,ps2 textures\opaque\bp_remade,true,true,5,remarci_4x,false,0,false
w14a0_pipe_p01.bmp,67d75e150ad6ed2152684b74517ce299c04a80c3,22f119ecba6034012e75fc1407e91eaa5cf82643,true,ps2 textures\opaque\bp_remade,true,true,5,remarci_4x,false,0,false
w14a0_wall_a02.bmp_008f67bac10c096740575ea8304493bf,9c1296451b8ef4cf89b2ba6d5fbbe93aeb7c451e,db442b3f344b3519fa02c6a2ef798898980d29b1,true,ps2 textures\opaque\bp_remade,true,true,5,remarci_4x,false,0,false
w14a0_wall_a03.bmp,6659a69d6089b5f1e23d223ce07eff4cfdfc7052,1e84ee378a7c2eb057ee44ace7ba51ceb56b17ba,true,ps2 textures\opaque\bp_remade,true,true,5,remarci_4x,false,0,false
w14a_fl_a04_alp_ovl.bmp,86965148cfc2e29676620ffd49cad4afd69e34dd,74810e695d191e3c0aacd5ce6a95139f26bcb8c6,true,ps2 textures\HAS ALPHA\bp_remade,false,true,5,remarci_4x,false,0,false
w14a_fl_f01.bmp,f1604557b02aca9b0792a251de6f5ba44142017e,bfb98db4cbe6ca45647562c26de775a8cd21e321,true,ps2 textures\opaque\bp_remade,true,true,5,remarci_4x,false,0,false
w14a_fl_f02.bmp,c4a655cc3d80f67f4f8f506b9c9a8dd8728f54b3,ddf023bd500e1698dfa8fc340642036c3528b755,true,ps2 textures\opaque\bp_remade,true,true,5,remarci_4x,false,0,false
w14a_fl_f03.bmp,0413ffed59a13c29f64b78908da1cf789d4d423e,d50d8706697a78583fabf79fae345883554ac8da,true,ps2 textures\opaque\bp_remade,true,true,5,remarci_4x,false,0,false
w14a_poster_mog_01.bmp,2827b9bce670f38f8da41fb4108b329a0de69314,e145ac8e0fc2e47b6dc8aea7b281e418709a7e96,true,ps2 textures\opaque\bp_remade,true,true,5,remarci_4x,false,0,false
w14a_roof_c01.bmp,10db51efa0c05cd6cd0ac02c207747b3f3e22f9a,73842a2694a11339b35f19d4621da025f01e0f89,true,ps2 textures\opaque\bp_remade,true,true,5,remarci_4x,false,0,false
w14a_step_a02.bmp,b023a85e969dec419fc22988fea7df3109c0f7e6,a0997ae94f5316ec99098a5b552e6bf8d800b15e,true,ps2 textures\opaque\bp_remade,true,true,5,remarci_4x,false,0,false
w14a_step_a03.bmp,993b618c0ad9251db5cccc25680200970929c1ba,ca10bee62d32b70aad4eef3120c46d04c6ae7d73,true,ps2 textures\opaque\bp_remade,true,true,5,remarci_4x,false,0,false
w14a_step_b02.bmp,63d1d035b5b1fa03fd2d00ba35ef00352b2fd1c5,6bf293256ab1bb6b137ea7beed7afdd0dbcdd2d6,true,ps2 textures\opaque\bp_remade,true,true,5,remarci_4x,false,0,false
w14a_step_b03.bmp,8f83633375195b11bc0eeabadffa47c076901ce1,21b6f07d4e18fc85cbc806284a7ce15ea23c928b,true,ps2 textures\opaque\bp_remade,true,true,5,remarci_4x,false,0,false
w15a_fl01b.bmp_2afc1ae6ae83df2b26b76fc7749613da,16a5be3a4f53a5cf863cd26817a8717328ba0279,c6ce58d391e03250e4a26edd67ef6089316064b3,true,ps2 textures\opaque\bp_remade,true,true,5,remarci_4x,false,0,false
w15a_pp01.bmp,1a9ebe0d5d751c28572f4514105919286d9e4c88,6aa73c2467ec38c4f0f382a35cdcee868dc8e3bf,true,ps2 textures\opaque\bp_remade,true,true,5,remarci_4x,false,0,false
w15a_stpbrk00.bmp,abf7ba42b86539664b40e60fced69c962cc61166,7ec901fbee55453cdee112f38e58f903f2197a2b,true,ps2 textures\opaque\bp_remade,true,true,5,remarci_4x,false,0,false
w16a0_ref_all.bmp,0559db678ce3bfffc925ebb9e745ce3ee881a6b6,71a69de829f0233e1d8875e5d4199bdf05f611d0,true,ps2 textures\opaque\bp_remade,true,true,5,remarci_4x,false,0,false
w16a0_wa05.bmp,000c6408d8f80fbbbbb3990663db6be0dec10962,7d4e31e5d5e9387d99d5a78f857b1fcf2416d0b2,true,ps2 textures\opaque\bp_remade,true,true,5,remarci_4x,false,0,false
w16a0n_po01.bmp,e148d9e299693380080c89806f31a8312a199dcb,cb42c5c222b9d6ce878b297cbc636a83cde5fff0,true,ps2 textures\opaque\bp_remade,true,true,5,remarci_4x,false,0,false
w16a0n_po02.bmp,ab5ec9b85aa0c076a7ce6a8c445d22c4799a4a1b,98d09cce36cc5ea22d46d2bb5a8477330f87b577,true,ps2 textures\opaque\bp_remade,true,true,5,remarci_4x,false,0,false
w16a2_pos.bmp,f8f6da62143598180cad642ab3312502d0773308,4e8dd2a6ce5323c1ec177c2d03c241570eb8a9ea,true,ps2 textures\opaque\bp_remade,true,true,5,remarci_4x,false,0,false
w16a_wa01.bmp,2e3a2358f595be075cdaf1f1efba3f775cc3baea,5bc1e4b8be17237d430bd978509f45e5c5dfa761,true,ps2 textures\opaque\bp_remade,true,true,5,remarci_4x,false,0,false
w16a_wa02.bmp,8aaf321e06fb34073b90bc61afadad4133bf35c7,d8ff1947367fa2b534da1f21f969f7e862dc9f32,true,ps2 textures\opaque\bp_remade,true,true,5,remarci_4x,false,0,false
w16a_wa02a.bmp,454627604d6825ca317a2133ae58909af86e4de2,c43de70fdf65fc1d365face1804247e56b572d44,true,ps2 textures\opaque\bp_remade,true,true,5,remarci_4x,false,0,false
w16a_wa03.bmp,d27c9e3d86e03d945fe4d80ae101b90887692243,aa654f0e495d2eaa0ee3ecf7303567a1120136c4,true,ps2 textures\opaque\bp_remade,true,true,5,remarci_4x,false,0,false
w16a_wa04_1.bmp,b98fba849d445947d18fb4e43dd73f168a787c0a,569120b5295923c518f35494e06e365da572f1d0,true,ps2 textures\opaque\bp_remade,true,true,5,remarci_4x,false,0,false
w16a_wa04_3.bmp,70dea03c5c00e93649c4cbf216811e2fda12d6d6,10239385e7a836e9de33cdc22d75c2c84153912e,true,ps2 textures\opaque\bp_remade,true,true,5,remarci_4x,false,0,false
w16a_wa_to01.bmp,665462fb36c1893e6b88e6bc0088b428e9bee39d,c10198291965fa79f05338a1295cc7bb76033343,true,ps2 textures\opaque\bp_remade,true,true,5,remarci_4x,false,0,false
w16a_wa_top.bmp,81b66c822bc823f27e15011c89a7ec4658d1ca91,54b845c4da5d0357641f59c3c9665d48e13da446,true,ps2 textures\opaque\bp_remade,true,true,5,remarci_4x,false,0,false
w16an_fl01.bmp,06a69699bd9d018b1dcafcbcce8aff0a5e4d3a85,d5c417c287f5a78202c894e449b684ef1f20acdc,true,ps2 textures\opaque\bp_remade,true,true,5,remarci_4x,false,0,false
w16an_fl_t03_bld090_ovl.bmp,f8d9d0aa87a06277c117a3624a5d07658339c058,9f1c283a70cb0559a24497d14db02d2372934382,true,ps2 textures\HAS ALPHA\bp_remade,false,true,5,remarci_4x,false,0,false
w16an_ki08.bmp,055c5dc3038ebde903675fd2ee60ca2d30aa942b,d920dcf65523d29baf31e2be7b1c3a9baa21ad0b,true,ps2 textures\opaque\bp_remade,true,true,5,remarci_4x,false,0,false
w16an_ki08a.bmp,50b310ca922a50a02385ef06e61540c1397defb0,e3a982e4a6a027862eaf1ef306e77369e65e8c0d,true,ps2 textures\opaque\bp_remade,true,true,5,remarci_4x,false,0,false
w16an_ki08b.bmp,287f92dd8f62d1499a7fb62dbca6b4e7a390cf3b,7385ffb0a1bd34406ed57bf777a8f3f2ace2eb15,true,ps2 textures\opaque\bp_remade,true,true,5,remarci_4x,false,0,false
w16an_ki18a.bmp,8eb9e4561156f8f22055924d1d6835acc7de87ee,e4a7c826c85f545c4178d11df1539fbbc05e82cf,true,ps2 textures\opaque\bp_remade,true,true,5,remarci_4x,false,0,false
w16an_kita01a.bmp,98d292e425ed2243637aa8cd8688edccfe260d1e,800c25c2867e5cc1bb083e3d4e39923358343b40,true,ps2 textures\opaque\bp_remade,true,true,5,remarci_4x,false,0,false
w16an_wa_to03.bmp,932167c252f35748ee9b25c90cf68b81cd627801,2beb0eed31c93428c27e3efe2eaf6c16b8bb40f4,true,ps2 textures\opaque\bp_remade,true,true,5,remarci_4x,false,0,false
w16an_wa_to05a.bmp,e22568067c8009af24a7027a9d270ce47dbeef63,13bc663d034035332fc178f7287b718970ded50e,true,ps2 textures\opaque\bp_remade,true,true,5,remarci_4x,false,0,false
w18a_2f_flor1.bmp,471320e14f58450a7c937edc9b34078cace95115,f755eb8ab1ea22132994a7d11a42208bc7348775,true,ps2 textures\opaque\bp_remade,true,true,5,remarci_4x,false,0,false
w18a_2f_flor2.bmp,9b288a396c44977e579c16683fa84bf8d1b30721,fcedab7e20602d7d93caf009f2078dbda8667b11,true,ps2 textures\opaque\bp_remade,true,true,5,remarci_4x,false,0,false
w18a_bridgefloor1.bmp,d19fa70fa9aee9629cb53c1429111f96eb4ebbb6,3b46cdf111a53c532861400e5d89ee9e8578eb55,true,ps2 textures\opaque\bp_remade,true,true,5,remarci_4x,false,0,false
w18a_enta00.bmp,8d1424a9874ab45d5c1a3744af6753983f3a333f,99aa356ae1d1de1ead4b1d8f552fd1fcf7220306,true,ps2 textures\opaque\bp_remade,true,true,5,remarci_4x,false,0,false
w18a_enta01.bmp,8849f4dd302d074753a856cba1796f6699084628,7ed53023e0ddc0de8593e5cf5a1939c97b027e11,true,ps2 textures\opaque\bp_remade,true,true,5,remarci_4x,false,0,false
w18a_hatch.bmp,381f095d54b014894e59516fd612522993a226f7,cef3d94b544887bc23a045735801d119c8501f76,true,ps2 textures\opaque\bp_remade,true,true,5,remarci_4x,false,0,false
w18a_poolwall1.bmp,fbc8927ea552ede1b3722f206f36a1c232902bd2,77cab99bab383ab0b20c09fd259026e804d114f2,true,ps2 textures\opaque\bp_remade,true,true,5,remarci_4x,false,0,false
w18a_poolwall1_fader.bmp,4ec3ea7b5190201cd376e8e5822b58d4c2ba7f18,633982146adc9939a3a8e7efc8115d4dffd101cd,true,ps2 textures\opaque\bp_remade,true,true,5,remarci_4x,false,0,false
w18a_saku1_ft.bmp,2a5c653109be8dffa6c1b9139aad5610b6c06d96,28d9e00077b43946a69a0c691b4d10c54eccfa33,true,ps2 textures\opaque\bp_remade,true,true,5,remarci_4x,false,0,false
w18a_saku1_u.bmp,95b364ab11016e2454aeeb820b7c4695b30ab145,0a8cd3131948a7d4a6688921e86f251fde4ced69,true,ps2 textures\opaque\bp_remade,true,true,5,remarci_4x,false,0,false
w18a_saku2_ft.bmp,12f1efe3af58f22210efa46d2db970eae8b63a09,5964066197def06bdd59d0dc086ca0ed8c091a13,true,ps2 textures\opaque\bp_remade,true,true,5,remarci_4x,false,0,false
w18a_tankwall1.bmp,bdf9263addf114881c1d99a254bf45c75d8989b3,e1cd8ea4f577d79e5c4c4879b3a1dbc468f6a036,true,ps2 textures\opaque\bp_remade,true,true,5,remarci_4x,false,0,false
w18a_tankwall1_header.bmp,d0ac9f8e7cf3d79cbf64857d0c5303c7d722179f,86d945766910a8d438eeb758e70f525d8054eace,true,ps2 textures\opaque\bp_remade,true,true,5,remarci_4x,false,0,false
w18a_tnkfloor1.bmp,790d96902b1503a18c977b4cc614f51de57a6d74,75e49eaafc5c1d1aea349c5b4e61de72d0d03821,true,ps2 textures\opaque\bp_remade,true,true,5,remarci_4x,false,0,false
w18a_tnkfloor2.bmp,6c6ba7fb45b191c324f2faa597c2d8d5a68d538b,681072832934adc72fcdd8e60d5a2ff0f002669e,true,ps2 textures\opaque\bp_remade,true,true,5,remarci_4x,false,0,false
w18a_tsr_bar1.bmp,bba0971757897991f289c54011fb5908b7eb9a8f,c95c7be576e676b217756955295e90582b667df1,true,ps2 textures\opaque\bp_remade,true,true,5,remarci_4x,false,0,false
w18a_tsr_bar1.bmp_1c58084ea3dd78ff8ba4a3fac8949888,344d4f8a76348fa4616dc3c77358d2fe14364d9f,c5b1ae745a997e9fa528ab79695a3d82ac8e81ce,true,ps2 textures\opaque\bp_remade,true,true,5,remarci_4x,false,0,false
w18a_tsr_jiku1.bmp,771019f3e9e16d74a97a21c50c9242e7aacd0640,1cf64134e50592ac46d5813c886a0aea1e3e85d5,true,ps2 textures\opaque\bp_remade,true,true,5,remarci_4x,false,0,false
w18a_wall1.bmp,9202eb301c35d0840700622e9ed4dc0c829c37e3,162498b3def43ea7814ca132923000dd136a3d2b,true,ps2 textures\opaque\bp_remade,true,true,5,remarci_4x,false,0,false
w18a_wall2.bmp,d312fb9c25a4e9bce907262073110b683d6edd18,3cec74625a371bd47f4786d1dbbe4a671fb77b85,true,ps2 textures\opaque\bp_remade,true,true,5,remarci_4x,false,0,false
w19a_fl00.bmp,7babc2de385e80fdb9f365cb62c008adde9f0fd9,8e11574551a559eb2af8bf602ac2e2562989a4ad,true,ps2 textures\opaque\bp_remade,true,true,5,remarci_4x,false,0,false
w19a_fl00b.bmp,cf74b435f4755613a07503497bde4a8334634c16,7a85a4d830969bafd989723c9649e89e635c4db6,true,ps2 textures\opaque\bp_remade,true,true,5,remarci_4x,false,0,false
w19a_fl01.bmp,661790dd1390d6ff09725c071eda538b7231e7af,27199c1fe4bd11c2db6329488eff1fa4501a37ea,true,ps2 textures\opaque\bp_remade,true,true,5,remarci_4x,false,0,false
w19a_fl02.bmp,28cccd52a694e98e780dbbb73bad46a5c8821248,5a11800c85147c592e6ddc0a872ebabc167c8a7e,true,ps2 textures\opaque\bp_remade,true,true,5,remarci_4x,false,0,false
w19a_fl03a.bmp,89c5ff7d33fd7b8901a5669c5bb9ea288554e054,8b8c6d8b966851f49865398bca2e81efa0057bb3,true,ps2 textures\opaque\bp_remade,true,true,5,remarci_4x,false,0,false
w19a_stpsdw01.bmp,9a30215ac8a41787afea2d1efdc35310898ca663,979b6324772442ae534853a7fbb829fd17112fcb,true,ps2 textures\opaque\bp_remade,true,true,5,remarci_4x,false,0,false
w20a0_fl01_mk.bmp,5732afdbdbd1a9f0326721bfe73a973b7bc969f6,782ffd5f14910837cd0a418b6d6796b1652e53fb,true,ps2 textures\opaque\bp_remade,true,true,5,remarci_4x,false,0,false
w20a0_gate_head.bmp,f3e6346ad04c58c50826da159e30b9718825cb66,cca25195c9a7282f8dc001fbfd3e507d62623c76,true,ps2 textures\opaque\bp_remade,true,true,5,remarci_4x,false,0,false
w20a3_room_wall1.bmp,0511079a07d896e5b85596f0adaa258e194884aa,2999c8d5de9d77205b1988703acb21990352a0bb,true,ps2 textures\opaque\bp_remade,true,true,5,remarci_4x,false,0,false
w20a3_room_wall1_lig.bmp,01e88fc98dae31ee69035e1c33a82e7f5e03081b,4d0190ec628f6ca88c1eae0be06a0c7d5645735a,true,ps2 textures\opaque\bp_remade,true,true,5,remarci_4x,false,0,false
w20a4n_floor_01.bmp,c4db63e610b664d982d031946a5867c6b16f0090,c8cb022f8dec16acb8dd4074f13d40e2ea750e7c,true,ps2 textures\opaque\bp_remade,true,true,5,remarci_4x,false,0,false
w20a4n_floor_02.bmp,c02677a199b75a48fe7372be034a33d7b560c2fd,4b67f0019fe0f1000ae1db19957e0421982a5fb6,true,ps2 textures\opaque\bp_remade,true,true,5,remarci_4x,false,0,false
w20a4n_floor_oku_01.bmp,5e306ae04517fabc7bc1dfd71d478a360f82ebc2,100504e9d16434252797ce0c66c303026df6d5c6,true,ps2 textures\opaque\bp_remade,true,true,5,remarci_4x,false,0,false
w20a4n_floor_oku_02.bmp,4f857feb88e9d85d6598cda83184865bbbf29f68,90d196929a80f47fd262a10e615dbd54ab0eb81e,true,ps2 textures\opaque\bp_remade,true,true,5,remarci_4x,false,0,false
w20a4n_floor_oku_02a.bmp,d721466d71b19764d63641fc7747ee5fd9229a77,e7ad04333d2bdaaf36fe2c3965dc8108b6633a27,true,ps2 textures\opaque\bp_remade,true,true,5,remarci_4x,false,0,false
w20a4n_wall_01.bmp,239a1649fec398ca1a4f449dcd7d38c0fc5601ac,dd96f6159e56bc6a1395368dbbe96c2618cf87bd,true,ps2 textures\opaque\bp_remade,true,true,5,remarci_4x,false,0,false
w20a4n_wall_03b.bmp,8021ac81d0d04cf6b0be65dc74549e21cdc0a624,cca1b2c999de0859434f3ef2210b5461e57376ad,true,ps2 textures\opaque\bp_remade,true,true,5,remarci_4x,false,0,false
w20a4n_wall_door_01.bmp,c5969841eb0bf530fab985d2a5877d489842a50d,4b1fcde2679094b316ddaee703bdaabcc4a68f69,true,ps2 textures\opaque\bp_remade,true,true,5,remarci_4x,false,0,false
w20a_bel01b2.bmp_3e13885a31d01923a72db72c58d9895b,b1149115fe7096bbfb795d7bfef5771a593bdc4b,11d7282110cc08db5d539a7493fea6356d0624fc,true,ps2 textures\opaque\bp_remade,true,true,5,remarci_4x,false,0,false
w20a_bel01b3.bmp_db42b9ae8dd1b8c28ef5f65bfc14d1db,802cc76d6614f8c40e7f4a8cc8f25f5809f76332,162d21bd2bc082ec220bb231f56ae308f5b93acf,true,ps2 textures\opaque\bp_remade,true,true,5,remarci_4x,false,0,false
w20a_hako_b_a.bmp,6400612f79790e08fcad38435c3200237625e730,3df32c1cc6fc3d8526d821ed5a455c46add5eacf,true,ps2 textures\opaque\bp_remade,true,true,5,remarci_4x,false,0,false
w20a_hako_b_b.bmp,76e03ba7658f0d5324295ee249dd2b4ca92d917f,ad866ba555c35b9969da7f729333d3bac363567b,true,ps2 textures\opaque\bp_remade,true,true,5,remarci_4x,false,0,false
w20a_hako_b_c.bmp,4a6f7860a7d28414ac96dd0f24735040624f78ce,bb3f43fa45b146aa4cc53663af0f8c2d4e88b8c1,true,ps2 textures\opaque\bp_remade,true,true,5,remarci_4x,false,0,false
w20a_room_wall1.bmp,837abef85e1e912704198f56a1a181985fbe58f5,7747cc98dd59bc388e85fcbdbb7bc244883956ad,true,ps2 textures\opaque\bp_remade,true,true,5,remarci_4x,false,0,false
w20a_room_wall1_lig.bmp,39c0fb59874f2ac9908741041de2aa1ceb5012da,465b0f359383693c67c976aa57d33ce07ab3d3fb,true,ps2 textures\opaque\bp_remade,true,true,5,remarci_4x,false,0,false
w20a_room_wall2.bmp,72cb4edaf6164a4fbbb91663fda357c60b92068e,c2a36090340ab6df7a030ec77eaf01f9ec3171d8,true,ps2 textures\opaque\bp_remade,true,true,5,remarci_4x,false,0,false
w20a_room_wall2a.bmp,3ccd2a6cedf8c649c35d4c630090837bcbfbf22b,5875a138291907eadd85a68676a819f4c1c3005f,true,ps2 textures\opaque\bp_remade,true,true,5,remarci_4x,false,0,false
w20a_room_wall2b.bmp,afc94dbf7b11eb32355f3afbde4d7391d65e8de8,2fa7cac7ad92a5d24165ad1c713c0dba1f5de84c,true,ps2 textures\opaque\bp_remade,true,true,5,remarci_4x,false,0,false
w20a_room_wall2e_a.bmp,d8d29639625e0208e20b06ada52dff3f79aeb58c,5a5f538bb6a87a1fb5bcfed81138aa868791e1be,true,ps2 textures\opaque\bp_remade,true,true,5,remarci_4x,false,0,false
w20a_room_wall2e_b.bmp,017f3145c39bf95cda3505e5a2aaafbe9ffa648f,f7e9a9ffc7a01c7bb9989f6d50f2c7d39832c89d,true,ps2 textures\opaque\bp_remade,true,true,5,remarci_4x,false,0,false
w20a_room_wall3.bmp_59886dd37d992d80a7ff34c7c37ea3df,a3a67ef113d700718765cf86336a6d80e40922e7,654dbc273a25d69895ae71469cedf83f29d3e4de,true,ps2 textures\opaque\bp_remade,true,true,5,remarci_4x,false,0,false
w20a_room_wall4a.bmp,89e475db49c3e8e2880e4d05bb417d72a1077f0e,944e73c254dbf03d9fb49e451f5f06e0eac7d11e,true,ps2 textures\opaque\bp_remade,true,true,5,remarci_4x,false,0,false
w20a_step_mk.bmp,68f32ab87805684f8189d76610924e4d727198f7,803e5bbf09f4f5389c3d08c2a7c422cf67e13586,true,ps2 textures\opaque\bp_remade,true,true,5,remarci_4x,false,0,false
w20b_comp1_fs.bmp,62f691132067b6b926d816fd293db19844e5f891,7cccce5856c9d932ed5e5184069562e588877f6b,true,ps2 textures\opaque\bp_remade,true,true,5,remarci_4x,false,0,false
w20b_comp2_fs.bmp,4215efdbb87bdd73cd9c3db6197ed86889acabf4,2cc5da3c7e8ca734c3db89d5f0a3779e301b1e3b,true,ps2 textures\opaque\bp_remade,true,true,5,remarci_4x,false,0,false
w20b_door_afl00c.bmp,d77d304facabf66ee2b63f66edf9f6c8f81cba53,e24bef3314b81bcda97d3d9ca761bad5fe7fb409,true,ps2 textures\opaque\bp_remade,true,true,5,remarci_4x,false,0,false
w20b_saku1_u.bmp,532c67a00d044cf7bd36bf28f4608551c23e84b1,6caf6ef72601a0dc5dbc8be15efda2a4619fca25,true,ps2 textures\opaque\bp_remade,true,true,5,remarci_4x,false,0,false
w20b_step_pillar1.bmp,4cfa04716d534c5f8f7c4aafc78036ec624db27d,5f3c995fb50d7e0b764be40ea597ade8b41298b9,true,ps2 textures\opaque\bp_remade,true,true,5,remarci_4x,false,0,false
w20b_stepfoot1.bmp,04508d55c427a339eee92e584402615b07ac2464,23992ebe709d8b0bfa8c914cc71990489bd3f379,true,ps2 textures\opaque\bp_remade,true,true,5,remarci_4x,false,0,false
w20b_tsr1.bmp,67c8cbbe0bf23ac6f4b8a4c6dc8a3eb2768175c4,b0f0d7bfeb613fdda5384c2708a2f4313c1d2ed2,true,ps2 textures\opaque\bp_remade,true,true,5,remarci_4x,false,0,false
w21a_h09d.bmp_fdd5b5adc3102646395f448c3354acc6,b503d787c8b4623916fb628d52326c67a2c8a4dc,3d950e1d807a1e67622ce151e6414df2d3875ff0,true,ps2 textures\opaque\bp_remade,true,true,5,remarci_4x,false,0,false
w24a0_ent01d.bmp,0408f2e313732aae2dec54d83c0e68366d31422f,9f6fee45fa2a3419d602020a992d6cb866e0ff90,true,ps2 textures\opaque\bp_remade,true,true,5,remarci_4x,false,0,false
w24a0_enta02a.bmp,e21714d60786dfd69a52d499e10c9ba26167f8f4,21984332cb3054f96bb226a64327ec4b5ba6aac9,true,ps2 textures\opaque\bp_remade,true,true,5,remarci_4x,false,0,false
w24a0_enta03.bmp,1f034323042836e090088104478d55f3bf2cb62a,22f6d88dbd4a3842c81e78285b7ee5b0afb4ce3b,true,ps2 textures\opaque\bp_remade,true,true,5,remarci_4x,false,0,false
w24a0_entb00.bmp_6c8a5532d241d23a8784f331456f0989,0c3da5175a44bfa35e727c1952507b009569e29b,bb60ebfb890933c4aa87e7f2618165b4e8b22d3a,true,ps2 textures\opaque\bp_remade,true,true,5,remarci_4x,false,0,false
w24a0_entb02.bmp,d5b8942c29d03c8aa4ca0278987affa56f90e4ea,be9f9d3924f679ba492848d37c7c27ca6da8f5c3,true,ps2 textures\opaque\bp_remade,true,true,5,remarci_4x,false,0,false
w24a0_entb02a.bmp,ff0084a83df908d018f59a20c03ec4fc9ee21f80,06629a4a2d42ce01397a248f422b41df81178f99,true,ps2 textures\opaque\bp_remade,true,true,5,remarci_4x,false,0,false
w24a0_entb03.bmp,10fcf0dedfa2b948e6890e2c5bd68880614c0f66,291c809fc81fd47956f8feaee12da962ef27da6d,true,ps2 textures\opaque\bp_remade,true,true,5,remarci_4x,false,0,false
w24a0_fla01a_alp_ovl.bmp,51dc2eab448a40651b3662b33b5ff8637c42c953,de9f37633755cb5465e9ef9953b2ec99b3c3e07d,true,ps2 textures\HAS ALPHA\bp_remade,false,true,5,remarci_4x,false,0,false
w24a0_fla02a_alp_ovl.bmp,8104888325180f2559267e7c8b2d43c8121eaa98,50cc60786c6db108382f9de9f053bf4354a56ce8,true,ps2 textures\HAS ALPHA\bp_remade,false,true,5,remarci_4x,false,0,false
w24a0_fla04a_alp_ovl.bmp,7742872f901f53371d1863260d994746f31870ec,8500ceb65c4517db6e608ad65bbcf6fb8e430cbe,true,ps2 textures\HAS ALPHA\bp_remade,false,true,5,remarci_4x,false,0,false
w24a0_fla04b_alp_ovl.bmp,3645df8886888cf3a24f4d7d7fda679dcbaec67d,347b169a102a76d97368e5b68008e4156e3d3494,true,ps2 textures\HAS ALPHA\bp_remade,false,true,5,remarci_4x,false,0,false
w24a0_fla04c_alp_ovl.bmp,16b6a9ae9c505c2038ce7cecdd837f87401e78a5,c873f908251f209afbacd1fa610a0fa70d2c8735,true,ps2 textures\HAS ALPHA\bp_remade,false,true,5,remarci_4x,false,0,false
w24a0_fla04d2_alp_ovl.bmp,3123e2e1ae3291d9d189cdefa3d83fc8587c3713,a1deff410f122c52df5c6936f1f774f8de09f908,true,ps2 textures\HAS ALPHA\bp_remade,false,true,5,remarci_4x,false,0,false
w24a0_fla04d_alp_ovl.bmp,b724dc7fb0d2aa2e25acf011e506209f83b38baa,af2df55635b67fad5ade76d7f8a0f4df94ece9b9,true,ps2 textures\HAS ALPHA\bp_remade,false,true,5,remarci_4x,false,0,false
w24a0_fla04e_alp_ovl.bmp,3af973dd5d556045130dfd1066f4e3d3e329384c,684090950109633b3fe6ca9fba4d9eb880e450e4,true,ps2 textures\HAS ALPHA\bp_remade,false,true,5,remarci_4x,false,0,false
w24a0_fla04f_alp_ovl.bmp,f4e9632f1bd201fc966c6c64c263b4fd8e11a92b,ec7fa836bd1f8624b2e3a89ce7ced2399acd064b,true,ps2 textures\HAS ALPHA\bp_remade,false,true,5,remarci_4x,false,0,false
w24a0_fla04g_alp_ovl.bmp,80d35279eec134ec3c149a67ec8fd04226bafdf9,8e7f3a6337db0e9807fe8ece97a7000f1e0a8d12,true,ps2 textures\HAS ALPHA\bp_remade,false,true,5,remarci_4x,false,0,false
w24a0_fla05_alp_ovl.bmp,ce1921ba533149b81c3e5cfc89af674ebdb01b08,44e296f580892207aeea078374e2cfc8883f39bd,true,ps2 textures\HAS ALPHA\bp_remade,false,true,5,remarci_4x,false,0,false
w24a0_fla05a_alp_ovl.bmp,754335dff42feb78461cf38df29d5db3e608dea4,d53c2df706616e2c7a3d3bb891ebb16d6ac6d947,true,ps2 textures\HAS ALPHA\bp_remade,false,true,5,remarci_4x,false,0,false
w24a0_fla06a_alp_ovl.bmp,bcdc6d778a17f2496144285caa7383c2b028958e,7ff09b03159a3c10da242ee4f626dc021f011272,true,ps2 textures\HAS ALPHA\bp_remade,false,true,5,remarci_4x,false,0,false
w24a0_fld01a.bmp,c76f3f00baf602d9dfccc63ae84dcb0e7a23c4d4,6b02849f08a21bd2b6afe096ee3607247083af61,true,ps2 textures\opaque\bp_remade,true,true,5,remarci_4x,false,0,false
w24a0_step04.bmp,4a307a0357e89cfcc2451e75784181ca3ed3b180,226265888ec18bf2a483bda8949b8fe587e10920,true,ps2 textures\opaque\bp_remade,true,true,5,remarci_4x,false,0,false
w24a0_we00a.bmp,563d2b95f3c3c38dbca712456e7dbc264d611b92,2cf104ad3340ccb1e6acc0981d39f3dde3a97a05,true,ps2 textures\opaque\bp_remade,true,true,5,remarci_4x,false,0,false
w24a0_wg01.bmp,d774f6008803f3c89ff97f139cfeeff9d6b7addc,bffba3a0fe2783157fcc8b7ae22b3784f73cbb3d,true,ps2 textures\opaque\bp_remade,true,true,5,remarci_4x,false,0,false
w24a0_wg02.bmp,d3bba338f40092b83eeb027764cae6f5dceee4cd,5842f125aa7f854beac89d983a7d36e5a90f9e75,true,ps2 textures\opaque\bp_remade,true,true,5,remarci_4x,false,0,false
w24a0_wh00.bmp,84b2d8bbd996edf40c01c51e25e247d85b0a463c,8f8d0e02bb07b1b52ec146dfbc13c3dfff7c68f9,true,ps2 textures\opaque\bp_remade,true,true,5,remarci_4x,false,0,false
w24a0_wi01.bmp,fe55ffd1eee9488fbea441ddbd97a21d6cc65322,bc4731ee65a74defb18d9f83ca77cc0c0c11d6c9,true,ps2 textures\opaque\bp_remade,true,true,5,remarci_4x,false,0,false
w24a0_wlit01.bmp,5467cbced957ed7b4d422f5fd259638e372b9710,baf29c62296853bb0a3dc277e21de151c481c7f3,true,ps2 textures\opaque\bp_remade,true,true,5,remarci_4x,false,0,false
w24a1_eyes_sano.bmp,d7edb7e5191d1431b2ef58313c7a1914ddeabe40,c19d6be200a10b7291ec4bd466f643b2ffe0f158,true,ps2 textures\opaque\bp_remade,true,true,5,remarci_4x,false,0,false
w24a1_fl01.bmp,7abc2884ce6e9ae63730b08d74d548bfc2cf1001,de38a4d37f801b47080712b9212d9aa37f18fe36,true,ps2 textures\opaque\bp_remade,true,true,5,remarci_4x,false,0,false
w24a1_fl03.bmp,4a59813a3b84a6d19b4624740e520294f4f37321,cc2e31e296d5c8c70fad687eac1355ee1b19d38f,true,ps2 textures\opaque\bp_remade,true,true,5,remarci_4x,false,0,false
w24a1_fl03a.bmp,66530cafdd25d218667db35f0932d4a482d6c709,1ee6afe1e49171d5ca1ca4d7350c0aa4942be4da,true,ps2 textures\opaque\bp_remade,true,true,5,remarci_4x,false,0,false
w24a1_fl03b.bmp,461ea7b4f0110e3fe1dbf099659b258512024662,407407d230ec98398868058f66cd6b93caa3c057,true,ps2 textures\opaque\bp_remade,true,true,5,remarci_4x,false,0,false
w24a1_w00.bmp,03c19cfffb72093dce3ca664077c22e63ad46bc4,809761f367894d38a3ee7e1bfbf9f6ade0a3329e,true,ps2 textures\opaque\bp_remade,true,true,5,remarci_4x,false,0,false
w24a1_w00a.bmp,ee09229ea440850894b7d7e855f7c2af0c8d0800,eee2e3647f97f53ad595651280525003563be2b9,true,ps2 textures\opaque\bp_remade,true,true,5,remarci_4x,false,0,false
w24a_poster_mog_01.bmp,c8822285caac79e1c16d6ab5dd9b5224b683979d,41a8eae739974ad5c8262cd71b9878956d2d8da8,true,ps2 textures\opaque\bp_remade,true,true,5,remarci_4x,false,0,false
w24a_poster_mog_02.bmp,cf49125298ba49c4ef0c4802d652f8fb8fbcce06,008d020cc4821439cbf60656ec9ed01cd92493b6,true,ps2 textures\opaque\bp_remade,true,true,5,remarci_4x,false,0,false
w24a_pp03b.bmp,411bfc9697df29522e9dcfe12945e794f1ee3848,9c212dc4703a4b3ae9fa22b90412ce9aa0d902dd,true,ps2 textures\opaque\bp_remade,true,true,5,remarci_4x,false,0,false
w24a_pp03c.bmp,c52fa5e58146b942368b807dc91a5f350a8da782,29a3dc0bf46184c2b51b93b848ef39b2dccb700a,true,ps2 textures\opaque\bp_remade,true,true,5,remarci_4x,false,0,false
w24a_pp03d.bmp,42e18d3d402e4c3273e6a00a0d2fd59d4127fc7c,fff5f93bc4e020435c9952926d02b6e7c8cb863a,true,ps2 textures\opaque\bp_remade,true,true,5,remarci_4x,false,0,false
w24b0_box02.bmp,464411f3f95214c54b75caaa4facc14aac09415d,63a0868477350aa7e1414c4b15dceeaa000d4f00,true,ps2 textures\opaque\bp_remade,true,true,5,remarci_4x,false,0,false
w24b0_fl02_alp_ovl.bmp,c02c905399fac8c5600fcd0604bf04105d037a22,2338220644a955bb3775629392c9b6efdc4ca0bd,true,ps2 textures\HAS ALPHA\bp_remade,false,true,5,remarci_4x,false,0,false
w24b0_fla05_alp_ovl.bmp,be9defb9b4dc9525ca168af490822653d17893d3,61fcecd20877544899d8757017b42ea1a02f0882,true,ps2 textures\HAS ALPHA\bp_remade,false,true,5,remarci_4x,false,0,false
w24b0_ms00.bmp,73e4ca254427bd42f32997368b29b0176921b2a1,27da74e6002ce85b842261bccd01d7baf7331acc,true,ps2 textures\opaque\bp_remade,true,true,5,remarci_4x,false,0,false
w24b0_ms02.bmp,ac5084d05e03947ab3278b3d9184757e1861ad45,5229a122eb813bbd1754935cc465c9f9f0e19bd1,true,ps2 textures\opaque\bp_remade,true,true,5,remarci_4x,false,0,false
w24b0_ms02a.bmp,9e3fe1895f84130c296489011a60f5a272e56028,669a7e859703db49eb6e39a7be5c0d84d348bc69,true,ps2 textures\opaque\bp_remade,true,true,5,remarci_4x,false,0,false
w24b0_wa00.bmp,8109408afd72d94bd5a2369fec35ad730c3fe3b7,6e80469bd044802822b1365423222dd83989e228,true,ps2 textures\opaque\bp_remade,true,true,5,remarci_4x,false,0,false
w24b0_wb01.bmp,0b20bd1ca8975cc059e58b82b35f80fff6f2129e,316e9e605b31938db49effabfd1fe3e04e0f6a15,true,ps2 textures\opaque\bp_remade,true,true,5,remarci_4x,false,0,false
w24b0_we00.bmp,46d260535e3566337c5d80d1bf40b2aa81ba9a3b,56fa6d956484e3c7ef46006dd547a5bbd7d0e5c9,true,ps2 textures\opaque\bp_remade,true,true,5,remarci_4x,false,0,false
w24b0_we00a.bmp,557e821f9191f19e700c6d336b0010aa777fdf43,ad6da069ae6bfa04f04186b0200ba9b4a1c7bd15,true,ps2 textures\opaque\bp_remade,true,true,5,remarci_4x,false,0,false
w24b2_fl00.bmp,db249550b40676bac13535751b1544784678590c,f5cd7d908e242770218d79afa2c109fef7d09317,true,ps2 textures\opaque\bp_remade,true,true,5,remarci_4x,false,0,false
w24b2_fl01.bmp,cb199eed389ce2831dea03cdaf01e35d7e93fc57,60c094d0e6afeb73411908fcf2e32abefdf29098,true,ps2 textures\opaque\bp_remade,true,true,5,remarci_4x,false,0,false
w24b2_po01.bmp,347237fcf9344d8e9b393724650eb3821e2fceae,be59b3c36c211023b718baeeec9b013c89e46e2a,true,ps2 textures\opaque\bp_remade,true,true,5,remarci_4x,false,0,false
w24b2_po02.bmp,c93d28968f51482b7bd35aa6a1e8910adcc2c324,fc2c0e5dfd04b00a3d63599868b3882dbf69a67e,true,ps2 textures\opaque\bp_remade,true,true,5,remarci_4x,false,0,false
w24c0_obj07_a.bmp,ae6a2d9b1ee938f94315af3bb27390527bce7cef,f9066d9f622944244eaa32249d51dc988d0b1c02,true,ps2 textures\opaque\bp_remade,true,true,5,remarci_4x,false,0,false
w24c0_obj09a.bmp,be11c7be7720bace46aed15060e4748cae436e3c,c005be9fc475f9cab699f46c4702cba38a8fd769,true,ps2 textures\opaque\bp_remade,true,true,5,remarci_4x,false,0,false
w24c0_sp01.bmp,3bc29d84729812d62434fcb5cf53343aa856bc5f,3d1a796b907087e3af57f11f40011bc48abceef9,true,ps2 textures\opaque\bp_remade,true,true,5,remarci_4x,false,0,false
w24c0_sp01aa.bmp,7684e53b3eb8e2eb6e07b80f56e952625743fd0b,3f8a4058b4d31e46913f6ccffe8b7d5ca3ec8bc7,true,ps2 textures\opaque\bp_remade,true,true,5,remarci_4x,false,0,false
w24c0_sp01c1.bmp,1f8abf3d0b5a1e86e960f1bde9f43c371d41dcea,58587e2c7274308dc194a8f5658debc791422cef,true,ps2 textures\opaque\bp_remade,true,true,5,remarci_4x,false,0,false
w24c0_sp02b.bmp,71a42e8d389980a9388e9c91df22dbdd9b6db649,d35e93c973a57b3b0dcb445ae1a4af9ee221ff0b,true,ps2 textures\opaque\bp_remade,true,true,5,remarci_4x,false,0,false
w24c0_ta06.bmp,4498f8b253eda61eb1f5810a9d5e06a637fa9f10,4569644b69b90e3b3fc4b0dda09e0c73a54664e1,true,ps2 textures\opaque\bp_remade,true,true,5,remarci_4x,false,0,false
w24c0_ta07.bmp,1024d158b38277bfe5adc11dcc5893ce521f3bdf,6a5086b2ac89e51bc77ca4e2cb5216ea410e4bfd,true,ps2 textures\opaque\bp_remade,true,true,5,remarci_4x,false,0,false
w24c0_wa01b.bmp,ab8a72422bfc508219bd43be06f484ce46d52c2f,b4b83ce5bc3e87aa6cc3b09bb0264e8a566817ba,true,ps2 textures\opaque\bp_remade,true,true,5,remarci_4x,false,0,false
w24c0_wa01e2_2.bmp,024a134e55635ccc0f34e03b067fb69c9769bdc9,f3191f66d3ed96d7c0da9510cf25678668cc4b91,true,ps2 textures\opaque\bp_remade,true,true,5,remarci_4x,false,0,false
w24c0_wa01e3.bmp,28498f09a09fa74bc8f3a4c369dd75cdb937f6d0,7885d2258a2ae7fdc9fce3d8fac18a5e3db8a147,true,ps2 textures\opaque\bp_remade,true,true,5,remarci_4x,false,0,false
w24d0_w05.bmp,666582662b4f0ab502e03c361f4e4c48f6daac55,5e563933e29218f44bde31540a194a66541d94c4,true,ps2 textures\opaque\bp_remade,true,true,5,remarci_4x,false,0,false
w25a_fl00a.bmp,72d5ace79cce3021fc73ed2bfde9771fee95a9f9,b44a03c9fafb0cc14fec9d1fef1a4ee7246faa96,true,ps2 textures\opaque\bp_remade,true,true,5,remarci_4x,false,0,false
w25a_fl00b.bmp,52f53aa5d9fe0d3667717c832a6099dce0cf2b6d,7286314d5ee8ce6cdada7e25902be360223af103,true,ps2 textures\opaque\bp_remade,true,true,5,remarci_4x,false,0,false
w25a_fl00c.bmp,542c7364383dcb72ae3cc8a525f83956ac867b2c,10315f374dfef64cfd95e9a8b75fa58286cd8097,true,ps2 textures\opaque\bp_remade,true,true,5,remarci_4x,false,0,false
w25a_fl00d.bmp,00cb5e9116da2e953f5870cc97bae375bf82b5a1,da2564c1e48408821e78fe121d6c0e74aaa8dc4f,true,ps2 textures\opaque\bp_remade,true,true,5,remarci_4x,false,0,false
w25a_fl04.bmp,183c9878f87c1bb3697c5e328f9460916c2a220b,dcb54bec41e9e1117083e44d6fd539e287bd3e8b,true,ps2 textures\opaque\bp_remade,true,true,5,remarci_4x,false,0,false
w25a_fl05a.bmp_eab6a76640eebadec634613e41b4f430,5de461995c527e4a7b73fddddde9d4d00b2dc9ef,45c7a7825e939dbae1ab2b1ce14c56086f7e324b,true,ps2 textures\opaque\bp_remade,true,true,5,remarci_4x,false,0,false
w25a_flu05a.bmp,0225df54abaaba57445c393eb1432b5f48ed63a0,a3ccd4571c8ebec25e564a1c63b777956c39cbf2,true,ps2 textures\opaque\bp_remade,true,true,5,remarci_4x,false,0,false
w25a_h00.bmp_c0f8a236f0a27f1b708076773161c3d1,d63de89d2e5f0e5b5c4432302b9a38e417aeccd6,d54895aa3a1563478a02327ea38dc5264899e772,true,ps2 textures\opaque\bp_remade,true,true,5,remarci_4x,false,0,false
w25a_h01.bmp,b679a4a5bcb0a8c1f76f633da5dafcf205e901d6,2b029fec0fd2a0a3a2b47005fc490e4efe72d540,true,ps2 textures\opaque\bp_remade,true,true,5,remarci_4x,false,0,false
w25a_h03.bmp,dff4b7d192ed68ed5e0520f53e5570d62d507118,c575cec4e1a6a4964f92647bcc92b9f2ce68947d,true,ps2 textures\opaque\bp_remade,true,true,5,remarci_4x,false,0,false
w25a_h03a.bmp,3872cf1d05c70a55450ad31100097e3f61725646,ceb4f85919f3c11e7643c59d16adf9128896a23d,true,ps2 textures\opaque\bp_remade,true,true,5,remarci_4x,false,0,false
w25a_h04a.bmp,8d535f9834c6fdfe60242f3e58a9957036e52c6f,0f8e6ded2de179b1adca79410175c1400817a1ec,true,ps2 textures\opaque\bp_remade,true,true,5,remarci_4x,false,0,false
w25a_h04k.bmp,53a932339c42258f4edfaf557b9db6c9e96c8423,613a6dc0e4a4b69aefa7d705172838943adea14a,true,ps2 textures\opaque\bp_remade,true,true,5,remarci_4x,false,0,false
w25a_tank00.bmp_607cd5e0bf0f5b379a6262cd93f54ffa,5832e04d78563d9f1ab5102e106eaa50dd8a2207,496029567c8098570e73bd54b9c217cf778c9727,true,ps2 textures\opaque\bp_remade,true,true,5,remarci_4x,false,0,false
w25a_tank00a.bmp,84b74f2cf223eb2ff63ff9d3fad69b5159df5adf,c33ff8131d3804bcd82fde1f7c37ca1e4821e308,true,ps2 textures\opaque\bp_remade,true,true,5,remarci_4x,false,0,false
w25a_w00.bmp,3ce80e44db3b644cfdda4bcc3b606ca169d0bacc,6b69bc4f918fea33ff4602ace00f2b796a891aab,true,ps2 textures\opaque\bp_remade,true,true,5,remarci_4x,false,0,false
w25a_w00a.bmp,0512bcd53f3e5c66f3fb677314f5c3b8482d1c5a,edd1b6484cb015a88fed01db1938c802394cfa89,true,ps2 textures\opaque\bp_remade,true,true,5,remarci_4x,false,0,false
w25a_wire01a.bmp,d1f5ee9e3c1eea5b91ca10c0cd5a6dd63a6f32d5,7cdc561e325d4e2c8412abaabcf62935372d89e5,true,ps2 textures\opaque\bp_remade,true,true,5,remarci_4x,false,0,false
w25a_wire01b.bmp,0317a3f4da2b8b159f95f096d79db56f111c523f,e12309df67215306ab0a1042ee5537dec1e889a3,true,ps2 textures\opaque\bp_remade,true,true,5,remarci_4x,false,0,false
w25a_wire01d.bmp,804416f9e1703c905fa07c3bb8336d0f56c2aa3c,aef3372720dfefd2bc2bf739f437cfade5f40e09,true,ps2 textures\opaque\bp_remade,true,true,5,remarci_4x,false,0,false
w25b_fl04b.bmp,89af31081301683380866286ea7a43fd9a86e249,1c28ae934d6b35f958f6da66ee9599dccd29be79,true,ps2 textures\opaque\bp_remade,true,true,5,remarci_4x,false,0,false
w25b_pp01c.bmp,5b4c7477f79a81bd11863f8399045fa52c904fb1,c73ea1a41dbfa1a506f18676bd4e8a3cf059705b,true,ps2 textures\opaque\bp_remade,true,true,5,remarci_4x,false,0,false
w25b_pp04.bmp,6da25640c472e8497b4ceeb1c2bec25b89cfd91e,41d64990a9ad60854f57677064aa843c6ccaed26,true,ps2 textures\opaque\bp_remade,true,true,5,remarci_4x,false,0,false
w25c_fl05a.bmp_5d5c005378747543fddf1e2a161ecf6f,6c73b4d8eae69205c97eb4099af1876c508309c8,32e17b80390afa885e4fa46359e1fbb7ed087770,true,ps2 textures\opaque\bp_remade,true,true,5,remarci_4x,false,0,false
w25c_obj00.bmp,81970d3ef49917e011bceece77c8cbb69850d962,105c3c3d5a7869f76357e8ffc3c72dbf32bcccaa,true,ps2 textures\opaque\bp_remade,true,true,5,remarci_4x,false,0,false
w25c_pp04a.bmp,3289f254c63fb3466c495dcee01c3e1c8c75294c,ee4cfdd8f4a4b7c92f6a57d660a6645cd2607dbe,true,ps2 textures\opaque\bp_remade,true,true,5,remarci_4x,false,0,false
w25c_w00f2.bmp,b643c8bdf8f5ca20c4d7c00c6ee3ad0a684f3c4f,76c49be9ea63d388cae7a4d90258b73eff221fd6,true,ps2 textures\opaque\bp_remade,true,true,5,remarci_4x,false,0,false
w25c_w00f2.bmp_def331845b33cf0d004b8819ab1b47ad,2826a322fa4a182bc2eeee244907a3be6018ff9f,46324e18d3704f2f83ed41517a1cdf49ab4b6d29,true,ps2 textures\opaque\bp_remade,true,true,5,remarci_4x,false,0,false
w25c_w00f3.bmp,0bc786bee0f9e1b7f7f2f68c6ce26f03bf21b073,dea0e5ddf6e3349a417f45658dcc3441a119da09,true,ps2 textures\opaque\bp_remade,true,true,5,remarci_4x,false,0,false
w25c_w00f3.bmp_80bb089f15a6b67db42cdc5ba9154cce,68caad472cbd0b4e093d0729ea022da4b66e9784,75fc3a0e64114942e029c6f5f749ffea8ac6fe6d,true,ps2 textures\opaque\bp_remade,true,true,5,remarci_4x,false,0,false
w25c_w06b2.bmp_e32e56967b81d8e10f197bc69b626128,2ce13b6ee86ba870e21d5899efb41dcf0123e6f8,ef008301915c8adce9179ac28039ec2f93508202,true,ps2 textures\opaque\bp_remade,true,true,5,remarci_4x,false,0,false
w25c_w06b3.bmp_ccfce4ea287dbf204c2ead5e6bbda70c,b7a8f999a95825103a8aa502fcdb895cb822fadd,dcdbcfb5a0701a42aff73ce5adb7776faecd47fa,true,ps2 textures\opaque\bp_remade,true,true,5,remarci_4x,false,0,false
w28a_ana_hari_03.bmp,e102d58ea56bdcd08385a74e05123df5e7530352,6649495a0074292e5b31f6a461b57d50b60125c3,true,ps2 textures\opaque\bp_remade,true,true,5,remarci_4x,false,0,false
w28a_ana_hari_04.bmp,c10f0ba6e841d2a9a993617c3820b28333ab3d2e,71055fe503fdecc97bb633429a12c76239d18b33,true,ps2 textures\opaque\bp_remade,true,true,5,remarci_4x,false,0,false
w28a_ana_hari_05.bmp,7757f28e5ce11d87388100744c9877a5f81f4dd5,759e982e5b1b7b01dc5fa8cd8ee35b6096624af5,true,ps2 textures\opaque\bp_remade,true,true,5,remarci_4x,false,0,false
w28a_ana_light_tome.bmp,9a9d421eae1d6fa7abe4e26400e4ecc0e412d938,0a57f618d470bb6f196b16a74574f284ad224901,true,ps2 textures\opaque\bp_remade,true,true,5,remarci_4x,false,0,false
w28a_ana_pipe_01.bmp,3b2a13ea752f525cf6601fb117189cbf52f68795,d97724b65cf33cc3bb24f5a380fe182d81da5996,true,ps2 textures\opaque\bp_remade,true,true,5,remarci_4x,false,0,false
w28a_ana_pipe_03.bmp,b4c260cfd8980d8d585cbae0a0b1988475f6b4ef,a9980cb44f47edcaa37d6971f947b0d6e58f6139,true,ps2 textures\opaque\bp_remade,true,true,5,remarci_4x,false,0,false
w28a_ana_pipe_tome_01.bmp,f7a09402996ea1e590a848dedb297383cbd88734,963a56ab8277fc10c866e662ffbd5acb0293ec99,true,ps2 textures\opaque\bp_remade,true,true,5,remarci_4x,false,0,false
w28a_ana_pipe_tome_02.bmp,85644833848d705f771cd90245ddbdd5d7589241,79ff7d01a7af9fe55c83870e6635c24665c8811f,true,ps2 textures\opaque\bp_remade,true,true,5,remarci_4x,false,0,false
w28a_ana_wall_01.bmp,1d2e3d3a83d98143888ef757ee6a991a1066a420,efa788be4504b8d798fede810d71ec9cb2736cf2,true,ps2 textures\opaque\bp_remade,true,true,5,remarci_4x,false,0,false
w28a_ana_wall_02.bmp,095377fa57ec5a1fde8e006b5ba82eb15b8bb351,4052ce26e866006429efde7c98f7de0ea1613c9a,true,ps2 textures\opaque\bp_remade,true,true,5,remarci_4x,false,0,false
w28a_ana_wall_03.bmp,4600d684b8a6569fe02122bebc485e0709c66c10,04e39d52aacb205c4b2d2e71cfa2c6b9360ba599,true,ps2 textures\opaque\bp_remade,true,true,5,remarci_4x,false,0,false
w28a_hone_naname.bmp,8c4f420989b14fdc32db679091e6f503ebfe3db4,827a988d2eb26e1cb37fe094c20f55626e1a02f3,true,ps2 textures\opaque\bp_remade,true,true,5,remarci_4x,false,0,false
w28a_pipe_tome_002.bmp,e7ad3b25f217166181e31949c9c20c3de2a9cf83,d4eb0388992bf4c56594232fd261dd9185b7091f,true,ps2 textures\opaque\bp_remade,true,true,5,remarci_4x,false,0,false
w28a_wall_rouka_01.bmp,e3f9b37b7673066b0ead7254f8e17ab4def92176,9f2fcc2810134f9f1cda049600da4c5852f34ff0,true,ps2 textures\opaque\bp_remade,true,true,5,remarci_4x,false,0,false
w28an_ag_light_pipe.bmp,60f77418a763ffb321ed962bf206fc03bc11d436,768fa6daa370ddc685cd769787f7e4d32d7da8e0,true,ps2 textures\opaque\bp_remade,true,true,5,remarci_4x,false,0,false
w28an_ana_box_01.bmp,d6cdf9d98c2ed0daf12e918bf70556a663f15696,eb6750ee2fc69c8d594906028c30a6ec2c8e8e49,true,ps2 textures\opaque\bp_remade,true,true,5,remarci_4x,false,0,false
w28an_ana_box_02.bmp,82951b4431667a6c95f2be6051786f5aa4d10f5b,c4d02d7a2c7e82baec64ba571d9bb2a1fdca5e71,true,ps2 textures\opaque\bp_remade,true,true,5,remarci_4x,false,0,false
w28an_ana_pipe_02.bmp,030bde3d05f67c950c7f630bc0998ab90748e1c9,ec2cb4cfa51d6ca2a9186d5340b0bf698ab4ea2d,true,ps2 textures\opaque\bp_remade,true,true,5,remarci_4x,false,0,false
w28an_exit_alp_ovl.bmp,bd98e1685602c8dccbea94564d6cf20519cdb475,c91618cd34de6037de724066b63403c755b6dcda,true,ps2 textures\HAS ALPHA\bp_remade,false,true,5,remarci_4x,false,0,false
w28an_floor_oku_02.bmp,b009b12574f03b1da4c6dc3b02872437143bb27f,4444f0ec7df380a7dbd65d2eae51ca96a24b5f1b,true,ps2 textures\opaque\bp_remade,true,true,5,remarci_4x,false,0,false
w28an_floor_oku_02a.bmp,81dec4616af743634f2425e589ecd12ce2e06a5f,0ba21081fce0def010d6183aeab49a31c39d0654,true,ps2 textures\opaque\bp_remade,true,true,5,remarci_4x,false,0,false
w28an_mid_box_01.bmp,22baecf310ffe334575736d4c9d252c330544986,a9049c02f89f5c43e2183bab293c7e3c70c054ff,true,ps2 textures\opaque\bp_remade,true,true,5,remarci_4x,false,0,false
w28an_mid_door_fukuro.bmp,f0e94007ce9e79c28b7eb7e0bed113998711f64b,e08cc0bf7d808d545cd8ef7f32e391802bc65321,true,ps2 textures\opaque\bp_remade,true,true,5,remarci_4x,false,0,false
w28an_mid_door_fukuro_02.bmp,2ceda95e2cf5b5ca3dd0992bc5562f0e6b598713,0e948ef0c1632bb3a609c95d646ba5a228461064,true,ps2 textures\opaque\bp_remade,true,true,5,remarci_4x,false,0,false
w28an_mid_door_fukuro_02a.bmp,03e2c339a7444c1c2d61623df7a3e97973a0bdc3,4fe8eed7ab8226309bbe3a3d33935ed67a136c45,true,ps2 textures\opaque\bp_remade,true,true,5,remarci_4x,false,0,false
w28an_pipe_01.bmp,bdc9669c73ce4cf28bc2d2387daacfc3ba195436,0a74c60b0ccea060d9cefefaf333b3f16ccd570b,true,ps2 textures\opaque\bp_remade,true,true,5,remarci_4x,false,0,false
w28an_pipe_02.bmp,92395bc624e95a2d2e77c3e4334555784316bbb8,ad80c4600ef355b5a82775e01494717c84f9e823,true,ps2 textures\opaque\bp_remade,true,true,5,remarci_4x,false,0,false
w28an_pp02.bmp,c1fde85a19fbf4daeea0792b3d62f9a09ae06964,31f40108f10e369938eb7bafb844685ceb061e29,true,ps2 textures\opaque\bp_remade,true,true,5,remarci_4x,false,0,false
w28an_rouka_floor_01.bmp,ca8d122283044ed78f57655021019ffa00bff6e4,3e4e30fa6d61c916c12be82c662a024e6859e3b1,true,ps2 textures\opaque\bp_remade,true,true,5,remarci_4x,false,0,false
w28an_rouka_floor_02.bmp,2ada2fd660411f7614c8f44aaab5387c883871f7,b6ef134e20cd4c5202b676078ba24a78bb37542a,true,ps2 textures\opaque\bp_remade,true,true,5,remarci_4x,false,0,false
w28an_tsr_bar1.bmp,60354a015c8908d39010ffe07edfa5fd0cfd3a3c,01a8af0fcbe1c442d0b199cadbe02a29841f87cd,true,ps2 textures\opaque\bp_remade,true,true,5,remarci_4x,false,0,false
w28an_wall_01.bmp,3153742fa144abf8c64b3a19eb4568cec177d506,a0b268f99eef71229a75d42f92cda014d360e275,true,ps2 textures\opaque\bp_remade,true,true,5,remarci_4x,false,0,false
w28an_wall_03.bmp,98ae8d6f2e860d3a71df1740a1507636db954335,881c097157cb9ce2d2f2eebee07fdb39f97ed896,true,ps2 textures\opaque\bp_remade,true,true,5,remarci_4x,false,0,false
w28an_wall_03b.bmp,fb38e3a7e6fd25fbff8c6caa2f814299915815f7,4d93929a05d2873ccb48254c9a1c8cdb84dd069e,true,ps2 textures\opaque\bp_remade,true,true,5,remarci_4x,false,0,false
w28an_wall_center_01.bmp,b170a27a470b9d18034ea6844600b58a454c8951,e70c4918edd3e99e1d48ae87fc5f151e2b65cc37,true,ps2 textures\opaque\bp_remade,true,true,5,remarci_4x,false,0,false
w28an_wall_center_03.bmp,ee3855b32647311032e2a87b67c4befc97a8e308,3f23148f19edaded0b6acdb8a1786a9eaa8dc51b,true,ps2 textures\opaque\bp_remade,true,true,5,remarci_4x,false,0,false
w28an_wall_door_01.bmp,0a644b4bb6bb98915f6c45e7dc6d81c0c1cede21,c96e8462a89066b7bfcd996942cbe093693ad532,true,ps2 textures\opaque\bp_remade,true,true,5,remarci_4x,false,0,false
w28an_wall_door_01a.bmp,b7d9fef8775653c2bfd13fa0cfabdbef33faa68e,9d5a9cd3917d93edccb97fea64dab4308c2d176d,true,ps2 textures\opaque\bp_remade,true,true,5,remarci_4x,false,0,false
w28an_wall_rouka_02.bmp,da531c4b841efc175ebccd440bcd3bc0922c474e,14beee2cf380479c31dfb1746422d9bf54e6ed25,true,ps2 textures\opaque\bp_remade,true,true,5,remarci_4x,false,0,false
w28an_wall_rouka_02b.bmp,a5420564a448c1e6cb354db96a0cccce3cbdf6a5,beed941997fce26d20086b0fa01c42c2afc5b3a7,true,ps2 textures\opaque\bp_remade,true,true,5,remarci_4x,false,0,false
w28an_wall_rouka_04.bmp,8ffaabc5ae2f9b9ead4f27aff1260018171ab44c,9d7b901d315d2d45766f02163169d1ad2345cdbd,true,ps2 textures\opaque\bp_remade,true,true,5,remarci_4x,false,0,false
w28an_wire_01.bmp,681600a17082fb7261ccdceb9e8caf5cfb63c399,da7ae4592b97db7e26ae26e70e9bb4ad6929910f,true,ps2 textures\opaque\bp_remade,true,true,5,remarci_4x,false,0,false
w31a_box_01.bmp,94ac1d05a3aa57627ee7849d978100ada8648a62,2d5f953f1d40f514cb523c5d3394559fafee390b,true,ps2 textures\opaque\bp_remade,true,true,5,remarci_4x,false,0,false
w31a_box_02.bmp,5b52580a620ee90bf4ae8139df97d3589734c100,57a185fd7ff2bd2ebc0ce73cbb60ecdd97ad63dc,true,ps2 textures\opaque\bp_remade,true,true,5,remarci_4x,false,0,false
w31a_cir_panel_033.bmp,d4b6a5e1061206df35bb4c0f1b4a0bd5d6572dcb,1d9744e85ca086ffc7dde611528755fc0c057d07,true,ps2 textures\opaque\bp_remade,true,true,5,remarci_4x,false,0,false
w31a_cir_panel_04.bmp,4c5ef3533af049a5f139582622c76bc6cd8ec0bb,f46a6b8bd5ed4c52ee248ec26598b5b3712943e6,true,ps2 textures\opaque\bp_remade,true,true,5,remarci_4x,false,0,false
w31a_cir_panel_brk_01.bmp,d6ff0429b693f027a054a082362bda99f1ba7357,f3efdb3c09b3cd48b47be74b32a916ed8a083dc1,true,ps2 textures\opaque\bp_remade,true,true,5,remarci_4x,false,0,false
w31a_cir_panel_brk_02.bmp,6e5c77815d9e61ec1e61670324f8f1c13b58c4cb,1f8d00135597e9c2ed7386c83220f7da3e87f0ab,true,ps2 textures\opaque\bp_remade,true,true,5,remarci_4x,false,0,false
w31a_cir_panel_brk_04.bmp,66bda7f024afb3e853306d18a8eb8bfcdd777257,ebfdebcfff3d0a2666ad1fe7483ca36eb533cd47,true,ps2 textures\opaque\bp_remade,true,true,5,remarci_4x,false,0,false
w31a_cir_panel_brk_05.bmp,505b9ba979d06b6846ab85aa44ae3948e9347425,ea46d63f49fc7ad6b9cc97384cd84151036214aa,true,ps2 textures\opaque\bp_remade,true,true,5,remarci_4x,false,0,false
w31a_denki_01.bmp,4c33d718be43d0fc8cc436b0ccf02c5f8030388a,bc0c6a5e418058d894c4df488b3842dfec014ff0,true,ps2 textures\opaque\bp_remade,true,true,5,remarci_4x,false,0,false
w31a_denki_03.bmp,f2b1aa43c98abbb4f13df5d8e29973f371070d96,870a19429b6a283183a09ad548ea48d698912c68,true,ps2 textures\opaque\bp_remade,true,true,5,remarci_4x,false,0,false
w31a_floor_01.bmp,443b601341a5343c6e7cf04af1dea67b78aa70ca,f94fc6e27598fac2af4305a40ab5f1b11c88ef75,true,ps2 textures\opaque\bp_remade,true,true,5,remarci_4x,false,0,false
w31a_floor_02.bmp,78ab84229aa0d0785b1739b47d26489c849b2f3b,975ed8aa645898b166c69ad87e952f60c78a1148,true,ps2 textures\opaque\bp_remade,true,true,5,remarci_4x,false,0,false
w31a_floor_03.bmp,4ddb5f8aea0b0b3cb1a402a3f5f1eb5bdbb6d7b6,bbace29b8339419454ffaf44b167a5daab345ec0,true,ps2 textures\opaque\bp_remade,true,true,5,remarci_4x,false,0,false
w31a_floor_06.bmp,ca5cdb074f9652c7a410d87cf9093457a08c3825,ce246288fa64aeb4f559e3693b1ac1b2a8f7792f,true,ps2 textures\opaque\bp_remade,true,true,5,remarci_4x,false,0,false
w31a_floor_08.bmp,b1168f0062de5e715af7a0fc7c7fd36d4e0141ce,9b6d9b5f560afeae51779992208a4a51577cca00,true,ps2 textures\opaque\bp_remade,true,true,5,remarci_4x,false,0,false
w31a_floor_10_alp_ovl.bmp,5d8a328c7a6e01d3ceac3af92b6c8734acfa6b9a,e3e641b183dccc0285f5a149d5e0916abdc84eb5,true,ps2 textures\HAS ALPHA\bp_remade,false,true,5,remarci_4x,false,0,false
w31a_floor_ovl_bld090.bmp,837c28d22bb2598efb1447cc22cbef8881e2deb5,013867926f2d9c369553e6d14f56120499c4586b,true,ps2 textures\HAS ALPHA\bp_remade,false,true,5,remarci_4x,false,0,false
w31a_mecha_03.bmp,f48cf887f496cdba987f308790638b9aeeba78f6,d54e9732fb28d38d61539f8dce09ec4c0e2769ed,true,ps2 textures\opaque\bp_remade,true,true,5,remarci_4x,false,0,false
w31a_wall_01.bmp,a4428a75fc964e5149fb39a4e8de2f234c76c3a4,294b5a70f011e3ea60cd77a8a27d03347f77d723,true,ps2 textures\opaque\bp_remade,true,true,5,remarci_4x,false,0,false
w31a_wall_03.bmp,3026d13f559325d915fd07324d5902e876bf7c55,6b0920e0066c05931676cab388d4032956449084,true,ps2 textures\opaque\bp_remade,true,true,5,remarci_4x,false,0,false
w31a_wall_05.bmp,7451928ed83a2aeb186e86be4f816e0d2e17b2fc,b1023bac257c86062a8f453b315363e7d0118ad6,true,ps2 textures\opaque\bp_remade,true,true,5,remarci_4x,false,0,false
w31a_wall_06.bmp,fa41d58651a06cb7d789887775f89ad09d7c4783,8f531e9c2be7b838b61099d82a681348a4d8eb95,true,ps2 textures\opaque\bp_remade,true,true,5,remarci_4x,false,0,false
w31b_door_01.bmp,f2df5aaac2d7a324a113a5722ff22281e92f538f,9e600a06b88a9d71bd15b938ffb1a1bb6cb2c4dc,true,ps2 textures\opaque\bp_remade,true,true,5,remarci_4x,false,0,false
w31b_dox_01.bmp,899edb40a7e8e6553e91bd5877038a1ab35f19a5,ff1fa2ab4dbbaaea6d9ada06b2f32ef8d6efc60d,true,ps2 textures\opaque\bp_remade,true,true,5,remarci_4x,false,0,false
w31b_floor_02.bmp,3061647a30f692317f92a7ba023be6bd3bc43523,622a810b6c1bd1da58f3bc26ec9db0a7d04fdd0b,true,ps2 textures\opaque\bp_remade,true,true,5,remarci_4x,false,0,false
w31b_panel_alp_ovl_06.bmp,b54064c02ef922dc0fd46ffca59df928ec2ef5a0,5f6b665d33403f61f470ba40ac835c18db19357c,true,ps2 textures\HAS ALPHA\bp_remade,false,true,5,remarci_4x,false,0,false
w31b_pipe_05.bmp,9bf50a78a4bf8962fc35c80bb036e095e5cd7abb,3e58e19d932d6aef7ec6a21e83198d821b7d6d7d,true,ps2 textures\opaque\bp_remade,true,true,5,remarci_4x,false,0,false
w31b_roof_04.bmp,fd307a9c10b0cadeb0ceef39fbc2c25ab1f9242d,51c50204cafdefcb065a0b497fe5f3474c9fce80,true,ps2 textures\opaque\bp_remade,true,true,5,remarci_4x,false,0,false
w31b_wall_03.bmp,e9e69bda365c32e4ab31577ce45bbbb46c294640,5373b2d4f45ab75ddacf66e1ad93500a2ba196f3,true,ps2 textures\opaque\bp_remade,true,true,5,remarci_4x,false,0,false
w31c_box_05.bmp,973eeba13ef6b7849201dd53bce1f33c4f091576,ffe2d11a3e55f42c5333421c986346ae52ca38ee,true,ps2 textures\opaque\bp_remade,true,true,5,remarci_4x,false,0,false
w31c_locker_01.bmp,a6f329ae2d4564e24703746c74c6dbc2991a9e64,b97d906f27d6eacb0461fc1a6498c264fce77588,true,ps2 textures\opaque\bp_remade,true,true,5,remarci_4x,false,0,false
w31c_locker_04.bmp,524a3ca47520aa87307fa179e5177028195d72c7,defe22d347071af1f6a2364f01fc77ee668c0a57,true,ps2 textures\opaque\bp_remade,true,true,5,remarci_4x,false,0,false
w31c_wall_08.bmp,8c7813f0cdeb68301e9676b6c088d524cff9dc9c,51d13d7aba95fab238ff29842c622f9639bafd4e,true,ps2 textures\opaque\bp_remade,true,true,5,remarci_4x,false,0,false
w32a_asi00.bmp,f696647202cf19ecbaf1fb2bec08cacd46fd27f1,eec777d68a53b9dd5255138f0ff91f94c25b3450,true,ps2 textures\opaque\bp_remade,true,true,5,remarci_4x,false,0,false
w32a_asi00a.bmp,5db1a11578b09910279987da136771526ca62c8a,bcae968a1076139a989678a2c9a53336d04f3433,true,ps2 textures\opaque\bp_remade,true,true,5,remarci_4x,false,0,false
w32a_asi00b.bmp,ec71c250117b3346444df5a63c75b80ac81be3f7,a0e1e715bb682c5818934b440e0ab12af4473a09,true,ps2 textures\opaque\bp_remade,true,true,5,remarci_4x,false,0,false
w32a_asi00c.bmp,35bc413e0cb5471293e3e7f8c71d3bf7cbb114a5,7428d197c75ae200ba271238a213dd6b0bea7c89,true,ps2 textures\opaque\bp_remade,true,true,5,remarci_4x,false,0,false
w32a_asi00d.bmp,f5fd6611ad45345bfedebb69d5e827b2b5b75451,65ee68209742b00ef052ab8a1ab399790d99d8b8,true,ps2 textures\opaque\bp_remade,true,true,5,remarci_4x,false,0,false
w32a_asi06.bmp,d01c84b23d8c68a542e6cc277caa02e9f86da23d,5d657d051a4c812b32a74a1da7c6b1090b1bf6b1,true,ps2 textures\opaque\bp_remade,true,true,5,remarci_4x,false,0,false
w32a_board04.bmp,cc333da2eca97952621a501466c70637183ce4dc,b667e44708315221746e173deb3909f8fd71e000,true,ps2 textures\opaque\bp_remade,true,true,5,remarci_4x,false,0,false
w32a_fl01.bmp,b52585c77630ce9871750fc81d9ed653db86faab,0d9ada70cd3a080f5f06eb954236830e2ff9c84e,true,ps2 textures\opaque\bp_remade,true,true,5,remarci_4x,false,0,false
w32a_fl01a.bmp,e90eb98f9debd9f1de7de00bc37a1e7558cdb652,3370d7a84176a9ac44b624973b50d1d2005b6482,true,ps2 textures\opaque\bp_remade,true,true,5,remarci_4x,false,0,false
w32a_fl01b.bmp,0f4987bd1a9c2b4cf20ba297c006adb3c6a25f58,b0925660b8c1e65b3b6324577a07ba8175be347f,true,ps2 textures\opaque\bp_remade,true,true,5,remarci_4x,false,0,false
w32a_fl01c.bmp,2c3615f4418243de4ccc013b061d4b601f1193d3,7d527ca73749690473dc342b2dcfea49208b2087,true,ps2 textures\opaque\bp_remade,true,true,5,remarci_4x,false,0,false
w32a_fl01e.bmp,6ef3d0ec163cab09c6dfe76da010de93458b31c6,16c06e14cf45d1a9072cc790fcbc594920dfde00,true,ps2 textures\opaque\bp_remade,true,true,5,remarci_4x,false,0,false
w32a_pp02.bmp_1740c8007a612689abb7c8a3139f35d1,671df40386deece24c924abdc7ba8adbae76b1c1,266e7376d3e861391c8b105b13574052bc3a3ee5,true,ps2 textures\opaque\bp_remade,true,true,5,remarci_4x,false,0,false
w32a_pp02a.bmp_f04b2f338b30c64c7690c44f5e5cbc4f,137de90f22acd6e7864fd2164bdb5c5da66a39c0,3d4fb6fbd7855e6513b208b7e52a037c709b8465,true,ps2 textures\opaque\bp_remade,true,true,5,remarci_4x,false,0,false
w32a_pp03a.bmp_948505e760d2eb64915a2546228b8649,f44ed8fa32743c88c0639eef2501bfcc5e39c170,bf53c2c0601297a5b524f48abeda532032b695c6,true,ps2 textures\opaque\bp_remade,true,true,5,remarci_4x,false,0,false
w32a_sign00.bmp,1b78620e3fa3f9b6a64a65f12bd9c8cf4ae1be9d,a4b0f8e4a6c0f10b7c3e7f7800f37e02cf291639,true,ps2 textures\opaque\bp_remade,true,true,5,remarci_4x,false,0,false
w32a_w02.bmp,bb6b92c544b8c205909f0852341db37782af8462,90e699f73fa4cbe618fde581c6292a6576cae1a3,true,ps2 textures\opaque\bp_remade,true,true,5,remarci_4x,false,0,false
w41a_dr2.bmp,85e869388d87165e7634e0c26da103fb8336c4a7,b3acef270a045e2d16a7d0646441b2ccb45132e3,true,ps2 textures\opaque\bp_remade,true,true,5,remarci_4x,false,0,false
w41a_go_02.bmp,e463783f95e44a4b708b889d3dcb397bd43ae2c4,d716621159de385f3e323d655b43dd770514d7e8,true,ps2 textures\opaque\bp_remade,true,true,5,remarci_4x,false,0,false
w41a_go_03.bmp,21d899ca5ea646516d70c681daaa546c60ba4abb,ae705376f6f15409f4739425d8ce558c13f49b2d,true,ps2 textures\opaque\bp_remade,true,true,5,remarci_4x,false,0,false
w41a_wallsh1_bld090_ovl.bmp,5bb55e8b626ca61f17cf395c9c0e7190cc77aec9,43d3a4cb093ac5d8c3b536bf037726dd8dc9d2f1,true,ps2 textures\HAS ALPHA\bp_remade,false,true,5,remarci_4x,false,0,false
w41a_wallsh3_bld090_ovl.bmp,89d39e2a86644a81a3b7cf46007ab643c073daf9,5e35253d527f2e4eaa2e92e98982d92176c222dd,true,ps2 textures\HAS ALPHA\bp_remade,false,true,5,remarci_4x,false,0,false
w41a_wallsh4_bld090_ovl.bmp,d043266d85b58f03d54b6c9f0ff63ef126ed7b9a,87a79d6546c72f2d3f202caf667c5fd26c4e7aee,true,ps2 textures\HAS ALPHA\bp_remade,false,true,5,remarci_4x,false,0,false
w41a_wallsh6_bld090_ovl.bmp,5e41277f0af34b94e962ce23bbd95ad2a8268830,771c7853b0208bd3646a6b9b1bb676d76578b1c8,true,ps2 textures\HAS ALPHA\bp_remade,false,true,5,remarci_4x,false,0,false
w41a_wallsh7_bld090_ovl.bmp,9595a1bbabb9d7d4a486a2df24fa63c97948d5da,0bd71b18ba317745d6a226441da13d4c1cdad362,true,ps2 textures\HAS ALPHA\bp_remade,false,true,5,remarci_4x,false,0,false
w42a_1f_box_01.bmp_7be7c191af3966ebc5cbc6b019aac0b5,b62557b0349cd2d9b1f06265cde9b8605d2e6d4e,a0871ac96e3feb377ac0a5f19ff6f449cd20dea6,true,ps2 textures\opaque\bp_remade,true,true,5,remarci_4x,false,0,false
w42a_1f_box_01_top.bmp_80244e81becddb60d74eb9908adbdbd3,ab862017b471b636efa04eff3d01328766de1d07,40ed91b4b729a1bc4fec263388fb41ef76b7fc7c,true,ps2 textures\opaque\bp_remade,true,true,5,remarci_4x,false,0,false
w42a_2f_floor_back_03.bmp,357a7898c81311ee1ab6703d4514c039cfb5ee2c,be22d335158b8dfd476dd5714ec87bf2421c47a6,true,ps2 textures\opaque\bp_remade,true,true,5,remarci_4x,false,0,false
w42a_bridge_side_01.bmp_489fc0f70f9ed7725e5293ec1ab58638,6e2c62803a6350671e167aefc5fd57c399caf821,4be9cc84222a8b7bb42e73956d7353d1c14e1133,true,ps2 textures\opaque\bp_remade,true,true,5,remarci_4x,false,0,false
w42a_fence_board_01.bmp,5239db512ee2340cf3e369fc502e96fe4069ad4c,22d2eeba0cd771a20cbbe16fc0dfa9ce070864fc,true,ps2 textures\opaque\bp_remade,true,true,5,remarci_4x,false,0,false
w42a_fence_under_03.bmp,ed6a7f847e3f38be016daf2ddae7896bb2b5929e,0e19ab5e012b2d529b2e2f88abec3f3c6245c392,true,ps2 textures\opaque\bp_remade,true,true,5,remarci_4x,false,0,false
w43a_rouka_floor_01_alp_ovl.bmp,8bbb1847632e132151bcd90192aacd1bb6fff4e5,bd6236887fb991abb58a5bc4a05d995cd26e763e,true,ps2 textures\HAS ALPHA\bp_remade,false,true,5,remarci_4x,false,0,false
w43a_rouka_floor_02_alp_ovl.bmp,b2f692abf6821ea9a9c1db685791f63f3dc8f81d,22e7b2a1a7224284bd033432d00c837373c5d896,true,ps2 textures\HAS ALPHA\bp_remade,false,true,5,remarci_4x,false,0,false
w43a_rouka_floor_03_alp_ovl.bmp,323d972dab53de74698b2056af55ddf75d68744f,3af51f2dd6c0c9a405ddb5c7cb8f2c42b3583146,true,ps2 textures\HAS ALPHA\bp_remade,false,true,5,remarci_4x,false,0,false
w43a_rouka_floor_04_alp_ovl.bmp,a51f9b0ecfe038e7c771ded389b86b3bb4c93f36,ecb280fedeb076317dcc7e9b202c41d8b2a00bd1,true,ps2 textures\HAS ALPHA\bp_remade,false,true,5,remarci_4x,false,0,false
w43a_rouka_floor_06_alp_ovl.bmp,80f7f06900e2ee7051c6dbd2ff5749550785e088,64b47a86ff43190697f3830a27ccba38f403dc12,true,ps2 textures\HAS ALPHA\bp_remade,false,true,5,remarci_4x,false,0,false
w43a_wall_02_alp_ovl.bmp,7bc73ff1c5fb7e01c01d5076af53c141f396be54,7e5711e6a8cde6e42cb785c93a05425c2275424f,true,ps2 textures\HAS ALPHA\bp_remade,false,true,5,remarci_4x,false,0,false
w43a_wall_04_alp_ovl.bmp,6228a42a203c7ee244dd6286e7c356dff6eea4b4,0f767d98892145523fd534bfc637df87bf067b0c,true,ps2 textures\HAS ALPHA\bp_remade,false,true,5,remarci_4x,false,0,false
w43a_wall_05_alp_ovl.bmp,2814a394a8e05e63973b368d7b5befa32d253542,2320ca71ecf58855cad24c963577b1976a04f301,true,ps2 textures\HAS ALPHA\bp_remade,false,true,5,remarci_4x,false,0,false
w43a_wall_09_alp_ovl.bmp,74450bb70bec8ca09c70c4817f06ff9e934fad39,1b4f1e1164481fda3ef963dc7398e0986f2342c2,true,ps2 textures\HAS ALPHA\bp_remade,false,true,5,remarci_4x,false,0,false
w43a_wall_exit_01.bmp,d33287227a047989bab30faf8df970b2b25ce686,73500a9fc4ca5c8692f90e9f2cf6d6a0cf3f8d2c,true,ps2 textures\opaque\bp_remade,true,true,5,remarci_4x,false,0,false
w43a_wall_hashi_02_alp_ovl.bmp,c9d7fbdf8c6243efa7d4b563f64e4cf9564dfc93,37ffe72d1f9af10de65370e3d055440bb8315372,true,ps2 textures\HAS ALPHA\bp_remade,false,true,5,remarci_4x,false,0,false
w43a_wall_hashi_04_alp_ovl.bmp,fe685f6189a6a4e7d47e32186a37c60afe998900,422ce09c55dc7bbf51274abee606a512c5441d4d,true,ps2 textures\HAS ALPHA\bp_remade,false,true,5,remarci_4x,false,0,false
w43a_wall_right_02_alp_ovl.bmp,cb04e7bfc22654be5c7f9a521aa735a8fd704b04,689fbb9b2fee1b39d8bfdfb10665377a5b0039d6,true,ps2 textures\HAS ALPHA\bp_remade,false,true,5,remarci_4x,false,0,false
w43a_wall_right_03_alp_ovl.bmp,99611e46dcfc3db6da947873d90e01264dc22390,fc6643da0ec52040160335611e19eff69b1bc4ab,true,ps2 textures\HAS ALPHA\bp_remade,false,true,5,remarci_4x,false,0,false
w43a_wall_right_06_alp_ovl.bmp,6fae6184fcc756285fae1354510311fb1f3a0497,a75a820f1d84b72a6267719223bb52f0bef04d5d,true,ps2 textures\HAS ALPHA\bp_remade,false,true,5,remarci_4x,false,0,false
w43a_wall_right_08_alp_ovl.bmp,9c1cf25015a9c265b458b4a2b33c7962523a7120,40a35832400da928de2d859f8a6c7ac73a3e8848,true,ps2 textures\HAS ALPHA\bp_remade,false,true,5,remarci_4x,false,0,false
w45a_door_left.bmp,d858d6ee6169a13e5af143baf0f9160ed7822a99,e692032295d927684f3bb2e716a12693739efaa8,true,ps2 textures\opaque\bp_remade,true,true,5,remarci_4x,false,0,false
w45a_door_right.bmp,cb5c94e756c990ee6324f2ec91fc8936c4815382,f7fd2c158de083fb4f0eb59b50a363c770582c75,true,ps2 textures\opaque\bp_remade,true,true,5,remarci_4x,false,0,false
w45a_floor_01.bmp,5da5740796e2f369c3853aff7e0b270a0f233aaf,4d6568a1be4e1762e75c8c9518c5425b674bed66,true,ps2 textures\opaque\bp_remade,true,true,5,remarci_4x,false,0,false
w45a_floor_03.bmp,b43d72559bb61b68c388fe9afd29dec726bf9b58,5201327b17ea6be0cd34aed7f97ebdfafc585da8,true,ps2 textures\opaque\bp_remade,true,true,5,remarci_4x,false,0,false
w61a_bil7_wall1.bmp,fb7dbda46d0c97a1ea15e149c78fb668263027bc,ff547542347a2826f09dbd5fb4fb81518389960b,true,ps2 textures\opaque\bp_remade,true,true,5,remarci_4x,false,0,false
w61a_bil7_wall4_brk.bmp,29dad40a2d98aa027ec8464eb2cd4c3a7829eff9,6799be23a1a52672ae1e58574b5d28997386f73c,true,ps2 textures\opaque\bp_remade,true,true,5,remarci_4x,false,0,false
w61a_douro.bmp,727640f788ab2e6cc31e08299b1d2cef1a489b78,cb0d524a11f40bcd8172cadeb4f7e8fe7ef53a08,true,ps2 textures\opaque\bp_remade,true,true,5,remarci_4x,false,0,false
w61a_grn_ami.bmp,4c14be82acbbc1c478c5d0022c83072136097462,d4ff46280e918db0f1769a0c07defe72c2150f66,true,ps2 textures\opaque\bp_remade,true,true,5,remarci_4x,false,0,false
w61a_hodou1.bmp,445a92d061b139cfd072d1a2fe344643aa5594d3,4182fbc8e37f2110912c7a2eaa91d117232a7f96,true,ps2 textures\opaque\bp_remade,true,true,5,remarci_4x,false,0,false
w61a_jeorge_dai.bmp,408e0e5fce4f92118c137f20cdfa63d7afabe4e0,a1a772c074a8089f26d66215708f85155817c7b9,true,ps2 textures\opaque\bp_remade,true,true,5,remarci_4x,false,0,false
w61a_pillar1.bmp,ec91ca9ce11c7baad386e79708417a95e31ba3a5,f5e0d79899a1c10eab8bb783a4a10df740e81879,true,ps2 textures\opaque\bp_remade,true,true,5,remarci_4x,false,0,false
w62a_bill_h1.bmp,84e2fbdd1f53ef4574595da6bac6d43ec810a7d8,ca59811adb6fef6cb41cf57a176de77ab9b78315,true,ps2 textures\opaque\bp_remade,true,true,5,remarci_4x,false,0,false
walllc1_sh2.bmp,c40d5dab291246004a71a8988fab5e789bdaa5e9,6e5ef4279aca18e9506bdd66cf0bac3461f59cb0,true,ps2 textures\opaque\bp_remade,true,true,5,remarci_4x,false,0,false
walllc1a.bmp,0ef0476c5e95f449e5028e2bc9c92f7e2a3204d0,b525c8b953bf9b05c21abf013783681ea821c28b,true,ps2 textures\opaque\bp_remade,true,true,5,remarci_4x,false,0,false
walllc1a2a.bmp,d4ba99e9054beac4ad9627688f642eba1da172a1,a88c7e681fa553bd6ecc18b50c659096f807c0bc,true,ps2 textures\opaque\bp_remade,true,true,5,remarci_4x,false,0,false
walllc1b.bmp,a038ebb252321809fbeb1dcdee3ce36fdf4d4f9d,e5666e6b03803b0e6b37716c684b6220f1625996,true,ps2 textures\opaque\bp_remade,true,true,5,remarci_4x,false,0,false
wave06.bmp,7b1856ece626859b138996cce9820b266585c04a,e05e6f0355978fe48a23ef81e60f1195be4fcdb9,true,ps2 textures\opaque\bp_remade,true,true,5,remarci_4x,false,0,false
wave06long1.bmp,3264a921a3a31d4b45efb9ab9a52414ddff64cbe,9ef549e10ca9b2d4da2c5eadd69156202a467b05,true,ps2 textures\opaque\bp_remade,true,true,5,remarci_4x,false,0,false
wc1.bmp,4f002738642c04a699be1d1ea406c7da9e8a4136,837080b861fefc053d61cab56a954d1013f89ae6,true,ps2 textures\opaque\bp_remade,true,true,5,remarci_4x,false,0,false
wc1top.bmp,c6ff768910264838a8b1d7c1894399532d052b7f,2065f0f71dddde958f73faa1126a6864516217fb,true,ps2 textures\opaque\bp_remade,true,true,5,remarci_4x,false,0,false
yu_ne.bmp,b0f6f6498ba370102c5c393dbb9b09640cb51c95,a2bb8a99820c11216ac57957c45a5e236fa07273,true,ps2 textures\opaque\bp_remade,true,true,5,remarci_4x,false,0,false
yu_ne2.bmp,3a4ff2b8d86d645ea9a5b0cbcadcf74cc13e400e,42cdcdc0272194970d9ee8a3fd11610cf55ba80f,true,ps2 textures\opaque\bp_remade,true,true,5,remarci_4x,false,0,false
yukamoto_alp_ovl.bmp,ba2c7224de266f53c92f5003bb92c7f5a4eb0a60,bd3bbe7dd246deffdef9d4ba368c945749d345e4,true,ps2 textures\HAS ALPHA\bp_remade,false,true,5,remarci_4x,false,0,false
zoe_pos_n.bmp,1b71edf04fcc2c017ff29ce9a0d6a93512b8f996,18041c8847cbd7199072434eaddd6add411bf51a,true,ps2 textures\opaque\bp_remade,true,true,5,remarci_4x,false,0,false
