full_path,relative_path_to_file,filename_with_extension,file_stem,extension,filesize,sha1
textures/flatlist/ovr_stm/_win/00004ad1.ctxr,textures/flatlist/ovr_stm/_win,00004ad1.ctxr,00004ad1,ctxr,22176,471910a3ab59a2a77f7a14484053c7cd68550477
textures/flatlist/ovr_stm/_win/0000c4dd.ctxr,textures/flatlist/ovr_stm/_win,0000c4dd.ctxr,0000c4dd,ctxr,32928,3aa8c64eee317b9781b298bc453fc722e17ba628
textures/flatlist/ovr_stm/_win/0000c4dd_d0bf2476e36b7e6db64e892154845abf.ctxr,textures/flatlist/ovr_stm/_win,0000c4dd_d0bf2476e36b7e6db64e892154845abf.ctxr,0000c4dd_d0bf2476e36b7e6db64e892154845abf,ctxr,44096,18c4e2fb5b3eb43acdac88d5b0bef42fe983e76e
textures/flatlist/ovr_stm/_win/0000f06e.ctxr,textures/flatlist/ovr_stm/_win,0000f06e.ctxr,0000f06e,ctxr,65696,bc6ab976c4393d72349bbb446e6017ca9861ab21
textures/flatlist/ovr_stm/_win/00012016.ctxr,textures/flatlist/ovr_stm/_win,00012016.ctxr,00012016,ctxr,65696,575733d0db4be67f7fe51d764ce8b34bd9e5f004
textures/flatlist/ovr_stm/_win/00022016.ctxr,textures/flatlist/ovr_stm/_win,00022016.ctxr,00022016,ctxr,65696,2499e3c431bc4891e120373fe28f5e37770b9391
textures/flatlist/ovr_stm/_win/00024ad1.ctxr,textures/flatlist/ovr_stm/_win,00024ad1.ctxr,00024ad1,ctxr,22176,f974f486d3b1d20495c8cf8cc5c8e5a7c23c6a98
textures/flatlist/ovr_stm/_win/0002936b.ctxr,textures/flatlist/ovr_stm/_win,0002936b.ctxr,0002936b,ctxr,44096,8d3b83bc56ee052db0bb5646d55b3dc60ae4cfa5
textures/flatlist/ovr_stm/_win/0002cca2.ctxr,textures/flatlist/ovr_stm/_win,0002cca2.ctxr,0002cca2,ctxr,87776,5aa8f3cfb583889a131ee75c56d4bedfaf1054f2
textures/flatlist/ovr_stm/_win/00032016.ctxr,textures/flatlist/ovr_stm/_win,00032016.ctxr,00032016,ctxr,65696,a2803c1a87535947cad5a8fb496d600e14461eb8
textures/flatlist/ovr_stm/_win/000382c8.ctxr,textures/flatlist/ovr_stm/_win,000382c8.ctxr,000382c8,ctxr,44096,62cbf960c3ce528690e85de1c60a339d30ca83b4
textures/flatlist/ovr_stm/_win/0003c3de.ctxr,textures/flatlist/ovr_stm/_win,0003c3de.ctxr,0003c3de,ctxr,5760,e004237daa1ee3b5abf0fde1102b66d36312ea95
textures/flatlist/ovr_stm/_win/0003c3de_59747dd0818a4f3d78cd7938115b9093.ctxr,textures/flatlist/ovr_stm/_win,0003c3de_59747dd0818a4f3d78cd7938115b9093.ctxr,0003c3de_59747dd0818a4f3d78cd7938115b9093,ctxr,4256,52053839500786e0371e91ab0650d8fbaa5e02b9
textures/flatlist/ovr_stm/_win/00042016.ctxr,textures/flatlist/ovr_stm/_win,00042016.ctxr,00042016,ctxr,65696,a1653f85ff081fcfbafc8f8048fe7a762f3d88dd
textures/flatlist/ovr_stm/_win/000430f2.ctxr,textures/flatlist/ovr_stm/_win,000430f2.ctxr,000430f2,ctxr,131232,954ec5214bb5ecf9d3433e9bf6bb7f392c4783da
textures/flatlist/ovr_stm/_win/00052016.ctxr,textures/flatlist/ovr_stm/_win,00052016.ctxr,00052016,ctxr,65696,b972f5c26917da71804f86bf1bae99ed8dc7d077
textures/flatlist/ovr_stm/_win/00058f79.ctxr,textures/flatlist/ovr_stm/_win,00058f79.ctxr,00058f79,ctxr,2796672,fe892ce25ceb799b6971cf53ecad40da2dfb77b7
textures/flatlist/ovr_stm/_win/00062016.ctxr,textures/flatlist/ovr_stm/_win,00062016.ctxr,00062016,ctxr,65696,18e63dda03b0c1ffc51b90a92d708e545c40b148
textures/flatlist/ovr_stm/_win/00065bbe.ctxr,textures/flatlist/ovr_stm/_win,00065bbe.ctxr,00065bbe,ctxr,87808,8696fd9986858f36770afa77887a6c6fcb6ba801
textures/flatlist/ovr_stm/_win/00068f79.ctxr,textures/flatlist/ovr_stm/_win,00068f79.ctxr,00068f79,ctxr,1398528,8b8aec76117ef2bec66a2eb0575eba67bfad1429
textures/flatlist/ovr_stm/_win/00072016.ctxr,textures/flatlist/ovr_stm/_win,00072016.ctxr,00072016,ctxr,65696,f80151b22e1d9ddb633de6060bfbfe6338085b27
textures/flatlist/ovr_stm/_win/00075bbe.ctxr,textures/flatlist/ovr_stm/_win,00075bbe.ctxr,00075bbe,ctxr,87808,bf0107b8ca865ba307ed5a72132284bffe5a4dd4
textures/flatlist/ovr_stm/_win/00078f79.ctxr,textures/flatlist/ovr_stm/_win,00078f79.ctxr,00078f79,ctxr,1398528,5f950734f9863a8f842507b8b0acd4dd47c7dbf7
textures/flatlist/ovr_stm/_win/0007bc34.ctxr,textures/flatlist/ovr_stm/_win,0007bc34.ctxr,0007bc34,ctxr,1398560,80be378284257bfe02b39bb4940ec18f38a33e10
textures/flatlist/ovr_stm/_win/00082016.ctxr,textures/flatlist/ovr_stm/_win,00082016.ctxr,00082016,ctxr,65696,164567f38b5651f83e0852ec5c6b97cc0cae6635
textures/flatlist/ovr_stm/_win/00085bbe.ctxr,textures/flatlist/ovr_stm/_win,00085bbe.ctxr,00085bbe,ctxr,87808,0018d7c4e6eeabc1851477cd8aeb10e5eca8493b
textures/flatlist/ovr_stm/_win/00085d1e.ctxr,textures/flatlist/ovr_stm/_win,00085d1e.ctxr,00085d1e,ctxr,16544,202565f82aba0298a6d07ad3ebb5b225813d59b0
textures/flatlist/ovr_stm/_win/0008bc34.ctxr,textures/flatlist/ovr_stm/_win,0008bc34.ctxr,0008bc34,ctxr,175232,15afa7c9fc76876166a5c39b6423ac5a89da516e
textures/flatlist/ovr_stm/_win/00096be0.ctxr,textures/flatlist/ovr_stm/_win,00096be0.ctxr,00096be0,ctxr,131232,29081ba46aebb2fbad40fa9321b006a408243dc6
textures/flatlist/ovr_stm/_win/0009bc34.ctxr,textures/flatlist/ovr_stm/_win,0009bc34.ctxr,0009bc34,ctxr,175232,784494c0dbcc97b317a4335c0ef1ce0d91bca85f
textures/flatlist/ovr_stm/_win/0009eb6f.ctxr,textures/flatlist/ovr_stm/_win,0009eb6f.ctxr,0009eb6f,ctxr,44096,13b284490233eec1bfca9de2e59bdf2bf9a71dcf
textures/flatlist/ovr_stm/_win/0009f56f.ctxr,textures/flatlist/ovr_stm/_win,0009f56f.ctxr,0009f56f,ctxr,1048736,1f76c40177c24f933d1d4d7b24de85678c8a209c
textures/flatlist/ovr_stm/_win/0009f66f.ctxr,textures/flatlist/ovr_stm/_win,0009f66f.ctxr,0009f66f,ctxr,22208,2bd56c54d630e75b38114427ad6895c4f0abf130
textures/flatlist/ovr_stm/_win/000a8fc0.ctxr,textures/flatlist/ovr_stm/_win,000a8fc0.ctxr,000a8fc0,ctxr,1048736,9f29cddbd98b477d31de07db9a0027abadb547f8
textures/flatlist/ovr_stm/_win/000aa7de.ctxr,textures/flatlist/ovr_stm/_win,000aa7de.ctxr,000aa7de,ctxr,175200,9c9bea51e1c03eb1a15f9ce0206f0b8e6efdf01f
textures/flatlist/ovr_stm/_win/000b7011.ctxr,textures/flatlist/ovr_stm/_win,000b7011.ctxr,000b7011,ctxr,65696,f03b14ccc43ea77a4553135101537dce1bf389e0
textures/flatlist/ovr_stm/_win/000c59bf.ctxr,textures/flatlist/ovr_stm/_win,000c59bf.ctxr,000c59bf,ctxr,131232,4671cbdf1fef8a21f7d1bb55ef23d67d393df719
textures/flatlist/ovr_stm/_win/000cc716.ctxr,textures/flatlist/ovr_stm/_win,000cc716.ctxr,000cc716,ctxr,87808,a01aa9f920971dec6975b66a6cb4460627d1f05e
textures/flatlist/ovr_stm/_win/000ccd6b.ctxr,textures/flatlist/ovr_stm/_win,000ccd6b.ctxr,000ccd6b,ctxr,175232,d1c813466b1a3775c233f77a40788786eec8f948
textures/flatlist/ovr_stm/_win/000e1a61.ctxr,textures/flatlist/ovr_stm/_win,000e1a61.ctxr,000e1a61,ctxr,131232,2ca0c4fb9b404b0a26d19df48d170f7800e88547
textures/flatlist/ovr_stm/_win/000ebe38.ctxr,textures/flatlist/ovr_stm/_win,000ebe38.ctxr,000ebe38,ctxr,262304,2167d5f0979353f4db22932a35afd3d6278621d8
textures/flatlist/ovr_stm/_win/00100d1b.ctxr,textures/flatlist/ovr_stm/_win,00100d1b.ctxr,00100d1b,ctxr,87776,d213e663e4274787fd54e6e8ca93be08aea0e88d
textures/flatlist/ovr_stm/_win/001087b3.ctxr,textures/flatlist/ovr_stm/_win,001087b3.ctxr,001087b3,ctxr,5792,c87400eecdcfd74361b240b1c6edc4d8db33809c
textures/flatlist/ovr_stm/_win/0010e123.ctxr,textures/flatlist/ovr_stm/_win,0010e123.ctxr,0010e123,ctxr,44096,25c90e1947c845a89e412230d1901f1abf356b61
textures/flatlist/ovr_stm/_win/001187b3.ctxr,textures/flatlist/ovr_stm/_win,001187b3.ctxr,001187b3,ctxr,3040,b2fd5659c6f9c861a2ca30c0174ae3caccfe2e17
textures/flatlist/ovr_stm/_win/0012e9ed.ctxr,textures/flatlist/ovr_stm/_win,0012e9ed.ctxr,0012e9ed,ctxr,32928,401ccab56e58f11d872a6325a348bf276cc1866f
textures/flatlist/ovr_stm/_win/0013486e.ctxr,textures/flatlist/ovr_stm/_win,0013486e.ctxr,0013486e,ctxr,131232,1b751bfbd2f594a76fd21bd9b10ef19f71a1664e
textures/flatlist/ovr_stm/_win/0013547f.ctxr,textures/flatlist/ovr_stm/_win,0013547f.ctxr,0013547f,ctxr,87808,8c7a2f7d8fc3bb007daba7cc19f98ead244a39e9
textures/flatlist/ovr_stm/_win/0014547f.ctxr,textures/flatlist/ovr_stm/_win,0014547f.ctxr,0014547f,ctxr,87808,6f3f6474db0f73d36dc8cca55e621f92910a9c8d
textures/flatlist/ovr_stm/_win/001463f1.ctxr,textures/flatlist/ovr_stm/_win,001463f1.ctxr,001463f1,ctxr,87840,e9dd0c8db3930b7a77269e5aed917d81222f402c
textures/flatlist/ovr_stm/_win/0015547f.ctxr,textures/flatlist/ovr_stm/_win,0015547f.ctxr,0015547f,ctxr,87808,e2393861e570aa55e27e0f138493b2da2592f44d
textures/flatlist/ovr_stm/_win/00158927.ctxr,textures/flatlist/ovr_stm/_win,00158927.ctxr,00158927,ctxr,131232,277fc9c5574beb5d3961de8a7c39033eecaf67db
textures/flatlist/ovr_stm/_win/0016852b.ctxr,textures/flatlist/ovr_stm/_win,0016852b.ctxr,0016852b,ctxr,22208,e875134bee7963ba404e0ff88dac6e009fce68a6
textures/flatlist/ovr_stm/_win/0016bbf5.ctxr,textures/flatlist/ovr_stm/_win,0016bbf5.ctxr,0016bbf5,ctxr,87776,5bf4a6085c140ef7243bc583e57509ccc0d53a9c
textures/flatlist/ovr_stm/_win/0017bbf5.ctxr,textures/flatlist/ovr_stm/_win,0017bbf5.ctxr,0017bbf5,ctxr,175168,ca6c09133c957b31a8c601380b5e30e8364536bc
textures/flatlist/ovr_stm/_win/001a8739.ctxr,textures/flatlist/ovr_stm/_win,001a8739.ctxr,001a8739,ctxr,349952,e8cd919ab31ab4f17bf56b9d0d111297fcd6bf61
textures/flatlist/ovr_stm/_win/001a8739_9b95ed97d41ce0c9da24766f77e0bf35.ctxr,textures/flatlist/ovr_stm/_win,001a8739_9b95ed97d41ce0c9da24766f77e0bf35.ctxr,001a8739_9b95ed97d41ce0c9da24766f77e0bf35,ctxr,349952,fdabdaaa434dca004cee45b8d1c171c5350f0e39
textures/flatlist/ovr_stm/_win/001bb358.ctxr,textures/flatlist/ovr_stm/_win,001bb358.ctxr,001bb358,ctxr,175232,2d64b30694cb4772427e0220a3070f41053a00f7
textures/flatlist/ovr_stm/_win/001cd071.ctxr,textures/flatlist/ovr_stm/_win,001cd071.ctxr,001cd071,ctxr,11264,7e689b8255a19d57ebabb75af39a5ed37193fedf
textures/flatlist/ovr_stm/_win/001f2016.ctxr,textures/flatlist/ovr_stm/_win,001f2016.ctxr,001f2016,ctxr,65696,54280e786d91c6957b49408b85aab7106016f3a4
textures/flatlist/ovr_stm/_win/00202016.ctxr,textures/flatlist/ovr_stm/_win,00202016.ctxr,00202016,ctxr,65696,0354eadc437c7c4cc5fa7754fa6b4aaa045ec505
textures/flatlist/ovr_stm/_win/00207af5.ctxr,textures/flatlist/ovr_stm/_win,00207af5.ctxr,00207af5,ctxr,65696,e1bc9d6e54cff2fa3431fb451c07fb80fae0dfca
textures/flatlist/ovr_stm/_win/0020c7c1.ctxr,textures/flatlist/ovr_stm/_win,0020c7c1.ctxr,0020c7c1,ctxr,87808,7d80808cb774e386d67a1efd2a985e99cb7a0652
textures/flatlist/ovr_stm/_win/0020e3c2.ctxr,textures/flatlist/ovr_stm/_win,0020e3c2.ctxr,0020e3c2,ctxr,44096,c22ae8d378d5571d78ec067d27607fa1862e95fb
textures/flatlist/ovr_stm/_win/0020fb52.ctxr,textures/flatlist/ovr_stm/_win,0020fb52.ctxr,0020fb52,ctxr,87808,6ecb755ec7e5ce7f454469d9b4dd14e9c302fbcb
textures/flatlist/ovr_stm/_win/00212016.ctxr,textures/flatlist/ovr_stm/_win,00212016.ctxr,00212016,ctxr,65696,643b118268fd0e582e6fdade9f171ae8fbe948b0
textures/flatlist/ovr_stm/_win/0021e3c2.ctxr,textures/flatlist/ovr_stm/_win,0021e3c2.ctxr,0021e3c2,ctxr,44096,ae025987ff84eed6ec15e829768a9801056f8e53
textures/flatlist/ovr_stm/_win/00222016.ctxr,textures/flatlist/ovr_stm/_win,00222016.ctxr,00222016,ctxr,65696,8e6fd91ef16f910bea559ce572b3db2fe337760e
textures/flatlist/ovr_stm/_win/0022e3c2.ctxr,textures/flatlist/ovr_stm/_win,0022e3c2.ctxr,0022e3c2,ctxr,44096,8836d84c2c8c477d28b06b110df933a089877b21
textures/flatlist/ovr_stm/_win/00232016.ctxr,textures/flatlist/ovr_stm/_win,00232016.ctxr,00232016,ctxr,65696,07240c76197bfc1cb6994362c16360c5c650a6f5
textures/flatlist/ovr_stm/_win/0023ace3.ctxr,textures/flatlist/ovr_stm/_win,0023ace3.ctxr,0023ace3,ctxr,87808,9ff3fc8cb19b0d0ec2948951d05e434901d58038
textures/flatlist/ovr_stm/_win/00242016.ctxr,textures/flatlist/ovr_stm/_win,00242016.ctxr,00242016,ctxr,65696,06a901d05fed7347c0873b1f35c37d00e9f15c7b
textures/flatlist/ovr_stm/_win/00248df3.ctxr,textures/flatlist/ovr_stm/_win,00248df3.ctxr,00248df3,ctxr,87744,c5941cd42c8bbb0ac027088878c88b620afbb5a4
textures/flatlist/ovr_stm/_win/002515dc.ctxr,textures/flatlist/ovr_stm/_win,002515dc.ctxr,002515dc,ctxr,65696,bbf4f3c5ed88a6b2c81d604ffd549b5fcc5f25d4
textures/flatlist/ovr_stm/_win/00252016.ctxr,textures/flatlist/ovr_stm/_win,00252016.ctxr,00252016,ctxr,65696,ac58d129f2b245245628aaf6af842d1d49f1df96
textures/flatlist/ovr_stm/_win/00253181.ctxr,textures/flatlist/ovr_stm/_win,00253181.ctxr,00253181,ctxr,44064,bbe47759fccf12631c0774972a263414408e5511
textures/flatlist/ovr_stm/_win/00262016.ctxr,textures/flatlist/ovr_stm/_win,00262016.ctxr,00262016,ctxr,65696,3c1215b4cbea2c097ab92fea8819f2160338b139
textures/flatlist/ovr_stm/_win/0026f2fc.ctxr,textures/flatlist/ovr_stm/_win,0026f2fc.ctxr,0026f2fc,ctxr,175232,4c962dea4b3af383906a9f6242ef9c3840936ecc
textures/flatlist/ovr_stm/_win/00272016.ctxr,textures/flatlist/ovr_stm/_win,00272016.ctxr,00272016,ctxr,65696,372d707d3d034dbd899ca85a32caa31a98235fd5
textures/flatlist/ovr_stm/_win/00273921.ctxr,textures/flatlist/ovr_stm/_win,00273921.ctxr,00273921,ctxr,131232,c56a15f7c11da2cec2dd0c7e55a487303911b705
textures/flatlist/ovr_stm/_win/0027ccec.ctxr,textures/flatlist/ovr_stm/_win,0027ccec.ctxr,0027ccec,ctxr,87744,25af27dbc28fac0e8ad9c11bbd3f2d4e20872bfb
textures/flatlist/ovr_stm/_win/002be6b0.ctxr,textures/flatlist/ovr_stm/_win,002be6b0.ctxr,002be6b0,ctxr,131232,dda78e67ec3799584a10b4e26aed6f768d7d48aa
textures/flatlist/ovr_stm/_win/002c9415.ctxr,textures/flatlist/ovr_stm/_win,002c9415.ctxr,002c9415,ctxr,131232,ba5621356804494e9d7250175ab388addacd42dc
textures/flatlist/ovr_stm/_win/002ca269.ctxr,textures/flatlist/ovr_stm/_win,002ca269.ctxr,002ca269,ctxr,32928,b34b3c968318f90cc520c12e7a5f0ac866bdf30f
textures/flatlist/ovr_stm/_win/002ceb42.ctxr,textures/flatlist/ovr_stm/_win,002ceb42.ctxr,002ceb42,ctxr,349920,d943d04c65d5b1e7c771db054633ad6e05325573
textures/flatlist/ovr_stm/_win/002d83df.ctxr,textures/flatlist/ovr_stm/_win,002d83df.ctxr,002d83df,ctxr,131232,667d7d72ddec0585f09cd8dda9d3ab9e70e7a720
textures/flatlist/ovr_stm/_win/002d83df_d6d6e25cebf411fbdc10afdc75e6c763.ctxr,textures/flatlist/ovr_stm/_win,002d83df_d6d6e25cebf411fbdc10afdc75e6c763.ctxr,002d83df_d6d6e25cebf411fbdc10afdc75e6c763,ctxr,131232,1aa5005fe8ad005a5b31a395a278c520ae0a0fdb
textures/flatlist/ovr_stm/_win/002d83e0.ctxr,textures/flatlist/ovr_stm/_win,002d83e0.ctxr,002d83e0,ctxr,131232,5cd1e5a37ea2a3395507636d0e95139f20c83299
textures/flatlist/ovr_stm/_win/002d83e0_fe14aedf8aead9e025a71608da78f12d.ctxr,textures/flatlist/ovr_stm/_win,002d83e0_fe14aedf8aead9e025a71608da78f12d.ctxr,002d83e0_fe14aedf8aead9e025a71608da78f12d,ctxr,131232,1d42cdae6bb22e430d1a737698993fc83f612c8d
textures/flatlist/ovr_stm/_win/002d83e1.ctxr,textures/flatlist/ovr_stm/_win,002d83e1.ctxr,002d83e1,ctxr,11296,6a896a763899657300be6a0f2e7bfc351cd20056
textures/flatlist/ovr_stm/_win/002d83e2.ctxr,textures/flatlist/ovr_stm/_win,002d83e2.ctxr,002d83e2,ctxr,11296,1d6b7014b795b214a0e79c629cb1799339462b03
textures/flatlist/ovr_stm/_win/002d83e3.ctxr,textures/flatlist/ovr_stm/_win,002d83e3.ctxr,002d83e3,ctxr,1632,8f763eac64fb0af7502e799609692e1846e7e087
textures/flatlist/ovr_stm/_win/002d83e4.ctxr,textures/flatlist/ovr_stm/_win,002d83e4.ctxr,002d83e4,ctxr,1632,4475ece8936d38ad2be5b6b837b3c37df470575f
textures/flatlist/ovr_stm/_win/002d83e5.ctxr,textures/flatlist/ovr_stm/_win,002d83e5.ctxr,002d83e5,ctxr,11296,33a3506210b0f606eb9c296ab85c8eebd48125b2
textures/flatlist/ovr_stm/_win/002e7dde.ctxr,textures/flatlist/ovr_stm/_win,002e7dde.ctxr,002e7dde,ctxr,8352,0449bf2a988f114f63578fd7cf1a5f24faaa9e0e
textures/flatlist/ovr_stm/_win/002e7ddf.ctxr,textures/flatlist/ovr_stm/_win,002e7ddf.ctxr,002e7ddf,ctxr,11296,5e4037f55ec3d30916631619976c6f0d0fb1af0e
textures/flatlist/ovr_stm/_win/002e7de0.ctxr,textures/flatlist/ovr_stm/_win,002e7de0.ctxr,002e7de0,ctxr,32928,b9d20e20215f86036be98f7eb3b24f1a8548bd14
textures/flatlist/ovr_stm/_win/002e7de3.ctxr,textures/flatlist/ovr_stm/_win,002e7de3.ctxr,002e7de3,ctxr,5760,b5a2ed79df83a58a0c8b43b700aa0e59ea39f68d
textures/flatlist/ovr_stm/_win/002e7de4.ctxr,textures/flatlist/ovr_stm/_win,002e7de4.ctxr,002e7de4,ctxr,5760,f16728c440312228ec05fb1fd5e008e8b91cf574
textures/flatlist/ovr_stm/_win/002e7de5.ctxr,textures/flatlist/ovr_stm/_win,002e7de5.ctxr,002e7de5,ctxr,16544,4570c167df09a11d4f7a06d46be9d43416a6d0c0
textures/flatlist/ovr_stm/_win/002e8486.ctxr,textures/flatlist/ovr_stm/_win,002e8486.ctxr,002e8486,ctxr,65696,ae124aba9c2f06c60cc5995f3fb6761e5b5bc3e5
textures/flatlist/ovr_stm/_win/002eb6f9.ctxr,textures/flatlist/ovr_stm/_win,002eb6f9.ctxr,002eb6f9,ctxr,131232,43af8465093aa57f4c2db119e7072da8120c8d27
textures/flatlist/ovr_stm/_win/002f0bd0.ctxr,textures/flatlist/ovr_stm/_win,002f0bd0.ctxr,002f0bd0,ctxr,22176,af2bad432bb289a0cb76ae28b12b4114ebea051e
textures/flatlist/ovr_stm/_win/002f1bd0.ctxr,textures/flatlist/ovr_stm/_win,002f1bd0.ctxr,002f1bd0,ctxr,22176,508d668b953ca720bf2aed1361d16a75a2fdea02
textures/flatlist/ovr_stm/_win/002f2bd0.ctxr,textures/flatlist/ovr_stm/_win,002f2bd0.ctxr,002f2bd0,ctxr,22176,dbdcd9bdd94fd346045b9cff114d6b92c4d1a0d1
textures/flatlist/ovr_stm/_win/002f3bd0.ctxr,textures/flatlist/ovr_stm/_win,002f3bd0.ctxr,002f3bd0,ctxr,22176,673eef36eaaf89b3080ba5f9a161797ac4e5af46
textures/flatlist/ovr_stm/_win/002f4bd0.ctxr,textures/flatlist/ovr_stm/_win,002f4bd0.ctxr,002f4bd0,ctxr,22176,aff7ec97a7694fe4b1e15cd7f47cde1db2b64c10
textures/flatlist/ovr_stm/_win/002f5bd0.ctxr,textures/flatlist/ovr_stm/_win,002f5bd0.ctxr,002f5bd0,ctxr,22176,beccff30616a460ca06d138b17b13c8d8df776ad
textures/flatlist/ovr_stm/_win/002f6bd0.ctxr,textures/flatlist/ovr_stm/_win,002f6bd0.ctxr,002f6bd0,ctxr,22176,7f26e31b98332673930b072644f74eb9cee631cf
textures/flatlist/ovr_stm/_win/002f7bd0.ctxr,textures/flatlist/ovr_stm/_win,002f7bd0.ctxr,002f7bd0,ctxr,22176,85f7f558477d3c89fb1821416855774b61987a74
textures/flatlist/ovr_stm/_win/002f8bd0.ctxr,textures/flatlist/ovr_stm/_win,002f8bd0.ctxr,002f8bd0,ctxr,22176,fbeea43e6817e444d6fb0d13fc91db02a4d79db1
textures/flatlist/ovr_stm/_win/00304ad1.ctxr,textures/flatlist/ovr_stm/_win,00304ad1.ctxr,00304ad1,ctxr,22176,48bc988dbb415b598e287e8e1c4926327e1bed6c
textures/flatlist/ovr_stm/_win/0030e529.ctxr,textures/flatlist/ovr_stm/_win,0030e529.ctxr,0030e529,ctxr,8352,2c9fd5fb9564bc10911083946f5f43e0b2aeaaef
textures/flatlist/ovr_stm/_win/0030f164.ctxr,textures/flatlist/ovr_stm/_win,0030f164.ctxr,0030f164,ctxr,87808,08a6129dd4fd74d0d69fa2ec79012e838185f97c
textures/flatlist/ovr_stm/_win/0030fbd0.ctxr,textures/flatlist/ovr_stm/_win,0030fbd0.ctxr,0030fbd0,ctxr,22176,21048e0704a4b23adbce530da89a6bba53d1988a
textures/flatlist/ovr_stm/_win/00310ae2.ctxr,textures/flatlist/ovr_stm/_win,00310ae2.ctxr,00310ae2,ctxr,44096,57bc7826ed88ad95b02f4eb2e045a4ab7a199a64
textures/flatlist/ovr_stm/_win/00310bd0.ctxr,textures/flatlist/ovr_stm/_win,00310bd0.ctxr,00310bd0,ctxr,22176,79c32ca1e5bbb9a993e1a53a94133a52f4476672
textures/flatlist/ovr_stm/_win/00311bd0.ctxr,textures/flatlist/ovr_stm/_win,00311bd0.ctxr,00311bd0,ctxr,22176,547865aa8b2fc024e541c86265c777382c380632
textures/flatlist/ovr_stm/_win/00312bd0.ctxr,textures/flatlist/ovr_stm/_win,00312bd0.ctxr,00312bd0,ctxr,22176,edc7f8e7cdcea7e54757c0c967031c8d0f4e7c02
textures/flatlist/ovr_stm/_win/00313bd0.ctxr,textures/flatlist/ovr_stm/_win,00313bd0.ctxr,00313bd0,ctxr,22176,2f045c79716b1e2e84f341fb67268502ba043f1f
textures/flatlist/ovr_stm/_win/00314bd0.ctxr,textures/flatlist/ovr_stm/_win,00314bd0.ctxr,00314bd0,ctxr,22176,3c7da2a6b88f3bcd0dd9af9b7a482b630abb038a
textures/flatlist/ovr_stm/_win/00315bd0.ctxr,textures/flatlist/ovr_stm/_win,00315bd0.ctxr,00315bd0,ctxr,44064,ed875c84904df94c8f851df67c3588aced76cc8c
textures/flatlist/ovr_stm/_win/00316bd0.ctxr,textures/flatlist/ovr_stm/_win,00316bd0.ctxr,00316bd0,ctxr,22176,1de5d7be4d0c2a592a026b0e8f0292057212b130
textures/flatlist/ovr_stm/_win/00317bd0.ctxr,textures/flatlist/ovr_stm/_win,00317bd0.ctxr,00317bd0,ctxr,22176,3ad69cb7b6848c917cf47ad8f482c85b3145a38a
textures/flatlist/ovr_stm/_win/00318bd0.ctxr,textures/flatlist/ovr_stm/_win,00318bd0.ctxr,00318bd0,ctxr,22176,a06e1ff8371ea99d2e5954ff52147b303cdf3e9a
textures/flatlist/ovr_stm/_win/0031ead8.ctxr,textures/flatlist/ovr_stm/_win,0031ead8.ctxr,0031ead8,ctxr,22176,ec577ea94378536f0695556b6e7eb377e068dd88
textures/flatlist/ovr_stm/_win/00324ad1.ctxr,textures/flatlist/ovr_stm/_win,00324ad1.ctxr,00324ad1,ctxr,22176,e1a3de352a1782f3e788051e6752be690cc115ac
textures/flatlist/ovr_stm/_win/0032ead8.ctxr,textures/flatlist/ovr_stm/_win,0032ead8.ctxr,0032ead8,ctxr,22176,f0edfa789e4a5e74a092521a8dc2171653d1ddc5
textures/flatlist/ovr_stm/_win/0032fbd0.ctxr,textures/flatlist/ovr_stm/_win,0032fbd0.ctxr,0032fbd0,ctxr,22176,a4545247aa4044e1d7e760dd0274035a75f81dc2
textures/flatlist/ovr_stm/_win/00330bd0.ctxr,textures/flatlist/ovr_stm/_win,00330bd0.ctxr,00330bd0,ctxr,22176,819ae99dbf94c34c525500710616753410d0d2d3
textures/flatlist/ovr_stm/_win/00331bd0.ctxr,textures/flatlist/ovr_stm/_win,00331bd0.ctxr,00331bd0,ctxr,22176,5d947ef65a751d217fb7979fbe7c78f54d12c414
textures/flatlist/ovr_stm/_win/00332bd0.ctxr,textures/flatlist/ovr_stm/_win,00332bd0.ctxr,00332bd0,ctxr,22176,b672963b0c88a0de3e832e5875560d8a479423dd
textures/flatlist/ovr_stm/_win/00333bd0.ctxr,textures/flatlist/ovr_stm/_win,00333bd0.ctxr,00333bd0,ctxr,22176,92f44761af28d1a961be97a49ec7eb7871751923
textures/flatlist/ovr_stm/_win/00334bd0.ctxr,textures/flatlist/ovr_stm/_win,00334bd0.ctxr,00334bd0,ctxr,22176,df5fd6fcf6f1ad12508f9e5252931323b38cacfb
textures/flatlist/ovr_stm/_win/00335bd0.ctxr,textures/flatlist/ovr_stm/_win,00335bd0.ctxr,00335bd0,ctxr,22176,baca98c618ac544873b1c0fbbfc971e08c08f871
textures/flatlist/ovr_stm/_win/00336bd0.ctxr,textures/flatlist/ovr_stm/_win,00336bd0.ctxr,00336bd0,ctxr,22176,d075ec1069c074f70714fbd2fe71d9da1ad7f157
textures/flatlist/ovr_stm/_win/00337bd0.ctxr,textures/flatlist/ovr_stm/_win,00337bd0.ctxr,00337bd0,ctxr,22176,a485b385ae149b7cf41371045ce16736c7bb37a7
textures/flatlist/ovr_stm/_win/00338bd0.ctxr,textures/flatlist/ovr_stm/_win,00338bd0.ctxr,00338bd0,ctxr,22176,67f5f23c30d4df42581383b96bb462343ff30161
textures/flatlist/ovr_stm/_win/00344ad1.ctxr,textures/flatlist/ovr_stm/_win,00344ad1.ctxr,00344ad1,ctxr,22176,2238ffb45d61b371b4c3735b06d9f2c44ac822ea
textures/flatlist/ovr_stm/_win/0034852b.ctxr,textures/flatlist/ovr_stm/_win,0034852b.ctxr,0034852b,ctxr,22208,248f07f979932202361c38c2c771aad3d925a5f8
textures/flatlist/ovr_stm/_win/0034fbd0.ctxr,textures/flatlist/ovr_stm/_win,0034fbd0.ctxr,0034fbd0,ctxr,22176,9c44971ce9e7531fc9360e61ab3039d57aaccb5e
textures/flatlist/ovr_stm/_win/00350bd0.ctxr,textures/flatlist/ovr_stm/_win,00350bd0.ctxr,00350bd0,ctxr,22176,e3dbb077dcfac9f86bb2086f461f5f71e579f150
textures/flatlist/ovr_stm/_win/00352bd0.ctxr,textures/flatlist/ovr_stm/_win,00352bd0.ctxr,00352bd0,ctxr,22176,acd71a9de62cc289cf869bcd43fefe2a406d9965
textures/flatlist/ovr_stm/_win/00353bd0.ctxr,textures/flatlist/ovr_stm/_win,00353bd0.ctxr,00353bd0,ctxr,22176,a0d24237ac1c579d9ee338480f0c29953a7ece68
textures/flatlist/ovr_stm/_win/00354bd0.ctxr,textures/flatlist/ovr_stm/_win,00354bd0.ctxr,00354bd0,ctxr,22176,669bb520b76a82d87444a1399c1d669026a0df9e
textures/flatlist/ovr_stm/_win/00355bd0.ctxr,textures/flatlist/ovr_stm/_win,00355bd0.ctxr,00355bd0,ctxr,22176,ac3e69627b0511e3b0550f9f2827740e6086d4f6
textures/flatlist/ovr_stm/_win/00356bd0.ctxr,textures/flatlist/ovr_stm/_win,00356bd0.ctxr,00356bd0,ctxr,22176,6d945cdfa62adf625e67bcb7b346a7cd87e8e54d
textures/flatlist/ovr_stm/_win/00357bd0.ctxr,textures/flatlist/ovr_stm/_win,00357bd0.ctxr,00357bd0,ctxr,22176,f5e7b4784b4386884742691f401d256f4af71066
textures/flatlist/ovr_stm/_win/00358bd0.ctxr,textures/flatlist/ovr_stm/_win,00358bd0.ctxr,00358bd0,ctxr,22176,5b03db0fc8b51c74d6ae771683365f64e73eded6
textures/flatlist/ovr_stm/_win/00364ad1.ctxr,textures/flatlist/ovr_stm/_win,00364ad1.ctxr,00364ad1,ctxr,22176,29e70dbcadd0ee03dc11ec145d9c4a903163d949
textures/flatlist/ovr_stm/_win/00367807.ctxr,textures/flatlist/ovr_stm/_win,00367807.ctxr,00367807,ctxr,16544,43e73ad3e7dbb41dc344bdc4cd65418cebfecf92
textures/flatlist/ovr_stm/_win/0036ea81.ctxr,textures/flatlist/ovr_stm/_win,0036ea81.ctxr,0036ea81,ctxr,175200,e223a81b6ae4216ca90c8e09a46378bd13a15653
textures/flatlist/ovr_stm/_win/0036fbd0.ctxr,textures/flatlist/ovr_stm/_win,0036fbd0.ctxr,0036fbd0,ctxr,22176,5106c0d25588f2ecda327a2f44e7b17a087c3390
textures/flatlist/ovr_stm/_win/00370bd0.ctxr,textures/flatlist/ovr_stm/_win,00370bd0.ctxr,00370bd0,ctxr,22176,3f8646439cddfeefc5fa4b4b37ac233e7288e92a
textures/flatlist/ovr_stm/_win/00371bd0.ctxr,textures/flatlist/ovr_stm/_win,00371bd0.ctxr,00371bd0,ctxr,22176,7692648b290ce2936833a54e998cb9b4d90f1d77
textures/flatlist/ovr_stm/_win/00372bd0.ctxr,textures/flatlist/ovr_stm/_win,00372bd0.ctxr,00372bd0,ctxr,22176,bf1ed4e5c9d8ee8574d88d3294d4b5613ec6a8c8
textures/flatlist/ovr_stm/_win/00373bd0.ctxr,textures/flatlist/ovr_stm/_win,00373bd0.ctxr,00373bd0,ctxr,22176,6bd0b0a9270b4e29df7d030e7b7f61e014c4a29b
textures/flatlist/ovr_stm/_win/00374bd0.ctxr,textures/flatlist/ovr_stm/_win,00374bd0.ctxr,00374bd0,ctxr,22176,ef96982c9d83b01d58db8605e1a74098adda6a95
textures/flatlist/ovr_stm/_win/0037502a.ctxr,textures/flatlist/ovr_stm/_win,0037502a.ctxr,0037502a,ctxr,65696,d995bd8dad93fd411ca6b6d9370652f73165de9c
textures/flatlist/ovr_stm/_win/0037513a.ctxr,textures/flatlist/ovr_stm/_win,0037513a.ctxr,0037513a,ctxr,65696,2c50a615815ef0c74bfb1e39e1fa44c06a56894b
textures/flatlist/ovr_stm/_win/00375bd0.ctxr,textures/flatlist/ovr_stm/_win,00375bd0.ctxr,00375bd0,ctxr,22176,3164f8b831ce541004ac48413faa4add27d79f6e
textures/flatlist/ovr_stm/_win/00376bd0.ctxr,textures/flatlist/ovr_stm/_win,00376bd0.ctxr,00376bd0,ctxr,87776,f43889f44d7efffacbd86e4efd0f95e7163f281b
textures/flatlist/ovr_stm/_win/00380922.ctxr,textures/flatlist/ovr_stm/_win,00380922.ctxr,00380922,ctxr,2097312,da13e696c32ac058882681892306eff672c19844
textures/flatlist/ovr_stm/_win/00384ad1.ctxr,textures/flatlist/ovr_stm/_win,00384ad1.ctxr,00384ad1,ctxr,22176,5e786b437f0480f51d96f3fa9c708aa8d1c9b974
textures/flatlist/ovr_stm/_win/0038e7a7.ctxr,textures/flatlist/ovr_stm/_win,0038e7a7.ctxr,0038e7a7,ctxr,1398592,124243ebd9bd683a5c1abb16c17841c57439247b
textures/flatlist/ovr_stm/_win/0038f08e.ctxr,textures/flatlist/ovr_stm/_win,0038f08e.ctxr,0038f08e,ctxr,44096,05d8c97fe39fc4bbfef249f32e54536bb3d9aebc
textures/flatlist/ovr_stm/_win/0038f2a7.ctxr,textures/flatlist/ovr_stm/_win,0038f2a7.ctxr,0038f2a7,ctxr,1398592,311391d7c7cc0a163bb5995bab29585dba7f6d92
textures/flatlist/ovr_stm/_win/0038f2a7_09a2e59f677ae755c7156ae89bea86a9.ctxr,textures/flatlist/ovr_stm/_win,0038f2a7_09a2e59f677ae755c7156ae89bea86a9.ctxr,0038f2a7_09a2e59f677ae755c7156ae89bea86a9,ctxr,1398592,53d0ddf054ef0c4f41e70db4bb17713a679a86fb
textures/flatlist/ovr_stm/_win/0038f2a7_506b55e6b21d5eaec73ca5aa5ffb9a36.ctxr,textures/flatlist/ovr_stm/_win,0038f2a7_506b55e6b21d5eaec73ca5aa5ffb9a36.ctxr,0038f2a7_506b55e6b21d5eaec73ca5aa5ffb9a36,ctxr,1398592,149a8ec8689fe5d80f3163b779f0f5b40f30c9de
textures/flatlist/ovr_stm/_win/0038f2a7_be3ef19531b3a85625ef614280f2874c.ctxr,textures/flatlist/ovr_stm/_win,0038f2a7_be3ef19531b3a85625ef614280f2874c.ctxr,0038f2a7_be3ef19531b3a85625ef614280f2874c,ctxr,1398592,a5dfa7019b18b59f83a48309478d289cc187996e
textures/flatlist/ovr_stm/_win/003997fd.ctxr,textures/flatlist/ovr_stm/_win,003997fd.ctxr,003997fd,ctxr,32928,32d2d5901cdbdd2eef9da160f3aa5eb62d90986c
textures/flatlist/ovr_stm/_win/003997fd_58fcdefef3f7eda79d7e4a9f65f040ed.ctxr,textures/flatlist/ovr_stm/_win,003997fd_58fcdefef3f7eda79d7e4a9f65f040ed.ctxr,003997fd_58fcdefef3f7eda79d7e4a9f65f040ed,ctxr,131232,70c63892d7caa77d2b4cba267f45d2add486fb7f
textures/flatlist/ovr_stm/_win/0039af8a.ctxr,textures/flatlist/ovr_stm/_win,0039af8a.ctxr,0039af8a,ctxr,4256,ab590badcad8d76cb56951198abf3e796514f921
textures/flatlist/ovr_stm/_win/003a4ad1.ctxr,textures/flatlist/ovr_stm/_win,003a4ad1.ctxr,003a4ad1,ctxr,22176,6b4ed212464dd230e2beb884e45b3a1dc9e5ea9d
textures/flatlist/ovr_stm/_win/003aa501.ctxr,textures/flatlist/ovr_stm/_win,003aa501.ctxr,003aa501,ctxr,131232,507ce4302eae2446b43d9305adc4693ce62a519b
textures/flatlist/ovr_stm/_win/003c4ad1.ctxr,textures/flatlist/ovr_stm/_win,003c4ad1.ctxr,003c4ad1,ctxr,44064,4e06c293fa656604ec6294be8f4ff0793bd79d4f
textures/flatlist/ovr_stm/_win/003c8502.ctxr,textures/flatlist/ovr_stm/_win,003c8502.ctxr,003c8502,ctxr,16544,e38ddf7af916a77b799cc3aa34ee46aeaa85cd42
textures/flatlist/ovr_stm/_win/003d8502.ctxr,textures/flatlist/ovr_stm/_win,003d8502.ctxr,003d8502,ctxr,16544,39dcc26ee2c178bb0defa8c3dd874633b65ec8ab
textures/flatlist/ovr_stm/_win/003e4ad1.ctxr,textures/flatlist/ovr_stm/_win,003e4ad1.ctxr,003e4ad1,ctxr,22176,1cd57a58c193c4318ab591f51168b73ba5a1b85f
textures/flatlist/ovr_stm/_win/003e8502.ctxr,textures/flatlist/ovr_stm/_win,003e8502.ctxr,003e8502,ctxr,16544,7a233f63cced6a2f3fcbf8137e3f749e68b6a609
textures/flatlist/ovr_stm/_win/003e9364.ctxr,textures/flatlist/ovr_stm/_win,003e9364.ctxr,003e9364,ctxr,87808,eb4326ac12714944aca5df3914c3a48a17dd6127
textures/flatlist/ovr_stm/_win/003f8502.ctxr,textures/flatlist/ovr_stm/_win,003f8502.ctxr,003f8502,ctxr,16544,bc8d8dd171a746cba253c8598413c1c564d742cb
textures/flatlist/ovr_stm/_win/003fc7c9.ctxr,textures/flatlist/ovr_stm/_win,003fc7c9.ctxr,003fc7c9,ctxr,44128,2d369c2aa53252f8bd964092303cc4d73851ceb2
textures/flatlist/ovr_stm/_win/00404ad1.ctxr,textures/flatlist/ovr_stm/_win,00404ad1.ctxr,00404ad1,ctxr,22176,f004296fa167fa55e7b19af98f43009b22ebc8a5
textures/flatlist/ovr_stm/_win/00408502.ctxr,textures/flatlist/ovr_stm/_win,00408502.ctxr,00408502,ctxr,8352,43dabb69b140506d814564537c17b48e9af3bea3
textures/flatlist/ovr_stm/_win/0040cd15.ctxr,textures/flatlist/ovr_stm/_win,0040cd15.ctxr,0040cd15,ctxr,175200,fb8ec32be5f1a9ed5f0e082905db1680be37040b
textures/flatlist/ovr_stm/_win/0040eac3.ctxr,textures/flatlist/ovr_stm/_win,0040eac3.ctxr,0040eac3,ctxr,87808,624dba83a60d7cb083ac53862c009caca9cb23dc
textures/flatlist/ovr_stm/_win/00418502.ctxr,textures/flatlist/ovr_stm/_win,00418502.ctxr,00418502,ctxr,32928,5dec2b30f3fd31bff41e5f22c0efe21028425ab2
textures/flatlist/ovr_stm/_win/0041eac3.ctxr,textures/flatlist/ovr_stm/_win,0041eac3.ctxr,0041eac3,ctxr,22208,fb8178859b7fb56acab08ff02ac3fc7849903ace
textures/flatlist/ovr_stm/_win/00424ad1.ctxr,textures/flatlist/ovr_stm/_win,00424ad1.ctxr,00424ad1,ctxr,22176,190c8bd031663a42309b69f9e5b38a8d1b59dac0
textures/flatlist/ovr_stm/_win/00427069.ctxr,textures/flatlist/ovr_stm/_win,00427069.ctxr,00427069,ctxr,2208,0d0f4ca5cf6d59d93004192c9b4e50afeb9f6525
textures/flatlist/ovr_stm/_win/00428502.ctxr,textures/flatlist/ovr_stm/_win,00428502.ctxr,00428502,ctxr,16544,59fd4120b70d09f62c03b91ebe0dda1533f6bb43
textures/flatlist/ovr_stm/_win/0042eac3.ctxr,textures/flatlist/ovr_stm/_win,0042eac3.ctxr,0042eac3,ctxr,22208,1533f5886096dcc67455af9dc6326d5b40156dcf
textures/flatlist/ovr_stm/_win/0043eac3.ctxr,textures/flatlist/ovr_stm/_win,0043eac3.ctxr,0043eac3,ctxr,175232,56c5bf6273880dadea0958a57e96f015e70c3222
textures/flatlist/ovr_stm/_win/00443f1d.ctxr,textures/flatlist/ovr_stm/_win,00443f1d.ctxr,00443f1d,ctxr,44096,ac00f124db94807ff2392610dec568c24fd719a7
textures/flatlist/ovr_stm/_win/00445c5a.ctxr,textures/flatlist/ovr_stm/_win,00445c5a.ctxr,00445c5a,ctxr,4256,14a1abc78615112a0fd18556bf1f5fc109397cbd
textures/flatlist/ovr_stm/_win/00453f1d.ctxr,textures/flatlist/ovr_stm/_win,00453f1d.ctxr,00453f1d,ctxr,44096,836adb4165085f3240421e51c1902fa50457651a
textures/flatlist/ovr_stm/_win/00459114.ctxr,textures/flatlist/ovr_stm/_win,00459114.ctxr,00459114,ctxr,87744,00b67262b2fe56b46dc6ed951f56d980f8095a7b
textures/flatlist/ovr_stm/_win/004613c2.ctxr,textures/flatlist/ovr_stm/_win,004613c2.ctxr,004613c2,ctxr,87808,1cb3745009b8f5085cd458b861013d627305b848
textures/flatlist/ovr_stm/_win/00463f1d.ctxr,textures/flatlist/ovr_stm/_win,00463f1d.ctxr,00463f1d,ctxr,87808,766b90843782945ea53e17499c37619db4e8642a
textures/flatlist/ovr_stm/_win/00469114.ctxr,textures/flatlist/ovr_stm/_win,00469114.ctxr,00469114,ctxr,87744,6ef16ae845f62df6f1060399f1c3d2fd3bf9f229
textures/flatlist/ovr_stm/_win/004750b0.ctxr,textures/flatlist/ovr_stm/_win,004750b0.ctxr,004750b0,ctxr,32928,fa8350a0427f3d90cc7c00e6d394fe35b4cfc8c1
textures/flatlist/ovr_stm/_win/004750b0_b04d2410ad3d8dfa5e0f135d4c15d11e.ctxr,textures/flatlist/ovr_stm/_win,004750b0_b04d2410ad3d8dfa5e0f135d4c15d11e.ctxr,004750b0_b04d2410ad3d8dfa5e0f135d4c15d11e,ctxr,131232,1da45327620e004da064929111d446fdbb6c514d
textures/flatlist/ovr_stm/_win/004767e5.ctxr,textures/flatlist/ovr_stm/_win,004767e5.ctxr,004767e5,ctxr,87808,0a7beb51f850362585e96168fb8ce4c9db6df39c
textures/flatlist/ovr_stm/_win/00479114.ctxr,textures/flatlist/ovr_stm/_win,00479114.ctxr,00479114,ctxr,87744,c365854be31de7ba710d47feddd30c51afaaff85
textures/flatlist/ovr_stm/_win/00481d9d.ctxr,textures/flatlist/ovr_stm/_win,00481d9d.ctxr,00481d9d,ctxr,87808,088541687e0f76332c85acef298e3a41a205f062
textures/flatlist/ovr_stm/_win/004867e5.ctxr,textures/flatlist/ovr_stm/_win,004867e5.ctxr,004867e5,ctxr,87808,0cec09b174fdcd82ba3fd43f944abc8975b0d50e
textures/flatlist/ovr_stm/_win/00491714.ctxr,textures/flatlist/ovr_stm/_win,00491714.ctxr,00491714,ctxr,1048736,76e2cce1d414980d41c51d78df94ae2c9d9e0c9d
textures/flatlist/ovr_stm/_win/00491d9d.ctxr,textures/flatlist/ovr_stm/_win,00491d9d.ctxr,00491d9d,ctxr,44096,d4e200d486cbdcaf1ec673b1d4a74d69d1efbec3
textures/flatlist/ovr_stm/_win/004967e5.ctxr,textures/flatlist/ovr_stm/_win,004967e5.ctxr,004967e5,ctxr,87808,ae5268d93c012569ce827b2407fdad35583851b7
textures/flatlist/ovr_stm/_win/004a67e5.ctxr,textures/flatlist/ovr_stm/_win,004a67e5.ctxr,004a67e5,ctxr,87808,951883b89749e2c3387163473960cf1f254bd9d7
textures/flatlist/ovr_stm/_win/004acd8a.ctxr,textures/flatlist/ovr_stm/_win,004acd8a.ctxr,004acd8a,ctxr,131232,7d9c264413d885dcd14fc4841b2b9dea546138f2
textures/flatlist/ovr_stm/_win/004b67e5.ctxr,textures/flatlist/ovr_stm/_win,004b67e5.ctxr,004b67e5,ctxr,87808,a2022550554268404413e00bb0511f1b5e7e92f0
textures/flatlist/ovr_stm/_win/004c1d9d.ctxr,textures/flatlist/ovr_stm/_win,004c1d9d.ctxr,004c1d9d,ctxr,44096,0da65a04737bb9b9f40f99bb500f25e575414c25
textures/flatlist/ovr_stm/_win/004c67e5.ctxr,textures/flatlist/ovr_stm/_win,004c67e5.ctxr,004c67e5,ctxr,175232,380886569e7c97bdbd4c704758b89c4a0880f610
textures/flatlist/ovr_stm/_win/004c943d.ctxr,textures/flatlist/ovr_stm/_win,004c943d.ctxr,004c943d,ctxr,131232,0617d7b9b387f1e054ec0a2eb32b08740cb963b6
textures/flatlist/ovr_stm/_win/004c9773.ctxr,textures/flatlist/ovr_stm/_win,004c9773.ctxr,004c9773,ctxr,65696,aca60f860447f01392e43845a180fe4eae6d70e8
textures/flatlist/ovr_stm/_win/004cf0ba.ctxr,textures/flatlist/ovr_stm/_win,004cf0ba.ctxr,004cf0ba,ctxr,131232,bc3eaa3fc674140002bbdc8924fac91a42761c5f
textures/flatlist/ovr_stm/_win/004d1d9d.ctxr,textures/flatlist/ovr_stm/_win,004d1d9d.ctxr,004d1d9d,ctxr,44096,9bed169eafab43e773983a0d2edf468d6667e250
textures/flatlist/ovr_stm/_win/004d3971.ctxr,textures/flatlist/ovr_stm/_win,004d3971.ctxr,004d3971,ctxr,131232,ac1befaa6d6691f77f4941c5c4d685ee6ac18e9d
textures/flatlist/ovr_stm/_win/004e6292.ctxr,textures/flatlist/ovr_stm/_win,004e6292.ctxr,004e6292,ctxr,4256,90f94c3c929246555d06509f22f778ff46c9e8c4
textures/flatlist/ovr_stm/_win/004f1d9d.ctxr,textures/flatlist/ovr_stm/_win,004f1d9d.ctxr,004f1d9d,ctxr,131232,82404b31842571428f8e64f9e995bbc03679c294
textures/flatlist/ovr_stm/_win/004f1d9d_86994cb2425e706d85d38eb0d74da538.ctxr,textures/flatlist/ovr_stm/_win,004f1d9d_86994cb2425e706d85d38eb0d74da538.ctxr,004f1d9d_86994cb2425e706d85d38eb0d74da538,ctxr,175232,92d70b1234934ae045cef5a39ae965aee3c53cd1
textures/flatlist/ovr_stm/_win/00501d9d.ctxr,textures/flatlist/ovr_stm/_win,00501d9d.ctxr,00501d9d,ctxr,131232,a9d283b192aec78b6e38417ce86796d641240282
textures/flatlist/ovr_stm/_win/00501d9d_1914ca0e502000992f2d09f0b7a86868.ctxr,textures/flatlist/ovr_stm/_win,00501d9d_1914ca0e502000992f2d09f0b7a86868.ctxr,00501d9d_1914ca0e502000992f2d09f0b7a86868,ctxr,175232,f6bfb7b65fe0e4fe776cb279f4564cdb9e8ea0a0
textures/flatlist/ovr_stm/_win/0052f1a8.ctxr,textures/flatlist/ovr_stm/_win,0052f1a8.ctxr,0052f1a8,ctxr,87808,c6197bc844a4b104ae85c2a98e7a638b4cde8730
textures/flatlist/ovr_stm/_win/0053852b.ctxr,textures/flatlist/ovr_stm/_win,0053852b.ctxr,0053852b,ctxr,22208,e996d36c6d0d0ab4789ee5586327ec46b32d3b9a
textures/flatlist/ovr_stm/_win/005480d6.ctxr,textures/flatlist/ovr_stm/_win,005480d6.ctxr,005480d6,ctxr,87808,885858d05599c185f3bd6b4d1ba26cb3feada57c
textures/flatlist/ovr_stm/_win/0055e1c2.ctxr,textures/flatlist/ovr_stm/_win,0055e1c2.ctxr,0055e1c2,ctxr,262304,d714e0f2aa1716fa985fdd88abf9e6f10d34599e
textures/flatlist/ovr_stm/_win/0056e1c2.ctxr,textures/flatlist/ovr_stm/_win,0056e1c2.ctxr,0056e1c2,ctxr,131232,214dcbcb3408101ddc0992b259e0d3d85e0dcffc
textures/flatlist/ovr_stm/_win/00585d21.ctxr,textures/flatlist/ovr_stm/_win,00585d21.ctxr,00585d21,ctxr,16544,5b5d2e6d17e2159105374e42ac904abbd68449b2
textures/flatlist/ovr_stm/_win/0059975e.ctxr,textures/flatlist/ovr_stm/_win,0059975e.ctxr,0059975e,ctxr,32928,571217fae59bce84277989fceccbf2a9e7e41144
textures/flatlist/ovr_stm/_win/005d4f23.ctxr,textures/flatlist/ovr_stm/_win,005d4f23.ctxr,005d4f23,ctxr,524448,a7e0331f21354fa1d708a59647fdfef78321b3ca
textures/flatlist/ovr_stm/_win/005d4f23_b39e4e9a25db3103157377fb4b8b0fec.ctxr,textures/flatlist/ovr_stm/_win,005d4f23_b39e4e9a25db3103157377fb4b8b0fec.ctxr,005d4f23_b39e4e9a25db3103157377fb4b8b0fec,ctxr,262304,8cf1834a451f5a8e27d160641863054890c049b7
textures/flatlist/ovr_stm/_win/005d8f6f.ctxr,textures/flatlist/ovr_stm/_win,005d8f6f.ctxr,005d8f6f,ctxr,44064,23115ea6c690974bddbb36463b7d0e7caa2091cd
textures/flatlist/ovr_stm/_win/005db736.ctxr,textures/flatlist/ovr_stm/_win,005db736.ctxr,005db736,ctxr,65696,a120313c5e412150c3dca835f3ee907dbf8887c9
textures/flatlist/ovr_stm/_win/005ef82e.ctxr,textures/flatlist/ovr_stm/_win,005ef82e.ctxr,005ef82e,ctxr,87808,d0c2edafaa43b915e9169f6ba56efce4664dbcd5
textures/flatlist/ovr_stm/_win/005fbe37.ctxr,textures/flatlist/ovr_stm/_win,005fbe37.ctxr,005fbe37,ctxr,262304,4ea81ff9b9bc9843cb03295bb7a5b1f242435b69
textures/flatlist/ovr_stm/_win/005ff82e.ctxr,textures/flatlist/ovr_stm/_win,005ff82e.ctxr,005ff82e,ctxr,87808,ad30492552a1f52f25cfac24d9d4586b1c4b06b3
textures/flatlist/ovr_stm/_win/005ff82e_177b36c205877f0112c491da63538970.ctxr,textures/flatlist/ovr_stm/_win,005ff82e_177b36c205877f0112c491da63538970.ctxr,005ff82e_177b36c205877f0112c491da63538970,ctxr,65696,eec05df0214c7f4995554119b34688b62bfc1a56
textures/flatlist/ovr_stm/_win/0060f82e.ctxr,textures/flatlist/ovr_stm/_win,0060f82e.ctxr,0060f82e,ctxr,87808,6510265e1bfb38a1cbe1445666bc1e03063e96e8
textures/flatlist/ovr_stm/_win/0060f82e_0264bded5e12e838c3912158a2f4d769.ctxr,textures/flatlist/ovr_stm/_win,0060f82e_0264bded5e12e838c3912158a2f4d769.ctxr,0060f82e_0264bded5e12e838c3912158a2f4d769,ctxr,65696,c21aa78c1d24aae0123ac77e0d3b6c617d09554d
textures/flatlist/ovr_stm/_win/0061f82e.ctxr,textures/flatlist/ovr_stm/_win,0061f82e.ctxr,0061f82e,ctxr,87808,06ab63a220d8cc8d8d19156f0678912efe1fdbfe
textures/flatlist/ovr_stm/_win/0061f82e_ca18611ab4a038674f959c4e94e7aede.ctxr,textures/flatlist/ovr_stm/_win,0061f82e_ca18611ab4a038674f959c4e94e7aede.ctxr,0061f82e_ca18611ab4a038674f959c4e94e7aede,ctxr,65696,4ac5c46718c4c4e655fa83573a9fbd5827547d25
textures/flatlist/ovr_stm/_win/0062f82e.ctxr,textures/flatlist/ovr_stm/_win,0062f82e.ctxr,0062f82e,ctxr,87808,77f4d38e2bbc26b555ccd21b0d355788ce0cf3db
textures/flatlist/ovr_stm/_win/0062f82e_3db2c3061fabc2281c2dd6b4130eedb9.ctxr,textures/flatlist/ovr_stm/_win,0062f82e_3db2c3061fabc2281c2dd6b4130eedb9.ctxr,0062f82e_3db2c3061fabc2281c2dd6b4130eedb9,ctxr,87808,9c9b31955e93509c3988a20c225ceea199646fce
textures/flatlist/ovr_stm/_win/0063f82e.ctxr,textures/flatlist/ovr_stm/_win,0063f82e.ctxr,0063f82e,ctxr,87808,e64eeaf78a75d713087abbfcf91a0559b860302f
textures/flatlist/ovr_stm/_win/0063f82e_52b985aaa92b3207cd49053dffbf523d.ctxr,textures/flatlist/ovr_stm/_win,0063f82e_52b985aaa92b3207cd49053dffbf523d.ctxr,0063f82e_52b985aaa92b3207cd49053dffbf523d,ctxr,87808,4f6f55e4c61fd64e6203952c45061ecc9cafc331
textures/flatlist/ovr_stm/_win/00645d05.ctxr,textures/flatlist/ovr_stm/_win,00645d05.ctxr,00645d05,ctxr,5760,708aeb03ba5ca0e28bc441507c7ba190b1a4348f
textures/flatlist/ovr_stm/_win/0064f82e.ctxr,textures/flatlist/ovr_stm/_win,0064f82e.ctxr,0064f82e,ctxr,87808,18ae5732de48fd32ecd01392781411f20bbdd0f4
textures/flatlist/ovr_stm/_win/0064f82e_923078466946a3acdea05dbf22e0f6e7.ctxr,textures/flatlist/ovr_stm/_win,0064f82e_923078466946a3acdea05dbf22e0f6e7.ctxr,0064f82e_923078466946a3acdea05dbf22e0f6e7,ctxr,65696,4bdbbf72986ae0654c3e31b4471b017708d842fb
textures/flatlist/ovr_stm/_win/006597ed.ctxr,textures/flatlist/ovr_stm/_win,006597ed.ctxr,006597ed,ctxr,2208,9f06da2880c0c8c16f0df8d2a0e399a805871540
textures/flatlist/ovr_stm/_win/0065f82e_599e1a822c915823a768daf1f6ee7174.ctxr,textures/flatlist/ovr_stm/_win,0065f82e_599e1a822c915823a768daf1f6ee7174.ctxr,0065f82e_599e1a822c915823a768daf1f6ee7174,ctxr,65696,744d1f9c9337eb2544451ec65cad4e9bbac249fb
textures/flatlist/ovr_stm/_win/00667ab6_ef3811ba64502191909b0210b17b8b02.ctxr,textures/flatlist/ovr_stm/_win,00667ab6_ef3811ba64502191909b0210b17b8b02.ctxr,00667ab6_ef3811ba64502191909b0210b17b8b02,ctxr,65696,813d9383bf7b910c2ea1b77f64777846c04c8d9f
textures/flatlist/ovr_stm/_win/006697ed.ctxr,textures/flatlist/ovr_stm/_win,006697ed.ctxr,006697ed,ctxr,2208,09d8547a5934f150cbc69653c237b9702abd9aaf
textures/flatlist/ovr_stm/_win/0066a618.ctxr,textures/flatlist/ovr_stm/_win,0066a618.ctxr,0066a618,ctxr,16544,79166f0413206ffb91a203b9fc72a8b050e85962
textures/flatlist/ovr_stm/_win/0066a618_476d380161520ae923d8f74ede9a2e8d.ctxr,textures/flatlist/ovr_stm/_win,0066a618_476d380161520ae923d8f74ede9a2e8d.ctxr,0066a618_476d380161520ae923d8f74ede9a2e8d,ctxr,16544,fd45b50acbcde7caf81b77f07c95cb641c85bd7b
textures/flatlist/ovr_stm/_win/0066f82e_e37d08b66c98c80f675d8c6d9a2cebdb.ctxr,textures/flatlist/ovr_stm/_win,0066f82e_e37d08b66c98c80f675d8c6d9a2cebdb.ctxr,0066f82e_e37d08b66c98c80f675d8c6d9a2cebdb,ctxr,65696,a292da37fad1838031fcce852566231f4f4a0518
textures/flatlist/ovr_stm/_win/00671d9d.ctxr,textures/flatlist/ovr_stm/_win,00671d9d.ctxr,00671d9d,ctxr,87808,964c4c31c052893bce46d60ba86345d5bed3a26a
textures/flatlist/ovr_stm/_win/00675c5a.ctxr,textures/flatlist/ovr_stm/_win,00675c5a.ctxr,00675c5a,ctxr,16544,44253d48fe97266f1cd7e66744e933974b5e29b6
textures/flatlist/ovr_stm/_win/0067a618.ctxr,textures/flatlist/ovr_stm/_win,0067a618.ctxr,0067a618,ctxr,65696,ae9728073b701bf96de32c572506873197de2933
textures/flatlist/ovr_stm/_win/00681d9d.ctxr,textures/flatlist/ovr_stm/_win,00681d9d.ctxr,00681d9d,ctxr,87808,da88b2304fee7c41695a5a1c5076516af50b4b29
textures/flatlist/ovr_stm/_win/00689021.ctxr,textures/flatlist/ovr_stm/_win,00689021.ctxr,00689021,ctxr,32928,c638e6903074e4fd93d6c70d0a9cc6faea22dc54
textures/flatlist/ovr_stm/_win/0068a618.ctxr,textures/flatlist/ovr_stm/_win,0068a618.ctxr,0068a618,ctxr,11296,cf11866ef95e012c72ca27d700c1e82ac8594a15
textures/flatlist/ovr_stm/_win/0068a618_ba9ef0a583a2d517886f9b6c53e96e92.ctxr,textures/flatlist/ovr_stm/_win,0068a618_ba9ef0a583a2d517886f9b6c53e96e92.ctxr,0068a618_ba9ef0a583a2d517886f9b6c53e96e92,ctxr,11296,1de8084eaeceb276ef61c5ecb2074c0331061249
textures/flatlist/ovr_stm/_win/00691d9d.ctxr,textures/flatlist/ovr_stm/_win,00691d9d.ctxr,00691d9d,ctxr,175232,fa0226c1413fc3b2ba043b3e5e375d5cf0bb07bb
textures/flatlist/ovr_stm/_win/00699021.ctxr,textures/flatlist/ovr_stm/_win,00699021.ctxr,00699021,ctxr,65696,895b0eb2436a11095c290c6d394861626fa8c178
textures/flatlist/ovr_stm/_win/006997ed_b20d65f1089467ce6fec4d3a8c8134c8.ctxr,textures/flatlist/ovr_stm/_win,006997ed_b20d65f1089467ce6fec4d3a8c8134c8.ctxr,006997ed_b20d65f1089467ce6fec4d3a8c8134c8,ctxr,16544,b9a2c13e0d0b64f9974692609e96062b2eff42be
textures/flatlist/ovr_stm/_win/0069e496.ctxr,textures/flatlist/ovr_stm/_win,0069e496.ctxr,0069e496,ctxr,32928,9add19e18ec449240c29f1aed6afa129676314ff
textures/flatlist/ovr_stm/_win/006a97ed.ctxr,textures/flatlist/ovr_stm/_win,006a97ed.ctxr,006a97ed,ctxr,5760,ac1c702d4ae3d9614f882271b5bc0ddb13b34ab2
textures/flatlist/ovr_stm/_win/006a9dfd.ctxr,textures/flatlist/ovr_stm/_win,006a9dfd.ctxr,006a9dfd,ctxr,11264,acb9056b1fa5650d4c3c665984739129d21e2244
textures/flatlist/ovr_stm/_win/006aa618.ctxr,textures/flatlist/ovr_stm/_win,006aa618.ctxr,006aa618,ctxr,11296,7e9fda57e4b17115ccc27713fabcd2284ac8f8f9
textures/flatlist/ovr_stm/_win/006aa618_5e5881ab87a4498b100e3983cca31058.ctxr,textures/flatlist/ovr_stm/_win,006aa618_5e5881ab87a4498b100e3983cca31058.ctxr,006aa618_5e5881ab87a4498b100e3983cca31058,ctxr,22176,38f8db51355ddfd5799a11f74109f9afa6129a6d
textures/flatlist/ovr_stm/_win/006af2ba.ctxr,textures/flatlist/ovr_stm/_win,006af2ba.ctxr,006af2ba,ctxr,65696,01614910e8ea64e7ea00e09a08ed7263ad4597c2
textures/flatlist/ovr_stm/_win/006af2bb.ctxr,textures/flatlist/ovr_stm/_win,006af2bb.ctxr,006af2bb,ctxr,16544,2f59985d14d6db5c30557288b6fe6bc1e89a7905
textures/flatlist/ovr_stm/_win/006b508f.ctxr,textures/flatlist/ovr_stm/_win,006b508f.ctxr,006b508f,ctxr,16544,26c280f59dbadbe2762c15b417fa8be1330bd35c
textures/flatlist/ovr_stm/_win/006b9021.ctxr,textures/flatlist/ovr_stm/_win,006b9021.ctxr,006b9021,ctxr,65696,3956451202779093446c39874d421ccfd45ae0aa
textures/flatlist/ovr_stm/_win/006b97ed.ctxr,textures/flatlist/ovr_stm/_win,006b97ed.ctxr,006b97ed,ctxr,5760,6e9d36a008fefb6f56ba3710a3cbf22842a65967
textures/flatlist/ovr_stm/_win/006ba618.ctxr,textures/flatlist/ovr_stm/_win,006ba618.ctxr,006ba618,ctxr,32928,0db151730db25956220cff52fa49b537e01803b6
textures/flatlist/ovr_stm/_win/006bcf85.ctxr,textures/flatlist/ovr_stm/_win,006bcf85.ctxr,006bcf85,ctxr,131232,5fbd9037fa4b76e4263fc5e5f1cbf2db4f890d9b
textures/flatlist/ovr_stm/_win/006bcf85_3bbce8b6d10a47883f9038737995145a.ctxr,textures/flatlist/ovr_stm/_win,006bcf85_3bbce8b6d10a47883f9038737995145a.ctxr,006bcf85_3bbce8b6d10a47883f9038737995145a,ctxr,65696,cdef0a2e2d9674b0ebbd63e2c1c899d0892cee33
textures/flatlist/ovr_stm/_win/006bf7fe.ctxr,textures/flatlist/ovr_stm/_win,006bf7fe.ctxr,006bf7fe,ctxr,87808,f4c8b1a4cd2da530e7d50b597d5404f11fc27396
textures/flatlist/ovr_stm/_win/006c556d.ctxr,textures/flatlist/ovr_stm/_win,006c556d.ctxr,006c556d,ctxr,22240,b6a9b3e3eec90e40bcf1ee0556acab942e97031b
textures/flatlist/ovr_stm/_win/006c97ed.ctxr,textures/flatlist/ovr_stm/_win,006c97ed.ctxr,006c97ed,ctxr,5760,1de92a328b7d46ec82636d1b1f536a394106d1a3
textures/flatlist/ovr_stm/_win/006caeb5.ctxr,textures/flatlist/ovr_stm/_win,006caeb5.ctxr,006caeb5,ctxr,5792,fa4081e3427fa8e6ec934e49fadc66ef6506408c
textures/flatlist/ovr_stm/_win/006cc7ed.ctxr,textures/flatlist/ovr_stm/_win,006cc7ed.ctxr,006cc7ed,ctxr,32928,d1c995a1daaddc7b7050fa002b6fa2814f3bc26f
textures/flatlist/ovr_stm/_win/006d556d.ctxr,textures/flatlist/ovr_stm/_win,006d556d.ctxr,006d556d,ctxr,11296,2f5a5a5744dc45a826fe9d972240e7401396aa73
textures/flatlist/ovr_stm/_win/006d9021.ctxr,textures/flatlist/ovr_stm/_win,006d9021.ctxr,006d9021,ctxr,65696,3499ab946587939ac429e98c041b6bb51d3fc06a
textures/flatlist/ovr_stm/_win/006daeb5.ctxr,textures/flatlist/ovr_stm/_win,006daeb5.ctxr,006daeb5,ctxr,32928,ac8834adf62059fa314d380b61e169b91e6c0907
textures/flatlist/ovr_stm/_win/006e6ff1.ctxr,textures/flatlist/ovr_stm/_win,006e6ff1.ctxr,006e6ff1,ctxr,2097312,68d0921231873a40fd202b8f692e8e7e3733f5e4
textures/flatlist/ovr_stm/_win/006e99ea.ctxr,textures/flatlist/ovr_stm/_win,006e99ea.ctxr,006e99ea,ctxr,262304,b85f5285960e1c21af9d72e9ab22464cef09e99c
textures/flatlist/ovr_stm/_win/006eaeb5.ctxr,textures/flatlist/ovr_stm/_win,006eaeb5.ctxr,006eaeb5,ctxr,131232,68b507821cce54508dd3cf1bb0b2a0230cefb7ea
textures/flatlist/ovr_stm/_win/006f2b75.ctxr,textures/flatlist/ovr_stm/_win,006f2b75.ctxr,006f2b75,ctxr,65696,0d1d8d4bd1fb5d28e5c332af9d60abd644c43207
textures/flatlist/ovr_stm/_win/006f6ff1.ctxr,textures/flatlist/ovr_stm/_win,006f6ff1.ctxr,006f6ff1,ctxr,131232,673095fe1a719c9cc0dc1a8084b47ce92f4b0b29
textures/flatlist/ovr_stm/_win/006f7421.ctxr,textures/flatlist/ovr_stm/_win,006f7421.ctxr,006f7421,ctxr,175200,1425fda88c9f69689dac40c068cd0e1bc26dd915
textures/flatlist/ovr_stm/_win/006faeb5.ctxr,textures/flatlist/ovr_stm/_win,006faeb5.ctxr,006faeb5,ctxr,262304,4fdae7f39c6702f26c4129dec2b1c8560c20c9d8
textures/flatlist/ovr_stm/_win/00704ad1.ctxr,textures/flatlist/ovr_stm/_win,00704ad1.ctxr,00704ad1,ctxr,22176,a404cf61753fe4a248d02029bff8ec75c344ace0
textures/flatlist/ovr_stm/_win/00706ff1.ctxr,textures/flatlist/ovr_stm/_win,00706ff1.ctxr,00706ff1,ctxr,65696,e07857c1aa85c282f0f78b858bf39e26fa2f1b83
textures/flatlist/ovr_stm/_win/0070aeb5.ctxr,textures/flatlist/ovr_stm/_win,0070aeb5.ctxr,0070aeb5,ctxr,524448,5836072bdaa7cf572e98dcf1debbae6d6249c81a
textures/flatlist/ovr_stm/_win/00710601.ctxr,textures/flatlist/ovr_stm/_win,00710601.ctxr,00710601,ctxr,65696,d27e0dd045b5cfc1b80541d9b367ac62821cb62d
textures/flatlist/ovr_stm/_win/00716ff1.ctxr,textures/flatlist/ovr_stm/_win,00716ff1.ctxr,00716ff1,ctxr,16544,189a0c8b618c44180add7c8f22837657ddee1d02
textures/flatlist/ovr_stm/_win/0072466d.ctxr,textures/flatlist/ovr_stm/_win,0072466d.ctxr,0072466d,ctxr,175168,0364bb21740ab2ae567cfac54833f3ccde957210
textures/flatlist/ovr_stm/_win/007246ed.ctxr,textures/flatlist/ovr_stm/_win,007246ed.ctxr,007246ed,ctxr,175168,831a4389ae8ee4921c585b683a31c33d97ee198f
textures/flatlist/ovr_stm/_win/0072476d.ctxr,textures/flatlist/ovr_stm/_win,0072476d.ctxr,0072476d,ctxr,175168,eef4729c2272943d6a49c915cea998237faa981c
textures/flatlist/ovr_stm/_win/00724ad1.ctxr,textures/flatlist/ovr_stm/_win,00724ad1.ctxr,00724ad1,ctxr,22176,27d7e38727ec875afdcae4ada520bf797c7f9b57
textures/flatlist/ovr_stm/_win/007255d8.ctxr,textures/flatlist/ovr_stm/_win,007255d8.ctxr,007255d8,ctxr,22176,5a0ef5bf5167cc3cde7ce77e93a31f388da44e29
textures/flatlist/ovr_stm/_win/00726ff1.ctxr,textures/flatlist/ovr_stm/_win,00726ff1.ctxr,00726ff1,ctxr,65696,af6cc83dba0e7d257f9074d82525e8aa4c1c0b3d
textures/flatlist/ovr_stm/_win/00736ff1.ctxr,textures/flatlist/ovr_stm/_win,00736ff1.ctxr,00736ff1,ctxr,16544,07ce028388b247adfd83cddac921ab810ef0c4a6
textures/flatlist/ovr_stm/_win/0073ecb6.ctxr,textures/flatlist/ovr_stm/_win,0073ecb6.ctxr,0073ecb6,ctxr,131232,fe9999eb776d2d2b427df0dc8cf2f8a96c3e2881
textures/flatlist/ovr_stm/_win/00744ad1.ctxr,textures/flatlist/ovr_stm/_win,00744ad1.ctxr,00744ad1,ctxr,22176,0a06c3f23ea4ad43ec602ae3790d7cac3ed75c29
textures/flatlist/ovr_stm/_win/00746ff1.ctxr,textures/flatlist/ovr_stm/_win,00746ff1.ctxr,00746ff1,ctxr,32928,a86a72f955d25585eaa78e3cc06c3c3431b98086
textures/flatlist/ovr_stm/_win/00749dfd.ctxr,textures/flatlist/ovr_stm/_win,00749dfd.ctxr,00749dfd,ctxr,5760,45081573ab1d8552813e0945fd2f252e34bdcef4
textures/flatlist/ovr_stm/_win/007559f0.ctxr,textures/flatlist/ovr_stm/_win,007559f0.ctxr,007559f0,ctxr,32928,3db2205426e669929abb6faf170dec55d94348ea
textures/flatlist/ovr_stm/_win/00758632.ctxr,textures/flatlist/ovr_stm/_win,00758632.ctxr,00758632,ctxr,175232,c50d4838fd9e4145eb5bf717e4015258b46b2873
textures/flatlist/ovr_stm/_win/00764ad1.ctxr,textures/flatlist/ovr_stm/_win,00764ad1.ctxr,00764ad1,ctxr,22176,d40e12f4140bad78d4694f3b71dbb29fd4b54c9e
textures/flatlist/ovr_stm/_win/007655d8.ctxr,textures/flatlist/ovr_stm/_win,007655d8.ctxr,007655d8,ctxr,349920,7940cf712c3c75f20acfb0c7f6c9ff14fd82275f
textures/flatlist/ovr_stm/_win/0076ad61.ctxr,textures/flatlist/ovr_stm/_win,0076ad61.ctxr,0076ad61,ctxr,524448,6f8d500d767d563d67f1b3baedfeb765457d133e
textures/flatlist/ovr_stm/_win/0076cd21.ctxr,textures/flatlist/ovr_stm/_win,0076cd21.ctxr,0076cd21,ctxr,175232,c6355e9db3b158ca0dc08828552fd5ca9a75c2bf
textures/flatlist/ovr_stm/_win/00774c18.ctxr,textures/flatlist/ovr_stm/_win,00774c18.ctxr,00774c18,ctxr,87776,9d4a47747a91eb107c0b3e16ec6cb46918b06cfb
textures/flatlist/ovr_stm/_win/00784ad1.ctxr,textures/flatlist/ovr_stm/_win,00784ad1.ctxr,00784ad1,ctxr,22176,88fd370e441520e1fc7c32e85c72c45ec28d3f09
textures/flatlist/ovr_stm/_win/0078980c.ctxr,textures/flatlist/ovr_stm/_win,0078980c.ctxr,0078980c,ctxr,524448,7dabcef6e76950a8253945e9349cd09857791b16
textures/flatlist/ovr_stm/_win/0078adc6.ctxr,textures/flatlist/ovr_stm/_win,0078adc6.ctxr,0078adc6,ctxr,32928,4917c89507a87a0c9abcf57d1c7e387492b411d0
textures/flatlist/ovr_stm/_win/007a4ad1.ctxr,textures/flatlist/ovr_stm/_win,007a4ad1.ctxr,007a4ad1,ctxr,22176,d3acff24f61f93826a4cff0886b0e15749e5b5b8
textures/flatlist/ovr_stm/_win/007a9dfd.ctxr,textures/flatlist/ovr_stm/_win,007a9dfd.ctxr,007a9dfd,ctxr,5760,5a72a77309965cba0306d1c02f0c8581b447b52b
textures/flatlist/ovr_stm/_win/007b651a.ctxr,textures/flatlist/ovr_stm/_win,007b651a.ctxr,007b651a,ctxr,131232,f442d4ec4709001faca0b2d5fe77daaddf0f0f32
textures/flatlist/ovr_stm/_win/007bb259.ctxr,textures/flatlist/ovr_stm/_win,007bb259.ctxr,007bb259,ctxr,175232,decde7292deba2437ed03080b7fa1677bb1740fc
textures/flatlist/ovr_stm/_win/007be718.ctxr,textures/flatlist/ovr_stm/_win,007be718.ctxr,007be718,ctxr,175168,d48b1f58473b05d6b91e2d122742355a3d740028
textures/flatlist/ovr_stm/_win/007c4ad1.ctxr,textures/flatlist/ovr_stm/_win,007c4ad1.ctxr,007c4ad1,ctxr,22176,4c643c0ea793597ecf792c90af028b6289b1925b
textures/flatlist/ovr_stm/_win/007c9dfd.ctxr,textures/flatlist/ovr_stm/_win,007c9dfd.ctxr,007c9dfd,ctxr,11264,62262b69c6b9bcf94bd476d52571e85a37539928
textures/flatlist/ovr_stm/_win/007e4ad1.ctxr,textures/flatlist/ovr_stm/_win,007e4ad1.ctxr,007e4ad1,ctxr,22176,5bd5b6e58856ce2309cd08b8a9dfe6610918acaf
textures/flatlist/ovr_stm/_win/007f0488.ctxr,textures/flatlist/ovr_stm/_win,007f0488.ctxr,007f0488,ctxr,131232,7c488c58dbf4a8a4e753a55c979ccca7b4f22182
textures/flatlist/ovr_stm/_win/007f6817.ctxr,textures/flatlist/ovr_stm/_win,007f6817.ctxr,007f6817,ctxr,87808,ce9bebc4920c5476f0d730233101cfba261c3d77
textures/flatlist/ovr_stm/_win/00804ad1.ctxr,textures/flatlist/ovr_stm/_win,00804ad1.ctxr,00804ad1,ctxr,22176,d63b6264424973cfb1a2e43612000bd95c6a76d6
textures/flatlist/ovr_stm/_win/00818625.ctxr,textures/flatlist/ovr_stm/_win,00818625.ctxr,00818625,ctxr,175200,d6d9af2136e39bd9a5bfecf36df32e7eebe6c811
textures/flatlist/ovr_stm/_win/0081f6b5.ctxr,textures/flatlist/ovr_stm/_win,0081f6b5.ctxr,0081f6b5,ctxr,65696,4b188b325f952eb0cfc24fe1f5ec558b76f4a678
textures/flatlist/ovr_stm/_win/00824ad1.ctxr,textures/flatlist/ovr_stm/_win,00824ad1.ctxr,00824ad1,ctxr,22176,aefb5fa67c3d9c5ffd5522e62448f38698c682cc
textures/flatlist/ovr_stm/_win/00829016.ctxr,textures/flatlist/ovr_stm/_win,00829016.ctxr,00829016,ctxr,4256,73af632afa7b43351716f6d0ce91307a60ab18ea
textures/flatlist/ovr_stm/_win/0083fa46.ctxr,textures/flatlist/ovr_stm/_win,0083fa46.ctxr,0083fa46,ctxr,65696,0294f273b134e6e4bbe834ac792d803114c3457e
textures/flatlist/ovr_stm/_win/0085a618.ctxr,textures/flatlist/ovr_stm/_win,0085a618.ctxr,0085a618,ctxr,262304,97885782916324657743c321879fdecf6699c6b7
textures/flatlist/ovr_stm/_win/00885728.ctxr,textures/flatlist/ovr_stm/_win,00885728.ctxr,00885728,ctxr,44096,efc8c9b9126f789dc38d121bdbfe0c994338c56f
textures/flatlist/ovr_stm/_win/0088b898.ctxr,textures/flatlist/ovr_stm/_win,0088b898.ctxr,0088b898,ctxr,32928,ec4b29988d6d9f1fa3e1b55ae36bd6ce6cbaf95d
textures/flatlist/ovr_stm/_win/0088c589.ctxr,textures/flatlist/ovr_stm/_win,0088c589.ctxr,0088c589,ctxr,2208,a534d315dd414bc5e5e1ccc2d73914c89b1ec68f
textures/flatlist/ovr_stm/_win/00892df9.ctxr,textures/flatlist/ovr_stm/_win,00892df9.ctxr,00892df9,ctxr,2796672,6812418ad6258aa6e0d200b7421972ea681f1e07
textures/flatlist/ovr_stm/_win/00895b43.ctxr,textures/flatlist/ovr_stm/_win,00895b43.ctxr,00895b43,ctxr,131232,0a969602a63382ad22ec1bba9a27751de4c215ef
textures/flatlist/ovr_stm/_win/008a2128.ctxr,textures/flatlist/ovr_stm/_win,008a2128.ctxr,008a2128,ctxr,87808,4e842e3084cf3303f7081b36a22f7030a3d4ab41
textures/flatlist/ovr_stm/_win/008a8469.ctxr,textures/flatlist/ovr_stm/_win,008a8469.ctxr,008a8469,ctxr,175200,402d3649f4859d18a747ed15896aa92c95370c73
textures/flatlist/ovr_stm/_win/008aa618.ctxr,textures/flatlist/ovr_stm/_win,008aa618.ctxr,008aa618,ctxr,65696,f84aff6f72b8ce6e66a55d905caedc3368c558c3
textures/flatlist/ovr_stm/_win/008c9a00.ctxr,textures/flatlist/ovr_stm/_win,008c9a00.ctxr,008c9a00,ctxr,262304,6c50060c36c396a64519a9b07a9d9fba7620faf5
textures/flatlist/ovr_stm/_win/008cc589.ctxr,textures/flatlist/ovr_stm/_win,008cc589.ctxr,008cc589,ctxr,44096,77c2ec188f20b3c17f57f76cf9da9da5f738010f
textures/flatlist/ovr_stm/_win/008d752c.ctxr,textures/flatlist/ovr_stm/_win,008d752c.ctxr,008d752c,ctxr,44128,bb778c697c2587333d5ba29a90a93d9c280bb3ef
textures/flatlist/ovr_stm/_win/008db9df.ctxr,textures/flatlist/ovr_stm/_win,008db9df.ctxr,008db9df,ctxr,175168,7b7cfb1eeb9aa329c70f3d5639ca29b5a5aecb2f
textures/flatlist/ovr_stm/_win/008dbe37.ctxr,textures/flatlist/ovr_stm/_win,008dbe37.ctxr,008dbe37,ctxr,262304,e181991b5af29d53dff739f17716c0f6a8aa6acf
textures/flatlist/ovr_stm/_win/0091a721.ctxr,textures/flatlist/ovr_stm/_win,0091a721.ctxr,0091a721,ctxr,11264,bf2a14a19ba0dd9226b9d3498472126b22e190a9
textures/flatlist/ovr_stm/_win/0092f25f.ctxr,textures/flatlist/ovr_stm/_win,0092f25f.ctxr,0092f25f,ctxr,65696,7933a09e93d9e217bc9a8c2861f690ca0d1cdf02
textures/flatlist/ovr_stm/_win/00938001.ctxr,textures/flatlist/ovr_stm/_win,00938001.ctxr,00938001,ctxr,131232,87687cd0b832088915611fc7cd2a6f516f215cbc
textures/flatlist/ovr_stm/_win/0093cba3.ctxr,textures/flatlist/ovr_stm/_win,0093cba3.ctxr,0093cba3,ctxr,32928,db814812fcd78e5d53319b101a423578f18e3b43
textures/flatlist/ovr_stm/_win/0094533a.ctxr,textures/flatlist/ovr_stm/_win,0094533a.ctxr,0094533a,ctxr,131232,b4cb767f39ef6c161c62a1a1d14d6ef4e37be060
textures/flatlist/ovr_stm/_win/0094c618.ctxr,textures/flatlist/ovr_stm/_win,0094c618.ctxr,0094c618,ctxr,32928,c3edf251c3df53c09ef6a589e7c4570fd3e62cb6
textures/flatlist/ovr_stm/_win/0094c618_302caf9734786b4cc1f4a66a958a6df1.ctxr,textures/flatlist/ovr_stm/_win,0094c618_302caf9734786b4cc1f4a66a958a6df1.ctxr,0094c618_302caf9734786b4cc1f4a66a958a6df1,ctxr,175232,eb1b55184a712cae7f7eca88358d15c3094a76ab
textures/flatlist/ovr_stm/_win/0095cb32.ctxr,textures/flatlist/ovr_stm/_win,0095cb32.ctxr,0095cb32,ctxr,262304,3aa1c32e23665efaeb90db7570faed67e9a02d92
textures/flatlist/ovr_stm/_win/00985407.ctxr,textures/flatlist/ovr_stm/_win,00985407.ctxr,00985407,ctxr,131232,c982e36c47d1b8604b30a89404a1bb852fb5c120
textures/flatlist/ovr_stm/_win/0098f24a.ctxr,textures/flatlist/ovr_stm/_win,0098f24a.ctxr,0098f24a,ctxr,22208,78c5a353f2aee245cabdbc09ef6851ca8aa96315
textures/flatlist/ovr_stm/_win/0099a618.ctxr,textures/flatlist/ovr_stm/_win,0099a618.ctxr,0099a618,ctxr,349920,90e61dd3de2c59fa456a95a6c4684aa9b22103fb
textures/flatlist/ovr_stm/_win/009ac0bf.ctxr,textures/flatlist/ovr_stm/_win,009ac0bf.ctxr,009ac0bf,ctxr,2796672,153ea0d884d5a64f06b7ac07117349cd0530aa9a
textures/flatlist/ovr_stm/_win/009bc0bf.ctxr,textures/flatlist/ovr_stm/_win,009bc0bf.ctxr,009bc0bf,ctxr,2796672,56d6a391f7b928ca4a1001c1fd78dc0b5046a5b9
textures/flatlist/ovr_stm/_win/009cc0bf.ctxr,textures/flatlist/ovr_stm/_win,009cc0bf.ctxr,009cc0bf,ctxr,44064,48a3b701bfe785badcbcafe06158051abb35da2b
textures/flatlist/ovr_stm/_win/009dbc16.ctxr,textures/flatlist/ovr_stm/_win,009dbc16.ctxr,009dbc16,ctxr,16544,9ea1b95839e4272e40a9a8f9ed5baa351e87e157
textures/flatlist/ovr_stm/_win/009df079.ctxr,textures/flatlist/ovr_stm/_win,009df079.ctxr,009df079,ctxr,87808,e09c68666b56a07ab16c0f9ce3591f98c70353d8
textures/flatlist/ovr_stm/_win/009eafa1.ctxr,textures/flatlist/ovr_stm/_win,009eafa1.ctxr,009eafa1,ctxr,65696,b728fae8679117ac3d2fd9458768e98bd667c7ee
textures/flatlist/ovr_stm/_win/009ebc16.ctxr,textures/flatlist/ovr_stm/_win,009ebc16.ctxr,009ebc16,ctxr,65696,700b9ac99c8bc6bab863d5647817f82949235c7e
textures/flatlist/ovr_stm/_win/009f2fba.ctxr,textures/flatlist/ovr_stm/_win,009f2fba.ctxr,009f2fba,ctxr,131232,4e83adac1e9202fe6f01381e65806fdacf411573
textures/flatlist/ovr_stm/_win/009fa21b.ctxr,textures/flatlist/ovr_stm/_win,009fa21b.ctxr,009fa21b,ctxr,175200,3d34900a120d3c41669f17d244550697e285178a
textures/flatlist/ovr_stm/_win/009fafa1.ctxr,textures/flatlist/ovr_stm/_win,009fafa1.ctxr,009fafa1,ctxr,262304,cd2fb20851dc4d48b03fd56dba7faa0619f5c42e
textures/flatlist/ovr_stm/_win/00a093d7.ctxr,textures/flatlist/ovr_stm/_win,00a093d7.ctxr,00a093d7,ctxr,131232,d362eb37a242dbb35f651fd6a1e5dadd07213f01
textures/flatlist/ovr_stm/_win/00a0bc16.ctxr,textures/flatlist/ovr_stm/_win,00a0bc16.ctxr,00a0bc16,ctxr,131232,571a74a805263cb266f5c05a17639071c81b6518
textures/flatlist/ovr_stm/_win/00a127a1.ctxr,textures/flatlist/ovr_stm/_win,00a127a1.ctxr,00a127a1,ctxr,32928,ec479ffebcdb5e6dfb430e397014141e9bac68ff
textures/flatlist/ovr_stm/_win/00a1bc16.ctxr,textures/flatlist/ovr_stm/_win,00a1bc16.ctxr,00a1bc16,ctxr,262304,0f5d02573a39002ae6bb0a3511ca51f67620a884
textures/flatlist/ovr_stm/_win/00a628ba.ctxr,textures/flatlist/ovr_stm/_win,00a628ba.ctxr,00a628ba,ctxr,131232,52f86c2c80d4e4a7d4e1dc0d4fd575cf0b6a38b1
textures/flatlist/ovr_stm/_win/00a69783.ctxr,textures/flatlist/ovr_stm/_win,00a69783.ctxr,00a69783,ctxr,87808,1f16fae67c8de99da9fa8ec2b6732c11abf5441a
textures/flatlist/ovr_stm/_win/00a891e2.ctxr,textures/flatlist/ovr_stm/_win,00a891e2.ctxr,00a891e2,ctxr,16544,e2ce35127f03d2bd21f957a35dd60c18075b9f21
textures/flatlist/ovr_stm/_win/00a936cb.ctxr,textures/flatlist/ovr_stm/_win,00a936cb.ctxr,00a936cb,ctxr,175232,3ac839ea875fc8d12b51d8621954a5e1a1e98cf9
textures/flatlist/ovr_stm/_win/00acbe37.ctxr,textures/flatlist/ovr_stm/_win,00acbe37.ctxr,00acbe37,ctxr,262304,8271b438662b474dc267d521d67e267f31cca004
textures/flatlist/ovr_stm/_win/00ad7f33.ctxr,textures/flatlist/ovr_stm/_win,00ad7f33.ctxr,00ad7f33,ctxr,175232,f9d710df02401762838ea0e24ddc8e0a9193271f
textures/flatlist/ovr_stm/_win/00adb42a.ctxr,textures/flatlist/ovr_stm/_win,00adb42a.ctxr,00adb42a,ctxr,175232,d777630f356181955c45be3d096efc9cc7ca3685
textures/flatlist/ovr_stm/_win/00aeebfc.ctxr,textures/flatlist/ovr_stm/_win,00aeebfc.ctxr,00aeebfc,ctxr,87808,6ba10e276757579dbff4f7e25786bb87582beaef
textures/flatlist/ovr_stm/_win/00af9412.ctxr,textures/flatlist/ovr_stm/_win,00af9412.ctxr,00af9412,ctxr,131232,210b75ebfead4410f56ece908cffa3c31c1f6990
textures/flatlist/ovr_stm/_win/00afab44.ctxr,textures/flatlist/ovr_stm/_win,00afab44.ctxr,00afab44,ctxr,87808,ebbe1f57f9431e46298347985bb67160d3c74b75
textures/flatlist/ovr_stm/_win/00afbbc9.ctxr,textures/flatlist/ovr_stm/_win,00afbbc9.ctxr,00afbbc9,ctxr,65696,d562e30c40395bd29d559b6855f3b52511a9efac
textures/flatlist/ovr_stm/_win/00b02021.ctxr,textures/flatlist/ovr_stm/_win,00b02021.ctxr,00b02021,ctxr,131232,53014187bb9d97b1f9f6c3b279dfc6597cc05f1f
textures/flatlist/ovr_stm/_win/00b04ad1.ctxr,textures/flatlist/ovr_stm/_win,00b04ad1.ctxr,00b04ad1,ctxr,22176,552cf774a98a9a8e1e60b28aafea250bcac0f293
textures/flatlist/ovr_stm/_win/00b087b2.ctxr,textures/flatlist/ovr_stm/_win,00b087b2.ctxr,00b087b2,ctxr,1048736,43edc4e3eaa313836c7af03d441ca56654f3cec1
textures/flatlist/ovr_stm/_win/00b12021.ctxr,textures/flatlist/ovr_stm/_win,00b12021.ctxr,00b12021,ctxr,131232,f848c72c0d31429178fc18ea342ba268fc9d992b
textures/flatlist/ovr_stm/_win/00b22021.ctxr,textures/flatlist/ovr_stm/_win,00b22021.ctxr,00b22021,ctxr,131232,e50586a00e8a927c0d8c92ce28291956ec176c49
textures/flatlist/ovr_stm/_win/00b24ad1.ctxr,textures/flatlist/ovr_stm/_win,00b24ad1.ctxr,00b24ad1,ctxr,22176,215f14b11d67f3a55e0bef0603132126ae5cc55b
textures/flatlist/ovr_stm/_win/00b25d10.ctxr,textures/flatlist/ovr_stm/_win,00b25d10.ctxr,00b25d10,ctxr,44064,3b1a56648a18a9ae7aca6c680913ab28718a96d1
textures/flatlist/ovr_stm/_win/00b32021.ctxr,textures/flatlist/ovr_stm/_win,00b32021.ctxr,00b32021,ctxr,131232,774e7eb1343182546fcf8fdc67652e5dc250a331
textures/flatlist/ovr_stm/_win/00b33503.ctxr,textures/flatlist/ovr_stm/_win,00b33503.ctxr,00b33503,ctxr,65696,d94127d404cd811a78a4f7d510e4a679c0229dd9
textures/flatlist/ovr_stm/_win/00b3cb78.ctxr,textures/flatlist/ovr_stm/_win,00b3cb78.ctxr,00b3cb78,ctxr,131232,1c70c31bc47d48c2707b7d2eb5a8aca0096140c1
textures/flatlist/ovr_stm/_win/00b42021.ctxr,textures/flatlist/ovr_stm/_win,00b42021.ctxr,00b42021,ctxr,131232,4c885359afec4903126609044632155a6a9548f0
textures/flatlist/ovr_stm/_win/00b60372.ctxr,textures/flatlist/ovr_stm/_win,00b60372.ctxr,00b60372,ctxr,4194464,b78939d2ccab54482d7c43122961079468a85a6d
textures/flatlist/ovr_stm/_win/00b64ad1.ctxr,textures/flatlist/ovr_stm/_win,00b64ad1.ctxr,00b64ad1,ctxr,22176,5d29f914da263fa87ad99fb3e5a4ac2483287b4b
textures/flatlist/ovr_stm/_win/00b6ea23.ctxr,textures/flatlist/ovr_stm/_win,00b6ea23.ctxr,00b6ea23,ctxr,2796672,da758ed90baa396b22c43f778549095d8cd4b90e
textures/flatlist/ovr_stm/_win/00b6eb2c.ctxr,textures/flatlist/ovr_stm/_win,00b6eb2c.ctxr,00b6eb2c,ctxr,349984,a8cc3141e8eded6da985f3e2d7997a9c30740907
textures/flatlist/ovr_stm/_win/00b84ad1.ctxr,textures/flatlist/ovr_stm/_win,00b84ad1.ctxr,00b84ad1,ctxr,22176,eca1984b4f71817bf282c0d4177fb81ce0ce377c
textures/flatlist/ovr_stm/_win/00b89205.ctxr,textures/flatlist/ovr_stm/_win,00b89205.ctxr,00b89205,ctxr,87808,ac4a41c1cb86e90c09a667593ddfddba59836829
textures/flatlist/ovr_stm/_win/00b99205.ctxr,textures/flatlist/ovr_stm/_win,00b99205.ctxr,00b99205,ctxr,87808,a3dff14c5fe8037c35c4cddad4247e1d8f1a840f
textures/flatlist/ovr_stm/_win/00ba4ad1.ctxr,textures/flatlist/ovr_stm/_win,00ba4ad1.ctxr,00ba4ad1,ctxr,22176,afd281a9af0a1f8c579c2601f87b989cc2f648fe
textures/flatlist/ovr_stm/_win/00ba619d.ctxr,textures/flatlist/ovr_stm/_win,00ba619d.ctxr,00ba619d,ctxr,65696,1eb1abd7ae24a371c6d08a9879d81436cd09df7a
textures/flatlist/ovr_stm/_win/00ba9205.ctxr,textures/flatlist/ovr_stm/_win,00ba9205.ctxr,00ba9205,ctxr,44096,2968773b43b2f4770f5e2c312cae261fac98c703
textures/flatlist/ovr_stm/_win/00bb9205.ctxr,textures/flatlist/ovr_stm/_win,00bb9205.ctxr,00bb9205,ctxr,44096,cb2b8df276899369a7a616c9716d4753fd819246
textures/flatlist/ovr_stm/_win/00bc4ad1.ctxr,textures/flatlist/ovr_stm/_win,00bc4ad1.ctxr,00bc4ad1,ctxr,22176,3a3e2b038c46f6085e78d0a4ae44c8cb2975704c
textures/flatlist/ovr_stm/_win/00be4ad1.ctxr,textures/flatlist/ovr_stm/_win,00be4ad1.ctxr,00be4ad1,ctxr,22176,6b3f8cc4224fdb59b6de7f2ba1e12c71e04791c6
textures/flatlist/ovr_stm/_win/00be80b9.ctxr,textures/flatlist/ovr_stm/_win,00be80b9.ctxr,00be80b9,ctxr,87808,f1b2f1ea64fa9cc245517b720f162840dcc0e21e
textures/flatlist/ovr_stm/_win/00bf085a.ctxr,textures/flatlist/ovr_stm/_win,00bf085a.ctxr,00bf085a,ctxr,65696,9afc9b2050f0efb49f7a1f8fc99c6db08354d8e2
textures/flatlist/ovr_stm/_win/00bfbb06.ctxr,textures/flatlist/ovr_stm/_win,00bfbb06.ctxr,00bfbb06,ctxr,175200,25559df01c40c771b1b4fe97f167ca9cff5f5891
textures/flatlist/ovr_stm/_win/00c04ad1.ctxr,textures/flatlist/ovr_stm/_win,00c04ad1.ctxr,00c04ad1,ctxr,22176,e725c9b83b7103d1f6363509e30e2f3654fad99c
textures/flatlist/ovr_stm/_win/00c24ad1.ctxr,textures/flatlist/ovr_stm/_win,00c24ad1.ctxr,00c24ad1,ctxr,22176,a46f163e1fa1199597ff4ebbf177b76dd5fb99fd
textures/flatlist/ovr_stm/_win/00c2df96.ctxr,textures/flatlist/ovr_stm/_win,00c2df96.ctxr,00c2df96,ctxr,32928,6fc58ca4577edc63d0b8e5abc3406ea41c1a5b95
textures/flatlist/ovr_stm/_win/00c3e4f6.ctxr,textures/flatlist/ovr_stm/_win,00c3e4f6.ctxr,00c3e4f6,ctxr,65696,8880fe53cb6e40ed96636c8b687681e9b40f7154
textures/flatlist/ovr_stm/_win/00c45897.ctxr,textures/flatlist/ovr_stm/_win,00c45897.ctxr,00c45897,ctxr,131232,4ef211818d2fc5f286ee056cc4ae65e7848e7581
textures/flatlist/ovr_stm/_win/00c489c5.ctxr,textures/flatlist/ovr_stm/_win,00c489c5.ctxr,00c489c5,ctxr,87776,ba495e1a2a1a6ef6eb80326c9f4d57e2d467a050
textures/flatlist/ovr_stm/_win/00c4b02d.ctxr,textures/flatlist/ovr_stm/_win,00c4b02d.ctxr,00c4b02d,ctxr,87808,24cdf3f7a614237f9ae882c1896d5a7f364dad32
textures/flatlist/ovr_stm/_win/00c59475.ctxr,textures/flatlist/ovr_stm/_win,00c59475.ctxr,00c59475,ctxr,32928,309b8d4e22ead8adff491af22545985e7174f0ce
textures/flatlist/ovr_stm/_win/00c5a3fd.ctxr,textures/flatlist/ovr_stm/_win,00c5a3fd.ctxr,00c5a3fd,ctxr,349952,777d5d7d3eaaa1e0e49691c02a7710196043fb5a
textures/flatlist/ovr_stm/_win/00c6157c.ctxr,textures/flatlist/ovr_stm/_win,00c6157c.ctxr,00c6157c,ctxr,87808,af1ae1f302cc17b59201afbbf5183cb6b1125c22
textures/flatlist/ovr_stm/_win/00c6e6ab.ctxr,textures/flatlist/ovr_stm/_win,00c6e6ab.ctxr,00c6e6ab,ctxr,4256,d3263bfb4e4d0a5b29e2c58cd371aac1da097fad
textures/flatlist/ovr_stm/_win/00c6feb6.ctxr,textures/flatlist/ovr_stm/_win,00c6feb6.ctxr,00c6feb6,ctxr,65696,4f0159430b5ffa6a90ff7774a9eba0f076324c97
textures/flatlist/ovr_stm/_win/00c6fef1.ctxr,textures/flatlist/ovr_stm/_win,00c6fef1.ctxr,00c6fef1,ctxr,2796672,d1412c4d46f9169b5766c232789589806efc9c9a
textures/flatlist/ovr_stm/_win/00c7d5a7.ctxr,textures/flatlist/ovr_stm/_win,00c7d5a7.ctxr,00c7d5a7,ctxr,131232,985be17f749e582c835767927fffa4e8103fad67
textures/flatlist/ovr_stm/_win/00c8e1b5.ctxr,textures/flatlist/ovr_stm/_win,00c8e1b5.ctxr,00c8e1b5,ctxr,175232,688f96813d5d5a5b660ea7053680d6b3c2184ad4
textures/flatlist/ovr_stm/_win/00c9e1b5.ctxr,textures/flatlist/ovr_stm/_win,00c9e1b5.ctxr,00c9e1b5,ctxr,175232,bf6446774549e559b149f49afbbb8f481961691c
textures/flatlist/ovr_stm/_win/00ca3f11.ctxr,textures/flatlist/ovr_stm/_win,00ca3f11.ctxr,00ca3f11,ctxr,131232,e195715ab488e2e834c07e99feef505df5b3f5c0
textures/flatlist/ovr_stm/_win/00cada49.ctxr,textures/flatlist/ovr_stm/_win,00cada49.ctxr,00cada49,ctxr,131232,50d325be72da8009f69f3d5071697885f18586b7
textures/flatlist/ovr_stm/_win/00cb3f11.ctxr,textures/flatlist/ovr_stm/_win,00cb3f11.ctxr,00cb3f11,ctxr,131232,aba038e0319afd1ea63b66d305915f8c1464d5a6
textures/flatlist/ovr_stm/_win/00cc15b7.ctxr,textures/flatlist/ovr_stm/_win,00cc15b7.ctxr,00cc15b7,ctxr,131232,f6d36f97b8c1f51c2e3fd8da8c64da89f4095a36
textures/flatlist/ovr_stm/_win/00ccb0a6.ctxr,textures/flatlist/ovr_stm/_win,00ccb0a6.ctxr,00ccb0a6,ctxr,175200,f6125351b8e5d6840c94cef1e919fae3d2dd1b74
textures/flatlist/ovr_stm/_win/00cd360c.ctxr,textures/flatlist/ovr_stm/_win,00cd360c.ctxr,00cd360c,ctxr,131232,5b2a4b8111cae56ea54872b4e2f4596a22299275
textures/flatlist/ovr_stm/_win/00cd868e.ctxr,textures/flatlist/ovr_stm/_win,00cd868e.ctxr,00cd868e,ctxr,44096,1a8c210a68d99202cc784db406d696dd3de363eb
textures/flatlist/ovr_stm/_win/00cdb0a6.ctxr,textures/flatlist/ovr_stm/_win,00cdb0a6.ctxr,00cdb0a6,ctxr,349984,d9a43745f279c6d6af6680da8bd4f75a501250e6
textures/flatlist/ovr_stm/_win/00cdeba7.ctxr,textures/flatlist/ovr_stm/_win,00cdeba7.ctxr,00cdeba7,ctxr,44096,65d02b169eba7d26baffed2aacee92b936504b13
textures/flatlist/ovr_stm/_win/00ce999d.ctxr,textures/flatlist/ovr_stm/_win,00ce999d.ctxr,00ce999d,ctxr,87776,52dd5bb6a0ae566bd21e1089e7e7304a8fae8f7c
textures/flatlist/ovr_stm/_win/00ceb0a6.ctxr,textures/flatlist/ovr_stm/_win,00ceb0a6.ctxr,00ceb0a6,ctxr,349984,31c2c980ae8f81c478b68a44cd4c036189c147bd
textures/flatlist/ovr_stm/_win/00ceeba7.ctxr,textures/flatlist/ovr_stm/_win,00ceeba7.ctxr,00ceeba7,ctxr,44096,8ab3e72593d0c0132098a09bea5d05861449de37
textures/flatlist/ovr_stm/_win/00cfb0a6.ctxr,textures/flatlist/ovr_stm/_win,00cfb0a6.ctxr,00cfb0a6,ctxr,44064,1f6a8e4dd6ba4f46a16fdaffabf35c5889685c6c
textures/flatlist/ovr_stm/_win/00cfe11e.ctxr,textures/flatlist/ovr_stm/_win,00cfe11e.ctxr,00cfe11e,ctxr,87808,2ff38a78d2d91ac5ef17f97ac4d53dfdb2cff339
textures/flatlist/ovr_stm/_win/00cfeba7.ctxr,textures/flatlist/ovr_stm/_win,00cfeba7.ctxr,00cfeba7,ctxr,87808,990ec1323bd586836f1546755aab1cad17f1f57b
textures/flatlist/ovr_stm/_win/00d0b0a6.ctxr,textures/flatlist/ovr_stm/_win,00d0b0a6.ctxr,00d0b0a6,ctxr,22176,8c01311e498f89e31b9524c755113c5a8f22552b
textures/flatlist/ovr_stm/_win/00d0eba7.ctxr,textures/flatlist/ovr_stm/_win,00d0eba7.ctxr,00d0eba7,ctxr,87808,ab4cbe8bb5e3bf5d6761a2843ccd4398bc4b9e34
textures/flatlist/ovr_stm/_win/00d1b0a6.ctxr,textures/flatlist/ovr_stm/_win,00d1b0a6.ctxr,00d1b0a6,ctxr,22176,ddbb3c6abef39d259d90bfe62c71cedd4a4a5da6
textures/flatlist/ovr_stm/_win/00d1eba7.ctxr,textures/flatlist/ovr_stm/_win,00d1eba7.ctxr,00d1eba7,ctxr,87808,92a53bbf488adb0ee650f857daa829fa8f265dd3
textures/flatlist/ovr_stm/_win/00d27f22.ctxr,textures/flatlist/ovr_stm/_win,00d27f22.ctxr,00d27f22,ctxr,1048736,3e53c03f3b393a5f0e9bf29b32229f9b5ec5b1bc
textures/flatlist/ovr_stm/_win/00d37f22.ctxr,textures/flatlist/ovr_stm/_win,00d37f22.ctxr,00d37f22,ctxr,1048736,2536332aff8bff84adf4586075b8c20b760b3be8
textures/flatlist/ovr_stm/_win/00d4e124.ctxr,textures/flatlist/ovr_stm/_win,00d4e124.ctxr,00d4e124,ctxr,11264,b4b00680e797f2b1bc3c69a87ce3a01efce7aaf1
textures/flatlist/ovr_stm/_win/00d57f22.ctxr,textures/flatlist/ovr_stm/_win,00d57f22.ctxr,00d57f22,ctxr,1048736,4e78229cde1093d4a9482b8a8c458b5c4480b614
textures/flatlist/ovr_stm/_win/00d7a5d6.ctxr,textures/flatlist/ovr_stm/_win,00d7a5d6.ctxr,00d7a5d6,ctxr,699488,4ad0fda1d72b73f526d6c81b9bacb4bc6f87b583
textures/flatlist/ovr_stm/_win/00d84d77.ctxr,textures/flatlist/ovr_stm/_win,00d84d77.ctxr,00d84d77,ctxr,131232,17ee4feba5baa3dad0ea25ba38986c4a0bdbde37
textures/flatlist/ovr_stm/_win/00d85d25.ctxr,textures/flatlist/ovr_stm/_win,00d85d25.ctxr,00d85d25,ctxr,16544,8c1c8806a4a5c16b7fb7f6f20c9a03012226fe99
textures/flatlist/ovr_stm/_win/00da15e3.ctxr,textures/flatlist/ovr_stm/_win,00da15e3.ctxr,00da15e3,ctxr,131232,ec5e8c6693d3d49a5318c5a78edd7630f65eac83
textures/flatlist/ovr_stm/_win/00dc7290.ctxr,textures/flatlist/ovr_stm/_win,00dc7290.ctxr,00dc7290,ctxr,32928,4134834ffb163ba85fb79e7be680ef264f15895b
textures/flatlist/ovr_stm/_win/00dcd5c6.ctxr,textures/flatlist/ovr_stm/_win,00dcd5c6.ctxr,00dcd5c6,ctxr,65696,47901ed303a72a31cf24b96f85cb4e00294930a6
textures/flatlist/ovr_stm/_win/00dd93f9.ctxr,textures/flatlist/ovr_stm/_win,00dd93f9.ctxr,00dd93f9,ctxr,131232,acfa20858c4b73185632ee82cc0aaaeebc2910c6
textures/flatlist/ovr_stm/_win/00de6344.ctxr,textures/flatlist/ovr_stm/_win,00de6344.ctxr,00de6344,ctxr,131232,8483b286a9a8e1cca20cca7f633ddbb0f1b66547
textures/flatlist/ovr_stm/_win/00de6f30.ctxr,textures/flatlist/ovr_stm/_win,00de6f30.ctxr,00de6f30,ctxr,131232,3b86038d830ede92da4752da1855f6ddb244a767
textures/flatlist/ovr_stm/_win/00e0bf95.ctxr,textures/flatlist/ovr_stm/_win,00e0bf95.ctxr,00e0bf95,ctxr,32928,991e7881dad5b6162b8baa4684548b43bfa01101
textures/flatlist/ovr_stm/_win/00e20d51.ctxr,textures/flatlist/ovr_stm/_win,00e20d51.ctxr,00e20d51,ctxr,87808,ab1f22fd41e709139ebe9fe3fb0eb8c7de2ecc79
textures/flatlist/ovr_stm/_win/00e22d51.ctxr,textures/flatlist/ovr_stm/_win,00e22d51.ctxr,00e22d51,ctxr,87808,57677c7d60bc08ed0c8456df85aa99c7e8963bf1
textures/flatlist/ovr_stm/_win/00e3d071.ctxr,textures/flatlist/ovr_stm/_win,00e3d071.ctxr,00e3d071,ctxr,22208,628bff71d3e2deb888cc9f0bd8cc4c64edeed5a3
textures/flatlist/ovr_stm/_win/00e4b51b.ctxr,textures/flatlist/ovr_stm/_win,00e4b51b.ctxr,00e4b51b,ctxr,44096,b81133c9679f953a6f33b52f122f819ff7b43fb6
textures/flatlist/ovr_stm/_win/00e4d0de.ctxr,textures/flatlist/ovr_stm/_win,00e4d0de.ctxr,00e4d0de,ctxr,87808,e21269d18ab890365762eb171039f3e0c2733975
textures/flatlist/ovr_stm/_win/00e4d0de_41da87e72c01ef976b914cd59eef1df9.ctxr,textures/flatlist/ovr_stm/_win,00e4d0de_41da87e72c01ef976b914cd59eef1df9.ctxr,00e4d0de_41da87e72c01ef976b914cd59eef1df9,ctxr,65696,e545e6aa5466d64144580109e0ef3f35b3db8678
textures/flatlist/ovr_stm/_win/00e7ddd3.ctxr,textures/flatlist/ovr_stm/_win,00e7ddd3.ctxr,00e7ddd3,ctxr,65696,92dee33e0bff0566cd0f2df7daf29a4bdde8b3b8
textures/flatlist/ovr_stm/_win/00e8533f.ctxr,textures/flatlist/ovr_stm/_win,00e8533f.ctxr,00e8533f,ctxr,699520,280ec6a8d67fe6ae060ff8b8680c6028dbe98a6a
textures/flatlist/ovr_stm/_win/00e8533f_c9656c04a66db3d24c7fb50dd516a45e.ctxr,textures/flatlist/ovr_stm/_win,00e8533f_c9656c04a66db3d24c7fb50dd516a45e.ctxr,00e8533f_c9656c04a66db3d24c7fb50dd516a45e,ctxr,699520,42ce7c3d9ad0ac2e77080bbd94b91c3db7a79f1f
textures/flatlist/ovr_stm/_win/00e9800a.ctxr,textures/flatlist/ovr_stm/_win,00e9800a.ctxr,00e9800a,ctxr,175232,b1fcaab1ebb8bd86e816da3480f9c187476f9be3
textures/flatlist/ovr_stm/_win/00ec73af.ctxr,textures/flatlist/ovr_stm/_win,00ec73af.ctxr,00ec73af,ctxr,2796672,02a3312816d50eae29d8d283717864edd51a7bd2
textures/flatlist/ovr_stm/_win/00eca640.ctxr,textures/flatlist/ovr_stm/_win,00eca640.ctxr,00eca640,ctxr,32928,90f5c06d0a7743fa5b93bab0a16a7e9cf8b539c1
textures/flatlist/ovr_stm/_win/00edb58b.ctxr,textures/flatlist/ovr_stm/_win,00edb58b.ctxr,00edb58b,ctxr,32928,2f0f0d4397f33cf953cd0c6bcbb9754cef0aab82
textures/flatlist/ovr_stm/_win/00efa150.ctxr,textures/flatlist/ovr_stm/_win,00efa150.ctxr,00efa150,ctxr,65696,25157bb236340ab213f24b20c66c8125e832091a
textures/flatlist/ovr_stm/_win/00f04ad1.ctxr,textures/flatlist/ovr_stm/_win,00f04ad1.ctxr,00f04ad1,ctxr,22176,5e7fcfd952abf7871306e2cd6a95cf8e48360bf0
textures/flatlist/ovr_stm/_win/00f0852a.ctxr,textures/flatlist/ovr_stm/_win,00f0852a.ctxr,00f0852a,ctxr,22208,ffcabc8a43b4b1ce7fb2e2bfb75a83a3bdfe3a8e
textures/flatlist/ovr_stm/_win/00f08bb3.ctxr,textures/flatlist/ovr_stm/_win,00f08bb3.ctxr,00f08bb3,ctxr,65696,a3bdf6e58ed967c0014844bf197f7a16264da21b
textures/flatlist/ovr_stm/_win/00f0b18b.ctxr,textures/flatlist/ovr_stm/_win,00f0b18b.ctxr,00f0b18b,ctxr,32928,c46444e9a198b404284cdcfb63223c0b57473fad
textures/flatlist/ovr_stm/_win/00f24ad0.ctxr,textures/flatlist/ovr_stm/_win,00f24ad0.ctxr,00f24ad0,ctxr,22176,ceaa8832afe9612314b3f58d2795ef63351edde6
textures/flatlist/ovr_stm/_win/00f24ad1.ctxr,textures/flatlist/ovr_stm/_win,00f24ad1.ctxr,00f24ad1,ctxr,22176,efd0d494fb833e332deee2f21c7751936413b719
textures/flatlist/ovr_stm/_win/00f40e09.ctxr,textures/flatlist/ovr_stm/_win,00f40e09.ctxr,00f40e09,ctxr,131232,433b8bac0d859c85c8de716fd0ffc776123c40d2
textures/flatlist/ovr_stm/_win/00f41462.ctxr,textures/flatlist/ovr_stm/_win,00f41462.ctxr,00f41462,ctxr,2796672,ec27118da17e488f6634bde889609173e60d11ea
textures/flatlist/ovr_stm/_win/00f44ad0.ctxr,textures/flatlist/ovr_stm/_win,00f44ad0.ctxr,00f44ad0,ctxr,22176,0c18189caa79c0c3838f5aa797e31da8de39749f
textures/flatlist/ovr_stm/_win/00f44ad1.ctxr,textures/flatlist/ovr_stm/_win,00f44ad1.ctxr,00f44ad1,ctxr,22176,5cbc31fee217c8740300916119908e806567d228
textures/flatlist/ovr_stm/_win/00f4b0a9.ctxr,textures/flatlist/ovr_stm/_win,00f4b0a9.ctxr,00f4b0a9,ctxr,131232,59b73d4d187be6a1eda48e5a5f4a11052652d5a8
textures/flatlist/ovr_stm/_win/00f4e3ec.ctxr,textures/flatlist/ovr_stm/_win,00f4e3ec.ctxr,00f4e3ec,ctxr,32928,151be750aa68d618d46747d1c645f33930595508
textures/flatlist/ovr_stm/_win/00f51462.ctxr,textures/flatlist/ovr_stm/_win,00f51462.ctxr,00f51462,ctxr,2796672,a5bbf44093190f29c10912089787b0b5b80091ac
textures/flatlist/ovr_stm/_win/00f52511.ctxr,textures/flatlist/ovr_stm/_win,00f52511.ctxr,00f52511,ctxr,65696,5823d47245d0f78c40c7cbcbb8f3376957698f4d
textures/flatlist/ovr_stm/_win/00f64ad0.ctxr,textures/flatlist/ovr_stm/_win,00f64ad0.ctxr,00f64ad0,ctxr,22176,f230b37f0697db4d2a240e484b9c3d4c9e60b2fb
textures/flatlist/ovr_stm/_win/00f64ad1.ctxr,textures/flatlist/ovr_stm/_win,00f64ad1.ctxr,00f64ad1,ctxr,22176,24bd9fb6aeeecec01fc0444c8562bf3a7e8cf0a7
textures/flatlist/ovr_stm/_win/00f8237e.ctxr,textures/flatlist/ovr_stm/_win,00f8237e.ctxr,00f8237e,ctxr,65696,e769bb8580ba6786413e641250a8bc36497e159a
textures/flatlist/ovr_stm/_win/00f84320.ctxr,textures/flatlist/ovr_stm/_win,00f84320.ctxr,00f84320,ctxr,2796672,de6024071288827383f4be1ff3d6046a707ce5d4
textures/flatlist/ovr_stm/_win/00f84ad0.ctxr,textures/flatlist/ovr_stm/_win,00f84ad0.ctxr,00f84ad0,ctxr,22176,76c222582600a1bf18bf30c020626f4908b6d241
textures/flatlist/ovr_stm/_win/00f84ad1.ctxr,textures/flatlist/ovr_stm/_win,00f84ad1.ctxr,00f84ad1,ctxr,22176,b12026c942162f163b7b2657137145becf55ca4a
textures/flatlist/ovr_stm/_win/00f8852a.ctxr,textures/flatlist/ovr_stm/_win,00f8852a.ctxr,00f8852a,ctxr,22208,dfdf74b7a7950566ee6c3f9921c1f2c3b6f7a180
textures/flatlist/ovr_stm/_win/00f94320.ctxr,textures/flatlist/ovr_stm/_win,00f94320.ctxr,00f94320,ctxr,349920,ee9827e631935944b5f792af41bb3ccaaf0e144c
textures/flatlist/ovr_stm/_win/00f995ec.ctxr,textures/flatlist/ovr_stm/_win,00f995ec.ctxr,00f995ec,ctxr,4256,876228928a815ac19f8fe7b3a6c37669b666e113
textures/flatlist/ovr_stm/_win/00fa4ad0.ctxr,textures/flatlist/ovr_stm/_win,00fa4ad0.ctxr,00fa4ad0,ctxr,22176,4313b9e98f69fa51c154d67ecf54d65095b12434
textures/flatlist/ovr_stm/_win/00fa4ad1.ctxr,textures/flatlist/ovr_stm/_win,00fa4ad1.ctxr,00fa4ad1,ctxr,22176,5f2cf9f65de9bfaaa751f43b4a503fe15cd7105e
textures/flatlist/ovr_stm/_win/00fad318.ctxr,textures/flatlist/ovr_stm/_win,00fad318.ctxr,00fad318,ctxr,175232,c34f85eddbd7a1589db1543bad714b09b06590bf
textures/flatlist/ovr_stm/_win/00fb2383.ctxr,textures/flatlist/ovr_stm/_win,00fb2383.ctxr,00fb2383,ctxr,175200,4580755d22624bbd8de2db77265349aa10533e8f
textures/flatlist/ovr_stm/_win/00fb5e0d.ctxr,textures/flatlist/ovr_stm/_win,00fb5e0d.ctxr,00fb5e0d,ctxr,524448,6a6f69a8ef4466c38ee23b2fcb59e24fac96797d
textures/flatlist/ovr_stm/_win/00fb5e0d_3a2f9c020f2b36a95c909e29cb3e4aae.ctxr,textures/flatlist/ovr_stm/_win,00fb5e0d_3a2f9c020f2b36a95c909e29cb3e4aae.ctxr,00fb5e0d_3a2f9c020f2b36a95c909e29cb3e4aae,ctxr,699520,f0a7ae616111ddfd19c441c90a2536597ba86b95
textures/flatlist/ovr_stm/_win/00fc4ad0.ctxr,textures/flatlist/ovr_stm/_win,00fc4ad0.ctxr,00fc4ad0,ctxr,22176,8e154d457d23e3dd5244dcb224b8a1f575d9113a
textures/flatlist/ovr_stm/_win/00fc4ad1.ctxr,textures/flatlist/ovr_stm/_win,00fc4ad1.ctxr,00fc4ad1,ctxr,22176,56b9f284d69497c7f72d07d0d76348dcdbfba17f
textures/flatlist/ovr_stm/_win/00fe04ea.ctxr,textures/flatlist/ovr_stm/_win,00fe04ea.ctxr,00fe04ea,ctxr,65696,387f830271b4f760a0e62f6cceb51f7ead25402d
textures/flatlist/ovr_stm/_win/00fe4ad0.ctxr,textures/flatlist/ovr_stm/_win,00fe4ad0.ctxr,00fe4ad0,ctxr,22176,9b2d41c987c47035d17bf1f32af7a3de69fae3b5
textures/flatlist/ovr_stm/_win/00fe4ad1.ctxr,textures/flatlist/ovr_stm/_win,00fe4ad1.ctxr,00fe4ad1,ctxr,87776,1efa11214e9ee8ee5d7965791a1b5f87337259f8
textures/flatlist/ovr_stm/_win/00fe564d.ctxr,textures/flatlist/ovr_stm/_win,00fe564d.ctxr,00fe564d,ctxr,87808,d54034b3e92f3970b37cd41ebee4534d29c1274c
textures/flatlist/ovr_stm/_win/00ff04ea.ctxr,textures/flatlist/ovr_stm/_win,00ff04ea.ctxr,00ff04ea,ctxr,65696,056bf5a24cc8580560640d195edcc86a0199d877
textures/flatlist/ovr_stm/_win/24c_over_alp_ovl.bmp.ctxr,textures/flatlist/ovr_stm/_win,24c_over_alp_ovl.bmp.ctxr,24c_over_alp_ovl.bmp,ctxr,1398528,d8d4239883471e71baaae77ba0c0926be8245963
textures/flatlist/ovr_stm/_win/ab_alp_ovl.bmp.ctxr,textures/flatlist/ovr_stm/_win,ab_alp_ovl.bmp.ctxr,ab_alp_ovl.bmp,ctxr,65696,007054e28526d9a13c86ad0f6c700933b8fb6b09
textures/flatlist/ovr_stm/_win/acd_alp_ovl.bmp.ctxr,textures/flatlist/ovr_stm/_win,acd_alp_ovl.bmp.ctxr,acd_alp_ovl.bmp,ctxr,131232,be5dc93907a6fb8ee46382cdb66ec74e361b6314
textures/flatlist/ovr_stm/_win/act_telop10_alp_ovl.bmp.ctxr,textures/flatlist/ovr_stm/_win,act_telop10_alp_ovl.bmp.ctxr,act_telop10_alp_ovl.bmp,ctxr,262304,c414ccfa4e088ad9b5f07c3c4d63ea31647ce45a
textures/flatlist/ovr_stm/_win/act_telop11_alp_ovl.bmp.ctxr,textures/flatlist/ovr_stm/_win,act_telop11_alp_ovl.bmp.ctxr,act_telop11_alp_ovl.bmp,ctxr,262304,8912b030d40061a0e50b3418fc39988aa5657bb2
textures/flatlist/ovr_stm/_win/act_telop2_alp_ovl.bmp.ctxr,textures/flatlist/ovr_stm/_win,act_telop2_alp_ovl.bmp.ctxr,act_telop2_alp_ovl.bmp,ctxr,524448,8c7ac9163e987051d615d606203d1af6c4ee45b3
textures/flatlist/ovr_stm/_win/act_telop3_alp_ovl.bmp.ctxr,textures/flatlist/ovr_stm/_win,act_telop3_alp_ovl.bmp.ctxr,act_telop3_alp_ovl.bmp,ctxr,262304,71fd2df8ad3f0cda4145f403cda7ab18f7dec343
textures/flatlist/ovr_stm/_win/act_telop4_alp_ovl.bmp.ctxr,textures/flatlist/ovr_stm/_win,act_telop4_alp_ovl.bmp.ctxr,act_telop4_alp_ovl.bmp,ctxr,262304,095e398d5c4e9ea826b59a9a71aad8e53989a4f7
textures/flatlist/ovr_stm/_win/act_telop5_alp_ovl.bmp_e350349959b1556776f7b5d2e07689fc.ctxr,textures/flatlist/ovr_stm/_win,act_telop5_alp_ovl.bmp_e350349959b1556776f7b5d2e07689fc.ctxr,act_telop5_alp_ovl.bmp_e350349959b1556776f7b5d2e07689fc,ctxr,524448,f017ea1c56ce148613477373e93cc9f25bc42d54
textures/flatlist/ovr_stm/_win/act_telop6_alp_ovl.bmp.ctxr,textures/flatlist/ovr_stm/_win,act_telop6_alp_ovl.bmp.ctxr,act_telop6_alp_ovl.bmp,ctxr,524448,b4acf7ec2455e5c8d317562199085a1ea6b4f843
textures/flatlist/ovr_stm/_win/act_telop8_alp_ovl.bmp.ctxr,textures/flatlist/ovr_stm/_win,act_telop8_alp_ovl.bmp.ctxr,act_telop8_alp_ovl.bmp,ctxr,524448,590b45eedb1cfe62ff9fae802f0232b32532c578
textures/flatlist/ovr_stm/_win/act_telop9_alp_ovl.bmp.ctxr,textures/flatlist/ovr_stm/_win,act_telop9_alp_ovl.bmp.ctxr,act_telop9_alp_ovl.bmp,ctxr,524448,2462bcbee47df5239f00f747b13cd41f72b8542e
textures/flatlist/ovr_stm/_win/aks_alp_ovl.bmp.ctxr,textures/flatlist/ovr_stm/_win,aks_alp_ovl.bmp.ctxr,aks_alp_ovl.bmp,ctxr,131232,4ef80618f244468711e2a36f412226966055c4e2
textures/flatlist/ovr_stm/_win/aks_sp2_alp_ovl.bmp.ctxr,textures/flatlist/ovr_stm/_win,aks_sp2_alp_ovl.bmp.ctxr,aks_sp2_alp_ovl.bmp,ctxr,131232,4fabc48a33ade00ff4293cd299a0ce507ecc2121
textures/flatlist/ovr_stm/_win/aks_sp_alp_ovl.bmp.ctxr,textures/flatlist/ovr_stm/_win,aks_sp_alp_ovl.bmp.ctxr,aks_sp_alp_ovl.bmp,ctxr,131232,9321f07c8002a9ca316751445d61741e02f1df2f
textures/flatlist/ovr_stm/_win/alt_alp_ovl.bmp.ctxr,textures/flatlist/ovr_stm/_win,alt_alp_ovl.bmp.ctxr,alt_alp_ovl.bmp,ctxr,44096,bd79b2cdf656b93edbd562eb7962bd77b8e30349
textures/flatlist/ovr_stm/_win/alt_b_alp_ovl.bmp.ctxr,textures/flatlist/ovr_stm/_win,alt_b_alp_ovl.bmp.ctxr,alt_b_alp_ovl.bmp,ctxr,44096,298929cf4079ba032993f3a60e04bd2cface6876
textures/flatlist/ovr_stm/_win/aps_alp_ovl.bmp.ctxr,textures/flatlist/ovr_stm/_win,aps_alp_ovl.bmp.ctxr,aps_alp_ovl.bmp,ctxr,131232,60536e5a4833ce587ba82b208539c27a37714877
textures/flatlist/ovr_stm/_win/bnd_alp_ovl.bmp.ctxr,textures/flatlist/ovr_stm/_win,bnd_alp_ovl.bmp.ctxr,bnd_alp_ovl.bmp,ctxr,131232,5b50e22b44a6cc4a6f29d1c8ff9fcf1a20bb88a8
textures/flatlist/ovr_stm/_win/bsn1_alp_ovl.bmp.ctxr,textures/flatlist/ovr_stm/_win,bsn1_alp_ovl.bmp.ctxr,bsn1_alp_ovl.bmp,ctxr,131232,a9293e7d620e84909e5c9ef049137e293899bf9a
textures/flatlist/ovr_stm/_win/bsn2_alp_ovl.bmp.ctxr,textures/flatlist/ovr_stm/_win,bsn2_alp_ovl.bmp.ctxr,bsn2_alp_ovl.bmp,ctxr,131232,db10f36e28eecbc119a297a66ce1e4754cd41e68
textures/flatlist/ovr_stm/_win/camera_alp_ovl.bmp.ctxr,textures/flatlist/ovr_stm/_win,camera_alp_ovl.bmp.ctxr,camera_alp_ovl.bmp,ctxr,131232,e2de30dd23dad61cc9be48938b315c1da67fb805
textures/flatlist/ovr_stm/_win/cau_alp_ovl.bmp.ctxr,textures/flatlist/ovr_stm/_win,cau_alp_ovl.bmp.ctxr,cau_alp_ovl.bmp,ctxr,44096,0612d1c99735ec0148b21086e88c81a5ff94f9fe
textures/flatlist/ovr_stm/_win/cbox_dry_alp_ovl.bmp.ctxr,textures/flatlist/ovr_stm/_win,cbox_dry_alp_ovl.bmp.ctxr,cbox_dry_alp_ovl.bmp,ctxr,131232,45e076fd0c976d850c3ecc052f71b51aab03e57c
textures/flatlist/ovr_stm/_win/cbox_wet_alp_ovl.bmp.ctxr,textures/flatlist/ovr_stm/_win,cbox_wet_alp_ovl.bmp.ctxr,cbox_wet_alp_ovl.bmp,ctxr,131232,f9050a3a114e9c7340bd5ca1bfb2232fb57a937d
textures/flatlist/ovr_stm/_win/cbx_a_alp_ovl.bmp.ctxr,textures/flatlist/ovr_stm/_win,cbx_a_alp_ovl.bmp.ctxr,cbx_a_alp_ovl.bmp,ctxr,131232,ef57b81f12d44bde304a4f13ea746efbedeef19c
textures/flatlist/ovr_stm/_win/cbx_b_alp_ovl.bmp.ctxr,textures/flatlist/ovr_stm/_win,cbx_b_alp_ovl.bmp.ctxr,cbx_b_alp_ovl.bmp,ctxr,131232,200fea83bad5f4a3d6ae8cbe2daf48f77ccdd1f2
textures/flatlist/ovr_stm/_win/cbx_c_alp_ovl.bmp.ctxr,textures/flatlist/ovr_stm/_win,cbx_c_alp_ovl.bmp.ctxr,cbx_c_alp_ovl.bmp,ctxr,131232,dac2c4385f03f70ccef1dd649b36cfad28df780b
textures/flatlist/ovr_stm/_win/cbx_d_alp_ovl.bmp.ctxr,textures/flatlist/ovr_stm/_win,cbx_d_alp_ovl.bmp.ctxr,cbx_d_alp_ovl.bmp,ctxr,131232,330e065c70de0bccc640ff04e4e7cc413c127221
textures/flatlist/ovr_stm/_win/cbx_e_alp_ovl.bmp.ctxr,textures/flatlist/ovr_stm/_win,cbx_e_alp_ovl.bmp.ctxr,cbx_e_alp_ovl.bmp,ctxr,131232,dc7b9700679d4a23ee3918531a8aae2726ff4554
textures/flatlist/ovr_stm/_win/cbx_f_alp_ovl.bmp.ctxr,textures/flatlist/ovr_stm/_win,cbx_f_alp_ovl.bmp.ctxr,cbx_f_alp_ovl.bmp,ctxr,131232,f38652479a536c583c93744769871db9380c8ac4
textures/flatlist/ovr_stm/_win/cfr_alp_ovl.bmp.ctxr,textures/flatlist/ovr_stm/_win,cfr_alp_ovl.bmp.ctxr,cfr_alp_ovl.bmp,ctxr,131232,0e9244a668c38cd2752e5a108d42f1ada0c3372f
textures/flatlist/ovr_stm/_win/chaff_alp_ovl.bmp.ctxr,textures/flatlist/ovr_stm/_win,chaff_alp_ovl.bmp.ctxr,chaff_alp_ovl.bmp,ctxr,131232,3ece65642670db73ed82f1148d69bfe468353480
textures/flatlist/ovr_stm/_win/class1_alp_ovl.bmp.ctxr,textures/flatlist/ovr_stm/_win,class1_alp_ovl.bmp.ctxr,class1_alp_ovl.bmp,ctxr,349952,358c53c9108e17986309a0b3118329f5b27bd16c
textures/flatlist/ovr_stm/_win/class2_alp_ovl.bmp.ctxr,textures/flatlist/ovr_stm/_win,class2_alp_ovl.bmp.ctxr,class2_alp_ovl.bmp,ctxr,349952,6f0cbf6e87386f1eac4eac38ef9fdf98391f4fdb
textures/flatlist/ovr_stm/_win/class3_alp_ovl.bmp.ctxr,textures/flatlist/ovr_stm/_win,class3_alp_ovl.bmp.ctxr,class3_alp_ovl.bmp,ctxr,349952,c944f82bce7a503c946b3b68f832a4793b6caa6b
textures/flatlist/ovr_stm/_win/clr_alp_ovl.bmp.ctxr,textures/flatlist/ovr_stm/_win,clr_alp_ovl.bmp.ctxr,clr_alp_ovl.bmp,ctxr,44096,abdfb8c6058be1ca6b78715a51819cbc5d7d1a69
textures/flatlist/ovr_stm/_win/cls_alp_ovl.bmp.ctxr,textures/flatlist/ovr_stm/_win,cls_alp_ovl.bmp.ctxr,cls_alp_ovl.bmp,ctxr,131232,850db90906bd42dbf9990b32c0b281b0253a6acb
textures/flatlist/ovr_stm/_win/cray_alp_ovl.bmp.ctxr,textures/flatlist/ovr_stm/_win,cray_alp_ovl.bmp.ctxr,cray_alp_ovl.bmp,ctxr,131232,371be80250255ec32424f3bf20db6e619a844352
textures/flatlist/ovr_stm/_win/dmp_alp_ovl.bmp.ctxr,textures/flatlist/ovr_stm/_win,dmp_alp_ovl.bmp.ctxr,dmp_alp_ovl.bmp,ctxr,131232,fbad8e8d1efb3f5134b0162cb97c5523144ac6b8
textures/flatlist/ovr_stm/_win/dog_alp_ovl.bmp.ctxr,textures/flatlist/ovr_stm/_win,dog_alp_ovl.bmp.ctxr,dog_alp_ovl.bmp,ctxr,131232,505d52fd6f08640318aba2d23fc7512f8f806386
textures/flatlist/ovr_stm/_win/empty_alp_ovl.bmp.ctxr,textures/flatlist/ovr_stm/_win,empty_alp_ovl.bmp.ctxr,empty_alp_ovl.bmp,ctxr,22208,a5a03abf12b2cdbb904896576f3c9bc2eadf170b
textures/flatlist/ovr_stm/_win/eva_alp_ovl.bmp.ctxr,textures/flatlist/ovr_stm/_win,eva_alp_ovl.bmp.ctxr,eva_alp_ovl.bmp,ctxr,44096,24622b35e9cfcaca1dbeffd3cfa9e660a774deea
textures/flatlist/ovr_stm/_win/exit_alp_add_ovl.bmp.ctxr,textures/flatlist/ovr_stm/_win,exit_alp_add_ovl.bmp.ctxr,exit_alp_add_ovl.bmp,ctxr,22208,c131827f102820886ebe64beafbe3acf688d64ca
textures/flatlist/ovr_stm/_win/exit_alp_ovl.bmp.ctxr,textures/flatlist/ovr_stm/_win,exit_alp_ovl.bmp.ctxr,exit_alp_ovl.bmp,ctxr,175232,e660298b6925eff310f7e33fd53a461c3c7e6d8a
textures/flatlist/ovr_stm/_win/exit_alp_ovl.bmp_2e80fcdf52d4e88c977557d852b3bb00.ctxr,textures/flatlist/ovr_stm/_win,exit_alp_ovl.bmp_2e80fcdf52d4e88c977557d852b3bb00.ctxr,exit_alp_ovl.bmp_2e80fcdf52d4e88c977557d852b3bb00,ctxr,44064,41b4f5f35adf2f4e00653947941e96cba23953a7
textures/flatlist/ovr_stm/_win/exit_alp_ovl.bmp_6caebe23bde6080a351ba6c3fd17f622.ctxr,textures/flatlist/ovr_stm/_win,exit_alp_ovl.bmp_6caebe23bde6080a351ba6c3fd17f622.ctxr,exit_alp_ovl.bmp_6caebe23bde6080a351ba6c3fd17f622,ctxr,22208,2dd1f333654a398aacdd0019afb4a7f7da8e74cb
textures/flatlist/ovr_stm/_win/exit_alp_ovl.bmp_794456ba9bbbfd3e16cf3cf4157c6d56.ctxr,textures/flatlist/ovr_stm/_win,exit_alp_ovl.bmp_794456ba9bbbfd3e16cf3cf4157c6d56.ctxr,exit_alp_ovl.bmp_794456ba9bbbfd3e16cf3cf4157c6d56,ctxr,87776,439da311f3f3207d27fe1d39380c401b414329b8
textures/flatlist/ovr_stm/_win/exit_alp_ovl.bmp_7f9196f232454b86ef93cc3591f1f2ab.ctxr,textures/flatlist/ovr_stm/_win,exit_alp_ovl.bmp_7f9196f232454b86ef93cc3591f1f2ab.ctxr,exit_alp_ovl.bmp_7f9196f232454b86ef93cc3591f1f2ab,ctxr,22208,6371b0ea26220aa883639aa5e8362d6ece6b874d
textures/flatlist/ovr_stm/_win/fake_exit_alp_ovl.bmp.ctxr,textures/flatlist/ovr_stm/_win,fake_exit_alp_ovl.bmp.ctxr,fake_exit_alp_ovl.bmp,ctxr,22208,c498330f4425f725bc72b78630597aa2379794b0
textures/flatlist/ovr_stm/_win/fms_alp_ovl.bmp_afd64baad5879a54d69dceeb416e0963.ctxr,textures/flatlist/ovr_stm/_win,fms_alp_ovl.bmp_afd64baad5879a54d69dceeb416e0963.ctxr,fms_alp_ovl.bmp_afd64baad5879a54d69dceeb416e0963,ctxr,131232,4ef72db8830f904bbe50d29e1f4a12f4bb38a3a2
textures/flatlist/ovr_stm/_win/gol1_alp_ovl.bmp.ctxr,textures/flatlist/ovr_stm/_win,gol1_alp_ovl.bmp.ctxr,gol1_alp_ovl.bmp,ctxr,131232,c78174b6bc2f8885e3a1bd2465849c8bdceb944e
textures/flatlist/ovr_stm/_win/gol2_alp_ovl.bmp.ctxr,textures/flatlist/ovr_stm/_win,gol2_alp_ovl.bmp.ctxr,gol2_alp_ovl.bmp,ctxr,131232,db47d3226416d2641c49683bcbd3c9a7ddbfa85f
textures/flatlist/ovr_stm/_win/gre_alp_ovl.bmp.ctxr,textures/flatlist/ovr_stm/_win,gre_alp_ovl.bmp.ctxr,gre_alp_ovl.bmp,ctxr,131232,a36bcef56726d6e858aca56b29ca8d2b4b9cfe36
textures/flatlist/ovr_stm/_win/hfb2_alp_ovl.bmp.ctxr,textures/flatlist/ovr_stm/_win,hfb2_alp_ovl.bmp.ctxr,hfb2_alp_ovl.bmp,ctxr,131232,99f974756c2d4080a2e63de1b1f6bebbfeb32470
textures/flatlist/ovr_stm/_win/hfb_alp_ovl.bmp.ctxr,textures/flatlist/ovr_stm/_win,hfb_alp_ovl.bmp.ctxr,hfb_alp_ovl.bmp,ctxr,131232,8c80e99ce2a90a56127d3ac3ce74bd6dc0cad62e
textures/flatlist/ovr_stm/_win/htl_alp_ovl.bmp.ctxr,textures/flatlist/ovr_stm/_win,htl_alp_ovl.bmp.ctxr,htl_alp_ovl.bmp,ctxr,131232,5ca012fe5213270f83365575813b77ea3ee81e88
textures/flatlist/ovr_stm/_win/jam_alp_ovl.bmp.ctxr,textures/flatlist/ovr_stm/_win,jam_alp_ovl.bmp.ctxr,jam_alp_ovl.bmp,ctxr,44096,798ba86a934d257ab4ff89700fcc9c99d217604b
textures/flatlist/ovr_stm/_win/m4a_nm_alp_ovl.bmp.ctxr,textures/flatlist/ovr_stm/_win,m4a_nm_alp_ovl.bmp.ctxr,m4a_nm_alp_ovl.bmp,ctxr,131232,aa3a5c20588bd2dcb03cccc2ee9e2c15216ab9ef
textures/flatlist/ovr_stm/_win/m9_alp_ovl.bmp.ctxr,textures/flatlist/ovr_stm/_win,m9_alp_ovl.bmp.ctxr,m9_alp_ovl.bmp,ctxr,131232,3aca4e60ed6481cfff1e9f46474dfb1ef1fe68d4
textures/flatlist/ovr_stm/_win/mag_alp_ovl.bmp.ctxr,textures/flatlist/ovr_stm/_win,mag_alp_ovl.bmp.ctxr,mag_alp_ovl.bmp,ctxr,131232,a41cf26249caa46064931e1f866c8ee1656151e6
textures/flatlist/ovr_stm/_win/medi_alp_ovl.bmp.ctxr,textures/flatlist/ovr_stm/_win,medi_alp_ovl.bmp.ctxr,medi_alp_ovl.bmp,ctxr,131232,fbca55a17baf1938a31c7dd08d2477d1c87cab25
textures/flatlist/ovr_stm/_win/mnd_alp_ovl.bmp.ctxr,textures/flatlist/ovr_stm/_win,mnd_alp_ovl.bmp.ctxr,mnd_alp_ovl.bmp,ctxr,131232,9cb31956de0c5dc84d92a3562db1e7435984d947
textures/flatlist/ovr_stm/_win/mod_alp_ovl.bmp.ctxr,textures/flatlist/ovr_stm/_win,mod_alp_ovl.bmp.ctxr,mod_alp_ovl.bmp,ctxr,131232,b9360da5a9d665c89b7841c62e476949b4b85296
textures/flatlist/ovr_stm/_win/ngl_alp_ovl.bmp.ctxr,textures/flatlist/ovr_stm/_win,ngl_alp_ovl.bmp.ctxr,ngl_alp_ovl.bmp,ctxr,131232,17b3ae6b9b864ce8f04ee54f1ffe648cc61ad8ef
textures/flatlist/ovr_stm/_win/niki_alp_ovl.bmp.ctxr,textures/flatlist/ovr_stm/_win,niki_alp_ovl.bmp.ctxr,niki_alp_ovl.bmp,ctxr,131232,48bdd13613e56edc5dcbf65b55f3594b774287e8
textures/flatlist/ovr_stm/_win/nom_b_alp_ovl.bmp.ctxr,textures/flatlist/ovr_stm/_win,nom_b_alp_ovl.bmp.ctxr,nom_b_alp_ovl.bmp,ctxr,44096,8a06996a734e7bdf4b190c858faacb02a711cf73
textures/flatlist/ovr_stm/_win/psg2_alp_ovl.bmp.ctxr,textures/flatlist/ovr_stm/_win,psg2_alp_ovl.bmp.ctxr,psg2_alp_ovl.bmp,ctxr,131232,d7c8a11993cfd75bccebffe8150a055eba4e3471
textures/flatlist/ovr_stm/_win/psg_alp_ovl.bmp.ctxr,textures/flatlist/ovr_stm/_win,psg_alp_ovl.bmp.ctxr,psg_alp_ovl.bmp,ctxr,131232,d316bea1b7210a6c2f7fa5afc1ef9aaad43f44c3
textures/flatlist/ovr_stm/_win/ration_alp_ovl.bmp.ctxr,textures/flatlist/ovr_stm/_win,ration_alp_ovl.bmp.ctxr,ration_alp_ovl.bmp,ctxr,131232,32caf291d7bd755d5fe278dfbca458a0cf0944d2
textures/flatlist/ovr_stm/_win/rgb_alp_ovl.bmp.ctxr,textures/flatlist/ovr_stm/_win,rgb_alp_ovl.bmp.ctxr,rgb_alp_ovl.bmp,ctxr,131232,85526fe2929bd8b76bd16705c2b51b700ee2009f
textures/flatlist/ovr_stm/_win/sam_alp_ovl.bmp.ctxr,textures/flatlist/ovr_stm/_win,sam_alp_ovl.bmp.ctxr,sam_alp_ovl.bmp,ctxr,131232,53b08fdfdca0eed393ce569e9245fca13ee4b2de
textures/flatlist/ovr_stm/_win/scm2_alp_ovl.bmp.ctxr,textures/flatlist/ovr_stm/_win,scm2_alp_ovl.bmp.ctxr,scm2_alp_ovl.bmp,ctxr,131232,1dba22295644c26dbce7a46f0446de1d07e554f4
textures/flatlist/ovr_stm/_win/scm_alp_ovl.bmp.ctxr,textures/flatlist/ovr_stm/_win,scm_alp_ovl.bmp.ctxr,scm_alp_ovl.bmp,ctxr,131232,df30ebf0bef4b06d67117af929ddc870d880195a
textures/flatlist/ovr_stm/_win/scm_sp2_alp_ovl.bmp.ctxr,textures/flatlist/ovr_stm/_win,scm_sp2_alp_ovl.bmp.ctxr,scm_sp2_alp_ovl.bmp,ctxr,131232,684feffafc5ac94fcb56d9428534eac5750d3182
textures/flatlist/ovr_stm/_win/scope_alp_ovl.bmp.ctxr,textures/flatlist/ovr_stm/_win,scope_alp_ovl.bmp.ctxr,scope_alp_ovl.bmp,ctxr,131232,ac179af9b6abc1baebcb741c4cd889de935e5823
textures/flatlist/ovr_stm/_win/shv_alp_ovl.bmp.ctxr,textures/flatlist/ovr_stm/_win,shv_alp_ovl.bmp.ctxr,shv_alp_ovl.bmp,ctxr,131232,db6790a89a7e8c39cb9c43f02752cf25efe59f70
textures/flatlist/ovr_stm/_win/smoke_alp_ovl.bmp.ctxr,textures/flatlist/ovr_stm/_win,smoke_alp_ovl.bmp.ctxr,smoke_alp_ovl.bmp,ctxr,131232,dc4793c2d738ed1018aab83370930bcbd0289eee
textures/flatlist/ovr_stm/_win/sp_alp_ovl.bmp.ctxr,textures/flatlist/ovr_stm/_win,sp_alp_ovl.bmp.ctxr,sp_alp_ovl.bmp,ctxr,87808,47b600bfb342a11fe85180ea93d21ec04070d376
textures/flatlist/ovr_stm/_win/sr00e_alp_ovl.bmp.ctxr,textures/flatlist/ovr_stm/_win,sr00e_alp_ovl.bmp.ctxr,sr00e_alp_ovl.bmp,ctxr,262304,9812e1fe52a31589db096f4ff81df81a6d7286eb
textures/flatlist/ovr_stm/_win/sr01j_alp_ovl.bmp_71b551295ba518fae4283bd712544a6d.ctxr,textures/flatlist/ovr_stm/_win,sr01j_alp_ovl.bmp_71b551295ba518fae4283bd712544a6d.ctxr,sr01j_alp_ovl.bmp_71b551295ba518fae4283bd712544a6d,ctxr,262304,8adeef782a86579ce4527e69d2d421e19992dcbe
textures/flatlist/ovr_stm/_win/sr02j_alp_ovl.bmp_4a09a9b88e5c9d0cf6da451edf0dbec7.ctxr,textures/flatlist/ovr_stm/_win,sr02j_alp_ovl.bmp_4a09a9b88e5c9d0cf6da451edf0dbec7.ctxr,sr02j_alp_ovl.bmp_4a09a9b88e5c9d0cf6da451edf0dbec7,ctxr,262304,4ef130cec866df6dfe819d40cc3de934ce04e0e7
textures/flatlist/ovr_stm/_win/sr04e_alp_ovl.bmp.ctxr,textures/flatlist/ovr_stm/_win,sr04e_alp_ovl.bmp.ctxr,sr04e_alp_ovl.bmp,ctxr,524448,9b0bb612a614e148da8cdb66b5eaf2724bc9ad23
textures/flatlist/ovr_stm/_win/sr04e_alp_ovl.bmp_7df013dc1a4acc27c98bdd79b9268942.ctxr,textures/flatlist/ovr_stm/_win,sr04e_alp_ovl.bmp_7df013dc1a4acc27c98bdd79b9268942.ctxr,sr04e_alp_ovl.bmp_7df013dc1a4acc27c98bdd79b9268942,ctxr,524448,5273d47cc5a9d87052db2799aa6d78b8673d8092
textures/flatlist/ovr_stm/_win/sr04j_alp_ovl.bmp_1383a677978c887d8f593c2469a8401a.ctxr,textures/flatlist/ovr_stm/_win,sr04j_alp_ovl.bmp_1383a677978c887d8f593c2469a8401a.ctxr,sr04j_alp_ovl.bmp_1383a677978c887d8f593c2469a8401a,ctxr,262304,d0940976ffea6db781732d838e568909a04e9eaa
textures/flatlist/ovr_stm/_win/sr05e_alp_ovl.bmp.ctxr,textures/flatlist/ovr_stm/_win,sr05e_alp_ovl.bmp.ctxr,sr05e_alp_ovl.bmp,ctxr,262304,06ebb4a6b8edfb47bc6db7489885df7fa70aee05
textures/flatlist/ovr_stm/_win/sr05e_alp_ovl.bmp_fa8e2b5b866afff71bcedae16df8e3df.ctxr,textures/flatlist/ovr_stm/_win,sr05e_alp_ovl.bmp_fa8e2b5b866afff71bcedae16df8e3df.ctxr,sr05e_alp_ovl.bmp_fa8e2b5b866afff71bcedae16df8e3df,ctxr,262304,dfa363bf36a01ed58df9687ab23f8cf05169fbf4
textures/flatlist/ovr_stm/_win/sr05j_alp_ovl.bmp_bf1906e485ccafe1c218be12a5453562.ctxr,textures/flatlist/ovr_stm/_win,sr05j_alp_ovl.bmp_bf1906e485ccafe1c218be12a5453562.ctxr,sr05j_alp_ovl.bmp_bf1906e485ccafe1c218be12a5453562,ctxr,262304,236576743342424a67180eae676c636319ce73f9
textures/flatlist/ovr_stm/_win/sr06e_alp_ovl.bmp.ctxr,textures/flatlist/ovr_stm/_win,sr06e_alp_ovl.bmp.ctxr,sr06e_alp_ovl.bmp,ctxr,262304,d10cb6deee70accaeee74cb9df343e05558dace8
textures/flatlist/ovr_stm/_win/sr06e_alp_ovl.bmp_93ce3028cb41917a7f5a86e1a5cef339.ctxr,textures/flatlist/ovr_stm/_win,sr06e_alp_ovl.bmp_93ce3028cb41917a7f5a86e1a5cef339.ctxr,sr06e_alp_ovl.bmp_93ce3028cb41917a7f5a86e1a5cef339,ctxr,262304,12c2158bacef166d48d5bd7fd76cbaf3a6ef08b9
textures/flatlist/ovr_stm/_win/sr06j_alp_ovl.bmp_3930ac3de40a80d7335f659d8d3b18df.ctxr,textures/flatlist/ovr_stm/_win,sr06j_alp_ovl.bmp_3930ac3de40a80d7335f659d8d3b18df.ctxr,sr06j_alp_ovl.bmp_3930ac3de40a80d7335f659d8d3b18df,ctxr,262304,c4a1f4d7dcda084b1d6860ddf836562a25068c85
textures/flatlist/ovr_stm/_win/sr07e_alp_ovl.bmp.ctxr,textures/flatlist/ovr_stm/_win,sr07e_alp_ovl.bmp.ctxr,sr07e_alp_ovl.bmp,ctxr,262304,0aa4fb088ac44830f995184791c6194fcdd19a70
textures/flatlist/ovr_stm/_win/sr07e_alp_ovl.bmp_1facc522d39aa7af4c8f475392ce56fb.ctxr,textures/flatlist/ovr_stm/_win,sr07e_alp_ovl.bmp_1facc522d39aa7af4c8f475392ce56fb.ctxr,sr07e_alp_ovl.bmp_1facc522d39aa7af4c8f475392ce56fb,ctxr,262304,697a60a879b76e29aa59072427dd38f50f6c27ae
textures/flatlist/ovr_stm/_win/sr07j_alp_ovl.bmp_df4abf9598b5e1aaa1c931ea907a758a.ctxr,textures/flatlist/ovr_stm/_win,sr07j_alp_ovl.bmp_df4abf9598b5e1aaa1c931ea907a758a.ctxr,sr07j_alp_ovl.bmp_df4abf9598b5e1aaa1c931ea907a758a,ctxr,262304,896d75f3eca95f779bad92367a530deec4a571cb
textures/flatlist/ovr_stm/_win/sr08e_alp_ovl.bmp.ctxr,textures/flatlist/ovr_stm/_win,sr08e_alp_ovl.bmp.ctxr,sr08e_alp_ovl.bmp,ctxr,262304,717a76e1cb77bc3731d44a083f263f31db227408
textures/flatlist/ovr_stm/_win/sr08e_alp_ovl.bmp_94c5b46b1b4c4dd69ab4b85ecd7d43fe.ctxr,textures/flatlist/ovr_stm/_win,sr08e_alp_ovl.bmp_94c5b46b1b4c4dd69ab4b85ecd7d43fe.ctxr,sr08e_alp_ovl.bmp_94c5b46b1b4c4dd69ab4b85ecd7d43fe,ctxr,262304,be77d627d068a2a998a001d3cf8beac800e74d0a
textures/flatlist/ovr_stm/_win/sr08j_alp_ovl.bmp_501fe309963ffa2693e775abe15afe45.ctxr,textures/flatlist/ovr_stm/_win,sr08j_alp_ovl.bmp_501fe309963ffa2693e775abe15afe45.ctxr,sr08j_alp_ovl.bmp_501fe309963ffa2693e775abe15afe45,ctxr,262304,b1e73da03cd3fc12b7fd0413b5ad748ee3f98bec
textures/flatlist/ovr_stm/_win/sr09e_alp_ovl.bmp.ctxr,textures/flatlist/ovr_stm/_win,sr09e_alp_ovl.bmp.ctxr,sr09e_alp_ovl.bmp,ctxr,262304,ba5857dedf226912aa8a4ab39f82621215a06ce9
textures/flatlist/ovr_stm/_win/sr09e_alp_ovl.bmp_2bec0cf6e2d48a41d9297cf01513f45c.ctxr,textures/flatlist/ovr_stm/_win,sr09e_alp_ovl.bmp_2bec0cf6e2d48a41d9297cf01513f45c.ctxr,sr09e_alp_ovl.bmp_2bec0cf6e2d48a41d9297cf01513f45c,ctxr,262304,788eae171b20bc605c44cf1b7513cb85b913e894
textures/flatlist/ovr_stm/_win/sr10e_alp_ovl.bmp.ctxr,textures/flatlist/ovr_stm/_win,sr10e_alp_ovl.bmp.ctxr,sr10e_alp_ovl.bmp,ctxr,262304,c4d844891a6d65f8544118f4d84f06a5eae93c9d
textures/flatlist/ovr_stm/_win/sr10e_alp_ovl.bmp_1927c59b5a429c24eac1732749ce574a.ctxr,textures/flatlist/ovr_stm/_win,sr10e_alp_ovl.bmp_1927c59b5a429c24eac1732749ce574a.ctxr,sr10e_alp_ovl.bmp_1927c59b5a429c24eac1732749ce574a,ctxr,262304,ea8b9a7919e545fdc9a39c6fd37c8ed0b69fc108
textures/flatlist/ovr_stm/_win/sr11e_alp_ovl.bmp.ctxr,textures/flatlist/ovr_stm/_win,sr11e_alp_ovl.bmp.ctxr,sr11e_alp_ovl.bmp,ctxr,262304,48c4219aa32487512bd40e70944871e5739278be
textures/flatlist/ovr_stm/_win/sr11e_alp_ovl.bmp_cb0dce75f41243b62d86315f2154df35.ctxr,textures/flatlist/ovr_stm/_win,sr11e_alp_ovl.bmp_cb0dce75f41243b62d86315f2154df35.ctxr,sr11e_alp_ovl.bmp_cb0dce75f41243b62d86315f2154df35,ctxr,262304,4a9eab76c4b186bdb1d77ea7da7a1af10e3c1be1
textures/flatlist/ovr_stm/_win/sr11j_alp_ovl.bmp_d403a96582282e98da76e6194a8a4c58.ctxr,textures/flatlist/ovr_stm/_win,sr11j_alp_ovl.bmp_d403a96582282e98da76e6194a8a4c58.ctxr,sr11j_alp_ovl.bmp_d403a96582282e98da76e6194a8a4c58,ctxr,262304,864b212df28e23ab290b5ba97ebbcfe7d468faa3
textures/flatlist/ovr_stm/_win/sr12e_alp_ovl.bmp.ctxr,textures/flatlist/ovr_stm/_win,sr12e_alp_ovl.bmp.ctxr,sr12e_alp_ovl.bmp,ctxr,262304,251ecc1c38e1d52e34d5eb5ef411b420e6921009
textures/flatlist/ovr_stm/_win/sr12e_alp_ovl.bmp_49da83a2fc34ffff91d496c4100267ab.ctxr,textures/flatlist/ovr_stm/_win,sr12e_alp_ovl.bmp_49da83a2fc34ffff91d496c4100267ab.ctxr,sr12e_alp_ovl.bmp_49da83a2fc34ffff91d496c4100267ab,ctxr,262304,80d7b2a0af256fe9f2397197f482dcae04e4d956
textures/flatlist/ovr_stm/_win/sr12j_alp_ovl.bmp_17fe60f718f515850942f8f66ba0be2a.ctxr,textures/flatlist/ovr_stm/_win,sr12j_alp_ovl.bmp_17fe60f718f515850942f8f66ba0be2a.ctxr,sr12j_alp_ovl.bmp_17fe60f718f515850942f8f66ba0be2a,ctxr,262304,e4fd175d55a258443039f5c41deb89441d2b8e5b
textures/flatlist/ovr_stm/_win/sr13e_alp_ovl.bmp.ctxr,textures/flatlist/ovr_stm/_win,sr13e_alp_ovl.bmp.ctxr,sr13e_alp_ovl.bmp,ctxr,262304,1c4520442b9bf208bebe9bc7458fff314568e64f
textures/flatlist/ovr_stm/_win/sr13e_alp_ovl.bmp_8e5d765a189254623f05bef061d0db1a.ctxr,textures/flatlist/ovr_stm/_win,sr13e_alp_ovl.bmp_8e5d765a189254623f05bef061d0db1a.ctxr,sr13e_alp_ovl.bmp_8e5d765a189254623f05bef061d0db1a,ctxr,262304,d945421e2e4dd83d68718298116ff413d303273b
textures/flatlist/ovr_stm/_win/sr14e_alp_ovl.bmp.ctxr,textures/flatlist/ovr_stm/_win,sr14e_alp_ovl.bmp.ctxr,sr14e_alp_ovl.bmp,ctxr,262304,18dda8116962a63a812ce3c0be70fa5e9d31742a
textures/flatlist/ovr_stm/_win/sr14e_alp_ovl.bmp_ea172754f17f49457f2f04ae2319add2.ctxr,textures/flatlist/ovr_stm/_win,sr14e_alp_ovl.bmp_ea172754f17f49457f2f04ae2319add2.ctxr,sr14e_alp_ovl.bmp_ea172754f17f49457f2f04ae2319add2,ctxr,262304,457b321dc542cc4f8af06f7a1f433fafa70a65ab
textures/flatlist/ovr_stm/_win/sr14j_alp_ovl.bmp_104b15f9971860fa4c6923382baf1463.ctxr,textures/flatlist/ovr_stm/_win,sr14j_alp_ovl.bmp_104b15f9971860fa4c6923382baf1463.ctxr,sr14j_alp_ovl.bmp_104b15f9971860fa4c6923382baf1463,ctxr,262304,b6f592f66317681ce6a78efd307976cb25745a7a
textures/flatlist/ovr_stm/_win/sr14j_bg_alp_ovl.bmp.ctxr,textures/flatlist/ovr_stm/_win,sr14j_bg_alp_ovl.bmp.ctxr,sr14j_bg_alp_ovl.bmp,ctxr,262304,06a3484ec59d030a255741f5bd2f164200ffddaf
textures/flatlist/ovr_stm/_win/sr16e_alp_ovl.bmp.ctxr,textures/flatlist/ovr_stm/_win,sr16e_alp_ovl.bmp.ctxr,sr16e_alp_ovl.bmp,ctxr,262304,b5f11fa36d78a1c2b13b747403f3c2dca71f6ba9
textures/flatlist/ovr_stm/_win/sr17e_alp_ovl.bmp.ctxr,textures/flatlist/ovr_stm/_win,sr17e_alp_ovl.bmp.ctxr,sr17e_alp_ovl.bmp,ctxr,262304,792cadf5889068411d7161765e3618c20d59d5af
textures/flatlist/ovr_stm/_win/sr18e_alp_ovl.bmp.ctxr,textures/flatlist/ovr_stm/_win,sr18e_alp_ovl.bmp.ctxr,sr18e_alp_ovl.bmp,ctxr,262304,807d5858b149ad0c62a5fa12dee96cfab8df7108
textures/flatlist/ovr_stm/_win/sr18e_alp_ovl.bmp_472bed0a443e29c45de18a81421d2ee0.ctxr,textures/flatlist/ovr_stm/_win,sr18e_alp_ovl.bmp_472bed0a443e29c45de18a81421d2ee0.ctxr,sr18e_alp_ovl.bmp_472bed0a443e29c45de18a81421d2ee0,ctxr,262304,042e2cdca7e7bdd92c0b3d6e6135d04cbcd8c8aa
textures/flatlist/ovr_stm/_win/sr18j_alp_ovl.bmp.ctxr,textures/flatlist/ovr_stm/_win,sr18j_alp_ovl.bmp.ctxr,sr18j_alp_ovl.bmp,ctxr,262304,3a7c3aab9df430fb525c9c7e874e2214acb88416
textures/flatlist/ovr_stm/_win/sr19e_alp_ovl.bmp.ctxr,textures/flatlist/ovr_stm/_win,sr19e_alp_ovl.bmp.ctxr,sr19e_alp_ovl.bmp,ctxr,524448,605dee8a0063e1a5aa0b9e473e0cdd190a8c2d95
textures/flatlist/ovr_stm/_win/sr19j_alp_ovl.bmp.ctxr,textures/flatlist/ovr_stm/_win,sr19j_alp_ovl.bmp.ctxr,sr19j_alp_ovl.bmp,ctxr,524448,7d603668715194bb1398445009b0b348aea722ca
textures/flatlist/ovr_stm/_win/sr20e_alp_ovl.bmp.ctxr,textures/flatlist/ovr_stm/_win,sr20e_alp_ovl.bmp.ctxr,sr20e_alp_ovl.bmp,ctxr,262304,3f221668657fa21fc4c295483613c6b25a234206
textures/flatlist/ovr_stm/_win/sr21e_alp_ovl.bmp.ctxr,textures/flatlist/ovr_stm/_win,sr21e_alp_ovl.bmp.ctxr,sr21e_alp_ovl.bmp,ctxr,262304,37a2fd9b973a2d3c42757bf218760efe34e2cdd6
textures/flatlist/ovr_stm/_win/sr22e_alp_ovl.bmp.ctxr,textures/flatlist/ovr_stm/_win,sr22e_alp_ovl.bmp.ctxr,sr22e_alp_ovl.bmp,ctxr,262304,a8d1372387c1fecb35534876c9e1e9d66f4a7782
textures/flatlist/ovr_stm/_win/sr23e_alp_ovl.bmp.ctxr,textures/flatlist/ovr_stm/_win,sr23e_alp_ovl.bmp.ctxr,sr23e_alp_ovl.bmp,ctxr,262304,745f8af042126dc3d2fa3816409beb30e5be7be9
textures/flatlist/ovr_stm/_win/sr24e_alp_ovl.bmp.ctxr,textures/flatlist/ovr_stm/_win,sr24e_alp_ovl.bmp.ctxr,sr24e_alp_ovl.bmp,ctxr,262304,65941cd2dc0216a28c4c9b24bacf7a8ea8ec0ff0
textures/flatlist/ovr_stm/_win/sr25e_alp_ovl.bmp.ctxr,textures/flatlist/ovr_stm/_win,sr25e_alp_ovl.bmp.ctxr,sr25e_alp_ovl.bmp,ctxr,262304,58ad3432f3ee3b4a5e748e09625a9c36379f4b81
textures/flatlist/ovr_stm/_win/stin_alp_ovl.bmp.ctxr,textures/flatlist/ovr_stm/_win,stin_alp_ovl.bmp.ctxr,stin_alp_ovl.bmp,ctxr,131232,a6ce6100350fb66eb201996e03da4ab542807c23
textures/flatlist/ovr_stm/_win/stun_alp_ovl.bmp.ctxr,textures/flatlist/ovr_stm/_win,stun_alp_ovl.bmp.ctxr,stun_alp_ovl.bmp,ctxr,131232,e05ee6f4ee24e8d5447a2a7b8f2fe58d7f68c468
textures/flatlist/ovr_stm/_win/styp_alp_ovl.bmp.ctxr,textures/flatlist/ovr_stm/_win,styp_alp_ovl.bmp.ctxr,styp_alp_ovl.bmp,ctxr,131232,bb8bf7667bf70fb09149b6f96b143ab10385b191
textures/flatlist/ovr_stm/_win/tgl_alp_ovl.bmp.ctxr,textures/flatlist/ovr_stm/_win,tgl_alp_ovl.bmp.ctxr,tgl_alp_ovl.bmp,ctxr,131232,2aa37bc1a92d5d8b6590480a83bcd189de9a067f
textures/flatlist/ovr_stm/_win/title_logo_blue_alp_ovl.bmp.ctxr,textures/flatlist/ovr_stm/_win,title_logo_blue_alp_ovl.bmp.ctxr,title_logo_blue_alp_ovl.bmp,ctxr,1048736,daa2f12c444a67ea1b0ca2e0a123271fa86fac71
textures/flatlist/ovr_stm/_win/title_mgs2_alp_ovl.bmp.ctxr,textures/flatlist/ovr_stm/_win,title_mgs2_alp_ovl.bmp.ctxr,title_mgs2_alp_ovl.bmp,ctxr,1398560,3b9b46cfe037344a76f3b08ed7cc41eb43087f06
textures/flatlist/ovr_stm/_win/usp_alp_ovl.bmp.ctxr,textures/flatlist/ovr_stm/_win,usp_alp_ovl.bmp.ctxr,usp_alp_ovl.bmp,ctxr,131232,d5f5898a735efad200c61d467ed357f31c17cda9
textures/flatlist/ovr_stm/_win/usp_sp2_alp_ovl.bmp.ctxr,textures/flatlist/ovr_stm/_win,usp_sp2_alp_ovl.bmp.ctxr,usp_sp2_alp_ovl.bmp,ctxr,131232,6c272763f895fa1688800240c549c76a7ca779fc
textures/flatlist/ovr_stm/_win/usp_sp_alp_ovl.bmp.ctxr,textures/flatlist/ovr_stm/_win,usp_sp_alp_ovl.bmp.ctxr,usp_sp_alp_ovl.bmp,ctxr,131232,12e47192f3ca6bc2fedc75f828615abccb32df50
textures/flatlist/ovr_stm/_win/wig1_alp_ovl.bmp.ctxr,textures/flatlist/ovr_stm/_win,wig1_alp_ovl.bmp.ctxr,wig1_alp_ovl.bmp,ctxr,131232,d1c7ee5b46c98adf8d4441eb1670bb20a4d189ce
textures/flatlist/ovr_stm/_win/wig2_alp_ovl.bmp.ctxr,textures/flatlist/ovr_stm/_win,wig2_alp_ovl.bmp.ctxr,wig2_alp_ovl.bmp,ctxr,131232,0e3ead98e5aac1797f78a11f12b524f9e9bb68b7
textures/flatlist/ovr_stm/_win/wpb_alp_ovl.bmp.ctxr,textures/flatlist/ovr_stm/_win,wpb_alp_ovl.bmp.ctxr,wpb_alp_ovl.bmp,ctxr,131232,c96e102cc706c2da35ebcfee0db7d50b38c89998
