full_path,relative_path_to_file,filename_with_extension,file_stem,extension,filesize,sha1
textures/flatlist/ovr_stm/_win/00004ad1.ctxr,textures/flatlist/ovr_stm/_win,00004ad1.ctxr,00004ad1,ctxr,87744,ce1847aea5e27973121dd5c0089d4c4305a14d33
textures/flatlist/ovr_stm/_win/0000c4dd.ctxr,textures/flatlist/ovr_stm/_win,0000c4dd.ctxr,0000c4dd,ctxr,131232,68e1fca9e35ac5af1090cc7a3f3aae4cd40fcb21
textures/flatlist/ovr_stm/_win/0000c4dd_d0bf2476e36b7e6db64e892154845abf.ctxr,textures/flatlist/ovr_stm/_win,0000c4dd_d0bf2476e36b7e6db64e892154845abf.ctxr,0000c4dd_d0bf2476e36b7e6db64e892154845abf,ctxr,175200,a909a81ea803cf57173527c65df24b05eae3151f
textures/flatlist/ovr_stm/_win/0000f06e.ctxr,textures/flatlist/ovr_stm/_win,0000f06e.ctxr,0000f06e,ctxr,262304,6e56498cf84d292a7521f76d8f076f6d4457653f
textures/flatlist/ovr_stm/_win/00012016.ctxr,textures/flatlist/ovr_stm/_win,00012016.ctxr,00012016,ctxr,262304,6c0c3e492701d73b5d1a30bbb33dcc4075aee6e4
textures/flatlist/ovr_stm/_win/00022016.ctxr,textures/flatlist/ovr_stm/_win,00022016.ctxr,00022016,ctxr,262304,dbe7b5e32c7e06de3c011075af5635c20f210734
textures/flatlist/ovr_stm/_win/00024ad1.ctxr,textures/flatlist/ovr_stm/_win,00024ad1.ctxr,00024ad1,ctxr,87744,442011a76703ea2af14264ab1bd727e1412bde53
textures/flatlist/ovr_stm/_win/0002936b.ctxr,textures/flatlist/ovr_stm/_win,0002936b.ctxr,0002936b,ctxr,175200,ef9b6a62d82d2d4b934fae44daee20deac516938
textures/flatlist/ovr_stm/_win/0002cca2.ctxr,textures/flatlist/ovr_stm/_win,0002cca2.ctxr,0002cca2,ctxr,349952,386547174f29591889904406901475ea77a2f56f
textures/flatlist/ovr_stm/_win/00032016.ctxr,textures/flatlist/ovr_stm/_win,00032016.ctxr,00032016,ctxr,262304,caf22ad827016eae2f42dafaa3771236d6a4bd25
textures/flatlist/ovr_stm/_win/000382c8.ctxr,textures/flatlist/ovr_stm/_win,000382c8.ctxr,000382c8,ctxr,175200,8e8124597a56ffc4cdad30c0425b95c698ee7438
textures/flatlist/ovr_stm/_win/0003c3de.ctxr,textures/flatlist/ovr_stm/_win,0003c3de.ctxr,0003c3de,ctxr,22176,dd4cce7771c4b69da2e3a597449cff13fa734715
textures/flatlist/ovr_stm/_win/0003c3de_59747dd0818a4f3d78cd7938115b9093.ctxr,textures/flatlist/ovr_stm/_win,0003c3de_59747dd0818a4f3d78cd7938115b9093.ctxr,0003c3de_59747dd0818a4f3d78cd7938115b9093,ctxr,16544,8a94ee1dc51eeaf1587233e5e2b830c2aa1072b2
textures/flatlist/ovr_stm/_win/00042016.ctxr,textures/flatlist/ovr_stm/_win,00042016.ctxr,00042016,ctxr,262304,b04991544e02c769907cdd715430732841187696
textures/flatlist/ovr_stm/_win/000430f2.ctxr,textures/flatlist/ovr_stm/_win,000430f2.ctxr,000430f2,ctxr,524448,2fcdc784d0a4e7e4b26ea4ed42ef083ff85c14d7
textures/flatlist/ovr_stm/_win/00052016.ctxr,textures/flatlist/ovr_stm/_win,00052016.ctxr,00052016,ctxr,262304,fc67d454d94fcbb3a7fea13b376eb95642cfd752
textures/flatlist/ovr_stm/_win/00058f79.ctxr,textures/flatlist/ovr_stm/_win,00058f79.ctxr,00058f79,ctxr,11185312,ecfd95975debef3b96c16c91812d88647d4fedfb
textures/flatlist/ovr_stm/_win/00062016.ctxr,textures/flatlist/ovr_stm/_win,00062016.ctxr,00062016,ctxr,262304,34df4b272bb6002dc227bc9c58c5ee0099651316
textures/flatlist/ovr_stm/_win/00065bbe.ctxr,textures/flatlist/ovr_stm/_win,00065bbe.ctxr,00065bbe,ctxr,349984,a748aea191bfe82a598ce50c3620bbccdf68e6fa
textures/flatlist/ovr_stm/_win/00068f79.ctxr,textures/flatlist/ovr_stm/_win,00068f79.ctxr,00068f79,ctxr,5592864,93fa7c06a49daedad38e066a7de720f5a22eed34
textures/flatlist/ovr_stm/_win/00072016.ctxr,textures/flatlist/ovr_stm/_win,00072016.ctxr,00072016,ctxr,262304,4ec573ef3465efb6edc0ef6890a8c5475078d9a8
textures/flatlist/ovr_stm/_win/00075bbe.ctxr,textures/flatlist/ovr_stm/_win,00075bbe.ctxr,00075bbe,ctxr,349984,eedd657046977d17d98b2077b830cf08c600043a
textures/flatlist/ovr_stm/_win/00078f79.ctxr,textures/flatlist/ovr_stm/_win,00078f79.ctxr,00078f79,ctxr,5592864,624422b1e95f495a6ca85538464f7a35c5b2fca9
textures/flatlist/ovr_stm/_win/0007bc34.ctxr,textures/flatlist/ovr_stm/_win,0007bc34.ctxr,0007bc34,ctxr,5592896,bb652c1cba2644ed662225e0ad29651ac77dc790
textures/flatlist/ovr_stm/_win/00082016.ctxr,textures/flatlist/ovr_stm/_win,00082016.ctxr,00082016,ctxr,262304,5c074592ffafbbd6255c7e61601cf188e3e368ed
textures/flatlist/ovr_stm/_win/00085bbe.ctxr,textures/flatlist/ovr_stm/_win,00085bbe.ctxr,00085bbe,ctxr,349984,4c8fd6c2a33ed7adbe01a8b76918527a339959f8
textures/flatlist/ovr_stm/_win/00085d1e.ctxr,textures/flatlist/ovr_stm/_win,00085d1e.ctxr,00085d1e,ctxr,65696,857c60eb4a307f3eb2b369371ac93014ac5cd3f0
textures/flatlist/ovr_stm/_win/0008bc34.ctxr,textures/flatlist/ovr_stm/_win,0008bc34.ctxr,0008bc34,ctxr,699552,56fff804a714c29b4c933810f283ddb3ab1574f8
textures/flatlist/ovr_stm/_win/00096be0.ctxr,textures/flatlist/ovr_stm/_win,00096be0.ctxr,00096be0,ctxr,524448,7cfd5f6834b4490a07b5d64b30e89ec12d4ecdaf
textures/flatlist/ovr_stm/_win/0009bc34.ctxr,textures/flatlist/ovr_stm/_win,0009bc34.ctxr,0009bc34,ctxr,699552,3b5d06aaa81027dbcef00af188c0ddaf2941cc9d
textures/flatlist/ovr_stm/_win/0009eb6f.ctxr,textures/flatlist/ovr_stm/_win,0009eb6f.ctxr,0009eb6f,ctxr,175200,fe9969fa3672905a63265b0b9433a564cada67eb
textures/flatlist/ovr_stm/_win/0009f56f.ctxr,textures/flatlist/ovr_stm/_win,0009f56f.ctxr,0009f56f,ctxr,4194464,bbdb0b4e62abe4e92c4a88c54339c351a448007f
textures/flatlist/ovr_stm/_win/0009f66f.ctxr,textures/flatlist/ovr_stm/_win,0009f66f.ctxr,0009f66f,ctxr,87776,f258083b2d6beb310b813eb4f540211d6a58ca20
textures/flatlist/ovr_stm/_win/000a8fc0.ctxr,textures/flatlist/ovr_stm/_win,000a8fc0.ctxr,000a8fc0,ctxr,4194464,70187eb8d7b42bccb2ce1440ea3de76aebd1fea0
textures/flatlist/ovr_stm/_win/000aa7de.ctxr,textures/flatlist/ovr_stm/_win,000aa7de.ctxr,000aa7de,ctxr,699520,fe9ebb63faf3b778b95cc8da59546229c1de580f
textures/flatlist/ovr_stm/_win/000b7011.ctxr,textures/flatlist/ovr_stm/_win,000b7011.ctxr,000b7011,ctxr,262304,f1a134c4900d2c6140ea43ef7540627c0b8ea056
textures/flatlist/ovr_stm/_win/000c59bf.ctxr,textures/flatlist/ovr_stm/_win,000c59bf.ctxr,000c59bf,ctxr,524448,be36233c5f78e2fc9ce427b5531b9f0732e5d0dd
textures/flatlist/ovr_stm/_win/000cc716.ctxr,textures/flatlist/ovr_stm/_win,000cc716.ctxr,000cc716,ctxr,349984,3744018f5a6ebd4ea47bd13e9a2f1309cd654d11
textures/flatlist/ovr_stm/_win/000ccd6b.ctxr,textures/flatlist/ovr_stm/_win,000ccd6b.ctxr,000ccd6b,ctxr,699552,fd26a146611747329b6e25ee6281cc7af2b69f2c
textures/flatlist/ovr_stm/_win/000e1a61.ctxr,textures/flatlist/ovr_stm/_win,000e1a61.ctxr,000e1a61,ctxr,524448,df91e2580d2a265090cfc70e2e682967b0ab2efd
textures/flatlist/ovr_stm/_win/000ebe38.ctxr,textures/flatlist/ovr_stm/_win,000ebe38.ctxr,000ebe38,ctxr,1048736,c0e4e5e0807b011e02bcbe8b12663e6b3451fa0a
textures/flatlist/ovr_stm/_win/00100d1b.ctxr,textures/flatlist/ovr_stm/_win,00100d1b.ctxr,00100d1b,ctxr,349952,60c67eebaf98af8ed54bb5e610415c8f94c3ff8d
textures/flatlist/ovr_stm/_win/001087b3.ctxr,textures/flatlist/ovr_stm/_win,001087b3.ctxr,001087b3,ctxr,22208,6125868132d07b00e8cdb49fc5b2a510e8544ff6
textures/flatlist/ovr_stm/_win/0010e123.ctxr,textures/flatlist/ovr_stm/_win,0010e123.ctxr,0010e123,ctxr,175200,da256ec6d196932af7825ee0da3207fe93c3dd30
textures/flatlist/ovr_stm/_win/001187b3.ctxr,textures/flatlist/ovr_stm/_win,001187b3.ctxr,001187b3,ctxr,11264,00b0ef5d1998011075403e7a9c24e72ec859e7d5
textures/flatlist/ovr_stm/_win/0012e9ed.ctxr,textures/flatlist/ovr_stm/_win,0012e9ed.ctxr,0012e9ed,ctxr,131232,903619e9c3df5a722075288a1cc08afd725ba6b2
textures/flatlist/ovr_stm/_win/0013486e.ctxr,textures/flatlist/ovr_stm/_win,0013486e.ctxr,0013486e,ctxr,524448,4f8eb9d0d6288bc641c5d3e2622326068f323998
textures/flatlist/ovr_stm/_win/0013547f.ctxr,textures/flatlist/ovr_stm/_win,0013547f.ctxr,0013547f,ctxr,349984,85baa78b1e972ec239d0950d8589bb0c3c13ebfa
textures/flatlist/ovr_stm/_win/0014547f.ctxr,textures/flatlist/ovr_stm/_win,0014547f.ctxr,0014547f,ctxr,349984,84d03c722e91d151f8cd4e4f067b5440e3268ef3
textures/flatlist/ovr_stm/_win/001463f1.ctxr,textures/flatlist/ovr_stm/_win,001463f1.ctxr,001463f1,ctxr,350016,961fea8beced6223663cecedd7310759bebb078b
textures/flatlist/ovr_stm/_win/0015547f.ctxr,textures/flatlist/ovr_stm/_win,0015547f.ctxr,0015547f,ctxr,349984,56598aff9b5d43cc7d9a0fbbea106e1e6ec5cf64
textures/flatlist/ovr_stm/_win/00158927.ctxr,textures/flatlist/ovr_stm/_win,00158927.ctxr,00158927,ctxr,524448,83f97b02c38ec62be7f4bfebb19a5df4af07242a
textures/flatlist/ovr_stm/_win/0016852b.ctxr,textures/flatlist/ovr_stm/_win,0016852b.ctxr,0016852b,ctxr,87776,1e03ea98210963c511626c0dc54dfef44221224c
textures/flatlist/ovr_stm/_win/0016bbf5.ctxr,textures/flatlist/ovr_stm/_win,0016bbf5.ctxr,0016bbf5,ctxr,349952,bfcd7c3c7936173e3fc09c0a6651846cd4a3cb6c
textures/flatlist/ovr_stm/_win/0017bbf5.ctxr,textures/flatlist/ovr_stm/_win,0017bbf5.ctxr,0017bbf5,ctxr,699488,203bd9ef5725cd47920165fb678b61b87ad6151d
textures/flatlist/ovr_stm/_win/001a8739.ctxr,textures/flatlist/ovr_stm/_win,001a8739.ctxr,001a8739,ctxr,1398560,279f8308a1cc6ca743025e0a83865933e5705fa6
textures/flatlist/ovr_stm/_win/001a8739_9b95ed97d41ce0c9da24766f77e0bf35.ctxr,textures/flatlist/ovr_stm/_win,001a8739_9b95ed97d41ce0c9da24766f77e0bf35.ctxr,001a8739_9b95ed97d41ce0c9da24766f77e0bf35,ctxr,1398560,4aad7f59ceaacd2689e1686c2e3acc587f8ca2d5
textures/flatlist/ovr_stm/_win/001bb358.ctxr,textures/flatlist/ovr_stm/_win,001bb358.ctxr,001bb358,ctxr,699552,f1b4ed06307634a8c5137471a419fcb4ac655d06
textures/flatlist/ovr_stm/_win/001cd071.ctxr,textures/flatlist/ovr_stm/_win,001cd071.ctxr,001cd071,ctxr,44064,ca0b0c73dd59a540ef4bf1754fc2ca87ecd9a636
textures/flatlist/ovr_stm/_win/001f2016.ctxr,textures/flatlist/ovr_stm/_win,001f2016.ctxr,001f2016,ctxr,262304,6b0cdb9b2538af27ee7063a703f39cacb367c71f
textures/flatlist/ovr_stm/_win/00202016.ctxr,textures/flatlist/ovr_stm/_win,00202016.ctxr,00202016,ctxr,262304,c42872f74fc622f517bcdd438d5216d44755b24e
textures/flatlist/ovr_stm/_win/00207af5.ctxr,textures/flatlist/ovr_stm/_win,00207af5.ctxr,00207af5,ctxr,262304,ad607a32b4fdebaf95818f38ebc8a3368f63dbba
textures/flatlist/ovr_stm/_win/0020c7c1.ctxr,textures/flatlist/ovr_stm/_win,0020c7c1.ctxr,0020c7c1,ctxr,349984,3cf7f27749858b0b098a73e37bb0420905276343
textures/flatlist/ovr_stm/_win/0020e3c2.ctxr,textures/flatlist/ovr_stm/_win,0020e3c2.ctxr,0020e3c2,ctxr,175200,4655074aee540da00528d0736380e92eb0805149
textures/flatlist/ovr_stm/_win/0020fb52.ctxr,textures/flatlist/ovr_stm/_win,0020fb52.ctxr,0020fb52,ctxr,349984,137babb3efb9523010f2170d5066bd5024adcb4c
textures/flatlist/ovr_stm/_win/00212016.ctxr,textures/flatlist/ovr_stm/_win,00212016.ctxr,00212016,ctxr,262304,f2ab04a20c3b54afd434c41dcf54c69f4165c38f
textures/flatlist/ovr_stm/_win/0021e3c2.ctxr,textures/flatlist/ovr_stm/_win,0021e3c2.ctxr,0021e3c2,ctxr,175200,903ec217a8ace10506c5d987f3fa8cfdbfacdaa8
textures/flatlist/ovr_stm/_win/00222016.ctxr,textures/flatlist/ovr_stm/_win,00222016.ctxr,00222016,ctxr,262304,a481174aceb5880045821f67d883b33533620bf6
textures/flatlist/ovr_stm/_win/0022e3c2.ctxr,textures/flatlist/ovr_stm/_win,0022e3c2.ctxr,0022e3c2,ctxr,175200,db0a68981ff523c2b95a474634680645ae86e8b6
textures/flatlist/ovr_stm/_win/00232016.ctxr,textures/flatlist/ovr_stm/_win,00232016.ctxr,00232016,ctxr,262304,83902d3bea82deec66980914732e9ca44a307ca9
textures/flatlist/ovr_stm/_win/0023ace3.ctxr,textures/flatlist/ovr_stm/_win,0023ace3.ctxr,0023ace3,ctxr,349984,c7d21c99d3771eb174a34c80a5749f980b8497a0
textures/flatlist/ovr_stm/_win/00242016.ctxr,textures/flatlist/ovr_stm/_win,00242016.ctxr,00242016,ctxr,262304,ca45c6a5289c0d2ab76e2db0404bd94a28eb4583
textures/flatlist/ovr_stm/_win/00248df3.ctxr,textures/flatlist/ovr_stm/_win,00248df3.ctxr,00248df3,ctxr,349920,6aee7b71877bd4e9121d74ba0949468f2bc8df8c
textures/flatlist/ovr_stm/_win/002515dc.ctxr,textures/flatlist/ovr_stm/_win,002515dc.ctxr,002515dc,ctxr,262304,7447066d11da15334b08c0e821a96adbf86509ce
textures/flatlist/ovr_stm/_win/00252016.ctxr,textures/flatlist/ovr_stm/_win,00252016.ctxr,00252016,ctxr,262304,a8ca43cc51c4f1becb72956f07a07ef6dccbabd8
textures/flatlist/ovr_stm/_win/00253181.ctxr,textures/flatlist/ovr_stm/_win,00253181.ctxr,00253181,ctxr,175168,3623447e28b3c5f90964526b04355f378c88ec3b
textures/flatlist/ovr_stm/_win/00262016.ctxr,textures/flatlist/ovr_stm/_win,00262016.ctxr,00262016,ctxr,262304,b398a4f1583fd7c13cbcca8a7ecb5af5f20471ff
textures/flatlist/ovr_stm/_win/0026f2fc.ctxr,textures/flatlist/ovr_stm/_win,0026f2fc.ctxr,0026f2fc,ctxr,699552,86f2154b1bb51fbe9359f79f28dc3212c65632cb
textures/flatlist/ovr_stm/_win/00272016.ctxr,textures/flatlist/ovr_stm/_win,00272016.ctxr,00272016,ctxr,262304,5a11ccd173ddb6b43b33703d8e1a6bb8d3b4d3b5
textures/flatlist/ovr_stm/_win/00273921.ctxr,textures/flatlist/ovr_stm/_win,00273921.ctxr,00273921,ctxr,524448,b124a5747fdabb3a3ebb749ab459a2f87310fb38
textures/flatlist/ovr_stm/_win/0027ccec.ctxr,textures/flatlist/ovr_stm/_win,0027ccec.ctxr,0027ccec,ctxr,349920,2b26846a7670fe1c8072f2b629f031056edb9141
textures/flatlist/ovr_stm/_win/002be6b0.ctxr,textures/flatlist/ovr_stm/_win,002be6b0.ctxr,002be6b0,ctxr,524448,32e4f628599aa456c14b9378abe327417988324e
textures/flatlist/ovr_stm/_win/002c9415.ctxr,textures/flatlist/ovr_stm/_win,002c9415.ctxr,002c9415,ctxr,524448,e587aaed0ec8f38b4187483e5bf2ab4409b8f91a
textures/flatlist/ovr_stm/_win/002ca269.ctxr,textures/flatlist/ovr_stm/_win,002ca269.ctxr,002ca269,ctxr,131232,5d71bd82135a1bfdbbd5ecb1bf688f5af8de17ec
textures/flatlist/ovr_stm/_win/002ceb42.ctxr,textures/flatlist/ovr_stm/_win,002ceb42.ctxr,002ceb42,ctxr,1398528,b63c2006a39a2360a94b2c6b10847218d87c1a39
textures/flatlist/ovr_stm/_win/002d83df.ctxr,textures/flatlist/ovr_stm/_win,002d83df.ctxr,002d83df,ctxr,524448,0af64523abb7a3aae4c3a849bffe0ce36943a2f8
textures/flatlist/ovr_stm/_win/002d83df_d6d6e25cebf411fbdc10afdc75e6c763.ctxr,textures/flatlist/ovr_stm/_win,002d83df_d6d6e25cebf411fbdc10afdc75e6c763.ctxr,002d83df_d6d6e25cebf411fbdc10afdc75e6c763,ctxr,524448,0bc353cd8c69b638b51f81e2d8588b79ac24f001
textures/flatlist/ovr_stm/_win/002d83e0.ctxr,textures/flatlist/ovr_stm/_win,002d83e0.ctxr,002d83e0,ctxr,524448,f5eeec3a54dc45f4cfd74308c9a7908a0bf107c7
textures/flatlist/ovr_stm/_win/002d83e0_fe14aedf8aead9e025a71608da78f12d.ctxr,textures/flatlist/ovr_stm/_win,002d83e0_fe14aedf8aead9e025a71608da78f12d.ctxr,002d83e0_fe14aedf8aead9e025a71608da78f12d,ctxr,524448,88d4d816198a879148c9cd8f9561e67334b0cba2
textures/flatlist/ovr_stm/_win/002d83e1.ctxr,textures/flatlist/ovr_stm/_win,002d83e1.ctxr,002d83e1,ctxr,44096,d5d88ad92b452a8200a3d3d2e4cb594133548f3d
textures/flatlist/ovr_stm/_win/002d83e2.ctxr,textures/flatlist/ovr_stm/_win,002d83e2.ctxr,002d83e2,ctxr,44096,ff40ffab4837ed67df7f3bb821d045172e6b8fc2
textures/flatlist/ovr_stm/_win/002d83e3.ctxr,textures/flatlist/ovr_stm/_win,002d83e3.ctxr,002d83e3,ctxr,5760,6770e1dc4fd92b756d4c9c2cd00309003d432ac7
textures/flatlist/ovr_stm/_win/002d83e4.ctxr,textures/flatlist/ovr_stm/_win,002d83e4.ctxr,002d83e4,ctxr,5760,c67904da5abd5134fdd1192e87b589a61148d670
textures/flatlist/ovr_stm/_win/002d83e5.ctxr,textures/flatlist/ovr_stm/_win,002d83e5.ctxr,002d83e5,ctxr,44096,c0dd060c6eef51fac4aa139b20b1fe716192a8ff
textures/flatlist/ovr_stm/_win/002e7dde.ctxr,textures/flatlist/ovr_stm/_win,002e7dde.ctxr,002e7dde,ctxr,32928,789fda079ac8bac75ff474297f15aa12fbb16159
textures/flatlist/ovr_stm/_win/002e7ddf.ctxr,textures/flatlist/ovr_stm/_win,002e7ddf.ctxr,002e7ddf,ctxr,44096,1c1745fdb0e8fdfb5f738f3d2b1962f626e2a7f9
textures/flatlist/ovr_stm/_win/002e7de0.ctxr,textures/flatlist/ovr_stm/_win,002e7de0.ctxr,002e7de0,ctxr,131232,4faf5be854d39d730bd1dca50515daf3e9ace358
textures/flatlist/ovr_stm/_win/002e7de3.ctxr,textures/flatlist/ovr_stm/_win,002e7de3.ctxr,002e7de3,ctxr,22176,3933e212755d2e3b4eec2f6d472dadf103220eda
textures/flatlist/ovr_stm/_win/002e7de4.ctxr,textures/flatlist/ovr_stm/_win,002e7de4.ctxr,002e7de4,ctxr,22176,5a18c7471e9cfa533a0bc7bc3978b4fc30ad0491
textures/flatlist/ovr_stm/_win/002e7de5.ctxr,textures/flatlist/ovr_stm/_win,002e7de5.ctxr,002e7de5,ctxr,65696,d2b1ebde7974bfb86eb94ece8871042bc5446b1d
textures/flatlist/ovr_stm/_win/002e8486.ctxr,textures/flatlist/ovr_stm/_win,002e8486.ctxr,002e8486,ctxr,262304,e649a9f912db11b5d404896f56e35fbf4dae06f9
textures/flatlist/ovr_stm/_win/002eb6f9.ctxr,textures/flatlist/ovr_stm/_win,002eb6f9.ctxr,002eb6f9,ctxr,524448,c74433cded61b8db19036f0c1fe522c4394030dd
textures/flatlist/ovr_stm/_win/002f0bd0.ctxr,textures/flatlist/ovr_stm/_win,002f0bd0.ctxr,002f0bd0,ctxr,87744,e222fb26f4ca027cbcdface7b878877a81587a2b
textures/flatlist/ovr_stm/_win/002f1bd0.ctxr,textures/flatlist/ovr_stm/_win,002f1bd0.ctxr,002f1bd0,ctxr,87744,a799e5668425414d03d4c93a377126c4ce67cb14
textures/flatlist/ovr_stm/_win/002f2bd0.ctxr,textures/flatlist/ovr_stm/_win,002f2bd0.ctxr,002f2bd0,ctxr,87744,6569d69c705a524bbfdda6e2a5d5967f99630249
textures/flatlist/ovr_stm/_win/002f3bd0.ctxr,textures/flatlist/ovr_stm/_win,002f3bd0.ctxr,002f3bd0,ctxr,87744,937155ed527d253e5827fa572c77973be6c6d1bb
textures/flatlist/ovr_stm/_win/002f4bd0.ctxr,textures/flatlist/ovr_stm/_win,002f4bd0.ctxr,002f4bd0,ctxr,87744,e633b6f427db6b36da1796ac732af406c81fbc1a
textures/flatlist/ovr_stm/_win/002f5bd0.ctxr,textures/flatlist/ovr_stm/_win,002f5bd0.ctxr,002f5bd0,ctxr,87744,ae84b3368d08798751166f53b9bebe0f2541329d
textures/flatlist/ovr_stm/_win/002f6bd0.ctxr,textures/flatlist/ovr_stm/_win,002f6bd0.ctxr,002f6bd0,ctxr,87744,baf1435a3b85a9d86abfaf7def93c0706b36bb3c
textures/flatlist/ovr_stm/_win/002f7bd0.ctxr,textures/flatlist/ovr_stm/_win,002f7bd0.ctxr,002f7bd0,ctxr,87744,c0dbf354c6632b25cfa68750dd78da3abcc192e7
textures/flatlist/ovr_stm/_win/002f8bd0.ctxr,textures/flatlist/ovr_stm/_win,002f8bd0.ctxr,002f8bd0,ctxr,87744,5ce6fd2bd02fe31f233c29e3e18682f69258e2eb
textures/flatlist/ovr_stm/_win/00304ad1.ctxr,textures/flatlist/ovr_stm/_win,00304ad1.ctxr,00304ad1,ctxr,87744,4788ff82b98c23565edb25b182bf3b13667ecfde
textures/flatlist/ovr_stm/_win/0030e529.ctxr,textures/flatlist/ovr_stm/_win,0030e529.ctxr,0030e529,ctxr,32928,1e255e9dae125795733e08d0f251bf65c634b516
textures/flatlist/ovr_stm/_win/0030f164.ctxr,textures/flatlist/ovr_stm/_win,0030f164.ctxr,0030f164,ctxr,349984,fc562b93e81bff24bb19477ccc97c6c7d88cc631
textures/flatlist/ovr_stm/_win/0030fbd0.ctxr,textures/flatlist/ovr_stm/_win,0030fbd0.ctxr,0030fbd0,ctxr,87744,05cbd8a0216d07169a67a7836127ab05b2905025
textures/flatlist/ovr_stm/_win/00310ae2.ctxr,textures/flatlist/ovr_stm/_win,00310ae2.ctxr,00310ae2,ctxr,175200,376e2291de130089e447cb560e9a18e60e81d95f
textures/flatlist/ovr_stm/_win/00310bd0.ctxr,textures/flatlist/ovr_stm/_win,00310bd0.ctxr,00310bd0,ctxr,87744,7128138e68bb2c56642dc0ba7bf2af67b93caeb5
textures/flatlist/ovr_stm/_win/00311bd0.ctxr,textures/flatlist/ovr_stm/_win,00311bd0.ctxr,00311bd0,ctxr,87744,855039229490fc740ed5e7f1161ceeba1e420eda
textures/flatlist/ovr_stm/_win/00312bd0.ctxr,textures/flatlist/ovr_stm/_win,00312bd0.ctxr,00312bd0,ctxr,87744,1685c43f37ad8b683359682edf3cde4427779e3e
textures/flatlist/ovr_stm/_win/00313bd0.ctxr,textures/flatlist/ovr_stm/_win,00313bd0.ctxr,00313bd0,ctxr,87744,b6a1cde8eec344ffa086f72227b9f0cd2d70bb68
textures/flatlist/ovr_stm/_win/00314bd0.ctxr,textures/flatlist/ovr_stm/_win,00314bd0.ctxr,00314bd0,ctxr,87744,d65c59bd089814f564b7e4b03098f82ce3679deb
textures/flatlist/ovr_stm/_win/00315bd0.ctxr,textures/flatlist/ovr_stm/_win,00315bd0.ctxr,00315bd0,ctxr,175168,1904b779af3e7b4e6f08114991eff5e02eb7cca3
textures/flatlist/ovr_stm/_win/00316bd0.ctxr,textures/flatlist/ovr_stm/_win,00316bd0.ctxr,00316bd0,ctxr,87744,7ae28bb02513580da238ba2093f0cd9880bf539e
textures/flatlist/ovr_stm/_win/00317bd0.ctxr,textures/flatlist/ovr_stm/_win,00317bd0.ctxr,00317bd0,ctxr,87744,bb319b92446ade31083543f8db9289127fc7088f
textures/flatlist/ovr_stm/_win/00318bd0.ctxr,textures/flatlist/ovr_stm/_win,00318bd0.ctxr,00318bd0,ctxr,87744,723a06a1b63e726a80f5f23f6c1795794ec4a0db
textures/flatlist/ovr_stm/_win/0031ead8.ctxr,textures/flatlist/ovr_stm/_win,0031ead8.ctxr,0031ead8,ctxr,87744,64a1e0ad514d5c5a658b31756766b40e9692f8f0
textures/flatlist/ovr_stm/_win/00324ad1.ctxr,textures/flatlist/ovr_stm/_win,00324ad1.ctxr,00324ad1,ctxr,87744,a8b5b0da762acfedcbc9f3f21119548320c98b8b
textures/flatlist/ovr_stm/_win/0032ead8.ctxr,textures/flatlist/ovr_stm/_win,0032ead8.ctxr,0032ead8,ctxr,87744,d9a394923f1b80f24d75cace6a60bdf9b47b446c
textures/flatlist/ovr_stm/_win/0032fbd0.ctxr,textures/flatlist/ovr_stm/_win,0032fbd0.ctxr,0032fbd0,ctxr,87744,79e32e4c6a98a0cef3c5ae672baed0102891877a
textures/flatlist/ovr_stm/_win/00330bd0.ctxr,textures/flatlist/ovr_stm/_win,00330bd0.ctxr,00330bd0,ctxr,87744,9721e2aa6c25bc10994720d08219c388aaf4ea38
textures/flatlist/ovr_stm/_win/00331bd0.ctxr,textures/flatlist/ovr_stm/_win,00331bd0.ctxr,00331bd0,ctxr,87744,1fe902a6e5e6764d0150f1868bf2cac4f18bd0c1
textures/flatlist/ovr_stm/_win/00332bd0.ctxr,textures/flatlist/ovr_stm/_win,00332bd0.ctxr,00332bd0,ctxr,87744,0575909c2db675f13c7fb03f820bba88967581d4
textures/flatlist/ovr_stm/_win/00333bd0.ctxr,textures/flatlist/ovr_stm/_win,00333bd0.ctxr,00333bd0,ctxr,87744,0224cb289018c5aee2d656ca4f550172695ce6b6
textures/flatlist/ovr_stm/_win/00334bd0.ctxr,textures/flatlist/ovr_stm/_win,00334bd0.ctxr,00334bd0,ctxr,87744,7ae6c36891d99a44250188bc08ab4a14f4911539
textures/flatlist/ovr_stm/_win/00335bd0.ctxr,textures/flatlist/ovr_stm/_win,00335bd0.ctxr,00335bd0,ctxr,87744,20cc4d6f5a0b909b9645b11f18e6c4df04330876
textures/flatlist/ovr_stm/_win/00336bd0.ctxr,textures/flatlist/ovr_stm/_win,00336bd0.ctxr,00336bd0,ctxr,87744,36e796cd4260d70aa09f1fe4f8c946be20e5005e
textures/flatlist/ovr_stm/_win/00337bd0.ctxr,textures/flatlist/ovr_stm/_win,00337bd0.ctxr,00337bd0,ctxr,87744,02d890231e11f9cafc469548d4a1c8cf878f60f3
textures/flatlist/ovr_stm/_win/00338bd0.ctxr,textures/flatlist/ovr_stm/_win,00338bd0.ctxr,00338bd0,ctxr,87744,059d93f318ce169ad79aea128c3054bc6b89a7ea
textures/flatlist/ovr_stm/_win/00344ad1.ctxr,textures/flatlist/ovr_stm/_win,00344ad1.ctxr,00344ad1,ctxr,87744,61c3277ed63951e1d246d9d477f1b3eec27171aa
textures/flatlist/ovr_stm/_win/0034852b.ctxr,textures/flatlist/ovr_stm/_win,0034852b.ctxr,0034852b,ctxr,87776,17bae22a5764905bff0a53a45f9d3c47b2bb4ff4
textures/flatlist/ovr_stm/_win/0034fbd0.ctxr,textures/flatlist/ovr_stm/_win,0034fbd0.ctxr,0034fbd0,ctxr,87744,c7417c9ac0649c66b3076f9545566edb34e21363
textures/flatlist/ovr_stm/_win/00350bd0.ctxr,textures/flatlist/ovr_stm/_win,00350bd0.ctxr,00350bd0,ctxr,87744,afe922c85829b477ff8d8aec430fc3100ccd8c82
textures/flatlist/ovr_stm/_win/00352bd0.ctxr,textures/flatlist/ovr_stm/_win,00352bd0.ctxr,00352bd0,ctxr,87744,b6936f967952d3cda2e66a5416b787c699722422
textures/flatlist/ovr_stm/_win/00353bd0.ctxr,textures/flatlist/ovr_stm/_win,00353bd0.ctxr,00353bd0,ctxr,87744,a54fb12234a428e5d598bc1479d2c8a52be4aa5d
textures/flatlist/ovr_stm/_win/00354bd0.ctxr,textures/flatlist/ovr_stm/_win,00354bd0.ctxr,00354bd0,ctxr,87744,530bb5fdb18ecb2763aa2e970f095ee879a6c190
textures/flatlist/ovr_stm/_win/00355bd0.ctxr,textures/flatlist/ovr_stm/_win,00355bd0.ctxr,00355bd0,ctxr,87744,dfb67045412935214357db94df85d4e5e2431923
textures/flatlist/ovr_stm/_win/00356bd0.ctxr,textures/flatlist/ovr_stm/_win,00356bd0.ctxr,00356bd0,ctxr,87744,d8c041526ebb7048cd0e33e8ef0beada540b16f9
textures/flatlist/ovr_stm/_win/00357bd0.ctxr,textures/flatlist/ovr_stm/_win,00357bd0.ctxr,00357bd0,ctxr,87744,4749e76f1abf0da0c358992726eac5249705cf9b
textures/flatlist/ovr_stm/_win/00358bd0.ctxr,textures/flatlist/ovr_stm/_win,00358bd0.ctxr,00358bd0,ctxr,87744,d42cad57764ff901d3a0aec57756ea30475ebd7d
textures/flatlist/ovr_stm/_win/00364ad1.ctxr,textures/flatlist/ovr_stm/_win,00364ad1.ctxr,00364ad1,ctxr,87744,a3c1194a60e30d93d8c3a6de087f4c166f33cdeb
textures/flatlist/ovr_stm/_win/00367807.ctxr,textures/flatlist/ovr_stm/_win,00367807.ctxr,00367807,ctxr,65696,b7e640fb488f868160fdc1c6a554b1ec1bc044f4
textures/flatlist/ovr_stm/_win/0036ea81.ctxr,textures/flatlist/ovr_stm/_win,0036ea81.ctxr,0036ea81,ctxr,699520,69a77f371128d5abe4e56d9700845c3dd7cf5b13
textures/flatlist/ovr_stm/_win/0036fbd0.ctxr,textures/flatlist/ovr_stm/_win,0036fbd0.ctxr,0036fbd0,ctxr,87744,08c5105bc79f2c0baebb9614f179221fc17d640a
textures/flatlist/ovr_stm/_win/00370bd0.ctxr,textures/flatlist/ovr_stm/_win,00370bd0.ctxr,00370bd0,ctxr,87744,57830ecc4de70540ddb2d6a1c598256945b6798d
textures/flatlist/ovr_stm/_win/00371bd0.ctxr,textures/flatlist/ovr_stm/_win,00371bd0.ctxr,00371bd0,ctxr,87744,4cffd43dfd002d2b935a4477a85f51eb47e5e2d0
textures/flatlist/ovr_stm/_win/00372bd0.ctxr,textures/flatlist/ovr_stm/_win,00372bd0.ctxr,00372bd0,ctxr,87744,413c66f3def2bac126cf08718a40d479606c7d83
textures/flatlist/ovr_stm/_win/00373bd0.ctxr,textures/flatlist/ovr_stm/_win,00373bd0.ctxr,00373bd0,ctxr,87744,bc8a4a060d7aaceebd64a332133f53ecfd24da4e
textures/flatlist/ovr_stm/_win/00374bd0.ctxr,textures/flatlist/ovr_stm/_win,00374bd0.ctxr,00374bd0,ctxr,87744,7592bd5e9e912b4ca614ae52d227b3481fa11267
textures/flatlist/ovr_stm/_win/0037502a.ctxr,textures/flatlist/ovr_stm/_win,0037502a.ctxr,0037502a,ctxr,262304,41893675dbd11f5552f1bc9970c7b008a17fae1f
textures/flatlist/ovr_stm/_win/0037513a.ctxr,textures/flatlist/ovr_stm/_win,0037513a.ctxr,0037513a,ctxr,262304,9626d7c8545d9ed78088a30c8df090770efe922e
textures/flatlist/ovr_stm/_win/00375bd0.ctxr,textures/flatlist/ovr_stm/_win,00375bd0.ctxr,00375bd0,ctxr,87744,bfa7c978d86d79ba72889a1b98b11fbc9895a0cf
textures/flatlist/ovr_stm/_win/00376bd0.ctxr,textures/flatlist/ovr_stm/_win,00376bd0.ctxr,00376bd0,ctxr,349952,cc4e23d8e437bcd9b48ec53b9f6507cb26eba833
textures/flatlist/ovr_stm/_win/00380922.ctxr,textures/flatlist/ovr_stm/_win,00380922.ctxr,00380922,ctxr,8388768,b7e17bce322956ced61cbadc6e377e492b71a3d9
textures/flatlist/ovr_stm/_win/00384ad1.ctxr,textures/flatlist/ovr_stm/_win,00384ad1.ctxr,00384ad1,ctxr,87744,338965980e5022224041b4eeb6695413537c3f38
textures/flatlist/ovr_stm/_win/0038e7a7.ctxr,textures/flatlist/ovr_stm/_win,0038e7a7.ctxr,0038e7a7,ctxr,5592928,b50da5b50fb136332e81c7059f81b1f2c7a95f44
textures/flatlist/ovr_stm/_win/0038f08e.ctxr,textures/flatlist/ovr_stm/_win,0038f08e.ctxr,0038f08e,ctxr,175200,51efbdc99601dd84e12fae2df291f06b05c17af0
textures/flatlist/ovr_stm/_win/0038f2a7.ctxr,textures/flatlist/ovr_stm/_win,0038f2a7.ctxr,0038f2a7,ctxr,5592928,f6b312d7cdf9455b67941faf7eb02531ceac2b3c
textures/flatlist/ovr_stm/_win/0038f2a7_09a2e59f677ae755c7156ae89bea86a9.ctxr,textures/flatlist/ovr_stm/_win,0038f2a7_09a2e59f677ae755c7156ae89bea86a9.ctxr,0038f2a7_09a2e59f677ae755c7156ae89bea86a9,ctxr,5592928,6c01faf120591f82e83fb7ed167c77197fc5f2c1
textures/flatlist/ovr_stm/_win/0038f2a7_506b55e6b21d5eaec73ca5aa5ffb9a36.ctxr,textures/flatlist/ovr_stm/_win,0038f2a7_506b55e6b21d5eaec73ca5aa5ffb9a36.ctxr,0038f2a7_506b55e6b21d5eaec73ca5aa5ffb9a36,ctxr,5592928,65d438a094c4deb32df321802c83b105ea881356
textures/flatlist/ovr_stm/_win/0038f2a7_be3ef19531b3a85625ef614280f2874c.ctxr,textures/flatlist/ovr_stm/_win,0038f2a7_be3ef19531b3a85625ef614280f2874c.ctxr,0038f2a7_be3ef19531b3a85625ef614280f2874c,ctxr,5592928,568d1f67a822cee3d3c2505c09e971051de4e8e7
textures/flatlist/ovr_stm/_win/003997fd.ctxr,textures/flatlist/ovr_stm/_win,003997fd.ctxr,003997fd,ctxr,131232,39277f22797d71f3107030b8ab5d1f264335d7c8
textures/flatlist/ovr_stm/_win/003997fd_58fcdefef3f7eda79d7e4a9f65f040ed.ctxr,textures/flatlist/ovr_stm/_win,003997fd_58fcdefef3f7eda79d7e4a9f65f040ed.ctxr,003997fd_58fcdefef3f7eda79d7e4a9f65f040ed,ctxr,524448,dabcdc706938d32762c3353359982f5285294a09
textures/flatlist/ovr_stm/_win/0039af8a.ctxr,textures/flatlist/ovr_stm/_win,0039af8a.ctxr,0039af8a,ctxr,16544,e746cfbb304c8b64411118f0b90e4b1e5ef9154c
textures/flatlist/ovr_stm/_win/003a4ad1.ctxr,textures/flatlist/ovr_stm/_win,003a4ad1.ctxr,003a4ad1,ctxr,87744,a71d9a062cad0a70e00ad207bbb3cea1738d2154
textures/flatlist/ovr_stm/_win/003aa501.ctxr,textures/flatlist/ovr_stm/_win,003aa501.ctxr,003aa501,ctxr,524448,1ff4beed11deb39ea55e2ad900689455b106a619
textures/flatlist/ovr_stm/_win/003c4ad1.ctxr,textures/flatlist/ovr_stm/_win,003c4ad1.ctxr,003c4ad1,ctxr,175168,7e96982aba34dcf9bf4d57b2cccab11f0b3b99dc
textures/flatlist/ovr_stm/_win/003c8502.ctxr,textures/flatlist/ovr_stm/_win,003c8502.ctxr,003c8502,ctxr,65696,6d851f4244bc020ec2216913636088715c85abba
textures/flatlist/ovr_stm/_win/003d8502.ctxr,textures/flatlist/ovr_stm/_win,003d8502.ctxr,003d8502,ctxr,65696,b078c710e6b792fbbaba613699a075fc7bd8e4e5
textures/flatlist/ovr_stm/_win/003e4ad1.ctxr,textures/flatlist/ovr_stm/_win,003e4ad1.ctxr,003e4ad1,ctxr,87744,73a6ed13761c2028e5bb1590cd9b5ec633c14155
textures/flatlist/ovr_stm/_win/003e8502.ctxr,textures/flatlist/ovr_stm/_win,003e8502.ctxr,003e8502,ctxr,65696,a3b7eb533d97327d61e7299a0d2e3e35ebafae75
textures/flatlist/ovr_stm/_win/003e9364.ctxr,textures/flatlist/ovr_stm/_win,003e9364.ctxr,003e9364,ctxr,349984,c7536640b7adab869193753c8f81688faa5b24d1
textures/flatlist/ovr_stm/_win/003f8502.ctxr,textures/flatlist/ovr_stm/_win,003f8502.ctxr,003f8502,ctxr,65696,5b692dc0c27309acc10575504317aa1834144d48
textures/flatlist/ovr_stm/_win/003fc7c9.ctxr,textures/flatlist/ovr_stm/_win,003fc7c9.ctxr,003fc7c9,ctxr,175232,6b7f48a84ef0fe3e0b3abcfadf9f95799fbb1b7c
textures/flatlist/ovr_stm/_win/00404ad1.ctxr,textures/flatlist/ovr_stm/_win,00404ad1.ctxr,00404ad1,ctxr,87744,c359f07d3b8f15e2be1c25a8bb9c928fb16d4a14
textures/flatlist/ovr_stm/_win/00408502.ctxr,textures/flatlist/ovr_stm/_win,00408502.ctxr,00408502,ctxr,32928,acdd85dd873fd2bed1fb4e5630351993ee7545cd
textures/flatlist/ovr_stm/_win/0040cd15.ctxr,textures/flatlist/ovr_stm/_win,0040cd15.ctxr,0040cd15,ctxr,699520,fdb09926d8146b663d9f11f2247b0107c7bf1268
textures/flatlist/ovr_stm/_win/0040eac3.ctxr,textures/flatlist/ovr_stm/_win,0040eac3.ctxr,0040eac3,ctxr,349984,546e30d1134a0ad1ca39ac128b852a7ad9c973d9
textures/flatlist/ovr_stm/_win/00418502.ctxr,textures/flatlist/ovr_stm/_win,00418502.ctxr,00418502,ctxr,131232,318da29c8045fd2178e59ed544b3053221f70ab3
textures/flatlist/ovr_stm/_win/0041eac3.ctxr,textures/flatlist/ovr_stm/_win,0041eac3.ctxr,0041eac3,ctxr,87776,6b5e5100042dde60814d021e1913c3d4bc9601dc
textures/flatlist/ovr_stm/_win/00424ad1.ctxr,textures/flatlist/ovr_stm/_win,00424ad1.ctxr,00424ad1,ctxr,87744,05f934c5ccfe70e2a82ba5a761811e2de8fc9a78
textures/flatlist/ovr_stm/_win/00427069.ctxr,textures/flatlist/ovr_stm/_win,00427069.ctxr,00427069,ctxr,8352,442eca3f8e4e62b8b7d00e3b0cac9e6448d4fda3
textures/flatlist/ovr_stm/_win/00428502.ctxr,textures/flatlist/ovr_stm/_win,00428502.ctxr,00428502,ctxr,65696,493aec7094f293570d39c0b4e6400f62fbbd9dac
textures/flatlist/ovr_stm/_win/0042eac3.ctxr,textures/flatlist/ovr_stm/_win,0042eac3.ctxr,0042eac3,ctxr,87776,2fba90e9200391179a072df53d54e0a6f805e6d5
textures/flatlist/ovr_stm/_win/0043eac3.ctxr,textures/flatlist/ovr_stm/_win,0043eac3.ctxr,0043eac3,ctxr,699552,6c84598c3ebc4ad977dc9b68ce2309fdffffa691
textures/flatlist/ovr_stm/_win/00443f1d.ctxr,textures/flatlist/ovr_stm/_win,00443f1d.ctxr,00443f1d,ctxr,175200,fbdd43edb167325432f2196ed8b2cb2b680fa729
textures/flatlist/ovr_stm/_win/00445c5a.ctxr,textures/flatlist/ovr_stm/_win,00445c5a.ctxr,00445c5a,ctxr,16544,9428cb71edf8191496d2f6e9edda1529e8570e13
textures/flatlist/ovr_stm/_win/00453f1d.ctxr,textures/flatlist/ovr_stm/_win,00453f1d.ctxr,00453f1d,ctxr,175200,025188128b97c78c2d27d5a1620d9f1bf15319f3
textures/flatlist/ovr_stm/_win/00459114.ctxr,textures/flatlist/ovr_stm/_win,00459114.ctxr,00459114,ctxr,349920,b5c58a94d52142ebd71e54567a2915ef2c8031a1
textures/flatlist/ovr_stm/_win/004613c2.ctxr,textures/flatlist/ovr_stm/_win,004613c2.ctxr,004613c2,ctxr,349984,07e7adc36cda83ea8a5df6b32272a801f61194c8
textures/flatlist/ovr_stm/_win/00463f1d.ctxr,textures/flatlist/ovr_stm/_win,00463f1d.ctxr,00463f1d,ctxr,349984,883314e637ed93dc213ac0a7cfa27df84c2a4955
textures/flatlist/ovr_stm/_win/00469114.ctxr,textures/flatlist/ovr_stm/_win,00469114.ctxr,00469114,ctxr,349920,6348c17ed63b5105ee1856b0dbb30ecc0971bfe6
textures/flatlist/ovr_stm/_win/004750b0.ctxr,textures/flatlist/ovr_stm/_win,004750b0.ctxr,004750b0,ctxr,131232,381fe155954dbc678fa048c5330c69fb5e9caefb
textures/flatlist/ovr_stm/_win/004750b0_b04d2410ad3d8dfa5e0f135d4c15d11e.ctxr,textures/flatlist/ovr_stm/_win,004750b0_b04d2410ad3d8dfa5e0f135d4c15d11e.ctxr,004750b0_b04d2410ad3d8dfa5e0f135d4c15d11e,ctxr,524448,b92862c3234d0e18f0d2a32afa80d5ea23a0d144
textures/flatlist/ovr_stm/_win/004767e5.ctxr,textures/flatlist/ovr_stm/_win,004767e5.ctxr,004767e5,ctxr,349984,1aba6bdc54202245c700e89c1f87be5ac6f72c79
textures/flatlist/ovr_stm/_win/00479114.ctxr,textures/flatlist/ovr_stm/_win,00479114.ctxr,00479114,ctxr,349920,e532a4c685125cb3fc1630f12286a479ac20f171
textures/flatlist/ovr_stm/_win/00481d9d.ctxr,textures/flatlist/ovr_stm/_win,00481d9d.ctxr,00481d9d,ctxr,349984,02a5f6c54e8445fcb458aa59a6f0fa2ba5c9c745
textures/flatlist/ovr_stm/_win/004867e5.ctxr,textures/flatlist/ovr_stm/_win,004867e5.ctxr,004867e5,ctxr,349984,4dd8e3d08ebd51e3683418a3eb667a3f89e7bee8
textures/flatlist/ovr_stm/_win/00491714.ctxr,textures/flatlist/ovr_stm/_win,00491714.ctxr,00491714,ctxr,4194464,02c991d475c1c76fcb84b1e6423c39e1c43d2dcc
textures/flatlist/ovr_stm/_win/00491d9d.ctxr,textures/flatlist/ovr_stm/_win,00491d9d.ctxr,00491d9d,ctxr,175200,e396fcb0c40ac5fa76b32af1ffab9ae5b0ebfab5
textures/flatlist/ovr_stm/_win/004967e5.ctxr,textures/flatlist/ovr_stm/_win,004967e5.ctxr,004967e5,ctxr,349984,ad9eb8c6fc93fafe0d255b60e4097bd69e2ca19e
textures/flatlist/ovr_stm/_win/004a67e5.ctxr,textures/flatlist/ovr_stm/_win,004a67e5.ctxr,004a67e5,ctxr,349984,91bcbac4b5c21e5f9d00f11cbd61f13e98f47275
textures/flatlist/ovr_stm/_win/004acd8a.ctxr,textures/flatlist/ovr_stm/_win,004acd8a.ctxr,004acd8a,ctxr,524448,8250a63e4ccab0b16d151584ab61f6f3ff68a3b9
textures/flatlist/ovr_stm/_win/004b67e5.ctxr,textures/flatlist/ovr_stm/_win,004b67e5.ctxr,004b67e5,ctxr,349984,f3c102bd3ee352849e37fe3db68daadcf866fa79
textures/flatlist/ovr_stm/_win/004c1d9d.ctxr,textures/flatlist/ovr_stm/_win,004c1d9d.ctxr,004c1d9d,ctxr,175200,c80121cb4060857add6eba362d4c684fcd82404a
textures/flatlist/ovr_stm/_win/004c67e5.ctxr,textures/flatlist/ovr_stm/_win,004c67e5.ctxr,004c67e5,ctxr,699552,a5449ab09e820d196ed1c4e4acab14c22f9ca043
textures/flatlist/ovr_stm/_win/004c943d.ctxr,textures/flatlist/ovr_stm/_win,004c943d.ctxr,004c943d,ctxr,524448,435408960f66395e722dc668cbde56288adeb89e
textures/flatlist/ovr_stm/_win/004c9773.ctxr,textures/flatlist/ovr_stm/_win,004c9773.ctxr,004c9773,ctxr,262304,68c342066bc11840fd3eb8d0ff53a5fd21b27fdc
textures/flatlist/ovr_stm/_win/004cf0ba.ctxr,textures/flatlist/ovr_stm/_win,004cf0ba.ctxr,004cf0ba,ctxr,524448,29d5b5c27baec8a80244338a666f172be7ccb122
textures/flatlist/ovr_stm/_win/004d1d9d.ctxr,textures/flatlist/ovr_stm/_win,004d1d9d.ctxr,004d1d9d,ctxr,175200,3d2ab351f8e9d032dab8a73cd725946cb1caa2bd
textures/flatlist/ovr_stm/_win/004d3971.ctxr,textures/flatlist/ovr_stm/_win,004d3971.ctxr,004d3971,ctxr,524448,18303d8f4b3905199218666c9500df97bf9cf7f3
textures/flatlist/ovr_stm/_win/004e6292.ctxr,textures/flatlist/ovr_stm/_win,004e6292.ctxr,004e6292,ctxr,16544,d2d417a80925dbbbf7c5a05c1c363c767017eac0
textures/flatlist/ovr_stm/_win/004f1d9d.ctxr,textures/flatlist/ovr_stm/_win,004f1d9d.ctxr,004f1d9d,ctxr,524448,7814b2a658c1390485aee6122793f314efc3ac98
textures/flatlist/ovr_stm/_win/004f1d9d_86994cb2425e706d85d38eb0d74da538.ctxr,textures/flatlist/ovr_stm/_win,004f1d9d_86994cb2425e706d85d38eb0d74da538.ctxr,004f1d9d_86994cb2425e706d85d38eb0d74da538,ctxr,699552,96dbc7d2507dd69456f191e0c002dd112c718b43
textures/flatlist/ovr_stm/_win/00501d9d.ctxr,textures/flatlist/ovr_stm/_win,00501d9d.ctxr,00501d9d,ctxr,524448,36f5f61f50f3164edc7d633cb821bdecd0f731fb
textures/flatlist/ovr_stm/_win/00501d9d_1914ca0e502000992f2d09f0b7a86868.ctxr,textures/flatlist/ovr_stm/_win,00501d9d_1914ca0e502000992f2d09f0b7a86868.ctxr,00501d9d_1914ca0e502000992f2d09f0b7a86868,ctxr,699552,97b05984da5551b01c6092bbc3d2093e994e8e61
textures/flatlist/ovr_stm/_win/0052f1a8.ctxr,textures/flatlist/ovr_stm/_win,0052f1a8.ctxr,0052f1a8,ctxr,349984,43d2647e88c79b425e0cf4daee525b53e7373701
textures/flatlist/ovr_stm/_win/0053852b.ctxr,textures/flatlist/ovr_stm/_win,0053852b.ctxr,0053852b,ctxr,87776,677a5dd6d5f2e837eb08c50d33bf4b7fab0ffb95
textures/flatlist/ovr_stm/_win/005480d6.ctxr,textures/flatlist/ovr_stm/_win,005480d6.ctxr,005480d6,ctxr,349984,83012e37df5129f6c4aa355eb82eb2513de071dd
textures/flatlist/ovr_stm/_win/0055e1c2.ctxr,textures/flatlist/ovr_stm/_win,0055e1c2.ctxr,0055e1c2,ctxr,1048736,9fc3aa9da3ac1b390ff49a2ba01e5d55ab1cce21
textures/flatlist/ovr_stm/_win/0056e1c2.ctxr,textures/flatlist/ovr_stm/_win,0056e1c2.ctxr,0056e1c2,ctxr,524448,c5c736901824743684cbf6700315bebff9398200
textures/flatlist/ovr_stm/_win/00585d21.ctxr,textures/flatlist/ovr_stm/_win,00585d21.ctxr,00585d21,ctxr,65696,9480546112274dd9861a3dcab266883ea8184c1c
textures/flatlist/ovr_stm/_win/0059975e.ctxr,textures/flatlist/ovr_stm/_win,0059975e.ctxr,0059975e,ctxr,131232,a1724ceedc28db4780d9f1ec3bd742efffd74914
textures/flatlist/ovr_stm/_win/005d4f23.ctxr,textures/flatlist/ovr_stm/_win,005d4f23.ctxr,005d4f23,ctxr,2097312,2aa437f670cef439d14341c9368aa915420550c1
textures/flatlist/ovr_stm/_win/005d4f23_b39e4e9a25db3103157377fb4b8b0fec.ctxr,textures/flatlist/ovr_stm/_win,005d4f23_b39e4e9a25db3103157377fb4b8b0fec.ctxr,005d4f23_b39e4e9a25db3103157377fb4b8b0fec,ctxr,1048736,68a86da90c0d2c25ffb3fa175dd4ce9c943ec325
textures/flatlist/ovr_stm/_win/005d8f6f.ctxr,textures/flatlist/ovr_stm/_win,005d8f6f.ctxr,005d8f6f,ctxr,175168,679f24cdc361fb4381d2eebfa559259a5b530dab
textures/flatlist/ovr_stm/_win/005db736.ctxr,textures/flatlist/ovr_stm/_win,005db736.ctxr,005db736,ctxr,262304,1d3484c436df28ebfb981df60d080bb6aad9f1cd
textures/flatlist/ovr_stm/_win/005ef82e.ctxr,textures/flatlist/ovr_stm/_win,005ef82e.ctxr,005ef82e,ctxr,349984,72fac02877646353c3c2464c9c173fcdd0eb6c17
textures/flatlist/ovr_stm/_win/005fbe37.ctxr,textures/flatlist/ovr_stm/_win,005fbe37.ctxr,005fbe37,ctxr,1048736,ee7a774d181cba25e0da350b45c8a73d5881002b
textures/flatlist/ovr_stm/_win/005ff82e.ctxr,textures/flatlist/ovr_stm/_win,005ff82e.ctxr,005ff82e,ctxr,349984,14cdcd62dabd4cd8727d56b0d3149cf4f23170fa
textures/flatlist/ovr_stm/_win/005ff82e_177b36c205877f0112c491da63538970.ctxr,textures/flatlist/ovr_stm/_win,005ff82e_177b36c205877f0112c491da63538970.ctxr,005ff82e_177b36c205877f0112c491da63538970,ctxr,262304,df1345b91751e87c701c13470f4a6422bcb3d861
textures/flatlist/ovr_stm/_win/0060f82e.ctxr,textures/flatlist/ovr_stm/_win,0060f82e.ctxr,0060f82e,ctxr,349984,0f9494b130c7b7d9d1e970d54a9e2eea334b32dc
textures/flatlist/ovr_stm/_win/0060f82e_0264bded5e12e838c3912158a2f4d769.ctxr,textures/flatlist/ovr_stm/_win,0060f82e_0264bded5e12e838c3912158a2f4d769.ctxr,0060f82e_0264bded5e12e838c3912158a2f4d769,ctxr,262304,35d2b3521c4b76932dee7916b5b4baba43177770
textures/flatlist/ovr_stm/_win/0061f82e.ctxr,textures/flatlist/ovr_stm/_win,0061f82e.ctxr,0061f82e,ctxr,349984,f397eb0f2d0d3d50b6979517faaddc2717ff9ca2
textures/flatlist/ovr_stm/_win/0061f82e_ca18611ab4a038674f959c4e94e7aede.ctxr,textures/flatlist/ovr_stm/_win,0061f82e_ca18611ab4a038674f959c4e94e7aede.ctxr,0061f82e_ca18611ab4a038674f959c4e94e7aede,ctxr,262304,24f8ae25d6f4e985b3eedcf095e4370cc7956e41
textures/flatlist/ovr_stm/_win/0062f82e.ctxr,textures/flatlist/ovr_stm/_win,0062f82e.ctxr,0062f82e,ctxr,349984,77e0898a1850911a675ce427a12a8b2cd4ff42dd
textures/flatlist/ovr_stm/_win/0062f82e_3db2c3061fabc2281c2dd6b4130eedb9.ctxr,textures/flatlist/ovr_stm/_win,0062f82e_3db2c3061fabc2281c2dd6b4130eedb9.ctxr,0062f82e_3db2c3061fabc2281c2dd6b4130eedb9,ctxr,349984,fb1e94f1cfe76c51152446b547f1b1599184d2d0
textures/flatlist/ovr_stm/_win/0063f82e.ctxr,textures/flatlist/ovr_stm/_win,0063f82e.ctxr,0063f82e,ctxr,349984,ddc05fcb5bb87068c3d31a7fccefc279a7c8885e
textures/flatlist/ovr_stm/_win/0063f82e_52b985aaa92b3207cd49053dffbf523d.ctxr,textures/flatlist/ovr_stm/_win,0063f82e_52b985aaa92b3207cd49053dffbf523d.ctxr,0063f82e_52b985aaa92b3207cd49053dffbf523d,ctxr,349984,61cc3da07819a4dded3de21ea1df6fddd5eb3717
textures/flatlist/ovr_stm/_win/00645d05.ctxr,textures/flatlist/ovr_stm/_win,00645d05.ctxr,00645d05,ctxr,22176,25c0ccdbc5da95dc9be89dc30015ff4c39406d37
textures/flatlist/ovr_stm/_win/0064f82e.ctxr,textures/flatlist/ovr_stm/_win,0064f82e.ctxr,0064f82e,ctxr,349984,58b4bad4ff2804b2eb6304531584141992ba9a53
textures/flatlist/ovr_stm/_win/0064f82e_923078466946a3acdea05dbf22e0f6e7.ctxr,textures/flatlist/ovr_stm/_win,0064f82e_923078466946a3acdea05dbf22e0f6e7.ctxr,0064f82e_923078466946a3acdea05dbf22e0f6e7,ctxr,262304,ecdb38651cd0a152d22ce9ae38551dcc944f6b7d
textures/flatlist/ovr_stm/_win/006597ed.ctxr,textures/flatlist/ovr_stm/_win,006597ed.ctxr,006597ed,ctxr,8352,eae9ff2065c9617dd6655bdce70ed85cb7d8918e
textures/flatlist/ovr_stm/_win/0065f82e_599e1a822c915823a768daf1f6ee7174.ctxr,textures/flatlist/ovr_stm/_win,0065f82e_599e1a822c915823a768daf1f6ee7174.ctxr,0065f82e_599e1a822c915823a768daf1f6ee7174,ctxr,262304,9eba78c01308b7cd428318846bb3dc67c729249d
textures/flatlist/ovr_stm/_win/00667ab6_ef3811ba64502191909b0210b17b8b02.ctxr,textures/flatlist/ovr_stm/_win,00667ab6_ef3811ba64502191909b0210b17b8b02.ctxr,00667ab6_ef3811ba64502191909b0210b17b8b02,ctxr,262304,6eb804fd1a041a90ab5c6dd625f2fdeab476abf7
textures/flatlist/ovr_stm/_win/006697ed.ctxr,textures/flatlist/ovr_stm/_win,006697ed.ctxr,006697ed,ctxr,8352,43769074969e3d847e3ac3e6d416f602617851a6
textures/flatlist/ovr_stm/_win/0066a618.ctxr,textures/flatlist/ovr_stm/_win,0066a618.ctxr,0066a618,ctxr,65696,93a49dd128f6e457d186f6913907f4e1bef4e759
textures/flatlist/ovr_stm/_win/0066a618_476d380161520ae923d8f74ede9a2e8d.ctxr,textures/flatlist/ovr_stm/_win,0066a618_476d380161520ae923d8f74ede9a2e8d.ctxr,0066a618_476d380161520ae923d8f74ede9a2e8d,ctxr,65696,dadadd696bd408161331a0055a29318fd24a56ac
textures/flatlist/ovr_stm/_win/0066f82e_e37d08b66c98c80f675d8c6d9a2cebdb.ctxr,textures/flatlist/ovr_stm/_win,0066f82e_e37d08b66c98c80f675d8c6d9a2cebdb.ctxr,0066f82e_e37d08b66c98c80f675d8c6d9a2cebdb,ctxr,262304,725cb990259f7859a7c9d214cfa5e1aa52ef5348
textures/flatlist/ovr_stm/_win/00671d9d.ctxr,textures/flatlist/ovr_stm/_win,00671d9d.ctxr,00671d9d,ctxr,349984,429c51c640b1afec23d34ce2e8ac1761060fb556
textures/flatlist/ovr_stm/_win/00675c5a.ctxr,textures/flatlist/ovr_stm/_win,00675c5a.ctxr,00675c5a,ctxr,65696,1218fd67dbd447727c0a7894223ecd9dc80c75d7
textures/flatlist/ovr_stm/_win/0067a618.ctxr,textures/flatlist/ovr_stm/_win,0067a618.ctxr,0067a618,ctxr,262304,3b6fa752e80f50c1739a1d915119dc3de3376c7a
textures/flatlist/ovr_stm/_win/00681d9d.ctxr,textures/flatlist/ovr_stm/_win,00681d9d.ctxr,00681d9d,ctxr,349984,66a65c0144d574a6c3bae4696e2bf7cd0f5c8990
textures/flatlist/ovr_stm/_win/00689021.ctxr,textures/flatlist/ovr_stm/_win,00689021.ctxr,00689021,ctxr,131232,b58fbb10f1eb57b6da87e81adffec8f3abc13614
textures/flatlist/ovr_stm/_win/0068a618.ctxr,textures/flatlist/ovr_stm/_win,0068a618.ctxr,0068a618,ctxr,44096,11e59b7a4ece50db98875e8fc2423c556e62a02a
textures/flatlist/ovr_stm/_win/0068a618_ba9ef0a583a2d517886f9b6c53e96e92.ctxr,textures/flatlist/ovr_stm/_win,0068a618_ba9ef0a583a2d517886f9b6c53e96e92.ctxr,0068a618_ba9ef0a583a2d517886f9b6c53e96e92,ctxr,44096,218108fa99d08c6a3302193f53eced83a8456e1f
textures/flatlist/ovr_stm/_win/00691d9d.ctxr,textures/flatlist/ovr_stm/_win,00691d9d.ctxr,00691d9d,ctxr,699552,8aaea7b92b2e11932142d3e04ec6908af43600f2
textures/flatlist/ovr_stm/_win/00699021.ctxr,textures/flatlist/ovr_stm/_win,00699021.ctxr,00699021,ctxr,262304,77518ff2506d72ebfcb1f1dd62867f3be1d80720
textures/flatlist/ovr_stm/_win/006997ed_b20d65f1089467ce6fec4d3a8c8134c8.ctxr,textures/flatlist/ovr_stm/_win,006997ed_b20d65f1089467ce6fec4d3a8c8134c8.ctxr,006997ed_b20d65f1089467ce6fec4d3a8c8134c8,ctxr,65696,882bcc252a566a2a26e4f36fd038255afe130f08
textures/flatlist/ovr_stm/_win/0069e496.ctxr,textures/flatlist/ovr_stm/_win,0069e496.ctxr,0069e496,ctxr,131232,0ca05ab7bee733ec336b3f1569cc20817f968c79
textures/flatlist/ovr_stm/_win/006a97ed.ctxr,textures/flatlist/ovr_stm/_win,006a97ed.ctxr,006a97ed,ctxr,22176,ee7f94eac8bae1d1c85d2e2bdcc63aec1d265697
textures/flatlist/ovr_stm/_win/006a9dfd.ctxr,textures/flatlist/ovr_stm/_win,006a9dfd.ctxr,006a9dfd,ctxr,44064,b8898a51df9825cd382f912727658d66e2fee930
textures/flatlist/ovr_stm/_win/006aa618.ctxr,textures/flatlist/ovr_stm/_win,006aa618.ctxr,006aa618,ctxr,44096,0e65520324f202795bc469b81ab0a2bd23b87b43
textures/flatlist/ovr_stm/_win/006aa618_5e5881ab87a4498b100e3983cca31058.ctxr,textures/flatlist/ovr_stm/_win,006aa618_5e5881ab87a4498b100e3983cca31058.ctxr,006aa618_5e5881ab87a4498b100e3983cca31058,ctxr,87744,3af400ebd12eb1d7ff51e1623dd04cbf7eaa6f88
textures/flatlist/ovr_stm/_win/006af2ba.ctxr,textures/flatlist/ovr_stm/_win,006af2ba.ctxr,006af2ba,ctxr,262304,c53a8a0eb2756efb6b2aacdf6c62b96e357e5289
textures/flatlist/ovr_stm/_win/006af2bb.ctxr,textures/flatlist/ovr_stm/_win,006af2bb.ctxr,006af2bb,ctxr,65696,f95e0d9e32110936a74ade82ebc244bb8b114c0e
textures/flatlist/ovr_stm/_win/006b508f.ctxr,textures/flatlist/ovr_stm/_win,006b508f.ctxr,006b508f,ctxr,65696,bc67be662f2d50036859607aa62289fdd7a5afa2
textures/flatlist/ovr_stm/_win/006b9021.ctxr,textures/flatlist/ovr_stm/_win,006b9021.ctxr,006b9021,ctxr,262304,b1f16c4448173819335e21a7bd4bf7a503f31c4e
textures/flatlist/ovr_stm/_win/006b97ed.ctxr,textures/flatlist/ovr_stm/_win,006b97ed.ctxr,006b97ed,ctxr,22176,5012245f611704cb7054101d27a73bc813b65759
textures/flatlist/ovr_stm/_win/006ba618.ctxr,textures/flatlist/ovr_stm/_win,006ba618.ctxr,006ba618,ctxr,131232,dd3abb56d07084de3e38bec514994b262f1b6855
textures/flatlist/ovr_stm/_win/006bcf85.ctxr,textures/flatlist/ovr_stm/_win,006bcf85.ctxr,006bcf85,ctxr,524448,431b4e6ce287ab2ccf92c7edc3a10c29231de506
textures/flatlist/ovr_stm/_win/006bcf85_3bbce8b6d10a47883f9038737995145a.ctxr,textures/flatlist/ovr_stm/_win,006bcf85_3bbce8b6d10a47883f9038737995145a.ctxr,006bcf85_3bbce8b6d10a47883f9038737995145a,ctxr,262304,d49f193d6aec805027e8e85fb91bca7d46cd4cb7
textures/flatlist/ovr_stm/_win/006bf7fe.ctxr,textures/flatlist/ovr_stm/_win,006bf7fe.ctxr,006bf7fe,ctxr,349984,8d18a3b2c4ab00de99a4429b62be9153b21158d3
textures/flatlist/ovr_stm/_win/006c556d.ctxr,textures/flatlist/ovr_stm/_win,006c556d.ctxr,006c556d,ctxr,87808,fbd5f8d2ee4832c4e2e13f4d6a9f88c5d570fba2
textures/flatlist/ovr_stm/_win/006c97ed.ctxr,textures/flatlist/ovr_stm/_win,006c97ed.ctxr,006c97ed,ctxr,22176,ec733bfd76f14865ed9f9c63688dfee6cfecd308
textures/flatlist/ovr_stm/_win/006caeb5.ctxr,textures/flatlist/ovr_stm/_win,006caeb5.ctxr,006caeb5,ctxr,22208,f1fa04c11e387ce13f042838590127c0a9dc93c0
textures/flatlist/ovr_stm/_win/006cc7ed.ctxr,textures/flatlist/ovr_stm/_win,006cc7ed.ctxr,006cc7ed,ctxr,131232,7b1a9a84d9821e3358ccb49d51752f3fdc9aa688
textures/flatlist/ovr_stm/_win/006d556d.ctxr,textures/flatlist/ovr_stm/_win,006d556d.ctxr,006d556d,ctxr,44096,eefb654ba1648bbcb3d2f98ab74d7c1e00820950
textures/flatlist/ovr_stm/_win/006d9021.ctxr,textures/flatlist/ovr_stm/_win,006d9021.ctxr,006d9021,ctxr,262304,5d8e983c689bc9163eee38b4ef1fe81b2b9634b1
textures/flatlist/ovr_stm/_win/006daeb5.ctxr,textures/flatlist/ovr_stm/_win,006daeb5.ctxr,006daeb5,ctxr,131232,21f8a66b1a0a89fb5beab80b8880eb214d55e732
textures/flatlist/ovr_stm/_win/006e6ff1.ctxr,textures/flatlist/ovr_stm/_win,006e6ff1.ctxr,006e6ff1,ctxr,8388768,acc922bdf85f99cfce44b1e40c0249d18e29e7a9
textures/flatlist/ovr_stm/_win/006e99ea.ctxr,textures/flatlist/ovr_stm/_win,006e99ea.ctxr,006e99ea,ctxr,1048736,38ef714708b5a1419227f2e00cfea551fa0b874d
textures/flatlist/ovr_stm/_win/006eaeb5.ctxr,textures/flatlist/ovr_stm/_win,006eaeb5.ctxr,006eaeb5,ctxr,524448,89905a9756d70b638e3c82b70d59a00b2678fed7
textures/flatlist/ovr_stm/_win/006f2b75.ctxr,textures/flatlist/ovr_stm/_win,006f2b75.ctxr,006f2b75,ctxr,262304,450a4c380dd1243e5d8caaf05ace1c9aa5e8e84b
textures/flatlist/ovr_stm/_win/006f6ff1.ctxr,textures/flatlist/ovr_stm/_win,006f6ff1.ctxr,006f6ff1,ctxr,524448,e01135cbbeb4b74715ae416a9791fffb08694565
textures/flatlist/ovr_stm/_win/006f7421.ctxr,textures/flatlist/ovr_stm/_win,006f7421.ctxr,006f7421,ctxr,699520,39efea8abefc46c32006ce75c8cb51c1c77fbed3
textures/flatlist/ovr_stm/_win/006faeb5.ctxr,textures/flatlist/ovr_stm/_win,006faeb5.ctxr,006faeb5,ctxr,1048736,2d750a557e9bf5ba7506e63569ed760ec9c0da55
textures/flatlist/ovr_stm/_win/00704ad1.ctxr,textures/flatlist/ovr_stm/_win,00704ad1.ctxr,00704ad1,ctxr,87744,601c39601db29b17e49a60a618fed740dc4ed4dd
textures/flatlist/ovr_stm/_win/00706ff1.ctxr,textures/flatlist/ovr_stm/_win,00706ff1.ctxr,00706ff1,ctxr,262304,0981803c34462938ecbb5429d54e9020fe382343
textures/flatlist/ovr_stm/_win/0070aeb5.ctxr,textures/flatlist/ovr_stm/_win,0070aeb5.ctxr,0070aeb5,ctxr,2097312,bd91df16b1058baed3f20cabf82259c05d6aebec
textures/flatlist/ovr_stm/_win/00710601.ctxr,textures/flatlist/ovr_stm/_win,00710601.ctxr,00710601,ctxr,262304,65e8a42e8bd1f20c24b685650b40880c5c3ec1df
textures/flatlist/ovr_stm/_win/00716ff1.ctxr,textures/flatlist/ovr_stm/_win,00716ff1.ctxr,00716ff1,ctxr,65696,1db24d05b70f8c4837066d3409e8dcd365e42ae9
textures/flatlist/ovr_stm/_win/0072466d.ctxr,textures/flatlist/ovr_stm/_win,0072466d.ctxr,0072466d,ctxr,699488,4da5a16d035b41ad72aa4131cf7d67ab233e9022
textures/flatlist/ovr_stm/_win/007246ed.ctxr,textures/flatlist/ovr_stm/_win,007246ed.ctxr,007246ed,ctxr,699488,bbf7a427b9b37cd4e96cb1ae870f6430f18d37e3
textures/flatlist/ovr_stm/_win/0072476d.ctxr,textures/flatlist/ovr_stm/_win,0072476d.ctxr,0072476d,ctxr,699488,cd1ba85c66ddc76da0765e6cdb3846d9f63f2cab
textures/flatlist/ovr_stm/_win/00724ad1.ctxr,textures/flatlist/ovr_stm/_win,00724ad1.ctxr,00724ad1,ctxr,87744,2848d34c77a84a5c42f6ab5d74d8741c7b6fcd57
textures/flatlist/ovr_stm/_win/007255d8.ctxr,textures/flatlist/ovr_stm/_win,007255d8.ctxr,007255d8,ctxr,87744,5747401728d730ac5185d24e729db2508e3a3517
textures/flatlist/ovr_stm/_win/00726ff1.ctxr,textures/flatlist/ovr_stm/_win,00726ff1.ctxr,00726ff1,ctxr,262304,5bd802b46d3eb6e8f149718646d15f9f59b1eab1
textures/flatlist/ovr_stm/_win/00736ff1.ctxr,textures/flatlist/ovr_stm/_win,00736ff1.ctxr,00736ff1,ctxr,65696,f57e7a46004e9a522425122ec8fe204cc908ff4f
textures/flatlist/ovr_stm/_win/0073ecb6.ctxr,textures/flatlist/ovr_stm/_win,0073ecb6.ctxr,0073ecb6,ctxr,524448,9f8319937da65bab08bc26e9dc3c8fc1e14cf0b2
textures/flatlist/ovr_stm/_win/00744ad1.ctxr,textures/flatlist/ovr_stm/_win,00744ad1.ctxr,00744ad1,ctxr,87744,5ef7bd27f6ee36164ab89794fcd2449501c10481
textures/flatlist/ovr_stm/_win/00746ff1.ctxr,textures/flatlist/ovr_stm/_win,00746ff1.ctxr,00746ff1,ctxr,131232,9721b31168f4de08aaeda092c392356898cad513
textures/flatlist/ovr_stm/_win/00749dfd.ctxr,textures/flatlist/ovr_stm/_win,00749dfd.ctxr,00749dfd,ctxr,22176,b5b95d1b7c12d13d8438cbd9839e55423a214ff2
textures/flatlist/ovr_stm/_win/007559f0.ctxr,textures/flatlist/ovr_stm/_win,007559f0.ctxr,007559f0,ctxr,131232,b6a581c316a29ad128141f3b2ece20c78e182a4c
textures/flatlist/ovr_stm/_win/00758632.ctxr,textures/flatlist/ovr_stm/_win,00758632.ctxr,00758632,ctxr,699552,771bc216aa0d35fc9398757687e21ab2c66660a6
textures/flatlist/ovr_stm/_win/00764ad1.ctxr,textures/flatlist/ovr_stm/_win,00764ad1.ctxr,00764ad1,ctxr,87744,726ec870383da6d8c2a7818f2affeed15b83720a
textures/flatlist/ovr_stm/_win/007655d8.ctxr,textures/flatlist/ovr_stm/_win,007655d8.ctxr,007655d8,ctxr,1398528,ec889f4f4198fc36e29f44b459a574b2a3d1703b
textures/flatlist/ovr_stm/_win/0076ad61.ctxr,textures/flatlist/ovr_stm/_win,0076ad61.ctxr,0076ad61,ctxr,2097312,b7e654c5a554fae17b7d551b6f9e58c3ed91a440
textures/flatlist/ovr_stm/_win/0076cd21.ctxr,textures/flatlist/ovr_stm/_win,0076cd21.ctxr,0076cd21,ctxr,699552,bab41f431fc82b783faf999d3e44954df02c8426
textures/flatlist/ovr_stm/_win/00774c18.ctxr,textures/flatlist/ovr_stm/_win,00774c18.ctxr,00774c18,ctxr,349952,7186cdd98c4a8fe7a816850ab0ade627c0484592
textures/flatlist/ovr_stm/_win/00784ad1.ctxr,textures/flatlist/ovr_stm/_win,00784ad1.ctxr,00784ad1,ctxr,87744,f8b0021b771e8b410ad1717847b60ef99e3889dc
textures/flatlist/ovr_stm/_win/0078980c.ctxr,textures/flatlist/ovr_stm/_win,0078980c.ctxr,0078980c,ctxr,2097312,71b5ef3acdbf1c83649dd3c9baf5808fdb6eca1b
textures/flatlist/ovr_stm/_win/0078adc6.ctxr,textures/flatlist/ovr_stm/_win,0078adc6.ctxr,0078adc6,ctxr,131232,e430bd0f8ae825c768272014a45228daa6571b91
textures/flatlist/ovr_stm/_win/007a4ad1.ctxr,textures/flatlist/ovr_stm/_win,007a4ad1.ctxr,007a4ad1,ctxr,87744,177719d8bc253411b7e38948195ab5296d364c5b
textures/flatlist/ovr_stm/_win/007a9dfd.ctxr,textures/flatlist/ovr_stm/_win,007a9dfd.ctxr,007a9dfd,ctxr,22176,257845345265fe82eb92528ef034dc187809c213
textures/flatlist/ovr_stm/_win/007b651a.ctxr,textures/flatlist/ovr_stm/_win,007b651a.ctxr,007b651a,ctxr,524448,b9957438383220a0e0f34eae96dd7d31572aa0fc
textures/flatlist/ovr_stm/_win/007bb259.ctxr,textures/flatlist/ovr_stm/_win,007bb259.ctxr,007bb259,ctxr,699552,c72cc051453d6a35041068b88fd0186b768c9d71
textures/flatlist/ovr_stm/_win/007be718.ctxr,textures/flatlist/ovr_stm/_win,007be718.ctxr,007be718,ctxr,699488,b6ee7efa1483f32f6a923d693409eb20582dcf70
textures/flatlist/ovr_stm/_win/007c4ad1.ctxr,textures/flatlist/ovr_stm/_win,007c4ad1.ctxr,007c4ad1,ctxr,87744,e322db5a26d48d4cf37947b4fdc1a3c1ff19545b
textures/flatlist/ovr_stm/_win/007c9dfd.ctxr,textures/flatlist/ovr_stm/_win,007c9dfd.ctxr,007c9dfd,ctxr,44064,c89cb6d964ddab94a7029bea5f924364e17c946b
textures/flatlist/ovr_stm/_win/007e4ad1.ctxr,textures/flatlist/ovr_stm/_win,007e4ad1.ctxr,007e4ad1,ctxr,87744,4683026adf03406e198eb829170376da1762ec29
textures/flatlist/ovr_stm/_win/007f0488.ctxr,textures/flatlist/ovr_stm/_win,007f0488.ctxr,007f0488,ctxr,524448,76911b064edc7bb1b827188414753e16cd80e9c1
textures/flatlist/ovr_stm/_win/007f6817.ctxr,textures/flatlist/ovr_stm/_win,007f6817.ctxr,007f6817,ctxr,349984,996253096350fefd447cc1435215cd594ba6d1f5
textures/flatlist/ovr_stm/_win/00804ad1.ctxr,textures/flatlist/ovr_stm/_win,00804ad1.ctxr,00804ad1,ctxr,87744,8ed4e41feb51012864e5b02949de22f877c89d74
textures/flatlist/ovr_stm/_win/00818625.ctxr,textures/flatlist/ovr_stm/_win,00818625.ctxr,00818625,ctxr,699520,5b20006ac180279230276ba7b5d454459c231c08
textures/flatlist/ovr_stm/_win/0081f6b5.ctxr,textures/flatlist/ovr_stm/_win,0081f6b5.ctxr,0081f6b5,ctxr,262304,47bc4405f6c2114281d173dc1c34660ccc9112ba
textures/flatlist/ovr_stm/_win/00824ad1.ctxr,textures/flatlist/ovr_stm/_win,00824ad1.ctxr,00824ad1,ctxr,87744,ade31b6b2e44cd33e8812a706016a57251ce310d
textures/flatlist/ovr_stm/_win/00829016.ctxr,textures/flatlist/ovr_stm/_win,00829016.ctxr,00829016,ctxr,16544,23e4bf502b1bfddd11ce884ac9504bd74d62002b
textures/flatlist/ovr_stm/_win/0083fa46.ctxr,textures/flatlist/ovr_stm/_win,0083fa46.ctxr,0083fa46,ctxr,262304,1e1b1d23d45ac674f66784f926cc98e257bcf04f
textures/flatlist/ovr_stm/_win/0085a618.ctxr,textures/flatlist/ovr_stm/_win,0085a618.ctxr,0085a618,ctxr,1048736,ad7f338614f4ba2728ed2bde702445cda6cf730d
textures/flatlist/ovr_stm/_win/00885728.ctxr,textures/flatlist/ovr_stm/_win,00885728.ctxr,00885728,ctxr,175200,f52876f7bdc12caa1ebd0367aa6df12f391bf1bd
textures/flatlist/ovr_stm/_win/0088b898.ctxr,textures/flatlist/ovr_stm/_win,0088b898.ctxr,0088b898,ctxr,131232,5184b333f7650ff64720984a8f7ce4b3c367c78b
textures/flatlist/ovr_stm/_win/0088c589.ctxr,textures/flatlist/ovr_stm/_win,0088c589.ctxr,0088c589,ctxr,8352,e74a0755b0877ed328064e52f29440cc05aced0e
textures/flatlist/ovr_stm/_win/00892df9.ctxr,textures/flatlist/ovr_stm/_win,00892df9.ctxr,00892df9,ctxr,11185312,0790397e6621b2d7ec86b4c8b24d48640d8d055b
textures/flatlist/ovr_stm/_win/00895b43.ctxr,textures/flatlist/ovr_stm/_win,00895b43.ctxr,00895b43,ctxr,524448,be101a248bf691f0ac351d984cf1b73ad774354e
textures/flatlist/ovr_stm/_win/008a2128.ctxr,textures/flatlist/ovr_stm/_win,008a2128.ctxr,008a2128,ctxr,349984,36935cceed878321bdf74533bcc7c86bbd364997
textures/flatlist/ovr_stm/_win/008a8469.ctxr,textures/flatlist/ovr_stm/_win,008a8469.ctxr,008a8469,ctxr,699520,6e7e3532c697a6d8e6402b2fab7cde6cf90a5e16
textures/flatlist/ovr_stm/_win/008aa618.ctxr,textures/flatlist/ovr_stm/_win,008aa618.ctxr,008aa618,ctxr,262304,95f8a059207eedb0227f96b3bd02a82ca03e797c
textures/flatlist/ovr_stm/_win/008c9a00.ctxr,textures/flatlist/ovr_stm/_win,008c9a00.ctxr,008c9a00,ctxr,1048736,a19d124bfc1f574483962e1e0a223aec7ae25e30
textures/flatlist/ovr_stm/_win/008cc589.ctxr,textures/flatlist/ovr_stm/_win,008cc589.ctxr,008cc589,ctxr,175200,3918c8dc8a8c96fc111427e344cadbbbb578ecde
textures/flatlist/ovr_stm/_win/008d752c.ctxr,textures/flatlist/ovr_stm/_win,008d752c.ctxr,008d752c,ctxr,175232,006b3af837981f99a6874377ed0f259ca6b79f2e
textures/flatlist/ovr_stm/_win/008db9df.ctxr,textures/flatlist/ovr_stm/_win,008db9df.ctxr,008db9df,ctxr,699488,614ddb372fe8869972cce2ba305a22cff7b58b36
textures/flatlist/ovr_stm/_win/008dbe37.ctxr,textures/flatlist/ovr_stm/_win,008dbe37.ctxr,008dbe37,ctxr,1048736,be4f9c9069221656d7875daabfc62e4719671f3f
textures/flatlist/ovr_stm/_win/0091a721.ctxr,textures/flatlist/ovr_stm/_win,0091a721.ctxr,0091a721,ctxr,44064,13d5ce93d2a5d925c0949e2b8990cac610b1fe0e
textures/flatlist/ovr_stm/_win/0092f25f.ctxr,textures/flatlist/ovr_stm/_win,0092f25f.ctxr,0092f25f,ctxr,262304,2f3af20333f6e85406e3d1910e066456218657a5
textures/flatlist/ovr_stm/_win/00938001.ctxr,textures/flatlist/ovr_stm/_win,00938001.ctxr,00938001,ctxr,524448,fbe32b749801f41d58a68cacb0e304a940db3e70
textures/flatlist/ovr_stm/_win/0093cba3.ctxr,textures/flatlist/ovr_stm/_win,0093cba3.ctxr,0093cba3,ctxr,131232,8ae7d86671fac7c9ad768b02b133a4ab3bbe49ee
textures/flatlist/ovr_stm/_win/0094533a.ctxr,textures/flatlist/ovr_stm/_win,0094533a.ctxr,0094533a,ctxr,524448,a9f5878c11fe440680eeb169885d1671551902dd
textures/flatlist/ovr_stm/_win/0094c618.ctxr,textures/flatlist/ovr_stm/_win,0094c618.ctxr,0094c618,ctxr,131232,6882cc79f9d5e06d478f4218d444775764b00a4d
textures/flatlist/ovr_stm/_win/0094c618_302caf9734786b4cc1f4a66a958a6df1.ctxr,textures/flatlist/ovr_stm/_win,0094c618_302caf9734786b4cc1f4a66a958a6df1.ctxr,0094c618_302caf9734786b4cc1f4a66a958a6df1,ctxr,699552,a283101ac226f5cc910da0ff4b1619a389c11120
textures/flatlist/ovr_stm/_win/0095cb32.ctxr,textures/flatlist/ovr_stm/_win,0095cb32.ctxr,0095cb32,ctxr,1048736,fbee6f4ac2b07fb74e9a0e5cd18e8646387df8aa
textures/flatlist/ovr_stm/_win/00985407.ctxr,textures/flatlist/ovr_stm/_win,00985407.ctxr,00985407,ctxr,524448,f6e6d433d19e2542690bf5a564f99bdac85902a8
textures/flatlist/ovr_stm/_win/0098f24a.ctxr,textures/flatlist/ovr_stm/_win,0098f24a.ctxr,0098f24a,ctxr,87776,e6572e602f35038b3928dbfe7a768a814503d1ec
textures/flatlist/ovr_stm/_win/0099a618.ctxr,textures/flatlist/ovr_stm/_win,0099a618.ctxr,0099a618,ctxr,1398528,413555ca0a1e84f311d644404c49f0672d53189d
textures/flatlist/ovr_stm/_win/009ac0bf.ctxr,textures/flatlist/ovr_stm/_win,009ac0bf.ctxr,009ac0bf,ctxr,11185312,b4b0198e5d9c9add74267c2fb4d00deebbd9abb2
textures/flatlist/ovr_stm/_win/009bc0bf.ctxr,textures/flatlist/ovr_stm/_win,009bc0bf.ctxr,009bc0bf,ctxr,11185312,99559199dc71682ed2e4ece696edc2b970e3afbf
textures/flatlist/ovr_stm/_win/009cc0bf.ctxr,textures/flatlist/ovr_stm/_win,009cc0bf.ctxr,009cc0bf,ctxr,175168,e3e592c4334ee6f00dff26b913cf0b7b9b1a2799
textures/flatlist/ovr_stm/_win/009dbc16.ctxr,textures/flatlist/ovr_stm/_win,009dbc16.ctxr,009dbc16,ctxr,65696,5aa0c3f40176f1267bfffd46928d3682e5b99534
textures/flatlist/ovr_stm/_win/009df079.ctxr,textures/flatlist/ovr_stm/_win,009df079.ctxr,009df079,ctxr,349984,961544be537c9939e5b79334c8356335dcf3c226
textures/flatlist/ovr_stm/_win/009eafa1.ctxr,textures/flatlist/ovr_stm/_win,009eafa1.ctxr,009eafa1,ctxr,262304,3e70c784b3304c57032d19cc5efca4e95c75f2a7
textures/flatlist/ovr_stm/_win/009ebc16.ctxr,textures/flatlist/ovr_stm/_win,009ebc16.ctxr,009ebc16,ctxr,262304,90f3fb3b7f2ede0236a5d3b5be2c91b3b195dd1b
textures/flatlist/ovr_stm/_win/009f2fba.ctxr,textures/flatlist/ovr_stm/_win,009f2fba.ctxr,009f2fba,ctxr,524448,a22b83ce0f3aa1b924afbf55380865d8157fb662
textures/flatlist/ovr_stm/_win/009fa21b.ctxr,textures/flatlist/ovr_stm/_win,009fa21b.ctxr,009fa21b,ctxr,699520,341db14a9b9b0e6734f65ff247b8f16656b29cdf
textures/flatlist/ovr_stm/_win/009fafa1.ctxr,textures/flatlist/ovr_stm/_win,009fafa1.ctxr,009fafa1,ctxr,1048736,763b8d201f4356a83dd87bb9518700abe3855576
textures/flatlist/ovr_stm/_win/00a093d7.ctxr,textures/flatlist/ovr_stm/_win,00a093d7.ctxr,00a093d7,ctxr,524448,842995f2674ab2614749f95d105a8d969128d742
textures/flatlist/ovr_stm/_win/00a0bc16.ctxr,textures/flatlist/ovr_stm/_win,00a0bc16.ctxr,00a0bc16,ctxr,524448,5ebba90bfec6be603f5eb1d5bbba7a4375f01a9d
textures/flatlist/ovr_stm/_win/00a127a1.ctxr,textures/flatlist/ovr_stm/_win,00a127a1.ctxr,00a127a1,ctxr,131232,276463102257fc8abe1888eeb91d32eee0ef2104
textures/flatlist/ovr_stm/_win/00a1bc16.ctxr,textures/flatlist/ovr_stm/_win,00a1bc16.ctxr,00a1bc16,ctxr,1048736,8cc37a56f8986a3487b1fc992a9100afd6c913ea
textures/flatlist/ovr_stm/_win/00a628ba.ctxr,textures/flatlist/ovr_stm/_win,00a628ba.ctxr,00a628ba,ctxr,524448,07e4e0f3709969923150eec161258fbd5e7a5265
textures/flatlist/ovr_stm/_win/00a69783.ctxr,textures/flatlist/ovr_stm/_win,00a69783.ctxr,00a69783,ctxr,349984,e8e45e1f3c24ca1ee5a7b6eb07574a76ba8df0de
textures/flatlist/ovr_stm/_win/00a891e2.ctxr,textures/flatlist/ovr_stm/_win,00a891e2.ctxr,00a891e2,ctxr,65696,1e7133272a228496c892aadb2ca8f2b7b346eaaa
textures/flatlist/ovr_stm/_win/00a936cb.ctxr,textures/flatlist/ovr_stm/_win,00a936cb.ctxr,00a936cb,ctxr,699552,0d99f289d561789881a4780dc2705413e4d26483
textures/flatlist/ovr_stm/_win/00acbe37.ctxr,textures/flatlist/ovr_stm/_win,00acbe37.ctxr,00acbe37,ctxr,1048736,912c195d69682c131420ddc39634008e75ae0faa
textures/flatlist/ovr_stm/_win/00ad7f33.ctxr,textures/flatlist/ovr_stm/_win,00ad7f33.ctxr,00ad7f33,ctxr,699552,2a827dafb78a7cc98e83c1f1f23bd4de33fa63eb
textures/flatlist/ovr_stm/_win/00adb42a.ctxr,textures/flatlist/ovr_stm/_win,00adb42a.ctxr,00adb42a,ctxr,699552,5649ab7a837d9ed532d810a3c9dfce09c6d6a255
textures/flatlist/ovr_stm/_win/00aeebfc.ctxr,textures/flatlist/ovr_stm/_win,00aeebfc.ctxr,00aeebfc,ctxr,349984,2d87d01a5dd079000d5fc05e96ef2d46860f1fe8
textures/flatlist/ovr_stm/_win/00af9412.ctxr,textures/flatlist/ovr_stm/_win,00af9412.ctxr,00af9412,ctxr,524448,0bcdeeeb8e716a37b520f8aa746540d97d6c032a
textures/flatlist/ovr_stm/_win/00afab44.ctxr,textures/flatlist/ovr_stm/_win,00afab44.ctxr,00afab44,ctxr,349984,8b52e6ece13b202ac02017217423f501883a4773
textures/flatlist/ovr_stm/_win/00afbbc9.ctxr,textures/flatlist/ovr_stm/_win,00afbbc9.ctxr,00afbbc9,ctxr,262304,f56bee1e987ce63bb070c0cf82754c138dd6c88e
textures/flatlist/ovr_stm/_win/00b02021.ctxr,textures/flatlist/ovr_stm/_win,00b02021.ctxr,00b02021,ctxr,524448,d1d32e837563cf92cd83714503ae4473c6edb528
textures/flatlist/ovr_stm/_win/00b04ad1.ctxr,textures/flatlist/ovr_stm/_win,00b04ad1.ctxr,00b04ad1,ctxr,87744,aa30df877c592d6217a09fb58b0bce83879623f3
textures/flatlist/ovr_stm/_win/00b087b2.ctxr,textures/flatlist/ovr_stm/_win,00b087b2.ctxr,00b087b2,ctxr,4194464,1a3c276a82ffbd29a0bb8d8205c6b8f1fddc3f9e
textures/flatlist/ovr_stm/_win/00b12021.ctxr,textures/flatlist/ovr_stm/_win,00b12021.ctxr,00b12021,ctxr,524448,7b56d516cbf458cc6a549d4d64d558e875d51977
textures/flatlist/ovr_stm/_win/00b22021.ctxr,textures/flatlist/ovr_stm/_win,00b22021.ctxr,00b22021,ctxr,524448,3449d0332a731f43bb8e28276cbe7d5c40a13571
textures/flatlist/ovr_stm/_win/00b24ad1.ctxr,textures/flatlist/ovr_stm/_win,00b24ad1.ctxr,00b24ad1,ctxr,87744,37f41dea6a7e957a28f94964dd6e27cd0a9c963c
textures/flatlist/ovr_stm/_win/00b25d10.ctxr,textures/flatlist/ovr_stm/_win,00b25d10.ctxr,00b25d10,ctxr,175168,1e9516488005867d1f2ab10e8c2bea487d3717d6
textures/flatlist/ovr_stm/_win/00b32021.ctxr,textures/flatlist/ovr_stm/_win,00b32021.ctxr,00b32021,ctxr,524448,abd226b55bac1c9c61da320992ae5845fbb82b28
textures/flatlist/ovr_stm/_win/00b33503.ctxr,textures/flatlist/ovr_stm/_win,00b33503.ctxr,00b33503,ctxr,262304,d1874159a434184facde24dd6f6d279ccb221723
textures/flatlist/ovr_stm/_win/00b3cb78.ctxr,textures/flatlist/ovr_stm/_win,00b3cb78.ctxr,00b3cb78,ctxr,524448,b9fe164ba1b5736cd9ad1238a9448238827756ef
textures/flatlist/ovr_stm/_win/00b42021.ctxr,textures/flatlist/ovr_stm/_win,00b42021.ctxr,00b42021,ctxr,524448,c4c9867091e07e15b995a6788adf5a069ef94ca7
textures/flatlist/ovr_stm/_win/00b60372.ctxr,textures/flatlist/ovr_stm/_win,00b60372.ctxr,00b60372,ctxr,16777376,15667ed47278640aaecf231428d2b05f6f2462f0
textures/flatlist/ovr_stm/_win/00b64ad1.ctxr,textures/flatlist/ovr_stm/_win,00b64ad1.ctxr,00b64ad1,ctxr,87744,b10c3a70774cb44907cbdc13675613c05875e76c
textures/flatlist/ovr_stm/_win/00b6ea23.ctxr,textures/flatlist/ovr_stm/_win,00b6ea23.ctxr,00b6ea23,ctxr,11185312,0d7bc3ed5aa3ae108440bcf1ead3e4eb1cf6e99e
textures/flatlist/ovr_stm/_win/00b6eb2c.ctxr,textures/flatlist/ovr_stm/_win,00b6eb2c.ctxr,00b6eb2c,ctxr,1398592,42069b7b16640c90445b00884575d99e3553ae48
textures/flatlist/ovr_stm/_win/00b84ad1.ctxr,textures/flatlist/ovr_stm/_win,00b84ad1.ctxr,00b84ad1,ctxr,87744,d21d860fe86991d74152cbb9724bbcb3ec30980c
textures/flatlist/ovr_stm/_win/00b89205.ctxr,textures/flatlist/ovr_stm/_win,00b89205.ctxr,00b89205,ctxr,349984,2bd5c617e89ad802644fa15586eec8441c4b7e7c
textures/flatlist/ovr_stm/_win/00b99205.ctxr,textures/flatlist/ovr_stm/_win,00b99205.ctxr,00b99205,ctxr,349984,a8ab38c2ef5338bc186aeb5700c6188ac0a52ba7
textures/flatlist/ovr_stm/_win/00ba4ad1.ctxr,textures/flatlist/ovr_stm/_win,00ba4ad1.ctxr,00ba4ad1,ctxr,87744,8ca5361fc35df7db63f34b0c0410c1d611ebc59e
textures/flatlist/ovr_stm/_win/00ba619d.ctxr,textures/flatlist/ovr_stm/_win,00ba619d.ctxr,00ba619d,ctxr,262304,7f9ea6c996ed15a972746061ad24850cd302a7e9
textures/flatlist/ovr_stm/_win/00ba9205.ctxr,textures/flatlist/ovr_stm/_win,00ba9205.ctxr,00ba9205,ctxr,175200,015990f388e12d4ba869382c56409b98c9e410f7
textures/flatlist/ovr_stm/_win/00bb9205.ctxr,textures/flatlist/ovr_stm/_win,00bb9205.ctxr,00bb9205,ctxr,175200,cabd5a12be467cbf794cc028d9c41a16e27424af
textures/flatlist/ovr_stm/_win/00bc4ad1.ctxr,textures/flatlist/ovr_stm/_win,00bc4ad1.ctxr,00bc4ad1,ctxr,87744,8596808da371e2c06fc0b74ac9acf8df914114e6
textures/flatlist/ovr_stm/_win/00be4ad1.ctxr,textures/flatlist/ovr_stm/_win,00be4ad1.ctxr,00be4ad1,ctxr,87744,70650ec4946eb56cc9ed50ddc1399eaf375e69bb
textures/flatlist/ovr_stm/_win/00be80b9.ctxr,textures/flatlist/ovr_stm/_win,00be80b9.ctxr,00be80b9,ctxr,349984,eedb21a3b6b03f72bf77ffedd1183b4d144d1197
textures/flatlist/ovr_stm/_win/00bf085a.ctxr,textures/flatlist/ovr_stm/_win,00bf085a.ctxr,00bf085a,ctxr,262304,37a7ebbe2008a645c79d1b550af3a921f1ee6e99
textures/flatlist/ovr_stm/_win/00bfbb06.ctxr,textures/flatlist/ovr_stm/_win,00bfbb06.ctxr,00bfbb06,ctxr,699520,763aa29f0053cacf0807162599ce40582e995039
textures/flatlist/ovr_stm/_win/00c04ad1.ctxr,textures/flatlist/ovr_stm/_win,00c04ad1.ctxr,00c04ad1,ctxr,87744,06fdeffcfe2e44596258625976b679dc19ff20bc
textures/flatlist/ovr_stm/_win/00c24ad1.ctxr,textures/flatlist/ovr_stm/_win,00c24ad1.ctxr,00c24ad1,ctxr,87744,e43603d74771c5f9a35884638b68f754dcb513d0
textures/flatlist/ovr_stm/_win/00c2df96.ctxr,textures/flatlist/ovr_stm/_win,00c2df96.ctxr,00c2df96,ctxr,131232,36eae94a9334ceaff6b096b58a5dab2ce5518ddc
textures/flatlist/ovr_stm/_win/00c3e4f6.ctxr,textures/flatlist/ovr_stm/_win,00c3e4f6.ctxr,00c3e4f6,ctxr,262304,e406db2d71fdc40669454fb40a0d3ee2961af11d
textures/flatlist/ovr_stm/_win/00c45897.ctxr,textures/flatlist/ovr_stm/_win,00c45897.ctxr,00c45897,ctxr,524448,4b9a5ae5e74931df8c3e97b8367033cc10fa8211
textures/flatlist/ovr_stm/_win/00c489c5.ctxr,textures/flatlist/ovr_stm/_win,00c489c5.ctxr,00c489c5,ctxr,349952,f0867369860644dadcdc7a399ec59ce2ae8a93ff
textures/flatlist/ovr_stm/_win/00c4b02d.ctxr,textures/flatlist/ovr_stm/_win,00c4b02d.ctxr,00c4b02d,ctxr,349984,ca7c362be4cdc437834c769cdc10e6c10a2c0443
textures/flatlist/ovr_stm/_win/00c59475.ctxr,textures/flatlist/ovr_stm/_win,00c59475.ctxr,00c59475,ctxr,131232,412b22dadec68185cf95835a781ec7991e2faac9
textures/flatlist/ovr_stm/_win/00c5a3fd.ctxr,textures/flatlist/ovr_stm/_win,00c5a3fd.ctxr,00c5a3fd,ctxr,1398560,983f9f6a3642077151e854dcec149912602dba38
textures/flatlist/ovr_stm/_win/00c6157c.ctxr,textures/flatlist/ovr_stm/_win,00c6157c.ctxr,00c6157c,ctxr,349984,4485c4989bc87443fb56010808e8120fab574b49
textures/flatlist/ovr_stm/_win/00c6e6ab.ctxr,textures/flatlist/ovr_stm/_win,00c6e6ab.ctxr,00c6e6ab,ctxr,16544,c6c8d267051d9b9081c4fda4e4d7e916fbe48d74
textures/flatlist/ovr_stm/_win/00c6feb6.ctxr,textures/flatlist/ovr_stm/_win,00c6feb6.ctxr,00c6feb6,ctxr,262304,bd88ff649ba7c59b6a85a6e96a1b61d8920aa41b
textures/flatlist/ovr_stm/_win/00c6fef1.ctxr,textures/flatlist/ovr_stm/_win,00c6fef1.ctxr,00c6fef1,ctxr,11185312,e3ef5e2aba6acdb0372cf9678c1364195d2ac031
textures/flatlist/ovr_stm/_win/00c7d5a7.ctxr,textures/flatlist/ovr_stm/_win,00c7d5a7.ctxr,00c7d5a7,ctxr,524448,3d98ea3f3b1570de10a311b29a4d8bbbea0e98e7
textures/flatlist/ovr_stm/_win/00c8e1b5.ctxr,textures/flatlist/ovr_stm/_win,00c8e1b5.ctxr,00c8e1b5,ctxr,699552,2a039539cc2b94a7a52b9dd7af0811a7895fd903
textures/flatlist/ovr_stm/_win/00c9e1b5.ctxr,textures/flatlist/ovr_stm/_win,00c9e1b5.ctxr,00c9e1b5,ctxr,699552,c4b9696692750510f23cee18816d7a83b334b062
textures/flatlist/ovr_stm/_win/00ca3f11.ctxr,textures/flatlist/ovr_stm/_win,00ca3f11.ctxr,00ca3f11,ctxr,524448,34b7575251ca58c6ace7627bdb3812db9a2345da
textures/flatlist/ovr_stm/_win/00cada49.ctxr,textures/flatlist/ovr_stm/_win,00cada49.ctxr,00cada49,ctxr,524448,758ebfae32a7c16a5a9dcb9686e6d5a7d6bb6412
textures/flatlist/ovr_stm/_win/00cb3f11.ctxr,textures/flatlist/ovr_stm/_win,00cb3f11.ctxr,00cb3f11,ctxr,524448,aed175302687f4a780f20cffc1f4c851030d324c
textures/flatlist/ovr_stm/_win/00cc15b7.ctxr,textures/flatlist/ovr_stm/_win,00cc15b7.ctxr,00cc15b7,ctxr,524448,d0fd9be7e013bc2209ea17d5aff8d44f0168caf9
textures/flatlist/ovr_stm/_win/00ccb0a6.ctxr,textures/flatlist/ovr_stm/_win,00ccb0a6.ctxr,00ccb0a6,ctxr,699520,2a2508c65ae1776a001c8ecbffc75923f0546095
textures/flatlist/ovr_stm/_win/00cd360c.ctxr,textures/flatlist/ovr_stm/_win,00cd360c.ctxr,00cd360c,ctxr,524448,26510dd8c2fd3f4536cfe6a793732856cc9e741b
textures/flatlist/ovr_stm/_win/00cd868e.ctxr,textures/flatlist/ovr_stm/_win,00cd868e.ctxr,00cd868e,ctxr,175200,6f95ed7428c0e525c3fa3b80fa2f9a955f4aa027
textures/flatlist/ovr_stm/_win/00cdb0a6.ctxr,textures/flatlist/ovr_stm/_win,00cdb0a6.ctxr,00cdb0a6,ctxr,1398592,4c91c934785ce1e853feba4519a7758d38a418ad
textures/flatlist/ovr_stm/_win/00cdeba7.ctxr,textures/flatlist/ovr_stm/_win,00cdeba7.ctxr,00cdeba7,ctxr,175200,456b523ca30dc31a45e86565117332829044671e
textures/flatlist/ovr_stm/_win/00ce999d.ctxr,textures/flatlist/ovr_stm/_win,00ce999d.ctxr,00ce999d,ctxr,349952,39562f5864e23ba7dc599cee76c2d05548d5703b
textures/flatlist/ovr_stm/_win/00ceb0a6.ctxr,textures/flatlist/ovr_stm/_win,00ceb0a6.ctxr,00ceb0a6,ctxr,1398592,81eee0996e56f86798d0a71c1c1cf0b4790c7104
textures/flatlist/ovr_stm/_win/00ceeba7.ctxr,textures/flatlist/ovr_stm/_win,00ceeba7.ctxr,00ceeba7,ctxr,175200,51edaa1bd6697d16f89a584ad884221380aa0197
textures/flatlist/ovr_stm/_win/00cfb0a6.ctxr,textures/flatlist/ovr_stm/_win,00cfb0a6.ctxr,00cfb0a6,ctxr,175168,dba276ede69175d4b7cbd697195f0a216eed7343
textures/flatlist/ovr_stm/_win/00cfe11e.ctxr,textures/flatlist/ovr_stm/_win,00cfe11e.ctxr,00cfe11e,ctxr,349984,d6ceae57224df6031743d43e4d5a8c4a9914b011
textures/flatlist/ovr_stm/_win/00cfeba7.ctxr,textures/flatlist/ovr_stm/_win,00cfeba7.ctxr,00cfeba7,ctxr,349984,8de74a3dadd9dad4be42bb7558128dd9c4cf52dd
textures/flatlist/ovr_stm/_win/00d0b0a6.ctxr,textures/flatlist/ovr_stm/_win,00d0b0a6.ctxr,00d0b0a6,ctxr,87744,fac3fd1eac918c189041b0a288be72717e4afb45
textures/flatlist/ovr_stm/_win/00d0eba7.ctxr,textures/flatlist/ovr_stm/_win,00d0eba7.ctxr,00d0eba7,ctxr,349984,bf57d09bfdcc7ff1d87d0bd693220f58090d2b4e
textures/flatlist/ovr_stm/_win/00d1b0a6.ctxr,textures/flatlist/ovr_stm/_win,00d1b0a6.ctxr,00d1b0a6,ctxr,87744,2f2517ec20d9d73ff7746ff86a5058f8b462a8d3
textures/flatlist/ovr_stm/_win/00d1eba7.ctxr,textures/flatlist/ovr_stm/_win,00d1eba7.ctxr,00d1eba7,ctxr,349984,c2e8d97bc4c4371b1ec6504a2500808a925571eb
textures/flatlist/ovr_stm/_win/00d27f22.ctxr,textures/flatlist/ovr_stm/_win,00d27f22.ctxr,00d27f22,ctxr,4194464,f2494ff407d02af7cafd7ac872925db3cae3d44c
textures/flatlist/ovr_stm/_win/00d37f22.ctxr,textures/flatlist/ovr_stm/_win,00d37f22.ctxr,00d37f22,ctxr,4194464,ebd4539e3daa8e5b08b4b1f99b47b7a5277c2750
textures/flatlist/ovr_stm/_win/00d4e124.ctxr,textures/flatlist/ovr_stm/_win,00d4e124.ctxr,00d4e124,ctxr,44064,91f2303cc176d8309d94dd7397b8f8b57e475f6e
textures/flatlist/ovr_stm/_win/00d57f22.ctxr,textures/flatlist/ovr_stm/_win,00d57f22.ctxr,00d57f22,ctxr,4194464,81c5c4d01e01e7c790376ab02d09b2dd15f918bb
textures/flatlist/ovr_stm/_win/00d7a5d6.ctxr,textures/flatlist/ovr_stm/_win,00d7a5d6.ctxr,00d7a5d6,ctxr,2796672,6d2d6e16706bfc89df0bd6fbfd48a8109a2497ac
textures/flatlist/ovr_stm/_win/00d84d77.ctxr,textures/flatlist/ovr_stm/_win,00d84d77.ctxr,00d84d77,ctxr,524448,50c84a8ec7521f936a83b7ebac5f0d48472d10a2
textures/flatlist/ovr_stm/_win/00d85d25.ctxr,textures/flatlist/ovr_stm/_win,00d85d25.ctxr,00d85d25,ctxr,65696,18f291af0d5e6f3352aa215e7f344ab7f82225e0
textures/flatlist/ovr_stm/_win/00da15e3.ctxr,textures/flatlist/ovr_stm/_win,00da15e3.ctxr,00da15e3,ctxr,524448,e5aafb0c8f0cc1e54138e13f2900a49c904e44e9
textures/flatlist/ovr_stm/_win/00dc7290.ctxr,textures/flatlist/ovr_stm/_win,00dc7290.ctxr,00dc7290,ctxr,131232,317492f7e75bdb895867350c0a5f3e6fe443ae1a
textures/flatlist/ovr_stm/_win/00dcd5c6.ctxr,textures/flatlist/ovr_stm/_win,00dcd5c6.ctxr,00dcd5c6,ctxr,262304,59fb4e1327974b89e23755fc0c1549ce9be64a50
textures/flatlist/ovr_stm/_win/00dd93f9.ctxr,textures/flatlist/ovr_stm/_win,00dd93f9.ctxr,00dd93f9,ctxr,524448,e7400de827cdfece1dd217a71885a40e19ed05ba
textures/flatlist/ovr_stm/_win/00de6344.ctxr,textures/flatlist/ovr_stm/_win,00de6344.ctxr,00de6344,ctxr,524448,8854fc6b1e9712860212c1f398b872a7f6e0dc70
textures/flatlist/ovr_stm/_win/00de6f30.ctxr,textures/flatlist/ovr_stm/_win,00de6f30.ctxr,00de6f30,ctxr,524448,a5bf4642da00ec630c9b468274c6fee81fb9c99b
textures/flatlist/ovr_stm/_win/00e0bf95.ctxr,textures/flatlist/ovr_stm/_win,00e0bf95.ctxr,00e0bf95,ctxr,131232,89cef991b13d6ff9b492bc7d818f1773e6f2e5fc
textures/flatlist/ovr_stm/_win/00e20d51.ctxr,textures/flatlist/ovr_stm/_win,00e20d51.ctxr,00e20d51,ctxr,349984,862cbcebf8f15f0a8d0456ddcb0d9dbba66dd85b
textures/flatlist/ovr_stm/_win/00e22d51.ctxr,textures/flatlist/ovr_stm/_win,00e22d51.ctxr,00e22d51,ctxr,349984,b27c57d8369a6cefeb5981c4b403274119feeadd
textures/flatlist/ovr_stm/_win/00e3d071.ctxr,textures/flatlist/ovr_stm/_win,00e3d071.ctxr,00e3d071,ctxr,87776,b52844936b57e530f802090df30b861f50dde534
textures/flatlist/ovr_stm/_win/00e4b51b.ctxr,textures/flatlist/ovr_stm/_win,00e4b51b.ctxr,00e4b51b,ctxr,175200,1407db6d8e4855eadfe68abf5b64ef8f44edfb4a
textures/flatlist/ovr_stm/_win/00e4d0de.ctxr,textures/flatlist/ovr_stm/_win,00e4d0de.ctxr,00e4d0de,ctxr,349984,b083cd78c1cb42b537e40048ab7a4e1b3f29a2d1
textures/flatlist/ovr_stm/_win/00e4d0de_41da87e72c01ef976b914cd59eef1df9.ctxr,textures/flatlist/ovr_stm/_win,00e4d0de_41da87e72c01ef976b914cd59eef1df9.ctxr,00e4d0de_41da87e72c01ef976b914cd59eef1df9,ctxr,262304,4ff22f5c239485672f92f5be0a7d9e94793f31c7
textures/flatlist/ovr_stm/_win/00e7ddd3.ctxr,textures/flatlist/ovr_stm/_win,00e7ddd3.ctxr,00e7ddd3,ctxr,262304,8fb1b4f1bae39761532933b03ee72b82ac255d28
textures/flatlist/ovr_stm/_win/00e8533f.ctxr,textures/flatlist/ovr_stm/_win,00e8533f.ctxr,00e8533f,ctxr,2796704,bc66dfdc6183bd2c03e844411a080710585a08ef
textures/flatlist/ovr_stm/_win/00e8533f_c9656c04a66db3d24c7fb50dd516a45e.ctxr,textures/flatlist/ovr_stm/_win,00e8533f_c9656c04a66db3d24c7fb50dd516a45e.ctxr,00e8533f_c9656c04a66db3d24c7fb50dd516a45e,ctxr,2796704,9daf55e71c20886163679b359a4144853b9ab2b6
textures/flatlist/ovr_stm/_win/00e9800a.ctxr,textures/flatlist/ovr_stm/_win,00e9800a.ctxr,00e9800a,ctxr,699552,448df4637a7a5780377c9c4df049be0ccf094eba
textures/flatlist/ovr_stm/_win/00ec73af.ctxr,textures/flatlist/ovr_stm/_win,00ec73af.ctxr,00ec73af,ctxr,11185312,93479f8329ab7e96852372626cafb87f1ec4c70f
textures/flatlist/ovr_stm/_win/00eca640.ctxr,textures/flatlist/ovr_stm/_win,00eca640.ctxr,00eca640,ctxr,131232,abdb1215ebf85907e48c61d00fda39d57e950963
textures/flatlist/ovr_stm/_win/00edb58b.ctxr,textures/flatlist/ovr_stm/_win,00edb58b.ctxr,00edb58b,ctxr,131232,18c93b17f99a76ee09caf426fe21b3dbb3887e70
textures/flatlist/ovr_stm/_win/00efa150.ctxr,textures/flatlist/ovr_stm/_win,00efa150.ctxr,00efa150,ctxr,262304,f783f097939fa1feaf8fb33f004bf49b2f427aa1
textures/flatlist/ovr_stm/_win/00f04ad1.ctxr,textures/flatlist/ovr_stm/_win,00f04ad1.ctxr,00f04ad1,ctxr,87744,bd1bb8ffbd6874df463ebf43486fe7c85e1f4732
textures/flatlist/ovr_stm/_win/00f0852a.ctxr,textures/flatlist/ovr_stm/_win,00f0852a.ctxr,00f0852a,ctxr,87776,58f431ed55fe0f2eb968ec868e23feb7fc190e68
textures/flatlist/ovr_stm/_win/00f08bb3.ctxr,textures/flatlist/ovr_stm/_win,00f08bb3.ctxr,00f08bb3,ctxr,262304,a071bf7cfb46ac8d8bcbcdda7d9e52bf2bb4dd3b
textures/flatlist/ovr_stm/_win/00f0b18b.ctxr,textures/flatlist/ovr_stm/_win,00f0b18b.ctxr,00f0b18b,ctxr,131232,1affb50dfbee09275f182b9b6ca3edd70bb13f66
textures/flatlist/ovr_stm/_win/00f24ad0.ctxr,textures/flatlist/ovr_stm/_win,00f24ad0.ctxr,00f24ad0,ctxr,87744,7d0a5409af9122bdb1c9e22fb1b6a0b21ddde56c
textures/flatlist/ovr_stm/_win/00f24ad1.ctxr,textures/flatlist/ovr_stm/_win,00f24ad1.ctxr,00f24ad1,ctxr,87744,c73379708bbb5d9a8a3a92a398d147b82ffaa820
textures/flatlist/ovr_stm/_win/00f40e09.ctxr,textures/flatlist/ovr_stm/_win,00f40e09.ctxr,00f40e09,ctxr,524448,b64a4ce490c92320be2411586eb0fef4d2972527
textures/flatlist/ovr_stm/_win/00f41462.ctxr,textures/flatlist/ovr_stm/_win,00f41462.ctxr,00f41462,ctxr,11185312,9f8f86099cb01566d61a219084e9af247057f0a7
textures/flatlist/ovr_stm/_win/00f44ad0.ctxr,textures/flatlist/ovr_stm/_win,00f44ad0.ctxr,00f44ad0,ctxr,87744,356e6b126029d06581a831c22c1a9be86dfe1d84
textures/flatlist/ovr_stm/_win/00f44ad1.ctxr,textures/flatlist/ovr_stm/_win,00f44ad1.ctxr,00f44ad1,ctxr,87744,df7bdc07def98fbac3cc36d0a9c07c5ef638a00c
textures/flatlist/ovr_stm/_win/00f4b0a9.ctxr,textures/flatlist/ovr_stm/_win,00f4b0a9.ctxr,00f4b0a9,ctxr,524448,bbb3e8c3baddcaee42086dfef876c33a4c8ad131
textures/flatlist/ovr_stm/_win/00f4e3ec.ctxr,textures/flatlist/ovr_stm/_win,00f4e3ec.ctxr,00f4e3ec,ctxr,131232,71a5eae88877c2b4454d4e114de8a624ec33ea93
textures/flatlist/ovr_stm/_win/00f51462.ctxr,textures/flatlist/ovr_stm/_win,00f51462.ctxr,00f51462,ctxr,11185312,3939903a35d411ed018617ade10a0745307c08e7
textures/flatlist/ovr_stm/_win/00f52511.ctxr,textures/flatlist/ovr_stm/_win,00f52511.ctxr,00f52511,ctxr,262304,e76d57d1b0d5d9b55b6bb2173b0b6bfde54dd37c
textures/flatlist/ovr_stm/_win/00f64ad0.ctxr,textures/flatlist/ovr_stm/_win,00f64ad0.ctxr,00f64ad0,ctxr,87744,cbdfc58c6b3451cd22e1521fa91fe3b69fde6747
textures/flatlist/ovr_stm/_win/00f64ad1.ctxr,textures/flatlist/ovr_stm/_win,00f64ad1.ctxr,00f64ad1,ctxr,87744,d53077de1a2b2caaa20b2887ffe20404b3452826
textures/flatlist/ovr_stm/_win/00f8237e.ctxr,textures/flatlist/ovr_stm/_win,00f8237e.ctxr,00f8237e,ctxr,262304,c6c2b2caed836af05ef99bbc6ed87712920df37b
textures/flatlist/ovr_stm/_win/00f84320.ctxr,textures/flatlist/ovr_stm/_win,00f84320.ctxr,00f84320,ctxr,11185312,185c6c932d24a0cdc8522ea8291259b8e5f5c58f
textures/flatlist/ovr_stm/_win/00f84ad0.ctxr,textures/flatlist/ovr_stm/_win,00f84ad0.ctxr,00f84ad0,ctxr,87744,48950a0856acbf7190725e825cdce8eefadd6343
textures/flatlist/ovr_stm/_win/00f84ad1.ctxr,textures/flatlist/ovr_stm/_win,00f84ad1.ctxr,00f84ad1,ctxr,87744,13be2b32a7f6d02960e43703442633e4eef49562
textures/flatlist/ovr_stm/_win/00f8852a.ctxr,textures/flatlist/ovr_stm/_win,00f8852a.ctxr,00f8852a,ctxr,87776,9cfe004e5530438f7f9137b7161f18bc7b91135f
textures/flatlist/ovr_stm/_win/00f94320.ctxr,textures/flatlist/ovr_stm/_win,00f94320.ctxr,00f94320,ctxr,1398528,3bbf03fb53ab01fc2810f9f394c7d880d5e45be7
textures/flatlist/ovr_stm/_win/00f995ec.ctxr,textures/flatlist/ovr_stm/_win,00f995ec.ctxr,00f995ec,ctxr,16544,2d802b5cc0844afdcb389f8d472b5ca69a2d0c49
textures/flatlist/ovr_stm/_win/00fa4ad0.ctxr,textures/flatlist/ovr_stm/_win,00fa4ad0.ctxr,00fa4ad0,ctxr,87744,a5109d21b73de2624a2a7a8757a7ffcd77b01b09
textures/flatlist/ovr_stm/_win/00fa4ad1.ctxr,textures/flatlist/ovr_stm/_win,00fa4ad1.ctxr,00fa4ad1,ctxr,87744,85d36d41bb09031ef265203d675ff84e9a71854b
textures/flatlist/ovr_stm/_win/00fad318.ctxr,textures/flatlist/ovr_stm/_win,00fad318.ctxr,00fad318,ctxr,699552,9e7cdb274a0c245ed4eb3a83c00a7f26401c70a5
textures/flatlist/ovr_stm/_win/00fb2383.ctxr,textures/flatlist/ovr_stm/_win,00fb2383.ctxr,00fb2383,ctxr,699520,d3d5a4062dc6be3742c48786df05f7a750478b98
textures/flatlist/ovr_stm/_win/00fb5e0d.ctxr,textures/flatlist/ovr_stm/_win,00fb5e0d.ctxr,00fb5e0d,ctxr,2097312,215555df15834a07884e33a84baa16163f15eb31
textures/flatlist/ovr_stm/_win/00fb5e0d_3a2f9c020f2b36a95c909e29cb3e4aae.ctxr,textures/flatlist/ovr_stm/_win,00fb5e0d_3a2f9c020f2b36a95c909e29cb3e4aae.ctxr,00fb5e0d_3a2f9c020f2b36a95c909e29cb3e4aae,ctxr,2796704,d2f9514c40175fda58d33491ee8a46eb01a4e0cd
textures/flatlist/ovr_stm/_win/00fc4ad0.ctxr,textures/flatlist/ovr_stm/_win,00fc4ad0.ctxr,00fc4ad0,ctxr,87744,4fb1da74e7a3ea4fb06eee26d049a4860f33c70e
textures/flatlist/ovr_stm/_win/00fc4ad1.ctxr,textures/flatlist/ovr_stm/_win,00fc4ad1.ctxr,00fc4ad1,ctxr,87744,ebb2e99fa509ef2fa26cd8be5fefd377a4fcfcce
textures/flatlist/ovr_stm/_win/00fe04ea.ctxr,textures/flatlist/ovr_stm/_win,00fe04ea.ctxr,00fe04ea,ctxr,262304,0fca7b0ad5f187e69f9e013a07aff0764a3fc785
textures/flatlist/ovr_stm/_win/00fe4ad0.ctxr,textures/flatlist/ovr_stm/_win,00fe4ad0.ctxr,00fe4ad0,ctxr,87744,479cb792fa26a2e99398f52f82fb4a89f1e1a1f3
textures/flatlist/ovr_stm/_win/00fe4ad1.ctxr,textures/flatlist/ovr_stm/_win,00fe4ad1.ctxr,00fe4ad1,ctxr,349952,645d8f81c19ec86e5f689d22d33edc3e4c58756e
textures/flatlist/ovr_stm/_win/00fe564d.ctxr,textures/flatlist/ovr_stm/_win,00fe564d.ctxr,00fe564d,ctxr,349984,b66eedea12962f90d847b79aa549319599cd7b6d
textures/flatlist/ovr_stm/_win/00ff04ea.ctxr,textures/flatlist/ovr_stm/_win,00ff04ea.ctxr,00ff04ea,ctxr,262304,0996cc1c5e9b96e4bc1ffb361e2e180f8c3f3554
textures/flatlist/ovr_stm/_win/24c_over_alp_ovl.bmp.ctxr,textures/flatlist/ovr_stm/_win,24c_over_alp_ovl.bmp.ctxr,24c_over_alp_ovl.bmp,ctxr,5592864,69e318b9c471550ffd81dcfbadf7a10c3422725d
textures/flatlist/ovr_stm/_win/ab_alp_ovl.bmp.ctxr,textures/flatlist/ovr_stm/_win,ab_alp_ovl.bmp.ctxr,ab_alp_ovl.bmp,ctxr,262304,915f3ea8cdedc81acd18fc27b9307df010bd0a24
textures/flatlist/ovr_stm/_win/acd_alp_ovl.bmp.ctxr,textures/flatlist/ovr_stm/_win,acd_alp_ovl.bmp.ctxr,acd_alp_ovl.bmp,ctxr,524448,0a614ca30a5e2c14f8af0f9f8e7ba6a85bc619be
textures/flatlist/ovr_stm/_win/act_telop10_alp_ovl.bmp.ctxr,textures/flatlist/ovr_stm/_win,act_telop10_alp_ovl.bmp.ctxr,act_telop10_alp_ovl.bmp,ctxr,1048736,5ecf457320eff5a68f86ad696702ff06575314f4
textures/flatlist/ovr_stm/_win/act_telop11_alp_ovl.bmp.ctxr,textures/flatlist/ovr_stm/_win,act_telop11_alp_ovl.bmp.ctxr,act_telop11_alp_ovl.bmp,ctxr,1048736,079298b269b877689b3fddb79879dc4e44100626
textures/flatlist/ovr_stm/_win/act_telop2_alp_ovl.bmp.ctxr,textures/flatlist/ovr_stm/_win,act_telop2_alp_ovl.bmp.ctxr,act_telop2_alp_ovl.bmp,ctxr,2097312,a04bde07f34392197ff918ec8b1a38a41a0e8c40
textures/flatlist/ovr_stm/_win/act_telop3_alp_ovl.bmp.ctxr,textures/flatlist/ovr_stm/_win,act_telop3_alp_ovl.bmp.ctxr,act_telop3_alp_ovl.bmp,ctxr,1048736,273f3c8f51838e71fd83d5406d25aea76218d347
textures/flatlist/ovr_stm/_win/act_telop4_alp_ovl.bmp.ctxr,textures/flatlist/ovr_stm/_win,act_telop4_alp_ovl.bmp.ctxr,act_telop4_alp_ovl.bmp,ctxr,1048736,41d42fd3a5f2b1807c25c674c155e1e01e6a05cd
textures/flatlist/ovr_stm/_win/act_telop5_alp_ovl.bmp_e350349959b1556776f7b5d2e07689fc.ctxr,textures/flatlist/ovr_stm/_win,act_telop5_alp_ovl.bmp_e350349959b1556776f7b5d2e07689fc.ctxr,act_telop5_alp_ovl.bmp_e350349959b1556776f7b5d2e07689fc,ctxr,2097312,2b4c3020a5a6841d5b0c125f6489fd2a30eabb8d
textures/flatlist/ovr_stm/_win/act_telop6_alp_ovl.bmp.ctxr,textures/flatlist/ovr_stm/_win,act_telop6_alp_ovl.bmp.ctxr,act_telop6_alp_ovl.bmp,ctxr,2097312,9692b4fe18c2913ae67317e7bffb6a5cd6053785
textures/flatlist/ovr_stm/_win/act_telop8_alp_ovl.bmp.ctxr,textures/flatlist/ovr_stm/_win,act_telop8_alp_ovl.bmp.ctxr,act_telop8_alp_ovl.bmp,ctxr,2097312,00523acfd808e004625f5569e0c001e81bb0eb2f
textures/flatlist/ovr_stm/_win/act_telop9_alp_ovl.bmp.ctxr,textures/flatlist/ovr_stm/_win,act_telop9_alp_ovl.bmp.ctxr,act_telop9_alp_ovl.bmp,ctxr,2097312,373c2bfbd3f8f883d60502cf430d614e4d8ef7f0
textures/flatlist/ovr_stm/_win/aks_alp_ovl.bmp.ctxr,textures/flatlist/ovr_stm/_win,aks_alp_ovl.bmp.ctxr,aks_alp_ovl.bmp,ctxr,524448,1ecfb48dd1df3b9c4c404c8689df403847c9ff15
textures/flatlist/ovr_stm/_win/aks_sp2_alp_ovl.bmp.ctxr,textures/flatlist/ovr_stm/_win,aks_sp2_alp_ovl.bmp.ctxr,aks_sp2_alp_ovl.bmp,ctxr,524448,c2370bd60068bdc2c0570bfd3de0dd1f1bbf4a34
textures/flatlist/ovr_stm/_win/aks_sp_alp_ovl.bmp.ctxr,textures/flatlist/ovr_stm/_win,aks_sp_alp_ovl.bmp.ctxr,aks_sp_alp_ovl.bmp,ctxr,524448,5c9c5de2fb7fcda5026fd9e8ff0de493e90eaf5e
textures/flatlist/ovr_stm/_win/alt_alp_ovl.bmp.ctxr,textures/flatlist/ovr_stm/_win,alt_alp_ovl.bmp.ctxr,alt_alp_ovl.bmp,ctxr,175200,e7a96f9debeb9803b210ebf24846002aebab9b78
textures/flatlist/ovr_stm/_win/alt_b_alp_ovl.bmp.ctxr,textures/flatlist/ovr_stm/_win,alt_b_alp_ovl.bmp.ctxr,alt_b_alp_ovl.bmp,ctxr,175200,9c0ddc8edf87bd15fa36406032e8b8fe3e9c61a8
textures/flatlist/ovr_stm/_win/aps_alp_ovl.bmp.ctxr,textures/flatlist/ovr_stm/_win,aps_alp_ovl.bmp.ctxr,aps_alp_ovl.bmp,ctxr,524448,3922def9b991676f1289bbab877214619093cf2e
textures/flatlist/ovr_stm/_win/bnd_alp_ovl.bmp.ctxr,textures/flatlist/ovr_stm/_win,bnd_alp_ovl.bmp.ctxr,bnd_alp_ovl.bmp,ctxr,524448,8d4992ff1c0bf07ff65af36b3bc2e4ee3687f60d
textures/flatlist/ovr_stm/_win/bsn1_alp_ovl.bmp.ctxr,textures/flatlist/ovr_stm/_win,bsn1_alp_ovl.bmp.ctxr,bsn1_alp_ovl.bmp,ctxr,524448,18c7779fd5f484a1f9da6e5909318bb5d2bcd85a
textures/flatlist/ovr_stm/_win/bsn2_alp_ovl.bmp.ctxr,textures/flatlist/ovr_stm/_win,bsn2_alp_ovl.bmp.ctxr,bsn2_alp_ovl.bmp,ctxr,524448,9a2572b7cc31c8b15a69632d3e1a719bf93fb076
textures/flatlist/ovr_stm/_win/camera_alp_ovl.bmp.ctxr,textures/flatlist/ovr_stm/_win,camera_alp_ovl.bmp.ctxr,camera_alp_ovl.bmp,ctxr,524448,208a00910cc59c9fbb889bf8bea6df8851018ba7
textures/flatlist/ovr_stm/_win/cau_alp_ovl.bmp.ctxr,textures/flatlist/ovr_stm/_win,cau_alp_ovl.bmp.ctxr,cau_alp_ovl.bmp,ctxr,175200,1cc237ff4d38f0d761e3f2f443d100761682ca80
textures/flatlist/ovr_stm/_win/cbox_dry_alp_ovl.bmp.ctxr,textures/flatlist/ovr_stm/_win,cbox_dry_alp_ovl.bmp.ctxr,cbox_dry_alp_ovl.bmp,ctxr,524448,f529a3346ffeebe1a680b126313b1cd51efa3945
textures/flatlist/ovr_stm/_win/cbox_wet_alp_ovl.bmp.ctxr,textures/flatlist/ovr_stm/_win,cbox_wet_alp_ovl.bmp.ctxr,cbox_wet_alp_ovl.bmp,ctxr,524448,b162b8f90a9d7ac5455cdda03a91716f89e9a38f
textures/flatlist/ovr_stm/_win/cbx_a_alp_ovl.bmp.ctxr,textures/flatlist/ovr_stm/_win,cbx_a_alp_ovl.bmp.ctxr,cbx_a_alp_ovl.bmp,ctxr,524448,40da61bdb82e6349674330172636b7a6315d86bb
textures/flatlist/ovr_stm/_win/cbx_b_alp_ovl.bmp.ctxr,textures/flatlist/ovr_stm/_win,cbx_b_alp_ovl.bmp.ctxr,cbx_b_alp_ovl.bmp,ctxr,524448,afd3f8b543c10ea0b3a512cf6de0b9052c6da36d
textures/flatlist/ovr_stm/_win/cbx_c_alp_ovl.bmp.ctxr,textures/flatlist/ovr_stm/_win,cbx_c_alp_ovl.bmp.ctxr,cbx_c_alp_ovl.bmp,ctxr,524448,e3527c2ec31cdb4898bc60b7ffa30af585d6f828
textures/flatlist/ovr_stm/_win/cbx_d_alp_ovl.bmp.ctxr,textures/flatlist/ovr_stm/_win,cbx_d_alp_ovl.bmp.ctxr,cbx_d_alp_ovl.bmp,ctxr,524448,a30eb6909cbe4c7a248f44d2766f2586a514852d
textures/flatlist/ovr_stm/_win/cbx_e_alp_ovl.bmp.ctxr,textures/flatlist/ovr_stm/_win,cbx_e_alp_ovl.bmp.ctxr,cbx_e_alp_ovl.bmp,ctxr,524448,8acb064637096ae46febc422375d8a39b5b6feb8
textures/flatlist/ovr_stm/_win/cbx_f_alp_ovl.bmp.ctxr,textures/flatlist/ovr_stm/_win,cbx_f_alp_ovl.bmp.ctxr,cbx_f_alp_ovl.bmp,ctxr,524448,09b7c1791aec4d75749c55223fe153b2d102afb9
textures/flatlist/ovr_stm/_win/cfr_alp_ovl.bmp.ctxr,textures/flatlist/ovr_stm/_win,cfr_alp_ovl.bmp.ctxr,cfr_alp_ovl.bmp,ctxr,524448,a3b46d591c35af8341686ed8c5f4dfded670ce40
textures/flatlist/ovr_stm/_win/chaff_alp_ovl.bmp.ctxr,textures/flatlist/ovr_stm/_win,chaff_alp_ovl.bmp.ctxr,chaff_alp_ovl.bmp,ctxr,524448,0f370f66c2ab6ec3bdd1da71a2194e41c6aa6db9
textures/flatlist/ovr_stm/_win/class1_alp_ovl.bmp.ctxr,textures/flatlist/ovr_stm/_win,class1_alp_ovl.bmp.ctxr,class1_alp_ovl.bmp,ctxr,1398560,7e1794b035a783f89aa78049c06b7a96ebbf5a9c
textures/flatlist/ovr_stm/_win/class2_alp_ovl.bmp.ctxr,textures/flatlist/ovr_stm/_win,class2_alp_ovl.bmp.ctxr,class2_alp_ovl.bmp,ctxr,1398560,3d87dcc832e0b18e07dd5fd3b28dba70e24a58bf
textures/flatlist/ovr_stm/_win/class3_alp_ovl.bmp.ctxr,textures/flatlist/ovr_stm/_win,class3_alp_ovl.bmp.ctxr,class3_alp_ovl.bmp,ctxr,1398560,b7375dd4d56f3d87291c01ba564e07e90b2355c7
textures/flatlist/ovr_stm/_win/clr_alp_ovl.bmp.ctxr,textures/flatlist/ovr_stm/_win,clr_alp_ovl.bmp.ctxr,clr_alp_ovl.bmp,ctxr,175200,a911d1e93df60b8169f6fa21c7ffcd68b9c86936
textures/flatlist/ovr_stm/_win/cls_alp_ovl.bmp.ctxr,textures/flatlist/ovr_stm/_win,cls_alp_ovl.bmp.ctxr,cls_alp_ovl.bmp,ctxr,524448,eea3138d82b652884661db367175ff1ea1b93cc9
textures/flatlist/ovr_stm/_win/cray_alp_ovl.bmp.ctxr,textures/flatlist/ovr_stm/_win,cray_alp_ovl.bmp.ctxr,cray_alp_ovl.bmp,ctxr,524448,412b72236aef0f5c929329e6fb7ee57a3833e615
textures/flatlist/ovr_stm/_win/dmp_alp_ovl.bmp.ctxr,textures/flatlist/ovr_stm/_win,dmp_alp_ovl.bmp.ctxr,dmp_alp_ovl.bmp,ctxr,524448,547cab09b10b2c3f52c3dbd5e285fbf54a14c09f
textures/flatlist/ovr_stm/_win/dog_alp_ovl.bmp.ctxr,textures/flatlist/ovr_stm/_win,dog_alp_ovl.bmp.ctxr,dog_alp_ovl.bmp,ctxr,524448,200c14630be24b472e88011682a0770c8af4ba9c
textures/flatlist/ovr_stm/_win/empty_alp_ovl.bmp.ctxr,textures/flatlist/ovr_stm/_win,empty_alp_ovl.bmp.ctxr,empty_alp_ovl.bmp,ctxr,87776,7c9a4b494148ed4cb25ea2c2436a25a4c20df615
textures/flatlist/ovr_stm/_win/eva_alp_ovl.bmp.ctxr,textures/flatlist/ovr_stm/_win,eva_alp_ovl.bmp.ctxr,eva_alp_ovl.bmp,ctxr,175200,eadbe86eb2a5a793640cdeaa07305d01b6c40924
textures/flatlist/ovr_stm/_win/exit_alp_add_ovl.bmp.ctxr,textures/flatlist/ovr_stm/_win,exit_alp_add_ovl.bmp.ctxr,exit_alp_add_ovl.bmp,ctxr,87776,719f67749bc0f0ba36537107c847b0b1fe9495c7
textures/flatlist/ovr_stm/_win/exit_alp_ovl.bmp.ctxr,textures/flatlist/ovr_stm/_win,exit_alp_ovl.bmp.ctxr,exit_alp_ovl.bmp,ctxr,699552,7391a8383388ca826e15f2ef110d62ab5dc16e76
textures/flatlist/ovr_stm/_win/exit_alp_ovl.bmp_2e80fcdf52d4e88c977557d852b3bb00.ctxr,textures/flatlist/ovr_stm/_win,exit_alp_ovl.bmp_2e80fcdf52d4e88c977557d852b3bb00.ctxr,exit_alp_ovl.bmp_2e80fcdf52d4e88c977557d852b3bb00,ctxr,175168,5d9637c3e82ceff3f3b5a6ec0fdeadcbe3e9f36c
textures/flatlist/ovr_stm/_win/exit_alp_ovl.bmp_6caebe23bde6080a351ba6c3fd17f622.ctxr,textures/flatlist/ovr_stm/_win,exit_alp_ovl.bmp_6caebe23bde6080a351ba6c3fd17f622.ctxr,exit_alp_ovl.bmp_6caebe23bde6080a351ba6c3fd17f622,ctxr,87776,0f6066bfb14204e340fcb9095b92e5098386f3df
textures/flatlist/ovr_stm/_win/exit_alp_ovl.bmp_794456ba9bbbfd3e16cf3cf4157c6d56.ctxr,textures/flatlist/ovr_stm/_win,exit_alp_ovl.bmp_794456ba9bbbfd3e16cf3cf4157c6d56.ctxr,exit_alp_ovl.bmp_794456ba9bbbfd3e16cf3cf4157c6d56,ctxr,349952,a9face28b6a50666f7828400a78d60160e8488b7
textures/flatlist/ovr_stm/_win/exit_alp_ovl.bmp_7f9196f232454b86ef93cc3591f1f2ab.ctxr,textures/flatlist/ovr_stm/_win,exit_alp_ovl.bmp_7f9196f232454b86ef93cc3591f1f2ab.ctxr,exit_alp_ovl.bmp_7f9196f232454b86ef93cc3591f1f2ab,ctxr,87776,96818bc78cb567463126c0456cdeda78192185a9
textures/flatlist/ovr_stm/_win/fake_exit_alp_ovl.bmp.ctxr,textures/flatlist/ovr_stm/_win,fake_exit_alp_ovl.bmp.ctxr,fake_exit_alp_ovl.bmp,ctxr,87776,7b543d3e1b67737a2a42b024d048560f76c8d0f8
textures/flatlist/ovr_stm/_win/fms_alp_ovl.bmp_afd64baad5879a54d69dceeb416e0963.ctxr,textures/flatlist/ovr_stm/_win,fms_alp_ovl.bmp_afd64baad5879a54d69dceeb416e0963.ctxr,fms_alp_ovl.bmp_afd64baad5879a54d69dceeb416e0963,ctxr,524448,a9ea2a160a5a3e6325eafecea0903069a6053343
textures/flatlist/ovr_stm/_win/gol1_alp_ovl.bmp.ctxr,textures/flatlist/ovr_stm/_win,gol1_alp_ovl.bmp.ctxr,gol1_alp_ovl.bmp,ctxr,524448,eb85d6dede84a223c80c8479f0958e20a4b319e6
textures/flatlist/ovr_stm/_win/gol2_alp_ovl.bmp.ctxr,textures/flatlist/ovr_stm/_win,gol2_alp_ovl.bmp.ctxr,gol2_alp_ovl.bmp,ctxr,524448,cfe9e7595adab4f8837dd176b5c383361660c563
textures/flatlist/ovr_stm/_win/gre_alp_ovl.bmp.ctxr,textures/flatlist/ovr_stm/_win,gre_alp_ovl.bmp.ctxr,gre_alp_ovl.bmp,ctxr,524448,5f7bbead1639da815ef6e2726f44c882a8b51b06
textures/flatlist/ovr_stm/_win/hfb2_alp_ovl.bmp.ctxr,textures/flatlist/ovr_stm/_win,hfb2_alp_ovl.bmp.ctxr,hfb2_alp_ovl.bmp,ctxr,524448,a50d70c484866c7112596e5e31af502347c0f042
textures/flatlist/ovr_stm/_win/hfb_alp_ovl.bmp.ctxr,textures/flatlist/ovr_stm/_win,hfb_alp_ovl.bmp.ctxr,hfb_alp_ovl.bmp,ctxr,524448,f71b4975f060302a92028bfacbbb296d75b2605d
textures/flatlist/ovr_stm/_win/htl_alp_ovl.bmp.ctxr,textures/flatlist/ovr_stm/_win,htl_alp_ovl.bmp.ctxr,htl_alp_ovl.bmp,ctxr,524448,542651926bd3152ea150fa52c9e70261b114c91e
textures/flatlist/ovr_stm/_win/jam_alp_ovl.bmp.ctxr,textures/flatlist/ovr_stm/_win,jam_alp_ovl.bmp.ctxr,jam_alp_ovl.bmp,ctxr,175200,f107f91f7f50084fbde37f4d1a0e3fcbbc4bfd5d
textures/flatlist/ovr_stm/_win/m4a_nm_alp_ovl.bmp.ctxr,textures/flatlist/ovr_stm/_win,m4a_nm_alp_ovl.bmp.ctxr,m4a_nm_alp_ovl.bmp,ctxr,524448,688de6053f0741d963a4089e454a96956fd1c114
textures/flatlist/ovr_stm/_win/m9_alp_ovl.bmp.ctxr,textures/flatlist/ovr_stm/_win,m9_alp_ovl.bmp.ctxr,m9_alp_ovl.bmp,ctxr,524448,89162b44f542cf8b1f7ef3e104316e9e931b6c1e
textures/flatlist/ovr_stm/_win/mag_alp_ovl.bmp.ctxr,textures/flatlist/ovr_stm/_win,mag_alp_ovl.bmp.ctxr,mag_alp_ovl.bmp,ctxr,524448,547e989d71142b77e0f9272d72d64024954ed578
textures/flatlist/ovr_stm/_win/medi_alp_ovl.bmp.ctxr,textures/flatlist/ovr_stm/_win,medi_alp_ovl.bmp.ctxr,medi_alp_ovl.bmp,ctxr,524448,40c48b76a05e55b295321c5f5e0cae3e1341415c
textures/flatlist/ovr_stm/_win/mnd_alp_ovl.bmp.ctxr,textures/flatlist/ovr_stm/_win,mnd_alp_ovl.bmp.ctxr,mnd_alp_ovl.bmp,ctxr,524448,2d386b4f0ef3b51ed4500adab46dd39600538af1
textures/flatlist/ovr_stm/_win/mod_alp_ovl.bmp.ctxr,textures/flatlist/ovr_stm/_win,mod_alp_ovl.bmp.ctxr,mod_alp_ovl.bmp,ctxr,524448,f3b6a85dba36053597d62eec953d99f2a5b79d89
textures/flatlist/ovr_stm/_win/ngl_alp_ovl.bmp.ctxr,textures/flatlist/ovr_stm/_win,ngl_alp_ovl.bmp.ctxr,ngl_alp_ovl.bmp,ctxr,524448,9d47f178ec5066b348d030c912f8b59f89206c90
textures/flatlist/ovr_stm/_win/niki_alp_ovl.bmp.ctxr,textures/flatlist/ovr_stm/_win,niki_alp_ovl.bmp.ctxr,niki_alp_ovl.bmp,ctxr,524448,4ac403c8e2c0640a5ec17121f3f38110bb92adcf
textures/flatlist/ovr_stm/_win/nom_b_alp_ovl.bmp.ctxr,textures/flatlist/ovr_stm/_win,nom_b_alp_ovl.bmp.ctxr,nom_b_alp_ovl.bmp,ctxr,175200,92d4321a04b4dd9b43f979f54f948401d1bdae76
textures/flatlist/ovr_stm/_win/psg2_alp_ovl.bmp.ctxr,textures/flatlist/ovr_stm/_win,psg2_alp_ovl.bmp.ctxr,psg2_alp_ovl.bmp,ctxr,524448,5fce2fff3bf9c916a97da29a86f6d454a0bbd071
textures/flatlist/ovr_stm/_win/psg_alp_ovl.bmp.ctxr,textures/flatlist/ovr_stm/_win,psg_alp_ovl.bmp.ctxr,psg_alp_ovl.bmp,ctxr,524448,7afd885d99343f6320969d326147598a948b68a4
textures/flatlist/ovr_stm/_win/ration_alp_ovl.bmp.ctxr,textures/flatlist/ovr_stm/_win,ration_alp_ovl.bmp.ctxr,ration_alp_ovl.bmp,ctxr,524448,25eae1e4ad4927034dbb25776b67b0e5540bd029
textures/flatlist/ovr_stm/_win/rgb_alp_ovl.bmp.ctxr,textures/flatlist/ovr_stm/_win,rgb_alp_ovl.bmp.ctxr,rgb_alp_ovl.bmp,ctxr,524448,856766a57e794f8b3fb3b3de74006e968efaf4a7
textures/flatlist/ovr_stm/_win/sam_alp_ovl.bmp.ctxr,textures/flatlist/ovr_stm/_win,sam_alp_ovl.bmp.ctxr,sam_alp_ovl.bmp,ctxr,524448,aec4070fdd7787fe578b8351cac0e011db1de239
textures/flatlist/ovr_stm/_win/scm2_alp_ovl.bmp.ctxr,textures/flatlist/ovr_stm/_win,scm2_alp_ovl.bmp.ctxr,scm2_alp_ovl.bmp,ctxr,524448,39c3e5b2d435cf7a72c5588cc099e34056e9e6d9
textures/flatlist/ovr_stm/_win/scm_alp_ovl.bmp.ctxr,textures/flatlist/ovr_stm/_win,scm_alp_ovl.bmp.ctxr,scm_alp_ovl.bmp,ctxr,524448,1bf6dcb01dcd255dcd7fb7f45bff5c1e3930bf21
textures/flatlist/ovr_stm/_win/scm_sp2_alp_ovl.bmp.ctxr,textures/flatlist/ovr_stm/_win,scm_sp2_alp_ovl.bmp.ctxr,scm_sp2_alp_ovl.bmp,ctxr,524448,f24a96d1af7988291c222e304e79ed504a7c5e5c
textures/flatlist/ovr_stm/_win/scope_alp_ovl.bmp.ctxr,textures/flatlist/ovr_stm/_win,scope_alp_ovl.bmp.ctxr,scope_alp_ovl.bmp,ctxr,524448,711b74ac38de6c71353793725f3046efafd448a7
textures/flatlist/ovr_stm/_win/shv_alp_ovl.bmp.ctxr,textures/flatlist/ovr_stm/_win,shv_alp_ovl.bmp.ctxr,shv_alp_ovl.bmp,ctxr,524448,daba04dc4327e547cc3d0025654e887d658cdcff
textures/flatlist/ovr_stm/_win/smoke_alp_ovl.bmp.ctxr,textures/flatlist/ovr_stm/_win,smoke_alp_ovl.bmp.ctxr,smoke_alp_ovl.bmp,ctxr,524448,25a14ca5c447d114494304950f7f489c6f977a16
textures/flatlist/ovr_stm/_win/sp_alp_ovl.bmp.ctxr,textures/flatlist/ovr_stm/_win,sp_alp_ovl.bmp.ctxr,sp_alp_ovl.bmp,ctxr,349984,4da8192db6fec471f84d6be0866adbb9f22dc6e7
textures/flatlist/ovr_stm/_win/sr00e_alp_ovl.bmp.ctxr,textures/flatlist/ovr_stm/_win,sr00e_alp_ovl.bmp.ctxr,sr00e_alp_ovl.bmp,ctxr,1048736,ad508c9e253318548b7d778f32c2f7d572d2ffd5
textures/flatlist/ovr_stm/_win/sr01j_alp_ovl.bmp_71b551295ba518fae4283bd712544a6d.ctxr,textures/flatlist/ovr_stm/_win,sr01j_alp_ovl.bmp_71b551295ba518fae4283bd712544a6d.ctxr,sr01j_alp_ovl.bmp_71b551295ba518fae4283bd712544a6d,ctxr,1048736,1a18a0a05d372de91b0eea75c2c89f4b5efefec9
textures/flatlist/ovr_stm/_win/sr02j_alp_ovl.bmp_4a09a9b88e5c9d0cf6da451edf0dbec7.ctxr,textures/flatlist/ovr_stm/_win,sr02j_alp_ovl.bmp_4a09a9b88e5c9d0cf6da451edf0dbec7.ctxr,sr02j_alp_ovl.bmp_4a09a9b88e5c9d0cf6da451edf0dbec7,ctxr,1048736,b4e578bed21a5c89ba4addb27f0b5dad6a3e4cd5
textures/flatlist/ovr_stm/_win/sr04e_alp_ovl.bmp.ctxr,textures/flatlist/ovr_stm/_win,sr04e_alp_ovl.bmp.ctxr,sr04e_alp_ovl.bmp,ctxr,2097312,f2a53e99a234588fe6b47df58fbf3c6100d07427
textures/flatlist/ovr_stm/_win/sr04e_alp_ovl.bmp_7df013dc1a4acc27c98bdd79b9268942.ctxr,textures/flatlist/ovr_stm/_win,sr04e_alp_ovl.bmp_7df013dc1a4acc27c98bdd79b9268942.ctxr,sr04e_alp_ovl.bmp_7df013dc1a4acc27c98bdd79b9268942,ctxr,2097312,212631566df4628838f0880449aca493c432bb97
textures/flatlist/ovr_stm/_win/sr04j_alp_ovl.bmp_1383a677978c887d8f593c2469a8401a.ctxr,textures/flatlist/ovr_stm/_win,sr04j_alp_ovl.bmp_1383a677978c887d8f593c2469a8401a.ctxr,sr04j_alp_ovl.bmp_1383a677978c887d8f593c2469a8401a,ctxr,1048736,85fccef675d87b20c9ab4caf6291952ec00d79a5
textures/flatlist/ovr_stm/_win/sr05e_alp_ovl.bmp.ctxr,textures/flatlist/ovr_stm/_win,sr05e_alp_ovl.bmp.ctxr,sr05e_alp_ovl.bmp,ctxr,1048736,f3ea107a3f89e1a03e6e27a9a96ff2e02bdd5eed
textures/flatlist/ovr_stm/_win/sr05e_alp_ovl.bmp_fa8e2b5b866afff71bcedae16df8e3df.ctxr,textures/flatlist/ovr_stm/_win,sr05e_alp_ovl.bmp_fa8e2b5b866afff71bcedae16df8e3df.ctxr,sr05e_alp_ovl.bmp_fa8e2b5b866afff71bcedae16df8e3df,ctxr,1048736,785bd2c0bd0ad35987a93335f0a13ec106cdeb7d
textures/flatlist/ovr_stm/_win/sr05j_alp_ovl.bmp_bf1906e485ccafe1c218be12a5453562.ctxr,textures/flatlist/ovr_stm/_win,sr05j_alp_ovl.bmp_bf1906e485ccafe1c218be12a5453562.ctxr,sr05j_alp_ovl.bmp_bf1906e485ccafe1c218be12a5453562,ctxr,1048736,30d80796df8f69441df25768ec425e887dbd05aa
textures/flatlist/ovr_stm/_win/sr06e_alp_ovl.bmp.ctxr,textures/flatlist/ovr_stm/_win,sr06e_alp_ovl.bmp.ctxr,sr06e_alp_ovl.bmp,ctxr,1048736,db5972dde8d616ce145d7d78d916381cb9519675
textures/flatlist/ovr_stm/_win/sr06e_alp_ovl.bmp_93ce3028cb41917a7f5a86e1a5cef339.ctxr,textures/flatlist/ovr_stm/_win,sr06e_alp_ovl.bmp_93ce3028cb41917a7f5a86e1a5cef339.ctxr,sr06e_alp_ovl.bmp_93ce3028cb41917a7f5a86e1a5cef339,ctxr,1048736,85735a2f6bc921b94f78b7c3ed12d26d95d26557
textures/flatlist/ovr_stm/_win/sr06j_alp_ovl.bmp_3930ac3de40a80d7335f659d8d3b18df.ctxr,textures/flatlist/ovr_stm/_win,sr06j_alp_ovl.bmp_3930ac3de40a80d7335f659d8d3b18df.ctxr,sr06j_alp_ovl.bmp_3930ac3de40a80d7335f659d8d3b18df,ctxr,1048736,c619b55446957294be92da58806483e8e28ebdba
textures/flatlist/ovr_stm/_win/sr07e_alp_ovl.bmp.ctxr,textures/flatlist/ovr_stm/_win,sr07e_alp_ovl.bmp.ctxr,sr07e_alp_ovl.bmp,ctxr,1048736,efd89d086e67d48d2523b10ae611ad1b8cbec327
textures/flatlist/ovr_stm/_win/sr07e_alp_ovl.bmp_1facc522d39aa7af4c8f475392ce56fb.ctxr,textures/flatlist/ovr_stm/_win,sr07e_alp_ovl.bmp_1facc522d39aa7af4c8f475392ce56fb.ctxr,sr07e_alp_ovl.bmp_1facc522d39aa7af4c8f475392ce56fb,ctxr,1048736,5f2c632553d020345a09f1148fd7d8a29a7c8cfc
textures/flatlist/ovr_stm/_win/sr07j_alp_ovl.bmp_df4abf9598b5e1aaa1c931ea907a758a.ctxr,textures/flatlist/ovr_stm/_win,sr07j_alp_ovl.bmp_df4abf9598b5e1aaa1c931ea907a758a.ctxr,sr07j_alp_ovl.bmp_df4abf9598b5e1aaa1c931ea907a758a,ctxr,1048736,c187249c14dd6954aef0c0138d036ec07f55b24d
textures/flatlist/ovr_stm/_win/sr08e_alp_ovl.bmp.ctxr,textures/flatlist/ovr_stm/_win,sr08e_alp_ovl.bmp.ctxr,sr08e_alp_ovl.bmp,ctxr,1048736,84c97d684229c8d2de479a27d744142df14b82e2
textures/flatlist/ovr_stm/_win/sr08e_alp_ovl.bmp_94c5b46b1b4c4dd69ab4b85ecd7d43fe.ctxr,textures/flatlist/ovr_stm/_win,sr08e_alp_ovl.bmp_94c5b46b1b4c4dd69ab4b85ecd7d43fe.ctxr,sr08e_alp_ovl.bmp_94c5b46b1b4c4dd69ab4b85ecd7d43fe,ctxr,1048736,3032d69300de19cfbc66a806bcc80384e343e032
textures/flatlist/ovr_stm/_win/sr08j_alp_ovl.bmp_501fe309963ffa2693e775abe15afe45.ctxr,textures/flatlist/ovr_stm/_win,sr08j_alp_ovl.bmp_501fe309963ffa2693e775abe15afe45.ctxr,sr08j_alp_ovl.bmp_501fe309963ffa2693e775abe15afe45,ctxr,1048736,086b4be5f96a6522f80158089b2ae3566447a005
textures/flatlist/ovr_stm/_win/sr09e_alp_ovl.bmp.ctxr,textures/flatlist/ovr_stm/_win,sr09e_alp_ovl.bmp.ctxr,sr09e_alp_ovl.bmp,ctxr,1048736,365277f7169c1e182a4b61e6517594623995996d
textures/flatlist/ovr_stm/_win/sr09e_alp_ovl.bmp_2bec0cf6e2d48a41d9297cf01513f45c.ctxr,textures/flatlist/ovr_stm/_win,sr09e_alp_ovl.bmp_2bec0cf6e2d48a41d9297cf01513f45c.ctxr,sr09e_alp_ovl.bmp_2bec0cf6e2d48a41d9297cf01513f45c,ctxr,1048736,1ad634e5c59c97964cf9011d1c805f6985400b74
textures/flatlist/ovr_stm/_win/sr10e_alp_ovl.bmp.ctxr,textures/flatlist/ovr_stm/_win,sr10e_alp_ovl.bmp.ctxr,sr10e_alp_ovl.bmp,ctxr,1048736,42a49976e724b63aad75045f7e01a97c644eebd9
textures/flatlist/ovr_stm/_win/sr10e_alp_ovl.bmp_1927c59b5a429c24eac1732749ce574a.ctxr,textures/flatlist/ovr_stm/_win,sr10e_alp_ovl.bmp_1927c59b5a429c24eac1732749ce574a.ctxr,sr10e_alp_ovl.bmp_1927c59b5a429c24eac1732749ce574a,ctxr,1048736,445e3e761359db163a8eb427d0472ef2c5170a8b
textures/flatlist/ovr_stm/_win/sr11e_alp_ovl.bmp.ctxr,textures/flatlist/ovr_stm/_win,sr11e_alp_ovl.bmp.ctxr,sr11e_alp_ovl.bmp,ctxr,1048736,585ab1e3a87fb4768afdbdb18f81a11703432deb
textures/flatlist/ovr_stm/_win/sr11e_alp_ovl.bmp_cb0dce75f41243b62d86315f2154df35.ctxr,textures/flatlist/ovr_stm/_win,sr11e_alp_ovl.bmp_cb0dce75f41243b62d86315f2154df35.ctxr,sr11e_alp_ovl.bmp_cb0dce75f41243b62d86315f2154df35,ctxr,1048736,df965dd91cc44fe5dbee028b674bb20742b0b714
textures/flatlist/ovr_stm/_win/sr11j_alp_ovl.bmp_d403a96582282e98da76e6194a8a4c58.ctxr,textures/flatlist/ovr_stm/_win,sr11j_alp_ovl.bmp_d403a96582282e98da76e6194a8a4c58.ctxr,sr11j_alp_ovl.bmp_d403a96582282e98da76e6194a8a4c58,ctxr,1048736,d72f04ba658ac5e94367ab920d340b8261e08177
textures/flatlist/ovr_stm/_win/sr12e_alp_ovl.bmp.ctxr,textures/flatlist/ovr_stm/_win,sr12e_alp_ovl.bmp.ctxr,sr12e_alp_ovl.bmp,ctxr,1048736,3fbd8503fbabee78c487305fe177955e4c77a163
textures/flatlist/ovr_stm/_win/sr12e_alp_ovl.bmp_49da83a2fc34ffff91d496c4100267ab.ctxr,textures/flatlist/ovr_stm/_win,sr12e_alp_ovl.bmp_49da83a2fc34ffff91d496c4100267ab.ctxr,sr12e_alp_ovl.bmp_49da83a2fc34ffff91d496c4100267ab,ctxr,1048736,9f125dc58f3adc06d5913c1e39c063e22f4bedcb
textures/flatlist/ovr_stm/_win/sr12j_alp_ovl.bmp_17fe60f718f515850942f8f66ba0be2a.ctxr,textures/flatlist/ovr_stm/_win,sr12j_alp_ovl.bmp_17fe60f718f515850942f8f66ba0be2a.ctxr,sr12j_alp_ovl.bmp_17fe60f718f515850942f8f66ba0be2a,ctxr,1048736,7912f41ac4b15199f4d563fb2330e2309c67decd
textures/flatlist/ovr_stm/_win/sr13e_alp_ovl.bmp.ctxr,textures/flatlist/ovr_stm/_win,sr13e_alp_ovl.bmp.ctxr,sr13e_alp_ovl.bmp,ctxr,1048736,023e754e32b012ed97b4040c6edb221be3cc226c
textures/flatlist/ovr_stm/_win/sr13e_alp_ovl.bmp_8e5d765a189254623f05bef061d0db1a.ctxr,textures/flatlist/ovr_stm/_win,sr13e_alp_ovl.bmp_8e5d765a189254623f05bef061d0db1a.ctxr,sr13e_alp_ovl.bmp_8e5d765a189254623f05bef061d0db1a,ctxr,1048736,a292055131b94054fc2a3fcfb0abbbe9f972f6e5
textures/flatlist/ovr_stm/_win/sr14e_alp_ovl.bmp.ctxr,textures/flatlist/ovr_stm/_win,sr14e_alp_ovl.bmp.ctxr,sr14e_alp_ovl.bmp,ctxr,1048736,be76d9e5c0634abb407c33ebb6d232598936e9eb
textures/flatlist/ovr_stm/_win/sr14e_alp_ovl.bmp_ea172754f17f49457f2f04ae2319add2.ctxr,textures/flatlist/ovr_stm/_win,sr14e_alp_ovl.bmp_ea172754f17f49457f2f04ae2319add2.ctxr,sr14e_alp_ovl.bmp_ea172754f17f49457f2f04ae2319add2,ctxr,1048736,d63baa641516fb49cf38ad5feb2196194151d3e9
textures/flatlist/ovr_stm/_win/sr14j_alp_ovl.bmp_104b15f9971860fa4c6923382baf1463.ctxr,textures/flatlist/ovr_stm/_win,sr14j_alp_ovl.bmp_104b15f9971860fa4c6923382baf1463.ctxr,sr14j_alp_ovl.bmp_104b15f9971860fa4c6923382baf1463,ctxr,1048736,c50fbb961a656129a608bc3943d8f9cb875c58c8
textures/flatlist/ovr_stm/_win/sr14j_bg_alp_ovl.bmp.ctxr,textures/flatlist/ovr_stm/_win,sr14j_bg_alp_ovl.bmp.ctxr,sr14j_bg_alp_ovl.bmp,ctxr,1048736,9e50b43e38613b0a2fc64c9701760812b8955df5
textures/flatlist/ovr_stm/_win/sr16e_alp_ovl.bmp.ctxr,textures/flatlist/ovr_stm/_win,sr16e_alp_ovl.bmp.ctxr,sr16e_alp_ovl.bmp,ctxr,1048736,c304459f4828dd76d244e818a5e23ac5191ed517
textures/flatlist/ovr_stm/_win/sr17e_alp_ovl.bmp.ctxr,textures/flatlist/ovr_stm/_win,sr17e_alp_ovl.bmp.ctxr,sr17e_alp_ovl.bmp,ctxr,1048736,4e67ec79a8b98dadfe55f20911dcfd54f239dc62
textures/flatlist/ovr_stm/_win/sr18e_alp_ovl.bmp.ctxr,textures/flatlist/ovr_stm/_win,sr18e_alp_ovl.bmp.ctxr,sr18e_alp_ovl.bmp,ctxr,1048736,7d2d03d69fc4d8169123ceee1d32b281d80b459b
textures/flatlist/ovr_stm/_win/sr18e_alp_ovl.bmp_472bed0a443e29c45de18a81421d2ee0.ctxr,textures/flatlist/ovr_stm/_win,sr18e_alp_ovl.bmp_472bed0a443e29c45de18a81421d2ee0.ctxr,sr18e_alp_ovl.bmp_472bed0a443e29c45de18a81421d2ee0,ctxr,1048736,ce6c5fed43abb2b8d3f0e272bd447ee335fcf633
textures/flatlist/ovr_stm/_win/sr18j_alp_ovl.bmp.ctxr,textures/flatlist/ovr_stm/_win,sr18j_alp_ovl.bmp.ctxr,sr18j_alp_ovl.bmp,ctxr,1048736,ddc079f5d6435bd6e97956fc1f379eece40ac3f8
textures/flatlist/ovr_stm/_win/sr19e_alp_ovl.bmp.ctxr,textures/flatlist/ovr_stm/_win,sr19e_alp_ovl.bmp.ctxr,sr19e_alp_ovl.bmp,ctxr,2097312,ddf9f1602cb4c1bfd223b983c0de01248a80f0a9
textures/flatlist/ovr_stm/_win/sr19j_alp_ovl.bmp.ctxr,textures/flatlist/ovr_stm/_win,sr19j_alp_ovl.bmp.ctxr,sr19j_alp_ovl.bmp,ctxr,2097312,132e539bd84a2dd53f2ccae274ae56334802c3ee
textures/flatlist/ovr_stm/_win/sr20e_alp_ovl.bmp.ctxr,textures/flatlist/ovr_stm/_win,sr20e_alp_ovl.bmp.ctxr,sr20e_alp_ovl.bmp,ctxr,1048736,7af0a65962cad46c188dbd0df1f0d7c1fa42420d
textures/flatlist/ovr_stm/_win/sr21e_alp_ovl.bmp.ctxr,textures/flatlist/ovr_stm/_win,sr21e_alp_ovl.bmp.ctxr,sr21e_alp_ovl.bmp,ctxr,1048736,9372b50f30ca63433f6d42a19560a14629d1bffe
textures/flatlist/ovr_stm/_win/sr22e_alp_ovl.bmp.ctxr,textures/flatlist/ovr_stm/_win,sr22e_alp_ovl.bmp.ctxr,sr22e_alp_ovl.bmp,ctxr,1048736,63ad87774de80827b2c4297b9ad4df06c23c4d6d
textures/flatlist/ovr_stm/_win/sr23e_alp_ovl.bmp.ctxr,textures/flatlist/ovr_stm/_win,sr23e_alp_ovl.bmp.ctxr,sr23e_alp_ovl.bmp,ctxr,1048736,487559e666cce0b3cabbbafb6caf9575c15197c9
textures/flatlist/ovr_stm/_win/sr24e_alp_ovl.bmp.ctxr,textures/flatlist/ovr_stm/_win,sr24e_alp_ovl.bmp.ctxr,sr24e_alp_ovl.bmp,ctxr,1048736,c3aef3a1008519829d9bbaf7399801d1e686b687
textures/flatlist/ovr_stm/_win/sr25e_alp_ovl.bmp.ctxr,textures/flatlist/ovr_stm/_win,sr25e_alp_ovl.bmp.ctxr,sr25e_alp_ovl.bmp,ctxr,1048736,4c3d8d952b3f2cfb1f669f2557b35aedbb45496e
textures/flatlist/ovr_stm/_win/stin_alp_ovl.bmp.ctxr,textures/flatlist/ovr_stm/_win,stin_alp_ovl.bmp.ctxr,stin_alp_ovl.bmp,ctxr,524448,29a7d3dc78d717684145d2214bc238b9c9079cf9
textures/flatlist/ovr_stm/_win/stun_alp_ovl.bmp.ctxr,textures/flatlist/ovr_stm/_win,stun_alp_ovl.bmp.ctxr,stun_alp_ovl.bmp,ctxr,524448,8ba502c50fc2fae03a842bc19b5b181c1d93a236
textures/flatlist/ovr_stm/_win/styp_alp_ovl.bmp.ctxr,textures/flatlist/ovr_stm/_win,styp_alp_ovl.bmp.ctxr,styp_alp_ovl.bmp,ctxr,524448,5c361c306abb0d2788fb3a8aec0298cda6af9319
textures/flatlist/ovr_stm/_win/tgl_alp_ovl.bmp.ctxr,textures/flatlist/ovr_stm/_win,tgl_alp_ovl.bmp.ctxr,tgl_alp_ovl.bmp,ctxr,524448,1739402275751341d3f37a0ed5c8cebd8c447549
textures/flatlist/ovr_stm/_win/title_logo_blue_alp_ovl.bmp.ctxr,textures/flatlist/ovr_stm/_win,title_logo_blue_alp_ovl.bmp.ctxr,title_logo_blue_alp_ovl.bmp,ctxr,4194464,320d3492b3b9e76e62f4a6aaaa9be62665784063
textures/flatlist/ovr_stm/_win/title_mgs2_alp_ovl.bmp.ctxr,textures/flatlist/ovr_stm/_win,title_mgs2_alp_ovl.bmp.ctxr,title_mgs2_alp_ovl.bmp,ctxr,5592896,f773ba331ce53f4b5ae6a8d6423d7cd86d872e50
textures/flatlist/ovr_stm/_win/usp_alp_ovl.bmp.ctxr,textures/flatlist/ovr_stm/_win,usp_alp_ovl.bmp.ctxr,usp_alp_ovl.bmp,ctxr,524448,d926a014fac1675783d9b900b7d48a0b99c691f9
textures/flatlist/ovr_stm/_win/usp_sp2_alp_ovl.bmp.ctxr,textures/flatlist/ovr_stm/_win,usp_sp2_alp_ovl.bmp.ctxr,usp_sp2_alp_ovl.bmp,ctxr,524448,2b82e738abd91b7baaca5b55b0c7d26eab6e4e7b
textures/flatlist/ovr_stm/_win/usp_sp_alp_ovl.bmp.ctxr,textures/flatlist/ovr_stm/_win,usp_sp_alp_ovl.bmp.ctxr,usp_sp_alp_ovl.bmp,ctxr,524448,2f591cbd3aee01e73b20af9199f625763265b019
textures/flatlist/ovr_stm/_win/wig1_alp_ovl.bmp.ctxr,textures/flatlist/ovr_stm/_win,wig1_alp_ovl.bmp.ctxr,wig1_alp_ovl.bmp,ctxr,524448,839d58cc7c979075b2e0f0aaac9205d3f091498a
textures/flatlist/ovr_stm/_win/wig2_alp_ovl.bmp.ctxr,textures/flatlist/ovr_stm/_win,wig2_alp_ovl.bmp.ctxr,wig2_alp_ovl.bmp,ctxr,524448,54305ca3922b3ad32de0a26327703bd806669898
textures/flatlist/ovr_stm/_win/wpb_alp_ovl.bmp.ctxr,textures/flatlist/ovr_stm/_win,wpb_alp_ovl.bmp.ctxr,wpb_alp_ovl.bmp,ctxr,524448,3b08b4084904a44541958d9546bf8057aa963331
