full_path,relative_path_to_file,filename_with_extension,file_stem,extension,filesize,sha1
logs/MGS2-Demastered-Substance-Edition_Game.log,logs,MGS2-Demastered-Substance-Edition_Game.log,MGS2-Demastered-Substance-Edition_Game,log,4375,3e8e842512940016fb3d360bc56964fd9929bb5a
logs/MGS2-Demastered-Substance-Edition_Launcher.log,logs,MGS2-Demastered-Substance-Edition_Launcher.log,MGS2-Demastered-Substance-Edition_Launcher,log,4375,3e8e842512940016fb3d360bc56964fd9929bb5a
plugins/MGS2-Demastered-Substance-Edition.asi,plugins,MGS2-Demastered-Substance-Edition.asi,MGS2-Demastered-Substance-Edition,asi,921600,2fdddf94750392bab1b7c4ec0632b9811fc1ce22
plugins/MGS2-Demastered-Substance-Edition.ini,plugins,MGS2-Demastered-Substance-Edition.ini,MGS2-Demastered-Substance-Edition,ini,367,89c13d2be088de084968a647d59b7be0e4547beb
textures/flatlist/ovr_stm/ovr_eu/_win/door_b00.bmp.ctxr,textures/flatlist/ovr_stm/ovr_eu/_win,door_b00.bmp.ctxr,door_b00.bmp,ctxr,87744,97a4e55e8864a23c29b294596aead1ca8e1bf286
textures/flatlist/ovr_stm/ovr_eu/_win/d_oil_ref_add_alp_ovl_mod1120.bmp.ctxr,textures/flatlist/ovr_stm/ovr_eu/_win,d_oil_ref_add_alp_ovl_mod1120.bmp.ctxr,d_oil_ref_add_alp_ovl_mod1120.bmp,ctxr,349920,6c206cc84a3b8e0a034f16862f19245514c264dc
textures/flatlist/ovr_stm/ovr_eu/_win/ghost_pos.bmp.ctxr,textures/flatlist/ovr_stm/ovr_eu/_win,ghost_pos.bmp.ctxr,ghost_pos.bmp,ctxr,349920,f3a69eec36262a0f3b0d15137bdfa485f9d800b6
textures/flatlist/ovr_stm/ovr_eu/_win/iro_boots.bmp.ctxr,textures/flatlist/ovr_stm/ovr_eu/_win,iro_boots.bmp.ctxr,iro_boots.bmp,ctxr,87744,18d13973f9605a10c4c2c8113ddff989d4f1ecf9
textures/flatlist/ovr_stm/ovr_eu/_win/iro_hair_base.bmp.ctxr,textures/flatlist/ovr_stm/ovr_eu/_win,iro_hair_base.bmp.ctxr,iro_hair_base.bmp,ctxr,175168,d937802a98645564d31ec93a6cf14f2cf36ca34b
textures/flatlist/ovr_stm/ovr_eu/_win/iro_hi_face.bmp.ctxr,textures/flatlist/ovr_stm/ovr_eu/_win,iro_hi_face.bmp.ctxr,iro_hi_face.bmp,ctxr,349952,3f81ecea63f033734aa9d4a8aeba185856e4747d
textures/flatlist/ovr_stm/ovr_eu/_win/iro_hi_face_bandage.bmp.ctxr,textures/flatlist/ovr_stm/ovr_eu/_win,iro_hi_face_bandage.bmp.ctxr,iro_hi_face_bandage.bmp,ctxr,349952,27cb6cb07ebc284cbe31bd2b73680029cff1ffe8
textures/flatlist/ovr_stm/ovr_eu/_win/iro_snawear.bmp.ctxr,textures/flatlist/ovr_stm/ovr_eu/_win,iro_snawear.bmp.ctxr,iro_snawear.bmp,ctxr,5760,9e0c8c9eb74b59e9882378c1ad0d79ebc555de9e
textures/flatlist/ovr_stm/ovr_eu/_win/m3l_gou_02msk.bmp.ctxr,textures/flatlist/ovr_stm/ovr_eu/_win,m3l_gou_02msk.bmp.ctxr,m3l_gou_02msk.bmp,ctxr,11264,15fba2c7820b7216db1ed62b9d62b127e95c793b
textures/flatlist/ovr_stm/ovr_eu/_win/megami.bmp.ctxr,textures/flatlist/ovr_stm/ovr_eu/_win,megami.bmp.ctxr,megami.bmp,ctxr,22176,a3906d5d8056a5dfc97fbb5a12a96dd94b150972
textures/flatlist/ovr_stm/ovr_eu/_win/n_oil_ref_add_alp_ovl_mod1120.bmp.ctxr,textures/flatlist/ovr_stm/ovr_eu/_win,n_oil_ref_add_alp_ovl_mod1120.bmp.ctxr,n_oil_ref_add_alp_ovl_mod1120.bmp,ctxr,349920,a6c5ab8255a0d3cbd4cd3dc0a1dea7d41b482157
textures/flatlist/ovr_stm/ovr_eu/_win/org_chest.bmp.ctxr,textures/flatlist/ovr_stm/ovr_eu/_win,org_chest.bmp.ctxr,org_chest.bmp,ctxr,175168,c3f3fc754f5a093ade765386671c832394038b1b
textures/flatlist/ovr_stm/ovr_eu/_win/police_pos.bmp.ctxr,textures/flatlist/ovr_stm/ovr_eu/_win,police_pos.bmp.ctxr,police_pos.bmp,ctxr,349920,b5ea684afa407610c90c789d447f72ac6ae771c5
textures/flatlist/ovr_stm/ovr_eu/_win/sel_bag2blood.bmp.ctxr,textures/flatlist/ovr_stm/ovr_eu/_win,sel_bag2blood.bmp.ctxr,sel_bag2blood.bmp,ctxr,22176,f6e784014e7fe7d6cb1e750373202f235445367a
textures/flatlist/ovr_stm/ovr_eu/_win/sel_boots.bmp.ctxr,textures/flatlist/ovr_stm/ovr_eu/_win,sel_boots.bmp.ctxr,sel_boots.bmp,ctxr,87744,b844a4d3cc71e3fa2c10a35db677256fc6e6c6dd
textures/flatlist/ovr_stm/ovr_eu/_win/sna_body_ss01dt.bmp.ctxr,textures/flatlist/ovr_stm/ovr_eu/_win,sna_body_ss01dt.bmp.ctxr,sna_body_ss01dt.bmp,ctxr,175168,17f800aed7cc60ccda622fa1a8591c318ed715b4
textures/flatlist/ovr_stm/ovr_eu/_win/sna_hair1_alp_ovl.bmp.ctxr,textures/flatlist/ovr_stm/ovr_eu/_win,sna_hair1_alp_ovl.bmp.ctxr,sna_hair1_alp_ovl.bmp,ctxr,175168,3915b9cc8c7071ab8f00433e9d60ea00cf1c3918
textures/flatlist/ovr_stm/ovr_eu/_win/sna_hi_face_shave.bmp.ctxr,textures/flatlist/ovr_stm/ovr_eu/_win,sna_hi_face_shave.bmp.ctxr,sna_hi_face_shave.bmp,ctxr,349952,77484d6e418b226161268c550e71806ade3ccbe3
textures/flatlist/ovr_stm/ovr_eu/_win/s_oil_ref_add_alp_ovl_mod1120.bmp.ctxr,textures/flatlist/ovr_stm/ovr_eu/_win,s_oil_ref_add_alp_ovl_mod1120.bmp.ctxr,s_oil_ref_add_alp_ovl_mod1120.bmp,ctxr,349920,5b19e0c5c9bd776e068d5050be4305a60a7dfcc4
textures/flatlist/ovr_stm/ovr_eu/_win/w00a_pol1.bmp.ctxr,textures/flatlist/ovr_stm/ovr_eu/_win,w00a_pol1.bmp.ctxr,w00a_pol1.bmp,ctxr,11264,5ad17f387e4e22c8a5e767ceb4f9175823ce09ba
textures/flatlist/ovr_stm/ovr_eu/_win/w01a0_box00.bmp.ctxr,textures/flatlist/ovr_stm/ovr_eu/_win,w01a0_box00.bmp.ctxr,w01a0_box00.bmp,ctxr,11264,63ebbd709402a3e07b5bdebc758de5de20e84647
textures/flatlist/ovr_stm/ovr_eu/_win/w01a0_box002.bmp.ctxr,textures/flatlist/ovr_stm/ovr_eu/_win,w01a0_box002.bmp.ctxr,w01a0_box002.bmp,ctxr,11264,d427cd2a2369e21d08efe3f3d367968930930c52
textures/flatlist/ovr_stm/ovr_eu/_win/w01a0_fl00_bld080_ovl.bmp.ctxr,textures/flatlist/ovr_stm/ovr_eu/_win,w01a0_fl00_bld080_ovl.bmp.ctxr,w01a0_fl00_bld080_ovl.bmp,ctxr,175168,0b8e32815753a18f510fab2e55e57b60736876e5
textures/flatlist/ovr_stm/ovr_eu/_win/w01a0_fl02_bld080_ovl.bmp.ctxr,textures/flatlist/ovr_stm/ovr_eu/_win,w01a0_fl02_bld080_ovl.bmp.ctxr,w01a0_fl02_bld080_ovl.bmp,ctxr,175168,d7e362770149fa59c440c4baff4046c32a01c68f
textures/flatlist/ovr_stm/ovr_eu/_win/w01b_wlp03_bld075_ovl.bmp.ctxr,textures/flatlist/ovr_stm/ovr_eu/_win,w01b_wlp03_bld075_ovl.bmp.ctxr,w01b_wlp03_bld075_ovl.bmp,ctxr,22176,3f93f37542bc3a3c23424affe5b81ffed122aa8a
textures/flatlist/ovr_stm/ovr_eu/_win/w01c_flp00_bld095_ovl.bmp.ctxr,textures/flatlist/ovr_stm/ovr_eu/_win,w01c_flp00_bld095_ovl.bmp.ctxr,w01c_flp00_bld095_ovl.bmp,ctxr,22208,758dffe45c15ec9296955e32f899307cb9f551cc
textures/flatlist/ovr_stm/ovr_eu/_win/w03a_pp02.bmp_09b1a01b9996f568e8ca8e878bee4475.ctxr,textures/flatlist/ovr_stm/ovr_eu/_win,w03a_pp02.bmp_09b1a01b9996f568e8ca8e878bee4475.ctxr,w03a_pp02.bmp_09b1a01b9996f568e8ca8e878bee4475,ctxr,87776,1f8dd51f54f9e6b307c8669b2a15dc7ea1110bfa
textures/flatlist/ovr_stm/ovr_eu/_win/w11a2_closed_shatter.bmp.ctxr,textures/flatlist/ovr_stm/ovr_eu/_win,w11a2_closed_shatter.bmp.ctxr,w11a2_closed_shatter.bmp,ctxr,175168,a46e86ce146286ef32ff06ae335c32c8b5b7b142
textures/flatlist/ovr_stm/ovr_eu/_win/w11_drum_f1.bmp.ctxr,textures/flatlist/ovr_stm/ovr_eu/_win,w11_drum_f1.bmp.ctxr,w11_drum_f1.bmp,ctxr,44064,a4202927e1e29c528a8578e166dc6a10088ea8a9
textures/flatlist/ovr_stm/ovr_eu/_win/w24a_flag_usa.bmp.ctxr,textures/flatlist/ovr_stm/ovr_eu/_win,w24a_flag_usa.bmp.ctxr,w24a_flag_usa.bmp,ctxr,87744,0b23542d5883788e487cdcce5dd09192a2a1e789
textures/flatlist/ovr_stm/ovr_eu/_win/w24c1_rev_disp_01.bmp.ctxr,textures/flatlist/ovr_stm/ovr_eu/_win,w24c1_rev_disp_01.bmp.ctxr,w24c1_rev_disp_01.bmp,ctxr,87744,8cfb22919cdb3ce976ee718fe61411365afbf90a
textures/flatlist/ovr_stm/ovr_eu/_win/w32a_asi00.bmp.ctxr,textures/flatlist/ovr_stm/ovr_eu/_win,w32a_asi00.bmp.ctxr,w32a_asi00.bmp,ctxr,175168,e86b78c0aabac1ac55d157f73d1db9c09cab5293
textures/flatlist/ovr_stm/ovr_eu/_win/w43a_wall_right_08_alp_ovl.bmp.ctxr,textures/flatlist/ovr_stm/ovr_eu/_win,w43a_wall_right_08_alp_ovl.bmp.ctxr,w43a_wall_right_08_alp_ovl.bmp,ctxr,87744,01c02288555d35a4362ac3a9b2b7bd2d3e30a852
textures/flatlist/ovr_stm/ovr_eu/_win/zoe_pos_n.bmp.ctxr,textures/flatlist/ovr_stm/ovr_eu/_win,zoe_pos_n.bmp.ctxr,zoe_pos_n.bmp,ctxr,349920,cba18d4860ce087ae0f07f5d73e0a9e68a00029d
textures/flatlist/ovr_stm/ovr_jp/_win/door_b00.bmp.ctxr,textures/flatlist/ovr_stm/ovr_jp/_win,door_b00.bmp.ctxr,door_b00.bmp,ctxr,87744,97a4e55e8864a23c29b294596aead1ca8e1bf286
textures/flatlist/ovr_stm/ovr_jp/_win/d_oil_ref_add_alp_ovl_mod1120.bmp.ctxr,textures/flatlist/ovr_stm/ovr_jp/_win,d_oil_ref_add_alp_ovl_mod1120.bmp.ctxr,d_oil_ref_add_alp_ovl_mod1120.bmp,ctxr,349920,6c206cc84a3b8e0a034f16862f19245514c264dc
textures/flatlist/ovr_stm/ovr_jp/_win/ghost_pos.bmp.ctxr,textures/flatlist/ovr_stm/ovr_jp/_win,ghost_pos.bmp.ctxr,ghost_pos.bmp,ctxr,349920,f3a69eec36262a0f3b0d15137bdfa485f9d800b6
textures/flatlist/ovr_stm/ovr_jp/_win/iro_boots.bmp.ctxr,textures/flatlist/ovr_stm/ovr_jp/_win,iro_boots.bmp.ctxr,iro_boots.bmp,ctxr,87744,18d13973f9605a10c4c2c8113ddff989d4f1ecf9
textures/flatlist/ovr_stm/ovr_jp/_win/iro_hair_base.bmp.ctxr,textures/flatlist/ovr_stm/ovr_jp/_win,iro_hair_base.bmp.ctxr,iro_hair_base.bmp,ctxr,175168,d937802a98645564d31ec93a6cf14f2cf36ca34b
textures/flatlist/ovr_stm/ovr_jp/_win/iro_hi_face.bmp.ctxr,textures/flatlist/ovr_stm/ovr_jp/_win,iro_hi_face.bmp.ctxr,iro_hi_face.bmp,ctxr,349952,3f81ecea63f033734aa9d4a8aeba185856e4747d
textures/flatlist/ovr_stm/ovr_jp/_win/iro_hi_face_bandage.bmp.ctxr,textures/flatlist/ovr_stm/ovr_jp/_win,iro_hi_face_bandage.bmp.ctxr,iro_hi_face_bandage.bmp,ctxr,349952,27cb6cb07ebc284cbe31bd2b73680029cff1ffe8
textures/flatlist/ovr_stm/ovr_jp/_win/iro_snawear.bmp.ctxr,textures/flatlist/ovr_stm/ovr_jp/_win,iro_snawear.bmp.ctxr,iro_snawear.bmp,ctxr,5760,9e0c8c9eb74b59e9882378c1ad0d79ebc555de9e
textures/flatlist/ovr_stm/ovr_jp/_win/m3l_gou_02msk.bmp.ctxr,textures/flatlist/ovr_stm/ovr_jp/_win,m3l_gou_02msk.bmp.ctxr,m3l_gou_02msk.bmp,ctxr,11264,15fba2c7820b7216db1ed62b9d62b127e95c793b
textures/flatlist/ovr_stm/ovr_jp/_win/megami.bmp.ctxr,textures/flatlist/ovr_stm/ovr_jp/_win,megami.bmp.ctxr,megami.bmp,ctxr,22176,a3906d5d8056a5dfc97fbb5a12a96dd94b150972
textures/flatlist/ovr_stm/ovr_jp/_win/n_oil_ref_add_alp_ovl_mod1120.bmp.ctxr,textures/flatlist/ovr_stm/ovr_jp/_win,n_oil_ref_add_alp_ovl_mod1120.bmp.ctxr,n_oil_ref_add_alp_ovl_mod1120.bmp,ctxr,349920,a6c5ab8255a0d3cbd4cd3dc0a1dea7d41b482157
textures/flatlist/ovr_stm/ovr_jp/_win/org_chest.bmp.ctxr,textures/flatlist/ovr_stm/ovr_jp/_win,org_chest.bmp.ctxr,org_chest.bmp,ctxr,175168,c3f3fc754f5a093ade765386671c832394038b1b
textures/flatlist/ovr_stm/ovr_jp/_win/police_pos.bmp.ctxr,textures/flatlist/ovr_stm/ovr_jp/_win,police_pos.bmp.ctxr,police_pos.bmp,ctxr,349920,b5ea684afa407610c90c789d447f72ac6ae771c5
textures/flatlist/ovr_stm/ovr_jp/_win/sel_bag2blood.bmp.ctxr,textures/flatlist/ovr_stm/ovr_jp/_win,sel_bag2blood.bmp.ctxr,sel_bag2blood.bmp,ctxr,22176,f6e784014e7fe7d6cb1e750373202f235445367a
textures/flatlist/ovr_stm/ovr_jp/_win/sel_boots.bmp.ctxr,textures/flatlist/ovr_stm/ovr_jp/_win,sel_boots.bmp.ctxr,sel_boots.bmp,ctxr,87744,b844a4d3cc71e3fa2c10a35db677256fc6e6c6dd
textures/flatlist/ovr_stm/ovr_jp/_win/sna_body_ss01dt.bmp.ctxr,textures/flatlist/ovr_stm/ovr_jp/_win,sna_body_ss01dt.bmp.ctxr,sna_body_ss01dt.bmp,ctxr,175168,17f800aed7cc60ccda622fa1a8591c318ed715b4
textures/flatlist/ovr_stm/ovr_jp/_win/sna_hair1_alp_ovl.bmp.ctxr,textures/flatlist/ovr_stm/ovr_jp/_win,sna_hair1_alp_ovl.bmp.ctxr,sna_hair1_alp_ovl.bmp,ctxr,175168,3915b9cc8c7071ab8f00433e9d60ea00cf1c3918
textures/flatlist/ovr_stm/ovr_jp/_win/sna_hi_face_shave.bmp.ctxr,textures/flatlist/ovr_stm/ovr_jp/_win,sna_hi_face_shave.bmp.ctxr,sna_hi_face_shave.bmp,ctxr,349952,77484d6e418b226161268c550e71806ade3ccbe3
textures/flatlist/ovr_stm/ovr_jp/_win/s_oil_ref_add_alp_ovl_mod1120.bmp.ctxr,textures/flatlist/ovr_stm/ovr_jp/_win,s_oil_ref_add_alp_ovl_mod1120.bmp.ctxr,s_oil_ref_add_alp_ovl_mod1120.bmp,ctxr,349920,5b19e0c5c9bd776e068d5050be4305a60a7dfcc4
textures/flatlist/ovr_stm/ovr_jp/_win/w00a_pol1.bmp.ctxr,textures/flatlist/ovr_stm/ovr_jp/_win,w00a_pol1.bmp.ctxr,w00a_pol1.bmp,ctxr,11264,5ad17f387e4e22c8a5e767ceb4f9175823ce09ba
textures/flatlist/ovr_stm/ovr_jp/_win/w01a0_box00.bmp.ctxr,textures/flatlist/ovr_stm/ovr_jp/_win,w01a0_box00.bmp.ctxr,w01a0_box00.bmp,ctxr,11264,63ebbd709402a3e07b5bdebc758de5de20e84647
textures/flatlist/ovr_stm/ovr_jp/_win/w01a0_box002.bmp.ctxr,textures/flatlist/ovr_stm/ovr_jp/_win,w01a0_box002.bmp.ctxr,w01a0_box002.bmp,ctxr,11264,d427cd2a2369e21d08efe3f3d367968930930c52
textures/flatlist/ovr_stm/ovr_jp/_win/w01a0_fl00_bld080_ovl.bmp.ctxr,textures/flatlist/ovr_stm/ovr_jp/_win,w01a0_fl00_bld080_ovl.bmp.ctxr,w01a0_fl00_bld080_ovl.bmp,ctxr,175168,0b8e32815753a18f510fab2e55e57b60736876e5
textures/flatlist/ovr_stm/ovr_jp/_win/w01a0_fl02_bld080_ovl.bmp.ctxr,textures/flatlist/ovr_stm/ovr_jp/_win,w01a0_fl02_bld080_ovl.bmp.ctxr,w01a0_fl02_bld080_ovl.bmp,ctxr,175168,d7e362770149fa59c440c4baff4046c32a01c68f
textures/flatlist/ovr_stm/ovr_jp/_win/w01b_wlp03_bld075_ovl.bmp.ctxr,textures/flatlist/ovr_stm/ovr_jp/_win,w01b_wlp03_bld075_ovl.bmp.ctxr,w01b_wlp03_bld075_ovl.bmp,ctxr,22176,3f93f37542bc3a3c23424affe5b81ffed122aa8a
textures/flatlist/ovr_stm/ovr_jp/_win/w01c_flp00_bld095_ovl.bmp.ctxr,textures/flatlist/ovr_stm/ovr_jp/_win,w01c_flp00_bld095_ovl.bmp.ctxr,w01c_flp00_bld095_ovl.bmp,ctxr,22208,758dffe45c15ec9296955e32f899307cb9f551cc
textures/flatlist/ovr_stm/ovr_jp/_win/w03a_pp02.bmp_09b1a01b9996f568e8ca8e878bee4475.ctxr,textures/flatlist/ovr_stm/ovr_jp/_win,w03a_pp02.bmp_09b1a01b9996f568e8ca8e878bee4475.ctxr,w03a_pp02.bmp_09b1a01b9996f568e8ca8e878bee4475,ctxr,87776,1f8dd51f54f9e6b307c8669b2a15dc7ea1110bfa
textures/flatlist/ovr_stm/ovr_jp/_win/w11a2_closed_shatter.bmp.ctxr,textures/flatlist/ovr_stm/ovr_jp/_win,w11a2_closed_shatter.bmp.ctxr,w11a2_closed_shatter.bmp,ctxr,175168,a46e86ce146286ef32ff06ae335c32c8b5b7b142
textures/flatlist/ovr_stm/ovr_jp/_win/w11_drum_f1.bmp.ctxr,textures/flatlist/ovr_stm/ovr_jp/_win,w11_drum_f1.bmp.ctxr,w11_drum_f1.bmp,ctxr,44064,a4202927e1e29c528a8578e166dc6a10088ea8a9
textures/flatlist/ovr_stm/ovr_jp/_win/w24a_flag_usa.bmp.ctxr,textures/flatlist/ovr_stm/ovr_jp/_win,w24a_flag_usa.bmp.ctxr,w24a_flag_usa.bmp,ctxr,87744,0b23542d5883788e487cdcce5dd09192a2a1e789
textures/flatlist/ovr_stm/ovr_jp/_win/w24c1_rev_disp_01.bmp.ctxr,textures/flatlist/ovr_stm/ovr_jp/_win,w24c1_rev_disp_01.bmp.ctxr,w24c1_rev_disp_01.bmp,ctxr,87744,8cfb22919cdb3ce976ee718fe61411365afbf90a
textures/flatlist/ovr_stm/ovr_jp/_win/w32a_asi00.bmp.ctxr,textures/flatlist/ovr_stm/ovr_jp/_win,w32a_asi00.bmp.ctxr,w32a_asi00.bmp,ctxr,175168,e86b78c0aabac1ac55d157f73d1db9c09cab5293
textures/flatlist/ovr_stm/ovr_jp/_win/w43a_wall_right_08_alp_ovl.bmp.ctxr,textures/flatlist/ovr_stm/ovr_jp/_win,w43a_wall_right_08_alp_ovl.bmp.ctxr,w43a_wall_right_08_alp_ovl.bmp,ctxr,87744,01c02288555d35a4362ac3a9b2b7bd2d3e30a852
textures/flatlist/ovr_stm/ovr_jp/_win/zoe_pos_n.bmp.ctxr,textures/flatlist/ovr_stm/ovr_jp/_win,zoe_pos_n.bmp.ctxr,zoe_pos_n.bmp,ctxr,349920,cba18d4860ce087ae0f07f5d73e0a9e68a00029d
textures/flatlist/ovr_stm/_win/000062b9.ctxr,textures/flatlist/ovr_stm/_win,000062b9.ctxr,000062b9,ctxr,5760,f0659af442c5dce21b4a2e9c7db575ea095b63ad
textures/flatlist/ovr_stm/_win/00006739.ctxr,textures/flatlist/ovr_stm/_win,00006739.ctxr,00006739,ctxr,5760,64ca4301d002cd690961fc1806453e98b7fbe6a3
textures/flatlist/ovr_stm/_win/0016cb7f.ctxr,textures/flatlist/ovr_stm/_win,0016cb7f.ctxr,0016cb7f,ctxr,349920,f1c3d79e2d704468200f71cdc057d9f8cbd961be
textures/flatlist/ovr_stm/_win/00180189.ctxr,textures/flatlist/ovr_stm/_win,00180189.ctxr,00180189,ctxr,5760,40336077aa4f799d6cfd0de070bf799cca44989d
textures/flatlist/ovr_stm/_win/003f0404.ctxr,textures/flatlist/ovr_stm/_win,003f0404.ctxr,003f0404,ctxr,349920,b4cb4a89c3568f1517f44652007f0c69deef33a5
textures/flatlist/ovr_stm/_win/004b2a01.ctxr,textures/flatlist/ovr_stm/_win,004b2a01.ctxr,004b2a01,ctxr,349920,2275d0a4b293afe72cb12b74fd6aa33d514d1919
textures/flatlist/ovr_stm/_win/0050bfc5.ctxr,textures/flatlist/ovr_stm/_win,0050bfc5.ctxr,0050bfc5,ctxr,22176,8ab7afd22ea62a16aa54d3ed89edb7d52f4885b8
textures/flatlist/ovr_stm/_win/0055b270.ctxr,textures/flatlist/ovr_stm/_win,0055b270.ctxr,0055b270,ctxr,5760,5dbe7fc4263fd4357524468e4e2f4561262e2b35
textures/flatlist/ovr_stm/_win/006262b9.ctxr,textures/flatlist/ovr_stm/_win,006262b9.ctxr,006262b9,ctxr,22176,0fc3a374cddd45efbec0e93b091770f934e55c3e
textures/flatlist/ovr_stm/_win/00626739.ctxr,textures/flatlist/ovr_stm/_win,00626739.ctxr,00626739,ctxr,22176,7eca10e5cfba772622d298c064afb59176fff3b4
textures/flatlist/ovr_stm/_win/007a0189.ctxr,textures/flatlist/ovr_stm/_win,007a0189.ctxr,007a0189,ctxr,22176,63c4ec40bbc92ab54606268aa49115fa24554f20
textures/flatlist/ovr_stm/_win/009720e7.ctxr,textures/flatlist/ovr_stm/_win,009720e7.ctxr,009720e7,ctxr,87744,5f06c490035e63d0c064f25e58027d7cb06ac2c5
textures/flatlist/ovr_stm/_win/00b7b270.ctxr,textures/flatlist/ovr_stm/_win,00b7b270.ctxr,00b7b270,ctxr,22176,189a67dbe26f829c7ae93237c740030b044bfb8a
textures/flatlist/ovr_stm/_win/00b8cb7a.ctxr,textures/flatlist/ovr_stm/_win,00b8cb7a.ctxr,00b8cb7a,ctxr,87744,46b73233f11e3cd5805fbde4543d6d464d00fb26
textures/flatlist/ovr_stm/_win/00e103ff.ctxr,textures/flatlist/ovr_stm/_win,00e103ff.ctxr,00e103ff,ctxr,87744,1ae7bd1dfff52a88e0be59003b4bb197491b9794
textures/flatlist/ovr_stm/_win/00ed29fc.ctxr,textures/flatlist/ovr_stm/_win,00ed29fc.ctxr,00ed29fc,ctxr,87744,19827892991b699c0980923c257ee73a3fc8f5ff
textures/flatlist/ovr_stm/_win/00edb9fc.ctxr,textures/flatlist/ovr_stm/_win,00edb9fc.ctxr,00edb9fc,ctxr,87744,d70ae931433eb5ae39ccc15f9a900b420ea86534
textures/flatlist/ovr_stm/_win/00eebfc4.ctxr,textures/flatlist/ovr_stm/_win,00eebfc4.ctxr,00eebfc4,ctxr,5760,1a1abbe385e21fa8c3f4566b8ce344a358050409
textures/flatlist/ovr_stm/_win/00f520eb.ctxr,textures/flatlist/ovr_stm/_win,00f520eb.ctxr,00f520eb,ctxr,349920,a464441c5956252831cf6c35ebe75f5c0f8f2f74
textures/flatlist/ovr_stm/_win/0wall1mi.bmp.ctxr,textures/flatlist/ovr_stm/_win,0wall1mi.bmp.ctxr,0wall1mi.bmp,ctxr,44096,fe666be8b81242196211ea767e52269a7b13f09d
textures/flatlist/ovr_stm/_win/0wall1mi2.bmp.ctxr,textures/flatlist/ovr_stm/_win,0wall1mi2.bmp.ctxr,0wall1mi2.bmp,ctxr,11264,adf05a0197e600cc4136b21a8c68ab3a4aa7893b
textures/flatlist/ovr_stm/_win/0wall1sita.bmp.ctxr,textures/flatlist/ovr_stm/_win,0wall1sita.bmp.ctxr,0wall1sita.bmp,ctxr,44064,8403131df052d4abc3e4211d5b27c32a7f320f5e
textures/flatlist/ovr_stm/_win/0wall1_2.bmp.ctxr,textures/flatlist/ovr_stm/_win,0wall1_2.bmp.ctxr,0wall1_2.bmp,ctxr,87744,5ac7e82de4ba4c972656257e0935445926836152
textures/flatlist/ovr_stm/_win/0wall1_60s.bmp.ctxr,textures/flatlist/ovr_stm/_win,0wall1_60s.bmp.ctxr,0wall1_60s.bmp,ctxr,44096,84704e3545d9746b1a63f4ce9be89f91733ec13c
textures/flatlist/ovr_stm/_win/1wallu2.bmp.ctxr,textures/flatlist/ovr_stm/_win,1wallu2.bmp.ctxr,1wallu2.bmp,ctxr,175168,9c97632b621b4249c7ad63037b79f254196668ae
textures/flatlist/ovr_stm/_win/1wallu3.bmp.ctxr,textures/flatlist/ovr_stm/_win,1wallu3.bmp.ctxr,1wallu3.bmp,ctxr,175168,14791c07467dae772e98ba86fb7cb154f1f79944
textures/flatlist/ovr_stm/_win/1wallu4.bmp.ctxr,textures/flatlist/ovr_stm/_win,1wallu4.bmp.ctxr,1wallu4.bmp,ctxr,87776,94e8e3cbcd7b1cdbbdd3b9b1ef522398ac32f674
textures/flatlist/ovr_stm/_win/1wallup.bmp.ctxr,textures/flatlist/ovr_stm/_win,1wallup.bmp.ctxr,1wallup.bmp,ctxr,349920,b5a2502c456c2bf596880f75b06fece1e4517c35
textures/flatlist/ovr_stm/_win/a24d2_pane03_alp.bmp.ctxr,textures/flatlist/ovr_stm/_win,a24d2_pane03_alp.bmp.ctxr,a24d2_pane03_alp.bmp,ctxr,349920,902496ecc7cb7f8e00e34c7d807274d77930f1b8
textures/flatlist/ovr_stm/_win/a24d2_pane04_alp.bmp.ctxr,textures/flatlist/ovr_stm/_win,a24d2_pane04_alp.bmp.ctxr,a24d2_pane04_alp.bmp,ctxr,349920,a9b798efa8d801ec33b4a36a678992d0c55e95cf
textures/flatlist/ovr_stm/_win/ag_rouka_ent.bmp.ctxr,textures/flatlist/ovr_stm/_win,ag_rouka_ent.bmp.ctxr,ag_rouka_ent.bmp,ctxr,175168,dc0ac363391d493e39dec89da640cc1359f43cf3
textures/flatlist/ovr_stm/_win/ag_rouka_floor_01.bmp.ctxr,textures/flatlist/ovr_stm/_win,ag_rouka_floor_01.bmp.ctxr,ag_rouka_floor_01.bmp,ctxr,175168,b19fec4ff62e4dcb2c8cc8328939c8482e3303af
textures/flatlist/ovr_stm/_win/ag_rouka_floor_02.bmp.ctxr,textures/flatlist/ovr_stm/_win,ag_rouka_floor_02.bmp.ctxr,ag_rouka_floor_02.bmp,ctxr,175168,85f9e80a38aaf0ee42955cf7d6f1b68c1a1bc37a
textures/flatlist/ovr_stm/_win/ag_rouka_wall_01.bmp.ctxr,textures/flatlist/ovr_stm/_win,ag_rouka_wall_01.bmp.ctxr,ag_rouka_wall_01.bmp,ctxr,175168,89ef9cba79727c25b6f5cb23daacc448058ffe78
textures/flatlist/ovr_stm/_win/ag_rouka_wall_02.bmp.ctxr,textures/flatlist/ovr_stm/_win,ag_rouka_wall_02.bmp.ctxr,ag_rouka_wall_02.bmp,ctxr,349920,96e39b79663716e0e97e2f341c6e7adc4ad2623a
textures/flatlist/ovr_stm/_win/ag_rouka_wall_03.bmp.ctxr,textures/flatlist/ovr_stm/_win,ag_rouka_wall_03.bmp.ctxr,ag_rouka_wall_03.bmp,ctxr,175168,b1359f72dfa65dfcb47bd4e040a4421eb69899d7
textures/flatlist/ovr_stm/_win/aks_demo_amo.bmp.ctxr,textures/flatlist/ovr_stm/_win,aks_demo_amo.bmp.ctxr,aks_demo_amo.bmp,ctxr,5760,59c13af8ee5fb9f4e73d28ba4c9f1415eef0cd7a
textures/flatlist/ovr_stm/_win/aks_jyuukou.bmp.ctxr,textures/flatlist/ovr_stm/_win,aks_jyuukou.bmp.ctxr,aks_jyuukou.bmp,ctxr,5760,ecf48dbe9db70411194ddcd09f58b9c1fb2e0080
textures/flatlist/ovr_stm/_win/aks_sb_s.bmp.ctxr,textures/flatlist/ovr_stm/_win,aks_sb_s.bmp.ctxr,aks_sb_s.bmp,ctxr,44064,f959216fa9e23013117decf2b902b05446ceb798
textures/flatlist/ovr_stm/_win/aks_sb_s.bmp_73f39fdb33d46a0ad4126ed3d411da41.ctxr,textures/flatlist/ovr_stm/_win,aks_sb_s.bmp_73f39fdb33d46a0ad4126ed3d411da41.ctxr,aks_sb_s.bmp_73f39fdb33d46a0ad4126ed3d411da41,ctxr,44064,14615f7ac379f583be09c95759a4597c7a0759bd
textures/flatlist/ovr_stm/_win/aks_selecter.bmp.ctxr,textures/flatlist/ovr_stm/_win,aks_selecter.bmp.ctxr,aks_selecter.bmp,ctxr,5792,24d8ff34e3efa028abc09380f7efe9c5a1bf831f
textures/flatlist/ovr_stm/_win/amg_main1.bmp.ctxr,textures/flatlist/ovr_stm/_win,amg_main1.bmp.ctxr,amg_main1.bmp,ctxr,1398528,080db4a33b34dfc6ebe5a4077bb9ea82a67958e5
textures/flatlist/ovr_stm/_win/amg_mizo1_bright.bmp.ctxr,textures/flatlist/ovr_stm/_win,amg_mizo1_bright.bmp.ctxr,amg_mizo1_bright.bmp,ctxr,44096,66541617b588a131ad30c06ab0434471fda34138
textures/flatlist/ovr_stm/_win/bood.bmp.ctxr,textures/flatlist/ovr_stm/_win,bood.bmp.ctxr,bood.bmp,ctxr,44064,17c8d0059405566607ecd552b37183b8df39a928
textures/flatlist/ovr_stm/_win/bood2.bmp.ctxr,textures/flatlist/ovr_stm/_win,bood2.bmp.ctxr,bood2.bmp,ctxr,87744,0878996142296e9dcff5416f096348a2794b64e6
textures/flatlist/ovr_stm/_win/box_10.bmp.ctxr,textures/flatlist/ovr_stm/_win,box_10.bmp.ctxr,box_10.bmp,ctxr,22176,70c931df9e3380239287eb631fe434dc35f0980d
textures/flatlist/ovr_stm/_win/box_11.bmp.ctxr,textures/flatlist/ovr_stm/_win,box_11.bmp.ctxr,box_11.bmp,ctxr,11264,afa199c3cf3534da192896d925a1c5304cdb02ab
textures/flatlist/ovr_stm/_win/box_16.bmp.ctxr,textures/flatlist/ovr_stm/_win,box_16.bmp.ctxr,box_16.bmp,ctxr,22176,ee64935ed9894683507997c6ff1cab43be04dfe6
textures/flatlist/ovr_stm/_win/box_s_02_side02.bmp.ctxr,textures/flatlist/ovr_stm/_win,box_s_02_side02.bmp.ctxr,box_s_02_side02.bmp,ctxr,5792,d6003310cf893574026baf907379d3f250b213c6
textures/flatlist/ovr_stm/_win/box_s_02_top.bmp.ctxr,textures/flatlist/ovr_stm/_win,box_s_02_top.bmp.ctxr,box_s_02_top.bmp,ctxr,11264,4137d7c5ed3cedd19aa0e67c9710361cbace51ab
textures/flatlist/ovr_stm/_win/box_s_05_side.bmp.ctxr,textures/flatlist/ovr_stm/_win,box_s_05_side.bmp.ctxr,box_s_05_side.bmp,ctxr,5792,9b5aca2b3d170e356e6ea175eb29048f31331cf4
textures/flatlist/ovr_stm/_win/box_s_05_top.bmp.ctxr,textures/flatlist/ovr_stm/_win,box_s_05_top.bmp.ctxr,box_s_05_top.bmp,ctxr,11264,73b54b98fdf47f05f104ad840f0aa77a312468e4
textures/flatlist/ovr_stm/_win/box_s_07_back.bmp.ctxr,textures/flatlist/ovr_stm/_win,box_s_07_back.bmp.ctxr,box_s_07_back.bmp,ctxr,3040,4e532e25e729bfa11bbd574b7a07378735cb84ef
textures/flatlist/ovr_stm/_win/box_s_07_side.bmp.ctxr,textures/flatlist/ovr_stm/_win,box_s_07_side.bmp.ctxr,box_s_07_side.bmp,ctxr,3040,ba052a852cb26edd4bb8daca3229938f7522bff3
textures/flatlist/ovr_stm/_win/box_s_07_top.bmp.ctxr,textures/flatlist/ovr_stm/_win,box_s_07_top.bmp.ctxr,box_s_07_top.bmp,ctxr,5760,d4c84bc81e84b9bda2587f8845cd3251be50e24d
textures/flatlist/ovr_stm/_win/bsn_a.bmp.ctxr,textures/flatlist/ovr_stm/_win,bsn_a.bmp.ctxr,bsn_a.bmp,ctxr,44064,b0d9930d0a74482f8ee1e6fcd90ddbf62b008741
textures/flatlist/ovr_stm/_win/c4_a_hontai_10.bmp.ctxr,textures/flatlist/ovr_stm/_win,c4_a_hontai_10.bmp.ctxr,c4_a_hontai_10.bmp,ctxr,87744,23fcb5fc12f2695e4ca355a345ea3de3db2bc155
textures/flatlist/ovr_stm/_win/cap_arm.bmp.ctxr,textures/flatlist/ovr_stm/_win,cap_arm.bmp.ctxr,cap_arm.bmp,ctxr,44064,fd3ba4813fb5b895297303d7a894b880664bfefe
textures/flatlist/ovr_stm/_win/cap_arm_l_blood.bmp.ctxr,textures/flatlist/ovr_stm/_win,cap_arm_l_blood.bmp.ctxr,cap_arm_l_blood.bmp,ctxr,44064,5d545a29c44da7864c1da6f9c80729b4fb94fbb1
textures/flatlist/ovr_stm/_win/cap_arm_r_blood.bmp.ctxr,textures/flatlist/ovr_stm/_win,cap_arm_r_blood.bmp.ctxr,cap_arm_r_blood.bmp,ctxr,44064,383904566418554a2881ac3b4448634a370bfa13
textures/flatlist/ovr_stm/_win/cap_arm_wrist.bmp.ctxr,textures/flatlist/ovr_stm/_win,cap_arm_wrist.bmp.ctxr,cap_arm_wrist.bmp,ctxr,22176,cfb8c76362f548168f0b440b14c96f5e691ffa1d
textures/flatlist/ovr_stm/_win/cap_body.bmp.ctxr,textures/flatlist/ovr_stm/_win,cap_body.bmp.ctxr,cap_body.bmp,ctxr,175168,97ace4170a9219f4fb81bd425d33f1e6db7388c7
textures/flatlist/ovr_stm/_win/cap_body_blood.bmp.ctxr,textures/flatlist/ovr_stm/_win,cap_body_blood.bmp.ctxr,cap_body_blood.bmp,ctxr,175168,a587ccc126df965ea0e7d8e39722f695fed79e5a
textures/flatlist/ovr_stm/_win/cap_face.bmp.ctxr,textures/flatlist/ovr_stm/_win,cap_face.bmp.ctxr,cap_face.bmp,ctxr,44064,66305b5c11258437d5ad7e05ba20b18e38379cbb
textures/flatlist/ovr_stm/_win/cap_face_blood.bmp.ctxr,textures/flatlist/ovr_stm/_win,cap_face_blood.bmp.ctxr,cap_face_blood.bmp,ctxr,175168,67769a01b67a86550d095d823e64c64d2a2cf42a
textures/flatlist/ovr_stm/_win/cap_hair.bmp.ctxr,textures/flatlist/ovr_stm/_win,cap_hair.bmp.ctxr,cap_hair.bmp,ctxr,87744,32615db9126e43e6961768b3fbc589e2dae2218e
textures/flatlist/ovr_stm/_win/cap_hair_blood.bmp.ctxr,textures/flatlist/ovr_stm/_win,cap_hair_blood.bmp.ctxr,cap_hair_blood.bmp,ctxr,87744,c7816b197719007f6921547710c0a13b7d4da0ea
textures/flatlist/ovr_stm/_win/cap_handcuff.bmp.ctxr,textures/flatlist/ovr_stm/_win,cap_handcuff.bmp.ctxr,cap_handcuff.bmp,ctxr,5760,7f1428306161f71232fe6e638ced80ccf1f40a12
textures/flatlist/ovr_stm/_win/cap_insignia.bmp.ctxr,textures/flatlist/ovr_stm/_win,cap_insignia.bmp.ctxr,cap_insignia.bmp,ctxr,22176,0e7f94bdc24435edaa6857e64bb903ea716a821c
textures/flatlist/ovr_stm/_win/cap_insignia.bmp_430f42a59d786b5f3a33625879eca072.ctxr,textures/flatlist/ovr_stm/_win,cap_insignia.bmp_430f42a59d786b5f3a33625879eca072.ctxr,cap_insignia.bmp_430f42a59d786b5f3a33625879eca072,ctxr,22176,92355d8e6a6d02a2592c430438de5e5afa4ce123
textures/flatlist/ovr_stm/_win/cap_leg.bmp.ctxr,textures/flatlist/ovr_stm/_win,cap_leg.bmp.ctxr,cap_leg.bmp,ctxr,87744,e11039d3f66f69d79f32645e3d46704f4e94f01e
textures/flatlist/ovr_stm/_win/cap_leg_blood.bmp.ctxr,textures/flatlist/ovr_stm/_win,cap_leg_blood.bmp.ctxr,cap_leg_blood.bmp,ctxr,87744,960204057bdfafa2a26389daa5c0750562e4b189
textures/flatlist/ovr_stm/_win/cap_shoe.bmp.ctxr,textures/flatlist/ovr_stm/_win,cap_shoe.bmp.ctxr,cap_shoe.bmp,ctxr,44064,04ed6b5b9be455a2896181ce942e3a95b7d74c31
textures/flatlist/ovr_stm/_win/cap_shoe.bmp_419c9cebb9385f6a2d7aefeb9bb59d8f.ctxr,textures/flatlist/ovr_stm/_win,cap_shoe.bmp_419c9cebb9385f6a2d7aefeb9bb59d8f.ctxr,cap_shoe.bmp_419c9cebb9385f6a2d7aefeb9bb59d8f,ctxr,44064,f956a0f08a8e947c74a02f38d6386914a936ecb7
textures/flatlist/ovr_stm/_win/cbx_a.bmp.ctxr,textures/flatlist/ovr_stm/_win,cbx_a.bmp.ctxr,cbx_a.bmp,ctxr,87744,455a6a1290419dde279c6b27fa99524b8bb4a174
textures/flatlist/ovr_stm/_win/cbx_a.bmp_be89fab0e4f647837831c3734a72fc8f.ctxr,textures/flatlist/ovr_stm/_win,cbx_a.bmp_be89fab0e4f647837831c3734a72fc8f.ctxr,cbx_a.bmp_be89fab0e4f647837831c3734a72fc8f,ctxr,87744,b778ce811b572e2c2d32a1621afe5dcf4aba7c5d
textures/flatlist/ovr_stm/_win/cfr_trp_f2.bmp.ctxr,textures/flatlist/ovr_stm/_win,cfr_trp_f2.bmp.ctxr,cfr_trp_f2.bmp,ctxr,44064,1664c0d54f51d9d47e08063b4d51215a4a51aae9
textures/flatlist/ovr_stm/_win/cfr_wire_alp.bmp.ctxr,textures/flatlist/ovr_stm/_win,cfr_wire_alp.bmp.ctxr,cfr_wire_alp.bmp,ctxr,5792,940062b2d549de985d9c031c048660f60061011a
textures/flatlist/ovr_stm/_win/cgr_head_f.bmp.ctxr,textures/flatlist/ovr_stm/_win,cgr_head_f.bmp.ctxr,cgr_head_f.bmp,ctxr,3040,92596c839765030ba7f4b04eabf771269f565292
textures/flatlist/ovr_stm/_win/cgr_head_s.bmp.ctxr,textures/flatlist/ovr_stm/_win,cgr_head_s.bmp.ctxr,cgr_head_s.bmp,ctxr,11264,68008eb81639dc4e8f650d8ed92265782703775c
textures/flatlist/ovr_stm/_win/cgr_head_t.bmp.ctxr,textures/flatlist/ovr_stm/_win,cgr_head_t.bmp.ctxr,cgr_head_t.bmp,ctxr,3040,d9f19bd840b2eaa5f246e1b769a6416936601a3c
textures/flatlist/ovr_stm/_win/cgr_head_temp.bmp.ctxr,textures/flatlist/ovr_stm/_win,cgr_head_temp.bmp.ctxr,cgr_head_temp.bmp,ctxr,5760,360f1b9261a15fb79cda442ee1a65b45a5754825
textures/flatlist/ovr_stm/_win/cgr_lever.bmp.ctxr,textures/flatlist/ovr_stm/_win,cgr_lever.bmp.ctxr,cgr_lever.bmp,ctxr,11296,fe6c7988e060f8a36e112c551e141292cce0f027
textures/flatlist/ovr_stm/_win/cgr_pin.bmp.ctxr,textures/flatlist/ovr_stm/_win,cgr_pin.bmp.ctxr,cgr_pin.bmp,ctxr,960,64ca788409331efc4b38b4cc125cc71d6f2ba5e6
textures/flatlist/ovr_stm/_win/chi01_alp.bmp.ctxr,textures/flatlist/ovr_stm/_win,chi01_alp.bmp.ctxr,chi01_alp.bmp,ctxr,22176,4acd30ad4e1e1c5ee7308768e0adf26b93b198a7
textures/flatlist/ovr_stm/_win/chr1_01.bmp.ctxr,textures/flatlist/ovr_stm/_win,chr1_01.bmp.ctxr,chr1_01.bmp,ctxr,22176,513ca8e3042a85bb61dbaf44b96b8d5f5ccd9ad2
textures/flatlist/ovr_stm/_win/chr1_02.bmp.ctxr,textures/flatlist/ovr_stm/_win,chr1_02.bmp.ctxr,chr1_02.bmp,ctxr,11264,ad1f923eecf1f111762588c84c9abff4cbaf9f21
textures/flatlist/ovr_stm/_win/chr1_02a.bmp.ctxr,textures/flatlist/ovr_stm/_win,chr1_02a.bmp.ctxr,chr1_02a.bmp,ctxr,22208,0fbdf75bcf882f72fb6c0950940ac2cf46ca440c
textures/flatlist/ovr_stm/_win/chr1_03.bmp.ctxr,textures/flatlist/ovr_stm/_win,chr1_03.bmp.ctxr,chr1_03.bmp,ctxr,22176,4a909e8649c2588ee5c7c205917dfe3aa9c2e5ab
textures/flatlist/ovr_stm/_win/chr1_03a.bmp.ctxr,textures/flatlist/ovr_stm/_win,chr1_03a.bmp.ctxr,chr1_03a.bmp,ctxr,22176,e32524fd4965cc5e27daa98340233cd3ccc1d077
textures/flatlist/ovr_stm/_win/chr1_04.bmp.ctxr,textures/flatlist/ovr_stm/_win,chr1_04.bmp.ctxr,chr1_04.bmp,ctxr,5760,d859e1052305d525b6018d1523fa185ab5a29d80
textures/flatlist/ovr_stm/_win/clnd00.bmp.ctxr,textures/flatlist/ovr_stm/_win,clnd00.bmp.ctxr,clnd00.bmp,ctxr,87744,4a26df69b74a0a1b3c989d4ddc5ce75d6ecc4b64
textures/flatlist/ovr_stm/_win/clnd01.bmp.ctxr,textures/flatlist/ovr_stm/_win,clnd01.bmp.ctxr,clnd01.bmp,ctxr,22176,7837aaa2e103f3d8d69f38eb2a5d3e00341ccaee
textures/flatlist/ovr_stm/_win/clnd_cap00.bmp.ctxr,textures/flatlist/ovr_stm/_win,clnd_cap00.bmp.ctxr,clnd_cap00.bmp,ctxr,11264,bf371ed1b311b397867c48071762a6963d330961
textures/flatlist/ovr_stm/_win/clnd_cap01.bmp.ctxr,textures/flatlist/ovr_stm/_win,clnd_cap01.bmp.ctxr,clnd_cap01.bmp,ctxr,5760,555f534abf126513c5fe95acba273e7c30e2bfc5
textures/flatlist/ovr_stm/_win/col_red00a.bmp.ctxr,textures/flatlist/ovr_stm/_win,col_red00a.bmp.ctxr,col_red00a.bmp,ctxr,5792,f67618e2bcc98189ebf040e7896b1db8930e77fa
textures/flatlist/ovr_stm/_win/crd_fa03.bmp.ctxr,textures/flatlist/ovr_stm/_win,crd_fa03.bmp.ctxr,crd_fa03.bmp,ctxr,44064,1d6b974bf7cb20c2d0117f254547df2fc931c5df
textures/flatlist/ovr_stm/_win/crd_pp01a.bmp.ctxr,textures/flatlist/ovr_stm/_win,crd_pp01a.bmp.ctxr,crd_pp01a.bmp,ctxr,22176,c7c9fb882ff81d8546dbc64beb88c69c51c11214
textures/flatlist/ovr_stm/_win/crd_pp02.bmp.ctxr,textures/flatlist/ovr_stm/_win,crd_pp02.bmp.ctxr,crd_pp02.bmp,ctxr,22240,35e6ee4a11f934ccd04ad1676ea243cf875c0ef2
textures/flatlist/ovr_stm/_win/crd_pp09.bmp.ctxr,textures/flatlist/ovr_stm/_win,crd_pp09.bmp.ctxr,crd_pp09.bmp,ctxr,22176,e7e61b606131dbfe664e433eab10dbe41c87abcb
textures/flatlist/ovr_stm/_win/crd_ppb01.bmp.ctxr,textures/flatlist/ovr_stm/_win,crd_ppb01.bmp.ctxr,crd_ppb01.bmp,ctxr,22208,9104b9b7bf87e8c34ebc93cb54118f0785027cc3
textures/flatlist/ovr_stm/_win/crg_arm_dead_re.bmp.ctxr,textures/flatlist/ovr_stm/_win,crg_arm_dead_re.bmp.ctxr,crg_arm_dead_re.bmp,ctxr,87744,9344add818e40a26fb3bf194f2f47bf4463d9c6f
textures/flatlist/ovr_stm/_win/crg_arm_re_01.bmp.ctxr,textures/flatlist/ovr_stm/_win,crg_arm_re_01.bmp.ctxr,crg_arm_re_01.bmp,ctxr,87744,8ba587fbd44e517df5d61fb01217fa186d2a3150
textures/flatlist/ovr_stm/_win/crg_arm_re_sub_alp_ovl.bmp.ctxr,textures/flatlist/ovr_stm/_win,crg_arm_re_sub_alp_ovl.bmp.ctxr,crg_arm_re_sub_alp_ovl.bmp,ctxr,28960,e392b2e31bc7b5673e288bef4237919cda4fbb48
textures/flatlist/ovr_stm/_win/crg_belt_dead_re.bmp.ctxr,textures/flatlist/ovr_stm/_win,crg_belt_dead_re.bmp.ctxr,crg_belt_dead_re.bmp,ctxr,11264,7f67969b4b9e13e4a93b902f8e4e8958c50e307f
textures/flatlist/ovr_stm/_win/crg_belt_ovl_alp_emap_mod1120.bmp.ctxr,textures/flatlist/ovr_stm/_win,crg_belt_ovl_alp_emap_mod1120.bmp.ctxr,crg_belt_ovl_alp_emap_mod1120.bmp,ctxr,5760,047e47385a240d2702ff417afda541d3b9bd9786
textures/flatlist/ovr_stm/_win/crg_body_dead.bmp.ctxr,textures/flatlist/ovr_stm/_win,crg_body_dead.bmp.ctxr,crg_body_dead.bmp,ctxr,175168,45854a966aad63190ea871927aa7ae2d393bbb06
textures/flatlist/ovr_stm/_win/crg_body_dead_re.bmp.ctxr,textures/flatlist/ovr_stm/_win,crg_body_dead_re.bmp.ctxr,crg_body_dead_re.bmp,ctxr,175168,c66172aea6c99ef4b074dabb3124ec16b7f745fd
textures/flatlist/ovr_stm/_win/crg_body_down.bmp.ctxr,textures/flatlist/ovr_stm/_win,crg_body_down.bmp.ctxr,crg_body_down.bmp,ctxr,87776,6f0e0910b4d7748b3a0e4dcbfc8d0525d3f85151
textures/flatlist/ovr_stm/_win/crg_body_down_sub_alp_ovl.bmp.ctxr,textures/flatlist/ovr_stm/_win,crg_body_down_sub_alp_ovl.bmp.ctxr,crg_body_down_sub_alp_ovl.bmp,ctxr,31776,72d62e390923cd9f0ecc3557f8596ead2972799a
textures/flatlist/ovr_stm/_win/crg_body_ovl_alp_emap_mod1120.bmp.ctxr,textures/flatlist/ovr_stm/_win,crg_body_ovl_alp_emap_mod1120.bmp.ctxr,crg_body_ovl_alp_emap_mod1120.bmp,ctxr,22176,f7445bbb99fda468a604236a361c2184e2b45136
textures/flatlist/ovr_stm/_win/crg_body_up.bmp.ctxr,textures/flatlist/ovr_stm/_win,crg_body_up.bmp.ctxr,crg_body_up.bmp,ctxr,175168,94364bbbf42c09ff672a1edb80228aa664b668ef
textures/flatlist/ovr_stm/_win/crg_body_up_sub_alp_ovl.bmp.ctxr,textures/flatlist/ovr_stm/_win,crg_body_up_sub_alp_ovl.bmp.ctxr,crg_body_up_sub_alp_ovl.bmp,ctxr,73120,c4aa653659f6df0ba10eecbb8a35b27c233c9408
textures/flatlist/ovr_stm/_win/crg_cap02.bmp.ctxr,textures/flatlist/ovr_stm/_win,crg_cap02.bmp.ctxr,crg_cap02.bmp,ctxr,22176,296ae18d05f95b7207ed9095973cbbfd4e34837a
textures/flatlist/ovr_stm/_win/crg_cap_eri.bmp.ctxr,textures/flatlist/ovr_stm/_win,crg_cap_eri.bmp.ctxr,crg_cap_eri.bmp,ctxr,175168,eefd6fc1d0f9b0a51254092b856a6f4c95d87066
textures/flatlist/ovr_stm/_win/crg_cap_eri_sub_alp_ovl.bmp.ctxr,textures/flatlist/ovr_stm/_win,crg_cap_eri_sub_alp_ovl.bmp.ctxr,crg_cap_eri_sub_alp_ovl.bmp,ctxr,40480,a0a52507e3019195a34c1737311a034053096c92
textures/flatlist/ovr_stm/_win/crg_cap_front_shakp.bmp.ctxr,textures/flatlist/ovr_stm/_win,crg_cap_front_shakp.bmp.ctxr,crg_cap_front_shakp.bmp,ctxr,87744,c61af98d229af276b7862a3d01cfd64b79532169
textures/flatlist/ovr_stm/_win/crg_cap_front_shakp_sub_alp_ovl.bmp.ctxr,textures/flatlist/ovr_stm/_win,crg_cap_front_shakp_sub_alp_ovl.bmp.ctxr,crg_cap_front_shakp_sub_alp_ovl.bmp,ctxr,29344,4aff02e6075d47067383ed43522c064d43d928cc
textures/flatlist/ovr_stm/_win/crg_cap_side.bmp.ctxr,textures/flatlist/ovr_stm/_win,crg_cap_side.bmp.ctxr,crg_cap_side.bmp,ctxr,87744,ed478c4462883d817f884264ef873173933a9df9
textures/flatlist/ovr_stm/_win/crg_cap_side_sub_alp_ovl.bmp.ctxr,textures/flatlist/ovr_stm/_win,crg_cap_side_sub_alp_ovl.bmp.ctxr,crg_cap_side_sub_alp_ovl.bmp,ctxr,53408,538984d5460106f0e7828907d4842dd8a62d250c
textures/flatlist/ovr_stm/_win/crg_eri3.bmp.ctxr,textures/flatlist/ovr_stm/_win,crg_eri3.bmp.ctxr,crg_eri3.bmp,ctxr,960,00afcbe1c374d2468f5d616cc6d6ab1985e480ba
textures/flatlist/ovr_stm/_win/crg_eye.bmp.ctxr,textures/flatlist/ovr_stm/_win,crg_eye.bmp.ctxr,crg_eye.bmp,ctxr,5760,f8cc11d46d5955481ac9d89e5d57d3c808dffb67
textures/flatlist/ovr_stm/_win/crg_face_dead.bmp.ctxr,textures/flatlist/ovr_stm/_win,crg_face_dead.bmp.ctxr,crg_face_dead.bmp,ctxr,699488,afc4704810056e551913c550807b51c7dfe64024
textures/flatlist/ovr_stm/_win/crg_face_dead_re.bmp.ctxr,textures/flatlist/ovr_stm/_win,crg_face_dead_re.bmp.ctxr,crg_face_dead_re.bmp,ctxr,699488,418105862ae2a6c64ed998dd159101300875a426
textures/flatlist/ovr_stm/_win/crg_face_re.bmp.ctxr,textures/flatlist/ovr_stm/_win,crg_face_re.bmp.ctxr,crg_face_re.bmp,ctxr,699488,7ffccd2f24da7d69c9121689c721c747554be6eb
textures/flatlist/ovr_stm/_win/crg_face_sub_ovl_alp.bmp.ctxr,textures/flatlist/ovr_stm/_win,crg_face_sub_ovl_alp.bmp.ctxr,crg_face_sub_ovl_alp.bmp,ctxr,51360,1abdfea222e4da9900b14edfe1d734594b9735da
textures/flatlist/ovr_stm/_win/crg_face_sub_ovl_alp.bmp_0df6480b9e73a3dfae765c79bafb775a.ctxr,textures/flatlist/ovr_stm/_win,crg_face_sub_ovl_alp.bmp_0df6480b9e73a3dfae765c79bafb775a.ctxr,crg_face_sub_ovl_alp.bmp_0df6480b9e73a3dfae765c79bafb775a,ctxr,51360,0c5f9b736a8e8b26ec9a3f5f5c912a2247170bff
textures/flatlist/ovr_stm/_win/crg_hair_l.bmp.ctxr,textures/flatlist/ovr_stm/_win,crg_hair_l.bmp.ctxr,crg_hair_l.bmp,ctxr,87744,cc17f1d902b88e7c268cee394a546c6d44d4c59a
textures/flatlist/ovr_stm/_win/crg_hair_r.bmp.ctxr,textures/flatlist/ovr_stm/_win,crg_hair_r.bmp.ctxr,crg_hair_r.bmp,ctxr,87744,38533dfa73f4607c4b9e0c48dbc43fb0065abaa5
textures/flatlist/ovr_stm/_win/crg_hand_ovl_mod1120_alp_emap.bmp.ctxr,textures/flatlist/ovr_stm/_win,crg_hand_ovl_mod1120_alp_emap.bmp.ctxr,crg_hand_ovl_mod1120_alp_emap.bmp,ctxr,5760,81d97e6718d33cfac750709e7452c59b0ad861f7
textures/flatlist/ovr_stm/_win/crg_hand_re.bmp.ctxr,textures/flatlist/ovr_stm/_win,crg_hand_re.bmp.ctxr,crg_hand_re.bmp,ctxr,87744,7299ed16b4821c15088d09b78905f3c4d970a32a
textures/flatlist/ovr_stm/_win/crg_hand_re_sub_alp_ovl.bmp.ctxr,textures/flatlist/ovr_stm/_win,crg_hand_re_sub_alp_ovl.bmp.ctxr,crg_hand_re_sub_alp_ovl.bmp,ctxr,32160,6f014311ff9688929bade2fd161d9f8c06a99f17
textures/flatlist/ovr_stm/_win/crg_hi_hf00.bmp.ctxr,textures/flatlist/ovr_stm/_win,crg_hi_hf00.bmp.ctxr,crg_hi_hf00.bmp,ctxr,87744,0f5b2cf5f5b2fa1898f8ffaadf5b584ccfba0f8c
textures/flatlist/ovr_stm/_win/crg_hi_hf00_ovl_sub_alp.bmp.ctxr,textures/flatlist/ovr_stm/_win,crg_hi_hf00_ovl_sub_alp.bmp.ctxr,crg_hi_hf00_ovl_sub_alp.bmp,ctxr,30112,e870ee229758335804ea08ef9fa5b3488f52408b
textures/flatlist/ovr_stm/_win/crg_hi_hf01.bmp.ctxr,textures/flatlist/ovr_stm/_win,crg_hi_hf01.bmp.ctxr,crg_hi_hf01.bmp,ctxr,22176,9cc7934dd9440a2b8af7e9e310087ade69ef57e1
textures/flatlist/ovr_stm/_win/crg_hi_hf01_sub_alp_ovl.bmp.ctxr,textures/flatlist/ovr_stm/_win,crg_hi_hf01_sub_alp_ovl.bmp.ctxr,crg_hi_hf01_sub_alp_ovl.bmp,ctxr,10912,47d79f9db4729294ac2da9cbc0453fd4ddd5111b
textures/flatlist/ovr_stm/_win/crg_hi_hf02.bmp.ctxr,textures/flatlist/ovr_stm/_win,crg_hi_hf02.bmp.ctxr,crg_hi_hf02.bmp,ctxr,5760,b7c49f32338c0174499a44a95e2f16294e62f65f
textures/flatlist/ovr_stm/_win/crg_hi_hf02_sub_alp_ovl.bmp.ctxr,textures/flatlist/ovr_stm/_win,crg_hi_hf02_sub_alp_ovl.bmp.ctxr,crg_hi_hf02_sub_alp_ovl.bmp,ctxr,4256,84061aa8dac847ae1507b968e6296c01359e80f1
textures/flatlist/ovr_stm/_win/crg_hi_hf03.bmp.ctxr,textures/flatlist/ovr_stm/_win,crg_hi_hf03.bmp.ctxr,crg_hi_hf03.bmp,ctxr,5760,b5c54ce8b624cdb3a177b2d77c579131a347df6e
textures/flatlist/ovr_stm/_win/crg_hi_hf03_sub_alp_ovl.bmp.ctxr,textures/flatlist/ovr_stm/_win,crg_hi_hf03_sub_alp_ovl.bmp.ctxr,crg_hi_hf03_sub_alp_ovl.bmp,ctxr,3232,cf6c80f80b016a19573ffec4b41269feb1552e1c
textures/flatlist/ovr_stm/_win/crg_kata.bmp.ctxr,textures/flatlist/ovr_stm/_win,crg_kata.bmp.ctxr,crg_kata.bmp,ctxr,3040,92cdb9001e9b2435fe948e150d6b9902ab2dbb6d
textures/flatlist/ovr_stm/_win/crg_kata_dead_re.bmp.ctxr,textures/flatlist/ovr_stm/_win,crg_kata_dead_re.bmp.ctxr,crg_kata_dead_re.bmp,ctxr,3040,222e1bde2821820f3dae201bd6cc74885f09f2d7
textures/flatlist/ovr_stm/_win/crg_kata_sub_alp_ovl.bmp.ctxr,textures/flatlist/ovr_stm/_win,crg_kata_sub_alp_ovl.bmp.ctxr,crg_kata_sub_alp_ovl.bmp,ctxr,1696,a18b3a90742946073af684a7b8a83da5e49078d2
textures/flatlist/ovr_stm/_win/crg_leg_dead_re.bmp.ctxr,textures/flatlist/ovr_stm/_win,crg_leg_dead_re.bmp.ctxr,crg_leg_dead_re.bmp,ctxr,175168,cb9fab3d6b86979ff252216f77a273cedfb0b305
textures/flatlist/ovr_stm/_win/crg_leg_re.bmp.ctxr,textures/flatlist/ovr_stm/_win,crg_leg_re.bmp.ctxr,crg_leg_re.bmp,ctxr,175168,98babe07d0a8c9591bd3ad5bda391fc44105bf18
textures/flatlist/ovr_stm/_win/crg_mouin.bmp.ctxr,textures/flatlist/ovr_stm/_win,crg_mouin.bmp.ctxr,crg_mouin.bmp,ctxr,576,fd6758dbf12373f533a94f6d598a51addde4da9d
textures/flatlist/ovr_stm/_win/crg_neck2.bmp.ctxr,textures/flatlist/ovr_stm/_win,crg_neck2.bmp.ctxr,crg_neck2.bmp,ctxr,44064,b24946670405e44f82be3b5e627122c4e3bc9a0b
textures/flatlist/ovr_stm/_win/crg_p3_fro.bmp.ctxr,textures/flatlist/ovr_stm/_win,crg_p3_fro.bmp.ctxr,crg_p3_fro.bmp,ctxr,11264,4fe2af163453ef095f072508102d763d21a6c59e
textures/flatlist/ovr_stm/_win/crg_p3_side.bmp.ctxr,textures/flatlist/ovr_stm/_win,crg_p3_side.bmp.ctxr,crg_p3_side.bmp,ctxr,992,0b247635e2d4fecc674ae4147789aa20b5fbb978
textures/flatlist/ovr_stm/_win/crg_rapelsate_8bit.bmp.ctxr,textures/flatlist/ovr_stm/_win,crg_rapelsate_8bit.bmp.ctxr,crg_rapelsate_8bit.bmp,ctxr,11264,9470924d3370665580610fa6fb08320b20de3f84
textures/flatlist/ovr_stm/_win/crg_shues.bmp.ctxr,textures/flatlist/ovr_stm/_win,crg_shues.bmp.ctxr,crg_shues.bmp,ctxr,175168,63db979cf082b4e8057e176f18b93736ccf321fc
textures/flatlist/ovr_stm/_win/crg_shues.bmp_19fd13d78ac0caa8f35b065ffa50fd18.ctxr,textures/flatlist/ovr_stm/_win,crg_shues.bmp_19fd13d78ac0caa8f35b065ffa50fd18.ctxr,crg_shues.bmp_19fd13d78ac0caa8f35b065ffa50fd18,ctxr,175168,e1a5328a221f4da1d77ac6ee5d04dfee654106cd
textures/flatlist/ovr_stm/_win/crg_shues_sub_ovl_alp.bmp.ctxr,textures/flatlist/ovr_stm/_win,crg_shues_sub_ovl_alp.bmp.ctxr,crg_shues_sub_ovl_alp.bmp,ctxr,60640,6dab5de4f7e06e6868175c5c8906027dd9d2e755
textures/flatlist/ovr_stm/_win/crg_waistbelt.bmp.ctxr,textures/flatlist/ovr_stm/_win,crg_waistbelt.bmp.ctxr,crg_waistbelt.bmp,ctxr,5792,4a68024a37a1c18d361cb92933824858b99ca68d
textures/flatlist/ovr_stm/_win/ctl_panel01.bmp.ctxr,textures/flatlist/ovr_stm/_win,ctl_panel01.bmp.ctxr,ctl_panel01.bmp,ctxr,349920,e33ae95f44c8c560a7967df1488a3436720827d2
textures/flatlist/ovr_stm/_win/ctl_panel02.bmp.ctxr,textures/flatlist/ovr_stm/_win,ctl_panel02.bmp.ctxr,ctl_panel02.bmp,ctxr,175168,c0573514e25f443d115a94625a92e29ba74e3892
textures/flatlist/ovr_stm/_win/cyp_body_hg.bmp.ctxr,textures/flatlist/ovr_stm/_win,cyp_body_hg.bmp.ctxr,cyp_body_hg.bmp,ctxr,87776,829d47d70a7b3121b241dbb132325994bec8b0c4
textures/flatlist/ovr_stm/_win/cyp_face.bmp.ctxr,textures/flatlist/ovr_stm/_win,cyp_face.bmp.ctxr,cyp_face.bmp,ctxr,22176,7553c91032025df4654d26929598af040f2d53d1
textures/flatlist/ovr_stm/_win/cyp_head.bmp.ctxr,textures/flatlist/ovr_stm/_win,cyp_head.bmp.ctxr,cyp_head.bmp,ctxr,11264,8ef85aeebc8675f0243802f84a161323a6b86a3d
textures/flatlist/ovr_stm/_win/cyp_lens_rgb_alp_ovl.bmp.ctxr,textures/flatlist/ovr_stm/_win,cyp_lens_rgb_alp_ovl.bmp.ctxr,cyp_lens_rgb_alp_ovl.bmp,ctxr,5760,f9ebb32612a9fa373774955a886e8ddf423601ab
textures/flatlist/ovr_stm/_win/cyp_temp_tx.bmp.ctxr,textures/flatlist/ovr_stm/_win,cyp_temp_tx.bmp.ctxr,cyp_temp_tx.bmp,ctxr,22176,44b27d144a1d685341dfc88e0d0b1e097d6ea3bc
textures/flatlist/ovr_stm/_win/d00a_hodou_t1.bmp.ctxr,textures/flatlist/ovr_stm/_win,d00a_hodou_t1.bmp.ctxr,d00a_hodou_t1.bmp,ctxr,175168,e8c49b6fcbc7bf772c8fcd6ed8ff153d9a0501c6
textures/flatlist/ovr_stm/_win/dbg_gbox_f.bmp.ctxr,textures/flatlist/ovr_stm/_win,dbg_gbox_f.bmp.ctxr,dbg_gbox_f.bmp,ctxr,22176,b608ad9a44239b77aa8b62cd87a336f3e45dc723
textures/flatlist/ovr_stm/_win/dbg_gbox_s.bmp.ctxr,textures/flatlist/ovr_stm/_win,dbg_gbox_s.bmp.ctxr,dbg_gbox_s.bmp,ctxr,22176,db7ca860961ea1c17e7e282a25d27055fdf41d19
textures/flatlist/ovr_stm/_win/dbg_gbox_t.bmp.ctxr,textures/flatlist/ovr_stm/_win,dbg_gbox_t.bmp.ctxr,dbg_gbox_t.bmp,ctxr,22176,a12fcd5a910e6946ee27944becdb7aadbf5c4858
textures/flatlist/ovr_stm/_win/dbx_tnk3_msk.bmp.ctxr,textures/flatlist/ovr_stm/_win,dbx_tnk3_msk.bmp.ctxr,dbx_tnk3_msk.bmp,ctxr,22176,44ab18279db0736473305d847120d8f682f5b690
textures/flatlist/ovr_stm/_win/demo_usp_supressor.bmp.ctxr,textures/flatlist/ovr_stm/_win,demo_usp_supressor.bmp.ctxr,demo_usp_supressor.bmp,ctxr,44064,c24869a8a25e41c2919fd19b01c0fc78054cbfce
textures/flatlist/ovr_stm/_win/dinyukafuta.bmp.ctxr,textures/flatlist/ovr_stm/_win,dinyukafuta.bmp.ctxr,dinyukafuta.bmp,ctxr,87808,b03143612188eaa304d8ee7238431ecb13a191ae
textures/flatlist/ovr_stm/_win/dinyukafuta2.bmp.ctxr,textures/flatlist/ovr_stm/_win,dinyukafuta2.bmp.ctxr,dinyukafuta2.bmp,ctxr,87808,507ce132cf2e4b96860f958c14a808cec658e025
textures/flatlist/ovr_stm/_win/di_ki_bu.bmp.ctxr,textures/flatlist/ovr_stm/_win,di_ki_bu.bmp.ctxr,di_ki_bu.bmp,ctxr,175168,1610e69f0878bf1aebca38880488546b899d2a26
textures/flatlist/ovr_stm/_win/di_wall1_da.bmp.ctxr,textures/flatlist/ovr_stm/_win,di_wall1_da.bmp.ctxr,di_wall1_da.bmp,ctxr,44064,242171f14fc7ee5a696cad8e14b6c6da3c3447c7
textures/flatlist/ovr_stm/_win/di_wall1_up.bmp.ctxr,textures/flatlist/ovr_stm/_win,di_wall1_up.bmp.ctxr,di_wall1_up.bmp,ctxr,87744,80d07206e7d8b385b11fc41d7d6cfbdc617caa5a
textures/flatlist/ovr_stm/_win/dmp_sb2.bmp.ctxr,textures/flatlist/ovr_stm/_win,dmp_sb2.bmp.ctxr,dmp_sb2.bmp,ctxr,44064,a64059d35f2b7d8c0fb5f0e5c8e1c1b12c627dd5
textures/flatlist/ovr_stm/_win/dmp_sb2_box.bmp.ctxr,textures/flatlist/ovr_stm/_win,dmp_sb2_box.bmp.ctxr,dmp_sb2_box.bmp,ctxr,44064,a54d905913cd9ada9dc112db13306c4630de2ce0
textures/flatlist/ovr_stm/_win/dmp_sb_body.bmp.ctxr,textures/flatlist/ovr_stm/_win,dmp_sb_body.bmp.ctxr,dmp_sb_body.bmp,ctxr,87744,54ea21f52b2b37e5cd828322ae05fabf35001841
textures/flatlist/ovr_stm/_win/dmp_sb_grip.bmp.ctxr,textures/flatlist/ovr_stm/_win,dmp_sb_grip.bmp.ctxr,dmp_sb_grip.bmp,ctxr,44064,303300e4d2f6f6a6d0a14ec56a3f3809dbc10ebe
textures/flatlist/ovr_stm/_win/dmp_sb_mc.bmp.ctxr,textures/flatlist/ovr_stm/_win,dmp_sb_mc.bmp.ctxr,dmp_sb_mc.bmp,ctxr,22240,f7e666f6fc4c46171ce19981a87774a3bf3fbd10
textures/flatlist/ovr_stm/_win/dmp_sb_mc2.bmp.ctxr,textures/flatlist/ovr_stm/_win,dmp_sb_mc2.bmp.ctxr,dmp_sb_mc2.bmp,ctxr,22240,103acd4a25ffa2b35ce9fae7df5e11a121ef239b
textures/flatlist/ovr_stm/_win/dmp_sb_pi.bmp.ctxr,textures/flatlist/ovr_stm/_win,dmp_sb_pi.bmp.ctxr,dmp_sb_pi.bmp,ctxr,5760,e7de5bd6bed9e80325943e2415b77e22bc0baa98
textures/flatlist/ovr_stm/_win/door_afl00c.bmp.ctxr,textures/flatlist/ovr_stm/_win,door_afl00c.bmp.ctxr,door_afl00c.bmp,ctxr,22208,d5ee31815b1fbb9459ed7752b46633e202a5cd42
textures/flatlist/ovr_stm/_win/door_b00.bmp.ctxr,textures/flatlist/ovr_stm/_win,door_b00.bmp.ctxr,door_b00.bmp,ctxr,87744,97a4e55e8864a23c29b294596aead1ca8e1bf286
textures/flatlist/ovr_stm/_win/door_bfl00.bmp.ctxr,textures/flatlist/ovr_stm/_win,door_bfl00.bmp.ctxr,door_bfl00.bmp,ctxr,44064,ccee00de7200e3f0b90869cfa6e38f0d7e85f94e
textures/flatlist/ovr_stm/_win/door_c00.bmp.ctxr,textures/flatlist/ovr_stm/_win,door_c00.bmp.ctxr,door_c00.bmp,ctxr,87744,380de0081d7874eab28279ba22953c1bcc5f52c8
textures/flatlist/ovr_stm/_win/door_c0017.bmp.ctxr,textures/flatlist/ovr_stm/_win,door_c0017.bmp.ctxr,door_c0017.bmp,ctxr,87744,babfda2835e904af1a3486529a671da88c2aacc4
textures/flatlist/ovr_stm/_win/door_d00.bmp.ctxr,textures/flatlist/ovr_stm/_win,door_d00.bmp.ctxr,door_d00.bmp,ctxr,87744,46641c9306a021bc3e56985e716eac36d144ce51
textures/flatlist/ovr_stm/_win/drlit_02.bmp.ctxr,textures/flatlist/ovr_stm/_win,drlit_02.bmp.ctxr,drlit_02.bmp,ctxr,11264,418fc0548bd4dc89fa4547729a57a85f39b47a6b
textures/flatlist/ovr_stm/_win/drlit_02a.bmp.ctxr,textures/flatlist/ovr_stm/_win,drlit_02a.bmp.ctxr,drlit_02a.bmp,ctxr,5792,f67e1136d61352fc60ad8cca51863069e07edcd4
textures/flatlist/ovr_stm/_win/drp_00.bmp.ctxr,textures/flatlist/ovr_stm/_win,drp_00.bmp.ctxr,drp_00.bmp,ctxr,44096,866a1281e39ef0abbc2af21eaf17d0e1b91a5b89
textures/flatlist/ovr_stm/_win/drp_00b.bmp.ctxr,textures/flatlist/ovr_stm/_win,drp_00b.bmp.ctxr,drp_00b.bmp,ctxr,44096,4b21526724ec4fcd8572135a9c9fe4f38b602e99
textures/flatlist/ovr_stm/_win/drp_01.bmp.ctxr,textures/flatlist/ovr_stm/_win,drp_01.bmp.ctxr,drp_01.bmp,ctxr,11328,02ec8a7cfdb51321534f3ef0c401afcda21bc224
textures/flatlist/ovr_stm/_win/dtdv_side_01.bmp.ctxr,textures/flatlist/ovr_stm/_win,dtdv_side_01.bmp.ctxr,dtdv_side_01.bmp,ctxr,44064,bbedd921f164f8fa95f5fd5e4ab097851befe48e
textures/flatlist/ovr_stm/_win/elv1_flr1.bmp.ctxr,textures/flatlist/ovr_stm/_win,elv1_flr1.bmp.ctxr,elv1_flr1.bmp,ctxr,175168,451a5c224f4df4bee386d8c812472e0521799c19
textures/flatlist/ovr_stm/_win/elvt_floor3.bmp.ctxr,textures/flatlist/ovr_stm/_win,elvt_floor3.bmp.ctxr,elvt_floor3.bmp,ctxr,87744,b75ae4e7c9e7c92f4a6bcda60fa2337e14f03a86
textures/flatlist/ovr_stm/_win/elvt_floor4.bmp.ctxr,textures/flatlist/ovr_stm/_win,elvt_floor4.bmp.ctxr,elvt_floor4.bmp,ctxr,44064,757c75e73feba5f0174762cc0f021fdae8d153cc
textures/flatlist/ovr_stm/_win/elvt_floor5.bmp.ctxr,textures/flatlist/ovr_stm/_win,elvt_floor5.bmp.ctxr,elvt_floor5.bmp,ctxr,11264,0ee78ee8b2f0b7c21dc8d141976d606c664fbf5c
textures/flatlist/ovr_stm/_win/elvt_nwall3.bmp.ctxr,textures/flatlist/ovr_stm/_win,elvt_nwall3.bmp.ctxr,elvt_nwall3.bmp,ctxr,175168,649dbe5904da52cdf0e541f0221170b7b7595de0
textures/flatlist/ovr_stm/_win/emt.bmp.ctxr,textures/flatlist/ovr_stm/_win,emt.bmp.ctxr,emt.bmp,ctxr,44064,2f4726136535bd704397ae3a259514b7eb977bb6
textures/flatlist/ovr_stm/_win/eyes_kyoro.bmp.ctxr,textures/flatlist/ovr_stm/_win,eyes_kyoro.bmp.ctxr,eyes_kyoro.bmp,ctxr,175168,c96e546b1977d308c1945497fe3d0ed9dbcb552a
textures/flatlist/ovr_stm/_win/fat_allarm.bmp.ctxr,textures/flatlist/ovr_stm/_win,fat_allarm.bmp.ctxr,fat_allarm.bmp,ctxr,87744,6681035dff07c2ceacd27628f8be9952280f04fb
textures/flatlist/ovr_stm/_win/fat_allarm_st2.bmp.ctxr,textures/flatlist/ovr_stm/_win,fat_allarm_st2.bmp.ctxr,fat_allarm_st2.bmp,ctxr,87744,768d4881b27491c48fa2778f0c6a77cd4a9af84e
textures/flatlist/ovr_stm/_win/fat_allleg.bmp.ctxr,textures/flatlist/ovr_stm/_win,fat_allleg.bmp.ctxr,fat_allleg.bmp,ctxr,11264,fd67f8f3aa454edba12c87f8fb23717c3bc5ca88
textures/flatlist/ovr_stm/_win/fat_allleg_sub_ovl_alp.bmp.ctxr,textures/flatlist/ovr_stm/_win,fat_allleg_sub_ovl_alp.bmp.ctxr,fat_allleg_sub_ovl_alp.bmp,ctxr,21280,370dee0543788bebb6478680f93ea6bc0d1541b9
textures/flatlist/ovr_stm/_win/fat_arm_belt.bmp.ctxr,textures/flatlist/ovr_stm/_win,fat_arm_belt.bmp.ctxr,fat_arm_belt.bmp,ctxr,11296,660c92221651c179b708626d52e035f6a611517a
textures/flatlist/ovr_stm/_win/fat_arm_sub_ovl_alp.bmp.ctxr,textures/flatlist/ovr_stm/_win,fat_arm_sub_ovl_alp.bmp.ctxr,fat_arm_sub_ovl_alp.bmp,ctxr,49312,39deac5396485535d610b70d4d285921fc344160
textures/flatlist/ovr_stm/_win/fat_belt.bmp.ctxr,textures/flatlist/ovr_stm/_win,fat_belt.bmp.ctxr,fat_belt.bmp,ctxr,22240,c70a4825223005d081f76f07ad9d1cd05cf9c4eb
textures/flatlist/ovr_stm/_win/fat_body3_sub_ovl_alp.bmp.ctxr,textures/flatlist/ovr_stm/_win,fat_body3_sub_ovl_alp.bmp.ctxr,fat_body3_sub_ovl_alp.bmp,ctxr,275360,a2787572c891f3539d7074c91d451cb8596070b6
textures/flatlist/ovr_stm/_win/fat_calf.bmp.ctxr,textures/flatlist/ovr_stm/_win,fat_calf.bmp.ctxr,fat_calf.bmp,ctxr,87744,d1553a48d8d78b676b25575e3a5a25685487e85d
textures/flatlist/ovr_stm/_win/fat_calf_sub_alp_ovl.bmp.ctxr,textures/flatlist/ovr_stm/_win,fat_calf_sub_alp_ovl.bmp.ctxr,fat_calf_sub_alp_ovl.bmp,ctxr,262304,f276e76f069e183cb1d66d597b963bc356c12942
textures/flatlist/ovr_stm/_win/fat_ep0_sub_ovl_alp.bmp.ctxr,textures/flatlist/ovr_stm/_win,fat_ep0_sub_ovl_alp.bmp.ctxr,fat_ep0_sub_ovl_alp.bmp,ctxr,25696,1671744ab0af8920602b15fa5aaeeb8d8ae3115c
textures/flatlist/ovr_stm/_win/fat_epron3_ovl_alp_mod1120_emap.bmp.ctxr,textures/flatlist/ovr_stm/_win,fat_epron3_ovl_alp_mod1120_emap.bmp.ctxr,fat_epron3_ovl_alp_mod1120_emap.bmp,ctxr,22176,9a14ae725a037320fe6bde8889823c34fe5a1892
textures/flatlist/ovr_stm/_win/fat_eptes.bmp.ctxr,textures/flatlist/ovr_stm/_win,fat_eptes.bmp.ctxr,fat_eptes.bmp,ctxr,22176,57dd29dd42b2551d1127597f3de2a88d03f13a1a
textures/flatlist/ovr_stm/_win/fat_ep_re.bmp.ctxr,textures/flatlist/ovr_stm/_win,fat_ep_re.bmp.ctxr,fat_ep_re.bmp,ctxr,22176,5efbed7d7899a8aad0a0fc6464b9aafd84f7de63
textures/flatlist/ovr_stm/_win/fat_eri_back.bmp.ctxr,textures/flatlist/ovr_stm/_win,fat_eri_back.bmp.ctxr,fat_eri_back.bmp,ctxr,22208,18976c06d0e92f8901eae2d25231647d2e1979c3
textures/flatlist/ovr_stm/_win/fat_eri_back_sub_alp_ovl.bmp.ctxr,textures/flatlist/ovr_stm/_win,fat_eri_back_sub_alp_ovl.bmp.ctxr,fat_eri_back_sub_alp_ovl.bmp,ctxr,15520,a68689669457784e1932ef84e3afb053d70d758b
textures/flatlist/ovr_stm/_win/fat_eri_front.bmp.ctxr,textures/flatlist/ovr_stm/_win,fat_eri_front.bmp.ctxr,fat_eri_front.bmp,ctxr,5760,634bcef415136eadeeb92a43735ae5195f043da8
textures/flatlist/ovr_stm/_win/fat_eri_side.bmp.ctxr,textures/flatlist/ovr_stm/_win,fat_eri_side.bmp.ctxr,fat_eri_side.bmp,ctxr,11264,32f1a27296f96abc6309089f537af45e7ff07663
textures/flatlist/ovr_stm/_win/fat_eri_side_in.bmp.ctxr,textures/flatlist/ovr_stm/_win,fat_eri_side_in.bmp.ctxr,fat_eri_side_in.bmp,ctxr,11264,28f634c55f0a814ab39a156a36451f55864378ee
textures/flatlist/ovr_stm/_win/fat_eri_side_sub_alp_ovl.bmp.ctxr,textures/flatlist/ovr_stm/_win,fat_eri_side_sub_alp_ovl.bmp.ctxr,fat_eri_side_sub_alp_ovl.bmp,ctxr,9760,53529b946424875d5b6310f8ffef32355e1288c1
textures/flatlist/ovr_stm/_win/fat_eye.bmp.ctxr,textures/flatlist/ovr_stm/_win,fat_eye.bmp.ctxr,fat_eye.bmp,ctxr,22176,c2ecbea313dfecfc6f2c08ab952d3e72ef5c3c6b
textures/flatlist/ovr_stm/_win/fat_eyes_ovl_sub_alp.bmp.ctxr,textures/flatlist/ovr_stm/_win,fat_eyes_ovl_sub_alp.bmp.ctxr,fat_eyes_ovl_sub_alp.bmp,ctxr,2464,92bcb687d3e9d34f244001bd35d6ac545e381404
textures/flatlist/ovr_stm/_win/fat_eye_re.bmp.ctxr,textures/flatlist/ovr_stm/_win,fat_eye_re.bmp.ctxr,fat_eye_re.bmp,ctxr,5760,e151af3e410eac425343fb0537ed6c6011679d1f
textures/flatlist/ovr_stm/_win/fat_face.bmp.ctxr,textures/flatlist/ovr_stm/_win,fat_face.bmp.ctxr,fat_face.bmp,ctxr,699488,04533e2544b380d1f7a441d090e01e66cb1cece0
textures/flatlist/ovr_stm/_win/fat_face_bmap.bmp.ctxr,textures/flatlist/ovr_stm/_win,fat_face_bmap.bmp.ctxr,fat_face_bmap.bmp,ctxr,110752,08c84908b6680af9bd2034225f9efc867e8bab97
textures/flatlist/ovr_stm/_win/fat_face_re.bmp.ctxr,textures/flatlist/ovr_stm/_win,fat_face_re.bmp.ctxr,fat_face_re.bmp,ctxr,699488,7f92f139b753d5ea5819c0979324f153b054c3b7
textures/flatlist/ovr_stm/_win/fat_face_re.bmp_a65902de0116b1a4ce6a1647e832d293.ctxr,textures/flatlist/ovr_stm/_win,fat_face_re.bmp_a65902de0116b1a4ce6a1647e832d293.ctxr,fat_face_re.bmp_a65902de0116b1a4ce6a1647e832d293,ctxr,699488,715d8e0718574c70c94b977fefcfa191fa326e95
textures/flatlist/ovr_stm/_win/fat_glg_hlst.bmp.ctxr,textures/flatlist/ovr_stm/_win,fat_glg_hlst.bmp.ctxr,fat_glg_hlst.bmp,ctxr,11264,e779fad2cd00f169b467e6eb52d2771b944b92eb
textures/flatlist/ovr_stm/_win/fat_glg_hlst_side.bmp.ctxr,textures/flatlist/ovr_stm/_win,fat_glg_hlst_side.bmp.ctxr,fat_glg_hlst_side.bmp,ctxr,3072,8c47b1b101472b0a944f77dd55083b3017219c76
textures/flatlist/ovr_stm/_win/fat_hand.bmp.ctxr,textures/flatlist/ovr_stm/_win,fat_hand.bmp.ctxr,fat_hand.bmp,ctxr,44064,babcc77185d958bbf0c7e8a8b46b7a8e960b6c6b
textures/flatlist/ovr_stm/_win/fat_hand_alp_ovl_emap_mod1120.bmp.ctxr,textures/flatlist/ovr_stm/_win,fat_hand_alp_ovl_emap_mod1120.bmp.ctxr,fat_hand_alp_ovl_emap_mod1120.bmp,ctxr,1632,08082cf74d2cf023c88c3b1806786fdbf4a4b6cc
textures/flatlist/ovr_stm/_win/fat_hand_sub_alp_ovl.bmp.ctxr,textures/flatlist/ovr_stm/_win,fat_hand_sub_alp_ovl.bmp.ctxr,fat_hand_sub_alp_ovl.bmp,ctxr,24736,d2ba92d6bb1c11f000aa04d74cc01c39a2705b17
textures/flatlist/ovr_stm/_win/fat_hi_finger.bmp.ctxr,textures/flatlist/ovr_stm/_win,fat_hi_finger.bmp.ctxr,fat_hi_finger.bmp,ctxr,5760,8a8d3f54c1e01f3447198d04b4046ee8134654ca
textures/flatlist/ovr_stm/_win/fat_hi_finger_red.bmp.ctxr,textures/flatlist/ovr_stm/_win,fat_hi_finger_red.bmp.ctxr,fat_hi_finger_red.bmp,ctxr,5760,a9614da58bfa2ee7a53c10bc632744016945ebc7
textures/flatlist/ovr_stm/_win/fat_hi_hand1.bmp.ctxr,textures/flatlist/ovr_stm/_win,fat_hi_hand1.bmp.ctxr,fat_hi_hand1.bmp,ctxr,44064,69c84a12812e7487734c9f06e18b9757d923881d
textures/flatlist/ovr_stm/_win/fat_hi_hand1_bmap.bmp.ctxr,textures/flatlist/ovr_stm/_win,fat_hi_hand1_bmap.bmp.ctxr,fat_hi_hand1_bmap.bmp,ctxr,20128,556c077947011358084933ae33dcb3b9fb0aa3eb
textures/flatlist/ovr_stm/_win/fat_hi_hand2.bmp.ctxr,textures/flatlist/ovr_stm/_win,fat_hi_hand2.bmp.ctxr,fat_hi_hand2.bmp,ctxr,22176,2ed22d783280ef49ba3d37033847874576540f1b
textures/flatlist/ovr_stm/_win/fat_in.bmp.ctxr,textures/flatlist/ovr_stm/_win,fat_in.bmp.ctxr,fat_in.bmp,ctxr,5760,069654dccdf7e8530446b92ade404b224d8b38bb
textures/flatlist/ovr_stm/_win/fat_in_eri.bmp.ctxr,textures/flatlist/ovr_stm/_win,fat_in_eri.bmp.ctxr,fat_in_eri.bmp,ctxr,11296,20a312e3d056291ce4e42808f01c53a39acedc9f
textures/flatlist/ovr_stm/_win/fat_in_eri_tome.bmp.ctxr,textures/flatlist/ovr_stm/_win,fat_in_eri_tome.bmp.ctxr,fat_in_eri_tome.bmp,ctxr,1664,c0df4488f727e3a8aff2d212b0f6d49939430504
textures/flatlist/ovr_stm/_win/fat_larm_belt.bmp.ctxr,textures/flatlist/ovr_stm/_win,fat_larm_belt.bmp.ctxr,fat_larm_belt.bmp,ctxr,22208,1746ca2efe7a7ff2e27cfbace3f54f97249ed79b
textures/flatlist/ovr_stm/_win/fat_larm_sub_alp_ovl.bmp.ctxr,textures/flatlist/ovr_stm/_win,fat_larm_sub_alp_ovl.bmp.ctxr,fat_larm_sub_alp_ovl.bmp,ctxr,23776,0df1d8e1e1d8a38c90b24e400d00bc52eca6c079
textures/flatlist/ovr_stm/_win/fat_mtg_alp_ovl.bmp.ctxr,textures/flatlist/ovr_stm/_win,fat_mtg_alp_ovl.bmp.ctxr,fat_mtg_alp_ovl.bmp,ctxr,22208,983284bc4000910f7f6969493031bf6d1ffa861e
textures/flatlist/ovr_stm/_win/fat_ooze_blood00_alp_ovl.bmp.ctxr,textures/flatlist/ovr_stm/_win,fat_ooze_blood00_alp_ovl.bmp.ctxr,fat_ooze_blood00_alp_ovl.bmp,ctxr,44064,b7b71750c86584a0616390c36e35ab2605a6b4e5
textures/flatlist/ovr_stm/_win/fat_ooze_blood89_alp_ovl.bmp.ctxr,textures/flatlist/ovr_stm/_win,fat_ooze_blood89_alp_ovl.bmp.ctxr,fat_ooze_blood89_alp_ovl.bmp,ctxr,44064,111e6c91666c3cc1a5b43afb2fd4747f0d241734
textures/flatlist/ovr_stm/_win/fat_pias_alp_ovl.bmp.ctxr,textures/flatlist/ovr_stm/_win,fat_pias_alp_ovl.bmp.ctxr,fat_pias_alp_ovl.bmp,ctxr,1632,3261e40f21ce40f4479b830cb1b3a3424f15b149
textures/flatlist/ovr_stm/_win/fat_pias_alp_ovl.bmp_49150a74dd0fd7cd13ca0f60cd40eca7.ctxr,textures/flatlist/ovr_stm/_win,fat_pias_alp_ovl.bmp_49150a74dd0fd7cd13ca0f60cd40eca7.ctxr,fat_pias_alp_ovl.bmp_49150a74dd0fd7cd13ca0f60cd40eca7,ctxr,1632,79bc4fd736973a7fcc55ecb533e1d53b0b17a9b9
textures/flatlist/ovr_stm/_win/fat_poket00.bmp.ctxr,textures/flatlist/ovr_stm/_win,fat_poket00.bmp.ctxr,fat_poket00.bmp,ctxr,11264,271cb14043502336e124ec9473f07fc8f83f17ee
textures/flatlist/ovr_stm/_win/fat_poket00_re.bmp.ctxr,textures/flatlist/ovr_stm/_win,fat_poket00_re.bmp.ctxr,fat_poket00_re.bmp,ctxr,11264,e601cd339e7a1a5346eefe989c9032982b858ef9
textures/flatlist/ovr_stm/_win/fat_poket01.bmp.ctxr,textures/flatlist/ovr_stm/_win,fat_poket01.bmp.ctxr,fat_poket01.bmp,ctxr,11264,198911afc016887c8f053f28a8c18dabc3be63e7
textures/flatlist/ovr_stm/_win/fat_poket01.bmp_fdadb254bd6a0857d5c232a10b14c8ff.ctxr,textures/flatlist/ovr_stm/_win,fat_poket01.bmp_fdadb254bd6a0857d5c232a10b14c8ff.ctxr,fat_poket01.bmp_fdadb254bd6a0857d5c232a10b14c8ff,ctxr,11264,6941ee47a6fd5be4ffc28616917f6c29b0007d42
textures/flatlist/ovr_stm/_win/fat_radio.bmp.ctxr,textures/flatlist/ovr_stm/_win,fat_radio.bmp.ctxr,fat_radio.bmp,ctxr,11264,43ffecd9d9f32beaedbe59fab9d5a837c424b101
textures/flatlist/ovr_stm/_win/fat_radio_sub_ovl_alp.bmp.ctxr,textures/flatlist/ovr_stm/_win,fat_radio_sub_ovl_alp.bmp.ctxr,fat_radio_sub_ovl_alp.bmp,ctxr,7328,00de4f200b5ddfee9c7eb165e3bbd34b363ab9b4
textures/flatlist/ovr_stm/_win/fat_rolar.bmp.ctxr,textures/flatlist/ovr_stm/_win,fat_rolar.bmp.ctxr,fat_rolar.bmp,ctxr,87744,9bf64f7025d63e2745f26dde6ef98bc903fcb753
textures/flatlist/ovr_stm/_win/fat_rolar_flame.bmp.ctxr,textures/flatlist/ovr_stm/_win,fat_rolar_flame.bmp.ctxr,fat_rolar_flame.bmp,ctxr,5792,b4dd53a6f92101b744583bae77732996355cac75
textures/flatlist/ovr_stm/_win/fat_rolar_hoir.bmp.ctxr,textures/flatlist/ovr_stm/_win,fat_rolar_hoir.bmp.ctxr,fat_rolar_hoir.bmp,ctxr,1632,f1f5e408ba8ecd3378834add44494bec03319876
textures/flatlist/ovr_stm/_win/fat_shues00_sub_ovl_alp.bmp.ctxr,textures/flatlist/ovr_stm/_win,fat_shues00_sub_ovl_alp.bmp.ctxr,fat_shues00_sub_ovl_alp.bmp,ctxr,32416,06db9ae07fa614bf2016f74e62f9dae834afc8a1
textures/flatlist/ovr_stm/_win/fat_shues_ovl_alp_emap_mod1120.bmp.ctxr,textures/flatlist/ovr_stm/_win,fat_shues_ovl_alp_emap_mod1120.bmp.ctxr,fat_shues_ovl_alp_emap_mod1120.bmp,ctxr,22176,43635290dcfb67a221fe5b0af1a681459689953c
textures/flatlist/ovr_stm/_win/fat_strow_alp.bmp.ctxr,textures/flatlist/ovr_stm/_win,fat_strow_alp.bmp.ctxr,fat_strow_alp.bmp,ctxr,3040,90f30a068d46850c2fda10b3b15f699a2d3f7b18
textures/flatlist/ovr_stm/_win/fat_strow_col_alp.bmp.ctxr,textures/flatlist/ovr_stm/_win,fat_strow_col_alp.bmp.ctxr,fat_strow_col_alp.bmp,ctxr,3040,adfbaba0838be5265ec45022bc241a71e3ed60ac
textures/flatlist/ovr_stm/_win/fat_suits.bmp.ctxr,textures/flatlist/ovr_stm/_win,fat_suits.bmp.ctxr,fat_suits.bmp,ctxr,349920,dc51dda70fbd762cdd359b26af688733410493f2
textures/flatlist/ovr_stm/_win/fat_suitstes.bmp.ctxr,textures/flatlist/ovr_stm/_win,fat_suitstes.bmp.ctxr,fat_suitstes.bmp,ctxr,349920,697ecfdb21b396de5d37af2deede445245c8a5a4
textures/flatlist/ovr_stm/_win/fat_suits_kat.bmp.ctxr,textures/flatlist/ovr_stm/_win,fat_suits_kat.bmp.ctxr,fat_suits_kat.bmp,ctxr,3040,911fad17ae60a637de3a64019b169ecb9511068c
textures/flatlist/ovr_stm/_win/fat_suits_kat_sub_alp_ovl.bmp.ctxr,textures/flatlist/ovr_stm/_win,fat_suits_kat_sub_alp_ovl.bmp.ctxr,fat_suits_kat_sub_alp_ovl.bmp,ctxr,2208,ab448a4bd3f8bc757fd5ceb0b8d9d063ac8b9dcf
textures/flatlist/ovr_stm/_win/fat_suit_re.bmp.ctxr,textures/flatlist/ovr_stm/_win,fat_suit_re.bmp.ctxr,fat_suit_re.bmp,ctxr,349920,6a3fd52681a2bf711981204a7a490736ff7e6010
textures/flatlist/ovr_stm/_win/fat_tang.bmp.ctxr,textures/flatlist/ovr_stm/_win,fat_tang.bmp.ctxr,fat_tang.bmp,ctxr,22176,121bcd44bdfe1f06d23ccfc6174664895303158d
textures/flatlist/ovr_stm/_win/fat_teeth_u3.bmp.ctxr,textures/flatlist/ovr_stm/_win,fat_teeth_u3.bmp.ctxr,fat_teeth_u3.bmp,ctxr,5792,c1c9e1231fc2f10b57ce6b8c4f400742609c836c
textures/flatlist/ovr_stm/_win/fat_waist.bmp.ctxr,textures/flatlist/ovr_stm/_win,fat_waist.bmp.ctxr,fat_waist.bmp,ctxr,5760,f4d8b9daf82756821fb43c737bbc6768b969ed8d
textures/flatlist/ovr_stm/_win/for_arm.bmp.ctxr,textures/flatlist/ovr_stm/_win,for_arm.bmp.ctxr,for_arm.bmp,ctxr,288,d2b6642f737cbe5bf1b32aa3bc64fc2b8a154c33
textures/flatlist/ovr_stm/_win/for_belt_shoulder.bmp.ctxr,textures/flatlist/ovr_stm/_win,for_belt_shoulder.bmp.ctxr,for_belt_shoulder.bmp,ctxr,11264,1556c07e59c53922b95d4eca520ce03d1a4de285
textures/flatlist/ovr_stm/_win/for_belt_weist.bmp.ctxr,textures/flatlist/ovr_stm/_win,for_belt_weist.bmp.ctxr,for_belt_weist.bmp,ctxr,22240,1f345ad627ea4d06463a8e3553b2e6590eced55a
textures/flatlist/ovr_stm/_win/for_blood_face_ovl_alp.bmp.ctxr,textures/flatlist/ovr_stm/_win,for_blood_face_ovl_alp.bmp.ctxr,for_blood_face_ovl_alp.bmp,ctxr,22176,7659dfc479a7e42efadf258b7071ff8b4f33b4ef
textures/flatlist/ovr_stm/_win/for_body_ovl_sub_alp.bmp.ctxr,textures/flatlist/ovr_stm/_win,for_body_ovl_sub_alp.bmp.ctxr,for_body_ovl_sub_alp.bmp,ctxr,88224,af6b4f7c6e400ff96270dbedeadd3fb1821ac0bc
textures/flatlist/ovr_stm/_win/for_body_ss.bmp.ctxr,textures/flatlist/ovr_stm/_win,for_body_ss.bmp.ctxr,for_body_ss.bmp,ctxr,175168,30f20d331f2a8021865f01b82053d51154edf07f
textures/flatlist/ovr_stm/_win/for_boot_bot1.bmp.ctxr,textures/flatlist/ovr_stm/_win,for_boot_bot1.bmp.ctxr,for_boot_bot1.bmp,ctxr,11264,21e5cd91f5bf1338ddb84f8a058704ce4a19e931
textures/flatlist/ovr_stm/_win/for_boot_bot2.bmp.ctxr,textures/flatlist/ovr_stm/_win,for_boot_bot2.bmp.ctxr,for_boot_bot2.bmp,ctxr,5760,8c4e5d9959042737462f7e5f0d1c993ff75a25a8
textures/flatlist/ovr_stm/_win/for_b_ovl_mod1120_alp_emap.bmp.ctxr,textures/flatlist/ovr_stm/_win,for_b_ovl_mod1120_alp_emap.bmp.ctxr,for_b_ovl_mod1120_alp_emap.bmp,ctxr,22176,8df95448586b17fe1689b3d715c6183702908d28
textures/flatlist/ovr_stm/_win/for_coat_body.bmp.ctxr,textures/flatlist/ovr_stm/_win,for_coat_body.bmp.ctxr,for_coat_body.bmp,ctxr,87744,f7c5ce67989d37dc4d48b7fac90035a20b33befc
textures/flatlist/ovr_stm/_win/for_coat_eri.bmp.ctxr,textures/flatlist/ovr_stm/_win,for_coat_eri.bmp.ctxr,for_coat_eri.bmp,ctxr,11264,7fc431fc643534b589404c65f68ca34b1971d7cf
textures/flatlist/ovr_stm/_win/for_coat_eriin.bmp.ctxr,textures/flatlist/ovr_stm/_win,for_coat_eriin.bmp.ctxr,for_coat_eriin.bmp,ctxr,11264,c01b0b1efe673e578f03f8788f006431a4bb0237
textures/flatlist/ovr_stm/_win/for_coat_sling.bmp.ctxr,textures/flatlist/ovr_stm/_win,for_coat_sling.bmp.ctxr,for_coat_sling.bmp,ctxr,11264,980c0d35d59d8f69f4c4d6447c3fe443ab0f9aba
textures/flatlist/ovr_stm/_win/for_coat_sode.bmp.ctxr,textures/flatlist/ovr_stm/_win,for_coat_sode.bmp.ctxr,for_coat_sode.bmp,ctxr,22208,5dba8fabfe9704c6268ccdbb74a99236f5bbc601
textures/flatlist/ovr_stm/_win/for_col1.bmp.ctxr,textures/flatlist/ovr_stm/_win,for_col1.bmp.ctxr,for_col1.bmp,ctxr,288,ae246f342412d6631b5f60a8ada4f1fe2facd54b
textures/flatlist/ovr_stm/_win/for_eye_ovl_sub_alp.bmp.ctxr,textures/flatlist/ovr_stm/_win,for_eye_ovl_sub_alp.bmp.ctxr,for_eye_ovl_sub_alp.bmp,ctxr,5344,758421c91afbda37386d5d5aa829d8a977100e4e
textures/flatlist/ovr_stm/_win/for_face_ovl_sub_alp.bmp.ctxr,textures/flatlist/ovr_stm/_win,for_face_ovl_sub_alp.bmp.ctxr,for_face_ovl_sub_alp.bmp,ctxr,90272,02a173017a569c81e06316f68f3d8d90d6fd274e
textures/flatlist/ovr_stm/_win/for_foot.bmp.ctxr,textures/flatlist/ovr_stm/_win,for_foot.bmp.ctxr,for_foot.bmp,ctxr,22176,212e71ed7d53c2fc41acc29da3a14dcf972e33a9
textures/flatlist/ovr_stm/_win/for_hair_back.bmp.ctxr,textures/flatlist/ovr_stm/_win,for_hair_back.bmp.ctxr,for_hair_back.bmp,ctxr,87744,8dfd3ed47999aaebccaf16e31cd433c1f26ac362
textures/flatlist/ovr_stm/_win/for_hair_side_ovl_alp.bmp.ctxr,textures/flatlist/ovr_stm/_win,for_hair_side_ovl_alp.bmp.ctxr,for_hair_side_ovl_alp.bmp,ctxr,44064,1f93bae19080777328c4ff94b168425110ef3455
textures/flatlist/ovr_stm/_win/for_hand.bmp.ctxr,textures/flatlist/ovr_stm/_win,for_hand.bmp.ctxr,for_hand.bmp,ctxr,22176,5b9305fac0864c4ff95c68da83a0fbe2cb337b72
textures/flatlist/ovr_stm/_win/for_hand2.bmp.ctxr,textures/flatlist/ovr_stm/_win,for_hand2.bmp.ctxr,for_hand2.bmp,ctxr,22176,d8f258eea1c4e7d7b6cfa09da245dfca95af205a
textures/flatlist/ovr_stm/_win/for_hi_eye.bmp.ctxr,textures/flatlist/ovr_stm/_win,for_hi_eye.bmp.ctxr,for_hi_eye.bmp,ctxr,22176,9916b5671aaa3e485d409643ec327daaafa1cab8
textures/flatlist/ovr_stm/_win/for_hi_face_ss.bmp.ctxr,textures/flatlist/ovr_stm/_win,for_hi_face_ss.bmp.ctxr,for_hi_face_ss.bmp,ctxr,699488,56407ecfb0bc8b6fd3206ff156cbdd19e040da0f
textures/flatlist/ovr_stm/_win/for_hi_finger.bmp.ctxr,textures/flatlist/ovr_stm/_win,for_hi_finger.bmp.ctxr,for_hi_finger.bmp,ctxr,5760,af9738146c9df1ed37b22d9cfab76ef2d4918533
textures/flatlist/ovr_stm/_win/for_hi_finger2.bmp.ctxr,textures/flatlist/ovr_stm/_win,for_hi_finger2.bmp.ctxr,for_hi_finger2.bmp,ctxr,5760,9a7b45a4bd36a8271512e78d30454f60f3e0d871
textures/flatlist/ovr_stm/_win/for_hi_hand1.bmp.ctxr,textures/flatlist/ovr_stm/_win,for_hi_hand1.bmp.ctxr,for_hi_hand1.bmp,ctxr,44064,57e9395fff6d056cbeaf6661858b996a64164597
textures/flatlist/ovr_stm/_win/for_hi_hand2.bmp.ctxr,textures/flatlist/ovr_stm/_win,for_hi_hand2.bmp.ctxr,for_hi_hand2.bmp,ctxr,22176,23d47569e40015f6cc94fc49b14ccea80fd0e314
textures/flatlist/ovr_stm/_win/for_hi_hand3.bmp.ctxr,textures/flatlist/ovr_stm/_win,for_hi_hand3.bmp.ctxr,for_hi_hand3.bmp,ctxr,11296,6eaa7cfd2efb4eb7548d051448ed50d45eb7419e
textures/flatlist/ovr_stm/_win/for_hi_mtg_alp_ovl.bmp.ctxr,textures/flatlist/ovr_stm/_win,for_hi_mtg_alp_ovl.bmp.ctxr,for_hi_mtg_alp_ovl.bmp,ctxr,44064,0026ea9ec3b11f8fa049de81551c4a12d0c1cef2
textures/flatlist/ovr_stm/_win/for_hlst_back.bmp.ctxr,textures/flatlist/ovr_stm/_win,for_hlst_back.bmp.ctxr,for_hlst_back.bmp,ctxr,11296,f7b2b79025439a3de5980927256c1bb2fc5b1720
textures/flatlist/ovr_stm/_win/for_hlst_fro.bmp.ctxr,textures/flatlist/ovr_stm/_win,for_hlst_fro.bmp.ctxr,for_hlst_fro.bmp,ctxr,5792,8ef3bddc6210f1e586c1c3f32c65628b4b6f8c80
textures/flatlist/ovr_stm/_win/for_hlst_side.bmp.ctxr,textures/flatlist/ovr_stm/_win,for_hlst_side.bmp.ctxr,for_hlst_side.bmp,ctxr,22176,65032c3563af8351f429cae93967dad398a47501
textures/flatlist/ovr_stm/_win/for_kizu_body_ovl_alp.bmp.ctxr,textures/flatlist/ovr_stm/_win,for_kizu_body_ovl_alp.bmp.ctxr,for_kizu_body_ovl_alp.bmp,ctxr,11264,6b045a056ece77c4872851a79002706cd1ee5b10
textures/flatlist/ovr_stm/_win/for_leg_ovl_sub_alp.bmp.ctxr,textures/flatlist/ovr_stm/_win,for_leg_ovl_sub_alp.bmp.ctxr,for_leg_ovl_sub_alp.bmp,ctxr,35424,b4e3a375496f3e3109c7b29591b340a397d88490
textures/flatlist/ovr_stm/_win/for_leg_ss.bmp.ctxr,textures/flatlist/ovr_stm/_win,for_leg_ss.bmp.ctxr,for_leg_ss.bmp,ctxr,87744,779abf2c825445795899fb65d9fe92ecdf313069
textures/flatlist/ovr_stm/_win/for_lnr_sling.bmp.ctxr,textures/flatlist/ovr_stm/_win,for_lnr_sling.bmp.ctxr,for_lnr_sling.bmp,ctxr,608,4a7420feeb45dc82d9796220b7e4bf92e9fb5ff6
textures/flatlist/ovr_stm/_win/for_m9_glip.bmp.ctxr,textures/flatlist/ovr_stm/_win,for_m9_glip.bmp.ctxr,for_m9_glip.bmp,ctxr,11264,b33fbb3ae3ace7f5f30463c6936aabae91ab88ba
textures/flatlist/ovr_stm/_win/for_magazine.bmp.ctxr,textures/flatlist/ovr_stm/_win,for_magazine.bmp.ctxr,for_magazine.bmp,ctxr,44064,d5a0079fba31281063b7568bf338c39a2953c5c5
textures/flatlist/ovr_stm/_win/for_sox_ovl_sub_alp.bmp.ctxr,textures/flatlist/ovr_stm/_win,for_sox_ovl_sub_alp.bmp.ctxr,for_sox_ovl_sub_alp.bmp,ctxr,6304,ee316933b31d1f4577071987e6b8daab4befd7f3
textures/flatlist/ovr_stm/_win/for_s_ovl_mod1120_alp_emap.bmp.ctxr,textures/flatlist/ovr_stm/_win,for_s_ovl_mod1120_alp_emap.bmp.ctxr,for_s_ovl_mod1120_alp_emap.bmp,ctxr,22176,61cae273a9deb5120f76755e37152b0f6ed26f71
textures/flatlist/ovr_stm/_win/for_toe.bmp.ctxr,textures/flatlist/ovr_stm/_win,for_toe.bmp.ctxr,for_toe.bmp,ctxr,22176,fd71ceaee1921e8263a03a1602686686e4e2cd31
textures/flatlist/ovr_stm/_win/for_t_l_ovl_sub_alp.bmp.ctxr,textures/flatlist/ovr_stm/_win,for_t_l_ovl_sub_alp.bmp.ctxr,for_t_l_ovl_sub_alp.bmp,ctxr,11680,7509ac5d3bdd96bab93b3adeeb4b5ca03b5c70c2
textures/flatlist/ovr_stm/_win/for_t_r_ovl_sub_alp.bmp.ctxr,textures/flatlist/ovr_stm/_win,for_t_r_ovl_sub_alp.bmp.ctxr,for_t_r_ovl_sub_alp.bmp,ctxr,11680,e81b0d5fff7fb9822d10538abcea61adf6b67b6d
textures/flatlist/ovr_stm/_win/fstamp03_alp.bmp.ctxr,textures/flatlist/ovr_stm/_win,fstamp03_alp.bmp.ctxr,fstamp03_alp.bmp,ctxr,11264,13f36c7e09c42ccf6707b9e3dafba59f76046215
textures/flatlist/ovr_stm/_win/gas00.bmp.ctxr,textures/flatlist/ovr_stm/_win,gas00.bmp.ctxr,gas00.bmp,ctxr,87744,903f5e9ea9133196ba70cc688c39bbe0d17d859c
textures/flatlist/ovr_stm/_win/gas01.bmp.ctxr,textures/flatlist/ovr_stm/_win,gas01.bmp.ctxr,gas01.bmp,ctxr,22176,47e272c87f3c70129f3733657f7b3ec6f37a1b9e
textures/flatlist/ovr_stm/_win/gas_cap00.bmp.ctxr,textures/flatlist/ovr_stm/_win,gas_cap00.bmp.ctxr,gas_cap00.bmp,ctxr,11264,5d39c3c4da948da00b2d8aecad3a83aef0477591
textures/flatlist/ovr_stm/_win/gas_cap01.bmp.ctxr,textures/flatlist/ovr_stm/_win,gas_cap01.bmp.ctxr,gas_cap01.bmp,ctxr,5760,23a45d8844a4bdc5c21367581c046f628cbdda95
textures/flatlist/ovr_stm/_win/gas_dai02.bmp.ctxr,textures/flatlist/ovr_stm/_win,gas_dai02.bmp.ctxr,gas_dai02.bmp,ctxr,3072,64b0784284eb28aef51fd31d6f16ac195fb4a566
textures/flatlist/ovr_stm/_win/gas_dai02b.bmp.ctxr,textures/flatlist/ovr_stm/_win,gas_dai02b.bmp.ctxr,gas_dai02b.bmp,ctxr,3072,26856d4500ee451201578e503ccf79db02c9c3c8
textures/flatlist/ovr_stm/_win/gbc_bousi_f.bmp.ctxr,textures/flatlist/ovr_stm/_win,gbc_bousi_f.bmp.ctxr,gbc_bousi_f.bmp,ctxr,22176,3957a674e9369ed8a499e530434cfeacfaa60776
textures/flatlist/ovr_stm/_win/gbc_bousi_s2.bmp.ctxr,textures/flatlist/ovr_stm/_win,gbc_bousi_s2.bmp.ctxr,gbc_bousi_s2.bmp,ctxr,87744,374fe4627f3e68eb6f4e2ff3a47926190c27de27
textures/flatlist/ovr_stm/_win/gbc_deppari.bmp.ctxr,textures/flatlist/ovr_stm/_win,gbc_deppari.bmp.ctxr,gbc_deppari.bmp,ctxr,3040,1b93b20dbf23a1ddd4635a51dd9253d8eed08e92
textures/flatlist/ovr_stm/_win/gbc_kao.bmp.ctxr,textures/flatlist/ovr_stm/_win,gbc_kao.bmp.ctxr,gbc_kao.bmp,ctxr,175168,004213357dc6cdb58d37ff417389f6956c6edcac
textures/flatlist/ovr_stm/_win/gbc_maiku.bmp.ctxr,textures/flatlist/ovr_stm/_win,gbc_maiku.bmp.ctxr,gbc_maiku.bmp,ctxr,11264,d2c8e1a5ece3f59c8d8f215ee69bbe1c8cc9fb93
textures/flatlist/ovr_stm/_win/gbc_tuba.bmp.ctxr,textures/flatlist/ovr_stm/_win,gbc_tuba.bmp.ctxr,gbc_tuba.bmp,ctxr,11264,68116d4809b427d5522038632f676e3dd8298f29
textures/flatlist/ovr_stm/_win/gbc_tusinki.bmp.ctxr,textures/flatlist/ovr_stm/_win,gbc_tusinki.bmp.ctxr,gbc_tusinki.bmp,ctxr,44064,1674a074909dcda8a15832f481e31bf41386f688
textures/flatlist/ovr_stm/_win/gbs_ak_sling.bmp.ctxr,textures/flatlist/ovr_stm/_win,gbs_ak_sling.bmp.ctxr,gbs_ak_sling.bmp,ctxr,1664,e64ff54388fb442bb99dc2768fff2c03d9d60b60
textures/flatlist/ovr_stm/_win/gbs_arm_ss.bmp.ctxr,textures/flatlist/ovr_stm/_win,gbs_arm_ss.bmp.ctxr,gbs_arm_ss.bmp,ctxr,87744,da3135fb89891055d74154e31598b51ecd45727f
textures/flatlist/ovr_stm/_win/gbs_belt.bmp.ctxr,textures/flatlist/ovr_stm/_win,gbs_belt.bmp.ctxr,gbs_belt.bmp,ctxr,1664,f58b4aec9a4c4cb23c657a0fff646226ddcd6ee0
textures/flatlist/ovr_stm/_win/gbs_body_ss.bmp.ctxr,textures/flatlist/ovr_stm/_win,gbs_body_ss.bmp.ctxr,gbs_body_ss.bmp,ctxr,175168,e3925bd6200a4ac401d7f6fb20397d5ab5af643e
textures/flatlist/ovr_stm/_win/gbs_boot_bot1.bmp.ctxr,textures/flatlist/ovr_stm/_win,gbs_boot_bot1.bmp.ctxr,gbs_boot_bot1.bmp,ctxr,11264,e53fa56dc710e9bb96fda33c2ebcc479a0569b67
textures/flatlist/ovr_stm/_win/gbs_boot_bot2.bmp.ctxr,textures/flatlist/ovr_stm/_win,gbs_boot_bot2.bmp.ctxr,gbs_boot_bot2.bmp,ctxr,5760,8ac208c22f760a8ccb6233cf0ce123bc5da4ce10
textures/flatlist/ovr_stm/_win/gbs_boot_ss.bmp.ctxr,textures/flatlist/ovr_stm/_win,gbs_boot_ss.bmp.ctxr,gbs_boot_ss.bmp,ctxr,22176,9cf26206ef1cae0ab99eaef41d7f1109f9cfaa2a
textures/flatlist/ovr_stm/_win/gbs_bp1.bmp.ctxr,textures/flatlist/ovr_stm/_win,gbs_bp1.bmp.ctxr,gbs_bp1.bmp,ctxr,44064,467242b4b837a98a77074cada43476e558075859
textures/flatlist/ovr_stm/_win/gbs_bp2.bmp.ctxr,textures/flatlist/ovr_stm/_win,gbs_bp2.bmp.ctxr,gbs_bp2.bmp,ctxr,11264,58370428e88f3de5e5f1df81596ea6408a90dd85
textures/flatlist/ovr_stm/_win/gbs_eri.bmp.ctxr,textures/flatlist/ovr_stm/_win,gbs_eri.bmp.ctxr,gbs_eri.bmp,ctxr,11296,f2cd8896bb819b277960ed2fb4176ba118c90041
textures/flatlist/ovr_stm/_win/gbs_eye_def.bmp.ctxr,textures/flatlist/ovr_stm/_win,gbs_eye_def.bmp.ctxr,gbs_eye_def.bmp,ctxr,3040,4e900ffe311d1313d7f5fa54ccc14d123082f7ac
textures/flatlist/ovr_stm/_win/gbs_eye_white.bmp.ctxr,textures/flatlist/ovr_stm/_win,gbs_eye_white.bmp.ctxr,gbs_eye_white.bmp,ctxr,3040,e4952039eb74f1ee1f50f1f5764174a2b15f3536
textures/flatlist/ovr_stm/_win/gbs_face.bmp.ctxr,textures/flatlist/ovr_stm/_win,gbs_face.bmp.ctxr,gbs_face.bmp,ctxr,22176,2e4f90927a976d12b84b8b4a33e6271b4bd57e1c
textures/flatlist/ovr_stm/_win/gbs_head_back.bmp.ctxr,textures/flatlist/ovr_stm/_win,gbs_head_back.bmp.ctxr,gbs_head_back.bmp,ctxr,3040,473397020cb8a4f1727c3abb5a8b42d7e760733a
textures/flatlist/ovr_stm/_win/gbs_head_side.bmp.ctxr,textures/flatlist/ovr_stm/_win,gbs_head_side.bmp.ctxr,gbs_head_side.bmp,ctxr,11264,630a2bf5c73952570c93c7943fafe2d3578770f4
textures/flatlist/ovr_stm/_win/gbs_head_top.bmp.ctxr,textures/flatlist/ovr_stm/_win,gbs_head_top.bmp.ctxr,gbs_head_top.bmp,ctxr,22208,7ba3b286c7972bcf3c69fff0e66ff2236a17bdbd
textures/flatlist/ovr_stm/_win/gbs_leg_ss.bmp.ctxr,textures/flatlist/ovr_stm/_win,gbs_leg_ss.bmp.ctxr,gbs_leg_ss.bmp,ctxr,175168,9e5645a7a591162ef61f9411d5cee4a0e39b5428
textures/flatlist/ovr_stm/_win/gbs_p2_back.bmp.ctxr,textures/flatlist/ovr_stm/_win,gbs_p2_back.bmp.ctxr,gbs_p2_back.bmp,ctxr,5760,cbf35c5fe8e1037866509fb01db40c0b7a1d7094
textures/flatlist/ovr_stm/_win/gbs_p2_fro.bmp.ctxr,textures/flatlist/ovr_stm/_win,gbs_p2_fro.bmp.ctxr,gbs_p2_fro.bmp,ctxr,5760,2b0f19058ed69aee790b26bd91647ef8fd3c1c38
textures/flatlist/ovr_stm/_win/gbs_p2_side.bmp.ctxr,textures/flatlist/ovr_stm/_win,gbs_p2_side.bmp.ctxr,gbs_p2_side.bmp,ctxr,992,0650d59943ba396fd87a1d59b1fba00b77316539
textures/flatlist/ovr_stm/_win/gbs_p4_fro.bmp.ctxr,textures/flatlist/ovr_stm/_win,gbs_p4_fro.bmp.ctxr,gbs_p4_fro.bmp,ctxr,11264,cebeeb6b83deb8553b1bd952480c5998fde9ba87
textures/flatlist/ovr_stm/_win/gbs_p4_side.bmp.ctxr,textures/flatlist/ovr_stm/_win,gbs_p4_side.bmp.ctxr,gbs_p4_side.bmp,ctxr,3072,321eb57e0b22c7e1bb4654b80ccbab2d782ec297
textures/flatlist/ovr_stm/_win/gbs_toe2.bmp.ctxr,textures/flatlist/ovr_stm/_win,gbs_toe2.bmp.ctxr,gbs_toe2.bmp,ctxr,22176,3942cc543d7a77d63d915cd8065dab2602de8a20
textures/flatlist/ovr_stm/_win/gcyp_amo_f1.bmp.ctxr,textures/flatlist/ovr_stm/_win,gcyp_amo_f1.bmp.ctxr,gcyp_amo_f1.bmp,ctxr,3040,460396b9ca42e0b8036f7be7bbf685cd21d9cb37
textures/flatlist/ovr_stm/_win/gcyp_bodykim.bmp.ctxr,textures/flatlist/ovr_stm/_win,gcyp_bodykim.bmp.ctxr,gcyp_bodykim.bmp,ctxr,11264,1541671c900799c54bc7a2a662b4135a866017b2
textures/flatlist/ovr_stm/_win/ghost_pos.bmp.ctxr,textures/flatlist/ovr_stm/_win,ghost_pos.bmp.ctxr,ghost_pos.bmp,ctxr,349920,f3a69eec36262a0f3b0d15137bdfa485f9d800b6
textures/flatlist/ovr_stm/_win/gps_arm_ss2.bmp.ctxr,textures/flatlist/ovr_stm/_win,gps_arm_ss2.bmp.ctxr,gps_arm_ss2.bmp,ctxr,87744,42a19920d1f802f0bd9d72142f35651c4897e41a
textures/flatlist/ovr_stm/_win/gps_body_ss.bmp.ctxr,textures/flatlist/ovr_stm/_win,gps_body_ss.bmp.ctxr,gps_body_ss.bmp,ctxr,175168,d5b34a49f36f2c0968ef87e611a0e51cfd4ea66d
textures/flatlist/ovr_stm/_win/gps_boot_ss.bmp.ctxr,textures/flatlist/ovr_stm/_win,gps_boot_ss.bmp.ctxr,gps_boot_ss.bmp,ctxr,22176,e5c23cba19d390844e2102ad8129a5a9118d9199
textures/flatlist/ovr_stm/_win/gps_crest_l_ovl_alp.bmp.ctxr,textures/flatlist/ovr_stm/_win,gps_crest_l_ovl_alp.bmp.ctxr,gps_crest_l_ovl_alp.bmp,ctxr,5760,05f2665860a3eda9738539d70476d4d60933c446
textures/flatlist/ovr_stm/_win/gps_crest_r_ovl_alp.bmp.ctxr,textures/flatlist/ovr_stm/_win,gps_crest_r_ovl_alp.bmp.ctxr,gps_crest_r_ovl_alp.bmp,ctxr,5760,5873204a85040f04a3f6c41bbce6cdeb6bd76fe4
textures/flatlist/ovr_stm/_win/gps_eri.bmp.ctxr,textures/flatlist/ovr_stm/_win,gps_eri.bmp.ctxr,gps_eri.bmp,ctxr,11296,a29909b014c6866d2bd436278574b15890710590
textures/flatlist/ovr_stm/_win/gps_eye_close.bmp.ctxr,textures/flatlist/ovr_stm/_win,gps_eye_close.bmp.ctxr,gps_eye_close.bmp,ctxr,5760,7709dff9db6223a2b2809f524337e0e622bf9478
textures/flatlist/ovr_stm/_win/gps_eye_def.bmp.ctxr,textures/flatlist/ovr_stm/_win,gps_eye_def.bmp.ctxr,gps_eye_def.bmp,ctxr,5760,25100b33435cd18b4a327e9f22ad749e49b26c38
textures/flatlist/ovr_stm/_win/gps_eye_open.bmp.ctxr,textures/flatlist/ovr_stm/_win,gps_eye_open.bmp.ctxr,gps_eye_open.bmp,ctxr,5760,22b611dc894a0197fb36d98a06777de301287961
textures/flatlist/ovr_stm/_win/gps_eye_pain.bmp.ctxr,textures/flatlist/ovr_stm/_win,gps_eye_pain.bmp.ctxr,gps_eye_pain.bmp,ctxr,5760,591d59271c415a412ed52de8f8525eb7bef3ce33
textures/flatlist/ovr_stm/_win/gps_eye_white.bmp.ctxr,textures/flatlist/ovr_stm/_win,gps_eye_white.bmp.ctxr,gps_eye_white.bmp,ctxr,5760,df927b0e25e47fedf5fa9f64202163c7a994ff9d
textures/flatlist/ovr_stm/_win/gps_knife.bmp.ctxr,textures/flatlist/ovr_stm/_win,gps_knife.bmp.ctxr,gps_knife.bmp,ctxr,5824,0010a07bdd84ccd8b922200401989dae7116948c
textures/flatlist/ovr_stm/_win/gps_leg_ss.bmp.ctxr,textures/flatlist/ovr_stm/_win,gps_leg_ss.bmp.ctxr,gps_leg_ss.bmp,ctxr,175168,62f74c672074dc36dfc5fb1d9d4ae08b584748b3
textures/flatlist/ovr_stm/_win/gps_mask.bmp.ctxr,textures/flatlist/ovr_stm/_win,gps_mask.bmp.ctxr,gps_mask.bmp,ctxr,87744,8d9bfb26c3cbd11b43b7744c93fc5dbd8735bff8
textures/flatlist/ovr_stm/_win/gps_poket.bmp.ctxr,textures/flatlist/ovr_stm/_win,gps_poket.bmp.ctxr,gps_poket.bmp,ctxr,11264,5e9af7e7921571a657d2efa42782cb0e07f0db70
textures/flatlist/ovr_stm/_win/gps_poket2.bmp.ctxr,textures/flatlist/ovr_stm/_win,gps_poket2.bmp.ctxr,gps_poket2.bmp,ctxr,5760,199a33bfcb8aefa32c49445bc3edf07a551ee63a
textures/flatlist/ovr_stm/_win/gps_toe2.bmp.ctxr,textures/flatlist/ovr_stm/_win,gps_toe2.bmp.ctxr,gps_toe2.bmp,ctxr,22176,d4bb5e6258e6f4b6dae0939ed2e075cbefacabfd
textures/flatlist/ovr_stm/_win/gps_wrist.bmp.ctxr,textures/flatlist/ovr_stm/_win,gps_wrist.bmp.ctxr,gps_wrist.bmp,ctxr,5792,a376621d3f0aaddfa42925b2ed27e5bc90f4d4a5
textures/flatlist/ovr_stm/_win/grn_sb_body.bmp.ctxr,textures/flatlist/ovr_stm/_win,grn_sb_body.bmp.ctxr,grn_sb_body.bmp,ctxr,44064,f1dea2926def00c9afad66466ecbb868cf2d7f4e
textures/flatlist/ovr_stm/_win/gwb_ceil01.bmp.ctxr,textures/flatlist/ovr_stm/_win,gwb_ceil01.bmp.ctxr,gwb_ceil01.bmp,ctxr,175168,a2d39b72cdf54f74cbb937463d481f1759fb4147
textures/flatlist/ovr_stm/_win/gwb_fen01_msk.bmp.ctxr,textures/flatlist/ovr_stm/_win,gwb_fen01_msk.bmp.ctxr,gwb_fen01_msk.bmp,ctxr,87776,dbaaaa873bc47c519d7643f2e24a2eae8933c62f
textures/flatlist/ovr_stm/_win/gwb_pole01.bmp.ctxr,textures/flatlist/ovr_stm/_win,gwb_pole01.bmp.ctxr,gwb_pole01.bmp,ctxr,87744,8e79532bb087379ba61a93b99e2312274d2c6ca9
textures/flatlist/ovr_stm/_win/gwb_pole02.bmp.ctxr,textures/flatlist/ovr_stm/_win,gwb_pole02.bmp.ctxr,gwb_pole02.bmp,ctxr,44064,221261c319d917669b0b9a49999fe54b5e7ede58
textures/flatlist/ovr_stm/_win/h6h_body_f1.bmp.ctxr,textures/flatlist/ovr_stm/_win,h6h_body_f1.bmp.ctxr,h6h_body_f1.bmp,ctxr,22176,44a073633202b2914d214e89b743cf1a715d28fa
textures/flatlist/ovr_stm/_win/h6h_body_s1.bmp.ctxr,textures/flatlist/ovr_stm/_win,h6h_body_s1.bmp.ctxr,h6h_body_s1.bmp,ctxr,349952,b68bd16c627dace7572bcd8b9e9dc96ac4900cd4
textures/flatlist/ovr_stm/_win/h6h_body_s3.bmp.ctxr,textures/flatlist/ovr_stm/_win,h6h_body_s3.bmp.ctxr,h6h_body_s3.bmp,ctxr,175168,a9a9a29acd587a90858b92e231031a2b446405a8
textures/flatlist/ovr_stm/_win/h6h_body_t1.bmp.ctxr,textures/flatlist/ovr_stm/_win,h6h_body_t1.bmp.ctxr,h6h_body_t1.bmp,ctxr,349952,8a738cfa9f7d2f3cbd8f5f0228eae7c6ec7c5d98
textures/flatlist/ovr_stm/_win/h6h_body_u1.bmp.ctxr,textures/flatlist/ovr_stm/_win,h6h_body_u1.bmp.ctxr,h6h_body_u1.bmp,ctxr,87776,823985e0e646aa9cb41129162b79f776381a83da
textures/flatlist/ovr_stm/_win/h6h_duct_hole.bmp.ctxr,textures/flatlist/ovr_stm/_win,h6h_duct_hole.bmp.ctxr,h6h_duct_hole.bmp,ctxr,11264,1725a573ce509a837ee14f8b28ae6af21a149438
textures/flatlist/ovr_stm/_win/h6h_duct_s1.bmp.ctxr,textures/flatlist/ovr_stm/_win,h6h_duct_s1.bmp.ctxr,h6h_duct_s1.bmp,ctxr,87744,2b07f413893494c2fac601045ba743ef8f029e79
textures/flatlist/ovr_stm/_win/h6h_face_s1.bmp.ctxr,textures/flatlist/ovr_stm/_win,h6h_face_s1.bmp.ctxr,h6h_face_s1.bmp,ctxr,44064,6bbdd56691c027a7f371ba05ae724802e7b1e559
textures/flatlist/ovr_stm/_win/h6h_intake_s1.bmp.ctxr,textures/flatlist/ovr_stm/_win,h6h_intake_s1.bmp.ctxr,h6h_intake_s1.bmp,ctxr,87744,82347e6ffc83b3a20a7d42344b1489030a78cdf9
textures/flatlist/ovr_stm/_win/h6h_tailbox1.bmp.ctxr,textures/flatlist/ovr_stm/_win,h6h_tailbox1.bmp.ctxr,h6h_tailbox1.bmp,ctxr,22176,ead8712d58e1f6e0bee542b2041349561ceb1a3e
textures/flatlist/ovr_stm/_win/h6h_tailwing_s1.bmp.ctxr,textures/flatlist/ovr_stm/_win,h6h_tailwing_s1.bmp.ctxr,h6h_tailwing_s1.bmp,ctxr,87744,953fa3785887bd7e8ad622eb0f9b9c60f34a93c0
textures/flatlist/ovr_stm/_win/h6h_tank1_s1.bmp.ctxr,textures/flatlist/ovr_stm/_win,h6h_tank1_s1.bmp.ctxr,h6h_tank1_s1.bmp,ctxr,44064,734f7ec0ad0b2e189c19b0c9b1b14e6e9539a39e
textures/flatlist/ovr_stm/_win/h6h_temptex1.bmp.ctxr,textures/flatlist/ovr_stm/_win,h6h_temptex1.bmp.ctxr,h6h_temptex1.bmp,ctxr,22176,440c25716fe2c5670b78363006acd29cd30abf3c
textures/flatlist/ovr_stm/_win/h6h_wheel.bmp.ctxr,textures/flatlist/ovr_stm/_win,h6h_wheel.bmp.ctxr,h6h_wheel.bmp,ctxr,5760,3e960d82b4a14d5c5bc2132c0c22c29270916072
textures/flatlist/ovr_stm/_win/h6h_wheel_shaft.bmp.ctxr,textures/flatlist/ovr_stm/_win,h6h_wheel_shaft.bmp.ctxr,h6h_wheel_shaft.bmp,ctxr,5792,9eb54c5e6f5e91309e73867380b04517f908a3df
textures/flatlist/ovr_stm/_win/hakof1.bmp.ctxr,textures/flatlist/ovr_stm/_win,hakof1.bmp.ctxr,hakof1.bmp,ctxr,22176,fc10a8a27b56aa10e1606fa14330db41c0a56257
textures/flatlist/ovr_stm/_win/hakos1.bmp.ctxr,textures/flatlist/ovr_stm/_win,hakos1.bmp.ctxr,hakos1.bmp,ctxr,22176,a1c516510fc18bbab3389e1f0375fb5bf75900f3
textures/flatlist/ovr_stm/_win/hakot1.bmp.ctxr,textures/flatlist/ovr_stm/_win,hakot1.bmp.ctxr,hakot1.bmp,ctxr,22176,2a8c2ec393bed0b27edef9ac0e0c83ef50eae776
textures/flatlist/ovr_stm/_win/hri2_body_back_cracked.bmp.ctxr,textures/flatlist/ovr_stm/_win,hri2_body_back_cracked.bmp.ctxr,hri2_body_back_cracked.bmp,ctxr,44064,5dc144fe93c849ea57e224fc1dbe0a73dc8db78a
textures/flatlist/ovr_stm/_win/hri2_body_s1_brk.bmp.ctxr,textures/flatlist/ovr_stm/_win,hri2_body_s1_brk.bmp.ctxr,hri2_body_s1_brk.bmp,ctxr,349952,e9276906980b67cedba5d479abbb423ed50fb2e4
textures/flatlist/ovr_stm/_win/hri2_cnpy02_brk_kato_ovl.bmp.ctxr,textures/flatlist/ovr_stm/_win,hri2_cnpy02_brk_kato_ovl.bmp.ctxr,hri2_cnpy02_brk_kato_ovl.bmp,ctxr,87776,afbf5dfe781868092f0b3270c80f792961166e6c
textures/flatlist/ovr_stm/_win/hri2_cockpit_console_t3.bmp.ctxr,textures/flatlist/ovr_stm/_win,hri2_cockpit_console_t3.bmp.ctxr,hri2_cockpit_console_t3.bmp,ctxr,87744,ca82c66e2090a1fa8cc753816122af996059fb5f
textures/flatlist/ovr_stm/_win/hri2_cockpit_sideplate_01.bmp.ctxr,textures/flatlist/ovr_stm/_win,hri2_cockpit_sideplate_01.bmp.ctxr,hri2_cockpit_sideplate_01.bmp,ctxr,11296,d25338ea3120ff3c8fee7879f98a265518b86642
textures/flatlist/ovr_stm/_win/hri2_face_s1_brk.bmp.ctxr,textures/flatlist/ovr_stm/_win,hri2_face_s1_brk.bmp.ctxr,hri2_face_s1_brk.bmp,ctxr,175168,0b38ba4d61b6dab9236e9f999ca937f1aa75878c
textures/flatlist/ovr_stm/_win/hri2_mwing_t1_brk.bmp.ctxr,textures/flatlist/ovr_stm/_win,hri2_mwing_t1_brk.bmp.ctxr,hri2_mwing_t1_brk.bmp,ctxr,349920,d94d096014a27a06485f5fb5e407f79921403c58
textures/flatlist/ovr_stm/_win/iro_armblood_alp_ovl.bmp.ctxr,textures/flatlist/ovr_stm/_win,iro_armblood_alp_ovl.bmp.ctxr,iro_armblood_alp_ovl.bmp,ctxr,44064,94d1aeafc2dd23c2100142a5f4cfbdc6ddd725a1
textures/flatlist/ovr_stm/_win/iro_arm_l.bmp.ctxr,textures/flatlist/ovr_stm/_win,iro_arm_l.bmp.ctxr,iro_arm_l.bmp,ctxr,87744,cfa430d9c6c2bf662817b02312ffec891fa85bd2
textures/flatlist/ovr_stm/_win/iro_arm_r.bmp.ctxr,textures/flatlist/ovr_stm/_win,iro_arm_r.bmp.ctxr,iro_arm_r.bmp,ctxr,87744,0ab8de08f06dde12988cb06e4c83019d6979b794
textures/flatlist/ovr_stm/_win/iro_arm_ss.bmp.ctxr,textures/flatlist/ovr_stm/_win,iro_arm_ss.bmp.ctxr,iro_arm_ss.bmp,ctxr,11296,8ba074f76c6a337c3eb0b517137f843051c66857
textures/flatlist/ovr_stm/_win/iro_bag1.bmp.ctxr,textures/flatlist/ovr_stm/_win,iro_bag1.bmp.ctxr,iro_bag1.bmp,ctxr,11264,c0440fa03e60a0496564f06d9bac36b03b3815a4
textures/flatlist/ovr_stm/_win/iro_bag2.bmp.ctxr,textures/flatlist/ovr_stm/_win,iro_bag2.bmp.ctxr,iro_bag2.bmp,ctxr,44064,d2c5f5107c40f7b0761bcca6fa4c54799e76c74f
textures/flatlist/ovr_stm/_win/iro_bag3.bmp.ctxr,textures/flatlist/ovr_stm/_win,iro_bag3.bmp.ctxr,iro_bag3.bmp,ctxr,11264,7c4e9abc0afea260f008db2b0c575b800d2fbc64
textures/flatlist/ovr_stm/_win/iro_bag4.bmp.ctxr,textures/flatlist/ovr_stm/_win,iro_bag4.bmp.ctxr,iro_bag4.bmp,ctxr,11264,539878c3560d328f4d6e697cb72ac3b3da36bb6e
textures/flatlist/ovr_stm/_win/iro_bag5.bmp.ctxr,textures/flatlist/ovr_stm/_win,iro_bag5.bmp.ctxr,iro_bag5.bmp,ctxr,1664,9fd0cfc979769e1008b1f5d244d0efc4e60b3cfa
textures/flatlist/ovr_stm/_win/iro_bag6.bmp.ctxr,textures/flatlist/ovr_stm/_win,iro_bag6.bmp.ctxr,iro_bag6.bmp,ctxr,960,16b7fb50a353b0512f0fb5c77fa38f22f53c4557
textures/flatlist/ovr_stm/_win/iro_body.bmp.ctxr,textures/flatlist/ovr_stm/_win,iro_body.bmp.ctxr,iro_body.bmp,ctxr,175168,d10921eb15c38381c636d034d28b7ce1ab9c699a
textures/flatlist/ovr_stm/_win/iro_boots.bmp.ctxr,textures/flatlist/ovr_stm/_win,iro_boots.bmp.ctxr,iro_boots.bmp,ctxr,87744,480eb8c9bb4c987f55448fae108aa82a0093e26b
textures/flatlist/ovr_stm/_win/iro_face.bmp.ctxr,textures/flatlist/ovr_stm/_win,iro_face.bmp.ctxr,iro_face.bmp,ctxr,22208,2601f6aab231c71264b2149ef6364ee0a3cc8919
textures/flatlist/ovr_stm/_win/iro_face.bmp_c2887b3a82812f39ba6df6e2295dab8a.ctxr,textures/flatlist/ovr_stm/_win,iro_face.bmp_c2887b3a82812f39ba6df6e2295dab8a.ctxr,iro_face.bmp_c2887b3a82812f39ba6df6e2295dab8a,ctxr,87776,f037fce9964486db7b3d33f596d14b55c1f16c55
textures/flatlist/ovr_stm/_win/iro_glass_frame.bmp.ctxr,textures/flatlist/ovr_stm/_win,iro_glass_frame.bmp.ctxr,iro_glass_frame.bmp,ctxr,288,8fee921882ddf01298cb99abf750cf5f9c1d3251
textures/flatlist/ovr_stm/_win/iro_glass_sub_ovl_alp.bmp.ctxr,textures/flatlist/ovr_stm/_win,iro_glass_sub_ovl_alp.bmp.ctxr,iro_glass_sub_ovl_alp.bmp,ctxr,4768,c069cd4f73f2ada436ae6cbe8694651adacae5af
textures/flatlist/ovr_stm/_win/iro_hair01_alp_ovl.bmp.ctxr,textures/flatlist/ovr_stm/_win,iro_hair01_alp_ovl.bmp.ctxr,iro_hair01_alp_ovl.bmp,ctxr,22176,0b62b813e08cc8c63f13640fddd049415a28ec6a
textures/flatlist/ovr_stm/_win/iro_hair02_alp_ovl.bmp.ctxr,textures/flatlist/ovr_stm/_win,iro_hair02_alp_ovl.bmp.ctxr,iro_hair02_alp_ovl.bmp,ctxr,87744,46b31b186f871dd08ef8b1d522347722312f7670
textures/flatlist/ovr_stm/_win/iro_hair_base.bmp.ctxr,textures/flatlist/ovr_stm/_win,iro_hair_base.bmp.ctxr,iro_hair_base.bmp,ctxr,175168,d937802a98645564d31ec93a6cf14f2cf36ca34b
textures/flatlist/ovr_stm/_win/iro_hand.bmp.ctxr,textures/flatlist/ovr_stm/_win,iro_hand.bmp.ctxr,iro_hand.bmp,ctxr,11264,eb88641954aee205241f61b84376fcdbd53ced50
textures/flatlist/ovr_stm/_win/iro_hand_hi.bmp.ctxr,textures/flatlist/ovr_stm/_win,iro_hand_hi.bmp.ctxr,iro_hand_hi.bmp,ctxr,44064,00abde0ac6f2890ef72c59c73f4733318a958c44
textures/flatlist/ovr_stm/_win/iro_hi_ela_alp_ovl.bmp.ctxr,textures/flatlist/ovr_stm/_win,iro_hi_ela_alp_ovl.bmp.ctxr,iro_hi_ela_alp_ovl.bmp,ctxr,22208,4b0fc3591025aba8bdc7d67f678cb327c8082352
textures/flatlist/ovr_stm/_win/iro_hi_face.bmp.ctxr,textures/flatlist/ovr_stm/_win,iro_hi_face.bmp.ctxr,iro_hi_face.bmp,ctxr,349952,3f81ecea63f033734aa9d4a8aeba185856e4747d
textures/flatlist/ovr_stm/_win/iro_hi_face_bandage.bmp.ctxr,textures/flatlist/ovr_stm/_win,iro_hi_face_bandage.bmp.ctxr,iro_hi_face_bandage.bmp,ctxr,349952,27cb6cb07ebc284cbe31bd2b73680029cff1ffe8
textures/flatlist/ovr_stm/_win/iro_hi_finger.bmp.ctxr,textures/flatlist/ovr_stm/_win,iro_hi_finger.bmp.ctxr,iro_hi_finger.bmp,ctxr,5760,6da9d1d6fed6454a1bb741cbd06ce4ce0ab3e921
textures/flatlist/ovr_stm/_win/iro_hi_finger2.bmp.ctxr,textures/flatlist/ovr_stm/_win,iro_hi_finger2.bmp.ctxr,iro_hi_finger2.bmp,ctxr,5760,34d7070183e18b93421c19ad54556745e9c99749
textures/flatlist/ovr_stm/_win/iro_hi_hand1.bmp.ctxr,textures/flatlist/ovr_stm/_win,iro_hi_hand1.bmp.ctxr,iro_hi_hand1.bmp,ctxr,44064,06da2fafb69664108b3a164d582b7db36474652e
textures/flatlist/ovr_stm/_win/iro_hi_hand2.bmp.ctxr,textures/flatlist/ovr_stm/_win,iro_hi_hand2.bmp.ctxr,iro_hi_hand2.bmp,ctxr,22176,2936bfc0bc5a8253fe2b34566f79b09a12bde535
textures/flatlist/ovr_stm/_win/iro_hi_tang.bmp.ctxr,textures/flatlist/ovr_stm/_win,iro_hi_tang.bmp.ctxr,iro_hi_tang.bmp,ctxr,22176,7cf54e7ac0e6fb47680636490786252e157b0665
textures/flatlist/ovr_stm/_win/iro_hi_teeth.bmp.ctxr,textures/flatlist/ovr_stm/_win,iro_hi_teeth.bmp.ctxr,iro_hi_teeth.bmp,ctxr,44064,c21cb517497b24d52c5c97c89eb9973587958d05
textures/flatlist/ovr_stm/_win/iro_mask.bmp.ctxr,textures/flatlist/ovr_stm/_win,iro_mask.bmp.ctxr,iro_mask.bmp,ctxr,87744,c95ad6d9e22c505c1d55cd635e8648bb143851bb
textures/flatlist/ovr_stm/_win/iro_nail.bmp.ctxr,textures/flatlist/ovr_stm/_win,iro_nail.bmp.ctxr,iro_nail.bmp,ctxr,3040,0a5a340664c6178b7a94276169f5a56cf9685a21
textures/flatlist/ovr_stm/_win/iro_phones01.bmp.ctxr,textures/flatlist/ovr_stm/_win,iro_phones01.bmp.ctxr,iro_phones01.bmp,ctxr,44064,773d9923535a8d914b865fc1fa7c02887d7cfd33
textures/flatlist/ovr_stm/_win/iro_phones02_ovl_alp.bmp.ctxr,textures/flatlist/ovr_stm/_win,iro_phones02_ovl_alp.bmp.ctxr,iro_phones02_ovl_alp.bmp,ctxr,5760,298ffe2cbd2af6f56537fddcb8400eac59bc0e10
textures/flatlist/ovr_stm/_win/iro_radio.bmp.ctxr,textures/flatlist/ovr_stm/_win,iro_radio.bmp.ctxr,iro_radio.bmp,ctxr,22176,e17f10381f8b43ddd9b27020aeaee5fb295143f4
textures/flatlist/ovr_stm/_win/iro_radio_band_alp_ovl.bmp.ctxr,textures/flatlist/ovr_stm/_win,iro_radio_band_alp_ovl.bmp.ctxr,iro_radio_band_alp_ovl.bmp,ctxr,22176,02e569cf3ca090f147508e07c9a30ea9e04fbd1c
textures/flatlist/ovr_stm/_win/iro_skin.bmp.ctxr,textures/flatlist/ovr_stm/_win,iro_skin.bmp.ctxr,iro_skin.bmp,ctxr,11264,41e60fec9a86dcc4b6937db63d8e9a30e88db6e0
textures/flatlist/ovr_stm/_win/iro_skin_bandage.bmp.ctxr,textures/flatlist/ovr_stm/_win,iro_skin_bandage.bmp.ctxr,iro_skin_bandage.bmp,ctxr,44064,0ed287d2ff1009f5034514c7aff878315bbb6dea
textures/flatlist/ovr_stm/_win/iro_skin_blood.bmp.ctxr,textures/flatlist/ovr_stm/_win,iro_skin_blood.bmp.ctxr,iro_skin_blood.bmp,ctxr,44064,e1a9db931bd09f0e7788d5c122e1de15cb6949ca
textures/flatlist/ovr_stm/_win/iro_sk_face.bmp.ctxr,textures/flatlist/ovr_stm/_win,iro_sk_face.bmp.ctxr,iro_sk_face.bmp,ctxr,22208,afffe310fef642e8e4e62e6d32406f52b6694a00
textures/flatlist/ovr_stm/_win/iro_snawear.bmp.ctxr,textures/flatlist/ovr_stm/_win,iro_snawear.bmp.ctxr,iro_snawear.bmp,ctxr,5760,1dbaf242579dbd56be114f1efe9d7b08d21261a2
textures/flatlist/ovr_stm/_win/irs_box_all.bmp.ctxr,textures/flatlist/ovr_stm/_win,irs_box_all.bmp.ctxr,irs_box_all.bmp,ctxr,22176,5598f34acd5c33f32c22b0f1335c83573cf6642c
textures/flatlist/ovr_stm/_win/irs_box_back.bmp.ctxr,textures/flatlist/ovr_stm/_win,irs_box_back.bmp.ctxr,irs_box_back.bmp,ctxr,5760,859d7a00dc938d5c8ec94853a7bb1f2688238edd
textures/flatlist/ovr_stm/_win/irs_box_break.bmp.ctxr,textures/flatlist/ovr_stm/_win,irs_box_break.bmp.ctxr,irs_box_break.bmp,ctxr,22176,300faa914f8263ccab4341a47f72971488476ad9
textures/flatlist/ovr_stm/_win/irs_main.bmp.ctxr,textures/flatlist/ovr_stm/_win,irs_main.bmp.ctxr,irs_main.bmp,ctxr,22208,5c44470e243eed9a0176d388e2418ac7263d150a
textures/flatlist/ovr_stm/_win/irs_u1.bmp.ctxr,textures/flatlist/ovr_stm/_win,irs_u1.bmp.ctxr,irs_u1.bmp,ctxr,22176,3f0cef897911c5c94c3c3926b2ba3ee2c44a13cb
textures/flatlist/ovr_stm/_win/jim_rusty_arm_01.bmp.ctxr,textures/flatlist/ovr_stm/_win,jim_rusty_arm_01.bmp.ctxr,jim_rusty_arm_01.bmp,ctxr,11264,80d286d3e5047fd2e4f312b86154f9ebaab5a01e
textures/flatlist/ovr_stm/_win/jim_rusty_back_01.bmp.ctxr,textures/flatlist/ovr_stm/_win,jim_rusty_back_01.bmp.ctxr,jim_rusty_back_01.bmp,ctxr,11264,b2bcea38f6b3bc7ec26d2ed0d5c235e5ba3368c2
textures/flatlist/ovr_stm/_win/jim_rusty_body_02.bmp.ctxr,textures/flatlist/ovr_stm/_win,jim_rusty_body_02.bmp.ctxr,jim_rusty_body_02.bmp,ctxr,22176,9b47268b42cd3f6dae520649ea43b4d7d4a9f221
textures/flatlist/ovr_stm/_win/jim_rusty_joint_01.bmp.ctxr,textures/flatlist/ovr_stm/_win,jim_rusty_joint_01.bmp.ctxr,jim_rusty_joint_01.bmp,ctxr,22176,71ddeeb122980de66142ae4cd1967e05f769a354
textures/flatlist/ovr_stm/_win/jim_rusty_met_02.bmp.ctxr,textures/flatlist/ovr_stm/_win,jim_rusty_met_02.bmp.ctxr,jim_rusty_met_02.bmp,ctxr,22176,8ffadf6c37a633f40de4aa2e8ee77c225e10a30e
textures/flatlist/ovr_stm/_win/jim_rusty_win_01.bmp.ctxr,textures/flatlist/ovr_stm/_win,jim_rusty_win_01.bmp.ctxr,jim_rusty_win_01.bmp,ctxr,22176,ec897d6b4f69828d40df8d5738bd4e8093440fd4
textures/flatlist/ovr_stm/_win/kaitaic4_c_f1.bmp.ctxr,textures/flatlist/ovr_stm/_win,kaitaic4_c_f1.bmp.ctxr,kaitaic4_c_f1.bmp,ctxr,87744,70578d0033dc130416903ad585b7e157805ebb4f
textures/flatlist/ovr_stm/_win/kckis_box1.bmp.ctxr,textures/flatlist/ovr_stm/_win,kckis_box1.bmp.ctxr,kckis_box1.bmp,ctxr,22176,ee89f9fd08a6eaad16ce76c0e6523acf1c08bf03
textures/flatlist/ovr_stm/_win/kckis_door_walls1.bmp.ctxr,textures/flatlist/ovr_stm/_win,kckis_door_walls1.bmp.ctxr,kckis_door_walls1.bmp,ctxr,22208,211dbfc061761277eb044c9f58dddb2c4a838b20
textures/flatlist/ovr_stm/_win/kckis_pipe1.bmp.ctxr,textures/flatlist/ovr_stm/_win,kckis_pipe1.bmp.ctxr,kckis_pipe1.bmp,ctxr,11264,f8ceac3f16a62a071367fc060b4ccce12566e0d5
textures/flatlist/ovr_stm/_win/kckis_wall_s1.bmp.ctxr,textures/flatlist/ovr_stm/_win,kckis_wall_s1.bmp.ctxr,kckis_wall_s1.bmp,ctxr,349920,c9a807af2c276400cbdd70f44a03177b637b64fe
textures/flatlist/ovr_stm/_win/kck_body1_s.bmp.ctxr,textures/flatlist/ovr_stm/_win,kck_body1_s.bmp.ctxr,kck_body1_s.bmp,ctxr,175168,0e88a1a6708e3bb4cf950f88a0becf0749f968d4
textures/flatlist/ovr_stm/_win/kck_body1_t.bmp.ctxr,textures/flatlist/ovr_stm/_win,kck_body1_t.bmp.ctxr,kck_body1_t.bmp,ctxr,44064,5bf1f1243ab88d66ab2c0d1270c509a131504144
textures/flatlist/ovr_stm/_win/kck_body2.bmp.ctxr,textures/flatlist/ovr_stm/_win,kck_body2.bmp.ctxr,kck_body2.bmp,ctxr,175168,d501af97a1224ae0b4d763f76af448e34da657e3
textures/flatlist/ovr_stm/_win/kck_ckpt_chair_back.bmp.ctxr,textures/flatlist/ovr_stm/_win,kck_ckpt_chair_back.bmp.ctxr,kck_ckpt_chair_back.bmp,ctxr,44064,8e2159cb96c77a14bbceeb21c7a5a74764e08d0a
textures/flatlist/ovr_stm/_win/kck_ckpt_chair_face.bmp.ctxr,textures/flatlist/ovr_stm/_win,kck_ckpt_chair_face.bmp.ctxr,kck_ckpt_chair_face.bmp,ctxr,22208,b63da1835cc213d543409b8a47f0b1d4cb1e2929
textures/flatlist/ovr_stm/_win/kck_ckpt_chair_head.bmp.ctxr,textures/flatlist/ovr_stm/_win,kck_ckpt_chair_head.bmp.ctxr,kck_ckpt_chair_head.bmp,ctxr,5760,b56e7d7fda6480247588f28b86fb325d3661dbbc
textures/flatlist/ovr_stm/_win/kck_ckpt_door.bmp.ctxr,textures/flatlist/ovr_stm/_win,kck_ckpt_door.bmp.ctxr,kck_ckpt_door.bmp,ctxr,44064,2fa705b075e796188fd49078337711d35c0990be
textures/flatlist/ovr_stm/_win/kck_glass.bmp.ctxr,textures/flatlist/ovr_stm/_win,kck_glass.bmp.ctxr,kck_glass.bmp,ctxr,44064,8c36f21cef4c24c95d655204dda1650b78d22dcc
textures/flatlist/ovr_stm/_win/kck_mark504.bmp.ctxr,textures/flatlist/ovr_stm/_win,kck_mark504.bmp.ctxr,kck_mark504.bmp,ctxr,87744,be7f6733a6559a2ecaca2a32ba5d667f02b4c714
textures/flatlist/ovr_stm/_win/kck_mrot_propera.bmp.ctxr,textures/flatlist/ovr_stm/_win,kck_mrot_propera.bmp.ctxr,kck_mrot_propera.bmp,ctxr,5760,9ca84528a8eabe08a4a4dcf4cb40adc8e3080b5b
textures/flatlist/ovr_stm/_win/kck_ropebox.bmp.ctxr,textures/flatlist/ovr_stm/_win,kck_ropebox.bmp.ctxr,kck_ropebox.bmp,ctxr,5760,52ad6b28b7b1d50598c72118b0ae3054cd267335
textures/flatlist/ovr_stm/_win/kck_twing2_s.bmp.ctxr,textures/flatlist/ovr_stm/_win,kck_twing2_s.bmp.ctxr,kck_twing2_s.bmp,ctxr,11264,6edab6b284c2ae800dd74585a1379d0a4299a62f
textures/flatlist/ovr_stm/_win/kck_twing_s.bmp.ctxr,textures/flatlist/ovr_stm/_win,kck_twing_s.bmp.ctxr,kck_twing_s.bmp,ctxr,22176,c330c0692ee008c7536e5ad24ce22cccc3e56383
textures/flatlist/ovr_stm/_win/kictobunt.bmp.ctxr,textures/flatlist/ovr_stm/_win,kictobunt.bmp.ctxr,kictobunt.bmp,ctxr,44064,efc1eeae02d94a7a4f95eb9e4f1f64f920cb7216
textures/flatlist/ovr_stm/_win/kictpa1.bmp.ctxr,textures/flatlist/ovr_stm/_win,kictpa1.bmp.ctxr,kictpa1.bmp,ctxr,44064,c9c732e1f0e664e4bbd5ce253a3e597d837d245a
textures/flatlist/ovr_stm/_win/kitabup1.bmp.ctxr,textures/flatlist/ovr_stm/_win,kitabup1.bmp.ctxr,kitabup1.bmp,ctxr,87744,baebd1fa9db9532e1707cc5b8653d0fabe547275
textures/flatlist/ovr_stm/_win/kitabup2.bmp.ctxr,textures/flatlist/ovr_stm/_win,kitabup2.bmp.ctxr,kitabup2.bmp,ctxr,44064,af948c98d38130d0a547e483b390e1e4fc5efb0d
textures/flatlist/ovr_stm/_win/kitabup2a.bmp_02cd1af7fc3c2bc6ac541d04e3c1fc94.ctxr,textures/flatlist/ovr_stm/_win,kitabup2a.bmp_02cd1af7fc3c2bc6ac541d04e3c1fc94.ctxr,kitabup2a.bmp_02cd1af7fc3c2bc6ac541d04e3c1fc94,ctxr,87744,5e39ac531160876d514275bfc98b12b652d92067
textures/flatlist/ovr_stm/_win/kitabup2b.bmp.ctxr,textures/flatlist/ovr_stm/_win,kitabup2b.bmp.ctxr,kitabup2b.bmp,ctxr,22208,899f077d1dc94d81c8ec5a6a6297d6f6c9a89e47
textures/flatlist/ovr_stm/_win/kitdaif.bmp_f955769afe56243c99ca706b761e63b1.ctxr,textures/flatlist/ovr_stm/_win,kitdaif.bmp_f955769afe56243c99ca706b761e63b1.ctxr,kitdaif.bmp_f955769afe56243c99ca706b761e63b1,ctxr,87744,eaa82cbdc65f8a622e2a6352e725d440778006f4
textures/flatlist/ovr_stm/_win/kitdaif2a.bmp.ctxr,textures/flatlist/ovr_stm/_win,kitdaif2a.bmp.ctxr,kitdaif2a.bmp,ctxr,87744,6108a4aca7761240e6731776f782813fec55917e
textures/flatlist/ovr_stm/_win/kitflymoto.bmp.ctxr,textures/flatlist/ovr_stm/_win,kitflymoto.bmp.ctxr,kitflymoto.bmp,ctxr,22240,3c920075576d60435b1a20cf5cee0ab952f32631
textures/flatlist/ovr_stm/_win/kitflymoto_s.bmp.ctxr,textures/flatlist/ovr_stm/_win,kitflymoto_s.bmp.ctxr,kitflymoto_s.bmp,ctxr,22240,0088850e6702f2928c0cb010762c72fcae7cdb1c
textures/flatlist/ovr_stm/_win/kitgas_t.bmp.ctxr,textures/flatlist/ovr_stm/_win,kitgas_t.bmp.ctxr,kitgas_t.bmp,ctxr,44064,6050ceb0d176609384308cca00b4d6a4367ac844
textures/flatlist/ovr_stm/_win/kitkabf.bmp.ctxr,textures/flatlist/ovr_stm/_win,kitkabf.bmp.ctxr,kitkabf.bmp,ctxr,44064,02f212a451cfaef4ee11d76de43a84caf9db3793
textures/flatlist/ovr_stm/_win/kitnabd.bmp.ctxr,textures/flatlist/ovr_stm/_win,kitnabd.bmp.ctxr,kitnabd.bmp,ctxr,22176,6180dc1d001eb4ac68bf5332f43a3f626de3d9b1
textures/flatlist/ovr_stm/_win/kitnab_c.bmp.ctxr,textures/flatlist/ovr_stm/_win,kitnab_c.bmp.ctxr,kitnab_c.bmp,ctxr,22176,78fa524b9cb9f0fe982238887e5cf1476f55aa0e
textures/flatlist/ovr_stm/_win/kitnab_s.bmp.ctxr,textures/flatlist/ovr_stm/_win,kitnab_s.bmp.ctxr,kitnab_s.bmp,ctxr,22176,d8f2d3953e2fdb1eb394887bf6eb75efcc2177e3
textures/flatlist/ovr_stm/_win/kmo_droppings01_alp.bmp.ctxr,textures/flatlist/ovr_stm/_win,kmo_droppings01_alp.bmp.ctxr,kmo_droppings01_alp.bmp,ctxr,87744,16f645fb5263b1999b6666b9d25b4f3a962a22bf
textures/flatlist/ovr_stm/_win/kmo_droppings02_alp.bmp.ctxr,textures/flatlist/ovr_stm/_win,kmo_droppings02_alp.bmp.ctxr,kmo_droppings02_alp.bmp,ctxr,87744,0d8f8820fd4f96e32adf09cd0939f7c9c189c4d6
textures/flatlist/ovr_stm/_win/kmo_droppings03_alp.bmp.ctxr,textures/flatlist/ovr_stm/_win,kmo_droppings03_alp.bmp.ctxr,kmo_droppings03_alp.bmp,ctxr,87744,a7d694b33fffa8870d5c6997bb9aaabac47a8100
textures/flatlist/ovr_stm/_win/kmo_droppings04_alp.bmp.ctxr,textures/flatlist/ovr_stm/_win,kmo_droppings04_alp.bmp.ctxr,kmo_droppings04_alp.bmp,ctxr,87744,c97f1b582e8efaa733bcea7d65ed0df468d1a723
textures/flatlist/ovr_stm/_win/k_eye_s_pos.bmp.ctxr,textures/flatlist/ovr_stm/_win,k_eye_s_pos.bmp.ctxr,k_eye_s_pos.bmp,ctxr,349920,0220df9e83fa52c2321f4f263a0031df5839e07b
textures/flatlist/ovr_stm/_win/lifeboat_body_back_01.bmp.ctxr,textures/flatlist/ovr_stm/_win,lifeboat_body_back_01.bmp.ctxr,lifeboat_body_back_01.bmp,ctxr,175168,1b43ab7c657be9672b8446080792c350379aa6bb
textures/flatlist/ovr_stm/_win/lifeboat_body_center_01.bmp.ctxr,textures/flatlist/ovr_stm/_win,lifeboat_body_center_01.bmp.ctxr,lifeboat_body_center_01.bmp,ctxr,349920,be06f45059cfa74aa4f74c7a96c555a74f8008f6
textures/flatlist/ovr_stm/_win/lifeboat_body_front_01.bmp.ctxr,textures/flatlist/ovr_stm/_win,lifeboat_body_front_01.bmp.ctxr,lifeboat_body_front_01.bmp,ctxr,87776,2823aebe5a98139bff0e12a57ffa8268283b5f45
textures/flatlist/ovr_stm/_win/lifeboat_fin_01.bmp.ctxr,textures/flatlist/ovr_stm/_win,lifeboat_fin_01.bmp.ctxr,lifeboat_fin_01.bmp,ctxr,11264,cd9c9e84dad4f87ece2a388c5d9b5a31f3c63454
textures/flatlist/ovr_stm/_win/lifeboat_window_back_01.bmp.ctxr,textures/flatlist/ovr_stm/_win,lifeboat_window_back_01.bmp.ctxr,lifeboat_window_back_01.bmp,ctxr,44064,81bf5df6e3b5e77569a3498a8d560938c5a8d0eb
textures/flatlist/ovr_stm/_win/lifeboat_window_front.bmp.ctxr,textures/flatlist/ovr_stm/_win,lifeboat_window_front.bmp.ctxr,lifeboat_window_front.bmp,ctxr,11264,106260102f326efdf56174e88345853c371b0618
textures/flatlist/ovr_stm/_win/lnr_amo_s1.bmp.ctxr,textures/flatlist/ovr_stm/_win,lnr_amo_s1.bmp.ctxr,lnr_amo_s1.bmp,ctxr,3040,59d5a0aa28659c26d305214b6a2d9e5cf419c49a
textures/flatlist/ovr_stm/_win/lnr_body.bmp.ctxr,textures/flatlist/ovr_stm/_win,lnr_body.bmp.ctxr,lnr_body.bmp,ctxr,175168,978300a7779109343e0f0c0a20ed879f0a98c9cf
textures/flatlist/ovr_stm/_win/lnr_body2.bmp.ctxr,textures/flatlist/ovr_stm/_win,lnr_body2.bmp.ctxr,lnr_body2.bmp,ctxr,11296,8bc798e56a9e1e0f1afe3d06df284f5601c55bf3
textures/flatlist/ovr_stm/_win/lnr_body2_kim.bmp.ctxr,textures/flatlist/ovr_stm/_win,lnr_body2_kim.bmp.ctxr,lnr_body2_kim.bmp,ctxr,11296,69c30d871194d9b0f1dedb2a1ce6689c25684cd9
textures/flatlist/ovr_stm/_win/lnr_mag_kim.bmp.ctxr,textures/flatlist/ovr_stm/_win,lnr_mag_kim.bmp.ctxr,lnr_mag_kim.bmp,ctxr,3040,58cbd30ed1d764ef07a1ff0326c85a87a94e963b
textures/flatlist/ovr_stm/_win/lnr_rail1.bmp.ctxr,textures/flatlist/ovr_stm/_win,lnr_rail1.bmp.ctxr,lnr_rail1.bmp,ctxr,5792,1f3b013dd0d385648c9259d336efbf632d26c1eb
textures/flatlist/ovr_stm/_win/loc_01_soto.bmp.ctxr,textures/flatlist/ovr_stm/_win,loc_01_soto.bmp.ctxr,loc_01_soto.bmp,ctxr,22176,238f810eda39806e42562a710e33b3932cfbaada
textures/flatlist/ovr_stm/_win/loc_door_07.bmp.ctxr,textures/flatlist/ovr_stm/_win,loc_door_07.bmp.ctxr,loc_door_07.bmp,ctxr,87776,c4e1fd26e78e36060a1d2d8c527643571d2c04d9
textures/flatlist/ovr_stm/_win/m3l_dk2_07.bmp.ctxr,textures/flatlist/ovr_stm/_win,m3l_dk2_07.bmp.ctxr,m3l_dk2_07.bmp,ctxr,175168,623a0a5ff4f86ee6afd24ca944c15805d4a6e9b1
textures/flatlist/ovr_stm/_win/m3l_dk2_08.bmp.ctxr,textures/flatlist/ovr_stm/_win,m3l_dk2_08.bmp.ctxr,m3l_dk2_08.bmp,ctxr,87776,ed0bff318992e5778b6f361eed3ded5ff16d9118
textures/flatlist/ovr_stm/_win/m3l_flo_06_bld090_ovl.bmp.ctxr,textures/flatlist/ovr_stm/_win,m3l_flo_06_bld090_ovl.bmp.ctxr,m3l_flo_06_bld090_ovl.bmp,ctxr,87744,b0eb7e373e34048e1ce8a58ba980d220f08d6fe0
textures/flatlist/ovr_stm/_win/m3l_flo_08_bld090_ovl.bmp.ctxr,textures/flatlist/ovr_stm/_win,m3l_flo_08_bld090_ovl.bmp.ctxr,m3l_flo_08_bld090_ovl.bmp,ctxr,87744,4184537c114f34823d50ae0d7babbf418d7951f7
textures/flatlist/ovr_stm/_win/m3l_flo_09_bld090_ovl.bmp.ctxr,textures/flatlist/ovr_stm/_win,m3l_flo_09_bld090_ovl.bmp.ctxr,m3l_flo_09_bld090_ovl.bmp,ctxr,87744,810db1a2154d7a10018adfb8ddc865a6df643df2
textures/flatlist/ovr_stm/_win/m3l_flo_medibed_bld090_ovl.bmp.ctxr,textures/flatlist/ovr_stm/_win,m3l_flo_medibed_bld090_ovl.bmp.ctxr,m3l_flo_medibed_bld090_ovl.bmp,ctxr,349920,f6462ffc01f5ea51e5a2abcf2671c934245dbc76
textures/flatlist/ovr_stm/_win/m3l_gou_02msk.bmp.ctxr,textures/flatlist/ovr_stm/_win,m3l_gou_02msk.bmp.ctxr,m3l_gou_02msk.bmp,ctxr,11264,15fba2c7820b7216db1ed62b9d62b127e95c793b
textures/flatlist/ovr_stm/_win/m3l_gou_bed2.bmp.ctxr,textures/flatlist/ovr_stm/_win,m3l_gou_bed2.bmp.ctxr,m3l_gou_bed2.bmp,ctxr,87744,99cb298c1a0803bf5d0bd652f621b3923849edcc
textures/flatlist/ovr_stm/_win/m3l_medi_wallt1.bmp.ctxr,textures/flatlist/ovr_stm/_win,m3l_medi_wallt1.bmp.ctxr,m3l_medi_wallt1.bmp,ctxr,87744,293458a2980253ec87cdbc3f179b99f5a87037df
textures/flatlist/ovr_stm/_win/m3l_medi_wallu1.bmp.ctxr,textures/flatlist/ovr_stm/_win,m3l_medi_wallu1.bmp.ctxr,m3l_medi_wallu1.bmp,ctxr,87744,223159352c27e561d211c26e00e04f339e8a0cdd
textures/flatlist/ovr_stm/_win/m3l_par_under1.bmp.ctxr,textures/flatlist/ovr_stm/_win,m3l_par_under1.bmp.ctxr,m3l_par_under1.bmp,ctxr,44064,6d6a0eb138ecefe3c7ca9226493721afc7db6840
textures/flatlist/ovr_stm/_win/m3l_par_wall4.bmp.ctxr,textures/flatlist/ovr_stm/_win,m3l_par_wall4.bmp.ctxr,m3l_par_wall4.bmp,ctxr,175168,23e09808a61283c65411e0d05b01b852896d54db
textures/flatlist/ovr_stm/_win/m3l_ten_03.bmp.ctxr,textures/flatlist/ovr_stm/_win,m3l_ten_03.bmp.ctxr,m3l_ten_03.bmp,ctxr,87744,df6d976fabbdf268aab6fa5c6a6480c437f87c53
textures/flatlist/ovr_stm/_win/m4a_all_t.bmp.ctxr,textures/flatlist/ovr_stm/_win,m4a_all_t.bmp.ctxr,m4a_all_t.bmp,ctxr,87776,fc40bcb004240989656d7220d9ba9576b8028318
textures/flatlist/ovr_stm/_win/m4a_gl_unit.bmp.ctxr,textures/flatlist/ovr_stm/_win,m4a_gl_unit.bmp.ctxr,m4a_gl_unit.bmp,ctxr,11264,a4d913257e388577e258995c78deeac6d06ad50c
textures/flatlist/ovr_stm/_win/m4a_gl_unit_2_01.bmp.ctxr,textures/flatlist/ovr_stm/_win,m4a_gl_unit_2_01.bmp.ctxr,m4a_gl_unit_2_01.bmp,ctxr,44064,69487faf9c9f9f4d66515441786b0c12794cc16f
textures/flatlist/ovr_stm/_win/m4a_light.bmp_5758ef839d43e13183cf3678664d0e6e.ctxr,textures/flatlist/ovr_stm/_win,m4a_light.bmp_5758ef839d43e13183cf3678664d0e6e.ctxr,m4a_light.bmp_5758ef839d43e13183cf3678664d0e6e,ctxr,1664,0e3038db90a811e8d6806e7fbde4a85ffa8bda27
textures/flatlist/ovr_stm/_win/m4a_s2.bmp.ctxr,textures/flatlist/ovr_stm/_win,m4a_s2.bmp.ctxr,m4a_s2.bmp,ctxr,5760,edefdc10221ddfde9e8f2040caaefb88887e9a46
textures/flatlist/ovr_stm/_win/m4a_sb_s1.bmp.ctxr,textures/flatlist/ovr_stm/_win,m4a_sb_s1.bmp.ctxr,m4a_sb_s1.bmp,ctxr,44064,c178a14fd64d63bd5cd9c4ed5b00af53f9940406
textures/flatlist/ovr_stm/_win/m4a_sb_sight_msk.bmp.ctxr,textures/flatlist/ovr_stm/_win,m4a_sb_sight_msk.bmp.ctxr,m4a_sb_sight_msk.bmp,ctxr,1632,a483c0f83b75833d31566cc70852c0ea194f6840
textures/flatlist/ovr_stm/_win/m4a_scope.bmp.ctxr,textures/flatlist/ovr_stm/_win,m4a_scope.bmp.ctxr,m4a_scope.bmp,ctxr,3040,1e09afc5c6c5918a5fb63e48155f1567ff486bf2
textures/flatlist/ovr_stm/_win/m4a_t_msk.bmp.ctxr,textures/flatlist/ovr_stm/_win,m4a_t_msk.bmp.ctxr,m4a_t_msk.bmp,ctxr,3040,4dbcfb60eb1d6e9039345770fe2a6be4efcfbef0
textures/flatlist/ovr_stm/_win/m4grn_bul_high.bmp.ctxr,textures/flatlist/ovr_stm/_win,m4grn_bul_high.bmp.ctxr,m4grn_bul_high.bmp,ctxr,5760,98e5b0594351b7e639e7659c31a92814bbdb2e0d
textures/flatlist/ovr_stm/_win/m4grn_emb.bmp.ctxr,textures/flatlist/ovr_stm/_win,m4grn_emb.bmp.ctxr,m4grn_emb.bmp,ctxr,3040,57afc8c1d1d11721e4b0a820d19ccb77076dd072
textures/flatlist/ovr_stm/_win/m92_all.bmp.ctxr,textures/flatlist/ovr_stm/_win,m92_all.bmp.ctxr,m92_all.bmp,ctxr,22176,7555ede58414b403ced826ea81111a92b8b7078c
textures/flatlist/ovr_stm/_win/m92_bul3.bmp.ctxr,textures/flatlist/ovr_stm/_win,m92_bul3.bmp.ctxr,m92_bul3.bmp,ctxr,5792,0c4178decdbbe5a07138c117deb08fc3c7cb3a2f
textures/flatlist/ovr_stm/_win/m92_jyuukou.bmp.ctxr,textures/flatlist/ovr_stm/_win,m92_jyuukou.bmp.ctxr,m92_jyuukou.bmp,ctxr,5760,a9928e4923855737b239230e9a52f4e88dafefd7
textures/flatlist/ovr_stm/_win/m92_laserpointer.bmp.ctxr,textures/flatlist/ovr_stm/_win,m92_laserpointer.bmp.ctxr,m92_laserpointer.bmp,ctxr,5760,a32c27c53aff196cab70f30d66a5546c4c75c03e
textures/flatlist/ovr_stm/_win/m92_laserpoint_f1.bmp.ctxr,textures/flatlist/ovr_stm/_win,m92_laserpoint_f1.bmp.ctxr,m92_laserpoint_f1.bmp,ctxr,1632,638a8928d25dbb6fd5a01acb6876220621f743af
textures/flatlist/ovr_stm/_win/m92_magazine.bmp.ctxr,textures/flatlist/ovr_stm/_win,m92_magazine.bmp.ctxr,m92_magazine.bmp,ctxr,11264,ad17f58fafb07e00bbfa30551529fab6e8782001
textures/flatlist/ovr_stm/_win/m92_pointer.bmp.ctxr,textures/flatlist/ovr_stm/_win,m92_pointer.bmp.ctxr,m92_pointer.bmp,ctxr,11264,f82346a3effdcc786775b9c6a02bc921593b8bab
textures/flatlist/ovr_stm/_win/m92_sb_all.bmp.ctxr,textures/flatlist/ovr_stm/_win,m92_sb_all.bmp.ctxr,m92_sb_all.bmp,ctxr,87744,dc368eeb90255586b05ee83c36723c4872dec4ba
textures/flatlist/ovr_stm/_win/m92_sb_all.bmp_934c22e984e448da6c9f91fc36e0c08e.ctxr,textures/flatlist/ovr_stm/_win,m92_sb_all.bmp_934c22e984e448da6c9f91fc36e0c08e.ctxr,m92_sb_all.bmp_934c22e984e448da6c9f91fc36e0c08e,ctxr,87744,97cbae94c7d36286c1a6f29c9942d3c406754e2a
textures/flatlist/ovr_stm/_win/m92_snk_all.bmp.ctxr,textures/flatlist/ovr_stm/_win,m92_snk_all.bmp.ctxr,m92_snk_all.bmp,ctxr,22176,a195e894ed5f621972d989a087f0d32b3d3ff7d6
textures/flatlist/ovr_stm/_win/mark_05.bmp.ctxr,textures/flatlist/ovr_stm/_win,mark_05.bmp.ctxr,mark_05.bmp,ctxr,44064,f85d09eac1135de2b5bd0ed0a87912e1d9c1b86d
textures/flatlist/ovr_stm/_win/mog_loc2.bmp.ctxr,textures/flatlist/ovr_stm/_win,mog_loc2.bmp.ctxr,mog_loc2.bmp,ctxr,87744,6fd24a9bc96d71bb49601f1c86790ec5083af1b0
textures/flatlist/ovr_stm/_win/mog_loc2_inner.bmp.ctxr,textures/flatlist/ovr_stm/_win,mog_loc2_inner.bmp.ctxr,mog_loc2_inner.bmp,ctxr,87744,294e3bbdbfbb956509ed93fe7f7d6621cb920aab
textures/flatlist/ovr_stm/_win/mog_loc2_inner.bmp_d7f08e98a624c2d19b0451eccba4fc48.ctxr,textures/flatlist/ovr_stm/_win,mog_loc2_inner.bmp_d7f08e98a624c2d19b0451eccba4fc48.ctxr,mog_loc2_inner.bmp_d7f08e98a624c2d19b0451eccba4fc48,ctxr,87744,56e8a4bc4dddd4e990b5b22c968cac30644f7da0
textures/flatlist/ovr_stm/_win/mog_loc2_top1.bmp.ctxr,textures/flatlist/ovr_stm/_win,mog_loc2_top1.bmp.ctxr,mog_loc2_top1.bmp,ctxr,44064,62811402d580317b441ece5b7bb63a694c3240d4
textures/flatlist/ovr_stm/_win/mrl_waist_pack.bmp.ctxr,textures/flatlist/ovr_stm/_win,mrl_waist_pack.bmp.ctxr,mrl_waist_pack.bmp,ctxr,44064,a1e2e45d37395b9718fa486b9bc9cd033081d4f5
textures/flatlist/ovr_stm/_win/nkt_body1.bmp.ctxr,textures/flatlist/ovr_stm/_win,nkt_body1.bmp.ctxr,nkt_body1.bmp,ctxr,11296,6ca31a037c3b7d2f5f0c5710bf26f545ade93d9f
textures/flatlist/ovr_stm/_win/nkt_box.bmp.ctxr,textures/flatlist/ovr_stm/_win,nkt_box.bmp.ctxr,nkt_box.bmp,ctxr,22208,b8cc0e7aa7c4568bd74e676e665007626195ed7b
textures/flatlist/ovr_stm/_win/nkt_cam.bmp.ctxr,textures/flatlist/ovr_stm/_win,nkt_cam.bmp.ctxr,nkt_cam.bmp,ctxr,3040,6c5e3ef825a2d961766a47394b6da414344bd2ef
textures/flatlist/ovr_stm/_win/nkt_grips.bmp.ctxr,textures/flatlist/ovr_stm/_win,nkt_grips.bmp.ctxr,nkt_grips.bmp,ctxr,3040,4a0668d4d647e2266dc208b9ac56b0e6387090f8
textures/flatlist/ovr_stm/_win/nkt_msl_body.bmp.ctxr,textures/flatlist/ovr_stm/_win,nkt_msl_body.bmp.ctxr,nkt_msl_body.bmp,ctxr,3040,abdb696f521853ba56fe319ae2c0449f584aaec9
textures/flatlist/ovr_stm/_win/nkt_msl_body.bmp_783bdf47a2cd4bcfd8edb391e2c88da4.ctxr,textures/flatlist/ovr_stm/_win,nkt_msl_body.bmp_783bdf47a2cd4bcfd8edb391e2c88da4.ctxr,nkt_msl_body.bmp_783bdf47a2cd4bcfd8edb391e2c88da4,ctxr,3040,9e9fd93cc94a17299c4bda6f6d1916906e4c9382
textures/flatlist/ovr_stm/_win/nkt_msl_fb.bmp.ctxr,textures/flatlist/ovr_stm/_win,nkt_msl_fb.bmp.ctxr,nkt_msl_fb.bmp,ctxr,960,fe1f8b56658692cc1932f9786184534375531c38
textures/flatlist/ovr_stm/_win/nkt_temp_tx.bmp.ctxr,textures/flatlist/ovr_stm/_win,nkt_temp_tx.bmp.ctxr,nkt_temp_tx.bmp,ctxr,11264,daf84e464be117ed301aec93618801269953eec3
textures/flatlist/ovr_stm/_win/org_arm3.bmp.ctxr,textures/flatlist/ovr_stm/_win,org_arm3.bmp.ctxr,org_arm3.bmp,ctxr,87744,200a38a0753fb4cc635b2d60adfe5c41b4c41608
textures/flatlist/ovr_stm/_win/org_arm4.bmp.ctxr,textures/flatlist/ovr_stm/_win,org_arm4.bmp.ctxr,org_arm4.bmp,ctxr,44096,fdf751b790af13358261591d78c0a134291468e4
textures/flatlist/ovr_stm/_win/org_arm_2.bmp.ctxr,textures/flatlist/ovr_stm/_win,org_arm_2.bmp.ctxr,org_arm_2.bmp,ctxr,44064,1f6a328dab9d575dd14bafd8a77e2b9f731db389
textures/flatlist/ovr_stm/_win/org_band2_alp_ovl.bmp.ctxr,textures/flatlist/ovr_stm/_win,org_band2_alp_ovl.bmp.ctxr,org_band2_alp_ovl.bmp,ctxr,44064,ac5ee419485ff9a7a1cafe5fba22c380f89bc35c
textures/flatlist/ovr_stm/_win/org_band_alp_ovl.bmp.ctxr,textures/flatlist/ovr_stm/_win,org_band_alp_ovl.bmp.ctxr,org_band_alp_ovl.bmp,ctxr,44064,37152a336b2046464a20102a8682875e421a6590
textures/flatlist/ovr_stm/_win/org_belt_ovl_mod1120_alp_emap.bmp.ctxr,textures/flatlist/ovr_stm/_win,org_belt_ovl_mod1120_alp_emap.bmp.ctxr,org_belt_ovl_mod1120_alp_emap.bmp,ctxr,5760,28846ebb469611d5df65025b0f74c7b32dc6a2d9
textures/flatlist/ovr_stm/_win/org_body2_alp_ovl_sub.bmp.ctxr,textures/flatlist/ovr_stm/_win,org_body2_alp_ovl_sub.bmp.ctxr,org_body2_alp_ovl_sub.bmp,ctxr,111264,144930921a26ffd1076a0d377088a9580a62877b
textures/flatlist/ovr_stm/_win/org_boot.bmp.ctxr,textures/flatlist/ovr_stm/_win,org_boot.bmp.ctxr,org_boot.bmp,ctxr,44064,6ce9610e710c0c723a74fb9e0dffc5b63d49c1c9
textures/flatlist/ovr_stm/_win/org_boot_bt1.bmp.ctxr,textures/flatlist/ovr_stm/_win,org_boot_bt1.bmp.ctxr,org_boot_bt1.bmp,ctxr,22208,5a75765ee080ca22c799cfbe764eb013c72bf113
textures/flatlist/ovr_stm/_win/org_b_ovl_mod1120_alp_emap.bmp.ctxr,textures/flatlist/ovr_stm/_win,org_b_ovl_mod1120_alp_emap.bmp.ctxr,org_b_ovl_mod1120_alp_emap.bmp,ctxr,22176,4db0251c0808c099b90f14ed995885dbe350fc3e
textures/flatlist/ovr_stm/_win/org_chest.bmp.ctxr,textures/flatlist/ovr_stm/_win,org_chest.bmp.ctxr,org_chest.bmp,ctxr,175168,5d7dd19c8dd5132c2551ae1a1064c2e9bef7f5fa
textures/flatlist/ovr_stm/_win/org_dt00_mouin.bmp.ctxr,textures/flatlist/ovr_stm/_win,org_dt00_mouin.bmp.ctxr,org_dt00_mouin.bmp,ctxr,5792,2c8682248c3bbc11807a2b118fa11b7f76e344e7
textures/flatlist/ovr_stm/_win/org_dt02_mouin.bmp.ctxr,textures/flatlist/ovr_stm/_win,org_dt02_mouin.bmp.ctxr,org_dt02_mouin.bmp,ctxr,5792,6fbadcd364cdfddd9b7654b2b1faa38a85cb6b4b
textures/flatlist/ovr_stm/_win/org_dt04_mouin.bmp.ctxr,textures/flatlist/ovr_stm/_win,org_dt04_mouin.bmp.ctxr,org_dt04_mouin.bmp,ctxr,5792,d378b1ab0955c13c430f6857fd9cf382ea35371d
textures/flatlist/ovr_stm/_win/org_ear.bmp.ctxr,textures/flatlist/ovr_stm/_win,org_ear.bmp.ctxr,org_ear.bmp,ctxr,11264,fdb53ad28d38b45a1505ce9848933f696bdfbdf9
textures/flatlist/ovr_stm/_win/org_ear_ovl_sub_alp.bmp.ctxr,textures/flatlist/ovr_stm/_win,org_ear_ovl_sub_alp.bmp.ctxr,org_ear_ovl_sub_alp.bmp,ctxr,7840,e4f01f2c0497421a0f3e7b6c02e07a11cf0d0b1a
textures/flatlist/ovr_stm/_win/org_eye.bmp.ctxr,textures/flatlist/ovr_stm/_win,org_eye.bmp.ctxr,org_eye.bmp,ctxr,5760,90b4b0b6f29e1c30ce9fe5b899b997c3f65dc84e
textures/flatlist/ovr_stm/_win/org_face.bmp.ctxr,textures/flatlist/ovr_stm/_win,org_face.bmp.ctxr,org_face.bmp,ctxr,699488,789941d56e1d46e24776e884f629faaf29841746
textures/flatlist/ovr_stm/_win/org_face_sub_alp_ovl.bmp.ctxr,textures/flatlist/ovr_stm/_win,org_face_sub_alp_ovl.bmp.ctxr,org_face_sub_alp_ovl.bmp,ctxr,113376,73b4ef6bea252757a672c4548ff71ee418de0c60
textures/flatlist/ovr_stm/_win/org_foot_ovl_sub_alp.bmp.ctxr,textures/flatlist/ovr_stm/_win,org_foot_ovl_sub_alp.bmp.ctxr,org_foot_ovl_sub_alp.bmp,ctxr,20896,ac6fe6ab5acbe84cdfbd9d1d082e014daefc2aff
textures/flatlist/ovr_stm/_win/org_hair_alp_ovl.bmp.ctxr,textures/flatlist/ovr_stm/_win,org_hair_alp_ovl.bmp.ctxr,org_hair_alp_ovl.bmp,ctxr,699488,1470a723d5de5ec95827bb9c92dccbbb979cb259
textures/flatlist/ovr_stm/_win/org_hand_all4.bmp.ctxr,textures/flatlist/ovr_stm/_win,org_hand_all4.bmp.ctxr,org_hand_all4.bmp,ctxr,87744,105b2e2a2f511c5c224c2ad0c357472612a03d57
textures/flatlist/ovr_stm/_win/org_hand_ovl_mod1120_alp_emap.bmp.ctxr,textures/flatlist/ovr_stm/_win,org_hand_ovl_mod1120_alp_emap.bmp.ctxr,org_hand_ovl_mod1120_alp_emap.bmp,ctxr,5760,8f3a58a0683fe11c9ae6bd82f9ac12f712ce5b4e
textures/flatlist/ovr_stm/_win/org_hatfront.bmp.ctxr,textures/flatlist/ovr_stm/_win,org_hatfront.bmp.ctxr,org_hatfront.bmp,ctxr,22208,81d497b1d81ab96c3314940bdcb4e7f7383a5fab
textures/flatlist/ovr_stm/_win/org_hatsaide.bmp.ctxr,textures/flatlist/ovr_stm/_win,org_hatsaide.bmp.ctxr,org_hatsaide.bmp,ctxr,44064,b77b8ac9349ff878011955f464cc4b5c280746b5
textures/flatlist/ovr_stm/_win/org_hatup.bmp.ctxr,textures/flatlist/ovr_stm/_win,org_hatup.bmp.ctxr,org_hatup.bmp,ctxr,87744,5c95cc0a2896dbaac8317102f0d5501492e875f5
textures/flatlist/ovr_stm/_win/org_hi_finger.bmp.ctxr,textures/flatlist/ovr_stm/_win,org_hi_finger.bmp.ctxr,org_hi_finger.bmp,ctxr,5760,36bd797a00d666c2cea64b3c1e6ec2fc5dc185b2
textures/flatlist/ovr_stm/_win/org_hi_finger2.bmp.ctxr,textures/flatlist/ovr_stm/_win,org_hi_finger2.bmp.ctxr,org_hi_finger2.bmp,ctxr,5760,18e74ce052e4b68befa7b0b678d87f829df81b8d
textures/flatlist/ovr_stm/_win/org_hi_hand2.bmp.ctxr,textures/flatlist/ovr_stm/_win,org_hi_hand2.bmp.ctxr,org_hi_hand2.bmp,ctxr,22176,013c8faf066521368d4b46e3115c4cab06eca799
textures/flatlist/ovr_stm/_win/org_hi_hands.bmp.ctxr,textures/flatlist/ovr_stm/_win,org_hi_hands.bmp.ctxr,org_hi_hands.bmp,ctxr,87744,af165b83b0b9ad41593aec2134e3912d5dc23552
textures/flatlist/ovr_stm/_win/org_leg00.bmp.ctxr,textures/flatlist/ovr_stm/_win,org_leg00.bmp.ctxr,org_leg00.bmp,ctxr,175168,fae9d1ea470b98c2093fca87f2e4f0b8c1591d04
textures/flatlist/ovr_stm/_win/org_mil_hair_alp_ovl.bmp.ctxr,textures/flatlist/ovr_stm/_win,org_mil_hair_alp_ovl.bmp.ctxr,org_mil_hair_alp_ovl.bmp,ctxr,349920,f92549241c66c69f8a14ae39568e44d8bde87ba8
textures/flatlist/ovr_stm/_win/org_mil_re_face.bmp.ctxr,textures/flatlist/ovr_stm/_win,org_mil_re_face.bmp.ctxr,org_mil_re_face.bmp,ctxr,175168,c64f3dd8dd1765f8095a349c25446693648a0e2c
textures/flatlist/ovr_stm/_win/org_mouin_all.bmp.ctxr,textures/flatlist/ovr_stm/_win,org_mouin_all.bmp.ctxr,org_mouin_all.bmp,ctxr,576,e9c930dd0d5c2f0ae16ae8e6c7924594f4da14bb
textures/flatlist/ovr_stm/_win/org_rapelsate.bmp.ctxr,textures/flatlist/ovr_stm/_win,org_rapelsate.bmp.ctxr,org_rapelsate.bmp,ctxr,22208,51f9d5c2174011d54fb590c84a866b41357b188a
textures/flatlist/ovr_stm/_win/org_sknc_all.bmp.ctxr,textures/flatlist/ovr_stm/_win,org_sknc_all.bmp.ctxr,org_sknc_all.bmp,ctxr,3040,c78dbcfc0d4b0b1f3e4fc7f1e0c13cf10835dd26
textures/flatlist/ovr_stm/_win/org_ut01_mouin.bmp.ctxr,textures/flatlist/ovr_stm/_win,org_ut01_mouin.bmp.ctxr,org_ut01_mouin.bmp,ctxr,5792,005a0c80500a8fad4c28d32b276f58463ce65bb7
textures/flatlist/ovr_stm/_win/org_ut02_mouin.bmp.ctxr,textures/flatlist/ovr_stm/_win,org_ut02_mouin.bmp.ctxr,org_ut02_mouin.bmp,ctxr,5792,5e20b4fbfe7f6b823c59e32930bddf2f685e1475
textures/flatlist/ovr_stm/_win/org_waist.bmp.ctxr,textures/flatlist/ovr_stm/_win,org_waist.bmp.ctxr,org_waist.bmp,ctxr,175168,5250e7b3a5ed07a2c037c5b0b6c3acc50ae08700
textures/flatlist/ovr_stm/_win/org_year.bmp.ctxr,textures/flatlist/ovr_stm/_win,org_year.bmp.ctxr,org_year.bmp,ctxr,3040,93aeb783489582a52b08e06c66bc2cae09d8dab6
textures/flatlist/ovr_stm/_win/org__arm_ovl_sub_alp.bmp.ctxr,textures/flatlist/ovr_stm/_win,org__arm_ovl_sub_alp.bmp.ctxr,org__arm_ovl_sub_alp.bmp,ctxr,37792,0a440e3af8a1068f85712e01854bb11a88e23d4b
textures/flatlist/ovr_stm/_win/org__should_ovl_sub_alp.bmp.ctxr,textures/flatlist/ovr_stm/_win,org__should_ovl_sub_alp.bmp.ctxr,org__should_ovl_sub_alp.bmp,ctxr,18592,69c2de4720509857d2ef47af8b5a60c6d308b1e5
textures/flatlist/ovr_stm/_win/org__waki_ovl_sub_alp.bmp.ctxr,textures/flatlist/ovr_stm/_win,org__waki_ovl_sub_alp.bmp.ctxr,org__waki_ovl_sub_alp.bmp,ctxr,21664,d89acaf405a780982b26fd0163685949be4807f1
textures/flatlist/ovr_stm/_win/orn_arm_dt01.bmp.ctxr,textures/flatlist/ovr_stm/_win,orn_arm_dt01.bmp.ctxr,orn_arm_dt01.bmp,ctxr,5760,6f07af04f0b7c40681c4ee926db945d9f00f3de4
textures/flatlist/ovr_stm/_win/orn_arm_dt02.bmp.ctxr,textures/flatlist/ovr_stm/_win,orn_arm_dt02.bmp.ctxr,orn_arm_dt02.bmp,ctxr,22176,1475527a1da57c9e6b2003c63bf17bf6b1ad2722
textures/flatlist/ovr_stm/_win/orn_arm_dt03.bmp.ctxr,textures/flatlist/ovr_stm/_win,orn_arm_dt03.bmp.ctxr,orn_arm_dt03.bmp,ctxr,11264,9fd128bf9e3bc5a41fae6678bc80e9f5d8e10639
textures/flatlist/ovr_stm/_win/orn_arm_dt04.bmp.ctxr,textures/flatlist/ovr_stm/_win,orn_arm_dt04.bmp.ctxr,orn_arm_dt04.bmp,ctxr,11264,b505630ced896206adc70e8c1dd23454a3645b8c
textures/flatlist/ovr_stm/_win/orn_backbone_dt01.bmp.ctxr,textures/flatlist/ovr_stm/_win,orn_backbone_dt01.bmp.ctxr,orn_backbone_dt01.bmp,ctxr,5760,876ceb0c79adf6562260aaf1a36672ff73be5d8d
textures/flatlist/ovr_stm/_win/orn_backbone_dt02.bmp.ctxr,textures/flatlist/ovr_stm/_win,orn_backbone_dt02.bmp.ctxr,orn_backbone_dt02.bmp,ctxr,11264,27dc4d202868d190045295e4f8c4104b7bb5b77e
textures/flatlist/ovr_stm/_win/orn_backbone_dt03.bmp.ctxr,textures/flatlist/ovr_stm/_win,orn_backbone_dt03.bmp.ctxr,orn_backbone_dt03.bmp,ctxr,5760,855412822f2e13ad5e3d99e224d507052878ed5a
textures/flatlist/ovr_stm/_win/orn_body_dt01.bmp.ctxr,textures/flatlist/ovr_stm/_win,orn_body_dt01.bmp.ctxr,orn_body_dt01.bmp,ctxr,87744,69a42bb9d308d989e8cd55e0f7564c7af416dd01
textures/flatlist/ovr_stm/_win/orn_elbow_dt01.bmp.ctxr,textures/flatlist/ovr_stm/_win,orn_elbow_dt01.bmp.ctxr,orn_elbow_dt01.bmp,ctxr,3040,84a619b2edea4e2249ccc73473834b76eba45fb7
textures/flatlist/ovr_stm/_win/orn_finger_dt00.bmp.ctxr,textures/flatlist/ovr_stm/_win,orn_finger_dt00.bmp.ctxr,orn_finger_dt00.bmp,ctxr,5760,1d6d1736a353e29d2eb59925d102052991bea2dc
textures/flatlist/ovr_stm/_win/orn_finger_dt01.bmp.ctxr,textures/flatlist/ovr_stm/_win,orn_finger_dt01.bmp.ctxr,orn_finger_dt01.bmp,ctxr,5760,3e4d61b4d7011f7484308155bf28dec1e9c16118
textures/flatlist/ovr_stm/_win/orn_finger_dt02.bmp.ctxr,textures/flatlist/ovr_stm/_win,orn_finger_dt02.bmp.ctxr,orn_finger_dt02.bmp,ctxr,3040,6057ba521fd1342110b6881b1f994675aa741705
textures/flatlist/ovr_stm/_win/orn_foot_dt00.bmp.ctxr,textures/flatlist/ovr_stm/_win,orn_foot_dt00.bmp.ctxr,orn_foot_dt00.bmp,ctxr,11264,b3246259ee833da0128cb1fe974d837caf731134
textures/flatlist/ovr_stm/_win/orn_foot_dt01.bmp.ctxr,textures/flatlist/ovr_stm/_win,orn_foot_dt01.bmp.ctxr,orn_foot_dt01.bmp,ctxr,5792,33ace5887084d405e1fbbfd94e66186108cb0564
textures/flatlist/ovr_stm/_win/orn_foot_dt02.bmp.ctxr,textures/flatlist/ovr_stm/_win,orn_foot_dt02.bmp.ctxr,orn_foot_dt02.bmp,ctxr,5760,a8d1a2aeb65951a2cadcfa80e2dd6efa395d5ac0
textures/flatlist/ovr_stm/_win/orn_foot_dt03.bmp.ctxr,textures/flatlist/ovr_stm/_win,orn_foot_dt03.bmp.ctxr,orn_foot_dt03.bmp,ctxr,11264,b7c9754b408445516cbe9f3b54103fed489a5989
textures/flatlist/ovr_stm/_win/orn_hand_dt00.bmp.ctxr,textures/flatlist/ovr_stm/_win,orn_hand_dt00.bmp.ctxr,orn_hand_dt00.bmp,ctxr,3040,a809095e68753ccd68a8575a22070225f884088d
textures/flatlist/ovr_stm/_win/orn_hand_dt01.bmp.ctxr,textures/flatlist/ovr_stm/_win,orn_hand_dt01.bmp.ctxr,orn_hand_dt01.bmp,ctxr,11264,2af91672e1f5d49dd561a570e592d9c69cf4bbdc
textures/flatlist/ovr_stm/_win/orn_hand_dt02.bmp.ctxr,textures/flatlist/ovr_stm/_win,orn_hand_dt02.bmp.ctxr,orn_hand_dt02.bmp,ctxr,5760,03ed8caaeff65b8fbb24b43879e7269963af1609
textures/flatlist/ovr_stm/_win/orn_head_met.bmp.ctxr,textures/flatlist/ovr_stm/_win,orn_head_met.bmp.ctxr,orn_head_met.bmp,ctxr,87744,8cad2aaee4ff3db7af001244a51a63919af8e20d
textures/flatlist/ovr_stm/_win/orn_head_met_alp.bmp.ctxr,textures/flatlist/ovr_stm/_win,orn_head_met_alp.bmp.ctxr,orn_head_met_alp.bmp,ctxr,87744,5b4ad102c7a5248a927af98df027d8c7efcd7d0c
textures/flatlist/ovr_stm/_win/orn_head_met_sub_alp_ovl.bmp.ctxr,textures/flatlist/ovr_stm/_win,orn_head_met_sub_alp_ovl.bmp.ctxr,orn_head_met_sub_alp_ovl.bmp,ctxr,41376,01199e7b2c32da98c58436109b2dfe0a5ff0ba59
textures/flatlist/ovr_stm/_win/orn_helmet_dt01.bmp.ctxr,textures/flatlist/ovr_stm/_win,orn_helmet_dt01.bmp.ctxr,orn_helmet_dt01.bmp,ctxr,87744,dd9edeb3adcd26c1add15698090ed16bf507ca72
textures/flatlist/ovr_stm/_win/orn_helmet_dt01_sub_alp_ovl.bmp.ctxr,textures/flatlist/ovr_stm/_win,orn_helmet_dt01_sub_alp_ovl.bmp.ctxr,orn_helmet_dt01_sub_alp_ovl.bmp,ctxr,41376,58c2457d2e6f990a8180f09c49721c1da56e17a7
textures/flatlist/ovr_stm/_win/orn_helmet_dt02.bmp.ctxr,textures/flatlist/ovr_stm/_win,orn_helmet_dt02.bmp.ctxr,orn_helmet_dt02.bmp,ctxr,44064,2ddc0564436c52099a5eb463d12e3b7f1d759fb6
textures/flatlist/ovr_stm/_win/orn_knee_dt01.bmp.ctxr,textures/flatlist/ovr_stm/_win,orn_knee_dt01.bmp.ctxr,orn_knee_dt01.bmp,ctxr,5760,c165489b7d2a4142b25e71461c0ee6f81e426eb9
textures/flatlist/ovr_stm/_win/orn_leg_dt00.bmp.ctxr,textures/flatlist/ovr_stm/_win,orn_leg_dt00.bmp.ctxr,orn_leg_dt00.bmp,ctxr,44064,877f9959136966065d58ea92777a3d2874e6a853
textures/flatlist/ovr_stm/_win/orn_leg_dt01.bmp.ctxr,textures/flatlist/ovr_stm/_win,orn_leg_dt01.bmp.ctxr,orn_leg_dt01.bmp,ctxr,22176,a6af66d5292d00d1fa5bb2294ecd3fbd53501fe2
textures/flatlist/ovr_stm/_win/orn_leg_dt02.bmp.ctxr,textures/flatlist/ovr_stm/_win,orn_leg_dt02.bmp.ctxr,orn_leg_dt02.bmp,ctxr,11264,1edce5c4cd9cc028a506d8b8d394490f5b504dda
textures/flatlist/ovr_stm/_win/orn_leg_dt03.bmp.ctxr,textures/flatlist/ovr_stm/_win,orn_leg_dt03.bmp.ctxr,orn_leg_dt03.bmp,ctxr,22176,aa30bc614df0640ad027ba6a1bf5c25dbe43975a
textures/flatlist/ovr_stm/_win/orn_leg_dt04.bmp.ctxr,textures/flatlist/ovr_stm/_win,orn_leg_dt04.bmp.ctxr,orn_leg_dt04.bmp,ctxr,11264,a8721f0e0a358355c64ca5cbb10f3be399123e02
textures/flatlist/ovr_stm/_win/orn_neck_dt01.bmp.ctxr,textures/flatlist/ovr_stm/_win,orn_neck_dt01.bmp.ctxr,orn_neck_dt01.bmp,ctxr,22208,b5217276872215d825e8e25d694c83fb0b8132da
textures/flatlist/ovr_stm/_win/orn_should_dt01.bmp.ctxr,textures/flatlist/ovr_stm/_win,orn_should_dt01.bmp.ctxr,orn_should_dt01.bmp,ctxr,22208,cc43bc761a00018890cf498934607ceedb701d95
textures/flatlist/ovr_stm/_win/orn_should_dt02.bmp.ctxr,textures/flatlist/ovr_stm/_win,orn_should_dt02.bmp.ctxr,orn_should_dt02.bmp,ctxr,11264,002e866de7135b59e458a817ca76a5a0e04c24ac
textures/flatlist/ovr_stm/_win/orn_sld_cover_alp.bmp.ctxr,textures/flatlist/ovr_stm/_win,orn_sld_cover_alp.bmp.ctxr,orn_sld_cover_alp.bmp,ctxr,87744,da5f7334643c035cd3d031c0234bdd9bec385492
textures/flatlist/ovr_stm/_win/orn_sld_mitsubishi_alp.bmp.ctxr,textures/flatlist/ovr_stm/_win,orn_sld_mitsubishi_alp.bmp.ctxr,orn_sld_mitsubishi_alp.bmp,ctxr,5760,1a4c2a29c58f9062f39593ca03c07c4f029e4a8c
textures/flatlist/ovr_stm/_win/orn_sld_noiz_alp.bmp.ctxr,textures/flatlist/ovr_stm/_win,orn_sld_noiz_alp.bmp.ctxr,orn_sld_noiz_alp.bmp,ctxr,175168,21f2772b755e9275b93e5d43ebe3e40cd2a8500d
textures/flatlist/ovr_stm/_win/orp_arm_moji.bmp.ctxr,textures/flatlist/ovr_stm/_win,orp_arm_moji.bmp.ctxr,orp_arm_moji.bmp,ctxr,87744,da79418cd7037afc01cb22b4999042d066eb381c
textures/flatlist/ovr_stm/_win/orp_band.bmp.ctxr,textures/flatlist/ovr_stm/_win,orp_band.bmp.ctxr,orp_band.bmp,ctxr,3040,632681a9c96f77c51a959034d88c0e7379930592
textures/flatlist/ovr_stm/_win/orp_band2.bmp.ctxr,textures/flatlist/ovr_stm/_win,orp_band2.bmp.ctxr,orp_band2.bmp,ctxr,5824,91c6c613bad53039c25a3b8758fe67db939e4b1c
textures/flatlist/ovr_stm/_win/orp_band3.bmp.ctxr,textures/flatlist/ovr_stm/_win,orp_band3.bmp.ctxr,orp_band3.bmp,ctxr,5760,5030e2202f952f88d65b0ec890b8df4fed835d12
textures/flatlist/ovr_stm/_win/orp_boot11.bmp.ctxr,textures/flatlist/ovr_stm/_win,orp_boot11.bmp.ctxr,orp_boot11.bmp,ctxr,87744,69f68b23c33f373a2ae33c474ca7b7d265f62f1b
textures/flatlist/ovr_stm/_win/orp_boot11.bmp_41f82e6a30bb7b02db79623a7af71771.ctxr,textures/flatlist/ovr_stm/_win,orp_boot11.bmp_41f82e6a30bb7b02db79623a7af71771.ctxr,orp_boot11.bmp_41f82e6a30bb7b02db79623a7af71771,ctxr,87744,9669439e9ebb2c769e8f27c4957f345c5809e5a1
textures/flatlist/ovr_stm/_win/orp_boot_bot00.bmp.ctxr,textures/flatlist/ovr_stm/_win,orp_boot_bot00.bmp.ctxr,orp_boot_bot00.bmp,ctxr,22208,cdb032a2e925362778ac9c117b37d36fab16885c
textures/flatlist/ovr_stm/_win/orp_chest_j_meisai_re.bmp.ctxr,textures/flatlist/ovr_stm/_win,orp_chest_j_meisai_re.bmp.ctxr,orp_chest_j_meisai_re.bmp,ctxr,175168,495d0fe16c2447412bcdfb2c5e06ecb23e1184f5
textures/flatlist/ovr_stm/_win/orp_chest_j_meisai_re.bmp_957a88ed297ab2639c6e89e823337953.ctxr,textures/flatlist/ovr_stm/_win,orp_chest_j_meisai_re.bmp_957a88ed297ab2639c6e89e823337953.ctxr,orp_chest_j_meisai_re.bmp_957a88ed297ab2639c6e89e823337953,ctxr,175168,99073444ac6f609d1424438e60f4a702802b1c15
textures/flatlist/ovr_stm/_win/orp_chest_s_re.bmp.ctxr,textures/flatlist/ovr_stm/_win,orp_chest_s_re.bmp.ctxr,orp_chest_s_re.bmp,ctxr,87744,5bc326e089ca5ace311ccaa334ad1776ef91fbd3
textures/flatlist/ovr_stm/_win/orp_chest_s_re.bmp_b6cbd75d2c45b5510f58574f6b202217.ctxr,textures/flatlist/ovr_stm/_win,orp_chest_s_re.bmp_b6cbd75d2c45b5510f58574f6b202217.ctxr,orp_chest_s_re.bmp_b6cbd75d2c45b5510f58574f6b202217,ctxr,87744,45381504d55af6396416d1a253f85c69ccfb97a4
textures/flatlist/ovr_stm/_win/orp_eri2_meisai_re.bmp.ctxr,textures/flatlist/ovr_stm/_win,orp_eri2_meisai_re.bmp.ctxr,orp_eri2_meisai_re.bmp,ctxr,22176,2f4241c92d2863e6dc0199eaf2357781a18aee6a
textures/flatlist/ovr_stm/_win/orp_eri2_meisai_re.bmp_bc88fb1e44ae3c046de504850142dc06.ctxr,textures/flatlist/ovr_stm/_win,orp_eri2_meisai_re.bmp_bc88fb1e44ae3c046de504850142dc06.ctxr,orp_eri2_meisai_re.bmp_bc88fb1e44ae3c046de504850142dc06,ctxr,22176,26e254c7a99a8dd7958d469e26060706e5698829
textures/flatlist/ovr_stm/_win/orp_eri_meisai_re.bmp.ctxr,textures/flatlist/ovr_stm/_win,orp_eri_meisai_re.bmp.ctxr,orp_eri_meisai_re.bmp,ctxr,22176,fc0f94f1822133a37a79e419fe2ea9b822d170d1
textures/flatlist/ovr_stm/_win/orp_face_dd.bmp.ctxr,textures/flatlist/ovr_stm/_win,orp_face_dd.bmp.ctxr,orp_face_dd.bmp,ctxr,349920,5d4976a5f906e708b971c17205de33c4e02cc7bf
textures/flatlist/ovr_stm/_win/orp_face_re.bmp.ctxr,textures/flatlist/ovr_stm/_win,orp_face_re.bmp.ctxr,orp_face_re.bmp,ctxr,349920,4ea6241a291facc84694fd6c2db542705da2d791
textures/flatlist/ovr_stm/_win/orp_face_retach.bmp.ctxr,textures/flatlist/ovr_stm/_win,orp_face_retach.bmp.ctxr,orp_face_retach.bmp,ctxr,349920,55684909635166bcd14af730a460b30d4b85001c
textures/flatlist/ovr_stm/_win/orp_face_retach.bmp_0e6325221940c6ed91356bbf364e91c4.ctxr,textures/flatlist/ovr_stm/_win,orp_face_retach.bmp_0e6325221940c6ed91356bbf364e91c4.ctxr,orp_face_retach.bmp_0e6325221940c6ed91356bbf364e91c4,ctxr,349920,01687fb027a2db6dfdd317454a878785b6e00f75
textures/flatlist/ovr_stm/_win/orp_face_retach.bmp_52c9c67e50e94dbb4dab8c0eb4360a13.ctxr,textures/flatlist/ovr_stm/_win,orp_face_retach.bmp_52c9c67e50e94dbb4dab8c0eb4360a13.ctxr,orp_face_retach.bmp_52c9c67e50e94dbb4dab8c0eb4360a13,ctxr,349920,9689925ca5e3ea19273099ab9d5d2500a28086b5
textures/flatlist/ovr_stm/_win/orp_hair_alp_ovl_dd.bmp.ctxr,textures/flatlist/ovr_stm/_win,orp_hair_alp_ovl_dd.bmp.ctxr,orp_hair_alp_ovl_dd.bmp,ctxr,699488,c3d90c372cdea1350028c17fe7e4102327455857
textures/flatlist/ovr_stm/_win/orp_hair_alp_ovl_new.bmp.ctxr,textures/flatlist/ovr_stm/_win,orp_hair_alp_ovl_new.bmp.ctxr,orp_hair_alp_ovl_new.bmp,ctxr,699488,70912f9c87876428a739401d63ef9bca8d5e2706
textures/flatlist/ovr_stm/_win/orp_hair_alp_ovl_re03.bmp.ctxr,textures/flatlist/ovr_stm/_win,orp_hair_alp_ovl_re03.bmp.ctxr,orp_hair_alp_ovl_re03.bmp,ctxr,699488,36779b9bbe518f48ba5752061f73796416d06b72
textures/flatlist/ovr_stm/_win/orp_hand_sam.bmp.ctxr,textures/flatlist/ovr_stm/_win,orp_hand_sam.bmp.ctxr,orp_hand_sam.bmp,ctxr,5760,a58140d7ce6934ac347d91646ffc2d150924ac52
textures/flatlist/ovr_stm/_win/orp_hand_top.bmp.ctxr,textures/flatlist/ovr_stm/_win,orp_hand_top.bmp.ctxr,orp_hand_top.bmp,ctxr,22208,36e8525424a501d45d43245bdee7ac203ca5ba1a
textures/flatlist/ovr_stm/_win/orp_hf00_st.bmp.ctxr,textures/flatlist/ovr_stm/_win,orp_hf00_st.bmp.ctxr,orp_hf00_st.bmp,ctxr,5760,957839b10d29d4815a598fc4aca297e924ae7de1
textures/flatlist/ovr_stm/_win/orp_hf01_st.bmp.ctxr,textures/flatlist/ovr_stm/_win,orp_hf01_st.bmp.ctxr,orp_hf01_st.bmp,ctxr,22208,dbd40a6d20d860568d2dcc266d1af7f20d1b0548
textures/flatlist/ovr_stm/_win/orp_hf02_st.bmp.ctxr,textures/flatlist/ovr_stm/_win,orp_hf02_st.bmp.ctxr,orp_hf02_st.bmp,ctxr,44064,eb2a6c47be1d9d96191a26ba3d96376f24f95989
textures/flatlist/ovr_stm/_win/orp_hi_eye.bmp.ctxr,textures/flatlist/ovr_stm/_win,orp_hi_eye.bmp.ctxr,orp_hi_eye.bmp,ctxr,22176,c328bde940a72d864e8d4dd697b3e7be2e90f5ea
textures/flatlist/ovr_stm/_win/orp_hi_finger.bmp.ctxr,textures/flatlist/ovr_stm/_win,orp_hi_finger.bmp.ctxr,orp_hi_finger.bmp,ctxr,5760,7da3a165b3091011a61300d4677cafc41a88a541
textures/flatlist/ovr_stm/_win/orp_hi_finger_red.bmp.ctxr,textures/flatlist/ovr_stm/_win,orp_hi_finger_red.bmp.ctxr,orp_hi_finger_red.bmp,ctxr,5760,bbe7c02e533c9b3f984829aa17b40034799b5630
textures/flatlist/ovr_stm/_win/orp_kata_meisai_re.bmp.ctxr,textures/flatlist/ovr_stm/_win,orp_kata_meisai_re.bmp.ctxr,orp_kata_meisai_re.bmp,ctxr,5792,e6388d17be056c0f16df76d63aa2f4b8886382c7
textures/flatlist/ovr_stm/_win/orp_larm_j_meisai_re.bmp.ctxr,textures/flatlist/ovr_stm/_win,orp_larm_j_meisai_re.bmp.ctxr,orp_larm_j_meisai_re.bmp,ctxr,87744,000dc6ceef615e57970547f76f43d959069c8ea2
textures/flatlist/ovr_stm/_win/orp_pamtsu2_meisai_re.bmp.ctxr,textures/flatlist/ovr_stm/_win,orp_pamtsu2_meisai_re.bmp.ctxr,orp_pamtsu2_meisai_re.bmp,ctxr,87744,b549f5c94afdb22a55258b73f28933fd27b9c4f5
textures/flatlist/ovr_stm/_win/orp_pamtsu_meisai_re.bmp.ctxr,textures/flatlist/ovr_stm/_win,orp_pamtsu_meisai_re.bmp.ctxr,orp_pamtsu_meisai_re.bmp,ctxr,87744,c065833368b9fe9a4db60c1c35f4b5343a0ad1dc
textures/flatlist/ovr_stm/_win/orp_rarm_j_meisai_re.bmp.ctxr,textures/flatlist/ovr_stm/_win,orp_rarm_j_meisai_re.bmp.ctxr,orp_rarm_j_meisai_re.bmp,ctxr,87744,a4106750b14fce0097178d962954d4d5b3c17593
textures/flatlist/ovr_stm/_win/orp_waist.bmp.ctxr,textures/flatlist/ovr_stm/_win,orp_waist.bmp.ctxr,orp_waist.bmp,ctxr,11296,0b7eae982d792293be6245ac9172878f78238339
textures/flatlist/ovr_stm/_win/p90_amo.bmp.ctxr,textures/flatlist/ovr_stm/_win,p90_amo.bmp.ctxr,p90_amo.bmp,ctxr,5792,587de12014a8bb58fc0c364ffedf730ab7b0f230
textures/flatlist/ovr_stm/_win/p90_amo_natsu.bmp.ctxr,textures/flatlist/ovr_stm/_win,p90_amo_natsu.bmp.ctxr,p90_amo_natsu.bmp,ctxr,44064,e6e9ae842895c7100e1e81f08517443009ecd083
textures/flatlist/ovr_stm/_win/p90_main_natsu.bmp.ctxr,textures/flatlist/ovr_stm/_win,p90_main_natsu.bmp.ctxr,p90_main_natsu.bmp,ctxr,22208,b3261dc4f036fcc6e2fc12a0b1b62619bfc7eac9
textures/flatlist/ovr_stm/_win/pdray_face_s2.bmp.ctxr,textures/flatlist/ovr_stm/_win,pdray_face_s2.bmp.ctxr,pdray_face_s2.bmp,ctxr,175168,f0f34b05b9a7e1bd4aefaa4860a47d642e7f6b30
textures/flatlist/ovr_stm/_win/pit_arm.bmp.ctxr,textures/flatlist/ovr_stm/_win,pit_arm.bmp.ctxr,pit_arm.bmp,ctxr,87744,bd4424eafa5e022463c2975ee3b0014ebd849ab2
textures/flatlist/ovr_stm/_win/pit_arm004.bmp.ctxr,textures/flatlist/ovr_stm/_win,pit_arm004.bmp.ctxr,pit_arm004.bmp,ctxr,87744,84c841cd23908bd4673857e0bdfc055624888bd2
textures/flatlist/ovr_stm/_win/pit_arm_big_mark_l.bmp.ctxr,textures/flatlist/ovr_stm/_win,pit_arm_big_mark_l.bmp.ctxr,pit_arm_big_mark_l.bmp,ctxr,44064,9fdb40c682b0b443ccd39346a9833993228e7abb
textures/flatlist/ovr_stm/_win/pit_arm_big_mark_r.bmp.ctxr,textures/flatlist/ovr_stm/_win,pit_arm_big_mark_r.bmp.ctxr,pit_arm_big_mark_r.bmp,ctxr,44064,e1ff22fc67c4534f989f62b3bf971803d34863bf
textures/flatlist/ovr_stm/_win/pit_arm_markl.bmp.ctxr,textures/flatlist/ovr_stm/_win,pit_arm_markl.bmp.ctxr,pit_arm_markl.bmp,ctxr,175168,c9e28cda8856a7a260f05cb3b0dabcd6afc1f023
textures/flatlist/ovr_stm/_win/pit_arm_markr.bmp.ctxr,textures/flatlist/ovr_stm/_win,pit_arm_markr.bmp.ctxr,pit_arm_markr.bmp,ctxr,175168,c6f431e0f9e59bfe99531a8dc7edce60f6e56c82
textures/flatlist/ovr_stm/_win/pit_boms_big.bmp.ctxr,textures/flatlist/ovr_stm/_win,pit_boms_big.bmp.ctxr,pit_boms_big.bmp,ctxr,22176,d5d2f753f3150e1e55543a4cadf6cadae22a0436
textures/flatlist/ovr_stm/_win/pit_eye.bmp.ctxr,textures/flatlist/ovr_stm/_win,pit_eye.bmp.ctxr,pit_eye.bmp,ctxr,22176,fbc8f5d843520c425f10716f31723213e1f5d25b
textures/flatlist/ovr_stm/_win/pit_eye_d.bmp.ctxr,textures/flatlist/ovr_stm/_win,pit_eye_d.bmp.ctxr,pit_eye_d.bmp,ctxr,22176,1b65b33540e7140eb353478419730311371c8215
textures/flatlist/ovr_stm/_win/pit_face2_ovl_sub_alp.bmp.ctxr,textures/flatlist/ovr_stm/_win,pit_face2_ovl_sub_alp.bmp.ctxr,pit_face2_ovl_sub_alp.bmp,ctxr,74784,6fcff63ff712949a8a0530d228c6952c2c3ea7e6
textures/flatlist/ovr_stm/_win/pit_food_c.bmp.ctxr,textures/flatlist/ovr_stm/_win,pit_food_c.bmp.ctxr,pit_food_c.bmp,ctxr,22208,b19fbe3033eea4151f37254aba4a8c1454bd53eb
textures/flatlist/ovr_stm/_win/pit_food_c.bmp_34cbc68775c7cff51c1749b7d1398731.ctxr,textures/flatlist/ovr_stm/_win,pit_food_c.bmp_34cbc68775c7cff51c1749b7d1398731.ctxr,pit_food_c.bmp_34cbc68775c7cff51c1749b7d1398731,ctxr,22208,c893c61a8562b0a2943960cdd54ff959ce765349
textures/flatlist/ovr_stm/_win/pit_food_s.bmp.ctxr,textures/flatlist/ovr_stm/_win,pit_food_s.bmp.ctxr,pit_food_s.bmp,ctxr,44064,6e876954deb856b4b2f9188cf1f2803a5e467157
textures/flatlist/ovr_stm/_win/pit_food_s.bmp_c5532a65e21a91fcf9dcfee4619c7e9a.ctxr,textures/flatlist/ovr_stm/_win,pit_food_s.bmp_c5532a65e21a91fcf9dcfee4619c7e9a.ctxr,pit_food_s.bmp_c5532a65e21a91fcf9dcfee4619c7e9a,ctxr,44064,eca94622c4060f7cae18d57669da2d9a3dcccf0c
textures/flatlist/ovr_stm/_win/pit_legl.bmp.ctxr,textures/flatlist/ovr_stm/_win,pit_legl.bmp.ctxr,pit_legl.bmp,ctxr,87744,d275672c439bcf132fa1da2a12c610a0280c39b7
textures/flatlist/ovr_stm/_win/pit_legl_re00.bmp.ctxr,textures/flatlist/ovr_stm/_win,pit_legl_re00.bmp.ctxr,pit_legl_re00.bmp,ctxr,87744,8ddbf78d2e8be8921c0b22dad2ba5f2c1594ee36
textures/flatlist/ovr_stm/_win/pit_neccktie.bmp.ctxr,textures/flatlist/ovr_stm/_win,pit_neccktie.bmp.ctxr,pit_neccktie.bmp,ctxr,5760,2ba4489f92851f71c9953861ce20ceaff9a34222
textures/flatlist/ovr_stm/_win/pit_nypd_big.bmp.ctxr,textures/flatlist/ovr_stm/_win,pit_nypd_big.bmp.ctxr,pit_nypd_big.bmp,ctxr,44064,b28077803f81e7b9fa30fdecd1efea5823900402
textures/flatlist/ovr_stm/_win/pit_shatu00.bmp.ctxr,textures/flatlist/ovr_stm/_win,pit_shatu00.bmp.ctxr,pit_shatu00.bmp,ctxr,22176,e5723606553dd029d5eabd389afec0bcfd0d6c21
textures/flatlist/ovr_stm/_win/pit_shatu001.bmp.ctxr,textures/flatlist/ovr_stm/_win,pit_shatu001.bmp.ctxr,pit_shatu001.bmp,ctxr,22176,916fbc80d1382d2c52c29b5a2d7c507c3e874c48
textures/flatlist/ovr_stm/_win/pit_shatu01.bmp.ctxr,textures/flatlist/ovr_stm/_win,pit_shatu01.bmp.ctxr,pit_shatu01.bmp,ctxr,22176,a10babbddb0bcb8c0c7702730d7095efed0d59a0
textures/flatlist/ovr_stm/_win/pit_shatu_dd.bmp.ctxr,textures/flatlist/ovr_stm/_win,pit_shatu_dd.bmp.ctxr,pit_shatu_dd.bmp,ctxr,5792,aa0744b91313a4bc7318a2e96ffbb68a118dfa67
textures/flatlist/ovr_stm/_win/pit_shoese.bmp.ctxr,textures/flatlist/ovr_stm/_win,pit_shoese.bmp.ctxr,pit_shoese.bmp,ctxr,22176,9fcb50a067ec29a6fdee39f42bed4046216c53a9
textures/flatlist/ovr_stm/_win/pit_shoese_000.bmp.ctxr,textures/flatlist/ovr_stm/_win,pit_shoese_000.bmp.ctxr,pit_shoese_000.bmp,ctxr,11264,6c9723d1b5b61a8d736f611b4df8f6e49df8112b
textures/flatlist/ovr_stm/_win/pit_shoese_under.bmp.ctxr,textures/flatlist/ovr_stm/_win,pit_shoese_under.bmp.ctxr,pit_shoese_under.bmp,ctxr,11264,c7059736b3db559172d00e14e60cc1bd4161019a
textures/flatlist/ovr_stm/_win/pit_steki00.bmp.ctxr,textures/flatlist/ovr_stm/_win,pit_steki00.bmp.ctxr,pit_steki00.bmp,ctxr,5760,8e30ee53ad74752abebd79ec9f393fadbef05bf6
textures/flatlist/ovr_stm/_win/pit_steki01.bmp.ctxr,textures/flatlist/ovr_stm/_win,pit_steki01.bmp.ctxr,pit_steki01.bmp,ctxr,5760,1ce4bc964446f8463703fcfb519b0c1daf1912a8
textures/flatlist/ovr_stm/_win/plant_bomb2_alp_ovl.bmp.ctxr,textures/flatlist/ovr_stm/_win,plant_bomb2_alp_ovl.bmp.ctxr,plant_bomb2_alp_ovl.bmp,ctxr,349920,22ae84b159a71274b6bbc8ef58ef3ad451a18c6b
textures/flatlist/ovr_stm/_win/plant_bomb_alp_ovl.bmp.ctxr,textures/flatlist/ovr_stm/_win,plant_bomb_alp_ovl.bmp.ctxr,plant_bomb_alp_ovl.bmp,ctxr,349920,9082fe015a60e37cfe217e2ab49741d016edb07d
textures/flatlist/ovr_stm/_win/pl_box_d.bmp.ctxr,textures/flatlist/ovr_stm/_win,pl_box_d.bmp.ctxr,pl_box_d.bmp,ctxr,44064,1637c9e090e7928bbd28dce7aadad0fc046f186c
textures/flatlist/ovr_stm/_win/police_pos.bmp.ctxr,textures/flatlist/ovr_stm/_win,police_pos.bmp.ctxr,police_pos.bmp,ctxr,349920,b5ea684afa407610c90c789d447f72ac6ae771c5
textures/flatlist/ovr_stm/_win/postcard01.bmp.ctxr,textures/flatlist/ovr_stm/_win,postcard01.bmp.ctxr,postcard01.bmp,ctxr,44064,62280f32cf086544e55b69c5b4b491f1244db993
textures/flatlist/ovr_stm/_win/pos_abe_01.bmp.ctxr,textures/flatlist/ovr_stm/_win,pos_abe_01.bmp.ctxr,pos_abe_01.bmp,ctxr,349920,3a8c345f16bf83fe6ce43c55187b9c273745809a
textures/flatlist/ovr_stm/_win/pos_ishida_02.bmp.ctxr,textures/flatlist/ovr_stm/_win,pos_ishida_02.bmp.ctxr,pos_ishida_02.bmp,ctxr,349920,38ea7180cbcb47eb80504bcdba70059463305447
textures/flatlist/ovr_stm/_win/pos_ishida_03.bmp.ctxr,textures/flatlist/ovr_stm/_win,pos_ishida_03.bmp.ctxr,pos_ishida_03.bmp,ctxr,349920,6c4fefb8bb38c7dff88406413a924eff30c6f87f
textures/flatlist/ovr_stm/_win/pos_kazuki_01.bmp.ctxr,textures/flatlist/ovr_stm/_win,pos_kazuki_01.bmp.ctxr,pos_kazuki_01.bmp,ctxr,349920,6079d075f300d7e62e65275b6f7f621bf53746a3
textures/flatlist/ovr_stm/_win/pos_kazuki_02.bmp.ctxr,textures/flatlist/ovr_stm/_win,pos_kazuki_02.bmp.ctxr,pos_kazuki_02.bmp,ctxr,349920,5c6c4836112a04b08ad251dc1b1b8c020bdbb6f2
textures/flatlist/ovr_stm/_win/pos_nakagawa_02.bmp.ctxr,textures/flatlist/ovr_stm/_win,pos_nakagawa_02.bmp.ctxr,pos_nakagawa_02.bmp,ctxr,349920,52e9016c926d7d99f172bfb903d4c67e5fd5917e
textures/flatlist/ovr_stm/_win/pos_nakagawa_03.bmp.ctxr,textures/flatlist/ovr_stm/_win,pos_nakagawa_03.bmp.ctxr,pos_nakagawa_03.bmp,ctxr,349920,ace0fc539cd38660d94f874ee9d99c059086b227
textures/flatlist/ovr_stm/_win/pos_yasuda_03.bmp.ctxr,textures/flatlist/ovr_stm/_win,pos_yasuda_03.bmp.ctxr,pos_yasuda_03.bmp,ctxr,349920,bc71907b8c5946564115bfdb5a67bb9ffc211a43
textures/flatlist/ovr_stm/_win/ptr_face03.bmp.ctxr,textures/flatlist/ovr_stm/_win,ptr_face03.bmp.ctxr,ptr_face03.bmp,ctxr,699488,b2eb6461a0d32b71bb3c1191c62f2e5990f3a921
textures/flatlist/ovr_stm/_win/ptr_face03.bmp_b289bdfbbb58e30a73b2a6a2b3ba988b.ctxr,textures/flatlist/ovr_stm/_win,ptr_face03.bmp_b289bdfbbb58e30a73b2a6a2b3ba988b.ctxr,ptr_face03.bmp_b289bdfbbb58e30a73b2a6a2b3ba988b,ctxr,699488,d63706ef75a814465149ae239a3b5f9b2359a9be
textures/flatlist/ovr_stm/_win/ptr_face_dead.bmp.ctxr,textures/flatlist/ovr_stm/_win,ptr_face_dead.bmp.ctxr,ptr_face_dead.bmp,ctxr,699488,2c6c5b0132681b9dafb25b158ecbe14b007ce05b
textures/flatlist/ovr_stm/_win/ptr_hand.bmp.ctxr,textures/flatlist/ovr_stm/_win,ptr_hand.bmp.ctxr,ptr_hand.bmp,ctxr,44064,e2678afe6ef1b7cf2fd2326beb5107a848fe64d0
textures/flatlist/ovr_stm/_win/ptr_hand_re.bmp.ctxr,textures/flatlist/ovr_stm/_win,ptr_hand_re.bmp.ctxr,ptr_hand_re.bmp,ctxr,44064,ee5bc28a936901094334d59bda0daa9eeef90582
textures/flatlist/ovr_stm/_win/ptr_hi_finger.bmp.ctxr,textures/flatlist/ovr_stm/_win,ptr_hi_finger.bmp.ctxr,ptr_hi_finger.bmp,ctxr,5760,9fdd17e934badb42cb584444c50e15e1c72fffc2
textures/flatlist/ovr_stm/_win/ptr_hi_finger_red.bmp.ctxr,textures/flatlist/ovr_stm/_win,ptr_hi_finger_red.bmp.ctxr,ptr_hi_finger_red.bmp,ctxr,5760,61a60d2586d02c5e8a5944ba422f7d65a7665bdb
textures/flatlist/ovr_stm/_win/ptr_hi_hand000.bmp.ctxr,textures/flatlist/ovr_stm/_win,ptr_hi_hand000.bmp.ctxr,ptr_hi_hand000.bmp,ctxr,44064,e877f7bd3f8ef942b020348830621d5f55a31406
textures/flatlist/ovr_stm/_win/ptr_hi_hand01.bmp.ctxr,textures/flatlist/ovr_stm/_win,ptr_hi_hand01.bmp.ctxr,ptr_hi_hand01.bmp,ctxr,22176,fdbebffd4b01fb8e52d812e413909cd11a512784
textures/flatlist/ovr_stm/_win/ptr_jaket_nypd.bmp.ctxr,textures/flatlist/ovr_stm/_win,ptr_jaket_nypd.bmp.ctxr,ptr_jaket_nypd.bmp,ctxr,349920,e49201df3c009e8ef1abb50298b7757d1ebe4094
textures/flatlist/ovr_stm/_win/ptr_jaket_nypd_dead.bmp.ctxr,textures/flatlist/ovr_stm/_win,ptr_jaket_nypd_dead.bmp.ctxr,ptr_jaket_nypd_dead.bmp,ctxr,349920,0a03f25eab60e4d384e8b2360bfdbad0f4da48e1
textures/flatlist/ovr_stm/_win/ptr_jaket_nypd_new.bmp.ctxr,textures/flatlist/ovr_stm/_win,ptr_jaket_nypd_new.bmp.ctxr,ptr_jaket_nypd_new.bmp,ctxr,349920,ed4732c9d23ce8173c4a7c302640f6f26047941e
textures/flatlist/ovr_stm/_win/ptr_mtg_alp_ovl.bmp.ctxr,textures/flatlist/ovr_stm/_win,ptr_mtg_alp_ovl.bmp.ctxr,ptr_mtg_alp_ovl.bmp,ctxr,22208,c09bc12f5f1fd9d9dfb2021705f347663196e8f6
textures/flatlist/ovr_stm/_win/ptr_tooth_d1.bmp.ctxr,textures/flatlist/ovr_stm/_win,ptr_tooth_d1.bmp.ctxr,ptr_tooth_d1.bmp,ctxr,5792,94cc77102c6311e3a1c5bd33620b14f8b100d6d7
textures/flatlist/ovr_stm/_win/ptr_tooth_d2.bmp.ctxr,textures/flatlist/ovr_stm/_win,ptr_tooth_d2.bmp.ctxr,ptr_tooth_d2.bmp,ctxr,5792,86920bac89ea9ed2098e076f03f7fc4ec2659e10
textures/flatlist/ovr_stm/_win/ptr_tooth_d3.bmp.ctxr,textures/flatlist/ovr_stm/_win,ptr_tooth_d3.bmp.ctxr,ptr_tooth_d3.bmp,ctxr,3072,4c7557269619db783b35a84bf05953e484f4984c
textures/flatlist/ovr_stm/_win/ptr_tooth_d4.bmp.ctxr,textures/flatlist/ovr_stm/_win,ptr_tooth_d4.bmp.ctxr,ptr_tooth_d4.bmp,ctxr,3040,b95adcb58f9e1e92c03e798a820741e69c00c5ef
textures/flatlist/ovr_stm/_win/ptr_tooth_u1.bmp.ctxr,textures/flatlist/ovr_stm/_win,ptr_tooth_u1.bmp.ctxr,ptr_tooth_u1.bmp,ctxr,5792,6fd108c980efb10e69a67b88b6c9163654927f1e
textures/flatlist/ovr_stm/_win/ptr_tooth_u2.bmp.ctxr,textures/flatlist/ovr_stm/_win,ptr_tooth_u2.bmp.ctxr,ptr_tooth_u2.bmp,ctxr,5792,ff480bf6833bb4be59d3ebfb62cfbd23a6a566c7
textures/flatlist/ovr_stm/_win/ptr_tooth_u3.bmp.ctxr,textures/flatlist/ovr_stm/_win,ptr_tooth_u3.bmp.ctxr,ptr_tooth_u3.bmp,ctxr,5792,6b7455c65d4fb1de2e71ebb3d4b3b47829892f65
textures/flatlist/ovr_stm/_win/ptr_tooth_u4.bmp.ctxr,textures/flatlist/ovr_stm/_win,ptr_tooth_u4.bmp.ctxr,ptr_tooth_u4.bmp,ctxr,5792,9c2e633a769664c939cc09408b99a30b5f70579d
textures/flatlist/ovr_stm/_win/pump.bmp.ctxr,textures/flatlist/ovr_stm/_win,pump.bmp.ctxr,pump.bmp,ctxr,22176,c890ab8f421f8c733f0f68b7c3ff9c7c9f4a5a47
textures/flatlist/ovr_stm/_win/pumpin.bmp_d158ec1bae8868a7fb57a3d368a5647f.ctxr,textures/flatlist/ovr_stm/_win,pumpin.bmp_d158ec1bae8868a7fb57a3d368a5647f.ctxr,pumpin.bmp_d158ec1bae8868a7fb57a3d368a5647f,ctxr,22176,453d24ed21fb6f99abd9749698a3ae40ccd9cf39
textures/flatlist/ovr_stm/_win/rad_musen1.bmp.ctxr,textures/flatlist/ovr_stm/_win,rad_musen1.bmp.ctxr,rad_musen1.bmp,ctxr,11264,9f1f3b28679bae36fa1b7cba57149cc153683c72
textures/flatlist/ovr_stm/_win/rad_musen3.bmp.ctxr,textures/flatlist/ovr_stm/_win,rad_musen3.bmp.ctxr,rad_musen3.bmp,ctxr,5792,2ecd4d96df82e0c558d04bd4f75a47da70ac3047
textures/flatlist/ovr_stm/_win/rad_musen4.bmp.ctxr,textures/flatlist/ovr_stm/_win,rad_musen4.bmp.ctxr,rad_musen4.bmp,ctxr,11264,d6237f028c70537fe09c8df8c25742aa5b6a5fcf
textures/flatlist/ovr_stm/_win/rai_all_ibox.bmp.ctxr,textures/flatlist/ovr_stm/_win,rai_all_ibox.bmp.ctxr,rai_all_ibox.bmp,ctxr,87744,a194ca04d7b712112b5527a4db634b668ccf382a
textures/flatlist/ovr_stm/_win/rai_gun_back.bmp.ctxr,textures/flatlist/ovr_stm/_win,rai_gun_back.bmp.ctxr,rai_gun_back.bmp,ctxr,5792,8e338e8762f63594ccde13f42eef7abbb6ed9f7b
textures/flatlist/ovr_stm/_win/rai_gun_fro.bmp.ctxr,textures/flatlist/ovr_stm/_win,rai_gun_fro.bmp.ctxr,rai_gun_fro.bmp,ctxr,5792,75adf4bbc1f89528f31457b7b176feb1340f7304
textures/flatlist/ovr_stm/_win/rai_gun_side.bmp.ctxr,textures/flatlist/ovr_stm/_win,rai_gun_side.bmp.ctxr,rai_gun_side.bmp,ctxr,11264,52b2f311f28aebf3dfa05a44074b1c8cc8625b5d
textures/flatlist/ovr_stm/_win/rai_gun_side2.bmp.ctxr,textures/flatlist/ovr_stm/_win,rai_gun_side2.bmp.ctxr,rai_gun_side2.bmp,ctxr,11264,180933c6e52a803bf6f6f2b99aa11f3d27df2264
textures/flatlist/ovr_stm/_win/rai_gun_top.bmp.ctxr,textures/flatlist/ovr_stm/_win,rai_gun_top.bmp.ctxr,rai_gun_top.bmp,ctxr,3040,e46afb75eff6b22d30ca7e443513c3b0302b7d81
textures/flatlist/ovr_stm/_win/ray_add_alp.bmp.ctxr,textures/flatlist/ovr_stm/_win,ray_add_alp.bmp.ctxr,ray_add_alp.bmp,ctxr,22176,afda987a9626da8f33f72e7a5e305798ae2f3b5e
textures/flatlist/ovr_stm/_win/ray_armpit_meca2.bmp.ctxr,textures/flatlist/ovr_stm/_win,ray_armpit_meca2.bmp.ctxr,ray_armpit_meca2.bmp,ctxr,11264,664ed0299fd0514e5428953a082abf9754d14b78
textures/flatlist/ovr_stm/_win/ray_armpit_meca2_new.bmp.ctxr,textures/flatlist/ovr_stm/_win,ray_armpit_meca2_new.bmp.ctxr,ray_armpit_meca2_new.bmp,ctxr,11264,66f6bbe3c57187c987c7e5255885dea99e511da3
textures/flatlist/ovr_stm/_win/ray_armpit_t1.bmp.ctxr,textures/flatlist/ovr_stm/_win,ray_armpit_t1.bmp.ctxr,ray_armpit_t1.bmp,ctxr,44064,833be012a71280253003d673f16d3063ce1eec67
textures/flatlist/ovr_stm/_win/ray_armpit_u1.bmp.ctxr,textures/flatlist/ovr_stm/_win,ray_armpit_u1.bmp.ctxr,ray_armpit_u1.bmp,ctxr,44064,92c45fa686f205a6426df3d07a74f939806d9e51
textures/flatlist/ovr_stm/_win/ray_arm_t1.bmp.ctxr,textures/flatlist/ovr_stm/_win,ray_arm_t1.bmp.ctxr,ray_arm_t1.bmp,ctxr,349920,2e9b3846e9c39359bf3e5c4a797eef23d97b2067
textures/flatlist/ovr_stm/_win/ray_arm_t1_sub_alp_ovl.bmp.ctxr,textures/flatlist/ovr_stm/_win,ray_arm_t1_sub_alp_ovl.bmp.ctxr,ray_arm_t1_sub_alp_ovl.bmp,ctxr,151712,91aaa5216dd1dc28db7015cac682ee5ae6ba7d7c
textures/flatlist/ovr_stm/_win/ray_arm_u1.bmp.ctxr,textures/flatlist/ovr_stm/_win,ray_arm_u1.bmp.ctxr,ray_arm_u1.bmp,ctxr,11264,0bf90235f05cb465e5c33bd7d0cf5f238cfb70d9
textures/flatlist/ovr_stm/_win/ray_arm_u1s.bmp.ctxr,textures/flatlist/ovr_stm/_win,ray_arm_u1s.bmp.ctxr,ray_arm_u1s.bmp,ctxr,3040,51eba3ded7e3dbb482cb324ad89e65f138f8c8d8
textures/flatlist/ovr_stm/_win/ray_arm_u_finall.bmp.ctxr,textures/flatlist/ovr_stm/_win,ray_arm_u_finall.bmp.ctxr,ray_arm_u_finall.bmp,ctxr,44064,4a975802fc1af65c4792cca55044ada51655dc16
textures/flatlist/ovr_stm/_win/ray_backpack_t1.bmp.ctxr,textures/flatlist/ovr_stm/_win,ray_backpack_t1.bmp.ctxr,ray_backpack_t1.bmp,ctxr,175168,d45c387b46b0087bf148130e22744a0b60370509
textures/flatlist/ovr_stm/_win/ray_bm_01.bmp.ctxr,textures/flatlist/ovr_stm/_win,ray_bm_01.bmp.ctxr,ray_bm_01.bmp,ctxr,44064,282362dec389bccfd7bbaf25d89c37038c6dc704
textures/flatlist/ovr_stm/_win/ray_body_s1.bmp.ctxr,textures/flatlist/ovr_stm/_win,ray_body_s1.bmp.ctxr,ray_body_s1.bmp,ctxr,349920,a1cdf63ad31e8ca795f40925f1734bc810ccb16f
textures/flatlist/ovr_stm/_win/ray_canopy.bmp.ctxr,textures/flatlist/ovr_stm/_win,ray_canopy.bmp.ctxr,ray_canopy.bmp,ctxr,5760,5c1d5bb07fe872f342f59a645a7bd47f0429bc39
textures/flatlist/ovr_stm/_win/ray_canopy.bmp_69536e0cc16b5504c7afe3237c9f388a.ctxr,textures/flatlist/ovr_stm/_win,ray_canopy.bmp_69536e0cc16b5504c7afe3237c9f388a.ctxr,ray_canopy.bmp_69536e0cc16b5504c7afe3237c9f388a,ctxr,22176,8b60cf7bcee1db609fc480979b9a6bd25692c94c
textures/flatlist/ovr_stm/_win/ray_canopy_edge.bmp.ctxr,textures/flatlist/ovr_stm/_win,ray_canopy_edge.bmp.ctxr,ray_canopy_edge.bmp,ctxr,5792,a01031e0158f88239cd5ffc0d2cf65046128e90a
textures/flatlist/ovr_stm/_win/ray_canopy_ovl_mod1120_emap.bmp.ctxr,textures/flatlist/ovr_stm/_win,ray_canopy_ovl_mod1120_emap.bmp.ctxr,ray_canopy_ovl_mod1120_emap.bmp,ctxr,22176,676e34c8ba0c70441d602716f4deaad8847155f1
textures/flatlist/ovr_stm/_win/ray_canopy_sub_ovl_alp.bmp.ctxr,textures/flatlist/ovr_stm/_win,ray_canopy_sub_ovl_alp.bmp.ctxr,ray_canopy_sub_ovl_alp.bmp,ctxr,4256,0e54b2afa3462fc037993d9c622e1c45e07e908d
textures/flatlist/ovr_stm/_win/ray_canopy_sub_ovl_alp.bmp_262887ad5d1a24632bc26b95450cb515.ctxr,textures/flatlist/ovr_stm/_win,ray_canopy_sub_ovl_alp.bmp_262887ad5d1a24632bc26b95450cb515.ctxr,ray_canopy_sub_ovl_alp.bmp_262887ad5d1a24632bc26b95450cb515,ctxr,16544,75accdad6d8d07d2a9238be0ecc19f3f7014ccae
textures/flatlist/ovr_stm/_win/ray_chest_f1.bmp.ctxr,textures/flatlist/ovr_stm/_win,ray_chest_f1.bmp.ctxr,ray_chest_f1.bmp,ctxr,87744,be4d5182f0c3323ea2531580a30998fd71e11e03
textures/flatlist/ovr_stm/_win/ray_chin1_u.bmp.ctxr,textures/flatlist/ovr_stm/_win,ray_chin1_u.bmp.ctxr,ray_chin1_u.bmp,ctxr,44064,768a71517ddb662aa993e1ac3e922587d4acc1f2
textures/flatlist/ovr_stm/_win/ray_chin2_u.bmp.ctxr,textures/flatlist/ovr_stm/_win,ray_chin2_u.bmp.ctxr,ray_chin2_u.bmp,ctxr,11264,b4c67f4fb3d1114aa5deea9454feb6dd026a7867
textures/flatlist/ovr_stm/_win/ray_chin_t1.bmp.ctxr,textures/flatlist/ovr_stm/_win,ray_chin_t1.bmp.ctxr,ray_chin_t1.bmp,ctxr,22176,87f2421d876aa3f2439547cf49f0abd94864676f
textures/flatlist/ovr_stm/_win/ray_eye.bmp.ctxr,textures/flatlist/ovr_stm/_win,ray_eye.bmp.ctxr,ray_eye.bmp,ctxr,5760,ff8a61f9a372d9b53ae43acd3574346163622e4b
textures/flatlist/ovr_stm/_win/ray_eye_bonbori_alp.bmp.ctxr,textures/flatlist/ovr_stm/_win,ray_eye_bonbori_alp.bmp.ctxr,ray_eye_bonbori_alp.bmp,ctxr,5760,2437f8c65801214260c71c2af6527e5cecb4ef21
textures/flatlist/ovr_stm/_win/ray_eye_pera.bmp.ctxr,textures/flatlist/ovr_stm/_win,ray_eye_pera.bmp.ctxr,ray_eye_pera.bmp,ctxr,5760,fa7172fccf379b1e4c60b749f512fe83274e79de
textures/flatlist/ovr_stm/_win/ray_face_b1.bmp.ctxr,textures/flatlist/ovr_stm/_win,ray_face_b1.bmp.ctxr,ray_face_b1.bmp,ctxr,5792,0257feb2c93cfd10bae00f82b5d6784cfd62c495
textures/flatlist/ovr_stm/_win/ray_face_s1.bmp.ctxr,textures/flatlist/ovr_stm/_win,ray_face_s1.bmp.ctxr,ray_face_s1.bmp,ctxr,87776,d164be566dc321645d4133b5d93b1eeeb68e275a
textures/flatlist/ovr_stm/_win/ray_face_s1_sub_alp_ovl.bmp.ctxr,textures/flatlist/ovr_stm/_win,ray_face_s1_sub_alp_ovl.bmp.ctxr,ray_face_s1_sub_alp_ovl.bmp,ctxr,32544,cb77b8449b37d221d71ed81dd634ea4878daae38
textures/flatlist/ovr_stm/_win/ray_face_s2.bmp.ctxr,textures/flatlist/ovr_stm/_win,ray_face_s2.bmp.ctxr,ray_face_s2.bmp,ctxr,175168,5e6af97d1ae4061356e41d9cd3557f493f62553e
textures/flatlist/ovr_stm/_win/ray_face_s2_sub_alp_ovl.bmp.ctxr,textures/flatlist/ovr_stm/_win,ray_face_s2_sub_alp_ovl.bmp.ctxr,ray_face_s2_sub_alp_ovl.bmp,ctxr,52448,f1eafc67543c3cc7116e83c2b9b95aee1581867d
textures/flatlist/ovr_stm/_win/ray_face_t1.bmp.ctxr,textures/flatlist/ovr_stm/_win,ray_face_t1.bmp.ctxr,ray_face_t1.bmp,ctxr,175168,801ae53799ea62350e0205501f55bb9b2528d409
textures/flatlist/ovr_stm/_win/ray_face_t1_sub_alp_ovl.bmp.ctxr,textures/flatlist/ovr_stm/_win,ray_face_t1_sub_alp_ovl.bmp.ctxr,ray_face_t1_sub_alp_ovl.bmp,ctxr,56096,39761b66a81bf12c03a99877608727fb22f4d258
textures/flatlist/ovr_stm/_win/ray_forearm_t1.bmp.ctxr,textures/flatlist/ovr_stm/_win,ray_forearm_t1.bmp.ctxr,ray_forearm_t1.bmp,ctxr,87744,3e461d99c75b592d47d573e19aedbc1c527eeb77
textures/flatlist/ovr_stm/_win/ray_hand_u1.bmp.ctxr,textures/flatlist/ovr_stm/_win,ray_hand_u1.bmp.ctxr,ray_hand_u1.bmp,ctxr,22208,c01a8c5dcb7df442758a2f2938121c32a7e342a2
textures/flatlist/ovr_stm/_win/ray_hip_f1.bmp.ctxr,textures/flatlist/ovr_stm/_win,ray_hip_f1.bmp.ctxr,ray_hip_f1.bmp,ctxr,44064,fe38e8e716cc722ffdfb701437450e7ae1492d66
textures/flatlist/ovr_stm/_win/ray_leg1_s1.bmp.ctxr,textures/flatlist/ovr_stm/_win,ray_leg1_s1.bmp.ctxr,ray_leg1_s1.bmp,ctxr,175168,a44301e591abdfc0567c4232bf43d4c61cd55b36
textures/flatlist/ovr_stm/_win/ray_leg1_s1_sub_alp_ovl.bmp.ctxr,textures/flatlist/ovr_stm/_win,ray_leg1_s1_sub_alp_ovl.bmp.ctxr,ray_leg1_s1_sub_alp_ovl.bmp,ctxr,76960,300c70107df15dba89d44eba9450a8dc52a9d3c3
textures/flatlist/ovr_stm/_win/ray_leg2_s1.bmp.ctxr,textures/flatlist/ovr_stm/_win,ray_leg2_s1.bmp.ctxr,ray_leg2_s1.bmp,ctxr,349920,8746b665a405d762027be133fa21a86ab0c47420
textures/flatlist/ovr_stm/_win/ray_lip_out.bmp.ctxr,textures/flatlist/ovr_stm/_win,ray_lip_out.bmp.ctxr,ray_lip_out.bmp,ctxr,11264,46a679f6efd4a8620d42bf380fae362909d2a68e
textures/flatlist/ovr_stm/_win/ray_lip_out_sub_alp_ovl.bmp.ctxr,textures/flatlist/ovr_stm/_win,ray_lip_out_sub_alp_ovl.bmp.ctxr,ray_lip_out_sub_alp_ovl.bmp,ctxr,5536,268774da783e5ac52278ffbdd629ab41178e295c
textures/flatlist/ovr_stm/_win/ray_mouth_temptex.bmp.ctxr,textures/flatlist/ovr_stm/_win,ray_mouth_temptex.bmp.ctxr,ray_mouth_temptex.bmp,ctxr,22176,ac9e7f4f686a963aa880d60a558baa191be1dd00
textures/flatlist/ovr_stm/_win/ray_muzzle.bmp.ctxr,textures/flatlist/ovr_stm/_win,ray_muzzle.bmp.ctxr,ray_muzzle.bmp,ctxr,11264,5cb7a57d6606f78d001d4da0da95291dad365843
textures/flatlist/ovr_stm/_win/ray_muzzle_iner.bmp.ctxr,textures/flatlist/ovr_stm/_win,ray_muzzle_iner.bmp.ctxr,ray_muzzle_iner.bmp,ctxr,5760,cf2844c897ddea655050e1354564561dcc5a06a7
textures/flatlist/ovr_stm/_win/ray_neck_circle.bmp.ctxr,textures/flatlist/ovr_stm/_win,ray_neck_circle.bmp.ctxr,ray_neck_circle.bmp,ctxr,5760,345fa6a56c8c7629fce1820d68601a34a93910ae
textures/flatlist/ovr_stm/_win/ray_shoulder_circle.bmp.ctxr,textures/flatlist/ovr_stm/_win,ray_shoulder_circle.bmp.ctxr,ray_shoulder_circle.bmp,ctxr,22176,bc611fd4d171dee29b42c4fccd00d810ff5fba4a
textures/flatlist/ovr_stm/_win/ray_shoulder_f1.bmp.ctxr,textures/flatlist/ovr_stm/_win,ray_shoulder_f1.bmp.ctxr,ray_shoulder_f1.bmp,ctxr,87744,b06d22d2cacca06bd466972979c5c268a90130e6
textures/flatlist/ovr_stm/_win/ray_tail_s1x.bmp.ctxr,textures/flatlist/ovr_stm/_win,ray_tail_s1x.bmp.ctxr,ray_tail_s1x.bmp,ctxr,87776,a6be46199e445aed8efc69d2d0eb58aba1d93f83
textures/flatlist/ovr_stm/_win/ray_tail_s1x_sub_alp_ovl.bmp.ctxr,textures/flatlist/ovr_stm/_win,ray_tail_s1x_sub_alp_ovl.bmp.ctxr,ray_tail_s1x_sub_alp_ovl.bmp,ctxr,37024,60afd49f1c6cec9c0f63497de74ce29067823161
textures/flatlist/ovr_stm/_win/ray_tail_s2.bmp.ctxr,textures/flatlist/ovr_stm/_win,ray_tail_s2.bmp.ctxr,ray_tail_s2.bmp,ctxr,44064,bfd7f5506f1a8ba873181baa9e738ed92664f44d
textures/flatlist/ovr_stm/_win/ray_temptex1.bmp.ctxr,textures/flatlist/ovr_stm/_win,ray_temptex1.bmp.ctxr,ray_temptex1.bmp,ctxr,22176,d3520f07b44414f0aaa4ff725bf4305aa7455b7e
textures/flatlist/ovr_stm/_win/ray_temptex1_sub_alp_ovl.bmp.ctxr,textures/flatlist/ovr_stm/_win,ray_temptex1_sub_alp_ovl.bmp.ctxr,ray_temptex1_sub_alp_ovl.bmp,ctxr,16544,6e6348e7bfe9af1b80923d20730fdee0ab467d0f
textures/flatlist/ovr_stm/_win/ray_thigh_b1.bmp.ctxr,textures/flatlist/ovr_stm/_win,ray_thigh_b1.bmp.ctxr,ray_thigh_b1.bmp,ctxr,22176,d801cd2b0917d1a6282f0ed9c4b7a3ee91263f0c
textures/flatlist/ovr_stm/_win/ray_thigh_b1_sub_alp_ovl.bmp.ctxr,textures/flatlist/ovr_stm/_win,ray_thigh_b1_sub_alp_ovl.bmp.ctxr,ray_thigh_b1_sub_alp_ovl.bmp,ctxr,12448,4a634746562733c8f90288c27102ae9f902e1147
textures/flatlist/ovr_stm/_win/ray_thigh_circle.bmp.ctxr,textures/flatlist/ovr_stm/_win,ray_thigh_circle.bmp.ctxr,ray_thigh_circle.bmp,ctxr,22176,48ffd335537bfe4d3f8ac3611a30edee08903f22
textures/flatlist/ovr_stm/_win/ray_thigh_t1.bmp.ctxr,textures/flatlist/ovr_stm/_win,ray_thigh_t1.bmp.ctxr,ray_thigh_t1.bmp,ctxr,699488,ed13b8ce001e433053bc0d03b6e87c1b8e38dfd8
textures/flatlist/ovr_stm/_win/ray_thigh_t1_sub_ovl_alp.bmp.ctxr,textures/flatlist/ovr_stm/_win,ray_thigh_t1_sub_ovl_alp.bmp.ctxr,ray_thigh_t1_sub_ovl_alp.bmp,ctxr,376992,5453cc1b7ddf8d7ead037b2f9c47852f5efc0b4c
textures/flatlist/ovr_stm/_win/ray_thigh_u1.bmp.ctxr,textures/flatlist/ovr_stm/_win,ray_thigh_u1.bmp.ctxr,ray_thigh_u1.bmp,ctxr,87776,4f8b50deee0fbfe7cf68d60b09957f7cdfed0fcc
textures/flatlist/ovr_stm/_win/ray_tooth.bmp.ctxr,textures/flatlist/ovr_stm/_win,ray_tooth.bmp.ctxr,ray_tooth.bmp,ctxr,22176,2eda22ed17a372decbf81e9cfd858468dc31e8e1
textures/flatlist/ovr_stm/_win/ray_waist_b1x.bmp.ctxr,textures/flatlist/ovr_stm/_win,ray_waist_b1x.bmp.ctxr,ray_waist_b1x.bmp,ctxr,44064,a4d1cdd94574b4282a7cbb41c0bdbd24ffb830dc
textures/flatlist/ovr_stm/_win/ray_waist_b1x_sub_alp_ovl.bmp.ctxr,textures/flatlist/ovr_stm/_win,ray_waist_b1x_sub_alp_ovl.bmp.ctxr,ray_waist_b1x_sub_alp_ovl.bmp,ctxr,24736,913f6b63714dc42ede7884446151c1b36d1bcf4a
textures/flatlist/ovr_stm/_win/ray_waist_s1.bmp.ctxr,textures/flatlist/ovr_stm/_win,ray_waist_s1.bmp.ctxr,ray_waist_s1.bmp,ctxr,87744,51ade2e42d24501cd179b875b129d9dca82b6a46
textures/flatlist/ovr_stm/_win/ray_waist_s1_sub_alp_ovl.bmp.ctxr,textures/flatlist/ovr_stm/_win,ray_waist_s1_sub_alp_ovl.bmp.ctxr,ray_waist_s1_sub_alp_ovl.bmp,ctxr,49312,db960ec47fbba0c97fd1f0e9bd4572c19a5f434f
textures/flatlist/ovr_stm/_win/rgb_amo.bmp.ctxr,textures/flatlist/ovr_stm/_win,rgb_amo.bmp.ctxr,rgb_amo.bmp,ctxr,5760,e6d042e8cd42f3c2943b5f8b92563349294eab08
textures/flatlist/ovr_stm/_win/rgb_amo_cartridge2.bmp.ctxr,textures/flatlist/ovr_stm/_win,rgb_amo_cartridge2.bmp.ctxr,rgb_amo_cartridge2.bmp,ctxr,11264,f848aa9e01af1e48085adafe5378fa150a3ed6d3
textures/flatlist/ovr_stm/_win/rgb_sb_body.bmp.ctxr,textures/flatlist/ovr_stm/_win,rgb_sb_body.bmp.ctxr,rgb_sb_body.bmp,ctxr,44064,38eef4e77a72c50d4dd2cc3c669cb3ed9d9aeb5c
textures/flatlist/ovr_stm/_win/rgb_sb_body.bmp_2f0d86d85ea774f8976cc6b4aac67670.ctxr,textures/flatlist/ovr_stm/_win,rgb_sb_body.bmp_2f0d86d85ea774f8976cc6b4aac67670.ctxr,rgb_sb_body.bmp_2f0d86d85ea774f8976cc6b4aac67670,ctxr,44064,4f56c68f3e2e705f7cbe738269a5fcdc0dafbbf8
textures/flatlist/ovr_stm/_win/rgb_sb_muzzle.bmp.ctxr,textures/flatlist/ovr_stm/_win,rgb_sb_muzzle.bmp.ctxr,rgb_sb_muzzle.bmp,ctxr,11296,3a303c149e5232235783004b7b847424e946442c
textures/flatlist/ovr_stm/_win/rgb_sb_muzzle.bmp_cd50a1055e9aaf1f63580648e71f4e0e.ctxr,textures/flatlist/ovr_stm/_win,rgb_sb_muzzle.bmp_cd50a1055e9aaf1f63580648e71f4e0e.ctxr,rgb_sb_muzzle.bmp_cd50a1055e9aaf1f63580648e71f4e0e,ctxr,11296,52688eba6532774f0075719e5426554c037faa6f
textures/flatlist/ovr_stm/_win/ros_arm2mc.bmp.ctxr,textures/flatlist/ovr_stm/_win,ros_arm2mc.bmp.ctxr,ros_arm2mc.bmp,ctxr,87744,a34c1b1d68fbc0640e857db945ef808cdc12475e
textures/flatlist/ovr_stm/_win/ros_armmc.bmp.ctxr,textures/flatlist/ovr_stm/_win,ros_armmc.bmp.ctxr,ros_armmc.bmp,ctxr,44064,9fafe2f2554b28326ac14d8a139a8652f7637b15
textures/flatlist/ovr_stm/_win/ros_armmc_sub_alp_ovl.bmp.ctxr,textures/flatlist/ovr_stm/_win,ros_armmc_sub_alp_ovl.bmp.ctxr,ros_armmc_sub_alp_ovl.bmp,ctxr,13600,56b8e3b63b2319f7d0c9707a19205799b7fa5237
textures/flatlist/ovr_stm/_win/ros_bodymc.bmp.ctxr,textures/flatlist/ovr_stm/_win,ros_bodymc.bmp.ctxr,ros_bodymc.bmp,ctxr,175168,ca71880f11565dafaddd24288f1708d11709f2b1
textures/flatlist/ovr_stm/_win/ros_clip.bmp.ctxr,textures/flatlist/ovr_stm/_win,ros_clip.bmp.ctxr,ros_clip.bmp,ctxr,960,50edad81d4d1c80588883d12913085d28eb2ae39
textures/flatlist/ovr_stm/_win/ros_emc_ovl_mod1120_alp_emap.bmp.ctxr,textures/flatlist/ovr_stm/_win,ros_emc_ovl_mod1120_alp_emap.bmp.ctxr,ros_emc_ovl_mod1120_alp_emap.bmp,ctxr,87744,2f87275c530aa0ed1eb2147434d4e61c469fd468
textures/flatlist/ovr_stm/_win/ros_fmc_ovl_mod1120_alp_emap.bmp.ctxr,textures/flatlist/ovr_stm/_win,ros_fmc_ovl_mod1120_alp_emap.bmp.ctxr,ros_fmc_ovl_mod1120_alp_emap.bmp,ctxr,22176,20300d418d5c9060807bd6675d1ace35122da590
textures/flatlist/ovr_stm/_win/ros_hair_p2mc.bmp.ctxr,textures/flatlist/ovr_stm/_win,ros_hair_p2mc.bmp.ctxr,ros_hair_p2mc.bmp,ctxr,175168,a566012ea87d4cbac8d209837b36e486a6e27488
textures/flatlist/ovr_stm/_win/ros_hair_p2mc_ovl_sub_alp.bmp.ctxr,textures/flatlist/ovr_stm/_win,ros_hair_p2mc_ovl_sub_alp.bmp.ctxr,ros_hair_p2mc_ovl_sub_alp.bmp,ctxr,86560,f44d867a1892b8f5ba054cdbe2fe4611a05a93e6
textures/flatlist/ovr_stm/_win/ros_hair_p4mc.bmp.ctxr,textures/flatlist/ovr_stm/_win,ros_hair_p4mc.bmp.ctxr,ros_hair_p4mc.bmp,ctxr,175168,82635a442745a695694cd7428cfce6604de84300
textures/flatlist/ovr_stm/_win/ros_hair_p4mc_sub_ovl_alp.bmp.ctxr,textures/flatlist/ovr_stm/_win,ros_hair_p4mc_sub_ovl_alp.bmp.ctxr,ros_hair_p4mc_sub_ovl_alp.bmp,ctxr,56160,a714cd23ef87f1cd421077b538ae65bf0b4eb721
textures/flatlist/ovr_stm/_win/ros_hair_p6mc_alp_ovl.bmp.ctxr,textures/flatlist/ovr_stm/_win,ros_hair_p6mc_alp_ovl.bmp.ctxr,ros_hair_p6mc_alp_ovl.bmp,ctxr,175168,5b6c8d69b6ed740ce71445c04c6c92be9d7fc5a7
textures/flatlist/ovr_stm/_win/ros_handmc.bmp.ctxr,textures/flatlist/ovr_stm/_win,ros_handmc.bmp.ctxr,ros_handmc.bmp,ctxr,44064,0b417c0f52bd98e279e4690294afd0984bccd4a4
textures/flatlist/ovr_stm/_win/ros_handmc_ovl_sub_alp.bmp.ctxr,textures/flatlist/ovr_stm/_win,ros_handmc_ovl_sub_alp.bmp.ctxr,ros_handmc_ovl_sub_alp.bmp,ctxr,23712,13d3ebaf143006c5a12a74ab98cea66b9543257a
textures/flatlist/ovr_stm/_win/ros_hi_eyemc.bmp.ctxr,textures/flatlist/ovr_stm/_win,ros_hi_eyemc.bmp.ctxr,ros_hi_eyemc.bmp,ctxr,22176,207be356537d366b1ecbc4ea9f7c11c2a5058896
textures/flatlist/ovr_stm/_win/ros_hi_eyemc_ovl_sub_alp.bmp.ctxr,textures/flatlist/ovr_stm/_win,ros_hi_eyemc_ovl_sub_alp.bmp.ctxr,ros_hi_eyemc_ovl_sub_alp.bmp,ctxr,5344,a479b7b648cd220ffb88fcb14593a3a05a94f4f4
textures/flatlist/ovr_stm/_win/ros_hi_eyermc.bmp.ctxr,textures/flatlist/ovr_stm/_win,ros_hi_eyermc.bmp.ctxr,ros_hi_eyermc.bmp,ctxr,22176,64bcb11c590c8c23a9a96fee0de7be6771e8ce8d
textures/flatlist/ovr_stm/_win/ros_hi_eyermc_ovl_sub_alp.bmp.ctxr,textures/flatlist/ovr_stm/_win,ros_hi_eyermc_ovl_sub_alp.bmp.ctxr,ros_hi_eyermc_ovl_sub_alp.bmp,ctxr,5344,3ad073686e94514e9b6d8846c9fab2c4d17c7dd9
textures/flatlist/ovr_stm/_win/ros_hi_facemc.bmp.ctxr,textures/flatlist/ovr_stm/_win,ros_hi_facemc.bmp.ctxr,ros_hi_facemc.bmp,ctxr,699488,de70a007a22ea18142d3bbc38a037a577712aa8d
textures/flatlist/ovr_stm/_win/ros_hi_facemc_ovl_sub_alp.bmp.ctxr,textures/flatlist/ovr_stm/_win,ros_hi_facemc_ovl_sub_alp.bmp.ctxr,ros_hi_facemc_ovl_sub_alp.bmp,ctxr,244768,84bc1cb1e8af9a4f93ac00dd52ae9a7f699eca6a
textures/flatlist/ovr_stm/_win/ros_hi_face_rmc.bmp.ctxr,textures/flatlist/ovr_stm/_win,ros_hi_face_rmc.bmp.ctxr,ros_hi_face_rmc.bmp,ctxr,699488,247969ac856b724e5eede145f2045a869eb16f63
textures/flatlist/ovr_stm/_win/ros_hi_mtg_rmc_alp_ovl.bmp.ctxr,textures/flatlist/ovr_stm/_win,ros_hi_mtg_rmc_alp_ovl.bmp.ctxr,ros_hi_mtg_rmc_alp_ovl.bmp,ctxr,44064,8c62cb37cf16dfe02aeaed0f70a75219acc6d6be
textures/flatlist/ovr_stm/_win/ros_hi_tang01dt.bmp.ctxr,textures/flatlist/ovr_stm/_win,ros_hi_tang01dt.bmp.ctxr,ros_hi_tang01dt.bmp,ctxr,5760,91065cf898de0474d9e6e46388255b077d895f57
textures/flatlist/ovr_stm/_win/ros_hi_teeth_d.bmp.ctxr,textures/flatlist/ovr_stm/_win,ros_hi_teeth_d.bmp.ctxr,ros_hi_teeth_d.bmp,ctxr,22176,59979593a7dbb2e912962cbb90451205177425dc
textures/flatlist/ovr_stm/_win/ros_hi_teeth_u.bmp.ctxr,textures/flatlist/ovr_stm/_win,ros_hi_teeth_u.bmp.ctxr,ros_hi_teeth_u.bmp,ctxr,22176,8f26bf3dd9ca71c2e49708f06b6ca02d4404be34
textures/flatlist/ovr_stm/_win/ros_hmc_ovl_mod1120_alp_emap.bmp.ctxr,textures/flatlist/ovr_stm/_win,ros_hmc_ovl_mod1120_alp_emap.bmp.ctxr,ros_hmc_ovl_mod1120_alp_emap.bmp,ctxr,87744,a8469b4226b73aed9b5a13b5319ddac619f3b7bb
textures/flatlist/ovr_stm/_win/ros_id.bmp.ctxr,textures/flatlist/ovr_stm/_win,ros_id.bmp.ctxr,ros_id.bmp,ctxr,87744,3f2198da5c241ba41b9ccfccb9e5ddabb7b494f6
textures/flatlist/ovr_stm/_win/ros_pants.bmp.ctxr,textures/flatlist/ovr_stm/_win,ros_pants.bmp.ctxr,ros_pants.bmp,ctxr,175168,d1a0dd4ba7215dc36c3b79a408410ea96fa5ae6d
textures/flatlist/ovr_stm/_win/ros_shirts2mc.bmp.ctxr,textures/flatlist/ovr_stm/_win,ros_shirts2mc.bmp.ctxr,ros_shirts2mc.bmp,ctxr,11264,e625bee66434414872ee7c336bef9f45162563b8
textures/flatlist/ovr_stm/_win/ros_shirtsmc.bmp.ctxr,textures/flatlist/ovr_stm/_win,ros_shirtsmc.bmp.ctxr,ros_shirtsmc.bmp,ctxr,44064,f608f6f858d2534193a7c3817610b7f26bc15fe3
textures/flatlist/ovr_stm/_win/ros_shoes.bmp.ctxr,textures/flatlist/ovr_stm/_win,ros_shoes.bmp.ctxr,ros_shoes.bmp,ctxr,44064,8b5b02e7fbf52bf4450d238cc384da09543c30b2
textures/flatlist/ovr_stm/_win/saa_all_kimu.bmp.ctxr,textures/flatlist/ovr_stm/_win,saa_all_kimu.bmp.ctxr,saa_all_kimu.bmp,ctxr,44064,ba126582a953bc1db1f05d5f0a8578abb6676730
textures/flatlist/ovr_stm/_win/sbm_back_01.bmp.ctxr,textures/flatlist/ovr_stm/_win,sbm_back_01.bmp.ctxr,sbm_back_01.bmp,ctxr,349920,a064423f97ed5f96a913adf0bb40ff5d6dbe0d5f
textures/flatlist/ovr_stm/_win/sbm_body_01.bmp.ctxr,textures/flatlist/ovr_stm/_win,sbm_body_01.bmp.ctxr,sbm_body_01.bmp,ctxr,349920,91c82e7deb87631b43b3a1d7c3db8c598416997f
textures/flatlist/ovr_stm/_win/sbm_camera_01.bmp.ctxr,textures/flatlist/ovr_stm/_win,sbm_camera_01.bmp.ctxr,sbm_camera_01.bmp,ctxr,3040,cbb6b6967cc16f3ec0b365bbfcf7b5d81fd55ae9
textures/flatlist/ovr_stm/_win/sbm_head_02.bmp.ctxr,textures/flatlist/ovr_stm/_win,sbm_head_02.bmp.ctxr,sbm_head_02.bmp,ctxr,175168,26b142fca25ed7d2a1b63b8bb47fb98732aa1171
textures/flatlist/ovr_stm/_win/sbm_pera_cover_01.bmp.ctxr,textures/flatlist/ovr_stm/_win,sbm_pera_cover_01.bmp.ctxr,sbm_pera_cover_01.bmp,ctxr,11264,85ac4d99622e928ebfe9fd2075c6966d157a67b8
textures/flatlist/ovr_stm/_win/sbm_stick_01.bmp.ctxr,textures/flatlist/ovr_stm/_win,sbm_stick_01.bmp.ctxr,sbm_stick_01.bmp,ctxr,3072,50e40612e1406e6db01059d0625e24f70ca43f64
textures/flatlist/ovr_stm/_win/sbm_tank_01.bmp.ctxr,textures/flatlist/ovr_stm/_win,sbm_tank_01.bmp.ctxr,sbm_tank_01.bmp,ctxr,22208,da54ff018c9d7178238a7a50c1b50da136a9cdcb
textures/flatlist/ovr_stm/_win/sbm_wing_01.bmp.ctxr,textures/flatlist/ovr_stm/_win,sbm_wing_01.bmp.ctxr,sbm_wing_01.bmp,ctxr,11264,a788a3f479637dbc7c331f59aa0609bfada92249
textures/flatlist/ovr_stm/_win/scm_sb_hammer.bmp.ctxr,textures/flatlist/ovr_stm/_win,scm_sb_hammer.bmp.ctxr,scm_sb_hammer.bmp,ctxr,1664,053e11469736471d1576d044bb1f813c46429201
textures/flatlist/ovr_stm/_win/scm_sb_s.bmp.ctxr,textures/flatlist/ovr_stm/_win,scm_sb_s.bmp.ctxr,scm_sb_s.bmp,ctxr,44064,a93e8648ef4dc79fed7dceb60756be8bcf0bd87b
textures/flatlist/ovr_stm/_win/scm_sb_sp.bmp.ctxr,textures/flatlist/ovr_stm/_win,scm_sb_sp.bmp.ctxr,scm_sb_sp.bmp,ctxr,11264,4a4d1093a65dc764520fa89900bab260efcfa781
textures/flatlist/ovr_stm/_win/scm_sb_temp.bmp.ctxr,textures/flatlist/ovr_stm/_win,scm_sb_temp.bmp.ctxr,scm_sb_temp.bmp,ctxr,22176,27b479e13bff6ebcd07d90f25febac17f048a803
textures/flatlist/ovr_stm/_win/sel_arm_l.bmp.ctxr,textures/flatlist/ovr_stm/_win,sel_arm_l.bmp.ctxr,sel_arm_l.bmp,ctxr,87744,0ccd3495ea1a9828357467587b01e7b1515e6f73
textures/flatlist/ovr_stm/_win/sel_arm_lblood.bmp.ctxr,textures/flatlist/ovr_stm/_win,sel_arm_lblood.bmp.ctxr,sel_arm_lblood.bmp,ctxr,87744,395a7b994ed42deb21750e99a8ac9d5c5e139041
textures/flatlist/ovr_stm/_win/sel_arm_r.bmp.ctxr,textures/flatlist/ovr_stm/_win,sel_arm_r.bmp.ctxr,sel_arm_r.bmp,ctxr,87744,0249650eb5846994c4c52caeffb178029869e22c
textures/flatlist/ovr_stm/_win/sel_arm_rblood.bmp.ctxr,textures/flatlist/ovr_stm/_win,sel_arm_rblood.bmp.ctxr,sel_arm_rblood.bmp,ctxr,87744,737f717e46fdf02f5c9d7055178a283b177da927
textures/flatlist/ovr_stm/_win/sel_arm_rblood2.bmp.ctxr,textures/flatlist/ovr_stm/_win,sel_arm_rblood2.bmp.ctxr,sel_arm_rblood2.bmp,ctxr,87744,35fd38fed418692ac67b232a6ab2b080ce88a99b
textures/flatlist/ovr_stm/_win/sel_bag1blood.bmp.ctxr,textures/flatlist/ovr_stm/_win,sel_bag1blood.bmp.ctxr,sel_bag1blood.bmp,ctxr,11264,73b9d779fbfa8204ea3696f9c56da5cfca190751
textures/flatlist/ovr_stm/_win/sel_bag2.bmp.ctxr,textures/flatlist/ovr_stm/_win,sel_bag2.bmp.ctxr,sel_bag2.bmp,ctxr,22176,38bb3811516153a142682d8758f1b87a5af4580a
textures/flatlist/ovr_stm/_win/sel_bag2blood.bmp.ctxr,textures/flatlist/ovr_stm/_win,sel_bag2blood.bmp.ctxr,sel_bag2blood.bmp,ctxr,22176,f6e784014e7fe7d6cb1e750373202f235445367a
textures/flatlist/ovr_stm/_win/sel_bag3.bmp.ctxr,textures/flatlist/ovr_stm/_win,sel_bag3.bmp.ctxr,sel_bag3.bmp,ctxr,22176,fedb7585767237b013a95d5001720046790d23ea
textures/flatlist/ovr_stm/_win/sel_bag3blood.bmp.ctxr,textures/flatlist/ovr_stm/_win,sel_bag3blood.bmp.ctxr,sel_bag3blood.bmp,ctxr,22176,a776c6e5ea075fa8b5d6e302311abf37e2d438bb
textures/flatlist/ovr_stm/_win/sel_bag4.bmp.ctxr,textures/flatlist/ovr_stm/_win,sel_bag4.bmp.ctxr,sel_bag4.bmp,ctxr,22176,904a99856ef890b9238f9eca21b150b310f1d783
textures/flatlist/ovr_stm/_win/sel_bag4blood.bmp.ctxr,textures/flatlist/ovr_stm/_win,sel_bag4blood.bmp.ctxr,sel_bag4blood.bmp,ctxr,22176,8253198fa124d0ed67fc8d66b48ec5e84bcce5f9
textures/flatlist/ovr_stm/_win/sel_belt.bmp.ctxr,textures/flatlist/ovr_stm/_win,sel_belt.bmp.ctxr,sel_belt.bmp,ctxr,22208,39ade37e7d3305e92684f859f05dcb470c9df56d
textures/flatlist/ovr_stm/_win/sel_body.bmp.ctxr,textures/flatlist/ovr_stm/_win,sel_body.bmp.ctxr,sel_body.bmp,ctxr,175168,233b94f453f9e82dc6f889f41392c76bff346300
textures/flatlist/ovr_stm/_win/sel_bodyblood.bmp.ctxr,textures/flatlist/ovr_stm/_win,sel_bodyblood.bmp.ctxr,sel_bodyblood.bmp,ctxr,175168,4f09931461dfb88b703338f89cac1804ea1b681e
textures/flatlist/ovr_stm/_win/sel_bodyblood2.bmp.ctxr,textures/flatlist/ovr_stm/_win,sel_bodyblood2.bmp.ctxr,sel_bodyblood2.bmp,ctxr,175168,54c22366750b78bd320bc4ad6aff3788bfcaf486
textures/flatlist/ovr_stm/_win/sel_bodyblood3.bmp.ctxr,textures/flatlist/ovr_stm/_win,sel_bodyblood3.bmp.ctxr,sel_bodyblood3.bmp,ctxr,175168,5cd8055c679850dd331d6cf46c841f804182283c
textures/flatlist/ovr_stm/_win/sel_boots.bmp.ctxr,textures/flatlist/ovr_stm/_win,sel_boots.bmp.ctxr,sel_boots.bmp,ctxr,87744,b844a4d3cc71e3fa2c10a35db677256fc6e6c6dd
textures/flatlist/ovr_stm/_win/sel_eyebig_blood.bmp.ctxr,textures/flatlist/ovr_stm/_win,sel_eyebig_blood.bmp.ctxr,sel_eyebig_blood.bmp,ctxr,11264,b38b7a8ec771c56fc76e6cc7260433e9eeece9d1
textures/flatlist/ovr_stm/_win/sel_eyebig_surp.bmp.ctxr,textures/flatlist/ovr_stm/_win,sel_eyebig_surp.bmp.ctxr,sel_eyebig_surp.bmp,ctxr,11264,21d89d67487d55ba17381fd88535b26e6d601d12
textures/flatlist/ovr_stm/_win/sel_eyelittle0.bmp.ctxr,textures/flatlist/ovr_stm/_win,sel_eyelittle0.bmp.ctxr,sel_eyelittle0.bmp,ctxr,11264,138a75d3422c3f537c8fa530e8c08516470dd0ff
textures/flatlist/ovr_stm/_win/sel_eyelittle1.bmp.ctxr,textures/flatlist/ovr_stm/_win,sel_eyelittle1.bmp.ctxr,sel_eyelittle1.bmp,ctxr,11264,f679c8f31683dfaeffbbed675443660d447818e9
textures/flatlist/ovr_stm/_win/sel_eye_a0.bmp.ctxr,textures/flatlist/ovr_stm/_win,sel_eye_a0.bmp.ctxr,sel_eye_a0.bmp,ctxr,11264,056fb496c402792238df3556834da25a24368b2b
textures/flatlist/ovr_stm/_win/sel_eye_a1.bmp.ctxr,textures/flatlist/ovr_stm/_win,sel_eye_a1.bmp.ctxr,sel_eye_a1.bmp,ctxr,11264,6c3fe0163ce44574a94356072d793edeacff4980
textures/flatlist/ovr_stm/_win/sel_eye_b0.bmp.ctxr,textures/flatlist/ovr_stm/_win,sel_eye_b0.bmp.ctxr,sel_eye_b0.bmp,ctxr,11264,6b5151fa22b7c0a5cdc6c00ff151e4f1134ce6e2
textures/flatlist/ovr_stm/_win/sel_eye_b1.bmp.ctxr,textures/flatlist/ovr_stm/_win,sel_eye_b1.bmp.ctxr,sel_eye_b1.bmp,ctxr,11264,dd439d90f606b04cd6c65cbda9d3cd12c54469f9
textures/flatlist/ovr_stm/_win/sel_eye_b1_blood.bmp.ctxr,textures/flatlist/ovr_stm/_win,sel_eye_b1_blood.bmp.ctxr,sel_eye_b1_blood.bmp,ctxr,11264,703708fb60099bdc13eac5618063c486ffb31769
textures/flatlist/ovr_stm/_win/sel_eye_c0.bmp.ctxr,textures/flatlist/ovr_stm/_win,sel_eye_c0.bmp.ctxr,sel_eye_c0.bmp,ctxr,11264,4aa881ca542c9600530327b7d15ed9a329b78f17
textures/flatlist/ovr_stm/_win/sel_eye_c1.bmp.ctxr,textures/flatlist/ovr_stm/_win,sel_eye_c1.bmp.ctxr,sel_eye_c1.bmp,ctxr,11264,e65d4392cd588a3007256638cf495ea5be070f77
textures/flatlist/ovr_stm/_win/sel_eye_d0.bmp.ctxr,textures/flatlist/ovr_stm/_win,sel_eye_d0.bmp.ctxr,sel_eye_d0.bmp,ctxr,11264,9ab138ee696860cf6623669818e56e7dabb72adc
textures/flatlist/ovr_stm/_win/sel_eye_d1.bmp.ctxr,textures/flatlist/ovr_stm/_win,sel_eye_d1.bmp.ctxr,sel_eye_d1.bmp,ctxr,11264,2b0bfe294cb522832a5b8de1b3c853b5ab467972
textures/flatlist/ovr_stm/_win/sel_eye_e0.bmp.ctxr,textures/flatlist/ovr_stm/_win,sel_eye_e0.bmp.ctxr,sel_eye_e0.bmp,ctxr,11264,27f849967f0ec3db18e4ec023633957e28e6e0dc
textures/flatlist/ovr_stm/_win/sel_eye_e1.bmp.ctxr,textures/flatlist/ovr_stm/_win,sel_eye_e1.bmp.ctxr,sel_eye_e1.bmp,ctxr,11264,ba591b138b1a176c8e46947c8b4c34b8cc1eb70a
textures/flatlist/ovr_stm/_win/sel_folder.bmp.ctxr,textures/flatlist/ovr_stm/_win,sel_folder.bmp.ctxr,sel_folder.bmp,ctxr,87744,ac0899cc3f44af3826a21e78a89b7238c2d43b39
textures/flatlist/ovr_stm/_win/sel_hand.bmp.ctxr,textures/flatlist/ovr_stm/_win,sel_hand.bmp.ctxr,sel_hand.bmp,ctxr,87744,d556a076ed44c9d02e6b8b739cb289fcd1273db9
textures/flatlist/ovr_stm/_win/sel_leg.bmp.ctxr,textures/flatlist/ovr_stm/_win,sel_leg.bmp.ctxr,sel_leg.bmp,ctxr,175168,722954a5f1b422b48fe4ed84ee01084911ce5845
textures/flatlist/ovr_stm/_win/sel_legblood2.bmp.ctxr,textures/flatlist/ovr_stm/_win,sel_legblood2.bmp.ctxr,sel_legblood2.bmp,ctxr,175168,922105998c2a412ed1e5c4efd5545717136c4286
textures/flatlist/ovr_stm/_win/sel_mask.bmp.ctxr,textures/flatlist/ovr_stm/_win,sel_mask.bmp.ctxr,sel_mask.bmp,ctxr,87744,bab221c602b08419c3b5208d268ca5b44c9bbf80
textures/flatlist/ovr_stm/_win/sel_mask_blood2.bmp.ctxr,textures/flatlist/ovr_stm/_win,sel_mask_blood2.bmp.ctxr,sel_mask_blood2.bmp,ctxr,87744,3c6f312beb63f51d58fff052421955c1f923a21f
textures/flatlist/ovr_stm/_win/sel_mask_blood3.bmp.ctxr,textures/flatlist/ovr_stm/_win,sel_mask_blood3.bmp.ctxr,sel_mask_blood3.bmp,ctxr,87744,4361738ea8a442d8d858be99273165be0031a638
textures/flatlist/ovr_stm/_win/sel_sling1_alp_ovl.bmp.ctxr,textures/flatlist/ovr_stm/_win,sel_sling1_alp_ovl.bmp.ctxr,sel_sling1_alp_ovl.bmp,ctxr,960,393101b73116ed4cecf04fa698b91c81168c5873
textures/flatlist/ovr_stm/_win/sel_sling2_alp_ovl.bmp.ctxr,textures/flatlist/ovr_stm/_win,sel_sling2_alp_ovl.bmp.ctxr,sel_sling2_alp_ovl.bmp,ctxr,960,3ea596083ef3dd5e6488d1ee114c29ffcc7bddd6
textures/flatlist/ovr_stm/_win/sel_sling3.bmp.ctxr,textures/flatlist/ovr_stm/_win,sel_sling3.bmp.ctxr,sel_sling3.bmp,ctxr,576,10a4da02d854b9f622664594c640cf47078a7de7
textures/flatlist/ovr_stm/_win/sen2.bmp.ctxr,textures/flatlist/ovr_stm/_win,sen2.bmp.ctxr,sen2.bmp,ctxr,87744,e48ebabcfa800d24c1cf21dda2e73342ed2a26f7
textures/flatlist/ovr_stm/_win/shuukanshi_01.bmp.ctxr,textures/flatlist/ovr_stm/_win,shuukanshi_01.bmp.ctxr,shuukanshi_01.bmp,ctxr,87744,a5657f1db950d4e47bd3ab748b630771f51e10be
textures/flatlist/ovr_stm/_win/sna_arm_ss.bmp.ctxr,textures/flatlist/ovr_stm/_win,sna_arm_ss.bmp.ctxr,sna_arm_ss.bmp,ctxr,87744,15afa8066e03de37af0a91717e4b295892aed0b0
textures/flatlist/ovr_stm/_win/sna_bandana_msk.bmp.ctxr,textures/flatlist/ovr_stm/_win,sna_bandana_msk.bmp.ctxr,sna_bandana_msk.bmp,ctxr,11296,0391aaa3cee0f831d5704b5c525cecc9a902bc52
textures/flatlist/ovr_stm/_win/sna_belt_leg.bmp.ctxr,textures/flatlist/ovr_stm/_win,sna_belt_leg.bmp.ctxr,sna_belt_leg.bmp,ctxr,5824,4a50ac90b7be7ede77bf30cd6214c53f599d4809
textures/flatlist/ovr_stm/_win/sna_body_ss01dt.bmp.ctxr,textures/flatlist/ovr_stm/_win,sna_body_ss01dt.bmp.ctxr,sna_body_ss01dt.bmp,ctxr,175168,17f800aed7cc60ccda622fa1a8591c318ed715b4
textures/flatlist/ovr_stm/_win/sna_foot01dt.bmp.ctxr,textures/flatlist/ovr_stm/_win,sna_foot01dt.bmp.ctxr,sna_foot01dt.bmp,ctxr,22176,342cfc2599bc2de826a48084aec257af7ed23003
textures/flatlist/ovr_stm/_win/sna_hair1_alp_ovl.bmp.ctxr,textures/flatlist/ovr_stm/_win,sna_hair1_alp_ovl.bmp.ctxr,sna_hair1_alp_ovl.bmp,ctxr,175168,eeb43bed8223b7f184e41af88c76d46fdbd55921
textures/flatlist/ovr_stm/_win/sna_hair2dt_alp_ovl.bmp.ctxr,textures/flatlist/ovr_stm/_win,sna_hair2dt_alp_ovl.bmp.ctxr,sna_hair2dt_alp_ovl.bmp,ctxr,87744,2828e648c8d125f2a3edbd984067abf091f4c14d
textures/flatlist/ovr_stm/_win/sna_hair3.bmp.ctxr,textures/flatlist/ovr_stm/_win,sna_hair3.bmp.ctxr,sna_hair3.bmp,ctxr,11264,4b5c73791f60f5204e4e468713583d1094c41646
textures/flatlist/ovr_stm/_win/sna_hand1dt.bmp.ctxr,textures/flatlist/ovr_stm/_win,sna_hand1dt.bmp.ctxr,sna_hand1dt.bmp,ctxr,11264,87a33b09d2118a7658daea884a1eac312c67ba29
textures/flatlist/ovr_stm/_win/sna_hand2.bmp.ctxr,textures/flatlist/ovr_stm/_win,sna_hand2.bmp.ctxr,sna_hand2.bmp,ctxr,576,92e44629ae311b4f7e7bd763b77e67c9dc026880
textures/flatlist/ovr_stm/_win/sna_hi_bdn01dt.bmp.ctxr,textures/flatlist/ovr_stm/_win,sna_hi_bdn01dt.bmp.ctxr,sna_hi_bdn01dt.bmp,ctxr,22240,8134e2e7506f1dad0e953d487edd56f5f847246c
textures/flatlist/ovr_stm/_win/sna_hi_ela01_alp_ovl.bmp.ctxr,textures/flatlist/ovr_stm/_win,sna_hi_ela01_alp_ovl.bmp.ctxr,sna_hi_ela01_alp_ovl.bmp,ctxr,22208,3f942971508ee24083c61049b50d3f9d2ec956d2
textures/flatlist/ovr_stm/_win/sna_hi_eye01dt.bmp.ctxr,textures/flatlist/ovr_stm/_win,sna_hi_eye01dt.bmp.ctxr,sna_hi_eye01dt.bmp,ctxr,3040,487db6b7038bfac0907ad5a48e55b765805c07a4
textures/flatlist/ovr_stm/_win/sna_hi_face01dt.bmp.ctxr,textures/flatlist/ovr_stm/_win,sna_hi_face01dt.bmp.ctxr,sna_hi_face01dt.bmp,ctxr,349952,652a9abe7ebec285b96054c8eae617e04ad9616e
textures/flatlist/ovr_stm/_win/sna_leg_r01dt.bmp.ctxr,textures/flatlist/ovr_stm/_win,sna_leg_r01dt.bmp.ctxr,sna_leg_r01dt.bmp,ctxr,44064,9829d8a7878abb010e4274db6c23420cc0f20075
textures/flatlist/ovr_stm/_win/sna_leg_ss.bmp.ctxr,textures/flatlist/ovr_stm/_win,sna_leg_ss.bmp.ctxr,sna_leg_ss.bmp,ctxr,87744,a7833eccb65706168a7c8b59a9041fe4b2606215
textures/flatlist/ovr_stm/_win/sna_m9_glip.bmp.ctxr,textures/flatlist/ovr_stm/_win,sna_m9_glip.bmp.ctxr,sna_m9_glip.bmp,ctxr,11264,2fbe3039ac0f431833b4dada0f3b466286739271
textures/flatlist/ovr_stm/_win/sna_p1dt.bmp.ctxr,textures/flatlist/ovr_stm/_win,sna_p1dt.bmp.ctxr,sna_p1dt.bmp,ctxr,22176,2643680279447581877679acf02f7ea3d5aa63dd
textures/flatlist/ovr_stm/_win/sna_shoul01dt.bmp.ctxr,textures/flatlist/ovr_stm/_win,sna_shoul01dt.bmp.ctxr,sna_shoul01dt.bmp,ctxr,44096,1f5d7fc621fc67d7c8e23d8e40fbb86060756da8
textures/flatlist/ovr_stm/_win/sna_toe01dt.bmp.ctxr,textures/flatlist/ovr_stm/_win,sna_toe01dt.bmp.ctxr,sna_toe01dt.bmp,ctxr,22176,32475afd63ca074a5d6ac8dd570faa1362cddc52
textures/flatlist/ovr_stm/_win/sofa00.bmp.ctxr,textures/flatlist/ovr_stm/_win,sofa00.bmp.ctxr,sofa00.bmp,ctxr,44064,1eae20870ff5af9086365bc997bd847c64b66a2c
textures/flatlist/ovr_stm/_win/sofa01.bmp.ctxr,textures/flatlist/ovr_stm/_win,sofa01.bmp.ctxr,sofa01.bmp,ctxr,22176,14dee983c42d3972a5fd0980b3a4abd34017fbb4
textures/flatlist/ovr_stm/_win/sohakopfr.bmp.ctxr,textures/flatlist/ovr_stm/_win,sohakopfr.bmp.ctxr,sohakopfr.bmp,ctxr,44064,13e714bb6e133bd8fb22fdb2db923e9db492984a
textures/flatlist/ovr_stm/_win/sohakopsideup.bmp.ctxr,textures/flatlist/ovr_stm/_win,sohakopsideup.bmp.ctxr,sohakopsideup.bmp,ctxr,22208,6a00c4dda40923d29a5a64d26f0dddd4d3db87be
textures/flatlist/ovr_stm/_win/sol_hige_alp_ovl.bmp.ctxr,textures/flatlist/ovr_stm/_win,sol_hige_alp_ovl.bmp.ctxr,sol_hige_alp_ovl.bmp,ctxr,22208,40c3811b71e77b48992b05401a1cdf03bb36fb0c
textures/flatlist/ovr_stm/_win/sol_hi_face02_ovl_sub_alp.bmp.ctxr,textures/flatlist/ovr_stm/_win,sol_hi_face02_ovl_sub_alp.bmp.ctxr,sol_hi_face02_ovl_sub_alp.bmp,ctxr,272160,afe0fffcfe82f8ca6953ca0639059c28cbddca9b
textures/flatlist/ovr_stm/_win/sol_hi_face02_tmp.bmp.ctxr,textures/flatlist/ovr_stm/_win,sol_hi_face02_tmp.bmp.ctxr,sol_hi_face02_tmp.bmp,ctxr,699488,f3ecc5b12b5a8e01b00581b8145f3c98d0d6b3b7
textures/flatlist/ovr_stm/_win/sol_hi_face_d1_ovl_sub_alp.bmp.ctxr,textures/flatlist/ovr_stm/_win,sol_hi_face_d1_ovl_sub_alp.bmp.ctxr,sol_hi_face_d1_ovl_sub_alp.bmp,ctxr,468640,25cfb107106e58330be3ce19a9053608ede0f93e
textures/flatlist/ovr_stm/_win/sol_hi_face_d2_ovl_sub_alp.bmp.ctxr,textures/flatlist/ovr_stm/_win,sol_hi_face_d2_ovl_sub_alp.bmp.ctxr,sol_hi_face_d2_ovl_sub_alp.bmp,ctxr,67360,42ea1f1cbb3d2002b89bab5f3d8f11155a494589
textures/flatlist/ovr_stm/_win/sol_hi_face_dt01.bmp.ctxr,textures/flatlist/ovr_stm/_win,sol_hi_face_dt01.bmp.ctxr,sol_hi_face_dt01.bmp,ctxr,699488,5fb26f2a69c34cdf1bef6cc908c880629e31071b
textures/flatlist/ovr_stm/_win/sol_hi_face_dt02.bmp.ctxr,textures/flatlist/ovr_stm/_win,sol_hi_face_dt02.bmp.ctxr,sol_hi_face_dt02.bmp,ctxr,175168,d0a750e022370149157eaa94728fecca3e8d1363
textures/flatlist/ovr_stm/_win/sol_hri_arm01.bmp.ctxr,textures/flatlist/ovr_stm/_win,sol_hri_arm01.bmp.ctxr,sol_hri_arm01.bmp,ctxr,87744,8e15eda629f5bc08752011c8e2dceeddd3c90ed9
textures/flatlist/ovr_stm/_win/sol_hri_belt01.bmp.ctxr,textures/flatlist/ovr_stm/_win,sol_hri_belt01.bmp.ctxr,sol_hri_belt01.bmp,ctxr,3072,f4518865ee29dc827e410148a756e176d4be1257
textures/flatlist/ovr_stm/_win/sol_hri_body01.bmp.ctxr,textures/flatlist/ovr_stm/_win,sol_hri_body01.bmp.ctxr,sol_hri_body01.bmp,ctxr,87744,ec64d4dc04d1720dc96217049874693d2861d80f
textures/flatlist/ovr_stm/_win/sol_hri_body02.bmp.ctxr,textures/flatlist/ovr_stm/_win,sol_hri_body02.bmp.ctxr,sol_hri_body02.bmp,ctxr,44064,528f9fb1e7c65652dcd78fff3bbe66ffca752c7d
textures/flatlist/ovr_stm/_win/sol_hri_face01.bmp.ctxr,textures/flatlist/ovr_stm/_win,sol_hri_face01.bmp.ctxr,sol_hri_face01.bmp,ctxr,175168,ecd9c68b9ccd779de22240806c81d7d8ab05fe66
textures/flatlist/ovr_stm/_win/sol_hri_hair01.bmp.ctxr,textures/flatlist/ovr_stm/_win,sol_hri_hair01.bmp.ctxr,sol_hri_hair01.bmp,ctxr,87744,5db7d01cd44361819a684f2c67322a040e7720bc
textures/flatlist/ovr_stm/_win/sol_hri_leg01.bmp.ctxr,textures/flatlist/ovr_stm/_win,sol_hri_leg01.bmp.ctxr,sol_hri_leg01.bmp,ctxr,87744,c54192b348e6b7de47764bd59abe61516043b0c2
textures/flatlist/ovr_stm/_win/sol_hri_muscle01.bmp.ctxr,textures/flatlist/ovr_stm/_win,sol_hri_muscle01.bmp.ctxr,sol_hri_muscle01.bmp,ctxr,22176,391c99a631bc51ac818e69f89a0c406d86b99b40
textures/flatlist/ovr_stm/_win/sol_hri_neck01.bmp.ctxr,textures/flatlist/ovr_stm/_win,sol_hri_neck01.bmp.ctxr,sol_hri_neck01.bmp,ctxr,5792,4c5419c32dd167652e8c8387d3e4b35350bebf10
textures/flatlist/ovr_stm/_win/sol_hri_shoulder01.bmp.ctxr,textures/flatlist/ovr_stm/_win,sol_hri_shoulder01.bmp.ctxr,sol_hri_shoulder01.bmp,ctxr,22176,a8898d28dac67a05daca340377442a597aa86a36
textures/flatlist/ovr_stm/_win/sol_leg_2_n.bmp.ctxr,textures/flatlist/ovr_stm/_win,sol_leg_2_n.bmp.ctxr,sol_leg_2_n.bmp,ctxr,87744,65df8f0a6b38bc0e8d72efe80652dfe72163b679
textures/flatlist/ovr_stm/_win/sol_leg_dt01.bmp.ctxr,textures/flatlist/ovr_stm/_win,sol_leg_dt01.bmp.ctxr,sol_leg_dt01.bmp,ctxr,87744,ab50a0fc8459454a190a4b57f2dceef9e8966930
textures/flatlist/ovr_stm/_win/sol_leg_dt02.bmp.ctxr,textures/flatlist/ovr_stm/_win,sol_leg_dt02.bmp.ctxr,sol_leg_dt02.bmp,ctxr,22176,45638405e4e6733f05f4d39a7a0d147b2e39c299
textures/flatlist/ovr_stm/_win/sol_leg_dt03.bmp.ctxr,textures/flatlist/ovr_stm/_win,sol_leg_dt03.bmp.ctxr,sol_leg_dt03.bmp,ctxr,87744,c805c5d270eea37d47f4decf370f4a181a8758ec
textures/flatlist/ovr_stm/_win/sol_leg_dt04.bmp.ctxr,textures/flatlist/ovr_stm/_win,sol_leg_dt04.bmp.ctxr,sol_leg_dt04.bmp,ctxr,44064,28ea7879731e2276b690f3d3dbe541d1597d2918
textures/flatlist/ovr_stm/_win/sol_leg_dt05.bmp.ctxr,textures/flatlist/ovr_stm/_win,sol_leg_dt05.bmp.ctxr,sol_leg_dt05.bmp,ctxr,11264,a293b9c8ad58f1f4110da362e7909ef8da50d75c
textures/flatlist/ovr_stm/_win/sol_leg_n_1.bmp.ctxr,textures/flatlist/ovr_stm/_win,sol_leg_n_1.bmp.ctxr,sol_leg_n_1.bmp,ctxr,87744,01082aac995d557a304fcd0362b33c69bc38e8f5
textures/flatlist/ovr_stm/_win/sol_leg_pad_n.bmp.ctxr,textures/flatlist/ovr_stm/_win,sol_leg_pad_n.bmp.ctxr,sol_leg_pad_n.bmp,ctxr,22176,888ca776d4177b05ca0b0e87408abd34e319a138
textures/flatlist/ovr_stm/_win/sol_leg_sune_n.bmp.ctxr,textures/flatlist/ovr_stm/_win,sol_leg_sune_n.bmp.ctxr,sol_leg_sune_n.bmp,ctxr,44064,46d6369d5df188b7fa56c3e93a117aceced839b8
textures/flatlist/ovr_stm/_win/sol_mant_n_alp_ovl.bmp.ctxr,textures/flatlist/ovr_stm/_win,sol_mant_n_alp_ovl.bmp.ctxr,sol_mant_n_alp_ovl.bmp,ctxr,175168,fef00598bea8edbb7ff82fea4ccfd4e8a1cb3a8d
textures/flatlist/ovr_stm/_win/sol_mant_n_ovl_sub_alp.bmp.ctxr,textures/flatlist/ovr_stm/_win,sol_mant_n_ovl_sub_alp.bmp.ctxr,sol_mant_n_ovl_sub_alp.bmp,ctxr,121120,c92866fa0ad42562f5482c0b259a77a871c4e20b
textures/flatlist/ovr_stm/_win/sol_mayu_alp_ovl.bmp.ctxr,textures/flatlist/ovr_stm/_win,sol_mayu_alp_ovl.bmp.ctxr,sol_mayu_alp_ovl.bmp,ctxr,11264,5df4d5fd59a859e946e2d8bb21e3c510f631f0e3
textures/flatlist/ovr_stm/_win/sol_neck_i_dt.bmp.ctxr,textures/flatlist/ovr_stm/_win,sol_neck_i_dt.bmp.ctxr,sol_neck_i_dt.bmp,ctxr,22176,4c7e8f070a30500cc6d2cd5be0a4e0bd68123254
textures/flatlist/ovr_stm/_win/sol_ovl_mod1120_alp_emap.bmp.ctxr,textures/flatlist/ovr_stm/_win,sol_ovl_mod1120_alp_emap.bmp.ctxr,sol_ovl_mod1120_alp_emap.bmp,ctxr,87744,97fe9fa66c8fb55a3b6a974b395c069c85930102
textures/flatlist/ovr_stm/_win/sol_sarm_chest.bmp.ctxr,textures/flatlist/ovr_stm/_win,sol_sarm_chest.bmp.ctxr,sol_sarm_chest.bmp,ctxr,44064,050c95e18a9c08ab841a95a2564bf1a25049673f
textures/flatlist/ovr_stm/_win/sol_sarm_chest_moji_ovl_alp.bmp.ctxr,textures/flatlist/ovr_stm/_win,sol_sarm_chest_moji_ovl_alp.bmp.ctxr,sol_sarm_chest_moji_ovl_alp.bmp,ctxr,11264,edcbd24abadbb95fe45f77bbf97d9fe622aae7d3
textures/flatlist/ovr_stm/_win/sol_sarm_chest_ovl_sub_alp.bmp.ctxr,textures/flatlist/ovr_stm/_win,sol_sarm_chest_ovl_sub_alp.bmp.ctxr,sol_sarm_chest_ovl_sub_alp.bmp,ctxr,24160,4f828a1239547c8fa6c6a85a9dd9bed3788168ed
textures/flatlist/ovr_stm/_win/sol_sarm_top.bmp.ctxr,textures/flatlist/ovr_stm/_win,sol_sarm_top.bmp.ctxr,sol_sarm_top.bmp,ctxr,22176,bea46403d00466f6ec8a8801808eb4da1a500415
textures/flatlist/ovr_stm/_win/sol_sarm_tube1.bmp.ctxr,textures/flatlist/ovr_stm/_win,sol_sarm_tube1.bmp.ctxr,sol_sarm_tube1.bmp,ctxr,44064,24615a4a64c8f3dfbae71c1b80f944b3b5276df3
textures/flatlist/ovr_stm/_win/sol_sarm_tube1_ovl_sub_alp.bmp.ctxr,textures/flatlist/ovr_stm/_win,sol_sarm_tube1_ovl_sub_alp.bmp.ctxr,sol_sarm_tube1_ovl_sub_alp.bmp,ctxr,17056,34e49560276b680be3f7a33f2b2373417a5cf42c
textures/flatlist/ovr_stm/_win/sol_sarm_tube2.bmp.ctxr,textures/flatlist/ovr_stm/_win,sol_sarm_tube2.bmp.ctxr,sol_sarm_tube2.bmp,ctxr,87744,289f98de018bc7e70d7e837a38a66b2e6e90ac87
textures/flatlist/ovr_stm/_win/sol_sarm_tube2_ovl_sub_alp.bmp.ctxr,textures/flatlist/ovr_stm/_win,sol_sarm_tube2_ovl_sub_alp.bmp.ctxr,sol_sarm_tube2_ovl_sub_alp.bmp,ctxr,25504,c3f645569e34853dddc176e97320522da866cfc4
textures/flatlist/ovr_stm/_win/sol_sarm_tube3.bmp.ctxr,textures/flatlist/ovr_stm/_win,sol_sarm_tube3.bmp.ctxr,sol_sarm_tube3.bmp,ctxr,22208,58d72d65c936da13063733fe90d9336f932a4f74
textures/flatlist/ovr_stm/_win/sol_sarm_tube4.bmp.ctxr,textures/flatlist/ovr_stm/_win,sol_sarm_tube4.bmp.ctxr,sol_sarm_tube4.bmp,ctxr,44064,c277a6431285ca9a9ca682eb758fb8e09703a718
textures/flatlist/ovr_stm/_win/sol_sarm_tube4_ovl_sub_alp.bmp.ctxr,textures/flatlist/ovr_stm/_win,sol_sarm_tube4_ovl_sub_alp.bmp.ctxr,sol_sarm_tube4_ovl_sub_alp.bmp,ctxr,19872,51b4584ab7f668de2de314279366d71529b3ee1e
textures/flatlist/ovr_stm/_win/sol_sarm_tume.bmp.ctxr,textures/flatlist/ovr_stm/_win,sol_sarm_tume.bmp.ctxr,sol_sarm_tume.bmp,ctxr,3040,f634da7d14f467f6f1a85f1da0ac596e0feb252a
textures/flatlist/ovr_stm/_win/sol_sa_bone_dt.bmp.ctxr,textures/flatlist/ovr_stm/_win,sol_sa_bone_dt.bmp.ctxr,sol_sa_bone_dt.bmp,ctxr,22208,6a1fbe5ce99f35cfa2fab30917832bde5193c943
textures/flatlist/ovr_stm/_win/sol_sa_chest_dt.bmp.ctxr,textures/flatlist/ovr_stm/_win,sol_sa_chest_dt.bmp.ctxr,sol_sa_chest_dt.bmp,ctxr,44064,68fc9e2cdd48b0ca4bb0ed991f3726f03f10f66e
textures/flatlist/ovr_stm/_win/sol_sa_chest_dt_ovl_sub_alp.bmp.ctxr,textures/flatlist/ovr_stm/_win,sol_sa_chest_dt_ovl_sub_alp.bmp.ctxr,sol_sa_chest_dt_ovl_sub_alp.bmp,ctxr,24160,5c5cbab30006d7c35ea8babf647e978916702448
textures/flatlist/ovr_stm/_win/sol_sa_claw_dt.bmp.ctxr,textures/flatlist/ovr_stm/_win,sol_sa_claw_dt.bmp.ctxr,sol_sa_claw_dt.bmp,ctxr,3040,78f6103123bd5dbce736b3087e00aab1de78f41b
textures/flatlist/ovr_stm/_win/sol_sa_ovl_mod1120_alp_emap.bmp.ctxr,textures/flatlist/ovr_stm/_win,sol_sa_ovl_mod1120_alp_emap.bmp.ctxr,sol_sa_ovl_mod1120_alp_emap.bmp,ctxr,5760,4c9a05f1aa38b0bedca8d8b742a7e387387e0f71
textures/flatlist/ovr_stm/_win/sol_sa_top_dt01.bmp.ctxr,textures/flatlist/ovr_stm/_win,sol_sa_top_dt01.bmp.ctxr,sol_sa_top_dt01.bmp,ctxr,22176,161248790c25a67c1daf9dc45e3fea60573e6a25
textures/flatlist/ovr_stm/_win/sol_sa_tube_dt01.bmp.ctxr,textures/flatlist/ovr_stm/_win,sol_sa_tube_dt01.bmp.ctxr,sol_sa_tube_dt01.bmp,ctxr,44064,7928f0073cbfc058e1ca89764da217f0e6faab42
textures/flatlist/ovr_stm/_win/sol_sa_tube_dt02.bmp.ctxr,textures/flatlist/ovr_stm/_win,sol_sa_tube_dt02.bmp.ctxr,sol_sa_tube_dt02.bmp,ctxr,87744,52daece3c6db2708975dd5d92d2b0bb358bd9bdf
textures/flatlist/ovr_stm/_win/sol_sa_tu_dt01_ovl_sub_alp.bmp.ctxr,textures/flatlist/ovr_stm/_win,sol_sa_tu_dt01_ovl_sub_alp.bmp.ctxr,sol_sa_tu_dt01_ovl_sub_alp.bmp,ctxr,17056,a6dce3a1cb162a84a67fe199a8f7e69e4d338a46
textures/flatlist/ovr_stm/_win/sol_sa_tu_dt03_ovl_sub_alp.bmp.ctxr,textures/flatlist/ovr_stm/_win,sol_sa_tu_dt03_ovl_sub_alp.bmp.ctxr,sol_sa_tu_dt03_ovl_sub_alp.bmp,ctxr,10016,d2ef7026d563118a0cddea5af873e25cf5b3e138
textures/flatlist/ovr_stm/_win/sol_sa_tu_dt04_ovl_sub_alp.bmp.ctxr,textures/flatlist/ovr_stm/_win,sol_sa_tu_dt04_ovl_sub_alp.bmp.ctxr,sol_sa_tu_dt04_ovl_sub_alp.bmp,ctxr,39584,95124b3b9e3e2148cb4c189b735980c495dc8ed7
textures/flatlist/ovr_stm/_win/sol_shoes1_n.bmp.ctxr,textures/flatlist/ovr_stm/_win,sol_shoes1_n.bmp.ctxr,sol_shoes1_n.bmp,ctxr,5792,da40e12db2b9ba9c6a6371e7caf748f2f5be710a
textures/flatlist/ovr_stm/_win/sol_shoes1_n_ovl_sub_alp.bmp.ctxr,textures/flatlist/ovr_stm/_win,sol_shoes1_n_ovl_sub_alp.bmp.ctxr,sol_shoes1_n_ovl_sub_alp.bmp,ctxr,4000,6ee36e8ae6ba82a567cff5e19abcf9d26403b9ba
textures/flatlist/ovr_stm/_win/sol_shoes2_n.bmp.ctxr,textures/flatlist/ovr_stm/_win,sol_shoes2_n.bmp.ctxr,sol_shoes2_n.bmp,ctxr,11264,cf20856f231db1fcfcacabe134301f4060819b3a
textures/flatlist/ovr_stm/_win/sol_shoes2_n_ovl_sub_alp.bmp.ctxr,textures/flatlist/ovr_stm/_win,sol_shoes2_n_ovl_sub_alp.bmp.ctxr,sol_shoes2_n_ovl_sub_alp.bmp,ctxr,3360,25baef4314041c0203f6abb3839610cb67bc0499
textures/flatlist/ovr_stm/_win/sol_shoulder_dt.bmp.ctxr,textures/flatlist/ovr_stm/_win,sol_shoulder_dt.bmp.ctxr,sol_shoulder_dt.bmp,ctxr,87744,2774504bb765ed2723868caad66c8ac17c1acb17
textures/flatlist/ovr_stm/_win/sol_shoulder_dt_ovl_sub_alp.bmp.ctxr,textures/flatlist/ovr_stm/_win,sol_shoulder_dt_ovl_sub_alp.bmp.ctxr,sol_shoulder_dt_ovl_sub_alp.bmp,ctxr,33760,421db74dde50af2803207390b7c9f699a5aa54f4
textures/flatlist/ovr_stm/_win/sol_shoulder_n_1.bmp.ctxr,textures/flatlist/ovr_stm/_win,sol_shoulder_n_1.bmp.ctxr,sol_shoulder_n_1.bmp,ctxr,87744,b7754518736f26c8434bcb0ef4b97c616bb24761
textures/flatlist/ovr_stm/_win/sol_shoulder_n_ovl_sub_alp.bmp.ctxr,textures/flatlist/ovr_stm/_win,sol_shoulder_n_ovl_sub_alp.bmp.ctxr,sol_shoulder_n_ovl_sub_alp.bmp,ctxr,33760,a7c488177323f32b686d877075513fdde6215c06
textures/flatlist/ovr_stm/_win/sol_usa.bmp.ctxr,textures/flatlist/ovr_stm/_win,sol_usa.bmp.ctxr,sol_usa.bmp,ctxr,3040,7b7bb1c6cc5cad897002a9c512f6f1468e15ec01
textures/flatlist/ovr_stm/_win/sopelem_body_01.bmp.ctxr,textures/flatlist/ovr_stm/_win,sopelem_body_01.bmp.ctxr,sopelem_body_01.bmp,ctxr,3040,ce807320c78d8e793943b32eadaf524a3961ea5d
textures/flatlist/ovr_stm/_win/sopelem_renz_01.bmp.ctxr,textures/flatlist/ovr_stm/_win,sopelem_renz_01.bmp.ctxr,sopelem_renz_01.bmp,ctxr,5760,4d6495bc2a438124fbd2bd7b5b46f0e2c45e4f42
textures/flatlist/ovr_stm/_win/soyunaka.bmp.ctxr,textures/flatlist/ovr_stm/_win,soyunaka.bmp.ctxr,soyunaka.bmp,ctxr,44096,7ee7d3efe1897039063c03941edb965b2a21c6de
textures/flatlist/ovr_stm/_win/soyunatate.bmp.ctxr,textures/flatlist/ovr_stm/_win,soyunatate.bmp.ctxr,soyunatate.bmp,ctxr,87808,af492d09989a1248c452757341d5dde0c2742217
textures/flatlist/ovr_stm/_win/soyunatateh.bmp.ctxr,textures/flatlist/ovr_stm/_win,soyunatateh.bmp.ctxr,soyunatateh.bmp,ctxr,44096,32de46cb8ab66c915d7bfd64e85b98452c1eeb69
textures/flatlist/ovr_stm/_win/soyutop2.bmp.ctxr,textures/flatlist/ovr_stm/_win,soyutop2.bmp.ctxr,soyutop2.bmp,ctxr,349920,3eca3f08dfd9269933ae4cd696c6d9e862fb2f50
textures/flatlist/ovr_stm/_win/soyutop2h.bmp.ctxr,textures/flatlist/ovr_stm/_win,soyutop2h.bmp.ctxr,soyutop2h.bmp,ctxr,349920,b6479b4351dd5c4826ce0af3341184b8f85567a7
textures/flatlist/ovr_stm/_win/soyutop2hw.bmp.ctxr,textures/flatlist/ovr_stm/_win,soyutop2hw.bmp.ctxr,soyutop2hw.bmp,ctxr,349920,ef55a62c8c098244126daffd00926908ace4d616
textures/flatlist/ovr_stm/_win/soyutoph.bmp.ctxr,textures/flatlist/ovr_stm/_win,soyutoph.bmp.ctxr,soyutoph.bmp,ctxr,349920,08fd51bcf0ba6e7a54d24c3ba51b7f3bbd37abbe
textures/flatlist/ovr_stm/_win/so_bean_lig.bmp.ctxr,textures/flatlist/ovr_stm/_win,so_bean_lig.bmp.ctxr,so_bean_lig.bmp,ctxr,87744,c2e4892520863a4bd5b221a943dcadd18becd4f2
textures/flatlist/ovr_stm/_win/so_bean_sh.bmp.ctxr,textures/flatlist/ovr_stm/_win,so_bean_sh.bmp.ctxr,so_bean_sh.bmp,ctxr,87744,e4291518089ceac555562707cfbecda282e03973
textures/flatlist/ovr_stm/_win/so_hakokt.bmp.ctxr,textures/flatlist/ovr_stm/_win,so_hakokt.bmp.ctxr,so_hakokt.bmp,ctxr,87744,6414332ecb9ee5bf5d345a797e90dab0fcb45c05
textures/flatlist/ovr_stm/_win/so_hako_f.bmp.ctxr,textures/flatlist/ovr_stm/_win,so_hako_f.bmp.ctxr,so_hako_f.bmp,ctxr,87744,694befc4a864f315919888fb802f86bfd02a4b82
textures/flatlist/ovr_stm/_win/so_hako_ki_f_u.bmp.ctxr,textures/flatlist/ovr_stm/_win,so_hako_ki_f_u.bmp.ctxr,so_hako_ki_f_u.bmp,ctxr,87744,1a480f52f5f54d617b38937fa5466ed410c9a9d2
textures/flatlist/ovr_stm/_win/so_hako_s.bmp.ctxr,textures/flatlist/ovr_stm/_win,so_hako_s.bmp.ctxr,so_hako_s.bmp,ctxr,87744,4c5d35bca9eb07acd6321c291f932bfe9c5fe50b
textures/flatlist/ovr_stm/_win/so_hako_t.bmp.ctxr,textures/flatlist/ovr_stm/_win,so_hako_t.bmp.ctxr,so_hako_t.bmp,ctxr,87744,a0650135d1b2d98d92eabe85eacf572e1f151d10
textures/flatlist/ovr_stm/_win/so_ta_t2.bmp.ctxr,textures/flatlist/ovr_stm/_win,so_ta_t2.bmp.ctxr,so_ta_t2.bmp,ctxr,44096,1355f9b3361950a222a6a5937c880118d69ca7a9
textures/flatlist/ovr_stm/_win/so_wa1.bmp.ctxr,textures/flatlist/ovr_stm/_win,so_wa1.bmp.ctxr,so_wa1.bmp,ctxr,175168,a9bfbf23931ba1d5aedb1bc478279b10447db3b9
textures/flatlist/ovr_stm/_win/so_wa2.bmp.ctxr,textures/flatlist/ovr_stm/_win,so_wa2.bmp.ctxr,so_wa2.bmp,ctxr,175168,e9d6d77d38cc14dc48748f2604eff3425efcb978
textures/flatlist/ovr_stm/_win/so_wa2ne2.bmp.ctxr,textures/flatlist/ovr_stm/_win,so_wa2ne2.bmp.ctxr,so_wa2ne2.bmp,ctxr,44096,ff8a1df43be72258e430fbe0d3d9298ea10f9237
textures/flatlist/ovr_stm/_win/so_wi_waku_f.bmp_2a4da7ecf84ff2feb3de4ff20c66c0c4.ctxr,textures/flatlist/ovr_stm/_win,so_wi_waku_f.bmp_2a4da7ecf84ff2feb3de4ff20c66c0c4.ctxr,so_wi_waku_f.bmp_2a4da7ecf84ff2feb3de4ff20c66c0c4,ctxr,22240,36881a9432de089fc866911b41b8933f2b9ef805
textures/flatlist/ovr_stm/_win/stg_grip.bmp.ctxr,textures/flatlist/ovr_stm/_win,stg_grip.bmp.ctxr,stg_grip.bmp,ctxr,22208,af247981bf8a35101af2c1a81e452f4e1532da3f
textures/flatlist/ovr_stm/_win/stg_msl_s.bmp.ctxr,textures/flatlist/ovr_stm/_win,stg_msl_s.bmp.ctxr,stg_msl_s.bmp,ctxr,11296,201b9d63a0de107890211ac4e5846f3a1a04c97e
textures/flatlist/ovr_stm/_win/stg_sight.bmp.ctxr,textures/flatlist/ovr_stm/_win,stg_sight.bmp.ctxr,stg_sight.bmp,ctxr,22176,2cda82e9db574215914345276f3645903fa57d55
textures/flatlist/ovr_stm/_win/stg_s_sb.bmp.ctxr,textures/flatlist/ovr_stm/_win,stg_s_sb.bmp.ctxr,stg_s_sb.bmp,ctxr,44096,fd827b418dccaffa4847b37e9123a56d67f44316
textures/flatlist/ovr_stm/_win/stg_temp.bmp.ctxr,textures/flatlist/ovr_stm/_win,stg_temp.bmp.ctxr,stg_temp.bmp,ctxr,11264,b95d09cd461cc2b45351e41f5d024fd5fecffb30
textures/flatlist/ovr_stm/_win/svc_body01.bmp.ctxr,textures/flatlist/ovr_stm/_win,svc_body01.bmp.ctxr,svc_body01.bmp,ctxr,22176,d5b574bf4b1920640af404cce9e5f6306e995f8d
textures/flatlist/ovr_stm/_win/tnc_fl.bmp.ctxr,textures/flatlist/ovr_stm/_win,tnc_fl.bmp.ctxr,tnc_fl.bmp,ctxr,44064,ce967917c586e67308662bba937fe1eac42794ef
textures/flatlist/ovr_stm/_win/tnc_fl_r.bmp.ctxr,textures/flatlist/ovr_stm/_win,tnc_fl_r.bmp.ctxr,tnc_fl_r.bmp,ctxr,44064,197127ada6a81b08fc783ecb35c2653f2e23094d
textures/flatlist/ovr_stm/_win/tnc_obj_faceneck00.bmp.ctxr,textures/flatlist/ovr_stm/_win,tnc_obj_faceneck00.bmp.ctxr,tnc_obj_faceneck00.bmp,ctxr,175168,650cf5adc60868811706eacd4b52684f462c21da
textures/flatlist/ovr_stm/_win/tnc_re_faceneck.bmp.ctxr,textures/flatlist/ovr_stm/_win,tnc_re_faceneck.bmp.ctxr,tnc_re_faceneck.bmp,ctxr,175168,19fe8462a421517fee672d3c32ea53e206fad97f
textures/flatlist/ovr_stm/_win/tnc_re_faceneck_dead.bmp.ctxr,textures/flatlist/ovr_stm/_win,tnc_re_faceneck_dead.bmp.ctxr,tnc_re_faceneck_dead.bmp,ctxr,175168,84061afda176a60d370d9862463d892832f42f48
textures/flatlist/ovr_stm/_win/tnc_re_faceneck_dead.bmp_0e551a799467218ab1818640b8ee2d96.ctxr,textures/flatlist/ovr_stm/_win,tnc_re_faceneck_dead.bmp_0e551a799467218ab1818640b8ee2d96.ctxr,tnc_re_faceneck_dead.bmp_0e551a799467218ab1818640b8ee2d96,ctxr,175168,2ef76bb5389bfa95e28c962ca08e900ea0a7144e
textures/flatlist/ovr_stm/_win/tnc_r_faceneck02dt.bmp.ctxr,textures/flatlist/ovr_stm/_win,tnc_r_faceneck02dt.bmp.ctxr,tnc_r_faceneck02dt.bmp,ctxr,175168,76d1fa74721d2f2606a65cffd601cbb8304f179f
textures/flatlist/ovr_stm/_win/usa_arm01dt.bmp.ctxr,textures/flatlist/ovr_stm/_win,usa_arm01dt.bmp.ctxr,usa_arm01dt.bmp,ctxr,87744,1b8255808c2adaeb873c5e846b8535fa7d5e4dcb
textures/flatlist/ovr_stm/_win/usa_arm02dt.bmp.ctxr,textures/flatlist/ovr_stm/_win,usa_arm02dt.bmp.ctxr,usa_arm02dt.bmp,ctxr,11296,388abec741839ff739a3ea9c3cdd02e6970ad9b5
textures/flatlist/ovr_stm/_win/usa_arm03dt.bmp.ctxr,textures/flatlist/ovr_stm/_win,usa_arm03dt.bmp.ctxr,usa_arm03dt.bmp,ctxr,11264,c2b6b128cc0f71d730bd24ffbc82bd0679085cbc
textures/flatlist/ovr_stm/_win/usa_armor01dt.bmp.ctxr,textures/flatlist/ovr_stm/_win,usa_armor01dt.bmp.ctxr,usa_armor01dt.bmp,ctxr,175168,fb1af463bca4727c119a7404aa7da58facce8f9f
textures/flatlist/ovr_stm/_win/usa_armor_neck01dt.bmp.ctxr,textures/flatlist/ovr_stm/_win,usa_armor_neck01dt.bmp.ctxr,usa_armor_neck01dt.bmp,ctxr,11264,fd7c51e741f02587223375288fe4202190173ec0
textures/flatlist/ovr_stm/_win/usa_armor_pad01dt.bmp.ctxr,textures/flatlist/ovr_stm/_win,usa_armor_pad01dt.bmp.ctxr,usa_armor_pad01dt.bmp,ctxr,11264,8b37acf13f8986b09ac1a28e53a1f8c0b69988e2
textures/flatlist/ovr_stm/_win/usa_ashi.bmp.ctxr,textures/flatlist/ovr_stm/_win,usa_ashi.bmp.ctxr,usa_ashi.bmp,ctxr,175168,c2d6a20b1c50ea834ee9fc1a50d344765cf23325
textures/flatlist/ovr_stm/_win/usa_belt.bmp.ctxr,textures/flatlist/ovr_stm/_win,usa_belt.bmp.ctxr,usa_belt.bmp,ctxr,11296,abe38adff03b8d6bffa4e058fd65c91f3624211b
textures/flatlist/ovr_stm/_win/usa_belt01dt.bmp.ctxr,textures/flatlist/ovr_stm/_win,usa_belt01dt.bmp.ctxr,usa_belt01dt.bmp,ctxr,11296,6d826b8560ef50b647330a47f701e15bd346c87f
textures/flatlist/ovr_stm/_win/usa_belt02dt.bmp.ctxr,textures/flatlist/ovr_stm/_win,usa_belt02dt.bmp.ctxr,usa_belt02dt.bmp,ctxr,11296,b4f02c4961d7af765a805b3b4a2e42bd183c4b6b
textures/flatlist/ovr_stm/_win/usa_belt_back.bmp.ctxr,textures/flatlist/ovr_stm/_win,usa_belt_back.bmp.ctxr,usa_belt_back.bmp,ctxr,11296,b507d736f4c8aca8b447d362bbdb05f8dce23087
textures/flatlist/ovr_stm/_win/usa_belt_back01dt.bmp.ctxr,textures/flatlist/ovr_stm/_win,usa_belt_back01dt.bmp.ctxr,usa_belt_back01dt.bmp,ctxr,11296,567492071792842a24bae6806c7d232f4fd99349
textures/flatlist/ovr_stm/_win/usa_boots.bmp.ctxr,textures/flatlist/ovr_stm/_win,usa_boots.bmp.ctxr,usa_boots.bmp,ctxr,22176,21432504a4bc1eeaebb8f852f3693e33150e466c
textures/flatlist/ovr_stm/_win/usa_boots01dt.bmp.ctxr,textures/flatlist/ovr_stm/_win,usa_boots01dt.bmp.ctxr,usa_boots01dt.bmp,ctxr,22176,024037fad683d7d9471b218992efe46871c43c17
textures/flatlist/ovr_stm/_win/usa_cap.bmp.ctxr,textures/flatlist/ovr_stm/_win,usa_cap.bmp.ctxr,usa_cap.bmp,ctxr,5760,19ec74e808fbf2d46a8d8e2d3c5baeab8f03cd25
textures/flatlist/ovr_stm/_win/usa_face_bk.bmp.ctxr,textures/flatlist/ovr_stm/_win,usa_face_bk.bmp.ctxr,usa_face_bk.bmp,ctxr,175168,c219365b762fd6bc6cfe64b3bc3184e27f6b9748
textures/flatlist/ovr_stm/_win/usa_face_bk01dt.bmp.ctxr,textures/flatlist/ovr_stm/_win,usa_face_bk01dt.bmp.ctxr,usa_face_bk01dt.bmp,ctxr,175168,06b0ea806d71bdcd2f1bf710b17e50898fd06438
textures/flatlist/ovr_stm/_win/usa_face_c01dt.bmp.ctxr,textures/flatlist/ovr_stm/_win,usa_face_c01dt.bmp.ctxr,usa_face_c01dt.bmp,ctxr,175168,c545182170058c542703bf157c8eca8b1aa4ca35
textures/flatlist/ovr_stm/_win/usa_face_d.bmp.ctxr,textures/flatlist/ovr_stm/_win,usa_face_d.bmp.ctxr,usa_face_d.bmp,ctxr,175168,1f9b26eb6ada89b5d7498fa82e2d02927fce1976
textures/flatlist/ovr_stm/_win/usa_face_d01dt.bmp.ctxr,textures/flatlist/ovr_stm/_win,usa_face_d01dt.bmp.ctxr,usa_face_d01dt.bmp,ctxr,175168,6598bd3aa7d26e333fc6eeaa08e959443ea55247
textures/flatlist/ovr_stm/_win/usa_face_d02dt.bmp.ctxr,textures/flatlist/ovr_stm/_win,usa_face_d02dt.bmp.ctxr,usa_face_d02dt.bmp,ctxr,175168,3fad763cc7d45b4713c0f716da14ee826408b860
textures/flatlist/ovr_stm/_win/usa_face_f01dt.bmp.ctxr,textures/flatlist/ovr_stm/_win,usa_face_f01dt.bmp.ctxr,usa_face_f01dt.bmp,ctxr,175168,65968c10ce9fcfd5ac31c56809fbe6faf3962463
textures/flatlist/ovr_stm/_win/usa_helmet01dt.bmp.ctxr,textures/flatlist/ovr_stm/_win,usa_helmet01dt.bmp.ctxr,usa_helmet01dt.bmp,ctxr,11264,0f6d595297a0bc9fa92032013187c6020b8bb625
textures/flatlist/ovr_stm/_win/usa_helmet_inside.bmp.ctxr,textures/flatlist/ovr_stm/_win,usa_helmet_inside.bmp.ctxr,usa_helmet_inside.bmp,ctxr,3040,1486e62144517d38fcfda446159f4df1887ccf4a
textures/flatlist/ovr_stm/_win/usa_leg01dt.bmp.ctxr,textures/flatlist/ovr_stm/_win,usa_leg01dt.bmp.ctxr,usa_leg01dt.bmp,ctxr,175168,1950e6ebe7d3397f4aced37d1440c2c03d2f7c8d
textures/flatlist/ovr_stm/_win/usa_leg02dt.bmp.ctxr,textures/flatlist/ovr_stm/_win,usa_leg02dt.bmp.ctxr,usa_leg02dt.bmp,ctxr,175168,4ad5e25b8934def19759571abecdb241198b5632
textures/flatlist/ovr_stm/_win/usa_met01dt_ovl_sub_alp.bmp.ctxr,textures/flatlist/ovr_stm/_win,usa_met01dt_ovl_sub_alp.bmp.ctxr,usa_met01dt_ovl_sub_alp.bmp,ctxr,4640,cb4e03784b6a9b369721224b131ad567eeb08406
textures/flatlist/ovr_stm/_win/usa_met_belt01dt.bmp.ctxr,textures/flatlist/ovr_stm/_win,usa_met_belt01dt.bmp.ctxr,usa_met_belt01dt.bmp,ctxr,3072,c92e9726c43d514321fe18e0efc71506127b7e56
textures/flatlist/ovr_stm/_win/usa_met_ovl_sub_alp.bmp.ctxr,textures/flatlist/ovr_stm/_win,usa_met_ovl_sub_alp.bmp.ctxr,usa_met_ovl_sub_alp.bmp,ctxr,4640,17cf32c45b39816fb3625c0401b489aad47d549b
textures/flatlist/ovr_stm/_win/usa_pack01dt.bmp.ctxr,textures/flatlist/ovr_stm/_win,usa_pack01dt.bmp.ctxr,usa_pack01dt.bmp,ctxr,22176,5ea603ca9c938b4e87ee0ef1fd768be4b76e6892
textures/flatlist/ovr_stm/_win/usa_phone01dt.bmp.ctxr,textures/flatlist/ovr_stm/_win,usa_phone01dt.bmp.ctxr,usa_phone01dt.bmp,ctxr,11264,d18d327d95d3ff7c98ecc12362e009b87e739fc8
textures/flatlist/ovr_stm/_win/usa_phone02dt_ovl_alp.bmp.ctxr,textures/flatlist/ovr_stm/_win,usa_phone02dt_ovl_alp.bmp.ctxr,usa_phone02dt_ovl_alp.bmp,ctxr,5760,badc7c1eea975b20bafd63ac88f8b5a0f59db324
textures/flatlist/ovr_stm/_win/usa_phone03dt.bmp.ctxr,textures/flatlist/ovr_stm/_win,usa_phone03dt.bmp.ctxr,usa_phone03dt.bmp,ctxr,22176,69f5ba01c928e6784bb41bbf514ed26064bf05cb
textures/flatlist/ovr_stm/_win/usa_ude_all.bmp.ctxr,textures/flatlist/ovr_stm/_win,usa_ude_all.bmp.ctxr,usa_ude_all.bmp,ctxr,87744,be9de5bb29a3cccae318f5f9a31942619cdc9bf6
textures/flatlist/ovr_stm/_win/usa_ude_makuri.bmp.ctxr,textures/flatlist/ovr_stm/_win,usa_ude_makuri.bmp.ctxr,usa_ude_makuri.bmp,ctxr,11296,e7a46e267c4f0e26e583776f62fd49d7c4813003
textures/flatlist/ovr_stm/_win/usm_chest01dt.bmp.ctxr,textures/flatlist/ovr_stm/_win,usm_chest01dt.bmp.ctxr,usm_chest01dt.bmp,ctxr,87744,28d2dbf8fd7f989c3ab1dcde114b440d7a390d68
textures/flatlist/ovr_stm/_win/usm_chest02dt.bmp.ctxr,textures/flatlist/ovr_stm/_win,usm_chest02dt.bmp.ctxr,usm_chest02dt.bmp,ctxr,87744,5085732c636170987bbcf049d16bcd2e8ab1658d
textures/flatlist/ovr_stm/_win/usm_chest_back01dt.bmp.ctxr,textures/flatlist/ovr_stm/_win,usm_chest_back01dt.bmp.ctxr,usm_chest_back01dt.bmp,ctxr,87744,b977331e997bfe8e569ea44e90059d24f4231c22
textures/flatlist/ovr_stm/_win/usm_chest_back02dt.bmp.ctxr,textures/flatlist/ovr_stm/_win,usm_chest_back02dt.bmp.ctxr,usm_chest_back02dt.bmp,ctxr,87744,dbb47836bcc6503df0e2a70f01640190c89fa06a
textures/flatlist/ovr_stm/_win/usm_chest_back_belt.bmp.ctxr,textures/flatlist/ovr_stm/_win,usm_chest_back_belt.bmp.ctxr,usm_chest_back_belt.bmp,ctxr,87744,680e4c67d1c2f18722914d881d12fb8c4468187f
textures/flatlist/ovr_stm/_win/usm_chest_belt.bmp.ctxr,textures/flatlist/ovr_stm/_win,usm_chest_belt.bmp.ctxr,usm_chest_belt.bmp,ctxr,87744,cb66c904bb3da73baf4311fcd079cc8d58dc784a
textures/flatlist/ovr_stm/_win/usm_eri01dt.bmp.ctxr,textures/flatlist/ovr_stm/_win,usm_eri01dt.bmp.ctxr,usm_eri01dt.bmp,ctxr,3040,2a46d6cee19de2ff5df0d568cc17260ab01559d1
textures/flatlist/ovr_stm/_win/usm_eri_inside2.bmp.ctxr,textures/flatlist/ovr_stm/_win,usm_eri_inside2.bmp.ctxr,usm_eri_inside2.bmp,ctxr,3040,9f2059465eef30e63c6ca93c2a538f97cfc6f9ae
textures/flatlist/ovr_stm/_win/usm_t_shirt.bmp.ctxr,textures/flatlist/ovr_stm/_win,usm_t_shirt.bmp.ctxr,usm_t_shirt.bmp,ctxr,22208,fe332b0af83a0a1d88640e4ba2dffc8e90029046
textures/flatlist/ovr_stm/_win/usp_magazine.bmp.ctxr,textures/flatlist/ovr_stm/_win,usp_magazine.bmp.ctxr,usp_magazine.bmp,ctxr,11264,75ea9a2ad605a7cd20ccc6e3fbebb499de4a8b21
textures/flatlist/ovr_stm/_win/usp_sb_all.bmp.ctxr,textures/flatlist/ovr_stm/_win,usp_sb_all.bmp.ctxr,usp_sb_all.bmp,ctxr,44064,bf6e69d6a64a2d23ec2879508b21d97850639847
textures/flatlist/ovr_stm/_win/usp_sb_all.bmp_cdb943d53c81d48a3e26a8100d3c47be.ctxr,textures/flatlist/ovr_stm/_win,usp_sb_all.bmp_cdb943d53c81d48a3e26a8100d3c47be.ctxr,usp_sb_all.bmp_cdb943d53c81d48a3e26a8100d3c47be,ctxr,44064,b610175af5028065ff8e5db113122674c3fd61b3
textures/flatlist/ovr_stm/_win/usp_sb_all2.bmp.ctxr,textures/flatlist/ovr_stm/_win,usp_sb_all2.bmp.ctxr,usp_sb_all2.bmp,ctxr,11264,0abf7af4be93787492167183727344b22d83fb3d
textures/flatlist/ovr_stm/_win/val_amo1.bmp.ctxr,textures/flatlist/ovr_stm/_win,val_amo1.bmp.ctxr,val_amo1.bmp,ctxr,44064,048ea4dd14f2b1020c9de81e902ae00835193888
textures/flatlist/ovr_stm/_win/ved_rope_lit.bmp.ctxr,textures/flatlist/ovr_stm/_win,ved_rope_lit.bmp.ctxr,ved_rope_lit.bmp,ctxr,11296,f8d5faa2ebd0faf070aed5b3483062f22eeb7593
textures/flatlist/ovr_stm/_win/vkf_big_mt.bmp.ctxr,textures/flatlist/ovr_stm/_win,vkf_big_mt.bmp.ctxr,vkf_big_mt.bmp,ctxr,5792,9d598b93b5d4398848ff5cfcac4b85056fcc8fe9
textures/flatlist/ovr_stm/_win/w00ak_00b_wall1.bmp.ctxr,textures/flatlist/ovr_stm/_win,w00ak_00b_wall1.bmp.ctxr,w00ak_00b_wall1.bmp,ctxr,87744,755a5d790b244088df4e33aab775b84bc5213937
textures/flatlist/ovr_stm/_win/w00ak_blc_t4.bmp.ctxr,textures/flatlist/ovr_stm/_win,w00ak_blc_t4.bmp.ctxr,w00ak_blc_t4.bmp,ctxr,44064,a35cc9b4ce3ddce2f725990f59632264843400c1
textures/flatlist/ovr_stm/_win/w00ak_crane_floor.bmp.ctxr,textures/flatlist/ovr_stm/_win,w00ak_crane_floor.bmp.ctxr,w00ak_crane_floor.bmp,ctxr,44064,2394dff48a2a427c0bcbe6886d9104d8344c3506
textures/flatlist/ovr_stm/_win/w00ak_dck_flr1.bmp.ctxr,textures/flatlist/ovr_stm/_win,w00ak_dck_flr1.bmp.ctxr,w00ak_dck_flr1.bmp,ctxr,175168,a67be47b0af464773d3dbd5873c2616d9767fb9a
textures/flatlist/ovr_stm/_win/w00ak_flr1_alp_ovl.bmp.ctxr,textures/flatlist/ovr_stm/_win,w00ak_flr1_alp_ovl.bmp.ctxr,w00ak_flr1_alp_ovl.bmp,ctxr,87744,d039f8c1bec0db82a7c32dae22fd2e46ceda3593
textures/flatlist/ovr_stm/_win/w00ak_gateflor1_alp_ovl.bmp.ctxr,textures/flatlist/ovr_stm/_win,w00ak_gateflor1_alp_ovl.bmp.ctxr,w00ak_gateflor1_alp_ovl.bmp,ctxr,87744,3cc1e1829b8d618ee20f4b84edd0f400d0d52b62
textures/flatlist/ovr_stm/_win/w00ak_roll1.bmp.ctxr,textures/flatlist/ovr_stm/_win,w00ak_roll1.bmp.ctxr,w00ak_roll1.bmp,ctxr,44064,1123590951a7114b53a09b8594667da32b0f34a2
textures/flatlist/ovr_stm/_win/w00ak_roll2.bmp.ctxr,textures/flatlist/ovr_stm/_win,w00ak_roll2.bmp.ctxr,w00ak_roll2.bmp,ctxr,11264,612feee71b7e41f42a16f30f3ba0ed72c439dc1d
textures/flatlist/ovr_stm/_win/w00ak_roll_s1.bmp.ctxr,textures/flatlist/ovr_stm/_win,w00ak_roll_s1.bmp.ctxr,w00ak_roll_s1.bmp,ctxr,22176,6dee7c45d2ba836c3f58d193231b2ba9b0451937
textures/flatlist/ovr_stm/_win/w00ak_ue1.bmp.ctxr,textures/flatlist/ovr_stm/_win,w00ak_ue1.bmp.ctxr,w00ak_ue1.bmp,ctxr,349952,629f71d0195c67e6727946d59dea6f0916b26d11
textures/flatlist/ovr_stm/_win/w00ak_wnc_b1.bmp.ctxr,textures/flatlist/ovr_stm/_win,w00ak_wnc_b1.bmp.ctxr,w00ak_wnc_b1.bmp,ctxr,11264,0b70d8020fbcbb8c42b238bfb10185c3bae3e777
textures/flatlist/ovr_stm/_win/w00ak_wnc_b2.bmp.ctxr,textures/flatlist/ovr_stm/_win,w00ak_wnc_b2.bmp.ctxr,w00ak_wnc_b2.bmp,ctxr,11264,351a24c517d3856b75fd60c6466c7e09a8fede8b
textures/flatlist/ovr_stm/_win/w00ak_wnc_f1.bmp.ctxr,textures/flatlist/ovr_stm/_win,w00ak_wnc_f1.bmp.ctxr,w00ak_wnc_f1.bmp,ctxr,11264,d45e41b54b6a94522dcf9225f28d0df391879a27
textures/flatlist/ovr_stm/_win/w00ak_wnc_s1.bmp.ctxr,textures/flatlist/ovr_stm/_win,w00ak_wnc_s1.bmp.ctxr,w00ak_wnc_s1.bmp,ctxr,44064,0bef627b2525159fbe481d6c69253a86289a345d
textures/flatlist/ovr_stm/_win/w00ak_wnc_s3.bmp.ctxr,textures/flatlist/ovr_stm/_win,w00ak_wnc_s3.bmp.ctxr,w00ak_wnc_s3.bmp,ctxr,87776,02be5ffbd4ff2e97f537b02ec65c4872fa98891f
textures/flatlist/ovr_stm/_win/w00ak_wnc_s4.bmp.ctxr,textures/flatlist/ovr_stm/_win,w00ak_wnc_s4.bmp.ctxr,w00ak_wnc_s4.bmp,ctxr,22176,5dc9085ea8f401a60db37cfc688ee11d9a34267f
textures/flatlist/ovr_stm/_win/w00ak_wnc_t1.bmp.ctxr,textures/flatlist/ovr_stm/_win,w00ak_wnc_t1.bmp.ctxr,w00ak_wnc_t1.bmp,ctxr,5792,da66e900bc7e8de2f8b95a3f996136c96996b24d
textures/flatlist/ovr_stm/_win/w00a_frt1.bmp.ctxr,textures/flatlist/ovr_stm/_win,w00a_frt1.bmp.ctxr,w00a_frt1.bmp,ctxr,175168,4a482a9ee17bb52a23fcdbf34f31611645d8add9
textures/flatlist/ovr_stm/_win/w00a_os1.bmp.ctxr,textures/flatlist/ovr_stm/_win,w00a_os1.bmp.ctxr,w00a_os1.bmp,ctxr,22176,1998a06d220cc2336705de3c26021efbd33a5872
textures/flatlist/ovr_stm/_win/w00a_pl3.bmp.ctxr,textures/flatlist/ovr_stm/_win,w00a_pl3.bmp.ctxr,w00a_pl3.bmp,ctxr,5792,3b30dcebf4bf38c221f726ae132f3e60b1e66f69
textures/flatlist/ovr_stm/_win/w00a_rb2a.bmp.ctxr,textures/flatlist/ovr_stm/_win,w00a_rb2a.bmp.ctxr,w00a_rb2a.bmp,ctxr,3040,114da97db01172034130e819ccd79ea6fc37d33e
textures/flatlist/ovr_stm/_win/w00a_rtn0.bmp.ctxr,textures/flatlist/ovr_stm/_win,w00a_rtn0.bmp.ctxr,w00a_rtn0.bmp,ctxr,5792,210a6ed39e7a3ac5bfa15ac75b1887dba96c38cd
textures/flatlist/ovr_stm/_win/w00a_sn1_msk.bmp.ctxr,textures/flatlist/ovr_stm/_win,w00a_sn1_msk.bmp.ctxr,w00a_sn1_msk.bmp,ctxr,11264,ec125e5ed52457b4f1b3917b2d2e624e7b04b370
textures/flatlist/ovr_stm/_win/w00a_sn2.bmp.ctxr,textures/flatlist/ovr_stm/_win,w00a_sn2.bmp.ctxr,w00a_sn2.bmp,ctxr,22176,af8390bd34625d9b259a97b9cd59d838e9b05aa8
textures/flatlist/ovr_stm/_win/w00a_w1.bmp.ctxr,textures/flatlist/ovr_stm/_win,w00a_w1.bmp.ctxr,w00a_w1.bmp,ctxr,87776,d42ece8651a2f35cb904c815a6fa06c9b7aef48d
textures/flatlist/ovr_stm/_win/w00a_wd_p1_msk.bmp.ctxr,textures/flatlist/ovr_stm/_win,w00a_wd_p1_msk.bmp.ctxr,w00a_wd_p1_msk.bmp,ctxr,11264,f2b6aeb1d9e8e78f21d739439122410106fe342f
textures/flatlist/ovr_stm/_win/w00a_wd_p2_msk.bmp.ctxr,textures/flatlist/ovr_stm/_win,w00a_wd_p2_msk.bmp.ctxr,w00a_wd_p2_msk.bmp,ctxr,11264,a304b4b6054673c8c0071ca1725bd07bf21befe3
textures/flatlist/ovr_stm/_win/w00a_wd_p3_msk.bmp.ctxr,textures/flatlist/ovr_stm/_win,w00a_wd_p3_msk.bmp.ctxr,w00a_wd_p3_msk.bmp,ctxr,11264,a9820878d6ff5bc685b99d47a2db143e28b8c256
textures/flatlist/ovr_stm/_win/w00a_wd_p4_msk.bmp.ctxr,textures/flatlist/ovr_stm/_win,w00a_wd_p4_msk.bmp.ctxr,w00a_wd_p4_msk.bmp,ctxr,11264,51f5ae2fc74659005af88b70470a9f1725857c85
textures/flatlist/ovr_stm/_win/w00brk_00a_frontwall2.bmp.ctxr,textures/flatlist/ovr_stm/_win,w00brk_00a_frontwall2.bmp.ctxr,w00brk_00a_frontwall2.bmp,ctxr,87744,d8775068666a0505718f9967147c2cae756af6f4
textures/flatlist/ovr_stm/_win/w00brk_flor_danmen1.bmp.ctxr,textures/flatlist/ovr_stm/_win,w00brk_flor_danmen1.bmp.ctxr,w00brk_flor_danmen1.bmp,ctxr,44096,772526e03e13ade1619379cf0ac40a3ee0afed55
textures/flatlist/ovr_stm/_win/w00brk_f_flor1.bmp.ctxr,textures/flatlist/ovr_stm/_win,w00brk_f_flor1.bmp.ctxr,w00brk_f_flor1.bmp,ctxr,349920,746388e34470491a4e16fb9f10604b5d09aa28ca
textures/flatlist/ovr_stm/_win/w00brk_pipe_s1.bmp.ctxr,textures/flatlist/ovr_stm/_win,w00brk_pipe_s1.bmp.ctxr,w00brk_pipe_s1.bmp,ctxr,44096,3bd18557e22a64bf2a9ae0bb7e93156369c4cb7c
textures/flatlist/ovr_stm/_win/w00brk_table_floor1.bmp.ctxr,textures/flatlist/ovr_stm/_win,w00brk_table_floor1.bmp.ctxr,w00brk_table_floor1.bmp,ctxr,175168,0cf698600ccce2a8f818351e46fc37badcea9901
textures/flatlist/ovr_stm/_win/w00b_antisna_saku_msk.bmp.ctxr,textures/flatlist/ovr_stm/_win,w00b_antisna_saku_msk.bmp.ctxr,w00b_antisna_saku_msk.bmp,ctxr,44064,0693435243ed4379dcd6c18bb186b87d1497c3e6
textures/flatlist/ovr_stm/_win/w00b_bridge_wall1.bmp.ctxr,textures/flatlist/ovr_stm/_win,w00b_bridge_wall1.bmp.ctxr,w00b_bridge_wall1.bmp,ctxr,87776,28f4b91f4b68113afbfede02605578db017bd2fe
textures/flatlist/ovr_stm/_win/w00b_bridge_wall1_fade.bmp.ctxr,textures/flatlist/ovr_stm/_win,w00b_bridge_wall1_fade.bmp.ctxr,w00b_bridge_wall1_fade.bmp,ctxr,44064,7ccfb742fb52b1eaf1e13d85323bf5bc988790ff
textures/flatlist/ovr_stm/_win/w00b_cloth_new.bmp.ctxr,textures/flatlist/ovr_stm/_win,w00b_cloth_new.bmp.ctxr,w00b_cloth_new.bmp,ctxr,349920,32c893d530ed87c165c307259b74ee2f20bccccc
textures/flatlist/ovr_stm/_win/w00b_crane_post_s.bmp.ctxr,textures/flatlist/ovr_stm/_win,w00b_crane_post_s.bmp.ctxr,w00b_crane_post_s.bmp,ctxr,44096,52619a505e53c6633795e7f6fe89091eba6408aa
textures/flatlist/ovr_stm/_win/w00b_fannel1.bmp.ctxr,textures/flatlist/ovr_stm/_win,w00b_fannel1.bmp.ctxr,w00b_fannel1.bmp,ctxr,87776,0f7883581596f16104baca172edaa94a15b47cc9
textures/flatlist/ovr_stm/_win/w00b_flr1_alp_ovl.bmp.ctxr,textures/flatlist/ovr_stm/_win,w00b_flr1_alp_ovl.bmp.ctxr,w00b_flr1_alp_ovl.bmp,ctxr,87744,5ad28d87f34732ac0cbf02344e79b0b3aeb34685
textures/flatlist/ovr_stm/_win/w00b_flr2_alp_ovl.bmp.ctxr,textures/flatlist/ovr_stm/_win,w00b_flr2_alp_ovl.bmp.ctxr,w00b_flr2_alp_ovl.bmp,ctxr,349920,f0271e85ba777b9cd0b4fecccaa04ad8772fbfef
textures/flatlist/ovr_stm/_win/w00b_huge_light_f1.bmp.ctxr,textures/flatlist/ovr_stm/_win,w00b_huge_light_f1.bmp.ctxr,w00b_huge_light_f1.bmp,ctxr,22176,727bfe55eb4f091dca29dd47e2ab45593a00002a
textures/flatlist/ovr_stm/_win/w00b_huge_light_s.bmp.ctxr,textures/flatlist/ovr_stm/_win,w00b_huge_light_s.bmp.ctxr,w00b_huge_light_s.bmp,ctxr,22176,7119ae2130cb899e8db3e699182aa296f399429f
textures/flatlist/ovr_stm/_win/w00b_irs_pipe.bmp.ctxr,textures/flatlist/ovr_stm/_win,w00b_irs_pipe.bmp.ctxr,w00b_irs_pipe.bmp,ctxr,11296,c6fc71174c4d7dc0518997537a0144c96707a489
textures/flatlist/ovr_stm/_win/w00b_irs_wood1.bmp.ctxr,textures/flatlist/ovr_stm/_win,w00b_irs_wood1.bmp.ctxr,w00b_irs_wood1.bmp,ctxr,44064,74a980b4683370ce99c3456dac3ce0e23082dff1
textures/flatlist/ovr_stm/_win/w00b_irs_wood2.bmp.ctxr,textures/flatlist/ovr_stm/_win,w00b_irs_wood2.bmp.ctxr,w00b_irs_wood2.bmp,ctxr,87744,37dcabcef97e1a71181f42e5c48070819ee08c99
textures/flatlist/ovr_stm/_win/w00b_mushroom.bmp_5e3a7780abfc18549f6a4b034fef18bc.ctxr,textures/flatlist/ovr_stm/_win,w00b_mushroom.bmp_5e3a7780abfc18549f6a4b034fef18bc.ctxr,w00b_mushroom.bmp_5e3a7780abfc18549f6a4b034fef18bc,ctxr,44064,ef080d1c2d3a4645ac447063d955b6b7343f3bb9
textures/flatlist/ovr_stm/_win/w00b_poll1.bmp.ctxr,textures/flatlist/ovr_stm/_win,w00b_poll1.bmp.ctxr,w00b_poll1.bmp,ctxr,22240,72b4378acea71f49917393f75bd9823d9254bcac
textures/flatlist/ovr_stm/_win/w00b_raderdome.bmp.ctxr,textures/flatlist/ovr_stm/_win,w00b_raderdome.bmp.ctxr,w00b_raderdome.bmp,ctxr,22176,c142361ab78646475cce5fdffad0f090218dc43c
textures/flatlist/ovr_stm/_win/w00b_sonar1.bmp.ctxr,textures/flatlist/ovr_stm/_win,w00b_sonar1.bmp.ctxr,w00b_sonar1.bmp,ctxr,22176,9c1a0ddd02e94c3efedb8a428427d5feafda1d40
textures/flatlist/ovr_stm/_win/w00b_sonar2_msk.bmp.ctxr,textures/flatlist/ovr_stm/_win,w00b_sonar2_msk.bmp.ctxr,w00b_sonar2_msk.bmp,ctxr,44064,d61d3f40bd52388279139f4316dc9f8ce7d57128
textures/flatlist/ovr_stm/_win/w00b_step2wing_t.bmp.ctxr,textures/flatlist/ovr_stm/_win,w00b_step2wing_t.bmp.ctxr,w00b_step2wing_t.bmp,ctxr,22176,86dbd8936386bb66d7f60adfadfe88d5438c1895
textures/flatlist/ovr_stm/_win/w00b_step2wing_t2.bmp.ctxr,textures/flatlist/ovr_stm/_win,w00b_step2wing_t2.bmp.ctxr,w00b_step2wing_t2.bmp,ctxr,44064,1b9500156f8896c51547cebed514b172275638d4
textures/flatlist/ovr_stm/_win/w00b_tower_deck_s1psd.bmp.ctxr,textures/flatlist/ovr_stm/_win,w00b_tower_deck_s1psd.bmp.ctxr,w00b_tower_deck_s1psd.bmp,ctxr,22208,defa1195dd83e4dd60ee42f8c6d60a3f52760e9b
textures/flatlist/ovr_stm/_win/w00b_tower_deck_t1.bmp.ctxr,textures/flatlist/ovr_stm/_win,w00b_tower_deck_t1.bmp.ctxr,w00b_tower_deck_t1.bmp,ctxr,175168,8c256d67ae5df28338d404f549e885057767a258
textures/flatlist/ovr_stm/_win/w00b_tower_s1.bmp.ctxr,textures/flatlist/ovr_stm/_win,w00b_tower_s1.bmp.ctxr,w00b_tower_s1.bmp,ctxr,87744,d4ab3e7d62e0147c90293547be23eea93ccd8418
textures/flatlist/ovr_stm/_win/w00b_tower_s2.bmp.ctxr,textures/flatlist/ovr_stm/_win,w00b_tower_s2.bmp.ctxr,w00b_tower_s2.bmp,ctxr,44064,22c725f846c5987bcfa7b4eff9b5e7bc8b558052
textures/flatlist/ovr_stm/_win/w00b_tower_saku1.bmp.ctxr,textures/flatlist/ovr_stm/_win,w00b_tower_saku1.bmp.ctxr,w00b_tower_saku1.bmp,ctxr,44064,6de15558ef59c64ad0515a6dfc601e5bcae8844c
textures/flatlist/ovr_stm/_win/w00b_tower_saku2.bmp.ctxr,textures/flatlist/ovr_stm/_win,w00b_tower_saku2.bmp.ctxr,w00b_tower_saku2.bmp,ctxr,44064,9409bc595041ab6ea11090c69a29d446e3f45159
textures/flatlist/ovr_stm/_win/w00b_wall1.bmp.ctxr,textures/flatlist/ovr_stm/_win,w00b_wall1.bmp.ctxr,w00b_wall1.bmp,ctxr,349920,348fd0280a45831ec9845c5d41e8afe625d4893e
textures/flatlist/ovr_stm/_win/w00b_wbox_s.bmp.ctxr,textures/flatlist/ovr_stm/_win,w00b_wbox_s.bmp.ctxr,w00b_wbox_s.bmp,ctxr,22176,c2a77a4eaf6e91d76225e4c57ad0026e46582307
textures/flatlist/ovr_stm/_win/w00b_wbox_t.bmp.ctxr,textures/flatlist/ovr_stm/_win,w00b_wbox_t.bmp.ctxr,w00b_wbox_t.bmp,ctxr,22176,bfe80b20c3e266c503225547ed908d190405b72c
textures/flatlist/ovr_stm/_win/w00b_wingflr1_alp_ovl.bmp.ctxr,textures/flatlist/ovr_stm/_win,w00b_wingflr1_alp_ovl.bmp.ctxr,w00b_wingflr1_alp_ovl.bmp,ctxr,349920,0b44e99fddc085ae4b360a627ccb8608701990d9
textures/flatlist/ovr_stm/_win/w00b_wingtower_fs.bmp.ctxr,textures/flatlist/ovr_stm/_win,w00b_wingtower_fs.bmp.ctxr,w00b_wingtower_fs.bmp,ctxr,87744,1f1070ff423f5959a2c0ae63a3a357c94f944ebb
textures/flatlist/ovr_stm/_win/w00b_wingwall1.bmp.ctxr,textures/flatlist/ovr_stm/_win,w00b_wingwall1.bmp.ctxr,w00b_wingwall1.bmp,ctxr,87776,0caa9c291696a7ecf16890034da1b1f51dd8f322
textures/flatlist/ovr_stm/_win/w00c_stp_f1msk.bmp.ctxr,textures/flatlist/ovr_stm/_win,w00c_stp_f1msk.bmp.ctxr,w00c_stp_f1msk.bmp,ctxr,5792,81bd9d2d460797d8bb9f4eb1e3f644e73c13005b
textures/flatlist/ovr_stm/_win/w00c_tower_wing_msk.bmp.ctxr,textures/flatlist/ovr_stm/_win,w00c_tower_wing_msk.bmp.ctxr,w00c_tower_wing_msk.bmp,ctxr,175168,2efc61e5829a963a4c4fcf2a3e53789ebc50ea53
textures/flatlist/ovr_stm/_win/w00k_drw1.bmp.ctxr,textures/flatlist/ovr_stm/_win,w00k_drw1.bmp.ctxr,w00k_drw1.bmp,ctxr,175168,c40c8bab9dd1ec93d529ec13abc78f72af52baf8
textures/flatlist/ovr_stm/_win/w00m_block.bmp.ctxr,textures/flatlist/ovr_stm/_win,w00m_block.bmp.ctxr,w00m_block.bmp,ctxr,1632,64066b595408b70e9c1bd427dd4863e3797d8cce
textures/flatlist/ovr_stm/_win/w00m_block_side.bmp.ctxr,textures/flatlist/ovr_stm/_win,w00m_block_side.bmp.ctxr,w00m_block_side.bmp,ctxr,960,cb2ed8259a684c7645339dd7b5e776eb59c04c66
textures/flatlist/ovr_stm/_win/w00m_ikari_face.bmp.ctxr,textures/flatlist/ovr_stm/_win,w00m_ikari_face.bmp.ctxr,w00m_ikari_face.bmp,ctxr,3040,1139923b51616c6f9826fea43ee84039936e7e16
textures/flatlist/ovr_stm/_win/w00m_ikari_kabe.bmp.ctxr,textures/flatlist/ovr_stm/_win,w00m_ikari_kabe.bmp.ctxr,w00m_ikari_kabe.bmp,ctxr,11264,0dc006ee3bd4ad6d83d7f4dde8e2a4a062f06737
textures/flatlist/ovr_stm/_win/w00m_ikari_sotowaku.bmp.ctxr,textures/flatlist/ovr_stm/_win,w00m_ikari_sotowaku.bmp.ctxr,w00m_ikari_sotowaku.bmp,ctxr,992,e0bdec089b9a9e8f64ea930b2edbe01bf915aeaf
textures/flatlist/ovr_stm/_win/w00m_mushroom_face.bmp.ctxr,textures/flatlist/ovr_stm/_win,w00m_mushroom_face.bmp.ctxr,w00m_mushroom_face.bmp,ctxr,11264,2f050af94717f6735e1ccce68749bed948c4f340
textures/flatlist/ovr_stm/_win/w00m_mush_huta_face.bmp.ctxr,textures/flatlist/ovr_stm/_win,w00m_mush_huta_face.bmp.ctxr,w00m_mush_huta_face.bmp,ctxr,5792,9d7b71c192087fd10a17dcf52d195bd77c731aa3
textures/flatlist/ovr_stm/_win/w00m_mush_huta_top3.bmp.ctxr,textures/flatlist/ovr_stm/_win,w00m_mush_huta_top3.bmp.ctxr,w00m_mush_huta_top3.bmp,ctxr,5760,fe87bc18996c00cf41a85682d9d7f983f28b2259
textures/flatlist/ovr_stm/_win/w00m_winch_face4.bmp.ctxr,textures/flatlist/ovr_stm/_win,w00m_winch_face4.bmp.ctxr,w00m_winch_face4.bmp,ctxr,11264,3b61e0f132acf265251e1405977737bd091bc0ba
textures/flatlist/ovr_stm/_win/w00m_winch_face4.bmp_66d35506ebb6b42785de008e8285c263.ctxr,textures/flatlist/ovr_stm/_win,w00m_winch_face4.bmp_66d35506ebb6b42785de008e8285c263.ctxr,w00m_winch_face4.bmp_66d35506ebb6b42785de008e8285c263,ctxr,11264,eee9d7ef94fd5cdb4f2b34bf1a262098eee919ef
textures/flatlist/ovr_stm/_win/w00m_winch_top2.bmp.ctxr,textures/flatlist/ovr_stm/_win,w00m_winch_top2.bmp.ctxr,w00m_winch_top2.bmp,ctxr,3040,6b2735f374babbabe92d8d919e359120ceb9af88
textures/flatlist/ovr_stm/_win/w00_sky_add_alp.bmp.ctxr,textures/flatlist/ovr_stm/_win,w00_sky_add_alp.bmp.ctxr,w00_sky_add_alp.bmp,ctxr,87744,511653d7df1b5a7820c2597e340669dac7c86229
textures/flatlist/ovr_stm/_win/w00_stp_t1.bmp.ctxr,textures/flatlist/ovr_stm/_win,w00_stp_t1.bmp.ctxr,w00_stp_t1.bmp,ctxr,5792,13009d4669586af6e76f9f899b305b79843cfa08
textures/flatlist/ovr_stm/_win/w01a0lc_loc2.bmp.ctxr,textures/flatlist/ovr_stm/_win,w01a0lc_loc2.bmp.ctxr,w01a0lc_loc2.bmp,ctxr,349920,237ad6385767bedf7388701b53fd8b7b8e01f338
textures/flatlist/ovr_stm/_win/w01a0_box00.bmp.ctxr,textures/flatlist/ovr_stm/_win,w01a0_box00.bmp.ctxr,w01a0_box00.bmp,ctxr,11264,63ebbd709402a3e07b5bdebc758de5de20e84647
textures/flatlist/ovr_stm/_win/w01a0_box002.bmp.ctxr,textures/flatlist/ovr_stm/_win,w01a0_box002.bmp.ctxr,w01a0_box002.bmp,ctxr,11264,d427cd2a2369e21d08efe3f3d367968930930c52
textures/flatlist/ovr_stm/_win/w01a0_box00a.bmp.ctxr,textures/flatlist/ovr_stm/_win,w01a0_box00a.bmp.ctxr,w01a0_box00a.bmp,ctxr,5792,4f5e7fcab15e63ee29c65959a3ee981dff69703d
textures/flatlist/ovr_stm/_win/w01a0_box00c.bmp.ctxr,textures/flatlist/ovr_stm/_win,w01a0_box00c.bmp.ctxr,w01a0_box00c.bmp,ctxr,3040,5f4881128ff7ebefbe5a0cc8a1a9f85f94284597
textures/flatlist/ovr_stm/_win/w01a0_box01.bmp.ctxr,textures/flatlist/ovr_stm/_win,w01a0_box01.bmp.ctxr,w01a0_box01.bmp,ctxr,22176,1e02f06ac7d610b347ba4badca3cbc660fc72ec0
textures/flatlist/ovr_stm/_win/w01a0_box01a.bmp.ctxr,textures/flatlist/ovr_stm/_win,w01a0_box01a.bmp.ctxr,w01a0_box01a.bmp,ctxr,5792,5a7a3ef048d2affb870dd5c24f6037af56805003
textures/flatlist/ovr_stm/_win/w01a0_box02.bmp.ctxr,textures/flatlist/ovr_stm/_win,w01a0_box02.bmp.ctxr,w01a0_box02.bmp,ctxr,11264,c8a9a219f392a78ca91ef060288523ee64d4043c
textures/flatlist/ovr_stm/_win/w01a0_box03.bmp.ctxr,textures/flatlist/ovr_stm/_win,w01a0_box03.bmp.ctxr,w01a0_box03.bmp,ctxr,11264,dc1fb72ddef8cfa44d647fdc3213e80a2f338e8a
textures/flatlist/ovr_stm/_win/w01a0_box06.bmp.ctxr,textures/flatlist/ovr_stm/_win,w01a0_box06.bmp.ctxr,w01a0_box06.bmp,ctxr,11264,d1fe307ee4ab396308370f09e3839bda7226b79d
textures/flatlist/ovr_stm/_win/w01a0_box07.bmp.ctxr,textures/flatlist/ovr_stm/_win,w01a0_box07.bmp.ctxr,w01a0_box07.bmp,ctxr,11264,cb6f49e2a263e3e9ecc235219d2cd6ff83747460
textures/flatlist/ovr_stm/_win/w01a0_box08.bmp.ctxr,textures/flatlist/ovr_stm/_win,w01a0_box08.bmp.ctxr,w01a0_box08.bmp,ctxr,22176,56d3a5ee80db591ad120c203dabcc67db42944bd
textures/flatlist/ovr_stm/_win/w01a0_cfl06d.bmp.ctxr,textures/flatlist/ovr_stm/_win,w01a0_cfl06d.bmp.ctxr,w01a0_cfl06d.bmp,ctxr,44064,6ea329d709afd99385be1896edbf092b7440331b
textures/flatlist/ovr_stm/_win/w01a0_cfl06e.bmp.ctxr,textures/flatlist/ovr_stm/_win,w01a0_cfl06e.bmp.ctxr,w01a0_cfl06e.bmp,ctxr,44064,529b4250041e0e4f7ad05ece165d686b278e72aa
textures/flatlist/ovr_stm/_win/w01a0_dr00a.bmp.ctxr,textures/flatlist/ovr_stm/_win,w01a0_dr00a.bmp.ctxr,w01a0_dr00a.bmp,ctxr,44064,3ad642af3654ef254174aec00ec4acd247e4a66f
textures/flatlist/ovr_stm/_win/w01a0_ent01.bmp.ctxr,textures/flatlist/ovr_stm/_win,w01a0_ent01.bmp.ctxr,w01a0_ent01.bmp,ctxr,22240,059502d7de69127a83ba2e7d4d0e278f6adbbd50
textures/flatlist/ovr_stm/_win/w01a0_ent01a.bmp.ctxr,textures/flatlist/ovr_stm/_win,w01a0_ent01a.bmp.ctxr,w01a0_ent01a.bmp,ctxr,22240,3aa640e277b9a5dc4273e7cb09345655929440b9
textures/flatlist/ovr_stm/_win/w01a0_ent04.bmp.ctxr,textures/flatlist/ovr_stm/_win,w01a0_ent04.bmp.ctxr,w01a0_ent04.bmp,ctxr,5792,40e9775d6de4394f7d26a200b6e4d852f6c0f6ce
textures/flatlist/ovr_stm/_win/w01a0_fl00_bld080_ovl.bmp.ctxr,textures/flatlist/ovr_stm/_win,w01a0_fl00_bld080_ovl.bmp.ctxr,w01a0_fl00_bld080_ovl.bmp,ctxr,175168,0b8e32815753a18f510fab2e55e57b60736876e5
textures/flatlist/ovr_stm/_win/w01a0_fl02a_alp_ovl.bmp.ctxr,textures/flatlist/ovr_stm/_win,w01a0_fl02a_alp_ovl.bmp.ctxr,w01a0_fl02a_alp_ovl.bmp,ctxr,175168,298b7db348ec04dc047613eadceb8394899891d7
textures/flatlist/ovr_stm/_win/w01a0_fl02_bld080_ovl.bmp.ctxr,textures/flatlist/ovr_stm/_win,w01a0_fl02_bld080_ovl.bmp.ctxr,w01a0_fl02_bld080_ovl.bmp,ctxr,175168,d7e362770149fa59c440c4baff4046c32a01c68f
textures/flatlist/ovr_stm/_win/w01a0_fl03.bmp.ctxr,textures/flatlist/ovr_stm/_win,w01a0_fl03.bmp.ctxr,w01a0_fl03.bmp,ctxr,11296,2fc8e042fa6e27bf3948e817cb6928d7c57c94b1
textures/flatlist/ovr_stm/_win/w01a0_fl04.bmp.ctxr,textures/flatlist/ovr_stm/_win,w01a0_fl04.bmp.ctxr,w01a0_fl04.bmp,ctxr,87744,c4882b853ab98f704ccaf31c9aeb3b5b4c093c43
textures/flatlist/ovr_stm/_win/w01a0_fl04a.bmp.ctxr,textures/flatlist/ovr_stm/_win,w01a0_fl04a.bmp.ctxr,w01a0_fl04a.bmp,ctxr,87744,1c344283f6a950d0aae774ba75d0ee7eb4471823
textures/flatlist/ovr_stm/_win/w01a0_fl05c.bmp.ctxr,textures/flatlist/ovr_stm/_win,w01a0_fl05c.bmp.ctxr,w01a0_fl05c.bmp,ctxr,44064,4511595055a3ed14f6171997575476a81f0013cb
textures/flatlist/ovr_stm/_win/w01a0_fl05d.bmp.ctxr,textures/flatlist/ovr_stm/_win,w01a0_fl05d.bmp.ctxr,w01a0_fl05d.bmp,ctxr,87744,b3e5a3c52f97afbd064f5d178c96a98054688a87
textures/flatlist/ovr_stm/_win/w01a0_fl06.bmp.ctxr,textures/flatlist/ovr_stm/_win,w01a0_fl06.bmp.ctxr,w01a0_fl06.bmp,ctxr,87744,7687e8e0f3fde7106a856f8d8b418be6509e7159
textures/flatlist/ovr_stm/_win/w01a0_fl06a.bmp.ctxr,textures/flatlist/ovr_stm/_win,w01a0_fl06a.bmp.ctxr,w01a0_fl06a.bmp,ctxr,44064,2a835bfcaee3e8de9cc425505996d283fb5811cf
textures/flatlist/ovr_stm/_win/w01a0_fl06b.bmp.ctxr,textures/flatlist/ovr_stm/_win,w01a0_fl06b.bmp.ctxr,w01a0_fl06b.bmp,ctxr,87744,3cffc9e2668ab1fb6d6fd3f83c00286ceb065450
textures/flatlist/ovr_stm/_win/w01a0_fl06f.bmp.ctxr,textures/flatlist/ovr_stm/_win,w01a0_fl06f.bmp.ctxr,w01a0_fl06f.bmp,ctxr,87744,08fed8e8f85e5a20965bfeadd0acb9223911eae1
textures/flatlist/ovr_stm/_win/w01a0_fl06h.bmp.ctxr,textures/flatlist/ovr_stm/_win,w01a0_fl06h.bmp.ctxr,w01a0_fl06h.bmp,ctxr,87744,d42eb637bb3a1caab533593be17d78287465ea7f
textures/flatlist/ovr_stm/_win/w01a0_pp00.bmp.ctxr,textures/flatlist/ovr_stm/_win,w01a0_pp00.bmp.ctxr,w01a0_pp00.bmp,ctxr,44096,7e9301780dbf99e7d1fd0adb1beb4496024ef422
textures/flatlist/ovr_stm/_win/w01a0_pp00a.bmp.ctxr,textures/flatlist/ovr_stm/_win,w01a0_pp00a.bmp.ctxr,w01a0_pp00a.bmp,ctxr,44096,5cba53689d9c44055fa2cab3619801eab87a8d9b
textures/flatlist/ovr_stm/_win/w01a0_pp01.bmp_c4f68f448cb866fd05ff299f47307e75.ctxr,textures/flatlist/ovr_stm/_win,w01a0_pp01.bmp_c4f68f448cb866fd05ff299f47307e75.ctxr,w01a0_pp01.bmp_c4f68f448cb866fd05ff299f47307e75,ctxr,44096,eb2076924e83e15a0a3af07c41393695f63d1818
textures/flatlist/ovr_stm/_win/w01a0_pp02a.bmp.ctxr,textures/flatlist/ovr_stm/_win,w01a0_pp02a.bmp.ctxr,w01a0_pp02a.bmp,ctxr,44096,13ae86a36bce512b2812c039f1cf19c101fe677c
textures/flatlist/ovr_stm/_win/w01a0_pp03.bmp.ctxr,textures/flatlist/ovr_stm/_win,w01a0_pp03.bmp.ctxr,w01a0_pp03.bmp,ctxr,87776,23d89eaec4aaf64b7f9bcebc24abd0433d777f63
textures/flatlist/ovr_stm/_win/w01a0_ppb00.bmp.ctxr,textures/flatlist/ovr_stm/_win,w01a0_ppb00.bmp.ctxr,w01a0_ppb00.bmp,ctxr,5792,a798511e2ef6059c1642eab05c9927a3bff9f3f4
textures/flatlist/ovr_stm/_win/w01a0_rf00.bmp.ctxr,textures/flatlist/ovr_stm/_win,w01a0_rf00.bmp.ctxr,w01a0_rf00.bmp,ctxr,11264,5300e9cc379fb08b1c133dd77963ce7b590d6340
textures/flatlist/ovr_stm/_win/w01a0_rf02.bmp.ctxr,textures/flatlist/ovr_stm/_win,w01a0_rf02.bmp.ctxr,w01a0_rf02.bmp,ctxr,44064,6fc110ca9baa59dcb23a3a940d298d5e1852a1d8
textures/flatlist/ovr_stm/_win/w01a0_rf03.bmp.ctxr,textures/flatlist/ovr_stm/_win,w01a0_rf03.bmp.ctxr,w01a0_rf03.bmp,ctxr,22176,a694b8db9b0e4e3cecf65dd51a0b99bc8acb205b
textures/flatlist/ovr_stm/_win/w01a0_rf03a.bmp.ctxr,textures/flatlist/ovr_stm/_win,w01a0_rf03a.bmp.ctxr,w01a0_rf03a.bmp,ctxr,44064,bde1db5ba7a734326cf34210d12b7af5b6b1a48f
textures/flatlist/ovr_stm/_win/w01a0_rf05.bmp.ctxr,textures/flatlist/ovr_stm/_win,w01a0_rf05.bmp.ctxr,w01a0_rf05.bmp,ctxr,44064,8df973a7920df78eb83c0d72cec781a2563b6a5e
textures/flatlist/ovr_stm/_win/w01a0_w00.bmp.ctxr,textures/flatlist/ovr_stm/_win,w01a0_w00.bmp.ctxr,w01a0_w00.bmp,ctxr,349920,e45a28d577fbcca03f1a132f8f058c945e327912
textures/flatlist/ovr_stm/_win/w01a0_w01.bmp.ctxr,textures/flatlist/ovr_stm/_win,w01a0_w01.bmp.ctxr,w01a0_w01.bmp,ctxr,349920,77747b66d7156bf76f47b6f88463c001c45e540b
textures/flatlist/ovr_stm/_win/w01a0_w01a.bmp.ctxr,textures/flatlist/ovr_stm/_win,w01a0_w01a.bmp.ctxr,w01a0_w01a.bmp,ctxr,87776,2230da21347b08713ea5b6076c9799363c4863b9
textures/flatlist/ovr_stm/_win/w01a0_w04.bmp.ctxr,textures/flatlist/ovr_stm/_win,w01a0_w04.bmp.ctxr,w01a0_w04.bmp,ctxr,175168,67642def7c39b777003755de41cfbea65ea1dce5
textures/flatlist/ovr_stm/_win/w01a0_w04a.bmp.ctxr,textures/flatlist/ovr_stm/_win,w01a0_w04a.bmp.ctxr,w01a0_w04a.bmp,ctxr,175168,1db9b2c87ff749f94000fbd548f71d618719c39b
textures/flatlist/ovr_stm/_win/w01a0_w05.bmp.ctxr,textures/flatlist/ovr_stm/_win,w01a0_w05.bmp.ctxr,w01a0_w05.bmp,ctxr,44096,1081793cce08d33cf8d59537c7fc7cd63267659b
textures/flatlist/ovr_stm/_win/w01a0_w06.bmp.ctxr,textures/flatlist/ovr_stm/_win,w01a0_w06.bmp.ctxr,w01a0_w06.bmp,ctxr,44096,db62cf1ad37fa890bbba4f042c26fe0852c67d67
textures/flatlist/ovr_stm/_win/w01a0_w07.bmp.ctxr,textures/flatlist/ovr_stm/_win,w01a0_w07.bmp.ctxr,w01a0_w07.bmp,ctxr,175168,7f499bac08eb032bd2666f5cd7e43eb9c2e25c2d
textures/flatlist/ovr_stm/_win/w01a0_w08.bmp.ctxr,textures/flatlist/ovr_stm/_win,w01a0_w08.bmp.ctxr,w01a0_w08.bmp,ctxr,175168,8592db06ce1192b042831727c46b8667b38eeb31
textures/flatlist/ovr_stm/_win/w01a0_w09e.bmp.ctxr,textures/flatlist/ovr_stm/_win,w01a0_w09e.bmp.ctxr,w01a0_w09e.bmp,ctxr,87776,3d8e4568c882ff631a205ebd4bb733802f2bae8b
textures/flatlist/ovr_stm/_win/w01a0_w09f.bmp.ctxr,textures/flatlist/ovr_stm/_win,w01a0_w09f.bmp.ctxr,w01a0_w09f.bmp,ctxr,44064,e9832cb466ac8897d6944d821a6a913431e584da
textures/flatlist/ovr_stm/_win/w01a0_w09g.bmp.ctxr,textures/flatlist/ovr_stm/_win,w01a0_w09g.bmp.ctxr,w01a0_w09g.bmp,ctxr,44064,cd22472b07dc41d8e0fdebfe63aaef35625da2dc
textures/flatlist/ovr_stm/_win/w01a0_w10ad.bmp.ctxr,textures/flatlist/ovr_stm/_win,w01a0_w10ad.bmp.ctxr,w01a0_w10ad.bmp,ctxr,87776,2a13e1a5a938ad88ebc970e2a7126ad463abb3b9
textures/flatlist/ovr_stm/_win/w01a0_w10bd.bmp.ctxr,textures/flatlist/ovr_stm/_win,w01a0_w10bd.bmp.ctxr,w01a0_w10bd.bmp,ctxr,175168,f4cd9069ec60ebd583999ed50d542d53166ec2a6
textures/flatlist/ovr_stm/_win/w01a0_w10bu.bmp.ctxr,textures/flatlist/ovr_stm/_win,w01a0_w10bu.bmp.ctxr,w01a0_w10bu.bmp,ctxr,44064,20651c41e5596b002bd914fa96901f3df209d564
textures/flatlist/ovr_stm/_win/w01a0_w10cd.bmp.ctxr,textures/flatlist/ovr_stm/_win,w01a0_w10cd.bmp.ctxr,w01a0_w10cd.bmp,ctxr,175168,d8ec5046ecbd2ff6c95bd4d57ef6bbf240e95d5d
textures/flatlist/ovr_stm/_win/w01a0_w10cu.bmp.ctxr,textures/flatlist/ovr_stm/_win,w01a0_w10cu.bmp.ctxr,w01a0_w10cu.bmp,ctxr,44064,38d8d85de1ea73212fb4cdd6ec81115f9a66f7d0
textures/flatlist/ovr_stm/_win/w01a0_w10dd.bmp.ctxr,textures/flatlist/ovr_stm/_win,w01a0_w10dd.bmp.ctxr,w01a0_w10dd.bmp,ctxr,87776,062815b956a266d60dcb132920a2e06e95566e4a
textures/flatlist/ovr_stm/_win/w01a0_w10du.bmp.ctxr,textures/flatlist/ovr_stm/_win,w01a0_w10du.bmp.ctxr,w01a0_w10du.bmp,ctxr,22176,9afff6a1b90f6c895f8a235cf95b8f3f972ca4d1
textures/flatlist/ovr_stm/_win/w01a0_w10e.bmp.ctxr,textures/flatlist/ovr_stm/_win,w01a0_w10e.bmp.ctxr,w01a0_w10e.bmp,ctxr,44096,fcc3d13fda5ef71bcea43dae7b6ab6666bdbe73d
textures/flatlist/ovr_stm/_win/w01a0_w10f.bmp.ctxr,textures/flatlist/ovr_stm/_win,w01a0_w10f.bmp.ctxr,w01a0_w10f.bmp,ctxr,22240,5864a2823c6a18211075f997926cc990b766c9b7
textures/flatlist/ovr_stm/_win/w01a0_w11.bmp.ctxr,textures/flatlist/ovr_stm/_win,w01a0_w11.bmp.ctxr,w01a0_w11.bmp,ctxr,44064,55e4dc31b8b1853d3bf6412f841b418ba279f3c1
textures/flatlist/ovr_stm/_win/w01a0_w14a.bmp.ctxr,textures/flatlist/ovr_stm/_win,w01a0_w14a.bmp.ctxr,w01a0_w14a.bmp,ctxr,175168,5a22a2c1bf3e242bc9b5ea00937b88059769b3a4
textures/flatlist/ovr_stm/_win/w01a0_w15.bmp.ctxr,textures/flatlist/ovr_stm/_win,w01a0_w15.bmp.ctxr,w01a0_w15.bmp,ctxr,44096,a08e05f32e950a39465c8d8f4bc8811063919f65
textures/flatlist/ovr_stm/_win/w01a0_w15a.bmp.ctxr,textures/flatlist/ovr_stm/_win,w01a0_w15a.bmp.ctxr,w01a0_w15a.bmp,ctxr,44096,a0f447bfc4248253977675051d33ea812cb1ed75
textures/flatlist/ovr_stm/_win/w01a0_w15b.bmp.ctxr,textures/flatlist/ovr_stm/_win,w01a0_w15b.bmp.ctxr,w01a0_w15b.bmp,ctxr,175168,46c2055c4bf9597462ed8386afae77097a489acd
textures/flatlist/ovr_stm/_win/w01a0_w16.bmp.ctxr,textures/flatlist/ovr_stm/_win,w01a0_w16.bmp.ctxr,w01a0_w16.bmp,ctxr,175168,97ebfae2f42da2a749d5ef13bc222b9f4d3f8805
textures/flatlist/ovr_stm/_win/w01a0_wh00b.bmp.ctxr,textures/flatlist/ovr_stm/_win,w01a0_wh00b.bmp.ctxr,w01a0_wh00b.bmp,ctxr,44096,74313dd12b15faf98b74388f0e676d1de2092383
textures/flatlist/ovr_stm/_win/w01a0_wh01.bmp.ctxr,textures/flatlist/ovr_stm/_win,w01a0_wh01.bmp.ctxr,w01a0_wh01.bmp,ctxr,44096,e1874ade7068846a2634baaeae48d3d669de20e2
textures/flatlist/ovr_stm/_win/w01a0_wh02.bmp.ctxr,textures/flatlist/ovr_stm/_win,w01a0_wh02.bmp.ctxr,w01a0_wh02.bmp,ctxr,44096,47f693a1d44ea9348dfba4273835ef3a63f555ed
textures/flatlist/ovr_stm/_win/w01a1_cfl00a.bmp.ctxr,textures/flatlist/ovr_stm/_win,w01a1_cfl00a.bmp.ctxr,w01a1_cfl00a.bmp,ctxr,175168,f025677d8a2b996fe78985f85f7f51f045d9150f
textures/flatlist/ovr_stm/_win/w01a1_cfl01_bld095_ovl.bmp.ctxr,textures/flatlist/ovr_stm/_win,w01a1_cfl01_bld095_ovl.bmp.ctxr,w01a1_cfl01_bld095_ovl.bmp,ctxr,22208,df978e67a5d9da26bc8613a7989188715ad86842
textures/flatlist/ovr_stm/_win/w01a1_cw00.bmp.ctxr,textures/flatlist/ovr_stm/_win,w01a1_cw00.bmp.ctxr,w01a1_cw00.bmp,ctxr,175168,05021632b72849533df9d003de93c364939a7452
textures/flatlist/ovr_stm/_win/w01a1_cw00a.bmp.ctxr,textures/flatlist/ovr_stm/_win,w01a1_cw00a.bmp.ctxr,w01a1_cw00a.bmp,ctxr,175168,8ec254d4d332ad0966028e522bdafdc05bf500bf
textures/flatlist/ovr_stm/_win/w01a1_cw00b.bmp.ctxr,textures/flatlist/ovr_stm/_win,w01a1_cw00b.bmp.ctxr,w01a1_cw00b.bmp,ctxr,87776,856c276db2f1df5d9a76f9526ae425adad83a794
textures/flatlist/ovr_stm/_win/w01a1_cw01a.bmp.ctxr,textures/flatlist/ovr_stm/_win,w01a1_cw01a.bmp.ctxr,w01a1_cw01a.bmp,ctxr,349920,2a852eee86c13ddd69108265cd07c763e595f1da
textures/flatlist/ovr_stm/_win/w01a1_cw01b.bmp.ctxr,textures/flatlist/ovr_stm/_win,w01a1_cw01b.bmp.ctxr,w01a1_cw01b.bmp,ctxr,349920,97a5312811ac085c6adef258be6ced1d5ce0ce37
textures/flatlist/ovr_stm/_win/w01a1_cw01c.bmp.ctxr,textures/flatlist/ovr_stm/_win,w01a1_cw01c.bmp.ctxr,w01a1_cw01c.bmp,ctxr,175168,4b95d6bcacaa392baea76ad3a634faec0381e5f8
textures/flatlist/ovr_stm/_win/w01a1_cw02.bmp.ctxr,textures/flatlist/ovr_stm/_win,w01a1_cw02.bmp.ctxr,w01a1_cw02.bmp,ctxr,44096,094a31994d820b6453f3d78440e10a072bff459a
textures/flatlist/ovr_stm/_win/w01a1_cw02a.bmp.ctxr,textures/flatlist/ovr_stm/_win,w01a1_cw02a.bmp.ctxr,w01a1_cw02a.bmp,ctxr,87776,92d77775045961174e34b905a650214835bfeadc
textures/flatlist/ovr_stm/_win/w01a1_glswl00.bmp.ctxr,textures/flatlist/ovr_stm/_win,w01a1_glswl00.bmp.ctxr,w01a1_glswl00.bmp,ctxr,22176,e3588e9e4203d4794b23fdcd357015abb7bd5b46
textures/flatlist/ovr_stm/_win/w01a1_glswl01.bmp.ctxr,textures/flatlist/ovr_stm/_win,w01a1_glswl01.bmp.ctxr,w01a1_glswl01.bmp,ctxr,22208,5105264eedfd884885610533eb08b75f3d354699
textures/flatlist/ovr_stm/_win/w01a1_glswl02.bmp.ctxr,textures/flatlist/ovr_stm/_win,w01a1_glswl02.bmp.ctxr,w01a1_glswl02.bmp,ctxr,44064,23035b1e1da16a42e285a122707ef316fd683c81
textures/flatlist/ovr_stm/_win/w01a1_rfc00.bmp.ctxr,textures/flatlist/ovr_stm/_win,w01a1_rfc00.bmp.ctxr,w01a1_rfc00.bmp,ctxr,44064,68ec9cf4bd7a5cdb297b68bda43dc55d5bd60bce
textures/flatlist/ovr_stm/_win/w01a1_tb00.bmp.ctxr,textures/flatlist/ovr_stm/_win,w01a1_tb00.bmp.ctxr,w01a1_tb00.bmp,ctxr,3040,958d9e00a2387998c78a6013a4e794c6e0ee3b8f
textures/flatlist/ovr_stm/_win/w01a1_tb01.bmp.ctxr,textures/flatlist/ovr_stm/_win,w01a1_tb01.bmp.ctxr,w01a1_tb01.bmp,ctxr,22176,61defd4fc9be35e2f70a885d8fd888a422ef19f1
textures/flatlist/ovr_stm/_win/w01a1_wb00_bld090_ovl.bmp.ctxr,textures/flatlist/ovr_stm/_win,w01a1_wb00_bld090_ovl.bmp.ctxr,w01a1_wb00_bld090_ovl.bmp,ctxr,22208,de0c636437918e591202612188b6525700460ff8
textures/flatlist/ovr_stm/_win/w01a1_wb02_bld090_ovl.bmp.ctxr,textures/flatlist/ovr_stm/_win,w01a1_wb02_bld090_ovl.bmp.ctxr,w01a1_wb02_bld090_ovl.bmp,ctxr,44064,e21855adcabe7983a9dab30bdf46dddee7c7a5a7
textures/flatlist/ovr_stm/_win/w01a1_wb03.bmp.ctxr,textures/flatlist/ovr_stm/_win,w01a1_wb03.bmp.ctxr,w01a1_wb03.bmp,ctxr,22208,8b450e957aa46fb46ac76936a836f17cdfae003d
textures/flatlist/ovr_stm/_win/w01a1_wb03b.bmp.ctxr,textures/flatlist/ovr_stm/_win,w01a1_wb03b.bmp.ctxr,w01a1_wb03b.bmp,ctxr,22208,b7b0c21e96f81ddb1d48c962034ff384b60c47b7
textures/flatlist/ovr_stm/_win/w01a1_wlp00.bmp.ctxr,textures/flatlist/ovr_stm/_win,w01a1_wlp00.bmp.ctxr,w01a1_wlp00.bmp,ctxr,22176,6210195c206948211ce5b6525c9e6837421235fe
textures/flatlist/ovr_stm/_win/w01a1_wlp01.bmp.ctxr,textures/flatlist/ovr_stm/_win,w01a1_wlp01.bmp.ctxr,w01a1_wlp01.bmp,ctxr,44064,a9277accda152436d79359e0a2a68ee820d251cf
textures/flatlist/ovr_stm/_win/w01a1_wlu00.bmp.ctxr,textures/flatlist/ovr_stm/_win,w01a1_wlu00.bmp.ctxr,w01a1_wlu00.bmp,ctxr,22240,22ec403c1641d55be000be06ea89ea3f44062069
textures/flatlist/ovr_stm/_win/w01alc_gmen3.bmp.ctxr,textures/flatlist/ovr_stm/_win,w01alc_gmen3.bmp.ctxr,w01alc_gmen3.bmp,ctxr,349920,e4e50e900f370962859dfd23d447a73f7be1edb0
textures/flatlist/ovr_stm/_win/w01alc_tes1.bmp.ctxr,textures/flatlist/ovr_stm/_win,w01alc_tes1.bmp.ctxr,w01alc_tes1.bmp,ctxr,349920,0956dedb88ec928796dbedd33b3e6932c1ac38cc
textures/flatlist/ovr_stm/_win/w01alc_tes2.bmp.ctxr,textures/flatlist/ovr_stm/_win,w01alc_tes2.bmp.ctxr,w01alc_tes2.bmp,ctxr,349920,5c5dd17bc910a41f7bdee421859b03a0651399c0
textures/flatlist/ovr_stm/_win/w01alc_tes3.bmp.ctxr,textures/flatlist/ovr_stm/_win,w01alc_tes3.bmp.ctxr,w01alc_tes3.bmp,ctxr,349920,3f4eafef429d2c7e0940c76d7c3cc85adaeca5e7
textures/flatlist/ovr_stm/_win/w01a_barc_02.bmp.ctxr,textures/flatlist/ovr_stm/_win,w01a_barc_02.bmp.ctxr,w01a_barc_02.bmp,ctxr,44064,731722ec27137aa287b3f21cc23fb90c5b017401
textures/flatlist/ovr_stm/_win/w01a_bardr00.bmp.ctxr,textures/flatlist/ovr_stm/_win,w01a_bardr00.bmp.ctxr,w01a_bardr00.bmp,ctxr,22176,c11174eb1f0e5a20f99adbcad58b54e7dae6185b
textures/flatlist/ovr_stm/_win/w01a_barwl02.bmp.ctxr,textures/flatlist/ovr_stm/_win,w01a_barwl02.bmp.ctxr,w01a_barwl02.bmp,ctxr,22176,9e16c5ebf8be9a6215588953fee2d989130d22d6
textures/flatlist/ovr_stm/_win/w01a_chrb00.bmp.ctxr,textures/flatlist/ovr_stm/_win,w01a_chrb00.bmp.ctxr,w01a_chrb00.bmp,ctxr,22176,66069c43f5134378091871f91454c4d9949c3054
textures/flatlist/ovr_stm/_win/w01a_chrb01.bmp.ctxr,textures/flatlist/ovr_stm/_win,w01a_chrb01.bmp.ctxr,w01a_chrb01.bmp,ctxr,11264,59838c222d986c21ee637819593e8559748c25b4
textures/flatlist/ovr_stm/_win/w01a_dr04a.bmp.ctxr,textures/flatlist/ovr_stm/_win,w01a_dr04a.bmp.ctxr,w01a_dr04a.bmp,ctxr,44064,0aa554ce1be62a4d75d31b361f41dc015b92f7d7
textures/flatlist/ovr_stm/_win/w01a_fl00a_bld090_ovl.bmp.ctxr,textures/flatlist/ovr_stm/_win,w01a_fl00a_bld090_ovl.bmp.ctxr,w01a_fl00a_bld090_ovl.bmp,ctxr,349920,9612b06c214ec71a84ecad53a001ee44e3f27fc4
textures/flatlist/ovr_stm/_win/w01a_fl00b_bld090_ovl.bmp.ctxr,textures/flatlist/ovr_stm/_win,w01a_fl00b_bld090_ovl.bmp.ctxr,w01a_fl00b_bld090_ovl.bmp,ctxr,175168,542451207327d7d94d002c2a4fd24d3cf79424e8
textures/flatlist/ovr_stm/_win/w01a_fl00c_bld090_ovl.bmp.ctxr,textures/flatlist/ovr_stm/_win,w01a_fl00c_bld090_ovl.bmp.ctxr,w01a_fl00c_bld090_ovl.bmp,ctxr,349920,a547d4b4eaa2de99b938b7c538da803ff0ddb662
textures/flatlist/ovr_stm/_win/w01a_fl00d_bld090_ovl.bmp.ctxr,textures/flatlist/ovr_stm/_win,w01a_fl00d_bld090_ovl.bmp.ctxr,w01a_fl00d_bld090_ovl.bmp,ctxr,349920,0c785f6dc0ecb54b6cc68988af881c00226b07ad
textures/flatlist/ovr_stm/_win/w01a_fl00e_bld090_ovl.bmp.ctxr,textures/flatlist/ovr_stm/_win,w01a_fl00e_bld090_ovl.bmp.ctxr,w01a_fl00e_bld090_ovl.bmp,ctxr,175168,519bb8f21bb90d01b50199a767a2dde43729a659
textures/flatlist/ovr_stm/_win/w01a_fl00f_bld090_ovl.bmp.ctxr,textures/flatlist/ovr_stm/_win,w01a_fl00f_bld090_ovl.bmp.ctxr,w01a_fl00f_bld090_ovl.bmp,ctxr,175168,67626816622d07030573eb53fc13f41882ea11e3
textures/flatlist/ovr_stm/_win/w01a_fl00g_bld090_ovl.bmp.ctxr,textures/flatlist/ovr_stm/_win,w01a_fl00g_bld090_ovl.bmp.ctxr,w01a_fl00g_bld090_ovl.bmp,ctxr,349920,f928a4ecf3d47caca5a324275064f7cdef1168d2
textures/flatlist/ovr_stm/_win/w01a_fl00h_bld090_ovl.bmp.ctxr,textures/flatlist/ovr_stm/_win,w01a_fl00h_bld090_ovl.bmp.ctxr,w01a_fl00h_bld090_ovl.bmp,ctxr,175168,da0b3b299a7d3d1c68af9549285da13c0e15381e
textures/flatlist/ovr_stm/_win/w01a_fl00i_bld090_ovl.bmp.ctxr,textures/flatlist/ovr_stm/_win,w01a_fl00i_bld090_ovl.bmp.ctxr,w01a_fl00i_bld090_ovl.bmp,ctxr,349920,bc24196d49953afca69d16e42915dad9f07db0e6
textures/flatlist/ovr_stm/_win/w01a_fl02a_bld090_ovl.bmp.ctxr,textures/flatlist/ovr_stm/_win,w01a_fl02a_bld090_ovl.bmp.ctxr,w01a_fl02a_bld090_ovl.bmp,ctxr,349920,6fede93b80f9875d0036c3ed5720f76ff67036cc
textures/flatlist/ovr_stm/_win/w01a_fl02b_bld090_ovl.bmp.ctxr,textures/flatlist/ovr_stm/_win,w01a_fl02b_bld090_ovl.bmp.ctxr,w01a_fl02b_bld090_ovl.bmp,ctxr,175168,7d95da7460cdd6f293e4b41006240c56aa52cdbd
textures/flatlist/ovr_stm/_win/w01a_fl02c_bld090_ovl.bmp.ctxr,textures/flatlist/ovr_stm/_win,w01a_fl02c_bld090_ovl.bmp.ctxr,w01a_fl02c_bld090_ovl.bmp,ctxr,175168,a85ee2a9208df0ba5e4a184bd9ecb90e0a50e438
textures/flatlist/ovr_stm/_win/w01a_fl02d_bld090_ovl.bmp.ctxr,textures/flatlist/ovr_stm/_win,w01a_fl02d_bld090_ovl.bmp.ctxr,w01a_fl02d_bld090_ovl.bmp,ctxr,87744,99e176f3794519a96ad62a91f685c6e75c9d9962
textures/flatlist/ovr_stm/_win/w01a_fl02e_bld090_ovl.bmp.ctxr,textures/flatlist/ovr_stm/_win,w01a_fl02e_bld090_ovl.bmp.ctxr,w01a_fl02e_bld090_ovl.bmp,ctxr,87776,47a37a9a3e18741f4b8f6cd68c99e5e0522aa3e7
textures/flatlist/ovr_stm/_win/w01a_stp00b.bmp.ctxr,textures/flatlist/ovr_stm/_win,w01a_stp00b.bmp.ctxr,w01a_stp00b.bmp,ctxr,5760,4fbbf542cecc37373a77e04c3a932d4e29930b89
textures/flatlist/ovr_stm/_win/w01a_w16b.bmp.ctxr,textures/flatlist/ovr_stm/_win,w01a_w16b.bmp.ctxr,w01a_w16b.bmp,ctxr,175168,22d574fb2e7cced22acf1ed7187204af6b36abb1
textures/flatlist/ovr_stm/_win/w01b0_wa05d.bmp.ctxr,textures/flatlist/ovr_stm/_win,w01b0_wa05d.bmp.ctxr,w01b0_wa05d.bmp,ctxr,87776,bb47830bd5b27c5af6dbea721dccbbfe8e9a2f80
textures/flatlist/ovr_stm/_win/w01b_flb00_bld080_ovl.bmp.ctxr,textures/flatlist/ovr_stm/_win,w01b_flb00_bld080_ovl.bmp.ctxr,w01b_flb00_bld080_ovl.bmp,ctxr,699488,40c9bcdfb7e367c95a0d0aefaf3d48cb3cc59e2d
textures/flatlist/ovr_stm/_win/w01b_flc00.bmp.ctxr,textures/flatlist/ovr_stm/_win,w01b_flc00.bmp.ctxr,w01b_flc00.bmp,ctxr,175168,284aa7825bc62bd55199bbbf527c1259208f3f22
textures/flatlist/ovr_stm/_win/w01b_flc00b.bmp.ctxr,textures/flatlist/ovr_stm/_win,w01b_flc00b.bmp.ctxr,w01b_flc00b.bmp,ctxr,11296,d064fd770293298811db8f6c54f6cbea2bce7b77
textures/flatlist/ovr_stm/_win/w01b_flc00c.bmp.ctxr,textures/flatlist/ovr_stm/_win,w01b_flc00c.bmp.ctxr,w01b_flc00c.bmp,ctxr,44064,f6124b5d316ba0cf7afe54385eb83cfcec6393d5
textures/flatlist/ovr_stm/_win/w01b_flc00d.bmp.ctxr,textures/flatlist/ovr_stm/_win,w01b_flc00d.bmp.ctxr,w01b_flc00d.bmp,ctxr,44064,e5089c6ac32e8d8a2ab0581302ffe64146a96a1e
textures/flatlist/ovr_stm/_win/w01b_rfa00.bmp.ctxr,textures/flatlist/ovr_stm/_win,w01b_rfa00.bmp.ctxr,w01b_rfa00.bmp,ctxr,44064,b7deaf41671a0af7b9f07bb93ffea0526f14a55c
textures/flatlist/ovr_stm/_win/w01b_rfa00a.bmp.ctxr,textures/flatlist/ovr_stm/_win,w01b_rfa00a.bmp.ctxr,w01b_rfa00a.bmp,ctxr,44064,47c6c0ac164d26ffa98368dcfdc2c36b6e7fb2db
textures/flatlist/ovr_stm/_win/w01b_rfa02a.bmp.ctxr,textures/flatlist/ovr_stm/_win,w01b_rfa02a.bmp.ctxr,w01b_rfa02a.bmp,ctxr,87744,7adcc174c555b4313d7a28d942558ccd16acbd8d
textures/flatlist/ovr_stm/_win/w01b_rfa04a.bmp.ctxr,textures/flatlist/ovr_stm/_win,w01b_rfa04a.bmp.ctxr,w01b_rfa04a.bmp,ctxr,22208,4949b9bd5036a0adc35f26e8ec4e93cd95e922ab
textures/flatlist/ovr_stm/_win/w01b_wa05e.bmp.ctxr,textures/flatlist/ovr_stm/_win,w01b_wa05e.bmp.ctxr,w01b_wa05e.bmp,ctxr,22208,7c6518a1862fef9e8550e5efab8b74fa28c93d3f
textures/flatlist/ovr_stm/_win/w01b_wa06a_bld080_ovl.bmp.ctxr,textures/flatlist/ovr_stm/_win,w01b_wa06a_bld080_ovl.bmp.ctxr,w01b_wa06a_bld080_ovl.bmp,ctxr,87776,f023bdb578d4120083cebe121f7f0b747c4cc6d9
textures/flatlist/ovr_stm/_win/w01b_wa06b_bld080_ovl.bmp.ctxr,textures/flatlist/ovr_stm/_win,w01b_wa06b_bld080_ovl.bmp.ctxr,w01b_wa06b_bld080_ovl.bmp,ctxr,87776,60770c501fc82e28d8d75fb5d0d7418def4a090e
textures/flatlist/ovr_stm/_win/w01b_wa06_bld080_ovl.bmp.ctxr,textures/flatlist/ovr_stm/_win,w01b_wa06_bld080_ovl.bmp.ctxr,w01b_wa06_bld080_ovl.bmp,ctxr,87776,059a3c7a6ebb7fdae37684af51fc86a57fd1fddb
textures/flatlist/ovr_stm/_win/w01b_wb00a.bmp.ctxr,textures/flatlist/ovr_stm/_win,w01b_wb00a.bmp.ctxr,w01b_wb00a.bmp,ctxr,87776,cc3653ecf151f2362f8bb1728a19938541d55016
textures/flatlist/ovr_stm/_win/w01b_wb00b.bmp.ctxr,textures/flatlist/ovr_stm/_win,w01b_wb00b.bmp.ctxr,w01b_wb00b.bmp,ctxr,87776,3f47201a444859d5f34d548c80d00a719ae81dc2
textures/flatlist/ovr_stm/_win/w01b_wb03.bmp_6ef77a2ce547246938dd483099ada51f.ctxr,textures/flatlist/ovr_stm/_win,w01b_wb03.bmp_6ef77a2ce547246938dd483099ada51f.ctxr,w01b_wb03.bmp_6ef77a2ce547246938dd483099ada51f,ctxr,22176,7d70ab9c7f569d06dab0a195da9326c3eaae7273
textures/flatlist/ovr_stm/_win/w01b_wc00j.bmp.ctxr,textures/flatlist/ovr_stm/_win,w01b_wc00j.bmp.ctxr,w01b_wc00j.bmp,ctxr,22176,59e0afe86f6b5239131cd60b0c9d6dee518b444a
textures/flatlist/ovr_stm/_win/w01b_wc00k.bmp.ctxr,textures/flatlist/ovr_stm/_win,w01b_wc00k.bmp.ctxr,w01b_wc00k.bmp,ctxr,22176,eb764d1a4b5601a1ed61f310ccdf715aec580482
textures/flatlist/ovr_stm/_win/w01b_wc01a.bmp.ctxr,textures/flatlist/ovr_stm/_win,w01b_wc01a.bmp.ctxr,w01b_wc01a.bmp,ctxr,44064,837eff1f5cba8afa71bbc4665c7313517b7e2105
textures/flatlist/ovr_stm/_win/w01b_wc01b.bmp.ctxr,textures/flatlist/ovr_stm/_win,w01b_wc01b.bmp.ctxr,w01b_wc01b.bmp,ctxr,22176,94b5fb1d8f7a95dc5ec26b39e8b885c365ed4d3d
textures/flatlist/ovr_stm/_win/w01b_wc05a.bmp.ctxr,textures/flatlist/ovr_stm/_win,w01b_wc05a.bmp.ctxr,w01b_wc05a.bmp,ctxr,44064,7fc51772991d9c47808d2ee6eeab8d4b72e57d21
textures/flatlist/ovr_stm/_win/w01b_wc05b.bmp.ctxr,textures/flatlist/ovr_stm/_win,w01b_wc05b.bmp.ctxr,w01b_wc05b.bmp,ctxr,22176,3048c3a0629ae06ed4e25fc42a07f4e9674478bd
textures/flatlist/ovr_stm/_win/w01b_wc07.bmp.ctxr,textures/flatlist/ovr_stm/_win,w01b_wc07.bmp.ctxr,w01b_wc07.bmp,ctxr,175168,7e882d2e919a10c2743299f97aab9de6246a1cf3
textures/flatlist/ovr_stm/_win/w01b_wc11a.bmp.ctxr,textures/flatlist/ovr_stm/_win,w01b_wc11a.bmp.ctxr,w01b_wc11a.bmp,ctxr,44064,31ff3cdf3bd47296d18be248e4d6808540ce9888
textures/flatlist/ovr_stm/_win/w01b_wc11b.bmp.ctxr,textures/flatlist/ovr_stm/_win,w01b_wc11b.bmp.ctxr,w01b_wc11b.bmp,ctxr,22176,1bc627a530b8a462d252bc542b9484d5efbe4b90
textures/flatlist/ovr_stm/_win/w01b_wc12a.bmp.ctxr,textures/flatlist/ovr_stm/_win,w01b_wc12a.bmp.ctxr,w01b_wc12a.bmp,ctxr,44064,0e26a365da510a640640d9ccb613d26fecc52380
textures/flatlist/ovr_stm/_win/w01b_wc12b.bmp.ctxr,textures/flatlist/ovr_stm/_win,w01b_wc12b.bmp.ctxr,w01b_wc12b.bmp,ctxr,22176,1b7ac848251e47b2c9be9e269289e88bff9f831e
textures/flatlist/ovr_stm/_win/w01b_wc13a.bmp.ctxr,textures/flatlist/ovr_stm/_win,w01b_wc13a.bmp.ctxr,w01b_wc13a.bmp,ctxr,44064,a640bb4bdc60961391dc4337514a3a691e5a6ad3
textures/flatlist/ovr_stm/_win/w01b_wlp03_bld075_ovl.bmp.ctxr,textures/flatlist/ovr_stm/_win,w01b_wlp03_bld075_ovl.bmp.ctxr,w01b_wlp03_bld075_ovl.bmp,ctxr,22176,3f93f37542bc3a3c23424affe5b81ffed122aa8a
textures/flatlist/ovr_stm/_win/w01c_ami_alp_ovl.bmp.ctxr,textures/flatlist/ovr_stm/_win,w01c_ami_alp_ovl.bmp.ctxr,w01c_ami_alp_ovl.bmp,ctxr,11264,57c533872e941a3fca4610bc5a91ab512beafeae
textures/flatlist/ovr_stm/_win/w01c_ana00.bmp.ctxr,textures/flatlist/ovr_stm/_win,w01c_ana00.bmp.ctxr,w01c_ana00.bmp,ctxr,175168,d123a968d2c2272d993ae4eb64382e38bc2fee37
textures/flatlist/ovr_stm/_win/w01c_box00.bmp.ctxr,textures/flatlist/ovr_stm/_win,w01c_box00.bmp.ctxr,w01c_box00.bmp,ctxr,44064,2d934a2ec9cf315827ee0f04d9905c2f824d74ac
textures/flatlist/ovr_stm/_win/w01c_box00a.bmp.ctxr,textures/flatlist/ovr_stm/_win,w01c_box00a.bmp.ctxr,w01c_box00a.bmp,ctxr,5792,fdaa32b38bb99818f5827518160665d723c2c48e
textures/flatlist/ovr_stm/_win/w01c_box00b.bmp.ctxr,textures/flatlist/ovr_stm/_win,w01c_box00b.bmp.ctxr,w01c_box00b.bmp,ctxr,11296,954f0ef841bad628add298bc8aef1a8cb439bd8e
textures/flatlist/ovr_stm/_win/w01c_ent01d.bmp.ctxr,textures/flatlist/ovr_stm/_win,w01c_ent01d.bmp.ctxr,w01c_ent01d.bmp,ctxr,22240,729149982d1283aba415e0df325c163fb043213a
textures/flatlist/ovr_stm/_win/w01c_flp00_bld095_ovl.bmp.ctxr,textures/flatlist/ovr_stm/_win,w01c_flp00_bld095_ovl.bmp.ctxr,w01c_flp00_bld095_ovl.bmp,ctxr,22208,758dffe45c15ec9296955e32f899307cb9f551cc
textures/flatlist/ovr_stm/_win/w01c_pnl00.bmp.ctxr,textures/flatlist/ovr_stm/_win,w01c_pnl00.bmp.ctxr,w01c_pnl00.bmp,ctxr,44064,1d1fb15edf57fd5eab3646c23a298678d9d62c21
textures/flatlist/ovr_stm/_win/w01c_pp01.bmp.ctxr,textures/flatlist/ovr_stm/_win,w01c_pp01.bmp.ctxr,w01c_pp01.bmp,ctxr,44064,1206c86bd2039dc4acda7fe695a02a011a12aa3f
textures/flatlist/ovr_stm/_win/w01c_pp01a.bmp.ctxr,textures/flatlist/ovr_stm/_win,w01c_pp01a.bmp.ctxr,w01c_pp01a.bmp,ctxr,44064,9f78a598e1204f4f8da4e06a3d6e2a1bcffac1c8
textures/flatlist/ovr_stm/_win/w01c_pp02.bmp.ctxr,textures/flatlist/ovr_stm/_win,w01c_pp02.bmp.ctxr,w01c_pp02.bmp,ctxr,44064,2e2d5bd5664ace00831f7c66895ff588727373ee
textures/flatlist/ovr_stm/_win/w01c_rf01.bmp.ctxr,textures/flatlist/ovr_stm/_win,w01c_rf01.bmp.ctxr,w01c_rf01.bmp,ctxr,44064,f7987d093486b835695bdf27b3f85d814efde27f
textures/flatlist/ovr_stm/_win/w01c_rf01a.bmp.ctxr,textures/flatlist/ovr_stm/_win,w01c_rf01a.bmp.ctxr,w01c_rf01a.bmp,ctxr,44064,10c75bc15224ff1632dc8bdb6ede5ebd36ba5b0d
textures/flatlist/ovr_stm/_win/w01c_rfb00.bmp.ctxr,textures/flatlist/ovr_stm/_win,w01c_rfb00.bmp.ctxr,w01c_rfb00.bmp,ctxr,22176,a47724a298dc2b0f988c2748bb5e273a06ebf8dd
textures/flatlist/ovr_stm/_win/w01c_rfb04.bmp.ctxr,textures/flatlist/ovr_stm/_win,w01c_rfb04.bmp.ctxr,w01c_rfb04.bmp,ctxr,175168,bfab64a087c9b57994306962515720cfbd0ea9f0
textures/flatlist/ovr_stm/_win/w01c_rfc00.bmp.ctxr,textures/flatlist/ovr_stm/_win,w01c_rfc00.bmp.ctxr,w01c_rfc00.bmp,ctxr,175168,5e0a72c33dc8bd7e9c9565fbe1f3a38fd7acd896
textures/flatlist/ovr_stm/_win/w01c_wa04.bmp.ctxr,textures/flatlist/ovr_stm/_win,w01c_wa04.bmp.ctxr,w01c_wa04.bmp,ctxr,44064,bae0f1969414b3757aa5b12aa362222a6187e676
textures/flatlist/ovr_stm/_win/w01c_wb02.bmp.ctxr,textures/flatlist/ovr_stm/_win,w01c_wb02.bmp.ctxr,w01c_wb02.bmp,ctxr,44064,75e8cdd74598291a93e394a0a7b7db1aa0ac7b16
textures/flatlist/ovr_stm/_win/w01c_wb02a.bmp.ctxr,textures/flatlist/ovr_stm/_win,w01c_wb02a.bmp.ctxr,w01c_wb02a.bmp,ctxr,44064,0534949ab02aac11b117d3e7462b6605e8303f03
textures/flatlist/ovr_stm/_win/w01c_wb03a.bmp.ctxr,textures/flatlist/ovr_stm/_win,w01c_wb03a.bmp.ctxr,w01c_wb03a.bmp,ctxr,175168,3731c9b7853405543e6f42c30a87d43b28ce59f0
textures/flatlist/ovr_stm/_win/w01c_wb03e.bmp.ctxr,textures/flatlist/ovr_stm/_win,w01c_wb03e.bmp.ctxr,w01c_wb03e.bmp,ctxr,175168,ee84ab54b746ce5df49a7ec8e1d2b064db9fad72
textures/flatlist/ovr_stm/_win/w01c_wb03e2.bmp.ctxr,textures/flatlist/ovr_stm/_win,w01c_wb03e2.bmp.ctxr,w01c_wb03e2.bmp,ctxr,87744,d195cc8438f9c00dc541f0d07c6fe5ef28ba658f
textures/flatlist/ovr_stm/_win/w01c_wlp01a.bmp.ctxr,textures/flatlist/ovr_stm/_win,w01c_wlp01a.bmp.ctxr,w01c_wlp01a.bmp,ctxr,11296,ee74d474f698bf97e37f943d3acfc6f04ad1386f
textures/flatlist/ovr_stm/_win/w01d1_dr00.bmp.ctxr,textures/flatlist/ovr_stm/_win,w01d1_dr00.bmp.ctxr,w01d1_dr00.bmp,ctxr,87744,c92931c487002a3e2ef99130d1ef8fff63e9d7ee
textures/flatlist/ovr_stm/_win/w01d1_flc00a.bmp.ctxr,textures/flatlist/ovr_stm/_win,w01d1_flc00a.bmp.ctxr,w01d1_flc00a.bmp,ctxr,87744,6a36067088044243d573320644992181d8668137
textures/flatlist/ovr_stm/_win/w01d1_flc00b.bmp.ctxr,textures/flatlist/ovr_stm/_win,w01d1_flc00b.bmp.ctxr,w01d1_flc00b.bmp,ctxr,87776,673949a992173d5b6705a15b786293d8830569f6
textures/flatlist/ovr_stm/_win/w01d1_rfb00.bmp.ctxr,textures/flatlist/ovr_stm/_win,w01d1_rfb00.bmp.ctxr,w01d1_rfb00.bmp,ctxr,87744,8f54be05354ea8123a6a991e76b33ec28d2d44cc
textures/flatlist/ovr_stm/_win/w01d1_rfb01.bmp.ctxr,textures/flatlist/ovr_stm/_win,w01d1_rfb01.bmp.ctxr,w01d1_rfb01.bmp,ctxr,44064,79301fa27e943d4e91707feae3aac8e8148b0b6b
textures/flatlist/ovr_stm/_win/w01d1_wb00.bmp.ctxr,textures/flatlist/ovr_stm/_win,w01d1_wb00.bmp.ctxr,w01d1_wb00.bmp,ctxr,175168,318276d6c955492d236f1c692046c0c857170880
textures/flatlist/ovr_stm/_win/w01d1_wb00b.bmp.ctxr,textures/flatlist/ovr_stm/_win,w01d1_wb00b.bmp.ctxr,w01d1_wb00b.bmp,ctxr,87776,8bb867c6c43907770212859547fa5917e3969c8b
textures/flatlist/ovr_stm/_win/w01d_soko_flour_new.bmp.ctxr,textures/flatlist/ovr_stm/_win,w01d_soko_flour_new.bmp.ctxr,w01d_soko_flour_new.bmp,ctxr,699488,ba2eb69bd676c043ce3fd3bfe834066706136a64
textures/flatlist/ovr_stm/_win/w01e_com01_b.bmp.ctxr,textures/flatlist/ovr_stm/_win,w01e_com01_b.bmp.ctxr,w01e_com01_b.bmp,ctxr,44064,3a811bf4e77d15e3d20250c3f81bcd7ef5099a3c
textures/flatlist/ovr_stm/_win/w01e_com01_s.bmp.ctxr,textures/flatlist/ovr_stm/_win,w01e_com01_s.bmp.ctxr,w01e_com01_s.bmp,ctxr,22208,f5d00f1f458c1123220b26aaed58eac638345e6d
textures/flatlist/ovr_stm/_win/w01e_com02_f.bmp.ctxr,textures/flatlist/ovr_stm/_win,w01e_com02_f.bmp.ctxr,w01e_com02_f.bmp,ctxr,44064,84fcfb97968aca334bf9f137938a93c20950c351
textures/flatlist/ovr_stm/_win/w01e_com02_t.bmp_8ba0dcecf451a0857ea0e90f903b3946.ctxr,textures/flatlist/ovr_stm/_win,w01e_com02_t.bmp_8ba0dcecf451a0857ea0e90f903b3946.ctxr,w01e_com02_t.bmp_8ba0dcecf451a0857ea0e90f903b3946,ctxr,87776,1ab4bc32c6a46c5133ede01ad719e17111502421
textures/flatlist/ovr_stm/_win/w01e_com03_s.bmp.ctxr,textures/flatlist/ovr_stm/_win,w01e_com03_s.bmp.ctxr,w01e_com03_s.bmp,ctxr,22208,c8f9fe2a6cb59b2038f2b893c51be54b0abfb02e
textures/flatlist/ovr_stm/_win/w01e_com04_f.bmp.ctxr,textures/flatlist/ovr_stm/_win,w01e_com04_f.bmp.ctxr,w01e_com04_f.bmp,ctxr,87776,e460c9f774ea7efdd5821416792160092a3135a7
textures/flatlist/ovr_stm/_win/w01e_comp3_blkplate.bmp.ctxr,textures/flatlist/ovr_stm/_win,w01e_comp3_blkplate.bmp.ctxr,w01e_comp3_blkplate.bmp,ctxr,22208,d681f6b9af246c0132d3926f3a78a96318941bfb
textures/flatlist/ovr_stm/_win/w01e_comp3_f.bmp.ctxr,textures/flatlist/ovr_stm/_win,w01e_comp3_f.bmp.ctxr,w01e_comp3_f.bmp,ctxr,44064,f381d0da1517931faf73dd8856f6b3486ccdd3c6
textures/flatlist/ovr_stm/_win/w01e_comp3_s.bmp.ctxr,textures/flatlist/ovr_stm/_win,w01e_comp3_s.bmp.ctxr,w01e_comp3_s.bmp,ctxr,22208,d7fc4edf2cd37b3f5d78d1e16a9f558b09014ba0
textures/flatlist/ovr_stm/_win/w01e_deck_t2_alp_ovl.bmp.ctxr,textures/flatlist/ovr_stm/_win,w01e_deck_t2_alp_ovl.bmp.ctxr,w01e_deck_t2_alp_ovl.bmp,ctxr,44064,3951bab9a9e7b336472a95e3e434efa1fd84d6f7
textures/flatlist/ovr_stm/_win/w01e_drwl_b.bmp.ctxr,textures/flatlist/ovr_stm/_win,w01e_drwl_b.bmp.ctxr,w01e_drwl_b.bmp,ctxr,87744,39b0ced9a0cc5adc738de86c32ad0248e2d012f2
textures/flatlist/ovr_stm/_win/w01e_floor1_alp_ovl.bmp.ctxr,textures/flatlist/ovr_stm/_win,w01e_floor1_alp_ovl.bmp.ctxr,w01e_floor1_alp_ovl.bmp,ctxr,87744,7642d381b14ffa4eb9ffbad475b5fec35a891c2f
textures/flatlist/ovr_stm/_win/w01e_floor2_alp_ovl.bmp.ctxr,textures/flatlist/ovr_stm/_win,w01e_floor2_alp_ovl.bmp.ctxr,w01e_floor2_alp_ovl.bmp,ctxr,44064,a2e22f3e5955a44c64cf83aa26add5103c5cb34f
textures/flatlist/ovr_stm/_win/w01e_meter01.bmp.ctxr,textures/flatlist/ovr_stm/_win,w01e_meter01.bmp.ctxr,w01e_meter01.bmp,ctxr,22208,abdc3b4389e658635f7533af10355818fec7d457
textures/flatlist/ovr_stm/_win/w01e_panel02.bmp.ctxr,textures/flatlist/ovr_stm/_win,w01e_panel02.bmp.ctxr,w01e_panel02.bmp,ctxr,11264,5287b4f389cba0121139e0f63da4abafef3ab084
textures/flatlist/ovr_stm/_win/w01e_panel2_bld80_ovl.bmp.ctxr,textures/flatlist/ovr_stm/_win,w01e_panel2_bld80_ovl.bmp.ctxr,w01e_panel2_bld80_ovl.bmp,ctxr,349920,837ce207caa4e74926ebd29e8904f88f80a8fc26
textures/flatlist/ovr_stm/_win/w01e_panel_bld80_ovl.bmp.ctxr,textures/flatlist/ovr_stm/_win,w01e_panel_bld80_ovl.bmp.ctxr,w01e_panel_bld80_ovl.bmp,ctxr,44064,959cc33509c446c6f37ecc2f276d996e0fe23bed
textures/flatlist/ovr_stm/_win/w01e_rf01_bld80_ovl.bmp_86291923fbc81da8d810fe8a4f98600d.ctxr,textures/flatlist/ovr_stm/_win,w01e_rf01_bld80_ovl.bmp_86291923fbc81da8d810fe8a4f98600d.ctxr,w01e_rf01_bld80_ovl.bmp_86291923fbc81da8d810fe8a4f98600d,ctxr,87744,d46b42feefa17a8b3357dd0c4dc7d03e6c5bc9d7
textures/flatlist/ovr_stm/_win/w01e_rf_obj01.bmp_8aa481574227a8f769b24d7af4556fb5.ctxr,textures/flatlist/ovr_stm/_win,w01e_rf_obj01.bmp_8aa481574227a8f769b24d7af4556fb5.ctxr,w01e_rf_obj01.bmp_8aa481574227a8f769b24d7af4556fb5,ctxr,22176,9270cd371a99318cd1de9380be50a73bc8ac482d
textures/flatlist/ovr_stm/_win/w01e_rouka_rf.bmp.ctxr,textures/flatlist/ovr_stm/_win,w01e_rouka_rf.bmp.ctxr,w01e_rouka_rf.bmp,ctxr,22176,f7dfbbc249a353953dc3bb245d19fd79d2d9cc75
textures/flatlist/ovr_stm/_win/w01e_rouka_rf_fade.bmp.ctxr,textures/flatlist/ovr_stm/_win,w01e_rouka_rf_fade.bmp.ctxr,w01e_rouka_rf_fade.bmp,ctxr,22176,cd78fa98fd3478e394a215133a1bd618c4138c13
textures/flatlist/ovr_stm/_win/w01e_rouka_wall1.bmp.ctxr,textures/flatlist/ovr_stm/_win,w01e_rouka_wall1.bmp.ctxr,w01e_rouka_wall1.bmp,ctxr,175168,b2169f093e9e129bdfb2a9b876d79faf425b75e1
textures/flatlist/ovr_stm/_win/w01e_rouka_wall2_fade.bmp.ctxr,textures/flatlist/ovr_stm/_win,w01e_rouka_wall2_fade.bmp.ctxr,w01e_rouka_wall2_fade.bmp,ctxr,699488,7ca0f911eff3fb3b09abc96ef0beeb9b2e13d09f
textures/flatlist/ovr_stm/_win/w01e_speaker01.bmp.ctxr,textures/flatlist/ovr_stm/_win,w01e_speaker01.bmp.ctxr,w01e_speaker01.bmp,ctxr,11264,348f37fdab703d426ad3ae33070c5bc8a07f4967
textures/flatlist/ovr_stm/_win/w01e_tsr00.bmp.ctxr,textures/flatlist/ovr_stm/_win,w01e_tsr00.bmp.ctxr,w01e_tsr00.bmp,ctxr,11296,2fbf783b1f06d099076d5e7602c23ef954762b2a
textures/flatlist/ovr_stm/_win/w01e_tsr01.bmp.ctxr,textures/flatlist/ovr_stm/_win,w01e_tsr01.bmp.ctxr,w01e_tsr01.bmp,ctxr,960,02d77e15213aa6e635ce09df9bda9ae8efd001c1
textures/flatlist/ovr_stm/_win/w01e_wall01.bmp.ctxr,textures/flatlist/ovr_stm/_win,w01e_wall01.bmp.ctxr,w01e_wall01.bmp,ctxr,87776,262817263be03ff619e129e696053d26235591cc
textures/flatlist/ovr_stm/_win/w01e_wall02.bmp.ctxr,textures/flatlist/ovr_stm/_win,w01e_wall02.bmp.ctxr,w01e_wall02.bmp,ctxr,175168,44dfe7ebe43bfe79664069164330498ff6f33d26
textures/flatlist/ovr_stm/_win/w01e_wndflame01.bmp.ctxr,textures/flatlist/ovr_stm/_win,w01e_wndflame01.bmp.ctxr,w01e_wndflame01.bmp,ctxr,22208,5b705fa5daa51d1ed66d8e660393d585ea43d012
textures/flatlist/ovr_stm/_win/w01e_wndwall01.bmp.ctxr,textures/flatlist/ovr_stm/_win,w01e_wndwall01.bmp.ctxr,w01e_wndwall01.bmp,ctxr,44064,646ff7af4b2456dcde8bb995d9d3c6e58caa5ef6
textures/flatlist/ovr_stm/_win/w01e_wndwall02.bmp.ctxr,textures/flatlist/ovr_stm/_win,w01e_wndwall02.bmp.ctxr,w01e_wndwall02.bmp,ctxr,44064,3c2b17abd510375134d5553801f71f819486590c
textures/flatlist/ovr_stm/_win/w01f_bark03.bmp.ctxr,textures/flatlist/ovr_stm/_win,w01f_bark03.bmp.ctxr,w01f_bark03.bmp,ctxr,44064,d266111310d40e6092431e20bccd193d861e3d33
textures/flatlist/ovr_stm/_win/w01f_barw03b.bmp.ctxr,textures/flatlist/ovr_stm/_win,w01f_barw03b.bmp.ctxr,w01f_barw03b.bmp,ctxr,44064,2309a1c7261159ccf21f4ed1258435ed18817097
textures/flatlist/ovr_stm/_win/w01f_bk07.bmp.ctxr,textures/flatlist/ovr_stm/_win,w01f_bk07.bmp.ctxr,w01f_bk07.bmp,ctxr,22176,aedf1f55ee7b66f31fb8498aa8f7af6f35afe903
textures/flatlist/ovr_stm/_win/w01f_menu.bmp.ctxr,textures/flatlist/ovr_stm/_win,w01f_menu.bmp.ctxr,w01f_menu.bmp,ctxr,22176,0b5fcf9bee57fc2fa9fe6c14619b83e07a3ee87e
textures/flatlist/ovr_stm/_win/w01f_pos00.bmp.ctxr,textures/flatlist/ovr_stm/_win,w01f_pos00.bmp.ctxr,w01f_pos00.bmp,ctxr,175168,ee01fa163993b3771cca51ff9ac161e92e1de086
textures/flatlist/ovr_stm/_win/w01f_tvtb02.bmp.ctxr,textures/flatlist/ovr_stm/_win,w01f_tvtb02.bmp.ctxr,w01f_tvtb02.bmp,ctxr,44064,427a74670e50daff0dafa478c6886d10071b6c6a
textures/flatlist/ovr_stm/_win/w01_dr00.bmp.ctxr,textures/flatlist/ovr_stm/_win,w01_dr00.bmp.ctxr,w01_dr00.bmp,ctxr,87744,001824dc2d9da093d61f5a5052005ba7bba46a16
textures/flatlist/ovr_stm/_win/w01_dr01.bmp.ctxr,textures/flatlist/ovr_stm/_win,w01_dr01.bmp.ctxr,w01_dr01.bmp,ctxr,87744,6a6a490f9abfdfc5c61dab767915fd642eb59b3c
textures/flatlist/ovr_stm/_win/w01_dr01u.bmp.ctxr,textures/flatlist/ovr_stm/_win,w01_dr01u.bmp.ctxr,w01_dr01u.bmp,ctxr,87744,f5a1c11493800d5543d9226f6eaad491609f7b4a
textures/flatlist/ovr_stm/_win/w02a_door.bmp.ctxr,textures/flatlist/ovr_stm/_win,w02a_door.bmp.ctxr,w02a_door.bmp,ctxr,175168,145679c5918390c54e705477a792f43881247efb
textures/flatlist/ovr_stm/_win/w02a_suimitu_dr.bmp.ctxr,textures/flatlist/ovr_stm/_win,w02a_suimitu_dr.bmp.ctxr,w02a_suimitu_dr.bmp,ctxr,87744,71d481fa3c4775cc3cd617fd3923ee03ed7bc8a2
textures/flatlist/ovr_stm/_win/w02_1f_hashira_01.bmp.ctxr,textures/flatlist/ovr_stm/_win,w02_1f_hashira_01.bmp.ctxr,w02_1f_hashira_01.bmp,ctxr,11296,fed4edba546eb15922fb7484fe575a2b4770a7e2
textures/flatlist/ovr_stm/_win/w02_1f_hashira_02.bmp.ctxr,textures/flatlist/ovr_stm/_win,w02_1f_hashira_02.bmp.ctxr,w02_1f_hashira_02.bmp,ctxr,11264,e03f3864bfa920ba79c56cea0cdeab0fe7245269
textures/flatlist/ovr_stm/_win/w02_box_1.bmp.ctxr,textures/flatlist/ovr_stm/_win,w02_box_1.bmp.ctxr,w02_box_1.bmp,ctxr,87744,a21d085f2c9bf97fa8a4b766732d8d7d47914a42
textures/flatlist/ovr_stm/_win/w02_box_2.bmp.ctxr,textures/flatlist/ovr_stm/_win,w02_box_2.bmp.ctxr,w02_box_2.bmp,ctxr,44064,7d073c79f0974c8991c5fb14161e951a67defb31
textures/flatlist/ovr_stm/_win/w02_box_3.bmp.ctxr,textures/flatlist/ovr_stm/_win,w02_box_3.bmp.ctxr,w02_box_3.bmp,ctxr,22176,260daff0f595e964ce8eb33ff26e9bcaa24677d9
textures/flatlist/ovr_stm/_win/w02_box_new.bmp.ctxr,textures/flatlist/ovr_stm/_win,w02_box_new.bmp.ctxr,w02_box_new.bmp,ctxr,87744,155d53366559ee951c787c1705ec3d4ba7f16e08
textures/flatlist/ovr_stm/_win/w02_box_new_up.bmp.ctxr,textures/flatlist/ovr_stm/_win,w02_box_new_up.bmp.ctxr,w02_box_new_up.bmp,ctxr,87744,39fd2bce2e3f9b8c14fa874be68ad4f30d052c3a
textures/flatlist/ovr_stm/_win/w02_eng_big.bmp.ctxr,textures/flatlist/ovr_stm/_win,w02_eng_big.bmp.ctxr,w02_eng_big.bmp,ctxr,175168,48c76b93cfeb3cf48b6e2f09788c7686ec988230
textures/flatlist/ovr_stm/_win/w02_eng_prg_base.bmp.ctxr,textures/flatlist/ovr_stm/_win,w02_eng_prg_base.bmp.ctxr,w02_eng_prg_base.bmp,ctxr,87744,ee4807e024a5140743c7ece411f48f7f7e578ceb
textures/flatlist/ovr_stm/_win/w02_eng_prg_base5.bmp.ctxr,textures/flatlist/ovr_stm/_win,w02_eng_prg_base5.bmp.ctxr,w02_eng_prg_base5.bmp,ctxr,87744,8d4974ef0818663cf7c3734bf18aba1c282aa7b0
textures/flatlist/ovr_stm/_win/w02_eng_prg_base6.bmp.ctxr,textures/flatlist/ovr_stm/_win,w02_eng_prg_base6.bmp.ctxr,w02_eng_prg_base6.bmp,ctxr,175168,6e569e29812d23b19d967a0e98efb969fd956182
textures/flatlist/ovr_stm/_win/w02_eng_prg_body.bmp.ctxr,textures/flatlist/ovr_stm/_win,w02_eng_prg_body.bmp.ctxr,w02_eng_prg_body.bmp,ctxr,175168,6e40884fad543a5b28914d06c512fbb02f630eee
textures/flatlist/ovr_stm/_win/w02_eng_prg_head_side.bmp.ctxr,textures/flatlist/ovr_stm/_win,w02_eng_prg_head_side.bmp.ctxr,w02_eng_prg_head_side.bmp,ctxr,22176,e3f9a47f73205caf3833f38eae754dce5ac52a4c
textures/flatlist/ovr_stm/_win/w02_eng_prg_pipe1.bmp.ctxr,textures/flatlist/ovr_stm/_win,w02_eng_prg_pipe1.bmp.ctxr,w02_eng_prg_pipe1.bmp,ctxr,11328,dd651927afaca0cece99c0a9ff4e2fc630d3e602
textures/flatlist/ovr_stm/_win/w02_eng_prg_pipe2.bmp.ctxr,textures/flatlist/ovr_stm/_win,w02_eng_prg_pipe2.bmp.ctxr,w02_eng_prg_pipe2.bmp,ctxr,11296,ecd97e444f3ae35168f7404ff6d03ed1b26d2123
textures/flatlist/ovr_stm/_win/w02_eng_prg_top2.bmp.ctxr,textures/flatlist/ovr_stm/_win,w02_eng_prg_top2.bmp.ctxr,w02_eng_prg_top2.bmp,ctxr,11264,74191d8c7c3680135cdb71244790874bb1324a69
textures/flatlist/ovr_stm/_win/w02_eng_prg_top_side.bmp.ctxr,textures/flatlist/ovr_stm/_win,w02_eng_prg_top_side.bmp.ctxr,w02_eng_prg_top_side.bmp,ctxr,11264,bee5316a21ef48f6c852effd5819e6ffee69d2b2
textures/flatlist/ovr_stm/_win/w02_kabe_4.bmp.ctxr,textures/flatlist/ovr_stm/_win,w02_kabe_4.bmp.ctxr,w02_kabe_4.bmp,ctxr,349920,fd372dc8fae01a3a56bcc6ea783ccabc3253ba03
textures/flatlist/ovr_stm/_win/w02_kabe_big.bmp.ctxr,textures/flatlist/ovr_stm/_win,w02_kabe_big.bmp.ctxr,w02_kabe_big.bmp,ctxr,349920,05d1398c6bbef086256107640221ba2dbbaf9589
textures/flatlist/ovr_stm/_win/w02_kabe_big2.bmp.ctxr,textures/flatlist/ovr_stm/_win,w02_kabe_big2.bmp.ctxr,w02_kabe_big2.bmp,ctxr,349920,d36ee1f4325e088cda345c9936c294a73a800f44
textures/flatlist/ovr_stm/_win/w02_kabe_big4.bmp.ctxr,textures/flatlist/ovr_stm/_win,w02_kabe_big4.bmp.ctxr,w02_kabe_big4.bmp,ctxr,349920,cd7e33cfc83f5af05aff92a45edd17a8216d4bb0
textures/flatlist/ovr_stm/_win/w02_kabe_duct.bmp.ctxr,textures/flatlist/ovr_stm/_win,w02_kabe_duct.bmp.ctxr,w02_kabe_duct.bmp,ctxr,22208,d8a40847f482dfd06f6c7a9cb78437d1bd8b8956
textures/flatlist/ovr_stm/_win/w02_kabe_fire3.bmp.ctxr,textures/flatlist/ovr_stm/_win,w02_kabe_fire3.bmp.ctxr,w02_kabe_fire3.bmp,ctxr,175168,fa190498f33733daaed6368c3e53b8a672bb4abc
textures/flatlist/ovr_stm/_win/w02_kabe_hashira.bmp.ctxr,textures/flatlist/ovr_stm/_win,w02_kabe_hashira.bmp.ctxr,w02_kabe_hashira.bmp,ctxr,175168,10439cda76ebc1ae3dce1181358c755097034593
textures/flatlist/ovr_stm/_win/w02_kabe_light.bmp.ctxr,textures/flatlist/ovr_stm/_win,w02_kabe_light.bmp.ctxr,w02_kabe_light.bmp,ctxr,349920,1a51a36f19b4139c05043ced480520cfa0ff50b8
textures/flatlist/ovr_stm/_win/w02_kabe_light2.bmp.ctxr,textures/flatlist/ovr_stm/_win,w02_kabe_light2.bmp.ctxr,w02_kabe_light2.bmp,ctxr,175168,c96c5b5a60135f45b43fa67b426e8a1015708a26
textures/flatlist/ovr_stm/_win/w02_kabe_light4.bmp.ctxr,textures/flatlist/ovr_stm/_win,w02_kabe_light4.bmp.ctxr,w02_kabe_light4.bmp,ctxr,349920,1ee2ecf06e8f1317bf37a23dbdbf3120b016074c
textures/flatlist/ovr_stm/_win/w02_kabe_light5.bmp.ctxr,textures/flatlist/ovr_stm/_win,w02_kabe_light5.bmp.ctxr,w02_kabe_light5.bmp,ctxr,349920,0b27f43e3c9190df91435e9a7c9ede3a1e0df971
textures/flatlist/ovr_stm/_win/w02_kabe_metal.bmp.ctxr,textures/flatlist/ovr_stm/_win,w02_kabe_metal.bmp.ctxr,w02_kabe_metal.bmp,ctxr,87776,a6c223c42932e1d1811b73430b745a16e69d03bd
textures/flatlist/ovr_stm/_win/w02_kabe_pipe3.bmp.ctxr,textures/flatlist/ovr_stm/_win,w02_kabe_pipe3.bmp.ctxr,w02_kabe_pipe3.bmp,ctxr,87776,96d280626a4bdfde942f4f0933bc79706bd11a0a
textures/flatlist/ovr_stm/_win/w02_kaidan_hashira.bmp.ctxr,textures/flatlist/ovr_stm/_win,w02_kaidan_hashira.bmp.ctxr,w02_kaidan_hashira.bmp,ctxr,3072,f0a550168a682283217ef41be2e297758e4f8fc7
textures/flatlist/ovr_stm/_win/w02_kaidan_side4.bmp.ctxr,textures/flatlist/ovr_stm/_win,w02_kaidan_side4.bmp.ctxr,w02_kaidan_side4.bmp,ctxr,1632,37ced615c36194ab7f11321d64e6b1923593c79d
textures/flatlist/ovr_stm/_win/w02_kaidan_step_top.bmp.ctxr,textures/flatlist/ovr_stm/_win,w02_kaidan_step_top.bmp.ctxr,w02_kaidan_step_top.bmp,ctxr,22176,98a40b66c7efbab8c5f018edeaaed3351a45e3d2
textures/flatlist/ovr_stm/_win/w02_kai_side.bmp.ctxr,textures/flatlist/ovr_stm/_win,w02_kai_side.bmp.ctxr,w02_kai_side.bmp,ctxr,11264,c6b29bd2b8d4b0cd0fbc2fd8f9913a8d87d212a3
textures/flatlist/ovr_stm/_win/w02_obj_box.bmp.ctxr,textures/flatlist/ovr_stm/_win,w02_obj_box.bmp.ctxr,w02_obj_box.bmp,ctxr,87744,1d16eb113cacc43927eef5cfe96193578c2ca7ea
textures/flatlist/ovr_stm/_win/w02_obj_fire.bmp.ctxr,textures/flatlist/ovr_stm/_win,w02_obj_fire.bmp.ctxr,w02_obj_fire.bmp,ctxr,87744,028f1c59305d9a99f972f755fdf6055d05a6b2da
textures/flatlist/ovr_stm/_win/w02_pipe_box.bmp.ctxr,textures/flatlist/ovr_stm/_win,w02_pipe_box.bmp.ctxr,w02_pipe_box.bmp,ctxr,44064,8bd22ea1c74bb5f542d6b2f2dbf45fcaacd2bf75
textures/flatlist/ovr_stm/_win/w02_roof1.bmp.ctxr,textures/flatlist/ovr_stm/_win,w02_roof1.bmp.ctxr,w02_roof1.bmp,ctxr,87744,38596490676d2f236f04d2f67906132bf80d61a7
textures/flatlist/ovr_stm/_win/w02_roof2.bmp.ctxr,textures/flatlist/ovr_stm/_win,w02_roof2.bmp.ctxr,w02_roof2.bmp,ctxr,44064,816b7170d0fac4a61579119da893d6eae76559b2
textures/flatlist/ovr_stm/_win/w02_saku_ita.bmp.ctxr,textures/flatlist/ovr_stm/_win,w02_saku_ita.bmp.ctxr,w02_saku_ita.bmp,ctxr,22208,33f88ed428ca5c7a97ae030193ab93e9924b8567
textures/flatlist/ovr_stm/_win/w02_saku_itas.bmp.ctxr,textures/flatlist/ovr_stm/_win,w02_saku_itas.bmp.ctxr,w02_saku_itas.bmp,ctxr,11264,368f355fa6a580098d5fed96571c749764fb1874
textures/flatlist/ovr_stm/_win/w02_sr_box.bmp.ctxr,textures/flatlist/ovr_stm/_win,w02_sr_box.bmp.ctxr,w02_sr_box.bmp,ctxr,175168,3fa2e192eafee760126866f41215025dd7d3c503
textures/flatlist/ovr_stm/_win/w02_sr_box_com.bmp.ctxr,textures/flatlist/ovr_stm/_win,w02_sr_box_com.bmp.ctxr,w02_sr_box_com.bmp,ctxr,22176,3064aea79775e995b139c247d6bbb07430088642
textures/flatlist/ovr_stm/_win/w02_sr_box_side.bmp.ctxr,textures/flatlist/ovr_stm/_win,w02_sr_box_side.bmp.ctxr,w02_sr_box_side.bmp,ctxr,22176,7db309212fa9e8a6121054461c9571bf0b488dc4
textures/flatlist/ovr_stm/_win/w02_sr_code_top.bmp.ctxr,textures/flatlist/ovr_stm/_win,w02_sr_code_top.bmp.ctxr,w02_sr_code_top.bmp,ctxr,11296,c3e7678396f0301aec36869ec0ed1e638c261307
textures/flatlist/ovr_stm/_win/w02_sr_contena1.bmp.ctxr,textures/flatlist/ovr_stm/_win,w02_sr_contena1.bmp.ctxr,w02_sr_contena1.bmp,ctxr,44064,c5642c38c2c65594eb5672eba18db0213f9bd1e2
textures/flatlist/ovr_stm/_win/w02_sr_contena2.bmp.ctxr,textures/flatlist/ovr_stm/_win,w02_sr_contena2.bmp.ctxr,w02_sr_contena2.bmp,ctxr,44064,8d20096e8338570f4f875debbbb855a3b2803ab3
textures/flatlist/ovr_stm/_win/w02_sr_contena3.bmp.ctxr,textures/flatlist/ovr_stm/_win,w02_sr_contena3.bmp.ctxr,w02_sr_contena3.bmp,ctxr,22176,1b80f8b39556485b675e49668db98001505f8cb5
textures/flatlist/ovr_stm/_win/w02_sr_contena4.bmp.ctxr,textures/flatlist/ovr_stm/_win,w02_sr_contena4.bmp.ctxr,w02_sr_contena4.bmp,ctxr,22176,f34c53daf262800907274fefb7872b953e31fa00
textures/flatlist/ovr_stm/_win/w02_sr_contena5.bmp.ctxr,textures/flatlist/ovr_stm/_win,w02_sr_contena5.bmp.ctxr,w02_sr_contena5.bmp,ctxr,22176,676f2ef9d2afb6c7ab80f3ba6fc7a5bf3807c4a4
textures/flatlist/ovr_stm/_win/w02_sr_door2_full.bmp.ctxr,textures/flatlist/ovr_stm/_win,w02_sr_door2_full.bmp.ctxr,w02_sr_door2_full.bmp,ctxr,175168,bf8537ef0024a00f7c10ec43bdf5f5741a0ca173
textures/flatlist/ovr_stm/_win/w02_sr_door_parts0.bmp_cb699f431ffc5acaf47f2e26b678eccd.ctxr,textures/flatlist/ovr_stm/_win,w02_sr_door_parts0.bmp_cb699f431ffc5acaf47f2e26b678eccd.ctxr,w02_sr_door_parts0.bmp_cb699f431ffc5acaf47f2e26b678eccd,ctxr,87744,c4e58948af1a385d64b1b227f8cf681e2669703d
textures/flatlist/ovr_stm/_win/w02_sr_door_parts1.bmp.ctxr,textures/flatlist/ovr_stm/_win,w02_sr_door_parts1.bmp.ctxr,w02_sr_door_parts1.bmp,ctxr,87776,7f41860e894c2a14bdf39b3b84075415c8c79d60
textures/flatlist/ovr_stm/_win/w02_sr_door_rail.bmp.ctxr,textures/flatlist/ovr_stm/_win,w02_sr_door_rail.bmp.ctxr,w02_sr_door_rail.bmp,ctxr,44096,149c7894f3f9941aa380cfe69ee58cf5cc634a80
textures/flatlist/ovr_stm/_win/w02_sr_fire.bmp.ctxr,textures/flatlist/ovr_stm/_win,w02_sr_fire.bmp.ctxr,w02_sr_fire.bmp,ctxr,22176,8228361e14f85887e398ed0a86d24abcb0687926
textures/flatlist/ovr_stm/_win/w02_sr_kabe.bmp.ctxr,textures/flatlist/ovr_stm/_win,w02_sr_kabe.bmp.ctxr,w02_sr_kabe.bmp,ctxr,699488,518279bfd49dc60932271268d8d45c4e69cfa15d
textures/flatlist/ovr_stm/_win/w02_sr_panel2.bmp.ctxr,textures/flatlist/ovr_stm/_win,w02_sr_panel2.bmp.ctxr,w02_sr_panel2.bmp,ctxr,175168,59df5ca042303cda7a976a602f94e187e972abcc
textures/flatlist/ovr_stm/_win/w02_sr_pnl_b1.bmp.ctxr,textures/flatlist/ovr_stm/_win,w02_sr_pnl_b1.bmp.ctxr,w02_sr_pnl_b1.bmp,ctxr,22176,2f6d2c8e7507e12da820b864b01db24ff5610a9b
textures/flatlist/ovr_stm/_win/w02_sr_roof.bmp.ctxr,textures/flatlist/ovr_stm/_win,w02_sr_roof.bmp.ctxr,w02_sr_roof.bmp,ctxr,87744,990759dfe0fd86eb8a4275d2a90a174915d5a9ea
textures/flatlist/ovr_stm/_win/w02_sr_roof2.bmp.ctxr,textures/flatlist/ovr_stm/_win,w02_sr_roof2.bmp.ctxr,w02_sr_roof2.bmp,ctxr,87744,9a122f26c94157353e7955ededbcb12dc9c8a993
textures/flatlist/ovr_stm/_win/w02_sr_roof3.bmp_d344ae9df9a1fddfbccf5e3b51634b41.ctxr,textures/flatlist/ovr_stm/_win,w02_sr_roof3.bmp_d344ae9df9a1fddfbccf5e3b51634b41.ctxr,w02_sr_roof3.bmp_d344ae9df9a1fddfbccf5e3b51634b41,ctxr,87744,ba2dff9cd2e3e6b474e9ee6ee81fb2bd1cc5118b
textures/flatlist/ovr_stm/_win/w02_sr_yuka.bmp.ctxr,textures/flatlist/ovr_stm/_win,w02_sr_yuka.bmp.ctxr,w02_sr_yuka.bmp,ctxr,699488,9ff40dfdcd4d3774eb7ddc3dfa0cc187caa9ea61
textures/flatlist/ovr_stm/_win/w02_sr_yuka2.bmp.ctxr,textures/flatlist/ovr_stm/_win,w02_sr_yuka2.bmp.ctxr,w02_sr_yuka2.bmp,ctxr,175168,8a71cd223af4aed140facaacf0af96675675d37f
textures/flatlist/ovr_stm/_win/w02_sr_yuka4.bmp.ctxr,textures/flatlist/ovr_stm/_win,w02_sr_yuka4.bmp.ctxr,w02_sr_yuka4.bmp,ctxr,44064,6c6655681096a8a0f5204efdbe84f71986e28ccc
textures/flatlist/ovr_stm/_win/w02_sr_yuka6.bmp.ctxr,textures/flatlist/ovr_stm/_win,w02_sr_yuka6.bmp.ctxr,w02_sr_yuka6.bmp,ctxr,349920,907973148eea095ca8ed4bd006ef333068ce96ff
textures/flatlist/ovr_stm/_win/w02_sr_yuka7.bmp.ctxr,textures/flatlist/ovr_stm/_win,w02_sr_yuka7.bmp.ctxr,w02_sr_yuka7.bmp,ctxr,87744,4ada69f5b10e4070340d08e60565cff35b9a85f4
textures/flatlist/ovr_stm/_win/w02_wall_door1.bmp.ctxr,textures/flatlist/ovr_stm/_win,w02_wall_door1.bmp.ctxr,w02_wall_door1.bmp,ctxr,87744,ad3ea41dcd8d66fe6fefa1f623d4e7b0ca425c1c
textures/flatlist/ovr_stm/_win/w02_yuka3.bmp.ctxr,textures/flatlist/ovr_stm/_win,w02_yuka3.bmp.ctxr,w02_yuka3.bmp,ctxr,22176,a73d6e34dbe6188c14d896bbf1588e91f36ee343
textures/flatlist/ovr_stm/_win/w02_yukaf_s.bmp.ctxr,textures/flatlist/ovr_stm/_win,w02_yukaf_s.bmp.ctxr,w02_yukaf_s.bmp,ctxr,22176,bf919e0a432c1261ac8e847e6138e9850aa5c208
textures/flatlist/ovr_stm/_win/w02_yukaf_s2.bmp.ctxr,textures/flatlist/ovr_stm/_win,w02_yukaf_s2.bmp.ctxr,w02_yukaf_s2.bmp,ctxr,22176,2296c37f10434b44e733fe9d3395501e8f7273fd
textures/flatlist/ovr_stm/_win/w02_yuka_f.bmp.ctxr,textures/flatlist/ovr_stm/_win,w02_yuka_f.bmp.ctxr,w02_yuka_f.bmp,ctxr,44064,d2417937d234cd3e09baeeb7a7eec86f366aa131
textures/flatlist/ovr_stm/_win/w02_yuka_f4.bmp.ctxr,textures/flatlist/ovr_stm/_win,w02_yuka_f4.bmp.ctxr,w02_yuka_f4.bmp,ctxr,44064,8b72fdc1ed9ed9ef1d23b0bf01d4e8422f772705
textures/flatlist/ovr_stm/_win/w02_yuka_pipe.bmp.ctxr,textures/flatlist/ovr_stm/_win,w02_yuka_pipe.bmp.ctxr,w02_yuka_pipe.bmp,ctxr,87744,649ac8694146bc4915d26530339e6780e3d4be7d
textures/flatlist/ovr_stm/_win/w02_yuka_rail.bmp.ctxr,textures/flatlist/ovr_stm/_win,w02_yuka_rail.bmp.ctxr,w02_yuka_rail.bmp,ctxr,3040,cd0470d6c350b90c6a3946f35ea47fefa2e0cb6a
textures/flatlist/ovr_stm/_win/w02_yuka_s.bmp.ctxr,textures/flatlist/ovr_stm/_win,w02_yuka_s.bmp.ctxr,w02_yuka_s.bmp,ctxr,11264,1a00afc4bf2e11918866c11ef8bab8b64c645509
textures/flatlist/ovr_stm/_win/w02_y_light_f1b.bmp.ctxr,textures/flatlist/ovr_stm/_win,w02_y_light_f1b.bmp.ctxr,w02_y_light_f1b.bmp,ctxr,349920,3b1ed1cf43d00462ceed8a3684a29c7bee82f8c1
textures/flatlist/ovr_stm/_win/w03a2_flb00a.bmp.ctxr,textures/flatlist/ovr_stm/_win,w03a2_flb00a.bmp.ctxr,w03a2_flb00a.bmp,ctxr,44064,3b9508485d79da6afb1e041319d143eb8d16ad51
textures/flatlist/ovr_stm/_win/w03a2_flb00b.bmp.ctxr,textures/flatlist/ovr_stm/_win,w03a2_flb00b.bmp.ctxr,w03a2_flb00b.bmp,ctxr,87744,b8830c6d7e14372e0d51f3b63c8ce4e1a7696742
textures/flatlist/ovr_stm/_win/w03a_fl00.bmp.ctxr,textures/flatlist/ovr_stm/_win,w03a_fl00.bmp.ctxr,w03a_fl00.bmp,ctxr,87744,140482aff14730e26adc37c5851d1fe7c8878db8
textures/flatlist/ovr_stm/_win/w03a_fl01d.bmp.ctxr,textures/flatlist/ovr_stm/_win,w03a_fl01d.bmp.ctxr,w03a_fl01d.bmp,ctxr,22208,3d52c7274a9b68fd61254c27b4074f2c08b17a3b
textures/flatlist/ovr_stm/_win/w03a_pp02.bmp.ctxr,textures/flatlist/ovr_stm/_win,w03a_pp02.bmp.ctxr,w03a_pp02.bmp,ctxr,44096,cf0933b989e34e34e0d6f98478211e86c5643fbf
textures/flatlist/ovr_stm/_win/w03a_pp05.bmp.ctxr,textures/flatlist/ovr_stm/_win,w03a_pp05.bmp.ctxr,w03a_pp05.bmp,ctxr,44096,5b8df56fec261dc1b43b755fe0d9f43a366d02e0
textures/flatlist/ovr_stm/_win/w03a_w00.bmp.ctxr,textures/flatlist/ovr_stm/_win,w03a_w00.bmp.ctxr,w03a_w00.bmp,ctxr,44096,55234ced019ec62b124efc7f29bacffd7b89ebce
textures/flatlist/ovr_stm/_win/w03a_w01c.bmp_66800e791c274078bbd7078d4207524e.ctxr,textures/flatlist/ovr_stm/_win,w03a_w01c.bmp_66800e791c274078bbd7078d4207524e.ctxr,w03a_w01c.bmp_66800e791c274078bbd7078d4207524e,ctxr,175168,009b6ec096604d88d76d211103bb59dd1bdbad32
textures/flatlist/ovr_stm/_win/w03a_w01d.bmp_9d316246ca7cc692494bbcf73b78f12f.ctxr,textures/flatlist/ovr_stm/_win,w03a_w01d.bmp_9d316246ca7cc692494bbcf73b78f12f.ctxr,w03a_w01d.bmp_9d316246ca7cc692494bbcf73b78f12f,ctxr,87776,7a4150ad4ff4c978c5bf027c042da8748c7bec54
textures/flatlist/ovr_stm/_win/w03a_w04.bmp.ctxr,textures/flatlist/ovr_stm/_win,w03a_w04.bmp.ctxr,w03a_w04.bmp,ctxr,87776,5a701a581531420a57986d55ddfc90f53983a5b5
textures/flatlist/ovr_stm/_win/w03a_w04a.bmp.ctxr,textures/flatlist/ovr_stm/_win,w03a_w04a.bmp.ctxr,w03a_w04a.bmp,ctxr,87776,d76934a1b5f19c32ecfeb680dba65701d67bbf74
textures/flatlist/ovr_stm/_win/w03b_dr00.bmp.ctxr,textures/flatlist/ovr_stm/_win,w03b_dr00.bmp.ctxr,w03b_dr00.bmp,ctxr,44064,b7aa15e0fcbf5eccf7c126b0de6bd0603366f423
textures/flatlist/ovr_stm/_win/w03b_dr00a.bmp.ctxr,textures/flatlist/ovr_stm/_win,w03b_dr00a.bmp.ctxr,w03b_dr00a.bmp,ctxr,44064,5410d920a126fed4bdf378b3cb1fff9ec495b44f
textures/flatlist/ovr_stm/_win/w03b_fl01.bmp.ctxr,textures/flatlist/ovr_stm/_win,w03b_fl01.bmp.ctxr,w03b_fl01.bmp,ctxr,349920,a78b00090eb2420d9220af87c470a7e183edc9b2
textures/flatlist/ovr_stm/_win/w03b_fl01a.bmp.ctxr,textures/flatlist/ovr_stm/_win,w03b_fl01a.bmp.ctxr,w03b_fl01a.bmp,ctxr,349920,c8e82558dec50c7c0ec2ded4792d1a6fa10e96e7
textures/flatlist/ovr_stm/_win/w03b_fl02.bmp.ctxr,textures/flatlist/ovr_stm/_win,w03b_fl02.bmp.ctxr,w03b_fl02.bmp,ctxr,175168,869e91160b7c1d2d5f770b4d6ea723fba306b4d7
textures/flatlist/ovr_stm/_win/w03b_fl02.bmp_ecc5dba2548560f42c6a73e07c3b1ae7.ctxr,textures/flatlist/ovr_stm/_win,w03b_fl02.bmp_ecc5dba2548560f42c6a73e07c3b1ae7.ctxr,w03b_fl02.bmp_ecc5dba2548560f42c6a73e07c3b1ae7,ctxr,349920,d35362d38c92e96408004eb0fe2067a11dd6b68c
textures/flatlist/ovr_stm/_win/w03b_fl03.bmp.ctxr,textures/flatlist/ovr_stm/_win,w03b_fl03.bmp.ctxr,w03b_fl03.bmp,ctxr,175168,202daa4261154fe5260636dac27e9c9841b73896
textures/flatlist/ovr_stm/_win/w03b_fl03.bmp_8e8030f332ab93b222ccbdff4920382f.ctxr,textures/flatlist/ovr_stm/_win,w03b_fl03.bmp_8e8030f332ab93b222ccbdff4920382f.ctxr,w03b_fl03.bmp_8e8030f332ab93b222ccbdff4920382f,ctxr,349920,32f1fd8870b5aec75ca864bffb8166d2e4500b9c
textures/flatlist/ovr_stm/_win/w03b_fl03a.bmp.ctxr,textures/flatlist/ovr_stm/_win,w03b_fl03a.bmp.ctxr,w03b_fl03a.bmp,ctxr,22208,3139c433df79d70f22f8cf51e4c673ff001f6572
textures/flatlist/ovr_stm/_win/w03b_fl04.bmp.ctxr,textures/flatlist/ovr_stm/_win,w03b_fl04.bmp.ctxr,w03b_fl04.bmp,ctxr,175168,712cbf02680a94bb9c4f642ad5a74bb188d57793
textures/flatlist/ovr_stm/_win/w03b_fl05.bmp.ctxr,textures/flatlist/ovr_stm/_win,w03b_fl05.bmp.ctxr,w03b_fl05.bmp,ctxr,175168,6785576680acff3098dc7a16ab52723c184d0fa0
textures/flatlist/ovr_stm/_win/w03b_fl06.bmp.ctxr,textures/flatlist/ovr_stm/_win,w03b_fl06.bmp.ctxr,w03b_fl06.bmp,ctxr,175168,bc4f35203a4334067213ac71aabb8df95a734d4e
textures/flatlist/ovr_stm/_win/w03b_ha00.bmp.ctxr,textures/flatlist/ovr_stm/_win,w03b_ha00.bmp.ctxr,w03b_ha00.bmp,ctxr,44096,17dba4b7ea4fed14e42025b61fc39d5e4338a337
textures/flatlist/ovr_stm/_win/w03b_rfb00.bmp.ctxr,textures/flatlist/ovr_stm/_win,w03b_rfb00.bmp.ctxr,w03b_rfb00.bmp,ctxr,22240,96a1b9a609ac9f5c397701d723f5c699bccebdfe
textures/flatlist/ovr_stm/_win/w03b_rfb01.bmp.ctxr,textures/flatlist/ovr_stm/_win,w03b_rfb01.bmp.ctxr,w03b_rfb01.bmp,ctxr,11296,527d11d4f087acacd36a3cc227e4a80c076cf8d2
textures/flatlist/ovr_stm/_win/w03b_rfb04.bmp.ctxr,textures/flatlist/ovr_stm/_win,w03b_rfb04.bmp.ctxr,w03b_rfb04.bmp,ctxr,87776,d46bfa4ee17dfa8f73369ded58cdfdc02e330e32
textures/flatlist/ovr_stm/_win/w03b_w02a.bmp.ctxr,textures/flatlist/ovr_stm/_win,w03b_w02a.bmp.ctxr,w03b_w02a.bmp,ctxr,87744,b58eb282ccea83f9298328391b9e226c2e840750
textures/flatlist/ovr_stm/_win/w03b_w02b.bmp.ctxr,textures/flatlist/ovr_stm/_win,w03b_w02b.bmp.ctxr,w03b_w02b.bmp,ctxr,44064,810dbd893594cc00b34adef1c3cd8b12a25b3dfd
textures/flatlist/ovr_stm/_win/w03b_w03a.bmp.ctxr,textures/flatlist/ovr_stm/_win,w03b_w03a.bmp.ctxr,w03b_w03a.bmp,ctxr,44064,71a8046acb06b75ebfdde6a4374ff2ac916d7ffd
textures/flatlist/ovr_stm/_win/w03b_w04a.bmp.ctxr,textures/flatlist/ovr_stm/_win,w03b_w04a.bmp.ctxr,w03b_w04a.bmp,ctxr,87744,b851e52948361531e0b739567e9ae90dfc3d61f6
textures/flatlist/ovr_stm/_win/w03c_flb00a.bmp.ctxr,textures/flatlist/ovr_stm/_win,w03c_flb00a.bmp.ctxr,w03c_flb00a.bmp,ctxr,44064,1ee27186794e83863db098e43f018137c1467381
textures/flatlist/ovr_stm/_win/w03c_flb00b.bmp.ctxr,textures/flatlist/ovr_stm/_win,w03c_flb00b.bmp.ctxr,w03c_flb00b.bmp,ctxr,87744,a51f59e2eebbd811e0e712f5f86372a15f2dade9
textures/flatlist/ovr_stm/_win/w03c_flb00c.bmp.ctxr,textures/flatlist/ovr_stm/_win,w03c_flb00c.bmp.ctxr,w03c_flb00c.bmp,ctxr,87744,14b4461490cc9fd7457a4798d6a3f96e505c33c6
textures/flatlist/ovr_stm/_win/w03c_flb00d.bmp.ctxr,textures/flatlist/ovr_stm/_win,w03c_flb00d.bmp.ctxr,w03c_flb00d.bmp,ctxr,44064,01ae37e4a21eb7d991e6c73de63f5fcea61584f3
textures/flatlist/ovr_stm/_win/w03c_flb00e.bmp.ctxr,textures/flatlist/ovr_stm/_win,w03c_flb00e.bmp.ctxr,w03c_flb00e.bmp,ctxr,44064,8a3c6178207ade20ef09435d2d969ea2dc6e7dd5
textures/flatlist/ovr_stm/_win/w03c_flb02.bmp.ctxr,textures/flatlist/ovr_stm/_win,w03c_flb02.bmp.ctxr,w03c_flb02.bmp,ctxr,175168,43c8e8208dd928ea24983919805703efd41c88de
textures/flatlist/ovr_stm/_win/w03c_flb03a.bmp.ctxr,textures/flatlist/ovr_stm/_win,w03c_flb03a.bmp.ctxr,w03c_flb03a.bmp,ctxr,87776,71497448a1b65420e0428cfabc26b78dd1ae2235
textures/flatlist/ovr_stm/_win/w03c_flb03b.bmp.ctxr,textures/flatlist/ovr_stm/_win,w03c_flb03b.bmp.ctxr,w03c_flb03b.bmp,ctxr,87776,ad545757ac694929a1d734d08b2513943e053a1f
textures/flatlist/ovr_stm/_win/w03c_flb03c.bmp.ctxr,textures/flatlist/ovr_stm/_win,w03c_flb03c.bmp.ctxr,w03c_flb03c.bmp,ctxr,87776,de84334d55e6fd715e7999317580935600a888c0
textures/flatlist/ovr_stm/_win/w03c_rfc01a.bmp.ctxr,textures/flatlist/ovr_stm/_win,w03c_rfc01a.bmp.ctxr,w03c_rfc01a.bmp,ctxr,22176,cc78482fff5361362ec88d9c70d8613f3772fae5
textures/flatlist/ovr_stm/_win/w03c_wc00.bmp.ctxr,textures/flatlist/ovr_stm/_win,w03c_wc00.bmp.ctxr,w03c_wc00.bmp,ctxr,44064,7a0ab6df27377f654b0c27cc08be2cd4f717ff2c
textures/flatlist/ovr_stm/_win/w03_cat_pipe.bmp.ctxr,textures/flatlist/ovr_stm/_win,w03_cat_pipe.bmp.ctxr,w03_cat_pipe.bmp,ctxr,22208,f097fdfbbdddb7090f708b32f78211874943f092
textures/flatlist/ovr_stm/_win/w03_cat_sasae_ura.bmp.ctxr,textures/flatlist/ovr_stm/_win,w03_cat_sasae_ura.bmp.ctxr,w03_cat_sasae_ura.bmp,ctxr,87776,f40aaa679248d1f3e1d415a6f138ed11031d5bf8
textures/flatlist/ovr_stm/_win/w04a1_hashira_face_bottom.bmp.ctxr,textures/flatlist/ovr_stm/_win,w04a1_hashira_face_bottom.bmp.ctxr,w04a1_hashira_face_bottom.bmp,ctxr,87776,660cdfa9ad6db36152430048745fb02946decaba
textures/flatlist/ovr_stm/_win/w04a1_hashira_side.bmp.ctxr,textures/flatlist/ovr_stm/_win,w04a1_hashira_side.bmp.ctxr,w04a1_hashira_side.bmp,ctxr,349920,b51b3499392b198cf9c4bfbbfdbd5919f77a1ee7
textures/flatlist/ovr_stm/_win/w04a1_hashira_side2.bmp.ctxr,textures/flatlist/ovr_stm/_win,w04a1_hashira_side2.bmp.ctxr,w04a1_hashira_side2.bmp,ctxr,44064,8466b5a9fe1d19f059447d6b34a1e6357022a435
textures/flatlist/ovr_stm/_win/w04a3_cam_base.bmp.ctxr,textures/flatlist/ovr_stm/_win,w04a3_cam_base.bmp.ctxr,w04a3_cam_base.bmp,ctxr,22240,cce662cea94ee81f5953feabf58f56926bac761e
textures/flatlist/ovr_stm/_win/w04a3_cam_body.bmp.ctxr,textures/flatlist/ovr_stm/_win,w04a3_cam_body.bmp.ctxr,w04a3_cam_body.bmp,ctxr,87744,3da95d2d88d52a64066c2120aa719894fbab5ebb
textures/flatlist/ovr_stm/_win/w04a3_cam_body3.bmp.ctxr,textures/flatlist/ovr_stm/_win,w04a3_cam_body3.bmp.ctxr,w04a3_cam_body3.bmp,ctxr,22176,23e6cb8b6860fb412849bdb77eaafe840b03f25e
textures/flatlist/ovr_stm/_win/w04a3_contena.bmp.ctxr,textures/flatlist/ovr_stm/_win,w04a3_contena.bmp.ctxr,w04a3_contena.bmp,ctxr,175168,02ac1dcd56a22b4514fc7fe589d681be71ed3166
textures/flatlist/ovr_stm/_win/w04a3_contena_top.bmp.ctxr,textures/flatlist/ovr_stm/_win,w04a3_contena_top.bmp.ctxr,w04a3_contena_top.bmp,ctxr,87744,fc8a5f2e68a6fbdf3c11e89d7980f5786f38b87e
textures/flatlist/ovr_stm/_win/w04a3_lift_side1.bmp.ctxr,textures/flatlist/ovr_stm/_win,w04a3_lift_side1.bmp.ctxr,w04a3_lift_side1.bmp,ctxr,44064,dc1015f847b7466ab7a5856243144b7eabc85e54
textures/flatlist/ovr_stm/_win/w04a3_lift_ura.bmp.ctxr,textures/flatlist/ovr_stm/_win,w04a3_lift_ura.bmp.ctxr,w04a3_lift_ura.bmp,ctxr,87776,bf91f44d533bc15439d5a3341b87761fd2bef476
textures/flatlist/ovr_stm/_win/w04a3_mecha_dai.bmp.ctxr,textures/flatlist/ovr_stm/_win,w04a3_mecha_dai.bmp.ctxr,w04a3_mecha_dai.bmp,ctxr,175168,28bf1f318c65b8eae169c8579b9b55a003108e81
textures/flatlist/ovr_stm/_win/w04a3_mecha_dai_ura.bmp.ctxr,textures/flatlist/ovr_stm/_win,w04a3_mecha_dai_ura.bmp.ctxr,w04a3_mecha_dai_ura.bmp,ctxr,87744,ad1d149ccb56db7501227aa964dcd1f119f011f4
textures/flatlist/ovr_stm/_win/w04a3_mecha_hashi_face.bmp.ctxr,textures/flatlist/ovr_stm/_win,w04a3_mecha_hashi_face.bmp.ctxr,w04a3_mecha_hashi_face.bmp,ctxr,87776,5a5e33bb22044400c2fb2d6995eff9597c089630
textures/flatlist/ovr_stm/_win/w04a3_tanmatu_tower_face.bmp.ctxr,textures/flatlist/ovr_stm/_win,w04a3_tanmatu_tower_face.bmp.ctxr,w04a3_tanmatu_tower_face.bmp,ctxr,87776,34ef09eb9b9dfee9a048e44b6006aab0579535fd
textures/flatlist/ovr_stm/_win/w04a3_tanmatu_tower_side.bmp.ctxr,textures/flatlist/ovr_stm/_win,w04a3_tanmatu_tower_side.bmp.ctxr,w04a3_tanmatu_tower_side.bmp,ctxr,44096,adb86c8b66ed51ab295b09239d3a98a3f0d9fd2e
textures/flatlist/ovr_stm/_win/w04a_box.bmp.ctxr,textures/flatlist/ovr_stm/_win,w04a_box.bmp.ctxr,w04a_box.bmp,ctxr,175168,c3cc211f42dc390994386073930efc6e623be6af
textures/flatlist/ovr_stm/_win/w04a_box_face.bmp.ctxr,textures/flatlist/ovr_stm/_win,w04a_box_face.bmp.ctxr,w04a_box_face.bmp,ctxr,175168,75f5113c49e643a2d081092f944493fc8b98d1a8
textures/flatlist/ovr_stm/_win/w04a_box_side.bmp.ctxr,textures/flatlist/ovr_stm/_win,w04a_box_side.bmp.ctxr,w04a_box_side.bmp,ctxr,87744,ecd4e355c9845655b56598234e58d3cd72d70950
textures/flatlist/ovr_stm/_win/w04a_door.bmp.ctxr,textures/flatlist/ovr_stm/_win,w04a_door.bmp.ctxr,w04a_door.bmp,ctxr,175168,a9c27752bafc5a12177029817dcb014214487932
textures/flatlist/ovr_stm/_win/w04a_floor1.bmp.ctxr,textures/flatlist/ovr_stm/_win,w04a_floor1.bmp.ctxr,w04a_floor1.bmp,ctxr,699488,f57d2f0cb15606bc412c94abbc58457d171fa5ee
textures/flatlist/ovr_stm/_win/w04a_floor2.bmp.ctxr,textures/flatlist/ovr_stm/_win,w04a_floor2.bmp.ctxr,w04a_floor2.bmp,ctxr,349952,b2734c7264639f42d633e3d3f70d70058c6042f3
textures/flatlist/ovr_stm/_win/w04a_floor2_center.bmp.ctxr,textures/flatlist/ovr_stm/_win,w04a_floor2_center.bmp.ctxr,w04a_floor2_center.bmp,ctxr,87744,3e67f9169b76c4b300672b07fa1360485aba438d
textures/flatlist/ovr_stm/_win/w04a_floor4.bmp.ctxr,textures/flatlist/ovr_stm/_win,w04a_floor4.bmp.ctxr,w04a_floor4.bmp,ctxr,349920,b9f07516a544d5e9e7051956646fa557b13d3d73
textures/flatlist/ovr_stm/_win/w04a_floor5.bmp.ctxr,textures/flatlist/ovr_stm/_win,w04a_floor5.bmp.ctxr,w04a_floor5.bmp,ctxr,87744,5613b3eac4cd603ab802b664dccd1c99099a341c
textures/flatlist/ovr_stm/_win/w04a_floor_hatch.bmp.ctxr,textures/flatlist/ovr_stm/_win,w04a_floor_hatch.bmp.ctxr,w04a_floor_hatch.bmp,ctxr,175168,29c0876f8612e2e71246be60a32513f1e22fd180
textures/flatlist/ovr_stm/_win/w04a_floor_tuuro.bmp.ctxr,textures/flatlist/ovr_stm/_win,w04a_floor_tuuro.bmp.ctxr,w04a_floor_tuuro.bmp,ctxr,44064,bbd732f5508ce24c1aaef6892d102bcbe460617e
textures/flatlist/ovr_stm/_win/w04a_hatch.bmp.ctxr,textures/flatlist/ovr_stm/_win,w04a_hatch.bmp.ctxr,w04a_hatch.bmp,ctxr,44064,ba82cfe4a7f17d7e918d7735306ceae070c73771
textures/flatlist/ovr_stm/_win/w04a_mecha_04.bmp.ctxr,textures/flatlist/ovr_stm/_win,w04a_mecha_04.bmp.ctxr,w04a_mecha_04.bmp,ctxr,175168,685bb6231bda0beca3f27a27f9a9829166f3695f
textures/flatlist/ovr_stm/_win/w04a_mecha_top2.bmp.ctxr,textures/flatlist/ovr_stm/_win,w04a_mecha_top2.bmp.ctxr,w04a_mecha_top2.bmp,ctxr,87744,0180f1dd5d61e2359d12d4371c4c174716d02fdf
textures/flatlist/ovr_stm/_win/w04a_spk2_face.bmp.ctxr,textures/flatlist/ovr_stm/_win,w04a_spk2_face.bmp.ctxr,w04a_spk2_face.bmp,ctxr,44064,029b0278bad3ad4bdd38fb2dafca2c14eb067844
textures/flatlist/ovr_stm/_win/w04a_wall1.bmp.ctxr,textures/flatlist/ovr_stm/_win,w04a_wall1.bmp.ctxr,w04a_wall1.bmp,ctxr,349920,d7828eab693cc180c61122130f53e7c6fe4e26e1
textures/flatlist/ovr_stm/_win/w04a_wall2.bmp.ctxr,textures/flatlist/ovr_stm/_win,w04a_wall2.bmp.ctxr,w04a_wall2.bmp,ctxr,349920,50ee602a0e4fa96e20f6e5099bb8d149c2a9f8bb
textures/flatlist/ovr_stm/_win/w04a_wall_tuuro.bmp.ctxr,textures/flatlist/ovr_stm/_win,w04a_wall_tuuro.bmp.ctxr,w04a_wall_tuuro.bmp,ctxr,44064,80501d7935ba3dfd7a8abfb1b1767834fe075019
textures/flatlist/ovr_stm/_win/w04_demo_scr_back.bmp.ctxr,textures/flatlist/ovr_stm/_win,w04_demo_scr_back.bmp.ctxr,w04_demo_scr_back.bmp,ctxr,87744,8bd352bd40535a97ee740cf9cb2998e5c7e76ffa
textures/flatlist/ovr_stm/_win/w04_demo_scr_parts_01.bmp.ctxr,textures/flatlist/ovr_stm/_win,w04_demo_scr_parts_01.bmp.ctxr,w04_demo_scr_parts_01.bmp,ctxr,44064,7a662c582dda0d4490dcbca0a38fd4c03a1fbb73
textures/flatlist/ovr_stm/_win/w04_demo_scr_parts_02.bmp.ctxr,textures/flatlist/ovr_stm/_win,w04_demo_scr_parts_02.bmp.ctxr,w04_demo_scr_parts_02.bmp,ctxr,44064,5075f238d6c6506a92e04f09249c352a657903dd
textures/flatlist/ovr_stm/_win/w04_demo_scr_parts_03.bmp.ctxr,textures/flatlist/ovr_stm/_win,w04_demo_scr_parts_03.bmp.ctxr,w04_demo_scr_parts_03.bmp,ctxr,44064,11edcb9733f977bcdcc2676fbe620bd5cf229ccc
textures/flatlist/ovr_stm/_win/w04_demo_scr_parts_bottom.bmp.ctxr,textures/flatlist/ovr_stm/_win,w04_demo_scr_parts_bottom.bmp.ctxr,w04_demo_scr_parts_bottom.bmp,ctxr,44064,1b42ea4ea0d10d9acd498398674b2e863a2b9c92
textures/flatlist/ovr_stm/_win/w04_demo_scr_parts_left.bmp.ctxr,textures/flatlist/ovr_stm/_win,w04_demo_scr_parts_left.bmp.ctxr,w04_demo_scr_parts_left.bmp,ctxr,44064,60cbd85f5bf561e00b03d04f8d2ce56a48430888
textures/flatlist/ovr_stm/_win/w04_eisha2_back.bmp.ctxr,textures/flatlist/ovr_stm/_win,w04_eisha2_back.bmp.ctxr,w04_eisha2_back.bmp,ctxr,22176,e9c21d54c952a92035f75e110cb9a30aca56ce61
textures/flatlist/ovr_stm/_win/w04_eisha2_top.bmp.ctxr,textures/flatlist/ovr_stm/_win,w04_eisha2_top.bmp.ctxr,w04_eisha2_top.bmp,ctxr,175168,525bfec68430476d3e4e4220c7d11cce848f4cea
textures/flatlist/ovr_stm/_win/w04_yuka.bmp.ctxr,textures/flatlist/ovr_stm/_win,w04_yuka.bmp.ctxr,w04_yuka.bmp,ctxr,87776,d908aa002cca9f772ab707677408dadde644c55a
textures/flatlist/ovr_stm/_win/w04_yuka_02.bmp.ctxr,textures/flatlist/ovr_stm/_win,w04_yuka_02.bmp.ctxr,w04_yuka_02.bmp,ctxr,22176,e34e9f77480568b3ad1497913b5910f01b852aa3
textures/flatlist/ovr_stm/_win/w10b_fence_03_alp_ovl.bmp.ctxr,textures/flatlist/ovr_stm/_win,w10b_fence_03_alp_ovl.bmp.ctxr,w10b_fence_03_alp_ovl.bmp,ctxr,699488,852a6983103a69a2e31e2248b8a610a643e98070
textures/flatlist/ovr_stm/_win/w10c_ashi00.bmp.ctxr,textures/flatlist/ovr_stm/_win,w10c_ashi00.bmp.ctxr,w10c_ashi00.bmp,ctxr,87776,1ddbf70e925a7b27db425f1c1df679b6d3855a87
textures/flatlist/ovr_stm/_win/w10c_ent01.bmp.ctxr,textures/flatlist/ovr_stm/_win,w10c_ent01.bmp.ctxr,w10c_ent01.bmp,ctxr,44096,e6e17d48f9d55713e15d590d7f14a2587547dea3
textures/flatlist/ovr_stm/_win/w10c_entfl00.bmp.ctxr,textures/flatlist/ovr_stm/_win,w10c_entfl00.bmp.ctxr,w10c_entfl00.bmp,ctxr,87744,e051a413493d8bfabf2840db4e772edc22e77aba
textures/flatlist/ovr_stm/_win/w10c_entfl01.bmp.ctxr,textures/flatlist/ovr_stm/_win,w10c_entfl01.bmp.ctxr,w10c_entfl01.bmp,ctxr,87744,a7d36fe082fae2c2cfe213c806237e121815ca58
textures/flatlist/ovr_stm/_win/w10c_entw00.bmp_ebada4c5fb0cf21b95c03d700bd34525.ctxr,textures/flatlist/ovr_stm/_win,w10c_entw00.bmp_ebada4c5fb0cf21b95c03d700bd34525.ctxr,w10c_entw00.bmp_ebada4c5fb0cf21b95c03d700bd34525,ctxr,175168,e0ec9afb307044cfb19bd84b5817d700d2bcee36
textures/flatlist/ovr_stm/_win/w10c_entw01.bmp.ctxr,textures/flatlist/ovr_stm/_win,w10c_entw01.bmp.ctxr,w10c_entw01.bmp,ctxr,87776,2a6b65b02bb941aa87deccbb730c37b98a83cda0
textures/flatlist/ovr_stm/_win/w10c_fl00a.bmp_f090db2c7d27de5ceaf7849bea3f7689.ctxr,textures/flatlist/ovr_stm/_win,w10c_fl00a.bmp_f090db2c7d27de5ceaf7849bea3f7689.ctxr,w10c_fl00a.bmp_f090db2c7d27de5ceaf7849bea3f7689,ctxr,87744,f60dcf3b6cf1ee5573f90b71014baa3b61b3ef93
textures/flatlist/ovr_stm/_win/w10c_fl00b.bmp_4783af139eb8448160dc9fa885bd7451.ctxr,textures/flatlist/ovr_stm/_win,w10c_fl00b.bmp_4783af139eb8448160dc9fa885bd7451.ctxr,w10c_fl00b.bmp_4783af139eb8448160dc9fa885bd7451,ctxr,44064,37e2842771cf4e329c4273804df34e6e15965030
textures/flatlist/ovr_stm/_win/w10c_fl00c.bmp_79d5f05b0c8f02fa5ea3d8344309a532.ctxr,textures/flatlist/ovr_stm/_win,w10c_fl00c.bmp_79d5f05b0c8f02fa5ea3d8344309a532.ctxr,w10c_fl00c.bmp_79d5f05b0c8f02fa5ea3d8344309a532,ctxr,44064,755c1a0b2e577b245fbd84d2cdfd8e96b08ce8be
textures/flatlist/ovr_stm/_win/w10c_fl00d.bmp.ctxr,textures/flatlist/ovr_stm/_win,w10c_fl00d.bmp.ctxr,w10c_fl00d.bmp,ctxr,11296,b49f6bc9444d81b164843ff9c35398311cdd543e
textures/flatlist/ovr_stm/_win/w10c_fl01.bmp_89b1600a0752b90e97de0d507585a5be.ctxr,textures/flatlist/ovr_stm/_win,w10c_fl01.bmp_89b1600a0752b90e97de0d507585a5be.ctxr,w10c_fl01.bmp_89b1600a0752b90e97de0d507585a5be,ctxr,87744,a85182d9da812c371f778c40624a0ca65f9d7279
textures/flatlist/ovr_stm/_win/w10c_fl01_brk.bmp.ctxr,textures/flatlist/ovr_stm/_win,w10c_fl01_brk.bmp.ctxr,w10c_fl01_brk.bmp,ctxr,175168,fb39beda757cbc37eac8d6370e021d0dd236d963
textures/flatlist/ovr_stm/_win/w10c_fl02.bmp.ctxr,textures/flatlist/ovr_stm/_win,w10c_fl02.bmp.ctxr,w10c_fl02.bmp,ctxr,175168,2e27e1049a03492c4f2f223b3e6a643832bfa1b9
textures/flatlist/ovr_stm/_win/w10c_fl03.bmp.ctxr,textures/flatlist/ovr_stm/_win,w10c_fl03.bmp.ctxr,w10c_fl03.bmp,ctxr,87744,f21d9a84f412f9e74575e5c1308b31d1f3be3b6f
textures/flatlist/ovr_stm/_win/w10c_fl03a.bmp.ctxr,textures/flatlist/ovr_stm/_win,w10c_fl03a.bmp.ctxr,w10c_fl03a.bmp,ctxr,87744,a1b2067e99271ceb8b43cfdb27b7883b176c0e20
textures/flatlist/ovr_stm/_win/w10c_flu00a.bmp.ctxr,textures/flatlist/ovr_stm/_win,w10c_flu00a.bmp.ctxr,w10c_flu00a.bmp,ctxr,87744,8d12717a01ab731e2b6e4b3112930a3a27cf6d0a
textures/flatlist/ovr_stm/_win/w10c_pp01.bmp.ctxr,textures/flatlist/ovr_stm/_win,w10c_pp01.bmp.ctxr,w10c_pp01.bmp,ctxr,87776,e3667c328f07eb12aadbac4129d01bd66558d697
textures/flatlist/ovr_stm/_win/w10c_pp01.bmp_ffdb967870ba68b15bb0414af2582240.ctxr,textures/flatlist/ovr_stm/_win,w10c_pp01.bmp_ffdb967870ba68b15bb0414af2582240.ctxr,w10c_pp01.bmp_ffdb967870ba68b15bb0414af2582240,ctxr,87776,3d76aacbe25db92ddd14d2a961cdc817203e89a9
textures/flatlist/ovr_stm/_win/w10c_pp01a.bmp.ctxr,textures/flatlist/ovr_stm/_win,w10c_pp01a.bmp.ctxr,w10c_pp01a.bmp,ctxr,87776,841d1e2b2096c18bb66a3fcac7b23d6fb109071d
textures/flatlist/ovr_stm/_win/w10c_pp04.bmp_6c02c0734669b3b2af844bfb2a6f8caf.ctxr,textures/flatlist/ovr_stm/_win,w10c_pp04.bmp_6c02c0734669b3b2af844bfb2a6f8caf.ctxr,w10c_pp04.bmp_6c02c0734669b3b2af844bfb2a6f8caf,ctxr,87776,73414581a3082b4b377ac1ba012c03a7475c7f4f
textures/flatlist/ovr_stm/_win/w10c_sk00.bmp_080bd3d56c6e4437c207d0839cc27828.ctxr,textures/flatlist/ovr_stm/_win,w10c_sk00.bmp_080bd3d56c6e4437c207d0839cc27828.ctxr,w10c_sk00.bmp_080bd3d56c6e4437c207d0839cc27828,ctxr,44064,0ae83250b38ff65ba7ef1ed1e6371881387a17f2
textures/flatlist/ovr_stm/_win/w10c_sk00a.bmp_c23abf4bb26aa9b385f505c9436c87e3.ctxr,textures/flatlist/ovr_stm/_win,w10c_sk00a.bmp_c23abf4bb26aa9b385f505c9436c87e3.ctxr,w10c_sk00a.bmp_c23abf4bb26aa9b385f505c9436c87e3,ctxr,44064,06893e0efeaf80ea2248db7e317c8b874fb925c4
textures/flatlist/ovr_stm/_win/w10c_sk00b.bmp_d9e12dccb9bcc4cf71139977cbfbc3e7.ctxr,textures/flatlist/ovr_stm/_win,w10c_sk00b.bmp_d9e12dccb9bcc4cf71139977cbfbc3e7.ctxr,w10c_sk00b.bmp_d9e12dccb9bcc4cf71139977cbfbc3e7,ctxr,44064,ae37131fdf08751040abcf6a8388f9502788315e
textures/flatlist/ovr_stm/_win/w10c_sk00c.bmp_4081fb1cac8896c709c768596117ba88.ctxr,textures/flatlist/ovr_stm/_win,w10c_sk00c.bmp_4081fb1cac8896c709c768596117ba88.ctxr,w10c_sk00c.bmp_4081fb1cac8896c709c768596117ba88,ctxr,44064,4b5a539bff7d496e598f2f9561b8c150408e3098
textures/flatlist/ovr_stm/_win/w10c_sk00d.bmp_a9ee348f02fbca3d69c1ad8a9a23932a.ctxr,textures/flatlist/ovr_stm/_win,w10c_sk00d.bmp_a9ee348f02fbca3d69c1ad8a9a23932a.ctxr,w10c_sk00d.bmp_a9ee348f02fbca3d69c1ad8a9a23932a,ctxr,22176,c028d1d6d8cfc710cbcb89618129380dde6e1f57
textures/flatlist/ovr_stm/_win/w10c_sk00e.bmp_0e3bb1fb297f402705e2cad23f68ddf6.ctxr,textures/flatlist/ovr_stm/_win,w10c_sk00e.bmp_0e3bb1fb297f402705e2cad23f68ddf6.ctxr,w10c_sk00e.bmp_0e3bb1fb297f402705e2cad23f68ddf6,ctxr,44064,3c9487f186a650aa76d8f1078675af9c19a8f8c1
textures/flatlist/ovr_stm/_win/w10c_sk01.bmp.ctxr,textures/flatlist/ovr_stm/_win,w10c_sk01.bmp.ctxr,w10c_sk01.bmp,ctxr,44064,7f78a865a8e9e9db74db0ac30cedddd14770a185
textures/flatlist/ovr_stm/_win/w10c_sk01.bmp_b38fa6aa2149606ac364f449b0956d51.ctxr,textures/flatlist/ovr_stm/_win,w10c_sk01.bmp_b38fa6aa2149606ac364f449b0956d51.ctxr,w10c_sk01.bmp_b38fa6aa2149606ac364f449b0956d51,ctxr,44064,477ccb3becd2511958314b6dd5a01dc4fd6121aa
textures/flatlist/ovr_stm/_win/w10c_sk01a.bmp_bac7874a3dfb93ad53d87c13aee33f56.ctxr,textures/flatlist/ovr_stm/_win,w10c_sk01a.bmp_bac7874a3dfb93ad53d87c13aee33f56.ctxr,w10c_sk01a.bmp_bac7874a3dfb93ad53d87c13aee33f56,ctxr,44064,468c5ee75e66610aa665f231910b5ba34a85f40e
textures/flatlist/ovr_stm/_win/w10c_sk01b.bmp_5dc6834c6bebd925dad973550e4c6fdf.ctxr,textures/flatlist/ovr_stm/_win,w10c_sk01b.bmp_5dc6834c6bebd925dad973550e4c6fdf.ctxr,w10c_sk01b.bmp_5dc6834c6bebd925dad973550e4c6fdf,ctxr,22176,5e96850797b352855ce1e5e18504481bff9bd62e
textures/flatlist/ovr_stm/_win/w10c_sk01c.bmp_a7e8bcc841939628dc2dda275f4d60e0.ctxr,textures/flatlist/ovr_stm/_win,w10c_sk01c.bmp_a7e8bcc841939628dc2dda275f4d60e0.ctxr,w10c_sk01c.bmp_a7e8bcc841939628dc2dda275f4d60e0,ctxr,44064,b9c15a9957c0013d54c85bf24c4e61ddcdc576f5
textures/flatlist/ovr_stm/_win/w10c_sk02b.bmp.ctxr,textures/flatlist/ovr_stm/_win,w10c_sk02b.bmp.ctxr,w10c_sk02b.bmp,ctxr,3072,07a0c1980653ade7819f14ddf337e68516552d1d
textures/flatlist/ovr_stm/_win/w10c_sku00.bmp.ctxr,textures/flatlist/ovr_stm/_win,w10c_sku00.bmp.ctxr,w10c_sku00.bmp,ctxr,11296,b83152a552209cca63297c0197f869f18aea93ac
textures/flatlist/ovr_stm/_win/w10c_sku00a.bmp.ctxr,textures/flatlist/ovr_stm/_win,w10c_sku00a.bmp.ctxr,w10c_sku00a.bmp,ctxr,11296,caab93395dbf23c713069f2deaef0182e06e2c4e
textures/flatlist/ovr_stm/_win/w10c_sku00c.bmp.ctxr,textures/flatlist/ovr_stm/_win,w10c_sku00c.bmp.ctxr,w10c_sku00c.bmp,ctxr,11296,9a8cdaeb14617da059af3b0a796e5efd2784eb7e
textures/flatlist/ovr_stm/_win/w10c_sku00d.bmp.ctxr,textures/flatlist/ovr_stm/_win,w10c_sku00d.bmp.ctxr,w10c_sku00d.bmp,ctxr,5792,443ff9b205e6c1f02bd31498e8bd4e36f65aeebf
textures/flatlist/ovr_stm/_win/w10c_sku01a.bmp.ctxr,textures/flatlist/ovr_stm/_win,w10c_sku01a.bmp.ctxr,w10c_sku01a.bmp,ctxr,11296,b29413e7df8ee29bbcc961728025fa29d1216e5c
textures/flatlist/ovr_stm/_win/w10c_trapfl01.bmp.ctxr,textures/flatlist/ovr_stm/_win,w10c_trapfl01.bmp.ctxr,w10c_trapfl01.bmp,ctxr,87744,6e51455b6d07ca7a2b782e9889d9317e3e057f35
textures/flatlist/ovr_stm/_win/w10c_w00.bmp.ctxr,textures/flatlist/ovr_stm/_win,w10c_w00.bmp.ctxr,w10c_w00.bmp,ctxr,349920,108db08522b0869c22f510893766211bc2b15bf1
textures/flatlist/ovr_stm/_win/w10c_w00a.bmp.ctxr,textures/flatlist/ovr_stm/_win,w10c_w00a.bmp.ctxr,w10c_w00a.bmp,ctxr,349920,1a591986da32a142f4d45f87adad274c15c6b55f
textures/flatlist/ovr_stm/_win/w10c_w00b.bmp.ctxr,textures/flatlist/ovr_stm/_win,w10c_w00b.bmp.ctxr,w10c_w00b.bmp,ctxr,87744,e1c0ff920506e48295854dfe6e07b546c5ffc9ea
textures/flatlist/ovr_stm/_win/w10c_w00c.bmp_1a2ec7dfc72a4bdfc203becd5d5bccf6.ctxr,textures/flatlist/ovr_stm/_win,w10c_w00c.bmp_1a2ec7dfc72a4bdfc203becd5d5bccf6.ctxr,w10c_w00c.bmp_1a2ec7dfc72a4bdfc203becd5d5bccf6,ctxr,22240,0e42ac4969227031ada3b73017f08131bcd90242
textures/flatlist/ovr_stm/_win/w10c_w00e.bmp.ctxr,textures/flatlist/ovr_stm/_win,w10c_w00e.bmp.ctxr,w10c_w00e.bmp,ctxr,349920,aabae92e0992488b4923550f849ed056d68d345e
textures/flatlist/ovr_stm/_win/w10c_w00f2.bmp.ctxr,textures/flatlist/ovr_stm/_win,w10c_w00f2.bmp.ctxr,w10c_w00f2.bmp,ctxr,349920,0e83765a5099ae5880066d5ad9973e02ed5bf76e
textures/flatlist/ovr_stm/_win/w10c_w02.bmp.ctxr,textures/flatlist/ovr_stm/_win,w10c_w02.bmp.ctxr,w10c_w02.bmp,ctxr,22208,cabc243e04334b5b5d78806e613b5e0fd42db555
textures/flatlist/ovr_stm/_win/w10c_w06b2.bmp.ctxr,textures/flatlist/ovr_stm/_win,w10c_w06b2.bmp.ctxr,w10c_w06b2.bmp,ctxr,349920,cd6e3846d18c15ac829470ddf4a15b3b3264fccc
textures/flatlist/ovr_stm/_win/w11a0_amiflr1.bmp.ctxr,textures/flatlist/ovr_stm/_win,w11a0_amiflr1.bmp.ctxr,w11a0_amiflr1.bmp,ctxr,87744,487ce2bc5565da16bfa6f866e06265dcefb2ac8a
textures/flatlist/ovr_stm/_win/w11a0_amiflr1_nuke_alp.bmp.ctxr,textures/flatlist/ovr_stm/_win,w11a0_amiflr1_nuke_alp.bmp.ctxr,w11a0_amiflr1_nuke_alp.bmp,ctxr,44064,0622e8ea1a67bb01d90504ee49ca0d621f93bed1
textures/flatlist/ovr_stm/_win/w11a0_amiflr2.bmp.ctxr,textures/flatlist/ovr_stm/_win,w11a0_amiflr2.bmp.ctxr,w11a0_amiflr2.bmp,ctxr,44064,c1c545961c50e3f4b5250352e34a1a2968ab5c0f
textures/flatlist/ovr_stm/_win/w11a0_bonbe1.bmp.ctxr,textures/flatlist/ovr_stm/_win,w11a0_bonbe1.bmp.ctxr,w11a0_bonbe1.bmp,ctxr,87744,c5db9808dfec220940d7283358c62a5aaf11ae5a
textures/flatlist/ovr_stm/_win/w11a0_crndesk_f1.bmp.ctxr,textures/flatlist/ovr_stm/_win,w11a0_crndesk_f1.bmp.ctxr,w11a0_crndesk_f1.bmp,ctxr,87744,23a8928ab55dd9abff52f0f4c90814080f5aabc6
textures/flatlist/ovr_stm/_win/w11a0_deckwall1.bmp.ctxr,textures/flatlist/ovr_stm/_win,w11a0_deckwall1.bmp.ctxr,w11a0_deckwall1.bmp,ctxr,87776,8e7225cc246d350050c55ac1617bf46380cec74f
textures/flatlist/ovr_stm/_win/w11a0_drwall_panel_r.bmp.ctxr,textures/flatlist/ovr_stm/_win,w11a0_drwall_panel_r.bmp.ctxr,w11a0_drwall_panel_r.bmp,ctxr,44096,4d3cb15f9d9308e5e3b5a8c69ada1939321f056a
textures/flatlist/ovr_stm/_win/w11a0_duct1.bmp.ctxr,textures/flatlist/ovr_stm/_win,w11a0_duct1.bmp.ctxr,w11a0_duct1.bmp,ctxr,349952,5ca2e8f45a6989ce4d52c2a7c6771698904238e3
textures/flatlist/ovr_stm/_win/w11a0_duct1_enter.bmp.ctxr,textures/flatlist/ovr_stm/_win,w11a0_duct1_enter.bmp.ctxr,w11a0_duct1_enter.bmp,ctxr,175168,9e805018e35b2e0694be05a7e429b050229890d5
textures/flatlist/ovr_stm/_win/w11a0_duct_fence_alp.bmp.ctxr,textures/flatlist/ovr_stm/_win,w11a0_duct_fence_alp.bmp.ctxr,w11a0_duct_fence_alp.bmp,ctxr,11264,99cb9aa7b186780d349a7dff083c481add363ae8
textures/flatlist/ovr_stm/_win/w11a0_fence1_alp.bmp.ctxr,textures/flatlist/ovr_stm/_win,w11a0_fence1_alp.bmp.ctxr,w11a0_fence1_alp.bmp,ctxr,349920,f024940b1260b2696cbff4cb9ca273e809156fbc
textures/flatlist/ovr_stm/_win/w11a0_floor1.bmp.ctxr,textures/flatlist/ovr_stm/_win,w11a0_floor1.bmp.ctxr,w11a0_floor1.bmp,ctxr,349920,4c32d901c3e0b79b4d743d4f9bf68d76e72beb14
textures/flatlist/ovr_stm/_win/w11a0_floor1_side.bmp.ctxr,textures/flatlist/ovr_stm/_win,w11a0_floor1_side.bmp.ctxr,w11a0_floor1_side.bmp,ctxr,87776,6f8285cd3eabb04743ff5d90008a125efd9822c0
textures/flatlist/ovr_stm/_win/w11a0_gas_cap00.bmp.ctxr,textures/flatlist/ovr_stm/_win,w11a0_gas_cap00.bmp.ctxr,w11a0_gas_cap00.bmp,ctxr,3040,3179d179d53387a9c1fa80acb072c3f64ccca8c0
textures/flatlist/ovr_stm/_win/w11a0_jmst_dai1.bmp.ctxr,textures/flatlist/ovr_stm/_win,w11a0_jmst_dai1.bmp.ctxr,w11a0_jmst_dai1.bmp,ctxr,87744,3c748da231218ac3eb0cbba6d627832194b41373
textures/flatlist/ovr_stm/_win/w11a0_pillar1.bmp.ctxr,textures/flatlist/ovr_stm/_win,w11a0_pillar1.bmp.ctxr,w11a0_pillar1.bmp,ctxr,175168,bc233236ce7f3f26681f0a0e9193ac421da69d38
textures/flatlist/ovr_stm/_win/w11a0_poolwall1.bmp.ctxr,textures/flatlist/ovr_stm/_win,w11a0_poolwall1.bmp.ctxr,w11a0_poolwall1.bmp,ctxr,87776,b7e166495db28e5db813a18c804c8f94b3b88d2a
textures/flatlist/ovr_stm/_win/w11a0_poolwall2.bmp.ctxr,textures/flatlist/ovr_stm/_win,w11a0_poolwall2.bmp.ctxr,w11a0_poolwall2.bmp,ctxr,175168,f7471389dd1698006933e6ea15aff730b5fb534a
textures/flatlist/ovr_stm/_win/w11a0_pool_entflor1.bmp.ctxr,textures/flatlist/ovr_stm/_win,w11a0_pool_entflor1.bmp.ctxr,w11a0_pool_entflor1.bmp,ctxr,44064,73c5b949e17e70a902b23cffc34af92299f3440b
textures/flatlist/ovr_stm/_win/w11a0_poor_tsr1.bmp.ctxr,textures/flatlist/ovr_stm/_win,w11a0_poor_tsr1.bmp.ctxr,w11a0_poor_tsr1.bmp,ctxr,22208,a4c9d0a54d8b4a5fe95c6eb257a158fa40124604
textures/flatlist/ovr_stm/_win/w11a0_poor_tsr2.bmp.ctxr,textures/flatlist/ovr_stm/_win,w11a0_poor_tsr2.bmp.ctxr,w11a0_poor_tsr2.bmp,ctxr,11296,fd45524a5c5fb8a41956a8ad499c41b53553904e
textures/flatlist/ovr_stm/_win/w11a0_southwall1.bmp.ctxr,textures/flatlist/ovr_stm/_win,w11a0_southwall1.bmp.ctxr,w11a0_southwall1.bmp,ctxr,175168,9175e4703c811802d0c7fa1def106bc94db8c9d4
textures/flatlist/ovr_stm/_win/w11a0_southwall2.bmp.ctxr,textures/flatlist/ovr_stm/_win,w11a0_southwall2.bmp.ctxr,w11a0_southwall2.bmp,ctxr,175168,c0c4f9e5b64194d024ae87ff204b2392cb034cc5
textures/flatlist/ovr_stm/_win/w11a0_southwall_hari1.bmp.ctxr,textures/flatlist/ovr_stm/_win,w11a0_southwall_hari1.bmp.ctxr,w11a0_southwall_hari1.bmp,ctxr,175168,19be1b2b66a293f57c9e1821bd85f82f78d0a866
textures/flatlist/ovr_stm/_win/w11a0_step1.bmp.ctxr,textures/flatlist/ovr_stm/_win,w11a0_step1.bmp.ctxr,w11a0_step1.bmp,ctxr,44064,433b02afe4b0efeaaa49454d87451dd5193909e8
textures/flatlist/ovr_stm/_win/w11a0_tank1_asi1.bmp.ctxr,textures/flatlist/ovr_stm/_win,w11a0_tank1_asi1.bmp.ctxr,w11a0_tank1_asi1.bmp,ctxr,11264,68cb8da861b5b3c9758dcbb6b1cbea77469688dd
textures/flatlist/ovr_stm/_win/w11a0_tank1_asi2.bmp.ctxr,textures/flatlist/ovr_stm/_win,w11a0_tank1_asi2.bmp.ctxr,w11a0_tank1_asi2.bmp,ctxr,11264,0cd67b005b3194bf8ab017c097df8e3bcaa92a10
textures/flatlist/ovr_stm/_win/w11a0_tank1_ender.bmp.ctxr,textures/flatlist/ovr_stm/_win,w11a0_tank1_ender.bmp.ctxr,w11a0_tank1_ender.bmp,ctxr,5792,8c31b42de78b22dc88e52188b98fb82652e66bea
textures/flatlist/ovr_stm/_win/w11a0_tank1_s.bmp.ctxr,textures/flatlist/ovr_stm/_win,w11a0_tank1_s.bmp.ctxr,w11a0_tank1_s.bmp,ctxr,87744,e195c51b5edbfef97050ec3e6c6a9123b0e617b9
textures/flatlist/ovr_stm/_win/w11a0_temptex1_pipe.bmp.ctxr,textures/flatlist/ovr_stm/_win,w11a0_temptex1_pipe.bmp.ctxr,w11a0_temptex1_pipe.bmp,ctxr,22208,c02e71d115d581a75a47ef2b0a091686f63074e8
textures/flatlist/ovr_stm/_win/w11a0_tsr1.bmp.ctxr,textures/flatlist/ovr_stm/_win,w11a0_tsr1.bmp.ctxr,w11a0_tsr1.bmp,ctxr,11296,56f6e6712301a7eda520566aaef8df4a164e998d
textures/flatlist/ovr_stm/_win/w11a0_tsr2.bmp.ctxr,textures/flatlist/ovr_stm/_win,w11a0_tsr2.bmp.ctxr,w11a0_tsr2.bmp,ctxr,5792,b375e83b4bd1e90160410ee6bbf12648adbf6216
textures/flatlist/ovr_stm/_win/w11a0_wall1.bmp.ctxr,textures/flatlist/ovr_stm/_win,w11a0_wall1.bmp.ctxr,w11a0_wall1.bmp,ctxr,349920,e047157cb78fa6f244e0c446ee9ac8f184722d21
textures/flatlist/ovr_stm/_win/w11a0_wall2.bmp.ctxr,textures/flatlist/ovr_stm/_win,w11a0_wall2.bmp.ctxr,w11a0_wall2.bmp,ctxr,349920,737d9edfa5f044e18a98f5cab923194dc424e037
textures/flatlist/ovr_stm/_win/w11a1_flr2.bmp.ctxr,textures/flatlist/ovr_stm/_win,w11a1_flr2.bmp.ctxr,w11a1_flr2.bmp,ctxr,87744,e6fa1a141853a36ce02b4f7ed1cbda013183820b
textures/flatlist/ovr_stm/_win/w11a1_pillar1.bmp.ctxr,textures/flatlist/ovr_stm/_win,w11a1_pillar1.bmp.ctxr,w11a1_pillar1.bmp,ctxr,87776,1e6bc015abdc3559ad4e16ddb28eb7cfe8b028d3
textures/flatlist/ovr_stm/_win/w11a1_pillar1_s.bmp.ctxr,textures/flatlist/ovr_stm/_win,w11a1_pillar1_s.bmp.ctxr,w11a1_pillar1_s.bmp,ctxr,87776,8b619261e449a5bb51d40a8f7dc245600e34d83d
textures/flatlist/ovr_stm/_win/w11a1_pillar2.bmp.ctxr,textures/flatlist/ovr_stm/_win,w11a1_pillar2.bmp.ctxr,w11a1_pillar2.bmp,ctxr,87776,8434d00dd5dd6e373dd3d9b18580a2a1879e2b64
textures/flatlist/ovr_stm/_win/w11a1_pillar2_s.bmp.ctxr,textures/flatlist/ovr_stm/_win,w11a1_pillar2_s.bmp.ctxr,w11a1_pillar2_s.bmp,ctxr,87776,171235d93d46b3396693e8aae24f90408765b590
textures/flatlist/ovr_stm/_win/w11a1_pipe_endbox.bmp.ctxr,textures/flatlist/ovr_stm/_win,w11a1_pipe_endbox.bmp.ctxr,w11a1_pipe_endbox.bmp,ctxr,22176,84364576cd93db150033a874dd486a19f39f4d46
textures/flatlist/ovr_stm/_win/w11a1_wall1.bmp.ctxr,textures/flatlist/ovr_stm/_win,w11a1_wall1.bmp.ctxr,w11a1_wall1.bmp,ctxr,175168,e699614408381107ad065a6debc3eb9de6d70355
textures/flatlist/ovr_stm/_win/w11a1_wall2.bmp.ctxr,textures/flatlist/ovr_stm/_win,w11a1_wall2.bmp.ctxr,w11a1_wall2.bmp,ctxr,175168,43c45772bb1e0f5424020bf1e2a9653ba5340170
textures/flatlist/ovr_stm/_win/w11a1_wall3.bmp.ctxr,textures/flatlist/ovr_stm/_win,w11a1_wall3.bmp.ctxr,w11a1_wall3.bmp,ctxr,175168,692c3e528a10ec532f5807b47d2beba7adc91f43
textures/flatlist/ovr_stm/_win/w11a2_cable1_st.bmp.ctxr,textures/flatlist/ovr_stm/_win,w11a2_cable1_st.bmp.ctxr,w11a2_cable1_st.bmp,ctxr,22208,82afb30914f590f907de9940a44d0f6341dba08b
textures/flatlist/ovr_stm/_win/w11a2_ceil1.bmp.ctxr,textures/flatlist/ovr_stm/_win,w11a2_ceil1.bmp.ctxr,w11a2_ceil1.bmp,ctxr,87744,bc346b7eb7c9ab8334408b0376aeb59bd2083bb2
textures/flatlist/ovr_stm/_win/w11a2_ceillit_hanger1.bmp.ctxr,textures/flatlist/ovr_stm/_win,w11a2_ceillit_hanger1.bmp.ctxr,w11a2_ceillit_hanger1.bmp,ctxr,44096,b31cfd31d5123564cffd6d9b2227fc8c97a16ffc
textures/flatlist/ovr_stm/_win/w11a2_closed_shatter.bmp.ctxr,textures/flatlist/ovr_stm/_win,w11a2_closed_shatter.bmp.ctxr,w11a2_closed_shatter.bmp,ctxr,175168,a46e86ce146286ef32ff06ae335c32c8b5b7b142
textures/flatlist/ovr_stm/_win/w11a2_drwall1_head.bmp.ctxr,textures/flatlist/ovr_stm/_win,w11a2_drwall1_head.bmp.ctxr,w11a2_drwall1_head.bmp,ctxr,22208,bab5f3c7203c03fa7f1187108cd2390e72c28391
textures/flatlist/ovr_stm/_win/w11a2_elvgate_pillar.bmp.ctxr,textures/flatlist/ovr_stm/_win,w11a2_elvgate_pillar.bmp.ctxr,w11a2_elvgate_pillar.bmp,ctxr,44064,6a685fc3504d498dd3e2882850923d41fd09f1c9
textures/flatlist/ovr_stm/_win/w11a2_flr1.bmp.ctxr,textures/flatlist/ovr_stm/_win,w11a2_flr1.bmp.ctxr,w11a2_flr1.bmp,ctxr,349920,89019572b7858dcbd5e02d881220cb510a5151d2
textures/flatlist/ovr_stm/_win/w11a2_gate_flr1.bmp.ctxr,textures/flatlist/ovr_stm/_win,w11a2_gate_flr1.bmp.ctxr,w11a2_gate_flr1.bmp,ctxr,44064,ec7e7202bf8b1560a37657d8be31499720b870ef
textures/flatlist/ovr_stm/_win/w11a2_pillar1.bmp.ctxr,textures/flatlist/ovr_stm/_win,w11a2_pillar1.bmp.ctxr,w11a2_pillar1.bmp,ctxr,87776,d5fe44d1e46422eadb8aab80d84264c7486082b7
textures/flatlist/ovr_stm/_win/w11a2_pillar2.bmp.ctxr,textures/flatlist/ovr_stm/_win,w11a2_pillar2.bmp.ctxr,w11a2_pillar2.bmp,ctxr,87776,e1d1172f9b2c607a2c1e300fd8f36865f84b57df
textures/flatlist/ovr_stm/_win/w11a2_pipe3.bmp.ctxr,textures/flatlist/ovr_stm/_win,w11a2_pipe3.bmp.ctxr,w11a2_pipe3.bmp,ctxr,22208,8878a80f6781142c475aa5f327c73de329df90d7
textures/flatlist/ovr_stm/_win/w11a2_sunoko.bmp.ctxr,textures/flatlist/ovr_stm/_win,w11a2_sunoko.bmp.ctxr,w11a2_sunoko.bmp,ctxr,87744,693735702dd2d779b8e9fdefed7cf680cc4e57e7
textures/flatlist/ovr_stm/_win/w11a2_wall1.bmp.ctxr,textures/flatlist/ovr_stm/_win,w11a2_wall1.bmp.ctxr,w11a2_wall1.bmp,ctxr,349920,346635272799a63479b9362f414c3e9618810afa
textures/flatlist/ovr_stm/_win/w11a_gas2_02_t.bmp.ctxr,textures/flatlist/ovr_stm/_win,w11a_gas2_02_t.bmp.ctxr,w11a_gas2_02_t.bmp,ctxr,22176,f282c88429a11aded5b60fb79617037a53a437a6
textures/flatlist/ovr_stm/_win/w11a_gas2_03_t.bmp.ctxr,textures/flatlist/ovr_stm/_win,w11a_gas2_03_t.bmp.ctxr,w11a_gas2_03_t.bmp,ctxr,22176,845353c994b289311a2c8e387e1ac8f91b428013
textures/flatlist/ovr_stm/_win/w11a_gas2_04_t.bmp.ctxr,textures/flatlist/ovr_stm/_win,w11a_gas2_04_t.bmp.ctxr,w11a_gas2_04_t.bmp,ctxr,5760,34f24c1c04b798f93cdcee81565124c790ea1c45
textures/flatlist/ovr_stm/_win/w11a_gas_02_t.bmp.ctxr,textures/flatlist/ovr_stm/_win,w11a_gas_02_t.bmp.ctxr,w11a_gas_02_t.bmp,ctxr,22176,c54772af3942cc0a3f9fab0bf457af2604dbc3ed
textures/flatlist/ovr_stm/_win/w11a_litflame_wire_alp.bmp.ctxr,textures/flatlist/ovr_stm/_win,w11a_litflame_wire_alp.bmp.ctxr,w11a_litflame_wire_alp.bmp,ctxr,11296,e8d4f796556312c87b2484166576149da5254fa5
textures/flatlist/ovr_stm/_win/w11a_t_hako_c.bmp.ctxr,textures/flatlist/ovr_stm/_win,w11a_t_hako_c.bmp.ctxr,w11a_t_hako_c.bmp,ctxr,11264,b16f555c64987c07afd644f73101f6353e1c5096
textures/flatlist/ovr_stm/_win/w11a_t_hako_d.bmp.ctxr,textures/flatlist/ovr_stm/_win,w11a_t_hako_d.bmp.ctxr,w11a_t_hako_d.bmp,ctxr,87744,a3cb67e366a015399066a6e9d7df340a7b053515
textures/flatlist/ovr_stm/_win/w11a_t_hako_e_2.bmp.ctxr,textures/flatlist/ovr_stm/_win,w11a_t_hako_e_2.bmp.ctxr,w11a_t_hako_e_2.bmp,ctxr,22176,3037e6e9f16cb053c2f7fa214357ccf4f71d9728
textures/flatlist/ovr_stm/_win/w11a_t_tana2_b.bmp.ctxr,textures/flatlist/ovr_stm/_win,w11a_t_tana2_b.bmp.ctxr,w11a_t_tana2_b.bmp,ctxr,5824,ace639d5537cfa79d7b28d9d41fe85ce4f3f9691
textures/flatlist/ovr_stm/_win/w11a_t_tana2_c.bmp.ctxr,textures/flatlist/ovr_stm/_win,w11a_t_tana2_c.bmp.ctxr,w11a_t_tana2_c.bmp,ctxr,5824,4abcb7712748fef89051ed07b40681c71e99cf31
textures/flatlist/ovr_stm/_win/w11a_t_tana_a.bmp.ctxr,textures/flatlist/ovr_stm/_win,w11a_t_tana_a.bmp.ctxr,w11a_t_tana_a.bmp,ctxr,87744,89f467c5fa9ce28ba6f16683fe8d6e810916a11e
textures/flatlist/ovr_stm/_win/w11b2_ironbox_sf.bmp.ctxr,textures/flatlist/ovr_stm/_win,w11b2_ironbox_sf.bmp.ctxr,w11b2_ironbox_sf.bmp,ctxr,44064,913a301708dc6c66156774c5b44ac507392d6267
textures/flatlist/ovr_stm/_win/w11c2_lit_ele_box2.bmp.ctxr,textures/flatlist/ovr_stm/_win,w11c2_lit_ele_box2.bmp.ctxr,w11c2_lit_ele_box2.bmp,ctxr,22176,df91ca71052e9cb5da9ad4b6ce5272a188643f2c
textures/flatlist/ovr_stm/_win/w11c2_spipe_temptex1.bmp.ctxr,textures/flatlist/ovr_stm/_win,w11c2_spipe_temptex1.bmp.ctxr,w11c2_spipe_temptex1.bmp,ctxr,22176,ed358a03cea9b3efb755991524a17268e7ce4fa7
textures/flatlist/ovr_stm/_win/w11_drum_f1.bmp.ctxr,textures/flatlist/ovr_stm/_win,w11_drum_f1.bmp.ctxr,w11_drum_f1.bmp,ctxr,44064,a4202927e1e29c528a8578e166dc6a10088ea8a9
textures/flatlist/ovr_stm/_win/w11_drum_t1.bmp.ctxr,textures/flatlist/ovr_stm/_win,w11_drum_t1.bmp.ctxr,w11_drum_t1.bmp,ctxr,22176,50748504bc28d22bfe3019640b1d3678639e792f
textures/flatlist/ovr_stm/_win/w11_explode_drum_f1.bmp.ctxr,textures/flatlist/ovr_stm/_win,w11_explode_drum_f1.bmp.ctxr,w11_explode_drum_f1.bmp,ctxr,44064,1a2b889bcb3c1e28f58fdb23a319212b9cd5871d
textures/flatlist/ovr_stm/_win/w11_explode_drum_t1.bmp.ctxr,textures/flatlist/ovr_stm/_win,w11_explode_drum_t1.bmp.ctxr,w11_explode_drum_t1.bmp,ctxr,22176,296905b310bb482072155216f4eba8146cdb7c66
textures/flatlist/ovr_stm/_win/w11_sdr_f1.bmp.ctxr,textures/flatlist/ovr_stm/_win,w11_sdr_f1.bmp.ctxr,w11_sdr_f1.bmp,ctxr,44064,b53a0cc0e9d3dc4409a7ff8bcc8b9f63e571b1e7
textures/flatlist/ovr_stm/_win/w11_woodbox_all.bmp.ctxr,textures/flatlist/ovr_stm/_win,w11_woodbox_all.bmp.ctxr,w11_woodbox_all.bmp,ctxr,44064,0520078bf33bed0cf9fd25483675bf0503d941cb
textures/flatlist/ovr_stm/_win/w12a_fl00.bmp.ctxr,textures/flatlist/ovr_stm/_win,w12a_fl00.bmp.ctxr,w12a_fl00.bmp,ctxr,87744,1a4840c0ef9a4331b2dc85ea91c67827620b5d48
textures/flatlist/ovr_stm/_win/w12a_fl00a.bmp.ctxr,textures/flatlist/ovr_stm/_win,w12a_fl00a.bmp.ctxr,w12a_fl00a.bmp,ctxr,87744,2b258d85fcce1422c66f8bc696940d8440f71a88
textures/flatlist/ovr_stm/_win/w12a_fl00b.bmp.ctxr,textures/flatlist/ovr_stm/_win,w12a_fl00b.bmp.ctxr,w12a_fl00b.bmp,ctxr,44064,b337d0292da8feca41a33b33d4348caf541ef1e1
textures/flatlist/ovr_stm/_win/w12a_fl00c.bmp.ctxr,textures/flatlist/ovr_stm/_win,w12a_fl00c.bmp.ctxr,w12a_fl00c.bmp,ctxr,44064,6e84ea808e726d95f7d46d44ef1a1b7d3dc3f1a1
textures/flatlist/ovr_stm/_win/w12a_fl00d.bmp.ctxr,textures/flatlist/ovr_stm/_win,w12a_fl00d.bmp.ctxr,w12a_fl00d.bmp,ctxr,22176,816875ac9450dd7b04a3ff9a4d4690f3e23abb71
textures/flatlist/ovr_stm/_win/w12a_fl00e.bmp.ctxr,textures/flatlist/ovr_stm/_win,w12a_fl00e.bmp.ctxr,w12a_fl00e.bmp,ctxr,22176,a4964cda4d94ee6d52f834ba4ab9ba4a47769e0d
textures/flatlist/ovr_stm/_win/w12a_fl00f.bmp.ctxr,textures/flatlist/ovr_stm/_win,w12a_fl00f.bmp.ctxr,w12a_fl00f.bmp,ctxr,11296,ee3c7a609d57b77182540a768bd7ed21ec34758a
textures/flatlist/ovr_stm/_win/w12a_fl00g.bmp.ctxr,textures/flatlist/ovr_stm/_win,w12a_fl00g.bmp.ctxr,w12a_fl00g.bmp,ctxr,44064,1e2d8a584bf96ad0bded5a6e1bccf8f5725509c2
textures/flatlist/ovr_stm/_win/w12a_fl01.bmp.ctxr,textures/flatlist/ovr_stm/_win,w12a_fl01.bmp.ctxr,w12a_fl01.bmp,ctxr,22208,feebce79fe7ff5ba3bda82c421fe4e7a99284fe6
textures/flatlist/ovr_stm/_win/w12a_fl01a.bmp.ctxr,textures/flatlist/ovr_stm/_win,w12a_fl01a.bmp.ctxr,w12a_fl01a.bmp,ctxr,22208,55cf4081806c63cc24dddabe1d4da4fef52115d0
textures/flatlist/ovr_stm/_win/w12a_fl01b.bmp.ctxr,textures/flatlist/ovr_stm/_win,w12a_fl01b.bmp.ctxr,w12a_fl01b.bmp,ctxr,5760,ba77b24ce70c3b0a0e57f18e7dba8b30314d950d
textures/flatlist/ovr_stm/_win/w12a_fl01c.bmp.ctxr,textures/flatlist/ovr_stm/_win,w12a_fl01c.bmp.ctxr,w12a_fl01c.bmp,ctxr,11264,eeea63634d5f3a53cb6265273b425c6877b74005
textures/flatlist/ovr_stm/_win/w12a_fl01d.bmp.ctxr,textures/flatlist/ovr_stm/_win,w12a_fl01d.bmp.ctxr,w12a_fl01d.bmp,ctxr,22208,0bd2094c72ee67c641b381de05884b0cf0fcd95f
textures/flatlist/ovr_stm/_win/w12a_fl05.bmp.ctxr,textures/flatlist/ovr_stm/_win,w12a_fl05.bmp.ctxr,w12a_fl05.bmp,ctxr,44064,1f18cf634bc2c1302e3ae129e9388d7882ead53e
textures/flatlist/ovr_stm/_win/w12a_fl05a.bmp.ctxr,textures/flatlist/ovr_stm/_win,w12a_fl05a.bmp.ctxr,w12a_fl05a.bmp,ctxr,11264,5e43675b87ba544b1304d6e2f4c5c98f54186860
textures/flatlist/ovr_stm/_win/w12a_fl05b.bmp.ctxr,textures/flatlist/ovr_stm/_win,w12a_fl05b.bmp.ctxr,w12a_fl05b.bmp,ctxr,22208,887862771b1efdc07f8064e72a392fa6e80ff7a0
textures/flatlist/ovr_stm/_win/w12a_fl05c.bmp.ctxr,textures/flatlist/ovr_stm/_win,w12a_fl05c.bmp.ctxr,w12a_fl05c.bmp,ctxr,44064,65c68917ca5809e1d7bfdedf77934cd007b02598
textures/flatlist/ovr_stm/_win/w12a_fl05d.bmp.ctxr,textures/flatlist/ovr_stm/_win,w12a_fl05d.bmp.ctxr,w12a_fl05d.bmp,ctxr,22176,a6feaf44da17b924b02de99240fedb32aaa33f51
textures/flatlist/ovr_stm/_win/w12a_fl05e.bmp.ctxr,textures/flatlist/ovr_stm/_win,w12a_fl05e.bmp.ctxr,w12a_fl05e.bmp,ctxr,22176,534a59434d6688a94e41742f0c0eab4801d3b8ad
textures/flatlist/ovr_stm/_win/w12a_ironbox_sf.bmp.ctxr,textures/flatlist/ovr_stm/_win,w12a_ironbox_sf.bmp.ctxr,w12a_ironbox_sf.bmp,ctxr,44064,64c1356ed4c0bf20a63edb15ee987249b5712844
textures/flatlist/ovr_stm/_win/w12a_rf00a.bmp.ctxr,textures/flatlist/ovr_stm/_win,w12a_rf00a.bmp.ctxr,w12a_rf00a.bmp,ctxr,349920,71c59bf1f7f3001da76f6c096fc493da0e1bbc15
textures/flatlist/ovr_stm/_win/w12a_t_hako_d.bmp.ctxr,textures/flatlist/ovr_stm/_win,w12a_t_hako_d.bmp.ctxr,w12a_t_hako_d.bmp,ctxr,87744,37c1de5207e86009aea1f7b27a7ef6ee22bec604
textures/flatlist/ovr_stm/_win/w12a_w00a.bmp.ctxr,textures/flatlist/ovr_stm/_win,w12a_w00a.bmp.ctxr,w12a_w00a.bmp,ctxr,349920,940ac4df4b133ff7c9fe5a7bb2c5c856cc0a8842
textures/flatlist/ovr_stm/_win/w12a_w00b.bmp.ctxr,textures/flatlist/ovr_stm/_win,w12a_w00b.bmp.ctxr,w12a_w00b.bmp,ctxr,349920,e1a8e871135b094406eb2cb3b994ebab04fda36c
textures/flatlist/ovr_stm/_win/w12a_w01a.bmp.ctxr,textures/flatlist/ovr_stm/_win,w12a_w01a.bmp.ctxr,w12a_w01a.bmp,ctxr,22208,6486f3c909a614510992ab26efd81a52bcf9b21f
textures/flatlist/ovr_stm/_win/w12a_w01e.bmp.ctxr,textures/flatlist/ovr_stm/_win,w12a_w01e.bmp.ctxr,w12a_w01e.bmp,ctxr,22208,6bf3486cbb53df462b5a4f62b28af568338c5d49
textures/flatlist/ovr_stm/_win/w12a_w03.bmp_661e3b0b04936b908f29261f775d72d9.ctxr,textures/flatlist/ovr_stm/_win,w12a_w03.bmp_661e3b0b04936b908f29261f775d72d9.ctxr,w12a_w03.bmp_661e3b0b04936b908f29261f775d72d9,ctxr,44064,159b5d848a89e7342a7e5f0a702d60b2975b0ac2
textures/flatlist/ovr_stm/_win/w12b0_enta03.bmp.ctxr,textures/flatlist/ovr_stm/_win,w12b0_enta03.bmp.ctxr,w12b0_enta03.bmp,ctxr,87776,8d6e632c6bff417bceb0d61c3353a3089af60203
textures/flatlist/ovr_stm/_win/w12b0_partition_01_alp_ovl.bmp.ctxr,textures/flatlist/ovr_stm/_win,w12b0_partition_01_alp_ovl.bmp.ctxr,w12b0_partition_01_alp_ovl.bmp,ctxr,44064,dabe7836695fba8421edd1b9eb4feca5dcae6d3b
textures/flatlist/ovr_stm/_win/w12b0_wall_11.bmp.ctxr,textures/flatlist/ovr_stm/_win,w12b0_wall_11.bmp.ctxr,w12b0_wall_11.bmp,ctxr,87744,d0e66ad1eae2210efa62cc888f779aba452b76f7
textures/flatlist/ovr_stm/_win/w12b0_wall_14.bmp.ctxr,textures/flatlist/ovr_stm/_win,w12b0_wall_14.bmp.ctxr,w12b0_wall_14.bmp,ctxr,87776,0bab286c06b8cc12149a45fb75db120683abba91
textures/flatlist/ovr_stm/_win/w12b0_wall_16.bmp.ctxr,textures/flatlist/ovr_stm/_win,w12b0_wall_16.bmp.ctxr,w12b0_wall_16.bmp,ctxr,175168,832934928907cf99120fd44982bf144cdfc6c7fa
textures/flatlist/ovr_stm/_win/w12b1_floor1_mk.bmp.ctxr,textures/flatlist/ovr_stm/_win,w12b1_floor1_mk.bmp.ctxr,w12b1_floor1_mk.bmp,ctxr,1398528,8ba9dbc90aa44d2011b9758b9c7ea573eedf7340
textures/flatlist/ovr_stm/_win/w12b1_floor_01.bmp.ctxr,textures/flatlist/ovr_stm/_win,w12b1_floor_01.bmp.ctxr,w12b1_floor_01.bmp,ctxr,87744,ecfd9178e5d2832628a1d48c85744436e5340b50
textures/flatlist/ovr_stm/_win/w12b1_floor_02mk.bmp.ctxr,textures/flatlist/ovr_stm/_win,w12b1_floor_02mk.bmp.ctxr,w12b1_floor_02mk.bmp,ctxr,44064,83e7495c13fab5cb25304eb1ff843f3d677267e8
textures/flatlist/ovr_stm/_win/w12b1_floor_03mk.bmp.ctxr,textures/flatlist/ovr_stm/_win,w12b1_floor_03mk.bmp.ctxr,w12b1_floor_03mk.bmp,ctxr,349952,fc0e7e15227515a6be45973a1323862d404a1c46
textures/flatlist/ovr_stm/_win/w12b1_floor_04mk.bmp.ctxr,textures/flatlist/ovr_stm/_win,w12b1_floor_04mk.bmp.ctxr,w12b1_floor_04mk.bmp,ctxr,349952,eea0537dd6090be86c98ea0a626fc36d2a6af25b
textures/flatlist/ovr_stm/_win/w12b1_floor_04_alp_ovl.bmp.ctxr,textures/flatlist/ovr_stm/_win,w12b1_floor_04_alp_ovl.bmp.ctxr,w12b1_floor_04_alp_ovl.bmp,ctxr,11296,303c8ddc49b1ac6cf2345daf68d0a8538f2c9e62
textures/flatlist/ovr_stm/_win/w12b1_floor_06.bmp.ctxr,textures/flatlist/ovr_stm/_win,w12b1_floor_06.bmp.ctxr,w12b1_floor_06.bmp,ctxr,175168,aa668c751797acbd62ce437c038bf0b4e3822a10
textures/flatlist/ovr_stm/_win/w12b1_panel_03.bmp.ctxr,textures/flatlist/ovr_stm/_win,w12b1_panel_03.bmp.ctxr,w12b1_panel_03.bmp,ctxr,87744,ab920afd4ae649efd106cde442f988364140c4fa
textures/flatlist/ovr_stm/_win/w12b1_panel_04.bmp.ctxr,textures/flatlist/ovr_stm/_win,w12b1_panel_04.bmp.ctxr,w12b1_panel_04.bmp,ctxr,87776,c26967cce0fbd8937428ebf0f634f379cd826309
textures/flatlist/ovr_stm/_win/w12b1_panel_20.bmp.ctxr,textures/flatlist/ovr_stm/_win,w12b1_panel_20.bmp.ctxr,w12b1_panel_20.bmp,ctxr,44064,d1c8a00fca3523859a63b93f2c073992eb59522b
textures/flatlist/ovr_stm/_win/w12b1_panel_23.bmp.ctxr,textures/flatlist/ovr_stm/_win,w12b1_panel_23.bmp.ctxr,w12b1_panel_23.bmp,ctxr,11264,63f6e0dfa600c6ccfd983dccbf5c3c730f4f587c
textures/flatlist/ovr_stm/_win/w12b1_step2.bmp.ctxr,textures/flatlist/ovr_stm/_win,w12b1_step2.bmp.ctxr,w12b1_step2.bmp,ctxr,87744,ef68548a6f4d13e5e7fc912556a8e20554eb38f8
textures/flatlist/ovr_stm/_win/w12b1_step_mk.bmp.ctxr,textures/flatlist/ovr_stm/_win,w12b1_step_mk.bmp.ctxr,w12b1_step_mk.bmp,ctxr,22208,49052dd12447ff94c1dfc317f4875accf888b202
textures/flatlist/ovr_stm/_win/w12b1_tank_08mk.bmp.ctxr,textures/flatlist/ovr_stm/_win,w12b1_tank_08mk.bmp.ctxr,w12b1_tank_08mk.bmp,ctxr,87744,34917c33ef1691c1e1b5a82c90349ed8c44f0a86
textures/flatlist/ovr_stm/_win/w12b_box02.bmp.ctxr,textures/flatlist/ovr_stm/_win,w12b_box02.bmp.ctxr,w12b_box02.bmp,ctxr,44064,d553daa6f855c115318ea2819ff8e763f4e43289
textures/flatlist/ovr_stm/_win/w12b_contorol_box_01.bmp.ctxr,textures/flatlist/ovr_stm/_win,w12b_contorol_box_01.bmp.ctxr,w12b_contorol_box_01.bmp,ctxr,44064,383af3b312c05f58c1769a7aa75cc3a3979f34f3
textures/flatlist/ovr_stm/_win/w12b_contorol_box_03.bmp.ctxr,textures/flatlist/ovr_stm/_win,w12b_contorol_box_03.bmp.ctxr,w12b_contorol_box_03.bmp,ctxr,44064,f4235e02b3c1ce159568f9de3352e3a37d949106
textures/flatlist/ovr_stm/_win/w12b_doorafl00c_alp_ovl.bmp.ctxr,textures/flatlist/ovr_stm/_win,w12b_doorafl00c_alp_ovl.bmp.ctxr,w12b_doorafl00c_alp_ovl.bmp,ctxr,22208,40a7cfd3c5dacfbaaa81865eef4736341caa42f9
textures/flatlist/ovr_stm/_win/w12b_partition.bmp.ctxr,textures/flatlist/ovr_stm/_win,w12b_partition.bmp.ctxr,w12b_partition.bmp,ctxr,87744,18f72bc9d0fdf18ee14cb7df9c86ed9865ec4027
textures/flatlist/ovr_stm/_win/w12b_step.bmp.ctxr,textures/flatlist/ovr_stm/_win,w12b_step.bmp.ctxr,w12b_step.bmp,ctxr,22208,636093e5c7ca526d3c3f960621acbdb145b5310d
textures/flatlist/ovr_stm/_win/w12b_step_03_alp_ovl.bmp.ctxr,textures/flatlist/ovr_stm/_win,w12b_step_03_alp_ovl.bmp.ctxr,w12b_step_03_alp_ovl.bmp,ctxr,22208,48634ad46070eae0cdf83f6bf078a5393255e4fc
textures/flatlist/ovr_stm/_win/w12_doroppings00_alp_ovl.bmp.ctxr,textures/flatlist/ovr_stm/_win,w12_doroppings00_alp_ovl.bmp.ctxr,w12_doroppings00_alp_ovl.bmp,ctxr,175168,a3e4c0824ed4168d16f3847c4f2ff923cf61d381
textures/flatlist/ovr_stm/_win/w13a_fl00.bmp_8bb405078f955b69a05bdc9570cbde30.ctxr,textures/flatlist/ovr_stm/_win,w13a_fl00.bmp_8bb405078f955b69a05bdc9570cbde30.ctxr,w13a_fl00.bmp_8bb405078f955b69a05bdc9570cbde30,ctxr,87744,09f34a1cb560712966ac5200386d923647c5e5c4
textures/flatlist/ovr_stm/_win/w13a_fl01b.bmp.ctxr,textures/flatlist/ovr_stm/_win,w13a_fl01b.bmp.ctxr,w13a_fl01b.bmp,ctxr,87744,36366cc3d4f28b75132e8468d11804b26057cee1
textures/flatlist/ovr_stm/_win/w13a_fl04a.bmp_a813b6399aa0462f40543da64fc74c3e.ctxr,textures/flatlist/ovr_stm/_win,w13a_fl04a.bmp_a813b6399aa0462f40543da64fc74c3e.ctxr,w13a_fl04a.bmp_a813b6399aa0462f40543da64fc74c3e,ctxr,87744,f6aeb7b70eb8b912b82e46fbf38c18ccf4a44aea
textures/flatlist/ovr_stm/_win/w13a_fl05.bmp.ctxr,textures/flatlist/ovr_stm/_win,w13a_fl05.bmp.ctxr,w13a_fl05.bmp,ctxr,44064,251b4378174891705caeeffa1cd54eb84569ab2c
textures/flatlist/ovr_stm/_win/w13a_pp01b.bmp.ctxr,textures/flatlist/ovr_stm/_win,w13a_pp01b.bmp.ctxr,w13a_pp01b.bmp,ctxr,22208,5efd39d44ae68b1971eb2be223e14bffa88fa956
textures/flatlist/ovr_stm/_win/w13a_pp04b.bmp.ctxr,textures/flatlist/ovr_stm/_win,w13a_pp04b.bmp.ctxr,w13a_pp04b.bmp,ctxr,11264,ddbe2b70ff0e554fd456049264019483371d0820
textures/flatlist/ovr_stm/_win/w13a_pp04d.bmp.ctxr,textures/flatlist/ovr_stm/_win,w13a_pp04d.bmp.ctxr,w13a_pp04d.bmp,ctxr,22208,3276d3c359c01a3e46f6eeb2933ef5145399668f
textures/flatlist/ovr_stm/_win/w13a_sk00a.bmp.ctxr,textures/flatlist/ovr_stm/_win,w13a_sk00a.bmp.ctxr,w13a_sk00a.bmp,ctxr,44064,a186f21da3a2257f02055a6f61dccdfcc036dbc8
textures/flatlist/ovr_stm/_win/w13a_w01b.bmp.ctxr,textures/flatlist/ovr_stm/_win,w13a_w01b.bmp.ctxr,w13a_w01b.bmp,ctxr,44064,a296a8335b10a4b97beac15fcb0e869552079c29
textures/flatlist/ovr_stm/_win/w13a_w01j.bmp.ctxr,textures/flatlist/ovr_stm/_win,w13a_w01j.bmp.ctxr,w13a_w01j.bmp,ctxr,44064,a49c0bd399d164c428cc64d20317bf8e5e6c6bcf
textures/flatlist/ovr_stm/_win/w14a0_fl_b01.bmp.ctxr,textures/flatlist/ovr_stm/_win,w14a0_fl_b01.bmp.ctxr,w14a0_fl_b01.bmp,ctxr,87744,db4b0c84d1f4527eeb93d2ad986995e69b6eaad5
textures/flatlist/ovr_stm/_win/w14a0_fl_b02.bmp.ctxr,textures/flatlist/ovr_stm/_win,w14a0_fl_b02.bmp.ctxr,w14a0_fl_b02.bmp,ctxr,87744,c0bae60ba7baa83a7c4dd5c276089eefc0bffb32
textures/flatlist/ovr_stm/_win/w14a0_fl_b03_alp_ovl.bmp.ctxr,textures/flatlist/ovr_stm/_win,w14a0_fl_b03_alp_ovl.bmp.ctxr,w14a0_fl_b03_alp_ovl.bmp,ctxr,87744,287f9152478f14cddddd0d0336054a6d844e3ff0
textures/flatlist/ovr_stm/_win/w14a0_fl_b04.bmp.ctxr,textures/flatlist/ovr_stm/_win,w14a0_fl_b04.bmp.ctxr,w14a0_fl_b04.bmp,ctxr,44064,f8dd56eaf246bd693afd6e5e177008a5735d40e9
textures/flatlist/ovr_stm/_win/w14a0_fl_p02.bmp.ctxr,textures/flatlist/ovr_stm/_win,w14a0_fl_p02.bmp.ctxr,w14a0_fl_p02.bmp,ctxr,44064,50d003f4deabd5a6fc1288957d1bfdf43c780805
textures/flatlist/ovr_stm/_win/w14a0_fl_r01_6.bmp.ctxr,textures/flatlist/ovr_stm/_win,w14a0_fl_r01_6.bmp.ctxr,w14a0_fl_r01_6.bmp,ctxr,349920,b8ae23767a52395010182288e6edee22ee5cf8db
textures/flatlist/ovr_stm/_win/w14a0_fl_r02.bmp.ctxr,textures/flatlist/ovr_stm/_win,w14a0_fl_r02.bmp.ctxr,w14a0_fl_r02.bmp,ctxr,44064,3047bf2404d5f8b6d7de79a2e63c34432099f7b3
textures/flatlist/ovr_stm/_win/w14a0_pipe_p01.bmp.ctxr,textures/flatlist/ovr_stm/_win,w14a0_pipe_p01.bmp.ctxr,w14a0_pipe_p01.bmp,ctxr,44096,1b87a85f94fd42f1aafee00c62418df53378407d
textures/flatlist/ovr_stm/_win/w14a0_wall_a02.bmp_008f67bac10c096740575ea8304493bf.ctxr,textures/flatlist/ovr_stm/_win,w14a0_wall_a02.bmp_008f67bac10c096740575ea8304493bf.ctxr,w14a0_wall_a02.bmp_008f67bac10c096740575ea8304493bf,ctxr,44096,fa4d77159cc4306782508c74d0bf9ae4a7602fc1
textures/flatlist/ovr_stm/_win/w14a0_wall_a03.bmp.ctxr,textures/flatlist/ovr_stm/_win,w14a0_wall_a03.bmp.ctxr,w14a0_wall_a03.bmp,ctxr,349920,ed3114229517eceff07d5ddcbbb2082d73296167
textures/flatlist/ovr_stm/_win/w14a_fl_a04_alp_ovl.bmp.ctxr,textures/flatlist/ovr_stm/_win,w14a_fl_a04_alp_ovl.bmp.ctxr,w14a_fl_a04_alp_ovl.bmp,ctxr,44064,e4aec222831be1869aca81b3870f9d5533c3a181
textures/flatlist/ovr_stm/_win/w14a_fl_f01.bmp.ctxr,textures/flatlist/ovr_stm/_win,w14a_fl_f01.bmp.ctxr,w14a_fl_f01.bmp,ctxr,175168,8ddfe412658b16300ac3a9d2080705dd6ec3c0ad
textures/flatlist/ovr_stm/_win/w14a_fl_f02.bmp.ctxr,textures/flatlist/ovr_stm/_win,w14a_fl_f02.bmp.ctxr,w14a_fl_f02.bmp,ctxr,87744,2aa6f85982d8684c74e362c864d66bbbcd680947
textures/flatlist/ovr_stm/_win/w14a_fl_f03.bmp.ctxr,textures/flatlist/ovr_stm/_win,w14a_fl_f03.bmp.ctxr,w14a_fl_f03.bmp,ctxr,44064,6711d08d8633b2bb6c87a60c457249ee6ace9992
textures/flatlist/ovr_stm/_win/w14a_poster_mog_01.bmp.ctxr,textures/flatlist/ovr_stm/_win,w14a_poster_mog_01.bmp.ctxr,w14a_poster_mog_01.bmp,ctxr,175168,8d320d06d8ce6513faba45291f1ba10e1e0e7085
textures/flatlist/ovr_stm/_win/w14a_roof_c01.bmp.ctxr,textures/flatlist/ovr_stm/_win,w14a_roof_c01.bmp.ctxr,w14a_roof_c01.bmp,ctxr,349920,e860b192e54f1825af609e90a664765a5a4a263e
textures/flatlist/ovr_stm/_win/w14a_step_a02.bmp.ctxr,textures/flatlist/ovr_stm/_win,w14a_step_a02.bmp.ctxr,w14a_step_a02.bmp,ctxr,22208,a4256eb3256676d070ddc987d968b2b3c1723888
textures/flatlist/ovr_stm/_win/w14a_step_a03.bmp.ctxr,textures/flatlist/ovr_stm/_win,w14a_step_a03.bmp.ctxr,w14a_step_a03.bmp,ctxr,22208,78c25dcfcf00b65500c669820d4e8bb887801f1f
textures/flatlist/ovr_stm/_win/w14a_step_b02.bmp.ctxr,textures/flatlist/ovr_stm/_win,w14a_step_b02.bmp.ctxr,w14a_step_b02.bmp,ctxr,22208,fa358d1c55443870711b7cebef70e3df6d7752f4
textures/flatlist/ovr_stm/_win/w14a_step_b03.bmp.ctxr,textures/flatlist/ovr_stm/_win,w14a_step_b03.bmp.ctxr,w14a_step_b03.bmp,ctxr,22208,801cfc33120259cc71da0ba77af09102a742ba67
textures/flatlist/ovr_stm/_win/w15a_fl01b.bmp_2afc1ae6ae83df2b26b76fc7749613da.ctxr,textures/flatlist/ovr_stm/_win,w15a_fl01b.bmp_2afc1ae6ae83df2b26b76fc7749613da.ctxr,w15a_fl01b.bmp_2afc1ae6ae83df2b26b76fc7749613da,ctxr,87744,86ded671a9eaf35379592929a236dd7b9119a5b9
textures/flatlist/ovr_stm/_win/w15a_pp01.bmp.ctxr,textures/flatlist/ovr_stm/_win,w15a_pp01.bmp.ctxr,w15a_pp01.bmp,ctxr,22176,aefb9cbf1c29c92ae52d6c6ca8919d26c3ce70f8
textures/flatlist/ovr_stm/_win/w15a_stpbrk00.bmp.ctxr,textures/flatlist/ovr_stm/_win,w15a_stpbrk00.bmp.ctxr,w15a_stpbrk00.bmp,ctxr,22208,6f13ac78881228dd5c87e2d75b756ffd984ef0a7
textures/flatlist/ovr_stm/_win/w16a0n_po01.bmp.ctxr,textures/flatlist/ovr_stm/_win,w16a0n_po01.bmp.ctxr,w16a0n_po01.bmp,ctxr,349920,37d15472aedce4e7e2bf6705d2189580b7f73b18
textures/flatlist/ovr_stm/_win/w16a0n_po02.bmp.ctxr,textures/flatlist/ovr_stm/_win,w16a0n_po02.bmp.ctxr,w16a0n_po02.bmp,ctxr,349920,5815da87cec4d2b776a1a22c07e8da8e20dccb1b
textures/flatlist/ovr_stm/_win/w16a0_ref_all.bmp.ctxr,textures/flatlist/ovr_stm/_win,w16a0_ref_all.bmp.ctxr,w16a0_ref_all.bmp,ctxr,699488,d867b4380e129decb1050994fd29c33050a33227
textures/flatlist/ovr_stm/_win/w16a0_wa05.bmp.ctxr,textures/flatlist/ovr_stm/_win,w16a0_wa05.bmp.ctxr,w16a0_wa05.bmp,ctxr,175168,2bfe1fe90e77e4343f994a66f49d26f000e62b64
textures/flatlist/ovr_stm/_win/w16a2_pos.bmp.ctxr,textures/flatlist/ovr_stm/_win,w16a2_pos.bmp.ctxr,w16a2_pos.bmp,ctxr,349920,f430ca2e3e39dc228cd1a8837675657149ab4047
textures/flatlist/ovr_stm/_win/w16an_fl01.bmp.ctxr,textures/flatlist/ovr_stm/_win,w16an_fl01.bmp.ctxr,w16an_fl01.bmp,ctxr,87744,e001a7c7d7f36f881f28194c5c84117ffac5ca0d
textures/flatlist/ovr_stm/_win/w16an_fl_t03_bld090_ovl.bmp.ctxr,textures/flatlist/ovr_stm/_win,w16an_fl_t03_bld090_ovl.bmp.ctxr,w16an_fl_t03_bld090_ovl.bmp,ctxr,87744,b389150251a952baa97ede94e193b830a2b58409
textures/flatlist/ovr_stm/_win/w16an_ki08.bmp.ctxr,textures/flatlist/ovr_stm/_win,w16an_ki08.bmp.ctxr,w16an_ki08.bmp,ctxr,44064,eeb970198a52b492036f80f8f86906e96b19c6bc
textures/flatlist/ovr_stm/_win/w16an_ki08a.bmp.ctxr,textures/flatlist/ovr_stm/_win,w16an_ki08a.bmp.ctxr,w16an_ki08a.bmp,ctxr,22176,424028a96e5af5e5498a6d0483ec47864cf80ffe
textures/flatlist/ovr_stm/_win/w16an_ki08b.bmp.ctxr,textures/flatlist/ovr_stm/_win,w16an_ki08b.bmp.ctxr,w16an_ki08b.bmp,ctxr,22176,11e8a4bf781d9acf3c758cd9b6237c8200419637
textures/flatlist/ovr_stm/_win/w16an_ki18a.bmp.ctxr,textures/flatlist/ovr_stm/_win,w16an_ki18a.bmp.ctxr,w16an_ki18a.bmp,ctxr,87744,e91fcf12b5e76fe80bb89551c445cf1f2169538b
textures/flatlist/ovr_stm/_win/w16an_kita01a.bmp.ctxr,textures/flatlist/ovr_stm/_win,w16an_kita01a.bmp.ctxr,w16an_kita01a.bmp,ctxr,22176,620853d0e2d79aa797e9926ff71f2b3694427950
textures/flatlist/ovr_stm/_win/w16an_wa_to03.bmp.ctxr,textures/flatlist/ovr_stm/_win,w16an_wa_to03.bmp.ctxr,w16an_wa_to03.bmp,ctxr,22208,197297caa1e08c6070939fe33d44df0b507eae17
textures/flatlist/ovr_stm/_win/w16an_wa_to05a.bmp.ctxr,textures/flatlist/ovr_stm/_win,w16an_wa_to05a.bmp.ctxr,w16an_wa_to05a.bmp,ctxr,87744,3d28e6ed0ed7abc901f0253bb21c5ca1494b8517
textures/flatlist/ovr_stm/_win/w16a_wa01.bmp.ctxr,textures/flatlist/ovr_stm/_win,w16a_wa01.bmp.ctxr,w16a_wa01.bmp,ctxr,44096,223c859dcf80643a5ae88a89fe0e964d51e46f6f
textures/flatlist/ovr_stm/_win/w16a_wa02.bmp.ctxr,textures/flatlist/ovr_stm/_win,w16a_wa02.bmp.ctxr,w16a_wa02.bmp,ctxr,175168,a5a5e1494b12c21790d94caebac9a96ed2917661
textures/flatlist/ovr_stm/_win/w16a_wa02a.bmp.ctxr,textures/flatlist/ovr_stm/_win,w16a_wa02a.bmp.ctxr,w16a_wa02a.bmp,ctxr,175168,031ffae1264f93ebee3a139d812f41d347c855dc
textures/flatlist/ovr_stm/_win/w16a_wa03.bmp.ctxr,textures/flatlist/ovr_stm/_win,w16a_wa03.bmp.ctxr,w16a_wa03.bmp,ctxr,44096,ac7591516f442c215cc2329c4e1631d02f4bea61
textures/flatlist/ovr_stm/_win/w16a_wa04_1.bmp.ctxr,textures/flatlist/ovr_stm/_win,w16a_wa04_1.bmp.ctxr,w16a_wa04_1.bmp,ctxr,44096,c4899dca02c35fe8d42151c3a4ec3b0ed1a26daf
textures/flatlist/ovr_stm/_win/w16a_wa04_3.bmp.ctxr,textures/flatlist/ovr_stm/_win,w16a_wa04_3.bmp.ctxr,w16a_wa04_3.bmp,ctxr,175168,fe3691f4aa5cfadfa750a342fcabfbfe12801e3c
textures/flatlist/ovr_stm/_win/w16a_wa_to01.bmp.ctxr,textures/flatlist/ovr_stm/_win,w16a_wa_to01.bmp.ctxr,w16a_wa_to01.bmp,ctxr,175168,78c69abb12426353726e8e2bf4fa242af739f704
textures/flatlist/ovr_stm/_win/w16a_wa_top.bmp.ctxr,textures/flatlist/ovr_stm/_win,w16a_wa_top.bmp.ctxr,w16a_wa_top.bmp,ctxr,5824,14f76acfab332b0b386f7e941c7d021dc0ebae42
textures/flatlist/ovr_stm/_win/w18a_2f_flor1.bmp.ctxr,textures/flatlist/ovr_stm/_win,w18a_2f_flor1.bmp.ctxr,w18a_2f_flor1.bmp,ctxr,175168,4c314c98e76c177a4ce8a26785745401fc3debb1
textures/flatlist/ovr_stm/_win/w18a_2f_flor2.bmp.ctxr,textures/flatlist/ovr_stm/_win,w18a_2f_flor2.bmp.ctxr,w18a_2f_flor2.bmp,ctxr,87776,e16d0636396c021320ba98d3d0059ba103b1a6b0
textures/flatlist/ovr_stm/_win/w18a_bridgefloor1.bmp.ctxr,textures/flatlist/ovr_stm/_win,w18a_bridgefloor1.bmp.ctxr,w18a_bridgefloor1.bmp,ctxr,87744,f56680928562e4b4683f79cd867fff448704839c
textures/flatlist/ovr_stm/_win/w18a_enta00.bmp.ctxr,textures/flatlist/ovr_stm/_win,w18a_enta00.bmp.ctxr,w18a_enta00.bmp,ctxr,44096,f774e1e64a98ad3ebd1d4d5990226015e55cbdd8
textures/flatlist/ovr_stm/_win/w18a_enta01.bmp.ctxr,textures/flatlist/ovr_stm/_win,w18a_enta01.bmp.ctxr,w18a_enta01.bmp,ctxr,87744,1cb3996b99684dc9e05d8a48a28fcf6f685157e8
textures/flatlist/ovr_stm/_win/w18a_hatch.bmp.ctxr,textures/flatlist/ovr_stm/_win,w18a_hatch.bmp.ctxr,w18a_hatch.bmp,ctxr,44064,bd98d628ebede6f89071462de6070f283ded6a7f
textures/flatlist/ovr_stm/_win/w18a_poolwall1.bmp.ctxr,textures/flatlist/ovr_stm/_win,w18a_poolwall1.bmp.ctxr,w18a_poolwall1.bmp,ctxr,175168,bd06cd068c53c1a0d1455b65f5c32fa77bfd1e71
textures/flatlist/ovr_stm/_win/w18a_poolwall1_fader.bmp.ctxr,textures/flatlist/ovr_stm/_win,w18a_poolwall1_fader.bmp.ctxr,w18a_poolwall1_fader.bmp,ctxr,175168,bb5e514976ee651b561232399fe955f16d1e8248
textures/flatlist/ovr_stm/_win/w18a_saku1_ft.bmp.ctxr,textures/flatlist/ovr_stm/_win,w18a_saku1_ft.bmp.ctxr,w18a_saku1_ft.bmp,ctxr,44064,53c788357ae67fad3711dc0a38f9f0d9e71d9f51
textures/flatlist/ovr_stm/_win/w18a_saku1_u.bmp.ctxr,textures/flatlist/ovr_stm/_win,w18a_saku1_u.bmp.ctxr,w18a_saku1_u.bmp,ctxr,44064,1680a2a591f02e78deb9f4e21f044a59d82494e3
textures/flatlist/ovr_stm/_win/w18a_saku2_ft.bmp.ctxr,textures/flatlist/ovr_stm/_win,w18a_saku2_ft.bmp.ctxr,w18a_saku2_ft.bmp,ctxr,44064,f4f5e6c2fd48507ad88314e776b955c6b6193e6f
textures/flatlist/ovr_stm/_win/w18a_tankwall1.bmp.ctxr,textures/flatlist/ovr_stm/_win,w18a_tankwall1.bmp.ctxr,w18a_tankwall1.bmp,ctxr,44064,a186778c57d09e54bb7af03df2edfb144bdc8559
textures/flatlist/ovr_stm/_win/w18a_tankwall1_header.bmp.ctxr,textures/flatlist/ovr_stm/_win,w18a_tankwall1_header.bmp.ctxr,w18a_tankwall1_header.bmp,ctxr,11296,51b812cdcea30fb92c3ef35509ebb79832c66adf
textures/flatlist/ovr_stm/_win/w18a_tnkfloor1.bmp.ctxr,textures/flatlist/ovr_stm/_win,w18a_tnkfloor1.bmp.ctxr,w18a_tnkfloor1.bmp,ctxr,87744,3ba67f0377bb739cd801d4247ab0c530eb7efbac
textures/flatlist/ovr_stm/_win/w18a_tnkfloor2.bmp.ctxr,textures/flatlist/ovr_stm/_win,w18a_tnkfloor2.bmp.ctxr,w18a_tnkfloor2.bmp,ctxr,175168,3ce4df6e7553571ea912963d37beb86086f85111
textures/flatlist/ovr_stm/_win/w18a_tsr_bar1.bmp.ctxr,textures/flatlist/ovr_stm/_win,w18a_tsr_bar1.bmp.ctxr,w18a_tsr_bar1.bmp,ctxr,22208,c087ee7405bea64ee859429b81019712e9c10fcf
textures/flatlist/ovr_stm/_win/w18a_tsr_bar1.bmp_1c58084ea3dd78ff8ba4a3fac8949888.ctxr,textures/flatlist/ovr_stm/_win,w18a_tsr_bar1.bmp_1c58084ea3dd78ff8ba4a3fac8949888.ctxr,w18a_tsr_bar1.bmp_1c58084ea3dd78ff8ba4a3fac8949888,ctxr,22208,3208e7e46f77baa79718cb38fd457484aa988f5e
textures/flatlist/ovr_stm/_win/w18a_tsr_jiku1.bmp.ctxr,textures/flatlist/ovr_stm/_win,w18a_tsr_jiku1.bmp.ctxr,w18a_tsr_jiku1.bmp,ctxr,5792,73e4d068af29cbeb1e7b0933b8af04cf64e23b7a
textures/flatlist/ovr_stm/_win/w18a_wall1.bmp.ctxr,textures/flatlist/ovr_stm/_win,w18a_wall1.bmp.ctxr,w18a_wall1.bmp,ctxr,349920,a5a30ee810b213b78336f6bd14da05b1c5af08e4
textures/flatlist/ovr_stm/_win/w18a_wall2.bmp.ctxr,textures/flatlist/ovr_stm/_win,w18a_wall2.bmp.ctxr,w18a_wall2.bmp,ctxr,349920,0cb9c7ca57afb194a81e178b5051edace4897804
textures/flatlist/ovr_stm/_win/w19a_fl00.bmp.ctxr,textures/flatlist/ovr_stm/_win,w19a_fl00.bmp.ctxr,w19a_fl00.bmp,ctxr,87744,ee5c5b0fc2436830e780541436a9621033dfda21
textures/flatlist/ovr_stm/_win/w19a_fl00b.bmp.ctxr,textures/flatlist/ovr_stm/_win,w19a_fl00b.bmp.ctxr,w19a_fl00b.bmp,ctxr,44064,43b167d15329ae5b298a574f0b46e65601d77b30
textures/flatlist/ovr_stm/_win/w19a_fl01.bmp.ctxr,textures/flatlist/ovr_stm/_win,w19a_fl01.bmp.ctxr,w19a_fl01.bmp,ctxr,87744,9434fa7d00408681d627df3e9ba4757e12da1538
textures/flatlist/ovr_stm/_win/w19a_fl02.bmp.ctxr,textures/flatlist/ovr_stm/_win,w19a_fl02.bmp.ctxr,w19a_fl02.bmp,ctxr,175168,c6d07de85c2579bce67401ac92bb1feccb741d68
textures/flatlist/ovr_stm/_win/w19a_fl03a.bmp.ctxr,textures/flatlist/ovr_stm/_win,w19a_fl03a.bmp.ctxr,w19a_fl03a.bmp,ctxr,87744,dcbc24d814c6c90f44275b04835a9e929ec39d42
textures/flatlist/ovr_stm/_win/w19a_stpsdw01.bmp.ctxr,textures/flatlist/ovr_stm/_win,w19a_stpsdw01.bmp.ctxr,w19a_stpsdw01.bmp,ctxr,5792,b757195790b0d561d699572c092f9966fbca7495
textures/flatlist/ovr_stm/_win/w20a0_fl01_mk.bmp.ctxr,textures/flatlist/ovr_stm/_win,w20a0_fl01_mk.bmp.ctxr,w20a0_fl01_mk.bmp,ctxr,87744,14776c30bff7ad52f718c90695e033a78d89e4f4
textures/flatlist/ovr_stm/_win/w20a0_gate_head.bmp.ctxr,textures/flatlist/ovr_stm/_win,w20a0_gate_head.bmp.ctxr,w20a0_gate_head.bmp,ctxr,44064,c66262552becef2eedc004546ec26d0c6df2e62e
textures/flatlist/ovr_stm/_win/w20a3_room_wall1.bmp.ctxr,textures/flatlist/ovr_stm/_win,w20a3_room_wall1.bmp.ctxr,w20a3_room_wall1.bmp,ctxr,175168,dcc6db84bb57b83407836a061b25b9c17e44a703
textures/flatlist/ovr_stm/_win/w20a3_room_wall1_lig.bmp.ctxr,textures/flatlist/ovr_stm/_win,w20a3_room_wall1_lig.bmp.ctxr,w20a3_room_wall1_lig.bmp,ctxr,175168,0477138a7b90070c5e1207a8e2e8a67132fbe42b
textures/flatlist/ovr_stm/_win/w20a4n_floor_01.bmp.ctxr,textures/flatlist/ovr_stm/_win,w20a4n_floor_01.bmp.ctxr,w20a4n_floor_01.bmp,ctxr,349920,a36b2f2745bcc944b9970d34086e12db53f7550a
textures/flatlist/ovr_stm/_win/w20a4n_floor_02.bmp.ctxr,textures/flatlist/ovr_stm/_win,w20a4n_floor_02.bmp.ctxr,w20a4n_floor_02.bmp,ctxr,349920,eebd7569011a6b6efd13d78f602a2e82a71ef8f6
textures/flatlist/ovr_stm/_win/w20a4n_floor_oku_01.bmp.ctxr,textures/flatlist/ovr_stm/_win,w20a4n_floor_oku_01.bmp.ctxr,w20a4n_floor_oku_01.bmp,ctxr,175168,50ca228a5b8f6160c271e03e5f87dcc22a071b79
textures/flatlist/ovr_stm/_win/w20a4n_floor_oku_02.bmp.ctxr,textures/flatlist/ovr_stm/_win,w20a4n_floor_oku_02.bmp.ctxr,w20a4n_floor_oku_02.bmp,ctxr,175168,3509619e03b7a27372a71eba996f02e90da68951
textures/flatlist/ovr_stm/_win/w20a4n_floor_oku_02a.bmp.ctxr,textures/flatlist/ovr_stm/_win,w20a4n_floor_oku_02a.bmp.ctxr,w20a4n_floor_oku_02a.bmp,ctxr,44064,6b5195bcaa802d35e5034aa149fc7334c715c1fe
textures/flatlist/ovr_stm/_win/w20a4n_wall_01.bmp.ctxr,textures/flatlist/ovr_stm/_win,w20a4n_wall_01.bmp.ctxr,w20a4n_wall_01.bmp,ctxr,175168,c66219010d31c55a51c75373e536cdddba91dca1
textures/flatlist/ovr_stm/_win/w20a4n_wall_03b.bmp.ctxr,textures/flatlist/ovr_stm/_win,w20a4n_wall_03b.bmp.ctxr,w20a4n_wall_03b.bmp,ctxr,44096,4491214809d05ab84b0f50bb53e27304e79419ec
textures/flatlist/ovr_stm/_win/w20a4n_wall_door_01.bmp.ctxr,textures/flatlist/ovr_stm/_win,w20a4n_wall_door_01.bmp.ctxr,w20a4n_wall_door_01.bmp,ctxr,175168,2f323b06f39d5cda7ec8daba2372dca2f187aa77
textures/flatlist/ovr_stm/_win/w20a_bel01b2.bmp_3e13885a31d01923a72db72c58d9895b.ctxr,textures/flatlist/ovr_stm/_win,w20a_bel01b2.bmp_3e13885a31d01923a72db72c58d9895b.ctxr,w20a_bel01b2.bmp_3e13885a31d01923a72db72c58d9895b,ctxr,44064,b6830e4f00ab15385387add875bed7cd9093cce2
textures/flatlist/ovr_stm/_win/w20a_bel01b3.bmp_db42b9ae8dd1b8c28ef5f65bfc14d1db.ctxr,textures/flatlist/ovr_stm/_win,w20a_bel01b3.bmp_db42b9ae8dd1b8c28ef5f65bfc14d1db.ctxr,w20a_bel01b3.bmp_db42b9ae8dd1b8c28ef5f65bfc14d1db,ctxr,87776,b3ac28a3bf5807e8f12cb51cdcf31cf29d4e2af5
textures/flatlist/ovr_stm/_win/w20a_hako_b_a.bmp.ctxr,textures/flatlist/ovr_stm/_win,w20a_hako_b_a.bmp.ctxr,w20a_hako_b_a.bmp,ctxr,5760,acb748b9047a630c2aec2b965936ea48a587e794
textures/flatlist/ovr_stm/_win/w20a_hako_b_b.bmp.ctxr,textures/flatlist/ovr_stm/_win,w20a_hako_b_b.bmp.ctxr,w20a_hako_b_b.bmp,ctxr,11264,5a093ffde9d5e74763ea2bebca96137c35cd93ca
textures/flatlist/ovr_stm/_win/w20a_hako_b_c.bmp.ctxr,textures/flatlist/ovr_stm/_win,w20a_hako_b_c.bmp.ctxr,w20a_hako_b_c.bmp,ctxr,11264,28d3bfd9ada6724990ab3f231b346f808c964fb9
textures/flatlist/ovr_stm/_win/w20a_room_wall1.bmp.ctxr,textures/flatlist/ovr_stm/_win,w20a_room_wall1.bmp.ctxr,w20a_room_wall1.bmp,ctxr,175168,5f4cd7c9ab9266c76fbf2c9867a6514988ae97c2
textures/flatlist/ovr_stm/_win/w20a_room_wall1_lig.bmp.ctxr,textures/flatlist/ovr_stm/_win,w20a_room_wall1_lig.bmp.ctxr,w20a_room_wall1_lig.bmp,ctxr,175168,cb244fff53f188c93b32e43826ddb941f3b90ab0
textures/flatlist/ovr_stm/_win/w20a_room_wall2.bmp.ctxr,textures/flatlist/ovr_stm/_win,w20a_room_wall2.bmp.ctxr,w20a_room_wall2.bmp,ctxr,175168,7df2075c991d0bc93bf7372f99edb02cb1dc8302
textures/flatlist/ovr_stm/_win/w20a_room_wall2a.bmp.ctxr,textures/flatlist/ovr_stm/_win,w20a_room_wall2a.bmp.ctxr,w20a_room_wall2a.bmp,ctxr,175168,e8569e9b13ba507c6f71a244cd01c9cf4680ae9d
textures/flatlist/ovr_stm/_win/w20a_room_wall2b.bmp.ctxr,textures/flatlist/ovr_stm/_win,w20a_room_wall2b.bmp.ctxr,w20a_room_wall2b.bmp,ctxr,87744,5f8e507ce39a93d26a9ae2c4547e002b62b30ec8
textures/flatlist/ovr_stm/_win/w20a_room_wall2e_a.bmp.ctxr,textures/flatlist/ovr_stm/_win,w20a_room_wall2e_a.bmp.ctxr,w20a_room_wall2e_a.bmp,ctxr,175168,29f22447a582067d27f7e9cc3af107258fdd1348
textures/flatlist/ovr_stm/_win/w20a_room_wall2e_b.bmp.ctxr,textures/flatlist/ovr_stm/_win,w20a_room_wall2e_b.bmp.ctxr,w20a_room_wall2e_b.bmp,ctxr,87744,fc83fe130ac96acc185ba76fe8f792941b8f8dcc
textures/flatlist/ovr_stm/_win/w20a_room_wall3.bmp_59886dd37d992d80a7ff34c7c37ea3df.ctxr,textures/flatlist/ovr_stm/_win,w20a_room_wall3.bmp_59886dd37d992d80a7ff34c7c37ea3df.ctxr,w20a_room_wall3.bmp_59886dd37d992d80a7ff34c7c37ea3df,ctxr,22240,f9315c9f769a031f0e66b7eb243c62703531fd7f
textures/flatlist/ovr_stm/_win/w20a_room_wall4a.bmp.ctxr,textures/flatlist/ovr_stm/_win,w20a_room_wall4a.bmp.ctxr,w20a_room_wall4a.bmp,ctxr,22208,5b439c8f2af3f722ddcd2a50d415bec9a5d7bd56
textures/flatlist/ovr_stm/_win/w20a_step_mk.bmp.ctxr,textures/flatlist/ovr_stm/_win,w20a_step_mk.bmp.ctxr,w20a_step_mk.bmp,ctxr,22208,f034c9022e0440d5d70ae7093337c8453e21eb12
textures/flatlist/ovr_stm/_win/w20b_comp1_fs.bmp.ctxr,textures/flatlist/ovr_stm/_win,w20b_comp1_fs.bmp.ctxr,w20b_comp1_fs.bmp,ctxr,87744,18e6f590bff57203a8e92f349e98c2787557a5ce
textures/flatlist/ovr_stm/_win/w20b_comp2_fs.bmp.ctxr,textures/flatlist/ovr_stm/_win,w20b_comp2_fs.bmp.ctxr,w20b_comp2_fs.bmp,ctxr,11264,1bc3fa8ee7790924a4f075140e6ff3df692e53bf
textures/flatlist/ovr_stm/_win/w20b_door_afl00c.bmp.ctxr,textures/flatlist/ovr_stm/_win,w20b_door_afl00c.bmp.ctxr,w20b_door_afl00c.bmp,ctxr,22208,62e729638fb1eeeda939324a6d48ac5d34b329de
textures/flatlist/ovr_stm/_win/w20b_saku1_u.bmp.ctxr,textures/flatlist/ovr_stm/_win,w20b_saku1_u.bmp.ctxr,w20b_saku1_u.bmp,ctxr,44064,9220e49a7e24b4084bcdf74a5be0ecb16b807bb2
textures/flatlist/ovr_stm/_win/w20b_stepfoot1.bmp.ctxr,textures/flatlist/ovr_stm/_win,w20b_stepfoot1.bmp.ctxr,w20b_stepfoot1.bmp,ctxr,44096,6b794fd08cf51675fdfbcded9798561ed7ebbc59
textures/flatlist/ovr_stm/_win/w20b_step_pillar1.bmp.ctxr,textures/flatlist/ovr_stm/_win,w20b_step_pillar1.bmp.ctxr,w20b_step_pillar1.bmp,ctxr,22208,a1c1188a30545c590457ee3f08263a882f68d8ba
textures/flatlist/ovr_stm/_win/w20b_tsr1.bmp.ctxr,textures/flatlist/ovr_stm/_win,w20b_tsr1.bmp.ctxr,w20b_tsr1.bmp,ctxr,11296,324432298f42debd9d4ac1614fe79763853c1e16
textures/flatlist/ovr_stm/_win/w21a_h09d.bmp_fdd5b5adc3102646395f448c3354acc6.ctxr,textures/flatlist/ovr_stm/_win,w21a_h09d.bmp_fdd5b5adc3102646395f448c3354acc6.ctxr,w21a_h09d.bmp_fdd5b5adc3102646395f448c3354acc6,ctxr,11296,b220d3fddf5316889c2b69bbc7afc8f233858234
textures/flatlist/ovr_stm/_win/w24a0_ent01d.bmp.ctxr,textures/flatlist/ovr_stm/_win,w24a0_ent01d.bmp.ctxr,w24a0_ent01d.bmp,ctxr,87776,caa0f1cfe4dac2dd4385d037231978cca51f2038
textures/flatlist/ovr_stm/_win/w24a0_enta02a.bmp.ctxr,textures/flatlist/ovr_stm/_win,w24a0_enta02a.bmp.ctxr,w24a0_enta02a.bmp,ctxr,11296,f291aa3ab83b52c0444fc58b20c81ef37e70065a
textures/flatlist/ovr_stm/_win/w24a0_enta03.bmp.ctxr,textures/flatlist/ovr_stm/_win,w24a0_enta03.bmp.ctxr,w24a0_enta03.bmp,ctxr,87776,7f302c8f4183020a0473ff69013b20d612bda4fa
textures/flatlist/ovr_stm/_win/w24a0_entb00.bmp_6c8a5532d241d23a8784f331456f0989.ctxr,textures/flatlist/ovr_stm/_win,w24a0_entb00.bmp_6c8a5532d241d23a8784f331456f0989.ctxr,w24a0_entb00.bmp_6c8a5532d241d23a8784f331456f0989,ctxr,44096,c1a0ef7a825651a7f6e72f1fae5c76b3ef993f40
textures/flatlist/ovr_stm/_win/w24a0_entb02.bmp.ctxr,textures/flatlist/ovr_stm/_win,w24a0_entb02.bmp.ctxr,w24a0_entb02.bmp,ctxr,11296,1c565e6d59d7728ee3a127ffdfcb692fcfafd1ac
textures/flatlist/ovr_stm/_win/w24a0_entb02a.bmp.ctxr,textures/flatlist/ovr_stm/_win,w24a0_entb02a.bmp.ctxr,w24a0_entb02a.bmp,ctxr,11296,5f57d4ddf574c44dddd08eb70bb844785222bd9f
textures/flatlist/ovr_stm/_win/w24a0_entb03.bmp.ctxr,textures/flatlist/ovr_stm/_win,w24a0_entb03.bmp.ctxr,w24a0_entb03.bmp,ctxr,87776,660375c80f8f34fab1feb082a61ba466dd5ba4c8
textures/flatlist/ovr_stm/_win/w24a0_fla01a_alp_ovl.bmp.ctxr,textures/flatlist/ovr_stm/_win,w24a0_fla01a_alp_ovl.bmp.ctxr,w24a0_fla01a_alp_ovl.bmp,ctxr,87744,ba50a21b8c26a242e8594712b24292999edfd87a
textures/flatlist/ovr_stm/_win/w24a0_fla02a_alp_ovl.bmp.ctxr,textures/flatlist/ovr_stm/_win,w24a0_fla02a_alp_ovl.bmp.ctxr,w24a0_fla02a_alp_ovl.bmp,ctxr,175168,634994f8a03cee939c7ad5b2a84fc57505438920
textures/flatlist/ovr_stm/_win/w24a0_fla04a_alp_ovl.bmp.ctxr,textures/flatlist/ovr_stm/_win,w24a0_fla04a_alp_ovl.bmp.ctxr,w24a0_fla04a_alp_ovl.bmp,ctxr,44064,52353869a827cfaaa39469cb76f8634e71495d2a
textures/flatlist/ovr_stm/_win/w24a0_fla04b_alp_ovl.bmp.ctxr,textures/flatlist/ovr_stm/_win,w24a0_fla04b_alp_ovl.bmp.ctxr,w24a0_fla04b_alp_ovl.bmp,ctxr,22208,811c4b9412c4ad6711f9c0d406653afc564853ad
textures/flatlist/ovr_stm/_win/w24a0_fla04c_alp_ovl.bmp.ctxr,textures/flatlist/ovr_stm/_win,w24a0_fla04c_alp_ovl.bmp.ctxr,w24a0_fla04c_alp_ovl.bmp,ctxr,87744,df68429a0717c9bff3d05b184aaa9c313ea47621
textures/flatlist/ovr_stm/_win/w24a0_fla04d2_alp_ovl.bmp.ctxr,textures/flatlist/ovr_stm/_win,w24a0_fla04d2_alp_ovl.bmp.ctxr,w24a0_fla04d2_alp_ovl.bmp,ctxr,5760,b2dcf4dbe3130f0bad33a58ebf76d63dabaceae0
textures/flatlist/ovr_stm/_win/w24a0_fla04d_alp_ovl.bmp.ctxr,textures/flatlist/ovr_stm/_win,w24a0_fla04d_alp_ovl.bmp.ctxr,w24a0_fla04d_alp_ovl.bmp,ctxr,22208,a6e0d368320360a2f3dc8001495fd3737e1f3fd5
textures/flatlist/ovr_stm/_win/w24a0_fla04e_alp_ovl.bmp.ctxr,textures/flatlist/ovr_stm/_win,w24a0_fla04e_alp_ovl.bmp.ctxr,w24a0_fla04e_alp_ovl.bmp,ctxr,5760,490f2ce3a3ba90cb5289508e13d79f4b1a4a4805
textures/flatlist/ovr_stm/_win/w24a0_fla04f_alp_ovl.bmp.ctxr,textures/flatlist/ovr_stm/_win,w24a0_fla04f_alp_ovl.bmp.ctxr,w24a0_fla04f_alp_ovl.bmp,ctxr,44096,2301db0be943b30ec5af476840e562bc70fdca75
textures/flatlist/ovr_stm/_win/w24a0_fla04g_alp_ovl.bmp.ctxr,textures/flatlist/ovr_stm/_win,w24a0_fla04g_alp_ovl.bmp.ctxr,w24a0_fla04g_alp_ovl.bmp,ctxr,11264,5ee7f2a68e74835f37e2c6d6afd02276a62407dd
textures/flatlist/ovr_stm/_win/w24a0_fla05a_alp_ovl.bmp.ctxr,textures/flatlist/ovr_stm/_win,w24a0_fla05a_alp_ovl.bmp.ctxr,w24a0_fla05a_alp_ovl.bmp,ctxr,22208,6324cb4d2570d6519ac14744abf935327e68965a
textures/flatlist/ovr_stm/_win/w24a0_fla05_alp_ovl.bmp.ctxr,textures/flatlist/ovr_stm/_win,w24a0_fla05_alp_ovl.bmp.ctxr,w24a0_fla05_alp_ovl.bmp,ctxr,87744,c3d60a4e655c496e88612436b33078583a5dac93
textures/flatlist/ovr_stm/_win/w24a0_fla06a_alp_ovl.bmp.ctxr,textures/flatlist/ovr_stm/_win,w24a0_fla06a_alp_ovl.bmp.ctxr,w24a0_fla06a_alp_ovl.bmp,ctxr,87744,d25fdbbf968e91f2bc295235bc780b6f75c1d734
textures/flatlist/ovr_stm/_win/w24a0_fld01a.bmp.ctxr,textures/flatlist/ovr_stm/_win,w24a0_fld01a.bmp.ctxr,w24a0_fld01a.bmp,ctxr,11296,74aadc33801d5170ff87b2fd5b8ae5e9f10aac39
textures/flatlist/ovr_stm/_win/w24a0_step04.bmp.ctxr,textures/flatlist/ovr_stm/_win,w24a0_step04.bmp.ctxr,w24a0_step04.bmp,ctxr,44064,3d5b28154e912d3ed5cc985f401774ecf9b60985
textures/flatlist/ovr_stm/_win/w24a0_we00a.bmp.ctxr,textures/flatlist/ovr_stm/_win,w24a0_we00a.bmp.ctxr,w24a0_we00a.bmp,ctxr,44096,17cbe1eb264daa6971b27ce09c63c35ea2ca5e68
textures/flatlist/ovr_stm/_win/w24a0_wg01.bmp.ctxr,textures/flatlist/ovr_stm/_win,w24a0_wg01.bmp.ctxr,w24a0_wg01.bmp,ctxr,87776,0877cbd8ad9ccf18ce6742ba5f749afc741bb48b
textures/flatlist/ovr_stm/_win/w24a0_wg02.bmp.ctxr,textures/flatlist/ovr_stm/_win,w24a0_wg02.bmp.ctxr,w24a0_wg02.bmp,ctxr,22240,4d7aba8af0345e31899a1654d0c16a75039c3ecd
textures/flatlist/ovr_stm/_win/w24a0_wh00.bmp.ctxr,textures/flatlist/ovr_stm/_win,w24a0_wh00.bmp.ctxr,w24a0_wh00.bmp,ctxr,175168,0ad9e5801e50ded103a41f5f2f4d8471d0838517
textures/flatlist/ovr_stm/_win/w24a0_wi01.bmp.ctxr,textures/flatlist/ovr_stm/_win,w24a0_wi01.bmp.ctxr,w24a0_wi01.bmp,ctxr,349920,98135bbf38c6ae761b80c3f34633b429d7c86c76
textures/flatlist/ovr_stm/_win/w24a0_wlit01.bmp.ctxr,textures/flatlist/ovr_stm/_win,w24a0_wlit01.bmp.ctxr,w24a0_wlit01.bmp,ctxr,3040,b810d98890e77dfa4520434329c84aab1475f92e
textures/flatlist/ovr_stm/_win/w24a1_eyes_sano.bmp.ctxr,textures/flatlist/ovr_stm/_win,w24a1_eyes_sano.bmp.ctxr,w24a1_eyes_sano.bmp,ctxr,175168,167e4175cc5f68de8dbf3afe4640b478fff2870e
textures/flatlist/ovr_stm/_win/w24a1_fl01.bmp.ctxr,textures/flatlist/ovr_stm/_win,w24a1_fl01.bmp.ctxr,w24a1_fl01.bmp,ctxr,87744,d91226ed9160e01dcf83e100285bd8f36babbec4
textures/flatlist/ovr_stm/_win/w24a1_fl03.bmp.ctxr,textures/flatlist/ovr_stm/_win,w24a1_fl03.bmp.ctxr,w24a1_fl03.bmp,ctxr,87744,df62e4fec845c2c5f6fdf556b89ddc2bde9a1a6c
textures/flatlist/ovr_stm/_win/w24a1_fl03a.bmp.ctxr,textures/flatlist/ovr_stm/_win,w24a1_fl03a.bmp.ctxr,w24a1_fl03a.bmp,ctxr,44064,9abdd317666d23f3fc85abe067f28bdfb5bc0c0e
textures/flatlist/ovr_stm/_win/w24a1_fl03b.bmp.ctxr,textures/flatlist/ovr_stm/_win,w24a1_fl03b.bmp.ctxr,w24a1_fl03b.bmp,ctxr,87744,fdc2d8b9a2053b6c429f48cd3be1669280e5560a
textures/flatlist/ovr_stm/_win/w24a1_w00.bmp.ctxr,textures/flatlist/ovr_stm/_win,w24a1_w00.bmp.ctxr,w24a1_w00.bmp,ctxr,175168,7ecf5970f6e3ee48f33bede932b04d6b36da2f93
textures/flatlist/ovr_stm/_win/w24a1_w00a.bmp.ctxr,textures/flatlist/ovr_stm/_win,w24a1_w00a.bmp.ctxr,w24a1_w00a.bmp,ctxr,87776,75ffa205add564d3c6f09f46423b61d467edce77
textures/flatlist/ovr_stm/_win/w24a_poster_mog_01.bmp.ctxr,textures/flatlist/ovr_stm/_win,w24a_poster_mog_01.bmp.ctxr,w24a_poster_mog_01.bmp,ctxr,175168,57901fc801d0341840c8dbf6773ccc7fc59fc396
textures/flatlist/ovr_stm/_win/w24a_poster_mog_02.bmp.ctxr,textures/flatlist/ovr_stm/_win,w24a_poster_mog_02.bmp.ctxr,w24a_poster_mog_02.bmp,ctxr,175168,c9a9106e0d307e4dda56fdc45691aebb8c21901e
textures/flatlist/ovr_stm/_win/w24a_pp03b.bmp.ctxr,textures/flatlist/ovr_stm/_win,w24a_pp03b.bmp.ctxr,w24a_pp03b.bmp,ctxr,22208,e4743f3f51c978cec1944d001d07757c7398825b
textures/flatlist/ovr_stm/_win/w24a_pp03c.bmp.ctxr,textures/flatlist/ovr_stm/_win,w24a_pp03c.bmp.ctxr,w24a_pp03c.bmp,ctxr,3040,90166292593c6b4575ddc64457e8444f2851faac
textures/flatlist/ovr_stm/_win/w24a_pp03d.bmp.ctxr,textures/flatlist/ovr_stm/_win,w24a_pp03d.bmp.ctxr,w24a_pp03d.bmp,ctxr,22208,c64d2a8cc730874f33f8b4be762199a2da6064db
textures/flatlist/ovr_stm/_win/w24b0_box02.bmp.ctxr,textures/flatlist/ovr_stm/_win,w24b0_box02.bmp.ctxr,w24b0_box02.bmp,ctxr,22176,92a4ed33262da39e9a9da034f1c7efc6bdd171f5
textures/flatlist/ovr_stm/_win/w24b0_fl02_alp_ovl.bmp.ctxr,textures/flatlist/ovr_stm/_win,w24b0_fl02_alp_ovl.bmp.ctxr,w24b0_fl02_alp_ovl.bmp,ctxr,44096,2c8ef2beb06eb14487883945e455b06e5e290303
textures/flatlist/ovr_stm/_win/w24b0_fla05_alp_ovl.bmp.ctxr,textures/flatlist/ovr_stm/_win,w24b0_fla05_alp_ovl.bmp.ctxr,w24b0_fla05_alp_ovl.bmp,ctxr,87744,dcf2014e584c4eb815152c978eaabdeb4911c8b9
textures/flatlist/ovr_stm/_win/w24b0_ms00.bmp.ctxr,textures/flatlist/ovr_stm/_win,w24b0_ms00.bmp.ctxr,w24b0_ms00.bmp,ctxr,44096,8642198b3b350b86bd4dc06632bb6bcc952aa34b
textures/flatlist/ovr_stm/_win/w24b0_ms02.bmp.ctxr,textures/flatlist/ovr_stm/_win,w24b0_ms02.bmp.ctxr,w24b0_ms02.bmp,ctxr,5792,fbdfacef601460422942f2bcf8377d65b82faa61
textures/flatlist/ovr_stm/_win/w24b0_ms02a.bmp.ctxr,textures/flatlist/ovr_stm/_win,w24b0_ms02a.bmp.ctxr,w24b0_ms02a.bmp,ctxr,22208,b51a91030cdf92a708e49b16d3391a77c4207e96
textures/flatlist/ovr_stm/_win/w24b0_wa00.bmp.ctxr,textures/flatlist/ovr_stm/_win,w24b0_wa00.bmp.ctxr,w24b0_wa00.bmp,ctxr,175168,66d93339c9b25da6b95d3b79c4648db4f67d9d24
textures/flatlist/ovr_stm/_win/w24b0_wb01.bmp.ctxr,textures/flatlist/ovr_stm/_win,w24b0_wb01.bmp.ctxr,w24b0_wb01.bmp,ctxr,11328,9412fab9298679dfd10daeec15fd8ae2a83cbc70
textures/flatlist/ovr_stm/_win/w24b0_we00.bmp.ctxr,textures/flatlist/ovr_stm/_win,w24b0_we00.bmp.ctxr,w24b0_we00.bmp,ctxr,87776,97e1511f219fc23847cbb2fdc82b8e04f8961ed8
textures/flatlist/ovr_stm/_win/w24b0_we00a.bmp.ctxr,textures/flatlist/ovr_stm/_win,w24b0_we00a.bmp.ctxr,w24b0_we00a.bmp,ctxr,87776,384b1b776b29dd30f69a363a0ae6e272005b6566
textures/flatlist/ovr_stm/_win/w24b2_fl00.bmp.ctxr,textures/flatlist/ovr_stm/_win,w24b2_fl00.bmp.ctxr,w24b2_fl00.bmp,ctxr,87744,3c98ecc91d9578be0468d514a266a220c3cd99d5
textures/flatlist/ovr_stm/_win/w24b2_fl01.bmp.ctxr,textures/flatlist/ovr_stm/_win,w24b2_fl01.bmp.ctxr,w24b2_fl01.bmp,ctxr,22208,7d91e404bc2b05b85bd6f198d7bb2afa618d746f
textures/flatlist/ovr_stm/_win/w24b2_po01.bmp.ctxr,textures/flatlist/ovr_stm/_win,w24b2_po01.bmp.ctxr,w24b2_po01.bmp,ctxr,349920,1ac83760afd1f68025108a12ba2a2b64ae5c661a
textures/flatlist/ovr_stm/_win/w24b2_po02.bmp.ctxr,textures/flatlist/ovr_stm/_win,w24b2_po02.bmp.ctxr,w24b2_po02.bmp,ctxr,349920,1f753937b13cbf1e30c517b63be8747b3575bae8
textures/flatlist/ovr_stm/_win/w24c0_obj07_a.bmp.ctxr,textures/flatlist/ovr_stm/_win,w24c0_obj07_a.bmp.ctxr,w24c0_obj07_a.bmp,ctxr,22176,f9bd54c9a3ecd1126a4cc827785fd8553f946858
textures/flatlist/ovr_stm/_win/w24c0_obj09a.bmp.ctxr,textures/flatlist/ovr_stm/_win,w24c0_obj09a.bmp.ctxr,w24c0_obj09a.bmp,ctxr,87744,7d51c7b3fc276001ec26cf8f9fb9f5346a566fbc
textures/flatlist/ovr_stm/_win/w24c0_sp01.bmp.ctxr,textures/flatlist/ovr_stm/_win,w24c0_sp01.bmp.ctxr,w24c0_sp01.bmp,ctxr,44064,09421c74f4b1e48e9a9bc363991700921128c195
textures/flatlist/ovr_stm/_win/w24c0_sp01aa.bmp.ctxr,textures/flatlist/ovr_stm/_win,w24c0_sp01aa.bmp.ctxr,w24c0_sp01aa.bmp,ctxr,44064,cc19449dd671b53eb208f100d8da01009c27856e
textures/flatlist/ovr_stm/_win/w24c0_sp01c1.bmp.ctxr,textures/flatlist/ovr_stm/_win,w24c0_sp01c1.bmp.ctxr,w24c0_sp01c1.bmp,ctxr,22240,ff4bce6b12cd205998f9143e8a04d6b45f3b9cfb
textures/flatlist/ovr_stm/_win/w24c0_sp02b.bmp.ctxr,textures/flatlist/ovr_stm/_win,w24c0_sp02b.bmp.ctxr,w24c0_sp02b.bmp,ctxr,22240,f25a77b970fdef5e976388b8bce23149e1e19e93
textures/flatlist/ovr_stm/_win/w24c0_ta06.bmp.ctxr,textures/flatlist/ovr_stm/_win,w24c0_ta06.bmp.ctxr,w24c0_ta06.bmp,ctxr,5824,ff375497a8d499e6a20773f27cd798d24284c52f
textures/flatlist/ovr_stm/_win/w24c0_ta07.bmp.ctxr,textures/flatlist/ovr_stm/_win,w24c0_ta07.bmp.ctxr,w24c0_ta07.bmp,ctxr,44064,fea865e9471477e7bc7bc970acea774072228cd7
textures/flatlist/ovr_stm/_win/w24c0_wa01b.bmp.ctxr,textures/flatlist/ovr_stm/_win,w24c0_wa01b.bmp.ctxr,w24c0_wa01b.bmp,ctxr,699488,0971f577ee857d3aaa6b44737cf15baf2bb0e8e1
textures/flatlist/ovr_stm/_win/w24c0_wa01e2_2.bmp.ctxr,textures/flatlist/ovr_stm/_win,w24c0_wa01e2_2.bmp.ctxr,w24c0_wa01e2_2.bmp,ctxr,349920,5dcce2e6c84e004dcc8b2d2872296e037c9c4f70
textures/flatlist/ovr_stm/_win/w24c0_wa01e3.bmp.ctxr,textures/flatlist/ovr_stm/_win,w24c0_wa01e3.bmp.ctxr,w24c0_wa01e3.bmp,ctxr,699488,f56f1f3a14941d1faa41e1c7f23874f8d3f518ba
textures/flatlist/ovr_stm/_win/w24d0_w05.bmp.ctxr,textures/flatlist/ovr_stm/_win,w24d0_w05.bmp.ctxr,w24d0_w05.bmp,ctxr,87776,8dbd64140bd52d893b52485ed035f5620069f0fc
textures/flatlist/ovr_stm/_win/w25a_fl00a.bmp.ctxr,textures/flatlist/ovr_stm/_win,w25a_fl00a.bmp.ctxr,w25a_fl00a.bmp,ctxr,87744,39f4e655f8105522fb195f42e781bb2e251fa067
textures/flatlist/ovr_stm/_win/w25a_fl00b.bmp.ctxr,textures/flatlist/ovr_stm/_win,w25a_fl00b.bmp.ctxr,w25a_fl00b.bmp,ctxr,87744,213377d58d6fc375369b4fc36d0f2a0c4bba4307
textures/flatlist/ovr_stm/_win/w25a_fl00c.bmp.ctxr,textures/flatlist/ovr_stm/_win,w25a_fl00c.bmp.ctxr,w25a_fl00c.bmp,ctxr,44064,f8612a96df6a23d877ea87ed55388f94c59184c4
textures/flatlist/ovr_stm/_win/w25a_fl00d.bmp.ctxr,textures/flatlist/ovr_stm/_win,w25a_fl00d.bmp.ctxr,w25a_fl00d.bmp,ctxr,44064,7f98bed8eb69ebb3da1e894b1b2898c2ef9c1fff
textures/flatlist/ovr_stm/_win/w25a_fl04.bmp.ctxr,textures/flatlist/ovr_stm/_win,w25a_fl04.bmp.ctxr,w25a_fl04.bmp,ctxr,87744,120b531d11a6d2133bb3520bf62cb688308665e6
textures/flatlist/ovr_stm/_win/w25a_fl05a.bmp_eab6a76640eebadec634613e41b4f430.ctxr,textures/flatlist/ovr_stm/_win,w25a_fl05a.bmp_eab6a76640eebadec634613e41b4f430.ctxr,w25a_fl05a.bmp_eab6a76640eebadec634613e41b4f430,ctxr,87744,bbe3e8cd1ac0903405c32922121ba350eb246ff0
textures/flatlist/ovr_stm/_win/w25a_flu05a.bmp.ctxr,textures/flatlist/ovr_stm/_win,w25a_flu05a.bmp.ctxr,w25a_flu05a.bmp,ctxr,22176,db7cb3034120f84c73f88420749e2903ec9487ff
textures/flatlist/ovr_stm/_win/w25a_h00.bmp_c0f8a236f0a27f1b708076773161c3d1.ctxr,textures/flatlist/ovr_stm/_win,w25a_h00.bmp_c0f8a236f0a27f1b708076773161c3d1.ctxr,w25a_h00.bmp_c0f8a236f0a27f1b708076773161c3d1,ctxr,22240,a492f9bcd31f59e03ea26c3f3267402be3efded7
textures/flatlist/ovr_stm/_win/w25a_h01.bmp.ctxr,textures/flatlist/ovr_stm/_win,w25a_h01.bmp.ctxr,w25a_h01.bmp,ctxr,11296,2074fce828b272474c4b8a624ff4910fedea63eb
textures/flatlist/ovr_stm/_win/w25a_h03.bmp.ctxr,textures/flatlist/ovr_stm/_win,w25a_h03.bmp.ctxr,w25a_h03.bmp,ctxr,11296,7a7bf5547afd73b02fbb2591a480912c9615ffb4
textures/flatlist/ovr_stm/_win/w25a_h03a.bmp.ctxr,textures/flatlist/ovr_stm/_win,w25a_h03a.bmp.ctxr,w25a_h03a.bmp,ctxr,11296,688c4ac2a0dd30149862aa5c5a1d0ab245c657e2
textures/flatlist/ovr_stm/_win/w25a_h04a.bmp.ctxr,textures/flatlist/ovr_stm/_win,w25a_h04a.bmp.ctxr,w25a_h04a.bmp,ctxr,22240,0bf88feb906b27960b1d0d62243b5acc7cdc541f
textures/flatlist/ovr_stm/_win/w25a_h04k.bmp.ctxr,textures/flatlist/ovr_stm/_win,w25a_h04k.bmp.ctxr,w25a_h04k.bmp,ctxr,11264,715c7783601e2c4da218be82e6e6cf6378280506
textures/flatlist/ovr_stm/_win/w25a_tank00.bmp_607cd5e0bf0f5b379a6262cd93f54ffa.ctxr,textures/flatlist/ovr_stm/_win,w25a_tank00.bmp_607cd5e0bf0f5b379a6262cd93f54ffa.ctxr,w25a_tank00.bmp_607cd5e0bf0f5b379a6262cd93f54ffa,ctxr,87744,c0e7a3a5b83b9f7d4f11b9e63c957fb908e341ef
textures/flatlist/ovr_stm/_win/w25a_tank00a.bmp.ctxr,textures/flatlist/ovr_stm/_win,w25a_tank00a.bmp.ctxr,w25a_tank00a.bmp,ctxr,22176,008823b78041adbd9acc7fa8bc272004541c6a36
textures/flatlist/ovr_stm/_win/w25a_w00.bmp.ctxr,textures/flatlist/ovr_stm/_win,w25a_w00.bmp.ctxr,w25a_w00.bmp,ctxr,349920,113db2651890f8971be3685b001cde7758c1d415
textures/flatlist/ovr_stm/_win/w25a_w00a.bmp.ctxr,textures/flatlist/ovr_stm/_win,w25a_w00a.bmp.ctxr,w25a_w00a.bmp,ctxr,349920,f3e9d22efe13bb3e140a78a4e093f19c0da74245
textures/flatlist/ovr_stm/_win/w25a_wire01a.bmp.ctxr,textures/flatlist/ovr_stm/_win,w25a_wire01a.bmp.ctxr,w25a_wire01a.bmp,ctxr,3040,da50e9ed7f12b77df43e47b1a25880dc54afb291
textures/flatlist/ovr_stm/_win/w25a_wire01b.bmp.ctxr,textures/flatlist/ovr_stm/_win,w25a_wire01b.bmp.ctxr,w25a_wire01b.bmp,ctxr,960,b3a8d10f6016d10e9f44cb410e5ef70d41e36e33
textures/flatlist/ovr_stm/_win/w25a_wire01d.bmp.ctxr,textures/flatlist/ovr_stm/_win,w25a_wire01d.bmp.ctxr,w25a_wire01d.bmp,ctxr,3040,e3550bb9050910c1b4c6b7e96fe06348d04cb899
textures/flatlist/ovr_stm/_win/w25b_fl04b.bmp.ctxr,textures/flatlist/ovr_stm/_win,w25b_fl04b.bmp.ctxr,w25b_fl04b.bmp,ctxr,87744,13003b902e6b8bd6dd46a44926ecf763ea19b129
textures/flatlist/ovr_stm/_win/w25b_pp01c.bmp.ctxr,textures/flatlist/ovr_stm/_win,w25b_pp01c.bmp.ctxr,w25b_pp01c.bmp,ctxr,5760,778350afc71ab2c949256ab447cf38fb1cb2215e
textures/flatlist/ovr_stm/_win/w25b_pp04.bmp.ctxr,textures/flatlist/ovr_stm/_win,w25b_pp04.bmp.ctxr,w25b_pp04.bmp,ctxr,44096,b83db3d2af6a6999fa8cc59c819528c8b687ff7a
textures/flatlist/ovr_stm/_win/w25c_fl05a.bmp_5d5c005378747543fddf1e2a161ecf6f.ctxr,textures/flatlist/ovr_stm/_win,w25c_fl05a.bmp_5d5c005378747543fddf1e2a161ecf6f.ctxr,w25c_fl05a.bmp_5d5c005378747543fddf1e2a161ecf6f,ctxr,22176,8d93f6bb2484ae39033b9e0dc04caeffa13f4928
textures/flatlist/ovr_stm/_win/w25c_obj00.bmp.ctxr,textures/flatlist/ovr_stm/_win,w25c_obj00.bmp.ctxr,w25c_obj00.bmp,ctxr,44064,0447b0b62039ba235efc29a24dedf5db8dddc991
textures/flatlist/ovr_stm/_win/w25c_pp04a.bmp.ctxr,textures/flatlist/ovr_stm/_win,w25c_pp04a.bmp.ctxr,w25c_pp04a.bmp,ctxr,11264,8377fee98a53784f12aa9bf439c475903da21df5
textures/flatlist/ovr_stm/_win/w25c_w00f2.bmp.ctxr,textures/flatlist/ovr_stm/_win,w25c_w00f2.bmp.ctxr,w25c_w00f2.bmp,ctxr,175168,10824cfc10c2740735639987f55a40719ed84f7f
textures/flatlist/ovr_stm/_win/w25c_w00f2.bmp_def331845b33cf0d004b8819ab1b47ad.ctxr,textures/flatlist/ovr_stm/_win,w25c_w00f2.bmp_def331845b33cf0d004b8819ab1b47ad.ctxr,w25c_w00f2.bmp_def331845b33cf0d004b8819ab1b47ad,ctxr,175168,2432e3493ed48def60e845d2477d4b3522d111f6
textures/flatlist/ovr_stm/_win/w25c_w00f3.bmp.ctxr,textures/flatlist/ovr_stm/_win,w25c_w00f3.bmp.ctxr,w25c_w00f3.bmp,ctxr,87776,0a8edf69ed0184188c707964087f4fa6e45e3047
textures/flatlist/ovr_stm/_win/w25c_w00f3.bmp_80bb089f15a6b67db42cdc5ba9154cce.ctxr,textures/flatlist/ovr_stm/_win,w25c_w00f3.bmp_80bb089f15a6b67db42cdc5ba9154cce.ctxr,w25c_w00f3.bmp_80bb089f15a6b67db42cdc5ba9154cce,ctxr,87776,b95644f55536bdd6e2d87aea3ef41d1cf8af1f36
textures/flatlist/ovr_stm/_win/w25c_w06b2.bmp_e32e56967b81d8e10f197bc69b626128.ctxr,textures/flatlist/ovr_stm/_win,w25c_w06b2.bmp_e32e56967b81d8e10f197bc69b626128.ctxr,w25c_w06b2.bmp_e32e56967b81d8e10f197bc69b626128,ctxr,175168,7765c19a0dab98c537e2ecc934613902e6e79060
textures/flatlist/ovr_stm/_win/w25c_w06b3.bmp_ccfce4ea287dbf204c2ead5e6bbda70c.ctxr,textures/flatlist/ovr_stm/_win,w25c_w06b3.bmp_ccfce4ea287dbf204c2ead5e6bbda70c.ctxr,w25c_w06b3.bmp_ccfce4ea287dbf204c2ead5e6bbda70c,ctxr,87776,0a88bd7f5afb9ac000fcc3df8ecf868e90993441
textures/flatlist/ovr_stm/_win/w28an_ag_light_pipe.bmp.ctxr,textures/flatlist/ovr_stm/_win,w28an_ag_light_pipe.bmp.ctxr,w28an_ag_light_pipe.bmp,ctxr,3072,fdb86d7305e106e48e5ce70bb4b240b20185fc1b
textures/flatlist/ovr_stm/_win/w28an_ana_box_01.bmp.ctxr,textures/flatlist/ovr_stm/_win,w28an_ana_box_01.bmp.ctxr,w28an_ana_box_01.bmp,ctxr,11264,34cbc14ce7fc340dfc39d62752d3f9dd42e0afaf
textures/flatlist/ovr_stm/_win/w28an_ana_box_02.bmp.ctxr,textures/flatlist/ovr_stm/_win,w28an_ana_box_02.bmp.ctxr,w28an_ana_box_02.bmp,ctxr,1632,6b5ba72169f0a385e86b887b64737940aa0e9a30
textures/flatlist/ovr_stm/_win/w28an_ana_pipe_02.bmp.ctxr,textures/flatlist/ovr_stm/_win,w28an_ana_pipe_02.bmp.ctxr,w28an_ana_pipe_02.bmp,ctxr,87776,9629aa6d9a06c71eea85f0889bcce6d2ee5d7284
textures/flatlist/ovr_stm/_win/w28an_exit_alp_ovl.bmp.ctxr,textures/flatlist/ovr_stm/_win,w28an_exit_alp_ovl.bmp.ctxr,w28an_exit_alp_ovl.bmp,ctxr,5792,dcefbc434458cb7bf7f863fc814a4ba9a4468d78
textures/flatlist/ovr_stm/_win/w28an_floor_oku_02.bmp.ctxr,textures/flatlist/ovr_stm/_win,w28an_floor_oku_02.bmp.ctxr,w28an_floor_oku_02.bmp,ctxr,175168,266e0df259544a4d27518f72b0753618d4a79e5c
textures/flatlist/ovr_stm/_win/w28an_floor_oku_02a.bmp.ctxr,textures/flatlist/ovr_stm/_win,w28an_floor_oku_02a.bmp.ctxr,w28an_floor_oku_02a.bmp,ctxr,44064,c46434b36ecc9ffe0564c95c55e708e212ea5b76
textures/flatlist/ovr_stm/_win/w28an_mid_box_01.bmp.ctxr,textures/flatlist/ovr_stm/_win,w28an_mid_box_01.bmp.ctxr,w28an_mid_box_01.bmp,ctxr,22208,e340b69086dba23a0441ef7f8210427e67ed1995
textures/flatlist/ovr_stm/_win/w28an_mid_door_fukuro.bmp.ctxr,textures/flatlist/ovr_stm/_win,w28an_mid_door_fukuro.bmp.ctxr,w28an_mid_door_fukuro.bmp,ctxr,11296,0ed1ef8191828a1da82b5db50963535dc840992e
textures/flatlist/ovr_stm/_win/w28an_mid_door_fukuro_02.bmp.ctxr,textures/flatlist/ovr_stm/_win,w28an_mid_door_fukuro_02.bmp.ctxr,w28an_mid_door_fukuro_02.bmp,ctxr,11296,47fe1b2e5db931cc54c546a3a2866a5860d47fba
textures/flatlist/ovr_stm/_win/w28an_mid_door_fukuro_02a.bmp.ctxr,textures/flatlist/ovr_stm/_win,w28an_mid_door_fukuro_02a.bmp.ctxr,w28an_mid_door_fukuro_02a.bmp,ctxr,22208,350fafca72e22d5aadbbdc52470f4c373dd82e19
textures/flatlist/ovr_stm/_win/w28an_pipe_01.bmp.ctxr,textures/flatlist/ovr_stm/_win,w28an_pipe_01.bmp.ctxr,w28an_pipe_01.bmp,ctxr,87776,c8d949052dc611e16c267817819b7f954e741b8f
textures/flatlist/ovr_stm/_win/w28an_pipe_02.bmp.ctxr,textures/flatlist/ovr_stm/_win,w28an_pipe_02.bmp.ctxr,w28an_pipe_02.bmp,ctxr,87776,e29816f0c68c595a64c193dd50685e7b95f87dec
textures/flatlist/ovr_stm/_win/w28an_pp02.bmp.ctxr,textures/flatlist/ovr_stm/_win,w28an_pp02.bmp.ctxr,w28an_pp02.bmp,ctxr,44096,25c5d1dfcdbd637f171d06d4eac13e304339050a
textures/flatlist/ovr_stm/_win/w28an_rouka_floor_01.bmp.ctxr,textures/flatlist/ovr_stm/_win,w28an_rouka_floor_01.bmp.ctxr,w28an_rouka_floor_01.bmp,ctxr,87744,e52ad07658ed91229a0ba2a689baf642c1bc8b40
textures/flatlist/ovr_stm/_win/w28an_rouka_floor_02.bmp.ctxr,textures/flatlist/ovr_stm/_win,w28an_rouka_floor_02.bmp.ctxr,w28an_rouka_floor_02.bmp,ctxr,175168,6b163be52de47e3e00a346254227d4d8642b7560
textures/flatlist/ovr_stm/_win/w28an_tsr_bar1.bmp.ctxr,textures/flatlist/ovr_stm/_win,w28an_tsr_bar1.bmp.ctxr,w28an_tsr_bar1.bmp,ctxr,22208,5dd38da277ae4b90cb67d7ef025637030254c598
textures/flatlist/ovr_stm/_win/w28an_wall_01.bmp.ctxr,textures/flatlist/ovr_stm/_win,w28an_wall_01.bmp.ctxr,w28an_wall_01.bmp,ctxr,175168,0637a2de3e9c55225a2b3fb4b2ac810080bcf6b1
textures/flatlist/ovr_stm/_win/w28an_wall_03.bmp.ctxr,textures/flatlist/ovr_stm/_win,w28an_wall_03.bmp.ctxr,w28an_wall_03.bmp,ctxr,87776,846ac603290bdd50ac41283ee2e7f21f90ab3020
textures/flatlist/ovr_stm/_win/w28an_wall_03b.bmp.ctxr,textures/flatlist/ovr_stm/_win,w28an_wall_03b.bmp.ctxr,w28an_wall_03b.bmp,ctxr,44096,7c6840db0bdd41441aa2a6e92f4dc5f0e0aa886b
textures/flatlist/ovr_stm/_win/w28an_wall_center_01.bmp.ctxr,textures/flatlist/ovr_stm/_win,w28an_wall_center_01.bmp.ctxr,w28an_wall_center_01.bmp,ctxr,87744,fa0e8a5edc9ef3f5f7fb14c1a826ca7d32411edf
textures/flatlist/ovr_stm/_win/w28an_wall_center_03.bmp.ctxr,textures/flatlist/ovr_stm/_win,w28an_wall_center_03.bmp.ctxr,w28an_wall_center_03.bmp,ctxr,175168,e6d1d29abf3f7bcd690716d66df8137a5896627c
textures/flatlist/ovr_stm/_win/w28an_wall_door_01.bmp.ctxr,textures/flatlist/ovr_stm/_win,w28an_wall_door_01.bmp.ctxr,w28an_wall_door_01.bmp,ctxr,175168,4756a47fdca148eb749b03c5d22a61910a4e5251
textures/flatlist/ovr_stm/_win/w28an_wall_door_01a.bmp.ctxr,textures/flatlist/ovr_stm/_win,w28an_wall_door_01a.bmp.ctxr,w28an_wall_door_01a.bmp,ctxr,175168,9612d1369526a589c9b7b248e4f759ffbc82aa0c
textures/flatlist/ovr_stm/_win/w28an_wall_rouka_02.bmp.ctxr,textures/flatlist/ovr_stm/_win,w28an_wall_rouka_02.bmp.ctxr,w28an_wall_rouka_02.bmp,ctxr,87776,a3785b9c84e44e9b89b68096d94358f4b1ebf403
textures/flatlist/ovr_stm/_win/w28an_wall_rouka_02b.bmp.ctxr,textures/flatlist/ovr_stm/_win,w28an_wall_rouka_02b.bmp.ctxr,w28an_wall_rouka_02b.bmp,ctxr,44096,1534fc03d2b58315414013d6e6710d7f552f8d8e
textures/flatlist/ovr_stm/_win/w28an_wall_rouka_04.bmp.ctxr,textures/flatlist/ovr_stm/_win,w28an_wall_rouka_04.bmp.ctxr,w28an_wall_rouka_04.bmp,ctxr,87776,55068c63eb46e62c88a35387c8b067ae36e53143
textures/flatlist/ovr_stm/_win/w28an_wire_01.bmp.ctxr,textures/flatlist/ovr_stm/_win,w28an_wire_01.bmp.ctxr,w28an_wire_01.bmp,ctxr,11328,3e7ccfb260edce4d26fd19a2443bd0322eb1b499
textures/flatlist/ovr_stm/_win/w28a_ana_hari_03.bmp.ctxr,textures/flatlist/ovr_stm/_win,w28a_ana_hari_03.bmp.ctxr,w28a_ana_hari_03.bmp,ctxr,44096,5f7ee211d52ccc16b3b3abc65445f4e32d5ad17a
textures/flatlist/ovr_stm/_win/w28a_ana_hari_04.bmp.ctxr,textures/flatlist/ovr_stm/_win,w28a_ana_hari_04.bmp.ctxr,w28a_ana_hari_04.bmp,ctxr,22208,7908eaa71d861f2b55897b54651e213089504948
textures/flatlist/ovr_stm/_win/w28a_ana_hari_05.bmp.ctxr,textures/flatlist/ovr_stm/_win,w28a_ana_hari_05.bmp.ctxr,w28a_ana_hari_05.bmp,ctxr,44096,62d72517c98dcebbc3cac643ad78e547b18d6758
textures/flatlist/ovr_stm/_win/w28a_ana_light_tome.bmp.ctxr,textures/flatlist/ovr_stm/_win,w28a_ana_light_tome.bmp.ctxr,w28a_ana_light_tome.bmp,ctxr,5792,c3235a647ba3e7f85890afc840e238b92306cfea
textures/flatlist/ovr_stm/_win/w28a_ana_pipe_01.bmp.ctxr,textures/flatlist/ovr_stm/_win,w28a_ana_pipe_01.bmp.ctxr,w28a_ana_pipe_01.bmp,ctxr,44096,f7250213ced48ebae086604fcfafdae23c538196
textures/flatlist/ovr_stm/_win/w28a_ana_pipe_03.bmp.ctxr,textures/flatlist/ovr_stm/_win,w28a_ana_pipe_03.bmp.ctxr,w28a_ana_pipe_03.bmp,ctxr,44096,675629b7f5275fb4a5b9bc8788fa681c284e9a7f
textures/flatlist/ovr_stm/_win/w28a_ana_pipe_tome_01.bmp.ctxr,textures/flatlist/ovr_stm/_win,w28a_ana_pipe_tome_01.bmp.ctxr,w28a_ana_pipe_tome_01.bmp,ctxr,87744,d44487ed3bdcd08f775f3f1f2bd9486acc8c373f
textures/flatlist/ovr_stm/_win/w28a_ana_pipe_tome_02.bmp.ctxr,textures/flatlist/ovr_stm/_win,w28a_ana_pipe_tome_02.bmp.ctxr,w28a_ana_pipe_tome_02.bmp,ctxr,3040,7f3642986419f3eb83aaceb6a9caf67e5bb68ea7
textures/flatlist/ovr_stm/_win/w28a_ana_wall_01.bmp.ctxr,textures/flatlist/ovr_stm/_win,w28a_ana_wall_01.bmp.ctxr,w28a_ana_wall_01.bmp,ctxr,349920,eb7630ab8866c50c0a7117b3abdb13a73770691f
textures/flatlist/ovr_stm/_win/w28a_ana_wall_02.bmp.ctxr,textures/flatlist/ovr_stm/_win,w28a_ana_wall_02.bmp.ctxr,w28a_ana_wall_02.bmp,ctxr,349920,320e5592890893694dceb61617528bed7e16ba5c
textures/flatlist/ovr_stm/_win/w28a_ana_wall_03.bmp.ctxr,textures/flatlist/ovr_stm/_win,w28a_ana_wall_03.bmp.ctxr,w28a_ana_wall_03.bmp,ctxr,349920,0c7111efc8ce91a06c39f475cea24ab32039e466
textures/flatlist/ovr_stm/_win/w28a_hone_naname.bmp.ctxr,textures/flatlist/ovr_stm/_win,w28a_hone_naname.bmp.ctxr,w28a_hone_naname.bmp,ctxr,11296,441d8dca38f726507fc832260466c026f088f837
textures/flatlist/ovr_stm/_win/w28a_pipe_tome_002.bmp.ctxr,textures/flatlist/ovr_stm/_win,w28a_pipe_tome_002.bmp.ctxr,w28a_pipe_tome_002.bmp,ctxr,3040,c36f775ed56be1c40f0552afef979a530feda7b2
textures/flatlist/ovr_stm/_win/w28a_wall_rouka_01.bmp.ctxr,textures/flatlist/ovr_stm/_win,w28a_wall_rouka_01.bmp.ctxr,w28a_wall_rouka_01.bmp,ctxr,175168,2da58f03269e69377eafa63cb93f6e364a5ff226
textures/flatlist/ovr_stm/_win/w31a_box_01.bmp.ctxr,textures/flatlist/ovr_stm/_win,w31a_box_01.bmp.ctxr,w31a_box_01.bmp,ctxr,22176,bda4d0cd00a141f2c4150fd9839254a9abb33664
textures/flatlist/ovr_stm/_win/w31a_box_02.bmp.ctxr,textures/flatlist/ovr_stm/_win,w31a_box_02.bmp.ctxr,w31a_box_02.bmp,ctxr,87744,3b7600e3bcf1821262971414fb51800e0584293e
textures/flatlist/ovr_stm/_win/w31a_cir_panel_033.bmp.ctxr,textures/flatlist/ovr_stm/_win,w31a_cir_panel_033.bmp.ctxr,w31a_cir_panel_033.bmp,ctxr,44064,c90a89353df39088df1a368a202288ea0427f7fb
textures/flatlist/ovr_stm/_win/w31a_cir_panel_04.bmp.ctxr,textures/flatlist/ovr_stm/_win,w31a_cir_panel_04.bmp.ctxr,w31a_cir_panel_04.bmp,ctxr,11264,fd02b0b6538ed34b67fee829a6690085662cf8c9
textures/flatlist/ovr_stm/_win/w31a_cir_panel_brk_01.bmp.ctxr,textures/flatlist/ovr_stm/_win,w31a_cir_panel_brk_01.bmp.ctxr,w31a_cir_panel_brk_01.bmp,ctxr,175168,fc930823da349f83afc03eceddede9d190f6998a
textures/flatlist/ovr_stm/_win/w31a_cir_panel_brk_02.bmp.ctxr,textures/flatlist/ovr_stm/_win,w31a_cir_panel_brk_02.bmp.ctxr,w31a_cir_panel_brk_02.bmp,ctxr,22176,bc8da4bc2078e047ca0ad802ebb8f26aed8b4883
textures/flatlist/ovr_stm/_win/w31a_cir_panel_brk_04.bmp.ctxr,textures/flatlist/ovr_stm/_win,w31a_cir_panel_brk_04.bmp.ctxr,w31a_cir_panel_brk_04.bmp,ctxr,11264,bcd840366256db048b2b08aec6599bb9abb626d2
textures/flatlist/ovr_stm/_win/w31a_cir_panel_brk_05.bmp.ctxr,textures/flatlist/ovr_stm/_win,w31a_cir_panel_brk_05.bmp.ctxr,w31a_cir_panel_brk_05.bmp,ctxr,11264,b3835630a8af6e14636bd440d807154db96b649a
textures/flatlist/ovr_stm/_win/w31a_denki_01.bmp.ctxr,textures/flatlist/ovr_stm/_win,w31a_denki_01.bmp.ctxr,w31a_denki_01.bmp,ctxr,22208,c7c0158b3cfa8f9e78689045a84be507842e74ba
textures/flatlist/ovr_stm/_win/w31a_denki_03.bmp.ctxr,textures/flatlist/ovr_stm/_win,w31a_denki_03.bmp.ctxr,w31a_denki_03.bmp,ctxr,11296,651dd724410832684d56525f5f4876cf5fb18051
textures/flatlist/ovr_stm/_win/w31a_floor_01.bmp.ctxr,textures/flatlist/ovr_stm/_win,w31a_floor_01.bmp.ctxr,w31a_floor_01.bmp,ctxr,87744,077603cc33298b5a96204857f2c04f6d94632e96
textures/flatlist/ovr_stm/_win/w31a_floor_02.bmp.ctxr,textures/flatlist/ovr_stm/_win,w31a_floor_02.bmp.ctxr,w31a_floor_02.bmp,ctxr,87776,a3f2dd1b1fbc9eade1a43fcfb1baa618cf5b39db
textures/flatlist/ovr_stm/_win/w31a_floor_03.bmp.ctxr,textures/flatlist/ovr_stm/_win,w31a_floor_03.bmp.ctxr,w31a_floor_03.bmp,ctxr,44064,1bd9e932519df188a35bf1a61e7d29f2ace06ff6
textures/flatlist/ovr_stm/_win/w31a_floor_06.bmp.ctxr,textures/flatlist/ovr_stm/_win,w31a_floor_06.bmp.ctxr,w31a_floor_06.bmp,ctxr,175168,b261047a3b40f0778f7cc192819193b50e015120
textures/flatlist/ovr_stm/_win/w31a_floor_08.bmp.ctxr,textures/flatlist/ovr_stm/_win,w31a_floor_08.bmp.ctxr,w31a_floor_08.bmp,ctxr,87744,5e0d5dd8353265f41baa7ed91b275f422022e420
textures/flatlist/ovr_stm/_win/w31a_floor_10_alp_ovl.bmp.ctxr,textures/flatlist/ovr_stm/_win,w31a_floor_10_alp_ovl.bmp.ctxr,w31a_floor_10_alp_ovl.bmp,ctxr,44064,0df89cc7434c188df8b0bf109394ea57c6820b5e
textures/flatlist/ovr_stm/_win/w31a_floor_ovl_bld090.bmp.ctxr,textures/flatlist/ovr_stm/_win,w31a_floor_ovl_bld090.bmp.ctxr,w31a_floor_ovl_bld090.bmp,ctxr,87744,da42f4d5d29a283e9a57053915c9a986c3d31591
textures/flatlist/ovr_stm/_win/w31a_mecha_03.bmp.ctxr,textures/flatlist/ovr_stm/_win,w31a_mecha_03.bmp.ctxr,w31a_mecha_03.bmp,ctxr,87744,99b21c0696e54ff1310daea50c64b78d33d0254b
textures/flatlist/ovr_stm/_win/w31a_wall_01.bmp.ctxr,textures/flatlist/ovr_stm/_win,w31a_wall_01.bmp.ctxr,w31a_wall_01.bmp,ctxr,87776,92a030a54112a5158362824866acc94c00751806
textures/flatlist/ovr_stm/_win/w31a_wall_03.bmp.ctxr,textures/flatlist/ovr_stm/_win,w31a_wall_03.bmp.ctxr,w31a_wall_03.bmp,ctxr,175168,1356a521ffeb55acc68efe6b91fe5c3621646b09
textures/flatlist/ovr_stm/_win/w31a_wall_05.bmp.ctxr,textures/flatlist/ovr_stm/_win,w31a_wall_05.bmp.ctxr,w31a_wall_05.bmp,ctxr,87776,78cd0f05c4b4d8d46cec2a0a3177e7eab10886d6
textures/flatlist/ovr_stm/_win/w31a_wall_06.bmp.ctxr,textures/flatlist/ovr_stm/_win,w31a_wall_06.bmp.ctxr,w31a_wall_06.bmp,ctxr,87744,7180fc63b92a95639fb462f824173fb646f9defa
textures/flatlist/ovr_stm/_win/w31b_door_01.bmp.ctxr,textures/flatlist/ovr_stm/_win,w31b_door_01.bmp.ctxr,w31b_door_01.bmp,ctxr,175168,723f899a008e3a5a4686df4f8a5dc05bfb32f5c8
textures/flatlist/ovr_stm/_win/w31b_dox_01.bmp.ctxr,textures/flatlist/ovr_stm/_win,w31b_dox_01.bmp.ctxr,w31b_dox_01.bmp,ctxr,5760,02896899ccf8f39b613c776f89116254a482d453
textures/flatlist/ovr_stm/_win/w31b_floor_02.bmp.ctxr,textures/flatlist/ovr_stm/_win,w31b_floor_02.bmp.ctxr,w31b_floor_02.bmp,ctxr,87744,f3a85ed297dce14c4bfb6f7c7577e57e754a6adb
textures/flatlist/ovr_stm/_win/w31b_panel_alp_ovl_06.bmp.ctxr,textures/flatlist/ovr_stm/_win,w31b_panel_alp_ovl_06.bmp.ctxr,w31b_panel_alp_ovl_06.bmp,ctxr,44064,ef615ce71ac3f52df5c9347ebe63adeefecfe486
textures/flatlist/ovr_stm/_win/w31b_pipe_05.bmp.ctxr,textures/flatlist/ovr_stm/_win,w31b_pipe_05.bmp.ctxr,w31b_pipe_05.bmp,ctxr,44064,9f96f44201b098f5e8c552e13c8baf7d74ca9d05
textures/flatlist/ovr_stm/_win/w31b_roof_04.bmp.ctxr,textures/flatlist/ovr_stm/_win,w31b_roof_04.bmp.ctxr,w31b_roof_04.bmp,ctxr,87744,8a728d249b30341243265b94d77cab4d682c7d9d
textures/flatlist/ovr_stm/_win/w31b_wall_03.bmp.ctxr,textures/flatlist/ovr_stm/_win,w31b_wall_03.bmp.ctxr,w31b_wall_03.bmp,ctxr,175168,22faf9292c6338535484079833f73b5f1bbc37c1
textures/flatlist/ovr_stm/_win/w31c_box_05.bmp.ctxr,textures/flatlist/ovr_stm/_win,w31c_box_05.bmp.ctxr,w31c_box_05.bmp,ctxr,87776,d47894afd3448846173ff97469d7d03a41522eb1
textures/flatlist/ovr_stm/_win/w31c_locker_01.bmp.ctxr,textures/flatlist/ovr_stm/_win,w31c_locker_01.bmp.ctxr,w31c_locker_01.bmp,ctxr,87744,099d5188c9e4e182e82fb08793d126323c82a7a9
textures/flatlist/ovr_stm/_win/w31c_locker_04.bmp.ctxr,textures/flatlist/ovr_stm/_win,w31c_locker_04.bmp.ctxr,w31c_locker_04.bmp,ctxr,175168,ee6c8bfbb3546d8d114c0257acc7a306dac0a6fd
textures/flatlist/ovr_stm/_win/w31c_wall_08.bmp.ctxr,textures/flatlist/ovr_stm/_win,w31c_wall_08.bmp.ctxr,w31c_wall_08.bmp,ctxr,11296,8bc7b0325528c598f828e11d61a060359f81ff74
textures/flatlist/ovr_stm/_win/w32a_asi00.bmp.ctxr,textures/flatlist/ovr_stm/_win,w32a_asi00.bmp.ctxr,w32a_asi00.bmp,ctxr,175168,e86b78c0aabac1ac55d157f73d1db9c09cab5293
textures/flatlist/ovr_stm/_win/w32a_asi00a.bmp.ctxr,textures/flatlist/ovr_stm/_win,w32a_asi00a.bmp.ctxr,w32a_asi00a.bmp,ctxr,175168,8289a6a8c8b787e028c8b272e9df0a9a031b5faf
textures/flatlist/ovr_stm/_win/w32a_asi00b.bmp.ctxr,textures/flatlist/ovr_stm/_win,w32a_asi00b.bmp.ctxr,w32a_asi00b.bmp,ctxr,175168,e3f8b0c3ce46936becaf49e591d87452395fd68c
textures/flatlist/ovr_stm/_win/w32a_asi00c.bmp.ctxr,textures/flatlist/ovr_stm/_win,w32a_asi00c.bmp.ctxr,w32a_asi00c.bmp,ctxr,175168,af30b6cd9aa4c27a99d95960bb38ea889c6d7fdd
textures/flatlist/ovr_stm/_win/w32a_asi00d.bmp.ctxr,textures/flatlist/ovr_stm/_win,w32a_asi00d.bmp.ctxr,w32a_asi00d.bmp,ctxr,175168,55dec250ec54a9f02e18cda52b6bbf2d63786744
textures/flatlist/ovr_stm/_win/w32a_asi06.bmp.ctxr,textures/flatlist/ovr_stm/_win,w32a_asi06.bmp.ctxr,w32a_asi06.bmp,ctxr,175168,50caf1dd08711bdf60e8731849a86afb3abfd1d1
textures/flatlist/ovr_stm/_win/w32a_board04.bmp.ctxr,textures/flatlist/ovr_stm/_win,w32a_board04.bmp.ctxr,w32a_board04.bmp,ctxr,22208,9c5c5964d82f3eb3359d114ae0e9653c4945c7f4
textures/flatlist/ovr_stm/_win/w32a_fl01.bmp.ctxr,textures/flatlist/ovr_stm/_win,w32a_fl01.bmp.ctxr,w32a_fl01.bmp,ctxr,87744,f863905fcb3124e8666ee340ebff0d53eccad748
textures/flatlist/ovr_stm/_win/w32a_fl01a.bmp.ctxr,textures/flatlist/ovr_stm/_win,w32a_fl01a.bmp.ctxr,w32a_fl01a.bmp,ctxr,87744,a45fae0925d327acb58fe79fdd71e4f82de6d388
textures/flatlist/ovr_stm/_win/w32a_fl01b.bmp.ctxr,textures/flatlist/ovr_stm/_win,w32a_fl01b.bmp.ctxr,w32a_fl01b.bmp,ctxr,87744,2f52eb227842e0e763888956af6d9a398447040e
textures/flatlist/ovr_stm/_win/w32a_fl01c.bmp.ctxr,textures/flatlist/ovr_stm/_win,w32a_fl01c.bmp.ctxr,w32a_fl01c.bmp,ctxr,87744,abf1a3f1a68c95bdc63ff5c3db51c3de270a7f1f
textures/flatlist/ovr_stm/_win/w32a_fl01e.bmp.ctxr,textures/flatlist/ovr_stm/_win,w32a_fl01e.bmp.ctxr,w32a_fl01e.bmp,ctxr,87744,34428059bc4f0104440473fc92d9b0f9c393a5c1
textures/flatlist/ovr_stm/_win/w32a_pp02.bmp_1740c8007a612689abb7c8a3139f35d1.ctxr,textures/flatlist/ovr_stm/_win,w32a_pp02.bmp_1740c8007a612689abb7c8a3139f35d1.ctxr,w32a_pp02.bmp_1740c8007a612689abb7c8a3139f35d1,ctxr,175168,9e0b6b4f347e6d59c5c2f9aef2af29d2198d2559
textures/flatlist/ovr_stm/_win/w32a_pp02a.bmp_f04b2f338b30c64c7690c44f5e5cbc4f.ctxr,textures/flatlist/ovr_stm/_win,w32a_pp02a.bmp_f04b2f338b30c64c7690c44f5e5cbc4f.ctxr,w32a_pp02a.bmp_f04b2f338b30c64c7690c44f5e5cbc4f,ctxr,87776,ec9d47c72197c239524b8c4e649d55b93424579c
textures/flatlist/ovr_stm/_win/w32a_pp03a.bmp_948505e760d2eb64915a2546228b8649.ctxr,textures/flatlist/ovr_stm/_win,w32a_pp03a.bmp_948505e760d2eb64915a2546228b8649.ctxr,w32a_pp03a.bmp_948505e760d2eb64915a2546228b8649,ctxr,87776,b09a9dc8f36377d0d8cb3f9c770f6026e1e225de
textures/flatlist/ovr_stm/_win/w32a_sign00.bmp.ctxr,textures/flatlist/ovr_stm/_win,w32a_sign00.bmp.ctxr,w32a_sign00.bmp,ctxr,11296,ccd24320a2aaee01fafd2fdc3a483e5bb8739ba0
textures/flatlist/ovr_stm/_win/w32a_w02.bmp.ctxr,textures/flatlist/ovr_stm/_win,w32a_w02.bmp.ctxr,w32a_w02.bmp,ctxr,44096,e7c1f0aa303d63711ddeae9e91526bc2119af050
textures/flatlist/ovr_stm/_win/w41a_dr2.bmp.ctxr,textures/flatlist/ovr_stm/_win,w41a_dr2.bmp.ctxr,w41a_dr2.bmp,ctxr,175168,604725ca1edce357900544e4eaa576eec4bd07b7
textures/flatlist/ovr_stm/_win/w41a_go_02.bmp.ctxr,textures/flatlist/ovr_stm/_win,w41a_go_02.bmp.ctxr,w41a_go_02.bmp,ctxr,44064,fa501dea3ff2ed1651e0e95b1b4565e4a8902dab
textures/flatlist/ovr_stm/_win/w41a_go_03.bmp.ctxr,textures/flatlist/ovr_stm/_win,w41a_go_03.bmp.ctxr,w41a_go_03.bmp,ctxr,44064,5cb074be70f95a49a36dcfb6cbe0be9faf9cb624
textures/flatlist/ovr_stm/_win/w41a_wallsh1_bld090_ovl.bmp.ctxr,textures/flatlist/ovr_stm/_win,w41a_wallsh1_bld090_ovl.bmp.ctxr,w41a_wallsh1_bld090_ovl.bmp,ctxr,349920,d4446b4967d2e6191db84d1871392ef496fe87bb
textures/flatlist/ovr_stm/_win/w41a_wallsh3_bld090_ovl.bmp.ctxr,textures/flatlist/ovr_stm/_win,w41a_wallsh3_bld090_ovl.bmp.ctxr,w41a_wallsh3_bld090_ovl.bmp,ctxr,175168,0eab87de316934ac96810de625494a5add0b4919
textures/flatlist/ovr_stm/_win/w41a_wallsh4_bld090_ovl.bmp.ctxr,textures/flatlist/ovr_stm/_win,w41a_wallsh4_bld090_ovl.bmp.ctxr,w41a_wallsh4_bld090_ovl.bmp,ctxr,87744,eebc6e4a52a2d30986b2f4c5ca27ac0d22d94c32
textures/flatlist/ovr_stm/_win/w41a_wallsh6_bld090_ovl.bmp.ctxr,textures/flatlist/ovr_stm/_win,w41a_wallsh6_bld090_ovl.bmp.ctxr,w41a_wallsh6_bld090_ovl.bmp,ctxr,175168,144d3d007690a7ac9f86525d2ceae3a60435a4d0
textures/flatlist/ovr_stm/_win/w41a_wallsh7_bld090_ovl.bmp.ctxr,textures/flatlist/ovr_stm/_win,w41a_wallsh7_bld090_ovl.bmp.ctxr,w41a_wallsh7_bld090_ovl.bmp,ctxr,175168,517ee9b3d2c47e6bf3f6a04dee52aa1fa9327b78
textures/flatlist/ovr_stm/_win/w42a_1f_box_01.bmp_7be7c191af3966ebc5cbc6b019aac0b5.ctxr,textures/flatlist/ovr_stm/_win,w42a_1f_box_01.bmp_7be7c191af3966ebc5cbc6b019aac0b5.ctxr,w42a_1f_box_01.bmp_7be7c191af3966ebc5cbc6b019aac0b5,ctxr,175168,25f9fb96a3f8eed2922ba51e5fe9c03390a6f5bc
textures/flatlist/ovr_stm/_win/w42a_1f_box_01_top.bmp_80244e81becddb60d74eb9908adbdbd3.ctxr,textures/flatlist/ovr_stm/_win,w42a_1f_box_01_top.bmp_80244e81becddb60d74eb9908adbdbd3.ctxr,w42a_1f_box_01_top.bmp_80244e81becddb60d74eb9908adbdbd3,ctxr,87744,ca48e7390f51040c2d7bdd48913e7f69d242aa7f
textures/flatlist/ovr_stm/_win/w42a_2f_floor_back_03.bmp.ctxr,textures/flatlist/ovr_stm/_win,w42a_2f_floor_back_03.bmp.ctxr,w42a_2f_floor_back_03.bmp,ctxr,175168,8982cc1f10efd2c6d04b6543834cdb7b30aceafd
textures/flatlist/ovr_stm/_win/w42a_bridge_side_01.bmp_489fc0f70f9ed7725e5293ec1ab58638.ctxr,textures/flatlist/ovr_stm/_win,w42a_bridge_side_01.bmp_489fc0f70f9ed7725e5293ec1ab58638.ctxr,w42a_bridge_side_01.bmp_489fc0f70f9ed7725e5293ec1ab58638,ctxr,44096,80ca3e1205832c68ca274728e449181d464b6746
textures/flatlist/ovr_stm/_win/w42a_fence_board_01.bmp.ctxr,textures/flatlist/ovr_stm/_win,w42a_fence_board_01.bmp.ctxr,w42a_fence_board_01.bmp,ctxr,11296,5aaa7d74736f27c7485da7ecbc3e52d466ed8ad8
textures/flatlist/ovr_stm/_win/w42a_fence_under_03.bmp.ctxr,textures/flatlist/ovr_stm/_win,w42a_fence_under_03.bmp.ctxr,w42a_fence_under_03.bmp,ctxr,11296,885bf9a33e7ec1887caa9ec47845ce6468a14b3d
textures/flatlist/ovr_stm/_win/w43a_rouka_floor_01_alp_ovl.bmp.ctxr,textures/flatlist/ovr_stm/_win,w43a_rouka_floor_01_alp_ovl.bmp.ctxr,w43a_rouka_floor_01_alp_ovl.bmp,ctxr,87744,60c14f7e3f6129034f5ab86596edf686ef4d37e7
textures/flatlist/ovr_stm/_win/w43a_rouka_floor_02_alp_ovl.bmp.ctxr,textures/flatlist/ovr_stm/_win,w43a_rouka_floor_02_alp_ovl.bmp.ctxr,w43a_rouka_floor_02_alp_ovl.bmp,ctxr,87744,c1e7cc5f2a954b5daf4fd43d4fd969456bc02c5a
textures/flatlist/ovr_stm/_win/w43a_rouka_floor_03_alp_ovl.bmp.ctxr,textures/flatlist/ovr_stm/_win,w43a_rouka_floor_03_alp_ovl.bmp.ctxr,w43a_rouka_floor_03_alp_ovl.bmp,ctxr,87744,0a851a5af0bc80d1edc26a921af9c1fb48d19400
textures/flatlist/ovr_stm/_win/w43a_rouka_floor_04_alp_ovl.bmp.ctxr,textures/flatlist/ovr_stm/_win,w43a_rouka_floor_04_alp_ovl.bmp.ctxr,w43a_rouka_floor_04_alp_ovl.bmp,ctxr,87744,9aaba2a6917ba8aec8eb9b87e6e6b194181f3e47
textures/flatlist/ovr_stm/_win/w43a_rouka_floor_06_alp_ovl.bmp.ctxr,textures/flatlist/ovr_stm/_win,w43a_rouka_floor_06_alp_ovl.bmp.ctxr,w43a_rouka_floor_06_alp_ovl.bmp,ctxr,87744,8ec77487409dfa027007b6d4457a5404b6ca3ef8
textures/flatlist/ovr_stm/_win/w43a_wall_02_alp_ovl.bmp.ctxr,textures/flatlist/ovr_stm/_win,w43a_wall_02_alp_ovl.bmp.ctxr,w43a_wall_02_alp_ovl.bmp,ctxr,87744,82fe911b2f86b12311ee42136caa97a9f7b966af
textures/flatlist/ovr_stm/_win/w43a_wall_04_alp_ovl.bmp.ctxr,textures/flatlist/ovr_stm/_win,w43a_wall_04_alp_ovl.bmp.ctxr,w43a_wall_04_alp_ovl.bmp,ctxr,44064,f7ef28c4be9ed036efce8b3716c15612afbbf438
textures/flatlist/ovr_stm/_win/w43a_wall_05_alp_ovl.bmp.ctxr,textures/flatlist/ovr_stm/_win,w43a_wall_05_alp_ovl.bmp.ctxr,w43a_wall_05_alp_ovl.bmp,ctxr,87744,fb924997cd0a70a29ef585d29a467c824f81c2be
textures/flatlist/ovr_stm/_win/w43a_wall_09_alp_ovl.bmp.ctxr,textures/flatlist/ovr_stm/_win,w43a_wall_09_alp_ovl.bmp.ctxr,w43a_wall_09_alp_ovl.bmp,ctxr,87744,27fdfa7e7a0e1db30a5d8d03bffacdf396c73f7e
textures/flatlist/ovr_stm/_win/w43a_wall_exit_01.bmp.ctxr,textures/flatlist/ovr_stm/_win,w43a_wall_exit_01.bmp.ctxr,w43a_wall_exit_01.bmp,ctxr,349920,bddd798b749b42527724954acb9c48124306db5e
textures/flatlist/ovr_stm/_win/w43a_wall_hashi_02_alp_ovl.bmp.ctxr,textures/flatlist/ovr_stm/_win,w43a_wall_hashi_02_alp_ovl.bmp.ctxr,w43a_wall_hashi_02_alp_ovl.bmp,ctxr,87744,eda3510c4a96c4487b6b8cbc6367089896b78cdf
textures/flatlist/ovr_stm/_win/w43a_wall_hashi_04_alp_ovl.bmp.ctxr,textures/flatlist/ovr_stm/_win,w43a_wall_hashi_04_alp_ovl.bmp.ctxr,w43a_wall_hashi_04_alp_ovl.bmp,ctxr,87744,e54355faf3065d90b92600cf86a232b422973a61
textures/flatlist/ovr_stm/_win/w43a_wall_right_02_alp_ovl.bmp.ctxr,textures/flatlist/ovr_stm/_win,w43a_wall_right_02_alp_ovl.bmp.ctxr,w43a_wall_right_02_alp_ovl.bmp,ctxr,87744,fef3d7db95434dcc2cebdd9b2d0be3cdacea00dc
textures/flatlist/ovr_stm/_win/w43a_wall_right_03_alp_ovl.bmp.ctxr,textures/flatlist/ovr_stm/_win,w43a_wall_right_03_alp_ovl.bmp.ctxr,w43a_wall_right_03_alp_ovl.bmp,ctxr,44064,bd06a8b1af87872f4cec99a4a4a38d907c1b8fe8
textures/flatlist/ovr_stm/_win/w43a_wall_right_06_alp_ovl.bmp.ctxr,textures/flatlist/ovr_stm/_win,w43a_wall_right_06_alp_ovl.bmp.ctxr,w43a_wall_right_06_alp_ovl.bmp,ctxr,87744,61e2660b99af0e4eaf48c9964b356acc195e5579
textures/flatlist/ovr_stm/_win/w43a_wall_right_08_alp_ovl.bmp.ctxr,textures/flatlist/ovr_stm/_win,w43a_wall_right_08_alp_ovl.bmp.ctxr,w43a_wall_right_08_alp_ovl.bmp,ctxr,87744,01c02288555d35a4362ac3a9b2b7bd2d3e30a852
textures/flatlist/ovr_stm/_win/w45a_door_left.bmp.ctxr,textures/flatlist/ovr_stm/_win,w45a_door_left.bmp.ctxr,w45a_door_left.bmp,ctxr,44064,c00783927226f5879e93c5bf7622fe718855d744
textures/flatlist/ovr_stm/_win/w45a_door_right.bmp.ctxr,textures/flatlist/ovr_stm/_win,w45a_door_right.bmp.ctxr,w45a_door_right.bmp,ctxr,87744,6b9fcd1ada22ea284a930c0bb7b3a4fbef5b74b2
textures/flatlist/ovr_stm/_win/w45a_floor_01.bmp.ctxr,textures/flatlist/ovr_stm/_win,w45a_floor_01.bmp.ctxr,w45a_floor_01.bmp,ctxr,1398528,63e8ea0d1959d8822d36f987af9fe64f8ec2e95b
textures/flatlist/ovr_stm/_win/w45a_floor_03.bmp.ctxr,textures/flatlist/ovr_stm/_win,w45a_floor_03.bmp.ctxr,w45a_floor_03.bmp,ctxr,1398528,10a2d75b9d764c9eab3bcf170b02b409fa208f46
textures/flatlist/ovr_stm/_win/w61a_bil7_wall1.bmp.ctxr,textures/flatlist/ovr_stm/_win,w61a_bil7_wall1.bmp.ctxr,w61a_bil7_wall1.bmp,ctxr,87744,293f47ffcea3a2f95ce59171ed1c5dc81e70f7c9
textures/flatlist/ovr_stm/_win/w61a_bil7_wall4_brk.bmp.ctxr,textures/flatlist/ovr_stm/_win,w61a_bil7_wall4_brk.bmp.ctxr,w61a_bil7_wall4_brk.bmp,ctxr,175168,5b0dc3c407550ad336112513382922b55b9fd284
textures/flatlist/ovr_stm/_win/w61a_douro.bmp.ctxr,textures/flatlist/ovr_stm/_win,w61a_douro.bmp.ctxr,w61a_douro.bmp,ctxr,87744,dc3dcafb98f963e012ead8b837e3e6e1d0fb09f5
textures/flatlist/ovr_stm/_win/w61a_grn_ami.bmp.ctxr,textures/flatlist/ovr_stm/_win,w61a_grn_ami.bmp.ctxr,w61a_grn_ami.bmp,ctxr,22176,070fa3f4d4dbd12dd58cf63242b71f167163dcdf
textures/flatlist/ovr_stm/_win/w61a_hodou1.bmp.ctxr,textures/flatlist/ovr_stm/_win,w61a_hodou1.bmp.ctxr,w61a_hodou1.bmp,ctxr,87744,85672ee627d68be5bd449f0f7e25404fb23b513c
textures/flatlist/ovr_stm/_win/w61a_jeorge_dai.bmp.ctxr,textures/flatlist/ovr_stm/_win,w61a_jeorge_dai.bmp.ctxr,w61a_jeorge_dai.bmp,ctxr,22176,fa3b6974e2d5e8aeb052df449214bb6a29feb8d0
textures/flatlist/ovr_stm/_win/w61a_pillar1.bmp.ctxr,textures/flatlist/ovr_stm/_win,w61a_pillar1.bmp.ctxr,w61a_pillar1.bmp,ctxr,175168,a030334a9b2d7b1c040df9d7d2427924cd512ab3
textures/flatlist/ovr_stm/_win/w62a_bill_h1.bmp.ctxr,textures/flatlist/ovr_stm/_win,w62a_bill_h1.bmp.ctxr,w62a_bill_h1.bmp,ctxr,175168,08a1806f649faf7c5989d8d888bd0014568e2f42
textures/flatlist/ovr_stm/_win/walllc1a.bmp.ctxr,textures/flatlist/ovr_stm/_win,walllc1a.bmp.ctxr,walllc1a.bmp,ctxr,175168,9bce4887b363588a7fe8cb5e6ca2b77e73891cd7
textures/flatlist/ovr_stm/_win/walllc1a2a.bmp.ctxr,textures/flatlist/ovr_stm/_win,walllc1a2a.bmp.ctxr,walllc1a2a.bmp,ctxr,87776,8d147608dee282c2208685041feeb419acd484ac
textures/flatlist/ovr_stm/_win/walllc1b.bmp.ctxr,textures/flatlist/ovr_stm/_win,walllc1b.bmp.ctxr,walllc1b.bmp,ctxr,175168,b9f6aa827b85cd298795a7989e03a5c2806061e9
textures/flatlist/ovr_stm/_win/walllc1_sh2.bmp.ctxr,textures/flatlist/ovr_stm/_win,walllc1_sh2.bmp.ctxr,walllc1_sh2.bmp,ctxr,175168,d04fcf45ea1d4844075241c7fb1ea3b4ed04b09d
textures/flatlist/ovr_stm/_win/wave06.bmp.ctxr,textures/flatlist/ovr_stm/_win,wave06.bmp.ctxr,wave06.bmp,ctxr,87744,e81a7d97bbac409a5ef1aed89d2ce6fd0b7a35c1
textures/flatlist/ovr_stm/_win/wave06long1.bmp.ctxr,textures/flatlist/ovr_stm/_win,wave06long1.bmp.ctxr,wave06long1.bmp,ctxr,87744,9df31f525ee51bcaec8968a40ae644b8d3585fd6
textures/flatlist/ovr_stm/_win/wc1.bmp.ctxr,textures/flatlist/ovr_stm/_win,wc1.bmp.ctxr,wc1.bmp,ctxr,22208,9e1edd55fa966d65d919f5f48b26b9d78058c00c
textures/flatlist/ovr_stm/_win/wc1top.bmp.ctxr,textures/flatlist/ovr_stm/_win,wc1top.bmp.ctxr,wc1top.bmp,ctxr,22176,8a5b45ed0fcf0660b4d697771a34ad7c023ac284
textures/flatlist/ovr_stm/_win/yukamoto_alp_ovl.bmp.ctxr,textures/flatlist/ovr_stm/_win,yukamoto_alp_ovl.bmp.ctxr,yukamoto_alp_ovl.bmp,ctxr,87744,f674862c96d8629bdbae6807fdc9c848b33dce0d
textures/flatlist/ovr_stm/_win/yu_ne.bmp.ctxr,textures/flatlist/ovr_stm/_win,yu_ne.bmp.ctxr,yu_ne.bmp,ctxr,87744,e03ed892af049286e16f105aca4c58c7f9a1fbcf
textures/flatlist/ovr_stm/_win/yu_ne2.bmp.ctxr,textures/flatlist/ovr_stm/_win,yu_ne2.bmp.ctxr,yu_ne2.bmp,ctxr,87744,afb9f6d4ab851e208ac0dcf1c03cd4e8948b7c36
textures/flatlist/ovr_stm/_win/zoe_pos_n.bmp.ctxr,textures/flatlist/ovr_stm/_win,zoe_pos_n.bmp.ctxr,zoe_pos_n.bmp,ctxr,349920,cba18d4860ce087ae0f07f5d73e0a9e68a00029d
textures/MGS2-Demastered-Substance-Edition_LICENSE,textures,MGS2-Demastered-Substance-Edition_LICENSE,MGS2-Demastered-Substance-Edition_LICENSE,,1084,50827a9b7585110cb1a082fc9244d637a47fa802
textures/MGS2-Demastered-Substance-Edition_README.md,textures,MGS2-Demastered-Substance-Edition_README.md,MGS2-Demastered-Substance-Edition_README,md,4375,3e8e842512940016fb3d360bc56964fd9929bb5a
