full_path,relative_path_to_file,filename_with_extension,file_stem,extension,filesize,sha1
logs/MGS2-Demastered-Substance-Edition_Game.log,logs,MGS2-Demastered-Substance-Edition_Game.log,MGS2-Demastered-Substance-Edition_Game,log,4375,3e8e842512940016fb3d360bc56964fd9929bb5a
logs/MGS2-Demastered-Substance-Edition_Launcher.log,logs,MGS2-Demastered-Substance-Edition_Launcher.log,MGS2-Demastered-Substance-Edition_Launcher,log,4375,3e8e842512940016fb3d360bc56964fd9929bb5a
plugins/MGS2-Demastered-Substance-Edition.asi,plugins,MGS2-Demastered-Substance-Edition.asi,MGS2-Demastered-Substance-Edition,asi,921600,3d337234ddb39efc53e98856545e4bfa5790e6ff
plugins/MGS2-Demastered-Substance-Edition.ini,plugins,MGS2-Demastered-Substance-Edition.ini,MGS2-Demastered-Substance-Edition,ini,367,89c13d2be088de084968a647d59b7be0e4547beb
textures/flatlist/ovr_stm/ovr_eu/_win/door_b00.bmp.ctxr,textures/flatlist/ovr_stm/ovr_eu/_win,door_b00.bmp.ctxr,door_b00.bmp,ctxr,349920,2c33f7a8c37be0f569a9d763cf52763c7c779690
textures/flatlist/ovr_stm/ovr_eu/_win/d_oil_ref_add_alp_ovl_mod1120.bmp.ctxr,textures/flatlist/ovr_stm/ovr_eu/_win,d_oil_ref_add_alp_ovl_mod1120.bmp.ctxr,d_oil_ref_add_alp_ovl_mod1120.bmp,ctxr,1398528,02ca90f5493a1e81146d6a968205edefd04f96c4
textures/flatlist/ovr_stm/ovr_eu/_win/ghost_pos.bmp.ctxr,textures/flatlist/ovr_stm/ovr_eu/_win,ghost_pos.bmp.ctxr,ghost_pos.bmp,ctxr,1398528,4714bca6543db26fa2b88c346a9bec6fff46b2ae
textures/flatlist/ovr_stm/ovr_eu/_win/iro_boots.bmp.ctxr,textures/flatlist/ovr_stm/ovr_eu/_win,iro_boots.bmp.ctxr,iro_boots.bmp,ctxr,349920,1a272c08f19304585d3cf4eadb6d5baf440d4902
textures/flatlist/ovr_stm/ovr_eu/_win/iro_hair_base.bmp.ctxr,textures/flatlist/ovr_stm/ovr_eu/_win,iro_hair_base.bmp.ctxr,iro_hair_base.bmp,ctxr,699488,5af6b07ff237c9b649c5f134ecd4cbc5370b6577
textures/flatlist/ovr_stm/ovr_eu/_win/iro_hi_face.bmp.ctxr,textures/flatlist/ovr_stm/ovr_eu/_win,iro_hi_face.bmp.ctxr,iro_hi_face.bmp,ctxr,1398560,5bbe3698742bd0cfd153c045831e61ba8b0f5bbc
textures/flatlist/ovr_stm/ovr_eu/_win/iro_hi_face_bandage.bmp.ctxr,textures/flatlist/ovr_stm/ovr_eu/_win,iro_hi_face_bandage.bmp.ctxr,iro_hi_face_bandage.bmp,ctxr,1398560,d9e59979138545676f3b34a3f74acf2e518e2e64
textures/flatlist/ovr_stm/ovr_eu/_win/iro_snawear.bmp.ctxr,textures/flatlist/ovr_stm/ovr_eu/_win,iro_snawear.bmp.ctxr,iro_snawear.bmp,ctxr,3712,256f1f5190c83c2bd55c0566ed53cfd6d2405b5f
textures/flatlist/ovr_stm/ovr_eu/_win/m3l_gou_02msk.bmp.ctxr,textures/flatlist/ovr_stm/ovr_eu/_win,m3l_gou_02msk.bmp.ctxr,m3l_gou_02msk.bmp,ctxr,44064,3f35455a9a84b37dfdad43124135cf00e345a2fe
textures/flatlist/ovr_stm/ovr_eu/_win/megami.bmp.ctxr,textures/flatlist/ovr_stm/ovr_eu/_win,megami.bmp.ctxr,megami.bmp,ctxr,87744,075c0894b28a9bc560676d26b2846aa02eee35c3
textures/flatlist/ovr_stm/ovr_eu/_win/n_oil_ref_add_alp_ovl_mod1120.bmp.ctxr,textures/flatlist/ovr_stm/ovr_eu/_win,n_oil_ref_add_alp_ovl_mod1120.bmp.ctxr,n_oil_ref_add_alp_ovl_mod1120.bmp,ctxr,1398528,73bf3852b8e2dc7d679f1b188c087f658d46ba22
textures/flatlist/ovr_stm/ovr_eu/_win/org_chest.bmp.ctxr,textures/flatlist/ovr_stm/ovr_eu/_win,org_chest.bmp.ctxr,org_chest.bmp,ctxr,699488,17d13337c0da9dd0dfe7630d8bc70b77f052f78e
textures/flatlist/ovr_stm/ovr_eu/_win/police_pos.bmp.ctxr,textures/flatlist/ovr_stm/ovr_eu/_win,police_pos.bmp.ctxr,police_pos.bmp,ctxr,1398528,c33a920e2b81ad47780721a6cb686c95b9482527
textures/flatlist/ovr_stm/ovr_eu/_win/sel_bag2blood.bmp.ctxr,textures/flatlist/ovr_stm/ovr_eu/_win,sel_bag2blood.bmp.ctxr,sel_bag2blood.bmp,ctxr,87744,13593bc8bd846f6e44c099d21d12998cf9809e01
textures/flatlist/ovr_stm/ovr_eu/_win/sel_boots.bmp.ctxr,textures/flatlist/ovr_stm/ovr_eu/_win,sel_boots.bmp.ctxr,sel_boots.bmp,ctxr,349920,39a69bb48e5439085ae070bd658d02788f879f78
textures/flatlist/ovr_stm/ovr_eu/_win/sna_body_ss01dt.bmp.ctxr,textures/flatlist/ovr_stm/ovr_eu/_win,sna_body_ss01dt.bmp.ctxr,sna_body_ss01dt.bmp,ctxr,699488,3debb130fdaac6dd3d2781ef3102ac493c418d3d
textures/flatlist/ovr_stm/ovr_eu/_win/sna_hair1_alp_ovl.bmp.ctxr,textures/flatlist/ovr_stm/ovr_eu/_win,sna_hair1_alp_ovl.bmp.ctxr,sna_hair1_alp_ovl.bmp,ctxr,699488,92a9845727c817cb50a300a27236a75ef96ffd4b
textures/flatlist/ovr_stm/ovr_eu/_win/sna_hi_face_shave.bmp.ctxr,textures/flatlist/ovr_stm/ovr_eu/_win,sna_hi_face_shave.bmp.ctxr,sna_hi_face_shave.bmp,ctxr,1398560,b0c26bf09719835dcbe87598e0bec2ffe0559c39
textures/flatlist/ovr_stm/ovr_eu/_win/s_oil_ref_add_alp_ovl_mod1120.bmp.ctxr,textures/flatlist/ovr_stm/ovr_eu/_win,s_oil_ref_add_alp_ovl_mod1120.bmp.ctxr,s_oil_ref_add_alp_ovl_mod1120.bmp,ctxr,1398528,74ae312ed573be56b38a27e8bb3387f80b6cdca9
textures/flatlist/ovr_stm/ovr_eu/_win/w00a_pol1.bmp.ctxr,textures/flatlist/ovr_stm/ovr_eu/_win,w00a_pol1.bmp.ctxr,w00a_pol1.bmp,ctxr,44064,19c9a91f7e19f1af3a55267a5e8c86d57b2ad1c2
textures/flatlist/ovr_stm/ovr_eu/_win/w01a0_box00.bmp.ctxr,textures/flatlist/ovr_stm/ovr_eu/_win,w01a0_box00.bmp.ctxr,w01a0_box00.bmp,ctxr,44064,2fe507f17e6907c2f58558aba58fc9a5ad92d385
textures/flatlist/ovr_stm/ovr_eu/_win/w01a0_box002.bmp.ctxr,textures/flatlist/ovr_stm/ovr_eu/_win,w01a0_box002.bmp.ctxr,w01a0_box002.bmp,ctxr,44064,f9d84d0ea17a311c1d5913556c3e5e0e156ae8f1
textures/flatlist/ovr_stm/ovr_eu/_win/w01a0_fl00_bld080_ovl.bmp.ctxr,textures/flatlist/ovr_stm/ovr_eu/_win,w01a0_fl00_bld080_ovl.bmp.ctxr,w01a0_fl00_bld080_ovl.bmp,ctxr,699488,5b65c0c80a75b024424bacae0edcffa7442dbb12
textures/flatlist/ovr_stm/ovr_eu/_win/w01a0_fl02_bld080_ovl.bmp.ctxr,textures/flatlist/ovr_stm/ovr_eu/_win,w01a0_fl02_bld080_ovl.bmp.ctxr,w01a0_fl02_bld080_ovl.bmp,ctxr,699488,dad1c980abd0ea31cd5db4b8f25d726b11d7877c
textures/flatlist/ovr_stm/ovr_eu/_win/w01b_wlp03_bld075_ovl.bmp.ctxr,textures/flatlist/ovr_stm/ovr_eu/_win,w01b_wlp03_bld075_ovl.bmp.ctxr,w01b_wlp03_bld075_ovl.bmp,ctxr,87744,06c0e70a511fa360c2f2bd78c958c1352354f020
textures/flatlist/ovr_stm/ovr_eu/_win/w01c_flp00_bld095_ovl.bmp.ctxr,textures/flatlist/ovr_stm/ovr_eu/_win,w01c_flp00_bld095_ovl.bmp.ctxr,w01c_flp00_bld095_ovl.bmp,ctxr,87776,8ce294f24b004f6c7e7a0d5bf9702db38874edc6
textures/flatlist/ovr_stm/ovr_eu/_win/w03a_pp02.bmp_09b1a01b9996f568e8ca8e878bee4475.ctxr,textures/flatlist/ovr_stm/ovr_eu/_win,w03a_pp02.bmp_09b1a01b9996f568e8ca8e878bee4475.ctxr,w03a_pp02.bmp_09b1a01b9996f568e8ca8e878bee4475,ctxr,349952,5cc6cd8b49795ce668068a02bd6341d913d25fc3
textures/flatlist/ovr_stm/ovr_eu/_win/w11a2_closed_shatter.bmp.ctxr,textures/flatlist/ovr_stm/ovr_eu/_win,w11a2_closed_shatter.bmp.ctxr,w11a2_closed_shatter.bmp,ctxr,699488,5027bf8bf985e100d03bfe01afc174813c4b60b0
textures/flatlist/ovr_stm/ovr_eu/_win/w11_drum_f1.bmp.ctxr,textures/flatlist/ovr_stm/ovr_eu/_win,w11_drum_f1.bmp.ctxr,w11_drum_f1.bmp,ctxr,175168,855b6f862a0888e6f48165df504fd61d759e8181
textures/flatlist/ovr_stm/ovr_eu/_win/w24a_flag_usa.bmp.ctxr,textures/flatlist/ovr_stm/ovr_eu/_win,w24a_flag_usa.bmp.ctxr,w24a_flag_usa.bmp,ctxr,349920,5ec2ba63be6965df03d36c1b9d66aaa16416782b
textures/flatlist/ovr_stm/ovr_eu/_win/w24c1_rev_disp_01.bmp.ctxr,textures/flatlist/ovr_stm/ovr_eu/_win,w24c1_rev_disp_01.bmp.ctxr,w24c1_rev_disp_01.bmp,ctxr,349920,679b80de7dc7b715269c8245bc4f1e7a1718b6db
textures/flatlist/ovr_stm/ovr_eu/_win/w32a_asi00.bmp.ctxr,textures/flatlist/ovr_stm/ovr_eu/_win,w32a_asi00.bmp.ctxr,w32a_asi00.bmp,ctxr,699488,144ac33fb44ac65e933742ff32306e934488baff
textures/flatlist/ovr_stm/ovr_eu/_win/w43a_wall_right_08_alp_ovl.bmp.ctxr,textures/flatlist/ovr_stm/ovr_eu/_win,w43a_wall_right_08_alp_ovl.bmp.ctxr,w43a_wall_right_08_alp_ovl.bmp,ctxr,349920,c8ba88f2bf74cd189f18aefd10e20ebec0d2cc09
textures/flatlist/ovr_stm/ovr_eu/_win/zoe_pos_n.bmp.ctxr,textures/flatlist/ovr_stm/ovr_eu/_win,zoe_pos_n.bmp.ctxr,zoe_pos_n.bmp,ctxr,1398528,3f86f4d670fbc5a6afd0fffa9cecb3aabbf7b4b8
textures/flatlist/ovr_stm/ovr_jp/_win/door_b00.bmp.ctxr,textures/flatlist/ovr_stm/ovr_jp/_win,door_b00.bmp.ctxr,door_b00.bmp,ctxr,349920,2c33f7a8c37be0f569a9d763cf52763c7c779690
textures/flatlist/ovr_stm/ovr_jp/_win/d_oil_ref_add_alp_ovl_mod1120.bmp.ctxr,textures/flatlist/ovr_stm/ovr_jp/_win,d_oil_ref_add_alp_ovl_mod1120.bmp.ctxr,d_oil_ref_add_alp_ovl_mod1120.bmp,ctxr,1398528,02ca90f5493a1e81146d6a968205edefd04f96c4
textures/flatlist/ovr_stm/ovr_jp/_win/ghost_pos.bmp.ctxr,textures/flatlist/ovr_stm/ovr_jp/_win,ghost_pos.bmp.ctxr,ghost_pos.bmp,ctxr,1398528,4714bca6543db26fa2b88c346a9bec6fff46b2ae
textures/flatlist/ovr_stm/ovr_jp/_win/iro_boots.bmp.ctxr,textures/flatlist/ovr_stm/ovr_jp/_win,iro_boots.bmp.ctxr,iro_boots.bmp,ctxr,349920,1a272c08f19304585d3cf4eadb6d5baf440d4902
textures/flatlist/ovr_stm/ovr_jp/_win/iro_hair_base.bmp.ctxr,textures/flatlist/ovr_stm/ovr_jp/_win,iro_hair_base.bmp.ctxr,iro_hair_base.bmp,ctxr,699488,5af6b07ff237c9b649c5f134ecd4cbc5370b6577
textures/flatlist/ovr_stm/ovr_jp/_win/iro_hi_face.bmp.ctxr,textures/flatlist/ovr_stm/ovr_jp/_win,iro_hi_face.bmp.ctxr,iro_hi_face.bmp,ctxr,1398560,5bbe3698742bd0cfd153c045831e61ba8b0f5bbc
textures/flatlist/ovr_stm/ovr_jp/_win/iro_hi_face_bandage.bmp.ctxr,textures/flatlist/ovr_stm/ovr_jp/_win,iro_hi_face_bandage.bmp.ctxr,iro_hi_face_bandage.bmp,ctxr,1398560,d9e59979138545676f3b34a3f74acf2e518e2e64
textures/flatlist/ovr_stm/ovr_jp/_win/iro_snawear.bmp.ctxr,textures/flatlist/ovr_stm/ovr_jp/_win,iro_snawear.bmp.ctxr,iro_snawear.bmp,ctxr,3712,256f1f5190c83c2bd55c0566ed53cfd6d2405b5f
textures/flatlist/ovr_stm/ovr_jp/_win/m3l_gou_02msk.bmp.ctxr,textures/flatlist/ovr_stm/ovr_jp/_win,m3l_gou_02msk.bmp.ctxr,m3l_gou_02msk.bmp,ctxr,44064,3f35455a9a84b37dfdad43124135cf00e345a2fe
textures/flatlist/ovr_stm/ovr_jp/_win/megami.bmp.ctxr,textures/flatlist/ovr_stm/ovr_jp/_win,megami.bmp.ctxr,megami.bmp,ctxr,87744,075c0894b28a9bc560676d26b2846aa02eee35c3
textures/flatlist/ovr_stm/ovr_jp/_win/n_oil_ref_add_alp_ovl_mod1120.bmp.ctxr,textures/flatlist/ovr_stm/ovr_jp/_win,n_oil_ref_add_alp_ovl_mod1120.bmp.ctxr,n_oil_ref_add_alp_ovl_mod1120.bmp,ctxr,1398528,73bf3852b8e2dc7d679f1b188c087f658d46ba22
textures/flatlist/ovr_stm/ovr_jp/_win/org_chest.bmp.ctxr,textures/flatlist/ovr_stm/ovr_jp/_win,org_chest.bmp.ctxr,org_chest.bmp,ctxr,699488,17d13337c0da9dd0dfe7630d8bc70b77f052f78e
textures/flatlist/ovr_stm/ovr_jp/_win/police_pos.bmp.ctxr,textures/flatlist/ovr_stm/ovr_jp/_win,police_pos.bmp.ctxr,police_pos.bmp,ctxr,1398528,c33a920e2b81ad47780721a6cb686c95b9482527
textures/flatlist/ovr_stm/ovr_jp/_win/sel_bag2blood.bmp.ctxr,textures/flatlist/ovr_stm/ovr_jp/_win,sel_bag2blood.bmp.ctxr,sel_bag2blood.bmp,ctxr,87744,13593bc8bd846f6e44c099d21d12998cf9809e01
textures/flatlist/ovr_stm/ovr_jp/_win/sel_boots.bmp.ctxr,textures/flatlist/ovr_stm/ovr_jp/_win,sel_boots.bmp.ctxr,sel_boots.bmp,ctxr,349920,39a69bb48e5439085ae070bd658d02788f879f78
textures/flatlist/ovr_stm/ovr_jp/_win/sna_body_ss01dt.bmp.ctxr,textures/flatlist/ovr_stm/ovr_jp/_win,sna_body_ss01dt.bmp.ctxr,sna_body_ss01dt.bmp,ctxr,699488,3debb130fdaac6dd3d2781ef3102ac493c418d3d
textures/flatlist/ovr_stm/ovr_jp/_win/sna_hair1_alp_ovl.bmp.ctxr,textures/flatlist/ovr_stm/ovr_jp/_win,sna_hair1_alp_ovl.bmp.ctxr,sna_hair1_alp_ovl.bmp,ctxr,699488,92a9845727c817cb50a300a27236a75ef96ffd4b
textures/flatlist/ovr_stm/ovr_jp/_win/sna_hi_face_shave.bmp.ctxr,textures/flatlist/ovr_stm/ovr_jp/_win,sna_hi_face_shave.bmp.ctxr,sna_hi_face_shave.bmp,ctxr,1398560,b0c26bf09719835dcbe87598e0bec2ffe0559c39
textures/flatlist/ovr_stm/ovr_jp/_win/s_oil_ref_add_alp_ovl_mod1120.bmp.ctxr,textures/flatlist/ovr_stm/ovr_jp/_win,s_oil_ref_add_alp_ovl_mod1120.bmp.ctxr,s_oil_ref_add_alp_ovl_mod1120.bmp,ctxr,1398528,74ae312ed573be56b38a27e8bb3387f80b6cdca9
textures/flatlist/ovr_stm/ovr_jp/_win/w00a_pol1.bmp.ctxr,textures/flatlist/ovr_stm/ovr_jp/_win,w00a_pol1.bmp.ctxr,w00a_pol1.bmp,ctxr,44064,19c9a91f7e19f1af3a55267a5e8c86d57b2ad1c2
textures/flatlist/ovr_stm/ovr_jp/_win/w01a0_box00.bmp.ctxr,textures/flatlist/ovr_stm/ovr_jp/_win,w01a0_box00.bmp.ctxr,w01a0_box00.bmp,ctxr,44064,2fe507f17e6907c2f58558aba58fc9a5ad92d385
textures/flatlist/ovr_stm/ovr_jp/_win/w01a0_box002.bmp.ctxr,textures/flatlist/ovr_stm/ovr_jp/_win,w01a0_box002.bmp.ctxr,w01a0_box002.bmp,ctxr,44064,f9d84d0ea17a311c1d5913556c3e5e0e156ae8f1
textures/flatlist/ovr_stm/ovr_jp/_win/w01a0_fl00_bld080_ovl.bmp.ctxr,textures/flatlist/ovr_stm/ovr_jp/_win,w01a0_fl00_bld080_ovl.bmp.ctxr,w01a0_fl00_bld080_ovl.bmp,ctxr,699488,5b65c0c80a75b024424bacae0edcffa7442dbb12
textures/flatlist/ovr_stm/ovr_jp/_win/w01a0_fl02_bld080_ovl.bmp.ctxr,textures/flatlist/ovr_stm/ovr_jp/_win,w01a0_fl02_bld080_ovl.bmp.ctxr,w01a0_fl02_bld080_ovl.bmp,ctxr,699488,dad1c980abd0ea31cd5db4b8f25d726b11d7877c
textures/flatlist/ovr_stm/ovr_jp/_win/w01b_wlp03_bld075_ovl.bmp.ctxr,textures/flatlist/ovr_stm/ovr_jp/_win,w01b_wlp03_bld075_ovl.bmp.ctxr,w01b_wlp03_bld075_ovl.bmp,ctxr,87744,06c0e70a511fa360c2f2bd78c958c1352354f020
textures/flatlist/ovr_stm/ovr_jp/_win/w01c_flp00_bld095_ovl.bmp.ctxr,textures/flatlist/ovr_stm/ovr_jp/_win,w01c_flp00_bld095_ovl.bmp.ctxr,w01c_flp00_bld095_ovl.bmp,ctxr,87776,8ce294f24b004f6c7e7a0d5bf9702db38874edc6
textures/flatlist/ovr_stm/ovr_jp/_win/w03a_pp02.bmp_09b1a01b9996f568e8ca8e878bee4475.ctxr,textures/flatlist/ovr_stm/ovr_jp/_win,w03a_pp02.bmp_09b1a01b9996f568e8ca8e878bee4475.ctxr,w03a_pp02.bmp_09b1a01b9996f568e8ca8e878bee4475,ctxr,349952,5cc6cd8b49795ce668068a02bd6341d913d25fc3
textures/flatlist/ovr_stm/ovr_jp/_win/w11a2_closed_shatter.bmp.ctxr,textures/flatlist/ovr_stm/ovr_jp/_win,w11a2_closed_shatter.bmp.ctxr,w11a2_closed_shatter.bmp,ctxr,699488,5027bf8bf985e100d03bfe01afc174813c4b60b0
textures/flatlist/ovr_stm/ovr_jp/_win/w11_drum_f1.bmp.ctxr,textures/flatlist/ovr_stm/ovr_jp/_win,w11_drum_f1.bmp.ctxr,w11_drum_f1.bmp,ctxr,175168,855b6f862a0888e6f48165df504fd61d759e8181
textures/flatlist/ovr_stm/ovr_jp/_win/w24a_flag_usa.bmp.ctxr,textures/flatlist/ovr_stm/ovr_jp/_win,w24a_flag_usa.bmp.ctxr,w24a_flag_usa.bmp,ctxr,349920,5ec2ba63be6965df03d36c1b9d66aaa16416782b
textures/flatlist/ovr_stm/ovr_jp/_win/w24c1_rev_disp_01.bmp.ctxr,textures/flatlist/ovr_stm/ovr_jp/_win,w24c1_rev_disp_01.bmp.ctxr,w24c1_rev_disp_01.bmp,ctxr,349920,679b80de7dc7b715269c8245bc4f1e7a1718b6db
textures/flatlist/ovr_stm/ovr_jp/_win/w32a_asi00.bmp.ctxr,textures/flatlist/ovr_stm/ovr_jp/_win,w32a_asi00.bmp.ctxr,w32a_asi00.bmp,ctxr,699488,144ac33fb44ac65e933742ff32306e934488baff
textures/flatlist/ovr_stm/ovr_jp/_win/w43a_wall_right_08_alp_ovl.bmp.ctxr,textures/flatlist/ovr_stm/ovr_jp/_win,w43a_wall_right_08_alp_ovl.bmp.ctxr,w43a_wall_right_08_alp_ovl.bmp,ctxr,349920,c8ba88f2bf74cd189f18aefd10e20ebec0d2cc09
textures/flatlist/ovr_stm/ovr_jp/_win/zoe_pos_n.bmp.ctxr,textures/flatlist/ovr_stm/ovr_jp/_win,zoe_pos_n.bmp.ctxr,zoe_pos_n.bmp,ctxr,1398528,3f86f4d670fbc5a6afd0fffa9cecb3aabbf7b4b8
textures/flatlist/ovr_stm/_win/000062b9.ctxr,textures/flatlist/ovr_stm/_win,000062b9.ctxr,000062b9,ctxr,22176,815adb49b78b8c8aa0d17b28e9b62451d68b50ec
textures/flatlist/ovr_stm/_win/00006739.ctxr,textures/flatlist/ovr_stm/_win,00006739.ctxr,00006739,ctxr,22176,196aae5ec4a9181dfe7fa65bc81abb612679cd86
textures/flatlist/ovr_stm/_win/0016cb7f.ctxr,textures/flatlist/ovr_stm/_win,0016cb7f.ctxr,0016cb7f,ctxr,1398528,f34bf48aebe63d99b583bf3e6a1eecc8602eba6f
textures/flatlist/ovr_stm/_win/00180189.ctxr,textures/flatlist/ovr_stm/_win,00180189.ctxr,00180189,ctxr,22176,6c1ca63ff60f4d8d558e14d016d23ba66b1039d3
textures/flatlist/ovr_stm/_win/003f0404.ctxr,textures/flatlist/ovr_stm/_win,003f0404.ctxr,003f0404,ctxr,1398528,52c241612430cb64fcb5d4ad59f87aa8fe294857
textures/flatlist/ovr_stm/_win/004b2a01.ctxr,textures/flatlist/ovr_stm/_win,004b2a01.ctxr,004b2a01,ctxr,1398528,a29384f974b75c1b2d6b5079c1415aa8003bf7f0
textures/flatlist/ovr_stm/_win/0050bfc5.ctxr,textures/flatlist/ovr_stm/_win,0050bfc5.ctxr,0050bfc5,ctxr,87744,2dd615aa919453699bfebf6bee8ada2f634d09ed
textures/flatlist/ovr_stm/_win/0055b270.ctxr,textures/flatlist/ovr_stm/_win,0055b270.ctxr,0055b270,ctxr,22176,bd657cc4436e3dd8794765599af50bfcb69cdcbd
textures/flatlist/ovr_stm/_win/006262b9.ctxr,textures/flatlist/ovr_stm/_win,006262b9.ctxr,006262b9,ctxr,87744,f8df31ae0f33b42969311010a70e61f7463f2561
textures/flatlist/ovr_stm/_win/00626739.ctxr,textures/flatlist/ovr_stm/_win,00626739.ctxr,00626739,ctxr,87744,51d30613f29fec0e63cd196ea9d2599df1bda1bf
textures/flatlist/ovr_stm/_win/007a0189.ctxr,textures/flatlist/ovr_stm/_win,007a0189.ctxr,007a0189,ctxr,87744,2c7083adbcc8e8c148c7404d392c7f5273bc3ef0
textures/flatlist/ovr_stm/_win/009720e7.ctxr,textures/flatlist/ovr_stm/_win,009720e7.ctxr,009720e7,ctxr,349920,197386c099e1407134fd50d99a7b5e9b5d65b873
textures/flatlist/ovr_stm/_win/00b7b270.ctxr,textures/flatlist/ovr_stm/_win,00b7b270.ctxr,00b7b270,ctxr,87744,ce5b062ac55c03ced94915a3e22afb2ff7bc8447
textures/flatlist/ovr_stm/_win/00b8cb7a.ctxr,textures/flatlist/ovr_stm/_win,00b8cb7a.ctxr,00b8cb7a,ctxr,349920,9055c8fa08450055222052e9b006f2dff0be5ddf
textures/flatlist/ovr_stm/_win/00e103ff.ctxr,textures/flatlist/ovr_stm/_win,00e103ff.ctxr,00e103ff,ctxr,349920,d3c9a7eb867bfd7e1872e86d5880ec552f6fc724
textures/flatlist/ovr_stm/_win/00ed29fc.ctxr,textures/flatlist/ovr_stm/_win,00ed29fc.ctxr,00ed29fc,ctxr,349920,f6b3f60879b2271f4c3c517eac2f96999fba0fc2
textures/flatlist/ovr_stm/_win/00edb9fc.ctxr,textures/flatlist/ovr_stm/_win,00edb9fc.ctxr,00edb9fc,ctxr,349920,29d60e1ad2430d2016e22ea9a9960eb1c2d22805
textures/flatlist/ovr_stm/_win/00eebfc4.ctxr,textures/flatlist/ovr_stm/_win,00eebfc4.ctxr,00eebfc4,ctxr,22176,e6bb08d1d49113fd38a2524c8e861ce4e0ea674b
textures/flatlist/ovr_stm/_win/00f520eb.ctxr,textures/flatlist/ovr_stm/_win,00f520eb.ctxr,00f520eb,ctxr,1398528,28748fa560c150d344a8f604ddf9910fc7643b3a
textures/flatlist/ovr_stm/_win/0wall1mi.bmp.ctxr,textures/flatlist/ovr_stm/_win,0wall1mi.bmp.ctxr,0wall1mi.bmp,ctxr,175200,45ef5503ca4225f747afa404b459a84beecf61b8
textures/flatlist/ovr_stm/_win/0wall1mi2.bmp.ctxr,textures/flatlist/ovr_stm/_win,0wall1mi2.bmp.ctxr,0wall1mi2.bmp,ctxr,44064,e5f0ebc947382879be2942c12550a8edeb101d56
textures/flatlist/ovr_stm/_win/0wall1sita.bmp.ctxr,textures/flatlist/ovr_stm/_win,0wall1sita.bmp.ctxr,0wall1sita.bmp,ctxr,175168,4069646bfcc8e00059ff31856df88d69ef4152cd
textures/flatlist/ovr_stm/_win/0wall1_2.bmp.ctxr,textures/flatlist/ovr_stm/_win,0wall1_2.bmp.ctxr,0wall1_2.bmp,ctxr,349920,46e70af6b0a568ac752029b085b8e7286a0bf067
textures/flatlist/ovr_stm/_win/0wall1_60s.bmp.ctxr,textures/flatlist/ovr_stm/_win,0wall1_60s.bmp.ctxr,0wall1_60s.bmp,ctxr,175200,2e673c4f9ead27fef30838b39bb42d54faf5120e
textures/flatlist/ovr_stm/_win/1wallu2.bmp.ctxr,textures/flatlist/ovr_stm/_win,1wallu2.bmp.ctxr,1wallu2.bmp,ctxr,699488,d1caef672956de1864da33cc6cdf142cc0717a1e
textures/flatlist/ovr_stm/_win/1wallu3.bmp.ctxr,textures/flatlist/ovr_stm/_win,1wallu3.bmp.ctxr,1wallu3.bmp,ctxr,699488,4bc555b52d24bf702453719d6337986f81b6552e
textures/flatlist/ovr_stm/_win/1wallu4.bmp.ctxr,textures/flatlist/ovr_stm/_win,1wallu4.bmp.ctxr,1wallu4.bmp,ctxr,349952,988b0b6d8bb217a4138a159db1b7e2576b2a31f6
textures/flatlist/ovr_stm/_win/1wallup.bmp.ctxr,textures/flatlist/ovr_stm/_win,1wallup.bmp.ctxr,1wallup.bmp,ctxr,1398528,bc47888775e89fa787aafbfc8fccef0227e7e692
textures/flatlist/ovr_stm/_win/a24d2_pane03_alp.bmp.ctxr,textures/flatlist/ovr_stm/_win,a24d2_pane03_alp.bmp.ctxr,a24d2_pane03_alp.bmp,ctxr,1398528,186241ea714f624db305bbcde1362832ab6073ba
textures/flatlist/ovr_stm/_win/a24d2_pane04_alp.bmp.ctxr,textures/flatlist/ovr_stm/_win,a24d2_pane04_alp.bmp.ctxr,a24d2_pane04_alp.bmp,ctxr,1398528,ba6a791c052689ccf81b3e1fe73720aae1b97cf2
textures/flatlist/ovr_stm/_win/ag_rouka_ent.bmp.ctxr,textures/flatlist/ovr_stm/_win,ag_rouka_ent.bmp.ctxr,ag_rouka_ent.bmp,ctxr,699488,1356d8a2377da313ac4059cb2ac7e6a14e080de4
textures/flatlist/ovr_stm/_win/ag_rouka_floor_01.bmp.ctxr,textures/flatlist/ovr_stm/_win,ag_rouka_floor_01.bmp.ctxr,ag_rouka_floor_01.bmp,ctxr,699488,c92fcce45b68736d1c3e9a59a51daeda43b29a2f
textures/flatlist/ovr_stm/_win/ag_rouka_floor_02.bmp.ctxr,textures/flatlist/ovr_stm/_win,ag_rouka_floor_02.bmp.ctxr,ag_rouka_floor_02.bmp,ctxr,699488,a72cd342e4484d0ef37b3cc1396c2560a21e198e
textures/flatlist/ovr_stm/_win/ag_rouka_wall_01.bmp.ctxr,textures/flatlist/ovr_stm/_win,ag_rouka_wall_01.bmp.ctxr,ag_rouka_wall_01.bmp,ctxr,699488,5bd308fe626c7f66634947f960cacf6b8a1d91e2
textures/flatlist/ovr_stm/_win/ag_rouka_wall_02.bmp.ctxr,textures/flatlist/ovr_stm/_win,ag_rouka_wall_02.bmp.ctxr,ag_rouka_wall_02.bmp,ctxr,1398528,9f0e171eaa549b6d537354d68c1a7d92d7d9e6f2
textures/flatlist/ovr_stm/_win/ag_rouka_wall_03.bmp.ctxr,textures/flatlist/ovr_stm/_win,ag_rouka_wall_03.bmp.ctxr,ag_rouka_wall_03.bmp,ctxr,699488,b6529fff2aae2b5699473dc23c7609b38b2070db
textures/flatlist/ovr_stm/_win/aks_demo_amo.bmp.ctxr,textures/flatlist/ovr_stm/_win,aks_demo_amo.bmp.ctxr,aks_demo_amo.bmp,ctxr,22176,b00a52ad23d3a5b7f3039f5bb2a519c4d5ca299e
textures/flatlist/ovr_stm/_win/aks_jyuukou.bmp.ctxr,textures/flatlist/ovr_stm/_win,aks_jyuukou.bmp.ctxr,aks_jyuukou.bmp,ctxr,22176,33944a57f9c6c4a3ac2bcaaba43ae0a4ac7b1bbc
textures/flatlist/ovr_stm/_win/aks_sb_s.bmp.ctxr,textures/flatlist/ovr_stm/_win,aks_sb_s.bmp.ctxr,aks_sb_s.bmp,ctxr,175168,9233ad38fbe647116c776eda5268ef7da944ba36
textures/flatlist/ovr_stm/_win/aks_sb_s.bmp_73f39fdb33d46a0ad4126ed3d411da41.ctxr,textures/flatlist/ovr_stm/_win,aks_sb_s.bmp_73f39fdb33d46a0ad4126ed3d411da41.ctxr,aks_sb_s.bmp_73f39fdb33d46a0ad4126ed3d411da41,ctxr,175168,74ce3253444bc7d6b1215dffd54b9e4197440e19
textures/flatlist/ovr_stm/_win/aks_selecter.bmp.ctxr,textures/flatlist/ovr_stm/_win,aks_selecter.bmp.ctxr,aks_selecter.bmp,ctxr,22208,68775761963b7c6b514ea5d3ebe3dafb50e51a13
textures/flatlist/ovr_stm/_win/amg_main1.bmp.ctxr,textures/flatlist/ovr_stm/_win,amg_main1.bmp.ctxr,amg_main1.bmp,ctxr,5592864,c7298354a3aafba778d7d13dbdaaa7b58878daa5
textures/flatlist/ovr_stm/_win/amg_mizo1_bright.bmp.ctxr,textures/flatlist/ovr_stm/_win,amg_mizo1_bright.bmp.ctxr,amg_mizo1_bright.bmp,ctxr,175200,98144bb7d4c435fa60236ec77ba2eff407bc30fc
textures/flatlist/ovr_stm/_win/bood.bmp.ctxr,textures/flatlist/ovr_stm/_win,bood.bmp.ctxr,bood.bmp,ctxr,175168,7419c793cadc1870c1eedde3183120c65666bca8
textures/flatlist/ovr_stm/_win/bood2.bmp.ctxr,textures/flatlist/ovr_stm/_win,bood2.bmp.ctxr,bood2.bmp,ctxr,349920,3339ed7fb9270d53f5579142db8e16519a980c10
textures/flatlist/ovr_stm/_win/box_10.bmp.ctxr,textures/flatlist/ovr_stm/_win,box_10.bmp.ctxr,box_10.bmp,ctxr,87744,aa0d224357e5f1f952d61d790a4c654be759577e
textures/flatlist/ovr_stm/_win/box_11.bmp.ctxr,textures/flatlist/ovr_stm/_win,box_11.bmp.ctxr,box_11.bmp,ctxr,44064,3711a806bfa6cff48a8f35d8a561335bccfff4ba
textures/flatlist/ovr_stm/_win/box_16.bmp.ctxr,textures/flatlist/ovr_stm/_win,box_16.bmp.ctxr,box_16.bmp,ctxr,87744,e4780855a81bdfc4b76f028584825b6aa40dd76e
textures/flatlist/ovr_stm/_win/box_s_02_side02.bmp.ctxr,textures/flatlist/ovr_stm/_win,box_s_02_side02.bmp.ctxr,box_s_02_side02.bmp,ctxr,22208,9bb12e9543c31645bf30eb49c5a7ba64f6d0a9c3
textures/flatlist/ovr_stm/_win/box_s_02_top.bmp.ctxr,textures/flatlist/ovr_stm/_win,box_s_02_top.bmp.ctxr,box_s_02_top.bmp,ctxr,44064,d67658f2e6d88055df59e3f56417ed05d4e078fe
textures/flatlist/ovr_stm/_win/box_s_05_side.bmp.ctxr,textures/flatlist/ovr_stm/_win,box_s_05_side.bmp.ctxr,box_s_05_side.bmp,ctxr,22208,bbc02e88ac6ae739bcc116a865c2157a541b9383
textures/flatlist/ovr_stm/_win/box_s_05_top.bmp.ctxr,textures/flatlist/ovr_stm/_win,box_s_05_top.bmp.ctxr,box_s_05_top.bmp,ctxr,44064,5972a5c47ecc530141e6601a74852e812eaefd0d
textures/flatlist/ovr_stm/_win/box_s_07_back.bmp.ctxr,textures/flatlist/ovr_stm/_win,box_s_07_back.bmp.ctxr,box_s_07_back.bmp,ctxr,11264,54dde19eec3eb91c855ccff4f99b88c8ed969607
textures/flatlist/ovr_stm/_win/box_s_07_side.bmp.ctxr,textures/flatlist/ovr_stm/_win,box_s_07_side.bmp.ctxr,box_s_07_side.bmp,ctxr,11264,dbdc923b15cc6b44714cf709dae2100268cb0fb4
textures/flatlist/ovr_stm/_win/box_s_07_top.bmp.ctxr,textures/flatlist/ovr_stm/_win,box_s_07_top.bmp.ctxr,box_s_07_top.bmp,ctxr,22176,f3345331f125e372243f64d304259e7cb5410101
textures/flatlist/ovr_stm/_win/bsn_a.bmp.ctxr,textures/flatlist/ovr_stm/_win,bsn_a.bmp.ctxr,bsn_a.bmp,ctxr,175168,6f590199b7c1c9368d931931c1bc26e6b96a405b
textures/flatlist/ovr_stm/_win/c4_a_hontai_10.bmp.ctxr,textures/flatlist/ovr_stm/_win,c4_a_hontai_10.bmp.ctxr,c4_a_hontai_10.bmp,ctxr,349920,b67366e2e4b31d04611e757ee39d85a52736491a
textures/flatlist/ovr_stm/_win/cap_arm.bmp.ctxr,textures/flatlist/ovr_stm/_win,cap_arm.bmp.ctxr,cap_arm.bmp,ctxr,175168,84f83dabf057377e2568210114170a910d5b381d
textures/flatlist/ovr_stm/_win/cap_arm_l_blood.bmp.ctxr,textures/flatlist/ovr_stm/_win,cap_arm_l_blood.bmp.ctxr,cap_arm_l_blood.bmp,ctxr,175168,b0ee720855b00c3c4f24d4a76849d0781bf32eef
textures/flatlist/ovr_stm/_win/cap_arm_r_blood.bmp.ctxr,textures/flatlist/ovr_stm/_win,cap_arm_r_blood.bmp.ctxr,cap_arm_r_blood.bmp,ctxr,175168,544118cae45182180e0c554b244992d4b9cb363b
textures/flatlist/ovr_stm/_win/cap_arm_wrist.bmp.ctxr,textures/flatlist/ovr_stm/_win,cap_arm_wrist.bmp.ctxr,cap_arm_wrist.bmp,ctxr,87744,18e6575a2df381fe526a91d6562eb94aa090d065
textures/flatlist/ovr_stm/_win/cap_body.bmp.ctxr,textures/flatlist/ovr_stm/_win,cap_body.bmp.ctxr,cap_body.bmp,ctxr,699488,758e607d8b3262238c9acf956706269086934c6f
textures/flatlist/ovr_stm/_win/cap_body_blood.bmp.ctxr,textures/flatlist/ovr_stm/_win,cap_body_blood.bmp.ctxr,cap_body_blood.bmp,ctxr,699488,0e2cd85276f0f8d75c8aadb74bee9c3477bf2080
textures/flatlist/ovr_stm/_win/cap_face.bmp.ctxr,textures/flatlist/ovr_stm/_win,cap_face.bmp.ctxr,cap_face.bmp,ctxr,175168,9aaa1888620b6bf07c16b5d48a968b0dbf3b3adc
textures/flatlist/ovr_stm/_win/cap_face_blood.bmp.ctxr,textures/flatlist/ovr_stm/_win,cap_face_blood.bmp.ctxr,cap_face_blood.bmp,ctxr,699488,d4e150cfa6a88e109e6280e7e901750478cf56f4
textures/flatlist/ovr_stm/_win/cap_hair.bmp.ctxr,textures/flatlist/ovr_stm/_win,cap_hair.bmp.ctxr,cap_hair.bmp,ctxr,349920,3d2f632d43d2fddd90132f3c1fea5c53cf09fa24
textures/flatlist/ovr_stm/_win/cap_hair_blood.bmp.ctxr,textures/flatlist/ovr_stm/_win,cap_hair_blood.bmp.ctxr,cap_hair_blood.bmp,ctxr,349920,fc0023a203ff432e481bf4c317c334119bcd7ad3
textures/flatlist/ovr_stm/_win/cap_handcuff.bmp.ctxr,textures/flatlist/ovr_stm/_win,cap_handcuff.bmp.ctxr,cap_handcuff.bmp,ctxr,22176,1f1ce61a2e752befd460b196f7fe5be755aa7d81
textures/flatlist/ovr_stm/_win/cap_insignia.bmp.ctxr,textures/flatlist/ovr_stm/_win,cap_insignia.bmp.ctxr,cap_insignia.bmp,ctxr,87744,06605f05003f104703063f9de19ef023f1c51e94
textures/flatlist/ovr_stm/_win/cap_insignia.bmp_430f42a59d786b5f3a33625879eca072.ctxr,textures/flatlist/ovr_stm/_win,cap_insignia.bmp_430f42a59d786b5f3a33625879eca072.ctxr,cap_insignia.bmp_430f42a59d786b5f3a33625879eca072,ctxr,87744,2f8485283da44515487250e057c361dbf450fad0
textures/flatlist/ovr_stm/_win/cap_leg.bmp.ctxr,textures/flatlist/ovr_stm/_win,cap_leg.bmp.ctxr,cap_leg.bmp,ctxr,349920,ac7cb65ac80b8cd1ba05f687c3ceefc49eb73783
textures/flatlist/ovr_stm/_win/cap_leg_blood.bmp.ctxr,textures/flatlist/ovr_stm/_win,cap_leg_blood.bmp.ctxr,cap_leg_blood.bmp,ctxr,349920,341d62b3b57c6e799b3c0c1288bcd1096bc4b3df
textures/flatlist/ovr_stm/_win/cap_shoe.bmp.ctxr,textures/flatlist/ovr_stm/_win,cap_shoe.bmp.ctxr,cap_shoe.bmp,ctxr,175168,55c4d7ad1921d5217d1561be8dac43910a2a7623
textures/flatlist/ovr_stm/_win/cap_shoe.bmp_419c9cebb9385f6a2d7aefeb9bb59d8f.ctxr,textures/flatlist/ovr_stm/_win,cap_shoe.bmp_419c9cebb9385f6a2d7aefeb9bb59d8f.ctxr,cap_shoe.bmp_419c9cebb9385f6a2d7aefeb9bb59d8f,ctxr,175168,61a2a974f8d54d855c9089ceac9ac928ddd7902e
textures/flatlist/ovr_stm/_win/cbx_a.bmp.ctxr,textures/flatlist/ovr_stm/_win,cbx_a.bmp.ctxr,cbx_a.bmp,ctxr,349920,81aa43f2ae7e801a86b0688d7b0b76bcb3052b43
textures/flatlist/ovr_stm/_win/cbx_a.bmp_be89fab0e4f647837831c3734a72fc8f.ctxr,textures/flatlist/ovr_stm/_win,cbx_a.bmp_be89fab0e4f647837831c3734a72fc8f.ctxr,cbx_a.bmp_be89fab0e4f647837831c3734a72fc8f,ctxr,349920,ae8d86a91424c966c6e0f89e788ab7661714d15a
textures/flatlist/ovr_stm/_win/cfr_trp_f2.bmp.ctxr,textures/flatlist/ovr_stm/_win,cfr_trp_f2.bmp.ctxr,cfr_trp_f2.bmp,ctxr,175168,c5cb3e5745b051400e433956b084233a87f42eef
textures/flatlist/ovr_stm/_win/cfr_wire_alp.bmp.ctxr,textures/flatlist/ovr_stm/_win,cfr_wire_alp.bmp.ctxr,cfr_wire_alp.bmp,ctxr,22208,3d0189d66dacf86eedb5aaae981383432abdbe24
textures/flatlist/ovr_stm/_win/cgr_head_f.bmp.ctxr,textures/flatlist/ovr_stm/_win,cgr_head_f.bmp.ctxr,cgr_head_f.bmp,ctxr,11264,2a2491b475b48b034e6140202f0946aba86842f7
textures/flatlist/ovr_stm/_win/cgr_head_s.bmp.ctxr,textures/flatlist/ovr_stm/_win,cgr_head_s.bmp.ctxr,cgr_head_s.bmp,ctxr,44064,5a96a6e93173868a25dd7de452fcec751117195e
textures/flatlist/ovr_stm/_win/cgr_head_t.bmp.ctxr,textures/flatlist/ovr_stm/_win,cgr_head_t.bmp.ctxr,cgr_head_t.bmp,ctxr,11264,5627d32969bab491e03e66adeb2ca6860e02102a
textures/flatlist/ovr_stm/_win/cgr_head_temp.bmp.ctxr,textures/flatlist/ovr_stm/_win,cgr_head_temp.bmp.ctxr,cgr_head_temp.bmp,ctxr,22176,47f62543c3dd79c339d57715566cddc76b91b7e6
textures/flatlist/ovr_stm/_win/cgr_lever.bmp.ctxr,textures/flatlist/ovr_stm/_win,cgr_lever.bmp.ctxr,cgr_lever.bmp,ctxr,44096,f5c3db8887fe662c727b3d29188a22b3490ea43b
textures/flatlist/ovr_stm/_win/cgr_pin.bmp.ctxr,textures/flatlist/ovr_stm/_win,cgr_pin.bmp.ctxr,cgr_pin.bmp,ctxr,3040,5db80a301746b8567fecbbef7380b10ea7adc58f
textures/flatlist/ovr_stm/_win/chi01_alp.bmp.ctxr,textures/flatlist/ovr_stm/_win,chi01_alp.bmp.ctxr,chi01_alp.bmp,ctxr,87744,e4aa36c9e4af961a871749ce97bf67015f9cdb19
textures/flatlist/ovr_stm/_win/chr1_01.bmp.ctxr,textures/flatlist/ovr_stm/_win,chr1_01.bmp.ctxr,chr1_01.bmp,ctxr,87744,673db595c544cc7ec017b865ebb055c3932edcc1
textures/flatlist/ovr_stm/_win/chr1_02.bmp.ctxr,textures/flatlist/ovr_stm/_win,chr1_02.bmp.ctxr,chr1_02.bmp,ctxr,44064,a4d8174e80609631a5f660038ed2e63ca06c0ba7
textures/flatlist/ovr_stm/_win/chr1_02a.bmp.ctxr,textures/flatlist/ovr_stm/_win,chr1_02a.bmp.ctxr,chr1_02a.bmp,ctxr,87776,61d125748969613c7f4ffb5a22a7202977227a60
textures/flatlist/ovr_stm/_win/chr1_03.bmp.ctxr,textures/flatlist/ovr_stm/_win,chr1_03.bmp.ctxr,chr1_03.bmp,ctxr,87744,29a1df858a595922af93731679b97c0f7fec7869
textures/flatlist/ovr_stm/_win/chr1_03a.bmp.ctxr,textures/flatlist/ovr_stm/_win,chr1_03a.bmp.ctxr,chr1_03a.bmp,ctxr,87744,c8ba4f0fb060f2d89797830d1ddceef4a1043619
textures/flatlist/ovr_stm/_win/chr1_04.bmp.ctxr,textures/flatlist/ovr_stm/_win,chr1_04.bmp.ctxr,chr1_04.bmp,ctxr,22176,daa1e0efa5318bc84a14256b496753f071461ae6
textures/flatlist/ovr_stm/_win/clnd00.bmp.ctxr,textures/flatlist/ovr_stm/_win,clnd00.bmp.ctxr,clnd00.bmp,ctxr,349920,f0cf643f2f2c1d4326d6e625d44c1a0307e7776e
textures/flatlist/ovr_stm/_win/clnd01.bmp.ctxr,textures/flatlist/ovr_stm/_win,clnd01.bmp.ctxr,clnd01.bmp,ctxr,87744,5b381cb7219b486628cc009975a9021204f8f37b
textures/flatlist/ovr_stm/_win/clnd_cap00.bmp.ctxr,textures/flatlist/ovr_stm/_win,clnd_cap00.bmp.ctxr,clnd_cap00.bmp,ctxr,44064,000cc7bcde5908e6f1090de155d29ca04284807d
textures/flatlist/ovr_stm/_win/clnd_cap01.bmp.ctxr,textures/flatlist/ovr_stm/_win,clnd_cap01.bmp.ctxr,clnd_cap01.bmp,ctxr,22176,7aca89b285ccf1df221d8f674ee925b579229211
textures/flatlist/ovr_stm/_win/col_red00a.bmp.ctxr,textures/flatlist/ovr_stm/_win,col_red00a.bmp.ctxr,col_red00a.bmp,ctxr,22208,1fad1c186f1ff75b0572d0b35aa733620407337c
textures/flatlist/ovr_stm/_win/crd_fa03.bmp.ctxr,textures/flatlist/ovr_stm/_win,crd_fa03.bmp.ctxr,crd_fa03.bmp,ctxr,175168,faa5b94bdeff88ad07e81d695e76a4805eee10f8
textures/flatlist/ovr_stm/_win/crd_pp01a.bmp.ctxr,textures/flatlist/ovr_stm/_win,crd_pp01a.bmp.ctxr,crd_pp01a.bmp,ctxr,87744,558e01057f9669ff4a388864b716fdcf6af90b18
textures/flatlist/ovr_stm/_win/crd_pp02.bmp.ctxr,textures/flatlist/ovr_stm/_win,crd_pp02.bmp.ctxr,crd_pp02.bmp,ctxr,87808,a60eb381edbdaf70bd589ba47c9a38920e82da06
textures/flatlist/ovr_stm/_win/crd_pp09.bmp.ctxr,textures/flatlist/ovr_stm/_win,crd_pp09.bmp.ctxr,crd_pp09.bmp,ctxr,87744,342168bf2bbab97b48fb83647e4f660d074274f3
textures/flatlist/ovr_stm/_win/crd_ppb01.bmp.ctxr,textures/flatlist/ovr_stm/_win,crd_ppb01.bmp.ctxr,crd_ppb01.bmp,ctxr,87776,4aa5a69fca3fdc25abe3d679b5f063196e23f16c
textures/flatlist/ovr_stm/_win/crg_arm_dead_re.bmp.ctxr,textures/flatlist/ovr_stm/_win,crg_arm_dead_re.bmp.ctxr,crg_arm_dead_re.bmp,ctxr,349920,e0364937b50758478e9d326219a5416eeeb08dcb
textures/flatlist/ovr_stm/_win/crg_arm_re_01.bmp.ctxr,textures/flatlist/ovr_stm/_win,crg_arm_re_01.bmp.ctxr,crg_arm_re_01.bmp,ctxr,349920,b83837399997b5ab780494045dd852026c114965
textures/flatlist/ovr_stm/_win/crg_arm_re_sub_alp_ovl.bmp.ctxr,textures/flatlist/ovr_stm/_win,crg_arm_re_sub_alp_ovl.bmp.ctxr,crg_arm_re_sub_alp_ovl.bmp,ctxr,262304,6a50c24f78b6756a0c0f1d197fd878e693dc1a2c
textures/flatlist/ovr_stm/_win/crg_belt_dead_re.bmp.ctxr,textures/flatlist/ovr_stm/_win,crg_belt_dead_re.bmp.ctxr,crg_belt_dead_re.bmp,ctxr,44064,da0079816cc3d6834395a9daefe507692cfbd17d
textures/flatlist/ovr_stm/_win/crg_belt_ovl_alp_emap_mod1120.bmp.ctxr,textures/flatlist/ovr_stm/_win,crg_belt_ovl_alp_emap_mod1120.bmp.ctxr,crg_belt_ovl_alp_emap_mod1120.bmp,ctxr,22176,b553e4e9f99a111bdd7dbf2526e537a917da2dae
textures/flatlist/ovr_stm/_win/crg_body_dead.bmp.ctxr,textures/flatlist/ovr_stm/_win,crg_body_dead.bmp.ctxr,crg_body_dead.bmp,ctxr,699488,65622daca9a08e60291096bdb8b5cf4bd990e621
textures/flatlist/ovr_stm/_win/crg_body_dead_re.bmp.ctxr,textures/flatlist/ovr_stm/_win,crg_body_dead_re.bmp.ctxr,crg_body_dead_re.bmp,ctxr,699488,2106f84cc7b751755c8ae01738df52e53c3f6d23
textures/flatlist/ovr_stm/_win/crg_body_down.bmp.ctxr,textures/flatlist/ovr_stm/_win,crg_body_down.bmp.ctxr,crg_body_down.bmp,ctxr,349952,6b363d076576a52186a94b6b6ebb9d09fdf48ce3
textures/flatlist/ovr_stm/_win/crg_body_down_sub_alp_ovl.bmp.ctxr,textures/flatlist/ovr_stm/_win,crg_body_down_sub_alp_ovl.bmp.ctxr,crg_body_down_sub_alp_ovl.bmp,ctxr,262304,ce062e7f500306b5c7c72f9353c9fe84aa5f203d
textures/flatlist/ovr_stm/_win/crg_body_ovl_alp_emap_mod1120.bmp.ctxr,textures/flatlist/ovr_stm/_win,crg_body_ovl_alp_emap_mod1120.bmp.ctxr,crg_body_ovl_alp_emap_mod1120.bmp,ctxr,87744,fcd780000244ab28c8c13f55eaecd921e90c2bb9
textures/flatlist/ovr_stm/_win/crg_body_up.bmp.ctxr,textures/flatlist/ovr_stm/_win,crg_body_up.bmp.ctxr,crg_body_up.bmp,ctxr,699488,a847c777bae60f50dfd62485db76acded47c1f80
textures/flatlist/ovr_stm/_win/crg_body_up_sub_alp_ovl.bmp.ctxr,textures/flatlist/ovr_stm/_win,crg_body_up_sub_alp_ovl.bmp.ctxr,crg_body_up_sub_alp_ovl.bmp,ctxr,524448,74f6cf0c561b552254473cd3614c23f61504c373
textures/flatlist/ovr_stm/_win/crg_cap02.bmp.ctxr,textures/flatlist/ovr_stm/_win,crg_cap02.bmp.ctxr,crg_cap02.bmp,ctxr,87744,7d914d0cb484498f999975ecf79eab9a12073cd4
textures/flatlist/ovr_stm/_win/crg_cap_eri.bmp.ctxr,textures/flatlist/ovr_stm/_win,crg_cap_eri.bmp.ctxr,crg_cap_eri.bmp,ctxr,699488,83b98773a13d2aa257d23a16cd121e29af35248b
textures/flatlist/ovr_stm/_win/crg_cap_eri_sub_alp_ovl.bmp.ctxr,textures/flatlist/ovr_stm/_win,crg_cap_eri_sub_alp_ovl.bmp.ctxr,crg_cap_eri_sub_alp_ovl.bmp,ctxr,524448,38fae4ce3656c17136dfe7d5f5c7d59a43948d11
textures/flatlist/ovr_stm/_win/crg_cap_front_shakp.bmp.ctxr,textures/flatlist/ovr_stm/_win,crg_cap_front_shakp.bmp.ctxr,crg_cap_front_shakp.bmp,ctxr,349920,6f2849860d9b9d3e0593b80dcf95f4e1d435fe9a
textures/flatlist/ovr_stm/_win/crg_cap_front_shakp_sub_alp_ovl.bmp.ctxr,textures/flatlist/ovr_stm/_win,crg_cap_front_shakp_sub_alp_ovl.bmp.ctxr,crg_cap_front_shakp_sub_alp_ovl.bmp,ctxr,262304,deb75a0b3765259590b1d9a365d36da34f6c03d9
textures/flatlist/ovr_stm/_win/crg_cap_side.bmp.ctxr,textures/flatlist/ovr_stm/_win,crg_cap_side.bmp.ctxr,crg_cap_side.bmp,ctxr,349920,1d29b42e33f46ebdfc5852b4f53d42890d5b30d6
textures/flatlist/ovr_stm/_win/crg_cap_side_sub_alp_ovl.bmp.ctxr,textures/flatlist/ovr_stm/_win,crg_cap_side_sub_alp_ovl.bmp.ctxr,crg_cap_side_sub_alp_ovl.bmp,ctxr,262304,4799470c59b9b983f008fc88bdea72efbc6f58db
textures/flatlist/ovr_stm/_win/crg_eri3.bmp.ctxr,textures/flatlist/ovr_stm/_win,crg_eri3.bmp.ctxr,crg_eri3.bmp,ctxr,3040,5e0a557e6620840f3e01d94af9f6502eda370d58
textures/flatlist/ovr_stm/_win/crg_eye.bmp.ctxr,textures/flatlist/ovr_stm/_win,crg_eye.bmp.ctxr,crg_eye.bmp,ctxr,22176,e0f4a81dd304a1bb6ac61fb82e1da74313fa0fe2
textures/flatlist/ovr_stm/_win/crg_face_dead.bmp.ctxr,textures/flatlist/ovr_stm/_win,crg_face_dead.bmp.ctxr,crg_face_dead.bmp,ctxr,2796672,4de3c34e6ae2616f5bfed0f640f471aa19a9687b
textures/flatlist/ovr_stm/_win/crg_face_dead_re.bmp.ctxr,textures/flatlist/ovr_stm/_win,crg_face_dead_re.bmp.ctxr,crg_face_dead_re.bmp,ctxr,2796672,9665a7f6924c008e8b12f28ebf95c518f645973d
textures/flatlist/ovr_stm/_win/crg_face_re.bmp.ctxr,textures/flatlist/ovr_stm/_win,crg_face_re.bmp.ctxr,crg_face_re.bmp,ctxr,2796672,fc952a6fddd80893f3133e7cd1e9c667e330ae9d
textures/flatlist/ovr_stm/_win/crg_face_sub_ovl_alp.bmp.ctxr,textures/flatlist/ovr_stm/_win,crg_face_sub_ovl_alp.bmp.ctxr,crg_face_sub_ovl_alp.bmp,ctxr,524448,6d9260194da8c1c03bbe0fb352bb245b6d97e4bf
textures/flatlist/ovr_stm/_win/crg_face_sub_ovl_alp.bmp_0df6480b9e73a3dfae765c79bafb775a.ctxr,textures/flatlist/ovr_stm/_win,crg_face_sub_ovl_alp.bmp_0df6480b9e73a3dfae765c79bafb775a.ctxr,crg_face_sub_ovl_alp.bmp_0df6480b9e73a3dfae765c79bafb775a,ctxr,524448,35e406e9891c9b1e58d768d7fecda3d8a5f37ba4
textures/flatlist/ovr_stm/_win/crg_hair_l.bmp.ctxr,textures/flatlist/ovr_stm/_win,crg_hair_l.bmp.ctxr,crg_hair_l.bmp,ctxr,349920,e7c920625a5b1522e45ff891b1caf391caadd5b9
textures/flatlist/ovr_stm/_win/crg_hair_r.bmp.ctxr,textures/flatlist/ovr_stm/_win,crg_hair_r.bmp.ctxr,crg_hair_r.bmp,ctxr,349920,774e2ec3e727a4de3947b66ffdf705b32c0da8c2
textures/flatlist/ovr_stm/_win/crg_hand_ovl_mod1120_alp_emap.bmp.ctxr,textures/flatlist/ovr_stm/_win,crg_hand_ovl_mod1120_alp_emap.bmp.ctxr,crg_hand_ovl_mod1120_alp_emap.bmp,ctxr,22176,42bc1289b43f097e20563b1565190304b8e7bd86
textures/flatlist/ovr_stm/_win/crg_hand_re.bmp.ctxr,textures/flatlist/ovr_stm/_win,crg_hand_re.bmp.ctxr,crg_hand_re.bmp,ctxr,349920,0526b7325ede612a4ddf3fc5cfcd7491eb73f9be
textures/flatlist/ovr_stm/_win/crg_hand_re_sub_alp_ovl.bmp.ctxr,textures/flatlist/ovr_stm/_win,crg_hand_re_sub_alp_ovl.bmp.ctxr,crg_hand_re_sub_alp_ovl.bmp,ctxr,262304,18cf03a167351fdee8b0bfb4ba5936abb8db618d
textures/flatlist/ovr_stm/_win/crg_hi_hf00.bmp.ctxr,textures/flatlist/ovr_stm/_win,crg_hi_hf00.bmp.ctxr,crg_hi_hf00.bmp,ctxr,349920,ab9284965c1df72deb16c89e98622097b3baab8a
textures/flatlist/ovr_stm/_win/crg_hi_hf00_ovl_sub_alp.bmp.ctxr,textures/flatlist/ovr_stm/_win,crg_hi_hf00_ovl_sub_alp.bmp.ctxr,crg_hi_hf00_ovl_sub_alp.bmp,ctxr,262304,f2c5324ca77c63142d304c8a76387a4de9d2d071
textures/flatlist/ovr_stm/_win/crg_hi_hf01.bmp.ctxr,textures/flatlist/ovr_stm/_win,crg_hi_hf01.bmp.ctxr,crg_hi_hf01.bmp,ctxr,87744,4fdaa7af6fed78e254cccb751e3dd37ce4fbe7b8
textures/flatlist/ovr_stm/_win/crg_hi_hf01_sub_alp_ovl.bmp.ctxr,textures/flatlist/ovr_stm/_win,crg_hi_hf01_sub_alp_ovl.bmp.ctxr,crg_hi_hf01_sub_alp_ovl.bmp,ctxr,65696,d697fd29c47d4d82ca628428d9cb17f3de70b274
textures/flatlist/ovr_stm/_win/crg_hi_hf02.bmp.ctxr,textures/flatlist/ovr_stm/_win,crg_hi_hf02.bmp.ctxr,crg_hi_hf02.bmp,ctxr,22176,bb9e6f8f29c447ac53609271790485dbcb1e5dec
textures/flatlist/ovr_stm/_win/crg_hi_hf02_sub_alp_ovl.bmp.ctxr,textures/flatlist/ovr_stm/_win,crg_hi_hf02_sub_alp_ovl.bmp.ctxr,crg_hi_hf02_sub_alp_ovl.bmp,ctxr,16544,af846ecbc4fd5918aeaa6bbea3a69f67768a8232
textures/flatlist/ovr_stm/_win/crg_hi_hf03.bmp.ctxr,textures/flatlist/ovr_stm/_win,crg_hi_hf03.bmp.ctxr,crg_hi_hf03.bmp,ctxr,22176,d5be35360e4e31fbd181a8aa0c647a414b39595d
textures/flatlist/ovr_stm/_win/crg_hi_hf03_sub_alp_ovl.bmp.ctxr,textures/flatlist/ovr_stm/_win,crg_hi_hf03_sub_alp_ovl.bmp.ctxr,crg_hi_hf03_sub_alp_ovl.bmp,ctxr,16544,9c5bd957b89455509100ea76247e295ddfdcb150
textures/flatlist/ovr_stm/_win/crg_kata.bmp.ctxr,textures/flatlist/ovr_stm/_win,crg_kata.bmp.ctxr,crg_kata.bmp,ctxr,11264,cdd8a1ae5f29b4a885e8188fb968442d3bbb8c4f
textures/flatlist/ovr_stm/_win/crg_kata_dead_re.bmp.ctxr,textures/flatlist/ovr_stm/_win,crg_kata_dead_re.bmp.ctxr,crg_kata_dead_re.bmp,ctxr,11264,8447a12a3a462d1bbd06a263b6c403a0e743e65c
textures/flatlist/ovr_stm/_win/crg_kata_sub_alp_ovl.bmp.ctxr,textures/flatlist/ovr_stm/_win,crg_kata_sub_alp_ovl.bmp.ctxr,crg_kata_sub_alp_ovl.bmp,ctxr,8352,eb87e5aafb9a1fc0c1a5755ffdcc880d5797ed6a
textures/flatlist/ovr_stm/_win/crg_leg_dead_re.bmp.ctxr,textures/flatlist/ovr_stm/_win,crg_leg_dead_re.bmp.ctxr,crg_leg_dead_re.bmp,ctxr,699488,0451e384f06b00a2f2853cdc793bc50646d4cd7c
textures/flatlist/ovr_stm/_win/crg_leg_re.bmp.ctxr,textures/flatlist/ovr_stm/_win,crg_leg_re.bmp.ctxr,crg_leg_re.bmp,ctxr,699488,6c92fbb74f9b4a237d899698bbb4bb8fa6ff74ba
textures/flatlist/ovr_stm/_win/crg_mouin.bmp.ctxr,textures/flatlist/ovr_stm/_win,crg_mouin.bmp.ctxr,crg_mouin.bmp,ctxr,1632,7c7a54e8f39b4b73bfc490b8f719983e7f40b8b8
textures/flatlist/ovr_stm/_win/crg_neck2.bmp.ctxr,textures/flatlist/ovr_stm/_win,crg_neck2.bmp.ctxr,crg_neck2.bmp,ctxr,175168,48fd7f9b3a594b63ac09516353f1e94107d7a38b
textures/flatlist/ovr_stm/_win/crg_p3_fro.bmp.ctxr,textures/flatlist/ovr_stm/_win,crg_p3_fro.bmp.ctxr,crg_p3_fro.bmp,ctxr,44064,8acc25857d30c42361a359a74d4adf88ccc842af
textures/flatlist/ovr_stm/_win/crg_p3_side.bmp.ctxr,textures/flatlist/ovr_stm/_win,crg_p3_side.bmp.ctxr,crg_p3_side.bmp,ctxr,3072,6ca88bf5524461b537a97125353cd70830afbf93
textures/flatlist/ovr_stm/_win/crg_rapelsate_8bit.bmp.ctxr,textures/flatlist/ovr_stm/_win,crg_rapelsate_8bit.bmp.ctxr,crg_rapelsate_8bit.bmp,ctxr,44064,4cfd843c61763747c48f4f846cb4147d0ff0a3e9
textures/flatlist/ovr_stm/_win/crg_shues.bmp.ctxr,textures/flatlist/ovr_stm/_win,crg_shues.bmp.ctxr,crg_shues.bmp,ctxr,699488,4cdbec0f595fdad4f39c080ed1ad7c14d79117d0
textures/flatlist/ovr_stm/_win/crg_shues.bmp_19fd13d78ac0caa8f35b065ffa50fd18.ctxr,textures/flatlist/ovr_stm/_win,crg_shues.bmp_19fd13d78ac0caa8f35b065ffa50fd18.ctxr,crg_shues.bmp_19fd13d78ac0caa8f35b065ffa50fd18,ctxr,699488,f9a2fde4a33eac78e1d86a8a8f46fa185497c906
textures/flatlist/ovr_stm/_win/crg_shues_sub_ovl_alp.bmp.ctxr,textures/flatlist/ovr_stm/_win,crg_shues_sub_ovl_alp.bmp.ctxr,crg_shues_sub_ovl_alp.bmp,ctxr,524448,1bfbde790d29c407d4d854a7e70e2b4b86a6c9cc
textures/flatlist/ovr_stm/_win/crg_waistbelt.bmp.ctxr,textures/flatlist/ovr_stm/_win,crg_waistbelt.bmp.ctxr,crg_waistbelt.bmp,ctxr,22208,09bcc375ff5a2c07f0230c6322fe0dc8cc4ca4c4
textures/flatlist/ovr_stm/_win/ctl_panel01.bmp.ctxr,textures/flatlist/ovr_stm/_win,ctl_panel01.bmp.ctxr,ctl_panel01.bmp,ctxr,1398528,20cd800275e67c031c52e5250ba2a6371fd21bcc
textures/flatlist/ovr_stm/_win/ctl_panel02.bmp.ctxr,textures/flatlist/ovr_stm/_win,ctl_panel02.bmp.ctxr,ctl_panel02.bmp,ctxr,699488,6150f8c1dd3a4f5f1ae0572aec47891094bacfee
textures/flatlist/ovr_stm/_win/cyp_body_hg.bmp.ctxr,textures/flatlist/ovr_stm/_win,cyp_body_hg.bmp.ctxr,cyp_body_hg.bmp,ctxr,349952,055b10bc34301f1dd4646c60016cff8503947f9e
textures/flatlist/ovr_stm/_win/cyp_face.bmp.ctxr,textures/flatlist/ovr_stm/_win,cyp_face.bmp.ctxr,cyp_face.bmp,ctxr,87744,346af46d9730c78c914bd59378162ab76150050e
textures/flatlist/ovr_stm/_win/cyp_head.bmp.ctxr,textures/flatlist/ovr_stm/_win,cyp_head.bmp.ctxr,cyp_head.bmp,ctxr,44064,343db002952994a7ea395c7ef4ef4316b2c91bbf
textures/flatlist/ovr_stm/_win/cyp_lens_rgb_alp_ovl.bmp.ctxr,textures/flatlist/ovr_stm/_win,cyp_lens_rgb_alp_ovl.bmp.ctxr,cyp_lens_rgb_alp_ovl.bmp,ctxr,22176,3e3bd309e95e437bfc2907f7d0c09036c6666b5b
textures/flatlist/ovr_stm/_win/cyp_temp_tx.bmp.ctxr,textures/flatlist/ovr_stm/_win,cyp_temp_tx.bmp.ctxr,cyp_temp_tx.bmp,ctxr,87744,72fc8b693b3e3f7e21deff0787bbbc6a87ddd154
textures/flatlist/ovr_stm/_win/d00a_hodou_t1.bmp.ctxr,textures/flatlist/ovr_stm/_win,d00a_hodou_t1.bmp.ctxr,d00a_hodou_t1.bmp,ctxr,699488,843c9373bfb1880069606248b53147df5b675030
textures/flatlist/ovr_stm/_win/dbg_gbox_f.bmp.ctxr,textures/flatlist/ovr_stm/_win,dbg_gbox_f.bmp.ctxr,dbg_gbox_f.bmp,ctxr,87744,f6ecb2813778f073f4d04c0710e1e89f6049eaf0
textures/flatlist/ovr_stm/_win/dbg_gbox_s.bmp.ctxr,textures/flatlist/ovr_stm/_win,dbg_gbox_s.bmp.ctxr,dbg_gbox_s.bmp,ctxr,87744,7c7000566e4a50c24a666c051d67701caf705073
textures/flatlist/ovr_stm/_win/dbg_gbox_t.bmp.ctxr,textures/flatlist/ovr_stm/_win,dbg_gbox_t.bmp.ctxr,dbg_gbox_t.bmp,ctxr,87744,4efc2d08416579d67389a0854c9dee6c904894eb
textures/flatlist/ovr_stm/_win/dbx_tnk3_msk.bmp.ctxr,textures/flatlist/ovr_stm/_win,dbx_tnk3_msk.bmp.ctxr,dbx_tnk3_msk.bmp,ctxr,87744,dd798113d4bfab752d8a6cc41ed6c3c04ee7e1af
textures/flatlist/ovr_stm/_win/demo_usp_supressor.bmp.ctxr,textures/flatlist/ovr_stm/_win,demo_usp_supressor.bmp.ctxr,demo_usp_supressor.bmp,ctxr,175168,e7669b2eb2fb1ca6212c37866861d819104ca5d8
textures/flatlist/ovr_stm/_win/dinyukafuta.bmp.ctxr,textures/flatlist/ovr_stm/_win,dinyukafuta.bmp.ctxr,dinyukafuta.bmp,ctxr,349984,7dc2101a3f5a674dab317983e82fafe0e6e49746
textures/flatlist/ovr_stm/_win/dinyukafuta2.bmp.ctxr,textures/flatlist/ovr_stm/_win,dinyukafuta2.bmp.ctxr,dinyukafuta2.bmp,ctxr,349984,d419c8948b1ee26532ddcf693fcacc80e063d179
textures/flatlist/ovr_stm/_win/di_ki_bu.bmp.ctxr,textures/flatlist/ovr_stm/_win,di_ki_bu.bmp.ctxr,di_ki_bu.bmp,ctxr,699488,673a3e23fa3beef8067e44703cf6e4e1575d8de4
textures/flatlist/ovr_stm/_win/di_wall1_da.bmp.ctxr,textures/flatlist/ovr_stm/_win,di_wall1_da.bmp.ctxr,di_wall1_da.bmp,ctxr,175168,24f0d8c7526ff601448cff42fbb1ef08bd85d76d
textures/flatlist/ovr_stm/_win/di_wall1_up.bmp.ctxr,textures/flatlist/ovr_stm/_win,di_wall1_up.bmp.ctxr,di_wall1_up.bmp,ctxr,349920,8b4187637b1dfaf769428cc156ecf5a02b7e80db
textures/flatlist/ovr_stm/_win/dmp_sb2.bmp.ctxr,textures/flatlist/ovr_stm/_win,dmp_sb2.bmp.ctxr,dmp_sb2.bmp,ctxr,175168,7b2e0bfdba08181d6cfc852d72c4f6a0417ebd2b
textures/flatlist/ovr_stm/_win/dmp_sb2_box.bmp.ctxr,textures/flatlist/ovr_stm/_win,dmp_sb2_box.bmp.ctxr,dmp_sb2_box.bmp,ctxr,175168,d64ffcac4359ee76807256ded172072e54b931aa
textures/flatlist/ovr_stm/_win/dmp_sb_body.bmp.ctxr,textures/flatlist/ovr_stm/_win,dmp_sb_body.bmp.ctxr,dmp_sb_body.bmp,ctxr,349920,dd3bef9f9c4eddc5a5ff318a256a795e4ca21e7c
textures/flatlist/ovr_stm/_win/dmp_sb_grip.bmp.ctxr,textures/flatlist/ovr_stm/_win,dmp_sb_grip.bmp.ctxr,dmp_sb_grip.bmp,ctxr,175168,6b4434bac76490ca65206c08a345ecc3e4b259ef
textures/flatlist/ovr_stm/_win/dmp_sb_mc.bmp.ctxr,textures/flatlist/ovr_stm/_win,dmp_sb_mc.bmp.ctxr,dmp_sb_mc.bmp,ctxr,87808,01208af3f8b3ab57b8f2694dcd656ff79c52cb29
textures/flatlist/ovr_stm/_win/dmp_sb_mc2.bmp.ctxr,textures/flatlist/ovr_stm/_win,dmp_sb_mc2.bmp.ctxr,dmp_sb_mc2.bmp,ctxr,87808,1ca51f88d1b771a194b652da8e5f852c041b72f7
textures/flatlist/ovr_stm/_win/dmp_sb_pi.bmp.ctxr,textures/flatlist/ovr_stm/_win,dmp_sb_pi.bmp.ctxr,dmp_sb_pi.bmp,ctxr,22176,2208b4276d4d6e3d6f63f76cb68dadbe7f66180b
textures/flatlist/ovr_stm/_win/door_afl00c.bmp.ctxr,textures/flatlist/ovr_stm/_win,door_afl00c.bmp.ctxr,door_afl00c.bmp,ctxr,87776,869f73574568c2e4691d3ac03dbdecf97744b4e4
textures/flatlist/ovr_stm/_win/door_b00.bmp.ctxr,textures/flatlist/ovr_stm/_win,door_b00.bmp.ctxr,door_b00.bmp,ctxr,349920,2c33f7a8c37be0f569a9d763cf52763c7c779690
textures/flatlist/ovr_stm/_win/door_bfl00.bmp.ctxr,textures/flatlist/ovr_stm/_win,door_bfl00.bmp.ctxr,door_bfl00.bmp,ctxr,175168,048609782649967ca2bf90a5c2c11f6cec294fab
textures/flatlist/ovr_stm/_win/door_c00.bmp.ctxr,textures/flatlist/ovr_stm/_win,door_c00.bmp.ctxr,door_c00.bmp,ctxr,349920,5a2a963a51a7d6ec21fbe47695833a381af045e6
textures/flatlist/ovr_stm/_win/door_c0017.bmp.ctxr,textures/flatlist/ovr_stm/_win,door_c0017.bmp.ctxr,door_c0017.bmp,ctxr,349920,a020540080cfd8ca5b81a0a395ebf4c09cd2e972
textures/flatlist/ovr_stm/_win/door_d00.bmp.ctxr,textures/flatlist/ovr_stm/_win,door_d00.bmp.ctxr,door_d00.bmp,ctxr,349920,141cf8b0bdacb5c47dcba10c8fddef4f3f7b91b8
textures/flatlist/ovr_stm/_win/drlit_02.bmp.ctxr,textures/flatlist/ovr_stm/_win,drlit_02.bmp.ctxr,drlit_02.bmp,ctxr,44064,e1bfe904c4108f2b2cc67f9e87453105fd48a400
textures/flatlist/ovr_stm/_win/drlit_02a.bmp.ctxr,textures/flatlist/ovr_stm/_win,drlit_02a.bmp.ctxr,drlit_02a.bmp,ctxr,22208,8bcceac294291405a33d8f340ecf95cba8fb666b
textures/flatlist/ovr_stm/_win/drp_00.bmp.ctxr,textures/flatlist/ovr_stm/_win,drp_00.bmp.ctxr,drp_00.bmp,ctxr,175200,56a368dbc82d8dfda7d07c7d3dd9c31e88fc1dc5
textures/flatlist/ovr_stm/_win/drp_00b.bmp.ctxr,textures/flatlist/ovr_stm/_win,drp_00b.bmp.ctxr,drp_00b.bmp,ctxr,175200,7008803ee5aafb083ff9a03543aafd11c041d2e9
textures/flatlist/ovr_stm/_win/drp_01.bmp.ctxr,textures/flatlist/ovr_stm/_win,drp_01.bmp.ctxr,drp_01.bmp,ctxr,44128,e7e7f02216d21775cbdd0004b820eaeb5f942a0b
textures/flatlist/ovr_stm/_win/dtdv_side_01.bmp.ctxr,textures/flatlist/ovr_stm/_win,dtdv_side_01.bmp.ctxr,dtdv_side_01.bmp,ctxr,175168,23359c3f08bd766da406d44a33d002a060852a9c
textures/flatlist/ovr_stm/_win/elv1_flr1.bmp.ctxr,textures/flatlist/ovr_stm/_win,elv1_flr1.bmp.ctxr,elv1_flr1.bmp,ctxr,699488,eb86aa3fc7225bf012b6e6deb8cafc1addba7ea6
textures/flatlist/ovr_stm/_win/elvt_floor3.bmp.ctxr,textures/flatlist/ovr_stm/_win,elvt_floor3.bmp.ctxr,elvt_floor3.bmp,ctxr,349920,22e1cfeb8a9b220ce907c4930c21bf2907f8427f
textures/flatlist/ovr_stm/_win/elvt_floor4.bmp.ctxr,textures/flatlist/ovr_stm/_win,elvt_floor4.bmp.ctxr,elvt_floor4.bmp,ctxr,175168,856ce99b13e4c87fa60aad3c90bb09b99c2dec0a
textures/flatlist/ovr_stm/_win/elvt_floor5.bmp.ctxr,textures/flatlist/ovr_stm/_win,elvt_floor5.bmp.ctxr,elvt_floor5.bmp,ctxr,44064,ea8d92c3b69eee8bbd91f5f00b857036deb51bd5
textures/flatlist/ovr_stm/_win/elvt_nwall3.bmp.ctxr,textures/flatlist/ovr_stm/_win,elvt_nwall3.bmp.ctxr,elvt_nwall3.bmp,ctxr,699488,682a6f04e4ef795e3afc7593cdc89902bdd22ec7
textures/flatlist/ovr_stm/_win/emt.bmp.ctxr,textures/flatlist/ovr_stm/_win,emt.bmp.ctxr,emt.bmp,ctxr,175168,7d4cd57e013882180cb76d34ba9d6296a4c699c9
textures/flatlist/ovr_stm/_win/eyes_kyoro.bmp.ctxr,textures/flatlist/ovr_stm/_win,eyes_kyoro.bmp.ctxr,eyes_kyoro.bmp,ctxr,699488,b75ee1badcd4e31539fd8a9047b898d470c0f45a
textures/flatlist/ovr_stm/_win/fat_allarm.bmp.ctxr,textures/flatlist/ovr_stm/_win,fat_allarm.bmp.ctxr,fat_allarm.bmp,ctxr,349920,43e044325dfb7f40defd3c7cfca3727db5cf8ea0
textures/flatlist/ovr_stm/_win/fat_allarm_st2.bmp.ctxr,textures/flatlist/ovr_stm/_win,fat_allarm_st2.bmp.ctxr,fat_allarm_st2.bmp,ctxr,349920,f7a9e066ca36c292002f6474057b64ff19b24081
textures/flatlist/ovr_stm/_win/fat_allleg.bmp.ctxr,textures/flatlist/ovr_stm/_win,fat_allleg.bmp.ctxr,fat_allleg.bmp,ctxr,44064,706caff2bb1ef22961a0f908dd4d71a6d7fa416f
textures/flatlist/ovr_stm/_win/fat_allleg_sub_ovl_alp.bmp.ctxr,textures/flatlist/ovr_stm/_win,fat_allleg_sub_ovl_alp.bmp.ctxr,fat_allleg_sub_ovl_alp.bmp,ctxr,131232,4b36a805c2d6251816133e0b2748eda7aacbe087
textures/flatlist/ovr_stm/_win/fat_arm_belt.bmp.ctxr,textures/flatlist/ovr_stm/_win,fat_arm_belt.bmp.ctxr,fat_arm_belt.bmp,ctxr,44096,ac42edb41e24e40b6253e048c31c3212249ee0be
textures/flatlist/ovr_stm/_win/fat_arm_sub_ovl_alp.bmp.ctxr,textures/flatlist/ovr_stm/_win,fat_arm_sub_ovl_alp.bmp.ctxr,fat_arm_sub_ovl_alp.bmp,ctxr,262304,de75daed0d25e999b4e978718607b00ef6b2df18
textures/flatlist/ovr_stm/_win/fat_belt.bmp.ctxr,textures/flatlist/ovr_stm/_win,fat_belt.bmp.ctxr,fat_belt.bmp,ctxr,87808,80debc1406af89b7c3aa7b78186747099582a7cf
textures/flatlist/ovr_stm/_win/fat_body3_sub_ovl_alp.bmp.ctxr,textures/flatlist/ovr_stm/_win,fat_body3_sub_ovl_alp.bmp.ctxr,fat_body3_sub_ovl_alp.bmp,ctxr,2097312,33ff2fccba3d698e772cb608c8e17ce29e4e013e
textures/flatlist/ovr_stm/_win/fat_calf.bmp.ctxr,textures/flatlist/ovr_stm/_win,fat_calf.bmp.ctxr,fat_calf.bmp,ctxr,349920,b47877a6c72514651beebf3ce55677901cd601db
textures/flatlist/ovr_stm/_win/fat_calf_sub_alp_ovl.bmp.ctxr,textures/flatlist/ovr_stm/_win,fat_calf_sub_alp_ovl.bmp.ctxr,fat_calf_sub_alp_ovl.bmp,ctxr,1048736,6620253eceaa159272bd1ac997708b3e0e99aca5
textures/flatlist/ovr_stm/_win/fat_ep0_sub_ovl_alp.bmp.ctxr,textures/flatlist/ovr_stm/_win,fat_ep0_sub_ovl_alp.bmp.ctxr,fat_ep0_sub_ovl_alp.bmp,ctxr,262304,441085b3aed1d4f4b1b97c3f1eb0994b8af5080d
textures/flatlist/ovr_stm/_win/fat_epron3_ovl_alp_mod1120_emap.bmp.ctxr,textures/flatlist/ovr_stm/_win,fat_epron3_ovl_alp_mod1120_emap.bmp.ctxr,fat_epron3_ovl_alp_mod1120_emap.bmp,ctxr,87744,13bbbfcd9c8a02e06a428d6c387a9442c35d5892
textures/flatlist/ovr_stm/_win/fat_eptes.bmp.ctxr,textures/flatlist/ovr_stm/_win,fat_eptes.bmp.ctxr,fat_eptes.bmp,ctxr,87744,3ecf9d518b9b2461757080537efdc1edb8fc828b
textures/flatlist/ovr_stm/_win/fat_ep_re.bmp.ctxr,textures/flatlist/ovr_stm/_win,fat_ep_re.bmp.ctxr,fat_ep_re.bmp,ctxr,87744,1915a0f023c8705b5250429f667967a0bc4bca47
textures/flatlist/ovr_stm/_win/fat_eri_back.bmp.ctxr,textures/flatlist/ovr_stm/_win,fat_eri_back.bmp.ctxr,fat_eri_back.bmp,ctxr,87776,e9d05f21a67635646cec6c5572f3bad125c01575
textures/flatlist/ovr_stm/_win/fat_eri_back_sub_alp_ovl.bmp.ctxr,textures/flatlist/ovr_stm/_win,fat_eri_back_sub_alp_ovl.bmp.ctxr,fat_eri_back_sub_alp_ovl.bmp,ctxr,131232,744b10dfeabc5b96e56a80f118af99d7a2067057
textures/flatlist/ovr_stm/_win/fat_eri_front.bmp.ctxr,textures/flatlist/ovr_stm/_win,fat_eri_front.bmp.ctxr,fat_eri_front.bmp,ctxr,22176,a886b5de8b442c1b5a53c5316cd4e5bfd834cfec
textures/flatlist/ovr_stm/_win/fat_eri_side.bmp.ctxr,textures/flatlist/ovr_stm/_win,fat_eri_side.bmp.ctxr,fat_eri_side.bmp,ctxr,44064,92cdc371f9ba53ef88ee88abfe0ed8bfb7d0d297
textures/flatlist/ovr_stm/_win/fat_eri_side_in.bmp.ctxr,textures/flatlist/ovr_stm/_win,fat_eri_side_in.bmp.ctxr,fat_eri_side_in.bmp,ctxr,44064,146286d2870eaa7041b6ce422db7fe184aac60c8
textures/flatlist/ovr_stm/_win/fat_eri_side_sub_alp_ovl.bmp.ctxr,textures/flatlist/ovr_stm/_win,fat_eri_side_sub_alp_ovl.bmp.ctxr,fat_eri_side_sub_alp_ovl.bmp,ctxr,65696,1804633354bbaec16f16e903b57acef933d65de2
textures/flatlist/ovr_stm/_win/fat_eye.bmp.ctxr,textures/flatlist/ovr_stm/_win,fat_eye.bmp.ctxr,fat_eye.bmp,ctxr,87744,d6c1329e22dcfc49c70a6126ef68bc65b0eca2f6
textures/flatlist/ovr_stm/_win/fat_eyes_ovl_sub_alp.bmp.ctxr,textures/flatlist/ovr_stm/_win,fat_eyes_ovl_sub_alp.bmp.ctxr,fat_eyes_ovl_sub_alp.bmp,ctxr,16544,cc7f7260a8e2877f36dfcbc0694b52d869340dfa
textures/flatlist/ovr_stm/_win/fat_eye_re.bmp.ctxr,textures/flatlist/ovr_stm/_win,fat_eye_re.bmp.ctxr,fat_eye_re.bmp,ctxr,22176,231bfb9dc1f5bf8d908008fb53627fe6c3fae8db
textures/flatlist/ovr_stm/_win/fat_face.bmp.ctxr,textures/flatlist/ovr_stm/_win,fat_face.bmp.ctxr,fat_face.bmp,ctxr,2796672,7778022c64416bd937c8991e697edcf120584f62
textures/flatlist/ovr_stm/_win/fat_face_bmap.bmp.ctxr,textures/flatlist/ovr_stm/_win,fat_face_bmap.bmp.ctxr,fat_face_bmap.bmp,ctxr,524448,b002b38e5962a63955d5803e979381b5b8a8a85b
textures/flatlist/ovr_stm/_win/fat_face_re.bmp.ctxr,textures/flatlist/ovr_stm/_win,fat_face_re.bmp.ctxr,fat_face_re.bmp,ctxr,2796672,22c1db9e3643400938e4d06e3d6431aee79c1086
textures/flatlist/ovr_stm/_win/fat_face_re.bmp_a65902de0116b1a4ce6a1647e832d293.ctxr,textures/flatlist/ovr_stm/_win,fat_face_re.bmp_a65902de0116b1a4ce6a1647e832d293.ctxr,fat_face_re.bmp_a65902de0116b1a4ce6a1647e832d293,ctxr,2796672,31371e21eb60dad382f3ee4abc0e306856f487da
textures/flatlist/ovr_stm/_win/fat_glg_hlst.bmp.ctxr,textures/flatlist/ovr_stm/_win,fat_glg_hlst.bmp.ctxr,fat_glg_hlst.bmp,ctxr,44064,f9ac7c86b8911da5b366d293553608aeb04e48ed
textures/flatlist/ovr_stm/_win/fat_glg_hlst_side.bmp.ctxr,textures/flatlist/ovr_stm/_win,fat_glg_hlst_side.bmp.ctxr,fat_glg_hlst_side.bmp,ctxr,11296,83dcf18c0afee00682bf44bc950fb49dc60c297c
textures/flatlist/ovr_stm/_win/fat_hand.bmp.ctxr,textures/flatlist/ovr_stm/_win,fat_hand.bmp.ctxr,fat_hand.bmp,ctxr,175168,f7660f0a3f0519c7652c02cf9880f0422d22fb87
textures/flatlist/ovr_stm/_win/fat_hand_alp_ovl_emap_mod1120.bmp.ctxr,textures/flatlist/ovr_stm/_win,fat_hand_alp_ovl_emap_mod1120.bmp.ctxr,fat_hand_alp_ovl_emap_mod1120.bmp,ctxr,5760,d0f94b83410d5470d3bd28691f963dd000b896c7
textures/flatlist/ovr_stm/_win/fat_hand_sub_alp_ovl.bmp.ctxr,textures/flatlist/ovr_stm/_win,fat_hand_sub_alp_ovl.bmp.ctxr,fat_hand_sub_alp_ovl.bmp,ctxr,131232,a113010b7e086bebed7c69c3d983d369223d9679
textures/flatlist/ovr_stm/_win/fat_hi_finger.bmp.ctxr,textures/flatlist/ovr_stm/_win,fat_hi_finger.bmp.ctxr,fat_hi_finger.bmp,ctxr,22176,b97d400b5ebec089e05dd58700a901d6d50cf5b6
textures/flatlist/ovr_stm/_win/fat_hi_finger_red.bmp.ctxr,textures/flatlist/ovr_stm/_win,fat_hi_finger_red.bmp.ctxr,fat_hi_finger_red.bmp,ctxr,22176,269af257c1b6c52d1ac682b2d0396cfcf87b4131
textures/flatlist/ovr_stm/_win/fat_hi_hand1.bmp.ctxr,textures/flatlist/ovr_stm/_win,fat_hi_hand1.bmp.ctxr,fat_hi_hand1.bmp,ctxr,175168,3fd75bfa37574e9a968763788240f9cf787c5aab
textures/flatlist/ovr_stm/_win/fat_hi_hand1_bmap.bmp.ctxr,textures/flatlist/ovr_stm/_win,fat_hi_hand1_bmap.bmp.ctxr,fat_hi_hand1_bmap.bmp,ctxr,131232,adc637b37652569e79c49e58f0db337fb3a40105
textures/flatlist/ovr_stm/_win/fat_hi_hand2.bmp.ctxr,textures/flatlist/ovr_stm/_win,fat_hi_hand2.bmp.ctxr,fat_hi_hand2.bmp,ctxr,87744,7a4c81814df11c817d9a6b2752cd60997f549203
textures/flatlist/ovr_stm/_win/fat_in.bmp.ctxr,textures/flatlist/ovr_stm/_win,fat_in.bmp.ctxr,fat_in.bmp,ctxr,22176,2f11f89e9667dbd44b9af97a4fab854e3af498b0
textures/flatlist/ovr_stm/_win/fat_in_eri.bmp.ctxr,textures/flatlist/ovr_stm/_win,fat_in_eri.bmp.ctxr,fat_in_eri.bmp,ctxr,44096,7a923ef02ec55cff44f5b28301062883549d8b19
textures/flatlist/ovr_stm/_win/fat_in_eri_tome.bmp.ctxr,textures/flatlist/ovr_stm/_win,fat_in_eri_tome.bmp.ctxr,fat_in_eri_tome.bmp,ctxr,5792,728cc2c12e3418854aa0f2217b2fb7525c65b4ea
textures/flatlist/ovr_stm/_win/fat_larm_belt.bmp.ctxr,textures/flatlist/ovr_stm/_win,fat_larm_belt.bmp.ctxr,fat_larm_belt.bmp,ctxr,87776,d1ceb920be897c86625a516885f2beb98c155b88
textures/flatlist/ovr_stm/_win/fat_larm_sub_alp_ovl.bmp.ctxr,textures/flatlist/ovr_stm/_win,fat_larm_sub_alp_ovl.bmp.ctxr,fat_larm_sub_alp_ovl.bmp,ctxr,262304,22ba0223b45207c53dead070976fe6b214b788c2
textures/flatlist/ovr_stm/_win/fat_mtg_alp_ovl.bmp.ctxr,textures/flatlist/ovr_stm/_win,fat_mtg_alp_ovl.bmp.ctxr,fat_mtg_alp_ovl.bmp,ctxr,87776,08b63c0bd9c08184ab989bfd093ec4ab2f6a4f99
textures/flatlist/ovr_stm/_win/fat_ooze_blood00_alp_ovl.bmp.ctxr,textures/flatlist/ovr_stm/_win,fat_ooze_blood00_alp_ovl.bmp.ctxr,fat_ooze_blood00_alp_ovl.bmp,ctxr,175168,b82c824fc70e82cb6c41bb89a899a22ce175e3ff
textures/flatlist/ovr_stm/_win/fat_ooze_blood89_alp_ovl.bmp.ctxr,textures/flatlist/ovr_stm/_win,fat_ooze_blood89_alp_ovl.bmp.ctxr,fat_ooze_blood89_alp_ovl.bmp,ctxr,175168,4e7f4f361bd5073d6ad540bcb3af5412ad2b057f
textures/flatlist/ovr_stm/_win/fat_pias_alp_ovl.bmp.ctxr,textures/flatlist/ovr_stm/_win,fat_pias_alp_ovl.bmp.ctxr,fat_pias_alp_ovl.bmp,ctxr,5760,cc13e4e1f0244e6c43d03547903bfbd1215da181
textures/flatlist/ovr_stm/_win/fat_pias_alp_ovl.bmp_49150a74dd0fd7cd13ca0f60cd40eca7.ctxr,textures/flatlist/ovr_stm/_win,fat_pias_alp_ovl.bmp_49150a74dd0fd7cd13ca0f60cd40eca7.ctxr,fat_pias_alp_ovl.bmp_49150a74dd0fd7cd13ca0f60cd40eca7,ctxr,5760,81525fbc008d091090e1ba16b1af625ca367b118
textures/flatlist/ovr_stm/_win/fat_poket00.bmp.ctxr,textures/flatlist/ovr_stm/_win,fat_poket00.bmp.ctxr,fat_poket00.bmp,ctxr,44064,372e6b1395548a250bf39d721011cdaed582a603
textures/flatlist/ovr_stm/_win/fat_poket00_re.bmp.ctxr,textures/flatlist/ovr_stm/_win,fat_poket00_re.bmp.ctxr,fat_poket00_re.bmp,ctxr,44064,243e0c5fcb886d59498299175c8203a04a61699f
textures/flatlist/ovr_stm/_win/fat_poket01.bmp.ctxr,textures/flatlist/ovr_stm/_win,fat_poket01.bmp.ctxr,fat_poket01.bmp,ctxr,44064,1e91f95620ffe564471f97da2ed505d0ddc60e71
textures/flatlist/ovr_stm/_win/fat_poket01.bmp_fdadb254bd6a0857d5c232a10b14c8ff.ctxr,textures/flatlist/ovr_stm/_win,fat_poket01.bmp_fdadb254bd6a0857d5c232a10b14c8ff.ctxr,fat_poket01.bmp_fdadb254bd6a0857d5c232a10b14c8ff,ctxr,44064,a710c90b4922a3371d431cd4955dfc7726abd075
textures/flatlist/ovr_stm/_win/fat_radio.bmp.ctxr,textures/flatlist/ovr_stm/_win,fat_radio.bmp.ctxr,fat_radio.bmp,ctxr,44064,987162ae04ca5d0c2a95a8afdbc30176f7e7f612
textures/flatlist/ovr_stm/_win/fat_radio_sub_ovl_alp.bmp.ctxr,textures/flatlist/ovr_stm/_win,fat_radio_sub_ovl_alp.bmp.ctxr,fat_radio_sub_ovl_alp.bmp,ctxr,32928,81dfa1e515abe3c68f2b7596844552de45e62d9a
textures/flatlist/ovr_stm/_win/fat_rolar.bmp.ctxr,textures/flatlist/ovr_stm/_win,fat_rolar.bmp.ctxr,fat_rolar.bmp,ctxr,349920,69873b3108053cc4b8b355d78d4be9b79b3240b6
textures/flatlist/ovr_stm/_win/fat_rolar_flame.bmp.ctxr,textures/flatlist/ovr_stm/_win,fat_rolar_flame.bmp.ctxr,fat_rolar_flame.bmp,ctxr,22208,e22270cc02b5112c4ad7adb2b13d466937b2da2b
textures/flatlist/ovr_stm/_win/fat_rolar_hoir.bmp.ctxr,textures/flatlist/ovr_stm/_win,fat_rolar_hoir.bmp.ctxr,fat_rolar_hoir.bmp,ctxr,5760,ed1f7a7deee3428452b6fcc830d1f5d17d521873
textures/flatlist/ovr_stm/_win/fat_shues00_sub_ovl_alp.bmp.ctxr,textures/flatlist/ovr_stm/_win,fat_shues00_sub_ovl_alp.bmp.ctxr,fat_shues00_sub_ovl_alp.bmp,ctxr,262304,e87ef8f30bb9e3ed9b5f502c2531f27d66938ae1
textures/flatlist/ovr_stm/_win/fat_shues_ovl_alp_emap_mod1120.bmp.ctxr,textures/flatlist/ovr_stm/_win,fat_shues_ovl_alp_emap_mod1120.bmp.ctxr,fat_shues_ovl_alp_emap_mod1120.bmp,ctxr,87744,24ecb8ef305fc9c801cc453e987fbec82bc5b9b8
textures/flatlist/ovr_stm/_win/fat_strow_alp.bmp.ctxr,textures/flatlist/ovr_stm/_win,fat_strow_alp.bmp.ctxr,fat_strow_alp.bmp,ctxr,11264,c28389c0290e59dc756bf5b2350e52c7f3afe4fd
textures/flatlist/ovr_stm/_win/fat_strow_col_alp.bmp.ctxr,textures/flatlist/ovr_stm/_win,fat_strow_col_alp.bmp.ctxr,fat_strow_col_alp.bmp,ctxr,11264,64f21416ab6c98d9f1eb4b8d05b5a1bbc12343bb
textures/flatlist/ovr_stm/_win/fat_suits.bmp.ctxr,textures/flatlist/ovr_stm/_win,fat_suits.bmp.ctxr,fat_suits.bmp,ctxr,1398528,36682013eab5b0b5b1df559edc50519a4eca99f2
textures/flatlist/ovr_stm/_win/fat_suitstes.bmp.ctxr,textures/flatlist/ovr_stm/_win,fat_suitstes.bmp.ctxr,fat_suitstes.bmp,ctxr,1398528,6015c8916d1add46f724b8c456b44a13db54cf9f
textures/flatlist/ovr_stm/_win/fat_suits_kat.bmp.ctxr,textures/flatlist/ovr_stm/_win,fat_suits_kat.bmp.ctxr,fat_suits_kat.bmp,ctxr,11264,3da89750dc16cbb61b77ebd59faba8349def820e
textures/flatlist/ovr_stm/_win/fat_suits_kat_sub_alp_ovl.bmp.ctxr,textures/flatlist/ovr_stm/_win,fat_suits_kat_sub_alp_ovl.bmp.ctxr,fat_suits_kat_sub_alp_ovl.bmp,ctxr,8352,222d29248a5fdb3df5de70c15bd4965d4ee6613e
textures/flatlist/ovr_stm/_win/fat_suit_re.bmp.ctxr,textures/flatlist/ovr_stm/_win,fat_suit_re.bmp.ctxr,fat_suit_re.bmp,ctxr,1398528,0df7ade0ca20085967e739ce799a36dccba7f0ff
textures/flatlist/ovr_stm/_win/fat_tang.bmp.ctxr,textures/flatlist/ovr_stm/_win,fat_tang.bmp.ctxr,fat_tang.bmp,ctxr,87744,d014e5940402a609823b97206796ff2fd5429601
textures/flatlist/ovr_stm/_win/fat_teeth_u3.bmp.ctxr,textures/flatlist/ovr_stm/_win,fat_teeth_u3.bmp.ctxr,fat_teeth_u3.bmp,ctxr,22208,a7dd4b492b94a6ad8c65d840b4dfa243c951d7a6
textures/flatlist/ovr_stm/_win/fat_waist.bmp.ctxr,textures/flatlist/ovr_stm/_win,fat_waist.bmp.ctxr,fat_waist.bmp,ctxr,22176,75c490f0ebca2f6873e608c3f5d157640b7274f7
textures/flatlist/ovr_stm/_win/for_arm.bmp.ctxr,textures/flatlist/ovr_stm/_win,for_arm.bmp.ctxr,for_arm.bmp,ctxr,576,a70eb7f030344929c4a19fa50bc5cdeb67b7959e
textures/flatlist/ovr_stm/_win/for_belt_shoulder.bmp.ctxr,textures/flatlist/ovr_stm/_win,for_belt_shoulder.bmp.ctxr,for_belt_shoulder.bmp,ctxr,44064,8cc5bd90712351b5e2455375d36f25472b3f4925
textures/flatlist/ovr_stm/_win/for_belt_weist.bmp.ctxr,textures/flatlist/ovr_stm/_win,for_belt_weist.bmp.ctxr,for_belt_weist.bmp,ctxr,87808,aab11c8c86995a304036d3d21189d1180d87c17d
textures/flatlist/ovr_stm/_win/for_blood_face_ovl_alp.bmp.ctxr,textures/flatlist/ovr_stm/_win,for_blood_face_ovl_alp.bmp.ctxr,for_blood_face_ovl_alp.bmp,ctxr,87744,98ddd87a9b09a26bb8a92e390b0b902ed6b6da2b
textures/flatlist/ovr_stm/_win/for_body_ovl_sub_alp.bmp.ctxr,textures/flatlist/ovr_stm/_win,for_body_ovl_sub_alp.bmp.ctxr,for_body_ovl_sub_alp.bmp,ctxr,524448,725c9c5f430232d594fa555d363c784943dc32f9
textures/flatlist/ovr_stm/_win/for_body_ss.bmp.ctxr,textures/flatlist/ovr_stm/_win,for_body_ss.bmp.ctxr,for_body_ss.bmp,ctxr,699488,9da848a0a98daca42b07b5090980f49d01cbf546
textures/flatlist/ovr_stm/_win/for_boot_bot1.bmp.ctxr,textures/flatlist/ovr_stm/_win,for_boot_bot1.bmp.ctxr,for_boot_bot1.bmp,ctxr,44064,c22427ea866151f657b0ba1cc560f3812925eabd
textures/flatlist/ovr_stm/_win/for_boot_bot2.bmp.ctxr,textures/flatlist/ovr_stm/_win,for_boot_bot2.bmp.ctxr,for_boot_bot2.bmp,ctxr,22176,66e4be82c4360d1f07ce10f36bc9cad85c7114af
textures/flatlist/ovr_stm/_win/for_b_ovl_mod1120_alp_emap.bmp.ctxr,textures/flatlist/ovr_stm/_win,for_b_ovl_mod1120_alp_emap.bmp.ctxr,for_b_ovl_mod1120_alp_emap.bmp,ctxr,87744,882a8ac36e0159e78f0f03eb8fcbbb11a20a42a3
textures/flatlist/ovr_stm/_win/for_coat_body.bmp.ctxr,textures/flatlist/ovr_stm/_win,for_coat_body.bmp.ctxr,for_coat_body.bmp,ctxr,349920,f727d51ede5122e74ff36b5a1c16b998f420c924
textures/flatlist/ovr_stm/_win/for_coat_eri.bmp.ctxr,textures/flatlist/ovr_stm/_win,for_coat_eri.bmp.ctxr,for_coat_eri.bmp,ctxr,44064,b2a0cf2eb4dbbffcdca3aa6002dbfedcf43e1939
textures/flatlist/ovr_stm/_win/for_coat_eriin.bmp.ctxr,textures/flatlist/ovr_stm/_win,for_coat_eriin.bmp.ctxr,for_coat_eriin.bmp,ctxr,44064,9e4f58daaa103b5b3e530957568e2032f1940643
textures/flatlist/ovr_stm/_win/for_coat_sling.bmp.ctxr,textures/flatlist/ovr_stm/_win,for_coat_sling.bmp.ctxr,for_coat_sling.bmp,ctxr,44064,9a1c2e40901b51eab59e951d4657b0f7bd3a34ea
textures/flatlist/ovr_stm/_win/for_coat_sode.bmp.ctxr,textures/flatlist/ovr_stm/_win,for_coat_sode.bmp.ctxr,for_coat_sode.bmp,ctxr,87776,d80fff6f4d8b449922d1d1f6f22127be25cf7019
textures/flatlist/ovr_stm/_win/for_col1.bmp.ctxr,textures/flatlist/ovr_stm/_win,for_col1.bmp.ctxr,for_col1.bmp,ctxr,576,84f759f443db759beb368e297403b1db5854046f
textures/flatlist/ovr_stm/_win/for_eye_ovl_sub_alp.bmp.ctxr,textures/flatlist/ovr_stm/_win,for_eye_ovl_sub_alp.bmp.ctxr,for_eye_ovl_sub_alp.bmp,ctxr,65696,9ab3999043a18c08ed8744458dceca8925d0c7eb
textures/flatlist/ovr_stm/_win/for_face_ovl_sub_alp.bmp.ctxr,textures/flatlist/ovr_stm/_win,for_face_ovl_sub_alp.bmp.ctxr,for_face_ovl_sub_alp.bmp,ctxr,524448,8326ea047c2c0795d11afc010438b9da2de1b95a
textures/flatlist/ovr_stm/_win/for_foot.bmp.ctxr,textures/flatlist/ovr_stm/_win,for_foot.bmp.ctxr,for_foot.bmp,ctxr,87744,a9d88c8d20e770e098cbc62c0b5b8470f37d6f40
textures/flatlist/ovr_stm/_win/for_hair_back.bmp.ctxr,textures/flatlist/ovr_stm/_win,for_hair_back.bmp.ctxr,for_hair_back.bmp,ctxr,349920,fdb66517e7ca2bab56b9882e3f98106bcd1c8e10
textures/flatlist/ovr_stm/_win/for_hair_side_ovl_alp.bmp.ctxr,textures/flatlist/ovr_stm/_win,for_hair_side_ovl_alp.bmp.ctxr,for_hair_side_ovl_alp.bmp,ctxr,175168,025a1aa52c74009e82031c7259849f499c8d8d06
textures/flatlist/ovr_stm/_win/for_hand.bmp.ctxr,textures/flatlist/ovr_stm/_win,for_hand.bmp.ctxr,for_hand.bmp,ctxr,87744,c244e8d0bf7a465d00484828305e20553262402d
textures/flatlist/ovr_stm/_win/for_hand2.bmp.ctxr,textures/flatlist/ovr_stm/_win,for_hand2.bmp.ctxr,for_hand2.bmp,ctxr,87744,62732fe373365479a437933104a335701967fbc1
textures/flatlist/ovr_stm/_win/for_hi_eye.bmp.ctxr,textures/flatlist/ovr_stm/_win,for_hi_eye.bmp.ctxr,for_hi_eye.bmp,ctxr,87744,9fee1b245d391238cfd35f0071a00072144b975a
textures/flatlist/ovr_stm/_win/for_hi_face_ss.bmp.ctxr,textures/flatlist/ovr_stm/_win,for_hi_face_ss.bmp.ctxr,for_hi_face_ss.bmp,ctxr,2796672,73b925dbddd63dc2ce9d72650967bcbe7544aac3
textures/flatlist/ovr_stm/_win/for_hi_finger.bmp.ctxr,textures/flatlist/ovr_stm/_win,for_hi_finger.bmp.ctxr,for_hi_finger.bmp,ctxr,22176,aedfd669019cec629f18c31a607547554a3a7b40
textures/flatlist/ovr_stm/_win/for_hi_finger2.bmp.ctxr,textures/flatlist/ovr_stm/_win,for_hi_finger2.bmp.ctxr,for_hi_finger2.bmp,ctxr,22176,0a6d4bd4ed1fb2e1febb8b5ee8af81fdc9c660bb
textures/flatlist/ovr_stm/_win/for_hi_hand1.bmp.ctxr,textures/flatlist/ovr_stm/_win,for_hi_hand1.bmp.ctxr,for_hi_hand1.bmp,ctxr,175168,ddeb15731b504a0d4cdd631df4385615d08cd3a2
textures/flatlist/ovr_stm/_win/for_hi_hand2.bmp.ctxr,textures/flatlist/ovr_stm/_win,for_hi_hand2.bmp.ctxr,for_hi_hand2.bmp,ctxr,87744,1efa86ec2a8bca6040aef5e207095bdcae46913e
textures/flatlist/ovr_stm/_win/for_hi_hand3.bmp.ctxr,textures/flatlist/ovr_stm/_win,for_hi_hand3.bmp.ctxr,for_hi_hand3.bmp,ctxr,44096,c06677d4975b5ddc68e44553b53397a79e8eb382
textures/flatlist/ovr_stm/_win/for_hi_mtg_alp_ovl.bmp.ctxr,textures/flatlist/ovr_stm/_win,for_hi_mtg_alp_ovl.bmp.ctxr,for_hi_mtg_alp_ovl.bmp,ctxr,175168,caa8b7714a5c2659adcf3a78c4fc5643a934ed28
textures/flatlist/ovr_stm/_win/for_hlst_back.bmp.ctxr,textures/flatlist/ovr_stm/_win,for_hlst_back.bmp.ctxr,for_hlst_back.bmp,ctxr,44096,b0b3bd93b1aecf90310db6f771d8c76f2569fba9
textures/flatlist/ovr_stm/_win/for_hlst_fro.bmp.ctxr,textures/flatlist/ovr_stm/_win,for_hlst_fro.bmp.ctxr,for_hlst_fro.bmp,ctxr,22208,4c6e90191bd6041c74cd06569f0ca0bf7e604784
textures/flatlist/ovr_stm/_win/for_hlst_side.bmp.ctxr,textures/flatlist/ovr_stm/_win,for_hlst_side.bmp.ctxr,for_hlst_side.bmp,ctxr,87744,e47245bf9f898ad1c4d06b43ebfe905e1d491ec9
textures/flatlist/ovr_stm/_win/for_kizu_body_ovl_alp.bmp.ctxr,textures/flatlist/ovr_stm/_win,for_kizu_body_ovl_alp.bmp.ctxr,for_kizu_body_ovl_alp.bmp,ctxr,44064,7b48483788bae0c04cc25a5d03f62b595f9169c1
textures/flatlist/ovr_stm/_win/for_leg_ovl_sub_alp.bmp.ctxr,textures/flatlist/ovr_stm/_win,for_leg_ovl_sub_alp.bmp.ctxr,for_leg_ovl_sub_alp.bmp,ctxr,262304,0f396aa93c7ecca1c6f3a3d4123ee096f9390524
textures/flatlist/ovr_stm/_win/for_leg_ss.bmp.ctxr,textures/flatlist/ovr_stm/_win,for_leg_ss.bmp.ctxr,for_leg_ss.bmp,ctxr,349920,37a467a82a9189ab6bcd8300a8467d5f23f780ba
textures/flatlist/ovr_stm/_win/for_lnr_sling.bmp.ctxr,textures/flatlist/ovr_stm/_win,for_lnr_sling.bmp.ctxr,for_lnr_sling.bmp,ctxr,1664,ec669003f0d64b6903ec78459bab381300844d1b
textures/flatlist/ovr_stm/_win/for_m9_glip.bmp.ctxr,textures/flatlist/ovr_stm/_win,for_m9_glip.bmp.ctxr,for_m9_glip.bmp,ctxr,44064,9cf165f0f1e7e52c71befc2b37c2ec5e3e99ad48
textures/flatlist/ovr_stm/_win/for_magazine.bmp.ctxr,textures/flatlist/ovr_stm/_win,for_magazine.bmp.ctxr,for_magazine.bmp,ctxr,175168,ade8da6de6b51815955a558831468b2841b52b28
textures/flatlist/ovr_stm/_win/for_sox_ovl_sub_alp.bmp.ctxr,textures/flatlist/ovr_stm/_win,for_sox_ovl_sub_alp.bmp.ctxr,for_sox_ovl_sub_alp.bmp,ctxr,32928,c4ad1f85718de70e7871064d7db63e7975e7da76
textures/flatlist/ovr_stm/_win/for_s_ovl_mod1120_alp_emap.bmp.ctxr,textures/flatlist/ovr_stm/_win,for_s_ovl_mod1120_alp_emap.bmp.ctxr,for_s_ovl_mod1120_alp_emap.bmp,ctxr,87744,0c9922208b6300495f7409ccd4ce8a8a245fe5c3
textures/flatlist/ovr_stm/_win/for_toe.bmp.ctxr,textures/flatlist/ovr_stm/_win,for_toe.bmp.ctxr,for_toe.bmp,ctxr,87744,d77c283f83b488fb8f3627ce4426ed11a6bcb363
textures/flatlist/ovr_stm/_win/for_t_l_ovl_sub_alp.bmp.ctxr,textures/flatlist/ovr_stm/_win,for_t_l_ovl_sub_alp.bmp.ctxr,for_t_l_ovl_sub_alp.bmp,ctxr,65696,ad063169307bdc2bf24f5c11895c6579abf6473d
textures/flatlist/ovr_stm/_win/for_t_r_ovl_sub_alp.bmp.ctxr,textures/flatlist/ovr_stm/_win,for_t_r_ovl_sub_alp.bmp.ctxr,for_t_r_ovl_sub_alp.bmp,ctxr,65696,1f74fbb20e1fafda61398c2b7dd8682771d50977
textures/flatlist/ovr_stm/_win/fstamp03_alp.bmp.ctxr,textures/flatlist/ovr_stm/_win,fstamp03_alp.bmp.ctxr,fstamp03_alp.bmp,ctxr,44064,0dd736832f35110a5e0e9562feb13a3f4c787ef5
textures/flatlist/ovr_stm/_win/gas00.bmp.ctxr,textures/flatlist/ovr_stm/_win,gas00.bmp.ctxr,gas00.bmp,ctxr,349920,7f3b83b29117188bb8857171526fbb3ffa367770
textures/flatlist/ovr_stm/_win/gas01.bmp.ctxr,textures/flatlist/ovr_stm/_win,gas01.bmp.ctxr,gas01.bmp,ctxr,87744,ea65c4aade380d8784367b8b53048569d2fc98a7
textures/flatlist/ovr_stm/_win/gas_cap00.bmp.ctxr,textures/flatlist/ovr_stm/_win,gas_cap00.bmp.ctxr,gas_cap00.bmp,ctxr,44064,8c16fb2f2d27f8f31ce1d7b1ed59a448b473cc37
textures/flatlist/ovr_stm/_win/gas_cap01.bmp.ctxr,textures/flatlist/ovr_stm/_win,gas_cap01.bmp.ctxr,gas_cap01.bmp,ctxr,22176,db1801e50b210416829c94870909a651c051f4e8
textures/flatlist/ovr_stm/_win/gas_dai02.bmp.ctxr,textures/flatlist/ovr_stm/_win,gas_dai02.bmp.ctxr,gas_dai02.bmp,ctxr,11296,4fb547aad6a26f143b6bc5c0f7a99f53533a2226
textures/flatlist/ovr_stm/_win/gas_dai02b.bmp.ctxr,textures/flatlist/ovr_stm/_win,gas_dai02b.bmp.ctxr,gas_dai02b.bmp,ctxr,11296,e95d19dfb881d6af6a17ecbe591af4a9bd2857bc
textures/flatlist/ovr_stm/_win/gbc_bousi_f.bmp.ctxr,textures/flatlist/ovr_stm/_win,gbc_bousi_f.bmp.ctxr,gbc_bousi_f.bmp,ctxr,87744,edfaa163f8e47219224fc6130a74c1cdfa239330
textures/flatlist/ovr_stm/_win/gbc_bousi_s2.bmp.ctxr,textures/flatlist/ovr_stm/_win,gbc_bousi_s2.bmp.ctxr,gbc_bousi_s2.bmp,ctxr,349920,3cf0a20676e5172ac61b96216cd27232c2694687
textures/flatlist/ovr_stm/_win/gbc_deppari.bmp.ctxr,textures/flatlist/ovr_stm/_win,gbc_deppari.bmp.ctxr,gbc_deppari.bmp,ctxr,11264,b519e46b045df5bc8daf1fb721eb0db4fec6bd2f
textures/flatlist/ovr_stm/_win/gbc_kao.bmp.ctxr,textures/flatlist/ovr_stm/_win,gbc_kao.bmp.ctxr,gbc_kao.bmp,ctxr,699488,810b7392c7556aeac6dd855b442a6afe5e6400a3
textures/flatlist/ovr_stm/_win/gbc_maiku.bmp.ctxr,textures/flatlist/ovr_stm/_win,gbc_maiku.bmp.ctxr,gbc_maiku.bmp,ctxr,44064,4f211184876de74a15c6bca1165494c223c3c0eb
textures/flatlist/ovr_stm/_win/gbc_tuba.bmp.ctxr,textures/flatlist/ovr_stm/_win,gbc_tuba.bmp.ctxr,gbc_tuba.bmp,ctxr,44064,817d6393010d8ddf9b191393177d027bb8c88b25
textures/flatlist/ovr_stm/_win/gbc_tusinki.bmp.ctxr,textures/flatlist/ovr_stm/_win,gbc_tusinki.bmp.ctxr,gbc_tusinki.bmp,ctxr,175168,3791b1b42205b55adf2d91d853ec833e31809041
textures/flatlist/ovr_stm/_win/gbs_ak_sling.bmp.ctxr,textures/flatlist/ovr_stm/_win,gbs_ak_sling.bmp.ctxr,gbs_ak_sling.bmp,ctxr,5792,f8319e85ee8fd7d95a7fad2d65821074c50a0256
textures/flatlist/ovr_stm/_win/gbs_arm_ss.bmp.ctxr,textures/flatlist/ovr_stm/_win,gbs_arm_ss.bmp.ctxr,gbs_arm_ss.bmp,ctxr,349920,4e3edb02b5eeceaa73e4b090ab4f850ef84b6ac5
textures/flatlist/ovr_stm/_win/gbs_belt.bmp.ctxr,textures/flatlist/ovr_stm/_win,gbs_belt.bmp.ctxr,gbs_belt.bmp,ctxr,5792,474566573e7518bb69de3e2acbd74c74e0dcc58b
textures/flatlist/ovr_stm/_win/gbs_body_ss.bmp.ctxr,textures/flatlist/ovr_stm/_win,gbs_body_ss.bmp.ctxr,gbs_body_ss.bmp,ctxr,699488,0ec6bab8ff82091002844a65064582fce6f65c36
textures/flatlist/ovr_stm/_win/gbs_boot_bot1.bmp.ctxr,textures/flatlist/ovr_stm/_win,gbs_boot_bot1.bmp.ctxr,gbs_boot_bot1.bmp,ctxr,44064,04aa740697d9631d50497282a45f98b9574b60cf
textures/flatlist/ovr_stm/_win/gbs_boot_bot2.bmp.ctxr,textures/flatlist/ovr_stm/_win,gbs_boot_bot2.bmp.ctxr,gbs_boot_bot2.bmp,ctxr,22176,df01393c73522a18a36e5c661d34cea1b351c08a
textures/flatlist/ovr_stm/_win/gbs_boot_ss.bmp.ctxr,textures/flatlist/ovr_stm/_win,gbs_boot_ss.bmp.ctxr,gbs_boot_ss.bmp,ctxr,87744,73dfe8e68ba79684636e280ef1d8290102267b5c
textures/flatlist/ovr_stm/_win/gbs_bp1.bmp.ctxr,textures/flatlist/ovr_stm/_win,gbs_bp1.bmp.ctxr,gbs_bp1.bmp,ctxr,175168,f6b4d8e1fa5ebc092d91d9f85b058e029067e5cc
textures/flatlist/ovr_stm/_win/gbs_bp2.bmp.ctxr,textures/flatlist/ovr_stm/_win,gbs_bp2.bmp.ctxr,gbs_bp2.bmp,ctxr,44064,92cc397aebeb88ed02e36cf3dab769237509ee30
textures/flatlist/ovr_stm/_win/gbs_eri.bmp.ctxr,textures/flatlist/ovr_stm/_win,gbs_eri.bmp.ctxr,gbs_eri.bmp,ctxr,44096,2ea31e91a23c511c7b4c776ec982a34aff206951
textures/flatlist/ovr_stm/_win/gbs_eye_def.bmp.ctxr,textures/flatlist/ovr_stm/_win,gbs_eye_def.bmp.ctxr,gbs_eye_def.bmp,ctxr,11264,8c20e2cf849175737b601dd4dfc9f75ea1ff0cef
textures/flatlist/ovr_stm/_win/gbs_eye_white.bmp.ctxr,textures/flatlist/ovr_stm/_win,gbs_eye_white.bmp.ctxr,gbs_eye_white.bmp,ctxr,11264,978a3a51411aac454105dccf30411e4b9eb92e46
textures/flatlist/ovr_stm/_win/gbs_face.bmp.ctxr,textures/flatlist/ovr_stm/_win,gbs_face.bmp.ctxr,gbs_face.bmp,ctxr,87744,1aa1942111b4beae19cbfcad75cefb3cf4464024
textures/flatlist/ovr_stm/_win/gbs_head_back.bmp.ctxr,textures/flatlist/ovr_stm/_win,gbs_head_back.bmp.ctxr,gbs_head_back.bmp,ctxr,11264,2eee95336623bc54972197e1266d7980d09b2b92
textures/flatlist/ovr_stm/_win/gbs_head_side.bmp.ctxr,textures/flatlist/ovr_stm/_win,gbs_head_side.bmp.ctxr,gbs_head_side.bmp,ctxr,44064,15a080c766700ddfc0a6d7136160591c850015c1
textures/flatlist/ovr_stm/_win/gbs_head_top.bmp.ctxr,textures/flatlist/ovr_stm/_win,gbs_head_top.bmp.ctxr,gbs_head_top.bmp,ctxr,87776,98b55ce33353a7d4b0ed0154df5a0b22589c0a8c
textures/flatlist/ovr_stm/_win/gbs_leg_ss.bmp.ctxr,textures/flatlist/ovr_stm/_win,gbs_leg_ss.bmp.ctxr,gbs_leg_ss.bmp,ctxr,699488,4029bb8725b366c1e62bac9bae85afe7876e69a4
textures/flatlist/ovr_stm/_win/gbs_p2_back.bmp.ctxr,textures/flatlist/ovr_stm/_win,gbs_p2_back.bmp.ctxr,gbs_p2_back.bmp,ctxr,22176,207557766443d4ac03054257e1c6800c912a97c2
textures/flatlist/ovr_stm/_win/gbs_p2_fro.bmp.ctxr,textures/flatlist/ovr_stm/_win,gbs_p2_fro.bmp.ctxr,gbs_p2_fro.bmp,ctxr,22176,5f5236a0f90ebdef4cf4297c59d9a5ffecc3fb3a
textures/flatlist/ovr_stm/_win/gbs_p2_side.bmp.ctxr,textures/flatlist/ovr_stm/_win,gbs_p2_side.bmp.ctxr,gbs_p2_side.bmp,ctxr,3072,56e7e8171e04f80a79ad6050bd3a6f67f3b3f198
textures/flatlist/ovr_stm/_win/gbs_p4_fro.bmp.ctxr,textures/flatlist/ovr_stm/_win,gbs_p4_fro.bmp.ctxr,gbs_p4_fro.bmp,ctxr,44064,e1ad3b25fddc507e3ade3811de8b0d05d7dc08d7
textures/flatlist/ovr_stm/_win/gbs_p4_side.bmp.ctxr,textures/flatlist/ovr_stm/_win,gbs_p4_side.bmp.ctxr,gbs_p4_side.bmp,ctxr,11296,d31b8e573eca7784ab40af44644546f7ec0f153f
textures/flatlist/ovr_stm/_win/gbs_toe2.bmp.ctxr,textures/flatlist/ovr_stm/_win,gbs_toe2.bmp.ctxr,gbs_toe2.bmp,ctxr,87744,5bececa29407bdea1b2b07f78ee0102a3078760a
textures/flatlist/ovr_stm/_win/gcyp_amo_f1.bmp.ctxr,textures/flatlist/ovr_stm/_win,gcyp_amo_f1.bmp.ctxr,gcyp_amo_f1.bmp,ctxr,11264,835151dda7359a9d6e80714d305dee146bd95d46
textures/flatlist/ovr_stm/_win/gcyp_bodykim.bmp.ctxr,textures/flatlist/ovr_stm/_win,gcyp_bodykim.bmp.ctxr,gcyp_bodykim.bmp,ctxr,44064,cfb322fab3acf2fe32728296df3710a0811ef0d6
textures/flatlist/ovr_stm/_win/ghost_pos.bmp.ctxr,textures/flatlist/ovr_stm/_win,ghost_pos.bmp.ctxr,ghost_pos.bmp,ctxr,1398528,4714bca6543db26fa2b88c346a9bec6fff46b2ae
textures/flatlist/ovr_stm/_win/gps_arm_ss2.bmp.ctxr,textures/flatlist/ovr_stm/_win,gps_arm_ss2.bmp.ctxr,gps_arm_ss2.bmp,ctxr,349920,4333142b9ee1ba856d4940aa27abc5f058e3c533
textures/flatlist/ovr_stm/_win/gps_body_ss.bmp.ctxr,textures/flatlist/ovr_stm/_win,gps_body_ss.bmp.ctxr,gps_body_ss.bmp,ctxr,699488,8e5cf2b51737bb99c10296af40749abf569757bf
textures/flatlist/ovr_stm/_win/gps_boot_ss.bmp.ctxr,textures/flatlist/ovr_stm/_win,gps_boot_ss.bmp.ctxr,gps_boot_ss.bmp,ctxr,87744,2e21103461c9907f426550e1fd976ef0231fb0f9
textures/flatlist/ovr_stm/_win/gps_crest_l_ovl_alp.bmp.ctxr,textures/flatlist/ovr_stm/_win,gps_crest_l_ovl_alp.bmp.ctxr,gps_crest_l_ovl_alp.bmp,ctxr,22176,dfb8ea3e801c8badb7958b366c3222ef18f6d589
textures/flatlist/ovr_stm/_win/gps_crest_r_ovl_alp.bmp.ctxr,textures/flatlist/ovr_stm/_win,gps_crest_r_ovl_alp.bmp.ctxr,gps_crest_r_ovl_alp.bmp,ctxr,22176,df6554aa3494edd4e9c3540d9dd7def5c83959ec
textures/flatlist/ovr_stm/_win/gps_eri.bmp.ctxr,textures/flatlist/ovr_stm/_win,gps_eri.bmp.ctxr,gps_eri.bmp,ctxr,44096,00da954d3e0cb768a219f13a0798d17bc053ef12
textures/flatlist/ovr_stm/_win/gps_eye_close.bmp.ctxr,textures/flatlist/ovr_stm/_win,gps_eye_close.bmp.ctxr,gps_eye_close.bmp,ctxr,22176,888d59f3ca6a963add94a61833cc8bbe5086546a
textures/flatlist/ovr_stm/_win/gps_eye_def.bmp.ctxr,textures/flatlist/ovr_stm/_win,gps_eye_def.bmp.ctxr,gps_eye_def.bmp,ctxr,22176,b7535a7f24d46c2cf487d84028be515d8cd1dda5
textures/flatlist/ovr_stm/_win/gps_eye_open.bmp.ctxr,textures/flatlist/ovr_stm/_win,gps_eye_open.bmp.ctxr,gps_eye_open.bmp,ctxr,22176,e6e19c9466f754057d9a962d56d4e160e4da80be
textures/flatlist/ovr_stm/_win/gps_eye_pain.bmp.ctxr,textures/flatlist/ovr_stm/_win,gps_eye_pain.bmp.ctxr,gps_eye_pain.bmp,ctxr,22176,aceb566f93ea459f59d029eff507eefa0c81bccc
textures/flatlist/ovr_stm/_win/gps_eye_white.bmp.ctxr,textures/flatlist/ovr_stm/_win,gps_eye_white.bmp.ctxr,gps_eye_white.bmp,ctxr,22176,49cc3c138fbfe1c63c0ccac2a0a300ba948901a2
textures/flatlist/ovr_stm/_win/gps_knife.bmp.ctxr,textures/flatlist/ovr_stm/_win,gps_knife.bmp.ctxr,gps_knife.bmp,ctxr,22240,b7bf1f1050e18eeb889573ae77c8e05a7db0a888
textures/flatlist/ovr_stm/_win/gps_leg_ss.bmp.ctxr,textures/flatlist/ovr_stm/_win,gps_leg_ss.bmp.ctxr,gps_leg_ss.bmp,ctxr,699488,24d09398b135f5574ce641135f1d602c8f096def
textures/flatlist/ovr_stm/_win/gps_mask.bmp.ctxr,textures/flatlist/ovr_stm/_win,gps_mask.bmp.ctxr,gps_mask.bmp,ctxr,349920,ecbef8ffb0f12b85679efd976a36979e57cbf326
textures/flatlist/ovr_stm/_win/gps_poket.bmp.ctxr,textures/flatlist/ovr_stm/_win,gps_poket.bmp.ctxr,gps_poket.bmp,ctxr,44064,5ae57ccffe0d868f111d70830947fe6c337286c6
textures/flatlist/ovr_stm/_win/gps_poket2.bmp.ctxr,textures/flatlist/ovr_stm/_win,gps_poket2.bmp.ctxr,gps_poket2.bmp,ctxr,22176,4222f3db4fa1ae1b726b0543733c35d9f6bdf8a7
textures/flatlist/ovr_stm/_win/gps_toe2.bmp.ctxr,textures/flatlist/ovr_stm/_win,gps_toe2.bmp.ctxr,gps_toe2.bmp,ctxr,87744,7cca4bb33611e9ac45652aaa3584d5a0ce72bbde
textures/flatlist/ovr_stm/_win/gps_wrist.bmp.ctxr,textures/flatlist/ovr_stm/_win,gps_wrist.bmp.ctxr,gps_wrist.bmp,ctxr,22208,42b23f532060b2c32fc0621f92e1b98551c3c1c6
textures/flatlist/ovr_stm/_win/grn_sb_body.bmp.ctxr,textures/flatlist/ovr_stm/_win,grn_sb_body.bmp.ctxr,grn_sb_body.bmp,ctxr,175168,a5ed2bab464e1f7c700f6f041884dd72b3b5430c
textures/flatlist/ovr_stm/_win/gwb_ceil01.bmp.ctxr,textures/flatlist/ovr_stm/_win,gwb_ceil01.bmp.ctxr,gwb_ceil01.bmp,ctxr,699488,610cd23f4ade4e073023badae24361d88e3ddac9
textures/flatlist/ovr_stm/_win/gwb_fen01_msk.bmp.ctxr,textures/flatlist/ovr_stm/_win,gwb_fen01_msk.bmp.ctxr,gwb_fen01_msk.bmp,ctxr,349952,f01f70d9e85ec175e8e3a869a944f048bd3c9c46
textures/flatlist/ovr_stm/_win/gwb_pole01.bmp.ctxr,textures/flatlist/ovr_stm/_win,gwb_pole01.bmp.ctxr,gwb_pole01.bmp,ctxr,349920,d186ee4373167ee2ce4cafe2cc810ccbc25113c8
textures/flatlist/ovr_stm/_win/gwb_pole02.bmp.ctxr,textures/flatlist/ovr_stm/_win,gwb_pole02.bmp.ctxr,gwb_pole02.bmp,ctxr,175168,265b323637aec9b2a3db28fc58ab52a5f3103e18
textures/flatlist/ovr_stm/_win/h6h_body_f1.bmp.ctxr,textures/flatlist/ovr_stm/_win,h6h_body_f1.bmp.ctxr,h6h_body_f1.bmp,ctxr,87744,cc257cc25e22e8795bbb231b9f7e5007c48b2a5e
textures/flatlist/ovr_stm/_win/h6h_body_s1.bmp.ctxr,textures/flatlist/ovr_stm/_win,h6h_body_s1.bmp.ctxr,h6h_body_s1.bmp,ctxr,1398560,8cc047bf46277b2708c5d93f536ace61f8008cf0
textures/flatlist/ovr_stm/_win/h6h_body_s3.bmp.ctxr,textures/flatlist/ovr_stm/_win,h6h_body_s3.bmp.ctxr,h6h_body_s3.bmp,ctxr,699488,23703680afd2854819c8ed91744f3c472b35890e
textures/flatlist/ovr_stm/_win/h6h_body_t1.bmp.ctxr,textures/flatlist/ovr_stm/_win,h6h_body_t1.bmp.ctxr,h6h_body_t1.bmp,ctxr,1398560,7dd19a8dd1d61532b63bd778f02ca778e59fbe43
textures/flatlist/ovr_stm/_win/h6h_body_u1.bmp.ctxr,textures/flatlist/ovr_stm/_win,h6h_body_u1.bmp.ctxr,h6h_body_u1.bmp,ctxr,349952,b8c359e073bc3ec45e2a54ccaca6887aa6a21574
textures/flatlist/ovr_stm/_win/h6h_duct_hole.bmp.ctxr,textures/flatlist/ovr_stm/_win,h6h_duct_hole.bmp.ctxr,h6h_duct_hole.bmp,ctxr,44064,22c613f74ba4fe77583b09efcdbd5d8c3d580992
textures/flatlist/ovr_stm/_win/h6h_duct_s1.bmp.ctxr,textures/flatlist/ovr_stm/_win,h6h_duct_s1.bmp.ctxr,h6h_duct_s1.bmp,ctxr,349920,bcd5a26641d7b222573dc9305f9e13410cbf3a4e
textures/flatlist/ovr_stm/_win/h6h_face_s1.bmp.ctxr,textures/flatlist/ovr_stm/_win,h6h_face_s1.bmp.ctxr,h6h_face_s1.bmp,ctxr,175168,fe470687470ed33a9b218225056c10149f791b94
textures/flatlist/ovr_stm/_win/h6h_intake_s1.bmp.ctxr,textures/flatlist/ovr_stm/_win,h6h_intake_s1.bmp.ctxr,h6h_intake_s1.bmp,ctxr,349920,356ec8d760e1b174588822ac5b69e03175896918
textures/flatlist/ovr_stm/_win/h6h_tailbox1.bmp.ctxr,textures/flatlist/ovr_stm/_win,h6h_tailbox1.bmp.ctxr,h6h_tailbox1.bmp,ctxr,87744,092d9e30315c07631ee1c4221b2c1fd7d252d0d6
textures/flatlist/ovr_stm/_win/h6h_tailwing_s1.bmp.ctxr,textures/flatlist/ovr_stm/_win,h6h_tailwing_s1.bmp.ctxr,h6h_tailwing_s1.bmp,ctxr,349920,285a0958aaec4bbdf5a61bb0f6d083ceb8720bba
textures/flatlist/ovr_stm/_win/h6h_tank1_s1.bmp.ctxr,textures/flatlist/ovr_stm/_win,h6h_tank1_s1.bmp.ctxr,h6h_tank1_s1.bmp,ctxr,175168,074f904397cd5df85df074a4a7715b7e2aa08b19
textures/flatlist/ovr_stm/_win/h6h_temptex1.bmp.ctxr,textures/flatlist/ovr_stm/_win,h6h_temptex1.bmp.ctxr,h6h_temptex1.bmp,ctxr,87744,b9dc07359f559182cd88f86fc2d6bdeac9a54762
textures/flatlist/ovr_stm/_win/h6h_wheel.bmp.ctxr,textures/flatlist/ovr_stm/_win,h6h_wheel.bmp.ctxr,h6h_wheel.bmp,ctxr,22176,85afba1cdfcc27836590420d5c160d2e5b98a8d6
textures/flatlist/ovr_stm/_win/h6h_wheel_shaft.bmp.ctxr,textures/flatlist/ovr_stm/_win,h6h_wheel_shaft.bmp.ctxr,h6h_wheel_shaft.bmp,ctxr,22208,9204cbe56a58d4992b2ce7b45801022fbb1c71f2
textures/flatlist/ovr_stm/_win/hakof1.bmp.ctxr,textures/flatlist/ovr_stm/_win,hakof1.bmp.ctxr,hakof1.bmp,ctxr,87744,7095b45901851cb3f0095057dc4806217fba0eb5
textures/flatlist/ovr_stm/_win/hakos1.bmp.ctxr,textures/flatlist/ovr_stm/_win,hakos1.bmp.ctxr,hakos1.bmp,ctxr,87744,410300cb2591abeb009588933848e8652ed2198d
textures/flatlist/ovr_stm/_win/hakot1.bmp.ctxr,textures/flatlist/ovr_stm/_win,hakot1.bmp.ctxr,hakot1.bmp,ctxr,87744,3530cc5c930ad509bee1e248e6196034dba947ca
textures/flatlist/ovr_stm/_win/hri2_body_back_cracked.bmp.ctxr,textures/flatlist/ovr_stm/_win,hri2_body_back_cracked.bmp.ctxr,hri2_body_back_cracked.bmp,ctxr,175168,d1286071d5508c68763a11257e7752259ab37059
textures/flatlist/ovr_stm/_win/hri2_body_s1_brk.bmp.ctxr,textures/flatlist/ovr_stm/_win,hri2_body_s1_brk.bmp.ctxr,hri2_body_s1_brk.bmp,ctxr,1398560,1e9f818420e4ef8bd874083f8a59d2e434e2f2a6
textures/flatlist/ovr_stm/_win/hri2_cnpy02_brk_kato_ovl.bmp.ctxr,textures/flatlist/ovr_stm/_win,hri2_cnpy02_brk_kato_ovl.bmp.ctxr,hri2_cnpy02_brk_kato_ovl.bmp,ctxr,349952,27304f04541c3bc6126130e9aef82cea8361dcf1
textures/flatlist/ovr_stm/_win/hri2_cockpit_console_t3.bmp.ctxr,textures/flatlist/ovr_stm/_win,hri2_cockpit_console_t3.bmp.ctxr,hri2_cockpit_console_t3.bmp,ctxr,349920,2fca55da36dddb500100403d9e7d9337ddb2386d
textures/flatlist/ovr_stm/_win/hri2_cockpit_sideplate_01.bmp.ctxr,textures/flatlist/ovr_stm/_win,hri2_cockpit_sideplate_01.bmp.ctxr,hri2_cockpit_sideplate_01.bmp,ctxr,44096,bd84fb867bea77f5f56969c73bdb1228ab9a4fa0
textures/flatlist/ovr_stm/_win/hri2_face_s1_brk.bmp.ctxr,textures/flatlist/ovr_stm/_win,hri2_face_s1_brk.bmp.ctxr,hri2_face_s1_brk.bmp,ctxr,699488,7fdad7e7ee4ee4a94ff7bd70df8ed32ef9fb86d8
textures/flatlist/ovr_stm/_win/hri2_mwing_t1_brk.bmp.ctxr,textures/flatlist/ovr_stm/_win,hri2_mwing_t1_brk.bmp.ctxr,hri2_mwing_t1_brk.bmp,ctxr,1398528,b464f5d5c735eb40f0cfd858a33921b652f33cf3
textures/flatlist/ovr_stm/_win/iro_armblood_alp_ovl.bmp.ctxr,textures/flatlist/ovr_stm/_win,iro_armblood_alp_ovl.bmp.ctxr,iro_armblood_alp_ovl.bmp,ctxr,175168,fe12feac1889758db99445a7093a80b65fb7f094
textures/flatlist/ovr_stm/_win/iro_arm_l.bmp.ctxr,textures/flatlist/ovr_stm/_win,iro_arm_l.bmp.ctxr,iro_arm_l.bmp,ctxr,349920,7b8b48d86094c897b791ff4f6d445753eccbcffc
textures/flatlist/ovr_stm/_win/iro_arm_r.bmp.ctxr,textures/flatlist/ovr_stm/_win,iro_arm_r.bmp.ctxr,iro_arm_r.bmp,ctxr,349920,899e02c7eeb11ea1f0b0282800658878ab746a39
textures/flatlist/ovr_stm/_win/iro_arm_ss.bmp.ctxr,textures/flatlist/ovr_stm/_win,iro_arm_ss.bmp.ctxr,iro_arm_ss.bmp,ctxr,44096,556ebfa0a5af3939761b0e38b115adb083a1f81a
textures/flatlist/ovr_stm/_win/iro_bag1.bmp.ctxr,textures/flatlist/ovr_stm/_win,iro_bag1.bmp.ctxr,iro_bag1.bmp,ctxr,44064,9a4c3a80202168580595851fba56a64e6426b5cb
textures/flatlist/ovr_stm/_win/iro_bag2.bmp.ctxr,textures/flatlist/ovr_stm/_win,iro_bag2.bmp.ctxr,iro_bag2.bmp,ctxr,175168,66b788277bda87684c277757723a4fc17f1bf581
textures/flatlist/ovr_stm/_win/iro_bag3.bmp.ctxr,textures/flatlist/ovr_stm/_win,iro_bag3.bmp.ctxr,iro_bag3.bmp,ctxr,44064,12fc0b76abd08ba6c294cf037e1630eef8660d9a
textures/flatlist/ovr_stm/_win/iro_bag4.bmp.ctxr,textures/flatlist/ovr_stm/_win,iro_bag4.bmp.ctxr,iro_bag4.bmp,ctxr,44064,2abbc3f660271bc9df18dc6086bfa3c238297ba3
textures/flatlist/ovr_stm/_win/iro_bag5.bmp.ctxr,textures/flatlist/ovr_stm/_win,iro_bag5.bmp.ctxr,iro_bag5.bmp,ctxr,5792,31f815317d4b5765707b76370bd5b4c237998d35
textures/flatlist/ovr_stm/_win/iro_bag6.bmp.ctxr,textures/flatlist/ovr_stm/_win,iro_bag6.bmp.ctxr,iro_bag6.bmp,ctxr,3040,d33bf9becbdb546cd792f60aef61ee470e63ec86
textures/flatlist/ovr_stm/_win/iro_body.bmp.ctxr,textures/flatlist/ovr_stm/_win,iro_body.bmp.ctxr,iro_body.bmp,ctxr,699488,5a63f434b5353a2fe4911aff5e4598342a077c81
textures/flatlist/ovr_stm/_win/iro_boots.bmp.ctxr,textures/flatlist/ovr_stm/_win,iro_boots.bmp.ctxr,iro_boots.bmp,ctxr,349920,49931fbdda441f8cf029fb075533b6c06656f6b7
textures/flatlist/ovr_stm/_win/iro_face.bmp.ctxr,textures/flatlist/ovr_stm/_win,iro_face.bmp.ctxr,iro_face.bmp,ctxr,87776,558056c1ff9cd24b34aec09fecc2ff1723253338
textures/flatlist/ovr_stm/_win/iro_face.bmp_c2887b3a82812f39ba6df6e2295dab8a.ctxr,textures/flatlist/ovr_stm/_win,iro_face.bmp_c2887b3a82812f39ba6df6e2295dab8a.ctxr,iro_face.bmp_c2887b3a82812f39ba6df6e2295dab8a,ctxr,349952,bb9db5b014c76773e0a000c7ceddb4cda0761e5c
textures/flatlist/ovr_stm/_win/iro_glass_frame.bmp.ctxr,textures/flatlist/ovr_stm/_win,iro_glass_frame.bmp.ctxr,iro_glass_frame.bmp,ctxr,576,f79823c98a56e75fb788aaee56007d8f701a9046
textures/flatlist/ovr_stm/_win/iro_glass_sub_ovl_alp.bmp.ctxr,textures/flatlist/ovr_stm/_win,iro_glass_sub_ovl_alp.bmp.ctxr,iro_glass_sub_ovl_alp.bmp,ctxr,32928,e840cad1ddbbf65de4894d56ccd85c5fe067633e
textures/flatlist/ovr_stm/_win/iro_hair01_alp_ovl.bmp.ctxr,textures/flatlist/ovr_stm/_win,iro_hair01_alp_ovl.bmp.ctxr,iro_hair01_alp_ovl.bmp,ctxr,87744,af7419b1f9fbdd43bfdae086506748ed66200dd2
textures/flatlist/ovr_stm/_win/iro_hair02_alp_ovl.bmp.ctxr,textures/flatlist/ovr_stm/_win,iro_hair02_alp_ovl.bmp.ctxr,iro_hair02_alp_ovl.bmp,ctxr,349920,bdeb37ef12cc4671bc37a67aa14c1c6c8e4517ff
textures/flatlist/ovr_stm/_win/iro_hair_base.bmp.ctxr,textures/flatlist/ovr_stm/_win,iro_hair_base.bmp.ctxr,iro_hair_base.bmp,ctxr,699488,5af6b07ff237c9b649c5f134ecd4cbc5370b6577
textures/flatlist/ovr_stm/_win/iro_hand.bmp.ctxr,textures/flatlist/ovr_stm/_win,iro_hand.bmp.ctxr,iro_hand.bmp,ctxr,44064,244c19ec01a3f1b7c4ca6b2a139e90687e729a32
textures/flatlist/ovr_stm/_win/iro_hand_hi.bmp.ctxr,textures/flatlist/ovr_stm/_win,iro_hand_hi.bmp.ctxr,iro_hand_hi.bmp,ctxr,175168,9ac4df0737e20cbc4e74886da26adf75410bffae
textures/flatlist/ovr_stm/_win/iro_hi_ela_alp_ovl.bmp.ctxr,textures/flatlist/ovr_stm/_win,iro_hi_ela_alp_ovl.bmp.ctxr,iro_hi_ela_alp_ovl.bmp,ctxr,87776,6c3ddd6f1702b4becf3a5644967f63e4b1f0844c
textures/flatlist/ovr_stm/_win/iro_hi_face.bmp.ctxr,textures/flatlist/ovr_stm/_win,iro_hi_face.bmp.ctxr,iro_hi_face.bmp,ctxr,1398560,5bbe3698742bd0cfd153c045831e61ba8b0f5bbc
textures/flatlist/ovr_stm/_win/iro_hi_face_bandage.bmp.ctxr,textures/flatlist/ovr_stm/_win,iro_hi_face_bandage.bmp.ctxr,iro_hi_face_bandage.bmp,ctxr,1398560,d9e59979138545676f3b34a3f74acf2e518e2e64
textures/flatlist/ovr_stm/_win/iro_hi_finger.bmp.ctxr,textures/flatlist/ovr_stm/_win,iro_hi_finger.bmp.ctxr,iro_hi_finger.bmp,ctxr,22176,b139977709c7f03c07330c7634581ca6f47f7ca1
textures/flatlist/ovr_stm/_win/iro_hi_finger2.bmp.ctxr,textures/flatlist/ovr_stm/_win,iro_hi_finger2.bmp.ctxr,iro_hi_finger2.bmp,ctxr,22176,1ed127d14cedc5576f47a17fbd299de6610943cd
textures/flatlist/ovr_stm/_win/iro_hi_hand1.bmp.ctxr,textures/flatlist/ovr_stm/_win,iro_hi_hand1.bmp.ctxr,iro_hi_hand1.bmp,ctxr,175168,73562578f4ba601b1e41eeaa4bcfd623c8677719
textures/flatlist/ovr_stm/_win/iro_hi_hand2.bmp.ctxr,textures/flatlist/ovr_stm/_win,iro_hi_hand2.bmp.ctxr,iro_hi_hand2.bmp,ctxr,87744,ac1636039353c2e0f09653e92492d26dc72bbb37
textures/flatlist/ovr_stm/_win/iro_hi_tang.bmp.ctxr,textures/flatlist/ovr_stm/_win,iro_hi_tang.bmp.ctxr,iro_hi_tang.bmp,ctxr,87744,f61ddeab5ce6b2690ca4f6746bf073cc3b845957
textures/flatlist/ovr_stm/_win/iro_hi_teeth.bmp.ctxr,textures/flatlist/ovr_stm/_win,iro_hi_teeth.bmp.ctxr,iro_hi_teeth.bmp,ctxr,175168,2a5464a7186e0226fd39f22d33191563999c6032
textures/flatlist/ovr_stm/_win/iro_mask.bmp.ctxr,textures/flatlist/ovr_stm/_win,iro_mask.bmp.ctxr,iro_mask.bmp,ctxr,349920,e0787c990fb67295ba3b235e19a3324d0ca492bb
textures/flatlist/ovr_stm/_win/iro_nail.bmp.ctxr,textures/flatlist/ovr_stm/_win,iro_nail.bmp.ctxr,iro_nail.bmp,ctxr,11264,2cd18cf29c0218d024d8c7bd9210b2e8748e1369
textures/flatlist/ovr_stm/_win/iro_phones01.bmp.ctxr,textures/flatlist/ovr_stm/_win,iro_phones01.bmp.ctxr,iro_phones01.bmp,ctxr,175168,4362b9246d1d35496925782ce43c252591935e9c
textures/flatlist/ovr_stm/_win/iro_phones02_ovl_alp.bmp.ctxr,textures/flatlist/ovr_stm/_win,iro_phones02_ovl_alp.bmp.ctxr,iro_phones02_ovl_alp.bmp,ctxr,22176,e4cf1e8778b7841e5f1f54bf74b36b76d43dbd58
textures/flatlist/ovr_stm/_win/iro_radio.bmp.ctxr,textures/flatlist/ovr_stm/_win,iro_radio.bmp.ctxr,iro_radio.bmp,ctxr,87744,6feac9a8d7e4d45f1cf7f40608894031f7ee6d16
textures/flatlist/ovr_stm/_win/iro_radio_band_alp_ovl.bmp.ctxr,textures/flatlist/ovr_stm/_win,iro_radio_band_alp_ovl.bmp.ctxr,iro_radio_band_alp_ovl.bmp,ctxr,87744,42e60704695e6f574ad341c7e9670d372d59ff28
textures/flatlist/ovr_stm/_win/iro_skin.bmp.ctxr,textures/flatlist/ovr_stm/_win,iro_skin.bmp.ctxr,iro_skin.bmp,ctxr,44064,b7f19d355d98dc2aa837287dfec380d2ca3ba83b
textures/flatlist/ovr_stm/_win/iro_skin_bandage.bmp.ctxr,textures/flatlist/ovr_stm/_win,iro_skin_bandage.bmp.ctxr,iro_skin_bandage.bmp,ctxr,175168,e19a1cf5411eb060bbea3e9c232c09efbff62b7b
textures/flatlist/ovr_stm/_win/iro_skin_blood.bmp.ctxr,textures/flatlist/ovr_stm/_win,iro_skin_blood.bmp.ctxr,iro_skin_blood.bmp,ctxr,175168,a516b8dd17e252fdbdb73acd7ca463bf97bf874d
textures/flatlist/ovr_stm/_win/iro_sk_face.bmp.ctxr,textures/flatlist/ovr_stm/_win,iro_sk_face.bmp.ctxr,iro_sk_face.bmp,ctxr,87776,fa810e3703ee9bbece54f38c4ff3aae57f058b49
textures/flatlist/ovr_stm/_win/iro_snawear.bmp.ctxr,textures/flatlist/ovr_stm/_win,iro_snawear.bmp.ctxr,iro_snawear.bmp,ctxr,3712,654c644928b184563092d24188fa04ab4b4b3912
textures/flatlist/ovr_stm/_win/irs_box_all.bmp.ctxr,textures/flatlist/ovr_stm/_win,irs_box_all.bmp.ctxr,irs_box_all.bmp,ctxr,87744,28ce95dbf7264258b7dfddc4c27e3aab3065e792
textures/flatlist/ovr_stm/_win/irs_box_back.bmp.ctxr,textures/flatlist/ovr_stm/_win,irs_box_back.bmp.ctxr,irs_box_back.bmp,ctxr,22176,77c66f052a4ab3feafbf62dd5f1075b5f8b847f6
textures/flatlist/ovr_stm/_win/irs_box_break.bmp.ctxr,textures/flatlist/ovr_stm/_win,irs_box_break.bmp.ctxr,irs_box_break.bmp,ctxr,87744,10c504d794525e71e59b0ed21bd08277144e32d0
textures/flatlist/ovr_stm/_win/irs_main.bmp.ctxr,textures/flatlist/ovr_stm/_win,irs_main.bmp.ctxr,irs_main.bmp,ctxr,87776,4023e969407e5c50c5cd6f0f401ddc4ecdf84dca
textures/flatlist/ovr_stm/_win/irs_u1.bmp.ctxr,textures/flatlist/ovr_stm/_win,irs_u1.bmp.ctxr,irs_u1.bmp,ctxr,87744,b6afd12d1ebe5de7bb1a5ae9a241efcd6bb7474e
textures/flatlist/ovr_stm/_win/jim_rusty_arm_01.bmp.ctxr,textures/flatlist/ovr_stm/_win,jim_rusty_arm_01.bmp.ctxr,jim_rusty_arm_01.bmp,ctxr,44064,8e9dc9b1a5b1d9cd55f0b9fca39fef2d629f2a11
textures/flatlist/ovr_stm/_win/jim_rusty_back_01.bmp.ctxr,textures/flatlist/ovr_stm/_win,jim_rusty_back_01.bmp.ctxr,jim_rusty_back_01.bmp,ctxr,44064,f0fcaf80135f236b64231f0351fb6f5e6f723c84
textures/flatlist/ovr_stm/_win/jim_rusty_body_02.bmp.ctxr,textures/flatlist/ovr_stm/_win,jim_rusty_body_02.bmp.ctxr,jim_rusty_body_02.bmp,ctxr,87744,7d9a5c53dccc1cd96ecda950263755f339ee573b
textures/flatlist/ovr_stm/_win/jim_rusty_joint_01.bmp.ctxr,textures/flatlist/ovr_stm/_win,jim_rusty_joint_01.bmp.ctxr,jim_rusty_joint_01.bmp,ctxr,87744,a183bed6ecc4a153d1692f03dbdd150082dfbda3
textures/flatlist/ovr_stm/_win/jim_rusty_met_02.bmp.ctxr,textures/flatlist/ovr_stm/_win,jim_rusty_met_02.bmp.ctxr,jim_rusty_met_02.bmp,ctxr,87744,a6c727356c3fc8184dbf1dd6429a9036e8621d7f
textures/flatlist/ovr_stm/_win/jim_rusty_win_01.bmp.ctxr,textures/flatlist/ovr_stm/_win,jim_rusty_win_01.bmp.ctxr,jim_rusty_win_01.bmp,ctxr,87744,d39522dd1b674b3100e57f47237904b31d5c6ed5
textures/flatlist/ovr_stm/_win/kaitaic4_c_f1.bmp.ctxr,textures/flatlist/ovr_stm/_win,kaitaic4_c_f1.bmp.ctxr,kaitaic4_c_f1.bmp,ctxr,349920,57c3203aa491e1cab61db9b947ed85e795b276d3
textures/flatlist/ovr_stm/_win/kckis_box1.bmp.ctxr,textures/flatlist/ovr_stm/_win,kckis_box1.bmp.ctxr,kckis_box1.bmp,ctxr,87744,82c805ce0f33a071f66405c7bc736ebedb89c2bc
textures/flatlist/ovr_stm/_win/kckis_door_walls1.bmp.ctxr,textures/flatlist/ovr_stm/_win,kckis_door_walls1.bmp.ctxr,kckis_door_walls1.bmp,ctxr,87776,d2f64b28e4e0191ace4d6def8caf3d1640351ada
textures/flatlist/ovr_stm/_win/kckis_pipe1.bmp.ctxr,textures/flatlist/ovr_stm/_win,kckis_pipe1.bmp.ctxr,kckis_pipe1.bmp,ctxr,44064,547f2e9c23983935d475acc00e206f01b81504ab
textures/flatlist/ovr_stm/_win/kckis_wall_s1.bmp.ctxr,textures/flatlist/ovr_stm/_win,kckis_wall_s1.bmp.ctxr,kckis_wall_s1.bmp,ctxr,1398528,524b1b4bcafc678a4cdfc0473dbd14c66d790ae3
textures/flatlist/ovr_stm/_win/kck_body1_s.bmp.ctxr,textures/flatlist/ovr_stm/_win,kck_body1_s.bmp.ctxr,kck_body1_s.bmp,ctxr,699488,a2e7fc9b4ce1e13d300c5925f965700fd8129bec
textures/flatlist/ovr_stm/_win/kck_body1_t.bmp.ctxr,textures/flatlist/ovr_stm/_win,kck_body1_t.bmp.ctxr,kck_body1_t.bmp,ctxr,175168,b74deec748411ad119a2bc43fa04b85a2efc9af3
textures/flatlist/ovr_stm/_win/kck_body2.bmp.ctxr,textures/flatlist/ovr_stm/_win,kck_body2.bmp.ctxr,kck_body2.bmp,ctxr,699488,f221ef6747b01bc9f24bf5ecd7b8ff26466f8f17
textures/flatlist/ovr_stm/_win/kck_ckpt_chair_back.bmp.ctxr,textures/flatlist/ovr_stm/_win,kck_ckpt_chair_back.bmp.ctxr,kck_ckpt_chair_back.bmp,ctxr,175168,e61176bdcb8c42f808f0007cd646421d52223594
textures/flatlist/ovr_stm/_win/kck_ckpt_chair_face.bmp.ctxr,textures/flatlist/ovr_stm/_win,kck_ckpt_chair_face.bmp.ctxr,kck_ckpt_chair_face.bmp,ctxr,87776,90f0a7b71876246adbc9d8bb9e5e9e2c4fa25255
textures/flatlist/ovr_stm/_win/kck_ckpt_chair_head.bmp.ctxr,textures/flatlist/ovr_stm/_win,kck_ckpt_chair_head.bmp.ctxr,kck_ckpt_chair_head.bmp,ctxr,22176,454ee30801f3b2f1e3da00b762172a0571b96f52
textures/flatlist/ovr_stm/_win/kck_ckpt_door.bmp.ctxr,textures/flatlist/ovr_stm/_win,kck_ckpt_door.bmp.ctxr,kck_ckpt_door.bmp,ctxr,175168,c2463c1be37270e31fb4e05851118f4524388a25
textures/flatlist/ovr_stm/_win/kck_glass.bmp.ctxr,textures/flatlist/ovr_stm/_win,kck_glass.bmp.ctxr,kck_glass.bmp,ctxr,175168,7f2a137bc72ee4290e3a380726deac3184042a00
textures/flatlist/ovr_stm/_win/kck_mark504.bmp.ctxr,textures/flatlist/ovr_stm/_win,kck_mark504.bmp.ctxr,kck_mark504.bmp,ctxr,349920,b928db34de881f59f7b3159137c7bb3ebcfbf9c3
textures/flatlist/ovr_stm/_win/kck_mrot_propera.bmp.ctxr,textures/flatlist/ovr_stm/_win,kck_mrot_propera.bmp.ctxr,kck_mrot_propera.bmp,ctxr,22176,43d11381520c8cdfea077695dfdbae41314c072c
textures/flatlist/ovr_stm/_win/kck_ropebox.bmp.ctxr,textures/flatlist/ovr_stm/_win,kck_ropebox.bmp.ctxr,kck_ropebox.bmp,ctxr,22176,8414ae1f3f7c2fe93db3564dea8c5117e278c8ec
textures/flatlist/ovr_stm/_win/kck_twing2_s.bmp.ctxr,textures/flatlist/ovr_stm/_win,kck_twing2_s.bmp.ctxr,kck_twing2_s.bmp,ctxr,44064,626ea489d359134e0a1894a9ff5d243285b2efc3
textures/flatlist/ovr_stm/_win/kck_twing_s.bmp.ctxr,textures/flatlist/ovr_stm/_win,kck_twing_s.bmp.ctxr,kck_twing_s.bmp,ctxr,87744,9fed3dc8121a3052a320f3407478199242f59c8e
textures/flatlist/ovr_stm/_win/kictobunt.bmp.ctxr,textures/flatlist/ovr_stm/_win,kictobunt.bmp.ctxr,kictobunt.bmp,ctxr,175168,78f969d6ce1047927437681373ae79c269dcedbb
textures/flatlist/ovr_stm/_win/kictpa1.bmp.ctxr,textures/flatlist/ovr_stm/_win,kictpa1.bmp.ctxr,kictpa1.bmp,ctxr,175168,a740f66d718b5b4e00ca6ce72e82294a9c1e95a2
textures/flatlist/ovr_stm/_win/kitabup1.bmp.ctxr,textures/flatlist/ovr_stm/_win,kitabup1.bmp.ctxr,kitabup1.bmp,ctxr,349920,b35d8fc9ded4bf52e63b4a7d86301f88cabdd537
textures/flatlist/ovr_stm/_win/kitabup2.bmp.ctxr,textures/flatlist/ovr_stm/_win,kitabup2.bmp.ctxr,kitabup2.bmp,ctxr,175168,0dc731235d6d4d7f8259e3a2872b2f8a7d967c9f
textures/flatlist/ovr_stm/_win/kitabup2a.bmp_02cd1af7fc3c2bc6ac541d04e3c1fc94.ctxr,textures/flatlist/ovr_stm/_win,kitabup2a.bmp_02cd1af7fc3c2bc6ac541d04e3c1fc94.ctxr,kitabup2a.bmp_02cd1af7fc3c2bc6ac541d04e3c1fc94,ctxr,349920,60762de988ec6bf60def376a8a7d7a9133eb6254
textures/flatlist/ovr_stm/_win/kitabup2b.bmp.ctxr,textures/flatlist/ovr_stm/_win,kitabup2b.bmp.ctxr,kitabup2b.bmp,ctxr,87776,5fd07eefd8d2f709beabe92a41c2480797d61562
textures/flatlist/ovr_stm/_win/kitdaif.bmp_f955769afe56243c99ca706b761e63b1.ctxr,textures/flatlist/ovr_stm/_win,kitdaif.bmp_f955769afe56243c99ca706b761e63b1.ctxr,kitdaif.bmp_f955769afe56243c99ca706b761e63b1,ctxr,349920,83427761134e28d2caf076eef8a6cb575371275f
textures/flatlist/ovr_stm/_win/kitdaif2a.bmp.ctxr,textures/flatlist/ovr_stm/_win,kitdaif2a.bmp.ctxr,kitdaif2a.bmp,ctxr,349920,02e1deb40c7c7b8ff64f2348d758f48b5747fd2c
textures/flatlist/ovr_stm/_win/kitflymoto.bmp.ctxr,textures/flatlist/ovr_stm/_win,kitflymoto.bmp.ctxr,kitflymoto.bmp,ctxr,87808,5c0ffe4b67b1b4587e27109de3326da1284ef716
textures/flatlist/ovr_stm/_win/kitflymoto_s.bmp.ctxr,textures/flatlist/ovr_stm/_win,kitflymoto_s.bmp.ctxr,kitflymoto_s.bmp,ctxr,87808,4179cd2eeeb72cd2f380982adf14e11320ec5f56
textures/flatlist/ovr_stm/_win/kitgas_t.bmp.ctxr,textures/flatlist/ovr_stm/_win,kitgas_t.bmp.ctxr,kitgas_t.bmp,ctxr,175168,40116f952b84979f38c50a87d987873154557034
textures/flatlist/ovr_stm/_win/kitkabf.bmp.ctxr,textures/flatlist/ovr_stm/_win,kitkabf.bmp.ctxr,kitkabf.bmp,ctxr,175168,87e5370db9317831046a379e7bf15d8f4ea60e64
textures/flatlist/ovr_stm/_win/kitnabd.bmp.ctxr,textures/flatlist/ovr_stm/_win,kitnabd.bmp.ctxr,kitnabd.bmp,ctxr,87744,88259932bc4a84f9dbcde3ee41d975e3e51a478c
textures/flatlist/ovr_stm/_win/kitnab_c.bmp.ctxr,textures/flatlist/ovr_stm/_win,kitnab_c.bmp.ctxr,kitnab_c.bmp,ctxr,87744,8604315d9c6381f1a373629c51502f0adde1c7ef
textures/flatlist/ovr_stm/_win/kitnab_s.bmp.ctxr,textures/flatlist/ovr_stm/_win,kitnab_s.bmp.ctxr,kitnab_s.bmp,ctxr,87744,a5bde7fa7eeb45a9d471e0e28f88a56bf405165a
textures/flatlist/ovr_stm/_win/kmo_droppings01_alp.bmp.ctxr,textures/flatlist/ovr_stm/_win,kmo_droppings01_alp.bmp.ctxr,kmo_droppings01_alp.bmp,ctxr,349920,f065901d0892c47e72eedf586b3c04af8e0c5ffd
textures/flatlist/ovr_stm/_win/kmo_droppings02_alp.bmp.ctxr,textures/flatlist/ovr_stm/_win,kmo_droppings02_alp.bmp.ctxr,kmo_droppings02_alp.bmp,ctxr,349920,f90bf7ba0afa1ac876403e3ab7292ec10d2df285
textures/flatlist/ovr_stm/_win/kmo_droppings03_alp.bmp.ctxr,textures/flatlist/ovr_stm/_win,kmo_droppings03_alp.bmp.ctxr,kmo_droppings03_alp.bmp,ctxr,349920,da85bfb05e4720503cd7bf2a356501776a54b2d6
textures/flatlist/ovr_stm/_win/kmo_droppings04_alp.bmp.ctxr,textures/flatlist/ovr_stm/_win,kmo_droppings04_alp.bmp.ctxr,kmo_droppings04_alp.bmp,ctxr,349920,9bb0a250cd65a8371f0b3202d9fbb2314d016bf8
textures/flatlist/ovr_stm/_win/k_eye_s_pos.bmp.ctxr,textures/flatlist/ovr_stm/_win,k_eye_s_pos.bmp.ctxr,k_eye_s_pos.bmp,ctxr,1398528,65e4e2838c33511c92ce6c8c44847b5dfe155ecd
textures/flatlist/ovr_stm/_win/lifeboat_body_back_01.bmp.ctxr,textures/flatlist/ovr_stm/_win,lifeboat_body_back_01.bmp.ctxr,lifeboat_body_back_01.bmp,ctxr,699488,41e1dfab90f7b2e5f6295aca8285d16d4f689086
textures/flatlist/ovr_stm/_win/lifeboat_body_center_01.bmp.ctxr,textures/flatlist/ovr_stm/_win,lifeboat_body_center_01.bmp.ctxr,lifeboat_body_center_01.bmp,ctxr,1398528,6e1328c6efacd37efff26861123d265cc88a5292
textures/flatlist/ovr_stm/_win/lifeboat_body_front_01.bmp.ctxr,textures/flatlist/ovr_stm/_win,lifeboat_body_front_01.bmp.ctxr,lifeboat_body_front_01.bmp,ctxr,349952,16140f9ad24b6db8cce5d40484be7289e5591c46
textures/flatlist/ovr_stm/_win/lifeboat_fin_01.bmp.ctxr,textures/flatlist/ovr_stm/_win,lifeboat_fin_01.bmp.ctxr,lifeboat_fin_01.bmp,ctxr,44064,39094cd831d12fb6837662dc95530e3ac8764719
textures/flatlist/ovr_stm/_win/lifeboat_window_back_01.bmp.ctxr,textures/flatlist/ovr_stm/_win,lifeboat_window_back_01.bmp.ctxr,lifeboat_window_back_01.bmp,ctxr,175168,0392eb2347e26677ee2f0a925aa590373fb9a860
textures/flatlist/ovr_stm/_win/lifeboat_window_front.bmp.ctxr,textures/flatlist/ovr_stm/_win,lifeboat_window_front.bmp.ctxr,lifeboat_window_front.bmp,ctxr,44064,be5ee8cd8093d393b76f2d9fad8c6f64f04089f1
textures/flatlist/ovr_stm/_win/lnr_amo_s1.bmp.ctxr,textures/flatlist/ovr_stm/_win,lnr_amo_s1.bmp.ctxr,lnr_amo_s1.bmp,ctxr,11264,ea9a0b7628131a5abff1693e4bf8e52ffde692f2
textures/flatlist/ovr_stm/_win/lnr_body.bmp.ctxr,textures/flatlist/ovr_stm/_win,lnr_body.bmp.ctxr,lnr_body.bmp,ctxr,699488,2ff029013806766b7326d6574fe9bc2e97bfc930
textures/flatlist/ovr_stm/_win/lnr_body2.bmp.ctxr,textures/flatlist/ovr_stm/_win,lnr_body2.bmp.ctxr,lnr_body2.bmp,ctxr,44096,393ec1ed0e5ad5d89c2b0934039517aa1f278a5b
textures/flatlist/ovr_stm/_win/lnr_body2_kim.bmp.ctxr,textures/flatlist/ovr_stm/_win,lnr_body2_kim.bmp.ctxr,lnr_body2_kim.bmp,ctxr,44096,e7348bda686c79d9d87c224361d03208b0bce85c
textures/flatlist/ovr_stm/_win/lnr_mag_kim.bmp.ctxr,textures/flatlist/ovr_stm/_win,lnr_mag_kim.bmp.ctxr,lnr_mag_kim.bmp,ctxr,11264,863f77316b797c748f872753bbbdcf3ad6cc8722
textures/flatlist/ovr_stm/_win/lnr_rail1.bmp.ctxr,textures/flatlist/ovr_stm/_win,lnr_rail1.bmp.ctxr,lnr_rail1.bmp,ctxr,22208,5777642a9acb095e6cd4c0e13d22b397e1aad8f5
textures/flatlist/ovr_stm/_win/loc_01_soto.bmp.ctxr,textures/flatlist/ovr_stm/_win,loc_01_soto.bmp.ctxr,loc_01_soto.bmp,ctxr,87744,7e000754640f2a876e830bc8852a974df23b2f7b
textures/flatlist/ovr_stm/_win/loc_door_07.bmp.ctxr,textures/flatlist/ovr_stm/_win,loc_door_07.bmp.ctxr,loc_door_07.bmp,ctxr,349952,6cfaf535a160540c7e4d81ff68a2f5dc29be4561
textures/flatlist/ovr_stm/_win/m3l_dk2_07.bmp.ctxr,textures/flatlist/ovr_stm/_win,m3l_dk2_07.bmp.ctxr,m3l_dk2_07.bmp,ctxr,699488,f1a02fede56f89e7be0845f2e623a23b509ee076
textures/flatlist/ovr_stm/_win/m3l_dk2_08.bmp.ctxr,textures/flatlist/ovr_stm/_win,m3l_dk2_08.bmp.ctxr,m3l_dk2_08.bmp,ctxr,349952,738876b4e4f6148384df49dd75f4609bc40fdcd7
textures/flatlist/ovr_stm/_win/m3l_flo_06_bld090_ovl.bmp.ctxr,textures/flatlist/ovr_stm/_win,m3l_flo_06_bld090_ovl.bmp.ctxr,m3l_flo_06_bld090_ovl.bmp,ctxr,349920,d4d1dfc28a31ae33df293920a5401eff320667e5
textures/flatlist/ovr_stm/_win/m3l_flo_08_bld090_ovl.bmp.ctxr,textures/flatlist/ovr_stm/_win,m3l_flo_08_bld090_ovl.bmp.ctxr,m3l_flo_08_bld090_ovl.bmp,ctxr,349920,b00e1fa7ce7ce50a3d17b9931ca8cc13266d54c0
textures/flatlist/ovr_stm/_win/m3l_flo_09_bld090_ovl.bmp.ctxr,textures/flatlist/ovr_stm/_win,m3l_flo_09_bld090_ovl.bmp.ctxr,m3l_flo_09_bld090_ovl.bmp,ctxr,349920,83658c7128455283e260f0fd2de126cff4fa8823
textures/flatlist/ovr_stm/_win/m3l_flo_medibed_bld090_ovl.bmp.ctxr,textures/flatlist/ovr_stm/_win,m3l_flo_medibed_bld090_ovl.bmp.ctxr,m3l_flo_medibed_bld090_ovl.bmp,ctxr,1398528,b5a8236d6c3f15cc1d225fba3a33f5433cedd406
textures/flatlist/ovr_stm/_win/m3l_gou_02msk.bmp.ctxr,textures/flatlist/ovr_stm/_win,m3l_gou_02msk.bmp.ctxr,m3l_gou_02msk.bmp,ctxr,44064,3f35455a9a84b37dfdad43124135cf00e345a2fe
textures/flatlist/ovr_stm/_win/m3l_gou_bed2.bmp.ctxr,textures/flatlist/ovr_stm/_win,m3l_gou_bed2.bmp.ctxr,m3l_gou_bed2.bmp,ctxr,349920,84808af96366bd6d89b1ae6e130a7b9f37d24487
textures/flatlist/ovr_stm/_win/m3l_medi_wallt1.bmp.ctxr,textures/flatlist/ovr_stm/_win,m3l_medi_wallt1.bmp.ctxr,m3l_medi_wallt1.bmp,ctxr,349920,759a5ef94d8b41ae213e3ed8d579a3d08e1debdd
textures/flatlist/ovr_stm/_win/m3l_medi_wallu1.bmp.ctxr,textures/flatlist/ovr_stm/_win,m3l_medi_wallu1.bmp.ctxr,m3l_medi_wallu1.bmp,ctxr,349920,f01ca4a2442f727d8395caeb29f6fb5a858d5223
textures/flatlist/ovr_stm/_win/m3l_par_under1.bmp.ctxr,textures/flatlist/ovr_stm/_win,m3l_par_under1.bmp.ctxr,m3l_par_under1.bmp,ctxr,175168,27a19f43a23107f488f716b3646b9b35e0dc238c
textures/flatlist/ovr_stm/_win/m3l_par_wall4.bmp.ctxr,textures/flatlist/ovr_stm/_win,m3l_par_wall4.bmp.ctxr,m3l_par_wall4.bmp,ctxr,699488,2d6489472a25fa87d1e5d259b317d4c30818ceeb
textures/flatlist/ovr_stm/_win/m3l_ten_03.bmp.ctxr,textures/flatlist/ovr_stm/_win,m3l_ten_03.bmp.ctxr,m3l_ten_03.bmp,ctxr,349920,7dba92cd8a7760b039c6321c57d78d52994671f4
textures/flatlist/ovr_stm/_win/m4a_all_t.bmp.ctxr,textures/flatlist/ovr_stm/_win,m4a_all_t.bmp.ctxr,m4a_all_t.bmp,ctxr,349952,abc49c4fecde5b02fc987a1f2977fd573905fc67
textures/flatlist/ovr_stm/_win/m4a_gl_unit.bmp.ctxr,textures/flatlist/ovr_stm/_win,m4a_gl_unit.bmp.ctxr,m4a_gl_unit.bmp,ctxr,44064,4eaebf5450b3c2508f2a20d5c58cb0bbd58c4c92
textures/flatlist/ovr_stm/_win/m4a_gl_unit_2_01.bmp.ctxr,textures/flatlist/ovr_stm/_win,m4a_gl_unit_2_01.bmp.ctxr,m4a_gl_unit_2_01.bmp,ctxr,175168,6ee92e0fe6ceeb959677e37c4fdc0e8ccf0a891a
textures/flatlist/ovr_stm/_win/m4a_light.bmp_5758ef839d43e13183cf3678664d0e6e.ctxr,textures/flatlist/ovr_stm/_win,m4a_light.bmp_5758ef839d43e13183cf3678664d0e6e.ctxr,m4a_light.bmp_5758ef839d43e13183cf3678664d0e6e,ctxr,5792,0e54053941110f7c7ab70fa4a1e46773b2589412
textures/flatlist/ovr_stm/_win/m4a_s2.bmp.ctxr,textures/flatlist/ovr_stm/_win,m4a_s2.bmp.ctxr,m4a_s2.bmp,ctxr,22176,6ce6a72e471b5f5e33ecf0a6b6b32fe72987e830
textures/flatlist/ovr_stm/_win/m4a_sb_s1.bmp.ctxr,textures/flatlist/ovr_stm/_win,m4a_sb_s1.bmp.ctxr,m4a_sb_s1.bmp,ctxr,175168,ccee6a493cca66db545a229a3f6b5fb45b2c9888
textures/flatlist/ovr_stm/_win/m4a_sb_sight_msk.bmp.ctxr,textures/flatlist/ovr_stm/_win,m4a_sb_sight_msk.bmp.ctxr,m4a_sb_sight_msk.bmp,ctxr,5760,490816bd63877653480a92e31bc4da8174c8f901
textures/flatlist/ovr_stm/_win/m4a_scope.bmp.ctxr,textures/flatlist/ovr_stm/_win,m4a_scope.bmp.ctxr,m4a_scope.bmp,ctxr,11264,70bc849d52d0825c4674f56d315fc2cd12b9dc62
textures/flatlist/ovr_stm/_win/m4a_t_msk.bmp.ctxr,textures/flatlist/ovr_stm/_win,m4a_t_msk.bmp.ctxr,m4a_t_msk.bmp,ctxr,11264,ad43fc17b5d7b851e418f896815ee46c2d21599a
textures/flatlist/ovr_stm/_win/m4grn_bul_high.bmp.ctxr,textures/flatlist/ovr_stm/_win,m4grn_bul_high.bmp.ctxr,m4grn_bul_high.bmp,ctxr,22176,6267bb06c89d046e20e106e50ad0c71fa92af056
textures/flatlist/ovr_stm/_win/m4grn_emb.bmp.ctxr,textures/flatlist/ovr_stm/_win,m4grn_emb.bmp.ctxr,m4grn_emb.bmp,ctxr,11264,f5f7a61b7e46ec5ca6f3a738cdc5b1ad220278f4
textures/flatlist/ovr_stm/_win/m92_all.bmp.ctxr,textures/flatlist/ovr_stm/_win,m92_all.bmp.ctxr,m92_all.bmp,ctxr,87744,ea1965f4e217495fe88553f0174c1c45b3194a4c
textures/flatlist/ovr_stm/_win/m92_bul3.bmp.ctxr,textures/flatlist/ovr_stm/_win,m92_bul3.bmp.ctxr,m92_bul3.bmp,ctxr,22208,dfb3b8470ca7fec47fec73676130910b4c15005d
textures/flatlist/ovr_stm/_win/m92_jyuukou.bmp.ctxr,textures/flatlist/ovr_stm/_win,m92_jyuukou.bmp.ctxr,m92_jyuukou.bmp,ctxr,22176,939d58d23d100292afae7341bdd8cff7e241c80d
textures/flatlist/ovr_stm/_win/m92_laserpointer.bmp.ctxr,textures/flatlist/ovr_stm/_win,m92_laserpointer.bmp.ctxr,m92_laserpointer.bmp,ctxr,22176,336d6d9d9e50c08e2a5ce636295755d7c1cd9617
textures/flatlist/ovr_stm/_win/m92_laserpoint_f1.bmp.ctxr,textures/flatlist/ovr_stm/_win,m92_laserpoint_f1.bmp.ctxr,m92_laserpoint_f1.bmp,ctxr,5760,694dbe1984b0f6dfcb325cce77270ed8489a5163
textures/flatlist/ovr_stm/_win/m92_magazine.bmp.ctxr,textures/flatlist/ovr_stm/_win,m92_magazine.bmp.ctxr,m92_magazine.bmp,ctxr,44064,8419f8e81698496dd490c9f43f7fb6c602892446
textures/flatlist/ovr_stm/_win/m92_pointer.bmp.ctxr,textures/flatlist/ovr_stm/_win,m92_pointer.bmp.ctxr,m92_pointer.bmp,ctxr,44064,9fa8ac579f5883275b502c35a4fe8c005b7fd84b
textures/flatlist/ovr_stm/_win/m92_sb_all.bmp.ctxr,textures/flatlist/ovr_stm/_win,m92_sb_all.bmp.ctxr,m92_sb_all.bmp,ctxr,349920,39b2777c59e0e4d48dfab5cdbc24c03b9bb782fe
textures/flatlist/ovr_stm/_win/m92_sb_all.bmp_934c22e984e448da6c9f91fc36e0c08e.ctxr,textures/flatlist/ovr_stm/_win,m92_sb_all.bmp_934c22e984e448da6c9f91fc36e0c08e.ctxr,m92_sb_all.bmp_934c22e984e448da6c9f91fc36e0c08e,ctxr,349920,d712a53ad046ccacb6567c72e5cbe888d2f827bd
textures/flatlist/ovr_stm/_win/m92_snk_all.bmp.ctxr,textures/flatlist/ovr_stm/_win,m92_snk_all.bmp.ctxr,m92_snk_all.bmp,ctxr,87744,915d9c33741d0b2c4018bb5c3e83589cf1c2f1a0
textures/flatlist/ovr_stm/_win/mark_05.bmp.ctxr,textures/flatlist/ovr_stm/_win,mark_05.bmp.ctxr,mark_05.bmp,ctxr,175168,699e80061e560e00f922a6fc2ed82a6f91609e6c
textures/flatlist/ovr_stm/_win/mog_loc2.bmp.ctxr,textures/flatlist/ovr_stm/_win,mog_loc2.bmp.ctxr,mog_loc2.bmp,ctxr,349920,8e89c148103a5db96beea42ba3332256617bd44d
textures/flatlist/ovr_stm/_win/mog_loc2_inner.bmp.ctxr,textures/flatlist/ovr_stm/_win,mog_loc2_inner.bmp.ctxr,mog_loc2_inner.bmp,ctxr,349920,c945af4d5d1766f5ca977e87e4d823cd711e505f
textures/flatlist/ovr_stm/_win/mog_loc2_inner.bmp_d7f08e98a624c2d19b0451eccba4fc48.ctxr,textures/flatlist/ovr_stm/_win,mog_loc2_inner.bmp_d7f08e98a624c2d19b0451eccba4fc48.ctxr,mog_loc2_inner.bmp_d7f08e98a624c2d19b0451eccba4fc48,ctxr,349920,d33de00c31b62438296e48aeb33ec16d8ebba20b
textures/flatlist/ovr_stm/_win/mog_loc2_top1.bmp.ctxr,textures/flatlist/ovr_stm/_win,mog_loc2_top1.bmp.ctxr,mog_loc2_top1.bmp,ctxr,175168,38796f8dbe17c586155f57fb37635e1f9c3e0d88
textures/flatlist/ovr_stm/_win/mrl_waist_pack.bmp.ctxr,textures/flatlist/ovr_stm/_win,mrl_waist_pack.bmp.ctxr,mrl_waist_pack.bmp,ctxr,175168,d2c6c7b82bf5f4e930cef90a7e36c20c30858ec6
textures/flatlist/ovr_stm/_win/nkt_body1.bmp.ctxr,textures/flatlist/ovr_stm/_win,nkt_body1.bmp.ctxr,nkt_body1.bmp,ctxr,44096,1caec255a9cf0b5bf3a20169fb444bcd77828a62
textures/flatlist/ovr_stm/_win/nkt_box.bmp.ctxr,textures/flatlist/ovr_stm/_win,nkt_box.bmp.ctxr,nkt_box.bmp,ctxr,87776,9f80c2d90a5f85ef2e7594413b7bacd7ddc2f0db
textures/flatlist/ovr_stm/_win/nkt_cam.bmp.ctxr,textures/flatlist/ovr_stm/_win,nkt_cam.bmp.ctxr,nkt_cam.bmp,ctxr,11264,e28ca26d7cb1251c2a1970f53b74fe5f383ef094
textures/flatlist/ovr_stm/_win/nkt_grips.bmp.ctxr,textures/flatlist/ovr_stm/_win,nkt_grips.bmp.ctxr,nkt_grips.bmp,ctxr,11264,8dcd7dc5285f59b952ce7f221912885b2dbbe238
textures/flatlist/ovr_stm/_win/nkt_msl_body.bmp.ctxr,textures/flatlist/ovr_stm/_win,nkt_msl_body.bmp.ctxr,nkt_msl_body.bmp,ctxr,11264,4980bb0927b691b7ecb6dea04220ccc158b0f786
textures/flatlist/ovr_stm/_win/nkt_msl_body.bmp_783bdf47a2cd4bcfd8edb391e2c88da4.ctxr,textures/flatlist/ovr_stm/_win,nkt_msl_body.bmp_783bdf47a2cd4bcfd8edb391e2c88da4.ctxr,nkt_msl_body.bmp_783bdf47a2cd4bcfd8edb391e2c88da4,ctxr,11264,0798bb0beae24c83c9053bc1318b6d18eeafd9e0
textures/flatlist/ovr_stm/_win/nkt_msl_fb.bmp.ctxr,textures/flatlist/ovr_stm/_win,nkt_msl_fb.bmp.ctxr,nkt_msl_fb.bmp,ctxr,3040,55b182a0bfd2c5d3a3a342f37af5f4500ab17d51
textures/flatlist/ovr_stm/_win/nkt_temp_tx.bmp.ctxr,textures/flatlist/ovr_stm/_win,nkt_temp_tx.bmp.ctxr,nkt_temp_tx.bmp,ctxr,44064,a09612cb761686ee8ae799e2ddb50d53a0a19501
textures/flatlist/ovr_stm/_win/org_arm3.bmp.ctxr,textures/flatlist/ovr_stm/_win,org_arm3.bmp.ctxr,org_arm3.bmp,ctxr,349920,610e971e00812a5f4409e1d37f79e56acdfb74ca
textures/flatlist/ovr_stm/_win/org_arm4.bmp.ctxr,textures/flatlist/ovr_stm/_win,org_arm4.bmp.ctxr,org_arm4.bmp,ctxr,175200,f5d905642b680b96738bd68cd1bb01b5c55c19a4
textures/flatlist/ovr_stm/_win/org_arm_2.bmp.ctxr,textures/flatlist/ovr_stm/_win,org_arm_2.bmp.ctxr,org_arm_2.bmp,ctxr,175168,c38d6dbdf1265bf3981e4c5257927acfda593ea4
textures/flatlist/ovr_stm/_win/org_band2_alp_ovl.bmp.ctxr,textures/flatlist/ovr_stm/_win,org_band2_alp_ovl.bmp.ctxr,org_band2_alp_ovl.bmp,ctxr,175168,dbf29cf683842e1131797d4e35b5bf7e991a6d51
textures/flatlist/ovr_stm/_win/org_band_alp_ovl.bmp.ctxr,textures/flatlist/ovr_stm/_win,org_band_alp_ovl.bmp.ctxr,org_band_alp_ovl.bmp,ctxr,175168,91473b4edc7bddeb48c3bfdcf1335d15680c1939
textures/flatlist/ovr_stm/_win/org_belt_ovl_mod1120_alp_emap.bmp.ctxr,textures/flatlist/ovr_stm/_win,org_belt_ovl_mod1120_alp_emap.bmp.ctxr,org_belt_ovl_mod1120_alp_emap.bmp,ctxr,22176,aa8f0d759267d909de67680495393e1ee651cd47
textures/flatlist/ovr_stm/_win/org_body2_alp_ovl_sub.bmp.ctxr,textures/flatlist/ovr_stm/_win,org_body2_alp_ovl_sub.bmp.ctxr,org_body2_alp_ovl_sub.bmp,ctxr,524448,586df954b2a691fb7c0fcc9897ed77a5bdf5d4ff
textures/flatlist/ovr_stm/_win/org_boot.bmp.ctxr,textures/flatlist/ovr_stm/_win,org_boot.bmp.ctxr,org_boot.bmp,ctxr,175168,a41cd9b2150cc79af6c2a9e85396536fa29c551a
textures/flatlist/ovr_stm/_win/org_boot_bt1.bmp.ctxr,textures/flatlist/ovr_stm/_win,org_boot_bt1.bmp.ctxr,org_boot_bt1.bmp,ctxr,87776,2c04f759474265b175be29e258fa2706b4cb2f90
textures/flatlist/ovr_stm/_win/org_b_ovl_mod1120_alp_emap.bmp.ctxr,textures/flatlist/ovr_stm/_win,org_b_ovl_mod1120_alp_emap.bmp.ctxr,org_b_ovl_mod1120_alp_emap.bmp,ctxr,87744,e0c99f662cc6bef0095813ddd72c3c4e44e17223
textures/flatlist/ovr_stm/_win/org_chest.bmp.ctxr,textures/flatlist/ovr_stm/_win,org_chest.bmp.ctxr,org_chest.bmp,ctxr,699488,9431f374bf4edf3fdbba9e7821f359c7161ab4dc
textures/flatlist/ovr_stm/_win/org_dt00_mouin.bmp.ctxr,textures/flatlist/ovr_stm/_win,org_dt00_mouin.bmp.ctxr,org_dt00_mouin.bmp,ctxr,22208,088ac20f6506be68149ebfb37709937722e5ee16
textures/flatlist/ovr_stm/_win/org_dt02_mouin.bmp.ctxr,textures/flatlist/ovr_stm/_win,org_dt02_mouin.bmp.ctxr,org_dt02_mouin.bmp,ctxr,22208,19d8eafca70b6e9d6638ebc46e38f7ffc95a446a
textures/flatlist/ovr_stm/_win/org_dt04_mouin.bmp.ctxr,textures/flatlist/ovr_stm/_win,org_dt04_mouin.bmp.ctxr,org_dt04_mouin.bmp,ctxr,22208,15ed6edd3ad89c61d48aba7fbd86a186c7784b3d
textures/flatlist/ovr_stm/_win/org_ear.bmp.ctxr,textures/flatlist/ovr_stm/_win,org_ear.bmp.ctxr,org_ear.bmp,ctxr,44064,4996125052735df5ca8c14b3bec984da9aabc8d9
textures/flatlist/ovr_stm/_win/org_ear_ovl_sub_alp.bmp.ctxr,textures/flatlist/ovr_stm/_win,org_ear_ovl_sub_alp.bmp.ctxr,org_ear_ovl_sub_alp.bmp,ctxr,32928,a2009d5f5a684a1ff89f6919d48d3398ba5ae844
textures/flatlist/ovr_stm/_win/org_eye.bmp.ctxr,textures/flatlist/ovr_stm/_win,org_eye.bmp.ctxr,org_eye.bmp,ctxr,22176,65cc5ea90fd3e95d00cf0486deeff7960705b19e
textures/flatlist/ovr_stm/_win/org_face.bmp.ctxr,textures/flatlist/ovr_stm/_win,org_face.bmp.ctxr,org_face.bmp,ctxr,2796672,e9174b3abe6a8545fe80ccb80a30652aea579e58
textures/flatlist/ovr_stm/_win/org_face_sub_alp_ovl.bmp.ctxr,textures/flatlist/ovr_stm/_win,org_face_sub_alp_ovl.bmp.ctxr,org_face_sub_alp_ovl.bmp,ctxr,524448,35b9fb6e6b56b08e7be46c6d868265fac45b9906
textures/flatlist/ovr_stm/_win/org_foot_ovl_sub_alp.bmp.ctxr,textures/flatlist/ovr_stm/_win,org_foot_ovl_sub_alp.bmp.ctxr,org_foot_ovl_sub_alp.bmp,ctxr,131232,797a0f599ff5fb386d4a8bea51cee757591acd58
textures/flatlist/ovr_stm/_win/org_hair_alp_ovl.bmp.ctxr,textures/flatlist/ovr_stm/_win,org_hair_alp_ovl.bmp.ctxr,org_hair_alp_ovl.bmp,ctxr,2796672,75d884e0b9b81764822ec541c2815109162dfd02
textures/flatlist/ovr_stm/_win/org_hand_all4.bmp.ctxr,textures/flatlist/ovr_stm/_win,org_hand_all4.bmp.ctxr,org_hand_all4.bmp,ctxr,349920,65c43253280f2277f6ed1d5301070989f856e996
textures/flatlist/ovr_stm/_win/org_hand_ovl_mod1120_alp_emap.bmp.ctxr,textures/flatlist/ovr_stm/_win,org_hand_ovl_mod1120_alp_emap.bmp.ctxr,org_hand_ovl_mod1120_alp_emap.bmp,ctxr,22176,7ba6731c1e6f7671d223297ea346fca0beb3b215
textures/flatlist/ovr_stm/_win/org_hatfront.bmp.ctxr,textures/flatlist/ovr_stm/_win,org_hatfront.bmp.ctxr,org_hatfront.bmp,ctxr,87776,6677d40ac839440750d473a2aa7ee60f8dfcee65
textures/flatlist/ovr_stm/_win/org_hatsaide.bmp.ctxr,textures/flatlist/ovr_stm/_win,org_hatsaide.bmp.ctxr,org_hatsaide.bmp,ctxr,175168,dd9ad3288025fcb6f1ef9e7b1bddd37a83d4fc7a
textures/flatlist/ovr_stm/_win/org_hatup.bmp.ctxr,textures/flatlist/ovr_stm/_win,org_hatup.bmp.ctxr,org_hatup.bmp,ctxr,349920,d54bf2071a1d4606084beac8a4c4b51eb876e2fb
textures/flatlist/ovr_stm/_win/org_hi_finger.bmp.ctxr,textures/flatlist/ovr_stm/_win,org_hi_finger.bmp.ctxr,org_hi_finger.bmp,ctxr,22176,a677f66893a51a168d1ef3b6d90ef5ba17d46fe1
textures/flatlist/ovr_stm/_win/org_hi_finger2.bmp.ctxr,textures/flatlist/ovr_stm/_win,org_hi_finger2.bmp.ctxr,org_hi_finger2.bmp,ctxr,22176,2cb6ad5418a77c738f4036ecd36a9af725aa5439
textures/flatlist/ovr_stm/_win/org_hi_hand2.bmp.ctxr,textures/flatlist/ovr_stm/_win,org_hi_hand2.bmp.ctxr,org_hi_hand2.bmp,ctxr,87744,d3d82252021d5220fcb73bbd070cb11867d9e73b
textures/flatlist/ovr_stm/_win/org_hi_hands.bmp.ctxr,textures/flatlist/ovr_stm/_win,org_hi_hands.bmp.ctxr,org_hi_hands.bmp,ctxr,349920,2e4014e7d6367fb34839dfc3bf7b37d688ec0aa5
textures/flatlist/ovr_stm/_win/org_leg00.bmp.ctxr,textures/flatlist/ovr_stm/_win,org_leg00.bmp.ctxr,org_leg00.bmp,ctxr,699488,67b25bface3f59498952cb173fe9b6ae35c70a40
textures/flatlist/ovr_stm/_win/org_mil_hair_alp_ovl.bmp.ctxr,textures/flatlist/ovr_stm/_win,org_mil_hair_alp_ovl.bmp.ctxr,org_mil_hair_alp_ovl.bmp,ctxr,1398528,1b6f7c66c7f72cf0f0d558fbe29e6b5d1c9e9870
textures/flatlist/ovr_stm/_win/org_mil_re_face.bmp.ctxr,textures/flatlist/ovr_stm/_win,org_mil_re_face.bmp.ctxr,org_mil_re_face.bmp,ctxr,699488,e0a8676884343c7b9b24f7330d289f666e74ee22
textures/flatlist/ovr_stm/_win/org_mouin_all.bmp.ctxr,textures/flatlist/ovr_stm/_win,org_mouin_all.bmp.ctxr,org_mouin_all.bmp,ctxr,1632,78120aa17b5a92b72ef421868819da20a3ffc969
textures/flatlist/ovr_stm/_win/org_rapelsate.bmp.ctxr,textures/flatlist/ovr_stm/_win,org_rapelsate.bmp.ctxr,org_rapelsate.bmp,ctxr,87776,db251a3804cf9201a6ec829fb98542500b82d835
textures/flatlist/ovr_stm/_win/org_sknc_all.bmp.ctxr,textures/flatlist/ovr_stm/_win,org_sknc_all.bmp.ctxr,org_sknc_all.bmp,ctxr,11264,0b8342ac29267e01ec79c07ee6f0956430d90c25
textures/flatlist/ovr_stm/_win/org_ut01_mouin.bmp.ctxr,textures/flatlist/ovr_stm/_win,org_ut01_mouin.bmp.ctxr,org_ut01_mouin.bmp,ctxr,22208,fd770b0badce5be6afe9aeddb31b7a60bf57b1cb
textures/flatlist/ovr_stm/_win/org_ut02_mouin.bmp.ctxr,textures/flatlist/ovr_stm/_win,org_ut02_mouin.bmp.ctxr,org_ut02_mouin.bmp,ctxr,22208,6172e76c0db4124e129e474e20a231363bac5fab
textures/flatlist/ovr_stm/_win/org_waist.bmp.ctxr,textures/flatlist/ovr_stm/_win,org_waist.bmp.ctxr,org_waist.bmp,ctxr,699488,51e6fbaed67d130194e088908b04bc6fe97aaf93
textures/flatlist/ovr_stm/_win/org_year.bmp.ctxr,textures/flatlist/ovr_stm/_win,org_year.bmp.ctxr,org_year.bmp,ctxr,11264,6f1eb6514cca72fa8593730263985603d6ed2c7c
textures/flatlist/ovr_stm/_win/org__arm_ovl_sub_alp.bmp.ctxr,textures/flatlist/ovr_stm/_win,org__arm_ovl_sub_alp.bmp.ctxr,org__arm_ovl_sub_alp.bmp,ctxr,262304,8b20560ea01bb7b5af63a68cd356e5d4e5db6e20
textures/flatlist/ovr_stm/_win/org__should_ovl_sub_alp.bmp.ctxr,textures/flatlist/ovr_stm/_win,org__should_ovl_sub_alp.bmp.ctxr,org__should_ovl_sub_alp.bmp,ctxr,131232,e87000992487d7d22e7648756317ba2d9f031d35
textures/flatlist/ovr_stm/_win/org__waki_ovl_sub_alp.bmp.ctxr,textures/flatlist/ovr_stm/_win,org__waki_ovl_sub_alp.bmp.ctxr,org__waki_ovl_sub_alp.bmp,ctxr,131232,de918e874e94ff59a93143f7bfcf8c3fc1b52937
textures/flatlist/ovr_stm/_win/orn_arm_dt01.bmp.ctxr,textures/flatlist/ovr_stm/_win,orn_arm_dt01.bmp.ctxr,orn_arm_dt01.bmp,ctxr,22176,04c7e2427c44862e0e89c414b8b5298e1122db7f
textures/flatlist/ovr_stm/_win/orn_arm_dt02.bmp.ctxr,textures/flatlist/ovr_stm/_win,orn_arm_dt02.bmp.ctxr,orn_arm_dt02.bmp,ctxr,87744,896b74ecd1862b03083ad9700d95c33066dd131a
textures/flatlist/ovr_stm/_win/orn_arm_dt03.bmp.ctxr,textures/flatlist/ovr_stm/_win,orn_arm_dt03.bmp.ctxr,orn_arm_dt03.bmp,ctxr,44064,24b9656898503c19e87c53007de93deee2110e5c
textures/flatlist/ovr_stm/_win/orn_arm_dt04.bmp.ctxr,textures/flatlist/ovr_stm/_win,orn_arm_dt04.bmp.ctxr,orn_arm_dt04.bmp,ctxr,44064,fe0cb4bdfbfaa0af34212a053ac012575d6f0083
textures/flatlist/ovr_stm/_win/orn_backbone_dt01.bmp.ctxr,textures/flatlist/ovr_stm/_win,orn_backbone_dt01.bmp.ctxr,orn_backbone_dt01.bmp,ctxr,22176,38c2d7f7c5ebbfeba91a91c1d8bd27de067c24e5
textures/flatlist/ovr_stm/_win/orn_backbone_dt02.bmp.ctxr,textures/flatlist/ovr_stm/_win,orn_backbone_dt02.bmp.ctxr,orn_backbone_dt02.bmp,ctxr,44064,b6f35e224cb772e15b6174268dba3fa18fe995d2
textures/flatlist/ovr_stm/_win/orn_backbone_dt03.bmp.ctxr,textures/flatlist/ovr_stm/_win,orn_backbone_dt03.bmp.ctxr,orn_backbone_dt03.bmp,ctxr,22176,9c73db9bc6687d590c720ab11464a05e72fcbb5b
textures/flatlist/ovr_stm/_win/orn_body_dt01.bmp.ctxr,textures/flatlist/ovr_stm/_win,orn_body_dt01.bmp.ctxr,orn_body_dt01.bmp,ctxr,349920,9ab7525af324739be62b648eedbe95b11b965952
textures/flatlist/ovr_stm/_win/orn_elbow_dt01.bmp.ctxr,textures/flatlist/ovr_stm/_win,orn_elbow_dt01.bmp.ctxr,orn_elbow_dt01.bmp,ctxr,11264,62927513523ebbfa77bf7073b90ab0c9e4926d3e
textures/flatlist/ovr_stm/_win/orn_finger_dt00.bmp.ctxr,textures/flatlist/ovr_stm/_win,orn_finger_dt00.bmp.ctxr,orn_finger_dt00.bmp,ctxr,22176,2f26b21857c42c7bdaaa45025a0e9b182578a1f0
textures/flatlist/ovr_stm/_win/orn_finger_dt01.bmp.ctxr,textures/flatlist/ovr_stm/_win,orn_finger_dt01.bmp.ctxr,orn_finger_dt01.bmp,ctxr,22176,de8cf7c35fd27aea67f0cee9aef1d28dde8b2dfa
textures/flatlist/ovr_stm/_win/orn_finger_dt02.bmp.ctxr,textures/flatlist/ovr_stm/_win,orn_finger_dt02.bmp.ctxr,orn_finger_dt02.bmp,ctxr,11264,7eb314c46512d4869c2914b7abc92dd474af22be
textures/flatlist/ovr_stm/_win/orn_foot_dt00.bmp.ctxr,textures/flatlist/ovr_stm/_win,orn_foot_dt00.bmp.ctxr,orn_foot_dt00.bmp,ctxr,44064,d5d9a5df0ac4187ad3214d65de1e6e3f15cfa835
textures/flatlist/ovr_stm/_win/orn_foot_dt01.bmp.ctxr,textures/flatlist/ovr_stm/_win,orn_foot_dt01.bmp.ctxr,orn_foot_dt01.bmp,ctxr,22208,f2c22c6bea9ad1dccd15122f27edb848c6852f61
textures/flatlist/ovr_stm/_win/orn_foot_dt02.bmp.ctxr,textures/flatlist/ovr_stm/_win,orn_foot_dt02.bmp.ctxr,orn_foot_dt02.bmp,ctxr,22176,45f1a42410ed6a300f9a7adc2785de04505dcf6e
textures/flatlist/ovr_stm/_win/orn_foot_dt03.bmp.ctxr,textures/flatlist/ovr_stm/_win,orn_foot_dt03.bmp.ctxr,orn_foot_dt03.bmp,ctxr,44064,9f7aeeaa9746dad9c558342d4732b534f531c632
textures/flatlist/ovr_stm/_win/orn_hand_dt00.bmp.ctxr,textures/flatlist/ovr_stm/_win,orn_hand_dt00.bmp.ctxr,orn_hand_dt00.bmp,ctxr,11264,e92e94af3486045dcb9df54832fd52a985099e15
textures/flatlist/ovr_stm/_win/orn_hand_dt01.bmp.ctxr,textures/flatlist/ovr_stm/_win,orn_hand_dt01.bmp.ctxr,orn_hand_dt01.bmp,ctxr,44064,2fa5eb48dc2ad876b01f1e025d7f1ace4da31f35
textures/flatlist/ovr_stm/_win/orn_hand_dt02.bmp.ctxr,textures/flatlist/ovr_stm/_win,orn_hand_dt02.bmp.ctxr,orn_hand_dt02.bmp,ctxr,22176,b383e2d7467437a5ca004cd97460ba701896dfec
textures/flatlist/ovr_stm/_win/orn_head_met.bmp.ctxr,textures/flatlist/ovr_stm/_win,orn_head_met.bmp.ctxr,orn_head_met.bmp,ctxr,349920,41110ef70d843efcd39870ac9822af2663162652
textures/flatlist/ovr_stm/_win/orn_head_met_alp.bmp.ctxr,textures/flatlist/ovr_stm/_win,orn_head_met_alp.bmp.ctxr,orn_head_met_alp.bmp,ctxr,349920,c6fa6267120b4dc8ef20bdb32667f1a7f1fce0b7
textures/flatlist/ovr_stm/_win/orn_head_met_sub_alp_ovl.bmp.ctxr,textures/flatlist/ovr_stm/_win,orn_head_met_sub_alp_ovl.bmp.ctxr,orn_head_met_sub_alp_ovl.bmp,ctxr,262304,fda60c1372a242ef09c5a0d131e988506dca0a15
textures/flatlist/ovr_stm/_win/orn_helmet_dt01.bmp.ctxr,textures/flatlist/ovr_stm/_win,orn_helmet_dt01.bmp.ctxr,orn_helmet_dt01.bmp,ctxr,349920,fecc4d73f79a7b6f11e26daf4d6be94e8145ab74
textures/flatlist/ovr_stm/_win/orn_helmet_dt01_sub_alp_ovl.bmp.ctxr,textures/flatlist/ovr_stm/_win,orn_helmet_dt01_sub_alp_ovl.bmp.ctxr,orn_helmet_dt01_sub_alp_ovl.bmp,ctxr,262304,1ef300b65f0c524c5b6c424e0d2dca86cc172e2c
textures/flatlist/ovr_stm/_win/orn_helmet_dt02.bmp.ctxr,textures/flatlist/ovr_stm/_win,orn_helmet_dt02.bmp.ctxr,orn_helmet_dt02.bmp,ctxr,175168,50e7da704ce387ff743743048272ec25c7c9bb17
textures/flatlist/ovr_stm/_win/orn_knee_dt01.bmp.ctxr,textures/flatlist/ovr_stm/_win,orn_knee_dt01.bmp.ctxr,orn_knee_dt01.bmp,ctxr,22176,809c191d23af4205353124668a92a693aec8917b
textures/flatlist/ovr_stm/_win/orn_leg_dt00.bmp.ctxr,textures/flatlist/ovr_stm/_win,orn_leg_dt00.bmp.ctxr,orn_leg_dt00.bmp,ctxr,175168,3d413e096660557148f39b6ee4a95e841fdda41e
textures/flatlist/ovr_stm/_win/orn_leg_dt01.bmp.ctxr,textures/flatlist/ovr_stm/_win,orn_leg_dt01.bmp.ctxr,orn_leg_dt01.bmp,ctxr,87744,ea3fd0eadef6fd1a016f3d519107b1c3b5ef4f59
textures/flatlist/ovr_stm/_win/orn_leg_dt02.bmp.ctxr,textures/flatlist/ovr_stm/_win,orn_leg_dt02.bmp.ctxr,orn_leg_dt02.bmp,ctxr,44064,4c7faa733d933c79d6ad357a4b524243f8f00500
textures/flatlist/ovr_stm/_win/orn_leg_dt03.bmp.ctxr,textures/flatlist/ovr_stm/_win,orn_leg_dt03.bmp.ctxr,orn_leg_dt03.bmp,ctxr,87744,1c92318675826b75f8611920a74ed8e0067c1286
textures/flatlist/ovr_stm/_win/orn_leg_dt04.bmp.ctxr,textures/flatlist/ovr_stm/_win,orn_leg_dt04.bmp.ctxr,orn_leg_dt04.bmp,ctxr,44064,9d49b38303b0f38be30e77bd641c19137ca068fc
textures/flatlist/ovr_stm/_win/orn_neck_dt01.bmp.ctxr,textures/flatlist/ovr_stm/_win,orn_neck_dt01.bmp.ctxr,orn_neck_dt01.bmp,ctxr,87776,366e5dd4ba599bdf873b6930b9629c4320a9afbe
textures/flatlist/ovr_stm/_win/orn_should_dt01.bmp.ctxr,textures/flatlist/ovr_stm/_win,orn_should_dt01.bmp.ctxr,orn_should_dt01.bmp,ctxr,87776,6dbb7663a324b0e68f944c4322dc323e724d2f6f
textures/flatlist/ovr_stm/_win/orn_should_dt02.bmp.ctxr,textures/flatlist/ovr_stm/_win,orn_should_dt02.bmp.ctxr,orn_should_dt02.bmp,ctxr,44064,646d45a8dcb19fcf191015abd19b600bfebcac16
textures/flatlist/ovr_stm/_win/orn_sld_cover_alp.bmp.ctxr,textures/flatlist/ovr_stm/_win,orn_sld_cover_alp.bmp.ctxr,orn_sld_cover_alp.bmp,ctxr,349920,98b11c279fb7d0e1db6f25cb137c6dccdf3e21af
textures/flatlist/ovr_stm/_win/orn_sld_mitsubishi_alp.bmp.ctxr,textures/flatlist/ovr_stm/_win,orn_sld_mitsubishi_alp.bmp.ctxr,orn_sld_mitsubishi_alp.bmp,ctxr,22176,12abfa211cdd73994753ca28b4913560d034edef
textures/flatlist/ovr_stm/_win/orn_sld_noiz_alp.bmp.ctxr,textures/flatlist/ovr_stm/_win,orn_sld_noiz_alp.bmp.ctxr,orn_sld_noiz_alp.bmp,ctxr,699488,b430597e7579b08d026b74f5417b8df6f89787bb
textures/flatlist/ovr_stm/_win/orp_arm_moji.bmp.ctxr,textures/flatlist/ovr_stm/_win,orp_arm_moji.bmp.ctxr,orp_arm_moji.bmp,ctxr,349920,ff10bf015bbe44c45c59cdd03539c9378c01e244
textures/flatlist/ovr_stm/_win/orp_band.bmp.ctxr,textures/flatlist/ovr_stm/_win,orp_band.bmp.ctxr,orp_band.bmp,ctxr,11264,a95bf8dae34ce735e1d0695331f2b83e96fd627a
textures/flatlist/ovr_stm/_win/orp_band2.bmp.ctxr,textures/flatlist/ovr_stm/_win,orp_band2.bmp.ctxr,orp_band2.bmp,ctxr,22240,108d1ce81adf616e2c7ab835a01268db2aec65b1
textures/flatlist/ovr_stm/_win/orp_band3.bmp.ctxr,textures/flatlist/ovr_stm/_win,orp_band3.bmp.ctxr,orp_band3.bmp,ctxr,22176,f2ba5db77ce668321f4a7133a6a1bd4a0e9fd8c0
textures/flatlist/ovr_stm/_win/orp_boot11.bmp.ctxr,textures/flatlist/ovr_stm/_win,orp_boot11.bmp.ctxr,orp_boot11.bmp,ctxr,349920,0c20368dbdc334ee71abdc2dc44200d53888a02f
textures/flatlist/ovr_stm/_win/orp_boot11.bmp_41f82e6a30bb7b02db79623a7af71771.ctxr,textures/flatlist/ovr_stm/_win,orp_boot11.bmp_41f82e6a30bb7b02db79623a7af71771.ctxr,orp_boot11.bmp_41f82e6a30bb7b02db79623a7af71771,ctxr,349920,6068308002565ff4b56e43ccaa123730da5b6709
textures/flatlist/ovr_stm/_win/orp_boot_bot00.bmp.ctxr,textures/flatlist/ovr_stm/_win,orp_boot_bot00.bmp.ctxr,orp_boot_bot00.bmp,ctxr,87776,4a01b300470d36bdff389a3ed30cdfecef9dbd79
textures/flatlist/ovr_stm/_win/orp_chest_j_meisai_re.bmp.ctxr,textures/flatlist/ovr_stm/_win,orp_chest_j_meisai_re.bmp.ctxr,orp_chest_j_meisai_re.bmp,ctxr,699488,e7a616457a943c90763753313b9bd86b71515e22
textures/flatlist/ovr_stm/_win/orp_chest_j_meisai_re.bmp_957a88ed297ab2639c6e89e823337953.ctxr,textures/flatlist/ovr_stm/_win,orp_chest_j_meisai_re.bmp_957a88ed297ab2639c6e89e823337953.ctxr,orp_chest_j_meisai_re.bmp_957a88ed297ab2639c6e89e823337953,ctxr,699488,fec1c7e91c60ef763ab0dad70b9313b6330e8ad9
textures/flatlist/ovr_stm/_win/orp_chest_s_re.bmp.ctxr,textures/flatlist/ovr_stm/_win,orp_chest_s_re.bmp.ctxr,orp_chest_s_re.bmp,ctxr,349920,e4543e057b53ee072bdd7920563bb99d77397b37
textures/flatlist/ovr_stm/_win/orp_chest_s_re.bmp_b6cbd75d2c45b5510f58574f6b202217.ctxr,textures/flatlist/ovr_stm/_win,orp_chest_s_re.bmp_b6cbd75d2c45b5510f58574f6b202217.ctxr,orp_chest_s_re.bmp_b6cbd75d2c45b5510f58574f6b202217,ctxr,349920,43e2adbc1704ac0d4e8c538bb20bcd781ee59e31
textures/flatlist/ovr_stm/_win/orp_eri2_meisai_re.bmp.ctxr,textures/flatlist/ovr_stm/_win,orp_eri2_meisai_re.bmp.ctxr,orp_eri2_meisai_re.bmp,ctxr,87744,6f72c9bfdf79cb1f330a10aef4b8da45ed9946c3
textures/flatlist/ovr_stm/_win/orp_eri2_meisai_re.bmp_bc88fb1e44ae3c046de504850142dc06.ctxr,textures/flatlist/ovr_stm/_win,orp_eri2_meisai_re.bmp_bc88fb1e44ae3c046de504850142dc06.ctxr,orp_eri2_meisai_re.bmp_bc88fb1e44ae3c046de504850142dc06,ctxr,87744,05980f37fb929ca27cdc2c3408f2148b7bcf234e
textures/flatlist/ovr_stm/_win/orp_eri_meisai_re.bmp.ctxr,textures/flatlist/ovr_stm/_win,orp_eri_meisai_re.bmp.ctxr,orp_eri_meisai_re.bmp,ctxr,87744,f084b4bb59583191f78ce5606f38a89f3057ce6e
textures/flatlist/ovr_stm/_win/orp_face_dd.bmp.ctxr,textures/flatlist/ovr_stm/_win,orp_face_dd.bmp.ctxr,orp_face_dd.bmp,ctxr,1398528,53ee8bd3be3b7fb0076b1b62e1458c5b69de0cc4
textures/flatlist/ovr_stm/_win/orp_face_re.bmp.ctxr,textures/flatlist/ovr_stm/_win,orp_face_re.bmp.ctxr,orp_face_re.bmp,ctxr,1398528,913db797ae50724d6ecf6da96c7d92d3967852b7
textures/flatlist/ovr_stm/_win/orp_face_retach.bmp.ctxr,textures/flatlist/ovr_stm/_win,orp_face_retach.bmp.ctxr,orp_face_retach.bmp,ctxr,1398528,286d1b771ab371f2d9a5d550adff58290d083570
textures/flatlist/ovr_stm/_win/orp_face_retach.bmp_0e6325221940c6ed91356bbf364e91c4.ctxr,textures/flatlist/ovr_stm/_win,orp_face_retach.bmp_0e6325221940c6ed91356bbf364e91c4.ctxr,orp_face_retach.bmp_0e6325221940c6ed91356bbf364e91c4,ctxr,1398528,925efdd103a48e27091e58b474c4416c2a85ed55
textures/flatlist/ovr_stm/_win/orp_face_retach.bmp_52c9c67e50e94dbb4dab8c0eb4360a13.ctxr,textures/flatlist/ovr_stm/_win,orp_face_retach.bmp_52c9c67e50e94dbb4dab8c0eb4360a13.ctxr,orp_face_retach.bmp_52c9c67e50e94dbb4dab8c0eb4360a13,ctxr,1398528,f5ef7e898dd53e542c5a63d00410026d1e36ba24
textures/flatlist/ovr_stm/_win/orp_hair_alp_ovl_dd.bmp.ctxr,textures/flatlist/ovr_stm/_win,orp_hair_alp_ovl_dd.bmp.ctxr,orp_hair_alp_ovl_dd.bmp,ctxr,2796672,c5829136016191221bc2d19edea29e28e4ddd609
textures/flatlist/ovr_stm/_win/orp_hair_alp_ovl_new.bmp.ctxr,textures/flatlist/ovr_stm/_win,orp_hair_alp_ovl_new.bmp.ctxr,orp_hair_alp_ovl_new.bmp,ctxr,2796672,f1703c4c5f057ae8faa8423d955662c84554f17a
textures/flatlist/ovr_stm/_win/orp_hair_alp_ovl_re03.bmp.ctxr,textures/flatlist/ovr_stm/_win,orp_hair_alp_ovl_re03.bmp.ctxr,orp_hair_alp_ovl_re03.bmp,ctxr,2796672,44d22904798f76af1a6ac6a5eda4befa1a24bbf8
textures/flatlist/ovr_stm/_win/orp_hand_sam.bmp.ctxr,textures/flatlist/ovr_stm/_win,orp_hand_sam.bmp.ctxr,orp_hand_sam.bmp,ctxr,22176,6b4015097d7651eb40fc0d6539233215d72bb496
textures/flatlist/ovr_stm/_win/orp_hand_top.bmp.ctxr,textures/flatlist/ovr_stm/_win,orp_hand_top.bmp.ctxr,orp_hand_top.bmp,ctxr,87776,fef5f50a650384a47d8dacedad9c14b7b81fd4d4
textures/flatlist/ovr_stm/_win/orp_hf00_st.bmp.ctxr,textures/flatlist/ovr_stm/_win,orp_hf00_st.bmp.ctxr,orp_hf00_st.bmp,ctxr,22176,d6e2c120616c280b14cd3697857c29254329a9fb
textures/flatlist/ovr_stm/_win/orp_hf01_st.bmp.ctxr,textures/flatlist/ovr_stm/_win,orp_hf01_st.bmp.ctxr,orp_hf01_st.bmp,ctxr,87776,f3a845d60b0dd2b5b47588572c77f3883c84ca9f
textures/flatlist/ovr_stm/_win/orp_hf02_st.bmp.ctxr,textures/flatlist/ovr_stm/_win,orp_hf02_st.bmp.ctxr,orp_hf02_st.bmp,ctxr,175168,04d1b23104c434183e39a166076cdbb3e350fc3c
textures/flatlist/ovr_stm/_win/orp_hi_eye.bmp.ctxr,textures/flatlist/ovr_stm/_win,orp_hi_eye.bmp.ctxr,orp_hi_eye.bmp,ctxr,87744,1f2619cf8525f3ce7a01c989738c6523153cf180
textures/flatlist/ovr_stm/_win/orp_hi_finger.bmp.ctxr,textures/flatlist/ovr_stm/_win,orp_hi_finger.bmp.ctxr,orp_hi_finger.bmp,ctxr,22176,171d51b7296f67686c60354c74997c0377431c0d
textures/flatlist/ovr_stm/_win/orp_hi_finger_red.bmp.ctxr,textures/flatlist/ovr_stm/_win,orp_hi_finger_red.bmp.ctxr,orp_hi_finger_red.bmp,ctxr,22176,36abe8c385f866f76099fccc1aacd7c5bc5b3806
textures/flatlist/ovr_stm/_win/orp_kata_meisai_re.bmp.ctxr,textures/flatlist/ovr_stm/_win,orp_kata_meisai_re.bmp.ctxr,orp_kata_meisai_re.bmp,ctxr,22208,a42de8071c701395f951d008d64e78992ef940bc
textures/flatlist/ovr_stm/_win/orp_larm_j_meisai_re.bmp.ctxr,textures/flatlist/ovr_stm/_win,orp_larm_j_meisai_re.bmp.ctxr,orp_larm_j_meisai_re.bmp,ctxr,349920,1f3192e207691e13179b4869d4d3505f1cf81ae6
textures/flatlist/ovr_stm/_win/orp_pamtsu2_meisai_re.bmp.ctxr,textures/flatlist/ovr_stm/_win,orp_pamtsu2_meisai_re.bmp.ctxr,orp_pamtsu2_meisai_re.bmp,ctxr,349920,37fa54268df7e508ed8b2ccca4f84f6ec4023cc3
textures/flatlist/ovr_stm/_win/orp_pamtsu_meisai_re.bmp.ctxr,textures/flatlist/ovr_stm/_win,orp_pamtsu_meisai_re.bmp.ctxr,orp_pamtsu_meisai_re.bmp,ctxr,349920,ecb1f41917c3bb37caec155a4bd99448b1e5666f
textures/flatlist/ovr_stm/_win/orp_rarm_j_meisai_re.bmp.ctxr,textures/flatlist/ovr_stm/_win,orp_rarm_j_meisai_re.bmp.ctxr,orp_rarm_j_meisai_re.bmp,ctxr,349920,76fa84f144993a3da841d79420d35ebf2d962dd0
textures/flatlist/ovr_stm/_win/orp_waist.bmp.ctxr,textures/flatlist/ovr_stm/_win,orp_waist.bmp.ctxr,orp_waist.bmp,ctxr,44096,4dc277e5447bffe2b856e73effad23a6894ced83
textures/flatlist/ovr_stm/_win/p90_amo.bmp.ctxr,textures/flatlist/ovr_stm/_win,p90_amo.bmp.ctxr,p90_amo.bmp,ctxr,22208,089de711cff892674fa3b69f85790b6d8fbbb8e7
textures/flatlist/ovr_stm/_win/p90_amo_natsu.bmp.ctxr,textures/flatlist/ovr_stm/_win,p90_amo_natsu.bmp.ctxr,p90_amo_natsu.bmp,ctxr,175168,f6d6b6433683532d8680c9bc8a8205c2d7423c8c
textures/flatlist/ovr_stm/_win/p90_main_natsu.bmp.ctxr,textures/flatlist/ovr_stm/_win,p90_main_natsu.bmp.ctxr,p90_main_natsu.bmp,ctxr,87776,dfa326197cbc0d1de70ece8acee76f3123e5044e
textures/flatlist/ovr_stm/_win/pdray_face_s2.bmp.ctxr,textures/flatlist/ovr_stm/_win,pdray_face_s2.bmp.ctxr,pdray_face_s2.bmp,ctxr,699488,442333697ef49348c221c1e542fc290eac062159
textures/flatlist/ovr_stm/_win/pit_arm.bmp.ctxr,textures/flatlist/ovr_stm/_win,pit_arm.bmp.ctxr,pit_arm.bmp,ctxr,349920,1462a755327fcf8841dfa18816548abc58344699
textures/flatlist/ovr_stm/_win/pit_arm004.bmp.ctxr,textures/flatlist/ovr_stm/_win,pit_arm004.bmp.ctxr,pit_arm004.bmp,ctxr,349920,1a01220b26984548b0443f100b3b9e640b9714e0
textures/flatlist/ovr_stm/_win/pit_arm_big_mark_l.bmp.ctxr,textures/flatlist/ovr_stm/_win,pit_arm_big_mark_l.bmp.ctxr,pit_arm_big_mark_l.bmp,ctxr,175168,b963112bb8fd692eb0ea307c62c66f343f01a25e
textures/flatlist/ovr_stm/_win/pit_arm_big_mark_r.bmp.ctxr,textures/flatlist/ovr_stm/_win,pit_arm_big_mark_r.bmp.ctxr,pit_arm_big_mark_r.bmp,ctxr,175168,f979fd470d7a2a80edece986752d7fe3d842f3cc
textures/flatlist/ovr_stm/_win/pit_arm_markl.bmp.ctxr,textures/flatlist/ovr_stm/_win,pit_arm_markl.bmp.ctxr,pit_arm_markl.bmp,ctxr,699488,fe9dfe69865c9b36a4e7dcd019f4652df89b17da
textures/flatlist/ovr_stm/_win/pit_arm_markr.bmp.ctxr,textures/flatlist/ovr_stm/_win,pit_arm_markr.bmp.ctxr,pit_arm_markr.bmp,ctxr,699488,9e4c25d109e5882ac8bcb10681e0bf69d602bfbf
textures/flatlist/ovr_stm/_win/pit_boms_big.bmp.ctxr,textures/flatlist/ovr_stm/_win,pit_boms_big.bmp.ctxr,pit_boms_big.bmp,ctxr,87744,a87ec15dbca9d662a1bb1a038916838a410422d3
textures/flatlist/ovr_stm/_win/pit_eye.bmp.ctxr,textures/flatlist/ovr_stm/_win,pit_eye.bmp.ctxr,pit_eye.bmp,ctxr,87744,eaae7442223f26f5eb996fc229012bde44c14939
textures/flatlist/ovr_stm/_win/pit_eye_d.bmp.ctxr,textures/flatlist/ovr_stm/_win,pit_eye_d.bmp.ctxr,pit_eye_d.bmp,ctxr,87744,8c962d18270353417a309361284b85c84d071711
textures/flatlist/ovr_stm/_win/pit_face2_ovl_sub_alp.bmp.ctxr,textures/flatlist/ovr_stm/_win,pit_face2_ovl_sub_alp.bmp.ctxr,pit_face2_ovl_sub_alp.bmp,ctxr,524448,6a891f052e269fd0b4b7388ffcafbf0def2ee3ad
textures/flatlist/ovr_stm/_win/pit_food_c.bmp.ctxr,textures/flatlist/ovr_stm/_win,pit_food_c.bmp.ctxr,pit_food_c.bmp,ctxr,87776,99c2d3e0f64572e7f5d823f4564387ebd92bcb59
textures/flatlist/ovr_stm/_win/pit_food_c.bmp_34cbc68775c7cff51c1749b7d1398731.ctxr,textures/flatlist/ovr_stm/_win,pit_food_c.bmp_34cbc68775c7cff51c1749b7d1398731.ctxr,pit_food_c.bmp_34cbc68775c7cff51c1749b7d1398731,ctxr,87776,5954034f261ab88d32a4a80f3b5f9e99775859dc
textures/flatlist/ovr_stm/_win/pit_food_s.bmp.ctxr,textures/flatlist/ovr_stm/_win,pit_food_s.bmp.ctxr,pit_food_s.bmp,ctxr,175168,9a031e7bcfc83dbc3cf169abe1ae43681b464584
textures/flatlist/ovr_stm/_win/pit_food_s.bmp_c5532a65e21a91fcf9dcfee4619c7e9a.ctxr,textures/flatlist/ovr_stm/_win,pit_food_s.bmp_c5532a65e21a91fcf9dcfee4619c7e9a.ctxr,pit_food_s.bmp_c5532a65e21a91fcf9dcfee4619c7e9a,ctxr,175168,1966445fafbc0e9f0165aa55eeab9d2c8d0e8539
textures/flatlist/ovr_stm/_win/pit_legl.bmp.ctxr,textures/flatlist/ovr_stm/_win,pit_legl.bmp.ctxr,pit_legl.bmp,ctxr,349920,e1a8041bc96b76334f2a9cd1ad234a9cd5c2f9a5
textures/flatlist/ovr_stm/_win/pit_legl_re00.bmp.ctxr,textures/flatlist/ovr_stm/_win,pit_legl_re00.bmp.ctxr,pit_legl_re00.bmp,ctxr,349920,b12d16f6550d6167929d2d21ba39fde314e6207e
textures/flatlist/ovr_stm/_win/pit_neccktie.bmp.ctxr,textures/flatlist/ovr_stm/_win,pit_neccktie.bmp.ctxr,pit_neccktie.bmp,ctxr,22176,84f0686603fcfd81ca88b8c897774d39a2b69ca0
textures/flatlist/ovr_stm/_win/pit_nypd_big.bmp.ctxr,textures/flatlist/ovr_stm/_win,pit_nypd_big.bmp.ctxr,pit_nypd_big.bmp,ctxr,175168,de96b4fb2fc645d141fbe0165dfa9df0e5b35b8e
textures/flatlist/ovr_stm/_win/pit_shatu00.bmp.ctxr,textures/flatlist/ovr_stm/_win,pit_shatu00.bmp.ctxr,pit_shatu00.bmp,ctxr,87744,944df8f53551fc03eb7a3f68e1e841be678af597
textures/flatlist/ovr_stm/_win/pit_shatu001.bmp.ctxr,textures/flatlist/ovr_stm/_win,pit_shatu001.bmp.ctxr,pit_shatu001.bmp,ctxr,87744,9fdffd1a434013d73a343b319b30d52651fcb999
textures/flatlist/ovr_stm/_win/pit_shatu01.bmp.ctxr,textures/flatlist/ovr_stm/_win,pit_shatu01.bmp.ctxr,pit_shatu01.bmp,ctxr,87744,7146eddc9e70613dfc6c4498ae30f4c780a509c0
textures/flatlist/ovr_stm/_win/pit_shatu_dd.bmp.ctxr,textures/flatlist/ovr_stm/_win,pit_shatu_dd.bmp.ctxr,pit_shatu_dd.bmp,ctxr,22208,dc6e82bdee67625e1b89e097a9cb1e3887f6a8b5
textures/flatlist/ovr_stm/_win/pit_shoese.bmp.ctxr,textures/flatlist/ovr_stm/_win,pit_shoese.bmp.ctxr,pit_shoese.bmp,ctxr,87744,9e5b72b0c9189c7b9f27f700a06428a5da284204
textures/flatlist/ovr_stm/_win/pit_shoese_000.bmp.ctxr,textures/flatlist/ovr_stm/_win,pit_shoese_000.bmp.ctxr,pit_shoese_000.bmp,ctxr,44064,ebbbe0131224c969114c2bbe01151692688b9fc7
textures/flatlist/ovr_stm/_win/pit_shoese_under.bmp.ctxr,textures/flatlist/ovr_stm/_win,pit_shoese_under.bmp.ctxr,pit_shoese_under.bmp,ctxr,44064,84f04a91c2bef30604fdc289225e4daa32bec57c
textures/flatlist/ovr_stm/_win/pit_steki00.bmp.ctxr,textures/flatlist/ovr_stm/_win,pit_steki00.bmp.ctxr,pit_steki00.bmp,ctxr,22176,c8992b3cb81fbef39db46c1e0b35ef3f294c3922
textures/flatlist/ovr_stm/_win/pit_steki01.bmp.ctxr,textures/flatlist/ovr_stm/_win,pit_steki01.bmp.ctxr,pit_steki01.bmp,ctxr,22176,737f0172d1e4ad2523cd00f26343d753934bb480
textures/flatlist/ovr_stm/_win/plant_bomb2_alp_ovl.bmp.ctxr,textures/flatlist/ovr_stm/_win,plant_bomb2_alp_ovl.bmp.ctxr,plant_bomb2_alp_ovl.bmp,ctxr,1398528,715df45682c72a976e0a1879aae113ee5bbb9048
textures/flatlist/ovr_stm/_win/plant_bomb_alp_ovl.bmp.ctxr,textures/flatlist/ovr_stm/_win,plant_bomb_alp_ovl.bmp.ctxr,plant_bomb_alp_ovl.bmp,ctxr,1398528,ceda7ed7ce85aea8327abd6934008258411d3a70
textures/flatlist/ovr_stm/_win/pl_box_d.bmp.ctxr,textures/flatlist/ovr_stm/_win,pl_box_d.bmp.ctxr,pl_box_d.bmp,ctxr,175168,e20b50c3bc9a12fa895934b32ede5831de3feafc
textures/flatlist/ovr_stm/_win/police_pos.bmp.ctxr,textures/flatlist/ovr_stm/_win,police_pos.bmp.ctxr,police_pos.bmp,ctxr,1398528,c33a920e2b81ad47780721a6cb686c95b9482527
textures/flatlist/ovr_stm/_win/postcard01.bmp.ctxr,textures/flatlist/ovr_stm/_win,postcard01.bmp.ctxr,postcard01.bmp,ctxr,175168,4687a222fbaffa5ea881474f3a01d9da60824058
textures/flatlist/ovr_stm/_win/pos_abe_01.bmp.ctxr,textures/flatlist/ovr_stm/_win,pos_abe_01.bmp.ctxr,pos_abe_01.bmp,ctxr,1398528,969810fc9f16ece8522753c90ca7181e8061517e
textures/flatlist/ovr_stm/_win/pos_ishida_02.bmp.ctxr,textures/flatlist/ovr_stm/_win,pos_ishida_02.bmp.ctxr,pos_ishida_02.bmp,ctxr,1398528,e3d4ca5c724daaf16d2f38aebdce990ee9126c6a
textures/flatlist/ovr_stm/_win/pos_ishida_03.bmp.ctxr,textures/flatlist/ovr_stm/_win,pos_ishida_03.bmp.ctxr,pos_ishida_03.bmp,ctxr,1398528,7d69edf2235ef27b94b5dfe74d669fce380916dc
textures/flatlist/ovr_stm/_win/pos_kazuki_01.bmp.ctxr,textures/flatlist/ovr_stm/_win,pos_kazuki_01.bmp.ctxr,pos_kazuki_01.bmp,ctxr,1398528,c3fa10e8b72c5a7838d8124572b5b9d8a66fc9fa
textures/flatlist/ovr_stm/_win/pos_kazuki_02.bmp.ctxr,textures/flatlist/ovr_stm/_win,pos_kazuki_02.bmp.ctxr,pos_kazuki_02.bmp,ctxr,1398528,2a23ee036a9a77e75528a08cbad0fcfdabc6a9c3
textures/flatlist/ovr_stm/_win/pos_nakagawa_02.bmp.ctxr,textures/flatlist/ovr_stm/_win,pos_nakagawa_02.bmp.ctxr,pos_nakagawa_02.bmp,ctxr,1398528,9feefb8883d2d542880b567ce4ac9f2a1b0ccd34
textures/flatlist/ovr_stm/_win/pos_nakagawa_03.bmp.ctxr,textures/flatlist/ovr_stm/_win,pos_nakagawa_03.bmp.ctxr,pos_nakagawa_03.bmp,ctxr,1398528,c4ca41875008241a638c98f29c8426985d3777b8
textures/flatlist/ovr_stm/_win/pos_yasuda_03.bmp.ctxr,textures/flatlist/ovr_stm/_win,pos_yasuda_03.bmp.ctxr,pos_yasuda_03.bmp,ctxr,1398528,704d6b5d0d3db9703a9dd68717e4f20e13c1d9d2
textures/flatlist/ovr_stm/_win/ptr_face03.bmp.ctxr,textures/flatlist/ovr_stm/_win,ptr_face03.bmp.ctxr,ptr_face03.bmp,ctxr,2796672,557cd09f5620f03fc8118cb34f44ca803a4755d3
textures/flatlist/ovr_stm/_win/ptr_face03.bmp_b289bdfbbb58e30a73b2a6a2b3ba988b.ctxr,textures/flatlist/ovr_stm/_win,ptr_face03.bmp_b289bdfbbb58e30a73b2a6a2b3ba988b.ctxr,ptr_face03.bmp_b289bdfbbb58e30a73b2a6a2b3ba988b,ctxr,2796672,6de4073571b2d83c2e9a85015304dd00d30a38f6
textures/flatlist/ovr_stm/_win/ptr_face_dead.bmp.ctxr,textures/flatlist/ovr_stm/_win,ptr_face_dead.bmp.ctxr,ptr_face_dead.bmp,ctxr,2796672,c3c6805966cd991a4dec0686987f4aa873e571e8
textures/flatlist/ovr_stm/_win/ptr_hand.bmp.ctxr,textures/flatlist/ovr_stm/_win,ptr_hand.bmp.ctxr,ptr_hand.bmp,ctxr,175168,ca47b039324d80aba648fce7ad59e963a7d865b1
textures/flatlist/ovr_stm/_win/ptr_hand_re.bmp.ctxr,textures/flatlist/ovr_stm/_win,ptr_hand_re.bmp.ctxr,ptr_hand_re.bmp,ctxr,175168,bc340d9a255455f5537d3620b7e1fac01597222c
textures/flatlist/ovr_stm/_win/ptr_hi_finger.bmp.ctxr,textures/flatlist/ovr_stm/_win,ptr_hi_finger.bmp.ctxr,ptr_hi_finger.bmp,ctxr,22176,fe9d28e717a7ae2fef7ab1108419157153b9e312
textures/flatlist/ovr_stm/_win/ptr_hi_finger_red.bmp.ctxr,textures/flatlist/ovr_stm/_win,ptr_hi_finger_red.bmp.ctxr,ptr_hi_finger_red.bmp,ctxr,22176,06e5683a09edf52177c8db041d42eaec720498ee
textures/flatlist/ovr_stm/_win/ptr_hi_hand000.bmp.ctxr,textures/flatlist/ovr_stm/_win,ptr_hi_hand000.bmp.ctxr,ptr_hi_hand000.bmp,ctxr,175168,3eabbc37b89caa296a30ee691fcd91280add6424
textures/flatlist/ovr_stm/_win/ptr_hi_hand01.bmp.ctxr,textures/flatlist/ovr_stm/_win,ptr_hi_hand01.bmp.ctxr,ptr_hi_hand01.bmp,ctxr,87744,2a0311caeae75f41f78d198868f7d825d3e268e7
textures/flatlist/ovr_stm/_win/ptr_jaket_nypd.bmp.ctxr,textures/flatlist/ovr_stm/_win,ptr_jaket_nypd.bmp.ctxr,ptr_jaket_nypd.bmp,ctxr,1398528,5de66b94d3070d06fd2af9d4d00a3c0bfa41189a
textures/flatlist/ovr_stm/_win/ptr_jaket_nypd_dead.bmp.ctxr,textures/flatlist/ovr_stm/_win,ptr_jaket_nypd_dead.bmp.ctxr,ptr_jaket_nypd_dead.bmp,ctxr,1398528,c0572314aa89777b8869c22b5cac79a4bad0f7e9
textures/flatlist/ovr_stm/_win/ptr_jaket_nypd_new.bmp.ctxr,textures/flatlist/ovr_stm/_win,ptr_jaket_nypd_new.bmp.ctxr,ptr_jaket_nypd_new.bmp,ctxr,1398528,4a6090f25bd0f7b35f4280b0f2192ed5fae0dfde
textures/flatlist/ovr_stm/_win/ptr_mtg_alp_ovl.bmp.ctxr,textures/flatlist/ovr_stm/_win,ptr_mtg_alp_ovl.bmp.ctxr,ptr_mtg_alp_ovl.bmp,ctxr,87776,1d3759e8b6f9ff5cb951b608e5e75bcdb543daca
textures/flatlist/ovr_stm/_win/ptr_tooth_d1.bmp.ctxr,textures/flatlist/ovr_stm/_win,ptr_tooth_d1.bmp.ctxr,ptr_tooth_d1.bmp,ctxr,22208,803d7fb3d617345f6f96842584556429c50f296b
textures/flatlist/ovr_stm/_win/ptr_tooth_d2.bmp.ctxr,textures/flatlist/ovr_stm/_win,ptr_tooth_d2.bmp.ctxr,ptr_tooth_d2.bmp,ctxr,22208,6884bfa67b0c287e449ffb353e8f46cf3c5d54c7
textures/flatlist/ovr_stm/_win/ptr_tooth_d3.bmp.ctxr,textures/flatlist/ovr_stm/_win,ptr_tooth_d3.bmp.ctxr,ptr_tooth_d3.bmp,ctxr,11296,c60583cc168d5d3eda1349580c9faac6dc07312e
textures/flatlist/ovr_stm/_win/ptr_tooth_d4.bmp.ctxr,textures/flatlist/ovr_stm/_win,ptr_tooth_d4.bmp.ctxr,ptr_tooth_d4.bmp,ctxr,11264,e95a0a7c240b3593b226785cb670de1756ec2e04
textures/flatlist/ovr_stm/_win/ptr_tooth_u1.bmp.ctxr,textures/flatlist/ovr_stm/_win,ptr_tooth_u1.bmp.ctxr,ptr_tooth_u1.bmp,ctxr,22208,8d60f389311069b5dee7f9a591884538387e707e
textures/flatlist/ovr_stm/_win/ptr_tooth_u2.bmp.ctxr,textures/flatlist/ovr_stm/_win,ptr_tooth_u2.bmp.ctxr,ptr_tooth_u2.bmp,ctxr,22208,9cfb3ad362b3ead59dbcd8521b32ba1deb8dbf1e
textures/flatlist/ovr_stm/_win/ptr_tooth_u3.bmp.ctxr,textures/flatlist/ovr_stm/_win,ptr_tooth_u3.bmp.ctxr,ptr_tooth_u3.bmp,ctxr,22208,b5d2557c671df33b5ec5fc20e7af175c282f934c
textures/flatlist/ovr_stm/_win/ptr_tooth_u4.bmp.ctxr,textures/flatlist/ovr_stm/_win,ptr_tooth_u4.bmp.ctxr,ptr_tooth_u4.bmp,ctxr,22208,04b2cc46abefcf16170998fdae0e6a2f9f5879a4
textures/flatlist/ovr_stm/_win/pump.bmp.ctxr,textures/flatlist/ovr_stm/_win,pump.bmp.ctxr,pump.bmp,ctxr,87744,5245754f7c70a226f711cde253052cd37bc7d314
textures/flatlist/ovr_stm/_win/pumpin.bmp_d158ec1bae8868a7fb57a3d368a5647f.ctxr,textures/flatlist/ovr_stm/_win,pumpin.bmp_d158ec1bae8868a7fb57a3d368a5647f.ctxr,pumpin.bmp_d158ec1bae8868a7fb57a3d368a5647f,ctxr,87744,4d0cf975105fb74e56b2b71df6d72f95cafa3e64
textures/flatlist/ovr_stm/_win/rad_musen1.bmp.ctxr,textures/flatlist/ovr_stm/_win,rad_musen1.bmp.ctxr,rad_musen1.bmp,ctxr,44064,45afc999f4bff2a55336cf358e600c7226675c6f
textures/flatlist/ovr_stm/_win/rad_musen3.bmp.ctxr,textures/flatlist/ovr_stm/_win,rad_musen3.bmp.ctxr,rad_musen3.bmp,ctxr,22208,902f29b7c399f9ced17d124e9d2570362e81d71a
textures/flatlist/ovr_stm/_win/rad_musen4.bmp.ctxr,textures/flatlist/ovr_stm/_win,rad_musen4.bmp.ctxr,rad_musen4.bmp,ctxr,44064,a7ef37b1d6826f0a4a19d2d9607a92474015eb71
textures/flatlist/ovr_stm/_win/rai_all_ibox.bmp.ctxr,textures/flatlist/ovr_stm/_win,rai_all_ibox.bmp.ctxr,rai_all_ibox.bmp,ctxr,349920,6b6fffe33640f6b05559ee72e114cedbcb4ccfcf
textures/flatlist/ovr_stm/_win/rai_gun_back.bmp.ctxr,textures/flatlist/ovr_stm/_win,rai_gun_back.bmp.ctxr,rai_gun_back.bmp,ctxr,22208,82edc0a25f6f10f3f52a30c46a598e547e9545c6
textures/flatlist/ovr_stm/_win/rai_gun_fro.bmp.ctxr,textures/flatlist/ovr_stm/_win,rai_gun_fro.bmp.ctxr,rai_gun_fro.bmp,ctxr,22208,45495d2878cc85424e50ef64289c5e3d63398e90
textures/flatlist/ovr_stm/_win/rai_gun_side.bmp.ctxr,textures/flatlist/ovr_stm/_win,rai_gun_side.bmp.ctxr,rai_gun_side.bmp,ctxr,44064,6d2ae6d9d1cb9747143324bf3d7dbbf39367fdb8
textures/flatlist/ovr_stm/_win/rai_gun_side2.bmp.ctxr,textures/flatlist/ovr_stm/_win,rai_gun_side2.bmp.ctxr,rai_gun_side2.bmp,ctxr,44064,3b1b6cf66d4666a695b8091f870044f8fd3f6cb7
textures/flatlist/ovr_stm/_win/rai_gun_top.bmp.ctxr,textures/flatlist/ovr_stm/_win,rai_gun_top.bmp.ctxr,rai_gun_top.bmp,ctxr,11264,77037fb9c8b3eb2674f2d736dbb2a855f25dc314
textures/flatlist/ovr_stm/_win/ray_add_alp.bmp.ctxr,textures/flatlist/ovr_stm/_win,ray_add_alp.bmp.ctxr,ray_add_alp.bmp,ctxr,87744,2bb8c257c9f5b08d4567dbf13a6d8457d2792c8b
textures/flatlist/ovr_stm/_win/ray_armpit_meca2.bmp.ctxr,textures/flatlist/ovr_stm/_win,ray_armpit_meca2.bmp.ctxr,ray_armpit_meca2.bmp,ctxr,44064,e82a3f6671d9d91bbaa078c7e248816a78097b77
textures/flatlist/ovr_stm/_win/ray_armpit_meca2_new.bmp.ctxr,textures/flatlist/ovr_stm/_win,ray_armpit_meca2_new.bmp.ctxr,ray_armpit_meca2_new.bmp,ctxr,44064,42bba65f8e7b9bf459721cc37e2947cab3a411fe
textures/flatlist/ovr_stm/_win/ray_armpit_t1.bmp.ctxr,textures/flatlist/ovr_stm/_win,ray_armpit_t1.bmp.ctxr,ray_armpit_t1.bmp,ctxr,175168,c25b8c0ac50ca3c797235b75f111c2ee65288068
textures/flatlist/ovr_stm/_win/ray_armpit_u1.bmp.ctxr,textures/flatlist/ovr_stm/_win,ray_armpit_u1.bmp.ctxr,ray_armpit_u1.bmp,ctxr,175168,3c03e1857a6e2c1cc88314300f0def1107f44eed
textures/flatlist/ovr_stm/_win/ray_arm_t1.bmp.ctxr,textures/flatlist/ovr_stm/_win,ray_arm_t1.bmp.ctxr,ray_arm_t1.bmp,ctxr,1398528,19cd36e0dbacb493dceaad04d08b2c899b386a11
textures/flatlist/ovr_stm/_win/ray_arm_t1_sub_alp_ovl.bmp.ctxr,textures/flatlist/ovr_stm/_win,ray_arm_t1_sub_alp_ovl.bmp.ctxr,ray_arm_t1_sub_alp_ovl.bmp,ctxr,1048736,b396ed99e1dd121ed86efc32c2cbdd422e6498d0
textures/flatlist/ovr_stm/_win/ray_arm_u1.bmp.ctxr,textures/flatlist/ovr_stm/_win,ray_arm_u1.bmp.ctxr,ray_arm_u1.bmp,ctxr,44064,bd8ebd87895fd404d3fb53baf359f9125c7f59c9
textures/flatlist/ovr_stm/_win/ray_arm_u1s.bmp.ctxr,textures/flatlist/ovr_stm/_win,ray_arm_u1s.bmp.ctxr,ray_arm_u1s.bmp,ctxr,11264,fec6129972f69ae656f66404ae4fd8f524dc5880
textures/flatlist/ovr_stm/_win/ray_arm_u_finall.bmp.ctxr,textures/flatlist/ovr_stm/_win,ray_arm_u_finall.bmp.ctxr,ray_arm_u_finall.bmp,ctxr,175168,4ad887ce11463a3e7b024f40f4db24290d4048f6
textures/flatlist/ovr_stm/_win/ray_backpack_t1.bmp.ctxr,textures/flatlist/ovr_stm/_win,ray_backpack_t1.bmp.ctxr,ray_backpack_t1.bmp,ctxr,699488,3de287a30566560db26c2f275fdc2822bc009adf
textures/flatlist/ovr_stm/_win/ray_bm_01.bmp.ctxr,textures/flatlist/ovr_stm/_win,ray_bm_01.bmp.ctxr,ray_bm_01.bmp,ctxr,175168,ed04d9881055bdc81731e5f4227ca3aaca211dba
textures/flatlist/ovr_stm/_win/ray_body_s1.bmp.ctxr,textures/flatlist/ovr_stm/_win,ray_body_s1.bmp.ctxr,ray_body_s1.bmp,ctxr,1398528,53e155fd62d5f0898f315a056228b77997fd6d27
textures/flatlist/ovr_stm/_win/ray_canopy.bmp.ctxr,textures/flatlist/ovr_stm/_win,ray_canopy.bmp.ctxr,ray_canopy.bmp,ctxr,22176,ecef98f9bde07f45c697942d977a2cc205c766f7
textures/flatlist/ovr_stm/_win/ray_canopy.bmp_69536e0cc16b5504c7afe3237c9f388a.ctxr,textures/flatlist/ovr_stm/_win,ray_canopy.bmp_69536e0cc16b5504c7afe3237c9f388a.ctxr,ray_canopy.bmp_69536e0cc16b5504c7afe3237c9f388a,ctxr,87744,1e7caaad56a4152c2d421fc055b8756023b4ca66
textures/flatlist/ovr_stm/_win/ray_canopy_edge.bmp.ctxr,textures/flatlist/ovr_stm/_win,ray_canopy_edge.bmp.ctxr,ray_canopy_edge.bmp,ctxr,22208,09e88eea4cdc66426b6f72f4aa64c2bfaff284e6
textures/flatlist/ovr_stm/_win/ray_canopy_ovl_mod1120_emap.bmp.ctxr,textures/flatlist/ovr_stm/_win,ray_canopy_ovl_mod1120_emap.bmp.ctxr,ray_canopy_ovl_mod1120_emap.bmp,ctxr,87744,626c22ffee2643cc2e8e5a9a2ac182ae67eb3d2e
textures/flatlist/ovr_stm/_win/ray_canopy_sub_ovl_alp.bmp.ctxr,textures/flatlist/ovr_stm/_win,ray_canopy_sub_ovl_alp.bmp.ctxr,ray_canopy_sub_ovl_alp.bmp,ctxr,16544,7423bfa1d91e5948673d1f6ebd92b074f52108e4
textures/flatlist/ovr_stm/_win/ray_canopy_sub_ovl_alp.bmp_262887ad5d1a24632bc26b95450cb515.ctxr,textures/flatlist/ovr_stm/_win,ray_canopy_sub_ovl_alp.bmp_262887ad5d1a24632bc26b95450cb515.ctxr,ray_canopy_sub_ovl_alp.bmp_262887ad5d1a24632bc26b95450cb515,ctxr,65696,a642b6be37e7a1b1cf45f399dc8a38b1cb351212
textures/flatlist/ovr_stm/_win/ray_chest_f1.bmp.ctxr,textures/flatlist/ovr_stm/_win,ray_chest_f1.bmp.ctxr,ray_chest_f1.bmp,ctxr,349920,2a5449abd4f1e9ee208b96fcd1fdfbb3dfd86442
textures/flatlist/ovr_stm/_win/ray_chin1_u.bmp.ctxr,textures/flatlist/ovr_stm/_win,ray_chin1_u.bmp.ctxr,ray_chin1_u.bmp,ctxr,175168,b636e420cac38e86b91623fce826271a8c515477
textures/flatlist/ovr_stm/_win/ray_chin2_u.bmp.ctxr,textures/flatlist/ovr_stm/_win,ray_chin2_u.bmp.ctxr,ray_chin2_u.bmp,ctxr,44064,274543187cbbdbed66144ddb863fa17b1cdd8323
textures/flatlist/ovr_stm/_win/ray_chin_t1.bmp.ctxr,textures/flatlist/ovr_stm/_win,ray_chin_t1.bmp.ctxr,ray_chin_t1.bmp,ctxr,87744,6f36aa6c7b3868b85ab815d3f13cba64cac21a31
textures/flatlist/ovr_stm/_win/ray_eye.bmp.ctxr,textures/flatlist/ovr_stm/_win,ray_eye.bmp.ctxr,ray_eye.bmp,ctxr,22176,823b12b5abed0cb8a75107b34630054da1083a9d
textures/flatlist/ovr_stm/_win/ray_eye_bonbori_alp.bmp.ctxr,textures/flatlist/ovr_stm/_win,ray_eye_bonbori_alp.bmp.ctxr,ray_eye_bonbori_alp.bmp,ctxr,22176,bd06cbc0163e78e135fd9a12b3ac821c8aaa20ed
textures/flatlist/ovr_stm/_win/ray_eye_pera.bmp.ctxr,textures/flatlist/ovr_stm/_win,ray_eye_pera.bmp.ctxr,ray_eye_pera.bmp,ctxr,22176,a563b1ba61b451b19906c8dccfb960490c2e777d
textures/flatlist/ovr_stm/_win/ray_face_b1.bmp.ctxr,textures/flatlist/ovr_stm/_win,ray_face_b1.bmp.ctxr,ray_face_b1.bmp,ctxr,22208,073228aad37fe9a52f75931efc5a05dc942a8a1f
textures/flatlist/ovr_stm/_win/ray_face_s1.bmp.ctxr,textures/flatlist/ovr_stm/_win,ray_face_s1.bmp.ctxr,ray_face_s1.bmp,ctxr,349952,a70bcd76c16fdaf44943a40a029ba4f3d30a8f1c
textures/flatlist/ovr_stm/_win/ray_face_s1_sub_alp_ovl.bmp.ctxr,textures/flatlist/ovr_stm/_win,ray_face_s1_sub_alp_ovl.bmp.ctxr,ray_face_s1_sub_alp_ovl.bmp,ctxr,262304,658528479e55d256c48d5462f7bb423d36ad17d6
textures/flatlist/ovr_stm/_win/ray_face_s2.bmp.ctxr,textures/flatlist/ovr_stm/_win,ray_face_s2.bmp.ctxr,ray_face_s2.bmp,ctxr,699488,bc5d01044e4c517f20f6d1ee130bc2616842852a
textures/flatlist/ovr_stm/_win/ray_face_s2_sub_alp_ovl.bmp.ctxr,textures/flatlist/ovr_stm/_win,ray_face_s2_sub_alp_ovl.bmp.ctxr,ray_face_s2_sub_alp_ovl.bmp,ctxr,524448,aa3df2545d591fc51628fd2c246832074bb13e37
textures/flatlist/ovr_stm/_win/ray_face_t1.bmp.ctxr,textures/flatlist/ovr_stm/_win,ray_face_t1.bmp.ctxr,ray_face_t1.bmp,ctxr,699488,9c5d1b28835423d2fde02e0267003f9f2f484a15
textures/flatlist/ovr_stm/_win/ray_face_t1_sub_alp_ovl.bmp.ctxr,textures/flatlist/ovr_stm/_win,ray_face_t1_sub_alp_ovl.bmp.ctxr,ray_face_t1_sub_alp_ovl.bmp,ctxr,524448,1e6ac7319affabbb27519796a2d677cc11be48b2
textures/flatlist/ovr_stm/_win/ray_forearm_t1.bmp.ctxr,textures/flatlist/ovr_stm/_win,ray_forearm_t1.bmp.ctxr,ray_forearm_t1.bmp,ctxr,349920,616ba5b1aa41e7dfafd6cb1600bc0b55131e3e2d
textures/flatlist/ovr_stm/_win/ray_hand_u1.bmp.ctxr,textures/flatlist/ovr_stm/_win,ray_hand_u1.bmp.ctxr,ray_hand_u1.bmp,ctxr,87776,bf783a75aa27dae05184e420f3b900e9345c2b93
textures/flatlist/ovr_stm/_win/ray_hip_f1.bmp.ctxr,textures/flatlist/ovr_stm/_win,ray_hip_f1.bmp.ctxr,ray_hip_f1.bmp,ctxr,175168,bfd5b6d87842dbdb52cef183386594f494b6cf39
textures/flatlist/ovr_stm/_win/ray_leg1_s1.bmp.ctxr,textures/flatlist/ovr_stm/_win,ray_leg1_s1.bmp.ctxr,ray_leg1_s1.bmp,ctxr,699488,a1d9429f62a804959a751d574163d7625e97e454
textures/flatlist/ovr_stm/_win/ray_leg1_s1_sub_alp_ovl.bmp.ctxr,textures/flatlist/ovr_stm/_win,ray_leg1_s1_sub_alp_ovl.bmp.ctxr,ray_leg1_s1_sub_alp_ovl.bmp,ctxr,524448,f0b07a256cdcf9a661c7171d422621b92d518e81
textures/flatlist/ovr_stm/_win/ray_leg2_s1.bmp.ctxr,textures/flatlist/ovr_stm/_win,ray_leg2_s1.bmp.ctxr,ray_leg2_s1.bmp,ctxr,1398528,3dabb132bfb60248cf01c6e33d1d3fcc25fe394a
textures/flatlist/ovr_stm/_win/ray_lip_out.bmp.ctxr,textures/flatlist/ovr_stm/_win,ray_lip_out.bmp.ctxr,ray_lip_out.bmp,ctxr,44064,1a7067e847b3f05312f6bdb17219e342f0e1b510
textures/flatlist/ovr_stm/_win/ray_lip_out_sub_alp_ovl.bmp.ctxr,textures/flatlist/ovr_stm/_win,ray_lip_out_sub_alp_ovl.bmp.ctxr,ray_lip_out_sub_alp_ovl.bmp,ctxr,32928,ded6a1a36aa34b20194c3108f9391baca23d75cd
textures/flatlist/ovr_stm/_win/ray_mouth_temptex.bmp.ctxr,textures/flatlist/ovr_stm/_win,ray_mouth_temptex.bmp.ctxr,ray_mouth_temptex.bmp,ctxr,87744,374a8fd6fbb04de0358bd5a549c534bb1d0ff23a
textures/flatlist/ovr_stm/_win/ray_muzzle.bmp.ctxr,textures/flatlist/ovr_stm/_win,ray_muzzle.bmp.ctxr,ray_muzzle.bmp,ctxr,44064,abdc57b65755f72d0f5a44120a2fcf7899aeac5b
textures/flatlist/ovr_stm/_win/ray_muzzle_iner.bmp.ctxr,textures/flatlist/ovr_stm/_win,ray_muzzle_iner.bmp.ctxr,ray_muzzle_iner.bmp,ctxr,22176,01788e3b03a260a94b7cae8cf37cad8432f831b2
textures/flatlist/ovr_stm/_win/ray_neck_circle.bmp.ctxr,textures/flatlist/ovr_stm/_win,ray_neck_circle.bmp.ctxr,ray_neck_circle.bmp,ctxr,22176,f421050e65436f350b7415fcc7f51ea3680b6a13
textures/flatlist/ovr_stm/_win/ray_shoulder_circle.bmp.ctxr,textures/flatlist/ovr_stm/_win,ray_shoulder_circle.bmp.ctxr,ray_shoulder_circle.bmp,ctxr,87744,cd2946a57ea12e3fc11ce7d94180f59d45566597
textures/flatlist/ovr_stm/_win/ray_shoulder_f1.bmp.ctxr,textures/flatlist/ovr_stm/_win,ray_shoulder_f1.bmp.ctxr,ray_shoulder_f1.bmp,ctxr,349920,6163502322b4993afcff94f6eb364af969f950d1
textures/flatlist/ovr_stm/_win/ray_tail_s1x.bmp.ctxr,textures/flatlist/ovr_stm/_win,ray_tail_s1x.bmp.ctxr,ray_tail_s1x.bmp,ctxr,349952,c378ac8984709f042528f6753c800079ea790ac9
textures/flatlist/ovr_stm/_win/ray_tail_s1x_sub_alp_ovl.bmp.ctxr,textures/flatlist/ovr_stm/_win,ray_tail_s1x_sub_alp_ovl.bmp.ctxr,ray_tail_s1x_sub_alp_ovl.bmp,ctxr,262304,377fb79529b84b3d1d466fd6760023ef65faa2af
textures/flatlist/ovr_stm/_win/ray_tail_s2.bmp.ctxr,textures/flatlist/ovr_stm/_win,ray_tail_s2.bmp.ctxr,ray_tail_s2.bmp,ctxr,175168,05120d6c580e09672ad5cdfa1f492d0383ee191d
textures/flatlist/ovr_stm/_win/ray_temptex1.bmp.ctxr,textures/flatlist/ovr_stm/_win,ray_temptex1.bmp.ctxr,ray_temptex1.bmp,ctxr,87744,c47772d14bae3a766051f4dd797858a6c25c4c82
textures/flatlist/ovr_stm/_win/ray_temptex1_sub_alp_ovl.bmp.ctxr,textures/flatlist/ovr_stm/_win,ray_temptex1_sub_alp_ovl.bmp.ctxr,ray_temptex1_sub_alp_ovl.bmp,ctxr,65696,9a3a3a46887af749dbc3907b61e9d07e7f8dec04
textures/flatlist/ovr_stm/_win/ray_thigh_b1.bmp.ctxr,textures/flatlist/ovr_stm/_win,ray_thigh_b1.bmp.ctxr,ray_thigh_b1.bmp,ctxr,87744,ee81de7eece7baa9e1b2fa5aa62327b9353f31e7
textures/flatlist/ovr_stm/_win/ray_thigh_b1_sub_alp_ovl.bmp.ctxr,textures/flatlist/ovr_stm/_win,ray_thigh_b1_sub_alp_ovl.bmp.ctxr,ray_thigh_b1_sub_alp_ovl.bmp,ctxr,65696,da05c5ee7ccedbbde85721e42e4a81918dc37a40
textures/flatlist/ovr_stm/_win/ray_thigh_circle.bmp.ctxr,textures/flatlist/ovr_stm/_win,ray_thigh_circle.bmp.ctxr,ray_thigh_circle.bmp,ctxr,87744,35b8c20be4ee35174e264058377de067feddaeba
textures/flatlist/ovr_stm/_win/ray_thigh_t1.bmp.ctxr,textures/flatlist/ovr_stm/_win,ray_thigh_t1.bmp.ctxr,ray_thigh_t1.bmp,ctxr,2796672,66ccbcb3fef102b05f03a1315883655a977fd79a
textures/flatlist/ovr_stm/_win/ray_thigh_t1_sub_ovl_alp.bmp.ctxr,textures/flatlist/ovr_stm/_win,ray_thigh_t1_sub_ovl_alp.bmp.ctxr,ray_thigh_t1_sub_ovl_alp.bmp,ctxr,2097312,d602760051d24da7e6f1a3270eb0f83e8b5c387d
textures/flatlist/ovr_stm/_win/ray_thigh_u1.bmp.ctxr,textures/flatlist/ovr_stm/_win,ray_thigh_u1.bmp.ctxr,ray_thigh_u1.bmp,ctxr,349952,6ad316803829f1d74a406ec14c4a34d02c14b5c8
textures/flatlist/ovr_stm/_win/ray_tooth.bmp.ctxr,textures/flatlist/ovr_stm/_win,ray_tooth.bmp.ctxr,ray_tooth.bmp,ctxr,87744,6c75c6f3a9aafc02623097b44d4fb518636fe7cf
textures/flatlist/ovr_stm/_win/ray_waist_b1x.bmp.ctxr,textures/flatlist/ovr_stm/_win,ray_waist_b1x.bmp.ctxr,ray_waist_b1x.bmp,ctxr,175168,8adabbf39505d18f27172cf43df5129508a4f095
textures/flatlist/ovr_stm/_win/ray_waist_b1x_sub_alp_ovl.bmp.ctxr,textures/flatlist/ovr_stm/_win,ray_waist_b1x_sub_alp_ovl.bmp.ctxr,ray_waist_b1x_sub_alp_ovl.bmp,ctxr,131232,e2c00bd48131dae7f20014285186b94271b792ce
textures/flatlist/ovr_stm/_win/ray_waist_s1.bmp.ctxr,textures/flatlist/ovr_stm/_win,ray_waist_s1.bmp.ctxr,ray_waist_s1.bmp,ctxr,349920,777869d889ba7d1723118fe49b59c2fab7e8f60d
textures/flatlist/ovr_stm/_win/ray_waist_s1_sub_alp_ovl.bmp.ctxr,textures/flatlist/ovr_stm/_win,ray_waist_s1_sub_alp_ovl.bmp.ctxr,ray_waist_s1_sub_alp_ovl.bmp,ctxr,262304,d58517163b5b2494621ce9103e2038e3f3ce98a6
textures/flatlist/ovr_stm/_win/rgb_amo.bmp.ctxr,textures/flatlist/ovr_stm/_win,rgb_amo.bmp.ctxr,rgb_amo.bmp,ctxr,22176,399511f7af66cf8279ecf4f236c93db84b3b9186
textures/flatlist/ovr_stm/_win/rgb_amo_cartridge2.bmp.ctxr,textures/flatlist/ovr_stm/_win,rgb_amo_cartridge2.bmp.ctxr,rgb_amo_cartridge2.bmp,ctxr,44064,883ae611a7c44fdd84f5a91309fb94a1b21df791
textures/flatlist/ovr_stm/_win/rgb_sb_body.bmp.ctxr,textures/flatlist/ovr_stm/_win,rgb_sb_body.bmp.ctxr,rgb_sb_body.bmp,ctxr,175168,9c8939af4c7060445c86eafc2240fd312c5a7cdd
textures/flatlist/ovr_stm/_win/rgb_sb_body.bmp_2f0d86d85ea774f8976cc6b4aac67670.ctxr,textures/flatlist/ovr_stm/_win,rgb_sb_body.bmp_2f0d86d85ea774f8976cc6b4aac67670.ctxr,rgb_sb_body.bmp_2f0d86d85ea774f8976cc6b4aac67670,ctxr,175168,56476bb8c54b5b7979cf503137d1fe1b793d5beb
textures/flatlist/ovr_stm/_win/rgb_sb_muzzle.bmp.ctxr,textures/flatlist/ovr_stm/_win,rgb_sb_muzzle.bmp.ctxr,rgb_sb_muzzle.bmp,ctxr,44096,e900b5bc11f8e85b97b4a70f52318f89f7f12eaf
textures/flatlist/ovr_stm/_win/rgb_sb_muzzle.bmp_cd50a1055e9aaf1f63580648e71f4e0e.ctxr,textures/flatlist/ovr_stm/_win,rgb_sb_muzzle.bmp_cd50a1055e9aaf1f63580648e71f4e0e.ctxr,rgb_sb_muzzle.bmp_cd50a1055e9aaf1f63580648e71f4e0e,ctxr,44096,95078fb702ad1e7ee0b9ee7187f33d48014222e8
textures/flatlist/ovr_stm/_win/ros_arm2mc.bmp.ctxr,textures/flatlist/ovr_stm/_win,ros_arm2mc.bmp.ctxr,ros_arm2mc.bmp,ctxr,349920,21bab770422627b6271f2c5edcddd999a6022648
textures/flatlist/ovr_stm/_win/ros_armmc.bmp.ctxr,textures/flatlist/ovr_stm/_win,ros_armmc.bmp.ctxr,ros_armmc.bmp,ctxr,175168,4e148bcbf7003452518b0585d5ce1667fdb77030
textures/flatlist/ovr_stm/_win/ros_armmc_sub_alp_ovl.bmp.ctxr,textures/flatlist/ovr_stm/_win,ros_armmc_sub_alp_ovl.bmp.ctxr,ros_armmc_sub_alp_ovl.bmp,ctxr,131232,8f3b5358fdfb51627541b5fd40c9871d6cfd1b12
textures/flatlist/ovr_stm/_win/ros_bodymc.bmp.ctxr,textures/flatlist/ovr_stm/_win,ros_bodymc.bmp.ctxr,ros_bodymc.bmp,ctxr,699488,23227405bf8882c1535a88d42e8de9d9b54f8209
textures/flatlist/ovr_stm/_win/ros_clip.bmp.ctxr,textures/flatlist/ovr_stm/_win,ros_clip.bmp.ctxr,ros_clip.bmp,ctxr,3040,bafd005bc39392eba7863a83f59ba6673a21f113
textures/flatlist/ovr_stm/_win/ros_emc_ovl_mod1120_alp_emap.bmp.ctxr,textures/flatlist/ovr_stm/_win,ros_emc_ovl_mod1120_alp_emap.bmp.ctxr,ros_emc_ovl_mod1120_alp_emap.bmp,ctxr,349920,4c64257b0ab92918609db127e02f097da6e3848c
textures/flatlist/ovr_stm/_win/ros_fmc_ovl_mod1120_alp_emap.bmp.ctxr,textures/flatlist/ovr_stm/_win,ros_fmc_ovl_mod1120_alp_emap.bmp.ctxr,ros_fmc_ovl_mod1120_alp_emap.bmp,ctxr,87744,24214b7ab1061a019922f7e8e49f3ac68a8d6d44
textures/flatlist/ovr_stm/_win/ros_hair_p2mc.bmp.ctxr,textures/flatlist/ovr_stm/_win,ros_hair_p2mc.bmp.ctxr,ros_hair_p2mc.bmp,ctxr,699488,95cf75da951e636b57895ec0b15a9642b43580eb
textures/flatlist/ovr_stm/_win/ros_hair_p2mc_ovl_sub_alp.bmp.ctxr,textures/flatlist/ovr_stm/_win,ros_hair_p2mc_ovl_sub_alp.bmp.ctxr,ros_hair_p2mc_ovl_sub_alp.bmp,ctxr,524448,b7ac4ce5346144ac3b67b35a3f325a684fa951e8
textures/flatlist/ovr_stm/_win/ros_hair_p4mc.bmp.ctxr,textures/flatlist/ovr_stm/_win,ros_hair_p4mc.bmp.ctxr,ros_hair_p4mc.bmp,ctxr,699488,6d7f043ef6e630d16ffbdfec14993f5be86fcc83
textures/flatlist/ovr_stm/_win/ros_hair_p4mc_sub_ovl_alp.bmp.ctxr,textures/flatlist/ovr_stm/_win,ros_hair_p4mc_sub_ovl_alp.bmp.ctxr,ros_hair_p4mc_sub_ovl_alp.bmp,ctxr,524448,2c9dc5649e1bfc906f540b70917d960a723dd115
textures/flatlist/ovr_stm/_win/ros_hair_p6mc_alp_ovl.bmp.ctxr,textures/flatlist/ovr_stm/_win,ros_hair_p6mc_alp_ovl.bmp.ctxr,ros_hair_p6mc_alp_ovl.bmp,ctxr,699488,b3484c85c0d39d9bd68507d80d1d070ed31065cb
textures/flatlist/ovr_stm/_win/ros_handmc.bmp.ctxr,textures/flatlist/ovr_stm/_win,ros_handmc.bmp.ctxr,ros_handmc.bmp,ctxr,175168,8fc81a431cb7c9818328bff364fdf7e56d8745fc
textures/flatlist/ovr_stm/_win/ros_handmc_ovl_sub_alp.bmp.ctxr,textures/flatlist/ovr_stm/_win,ros_handmc_ovl_sub_alp.bmp.ctxr,ros_handmc_ovl_sub_alp.bmp,ctxr,131232,b6519278e3d16edc6f5c335d61ed43c047328755
textures/flatlist/ovr_stm/_win/ros_hi_eyemc.bmp.ctxr,textures/flatlist/ovr_stm/_win,ros_hi_eyemc.bmp.ctxr,ros_hi_eyemc.bmp,ctxr,87744,db81faa1cd86198e5401dcb444a069074f1bf7f6
textures/flatlist/ovr_stm/_win/ros_hi_eyemc_ovl_sub_alp.bmp.ctxr,textures/flatlist/ovr_stm/_win,ros_hi_eyemc_ovl_sub_alp.bmp.ctxr,ros_hi_eyemc_ovl_sub_alp.bmp,ctxr,65696,4cd9583deee2e731d6fcb77700f77f51523cb1c3
textures/flatlist/ovr_stm/_win/ros_hi_eyermc.bmp.ctxr,textures/flatlist/ovr_stm/_win,ros_hi_eyermc.bmp.ctxr,ros_hi_eyermc.bmp,ctxr,87744,03ac0a9540a71a5be71b520fa7f806444d150e43
textures/flatlist/ovr_stm/_win/ros_hi_eyermc_ovl_sub_alp.bmp.ctxr,textures/flatlist/ovr_stm/_win,ros_hi_eyermc_ovl_sub_alp.bmp.ctxr,ros_hi_eyermc_ovl_sub_alp.bmp,ctxr,65696,ca6b8743ccbc7b67172a22b1989e0afd1f651a3d
textures/flatlist/ovr_stm/_win/ros_hi_facemc.bmp.ctxr,textures/flatlist/ovr_stm/_win,ros_hi_facemc.bmp.ctxr,ros_hi_facemc.bmp,ctxr,2796672,6bee1a234b565270eda917aeaf8d6b776c53ea0d
textures/flatlist/ovr_stm/_win/ros_hi_facemc_ovl_sub_alp.bmp.ctxr,textures/flatlist/ovr_stm/_win,ros_hi_facemc_ovl_sub_alp.bmp.ctxr,ros_hi_facemc_ovl_sub_alp.bmp,ctxr,2097312,da6a1f30441bc0e3aa6460d59839bc3ccfff2c9b
textures/flatlist/ovr_stm/_win/ros_hi_face_rmc.bmp.ctxr,textures/flatlist/ovr_stm/_win,ros_hi_face_rmc.bmp.ctxr,ros_hi_face_rmc.bmp,ctxr,2796672,afe40c4ebb444077e2a649c86211dcbee1562fd0
textures/flatlist/ovr_stm/_win/ros_hi_mtg_rmc_alp_ovl.bmp.ctxr,textures/flatlist/ovr_stm/_win,ros_hi_mtg_rmc_alp_ovl.bmp.ctxr,ros_hi_mtg_rmc_alp_ovl.bmp,ctxr,175168,e74679bb9720bf5f5843a083b943f1595879f1ce
textures/flatlist/ovr_stm/_win/ros_hi_tang01dt.bmp.ctxr,textures/flatlist/ovr_stm/_win,ros_hi_tang01dt.bmp.ctxr,ros_hi_tang01dt.bmp,ctxr,22176,62b3ca2e07e0e49692dc3b95be3074ee99d90501
textures/flatlist/ovr_stm/_win/ros_hi_teeth_d.bmp.ctxr,textures/flatlist/ovr_stm/_win,ros_hi_teeth_d.bmp.ctxr,ros_hi_teeth_d.bmp,ctxr,87744,1cf061cf7842078f99f1e21d4064c05dd59d34cb
textures/flatlist/ovr_stm/_win/ros_hi_teeth_u.bmp.ctxr,textures/flatlist/ovr_stm/_win,ros_hi_teeth_u.bmp.ctxr,ros_hi_teeth_u.bmp,ctxr,87744,a5d011b54b6af1e59e433ae945450ab87d922128
textures/flatlist/ovr_stm/_win/ros_hmc_ovl_mod1120_alp_emap.bmp.ctxr,textures/flatlist/ovr_stm/_win,ros_hmc_ovl_mod1120_alp_emap.bmp.ctxr,ros_hmc_ovl_mod1120_alp_emap.bmp,ctxr,349920,da4d227105bd5b7aebccfe869af3a7986af36f73
textures/flatlist/ovr_stm/_win/ros_id.bmp.ctxr,textures/flatlist/ovr_stm/_win,ros_id.bmp.ctxr,ros_id.bmp,ctxr,349920,a61ac230a72a23f2235e6c914641c62669befe4c
textures/flatlist/ovr_stm/_win/ros_pants.bmp.ctxr,textures/flatlist/ovr_stm/_win,ros_pants.bmp.ctxr,ros_pants.bmp,ctxr,699488,6f67bb2547fe653904a904421b5c8d2b38a025f9
textures/flatlist/ovr_stm/_win/ros_shirts2mc.bmp.ctxr,textures/flatlist/ovr_stm/_win,ros_shirts2mc.bmp.ctxr,ros_shirts2mc.bmp,ctxr,44064,58460f19ea2dd9a29abe1c5b4369e0232b3c74d6
textures/flatlist/ovr_stm/_win/ros_shirtsmc.bmp.ctxr,textures/flatlist/ovr_stm/_win,ros_shirtsmc.bmp.ctxr,ros_shirtsmc.bmp,ctxr,175168,57557d4225399b2edf58794b92b77ead6a7a7694
textures/flatlist/ovr_stm/_win/ros_shoes.bmp.ctxr,textures/flatlist/ovr_stm/_win,ros_shoes.bmp.ctxr,ros_shoes.bmp,ctxr,175168,5c5081e5f18ff0784d92e39d1bf25b4bc6f3bb35
textures/flatlist/ovr_stm/_win/saa_all_kimu.bmp.ctxr,textures/flatlist/ovr_stm/_win,saa_all_kimu.bmp.ctxr,saa_all_kimu.bmp,ctxr,175168,16dc7f0f1f2365aa4a62fa17c68b290f21b3a105
textures/flatlist/ovr_stm/_win/sbm_back_01.bmp.ctxr,textures/flatlist/ovr_stm/_win,sbm_back_01.bmp.ctxr,sbm_back_01.bmp,ctxr,1398528,12d329f5de1dc293072d60a44504fdc3f27221a0
textures/flatlist/ovr_stm/_win/sbm_body_01.bmp.ctxr,textures/flatlist/ovr_stm/_win,sbm_body_01.bmp.ctxr,sbm_body_01.bmp,ctxr,1398528,ec6d90a64abf5ea7687a3e2b589cc6073b8f7a89
textures/flatlist/ovr_stm/_win/sbm_camera_01.bmp.ctxr,textures/flatlist/ovr_stm/_win,sbm_camera_01.bmp.ctxr,sbm_camera_01.bmp,ctxr,11264,88b27cba1df7d0d4cc2286c4cdd92490529237d8
textures/flatlist/ovr_stm/_win/sbm_head_02.bmp.ctxr,textures/flatlist/ovr_stm/_win,sbm_head_02.bmp.ctxr,sbm_head_02.bmp,ctxr,699488,77ae8ed5a2a6a228e80eeb35a5114e6f16765735
textures/flatlist/ovr_stm/_win/sbm_pera_cover_01.bmp.ctxr,textures/flatlist/ovr_stm/_win,sbm_pera_cover_01.bmp.ctxr,sbm_pera_cover_01.bmp,ctxr,44064,17f568bea72d4580a24ff99a297e33af4fce4577
textures/flatlist/ovr_stm/_win/sbm_stick_01.bmp.ctxr,textures/flatlist/ovr_stm/_win,sbm_stick_01.bmp.ctxr,sbm_stick_01.bmp,ctxr,11296,792427fc953aebaeccc217c3396c29e91d769770
textures/flatlist/ovr_stm/_win/sbm_tank_01.bmp.ctxr,textures/flatlist/ovr_stm/_win,sbm_tank_01.bmp.ctxr,sbm_tank_01.bmp,ctxr,87776,902edcfc19c0d971b154d234974cb08159bb0ac9
textures/flatlist/ovr_stm/_win/sbm_wing_01.bmp.ctxr,textures/flatlist/ovr_stm/_win,sbm_wing_01.bmp.ctxr,sbm_wing_01.bmp,ctxr,44064,6eadcf6e9e6a98b4c5e133852fa21f7d95e72525
textures/flatlist/ovr_stm/_win/scm_sb_hammer.bmp.ctxr,textures/flatlist/ovr_stm/_win,scm_sb_hammer.bmp.ctxr,scm_sb_hammer.bmp,ctxr,5792,d05c4fbe360ce17ed2a77bcba4a1529cbc33cab0
textures/flatlist/ovr_stm/_win/scm_sb_s.bmp.ctxr,textures/flatlist/ovr_stm/_win,scm_sb_s.bmp.ctxr,scm_sb_s.bmp,ctxr,175168,fb3d7b4295f9f8e8aebbc4df9df596cba7a43d59
textures/flatlist/ovr_stm/_win/scm_sb_sp.bmp.ctxr,textures/flatlist/ovr_stm/_win,scm_sb_sp.bmp.ctxr,scm_sb_sp.bmp,ctxr,44064,63ca02724f6dec1f615dc201566f6cf76d36b572
textures/flatlist/ovr_stm/_win/scm_sb_temp.bmp.ctxr,textures/flatlist/ovr_stm/_win,scm_sb_temp.bmp.ctxr,scm_sb_temp.bmp,ctxr,87744,99861f0c4d6abc181dfad478d20e7790b8b78cc4
textures/flatlist/ovr_stm/_win/sel_arm_l.bmp.ctxr,textures/flatlist/ovr_stm/_win,sel_arm_l.bmp.ctxr,sel_arm_l.bmp,ctxr,349920,047e7dc85d4d6ed312fd4ce75043b220af10b9b0
textures/flatlist/ovr_stm/_win/sel_arm_lblood.bmp.ctxr,textures/flatlist/ovr_stm/_win,sel_arm_lblood.bmp.ctxr,sel_arm_lblood.bmp,ctxr,349920,636782a659a8c976e0d1d48262116ecbcf051a44
textures/flatlist/ovr_stm/_win/sel_arm_r.bmp.ctxr,textures/flatlist/ovr_stm/_win,sel_arm_r.bmp.ctxr,sel_arm_r.bmp,ctxr,349920,9ea80b0e1d0e46df3aaceaa4b3cbe14286c61772
textures/flatlist/ovr_stm/_win/sel_arm_rblood.bmp.ctxr,textures/flatlist/ovr_stm/_win,sel_arm_rblood.bmp.ctxr,sel_arm_rblood.bmp,ctxr,349920,3773b608cc196a5810ff1cdcb5758a616e43b653
textures/flatlist/ovr_stm/_win/sel_arm_rblood2.bmp.ctxr,textures/flatlist/ovr_stm/_win,sel_arm_rblood2.bmp.ctxr,sel_arm_rblood2.bmp,ctxr,349920,51a18fc5c94d707817293b6444aa391c25268aee
textures/flatlist/ovr_stm/_win/sel_bag1blood.bmp.ctxr,textures/flatlist/ovr_stm/_win,sel_bag1blood.bmp.ctxr,sel_bag1blood.bmp,ctxr,44064,d24fb4bd4cfc8f0eed778f15425df4805b7ea87d
textures/flatlist/ovr_stm/_win/sel_bag2.bmp.ctxr,textures/flatlist/ovr_stm/_win,sel_bag2.bmp.ctxr,sel_bag2.bmp,ctxr,87744,50cd3df2ebf39f1e75344f94e1251edc56f593ae
textures/flatlist/ovr_stm/_win/sel_bag2blood.bmp.ctxr,textures/flatlist/ovr_stm/_win,sel_bag2blood.bmp.ctxr,sel_bag2blood.bmp,ctxr,87744,13593bc8bd846f6e44c099d21d12998cf9809e01
textures/flatlist/ovr_stm/_win/sel_bag3.bmp.ctxr,textures/flatlist/ovr_stm/_win,sel_bag3.bmp.ctxr,sel_bag3.bmp,ctxr,87744,1e230c829f6049fcac19833ec95259c0e9186590
textures/flatlist/ovr_stm/_win/sel_bag3blood.bmp.ctxr,textures/flatlist/ovr_stm/_win,sel_bag3blood.bmp.ctxr,sel_bag3blood.bmp,ctxr,87744,f46b29821ce865fec9492fa0d2d77abc7942500a
textures/flatlist/ovr_stm/_win/sel_bag4.bmp.ctxr,textures/flatlist/ovr_stm/_win,sel_bag4.bmp.ctxr,sel_bag4.bmp,ctxr,87744,e8b58677559596aa57b0228cffbe6bae458a7fa6
textures/flatlist/ovr_stm/_win/sel_bag4blood.bmp.ctxr,textures/flatlist/ovr_stm/_win,sel_bag4blood.bmp.ctxr,sel_bag4blood.bmp,ctxr,87744,251ad07e5f6bde0cfe43f850602fb7b00c448df3
textures/flatlist/ovr_stm/_win/sel_belt.bmp.ctxr,textures/flatlist/ovr_stm/_win,sel_belt.bmp.ctxr,sel_belt.bmp,ctxr,87776,9c43dfa3b7e9449d2ce533447c70b2aa0639104f
textures/flatlist/ovr_stm/_win/sel_body.bmp.ctxr,textures/flatlist/ovr_stm/_win,sel_body.bmp.ctxr,sel_body.bmp,ctxr,699488,cbe136ba67c4522a7e5214e7f84270cd31906db8
textures/flatlist/ovr_stm/_win/sel_bodyblood.bmp.ctxr,textures/flatlist/ovr_stm/_win,sel_bodyblood.bmp.ctxr,sel_bodyblood.bmp,ctxr,699488,c35b3c872745348b7201bfe49e4c44b654c30b26
textures/flatlist/ovr_stm/_win/sel_bodyblood2.bmp.ctxr,textures/flatlist/ovr_stm/_win,sel_bodyblood2.bmp.ctxr,sel_bodyblood2.bmp,ctxr,699488,27741786d543307bfed0a614d0fdb6b99c3e863d
textures/flatlist/ovr_stm/_win/sel_bodyblood3.bmp.ctxr,textures/flatlist/ovr_stm/_win,sel_bodyblood3.bmp.ctxr,sel_bodyblood3.bmp,ctxr,699488,56fc26a1457ffc3bc1b3f922c2e5f3e1c1de516e
textures/flatlist/ovr_stm/_win/sel_boots.bmp.ctxr,textures/flatlist/ovr_stm/_win,sel_boots.bmp.ctxr,sel_boots.bmp,ctxr,349920,39a69bb48e5439085ae070bd658d02788f879f78
textures/flatlist/ovr_stm/_win/sel_eyebig_blood.bmp.ctxr,textures/flatlist/ovr_stm/_win,sel_eyebig_blood.bmp.ctxr,sel_eyebig_blood.bmp,ctxr,44064,8dc297dad53c85cbfa3412361477a2290d36f091
textures/flatlist/ovr_stm/_win/sel_eyebig_surp.bmp.ctxr,textures/flatlist/ovr_stm/_win,sel_eyebig_surp.bmp.ctxr,sel_eyebig_surp.bmp,ctxr,44064,97727115766735ab7259c25568fbf680880a82c0
textures/flatlist/ovr_stm/_win/sel_eyelittle0.bmp.ctxr,textures/flatlist/ovr_stm/_win,sel_eyelittle0.bmp.ctxr,sel_eyelittle0.bmp,ctxr,44064,a0218f98429efc58161119ea24a8deee4d70e087
textures/flatlist/ovr_stm/_win/sel_eyelittle1.bmp.ctxr,textures/flatlist/ovr_stm/_win,sel_eyelittle1.bmp.ctxr,sel_eyelittle1.bmp,ctxr,44064,0686fb65e2f85171d148eec9cb29efc0b1cf81a3
textures/flatlist/ovr_stm/_win/sel_eye_a0.bmp.ctxr,textures/flatlist/ovr_stm/_win,sel_eye_a0.bmp.ctxr,sel_eye_a0.bmp,ctxr,44064,431a7524bc24c4bbe5b86e8122fb72db10bcf2e0
textures/flatlist/ovr_stm/_win/sel_eye_a1.bmp.ctxr,textures/flatlist/ovr_stm/_win,sel_eye_a1.bmp.ctxr,sel_eye_a1.bmp,ctxr,44064,98a915247ccccc57a0dad0533a118bbe2a2ad952
textures/flatlist/ovr_stm/_win/sel_eye_b0.bmp.ctxr,textures/flatlist/ovr_stm/_win,sel_eye_b0.bmp.ctxr,sel_eye_b0.bmp,ctxr,44064,8e1a145b9f2d99e158ad28c4ef48c09817729c71
textures/flatlist/ovr_stm/_win/sel_eye_b1.bmp.ctxr,textures/flatlist/ovr_stm/_win,sel_eye_b1.bmp.ctxr,sel_eye_b1.bmp,ctxr,44064,a51d3d909e82c79d0b0f1aaf07624f9d99af17db
textures/flatlist/ovr_stm/_win/sel_eye_b1_blood.bmp.ctxr,textures/flatlist/ovr_stm/_win,sel_eye_b1_blood.bmp.ctxr,sel_eye_b1_blood.bmp,ctxr,44064,a20c3596f087cca54ca6ca9fbc9d9bc3e1a24fd5
textures/flatlist/ovr_stm/_win/sel_eye_c0.bmp.ctxr,textures/flatlist/ovr_stm/_win,sel_eye_c0.bmp.ctxr,sel_eye_c0.bmp,ctxr,44064,50c043798295e330d901e7b163fd598edf4e5b2e
textures/flatlist/ovr_stm/_win/sel_eye_c1.bmp.ctxr,textures/flatlist/ovr_stm/_win,sel_eye_c1.bmp.ctxr,sel_eye_c1.bmp,ctxr,44064,c4f467a3b67e33948a7ffb9464ffd7252de5168d
textures/flatlist/ovr_stm/_win/sel_eye_d0.bmp.ctxr,textures/flatlist/ovr_stm/_win,sel_eye_d0.bmp.ctxr,sel_eye_d0.bmp,ctxr,44064,6f7d16c7db067fe0a152ec53815ebddc991910b4
textures/flatlist/ovr_stm/_win/sel_eye_d1.bmp.ctxr,textures/flatlist/ovr_stm/_win,sel_eye_d1.bmp.ctxr,sel_eye_d1.bmp,ctxr,44064,1bcac5f79fd5b290f5fe4d945c8843ebabffadfe
textures/flatlist/ovr_stm/_win/sel_eye_e0.bmp.ctxr,textures/flatlist/ovr_stm/_win,sel_eye_e0.bmp.ctxr,sel_eye_e0.bmp,ctxr,44064,8dd225cecbd5560e0afb7876babe9c0120266a93
textures/flatlist/ovr_stm/_win/sel_eye_e1.bmp.ctxr,textures/flatlist/ovr_stm/_win,sel_eye_e1.bmp.ctxr,sel_eye_e1.bmp,ctxr,44064,171a6098fa35e99b71e15a4d8635920d1ba1aa4a
textures/flatlist/ovr_stm/_win/sel_folder.bmp.ctxr,textures/flatlist/ovr_stm/_win,sel_folder.bmp.ctxr,sel_folder.bmp,ctxr,349920,75700f2da42b6e0709974279716c4a31a8dbcd4a
textures/flatlist/ovr_stm/_win/sel_hand.bmp.ctxr,textures/flatlist/ovr_stm/_win,sel_hand.bmp.ctxr,sel_hand.bmp,ctxr,349920,371a3ea55e4af0faf5cf9c49fa1e8764de1d4edc
textures/flatlist/ovr_stm/_win/sel_leg.bmp.ctxr,textures/flatlist/ovr_stm/_win,sel_leg.bmp.ctxr,sel_leg.bmp,ctxr,699488,b42a5a7f180f197653d2e3b9ce4f660c32d1597d
textures/flatlist/ovr_stm/_win/sel_legblood2.bmp.ctxr,textures/flatlist/ovr_stm/_win,sel_legblood2.bmp.ctxr,sel_legblood2.bmp,ctxr,699488,72339c3566f88ca548150ec3ceafd1fdd63c84fc
textures/flatlist/ovr_stm/_win/sel_mask.bmp.ctxr,textures/flatlist/ovr_stm/_win,sel_mask.bmp.ctxr,sel_mask.bmp,ctxr,349920,2063056cd0ed381d15b8e17df1e11531b87ddcc0
textures/flatlist/ovr_stm/_win/sel_mask_blood2.bmp.ctxr,textures/flatlist/ovr_stm/_win,sel_mask_blood2.bmp.ctxr,sel_mask_blood2.bmp,ctxr,349920,028cb6f5dc4aa628052081aa2f41e557008767c3
textures/flatlist/ovr_stm/_win/sel_mask_blood3.bmp.ctxr,textures/flatlist/ovr_stm/_win,sel_mask_blood3.bmp.ctxr,sel_mask_blood3.bmp,ctxr,349920,2e9dcb4041207e20e2256db1d460d2ecb9dfe719
textures/flatlist/ovr_stm/_win/sel_sling1_alp_ovl.bmp.ctxr,textures/flatlist/ovr_stm/_win,sel_sling1_alp_ovl.bmp.ctxr,sel_sling1_alp_ovl.bmp,ctxr,3040,b7799b81ded5212b849030a74464f8a8bbf933ad
textures/flatlist/ovr_stm/_win/sel_sling2_alp_ovl.bmp.ctxr,textures/flatlist/ovr_stm/_win,sel_sling2_alp_ovl.bmp.ctxr,sel_sling2_alp_ovl.bmp,ctxr,3040,68155e618d7530632c1201be51875d56c0a8b107
textures/flatlist/ovr_stm/_win/sel_sling3.bmp.ctxr,textures/flatlist/ovr_stm/_win,sel_sling3.bmp.ctxr,sel_sling3.bmp,ctxr,1632,4999dbb135c70191ff131712271456d074b92dca
textures/flatlist/ovr_stm/_win/sen2.bmp.ctxr,textures/flatlist/ovr_stm/_win,sen2.bmp.ctxr,sen2.bmp,ctxr,349920,1a3f00ac9e50a022562bc1a493207a8f54cb3b8c
textures/flatlist/ovr_stm/_win/shuukanshi_01.bmp.ctxr,textures/flatlist/ovr_stm/_win,shuukanshi_01.bmp.ctxr,shuukanshi_01.bmp,ctxr,349920,0ffaf8fc11e60601914fd22fe1a3286a389f57b1
textures/flatlist/ovr_stm/_win/sna_arm_ss.bmp.ctxr,textures/flatlist/ovr_stm/_win,sna_arm_ss.bmp.ctxr,sna_arm_ss.bmp,ctxr,349920,747deb43969305e0ad2a3f59c8a263b985486fd6
textures/flatlist/ovr_stm/_win/sna_bandana_msk.bmp.ctxr,textures/flatlist/ovr_stm/_win,sna_bandana_msk.bmp.ctxr,sna_bandana_msk.bmp,ctxr,44096,7894427ba4169827e13f5534e454c0985268ad6e
textures/flatlist/ovr_stm/_win/sna_belt_leg.bmp.ctxr,textures/flatlist/ovr_stm/_win,sna_belt_leg.bmp.ctxr,sna_belt_leg.bmp,ctxr,22240,8a42dfda9bb11dd1f5b3c938cb518c1be5af07ae
textures/flatlist/ovr_stm/_win/sna_body_ss01dt.bmp.ctxr,textures/flatlist/ovr_stm/_win,sna_body_ss01dt.bmp.ctxr,sna_body_ss01dt.bmp,ctxr,699488,3debb130fdaac6dd3d2781ef3102ac493c418d3d
textures/flatlist/ovr_stm/_win/sna_foot01dt.bmp.ctxr,textures/flatlist/ovr_stm/_win,sna_foot01dt.bmp.ctxr,sna_foot01dt.bmp,ctxr,87744,04adc6036da2091646d766781fb1ce6b5e10c3ed
textures/flatlist/ovr_stm/_win/sna_hair1_alp_ovl.bmp.ctxr,textures/flatlist/ovr_stm/_win,sna_hair1_alp_ovl.bmp.ctxr,sna_hair1_alp_ovl.bmp,ctxr,55456,970b4e09afa0b98d3b6c6872c521c54863be84fb
textures/flatlist/ovr_stm/_win/sna_hair2dt_alp_ovl.bmp.ctxr,textures/flatlist/ovr_stm/_win,sna_hair2dt_alp_ovl.bmp.ctxr,sna_hair2dt_alp_ovl.bmp,ctxr,349920,9d465e5d700ef29b6760ae03daf08a57889dae6d
textures/flatlist/ovr_stm/_win/sna_hair3.bmp.ctxr,textures/flatlist/ovr_stm/_win,sna_hair3.bmp.ctxr,sna_hair3.bmp,ctxr,44064,730a8a9228888094df8b4f1b94205c8bdb1623cc
textures/flatlist/ovr_stm/_win/sna_hand1dt.bmp.ctxr,textures/flatlist/ovr_stm/_win,sna_hand1dt.bmp.ctxr,sna_hand1dt.bmp,ctxr,44064,675d5cd9bcc94143efaa3e2848a1c039f5f17774
textures/flatlist/ovr_stm/_win/sna_hand2.bmp.ctxr,textures/flatlist/ovr_stm/_win,sna_hand2.bmp.ctxr,sna_hand2.bmp,ctxr,1632,3e3fa39760ffecceffe8f8e9965aac02bf68871f
textures/flatlist/ovr_stm/_win/sna_hi_bdn01dt.bmp.ctxr,textures/flatlist/ovr_stm/_win,sna_hi_bdn01dt.bmp.ctxr,sna_hi_bdn01dt.bmp,ctxr,87808,b8df5132b9e5c40354556498a95b769716421508
textures/flatlist/ovr_stm/_win/sna_hi_ela01_alp_ovl.bmp.ctxr,textures/flatlist/ovr_stm/_win,sna_hi_ela01_alp_ovl.bmp.ctxr,sna_hi_ela01_alp_ovl.bmp,ctxr,87776,bacdf800f8d5b7d1d5b690098029efebc4e9951d
textures/flatlist/ovr_stm/_win/sna_hi_eye01dt.bmp.ctxr,textures/flatlist/ovr_stm/_win,sna_hi_eye01dt.bmp.ctxr,sna_hi_eye01dt.bmp,ctxr,11264,7938a1d3d1e5ac3e714d36d48f01303e214634d8
textures/flatlist/ovr_stm/_win/sna_hi_face01dt.bmp.ctxr,textures/flatlist/ovr_stm/_win,sna_hi_face01dt.bmp.ctxr,sna_hi_face01dt.bmp,ctxr,1398560,d7468043534b2758524f3a9f933b970c76287b03
textures/flatlist/ovr_stm/_win/sna_leg_r01dt.bmp.ctxr,textures/flatlist/ovr_stm/_win,sna_leg_r01dt.bmp.ctxr,sna_leg_r01dt.bmp,ctxr,175168,12021894177aa42c4cd16df3355213135294ae8f
textures/flatlist/ovr_stm/_win/sna_leg_ss.bmp.ctxr,textures/flatlist/ovr_stm/_win,sna_leg_ss.bmp.ctxr,sna_leg_ss.bmp,ctxr,349920,171023eae8ddf17e65c06b3190ea67aaae0afdc1
textures/flatlist/ovr_stm/_win/sna_m9_glip.bmp.ctxr,textures/flatlist/ovr_stm/_win,sna_m9_glip.bmp.ctxr,sna_m9_glip.bmp,ctxr,44064,2ef497871c7eed7ef3bdf6456f07700bfd31873d
textures/flatlist/ovr_stm/_win/sna_p1dt.bmp.ctxr,textures/flatlist/ovr_stm/_win,sna_p1dt.bmp.ctxr,sna_p1dt.bmp,ctxr,87744,097c159178eac3f5f3e7670c4eaf1756c514d4e4
textures/flatlist/ovr_stm/_win/sna_shoul01dt.bmp.ctxr,textures/flatlist/ovr_stm/_win,sna_shoul01dt.bmp.ctxr,sna_shoul01dt.bmp,ctxr,175200,0b690bac07a13fdf9696308af9b475292f1f4bef
textures/flatlist/ovr_stm/_win/sna_toe01dt.bmp.ctxr,textures/flatlist/ovr_stm/_win,sna_toe01dt.bmp.ctxr,sna_toe01dt.bmp,ctxr,87744,6ec18ee9780809313af01dc81b5e764399097bfb
textures/flatlist/ovr_stm/_win/sofa00.bmp.ctxr,textures/flatlist/ovr_stm/_win,sofa00.bmp.ctxr,sofa00.bmp,ctxr,175168,3bee7c9cacde61fb0501e686821fc6dda72d081c
textures/flatlist/ovr_stm/_win/sofa01.bmp.ctxr,textures/flatlist/ovr_stm/_win,sofa01.bmp.ctxr,sofa01.bmp,ctxr,87744,c0be643789af32dc81111d1dd98178e48a9f17fd
textures/flatlist/ovr_stm/_win/sohakopfr.bmp.ctxr,textures/flatlist/ovr_stm/_win,sohakopfr.bmp.ctxr,sohakopfr.bmp,ctxr,175168,c3c919edae596cc5c24997a47b06ad894dce5afe
textures/flatlist/ovr_stm/_win/sohakopsideup.bmp.ctxr,textures/flatlist/ovr_stm/_win,sohakopsideup.bmp.ctxr,sohakopsideup.bmp,ctxr,87776,d51c530ca52b03ccdcf71057507b7fe47353a6dd
textures/flatlist/ovr_stm/_win/sol_hige_alp_ovl.bmp.ctxr,textures/flatlist/ovr_stm/_win,sol_hige_alp_ovl.bmp.ctxr,sol_hige_alp_ovl.bmp,ctxr,87776,5c037ba713ca1026150df8a0817d9116d1f07c78
textures/flatlist/ovr_stm/_win/sol_hi_face02_ovl_sub_alp.bmp.ctxr,textures/flatlist/ovr_stm/_win,sol_hi_face02_ovl_sub_alp.bmp.ctxr,sol_hi_face02_ovl_sub_alp.bmp,ctxr,2097312,047cc0f912ddf345167f11edac8cb6398723dd1d
textures/flatlist/ovr_stm/_win/sol_hi_face02_tmp.bmp.ctxr,textures/flatlist/ovr_stm/_win,sol_hi_face02_tmp.bmp.ctxr,sol_hi_face02_tmp.bmp,ctxr,2796672,014cdfed36a7d231a655f4a1e8608e359bdbc02d
textures/flatlist/ovr_stm/_win/sol_hi_face_d1_ovl_sub_alp.bmp.ctxr,textures/flatlist/ovr_stm/_win,sol_hi_face_d1_ovl_sub_alp.bmp.ctxr,sol_hi_face_d1_ovl_sub_alp.bmp,ctxr,2097312,03d1fb2137f0ac62acd4e9d7f00d9c978998f1e9
textures/flatlist/ovr_stm/_win/sol_hi_face_d2_ovl_sub_alp.bmp.ctxr,textures/flatlist/ovr_stm/_win,sol_hi_face_d2_ovl_sub_alp.bmp.ctxr,sol_hi_face_d2_ovl_sub_alp.bmp,ctxr,524448,3662f476cd8670e48b7705a57aeb8e2d0e2bc7d2
textures/flatlist/ovr_stm/_win/sol_hi_face_dt01.bmp.ctxr,textures/flatlist/ovr_stm/_win,sol_hi_face_dt01.bmp.ctxr,sol_hi_face_dt01.bmp,ctxr,2796672,0de4471c3157d958dcbc794d57ff03f1b3b26c6c
textures/flatlist/ovr_stm/_win/sol_hi_face_dt02.bmp.ctxr,textures/flatlist/ovr_stm/_win,sol_hi_face_dt02.bmp.ctxr,sol_hi_face_dt02.bmp,ctxr,699488,29b73ebef5daa1411b49485aad9c2979735c58db
textures/flatlist/ovr_stm/_win/sol_hri_arm01.bmp.ctxr,textures/flatlist/ovr_stm/_win,sol_hri_arm01.bmp.ctxr,sol_hri_arm01.bmp,ctxr,349920,ee421ea3fef4f00d03c0254b53a13c8b0bae34a0
textures/flatlist/ovr_stm/_win/sol_hri_belt01.bmp.ctxr,textures/flatlist/ovr_stm/_win,sol_hri_belt01.bmp.ctxr,sol_hri_belt01.bmp,ctxr,11296,dcc84c5d99b62fb3710ab9b88cc101253ab41735
textures/flatlist/ovr_stm/_win/sol_hri_body01.bmp.ctxr,textures/flatlist/ovr_stm/_win,sol_hri_body01.bmp.ctxr,sol_hri_body01.bmp,ctxr,349920,5e88ccc0e058869f78511988b58faa7d14311e6d
textures/flatlist/ovr_stm/_win/sol_hri_body02.bmp.ctxr,textures/flatlist/ovr_stm/_win,sol_hri_body02.bmp.ctxr,sol_hri_body02.bmp,ctxr,175168,0e7b7af2a6e945f0a74be313afc5f3d6f0ac25a4
textures/flatlist/ovr_stm/_win/sol_hri_face01.bmp.ctxr,textures/flatlist/ovr_stm/_win,sol_hri_face01.bmp.ctxr,sol_hri_face01.bmp,ctxr,699488,9bb45b33473eceecd885b695603fa672c17f70b7
textures/flatlist/ovr_stm/_win/sol_hri_hair01.bmp.ctxr,textures/flatlist/ovr_stm/_win,sol_hri_hair01.bmp.ctxr,sol_hri_hair01.bmp,ctxr,349920,7772d05e1d39bf28037d19adf1d1da0afeb05d9d
textures/flatlist/ovr_stm/_win/sol_hri_leg01.bmp.ctxr,textures/flatlist/ovr_stm/_win,sol_hri_leg01.bmp.ctxr,sol_hri_leg01.bmp,ctxr,349920,6b8de1a25b9f5720de515530932e4ca11ce37510
textures/flatlist/ovr_stm/_win/sol_hri_muscle01.bmp.ctxr,textures/flatlist/ovr_stm/_win,sol_hri_muscle01.bmp.ctxr,sol_hri_muscle01.bmp,ctxr,87744,e4c8380a8de28dbfe1493d0a77023be822391a5b
textures/flatlist/ovr_stm/_win/sol_hri_neck01.bmp.ctxr,textures/flatlist/ovr_stm/_win,sol_hri_neck01.bmp.ctxr,sol_hri_neck01.bmp,ctxr,22208,26997b3a74e4796e6142f552cb9210488baf2998
textures/flatlist/ovr_stm/_win/sol_hri_shoulder01.bmp.ctxr,textures/flatlist/ovr_stm/_win,sol_hri_shoulder01.bmp.ctxr,sol_hri_shoulder01.bmp,ctxr,87744,da2ee1fce2ea82c81b2fb398d826932c7af3ccf6
textures/flatlist/ovr_stm/_win/sol_leg_2_n.bmp.ctxr,textures/flatlist/ovr_stm/_win,sol_leg_2_n.bmp.ctxr,sol_leg_2_n.bmp,ctxr,349920,7d80b68d35c63c78032ca6fc086e92bc2715a361
textures/flatlist/ovr_stm/_win/sol_leg_dt01.bmp.ctxr,textures/flatlist/ovr_stm/_win,sol_leg_dt01.bmp.ctxr,sol_leg_dt01.bmp,ctxr,349920,a97b903f7c71926f6b800856d5877e97cd34ad27
textures/flatlist/ovr_stm/_win/sol_leg_dt02.bmp.ctxr,textures/flatlist/ovr_stm/_win,sol_leg_dt02.bmp.ctxr,sol_leg_dt02.bmp,ctxr,87744,28efc38560f66e1923e5260bca5db4cd3991a09d
textures/flatlist/ovr_stm/_win/sol_leg_dt03.bmp.ctxr,textures/flatlist/ovr_stm/_win,sol_leg_dt03.bmp.ctxr,sol_leg_dt03.bmp,ctxr,349920,1dfb1289278f8f8c29cfd9440fd697083aa3ab45
textures/flatlist/ovr_stm/_win/sol_leg_dt04.bmp.ctxr,textures/flatlist/ovr_stm/_win,sol_leg_dt04.bmp.ctxr,sol_leg_dt04.bmp,ctxr,175168,7ff418b99f5251106ee41b3d453618f213589a13
textures/flatlist/ovr_stm/_win/sol_leg_dt05.bmp.ctxr,textures/flatlist/ovr_stm/_win,sol_leg_dt05.bmp.ctxr,sol_leg_dt05.bmp,ctxr,44064,9f3bca57289f01d0efd564126905b3d21e32cf01
textures/flatlist/ovr_stm/_win/sol_leg_n_1.bmp.ctxr,textures/flatlist/ovr_stm/_win,sol_leg_n_1.bmp.ctxr,sol_leg_n_1.bmp,ctxr,349920,4fd4e123f17d665d03cdd9ea2275238c30169467
textures/flatlist/ovr_stm/_win/sol_leg_pad_n.bmp.ctxr,textures/flatlist/ovr_stm/_win,sol_leg_pad_n.bmp.ctxr,sol_leg_pad_n.bmp,ctxr,87744,132bf77a8198993a7592c61b9ad41c9e30e66aeb
textures/flatlist/ovr_stm/_win/sol_leg_sune_n.bmp.ctxr,textures/flatlist/ovr_stm/_win,sol_leg_sune_n.bmp.ctxr,sol_leg_sune_n.bmp,ctxr,175168,85ab390087122fbb26c74785a8715ff266bece34
textures/flatlist/ovr_stm/_win/sol_mant_n_alp_ovl.bmp.ctxr,textures/flatlist/ovr_stm/_win,sol_mant_n_alp_ovl.bmp.ctxr,sol_mant_n_alp_ovl.bmp,ctxr,699488,33f7d7b8ea45b0b31bd507e533b6b8b06fc0a5c5
textures/flatlist/ovr_stm/_win/sol_mant_n_ovl_sub_alp.bmp.ctxr,textures/flatlist/ovr_stm/_win,sol_mant_n_ovl_sub_alp.bmp.ctxr,sol_mant_n_ovl_sub_alp.bmp,ctxr,524448,129170df9dc9e49a1d2f5544254f545f5a36430c
textures/flatlist/ovr_stm/_win/sol_mayu_alp_ovl.bmp.ctxr,textures/flatlist/ovr_stm/_win,sol_mayu_alp_ovl.bmp.ctxr,sol_mayu_alp_ovl.bmp,ctxr,44064,3610ad4554e11d294c9a214ad4f1448b38bc76e9
textures/flatlist/ovr_stm/_win/sol_neck_i_dt.bmp.ctxr,textures/flatlist/ovr_stm/_win,sol_neck_i_dt.bmp.ctxr,sol_neck_i_dt.bmp,ctxr,87744,8dd922dfac4b572df8c658c159ae9c990fdfb6ec
textures/flatlist/ovr_stm/_win/sol_ovl_mod1120_alp_emap.bmp.ctxr,textures/flatlist/ovr_stm/_win,sol_ovl_mod1120_alp_emap.bmp.ctxr,sol_ovl_mod1120_alp_emap.bmp,ctxr,349920,245df7de79483772175db4bc7c0ae6411c191a97
textures/flatlist/ovr_stm/_win/sol_sarm_chest.bmp.ctxr,textures/flatlist/ovr_stm/_win,sol_sarm_chest.bmp.ctxr,sol_sarm_chest.bmp,ctxr,175168,4d2ecb4b37af5583fd2ad56e01b20ef43d3b1d95
textures/flatlist/ovr_stm/_win/sol_sarm_chest_moji_ovl_alp.bmp.ctxr,textures/flatlist/ovr_stm/_win,sol_sarm_chest_moji_ovl_alp.bmp.ctxr,sol_sarm_chest_moji_ovl_alp.bmp,ctxr,7424,2e94f850950ddc0de3699e22b224639555d37d18
textures/flatlist/ovr_stm/_win/sol_sarm_chest_ovl_sub_alp.bmp.ctxr,textures/flatlist/ovr_stm/_win,sol_sarm_chest_ovl_sub_alp.bmp.ctxr,sol_sarm_chest_ovl_sub_alp.bmp,ctxr,131232,ad5181a37a2b86950e8585d6fc604fc78916409e
textures/flatlist/ovr_stm/_win/sol_sarm_top.bmp.ctxr,textures/flatlist/ovr_stm/_win,sol_sarm_top.bmp.ctxr,sol_sarm_top.bmp,ctxr,87744,5705f1dfe09e7cb039be3bface22d92fc8a358fc
textures/flatlist/ovr_stm/_win/sol_sarm_tube1.bmp.ctxr,textures/flatlist/ovr_stm/_win,sol_sarm_tube1.bmp.ctxr,sol_sarm_tube1.bmp,ctxr,175168,3b44d35d3e1f12890469bcee273f49c0bc89310f
textures/flatlist/ovr_stm/_win/sol_sarm_tube1_ovl_sub_alp.bmp.ctxr,textures/flatlist/ovr_stm/_win,sol_sarm_tube1_ovl_sub_alp.bmp.ctxr,sol_sarm_tube1_ovl_sub_alp.bmp,ctxr,131232,3061174e536c0cf00b6449f03e3384ef301c2230
textures/flatlist/ovr_stm/_win/sol_sarm_tube2.bmp.ctxr,textures/flatlist/ovr_stm/_win,sol_sarm_tube2.bmp.ctxr,sol_sarm_tube2.bmp,ctxr,349920,613ba468e4710314e371c22cff328e52b0cb4615
textures/flatlist/ovr_stm/_win/sol_sarm_tube2_ovl_sub_alp.bmp.ctxr,textures/flatlist/ovr_stm/_win,sol_sarm_tube2_ovl_sub_alp.bmp.ctxr,sol_sarm_tube2_ovl_sub_alp.bmp,ctxr,262304,40cb172eae1e053ab01eca8ad613974c4eb539c5
textures/flatlist/ovr_stm/_win/sol_sarm_tube3.bmp.ctxr,textures/flatlist/ovr_stm/_win,sol_sarm_tube3.bmp.ctxr,sol_sarm_tube3.bmp,ctxr,87776,5ed9a180cec4e3638390c08c8cbaabb62922bbfd
textures/flatlist/ovr_stm/_win/sol_sarm_tube4.bmp.ctxr,textures/flatlist/ovr_stm/_win,sol_sarm_tube4.bmp.ctxr,sol_sarm_tube4.bmp,ctxr,175168,43c83cda5cd06ac24422004b28912fab118a7686
textures/flatlist/ovr_stm/_win/sol_sarm_tube4_ovl_sub_alp.bmp.ctxr,textures/flatlist/ovr_stm/_win,sol_sarm_tube4_ovl_sub_alp.bmp.ctxr,sol_sarm_tube4_ovl_sub_alp.bmp,ctxr,131232,3e06e6bae2fdbfb9c47727ff73cc552c6deccff1
textures/flatlist/ovr_stm/_win/sol_sarm_tume.bmp.ctxr,textures/flatlist/ovr_stm/_win,sol_sarm_tume.bmp.ctxr,sol_sarm_tume.bmp,ctxr,11264,9da179a0f7db0abe0fc3f13e80eaec4c6cc3f8b5
textures/flatlist/ovr_stm/_win/sol_sa_bone_dt.bmp.ctxr,textures/flatlist/ovr_stm/_win,sol_sa_bone_dt.bmp.ctxr,sol_sa_bone_dt.bmp,ctxr,87776,2ca875cd11fe7772c5eb145f7ced19ec3caa4e66
textures/flatlist/ovr_stm/_win/sol_sa_chest_dt.bmp.ctxr,textures/flatlist/ovr_stm/_win,sol_sa_chest_dt.bmp.ctxr,sol_sa_chest_dt.bmp,ctxr,175168,933b5fc8e0aa0c3d78250c81c55a25a3d5727b57
textures/flatlist/ovr_stm/_win/sol_sa_chest_dt_ovl_sub_alp.bmp.ctxr,textures/flatlist/ovr_stm/_win,sol_sa_chest_dt_ovl_sub_alp.bmp.ctxr,sol_sa_chest_dt_ovl_sub_alp.bmp,ctxr,131232,9679139eb0b6c5cb37862a8510772a0119bccb05
textures/flatlist/ovr_stm/_win/sol_sa_claw_dt.bmp.ctxr,textures/flatlist/ovr_stm/_win,sol_sa_claw_dt.bmp.ctxr,sol_sa_claw_dt.bmp,ctxr,11264,bb82f84aa93d38f52b0ff3f764faaf6e6f360224
textures/flatlist/ovr_stm/_win/sol_sa_ovl_mod1120_alp_emap.bmp.ctxr,textures/flatlist/ovr_stm/_win,sol_sa_ovl_mod1120_alp_emap.bmp.ctxr,sol_sa_ovl_mod1120_alp_emap.bmp,ctxr,22176,8f2c7cdf5261c3370e18ef3f60c904d806d3d88b
textures/flatlist/ovr_stm/_win/sol_sa_top_dt01.bmp.ctxr,textures/flatlist/ovr_stm/_win,sol_sa_top_dt01.bmp.ctxr,sol_sa_top_dt01.bmp,ctxr,87744,8b0106efacc387713316464a71f23b3da0fdf3bb
textures/flatlist/ovr_stm/_win/sol_sa_tube_dt01.bmp.ctxr,textures/flatlist/ovr_stm/_win,sol_sa_tube_dt01.bmp.ctxr,sol_sa_tube_dt01.bmp,ctxr,175168,e90edf93954ca8f51d356f2a273888f59d5489db
textures/flatlist/ovr_stm/_win/sol_sa_tube_dt02.bmp.ctxr,textures/flatlist/ovr_stm/_win,sol_sa_tube_dt02.bmp.ctxr,sol_sa_tube_dt02.bmp,ctxr,349920,cf2fb4077e60138cfc2db41e2b4439d5abb271ff
textures/flatlist/ovr_stm/_win/sol_sa_tu_dt01_ovl_sub_alp.bmp.ctxr,textures/flatlist/ovr_stm/_win,sol_sa_tu_dt01_ovl_sub_alp.bmp.ctxr,sol_sa_tu_dt01_ovl_sub_alp.bmp,ctxr,131232,a307fbc854df49e0b9a47db505c9f6781c28ba36
textures/flatlist/ovr_stm/_win/sol_sa_tu_dt03_ovl_sub_alp.bmp.ctxr,textures/flatlist/ovr_stm/_win,sol_sa_tu_dt03_ovl_sub_alp.bmp.ctxr,sol_sa_tu_dt03_ovl_sub_alp.bmp,ctxr,65696,6d33de85c229b5ea21629180ea1f1e37cabb7d85
textures/flatlist/ovr_stm/_win/sol_sa_tu_dt04_ovl_sub_alp.bmp.ctxr,textures/flatlist/ovr_stm/_win,sol_sa_tu_dt04_ovl_sub_alp.bmp.ctxr,sol_sa_tu_dt04_ovl_sub_alp.bmp,ctxr,262304,96099076f1665c8caeff6c8fea0bb56747cfd708
textures/flatlist/ovr_stm/_win/sol_shoes1_n.bmp.ctxr,textures/flatlist/ovr_stm/_win,sol_shoes1_n.bmp.ctxr,sol_shoes1_n.bmp,ctxr,22208,7314fa1e40a10148255b8ff85b2aab4835e511b4
textures/flatlist/ovr_stm/_win/sol_shoes1_n_ovl_sub_alp.bmp.ctxr,textures/flatlist/ovr_stm/_win,sol_shoes1_n_ovl_sub_alp.bmp.ctxr,sol_shoes1_n_ovl_sub_alp.bmp,ctxr,16544,78d33eb2c855f770e6c571c060b27e77bb1c3c8e
textures/flatlist/ovr_stm/_win/sol_shoes2_n.bmp.ctxr,textures/flatlist/ovr_stm/_win,sol_shoes2_n.bmp.ctxr,sol_shoes2_n.bmp,ctxr,44064,86382b207084ec6f11670b136aa442a648cf3dca
textures/flatlist/ovr_stm/_win/sol_shoes2_n_ovl_sub_alp.bmp.ctxr,textures/flatlist/ovr_stm/_win,sol_shoes2_n_ovl_sub_alp.bmp.ctxr,sol_shoes2_n_ovl_sub_alp.bmp,ctxr,32928,691182f7b326a45cebc9e63a71482bba8dbe289d
textures/flatlist/ovr_stm/_win/sol_shoulder_dt.bmp.ctxr,textures/flatlist/ovr_stm/_win,sol_shoulder_dt.bmp.ctxr,sol_shoulder_dt.bmp,ctxr,349920,d88d5bef4f6d05bed08fa178d290c0021c582473
textures/flatlist/ovr_stm/_win/sol_shoulder_dt_ovl_sub_alp.bmp.ctxr,textures/flatlist/ovr_stm/_win,sol_shoulder_dt_ovl_sub_alp.bmp.ctxr,sol_shoulder_dt_ovl_sub_alp.bmp,ctxr,262304,847d78006f0a7d989281f955cf0ca401fb874e0d
textures/flatlist/ovr_stm/_win/sol_shoulder_n_1.bmp.ctxr,textures/flatlist/ovr_stm/_win,sol_shoulder_n_1.bmp.ctxr,sol_shoulder_n_1.bmp,ctxr,349920,43e4eefb8afcd6dbf330fae5b27080ae0579b38d
textures/flatlist/ovr_stm/_win/sol_shoulder_n_ovl_sub_alp.bmp.ctxr,textures/flatlist/ovr_stm/_win,sol_shoulder_n_ovl_sub_alp.bmp.ctxr,sol_shoulder_n_ovl_sub_alp.bmp,ctxr,262304,1f43e18a41ef1a79b77b8e5238479f7c2d307758
textures/flatlist/ovr_stm/_win/sol_usa.bmp.ctxr,textures/flatlist/ovr_stm/_win,sol_usa.bmp.ctxr,sol_usa.bmp,ctxr,11264,bc831313785fd0f1eb872d19990db6670600eb95
textures/flatlist/ovr_stm/_win/sopelem_body_01.bmp.ctxr,textures/flatlist/ovr_stm/_win,sopelem_body_01.bmp.ctxr,sopelem_body_01.bmp,ctxr,11264,eb52464a831cc0323999d182cb503dc2443abf1d
textures/flatlist/ovr_stm/_win/sopelem_renz_01.bmp.ctxr,textures/flatlist/ovr_stm/_win,sopelem_renz_01.bmp.ctxr,sopelem_renz_01.bmp,ctxr,22176,00c32f46cdd12bc67f8f025bcab8bcd5948dafce
textures/flatlist/ovr_stm/_win/soyunaka.bmp.ctxr,textures/flatlist/ovr_stm/_win,soyunaka.bmp.ctxr,soyunaka.bmp,ctxr,175200,a106c62007ce0c680abb04ca4b32a1b433045767
textures/flatlist/ovr_stm/_win/soyunatate.bmp.ctxr,textures/flatlist/ovr_stm/_win,soyunatate.bmp.ctxr,soyunatate.bmp,ctxr,349984,f58348a3fdc96db266014e7658c6f2d27b2e36da
textures/flatlist/ovr_stm/_win/soyunatateh.bmp.ctxr,textures/flatlist/ovr_stm/_win,soyunatateh.bmp.ctxr,soyunatateh.bmp,ctxr,175200,ba0466e470f93078384e229f7b519cbdd1513ed2
textures/flatlist/ovr_stm/_win/soyutop2.bmp.ctxr,textures/flatlist/ovr_stm/_win,soyutop2.bmp.ctxr,soyutop2.bmp,ctxr,1398528,9955883812f6faf140f9a0b703f0419e323995cf
textures/flatlist/ovr_stm/_win/soyutop2h.bmp.ctxr,textures/flatlist/ovr_stm/_win,soyutop2h.bmp.ctxr,soyutop2h.bmp,ctxr,1398528,78dc41dd791cb72189576ffcdbc85da583576281
textures/flatlist/ovr_stm/_win/soyutop2hw.bmp.ctxr,textures/flatlist/ovr_stm/_win,soyutop2hw.bmp.ctxr,soyutop2hw.bmp,ctxr,1398528,738f0bf1f74c0064e31304d82419eb1d5144f9d3
textures/flatlist/ovr_stm/_win/soyutoph.bmp.ctxr,textures/flatlist/ovr_stm/_win,soyutoph.bmp.ctxr,soyutoph.bmp,ctxr,1398528,733e5062bd396bc0753e37dc44dc6b6211933cf3
textures/flatlist/ovr_stm/_win/so_bean_lig.bmp.ctxr,textures/flatlist/ovr_stm/_win,so_bean_lig.bmp.ctxr,so_bean_lig.bmp,ctxr,349920,1f16f12297b880f9434950c367aa554eb04d1312
textures/flatlist/ovr_stm/_win/so_bean_sh.bmp.ctxr,textures/flatlist/ovr_stm/_win,so_bean_sh.bmp.ctxr,so_bean_sh.bmp,ctxr,349920,aec9f331bfd67258f8a07671c3bfb7416f51f5ea
textures/flatlist/ovr_stm/_win/so_hakokt.bmp.ctxr,textures/flatlist/ovr_stm/_win,so_hakokt.bmp.ctxr,so_hakokt.bmp,ctxr,349920,14419eb6894440c139dc9e840e26a70e9be741cf
textures/flatlist/ovr_stm/_win/so_hako_f.bmp.ctxr,textures/flatlist/ovr_stm/_win,so_hako_f.bmp.ctxr,so_hako_f.bmp,ctxr,349920,a56bdfc1d159985f6d1fc8981a7df1b8316ee96b
textures/flatlist/ovr_stm/_win/so_hako_ki_f_u.bmp.ctxr,textures/flatlist/ovr_stm/_win,so_hako_ki_f_u.bmp.ctxr,so_hako_ki_f_u.bmp,ctxr,349920,cefa9e6dfd724641f8758fe826c7a7462a715e76
textures/flatlist/ovr_stm/_win/so_hako_s.bmp.ctxr,textures/flatlist/ovr_stm/_win,so_hako_s.bmp.ctxr,so_hako_s.bmp,ctxr,349920,85b6d14b3630fdabd28724f04d471ea82fcc60de
textures/flatlist/ovr_stm/_win/so_hako_t.bmp.ctxr,textures/flatlist/ovr_stm/_win,so_hako_t.bmp.ctxr,so_hako_t.bmp,ctxr,349920,b1f80842e5b3aef83b726ba1097e621f7f3eff7c
textures/flatlist/ovr_stm/_win/so_ta_t2.bmp.ctxr,textures/flatlist/ovr_stm/_win,so_ta_t2.bmp.ctxr,so_ta_t2.bmp,ctxr,175200,aafaf49e338a01a9cc92597b475715a4381bdc1e
textures/flatlist/ovr_stm/_win/so_wa1.bmp.ctxr,textures/flatlist/ovr_stm/_win,so_wa1.bmp.ctxr,so_wa1.bmp,ctxr,699488,b6cfa1582ca2f53d391185e88b868bae6e7f5bd4
textures/flatlist/ovr_stm/_win/so_wa2.bmp.ctxr,textures/flatlist/ovr_stm/_win,so_wa2.bmp.ctxr,so_wa2.bmp,ctxr,699488,c36a7e549e6c3f5bc504dadcb6bb39931cddb1c2
textures/flatlist/ovr_stm/_win/so_wa2ne2.bmp.ctxr,textures/flatlist/ovr_stm/_win,so_wa2ne2.bmp.ctxr,so_wa2ne2.bmp,ctxr,175200,53ba509f56fb29f9a0e11047dca66d9ea1a364a8
textures/flatlist/ovr_stm/_win/so_wi_waku_f.bmp_2a4da7ecf84ff2feb3de4ff20c66c0c4.ctxr,textures/flatlist/ovr_stm/_win,so_wi_waku_f.bmp_2a4da7ecf84ff2feb3de4ff20c66c0c4.ctxr,so_wi_waku_f.bmp_2a4da7ecf84ff2feb3de4ff20c66c0c4,ctxr,87808,0845c525e7bb5ba82ac38670090ccaa95731b8c9
textures/flatlist/ovr_stm/_win/stg_grip.bmp.ctxr,textures/flatlist/ovr_stm/_win,stg_grip.bmp.ctxr,stg_grip.bmp,ctxr,87776,90784955a8c97f9697eaafee49663d029c6bd240
textures/flatlist/ovr_stm/_win/stg_msl_s.bmp.ctxr,textures/flatlist/ovr_stm/_win,stg_msl_s.bmp.ctxr,stg_msl_s.bmp,ctxr,44096,7fc0c4079badc7e50b05798c595241f19cbecb04
textures/flatlist/ovr_stm/_win/stg_sight.bmp.ctxr,textures/flatlist/ovr_stm/_win,stg_sight.bmp.ctxr,stg_sight.bmp,ctxr,87744,01823f471a5d7da64a641fec04038e4401e69401
textures/flatlist/ovr_stm/_win/stg_s_sb.bmp.ctxr,textures/flatlist/ovr_stm/_win,stg_s_sb.bmp.ctxr,stg_s_sb.bmp,ctxr,175200,980bf824eb95c4d0dceed2a99147dec92ef968be
textures/flatlist/ovr_stm/_win/stg_temp.bmp.ctxr,textures/flatlist/ovr_stm/_win,stg_temp.bmp.ctxr,stg_temp.bmp,ctxr,44064,541f798cd183394bdeb3ceb3d22dfc9095eeabe6
textures/flatlist/ovr_stm/_win/svc_body01.bmp.ctxr,textures/flatlist/ovr_stm/_win,svc_body01.bmp.ctxr,svc_body01.bmp,ctxr,87744,5d7a691efa82405ced2afe79948d3af06dcc996b
textures/flatlist/ovr_stm/_win/tnc_fl.bmp.ctxr,textures/flatlist/ovr_stm/_win,tnc_fl.bmp.ctxr,tnc_fl.bmp,ctxr,175168,2ebcc1ff039b2d21f5c2808aee80eb0386163eda
textures/flatlist/ovr_stm/_win/tnc_fl_r.bmp.ctxr,textures/flatlist/ovr_stm/_win,tnc_fl_r.bmp.ctxr,tnc_fl_r.bmp,ctxr,175168,d0f3965d10dcd119810871ddbeaa08e4de405f45
textures/flatlist/ovr_stm/_win/tnc_obj_faceneck00.bmp.ctxr,textures/flatlist/ovr_stm/_win,tnc_obj_faceneck00.bmp.ctxr,tnc_obj_faceneck00.bmp,ctxr,699488,92728cabe1c2bf503d362ef6071d894bbd4d58dc
textures/flatlist/ovr_stm/_win/tnc_re_faceneck.bmp.ctxr,textures/flatlist/ovr_stm/_win,tnc_re_faceneck.bmp.ctxr,tnc_re_faceneck.bmp,ctxr,699488,7ee5a8c68bab6beee10b291ba57f6eb5cabf579d
textures/flatlist/ovr_stm/_win/tnc_re_faceneck_dead.bmp.ctxr,textures/flatlist/ovr_stm/_win,tnc_re_faceneck_dead.bmp.ctxr,tnc_re_faceneck_dead.bmp,ctxr,699488,8bdd4426e3773de4f147cd2fb279093a0350f238
textures/flatlist/ovr_stm/_win/tnc_re_faceneck_dead.bmp_0e551a799467218ab1818640b8ee2d96.ctxr,textures/flatlist/ovr_stm/_win,tnc_re_faceneck_dead.bmp_0e551a799467218ab1818640b8ee2d96.ctxr,tnc_re_faceneck_dead.bmp_0e551a799467218ab1818640b8ee2d96,ctxr,699488,f80a2f66b26cb61db99cce1221942bc6812c6bea
textures/flatlist/ovr_stm/_win/tnc_r_faceneck02dt.bmp.ctxr,textures/flatlist/ovr_stm/_win,tnc_r_faceneck02dt.bmp.ctxr,tnc_r_faceneck02dt.bmp,ctxr,699488,e7c80afc95877aa0ef923ac25eaea0c0eae4d365
textures/flatlist/ovr_stm/_win/usa_arm01dt.bmp.ctxr,textures/flatlist/ovr_stm/_win,usa_arm01dt.bmp.ctxr,usa_arm01dt.bmp,ctxr,349920,894dabcc4f12cfbb32818caed2cf1980b12a7951
textures/flatlist/ovr_stm/_win/usa_arm02dt.bmp.ctxr,textures/flatlist/ovr_stm/_win,usa_arm02dt.bmp.ctxr,usa_arm02dt.bmp,ctxr,44096,3501c1e056073353d924f0b89de39a58bc4a4886
textures/flatlist/ovr_stm/_win/usa_arm03dt.bmp.ctxr,textures/flatlist/ovr_stm/_win,usa_arm03dt.bmp.ctxr,usa_arm03dt.bmp,ctxr,44064,da9e4fa8a5930fc688d65195363418383f182bc4
textures/flatlist/ovr_stm/_win/usa_armor01dt.bmp.ctxr,textures/flatlist/ovr_stm/_win,usa_armor01dt.bmp.ctxr,usa_armor01dt.bmp,ctxr,699488,01af590c98c94384ce7d966f353ee42fdde8115a
textures/flatlist/ovr_stm/_win/usa_armor_neck01dt.bmp.ctxr,textures/flatlist/ovr_stm/_win,usa_armor_neck01dt.bmp.ctxr,usa_armor_neck01dt.bmp,ctxr,44064,ca5ac2df51b5e6066569c6631ff328eb5ac314e4
textures/flatlist/ovr_stm/_win/usa_armor_pad01dt.bmp.ctxr,textures/flatlist/ovr_stm/_win,usa_armor_pad01dt.bmp.ctxr,usa_armor_pad01dt.bmp,ctxr,44064,c40800a1a192c451aca839a433dfca8630530264
textures/flatlist/ovr_stm/_win/usa_ashi.bmp.ctxr,textures/flatlist/ovr_stm/_win,usa_ashi.bmp.ctxr,usa_ashi.bmp,ctxr,699488,f34fc03befc29ec8a87a2ffc7fa24d1bd2155cad
textures/flatlist/ovr_stm/_win/usa_belt.bmp.ctxr,textures/flatlist/ovr_stm/_win,usa_belt.bmp.ctxr,usa_belt.bmp,ctxr,44096,a316167060bd6188160335765ed483d890a31734
textures/flatlist/ovr_stm/_win/usa_belt01dt.bmp.ctxr,textures/flatlist/ovr_stm/_win,usa_belt01dt.bmp.ctxr,usa_belt01dt.bmp,ctxr,44096,dc592a7c53f6fe30a218d616d5e262a7134d9564
textures/flatlist/ovr_stm/_win/usa_belt02dt.bmp.ctxr,textures/flatlist/ovr_stm/_win,usa_belt02dt.bmp.ctxr,usa_belt02dt.bmp,ctxr,44096,5b26129861f1da749239b4bcca7ea463cdfe33d2
textures/flatlist/ovr_stm/_win/usa_belt_back.bmp.ctxr,textures/flatlist/ovr_stm/_win,usa_belt_back.bmp.ctxr,usa_belt_back.bmp,ctxr,44096,5beebc0305693453533c0fad7ff10e76ff6086bc
textures/flatlist/ovr_stm/_win/usa_belt_back01dt.bmp.ctxr,textures/flatlist/ovr_stm/_win,usa_belt_back01dt.bmp.ctxr,usa_belt_back01dt.bmp,ctxr,44096,3039d8fd30824400f34ae1fa866fc66b0d7de17a
textures/flatlist/ovr_stm/_win/usa_boots.bmp.ctxr,textures/flatlist/ovr_stm/_win,usa_boots.bmp.ctxr,usa_boots.bmp,ctxr,87744,2135a677ee1ee48d1b0c2aed80ce19165f0d65a7
textures/flatlist/ovr_stm/_win/usa_boots01dt.bmp.ctxr,textures/flatlist/ovr_stm/_win,usa_boots01dt.bmp.ctxr,usa_boots01dt.bmp,ctxr,87744,c2ccb12f13f2fb5a9b4b157703667b577b5159be
textures/flatlist/ovr_stm/_win/usa_cap.bmp.ctxr,textures/flatlist/ovr_stm/_win,usa_cap.bmp.ctxr,usa_cap.bmp,ctxr,22176,bc215a028bda751776119247bf70cc650dff0cc9
textures/flatlist/ovr_stm/_win/usa_face_bk.bmp.ctxr,textures/flatlist/ovr_stm/_win,usa_face_bk.bmp.ctxr,usa_face_bk.bmp,ctxr,699488,667db45661873db617fe0fe3e7c361dffc9ac048
textures/flatlist/ovr_stm/_win/usa_face_bk01dt.bmp.ctxr,textures/flatlist/ovr_stm/_win,usa_face_bk01dt.bmp.ctxr,usa_face_bk01dt.bmp,ctxr,699488,082894420a0e50efb3a6b024d281643256d3f53a
textures/flatlist/ovr_stm/_win/usa_face_c01dt.bmp.ctxr,textures/flatlist/ovr_stm/_win,usa_face_c01dt.bmp.ctxr,usa_face_c01dt.bmp,ctxr,699488,7bccb2ba6c09c5c54040b6880c4393059381aa1f
textures/flatlist/ovr_stm/_win/usa_face_d.bmp.ctxr,textures/flatlist/ovr_stm/_win,usa_face_d.bmp.ctxr,usa_face_d.bmp,ctxr,699488,fbab88b1aaf641e2740c927cf9e562e30aeb3e0c
textures/flatlist/ovr_stm/_win/usa_face_d01dt.bmp.ctxr,textures/flatlist/ovr_stm/_win,usa_face_d01dt.bmp.ctxr,usa_face_d01dt.bmp,ctxr,699488,41b347098e650b7256d931d4c44a69cac361692a
textures/flatlist/ovr_stm/_win/usa_face_d02dt.bmp.ctxr,textures/flatlist/ovr_stm/_win,usa_face_d02dt.bmp.ctxr,usa_face_d02dt.bmp,ctxr,699488,53fcdda1520cf32d206a55cab55d36d89fc36663
textures/flatlist/ovr_stm/_win/usa_face_f01dt.bmp.ctxr,textures/flatlist/ovr_stm/_win,usa_face_f01dt.bmp.ctxr,usa_face_f01dt.bmp,ctxr,699488,abd4578f29663e5b8e7775bd8e07746ae3566c72
textures/flatlist/ovr_stm/_win/usa_helmet01dt.bmp.ctxr,textures/flatlist/ovr_stm/_win,usa_helmet01dt.bmp.ctxr,usa_helmet01dt.bmp,ctxr,44064,ce59ed82e27f7f145e4051e86ee2e7a520d2177f
textures/flatlist/ovr_stm/_win/usa_helmet_inside.bmp.ctxr,textures/flatlist/ovr_stm/_win,usa_helmet_inside.bmp.ctxr,usa_helmet_inside.bmp,ctxr,11264,40f80bf3ab815e9b728ebbe11a6295b63255adb5
textures/flatlist/ovr_stm/_win/usa_leg01dt.bmp.ctxr,textures/flatlist/ovr_stm/_win,usa_leg01dt.bmp.ctxr,usa_leg01dt.bmp,ctxr,699488,1a5227bef7f96300dbefffde3c9847e367257fe7
textures/flatlist/ovr_stm/_win/usa_leg02dt.bmp.ctxr,textures/flatlist/ovr_stm/_win,usa_leg02dt.bmp.ctxr,usa_leg02dt.bmp,ctxr,699488,59c8f05845e4a05984722f3fae23c2acb5f56302
textures/flatlist/ovr_stm/_win/usa_met01dt_ovl_sub_alp.bmp.ctxr,textures/flatlist/ovr_stm/_win,usa_met01dt_ovl_sub_alp.bmp.ctxr,usa_met01dt_ovl_sub_alp.bmp,ctxr,32928,823a9e16c7bb731dde8ef0cfaf4649a5dae1fe1e
textures/flatlist/ovr_stm/_win/usa_met_belt01dt.bmp.ctxr,textures/flatlist/ovr_stm/_win,usa_met_belt01dt.bmp.ctxr,usa_met_belt01dt.bmp,ctxr,11296,288242ceed6319a6a065a7f45804819c6b6a2981
textures/flatlist/ovr_stm/_win/usa_met_ovl_sub_alp.bmp.ctxr,textures/flatlist/ovr_stm/_win,usa_met_ovl_sub_alp.bmp.ctxr,usa_met_ovl_sub_alp.bmp,ctxr,32928,b7044d7f9eef8a50c18db9aa0f6cda396ece10ad
textures/flatlist/ovr_stm/_win/usa_pack01dt.bmp.ctxr,textures/flatlist/ovr_stm/_win,usa_pack01dt.bmp.ctxr,usa_pack01dt.bmp,ctxr,87744,ca6ca180c67c34d3cec11780ed97c45a2b39e0b7
textures/flatlist/ovr_stm/_win/usa_phone01dt.bmp.ctxr,textures/flatlist/ovr_stm/_win,usa_phone01dt.bmp.ctxr,usa_phone01dt.bmp,ctxr,44064,f798f03e1c4e58dffd462aa4fe7247b85caa8c71
textures/flatlist/ovr_stm/_win/usa_phone02dt_ovl_alp.bmp.ctxr,textures/flatlist/ovr_stm/_win,usa_phone02dt_ovl_alp.bmp.ctxr,usa_phone02dt_ovl_alp.bmp,ctxr,22176,b28da680ea6d18b22b01f71ff4ca64a238afcf62
textures/flatlist/ovr_stm/_win/usa_phone03dt.bmp.ctxr,textures/flatlist/ovr_stm/_win,usa_phone03dt.bmp.ctxr,usa_phone03dt.bmp,ctxr,87744,b1a2ef500e661380a1544986816d4d1ba28cfe78
textures/flatlist/ovr_stm/_win/usa_ude_all.bmp.ctxr,textures/flatlist/ovr_stm/_win,usa_ude_all.bmp.ctxr,usa_ude_all.bmp,ctxr,349920,1f278776562a1ddfe164e99a5d4679b6ac777376
textures/flatlist/ovr_stm/_win/usa_ude_makuri.bmp.ctxr,textures/flatlist/ovr_stm/_win,usa_ude_makuri.bmp.ctxr,usa_ude_makuri.bmp,ctxr,44096,04350b101e7b9827387673dcf0dd502779419007
textures/flatlist/ovr_stm/_win/usm_chest01dt.bmp.ctxr,textures/flatlist/ovr_stm/_win,usm_chest01dt.bmp.ctxr,usm_chest01dt.bmp,ctxr,349920,dac7a80f8228e40c04a8fa1114b8f168ff8b05c0
textures/flatlist/ovr_stm/_win/usm_chest02dt.bmp.ctxr,textures/flatlist/ovr_stm/_win,usm_chest02dt.bmp.ctxr,usm_chest02dt.bmp,ctxr,349920,c0bf29ec3109b0b01b931adef4023667517bbab7
textures/flatlist/ovr_stm/_win/usm_chest_back01dt.bmp.ctxr,textures/flatlist/ovr_stm/_win,usm_chest_back01dt.bmp.ctxr,usm_chest_back01dt.bmp,ctxr,349920,f355645a0f4bc6f1b6946e2ac973260b77a7e178
textures/flatlist/ovr_stm/_win/usm_chest_back02dt.bmp.ctxr,textures/flatlist/ovr_stm/_win,usm_chest_back02dt.bmp.ctxr,usm_chest_back02dt.bmp,ctxr,349920,d118332354f00aedff736c35cc6332bd91a22d3b
textures/flatlist/ovr_stm/_win/usm_chest_back_belt.bmp.ctxr,textures/flatlist/ovr_stm/_win,usm_chest_back_belt.bmp.ctxr,usm_chest_back_belt.bmp,ctxr,349920,2ecd3d81c2f5636a9aabed29aa01de3de27554d4
textures/flatlist/ovr_stm/_win/usm_chest_belt.bmp.ctxr,textures/flatlist/ovr_stm/_win,usm_chest_belt.bmp.ctxr,usm_chest_belt.bmp,ctxr,349920,dd09158118e229508c7a9a811ea08814c9cd0f2e
textures/flatlist/ovr_stm/_win/usm_eri01dt.bmp.ctxr,textures/flatlist/ovr_stm/_win,usm_eri01dt.bmp.ctxr,usm_eri01dt.bmp,ctxr,11264,2dd4d7e1350cc4f239e7bd6c975496c86f97dd6f
textures/flatlist/ovr_stm/_win/usm_eri_inside2.bmp.ctxr,textures/flatlist/ovr_stm/_win,usm_eri_inside2.bmp.ctxr,usm_eri_inside2.bmp,ctxr,11264,95d8b9c1b8c58c51de0d2bc9b52c79cbfa546c27
textures/flatlist/ovr_stm/_win/usm_t_shirt.bmp.ctxr,textures/flatlist/ovr_stm/_win,usm_t_shirt.bmp.ctxr,usm_t_shirt.bmp,ctxr,87776,b21050a2ab821e185e84ace27ff3e1aa2f73e1ce
textures/flatlist/ovr_stm/_win/usp_magazine.bmp.ctxr,textures/flatlist/ovr_stm/_win,usp_magazine.bmp.ctxr,usp_magazine.bmp,ctxr,44064,538d8d5bdf8806b5d7c86daff20c04927fbcacc6
textures/flatlist/ovr_stm/_win/usp_sb_all.bmp.ctxr,textures/flatlist/ovr_stm/_win,usp_sb_all.bmp.ctxr,usp_sb_all.bmp,ctxr,175168,f0a53ed6f04d191a604c469a0f73998147f720b8
textures/flatlist/ovr_stm/_win/usp_sb_all.bmp_cdb943d53c81d48a3e26a8100d3c47be.ctxr,textures/flatlist/ovr_stm/_win,usp_sb_all.bmp_cdb943d53c81d48a3e26a8100d3c47be.ctxr,usp_sb_all.bmp_cdb943d53c81d48a3e26a8100d3c47be,ctxr,175168,b3e0d8840e3a034138bd60263e2724d4de5e62db
textures/flatlist/ovr_stm/_win/usp_sb_all2.bmp.ctxr,textures/flatlist/ovr_stm/_win,usp_sb_all2.bmp.ctxr,usp_sb_all2.bmp,ctxr,44064,cf02a015ff6f3ed19b1e71cc221ee0d480704b02
textures/flatlist/ovr_stm/_win/val_amo1.bmp.ctxr,textures/flatlist/ovr_stm/_win,val_amo1.bmp.ctxr,val_amo1.bmp,ctxr,175168,e708dbcd1aec12ab83d4f3d7932b36da482675e1
textures/flatlist/ovr_stm/_win/ved_rope_lit.bmp.ctxr,textures/flatlist/ovr_stm/_win,ved_rope_lit.bmp.ctxr,ved_rope_lit.bmp,ctxr,44096,eaa869c7fbc25c7766c4730eb3ba30f5d4f59bdb
textures/flatlist/ovr_stm/_win/vkf_big_mt.bmp.ctxr,textures/flatlist/ovr_stm/_win,vkf_big_mt.bmp.ctxr,vkf_big_mt.bmp,ctxr,22208,aba4059ac356c4beea547bfbe7a39a6560159004
textures/flatlist/ovr_stm/_win/w00ak_00b_wall1.bmp.ctxr,textures/flatlist/ovr_stm/_win,w00ak_00b_wall1.bmp.ctxr,w00ak_00b_wall1.bmp,ctxr,349920,6ec8e269cc4612419324bc5e6869b39eb72b5b67
textures/flatlist/ovr_stm/_win/w00ak_blc_t4.bmp.ctxr,textures/flatlist/ovr_stm/_win,w00ak_blc_t4.bmp.ctxr,w00ak_blc_t4.bmp,ctxr,175168,969078cf051c567d7a7971aa17f622fcaaf3e162
textures/flatlist/ovr_stm/_win/w00ak_crane_floor.bmp.ctxr,textures/flatlist/ovr_stm/_win,w00ak_crane_floor.bmp.ctxr,w00ak_crane_floor.bmp,ctxr,175168,6781965e1410a77fbb0d0ddf3fe99091dc17b0ea
textures/flatlist/ovr_stm/_win/w00ak_dck_flr1.bmp.ctxr,textures/flatlist/ovr_stm/_win,w00ak_dck_flr1.bmp.ctxr,w00ak_dck_flr1.bmp,ctxr,699488,fcfac00babd7d3c9972b76233c445d4235b403f5
textures/flatlist/ovr_stm/_win/w00ak_flr1_alp_ovl.bmp.ctxr,textures/flatlist/ovr_stm/_win,w00ak_flr1_alp_ovl.bmp.ctxr,w00ak_flr1_alp_ovl.bmp,ctxr,349920,a5f3a6511690600d3a81426e143e1ea7bc3fc817
textures/flatlist/ovr_stm/_win/w00ak_gateflor1_alp_ovl.bmp.ctxr,textures/flatlist/ovr_stm/_win,w00ak_gateflor1_alp_ovl.bmp.ctxr,w00ak_gateflor1_alp_ovl.bmp,ctxr,349920,07197bcf50ac79542618ea91c9a4a1e45c8a3a38
textures/flatlist/ovr_stm/_win/w00ak_roll1.bmp.ctxr,textures/flatlist/ovr_stm/_win,w00ak_roll1.bmp.ctxr,w00ak_roll1.bmp,ctxr,175168,dcca1c28821f6f2c5fdf7b907d88ea71559bc4d9
textures/flatlist/ovr_stm/_win/w00ak_roll2.bmp.ctxr,textures/flatlist/ovr_stm/_win,w00ak_roll2.bmp.ctxr,w00ak_roll2.bmp,ctxr,44064,436a20083a2eee59c0c3c155317395fe476a411b
textures/flatlist/ovr_stm/_win/w00ak_roll_s1.bmp.ctxr,textures/flatlist/ovr_stm/_win,w00ak_roll_s1.bmp.ctxr,w00ak_roll_s1.bmp,ctxr,87744,80ebb9300f0d66e706b512242f462fd9c1b3bafb
textures/flatlist/ovr_stm/_win/w00ak_ue1.bmp.ctxr,textures/flatlist/ovr_stm/_win,w00ak_ue1.bmp.ctxr,w00ak_ue1.bmp,ctxr,1398560,af8dabe80ac05e8ea0b6d46a8b202348d336f0d1
textures/flatlist/ovr_stm/_win/w00ak_wnc_b1.bmp.ctxr,textures/flatlist/ovr_stm/_win,w00ak_wnc_b1.bmp.ctxr,w00ak_wnc_b1.bmp,ctxr,44064,802cdeee0b67cef8b894b8946156eca8020d6e80
textures/flatlist/ovr_stm/_win/w00ak_wnc_b2.bmp.ctxr,textures/flatlist/ovr_stm/_win,w00ak_wnc_b2.bmp.ctxr,w00ak_wnc_b2.bmp,ctxr,44064,72a1500905184a864f7984dc14e55738ed4d9b2a
textures/flatlist/ovr_stm/_win/w00ak_wnc_f1.bmp.ctxr,textures/flatlist/ovr_stm/_win,w00ak_wnc_f1.bmp.ctxr,w00ak_wnc_f1.bmp,ctxr,44064,74efd795eba9ba4f96ad63bbb335cf81d813e85d
textures/flatlist/ovr_stm/_win/w00ak_wnc_s1.bmp.ctxr,textures/flatlist/ovr_stm/_win,w00ak_wnc_s1.bmp.ctxr,w00ak_wnc_s1.bmp,ctxr,175168,03f7108d3dcbc7a744c9703040e7535eaddace23
textures/flatlist/ovr_stm/_win/w00ak_wnc_s3.bmp.ctxr,textures/flatlist/ovr_stm/_win,w00ak_wnc_s3.bmp.ctxr,w00ak_wnc_s3.bmp,ctxr,349952,4f844fe4d250ffc7481fba7a52bf394013d78923
textures/flatlist/ovr_stm/_win/w00ak_wnc_s4.bmp.ctxr,textures/flatlist/ovr_stm/_win,w00ak_wnc_s4.bmp.ctxr,w00ak_wnc_s4.bmp,ctxr,87744,68cf51e8a11a4e3507add1a4ebfd85974d576cc2
textures/flatlist/ovr_stm/_win/w00ak_wnc_t1.bmp.ctxr,textures/flatlist/ovr_stm/_win,w00ak_wnc_t1.bmp.ctxr,w00ak_wnc_t1.bmp,ctxr,22208,521e245e4ea6b6d78163137e95667419f6c91e62
textures/flatlist/ovr_stm/_win/w00a_frt1.bmp.ctxr,textures/flatlist/ovr_stm/_win,w00a_frt1.bmp.ctxr,w00a_frt1.bmp,ctxr,699488,9c2b702327c016a23402f2107927319d6deccf5b
textures/flatlist/ovr_stm/_win/w00a_os1.bmp.ctxr,textures/flatlist/ovr_stm/_win,w00a_os1.bmp.ctxr,w00a_os1.bmp,ctxr,87744,7d87f2b568375cf423b34009655e815c6c72e6d8
textures/flatlist/ovr_stm/_win/w00a_pl3.bmp.ctxr,textures/flatlist/ovr_stm/_win,w00a_pl3.bmp.ctxr,w00a_pl3.bmp,ctxr,22208,05cf48dc66bc1d63e8cb68abe93f1a97d4cf1608
textures/flatlist/ovr_stm/_win/w00a_rb2a.bmp.ctxr,textures/flatlist/ovr_stm/_win,w00a_rb2a.bmp.ctxr,w00a_rb2a.bmp,ctxr,11264,7f61cdf4cf8219b80b886436d3b99bdd7216a53a
textures/flatlist/ovr_stm/_win/w00a_rtn0.bmp.ctxr,textures/flatlist/ovr_stm/_win,w00a_rtn0.bmp.ctxr,w00a_rtn0.bmp,ctxr,22208,b239790ca25addba6bb62ebb577ca82f15d3ddf2
textures/flatlist/ovr_stm/_win/w00a_sn1_msk.bmp.ctxr,textures/flatlist/ovr_stm/_win,w00a_sn1_msk.bmp.ctxr,w00a_sn1_msk.bmp,ctxr,44064,8d9d7b01e72fdb25c33dc73aa20d5264b81a97f1
textures/flatlist/ovr_stm/_win/w00a_sn2.bmp.ctxr,textures/flatlist/ovr_stm/_win,w00a_sn2.bmp.ctxr,w00a_sn2.bmp,ctxr,87744,1877b62011cf5be7af5227f2c8abd1a2f6570020
textures/flatlist/ovr_stm/_win/w00a_w1.bmp.ctxr,textures/flatlist/ovr_stm/_win,w00a_w1.bmp.ctxr,w00a_w1.bmp,ctxr,349952,203a759f3c4dc3ee92e4effd5920d215747956ad
textures/flatlist/ovr_stm/_win/w00a_wd_p1_msk.bmp.ctxr,textures/flatlist/ovr_stm/_win,w00a_wd_p1_msk.bmp.ctxr,w00a_wd_p1_msk.bmp,ctxr,44064,b00c5c8e45b695171ea19865063b0581fb655cf6
textures/flatlist/ovr_stm/_win/w00a_wd_p2_msk.bmp.ctxr,textures/flatlist/ovr_stm/_win,w00a_wd_p2_msk.bmp.ctxr,w00a_wd_p2_msk.bmp,ctxr,44064,90a8dc9bfcc3d0f6d5e52cc9d3b334f93b02e827
textures/flatlist/ovr_stm/_win/w00a_wd_p3_msk.bmp.ctxr,textures/flatlist/ovr_stm/_win,w00a_wd_p3_msk.bmp.ctxr,w00a_wd_p3_msk.bmp,ctxr,44064,2ede241e5a191214a1c562684a63ecc2b8954a27
textures/flatlist/ovr_stm/_win/w00a_wd_p4_msk.bmp.ctxr,textures/flatlist/ovr_stm/_win,w00a_wd_p4_msk.bmp.ctxr,w00a_wd_p4_msk.bmp,ctxr,44064,b9b5d8a6666a8b17241655c0f2a4b068d0bf25f1
textures/flatlist/ovr_stm/_win/w00brk_00a_frontwall2.bmp.ctxr,textures/flatlist/ovr_stm/_win,w00brk_00a_frontwall2.bmp.ctxr,w00brk_00a_frontwall2.bmp,ctxr,349920,dc5bb5b8a926a52710ca587066438ea9c8fdda35
textures/flatlist/ovr_stm/_win/w00brk_flor_danmen1.bmp.ctxr,textures/flatlist/ovr_stm/_win,w00brk_flor_danmen1.bmp.ctxr,w00brk_flor_danmen1.bmp,ctxr,175200,b6990799839326cd9a7b5b770c2eef45a19a482c
textures/flatlist/ovr_stm/_win/w00brk_f_flor1.bmp.ctxr,textures/flatlist/ovr_stm/_win,w00brk_f_flor1.bmp.ctxr,w00brk_f_flor1.bmp,ctxr,1398528,172380fee1eb66e9151ba7b2496936dfe489cd3b
textures/flatlist/ovr_stm/_win/w00brk_pipe_s1.bmp.ctxr,textures/flatlist/ovr_stm/_win,w00brk_pipe_s1.bmp.ctxr,w00brk_pipe_s1.bmp,ctxr,175200,53f8de4ff66cdf3d6f2e214e98cf086aaefb2c22
textures/flatlist/ovr_stm/_win/w00brk_table_floor1.bmp.ctxr,textures/flatlist/ovr_stm/_win,w00brk_table_floor1.bmp.ctxr,w00brk_table_floor1.bmp,ctxr,699488,d10a3ac45568266257190f13a802d0ca45290e50
textures/flatlist/ovr_stm/_win/w00b_antisna_saku_msk.bmp.ctxr,textures/flatlist/ovr_stm/_win,w00b_antisna_saku_msk.bmp.ctxr,w00b_antisna_saku_msk.bmp,ctxr,175168,af317f8fa794612be99b87d7d59a5e4845863c83
textures/flatlist/ovr_stm/_win/w00b_bridge_wall1.bmp.ctxr,textures/flatlist/ovr_stm/_win,w00b_bridge_wall1.bmp.ctxr,w00b_bridge_wall1.bmp,ctxr,349952,f1cbdf65d2fe02a1e29084beae1b84cf8565411f
textures/flatlist/ovr_stm/_win/w00b_bridge_wall1_fade.bmp.ctxr,textures/flatlist/ovr_stm/_win,w00b_bridge_wall1_fade.bmp.ctxr,w00b_bridge_wall1_fade.bmp,ctxr,175168,000464bfd4d63622b099b86c5b8bdeb2fb1cb947
textures/flatlist/ovr_stm/_win/w00b_cloth_new.bmp.ctxr,textures/flatlist/ovr_stm/_win,w00b_cloth_new.bmp.ctxr,w00b_cloth_new.bmp,ctxr,1398528,33c9afd9fca9f3e318328d7a786c816021124cb8
textures/flatlist/ovr_stm/_win/w00b_crane_post_s.bmp.ctxr,textures/flatlist/ovr_stm/_win,w00b_crane_post_s.bmp.ctxr,w00b_crane_post_s.bmp,ctxr,175200,203c8cb9db347c7a2b775239d6a1c01818d13f47
textures/flatlist/ovr_stm/_win/w00b_fannel1.bmp.ctxr,textures/flatlist/ovr_stm/_win,w00b_fannel1.bmp.ctxr,w00b_fannel1.bmp,ctxr,349952,33339d162e36cde197656a9eacebdd66f60d0553
textures/flatlist/ovr_stm/_win/w00b_flr1_alp_ovl.bmp.ctxr,textures/flatlist/ovr_stm/_win,w00b_flr1_alp_ovl.bmp.ctxr,w00b_flr1_alp_ovl.bmp,ctxr,349920,97521ff40791a4d720a16fd58101093807b17fbd
textures/flatlist/ovr_stm/_win/w00b_flr2_alp_ovl.bmp.ctxr,textures/flatlist/ovr_stm/_win,w00b_flr2_alp_ovl.bmp.ctxr,w00b_flr2_alp_ovl.bmp,ctxr,1398528,4ece98f5a6345c624f7491501c84bc1111ac7d91
textures/flatlist/ovr_stm/_win/w00b_huge_light_f1.bmp.ctxr,textures/flatlist/ovr_stm/_win,w00b_huge_light_f1.bmp.ctxr,w00b_huge_light_f1.bmp,ctxr,87744,511919074a790804b64b5d6b3254bfadf448be6c
textures/flatlist/ovr_stm/_win/w00b_huge_light_s.bmp.ctxr,textures/flatlist/ovr_stm/_win,w00b_huge_light_s.bmp.ctxr,w00b_huge_light_s.bmp,ctxr,87744,b108a50e74188389dcb15618e46ca111559df291
textures/flatlist/ovr_stm/_win/w00b_irs_pipe.bmp.ctxr,textures/flatlist/ovr_stm/_win,w00b_irs_pipe.bmp.ctxr,w00b_irs_pipe.bmp,ctxr,44096,435ec2694e1df10baf89791f58305364c868474e
textures/flatlist/ovr_stm/_win/w00b_irs_wood1.bmp.ctxr,textures/flatlist/ovr_stm/_win,w00b_irs_wood1.bmp.ctxr,w00b_irs_wood1.bmp,ctxr,175168,5483c3f9fd94c0e2ad3f359e1094398c20a99768
textures/flatlist/ovr_stm/_win/w00b_irs_wood2.bmp.ctxr,textures/flatlist/ovr_stm/_win,w00b_irs_wood2.bmp.ctxr,w00b_irs_wood2.bmp,ctxr,349920,bf37b7693de8effa984a64b90831d4d3d941400d
textures/flatlist/ovr_stm/_win/w00b_mushroom.bmp_5e3a7780abfc18549f6a4b034fef18bc.ctxr,textures/flatlist/ovr_stm/_win,w00b_mushroom.bmp_5e3a7780abfc18549f6a4b034fef18bc.ctxr,w00b_mushroom.bmp_5e3a7780abfc18549f6a4b034fef18bc,ctxr,175168,7e063987c357d4ac5efabfb56bc30a2ff406c490
textures/flatlist/ovr_stm/_win/w00b_poll1.bmp.ctxr,textures/flatlist/ovr_stm/_win,w00b_poll1.bmp.ctxr,w00b_poll1.bmp,ctxr,87808,41575be297ae92e19e237552ed0263b48b1882fc
textures/flatlist/ovr_stm/_win/w00b_raderdome.bmp.ctxr,textures/flatlist/ovr_stm/_win,w00b_raderdome.bmp.ctxr,w00b_raderdome.bmp,ctxr,87744,6e73064e550061e0530b4c4a7bf9518527d6a280
textures/flatlist/ovr_stm/_win/w00b_sonar1.bmp.ctxr,textures/flatlist/ovr_stm/_win,w00b_sonar1.bmp.ctxr,w00b_sonar1.bmp,ctxr,87744,8f09f6814bac2d5b73df6905ab3fead947c83478
textures/flatlist/ovr_stm/_win/w00b_sonar2_msk.bmp.ctxr,textures/flatlist/ovr_stm/_win,w00b_sonar2_msk.bmp.ctxr,w00b_sonar2_msk.bmp,ctxr,175168,40ffad3ea7b7118309c3ad6fa899f6f3a6e15ffd
textures/flatlist/ovr_stm/_win/w00b_step2wing_t.bmp.ctxr,textures/flatlist/ovr_stm/_win,w00b_step2wing_t.bmp.ctxr,w00b_step2wing_t.bmp,ctxr,87744,cf510ac3389eb1aeab0f788dbb915bc27ed3965d
textures/flatlist/ovr_stm/_win/w00b_step2wing_t2.bmp.ctxr,textures/flatlist/ovr_stm/_win,w00b_step2wing_t2.bmp.ctxr,w00b_step2wing_t2.bmp,ctxr,175168,869bdbb9ecb4d4b5459b3883656f5dde6232472b
textures/flatlist/ovr_stm/_win/w00b_tower_deck_s1psd.bmp.ctxr,textures/flatlist/ovr_stm/_win,w00b_tower_deck_s1psd.bmp.ctxr,w00b_tower_deck_s1psd.bmp,ctxr,87776,fdf45b87ee89b2211c7cc0de2bbe5e2082cd0db9
textures/flatlist/ovr_stm/_win/w00b_tower_deck_t1.bmp.ctxr,textures/flatlist/ovr_stm/_win,w00b_tower_deck_t1.bmp.ctxr,w00b_tower_deck_t1.bmp,ctxr,699488,a3e4be28c7610490038bfe86cd16e60d3b184792
textures/flatlist/ovr_stm/_win/w00b_tower_s1.bmp.ctxr,textures/flatlist/ovr_stm/_win,w00b_tower_s1.bmp.ctxr,w00b_tower_s1.bmp,ctxr,349920,0f9ef4a538203d3f111ee809a7e31e1858089f52
textures/flatlist/ovr_stm/_win/w00b_tower_s2.bmp.ctxr,textures/flatlist/ovr_stm/_win,w00b_tower_s2.bmp.ctxr,w00b_tower_s2.bmp,ctxr,175168,311b35fa6b5fce64628300ee10ee111d9b1be9e0
textures/flatlist/ovr_stm/_win/w00b_tower_saku1.bmp.ctxr,textures/flatlist/ovr_stm/_win,w00b_tower_saku1.bmp.ctxr,w00b_tower_saku1.bmp,ctxr,175168,660e22725686cca9e6b67b8dd83d994c82063fc7
textures/flatlist/ovr_stm/_win/w00b_tower_saku2.bmp.ctxr,textures/flatlist/ovr_stm/_win,w00b_tower_saku2.bmp.ctxr,w00b_tower_saku2.bmp,ctxr,175168,a81bdfa19f2296f37e1daba82a768bb8f6482393
textures/flatlist/ovr_stm/_win/w00b_wall1.bmp.ctxr,textures/flatlist/ovr_stm/_win,w00b_wall1.bmp.ctxr,w00b_wall1.bmp,ctxr,1398528,d5ba4884f0f6b6b9f8a13cfe4cf31179a375dcd5
textures/flatlist/ovr_stm/_win/w00b_wbox_s.bmp.ctxr,textures/flatlist/ovr_stm/_win,w00b_wbox_s.bmp.ctxr,w00b_wbox_s.bmp,ctxr,87744,665ed98f36d640c4c4577ff218a696bdbb53314a
textures/flatlist/ovr_stm/_win/w00b_wbox_t.bmp.ctxr,textures/flatlist/ovr_stm/_win,w00b_wbox_t.bmp.ctxr,w00b_wbox_t.bmp,ctxr,87744,bd02bfde50c45dc985f26789bd44b2402755b3fb
textures/flatlist/ovr_stm/_win/w00b_wingflr1_alp_ovl.bmp.ctxr,textures/flatlist/ovr_stm/_win,w00b_wingflr1_alp_ovl.bmp.ctxr,w00b_wingflr1_alp_ovl.bmp,ctxr,1398528,fe199130147f446dc6e4a391961782b138cbafaf
textures/flatlist/ovr_stm/_win/w00b_wingtower_fs.bmp.ctxr,textures/flatlist/ovr_stm/_win,w00b_wingtower_fs.bmp.ctxr,w00b_wingtower_fs.bmp,ctxr,349920,4293423f54f0f60d772f552796ba75be52c5da83
textures/flatlist/ovr_stm/_win/w00b_wingwall1.bmp.ctxr,textures/flatlist/ovr_stm/_win,w00b_wingwall1.bmp.ctxr,w00b_wingwall1.bmp,ctxr,349952,dc6a3f907a9d3de6e2018c6fb10020805dcbc2d3
textures/flatlist/ovr_stm/_win/w00c_stp_f1msk.bmp.ctxr,textures/flatlist/ovr_stm/_win,w00c_stp_f1msk.bmp.ctxr,w00c_stp_f1msk.bmp,ctxr,22208,1d64a4e98123ccc2e1eb033e5a4edaefcb0a66eb
textures/flatlist/ovr_stm/_win/w00c_tower_wing_msk.bmp.ctxr,textures/flatlist/ovr_stm/_win,w00c_tower_wing_msk.bmp.ctxr,w00c_tower_wing_msk.bmp,ctxr,699488,bec4cc1f5a764ad0779e07bbccf23ce5b1bba0b0
textures/flatlist/ovr_stm/_win/w00k_drw1.bmp.ctxr,textures/flatlist/ovr_stm/_win,w00k_drw1.bmp.ctxr,w00k_drw1.bmp,ctxr,699488,22c125a5d1187ce1b3b8b72fb84ed9ef69576802
textures/flatlist/ovr_stm/_win/w00m_block.bmp.ctxr,textures/flatlist/ovr_stm/_win,w00m_block.bmp.ctxr,w00m_block.bmp,ctxr,5760,739f84b0dcda21b1b0da9269779443496710daa1
textures/flatlist/ovr_stm/_win/w00m_block_side.bmp.ctxr,textures/flatlist/ovr_stm/_win,w00m_block_side.bmp.ctxr,w00m_block_side.bmp,ctxr,3040,567be6837220b98cc51515f38646ccb91642ba15
textures/flatlist/ovr_stm/_win/w00m_ikari_face.bmp.ctxr,textures/flatlist/ovr_stm/_win,w00m_ikari_face.bmp.ctxr,w00m_ikari_face.bmp,ctxr,11264,a1f0a347692fb8072a67b507ecc1287ce4b5659d
textures/flatlist/ovr_stm/_win/w00m_ikari_kabe.bmp.ctxr,textures/flatlist/ovr_stm/_win,w00m_ikari_kabe.bmp.ctxr,w00m_ikari_kabe.bmp,ctxr,44064,744e37f74941a0cf32a9bef93e7eef98cf264a83
textures/flatlist/ovr_stm/_win/w00m_ikari_sotowaku.bmp.ctxr,textures/flatlist/ovr_stm/_win,w00m_ikari_sotowaku.bmp.ctxr,w00m_ikari_sotowaku.bmp,ctxr,3072,02e4793f7c37b1057d6b5051c41a380ce65bbe43
textures/flatlist/ovr_stm/_win/w00m_mushroom_face.bmp.ctxr,textures/flatlist/ovr_stm/_win,w00m_mushroom_face.bmp.ctxr,w00m_mushroom_face.bmp,ctxr,44064,97fbe56a9cffb80b1a4b8448aabd95eea033c78f
textures/flatlist/ovr_stm/_win/w00m_mush_huta_face.bmp.ctxr,textures/flatlist/ovr_stm/_win,w00m_mush_huta_face.bmp.ctxr,w00m_mush_huta_face.bmp,ctxr,22208,b302fb124fae89983f92b62d2c124c1087f3ba3c
textures/flatlist/ovr_stm/_win/w00m_mush_huta_top3.bmp.ctxr,textures/flatlist/ovr_stm/_win,w00m_mush_huta_top3.bmp.ctxr,w00m_mush_huta_top3.bmp,ctxr,22176,b04ff77b9cc63da63a7248f7e46ea6bf550e4001
textures/flatlist/ovr_stm/_win/w00m_winch_face4.bmp.ctxr,textures/flatlist/ovr_stm/_win,w00m_winch_face4.bmp.ctxr,w00m_winch_face4.bmp,ctxr,44064,fc91bb5df720ca3eae5783a999d8535d4bbdc98d
textures/flatlist/ovr_stm/_win/w00m_winch_face4.bmp_66d35506ebb6b42785de008e8285c263.ctxr,textures/flatlist/ovr_stm/_win,w00m_winch_face4.bmp_66d35506ebb6b42785de008e8285c263.ctxr,w00m_winch_face4.bmp_66d35506ebb6b42785de008e8285c263,ctxr,44064,bda2e2b5b75f2a758b13f00df8250892ead83d6c
textures/flatlist/ovr_stm/_win/w00m_winch_top2.bmp.ctxr,textures/flatlist/ovr_stm/_win,w00m_winch_top2.bmp.ctxr,w00m_winch_top2.bmp,ctxr,11264,40aabf200ad6f6963379c44f8588d1a73f15d000
textures/flatlist/ovr_stm/_win/w00_sky_add_alp.bmp.ctxr,textures/flatlist/ovr_stm/_win,w00_sky_add_alp.bmp.ctxr,w00_sky_add_alp.bmp,ctxr,87744,511653d7df1b5a7820c2597e340669dac7c86229
textures/flatlist/ovr_stm/_win/w00_stp_t1.bmp.ctxr,textures/flatlist/ovr_stm/_win,w00_stp_t1.bmp.ctxr,w00_stp_t1.bmp,ctxr,22208,87acac749daf8e51d6f8865a1fe1b1412f02c996
textures/flatlist/ovr_stm/_win/w01a0lc_loc2.bmp.ctxr,textures/flatlist/ovr_stm/_win,w01a0lc_loc2.bmp.ctxr,w01a0lc_loc2.bmp,ctxr,1398528,a682233c4a0ac376c3a109e476706b47a12c535f
textures/flatlist/ovr_stm/_win/w01a0_box00.bmp.ctxr,textures/flatlist/ovr_stm/_win,w01a0_box00.bmp.ctxr,w01a0_box00.bmp,ctxr,44064,2fe507f17e6907c2f58558aba58fc9a5ad92d385
textures/flatlist/ovr_stm/_win/w01a0_box002.bmp.ctxr,textures/flatlist/ovr_stm/_win,w01a0_box002.bmp.ctxr,w01a0_box002.bmp,ctxr,44064,f9d84d0ea17a311c1d5913556c3e5e0e156ae8f1
textures/flatlist/ovr_stm/_win/w01a0_box00a.bmp.ctxr,textures/flatlist/ovr_stm/_win,w01a0_box00a.bmp.ctxr,w01a0_box00a.bmp,ctxr,22208,dc1f0ec3c0b62343ae5ea518cd9cf6d096a7e236
textures/flatlist/ovr_stm/_win/w01a0_box00c.bmp.ctxr,textures/flatlist/ovr_stm/_win,w01a0_box00c.bmp.ctxr,w01a0_box00c.bmp,ctxr,11264,9825397818f1464c018e46f0d1dcc6d9c512e395
textures/flatlist/ovr_stm/_win/w01a0_box01.bmp.ctxr,textures/flatlist/ovr_stm/_win,w01a0_box01.bmp.ctxr,w01a0_box01.bmp,ctxr,87744,e45e8faf432a392a164ca1377c3b1f00e065da64
textures/flatlist/ovr_stm/_win/w01a0_box01a.bmp.ctxr,textures/flatlist/ovr_stm/_win,w01a0_box01a.bmp.ctxr,w01a0_box01a.bmp,ctxr,22208,ffd20d91cb61c21ffc5a56e20381332f592fe571
textures/flatlist/ovr_stm/_win/w01a0_box02.bmp.ctxr,textures/flatlist/ovr_stm/_win,w01a0_box02.bmp.ctxr,w01a0_box02.bmp,ctxr,44064,aa5006c7e13c2a19791bd09eac8fed1f3caf1feb
textures/flatlist/ovr_stm/_win/w01a0_box03.bmp.ctxr,textures/flatlist/ovr_stm/_win,w01a0_box03.bmp.ctxr,w01a0_box03.bmp,ctxr,44064,f7bba30ad8411982b4fb39affad6eadab618c9eb
textures/flatlist/ovr_stm/_win/w01a0_box06.bmp.ctxr,textures/flatlist/ovr_stm/_win,w01a0_box06.bmp.ctxr,w01a0_box06.bmp,ctxr,44064,83fe0e1f0c88487ddf6d3a7ca3560dc0c8f7952a
textures/flatlist/ovr_stm/_win/w01a0_box07.bmp.ctxr,textures/flatlist/ovr_stm/_win,w01a0_box07.bmp.ctxr,w01a0_box07.bmp,ctxr,44064,0b98eb19c3f46f9920b51f8ec7dbf61aea266bd4
textures/flatlist/ovr_stm/_win/w01a0_box08.bmp.ctxr,textures/flatlist/ovr_stm/_win,w01a0_box08.bmp.ctxr,w01a0_box08.bmp,ctxr,87744,ff7e22dfd25e4d1eeb328fb35400b3967f047a18
textures/flatlist/ovr_stm/_win/w01a0_cfl06d.bmp.ctxr,textures/flatlist/ovr_stm/_win,w01a0_cfl06d.bmp.ctxr,w01a0_cfl06d.bmp,ctxr,175168,9c745e566579090e35b3a9828e2464103abb9b05
textures/flatlist/ovr_stm/_win/w01a0_cfl06e.bmp.ctxr,textures/flatlist/ovr_stm/_win,w01a0_cfl06e.bmp.ctxr,w01a0_cfl06e.bmp,ctxr,175168,4f219d5bc3d64e610d604fe289b288500df711ca
textures/flatlist/ovr_stm/_win/w01a0_dr00a.bmp.ctxr,textures/flatlist/ovr_stm/_win,w01a0_dr00a.bmp.ctxr,w01a0_dr00a.bmp,ctxr,175168,029d46a30f190d6b9556f48dbe37f37c9b6b9b34
textures/flatlist/ovr_stm/_win/w01a0_ent01.bmp.ctxr,textures/flatlist/ovr_stm/_win,w01a0_ent01.bmp.ctxr,w01a0_ent01.bmp,ctxr,87808,af1b45ef8bfad5490081de762b0cf49968fcdf13
textures/flatlist/ovr_stm/_win/w01a0_ent01a.bmp.ctxr,textures/flatlist/ovr_stm/_win,w01a0_ent01a.bmp.ctxr,w01a0_ent01a.bmp,ctxr,87808,c20b435a6f48c805571ec5ab3c28088d5f698e9f
textures/flatlist/ovr_stm/_win/w01a0_ent04.bmp.ctxr,textures/flatlist/ovr_stm/_win,w01a0_ent04.bmp.ctxr,w01a0_ent04.bmp,ctxr,22208,8c298cd7ae481074abb2037b308d1212c7059ef7
textures/flatlist/ovr_stm/_win/w01a0_fl00_bld080_ovl.bmp.ctxr,textures/flatlist/ovr_stm/_win,w01a0_fl00_bld080_ovl.bmp.ctxr,w01a0_fl00_bld080_ovl.bmp,ctxr,699488,5b65c0c80a75b024424bacae0edcffa7442dbb12
textures/flatlist/ovr_stm/_win/w01a0_fl02a_alp_ovl.bmp.ctxr,textures/flatlist/ovr_stm/_win,w01a0_fl02a_alp_ovl.bmp.ctxr,w01a0_fl02a_alp_ovl.bmp,ctxr,699488,2b8c8f52ea177b0c8fdd7255ebbf78a37c6385e3
textures/flatlist/ovr_stm/_win/w01a0_fl02_bld080_ovl.bmp.ctxr,textures/flatlist/ovr_stm/_win,w01a0_fl02_bld080_ovl.bmp.ctxr,w01a0_fl02_bld080_ovl.bmp,ctxr,699488,dad1c980abd0ea31cd5db4b8f25d726b11d7877c
textures/flatlist/ovr_stm/_win/w01a0_fl03.bmp.ctxr,textures/flatlist/ovr_stm/_win,w01a0_fl03.bmp.ctxr,w01a0_fl03.bmp,ctxr,44096,7438db6e22f1a4b66b4d35a1c95a2625d01b23b5
textures/flatlist/ovr_stm/_win/w01a0_fl04.bmp.ctxr,textures/flatlist/ovr_stm/_win,w01a0_fl04.bmp.ctxr,w01a0_fl04.bmp,ctxr,349920,07d7e72750dfa08f65817ca5a271236505a8988a
textures/flatlist/ovr_stm/_win/w01a0_fl04a.bmp.ctxr,textures/flatlist/ovr_stm/_win,w01a0_fl04a.bmp.ctxr,w01a0_fl04a.bmp,ctxr,349920,b1720bdeeaa98c13226ed9511bd208cc0e8ca521
textures/flatlist/ovr_stm/_win/w01a0_fl05c.bmp.ctxr,textures/flatlist/ovr_stm/_win,w01a0_fl05c.bmp.ctxr,w01a0_fl05c.bmp,ctxr,175168,9f968d0371207148e3a7a61a45a6888e5eb2bb93
textures/flatlist/ovr_stm/_win/w01a0_fl05d.bmp.ctxr,textures/flatlist/ovr_stm/_win,w01a0_fl05d.bmp.ctxr,w01a0_fl05d.bmp,ctxr,349920,a7248b4724e76d79443e23863edfe80afcc14567
textures/flatlist/ovr_stm/_win/w01a0_fl06.bmp.ctxr,textures/flatlist/ovr_stm/_win,w01a0_fl06.bmp.ctxr,w01a0_fl06.bmp,ctxr,349920,a40cc11bdf5e524fe4dab215c2e0970a932bd38d
textures/flatlist/ovr_stm/_win/w01a0_fl06a.bmp.ctxr,textures/flatlist/ovr_stm/_win,w01a0_fl06a.bmp.ctxr,w01a0_fl06a.bmp,ctxr,175168,de5aff5d4c3fa4f94de98d8e26500360121f3ea6
textures/flatlist/ovr_stm/_win/w01a0_fl06b.bmp.ctxr,textures/flatlist/ovr_stm/_win,w01a0_fl06b.bmp.ctxr,w01a0_fl06b.bmp,ctxr,349920,7d5261032134857a964a3b2f1479d9b19e95cc64
textures/flatlist/ovr_stm/_win/w01a0_fl06f.bmp.ctxr,textures/flatlist/ovr_stm/_win,w01a0_fl06f.bmp.ctxr,w01a0_fl06f.bmp,ctxr,349920,1ecf9f283df449cb54481a4798912c481f88cab2
textures/flatlist/ovr_stm/_win/w01a0_fl06h.bmp.ctxr,textures/flatlist/ovr_stm/_win,w01a0_fl06h.bmp.ctxr,w01a0_fl06h.bmp,ctxr,349920,7c9bcfea19bcc30fe14c276d41b1b89fb538560a
textures/flatlist/ovr_stm/_win/w01a0_pp00.bmp.ctxr,textures/flatlist/ovr_stm/_win,w01a0_pp00.bmp.ctxr,w01a0_pp00.bmp,ctxr,175200,fe312acb5f6b77b68902b1bb70eeb6213cc31f01
textures/flatlist/ovr_stm/_win/w01a0_pp00a.bmp.ctxr,textures/flatlist/ovr_stm/_win,w01a0_pp00a.bmp.ctxr,w01a0_pp00a.bmp,ctxr,175200,e2f893674f9793116abeffae3ff633fd76640d1b
textures/flatlist/ovr_stm/_win/w01a0_pp01.bmp_c4f68f448cb866fd05ff299f47307e75.ctxr,textures/flatlist/ovr_stm/_win,w01a0_pp01.bmp_c4f68f448cb866fd05ff299f47307e75.ctxr,w01a0_pp01.bmp_c4f68f448cb866fd05ff299f47307e75,ctxr,175200,12dfb9e4ee2cc702c7ddbffad780f74dcd53faf7
textures/flatlist/ovr_stm/_win/w01a0_pp02a.bmp.ctxr,textures/flatlist/ovr_stm/_win,w01a0_pp02a.bmp.ctxr,w01a0_pp02a.bmp,ctxr,175200,018f8a170a9e289d16bef5ec71be31ecd67086d8
textures/flatlist/ovr_stm/_win/w01a0_pp03.bmp.ctxr,textures/flatlist/ovr_stm/_win,w01a0_pp03.bmp.ctxr,w01a0_pp03.bmp,ctxr,349952,5ebde0a4db19bbabde5c979695b943bddc49c578
textures/flatlist/ovr_stm/_win/w01a0_ppb00.bmp.ctxr,textures/flatlist/ovr_stm/_win,w01a0_ppb00.bmp.ctxr,w01a0_ppb00.bmp,ctxr,22208,13323f65a52ea746c16ed9ecba7ec4f57186ff5e
textures/flatlist/ovr_stm/_win/w01a0_rf00.bmp.ctxr,textures/flatlist/ovr_stm/_win,w01a0_rf00.bmp.ctxr,w01a0_rf00.bmp,ctxr,44064,c43395f4e01fcf967af8f4a32679ebfe09b4e4f4
textures/flatlist/ovr_stm/_win/w01a0_rf02.bmp.ctxr,textures/flatlist/ovr_stm/_win,w01a0_rf02.bmp.ctxr,w01a0_rf02.bmp,ctxr,175168,07d254e58727b79655db4ab3d4e4d5781bec6c94
textures/flatlist/ovr_stm/_win/w01a0_rf03.bmp.ctxr,textures/flatlist/ovr_stm/_win,w01a0_rf03.bmp.ctxr,w01a0_rf03.bmp,ctxr,87744,c8110201f3e8498c5ca53c6886dc31c8f4a1be7c
textures/flatlist/ovr_stm/_win/w01a0_rf03a.bmp.ctxr,textures/flatlist/ovr_stm/_win,w01a0_rf03a.bmp.ctxr,w01a0_rf03a.bmp,ctxr,175168,4dba42fe9355d219c1783bcb6dc3bbaa78a979e2
textures/flatlist/ovr_stm/_win/w01a0_rf05.bmp.ctxr,textures/flatlist/ovr_stm/_win,w01a0_rf05.bmp.ctxr,w01a0_rf05.bmp,ctxr,175168,665945bed03826132d16b74dba6a81b7dbacb172
textures/flatlist/ovr_stm/_win/w01a0_w00.bmp.ctxr,textures/flatlist/ovr_stm/_win,w01a0_w00.bmp.ctxr,w01a0_w00.bmp,ctxr,1398528,734fc5d95aa2242124be3b6689040c3d3c47fdeb
textures/flatlist/ovr_stm/_win/w01a0_w01.bmp.ctxr,textures/flatlist/ovr_stm/_win,w01a0_w01.bmp.ctxr,w01a0_w01.bmp,ctxr,1398528,8aff80f63e5e7f44e7f7575f8c9b6cf4e4053c1b
textures/flatlist/ovr_stm/_win/w01a0_w01a.bmp.ctxr,textures/flatlist/ovr_stm/_win,w01a0_w01a.bmp.ctxr,w01a0_w01a.bmp,ctxr,349952,43722d8424cf35f5ee20d790811cfbeec11026f7
textures/flatlist/ovr_stm/_win/w01a0_w04.bmp.ctxr,textures/flatlist/ovr_stm/_win,w01a0_w04.bmp.ctxr,w01a0_w04.bmp,ctxr,699488,ce657002f8a99689584ed179e308d39d5fc89b77
textures/flatlist/ovr_stm/_win/w01a0_w04a.bmp.ctxr,textures/flatlist/ovr_stm/_win,w01a0_w04a.bmp.ctxr,w01a0_w04a.bmp,ctxr,699488,51e482df3515f73c4bb31907761b0157a82eba54
textures/flatlist/ovr_stm/_win/w01a0_w05.bmp.ctxr,textures/flatlist/ovr_stm/_win,w01a0_w05.bmp.ctxr,w01a0_w05.bmp,ctxr,175200,a13cba473fd87dcd1da06a9be0d4284cfbeb26d7
textures/flatlist/ovr_stm/_win/w01a0_w06.bmp.ctxr,textures/flatlist/ovr_stm/_win,w01a0_w06.bmp.ctxr,w01a0_w06.bmp,ctxr,175200,37e2aca8a3a4008daae5bc8522b80a570adcdbfd
textures/flatlist/ovr_stm/_win/w01a0_w07.bmp.ctxr,textures/flatlist/ovr_stm/_win,w01a0_w07.bmp.ctxr,w01a0_w07.bmp,ctxr,699488,b71b350b6e803b44e1cd9e0ec6884750f3841c82
textures/flatlist/ovr_stm/_win/w01a0_w08.bmp.ctxr,textures/flatlist/ovr_stm/_win,w01a0_w08.bmp.ctxr,w01a0_w08.bmp,ctxr,699488,314c0a65049aa9930afbf81adb13bd662ad2adc8
textures/flatlist/ovr_stm/_win/w01a0_w09e.bmp.ctxr,textures/flatlist/ovr_stm/_win,w01a0_w09e.bmp.ctxr,w01a0_w09e.bmp,ctxr,349952,126d127498acd7598b226c5209a569dd174de162
textures/flatlist/ovr_stm/_win/w01a0_w09f.bmp.ctxr,textures/flatlist/ovr_stm/_win,w01a0_w09f.bmp.ctxr,w01a0_w09f.bmp,ctxr,175168,687c8a5acb7b85fb81030bd34aa629bb0e52a0da
textures/flatlist/ovr_stm/_win/w01a0_w09g.bmp.ctxr,textures/flatlist/ovr_stm/_win,w01a0_w09g.bmp.ctxr,w01a0_w09g.bmp,ctxr,175168,8f2522a2e72fb486593d08dd9f3274abc0535725
textures/flatlist/ovr_stm/_win/w01a0_w10ad.bmp.ctxr,textures/flatlist/ovr_stm/_win,w01a0_w10ad.bmp.ctxr,w01a0_w10ad.bmp,ctxr,349952,de7fad1c7108fd82b573d2412cd340e5b162fa88
textures/flatlist/ovr_stm/_win/w01a0_w10bd.bmp.ctxr,textures/flatlist/ovr_stm/_win,w01a0_w10bd.bmp.ctxr,w01a0_w10bd.bmp,ctxr,699488,54c2f1c44841126f21a6d8cf34daf082c735a543
textures/flatlist/ovr_stm/_win/w01a0_w10bu.bmp.ctxr,textures/flatlist/ovr_stm/_win,w01a0_w10bu.bmp.ctxr,w01a0_w10bu.bmp,ctxr,175168,b7f13fdd3f1a6a663e34eaa02e66cd1097977cb5
textures/flatlist/ovr_stm/_win/w01a0_w10cd.bmp.ctxr,textures/flatlist/ovr_stm/_win,w01a0_w10cd.bmp.ctxr,w01a0_w10cd.bmp,ctxr,699488,5b7b93155518c110a26a281dc17eca2d6a059822
textures/flatlist/ovr_stm/_win/w01a0_w10cu.bmp.ctxr,textures/flatlist/ovr_stm/_win,w01a0_w10cu.bmp.ctxr,w01a0_w10cu.bmp,ctxr,175168,9b86cbaa1ed83f902dfea7a7e76aca9a7f05ff20
textures/flatlist/ovr_stm/_win/w01a0_w10dd.bmp.ctxr,textures/flatlist/ovr_stm/_win,w01a0_w10dd.bmp.ctxr,w01a0_w10dd.bmp,ctxr,349952,4094c7191eb89b572bda3fa6d6dce7acb3943277
textures/flatlist/ovr_stm/_win/w01a0_w10du.bmp.ctxr,textures/flatlist/ovr_stm/_win,w01a0_w10du.bmp.ctxr,w01a0_w10du.bmp,ctxr,87744,293fdd10a5fcc1592f674f8b917db9f99d9238d8
textures/flatlist/ovr_stm/_win/w01a0_w10e.bmp.ctxr,textures/flatlist/ovr_stm/_win,w01a0_w10e.bmp.ctxr,w01a0_w10e.bmp,ctxr,175200,e7ae7bcd98790ae66bbcdcb4f5c18f7311e008ce
textures/flatlist/ovr_stm/_win/w01a0_w10f.bmp.ctxr,textures/flatlist/ovr_stm/_win,w01a0_w10f.bmp.ctxr,w01a0_w10f.bmp,ctxr,87808,40b35a01335eb71aca6cedde14d4b0356f5a321f
textures/flatlist/ovr_stm/_win/w01a0_w11.bmp.ctxr,textures/flatlist/ovr_stm/_win,w01a0_w11.bmp.ctxr,w01a0_w11.bmp,ctxr,175168,aef73c3e6c4c490a8cc1e7cd0d48f4df3cf09d0d
textures/flatlist/ovr_stm/_win/w01a0_w14a.bmp.ctxr,textures/flatlist/ovr_stm/_win,w01a0_w14a.bmp.ctxr,w01a0_w14a.bmp,ctxr,699488,cf2b2bf5f0e9aef1ab1721aecf631b707847c521
textures/flatlist/ovr_stm/_win/w01a0_w15.bmp.ctxr,textures/flatlist/ovr_stm/_win,w01a0_w15.bmp.ctxr,w01a0_w15.bmp,ctxr,175200,efdf22868d2d43406173124e3ca78b28c2a66b4b
textures/flatlist/ovr_stm/_win/w01a0_w15a.bmp.ctxr,textures/flatlist/ovr_stm/_win,w01a0_w15a.bmp.ctxr,w01a0_w15a.bmp,ctxr,175200,586b203176ff6789125d2136c907ab1c05537387
textures/flatlist/ovr_stm/_win/w01a0_w15b.bmp.ctxr,textures/flatlist/ovr_stm/_win,w01a0_w15b.bmp.ctxr,w01a0_w15b.bmp,ctxr,699488,31d99e525c520cd8dc0173666ce17bfaf562b8f4
textures/flatlist/ovr_stm/_win/w01a0_w16.bmp.ctxr,textures/flatlist/ovr_stm/_win,w01a0_w16.bmp.ctxr,w01a0_w16.bmp,ctxr,699488,441459485aed5a537d6e237e66edf45e7392f9f8
textures/flatlist/ovr_stm/_win/w01a0_wh00b.bmp.ctxr,textures/flatlist/ovr_stm/_win,w01a0_wh00b.bmp.ctxr,w01a0_wh00b.bmp,ctxr,175200,66680fc083eda3b5ddadafb589148f335ec18e62
textures/flatlist/ovr_stm/_win/w01a0_wh01.bmp.ctxr,textures/flatlist/ovr_stm/_win,w01a0_wh01.bmp.ctxr,w01a0_wh01.bmp,ctxr,175200,472bf44d18409ea1f3c29d8640d0881cbf74ad46
textures/flatlist/ovr_stm/_win/w01a0_wh02.bmp.ctxr,textures/flatlist/ovr_stm/_win,w01a0_wh02.bmp.ctxr,w01a0_wh02.bmp,ctxr,175200,58a4a2e7966c5985abd0271c463c077617075cff
textures/flatlist/ovr_stm/_win/w01a1_cfl00a.bmp.ctxr,textures/flatlist/ovr_stm/_win,w01a1_cfl00a.bmp.ctxr,w01a1_cfl00a.bmp,ctxr,699488,f8a10ae7478574e2d66ba44b0ea672df462e7a26
textures/flatlist/ovr_stm/_win/w01a1_cfl01_bld095_ovl.bmp.ctxr,textures/flatlist/ovr_stm/_win,w01a1_cfl01_bld095_ovl.bmp.ctxr,w01a1_cfl01_bld095_ovl.bmp,ctxr,87776,75e2c862b37a24bd0c0080000f8ef73bfd491dab
textures/flatlist/ovr_stm/_win/w01a1_cw00.bmp.ctxr,textures/flatlist/ovr_stm/_win,w01a1_cw00.bmp.ctxr,w01a1_cw00.bmp,ctxr,699488,ce9985017f08aed27bf22ae172999250d6aa658a
textures/flatlist/ovr_stm/_win/w01a1_cw00a.bmp.ctxr,textures/flatlist/ovr_stm/_win,w01a1_cw00a.bmp.ctxr,w01a1_cw00a.bmp,ctxr,699488,b73b28fa485fdd5a5583db66e246ecd6fc2ef0a1
textures/flatlist/ovr_stm/_win/w01a1_cw00b.bmp.ctxr,textures/flatlist/ovr_stm/_win,w01a1_cw00b.bmp.ctxr,w01a1_cw00b.bmp,ctxr,349952,7e3c073511fec59a92b106cc70e863e3f18c9dd4
textures/flatlist/ovr_stm/_win/w01a1_cw01a.bmp.ctxr,textures/flatlist/ovr_stm/_win,w01a1_cw01a.bmp.ctxr,w01a1_cw01a.bmp,ctxr,1398528,8d825eb7609afb3c496aeb457ff6be400c19e2e0
textures/flatlist/ovr_stm/_win/w01a1_cw01b.bmp.ctxr,textures/flatlist/ovr_stm/_win,w01a1_cw01b.bmp.ctxr,w01a1_cw01b.bmp,ctxr,1398528,43e9160aa4881c4dd93acba016d5ef43e6eb3997
textures/flatlist/ovr_stm/_win/w01a1_cw01c.bmp.ctxr,textures/flatlist/ovr_stm/_win,w01a1_cw01c.bmp.ctxr,w01a1_cw01c.bmp,ctxr,699488,da3a9fdf57227d3889608259af87e91738e8a277
textures/flatlist/ovr_stm/_win/w01a1_cw02.bmp.ctxr,textures/flatlist/ovr_stm/_win,w01a1_cw02.bmp.ctxr,w01a1_cw02.bmp,ctxr,175200,88910b88cca8ce3ab9674586d750b9369bcdc7ea
textures/flatlist/ovr_stm/_win/w01a1_cw02a.bmp.ctxr,textures/flatlist/ovr_stm/_win,w01a1_cw02a.bmp.ctxr,w01a1_cw02a.bmp,ctxr,349952,1c41dae4ddd7ec903f0d520d7969ffb09b93dbab
textures/flatlist/ovr_stm/_win/w01a1_glswl00.bmp.ctxr,textures/flatlist/ovr_stm/_win,w01a1_glswl00.bmp.ctxr,w01a1_glswl00.bmp,ctxr,87744,c4a08a8bd5894d7f14787596e269381477a5d3ad
textures/flatlist/ovr_stm/_win/w01a1_glswl01.bmp.ctxr,textures/flatlist/ovr_stm/_win,w01a1_glswl01.bmp.ctxr,w01a1_glswl01.bmp,ctxr,87776,01a3e8d8060346da793aa4015b21f564963a0df5
textures/flatlist/ovr_stm/_win/w01a1_glswl02.bmp.ctxr,textures/flatlist/ovr_stm/_win,w01a1_glswl02.bmp.ctxr,w01a1_glswl02.bmp,ctxr,175168,15c754cf756b3cdf97bf98b0fe3cc887ad15a93a
textures/flatlist/ovr_stm/_win/w01a1_rfc00.bmp.ctxr,textures/flatlist/ovr_stm/_win,w01a1_rfc00.bmp.ctxr,w01a1_rfc00.bmp,ctxr,175168,7e1438dd45f03613b4f82f51cf7b94574c8fb66f
textures/flatlist/ovr_stm/_win/w01a1_tb00.bmp.ctxr,textures/flatlist/ovr_stm/_win,w01a1_tb00.bmp.ctxr,w01a1_tb00.bmp,ctxr,11264,e3cf8a4fff795250bc8f56feb571c29ef0230d17
textures/flatlist/ovr_stm/_win/w01a1_tb01.bmp.ctxr,textures/flatlist/ovr_stm/_win,w01a1_tb01.bmp.ctxr,w01a1_tb01.bmp,ctxr,87744,275c0a15ee37295663715dadee3a40bee5487887
textures/flatlist/ovr_stm/_win/w01a1_wb00_bld090_ovl.bmp.ctxr,textures/flatlist/ovr_stm/_win,w01a1_wb00_bld090_ovl.bmp.ctxr,w01a1_wb00_bld090_ovl.bmp,ctxr,87776,c2be7ea2596257197a0d3b83c9bef7424982b6d1
textures/flatlist/ovr_stm/_win/w01a1_wb02_bld090_ovl.bmp.ctxr,textures/flatlist/ovr_stm/_win,w01a1_wb02_bld090_ovl.bmp.ctxr,w01a1_wb02_bld090_ovl.bmp,ctxr,175168,70a6f5db48f337f2233564268974623bc6bea50a
textures/flatlist/ovr_stm/_win/w01a1_wb03.bmp.ctxr,textures/flatlist/ovr_stm/_win,w01a1_wb03.bmp.ctxr,w01a1_wb03.bmp,ctxr,87776,b9ffebfc00316a36210c47da82b1f3be695036e3
textures/flatlist/ovr_stm/_win/w01a1_wb03b.bmp.ctxr,textures/flatlist/ovr_stm/_win,w01a1_wb03b.bmp.ctxr,w01a1_wb03b.bmp,ctxr,87776,91d75352d4c4b1ea45a474b95df1978a4796647f
textures/flatlist/ovr_stm/_win/w01a1_wlp00.bmp.ctxr,textures/flatlist/ovr_stm/_win,w01a1_wlp00.bmp.ctxr,w01a1_wlp00.bmp,ctxr,87744,b87ef7f80ec2894ed72575c28dbf9169b417bb16
textures/flatlist/ovr_stm/_win/w01a1_wlp01.bmp.ctxr,textures/flatlist/ovr_stm/_win,w01a1_wlp01.bmp.ctxr,w01a1_wlp01.bmp,ctxr,175168,ff666c3c9dba1e7198e570f76521c0774dbc534f
textures/flatlist/ovr_stm/_win/w01a1_wlu00.bmp.ctxr,textures/flatlist/ovr_stm/_win,w01a1_wlu00.bmp.ctxr,w01a1_wlu00.bmp,ctxr,87808,c981090dfb7c077a2f53f47cd4da503c8d6d2fd9
textures/flatlist/ovr_stm/_win/w01alc_gmen3.bmp.ctxr,textures/flatlist/ovr_stm/_win,w01alc_gmen3.bmp.ctxr,w01alc_gmen3.bmp,ctxr,1398528,cefdf669634f8f55c9cae296b0d343fc409d534b
textures/flatlist/ovr_stm/_win/w01alc_tes1.bmp.ctxr,textures/flatlist/ovr_stm/_win,w01alc_tes1.bmp.ctxr,w01alc_tes1.bmp,ctxr,1398528,2f4e5c59b2401c5147aa9019eddb24bb2cfbbb76
textures/flatlist/ovr_stm/_win/w01alc_tes2.bmp.ctxr,textures/flatlist/ovr_stm/_win,w01alc_tes2.bmp.ctxr,w01alc_tes2.bmp,ctxr,1398528,429f32a1dff42ea39a993274f903f51d85a5c936
textures/flatlist/ovr_stm/_win/w01alc_tes3.bmp.ctxr,textures/flatlist/ovr_stm/_win,w01alc_tes3.bmp.ctxr,w01alc_tes3.bmp,ctxr,1398528,866bc99a2856e5b43f128fc10b3e80b179b3fa0e
textures/flatlist/ovr_stm/_win/w01a_barc_02.bmp.ctxr,textures/flatlist/ovr_stm/_win,w01a_barc_02.bmp.ctxr,w01a_barc_02.bmp,ctxr,175168,73345371aed1ca2bbd543512e82aa4c0fdc85aad
textures/flatlist/ovr_stm/_win/w01a_bardr00.bmp.ctxr,textures/flatlist/ovr_stm/_win,w01a_bardr00.bmp.ctxr,w01a_bardr00.bmp,ctxr,87744,8154c43c07bb911fcff7ed8c1dbb3e59b5350524
textures/flatlist/ovr_stm/_win/w01a_barwl02.bmp.ctxr,textures/flatlist/ovr_stm/_win,w01a_barwl02.bmp.ctxr,w01a_barwl02.bmp,ctxr,87744,10bfa301fb5ea97481505bf116f959712aad72a8
textures/flatlist/ovr_stm/_win/w01a_chrb00.bmp.ctxr,textures/flatlist/ovr_stm/_win,w01a_chrb00.bmp.ctxr,w01a_chrb00.bmp,ctxr,87744,d9a6ce479ccccf82ada92333af369a339e04d315
textures/flatlist/ovr_stm/_win/w01a_chrb01.bmp.ctxr,textures/flatlist/ovr_stm/_win,w01a_chrb01.bmp.ctxr,w01a_chrb01.bmp,ctxr,44064,b1fc09731ea2dac8d252f6d3c9e3b0165d7533e0
textures/flatlist/ovr_stm/_win/w01a_dr04a.bmp.ctxr,textures/flatlist/ovr_stm/_win,w01a_dr04a.bmp.ctxr,w01a_dr04a.bmp,ctxr,175168,7aeb56acb0a420a2663d0d52808a31175f2cf920
textures/flatlist/ovr_stm/_win/w01a_fl00a_bld090_ovl.bmp.ctxr,textures/flatlist/ovr_stm/_win,w01a_fl00a_bld090_ovl.bmp.ctxr,w01a_fl00a_bld090_ovl.bmp,ctxr,1398528,45db744c98f0c6b53aa29e59e809d605152496c7
textures/flatlist/ovr_stm/_win/w01a_fl00b_bld090_ovl.bmp.ctxr,textures/flatlist/ovr_stm/_win,w01a_fl00b_bld090_ovl.bmp.ctxr,w01a_fl00b_bld090_ovl.bmp,ctxr,699488,55d16fccf3bd8d5eeba68cf8b54be94cc3bcf6bd
textures/flatlist/ovr_stm/_win/w01a_fl00c_bld090_ovl.bmp.ctxr,textures/flatlist/ovr_stm/_win,w01a_fl00c_bld090_ovl.bmp.ctxr,w01a_fl00c_bld090_ovl.bmp,ctxr,1398528,100cd43151acf3400c7fcc40acba8e1b0ff812a5
textures/flatlist/ovr_stm/_win/w01a_fl00d_bld090_ovl.bmp.ctxr,textures/flatlist/ovr_stm/_win,w01a_fl00d_bld090_ovl.bmp.ctxr,w01a_fl00d_bld090_ovl.bmp,ctxr,1398528,3d148fc7cff2d21fe7ba3b39d9f96d7388626e5e
textures/flatlist/ovr_stm/_win/w01a_fl00e_bld090_ovl.bmp.ctxr,textures/flatlist/ovr_stm/_win,w01a_fl00e_bld090_ovl.bmp.ctxr,w01a_fl00e_bld090_ovl.bmp,ctxr,699488,74428d6846d20c9e6727643f16151b59b6d0a2c6
textures/flatlist/ovr_stm/_win/w01a_fl00f_bld090_ovl.bmp.ctxr,textures/flatlist/ovr_stm/_win,w01a_fl00f_bld090_ovl.bmp.ctxr,w01a_fl00f_bld090_ovl.bmp,ctxr,699488,4f2b6f53f411510923eadfead65229408930ef83
textures/flatlist/ovr_stm/_win/w01a_fl00g_bld090_ovl.bmp.ctxr,textures/flatlist/ovr_stm/_win,w01a_fl00g_bld090_ovl.bmp.ctxr,w01a_fl00g_bld090_ovl.bmp,ctxr,1398528,fc318b7e11aa5728d9fcefbd139182821c8595d7
textures/flatlist/ovr_stm/_win/w01a_fl00h_bld090_ovl.bmp.ctxr,textures/flatlist/ovr_stm/_win,w01a_fl00h_bld090_ovl.bmp.ctxr,w01a_fl00h_bld090_ovl.bmp,ctxr,699488,328fd13f2e1b8f11ed1cc76f6e255cad3685eebc
textures/flatlist/ovr_stm/_win/w01a_fl00i_bld090_ovl.bmp.ctxr,textures/flatlist/ovr_stm/_win,w01a_fl00i_bld090_ovl.bmp.ctxr,w01a_fl00i_bld090_ovl.bmp,ctxr,1398528,180789cc071b5b247d3e3feb8491ca3817f6ed45
textures/flatlist/ovr_stm/_win/w01a_fl02a_bld090_ovl.bmp.ctxr,textures/flatlist/ovr_stm/_win,w01a_fl02a_bld090_ovl.bmp.ctxr,w01a_fl02a_bld090_ovl.bmp,ctxr,1398528,9d7df8d0e83ff92d481e7098a00068bbb49cdb17
textures/flatlist/ovr_stm/_win/w01a_fl02b_bld090_ovl.bmp.ctxr,textures/flatlist/ovr_stm/_win,w01a_fl02b_bld090_ovl.bmp.ctxr,w01a_fl02b_bld090_ovl.bmp,ctxr,699488,c880ef00c16ed9762bd1e21b3a23ed2e8338601a
textures/flatlist/ovr_stm/_win/w01a_fl02c_bld090_ovl.bmp.ctxr,textures/flatlist/ovr_stm/_win,w01a_fl02c_bld090_ovl.bmp.ctxr,w01a_fl02c_bld090_ovl.bmp,ctxr,699488,1d9f3672dc47ef0d9941f0fa2c43a31d95925c99
textures/flatlist/ovr_stm/_win/w01a_fl02d_bld090_ovl.bmp.ctxr,textures/flatlist/ovr_stm/_win,w01a_fl02d_bld090_ovl.bmp.ctxr,w01a_fl02d_bld090_ovl.bmp,ctxr,349920,b13de3db5bab7d8af848ad530608acd389946155
textures/flatlist/ovr_stm/_win/w01a_fl02e_bld090_ovl.bmp.ctxr,textures/flatlist/ovr_stm/_win,w01a_fl02e_bld090_ovl.bmp.ctxr,w01a_fl02e_bld090_ovl.bmp,ctxr,349952,47e2315646e34571f2ff10639189171c923df0c5
textures/flatlist/ovr_stm/_win/w01a_stp00b.bmp.ctxr,textures/flatlist/ovr_stm/_win,w01a_stp00b.bmp.ctxr,w01a_stp00b.bmp,ctxr,22176,9e9cd3b50ef9e638cb6547f5bfa6d503e83c9e41
textures/flatlist/ovr_stm/_win/w01a_w16b.bmp.ctxr,textures/flatlist/ovr_stm/_win,w01a_w16b.bmp.ctxr,w01a_w16b.bmp,ctxr,699488,39c9286fd68b0c142b86209126eef8dbc48bae69
textures/flatlist/ovr_stm/_win/w01b0_wa05d.bmp.ctxr,textures/flatlist/ovr_stm/_win,w01b0_wa05d.bmp.ctxr,w01b0_wa05d.bmp,ctxr,349952,072085cdcc56568671fe9f42727bd2b1a97b4843
textures/flatlist/ovr_stm/_win/w01b_flb00_bld080_ovl.bmp.ctxr,textures/flatlist/ovr_stm/_win,w01b_flb00_bld080_ovl.bmp.ctxr,w01b_flb00_bld080_ovl.bmp,ctxr,2796672,a700c02b7e23a8efa7a4ab0f2c9d30e4d8462bc4
textures/flatlist/ovr_stm/_win/w01b_flc00.bmp.ctxr,textures/flatlist/ovr_stm/_win,w01b_flc00.bmp.ctxr,w01b_flc00.bmp,ctxr,699488,844cdb26b6175fe37ac1eb35885e82c344e5c687
textures/flatlist/ovr_stm/_win/w01b_flc00b.bmp.ctxr,textures/flatlist/ovr_stm/_win,w01b_flc00b.bmp.ctxr,w01b_flc00b.bmp,ctxr,44096,65ddc9f3decd58faf4bd9bf3f5c5eb112ee32556
textures/flatlist/ovr_stm/_win/w01b_flc00c.bmp.ctxr,textures/flatlist/ovr_stm/_win,w01b_flc00c.bmp.ctxr,w01b_flc00c.bmp,ctxr,175168,cd6430f7ebf2504f7e7f2c7e554c23ed14cc68c7
textures/flatlist/ovr_stm/_win/w01b_flc00d.bmp.ctxr,textures/flatlist/ovr_stm/_win,w01b_flc00d.bmp.ctxr,w01b_flc00d.bmp,ctxr,175168,bec9c198951c5d3f027f3cf297b625d768e72ce8
textures/flatlist/ovr_stm/_win/w01b_rfa00.bmp.ctxr,textures/flatlist/ovr_stm/_win,w01b_rfa00.bmp.ctxr,w01b_rfa00.bmp,ctxr,175168,44181570f63dce9d935ebe0eb3f3de2a3c4e9648
textures/flatlist/ovr_stm/_win/w01b_rfa00a.bmp.ctxr,textures/flatlist/ovr_stm/_win,w01b_rfa00a.bmp.ctxr,w01b_rfa00a.bmp,ctxr,175168,0da7cb9151fea949b36b2565ceb24131b69f4e08
textures/flatlist/ovr_stm/_win/w01b_rfa02a.bmp.ctxr,textures/flatlist/ovr_stm/_win,w01b_rfa02a.bmp.ctxr,w01b_rfa02a.bmp,ctxr,349920,88a8b283c52e1398812977c5a8e4c6f7c582488d
textures/flatlist/ovr_stm/_win/w01b_rfa04a.bmp.ctxr,textures/flatlist/ovr_stm/_win,w01b_rfa04a.bmp.ctxr,w01b_rfa04a.bmp,ctxr,87776,7cc43888c9355dd1d9d98e62614c7717b8d5a105
textures/flatlist/ovr_stm/_win/w01b_wa05e.bmp.ctxr,textures/flatlist/ovr_stm/_win,w01b_wa05e.bmp.ctxr,w01b_wa05e.bmp,ctxr,87776,c19ddfc2cad1adaa250b39e485789516bf8ff40b
textures/flatlist/ovr_stm/_win/w01b_wa06a_bld080_ovl.bmp.ctxr,textures/flatlist/ovr_stm/_win,w01b_wa06a_bld080_ovl.bmp.ctxr,w01b_wa06a_bld080_ovl.bmp,ctxr,349952,cee2f00b5f2d81f5ab3e919dcfd3f40e921ef0e9
textures/flatlist/ovr_stm/_win/w01b_wa06b_bld080_ovl.bmp.ctxr,textures/flatlist/ovr_stm/_win,w01b_wa06b_bld080_ovl.bmp.ctxr,w01b_wa06b_bld080_ovl.bmp,ctxr,349952,65cf4d6542c6e5a2661534cbe2749fbec34a0c4b
textures/flatlist/ovr_stm/_win/w01b_wa06_bld080_ovl.bmp.ctxr,textures/flatlist/ovr_stm/_win,w01b_wa06_bld080_ovl.bmp.ctxr,w01b_wa06_bld080_ovl.bmp,ctxr,349952,f2a94d7141958b9e470a6c7bd99eccfc72b85ace
textures/flatlist/ovr_stm/_win/w01b_wb00a.bmp.ctxr,textures/flatlist/ovr_stm/_win,w01b_wb00a.bmp.ctxr,w01b_wb00a.bmp,ctxr,349952,2bbcdbfdd2fbc65c6e1becb485254c609a9def7b
textures/flatlist/ovr_stm/_win/w01b_wb00b.bmp.ctxr,textures/flatlist/ovr_stm/_win,w01b_wb00b.bmp.ctxr,w01b_wb00b.bmp,ctxr,349952,118c9bfabdc741a57606f140a205bb2fcaf58338
textures/flatlist/ovr_stm/_win/w01b_wb03.bmp_6ef77a2ce547246938dd483099ada51f.ctxr,textures/flatlist/ovr_stm/_win,w01b_wb03.bmp_6ef77a2ce547246938dd483099ada51f.ctxr,w01b_wb03.bmp_6ef77a2ce547246938dd483099ada51f,ctxr,87744,090b9a986c2d842a5b7635b4617dfa313084982d
textures/flatlist/ovr_stm/_win/w01b_wc00j.bmp.ctxr,textures/flatlist/ovr_stm/_win,w01b_wc00j.bmp.ctxr,w01b_wc00j.bmp,ctxr,87744,25a537b0b2851ebfd0f6f477caa3364ad749e22e
textures/flatlist/ovr_stm/_win/w01b_wc00k.bmp.ctxr,textures/flatlist/ovr_stm/_win,w01b_wc00k.bmp.ctxr,w01b_wc00k.bmp,ctxr,87744,02758e3b7abec03bbc80a17e33db71cb98358d3b
textures/flatlist/ovr_stm/_win/w01b_wc01a.bmp.ctxr,textures/flatlist/ovr_stm/_win,w01b_wc01a.bmp.ctxr,w01b_wc01a.bmp,ctxr,175168,dcbc3ba8bb735023f510b615bb72e19c325c2ccc
textures/flatlist/ovr_stm/_win/w01b_wc01b.bmp.ctxr,textures/flatlist/ovr_stm/_win,w01b_wc01b.bmp.ctxr,w01b_wc01b.bmp,ctxr,87744,ef4ab8375e0e79b00303183238e4b56c297a2cfa
textures/flatlist/ovr_stm/_win/w01b_wc05a.bmp.ctxr,textures/flatlist/ovr_stm/_win,w01b_wc05a.bmp.ctxr,w01b_wc05a.bmp,ctxr,175168,397f6336931cf03c279dcc4fbd5fda8c8ff8be23
textures/flatlist/ovr_stm/_win/w01b_wc05b.bmp.ctxr,textures/flatlist/ovr_stm/_win,w01b_wc05b.bmp.ctxr,w01b_wc05b.bmp,ctxr,87744,692f3e71f9b1e83dbc36607a5c7f2fad691b29a9
textures/flatlist/ovr_stm/_win/w01b_wc07.bmp.ctxr,textures/flatlist/ovr_stm/_win,w01b_wc07.bmp.ctxr,w01b_wc07.bmp,ctxr,699488,4b3a04c815ad1e7108a996a60e02302d005c2568
textures/flatlist/ovr_stm/_win/w01b_wc11a.bmp.ctxr,textures/flatlist/ovr_stm/_win,w01b_wc11a.bmp.ctxr,w01b_wc11a.bmp,ctxr,175168,5a1a3eff4ec9cb738c538d853073478cf24c2d9d
textures/flatlist/ovr_stm/_win/w01b_wc11b.bmp.ctxr,textures/flatlist/ovr_stm/_win,w01b_wc11b.bmp.ctxr,w01b_wc11b.bmp,ctxr,87744,c3bedf661bcb355043f47ada9f0ef41142f1912f
textures/flatlist/ovr_stm/_win/w01b_wc12a.bmp.ctxr,textures/flatlist/ovr_stm/_win,w01b_wc12a.bmp.ctxr,w01b_wc12a.bmp,ctxr,175168,33394ceb64e1683a2c3a8b9b80ee1d3664d68679
textures/flatlist/ovr_stm/_win/w01b_wc12b.bmp.ctxr,textures/flatlist/ovr_stm/_win,w01b_wc12b.bmp.ctxr,w01b_wc12b.bmp,ctxr,87744,a06452aa0be6ef50de40a1c6ff3c3d346d562ac3
textures/flatlist/ovr_stm/_win/w01b_wc13a.bmp.ctxr,textures/flatlist/ovr_stm/_win,w01b_wc13a.bmp.ctxr,w01b_wc13a.bmp,ctxr,175168,2f258b66f011b9799df850a2f4dbc6812498f59d
textures/flatlist/ovr_stm/_win/w01b_wlp03_bld075_ovl.bmp.ctxr,textures/flatlist/ovr_stm/_win,w01b_wlp03_bld075_ovl.bmp.ctxr,w01b_wlp03_bld075_ovl.bmp,ctxr,87744,06c0e70a511fa360c2f2bd78c958c1352354f020
textures/flatlist/ovr_stm/_win/w01c_ami_alp_ovl.bmp.ctxr,textures/flatlist/ovr_stm/_win,w01c_ami_alp_ovl.bmp.ctxr,w01c_ami_alp_ovl.bmp,ctxr,44064,bcb36d569087177d0812a506d4ba9d45dc7021e8
textures/flatlist/ovr_stm/_win/w01c_ana00.bmp.ctxr,textures/flatlist/ovr_stm/_win,w01c_ana00.bmp.ctxr,w01c_ana00.bmp,ctxr,699488,dd372fc50ed85e444b8122cff1f362847590e436
textures/flatlist/ovr_stm/_win/w01c_box00.bmp.ctxr,textures/flatlist/ovr_stm/_win,w01c_box00.bmp.ctxr,w01c_box00.bmp,ctxr,175168,3cc1d8e10630395f8fd746a31f132e8656d14b3a
textures/flatlist/ovr_stm/_win/w01c_box00a.bmp.ctxr,textures/flatlist/ovr_stm/_win,w01c_box00a.bmp.ctxr,w01c_box00a.bmp,ctxr,22208,b0c5ac2900150163757c65bbf756913f889bf321
textures/flatlist/ovr_stm/_win/w01c_box00b.bmp.ctxr,textures/flatlist/ovr_stm/_win,w01c_box00b.bmp.ctxr,w01c_box00b.bmp,ctxr,44096,412f307f4f22cb99c4cb3a51226b07d8dc730e25
textures/flatlist/ovr_stm/_win/w01c_ent01d.bmp.ctxr,textures/flatlist/ovr_stm/_win,w01c_ent01d.bmp.ctxr,w01c_ent01d.bmp,ctxr,87808,6dd83e61ad7a7744ca9c51670c24928c22779cd9
textures/flatlist/ovr_stm/_win/w01c_flp00_bld095_ovl.bmp.ctxr,textures/flatlist/ovr_stm/_win,w01c_flp00_bld095_ovl.bmp.ctxr,w01c_flp00_bld095_ovl.bmp,ctxr,87776,8ce294f24b004f6c7e7a0d5bf9702db38874edc6
textures/flatlist/ovr_stm/_win/w01c_pnl00.bmp.ctxr,textures/flatlist/ovr_stm/_win,w01c_pnl00.bmp.ctxr,w01c_pnl00.bmp,ctxr,175168,4cd992032d313107cf21dc8634b66e0d8912b451
textures/flatlist/ovr_stm/_win/w01c_pp01.bmp.ctxr,textures/flatlist/ovr_stm/_win,w01c_pp01.bmp.ctxr,w01c_pp01.bmp,ctxr,175168,70123d606f5ccc76096fe2853581c40658bbe5ff
textures/flatlist/ovr_stm/_win/w01c_pp01a.bmp.ctxr,textures/flatlist/ovr_stm/_win,w01c_pp01a.bmp.ctxr,w01c_pp01a.bmp,ctxr,175168,99f6f0846599d8107f04f0b9fd857f2fc4f8e9a7
textures/flatlist/ovr_stm/_win/w01c_pp02.bmp.ctxr,textures/flatlist/ovr_stm/_win,w01c_pp02.bmp.ctxr,w01c_pp02.bmp,ctxr,175168,d8f824ac5ce4803a1b48c32e74eece3827f2c49b
textures/flatlist/ovr_stm/_win/w01c_rf01.bmp.ctxr,textures/flatlist/ovr_stm/_win,w01c_rf01.bmp.ctxr,w01c_rf01.bmp,ctxr,175168,1ea74efd5027c87eabf7f6780a79e06fed09ecdd
textures/flatlist/ovr_stm/_win/w01c_rf01a.bmp.ctxr,textures/flatlist/ovr_stm/_win,w01c_rf01a.bmp.ctxr,w01c_rf01a.bmp,ctxr,175168,63b394712742ed8407a48074563855e37a67f389
textures/flatlist/ovr_stm/_win/w01c_rfb00.bmp.ctxr,textures/flatlist/ovr_stm/_win,w01c_rfb00.bmp.ctxr,w01c_rfb00.bmp,ctxr,87744,fc01de474c1a9c4202e5e6abb08928249173094b
textures/flatlist/ovr_stm/_win/w01c_rfb04.bmp.ctxr,textures/flatlist/ovr_stm/_win,w01c_rfb04.bmp.ctxr,w01c_rfb04.bmp,ctxr,699488,e9c38a2057c8ff98c1e716b815eb4db67c2243bf
textures/flatlist/ovr_stm/_win/w01c_rfc00.bmp.ctxr,textures/flatlist/ovr_stm/_win,w01c_rfc00.bmp.ctxr,w01c_rfc00.bmp,ctxr,699488,b1cb9401b266e5bfbe58557e460f57f4ddfdab54
textures/flatlist/ovr_stm/_win/w01c_wa04.bmp.ctxr,textures/flatlist/ovr_stm/_win,w01c_wa04.bmp.ctxr,w01c_wa04.bmp,ctxr,175168,7f55582904ca6c8f3561b691413f2872a477bec1
textures/flatlist/ovr_stm/_win/w01c_wb02.bmp.ctxr,textures/flatlist/ovr_stm/_win,w01c_wb02.bmp.ctxr,w01c_wb02.bmp,ctxr,175168,00ad6e4cc14e535b486cabd481681993594a5a3c
textures/flatlist/ovr_stm/_win/w01c_wb02a.bmp.ctxr,textures/flatlist/ovr_stm/_win,w01c_wb02a.bmp.ctxr,w01c_wb02a.bmp,ctxr,175168,806a188327ebe7b63abb2e6ba9eaf63ea79079f1
textures/flatlist/ovr_stm/_win/w01c_wb03a.bmp.ctxr,textures/flatlist/ovr_stm/_win,w01c_wb03a.bmp.ctxr,w01c_wb03a.bmp,ctxr,699488,8f948222448facb3e72d6cc7af84e86e9905d293
textures/flatlist/ovr_stm/_win/w01c_wb03e.bmp.ctxr,textures/flatlist/ovr_stm/_win,w01c_wb03e.bmp.ctxr,w01c_wb03e.bmp,ctxr,699488,440de2e7910ddcfe5d1065ae2421a612e21a4bff
textures/flatlist/ovr_stm/_win/w01c_wb03e2.bmp.ctxr,textures/flatlist/ovr_stm/_win,w01c_wb03e2.bmp.ctxr,w01c_wb03e2.bmp,ctxr,349920,397142f4dcd9c7a4ffc85638c730005037ae820b
textures/flatlist/ovr_stm/_win/w01c_wlp01a.bmp.ctxr,textures/flatlist/ovr_stm/_win,w01c_wlp01a.bmp.ctxr,w01c_wlp01a.bmp,ctxr,44096,26c67b032cb689e2578c5e9448f0a04aa7cf6df8
textures/flatlist/ovr_stm/_win/w01d1_dr00.bmp.ctxr,textures/flatlist/ovr_stm/_win,w01d1_dr00.bmp.ctxr,w01d1_dr00.bmp,ctxr,349920,7753befbb5b490843d3e4cc317bc35e0d3713b7e
textures/flatlist/ovr_stm/_win/w01d1_flc00a.bmp.ctxr,textures/flatlist/ovr_stm/_win,w01d1_flc00a.bmp.ctxr,w01d1_flc00a.bmp,ctxr,349920,c41942d0384d698c130deef0121fc6238d593ecb
textures/flatlist/ovr_stm/_win/w01d1_flc00b.bmp.ctxr,textures/flatlist/ovr_stm/_win,w01d1_flc00b.bmp.ctxr,w01d1_flc00b.bmp,ctxr,349952,c9b277cbd5f2fec61fb583a0064bbd41455d23b8
textures/flatlist/ovr_stm/_win/w01d1_rfb00.bmp.ctxr,textures/flatlist/ovr_stm/_win,w01d1_rfb00.bmp.ctxr,w01d1_rfb00.bmp,ctxr,349920,d47f05f5be18e82a9e785936c04b838c8311e2f9
textures/flatlist/ovr_stm/_win/w01d1_rfb01.bmp.ctxr,textures/flatlist/ovr_stm/_win,w01d1_rfb01.bmp.ctxr,w01d1_rfb01.bmp,ctxr,175168,c68148f6ea30fa6035c5d52a8ae4e0681281e6ff
textures/flatlist/ovr_stm/_win/w01d1_wb00.bmp.ctxr,textures/flatlist/ovr_stm/_win,w01d1_wb00.bmp.ctxr,w01d1_wb00.bmp,ctxr,699488,106d5cccb6bab0baa757ae2d4463c57ca9dc6901
textures/flatlist/ovr_stm/_win/w01d1_wb00b.bmp.ctxr,textures/flatlist/ovr_stm/_win,w01d1_wb00b.bmp.ctxr,w01d1_wb00b.bmp,ctxr,349952,6d27d78fa347ed4fdff94daee377d2b03d84d3b0
textures/flatlist/ovr_stm/_win/w01d_soko_flour_new.bmp.ctxr,textures/flatlist/ovr_stm/_win,w01d_soko_flour_new.bmp.ctxr,w01d_soko_flour_new.bmp,ctxr,2796672,d8945a93cfa98c7df50ca99d2656d8f30eee8cf6
textures/flatlist/ovr_stm/_win/w01e_com01_b.bmp.ctxr,textures/flatlist/ovr_stm/_win,w01e_com01_b.bmp.ctxr,w01e_com01_b.bmp,ctxr,175168,58625d38eeec2e96d46b7a2b351d9efb734b4632
textures/flatlist/ovr_stm/_win/w01e_com01_s.bmp.ctxr,textures/flatlist/ovr_stm/_win,w01e_com01_s.bmp.ctxr,w01e_com01_s.bmp,ctxr,87776,625de1d309141d1601501abb0768fcb9e5572f34
textures/flatlist/ovr_stm/_win/w01e_com02_f.bmp.ctxr,textures/flatlist/ovr_stm/_win,w01e_com02_f.bmp.ctxr,w01e_com02_f.bmp,ctxr,175168,01ad95498bf139b89c73809b59c356d37efff582
textures/flatlist/ovr_stm/_win/w01e_com02_t.bmp_8ba0dcecf451a0857ea0e90f903b3946.ctxr,textures/flatlist/ovr_stm/_win,w01e_com02_t.bmp_8ba0dcecf451a0857ea0e90f903b3946.ctxr,w01e_com02_t.bmp_8ba0dcecf451a0857ea0e90f903b3946,ctxr,349952,172ee2e8b6f7cefb0a0306e134ef45f17acba6e1
textures/flatlist/ovr_stm/_win/w01e_com03_s.bmp.ctxr,textures/flatlist/ovr_stm/_win,w01e_com03_s.bmp.ctxr,w01e_com03_s.bmp,ctxr,87776,e5bcccf9a1b75dd04fc1da859c9112343e99c82d
textures/flatlist/ovr_stm/_win/w01e_com04_f.bmp.ctxr,textures/flatlist/ovr_stm/_win,w01e_com04_f.bmp.ctxr,w01e_com04_f.bmp,ctxr,349952,f36b30509128042ca7237873e946cfc1669b0893
textures/flatlist/ovr_stm/_win/w01e_comp3_blkplate.bmp.ctxr,textures/flatlist/ovr_stm/_win,w01e_comp3_blkplate.bmp.ctxr,w01e_comp3_blkplate.bmp,ctxr,87776,38dd07ef5d872859dadfb031ad15abb2734a8b39
textures/flatlist/ovr_stm/_win/w01e_comp3_f.bmp.ctxr,textures/flatlist/ovr_stm/_win,w01e_comp3_f.bmp.ctxr,w01e_comp3_f.bmp,ctxr,175168,d91c3220322848e231430464d3184fdac60c7159
textures/flatlist/ovr_stm/_win/w01e_comp3_s.bmp.ctxr,textures/flatlist/ovr_stm/_win,w01e_comp3_s.bmp.ctxr,w01e_comp3_s.bmp,ctxr,87776,8cebc166a5e2fdbbf4734c4c3beb33ff9ce51412
textures/flatlist/ovr_stm/_win/w01e_deck_t2_alp_ovl.bmp.ctxr,textures/flatlist/ovr_stm/_win,w01e_deck_t2_alp_ovl.bmp.ctxr,w01e_deck_t2_alp_ovl.bmp,ctxr,175168,0cda5fa6dec52545c79fabf840acfa36b5abc736
textures/flatlist/ovr_stm/_win/w01e_drwl_b.bmp.ctxr,textures/flatlist/ovr_stm/_win,w01e_drwl_b.bmp.ctxr,w01e_drwl_b.bmp,ctxr,349920,050e3ffdd1997f2a415a127e5cd684bd9582a350
textures/flatlist/ovr_stm/_win/w01e_floor1_alp_ovl.bmp.ctxr,textures/flatlist/ovr_stm/_win,w01e_floor1_alp_ovl.bmp.ctxr,w01e_floor1_alp_ovl.bmp,ctxr,349920,c32b0fa1385a122e2967cd89cf04bae7bab6e009
textures/flatlist/ovr_stm/_win/w01e_floor2_alp_ovl.bmp.ctxr,textures/flatlist/ovr_stm/_win,w01e_floor2_alp_ovl.bmp.ctxr,w01e_floor2_alp_ovl.bmp,ctxr,175168,40d553860380035f76ddbb1222ca46933bffe370
textures/flatlist/ovr_stm/_win/w01e_meter01.bmp.ctxr,textures/flatlist/ovr_stm/_win,w01e_meter01.bmp.ctxr,w01e_meter01.bmp,ctxr,87776,0db72baf141ed77ab871fe5d7d72d23d6cb158b9
textures/flatlist/ovr_stm/_win/w01e_panel02.bmp.ctxr,textures/flatlist/ovr_stm/_win,w01e_panel02.bmp.ctxr,w01e_panel02.bmp,ctxr,44064,61a7d92da88f2c58bc6e7ecf1ac56635938eff57
textures/flatlist/ovr_stm/_win/w01e_panel2_bld80_ovl.bmp.ctxr,textures/flatlist/ovr_stm/_win,w01e_panel2_bld80_ovl.bmp.ctxr,w01e_panel2_bld80_ovl.bmp,ctxr,1398528,e615f31e20241610db607a229401cd0f95f4a2fb
textures/flatlist/ovr_stm/_win/w01e_panel_bld80_ovl.bmp.ctxr,textures/flatlist/ovr_stm/_win,w01e_panel_bld80_ovl.bmp.ctxr,w01e_panel_bld80_ovl.bmp,ctxr,175168,de1b7afcb4489d56bb7be6ddd7de110ce8e29457
textures/flatlist/ovr_stm/_win/w01e_rf01_bld80_ovl.bmp_86291923fbc81da8d810fe8a4f98600d.ctxr,textures/flatlist/ovr_stm/_win,w01e_rf01_bld80_ovl.bmp_86291923fbc81da8d810fe8a4f98600d.ctxr,w01e_rf01_bld80_ovl.bmp_86291923fbc81da8d810fe8a4f98600d,ctxr,349920,9094843bb6f16a5f0d682103f8799505eeefc0e8
textures/flatlist/ovr_stm/_win/w01e_rf_obj01.bmp_8aa481574227a8f769b24d7af4556fb5.ctxr,textures/flatlist/ovr_stm/_win,w01e_rf_obj01.bmp_8aa481574227a8f769b24d7af4556fb5.ctxr,w01e_rf_obj01.bmp_8aa481574227a8f769b24d7af4556fb5,ctxr,87744,7a01ba2a2a1209b72ddfe3fd87080f4d01f4a5ff
textures/flatlist/ovr_stm/_win/w01e_rouka_rf.bmp.ctxr,textures/flatlist/ovr_stm/_win,w01e_rouka_rf.bmp.ctxr,w01e_rouka_rf.bmp,ctxr,87744,890b05b60f4163b176c6076db2e556e92027156d
textures/flatlist/ovr_stm/_win/w01e_rouka_rf_fade.bmp.ctxr,textures/flatlist/ovr_stm/_win,w01e_rouka_rf_fade.bmp.ctxr,w01e_rouka_rf_fade.bmp,ctxr,87744,14c816ef0aa48a6d64bd9d6917e67e7c5aced29a
textures/flatlist/ovr_stm/_win/w01e_rouka_wall1.bmp.ctxr,textures/flatlist/ovr_stm/_win,w01e_rouka_wall1.bmp.ctxr,w01e_rouka_wall1.bmp,ctxr,699488,09585cacb0ca9c6484d171dffa4c57327a715aa1
textures/flatlist/ovr_stm/_win/w01e_rouka_wall2_fade.bmp.ctxr,textures/flatlist/ovr_stm/_win,w01e_rouka_wall2_fade.bmp.ctxr,w01e_rouka_wall2_fade.bmp,ctxr,2796672,568a1e937658eea4a892e9c29acc7a7c3d298535
textures/flatlist/ovr_stm/_win/w01e_speaker01.bmp.ctxr,textures/flatlist/ovr_stm/_win,w01e_speaker01.bmp.ctxr,w01e_speaker01.bmp,ctxr,44064,6b8ef4e07c8ec3d9df53fc8076958ad700e1b46e
textures/flatlist/ovr_stm/_win/w01e_tsr00.bmp.ctxr,textures/flatlist/ovr_stm/_win,w01e_tsr00.bmp.ctxr,w01e_tsr00.bmp,ctxr,44096,c8b9633ee5412bac4377b3a31883a48e427030a3
textures/flatlist/ovr_stm/_win/w01e_tsr01.bmp.ctxr,textures/flatlist/ovr_stm/_win,w01e_tsr01.bmp.ctxr,w01e_tsr01.bmp,ctxr,3040,b483e190ee332bf2c63cb73c65502470b9d395ed
textures/flatlist/ovr_stm/_win/w01e_wall01.bmp.ctxr,textures/flatlist/ovr_stm/_win,w01e_wall01.bmp.ctxr,w01e_wall01.bmp,ctxr,349952,92bde7bcc8d4d72218f4d09af6e265f7eb899ce9
textures/flatlist/ovr_stm/_win/w01e_wall02.bmp.ctxr,textures/flatlist/ovr_stm/_win,w01e_wall02.bmp.ctxr,w01e_wall02.bmp,ctxr,699488,42b06df660de54b2578a932e66e27be7f7d57a91
textures/flatlist/ovr_stm/_win/w01e_wndflame01.bmp.ctxr,textures/flatlist/ovr_stm/_win,w01e_wndflame01.bmp.ctxr,w01e_wndflame01.bmp,ctxr,87776,470a54b3f4e1e536242f0999c793336424a8df6c
textures/flatlist/ovr_stm/_win/w01e_wndwall01.bmp.ctxr,textures/flatlist/ovr_stm/_win,w01e_wndwall01.bmp.ctxr,w01e_wndwall01.bmp,ctxr,175168,2ce323660a76b789390686e190546f288b5c9744
textures/flatlist/ovr_stm/_win/w01e_wndwall02.bmp.ctxr,textures/flatlist/ovr_stm/_win,w01e_wndwall02.bmp.ctxr,w01e_wndwall02.bmp,ctxr,175168,658c7c832bd5a2dfd404669ea3da4010333a0089
textures/flatlist/ovr_stm/_win/w01f_bark03.bmp.ctxr,textures/flatlist/ovr_stm/_win,w01f_bark03.bmp.ctxr,w01f_bark03.bmp,ctxr,175168,dfd024754a1d10d596743702faeaed8b5352adbc
textures/flatlist/ovr_stm/_win/w01f_barw03b.bmp.ctxr,textures/flatlist/ovr_stm/_win,w01f_barw03b.bmp.ctxr,w01f_barw03b.bmp,ctxr,175168,9da2793b43ce879bed756107e6ac2a6ca2b5a5f0
textures/flatlist/ovr_stm/_win/w01f_bk07.bmp.ctxr,textures/flatlist/ovr_stm/_win,w01f_bk07.bmp.ctxr,w01f_bk07.bmp,ctxr,87744,f91c01b105e76114b2a992fb07059b01811b3a3a
textures/flatlist/ovr_stm/_win/w01f_menu.bmp.ctxr,textures/flatlist/ovr_stm/_win,w01f_menu.bmp.ctxr,w01f_menu.bmp,ctxr,87744,b680687fb1dcffbe0faa3c68ab24c150747c8c49
textures/flatlist/ovr_stm/_win/w01f_pos00.bmp.ctxr,textures/flatlist/ovr_stm/_win,w01f_pos00.bmp.ctxr,w01f_pos00.bmp,ctxr,699488,fc72677f9a9c1cd1f8331dfb282760865f032f47
textures/flatlist/ovr_stm/_win/w01f_tvtb02.bmp.ctxr,textures/flatlist/ovr_stm/_win,w01f_tvtb02.bmp.ctxr,w01f_tvtb02.bmp,ctxr,175168,138629575eaf9598e2bf86735c7052ef8d393041
textures/flatlist/ovr_stm/_win/w01_dr00.bmp.ctxr,textures/flatlist/ovr_stm/_win,w01_dr00.bmp.ctxr,w01_dr00.bmp,ctxr,349920,1482c200cd259888825ec261deba2a19948a8286
textures/flatlist/ovr_stm/_win/w01_dr01.bmp.ctxr,textures/flatlist/ovr_stm/_win,w01_dr01.bmp.ctxr,w01_dr01.bmp,ctxr,349920,0ae4c0bf50f15884c1e9e9a1282b3415d73e7041
textures/flatlist/ovr_stm/_win/w01_dr01u.bmp.ctxr,textures/flatlist/ovr_stm/_win,w01_dr01u.bmp.ctxr,w01_dr01u.bmp,ctxr,349920,2bbbaa8e3ed77d28f5d75567d4354d0bdb134c91
textures/flatlist/ovr_stm/_win/w02a_door.bmp.ctxr,textures/flatlist/ovr_stm/_win,w02a_door.bmp.ctxr,w02a_door.bmp,ctxr,699488,75cce9c9842ac515fee40a809c1af8831dcdb17f
textures/flatlist/ovr_stm/_win/w02a_suimitu_dr.bmp.ctxr,textures/flatlist/ovr_stm/_win,w02a_suimitu_dr.bmp.ctxr,w02a_suimitu_dr.bmp,ctxr,349920,9e2cd4eb984d784562738bb11a379e94523c97a3
textures/flatlist/ovr_stm/_win/w02_1f_hashira_01.bmp.ctxr,textures/flatlist/ovr_stm/_win,w02_1f_hashira_01.bmp.ctxr,w02_1f_hashira_01.bmp,ctxr,44096,d5232ed8d25ebe63d91452f9914009b8d303d086
textures/flatlist/ovr_stm/_win/w02_1f_hashira_02.bmp.ctxr,textures/flatlist/ovr_stm/_win,w02_1f_hashira_02.bmp.ctxr,w02_1f_hashira_02.bmp,ctxr,44064,3e965c1c315be599978716eb967f1316ba7d0bcc
textures/flatlist/ovr_stm/_win/w02_box_1.bmp.ctxr,textures/flatlist/ovr_stm/_win,w02_box_1.bmp.ctxr,w02_box_1.bmp,ctxr,349920,d7f1806530fb6f49c7c723e84c3b179bed5e1492
textures/flatlist/ovr_stm/_win/w02_box_2.bmp.ctxr,textures/flatlist/ovr_stm/_win,w02_box_2.bmp.ctxr,w02_box_2.bmp,ctxr,175168,9e4d76e9ce9f99dc0bca5f688e17c202f66349b4
textures/flatlist/ovr_stm/_win/w02_box_3.bmp.ctxr,textures/flatlist/ovr_stm/_win,w02_box_3.bmp.ctxr,w02_box_3.bmp,ctxr,87744,90f1acff8177f6407e77871416f121dd92df498d
textures/flatlist/ovr_stm/_win/w02_box_new.bmp.ctxr,textures/flatlist/ovr_stm/_win,w02_box_new.bmp.ctxr,w02_box_new.bmp,ctxr,349920,c7f778203ce1c889afe469001ddfbd901c55f781
textures/flatlist/ovr_stm/_win/w02_box_new_up.bmp.ctxr,textures/flatlist/ovr_stm/_win,w02_box_new_up.bmp.ctxr,w02_box_new_up.bmp,ctxr,349920,0314d3fd2f08d2b9b8024b302d1df703672b33b8
textures/flatlist/ovr_stm/_win/w02_eng_big.bmp.ctxr,textures/flatlist/ovr_stm/_win,w02_eng_big.bmp.ctxr,w02_eng_big.bmp,ctxr,699488,d20b39948c1cc4eaac76a2e5a724128fe0013cba
textures/flatlist/ovr_stm/_win/w02_eng_prg_base.bmp.ctxr,textures/flatlist/ovr_stm/_win,w02_eng_prg_base.bmp.ctxr,w02_eng_prg_base.bmp,ctxr,349920,f782fdd575f73e0cf52aaac3f7cb4e9046491406
textures/flatlist/ovr_stm/_win/w02_eng_prg_base5.bmp.ctxr,textures/flatlist/ovr_stm/_win,w02_eng_prg_base5.bmp.ctxr,w02_eng_prg_base5.bmp,ctxr,349920,34fc507ed75dd010e50eccfebfa5b3e62e0237d8
textures/flatlist/ovr_stm/_win/w02_eng_prg_base6.bmp.ctxr,textures/flatlist/ovr_stm/_win,w02_eng_prg_base6.bmp.ctxr,w02_eng_prg_base6.bmp,ctxr,699488,45b5bd041ab3cfb2d6b9aab9b4282276d08e498b
textures/flatlist/ovr_stm/_win/w02_eng_prg_body.bmp.ctxr,textures/flatlist/ovr_stm/_win,w02_eng_prg_body.bmp.ctxr,w02_eng_prg_body.bmp,ctxr,699488,63d83d04440a964253a72de74aa87ee671851111
textures/flatlist/ovr_stm/_win/w02_eng_prg_head_side.bmp.ctxr,textures/flatlist/ovr_stm/_win,w02_eng_prg_head_side.bmp.ctxr,w02_eng_prg_head_side.bmp,ctxr,87744,8d2284a0bf1cd3a3c25c292362c4541ec16b6535
textures/flatlist/ovr_stm/_win/w02_eng_prg_pipe1.bmp.ctxr,textures/flatlist/ovr_stm/_win,w02_eng_prg_pipe1.bmp.ctxr,w02_eng_prg_pipe1.bmp,ctxr,44128,a2661104b707d1ce7304b913645aaf1aa9c339e8
textures/flatlist/ovr_stm/_win/w02_eng_prg_pipe2.bmp.ctxr,textures/flatlist/ovr_stm/_win,w02_eng_prg_pipe2.bmp.ctxr,w02_eng_prg_pipe2.bmp,ctxr,44096,c131159ac07addf912ada942e4274192d0ceb2d6
textures/flatlist/ovr_stm/_win/w02_eng_prg_top2.bmp.ctxr,textures/flatlist/ovr_stm/_win,w02_eng_prg_top2.bmp.ctxr,w02_eng_prg_top2.bmp,ctxr,44064,d8d9872d3e477f5548583fb6c9af1135d3f62149
textures/flatlist/ovr_stm/_win/w02_eng_prg_top_side.bmp.ctxr,textures/flatlist/ovr_stm/_win,w02_eng_prg_top_side.bmp.ctxr,w02_eng_prg_top_side.bmp,ctxr,44064,29ffa8ede720ec3a9120228562a2d4cf1ed2ad42
textures/flatlist/ovr_stm/_win/w02_kabe_4.bmp.ctxr,textures/flatlist/ovr_stm/_win,w02_kabe_4.bmp.ctxr,w02_kabe_4.bmp,ctxr,1398528,0b3884e3e0eeecc54c4c32a08710ee67a82d2166
textures/flatlist/ovr_stm/_win/w02_kabe_big.bmp.ctxr,textures/flatlist/ovr_stm/_win,w02_kabe_big.bmp.ctxr,w02_kabe_big.bmp,ctxr,1398528,d375e41369ef4d6fc6ce86c894e0f7786ec66f5c
textures/flatlist/ovr_stm/_win/w02_kabe_big2.bmp.ctxr,textures/flatlist/ovr_stm/_win,w02_kabe_big2.bmp.ctxr,w02_kabe_big2.bmp,ctxr,1398528,e05ea49e602060f7c5816a8279921927782696e8
textures/flatlist/ovr_stm/_win/w02_kabe_big4.bmp.ctxr,textures/flatlist/ovr_stm/_win,w02_kabe_big4.bmp.ctxr,w02_kabe_big4.bmp,ctxr,1398528,48566274f704dd5b095d5739f3e76caf7560227d
textures/flatlist/ovr_stm/_win/w02_kabe_duct.bmp.ctxr,textures/flatlist/ovr_stm/_win,w02_kabe_duct.bmp.ctxr,w02_kabe_duct.bmp,ctxr,87776,1e7ce4c00ce7039f8fd135d510afbed365c0f62a
textures/flatlist/ovr_stm/_win/w02_kabe_fire3.bmp.ctxr,textures/flatlist/ovr_stm/_win,w02_kabe_fire3.bmp.ctxr,w02_kabe_fire3.bmp,ctxr,699488,3cb7d141989a0fc72dbad7a96748fc71bf834dce
textures/flatlist/ovr_stm/_win/w02_kabe_hashira.bmp.ctxr,textures/flatlist/ovr_stm/_win,w02_kabe_hashira.bmp.ctxr,w02_kabe_hashira.bmp,ctxr,699488,bc578c6b83e2113bca932491d3d4bc49ac110f3b
textures/flatlist/ovr_stm/_win/w02_kabe_light.bmp.ctxr,textures/flatlist/ovr_stm/_win,w02_kabe_light.bmp.ctxr,w02_kabe_light.bmp,ctxr,1398528,3030f9b542572ebbf4990818ff0dd5f1143372fb
textures/flatlist/ovr_stm/_win/w02_kabe_light2.bmp.ctxr,textures/flatlist/ovr_stm/_win,w02_kabe_light2.bmp.ctxr,w02_kabe_light2.bmp,ctxr,699488,084a7ea74cec3b02cea10778723d886be7fa9723
textures/flatlist/ovr_stm/_win/w02_kabe_light4.bmp.ctxr,textures/flatlist/ovr_stm/_win,w02_kabe_light4.bmp.ctxr,w02_kabe_light4.bmp,ctxr,1398528,c83215a453d2aab62c16ffba7ff703b6040340da
textures/flatlist/ovr_stm/_win/w02_kabe_light5.bmp.ctxr,textures/flatlist/ovr_stm/_win,w02_kabe_light5.bmp.ctxr,w02_kabe_light5.bmp,ctxr,1398528,334036bce03f5d433b4a3bff37787d9dd2b99f55
textures/flatlist/ovr_stm/_win/w02_kabe_metal.bmp.ctxr,textures/flatlist/ovr_stm/_win,w02_kabe_metal.bmp.ctxr,w02_kabe_metal.bmp,ctxr,349952,4a02ccfe86fcf645741ec90d4be681d8b9e504dd
textures/flatlist/ovr_stm/_win/w02_kabe_pipe3.bmp.ctxr,textures/flatlist/ovr_stm/_win,w02_kabe_pipe3.bmp.ctxr,w02_kabe_pipe3.bmp,ctxr,349952,1d26561f03c0fa611a516289fe80fe1fffdc257f
textures/flatlist/ovr_stm/_win/w02_kaidan_hashira.bmp.ctxr,textures/flatlist/ovr_stm/_win,w02_kaidan_hashira.bmp.ctxr,w02_kaidan_hashira.bmp,ctxr,11296,0ce2fdb185d68257ba167b570fe24b647394201b
textures/flatlist/ovr_stm/_win/w02_kaidan_side4.bmp.ctxr,textures/flatlist/ovr_stm/_win,w02_kaidan_side4.bmp.ctxr,w02_kaidan_side4.bmp,ctxr,5760,fe5f587994940b80341f922c0613363d7b5d28d3
textures/flatlist/ovr_stm/_win/w02_kaidan_step_top.bmp.ctxr,textures/flatlist/ovr_stm/_win,w02_kaidan_step_top.bmp.ctxr,w02_kaidan_step_top.bmp,ctxr,87744,f970f62e09a5ed44693cda21a056a6c8e2fddbb6
textures/flatlist/ovr_stm/_win/w02_kai_side.bmp.ctxr,textures/flatlist/ovr_stm/_win,w02_kai_side.bmp.ctxr,w02_kai_side.bmp,ctxr,44064,d2ed47e84cfd5b791dd6c5aa4bee87f82bc927cc
textures/flatlist/ovr_stm/_win/w02_obj_box.bmp.ctxr,textures/flatlist/ovr_stm/_win,w02_obj_box.bmp.ctxr,w02_obj_box.bmp,ctxr,349920,ef74af2478c082382ad87d2278239fd6b863a2df
textures/flatlist/ovr_stm/_win/w02_obj_fire.bmp.ctxr,textures/flatlist/ovr_stm/_win,w02_obj_fire.bmp.ctxr,w02_obj_fire.bmp,ctxr,349920,93eb760c7ed468b7b6420d2bbc61e55662898476
textures/flatlist/ovr_stm/_win/w02_pipe_box.bmp.ctxr,textures/flatlist/ovr_stm/_win,w02_pipe_box.bmp.ctxr,w02_pipe_box.bmp,ctxr,175168,cc21588d452a0318c4bd77fe0dd940f3304f8170
textures/flatlist/ovr_stm/_win/w02_roof1.bmp.ctxr,textures/flatlist/ovr_stm/_win,w02_roof1.bmp.ctxr,w02_roof1.bmp,ctxr,349920,398177612939ddac967a498a6e8cd83d7b55f323
textures/flatlist/ovr_stm/_win/w02_roof2.bmp.ctxr,textures/flatlist/ovr_stm/_win,w02_roof2.bmp.ctxr,w02_roof2.bmp,ctxr,175168,ca90984ebb4ce2bb47cfadd97fb14d6c2f740bb1
textures/flatlist/ovr_stm/_win/w02_saku_ita.bmp.ctxr,textures/flatlist/ovr_stm/_win,w02_saku_ita.bmp.ctxr,w02_saku_ita.bmp,ctxr,87776,1253e1b10e1d662ec981fac8ce174a8d2e6a4358
textures/flatlist/ovr_stm/_win/w02_saku_itas.bmp.ctxr,textures/flatlist/ovr_stm/_win,w02_saku_itas.bmp.ctxr,w02_saku_itas.bmp,ctxr,44064,4466f955610a9464287728e49f4d3d1a7ea982eb
textures/flatlist/ovr_stm/_win/w02_sr_box.bmp.ctxr,textures/flatlist/ovr_stm/_win,w02_sr_box.bmp.ctxr,w02_sr_box.bmp,ctxr,699488,0a93763e2ad656c38bc7e86ae2602e3bc61c3873
textures/flatlist/ovr_stm/_win/w02_sr_box_com.bmp.ctxr,textures/flatlist/ovr_stm/_win,w02_sr_box_com.bmp.ctxr,w02_sr_box_com.bmp,ctxr,87744,3c09f9d316de36b6e2ac5339d10367d5753f93ff
textures/flatlist/ovr_stm/_win/w02_sr_box_side.bmp.ctxr,textures/flatlist/ovr_stm/_win,w02_sr_box_side.bmp.ctxr,w02_sr_box_side.bmp,ctxr,87744,b2ef14c972e9acf5f10cd15c1879d6dd46f44b7d
textures/flatlist/ovr_stm/_win/w02_sr_code_top.bmp.ctxr,textures/flatlist/ovr_stm/_win,w02_sr_code_top.bmp.ctxr,w02_sr_code_top.bmp,ctxr,44096,1cf103baffd4ecb871d419256c1b0a958223e6c1
textures/flatlist/ovr_stm/_win/w02_sr_contena1.bmp.ctxr,textures/flatlist/ovr_stm/_win,w02_sr_contena1.bmp.ctxr,w02_sr_contena1.bmp,ctxr,175168,4e03056e884af2f335791cc71dc9050bb8f7e83e
textures/flatlist/ovr_stm/_win/w02_sr_contena2.bmp.ctxr,textures/flatlist/ovr_stm/_win,w02_sr_contena2.bmp.ctxr,w02_sr_contena2.bmp,ctxr,175168,16c11e31c0f91ad043f0c6fa061c92c63b8be944
textures/flatlist/ovr_stm/_win/w02_sr_contena3.bmp.ctxr,textures/flatlist/ovr_stm/_win,w02_sr_contena3.bmp.ctxr,w02_sr_contena3.bmp,ctxr,87744,5a10bfe06441d7b4ab511b23695f6423d413458f
textures/flatlist/ovr_stm/_win/w02_sr_contena4.bmp.ctxr,textures/flatlist/ovr_stm/_win,w02_sr_contena4.bmp.ctxr,w02_sr_contena4.bmp,ctxr,87744,34f13036d920eb0792e98cf71ce68ffb52b696c4
textures/flatlist/ovr_stm/_win/w02_sr_contena5.bmp.ctxr,textures/flatlist/ovr_stm/_win,w02_sr_contena5.bmp.ctxr,w02_sr_contena5.bmp,ctxr,87744,85ebf287c0a30611b454627ef7aa7ec6d9d8fd17
textures/flatlist/ovr_stm/_win/w02_sr_door2_full.bmp.ctxr,textures/flatlist/ovr_stm/_win,w02_sr_door2_full.bmp.ctxr,w02_sr_door2_full.bmp,ctxr,699488,e66e16bd8a568cf2465aecaee3eae123897a2491
textures/flatlist/ovr_stm/_win/w02_sr_door_parts0.bmp_cb699f431ffc5acaf47f2e26b678eccd.ctxr,textures/flatlist/ovr_stm/_win,w02_sr_door_parts0.bmp_cb699f431ffc5acaf47f2e26b678eccd.ctxr,w02_sr_door_parts0.bmp_cb699f431ffc5acaf47f2e26b678eccd,ctxr,349920,419a245824223faf5272c3b3a096e75feae068cf
textures/flatlist/ovr_stm/_win/w02_sr_door_parts1.bmp.ctxr,textures/flatlist/ovr_stm/_win,w02_sr_door_parts1.bmp.ctxr,w02_sr_door_parts1.bmp,ctxr,349952,9914bfa75fa3db7f4787fb6c3873639977138a2d
textures/flatlist/ovr_stm/_win/w02_sr_door_rail.bmp.ctxr,textures/flatlist/ovr_stm/_win,w02_sr_door_rail.bmp.ctxr,w02_sr_door_rail.bmp,ctxr,175200,783ad73489a33945d356c8078ff613fac143e56e
textures/flatlist/ovr_stm/_win/w02_sr_fire.bmp.ctxr,textures/flatlist/ovr_stm/_win,w02_sr_fire.bmp.ctxr,w02_sr_fire.bmp,ctxr,87744,61967b301175c07017b5d259695098eb11c3b284
textures/flatlist/ovr_stm/_win/w02_sr_kabe.bmp.ctxr,textures/flatlist/ovr_stm/_win,w02_sr_kabe.bmp.ctxr,w02_sr_kabe.bmp,ctxr,2796672,2f065324c9a4d3b70c538eb66a4718c925f4a96f
textures/flatlist/ovr_stm/_win/w02_sr_panel2.bmp.ctxr,textures/flatlist/ovr_stm/_win,w02_sr_panel2.bmp.ctxr,w02_sr_panel2.bmp,ctxr,699488,5a564d3cda3aff76c90b09aca9dd855374a56a22
textures/flatlist/ovr_stm/_win/w02_sr_pnl_b1.bmp.ctxr,textures/flatlist/ovr_stm/_win,w02_sr_pnl_b1.bmp.ctxr,w02_sr_pnl_b1.bmp,ctxr,87744,bb98d21cecaaa07e4a98bd62c11025f3df4a2ca7
textures/flatlist/ovr_stm/_win/w02_sr_roof.bmp.ctxr,textures/flatlist/ovr_stm/_win,w02_sr_roof.bmp.ctxr,w02_sr_roof.bmp,ctxr,349920,07ba784f6f2c679eebf437419fa8367957a0706a
textures/flatlist/ovr_stm/_win/w02_sr_roof2.bmp.ctxr,textures/flatlist/ovr_stm/_win,w02_sr_roof2.bmp.ctxr,w02_sr_roof2.bmp,ctxr,349920,44da5f206012b92d4f0a1805a8f876802636c88a
textures/flatlist/ovr_stm/_win/w02_sr_roof3.bmp_d344ae9df9a1fddfbccf5e3b51634b41.ctxr,textures/flatlist/ovr_stm/_win,w02_sr_roof3.bmp_d344ae9df9a1fddfbccf5e3b51634b41.ctxr,w02_sr_roof3.bmp_d344ae9df9a1fddfbccf5e3b51634b41,ctxr,349920,ff140a97ce0120f1ee0ae0191648c34756c109b7
textures/flatlist/ovr_stm/_win/w02_sr_yuka.bmp.ctxr,textures/flatlist/ovr_stm/_win,w02_sr_yuka.bmp.ctxr,w02_sr_yuka.bmp,ctxr,2796672,31087b496ce66b33b2864ec20bd19f3702a7e861
textures/flatlist/ovr_stm/_win/w02_sr_yuka2.bmp.ctxr,textures/flatlist/ovr_stm/_win,w02_sr_yuka2.bmp.ctxr,w02_sr_yuka2.bmp,ctxr,699488,71be5a4c4fb4e97e8807f66d942f606489aa8d1e
textures/flatlist/ovr_stm/_win/w02_sr_yuka4.bmp.ctxr,textures/flatlist/ovr_stm/_win,w02_sr_yuka4.bmp.ctxr,w02_sr_yuka4.bmp,ctxr,175168,973aad0bd733c6100a55254f39d0e3a25eb94fff
textures/flatlist/ovr_stm/_win/w02_sr_yuka6.bmp.ctxr,textures/flatlist/ovr_stm/_win,w02_sr_yuka6.bmp.ctxr,w02_sr_yuka6.bmp,ctxr,1398528,ca237e1c60255b4f73b7bb7136f045657f18f09c
textures/flatlist/ovr_stm/_win/w02_sr_yuka7.bmp.ctxr,textures/flatlist/ovr_stm/_win,w02_sr_yuka7.bmp.ctxr,w02_sr_yuka7.bmp,ctxr,349920,0e4e91c77d0b3742d050f71c5a637ed437911075
textures/flatlist/ovr_stm/_win/w02_wall_door1.bmp.ctxr,textures/flatlist/ovr_stm/_win,w02_wall_door1.bmp.ctxr,w02_wall_door1.bmp,ctxr,349920,2f6cf65414c9b91114c451b3bf20a6bdc56fce6b
textures/flatlist/ovr_stm/_win/w02_yuka3.bmp.ctxr,textures/flatlist/ovr_stm/_win,w02_yuka3.bmp.ctxr,w02_yuka3.bmp,ctxr,87744,fd88a6db7ccf0d5b8b40432393b28cdd443e2ecb
textures/flatlist/ovr_stm/_win/w02_yukaf_s.bmp.ctxr,textures/flatlist/ovr_stm/_win,w02_yukaf_s.bmp.ctxr,w02_yukaf_s.bmp,ctxr,87744,588a5234b5762966e4b40e6906b2526dd497e23f
textures/flatlist/ovr_stm/_win/w02_yukaf_s2.bmp.ctxr,textures/flatlist/ovr_stm/_win,w02_yukaf_s2.bmp.ctxr,w02_yukaf_s2.bmp,ctxr,87744,90acdadf924ebc9a364eab58d066b89c1176d91e
textures/flatlist/ovr_stm/_win/w02_yuka_f.bmp.ctxr,textures/flatlist/ovr_stm/_win,w02_yuka_f.bmp.ctxr,w02_yuka_f.bmp,ctxr,175168,678d8cd0e91921e9ca29f2abf658dafc5086f8b4
textures/flatlist/ovr_stm/_win/w02_yuka_f4.bmp.ctxr,textures/flatlist/ovr_stm/_win,w02_yuka_f4.bmp.ctxr,w02_yuka_f4.bmp,ctxr,175168,22ce0362c00bfbe0b555f44c9d1eeb6f93740dd5
textures/flatlist/ovr_stm/_win/w02_yuka_pipe.bmp.ctxr,textures/flatlist/ovr_stm/_win,w02_yuka_pipe.bmp.ctxr,w02_yuka_pipe.bmp,ctxr,349920,8f67f602cd91bbeda13b8c47078aa00d5999ccb6
textures/flatlist/ovr_stm/_win/w02_yuka_rail.bmp.ctxr,textures/flatlist/ovr_stm/_win,w02_yuka_rail.bmp.ctxr,w02_yuka_rail.bmp,ctxr,11264,ed75393e433eb0fd13b378b2d8b1fb1f390ad019
textures/flatlist/ovr_stm/_win/w02_yuka_s.bmp.ctxr,textures/flatlist/ovr_stm/_win,w02_yuka_s.bmp.ctxr,w02_yuka_s.bmp,ctxr,44064,1533b2ee53a3b1ea36e1b5bfbf08a42545ed9184
textures/flatlist/ovr_stm/_win/w02_y_light_f1b.bmp.ctxr,textures/flatlist/ovr_stm/_win,w02_y_light_f1b.bmp.ctxr,w02_y_light_f1b.bmp,ctxr,1398528,c561c0a31027709397208c38d66009bfaae4928a
textures/flatlist/ovr_stm/_win/w03a2_flb00a.bmp.ctxr,textures/flatlist/ovr_stm/_win,w03a2_flb00a.bmp.ctxr,w03a2_flb00a.bmp,ctxr,175168,f9ff42a8cfdf72b151e39ecabbdf3d17dd7fc455
textures/flatlist/ovr_stm/_win/w03a2_flb00b.bmp.ctxr,textures/flatlist/ovr_stm/_win,w03a2_flb00b.bmp.ctxr,w03a2_flb00b.bmp,ctxr,349920,6d49dde9a44940035015265082e7b4b2a7bff37e
textures/flatlist/ovr_stm/_win/w03a_fl00.bmp.ctxr,textures/flatlist/ovr_stm/_win,w03a_fl00.bmp.ctxr,w03a_fl00.bmp,ctxr,349920,184a222ebc445422a9e56ce73bbdd4c7c69fd5de
textures/flatlist/ovr_stm/_win/w03a_fl01d.bmp.ctxr,textures/flatlist/ovr_stm/_win,w03a_fl01d.bmp.ctxr,w03a_fl01d.bmp,ctxr,87776,59a507781b9a2e40bbf6a87c3ba908c854983db4
textures/flatlist/ovr_stm/_win/w03a_pp02.bmp.ctxr,textures/flatlist/ovr_stm/_win,w03a_pp02.bmp.ctxr,w03a_pp02.bmp,ctxr,175200,f321e9f1b61198ad97a7b53eb127955f052d9560
textures/flatlist/ovr_stm/_win/w03a_pp05.bmp.ctxr,textures/flatlist/ovr_stm/_win,w03a_pp05.bmp.ctxr,w03a_pp05.bmp,ctxr,175200,88b1a22b3715922e4d776c2f79de5e04fdc0fb9b
textures/flatlist/ovr_stm/_win/w03a_w00.bmp.ctxr,textures/flatlist/ovr_stm/_win,w03a_w00.bmp.ctxr,w03a_w00.bmp,ctxr,175200,fc3ed21dc7a0ba1bff28b3e1b889fe6e53628940
textures/flatlist/ovr_stm/_win/w03a_w01c.bmp_66800e791c274078bbd7078d4207524e.ctxr,textures/flatlist/ovr_stm/_win,w03a_w01c.bmp_66800e791c274078bbd7078d4207524e.ctxr,w03a_w01c.bmp_66800e791c274078bbd7078d4207524e,ctxr,699488,20e77a4ba4377ee93c85554ed4e7470cb0aae543
textures/flatlist/ovr_stm/_win/w03a_w01d.bmp_9d316246ca7cc692494bbcf73b78f12f.ctxr,textures/flatlist/ovr_stm/_win,w03a_w01d.bmp_9d316246ca7cc692494bbcf73b78f12f.ctxr,w03a_w01d.bmp_9d316246ca7cc692494bbcf73b78f12f,ctxr,349952,2f2cb720d0cd4cbf91e7360516a9e00396bbf0fb
textures/flatlist/ovr_stm/_win/w03a_w04.bmp.ctxr,textures/flatlist/ovr_stm/_win,w03a_w04.bmp.ctxr,w03a_w04.bmp,ctxr,349952,9738412dff8759a27cae1804334761315fc0a250
textures/flatlist/ovr_stm/_win/w03a_w04a.bmp.ctxr,textures/flatlist/ovr_stm/_win,w03a_w04a.bmp.ctxr,w03a_w04a.bmp,ctxr,349952,54603f6ba61d7616b348fa3c350d75e39f04f528
textures/flatlist/ovr_stm/_win/w03b_dr00.bmp.ctxr,textures/flatlist/ovr_stm/_win,w03b_dr00.bmp.ctxr,w03b_dr00.bmp,ctxr,175168,28e4d3b4bcce736af73408b64710344d68ac2b6b
textures/flatlist/ovr_stm/_win/w03b_dr00a.bmp.ctxr,textures/flatlist/ovr_stm/_win,w03b_dr00a.bmp.ctxr,w03b_dr00a.bmp,ctxr,175168,22df15a58167a5134b9a4039bc0826cee7471c22
textures/flatlist/ovr_stm/_win/w03b_fl01.bmp.ctxr,textures/flatlist/ovr_stm/_win,w03b_fl01.bmp.ctxr,w03b_fl01.bmp,ctxr,1398528,1cd4d7acd6cab96a521b2d4dc11aa5cc41094ab0
textures/flatlist/ovr_stm/_win/w03b_fl01a.bmp.ctxr,textures/flatlist/ovr_stm/_win,w03b_fl01a.bmp.ctxr,w03b_fl01a.bmp,ctxr,1398528,142c7f0dfea3ee07b5dd4c638d4b6c45be53e7bb
textures/flatlist/ovr_stm/_win/w03b_fl02.bmp.ctxr,textures/flatlist/ovr_stm/_win,w03b_fl02.bmp.ctxr,w03b_fl02.bmp,ctxr,699488,38176d6ec159ddd711ea5541520700efc60b2dee
textures/flatlist/ovr_stm/_win/w03b_fl02.bmp_ecc5dba2548560f42c6a73e07c3b1ae7.ctxr,textures/flatlist/ovr_stm/_win,w03b_fl02.bmp_ecc5dba2548560f42c6a73e07c3b1ae7.ctxr,w03b_fl02.bmp_ecc5dba2548560f42c6a73e07c3b1ae7,ctxr,1398528,0c257e1447cfbcbf3283cc2212430fd958d14390
textures/flatlist/ovr_stm/_win/w03b_fl03.bmp.ctxr,textures/flatlist/ovr_stm/_win,w03b_fl03.bmp.ctxr,w03b_fl03.bmp,ctxr,699488,45a7168fa00e134db8b98d31fcd37044ce8d3b7f
textures/flatlist/ovr_stm/_win/w03b_fl03.bmp_8e8030f332ab93b222ccbdff4920382f.ctxr,textures/flatlist/ovr_stm/_win,w03b_fl03.bmp_8e8030f332ab93b222ccbdff4920382f.ctxr,w03b_fl03.bmp_8e8030f332ab93b222ccbdff4920382f,ctxr,1398528,cc446cd23ee8d66171aba49726a5246485d3063b
textures/flatlist/ovr_stm/_win/w03b_fl03a.bmp.ctxr,textures/flatlist/ovr_stm/_win,w03b_fl03a.bmp.ctxr,w03b_fl03a.bmp,ctxr,87776,b97b31c19162a079a2a700dd9c7eafa8eae128dc
textures/flatlist/ovr_stm/_win/w03b_fl04.bmp.ctxr,textures/flatlist/ovr_stm/_win,w03b_fl04.bmp.ctxr,w03b_fl04.bmp,ctxr,699488,0460dc4e65c88a88ff01b40ee3b5b487d0154e94
textures/flatlist/ovr_stm/_win/w03b_fl05.bmp.ctxr,textures/flatlist/ovr_stm/_win,w03b_fl05.bmp.ctxr,w03b_fl05.bmp,ctxr,699488,10ea715cc5c93d0d8485a4723818ddc966da0099
textures/flatlist/ovr_stm/_win/w03b_fl06.bmp.ctxr,textures/flatlist/ovr_stm/_win,w03b_fl06.bmp.ctxr,w03b_fl06.bmp,ctxr,699488,c53e6b6e9cfbd22ceaee3000e284a849b21a6483
textures/flatlist/ovr_stm/_win/w03b_ha00.bmp.ctxr,textures/flatlist/ovr_stm/_win,w03b_ha00.bmp.ctxr,w03b_ha00.bmp,ctxr,175200,bb7928a20513b492728e155871c5856400fb4f8b
textures/flatlist/ovr_stm/_win/w03b_rfb00.bmp.ctxr,textures/flatlist/ovr_stm/_win,w03b_rfb00.bmp.ctxr,w03b_rfb00.bmp,ctxr,87808,57b25bc79709255b77f06bc247dba2600910be20
textures/flatlist/ovr_stm/_win/w03b_rfb01.bmp.ctxr,textures/flatlist/ovr_stm/_win,w03b_rfb01.bmp.ctxr,w03b_rfb01.bmp,ctxr,44096,2e739335afa6150f045f3a12ae4d1881bf4cc7ad
textures/flatlist/ovr_stm/_win/w03b_rfb04.bmp.ctxr,textures/flatlist/ovr_stm/_win,w03b_rfb04.bmp.ctxr,w03b_rfb04.bmp,ctxr,349952,4148348121551fbe32bc2364f335167a5160d0ea
textures/flatlist/ovr_stm/_win/w03b_w02a.bmp.ctxr,textures/flatlist/ovr_stm/_win,w03b_w02a.bmp.ctxr,w03b_w02a.bmp,ctxr,349920,79bc78788900c35520b2cbe111b9157be828428c
textures/flatlist/ovr_stm/_win/w03b_w02b.bmp.ctxr,textures/flatlist/ovr_stm/_win,w03b_w02b.bmp.ctxr,w03b_w02b.bmp,ctxr,175168,55fc7024434487a372d772af5b874bc11e8e552d
textures/flatlist/ovr_stm/_win/w03b_w03a.bmp.ctxr,textures/flatlist/ovr_stm/_win,w03b_w03a.bmp.ctxr,w03b_w03a.bmp,ctxr,175168,3ce00205aeb0632a33d1144782bcdd6cea4133ea
textures/flatlist/ovr_stm/_win/w03b_w04a.bmp.ctxr,textures/flatlist/ovr_stm/_win,w03b_w04a.bmp.ctxr,w03b_w04a.bmp,ctxr,349920,c759050a83e4029fe09603b85331a69ca015f1cf
textures/flatlist/ovr_stm/_win/w03c_flb00a.bmp.ctxr,textures/flatlist/ovr_stm/_win,w03c_flb00a.bmp.ctxr,w03c_flb00a.bmp,ctxr,175168,3d0826008ac490db228ea5486b155411a59285cd
textures/flatlist/ovr_stm/_win/w03c_flb00b.bmp.ctxr,textures/flatlist/ovr_stm/_win,w03c_flb00b.bmp.ctxr,w03c_flb00b.bmp,ctxr,349920,0a481e96e866be0a1b23f951a8ab525a479c4830
textures/flatlist/ovr_stm/_win/w03c_flb00c.bmp.ctxr,textures/flatlist/ovr_stm/_win,w03c_flb00c.bmp.ctxr,w03c_flb00c.bmp,ctxr,349920,190929a16b720443ef9d9e5ad06f6e82dcdcb118
textures/flatlist/ovr_stm/_win/w03c_flb00d.bmp.ctxr,textures/flatlist/ovr_stm/_win,w03c_flb00d.bmp.ctxr,w03c_flb00d.bmp,ctxr,175168,6f2e61ce0881d4395b08040be5cddb2f36c64f90
textures/flatlist/ovr_stm/_win/w03c_flb00e.bmp.ctxr,textures/flatlist/ovr_stm/_win,w03c_flb00e.bmp.ctxr,w03c_flb00e.bmp,ctxr,175168,c1f84298737305cbbf9b3ca9fa9d85f79f5f9b7e
textures/flatlist/ovr_stm/_win/w03c_flb02.bmp.ctxr,textures/flatlist/ovr_stm/_win,w03c_flb02.bmp.ctxr,w03c_flb02.bmp,ctxr,699488,ad509e0c04a4326829ca060c468058412e087b94
textures/flatlist/ovr_stm/_win/w03c_flb03a.bmp.ctxr,textures/flatlist/ovr_stm/_win,w03c_flb03a.bmp.ctxr,w03c_flb03a.bmp,ctxr,349952,d88258a461284f1242d7692a9faef8c2271b1628
textures/flatlist/ovr_stm/_win/w03c_flb03b.bmp.ctxr,textures/flatlist/ovr_stm/_win,w03c_flb03b.bmp.ctxr,w03c_flb03b.bmp,ctxr,349952,46f5bb17e7d3fcebe218889530d03bb768b3fd3b
textures/flatlist/ovr_stm/_win/w03c_flb03c.bmp.ctxr,textures/flatlist/ovr_stm/_win,w03c_flb03c.bmp.ctxr,w03c_flb03c.bmp,ctxr,349952,86c6dce5799bc6cc4b2056306f7c1edd56d98b82
textures/flatlist/ovr_stm/_win/w03c_rfc01a.bmp.ctxr,textures/flatlist/ovr_stm/_win,w03c_rfc01a.bmp.ctxr,w03c_rfc01a.bmp,ctxr,87744,4897ffbf52fe34630dda88fca5dcf63510adc568
textures/flatlist/ovr_stm/_win/w03c_wc00.bmp.ctxr,textures/flatlist/ovr_stm/_win,w03c_wc00.bmp.ctxr,w03c_wc00.bmp,ctxr,175168,5e0b5755e4093682f9a3c9007bfeea5281a8997e
textures/flatlist/ovr_stm/_win/w03_cat_pipe.bmp.ctxr,textures/flatlist/ovr_stm/_win,w03_cat_pipe.bmp.ctxr,w03_cat_pipe.bmp,ctxr,87776,bcaaec3ba0fbf7d152dd9a2d3208e7bacd7573d2
textures/flatlist/ovr_stm/_win/w03_cat_sasae_ura.bmp.ctxr,textures/flatlist/ovr_stm/_win,w03_cat_sasae_ura.bmp.ctxr,w03_cat_sasae_ura.bmp,ctxr,349952,9ac6b6549c53f349b8e1e68ca955a9467b5c514d
textures/flatlist/ovr_stm/_win/w04a1_hashira_face_bottom.bmp.ctxr,textures/flatlist/ovr_stm/_win,w04a1_hashira_face_bottom.bmp.ctxr,w04a1_hashira_face_bottom.bmp,ctxr,349952,2a9b11c4de542dab35a35aad3b8f2518b3e45bf5
textures/flatlist/ovr_stm/_win/w04a1_hashira_side.bmp.ctxr,textures/flatlist/ovr_stm/_win,w04a1_hashira_side.bmp.ctxr,w04a1_hashira_side.bmp,ctxr,1398528,a8a1655228bce6794fec1dddb321101e7284f744
textures/flatlist/ovr_stm/_win/w04a1_hashira_side2.bmp.ctxr,textures/flatlist/ovr_stm/_win,w04a1_hashira_side2.bmp.ctxr,w04a1_hashira_side2.bmp,ctxr,175168,12cd31c872f47977f28a7c31b922057c0b4c368a
textures/flatlist/ovr_stm/_win/w04a3_cam_base.bmp.ctxr,textures/flatlist/ovr_stm/_win,w04a3_cam_base.bmp.ctxr,w04a3_cam_base.bmp,ctxr,87808,fa4fc36effb2aa3228e303b4b0ba7943dbb9c8bd
textures/flatlist/ovr_stm/_win/w04a3_cam_body.bmp.ctxr,textures/flatlist/ovr_stm/_win,w04a3_cam_body.bmp.ctxr,w04a3_cam_body.bmp,ctxr,349920,fc66d4680b3e2636794b8db7b3bd9aa3fdb5472b
textures/flatlist/ovr_stm/_win/w04a3_cam_body3.bmp.ctxr,textures/flatlist/ovr_stm/_win,w04a3_cam_body3.bmp.ctxr,w04a3_cam_body3.bmp,ctxr,87744,8f534fb085666ea8b8b357ed7c668dbf627046aa
textures/flatlist/ovr_stm/_win/w04a3_contena.bmp.ctxr,textures/flatlist/ovr_stm/_win,w04a3_contena.bmp.ctxr,w04a3_contena.bmp,ctxr,699488,3fa66247a9068a44edccaf764750ecacfe9a0795
textures/flatlist/ovr_stm/_win/w04a3_contena_top.bmp.ctxr,textures/flatlist/ovr_stm/_win,w04a3_contena_top.bmp.ctxr,w04a3_contena_top.bmp,ctxr,349920,a97aaf77d33e4c6420014d98e667ed7ff9b12e54
textures/flatlist/ovr_stm/_win/w04a3_lift_side1.bmp.ctxr,textures/flatlist/ovr_stm/_win,w04a3_lift_side1.bmp.ctxr,w04a3_lift_side1.bmp,ctxr,175168,9c998022a4bdc936f7f6446cde206a29a7fa681e
textures/flatlist/ovr_stm/_win/w04a3_lift_ura.bmp.ctxr,textures/flatlist/ovr_stm/_win,w04a3_lift_ura.bmp.ctxr,w04a3_lift_ura.bmp,ctxr,349952,70f042cd889fe7cd02f2bb048412e0b232d7a0fe
textures/flatlist/ovr_stm/_win/w04a3_mecha_dai.bmp.ctxr,textures/flatlist/ovr_stm/_win,w04a3_mecha_dai.bmp.ctxr,w04a3_mecha_dai.bmp,ctxr,699488,1cbe6c3e63ef07434c2503edcbb0b2d93a51e016
textures/flatlist/ovr_stm/_win/w04a3_mecha_dai_ura.bmp.ctxr,textures/flatlist/ovr_stm/_win,w04a3_mecha_dai_ura.bmp.ctxr,w04a3_mecha_dai_ura.bmp,ctxr,349920,372684a215ec79ab61bd897e31aa37831ffdc086
textures/flatlist/ovr_stm/_win/w04a3_mecha_hashi_face.bmp.ctxr,textures/flatlist/ovr_stm/_win,w04a3_mecha_hashi_face.bmp.ctxr,w04a3_mecha_hashi_face.bmp,ctxr,349952,9ee7ce664feb6636741edf664cd7cfd7e5954cf6
textures/flatlist/ovr_stm/_win/w04a3_tanmatu_tower_face.bmp.ctxr,textures/flatlist/ovr_stm/_win,w04a3_tanmatu_tower_face.bmp.ctxr,w04a3_tanmatu_tower_face.bmp,ctxr,349952,64931c82dc37ab0bd0b1e30a2d54bfd28aab112c
textures/flatlist/ovr_stm/_win/w04a3_tanmatu_tower_side.bmp.ctxr,textures/flatlist/ovr_stm/_win,w04a3_tanmatu_tower_side.bmp.ctxr,w04a3_tanmatu_tower_side.bmp,ctxr,175200,6c325f6e8b0df1281bc8360eee8684cd05700547
textures/flatlist/ovr_stm/_win/w04a_box.bmp.ctxr,textures/flatlist/ovr_stm/_win,w04a_box.bmp.ctxr,w04a_box.bmp,ctxr,699488,b8c4639a56e070d34a71e6e4c159e42e087ce3fd
textures/flatlist/ovr_stm/_win/w04a_box_face.bmp.ctxr,textures/flatlist/ovr_stm/_win,w04a_box_face.bmp.ctxr,w04a_box_face.bmp,ctxr,699488,dce679d24503e44524a768dcd055ec7477dacc68
textures/flatlist/ovr_stm/_win/w04a_box_side.bmp.ctxr,textures/flatlist/ovr_stm/_win,w04a_box_side.bmp.ctxr,w04a_box_side.bmp,ctxr,349920,bab671dcda62c91f075bee9eb1ebdb2b777ed10e
textures/flatlist/ovr_stm/_win/w04a_door.bmp.ctxr,textures/flatlist/ovr_stm/_win,w04a_door.bmp.ctxr,w04a_door.bmp,ctxr,699488,c1fdf71fd577653b7a4979a17894148b39230263
textures/flatlist/ovr_stm/_win/w04a_floor1.bmp.ctxr,textures/flatlist/ovr_stm/_win,w04a_floor1.bmp.ctxr,w04a_floor1.bmp,ctxr,2796672,bfb0e7821a07e436b740975ec10656ebe4163b6e
textures/flatlist/ovr_stm/_win/w04a_floor2.bmp.ctxr,textures/flatlist/ovr_stm/_win,w04a_floor2.bmp.ctxr,w04a_floor2.bmp,ctxr,1398560,af18026816569bbe5aa88a9a5a1fbc48bc4b9458
textures/flatlist/ovr_stm/_win/w04a_floor2_center.bmp.ctxr,textures/flatlist/ovr_stm/_win,w04a_floor2_center.bmp.ctxr,w04a_floor2_center.bmp,ctxr,349920,4c0806c6edf355e6f57990edcf74f97281bedfde
textures/flatlist/ovr_stm/_win/w04a_floor4.bmp.ctxr,textures/flatlist/ovr_stm/_win,w04a_floor4.bmp.ctxr,w04a_floor4.bmp,ctxr,1398528,858a4c48f06bb7430954e05ebad866c12a050e71
textures/flatlist/ovr_stm/_win/w04a_floor5.bmp.ctxr,textures/flatlist/ovr_stm/_win,w04a_floor5.bmp.ctxr,w04a_floor5.bmp,ctxr,349920,a3ed1b609e05385c54e4995c1f12cd089cb14372
textures/flatlist/ovr_stm/_win/w04a_floor_hatch.bmp.ctxr,textures/flatlist/ovr_stm/_win,w04a_floor_hatch.bmp.ctxr,w04a_floor_hatch.bmp,ctxr,699488,a773cc4d531289a796ff114e8d2bc3b209301e38
textures/flatlist/ovr_stm/_win/w04a_floor_tuuro.bmp.ctxr,textures/flatlist/ovr_stm/_win,w04a_floor_tuuro.bmp.ctxr,w04a_floor_tuuro.bmp,ctxr,175168,f3c413d46bb5a7b1a21f45a7956e24f95639498d
textures/flatlist/ovr_stm/_win/w04a_hatch.bmp.ctxr,textures/flatlist/ovr_stm/_win,w04a_hatch.bmp.ctxr,w04a_hatch.bmp,ctxr,175168,fb3be7670eae9c6189dd693a2a4330a9b38b9d1f
textures/flatlist/ovr_stm/_win/w04a_mecha_04.bmp.ctxr,textures/flatlist/ovr_stm/_win,w04a_mecha_04.bmp.ctxr,w04a_mecha_04.bmp,ctxr,699488,3e7c679ae0bc4133d997a8075653d55004349f89
textures/flatlist/ovr_stm/_win/w04a_mecha_top2.bmp.ctxr,textures/flatlist/ovr_stm/_win,w04a_mecha_top2.bmp.ctxr,w04a_mecha_top2.bmp,ctxr,349920,7f410ca44b8f5653e54a1db991cb5e0f212491f9
textures/flatlist/ovr_stm/_win/w04a_spk2_face.bmp.ctxr,textures/flatlist/ovr_stm/_win,w04a_spk2_face.bmp.ctxr,w04a_spk2_face.bmp,ctxr,175168,51d3134d8c01a29bde463fc92f1b107105b53d80
textures/flatlist/ovr_stm/_win/w04a_wall1.bmp.ctxr,textures/flatlist/ovr_stm/_win,w04a_wall1.bmp.ctxr,w04a_wall1.bmp,ctxr,1398528,d0358d49d43b0c25a7853000b77210c8377d00c4
textures/flatlist/ovr_stm/_win/w04a_wall2.bmp.ctxr,textures/flatlist/ovr_stm/_win,w04a_wall2.bmp.ctxr,w04a_wall2.bmp,ctxr,1398528,f8706023e2bb362bc4363f132da6a243f49b8ad6
textures/flatlist/ovr_stm/_win/w04a_wall_tuuro.bmp.ctxr,textures/flatlist/ovr_stm/_win,w04a_wall_tuuro.bmp.ctxr,w04a_wall_tuuro.bmp,ctxr,175168,46350a435901f44de292f2b3b3fe194e420d51b4
textures/flatlist/ovr_stm/_win/w04_demo_scr_back.bmp.ctxr,textures/flatlist/ovr_stm/_win,w04_demo_scr_back.bmp.ctxr,w04_demo_scr_back.bmp,ctxr,349920,791262360e65a9995671387770163f16e57415a6
textures/flatlist/ovr_stm/_win/w04_demo_scr_parts_01.bmp.ctxr,textures/flatlist/ovr_stm/_win,w04_demo_scr_parts_01.bmp.ctxr,w04_demo_scr_parts_01.bmp,ctxr,175168,3c073b9c334fdbb8f28905d909f419b6396ad425
textures/flatlist/ovr_stm/_win/w04_demo_scr_parts_02.bmp.ctxr,textures/flatlist/ovr_stm/_win,w04_demo_scr_parts_02.bmp.ctxr,w04_demo_scr_parts_02.bmp,ctxr,175168,2b96049e9e2eacd4c40f3385bd984278ed65c44b
textures/flatlist/ovr_stm/_win/w04_demo_scr_parts_03.bmp.ctxr,textures/flatlist/ovr_stm/_win,w04_demo_scr_parts_03.bmp.ctxr,w04_demo_scr_parts_03.bmp,ctxr,175168,43c98914e6f100686c3aee095d2c3d35bb0fbe20
textures/flatlist/ovr_stm/_win/w04_demo_scr_parts_bottom.bmp.ctxr,textures/flatlist/ovr_stm/_win,w04_demo_scr_parts_bottom.bmp.ctxr,w04_demo_scr_parts_bottom.bmp,ctxr,175168,1e947cc5dfef7fa891ed6773bb65aa92e16b7431
textures/flatlist/ovr_stm/_win/w04_demo_scr_parts_left.bmp.ctxr,textures/flatlist/ovr_stm/_win,w04_demo_scr_parts_left.bmp.ctxr,w04_demo_scr_parts_left.bmp,ctxr,175168,cba8216d5ee33f0a533d2deaf914bd1ee16afa9d
textures/flatlist/ovr_stm/_win/w04_eisha2_back.bmp.ctxr,textures/flatlist/ovr_stm/_win,w04_eisha2_back.bmp.ctxr,w04_eisha2_back.bmp,ctxr,87744,bef141a821e51de06018dc246cc2177bb2fe7095
textures/flatlist/ovr_stm/_win/w04_eisha2_top.bmp.ctxr,textures/flatlist/ovr_stm/_win,w04_eisha2_top.bmp.ctxr,w04_eisha2_top.bmp,ctxr,699488,49486797e611771806e0d0cd74fccde714ac4104
textures/flatlist/ovr_stm/_win/w04_yuka.bmp.ctxr,textures/flatlist/ovr_stm/_win,w04_yuka.bmp.ctxr,w04_yuka.bmp,ctxr,349952,9d9b38273d26f994892d8f8a057033842fab5582
textures/flatlist/ovr_stm/_win/w04_yuka_02.bmp.ctxr,textures/flatlist/ovr_stm/_win,w04_yuka_02.bmp.ctxr,w04_yuka_02.bmp,ctxr,87744,7932997c5af03ff46e96ef6acfc59105e9583ae8
textures/flatlist/ovr_stm/_win/w10b_fence_03_alp_ovl.bmp.ctxr,textures/flatlist/ovr_stm/_win,w10b_fence_03_alp_ovl.bmp.ctxr,w10b_fence_03_alp_ovl.bmp,ctxr,2796672,2924ea886785f03e86afb3d34d2669c70200802d
textures/flatlist/ovr_stm/_win/w10c_ashi00.bmp.ctxr,textures/flatlist/ovr_stm/_win,w10c_ashi00.bmp.ctxr,w10c_ashi00.bmp,ctxr,349952,871941bd14615098aec4f26a0d728fb67c455707
textures/flatlist/ovr_stm/_win/w10c_ent01.bmp.ctxr,textures/flatlist/ovr_stm/_win,w10c_ent01.bmp.ctxr,w10c_ent01.bmp,ctxr,175200,32c4ae140ec1330d3a2e0b08f1a20b639c93ccc6
textures/flatlist/ovr_stm/_win/w10c_entfl00.bmp.ctxr,textures/flatlist/ovr_stm/_win,w10c_entfl00.bmp.ctxr,w10c_entfl00.bmp,ctxr,349920,0f8692b80d9521638fd36470de56e24429c4a3b8
textures/flatlist/ovr_stm/_win/w10c_entfl01.bmp.ctxr,textures/flatlist/ovr_stm/_win,w10c_entfl01.bmp.ctxr,w10c_entfl01.bmp,ctxr,349920,7f3b2ec11923c881af67960667ded707b07c4adb
textures/flatlist/ovr_stm/_win/w10c_entw00.bmp_ebada4c5fb0cf21b95c03d700bd34525.ctxr,textures/flatlist/ovr_stm/_win,w10c_entw00.bmp_ebada4c5fb0cf21b95c03d700bd34525.ctxr,w10c_entw00.bmp_ebada4c5fb0cf21b95c03d700bd34525,ctxr,699488,7c68a5e91c5dad09914b1f0f0024e3d64a26707a
textures/flatlist/ovr_stm/_win/w10c_entw01.bmp.ctxr,textures/flatlist/ovr_stm/_win,w10c_entw01.bmp.ctxr,w10c_entw01.bmp,ctxr,349952,f1c4a60401fab3a64524073effa9fe5da52c6205
textures/flatlist/ovr_stm/_win/w10c_fl00a.bmp_f090db2c7d27de5ceaf7849bea3f7689.ctxr,textures/flatlist/ovr_stm/_win,w10c_fl00a.bmp_f090db2c7d27de5ceaf7849bea3f7689.ctxr,w10c_fl00a.bmp_f090db2c7d27de5ceaf7849bea3f7689,ctxr,349920,2f9ffb44092d6478bd8d662e21eeaf1d482b803c
textures/flatlist/ovr_stm/_win/w10c_fl00b.bmp_4783af139eb8448160dc9fa885bd7451.ctxr,textures/flatlist/ovr_stm/_win,w10c_fl00b.bmp_4783af139eb8448160dc9fa885bd7451.ctxr,w10c_fl00b.bmp_4783af139eb8448160dc9fa885bd7451,ctxr,175168,fd70504974187d5c8ac78356f9c7b8c6087ada7a
textures/flatlist/ovr_stm/_win/w10c_fl00c.bmp_79d5f05b0c8f02fa5ea3d8344309a532.ctxr,textures/flatlist/ovr_stm/_win,w10c_fl00c.bmp_79d5f05b0c8f02fa5ea3d8344309a532.ctxr,w10c_fl00c.bmp_79d5f05b0c8f02fa5ea3d8344309a532,ctxr,175168,6b193e38c5f0a1aec478fa14efd8adc0a8256578
textures/flatlist/ovr_stm/_win/w10c_fl00d.bmp.ctxr,textures/flatlist/ovr_stm/_win,w10c_fl00d.bmp.ctxr,w10c_fl00d.bmp,ctxr,44096,3bb3e34d4ff59fcbc537ce8baf72ac9f84806280
textures/flatlist/ovr_stm/_win/w10c_fl01.bmp_89b1600a0752b90e97de0d507585a5be.ctxr,textures/flatlist/ovr_stm/_win,w10c_fl01.bmp_89b1600a0752b90e97de0d507585a5be.ctxr,w10c_fl01.bmp_89b1600a0752b90e97de0d507585a5be,ctxr,349920,3cec93cd3f8ebe3555d80df2d7cfccc567e73773
textures/flatlist/ovr_stm/_win/w10c_fl01_brk.bmp.ctxr,textures/flatlist/ovr_stm/_win,w10c_fl01_brk.bmp.ctxr,w10c_fl01_brk.bmp,ctxr,699488,fa442847659ae51560a9cda4c50db7b30eed2331
textures/flatlist/ovr_stm/_win/w10c_fl02.bmp.ctxr,textures/flatlist/ovr_stm/_win,w10c_fl02.bmp.ctxr,w10c_fl02.bmp,ctxr,699488,cfee68132a921a659a00951cc2a9c4bab77018c2
textures/flatlist/ovr_stm/_win/w10c_fl03.bmp.ctxr,textures/flatlist/ovr_stm/_win,w10c_fl03.bmp.ctxr,w10c_fl03.bmp,ctxr,349920,2757fc6e3214f0c71b40f9336c7ba7ba4ee83bf4
textures/flatlist/ovr_stm/_win/w10c_fl03a.bmp.ctxr,textures/flatlist/ovr_stm/_win,w10c_fl03a.bmp.ctxr,w10c_fl03a.bmp,ctxr,349920,dd28ce4cb7ba6dae883402aad843b3ce36cc2638
textures/flatlist/ovr_stm/_win/w10c_flu00a.bmp.ctxr,textures/flatlist/ovr_stm/_win,w10c_flu00a.bmp.ctxr,w10c_flu00a.bmp,ctxr,349920,50f5cd159580b0a24f19ee15aedc6b5ae4051bd5
textures/flatlist/ovr_stm/_win/w10c_pp01.bmp.ctxr,textures/flatlist/ovr_stm/_win,w10c_pp01.bmp.ctxr,w10c_pp01.bmp,ctxr,349952,f402e67c7632be3c6c3f0a05e4c6d56ecfb62d61
textures/flatlist/ovr_stm/_win/w10c_pp01.bmp_ffdb967870ba68b15bb0414af2582240.ctxr,textures/flatlist/ovr_stm/_win,w10c_pp01.bmp_ffdb967870ba68b15bb0414af2582240.ctxr,w10c_pp01.bmp_ffdb967870ba68b15bb0414af2582240,ctxr,349952,82df32594442f480f4955cfc6de8c825e7d66c29
textures/flatlist/ovr_stm/_win/w10c_pp01a.bmp.ctxr,textures/flatlist/ovr_stm/_win,w10c_pp01a.bmp.ctxr,w10c_pp01a.bmp,ctxr,349952,cb051d4219ede4966b4197e3d2dc6669f195d197
textures/flatlist/ovr_stm/_win/w10c_pp04.bmp_6c02c0734669b3b2af844bfb2a6f8caf.ctxr,textures/flatlist/ovr_stm/_win,w10c_pp04.bmp_6c02c0734669b3b2af844bfb2a6f8caf.ctxr,w10c_pp04.bmp_6c02c0734669b3b2af844bfb2a6f8caf,ctxr,349952,6321c60805360c6c332029a8b879e223eb592c4b
textures/flatlist/ovr_stm/_win/w10c_sk00.bmp_080bd3d56c6e4437c207d0839cc27828.ctxr,textures/flatlist/ovr_stm/_win,w10c_sk00.bmp_080bd3d56c6e4437c207d0839cc27828.ctxr,w10c_sk00.bmp_080bd3d56c6e4437c207d0839cc27828,ctxr,175168,ddc2758602decaaa54f0aca8ad5941bdfa8b30eb
textures/flatlist/ovr_stm/_win/w10c_sk00a.bmp_c23abf4bb26aa9b385f505c9436c87e3.ctxr,textures/flatlist/ovr_stm/_win,w10c_sk00a.bmp_c23abf4bb26aa9b385f505c9436c87e3.ctxr,w10c_sk00a.bmp_c23abf4bb26aa9b385f505c9436c87e3,ctxr,175168,33018c08dc3e86a492b90f3c684b96975f862426
textures/flatlist/ovr_stm/_win/w10c_sk00b.bmp_d9e12dccb9bcc4cf71139977cbfbc3e7.ctxr,textures/flatlist/ovr_stm/_win,w10c_sk00b.bmp_d9e12dccb9bcc4cf71139977cbfbc3e7.ctxr,w10c_sk00b.bmp_d9e12dccb9bcc4cf71139977cbfbc3e7,ctxr,175168,d947589522ab562c5ce5425b539fd2f6341e86e1
textures/flatlist/ovr_stm/_win/w10c_sk00c.bmp_4081fb1cac8896c709c768596117ba88.ctxr,textures/flatlist/ovr_stm/_win,w10c_sk00c.bmp_4081fb1cac8896c709c768596117ba88.ctxr,w10c_sk00c.bmp_4081fb1cac8896c709c768596117ba88,ctxr,175168,e0b76fbb983c6b82b29141ab0c1960c0840c2e6d
textures/flatlist/ovr_stm/_win/w10c_sk00d.bmp_a9ee348f02fbca3d69c1ad8a9a23932a.ctxr,textures/flatlist/ovr_stm/_win,w10c_sk00d.bmp_a9ee348f02fbca3d69c1ad8a9a23932a.ctxr,w10c_sk00d.bmp_a9ee348f02fbca3d69c1ad8a9a23932a,ctxr,87744,08c474f7bf05f6b614c56e83988758857f227ab4
textures/flatlist/ovr_stm/_win/w10c_sk00e.bmp_0e3bb1fb297f402705e2cad23f68ddf6.ctxr,textures/flatlist/ovr_stm/_win,w10c_sk00e.bmp_0e3bb1fb297f402705e2cad23f68ddf6.ctxr,w10c_sk00e.bmp_0e3bb1fb297f402705e2cad23f68ddf6,ctxr,175168,c52b477daf658c272c25a5b77e41b63988a97167
textures/flatlist/ovr_stm/_win/w10c_sk01.bmp.ctxr,textures/flatlist/ovr_stm/_win,w10c_sk01.bmp.ctxr,w10c_sk01.bmp,ctxr,175168,3757ff8154ad1ae6c37f140f982b7084d84ba757
textures/flatlist/ovr_stm/_win/w10c_sk01.bmp_b38fa6aa2149606ac364f449b0956d51.ctxr,textures/flatlist/ovr_stm/_win,w10c_sk01.bmp_b38fa6aa2149606ac364f449b0956d51.ctxr,w10c_sk01.bmp_b38fa6aa2149606ac364f449b0956d51,ctxr,175168,4624672eb91e8c80850f26f6921f5ee60d8ef49f
textures/flatlist/ovr_stm/_win/w10c_sk01a.bmp_bac7874a3dfb93ad53d87c13aee33f56.ctxr,textures/flatlist/ovr_stm/_win,w10c_sk01a.bmp_bac7874a3dfb93ad53d87c13aee33f56.ctxr,w10c_sk01a.bmp_bac7874a3dfb93ad53d87c13aee33f56,ctxr,175168,01cd0d5f62b203878145b81d95acb54e0edd5c94
textures/flatlist/ovr_stm/_win/w10c_sk01b.bmp_5dc6834c6bebd925dad973550e4c6fdf.ctxr,textures/flatlist/ovr_stm/_win,w10c_sk01b.bmp_5dc6834c6bebd925dad973550e4c6fdf.ctxr,w10c_sk01b.bmp_5dc6834c6bebd925dad973550e4c6fdf,ctxr,87744,a43197ef32e1a8ecf1ac4eca888eebdd29f9eae3
textures/flatlist/ovr_stm/_win/w10c_sk01c.bmp_a7e8bcc841939628dc2dda275f4d60e0.ctxr,textures/flatlist/ovr_stm/_win,w10c_sk01c.bmp_a7e8bcc841939628dc2dda275f4d60e0.ctxr,w10c_sk01c.bmp_a7e8bcc841939628dc2dda275f4d60e0,ctxr,175168,ec4ea64486930f85a60dc7514b7aa5280c910bfc
textures/flatlist/ovr_stm/_win/w10c_sk02b.bmp.ctxr,textures/flatlist/ovr_stm/_win,w10c_sk02b.bmp.ctxr,w10c_sk02b.bmp,ctxr,11296,1de6a3a3c19fd29fcf23c60116c2beb26377d22d
textures/flatlist/ovr_stm/_win/w10c_sku00.bmp.ctxr,textures/flatlist/ovr_stm/_win,w10c_sku00.bmp.ctxr,w10c_sku00.bmp,ctxr,44096,352f68b97562d0d031d981b418ee8e22888d1fdd
textures/flatlist/ovr_stm/_win/w10c_sku00a.bmp.ctxr,textures/flatlist/ovr_stm/_win,w10c_sku00a.bmp.ctxr,w10c_sku00a.bmp,ctxr,44096,e164108b76233b8b524074261c459bf065e3a45a
textures/flatlist/ovr_stm/_win/w10c_sku00c.bmp.ctxr,textures/flatlist/ovr_stm/_win,w10c_sku00c.bmp.ctxr,w10c_sku00c.bmp,ctxr,44096,5e34d4fd092c84aae6ef207f80993a1d555a9b92
textures/flatlist/ovr_stm/_win/w10c_sku00d.bmp.ctxr,textures/flatlist/ovr_stm/_win,w10c_sku00d.bmp.ctxr,w10c_sku00d.bmp,ctxr,22208,03bb06c5303670b9645eaa26eac45ce6d0aaf1c4
textures/flatlist/ovr_stm/_win/w10c_sku01a.bmp.ctxr,textures/flatlist/ovr_stm/_win,w10c_sku01a.bmp.ctxr,w10c_sku01a.bmp,ctxr,44096,c1b59f55c8715bbb8baead99f5ebdde5087b3c1f
textures/flatlist/ovr_stm/_win/w10c_trapfl01.bmp.ctxr,textures/flatlist/ovr_stm/_win,w10c_trapfl01.bmp.ctxr,w10c_trapfl01.bmp,ctxr,349920,8553164c5fa34fcb4865d004460683c347b40236
textures/flatlist/ovr_stm/_win/w10c_w00.bmp.ctxr,textures/flatlist/ovr_stm/_win,w10c_w00.bmp.ctxr,w10c_w00.bmp,ctxr,1398528,8a8c96918c05bcdf5d508e47eff95dacf49e7dd0
textures/flatlist/ovr_stm/_win/w10c_w00a.bmp.ctxr,textures/flatlist/ovr_stm/_win,w10c_w00a.bmp.ctxr,w10c_w00a.bmp,ctxr,1398528,d459d030f4c7851f480505dbc7f7928cfe51abf8
textures/flatlist/ovr_stm/_win/w10c_w00b.bmp.ctxr,textures/flatlist/ovr_stm/_win,w10c_w00b.bmp.ctxr,w10c_w00b.bmp,ctxr,349920,d520f194dab06afc41c7f26d471000f03ad4c476
textures/flatlist/ovr_stm/_win/w10c_w00c.bmp_1a2ec7dfc72a4bdfc203becd5d5bccf6.ctxr,textures/flatlist/ovr_stm/_win,w10c_w00c.bmp_1a2ec7dfc72a4bdfc203becd5d5bccf6.ctxr,w10c_w00c.bmp_1a2ec7dfc72a4bdfc203becd5d5bccf6,ctxr,87808,e45487a621bec7cf2470fd0f44fe4bb2d9c853c7
textures/flatlist/ovr_stm/_win/w10c_w00e.bmp.ctxr,textures/flatlist/ovr_stm/_win,w10c_w00e.bmp.ctxr,w10c_w00e.bmp,ctxr,1398528,9e2d35eeb3271c7f546f8798f1b86a6dfb239d6f
textures/flatlist/ovr_stm/_win/w10c_w00f2.bmp.ctxr,textures/flatlist/ovr_stm/_win,w10c_w00f2.bmp.ctxr,w10c_w00f2.bmp,ctxr,1398528,e271079c304c17277cd47e12121befd082edd692
textures/flatlist/ovr_stm/_win/w10c_w02.bmp.ctxr,textures/flatlist/ovr_stm/_win,w10c_w02.bmp.ctxr,w10c_w02.bmp,ctxr,87776,16d100261418d7f5a2b844ee5bef1a637df06140
textures/flatlist/ovr_stm/_win/w10c_w06b2.bmp.ctxr,textures/flatlist/ovr_stm/_win,w10c_w06b2.bmp.ctxr,w10c_w06b2.bmp,ctxr,1398528,3b5d0a92e4e1087dfe1e03d8a3ace3e3a98942fb
textures/flatlist/ovr_stm/_win/w11a0_amiflr1.bmp.ctxr,textures/flatlist/ovr_stm/_win,w11a0_amiflr1.bmp.ctxr,w11a0_amiflr1.bmp,ctxr,349920,a24ad8687ae167331ca72b80b90212744b1dad84
textures/flatlist/ovr_stm/_win/w11a0_amiflr1_nuke_alp.bmp.ctxr,textures/flatlist/ovr_stm/_win,w11a0_amiflr1_nuke_alp.bmp.ctxr,w11a0_amiflr1_nuke_alp.bmp,ctxr,175168,e95bf2261eb20299250b32b0e38f5c3fa3f91857
textures/flatlist/ovr_stm/_win/w11a0_amiflr2.bmp.ctxr,textures/flatlist/ovr_stm/_win,w11a0_amiflr2.bmp.ctxr,w11a0_amiflr2.bmp,ctxr,175168,7bace6f0c1284dc160e4ebbdfe0cbc6e328fedd5
textures/flatlist/ovr_stm/_win/w11a0_bonbe1.bmp.ctxr,textures/flatlist/ovr_stm/_win,w11a0_bonbe1.bmp.ctxr,w11a0_bonbe1.bmp,ctxr,349920,ccc6755c365fc5cc1628d0d487c775918174cf40
textures/flatlist/ovr_stm/_win/w11a0_crndesk_f1.bmp.ctxr,textures/flatlist/ovr_stm/_win,w11a0_crndesk_f1.bmp.ctxr,w11a0_crndesk_f1.bmp,ctxr,349920,73c86a15e70f0c705bcae3a1b28f4f966a3e28a4
textures/flatlist/ovr_stm/_win/w11a0_deckwall1.bmp.ctxr,textures/flatlist/ovr_stm/_win,w11a0_deckwall1.bmp.ctxr,w11a0_deckwall1.bmp,ctxr,349952,49366fdffe0b55478995d5d2fe2708aecc79f4ff
textures/flatlist/ovr_stm/_win/w11a0_drwall_panel_r.bmp.ctxr,textures/flatlist/ovr_stm/_win,w11a0_drwall_panel_r.bmp.ctxr,w11a0_drwall_panel_r.bmp,ctxr,175200,d80c001f93ce71539114fbaa3f5a47b820ab01db
textures/flatlist/ovr_stm/_win/w11a0_duct1.bmp.ctxr,textures/flatlist/ovr_stm/_win,w11a0_duct1.bmp.ctxr,w11a0_duct1.bmp,ctxr,1398560,8ed225cf581480f8717318b9e7ded10f5422aaf5
textures/flatlist/ovr_stm/_win/w11a0_duct1_enter.bmp.ctxr,textures/flatlist/ovr_stm/_win,w11a0_duct1_enter.bmp.ctxr,w11a0_duct1_enter.bmp,ctxr,699488,9c52d43f8bc7934e431fc8206ecbb6efce0c87fc
textures/flatlist/ovr_stm/_win/w11a0_duct_fence_alp.bmp.ctxr,textures/flatlist/ovr_stm/_win,w11a0_duct_fence_alp.bmp.ctxr,w11a0_duct_fence_alp.bmp,ctxr,44064,9937e0ae61f836529453ccbd8faa712742a1b5ce
textures/flatlist/ovr_stm/_win/w11a0_fence1_alp.bmp.ctxr,textures/flatlist/ovr_stm/_win,w11a0_fence1_alp.bmp.ctxr,w11a0_fence1_alp.bmp,ctxr,1398528,594aeb48e2c9726602fe70eea66f460b64826fbb
textures/flatlist/ovr_stm/_win/w11a0_floor1.bmp.ctxr,textures/flatlist/ovr_stm/_win,w11a0_floor1.bmp.ctxr,w11a0_floor1.bmp,ctxr,1398528,8469dad8485cd4957c40b1c23a72494307da4ee4
textures/flatlist/ovr_stm/_win/w11a0_floor1_side.bmp.ctxr,textures/flatlist/ovr_stm/_win,w11a0_floor1_side.bmp.ctxr,w11a0_floor1_side.bmp,ctxr,349952,3b3a083666ea33d98dde1b7d92e072dea2a63727
textures/flatlist/ovr_stm/_win/w11a0_gas_cap00.bmp.ctxr,textures/flatlist/ovr_stm/_win,w11a0_gas_cap00.bmp.ctxr,w11a0_gas_cap00.bmp,ctxr,11264,d3b62b4a368a3c20d18a2c29f114ee732fc282a6
textures/flatlist/ovr_stm/_win/w11a0_jmst_dai1.bmp.ctxr,textures/flatlist/ovr_stm/_win,w11a0_jmst_dai1.bmp.ctxr,w11a0_jmst_dai1.bmp,ctxr,349920,8b6ced20c7bb6ae050d5f7c86fcf3b8b2e000e11
textures/flatlist/ovr_stm/_win/w11a0_pillar1.bmp.ctxr,textures/flatlist/ovr_stm/_win,w11a0_pillar1.bmp.ctxr,w11a0_pillar1.bmp,ctxr,699488,27ae69aad95a49cd45ceca4068d7d1e3a21d6943
textures/flatlist/ovr_stm/_win/w11a0_poolwall1.bmp.ctxr,textures/flatlist/ovr_stm/_win,w11a0_poolwall1.bmp.ctxr,w11a0_poolwall1.bmp,ctxr,349952,6bbc4c5b1a993a069fef1b2af257379852e247f6
textures/flatlist/ovr_stm/_win/w11a0_poolwall2.bmp.ctxr,textures/flatlist/ovr_stm/_win,w11a0_poolwall2.bmp.ctxr,w11a0_poolwall2.bmp,ctxr,699488,2b8d75b82877f81a8c5137172d0d45b60db30528
textures/flatlist/ovr_stm/_win/w11a0_pool_entflor1.bmp.ctxr,textures/flatlist/ovr_stm/_win,w11a0_pool_entflor1.bmp.ctxr,w11a0_pool_entflor1.bmp,ctxr,175168,d59ac3bf70d2c0b30b0103c6f5aa97fde3ed7cea
textures/flatlist/ovr_stm/_win/w11a0_poor_tsr1.bmp.ctxr,textures/flatlist/ovr_stm/_win,w11a0_poor_tsr1.bmp.ctxr,w11a0_poor_tsr1.bmp,ctxr,87776,765c90c223d574f7d07ac31fedc6a9e8c6506176
textures/flatlist/ovr_stm/_win/w11a0_poor_tsr2.bmp.ctxr,textures/flatlist/ovr_stm/_win,w11a0_poor_tsr2.bmp.ctxr,w11a0_poor_tsr2.bmp,ctxr,44096,00245889e3ff99c4a2b20b75f030430ac94f3b99
textures/flatlist/ovr_stm/_win/w11a0_southwall1.bmp.ctxr,textures/flatlist/ovr_stm/_win,w11a0_southwall1.bmp.ctxr,w11a0_southwall1.bmp,ctxr,699488,1f93868a0c7720e6a9d957020b299ecfe17ce281
textures/flatlist/ovr_stm/_win/w11a0_southwall2.bmp.ctxr,textures/flatlist/ovr_stm/_win,w11a0_southwall2.bmp.ctxr,w11a0_southwall2.bmp,ctxr,699488,0683ffd5488f204136f9cfc00dff05865aad2bf0
textures/flatlist/ovr_stm/_win/w11a0_southwall_hari1.bmp.ctxr,textures/flatlist/ovr_stm/_win,w11a0_southwall_hari1.bmp.ctxr,w11a0_southwall_hari1.bmp,ctxr,699488,19ea6fb219380946b89d13a60af87090a7c89a15
textures/flatlist/ovr_stm/_win/w11a0_step1.bmp.ctxr,textures/flatlist/ovr_stm/_win,w11a0_step1.bmp.ctxr,w11a0_step1.bmp,ctxr,175168,de3b93aeb200bca7fc11fc033f4905541bc43179
textures/flatlist/ovr_stm/_win/w11a0_tank1_asi1.bmp.ctxr,textures/flatlist/ovr_stm/_win,w11a0_tank1_asi1.bmp.ctxr,w11a0_tank1_asi1.bmp,ctxr,44064,b04a63a9967ab6113e81620e4b2d920f6f0a655e
textures/flatlist/ovr_stm/_win/w11a0_tank1_asi2.bmp.ctxr,textures/flatlist/ovr_stm/_win,w11a0_tank1_asi2.bmp.ctxr,w11a0_tank1_asi2.bmp,ctxr,44064,0203e7c6f3a9bc7829d05f139ea81b4f4baf34df
textures/flatlist/ovr_stm/_win/w11a0_tank1_ender.bmp.ctxr,textures/flatlist/ovr_stm/_win,w11a0_tank1_ender.bmp.ctxr,w11a0_tank1_ender.bmp,ctxr,22208,6401e910d2b709b1a8bcfde97a3f0b094d018e55
textures/flatlist/ovr_stm/_win/w11a0_tank1_s.bmp.ctxr,textures/flatlist/ovr_stm/_win,w11a0_tank1_s.bmp.ctxr,w11a0_tank1_s.bmp,ctxr,349920,bda53d8e68e24e94fed0174947b515a5fc9ca2b7
textures/flatlist/ovr_stm/_win/w11a0_temptex1_pipe.bmp.ctxr,textures/flatlist/ovr_stm/_win,w11a0_temptex1_pipe.bmp.ctxr,w11a0_temptex1_pipe.bmp,ctxr,87776,d4710616270b2a17df43e9ae30bf6385e49610cf
textures/flatlist/ovr_stm/_win/w11a0_tsr1.bmp.ctxr,textures/flatlist/ovr_stm/_win,w11a0_tsr1.bmp.ctxr,w11a0_tsr1.bmp,ctxr,44096,13636788b5bc12564394a312259fa5613c7fba9d
textures/flatlist/ovr_stm/_win/w11a0_tsr2.bmp.ctxr,textures/flatlist/ovr_stm/_win,w11a0_tsr2.bmp.ctxr,w11a0_tsr2.bmp,ctxr,22208,fd6256a3ea9792726d48998f16012581b60e09f6
textures/flatlist/ovr_stm/_win/w11a0_wall1.bmp.ctxr,textures/flatlist/ovr_stm/_win,w11a0_wall1.bmp.ctxr,w11a0_wall1.bmp,ctxr,1398528,51f04fdab6a7c026a05911db290b2575d4a327e7
textures/flatlist/ovr_stm/_win/w11a0_wall2.bmp.ctxr,textures/flatlist/ovr_stm/_win,w11a0_wall2.bmp.ctxr,w11a0_wall2.bmp,ctxr,1398528,9e9be7b5616f2948b2165479de3c6b25a8a03561
textures/flatlist/ovr_stm/_win/w11a1_flr2.bmp.ctxr,textures/flatlist/ovr_stm/_win,w11a1_flr2.bmp.ctxr,w11a1_flr2.bmp,ctxr,349920,b8bdc2db3ef6048173210b9fd2d6786c26bd0b83
textures/flatlist/ovr_stm/_win/w11a1_pillar1.bmp.ctxr,textures/flatlist/ovr_stm/_win,w11a1_pillar1.bmp.ctxr,w11a1_pillar1.bmp,ctxr,349952,c281ab3628c552375be7a9520105900a3ec23bc6
textures/flatlist/ovr_stm/_win/w11a1_pillar1_s.bmp.ctxr,textures/flatlist/ovr_stm/_win,w11a1_pillar1_s.bmp.ctxr,w11a1_pillar1_s.bmp,ctxr,349952,0a93dbacade2a2b82dc2c863c7c76b4f31dbd1db
textures/flatlist/ovr_stm/_win/w11a1_pillar2.bmp.ctxr,textures/flatlist/ovr_stm/_win,w11a1_pillar2.bmp.ctxr,w11a1_pillar2.bmp,ctxr,349952,50021f6b1ff22a27894193b104172bf1dfd8840b
textures/flatlist/ovr_stm/_win/w11a1_pillar2_s.bmp.ctxr,textures/flatlist/ovr_stm/_win,w11a1_pillar2_s.bmp.ctxr,w11a1_pillar2_s.bmp,ctxr,349952,db287a26c79d5e3ea6d4908ecd6917a72b4188fb
textures/flatlist/ovr_stm/_win/w11a1_pipe_endbox.bmp.ctxr,textures/flatlist/ovr_stm/_win,w11a1_pipe_endbox.bmp.ctxr,w11a1_pipe_endbox.bmp,ctxr,87744,2642129e35db562b03a237c4cc13688f85392572
textures/flatlist/ovr_stm/_win/w11a1_wall1.bmp.ctxr,textures/flatlist/ovr_stm/_win,w11a1_wall1.bmp.ctxr,w11a1_wall1.bmp,ctxr,699488,7cfb9b981c872520ac9b67792278dd36aebb9e5d
textures/flatlist/ovr_stm/_win/w11a1_wall2.bmp.ctxr,textures/flatlist/ovr_stm/_win,w11a1_wall2.bmp.ctxr,w11a1_wall2.bmp,ctxr,699488,54f205394a4d211a99f41e9a9c905a7c5306eb45
textures/flatlist/ovr_stm/_win/w11a1_wall3.bmp.ctxr,textures/flatlist/ovr_stm/_win,w11a1_wall3.bmp.ctxr,w11a1_wall3.bmp,ctxr,699488,0c43ff3fabacbd42d14b0927c2322ed80ea3b0cb
textures/flatlist/ovr_stm/_win/w11a2_cable1_st.bmp.ctxr,textures/flatlist/ovr_stm/_win,w11a2_cable1_st.bmp.ctxr,w11a2_cable1_st.bmp,ctxr,87776,730f576a3d5f577dbcd8c8e3aa44803c44790b5e
textures/flatlist/ovr_stm/_win/w11a2_ceil1.bmp.ctxr,textures/flatlist/ovr_stm/_win,w11a2_ceil1.bmp.ctxr,w11a2_ceil1.bmp,ctxr,349920,a22a95aabb9b30c567c02979f0916d53c75d31b8
textures/flatlist/ovr_stm/_win/w11a2_ceillit_hanger1.bmp.ctxr,textures/flatlist/ovr_stm/_win,w11a2_ceillit_hanger1.bmp.ctxr,w11a2_ceillit_hanger1.bmp,ctxr,175200,25c3f5a988bf656bd212f8cbbd32eb3b46d91540
textures/flatlist/ovr_stm/_win/w11a2_closed_shatter.bmp.ctxr,textures/flatlist/ovr_stm/_win,w11a2_closed_shatter.bmp.ctxr,w11a2_closed_shatter.bmp,ctxr,699488,5027bf8bf985e100d03bfe01afc174813c4b60b0
textures/flatlist/ovr_stm/_win/w11a2_drwall1_head.bmp.ctxr,textures/flatlist/ovr_stm/_win,w11a2_drwall1_head.bmp.ctxr,w11a2_drwall1_head.bmp,ctxr,87776,6a8a97a15b4c4667aba0242668f42976e74de0f2
textures/flatlist/ovr_stm/_win/w11a2_elvgate_pillar.bmp.ctxr,textures/flatlist/ovr_stm/_win,w11a2_elvgate_pillar.bmp.ctxr,w11a2_elvgate_pillar.bmp,ctxr,175168,b458f754ae355e9cf6fe443dc90ad689993eb243
textures/flatlist/ovr_stm/_win/w11a2_flr1.bmp.ctxr,textures/flatlist/ovr_stm/_win,w11a2_flr1.bmp.ctxr,w11a2_flr1.bmp,ctxr,1398528,51ba017bac818708bbe5d8a1a80c277287dbde56
textures/flatlist/ovr_stm/_win/w11a2_gate_flr1.bmp.ctxr,textures/flatlist/ovr_stm/_win,w11a2_gate_flr1.bmp.ctxr,w11a2_gate_flr1.bmp,ctxr,175168,2278a3d27755e06eac10e3803a870adecd38d147
textures/flatlist/ovr_stm/_win/w11a2_pillar1.bmp.ctxr,textures/flatlist/ovr_stm/_win,w11a2_pillar1.bmp.ctxr,w11a2_pillar1.bmp,ctxr,349952,8a904b091ebf382282ad667ea1d40bbf76e2fef6
textures/flatlist/ovr_stm/_win/w11a2_pillar2.bmp.ctxr,textures/flatlist/ovr_stm/_win,w11a2_pillar2.bmp.ctxr,w11a2_pillar2.bmp,ctxr,349952,15130d83c13ed8d11147cba58e6a1f8bff1c1941
textures/flatlist/ovr_stm/_win/w11a2_pipe3.bmp.ctxr,textures/flatlist/ovr_stm/_win,w11a2_pipe3.bmp.ctxr,w11a2_pipe3.bmp,ctxr,87776,748d3976a1e391153e4c13d6933983866a83eee7
textures/flatlist/ovr_stm/_win/w11a2_sunoko.bmp.ctxr,textures/flatlist/ovr_stm/_win,w11a2_sunoko.bmp.ctxr,w11a2_sunoko.bmp,ctxr,349920,bcde684b7cc21753484388f4e6a12d3841484903
textures/flatlist/ovr_stm/_win/w11a2_wall1.bmp.ctxr,textures/flatlist/ovr_stm/_win,w11a2_wall1.bmp.ctxr,w11a2_wall1.bmp,ctxr,1398528,54afa93ab7ce83742d9e0545c0e4f95919724609
textures/flatlist/ovr_stm/_win/w11a_gas2_02_t.bmp.ctxr,textures/flatlist/ovr_stm/_win,w11a_gas2_02_t.bmp.ctxr,w11a_gas2_02_t.bmp,ctxr,87744,5c4331ea08c104819c5f5d0138a9de6513179002
textures/flatlist/ovr_stm/_win/w11a_gas2_03_t.bmp.ctxr,textures/flatlist/ovr_stm/_win,w11a_gas2_03_t.bmp.ctxr,w11a_gas2_03_t.bmp,ctxr,87744,90b158ce9c0ea499bbdd0d790e9b97b48f69abf8
textures/flatlist/ovr_stm/_win/w11a_gas2_04_t.bmp.ctxr,textures/flatlist/ovr_stm/_win,w11a_gas2_04_t.bmp.ctxr,w11a_gas2_04_t.bmp,ctxr,22176,74654fdb328f3b22df55c1a0084625979add1b03
textures/flatlist/ovr_stm/_win/w11a_gas_02_t.bmp.ctxr,textures/flatlist/ovr_stm/_win,w11a_gas_02_t.bmp.ctxr,w11a_gas_02_t.bmp,ctxr,87744,f27007e07b8430b0c287ac9a655f29c055f54ca9
textures/flatlist/ovr_stm/_win/w11a_litflame_wire_alp.bmp.ctxr,textures/flatlist/ovr_stm/_win,w11a_litflame_wire_alp.bmp.ctxr,w11a_litflame_wire_alp.bmp,ctxr,44096,6810942169c8abdb2b775e0512684ba32195027a
textures/flatlist/ovr_stm/_win/w11a_t_hako_c.bmp.ctxr,textures/flatlist/ovr_stm/_win,w11a_t_hako_c.bmp.ctxr,w11a_t_hako_c.bmp,ctxr,44064,baff4c236dcd801169b83bdf28187512562e47fd
textures/flatlist/ovr_stm/_win/w11a_t_hako_d.bmp.ctxr,textures/flatlist/ovr_stm/_win,w11a_t_hako_d.bmp.ctxr,w11a_t_hako_d.bmp,ctxr,349920,7fe9dde45c4a9c424ad1a7ea59f8e45e92e9c26b
textures/flatlist/ovr_stm/_win/w11a_t_hako_e_2.bmp.ctxr,textures/flatlist/ovr_stm/_win,w11a_t_hako_e_2.bmp.ctxr,w11a_t_hako_e_2.bmp,ctxr,87744,a0ff46796095e8ff8adfcf8377c6fc91891c2760
textures/flatlist/ovr_stm/_win/w11a_t_tana2_b.bmp.ctxr,textures/flatlist/ovr_stm/_win,w11a_t_tana2_b.bmp.ctxr,w11a_t_tana2_b.bmp,ctxr,22240,c4bd96f7dea3d589775ada0bf4ea7035c09a8ed7
textures/flatlist/ovr_stm/_win/w11a_t_tana2_c.bmp.ctxr,textures/flatlist/ovr_stm/_win,w11a_t_tana2_c.bmp.ctxr,w11a_t_tana2_c.bmp,ctxr,22240,a2bf8cd4131f3db698dfecf0201c1dc14b31173e
textures/flatlist/ovr_stm/_win/w11a_t_tana_a.bmp.ctxr,textures/flatlist/ovr_stm/_win,w11a_t_tana_a.bmp.ctxr,w11a_t_tana_a.bmp,ctxr,349920,e6c1bac2db2daafcfeda4b729c82c2e8f9d04d93
textures/flatlist/ovr_stm/_win/w11b2_ironbox_sf.bmp.ctxr,textures/flatlist/ovr_stm/_win,w11b2_ironbox_sf.bmp.ctxr,w11b2_ironbox_sf.bmp,ctxr,175168,ed31f252c14fc7db6985f57e1e5937d23fbebdae
textures/flatlist/ovr_stm/_win/w11c2_lit_ele_box2.bmp.ctxr,textures/flatlist/ovr_stm/_win,w11c2_lit_ele_box2.bmp.ctxr,w11c2_lit_ele_box2.bmp,ctxr,87744,7cf09193c6141f260a4b14bb4958691486a6019b
textures/flatlist/ovr_stm/_win/w11c2_spipe_temptex1.bmp.ctxr,textures/flatlist/ovr_stm/_win,w11c2_spipe_temptex1.bmp.ctxr,w11c2_spipe_temptex1.bmp,ctxr,87744,eb0fa9c2c68478d436adb694fe82bccc2dde52ce
textures/flatlist/ovr_stm/_win/w11_drum_f1.bmp.ctxr,textures/flatlist/ovr_stm/_win,w11_drum_f1.bmp.ctxr,w11_drum_f1.bmp,ctxr,175168,855b6f862a0888e6f48165df504fd61d759e8181
textures/flatlist/ovr_stm/_win/w11_drum_t1.bmp.ctxr,textures/flatlist/ovr_stm/_win,w11_drum_t1.bmp.ctxr,w11_drum_t1.bmp,ctxr,87744,03da990e54d14e9ab668b0ff507cc7c9bb4014e7
textures/flatlist/ovr_stm/_win/w11_explode_drum_f1.bmp.ctxr,textures/flatlist/ovr_stm/_win,w11_explode_drum_f1.bmp.ctxr,w11_explode_drum_f1.bmp,ctxr,175168,af0718c5d8e8d4a1ab91090037c41b1b0effd24e
textures/flatlist/ovr_stm/_win/w11_explode_drum_t1.bmp.ctxr,textures/flatlist/ovr_stm/_win,w11_explode_drum_t1.bmp.ctxr,w11_explode_drum_t1.bmp,ctxr,87744,c8cd82bdadafd96a4e2bb32c50d94ec0290d3b90
textures/flatlist/ovr_stm/_win/w11_sdr_f1.bmp.ctxr,textures/flatlist/ovr_stm/_win,w11_sdr_f1.bmp.ctxr,w11_sdr_f1.bmp,ctxr,175168,b03244abd2159a2ea0bf41d523d87005c9ffdbd6
textures/flatlist/ovr_stm/_win/w11_woodbox_all.bmp.ctxr,textures/flatlist/ovr_stm/_win,w11_woodbox_all.bmp.ctxr,w11_woodbox_all.bmp,ctxr,175168,d4caf996bf1197d152802b2029f9256676de83b3
textures/flatlist/ovr_stm/_win/w12a_fl00.bmp.ctxr,textures/flatlist/ovr_stm/_win,w12a_fl00.bmp.ctxr,w12a_fl00.bmp,ctxr,349920,6492921cccd22c5e33005c58e78fb74c5ca36e9b
textures/flatlist/ovr_stm/_win/w12a_fl00a.bmp.ctxr,textures/flatlist/ovr_stm/_win,w12a_fl00a.bmp.ctxr,w12a_fl00a.bmp,ctxr,349920,c51b7c001bc9fa7063bd6041f5130725de0d64f5
textures/flatlist/ovr_stm/_win/w12a_fl00b.bmp.ctxr,textures/flatlist/ovr_stm/_win,w12a_fl00b.bmp.ctxr,w12a_fl00b.bmp,ctxr,175168,7953926365cbf2c87e99c6c4381bc139c336d551
textures/flatlist/ovr_stm/_win/w12a_fl00c.bmp.ctxr,textures/flatlist/ovr_stm/_win,w12a_fl00c.bmp.ctxr,w12a_fl00c.bmp,ctxr,175168,73830869bdc5d94380c2220c1d535133f8a7d63e
textures/flatlist/ovr_stm/_win/w12a_fl00d.bmp.ctxr,textures/flatlist/ovr_stm/_win,w12a_fl00d.bmp.ctxr,w12a_fl00d.bmp,ctxr,87744,2eb118c4162566350e99f23d6e1ddba34afba2b4
textures/flatlist/ovr_stm/_win/w12a_fl00e.bmp.ctxr,textures/flatlist/ovr_stm/_win,w12a_fl00e.bmp.ctxr,w12a_fl00e.bmp,ctxr,87744,dfe6a016995fc9164e8e3d429ac946a4dbba3b33
textures/flatlist/ovr_stm/_win/w12a_fl00f.bmp.ctxr,textures/flatlist/ovr_stm/_win,w12a_fl00f.bmp.ctxr,w12a_fl00f.bmp,ctxr,44096,98da8a6440bbecf3b9005444e9d1622a5605e163
textures/flatlist/ovr_stm/_win/w12a_fl00g.bmp.ctxr,textures/flatlist/ovr_stm/_win,w12a_fl00g.bmp.ctxr,w12a_fl00g.bmp,ctxr,175168,0df51dc741cfaf00db1c00de9b1bd7dce34097a9
textures/flatlist/ovr_stm/_win/w12a_fl01.bmp.ctxr,textures/flatlist/ovr_stm/_win,w12a_fl01.bmp.ctxr,w12a_fl01.bmp,ctxr,87776,cce18dd5c3588d5b49c4fd1b6073fa54dcd5bc99
textures/flatlist/ovr_stm/_win/w12a_fl01a.bmp.ctxr,textures/flatlist/ovr_stm/_win,w12a_fl01a.bmp.ctxr,w12a_fl01a.bmp,ctxr,87776,c8b0c70216aec51e3e37054cbbfbf816be0d05d2
textures/flatlist/ovr_stm/_win/w12a_fl01b.bmp.ctxr,textures/flatlist/ovr_stm/_win,w12a_fl01b.bmp.ctxr,w12a_fl01b.bmp,ctxr,22176,cc1b48cf018bab6104dd1e61fc9efa0110a95141
textures/flatlist/ovr_stm/_win/w12a_fl01c.bmp.ctxr,textures/flatlist/ovr_stm/_win,w12a_fl01c.bmp.ctxr,w12a_fl01c.bmp,ctxr,44064,a94f4b605a44002d71818a41bbcaaf3de6aeace1
textures/flatlist/ovr_stm/_win/w12a_fl01d.bmp.ctxr,textures/flatlist/ovr_stm/_win,w12a_fl01d.bmp.ctxr,w12a_fl01d.bmp,ctxr,87776,e3c4b8384302e9ce78f5b53a162875e23fd18317
textures/flatlist/ovr_stm/_win/w12a_fl05.bmp.ctxr,textures/flatlist/ovr_stm/_win,w12a_fl05.bmp.ctxr,w12a_fl05.bmp,ctxr,175168,abb7dac146f70621ac3a448fe41a84f88e5474ec
textures/flatlist/ovr_stm/_win/w12a_fl05a.bmp.ctxr,textures/flatlist/ovr_stm/_win,w12a_fl05a.bmp.ctxr,w12a_fl05a.bmp,ctxr,44064,f2495a2cb8d2791b9d93a07f06ff2b891dcf8768
textures/flatlist/ovr_stm/_win/w12a_fl05b.bmp.ctxr,textures/flatlist/ovr_stm/_win,w12a_fl05b.bmp.ctxr,w12a_fl05b.bmp,ctxr,87776,e18fab5f1fcc2c9bb01992c3a2c2b4012c022772
textures/flatlist/ovr_stm/_win/w12a_fl05c.bmp.ctxr,textures/flatlist/ovr_stm/_win,w12a_fl05c.bmp.ctxr,w12a_fl05c.bmp,ctxr,175168,c8f860eac6a289cc330558bcaf647812dad831da
textures/flatlist/ovr_stm/_win/w12a_fl05d.bmp.ctxr,textures/flatlist/ovr_stm/_win,w12a_fl05d.bmp.ctxr,w12a_fl05d.bmp,ctxr,87744,a680b71b277e8f846d5756b7bbb10872dabed990
textures/flatlist/ovr_stm/_win/w12a_fl05e.bmp.ctxr,textures/flatlist/ovr_stm/_win,w12a_fl05e.bmp.ctxr,w12a_fl05e.bmp,ctxr,87744,e6eece6d1533739aec790898688517b53031832a
textures/flatlist/ovr_stm/_win/w12a_ironbox_sf.bmp.ctxr,textures/flatlist/ovr_stm/_win,w12a_ironbox_sf.bmp.ctxr,w12a_ironbox_sf.bmp,ctxr,175168,7b4dcebb7d498c1a8715d185aa962cf5aa702228
textures/flatlist/ovr_stm/_win/w12a_rf00a.bmp.ctxr,textures/flatlist/ovr_stm/_win,w12a_rf00a.bmp.ctxr,w12a_rf00a.bmp,ctxr,1398528,0908c716cf39ff517ab8d7266c56c2550429e81a
textures/flatlist/ovr_stm/_win/w12a_t_hako_d.bmp.ctxr,textures/flatlist/ovr_stm/_win,w12a_t_hako_d.bmp.ctxr,w12a_t_hako_d.bmp,ctxr,349920,598ad6e5aa15d6410384bd3ad80c8a07d4245020
textures/flatlist/ovr_stm/_win/w12a_w00a.bmp.ctxr,textures/flatlist/ovr_stm/_win,w12a_w00a.bmp.ctxr,w12a_w00a.bmp,ctxr,1398528,9bcf358998abadd8988c8b3699928e1b282c210d
textures/flatlist/ovr_stm/_win/w12a_w00b.bmp.ctxr,textures/flatlist/ovr_stm/_win,w12a_w00b.bmp.ctxr,w12a_w00b.bmp,ctxr,1398528,c7c90ba3f11e43c6959874709b6eb24faffe8347
textures/flatlist/ovr_stm/_win/w12a_w01a.bmp.ctxr,textures/flatlist/ovr_stm/_win,w12a_w01a.bmp.ctxr,w12a_w01a.bmp,ctxr,87776,93909b15696879c159484047d143eee79faff035
textures/flatlist/ovr_stm/_win/w12a_w01e.bmp.ctxr,textures/flatlist/ovr_stm/_win,w12a_w01e.bmp.ctxr,w12a_w01e.bmp,ctxr,87776,d01474ea89c7db298ab87ea2537acacf7872b197
textures/flatlist/ovr_stm/_win/w12a_w03.bmp_661e3b0b04936b908f29261f775d72d9.ctxr,textures/flatlist/ovr_stm/_win,w12a_w03.bmp_661e3b0b04936b908f29261f775d72d9.ctxr,w12a_w03.bmp_661e3b0b04936b908f29261f775d72d9,ctxr,175168,f9da8ce7023822a7629dc94d1d2f6115fb09ef5c
textures/flatlist/ovr_stm/_win/w12b0_enta03.bmp.ctxr,textures/flatlist/ovr_stm/_win,w12b0_enta03.bmp.ctxr,w12b0_enta03.bmp,ctxr,349952,6fc43fb438c85c63e966f297efd2054eda742766
textures/flatlist/ovr_stm/_win/w12b0_partition_01_alp_ovl.bmp.ctxr,textures/flatlist/ovr_stm/_win,w12b0_partition_01_alp_ovl.bmp.ctxr,w12b0_partition_01_alp_ovl.bmp,ctxr,175168,660c356e1f3dc58b543dbaa1a3129ccd9c07b3cd
textures/flatlist/ovr_stm/_win/w12b0_wall_11.bmp.ctxr,textures/flatlist/ovr_stm/_win,w12b0_wall_11.bmp.ctxr,w12b0_wall_11.bmp,ctxr,349920,7f935a660790ea4e3c687381897c3eb964985780
textures/flatlist/ovr_stm/_win/w12b0_wall_14.bmp.ctxr,textures/flatlist/ovr_stm/_win,w12b0_wall_14.bmp.ctxr,w12b0_wall_14.bmp,ctxr,349952,98b26072632caa8a063ec33cb839f6d74db1330c
textures/flatlist/ovr_stm/_win/w12b0_wall_16.bmp.ctxr,textures/flatlist/ovr_stm/_win,w12b0_wall_16.bmp.ctxr,w12b0_wall_16.bmp,ctxr,699488,d0cc69d7677c6ab9d592f34e32dd695d5e9ed605
textures/flatlist/ovr_stm/_win/w12b1_floor1_mk.bmp.ctxr,textures/flatlist/ovr_stm/_win,w12b1_floor1_mk.bmp.ctxr,w12b1_floor1_mk.bmp,ctxr,5592864,d772a32de908a59efab0d4f6e036eb25a64540d5
textures/flatlist/ovr_stm/_win/w12b1_floor_01.bmp.ctxr,textures/flatlist/ovr_stm/_win,w12b1_floor_01.bmp.ctxr,w12b1_floor_01.bmp,ctxr,349920,e22b4ec59c1e035cded5acce6ae7b41e62f79c29
textures/flatlist/ovr_stm/_win/w12b1_floor_02mk.bmp.ctxr,textures/flatlist/ovr_stm/_win,w12b1_floor_02mk.bmp.ctxr,w12b1_floor_02mk.bmp,ctxr,175168,e913bce8df0f27ec71eb7ffe2850a07fafed0868
textures/flatlist/ovr_stm/_win/w12b1_floor_03mk.bmp.ctxr,textures/flatlist/ovr_stm/_win,w12b1_floor_03mk.bmp.ctxr,w12b1_floor_03mk.bmp,ctxr,1398560,10eb5d8e9c501514d80fe3a45326e08702719bff
textures/flatlist/ovr_stm/_win/w12b1_floor_04mk.bmp.ctxr,textures/flatlist/ovr_stm/_win,w12b1_floor_04mk.bmp.ctxr,w12b1_floor_04mk.bmp,ctxr,1398560,0ddfc1a0c150cad64bf306e549906d2175c159c3
textures/flatlist/ovr_stm/_win/w12b1_floor_04_alp_ovl.bmp.ctxr,textures/flatlist/ovr_stm/_win,w12b1_floor_04_alp_ovl.bmp.ctxr,w12b1_floor_04_alp_ovl.bmp,ctxr,44096,401147b72b897f1ba400af67b426443e3fc2e9df
textures/flatlist/ovr_stm/_win/w12b1_floor_06.bmp.ctxr,textures/flatlist/ovr_stm/_win,w12b1_floor_06.bmp.ctxr,w12b1_floor_06.bmp,ctxr,699488,a7e5fd7c6b9435d2fe19a3d875d60af8b7025953
textures/flatlist/ovr_stm/_win/w12b1_panel_03.bmp.ctxr,textures/flatlist/ovr_stm/_win,w12b1_panel_03.bmp.ctxr,w12b1_panel_03.bmp,ctxr,349920,6ec1c3c3d8af5c288be4c509bf1960993554f9d5
textures/flatlist/ovr_stm/_win/w12b1_panel_04.bmp.ctxr,textures/flatlist/ovr_stm/_win,w12b1_panel_04.bmp.ctxr,w12b1_panel_04.bmp,ctxr,349952,77532726976f3b44c9dd0ac977d4d40130981d40
textures/flatlist/ovr_stm/_win/w12b1_panel_20.bmp.ctxr,textures/flatlist/ovr_stm/_win,w12b1_panel_20.bmp.ctxr,w12b1_panel_20.bmp,ctxr,175168,6531f28d01f1dea545a6c98c02dc8e74576503bb
textures/flatlist/ovr_stm/_win/w12b1_panel_23.bmp.ctxr,textures/flatlist/ovr_stm/_win,w12b1_panel_23.bmp.ctxr,w12b1_panel_23.bmp,ctxr,44064,903a4f27b5552b8c7053e12d26c8ec9e00c32011
textures/flatlist/ovr_stm/_win/w12b1_step2.bmp.ctxr,textures/flatlist/ovr_stm/_win,w12b1_step2.bmp.ctxr,w12b1_step2.bmp,ctxr,349920,d02bf8d8e27c4d06bccb7a24df197cebcae5cdf3
textures/flatlist/ovr_stm/_win/w12b1_step_mk.bmp.ctxr,textures/flatlist/ovr_stm/_win,w12b1_step_mk.bmp.ctxr,w12b1_step_mk.bmp,ctxr,87776,9928c81dec66145ae25e5d28aa01a3e8612b45a2
textures/flatlist/ovr_stm/_win/w12b1_tank_08mk.bmp.ctxr,textures/flatlist/ovr_stm/_win,w12b1_tank_08mk.bmp.ctxr,w12b1_tank_08mk.bmp,ctxr,349920,412fa83484fe0906534abe5bd65741b0898ef1ad
textures/flatlist/ovr_stm/_win/w12b_box02.bmp.ctxr,textures/flatlist/ovr_stm/_win,w12b_box02.bmp.ctxr,w12b_box02.bmp,ctxr,175168,317ecd5b98e5072e4b3e287bba6a0d3840e3380a
textures/flatlist/ovr_stm/_win/w12b_contorol_box_01.bmp.ctxr,textures/flatlist/ovr_stm/_win,w12b_contorol_box_01.bmp.ctxr,w12b_contorol_box_01.bmp,ctxr,175168,417807f75b87645193a9000cc3873ca0682da19e
textures/flatlist/ovr_stm/_win/w12b_contorol_box_03.bmp.ctxr,textures/flatlist/ovr_stm/_win,w12b_contorol_box_03.bmp.ctxr,w12b_contorol_box_03.bmp,ctxr,175168,25bb23c8e849d66e1f47f2ef45c2961e324603e3
textures/flatlist/ovr_stm/_win/w12b_doorafl00c_alp_ovl.bmp.ctxr,textures/flatlist/ovr_stm/_win,w12b_doorafl00c_alp_ovl.bmp.ctxr,w12b_doorafl00c_alp_ovl.bmp,ctxr,87776,783ab005c9556422136cd909eb2df182d42fca5e
textures/flatlist/ovr_stm/_win/w12b_partition.bmp.ctxr,textures/flatlist/ovr_stm/_win,w12b_partition.bmp.ctxr,w12b_partition.bmp,ctxr,349920,206ce5e28321799ce6403ac73d038ab69206c044
textures/flatlist/ovr_stm/_win/w12b_step.bmp.ctxr,textures/flatlist/ovr_stm/_win,w12b_step.bmp.ctxr,w12b_step.bmp,ctxr,87776,17049952fa0de0256aa56df80885f817c6caf19f
textures/flatlist/ovr_stm/_win/w12b_step_03_alp_ovl.bmp.ctxr,textures/flatlist/ovr_stm/_win,w12b_step_03_alp_ovl.bmp.ctxr,w12b_step_03_alp_ovl.bmp,ctxr,87776,296100657434be00e6c51847b2c2c039f1475dcf
textures/flatlist/ovr_stm/_win/w12_doroppings00_alp_ovl.bmp.ctxr,textures/flatlist/ovr_stm/_win,w12_doroppings00_alp_ovl.bmp.ctxr,w12_doroppings00_alp_ovl.bmp,ctxr,699488,44aeb4990ad5417ae65fa45e5e5f63f5be4bb173
textures/flatlist/ovr_stm/_win/w13a_fl00.bmp_8bb405078f955b69a05bdc9570cbde30.ctxr,textures/flatlist/ovr_stm/_win,w13a_fl00.bmp_8bb405078f955b69a05bdc9570cbde30.ctxr,w13a_fl00.bmp_8bb405078f955b69a05bdc9570cbde30,ctxr,349920,97af2e3495322dc9a1a77e863f9c83c280675b6b
textures/flatlist/ovr_stm/_win/w13a_fl01b.bmp.ctxr,textures/flatlist/ovr_stm/_win,w13a_fl01b.bmp.ctxr,w13a_fl01b.bmp,ctxr,349920,097beeca8ad345f57581b60eea5564ac7703aed9
textures/flatlist/ovr_stm/_win/w13a_fl04a.bmp_a813b6399aa0462f40543da64fc74c3e.ctxr,textures/flatlist/ovr_stm/_win,w13a_fl04a.bmp_a813b6399aa0462f40543da64fc74c3e.ctxr,w13a_fl04a.bmp_a813b6399aa0462f40543da64fc74c3e,ctxr,349920,63e023c04a316fdf5b3f366df3a2855a606c9607
textures/flatlist/ovr_stm/_win/w13a_fl05.bmp.ctxr,textures/flatlist/ovr_stm/_win,w13a_fl05.bmp.ctxr,w13a_fl05.bmp,ctxr,175168,d72d4200217f3a7f40986b6076e11858c08fa87b
textures/flatlist/ovr_stm/_win/w13a_pp01b.bmp.ctxr,textures/flatlist/ovr_stm/_win,w13a_pp01b.bmp.ctxr,w13a_pp01b.bmp,ctxr,87776,a36859f9340217173f64084840762d34bba185b9
textures/flatlist/ovr_stm/_win/w13a_pp04b.bmp.ctxr,textures/flatlist/ovr_stm/_win,w13a_pp04b.bmp.ctxr,w13a_pp04b.bmp,ctxr,44064,3444c0617efa297f6d219a6d639a36ee87e14f85
textures/flatlist/ovr_stm/_win/w13a_pp04d.bmp.ctxr,textures/flatlist/ovr_stm/_win,w13a_pp04d.bmp.ctxr,w13a_pp04d.bmp,ctxr,87776,4e1743618c1af81d61b800fff6ce0da80a2d94aa
textures/flatlist/ovr_stm/_win/w13a_sk00a.bmp.ctxr,textures/flatlist/ovr_stm/_win,w13a_sk00a.bmp.ctxr,w13a_sk00a.bmp,ctxr,175168,0a56168fcf28bee48c5308fafb63cbfc91f8a2a1
textures/flatlist/ovr_stm/_win/w13a_w01b.bmp.ctxr,textures/flatlist/ovr_stm/_win,w13a_w01b.bmp.ctxr,w13a_w01b.bmp,ctxr,175168,2ab792fdfb2a8a498f0c8d30f905d228598098ba
textures/flatlist/ovr_stm/_win/w13a_w01j.bmp.ctxr,textures/flatlist/ovr_stm/_win,w13a_w01j.bmp.ctxr,w13a_w01j.bmp,ctxr,175168,94380e32145f0c06150ff3aa6e7e2e4072d57d51
textures/flatlist/ovr_stm/_win/w14a0_fl_b01.bmp.ctxr,textures/flatlist/ovr_stm/_win,w14a0_fl_b01.bmp.ctxr,w14a0_fl_b01.bmp,ctxr,349920,b636a85a024a2dd8269450cb8add7a5bfb2b5ca8
textures/flatlist/ovr_stm/_win/w14a0_fl_b02.bmp.ctxr,textures/flatlist/ovr_stm/_win,w14a0_fl_b02.bmp.ctxr,w14a0_fl_b02.bmp,ctxr,349920,c3af5d3b67911c5629a03ef753876b47ee9ade89
textures/flatlist/ovr_stm/_win/w14a0_fl_b03_alp_ovl.bmp.ctxr,textures/flatlist/ovr_stm/_win,w14a0_fl_b03_alp_ovl.bmp.ctxr,w14a0_fl_b03_alp_ovl.bmp,ctxr,349920,1c8104612157308de22e693fe59736fb58b2bddc
textures/flatlist/ovr_stm/_win/w14a0_fl_b04.bmp.ctxr,textures/flatlist/ovr_stm/_win,w14a0_fl_b04.bmp.ctxr,w14a0_fl_b04.bmp,ctxr,175168,fac68a3891484722e872ba2f2995dbcb02c6dac2
textures/flatlist/ovr_stm/_win/w14a0_fl_p02.bmp.ctxr,textures/flatlist/ovr_stm/_win,w14a0_fl_p02.bmp.ctxr,w14a0_fl_p02.bmp,ctxr,175168,a88d92eb3e4214d4a972c5c38eda6ea437cb877c
textures/flatlist/ovr_stm/_win/w14a0_fl_r01_6.bmp.ctxr,textures/flatlist/ovr_stm/_win,w14a0_fl_r01_6.bmp.ctxr,w14a0_fl_r01_6.bmp,ctxr,1398528,e056a522764fbcc470c1121ecd5eb556309c6507
textures/flatlist/ovr_stm/_win/w14a0_fl_r02.bmp.ctxr,textures/flatlist/ovr_stm/_win,w14a0_fl_r02.bmp.ctxr,w14a0_fl_r02.bmp,ctxr,175168,a39c054e837e04f068d6c0dfcc7cdb28f8e8be86
textures/flatlist/ovr_stm/_win/w14a0_pipe_p01.bmp.ctxr,textures/flatlist/ovr_stm/_win,w14a0_pipe_p01.bmp.ctxr,w14a0_pipe_p01.bmp,ctxr,175200,34a3e343f0ec130348b84457ef12a2a3662cf567
textures/flatlist/ovr_stm/_win/w14a0_wall_a02.bmp_008f67bac10c096740575ea8304493bf.ctxr,textures/flatlist/ovr_stm/_win,w14a0_wall_a02.bmp_008f67bac10c096740575ea8304493bf.ctxr,w14a0_wall_a02.bmp_008f67bac10c096740575ea8304493bf,ctxr,175200,b03f57eeb93e59ac367e52fe163fd0ac3ef5ef1a
textures/flatlist/ovr_stm/_win/w14a0_wall_a03.bmp.ctxr,textures/flatlist/ovr_stm/_win,w14a0_wall_a03.bmp.ctxr,w14a0_wall_a03.bmp,ctxr,1398528,c29d476f10f9694deb618a94394a34fb480933c4
textures/flatlist/ovr_stm/_win/w14a_fl_a04_alp_ovl.bmp.ctxr,textures/flatlist/ovr_stm/_win,w14a_fl_a04_alp_ovl.bmp.ctxr,w14a_fl_a04_alp_ovl.bmp,ctxr,175168,0a80b3ceebbfdcedadb11472eb8e9250a0d04c9c
textures/flatlist/ovr_stm/_win/w14a_fl_f01.bmp.ctxr,textures/flatlist/ovr_stm/_win,w14a_fl_f01.bmp.ctxr,w14a_fl_f01.bmp,ctxr,699488,80d4fece72daca3e5fcc4a7d5e09d7c23e0064f6
textures/flatlist/ovr_stm/_win/w14a_fl_f02.bmp.ctxr,textures/flatlist/ovr_stm/_win,w14a_fl_f02.bmp.ctxr,w14a_fl_f02.bmp,ctxr,349920,e7130a84a73c87d1b59e2d71b1c517f0c0623f52
textures/flatlist/ovr_stm/_win/w14a_fl_f03.bmp.ctxr,textures/flatlist/ovr_stm/_win,w14a_fl_f03.bmp.ctxr,w14a_fl_f03.bmp,ctxr,175168,d12d1158af93eaaf95dbf75c337964a620e1bf23
textures/flatlist/ovr_stm/_win/w14a_poster_mog_01.bmp.ctxr,textures/flatlist/ovr_stm/_win,w14a_poster_mog_01.bmp.ctxr,w14a_poster_mog_01.bmp,ctxr,699488,c7b47de8172c123afe34b0d0d49e60275dc70e7a
textures/flatlist/ovr_stm/_win/w14a_roof_c01.bmp.ctxr,textures/flatlist/ovr_stm/_win,w14a_roof_c01.bmp.ctxr,w14a_roof_c01.bmp,ctxr,1398528,3fd41aa67034ab0f2db885405abcc2c8ebb97d5f
textures/flatlist/ovr_stm/_win/w14a_step_a02.bmp.ctxr,textures/flatlist/ovr_stm/_win,w14a_step_a02.bmp.ctxr,w14a_step_a02.bmp,ctxr,87776,30fafe6f553d80a63689b3c2a998cc5a29d82fcb
textures/flatlist/ovr_stm/_win/w14a_step_a03.bmp.ctxr,textures/flatlist/ovr_stm/_win,w14a_step_a03.bmp.ctxr,w14a_step_a03.bmp,ctxr,87776,5fbbf16a5b69ffc608ffd1e42ff8671ad3c02603
textures/flatlist/ovr_stm/_win/w14a_step_b02.bmp.ctxr,textures/flatlist/ovr_stm/_win,w14a_step_b02.bmp.ctxr,w14a_step_b02.bmp,ctxr,87776,29cee467a8712f555ff052e91113ad004efcc82e
textures/flatlist/ovr_stm/_win/w14a_step_b03.bmp.ctxr,textures/flatlist/ovr_stm/_win,w14a_step_b03.bmp.ctxr,w14a_step_b03.bmp,ctxr,87776,459dbe557e938d2fa16c32e9c2caebd42d2c4fdf
textures/flatlist/ovr_stm/_win/w15a_fl01b.bmp_2afc1ae6ae83df2b26b76fc7749613da.ctxr,textures/flatlist/ovr_stm/_win,w15a_fl01b.bmp_2afc1ae6ae83df2b26b76fc7749613da.ctxr,w15a_fl01b.bmp_2afc1ae6ae83df2b26b76fc7749613da,ctxr,349920,70f9854360b62f0fb5ac9d3f5f0743660efca737
textures/flatlist/ovr_stm/_win/w15a_pp01.bmp.ctxr,textures/flatlist/ovr_stm/_win,w15a_pp01.bmp.ctxr,w15a_pp01.bmp,ctxr,87744,6f6b86626d62d344975d1da65e634c578f26a5d7
textures/flatlist/ovr_stm/_win/w15a_stpbrk00.bmp.ctxr,textures/flatlist/ovr_stm/_win,w15a_stpbrk00.bmp.ctxr,w15a_stpbrk00.bmp,ctxr,87776,eb1c04d20d28d88905225140ef794797462a581d
textures/flatlist/ovr_stm/_win/w16a0n_po01.bmp.ctxr,textures/flatlist/ovr_stm/_win,w16a0n_po01.bmp.ctxr,w16a0n_po01.bmp,ctxr,1398528,869b281e0ca278d3e47ea044d0c664b4b7cb05b4
textures/flatlist/ovr_stm/_win/w16a0n_po02.bmp.ctxr,textures/flatlist/ovr_stm/_win,w16a0n_po02.bmp.ctxr,w16a0n_po02.bmp,ctxr,1398528,296eb24d51d6f778e5d81dc84a4b2689950bc8c6
textures/flatlist/ovr_stm/_win/w16a0_ref_all.bmp.ctxr,textures/flatlist/ovr_stm/_win,w16a0_ref_all.bmp.ctxr,w16a0_ref_all.bmp,ctxr,2796672,b7460a10cb40f24857de2f93bcd28d2b68dc7c0f
textures/flatlist/ovr_stm/_win/w16a0_wa05.bmp.ctxr,textures/flatlist/ovr_stm/_win,w16a0_wa05.bmp.ctxr,w16a0_wa05.bmp,ctxr,699488,4da75fba52e486a0d3bf4034f9dd5f4df11605d0
textures/flatlist/ovr_stm/_win/w16a2_pos.bmp.ctxr,textures/flatlist/ovr_stm/_win,w16a2_pos.bmp.ctxr,w16a2_pos.bmp,ctxr,1398528,62e27d93068572c55ed5c119bb711ac23884c2e1
textures/flatlist/ovr_stm/_win/w16an_fl01.bmp.ctxr,textures/flatlist/ovr_stm/_win,w16an_fl01.bmp.ctxr,w16an_fl01.bmp,ctxr,349920,db835b1b8224732a4fbe99e3b9d24199cd5b6e09
textures/flatlist/ovr_stm/_win/w16an_fl_t03_bld090_ovl.bmp.ctxr,textures/flatlist/ovr_stm/_win,w16an_fl_t03_bld090_ovl.bmp.ctxr,w16an_fl_t03_bld090_ovl.bmp,ctxr,349920,666c5d8cef039fbad6ae814f2b503bdf36a229da
textures/flatlist/ovr_stm/_win/w16an_ki08.bmp.ctxr,textures/flatlist/ovr_stm/_win,w16an_ki08.bmp.ctxr,w16an_ki08.bmp,ctxr,175168,d830125e3f4a2d95969339f08b97e1d993375710
textures/flatlist/ovr_stm/_win/w16an_ki08a.bmp.ctxr,textures/flatlist/ovr_stm/_win,w16an_ki08a.bmp.ctxr,w16an_ki08a.bmp,ctxr,87744,4e1a81698492d7b15cf7090ad7afb8c5c9c7d0a5
textures/flatlist/ovr_stm/_win/w16an_ki08b.bmp.ctxr,textures/flatlist/ovr_stm/_win,w16an_ki08b.bmp.ctxr,w16an_ki08b.bmp,ctxr,87744,6d85d342fc8745a9d58faeca482a2997eef6df2e
textures/flatlist/ovr_stm/_win/w16an_ki18a.bmp.ctxr,textures/flatlist/ovr_stm/_win,w16an_ki18a.bmp.ctxr,w16an_ki18a.bmp,ctxr,349920,1eb1c36583a9bf3572d399802a3ab489c8b54b4a
textures/flatlist/ovr_stm/_win/w16an_kita01a.bmp.ctxr,textures/flatlist/ovr_stm/_win,w16an_kita01a.bmp.ctxr,w16an_kita01a.bmp,ctxr,87744,7830906d2482a790c092ee7b4ac81b405ceaa5e8
textures/flatlist/ovr_stm/_win/w16an_wa_to03.bmp.ctxr,textures/flatlist/ovr_stm/_win,w16an_wa_to03.bmp.ctxr,w16an_wa_to03.bmp,ctxr,87776,bf83ed1e59d6642b6511c68f4d643ce752031011
textures/flatlist/ovr_stm/_win/w16an_wa_to05a.bmp.ctxr,textures/flatlist/ovr_stm/_win,w16an_wa_to05a.bmp.ctxr,w16an_wa_to05a.bmp,ctxr,349920,08a291b7ea75bfe4c1dd9ecafea914b6d94cd917
textures/flatlist/ovr_stm/_win/w16a_wa01.bmp.ctxr,textures/flatlist/ovr_stm/_win,w16a_wa01.bmp.ctxr,w16a_wa01.bmp,ctxr,175200,9f2b1978c8e8983eeb9986be8993aa5610c3ec3f
textures/flatlist/ovr_stm/_win/w16a_wa02.bmp.ctxr,textures/flatlist/ovr_stm/_win,w16a_wa02.bmp.ctxr,w16a_wa02.bmp,ctxr,699488,fdb70a065d78772a239672c1311eb14069479600
textures/flatlist/ovr_stm/_win/w16a_wa02a.bmp.ctxr,textures/flatlist/ovr_stm/_win,w16a_wa02a.bmp.ctxr,w16a_wa02a.bmp,ctxr,699488,aa3573f8bf2172cb13ec42bbc356c208e8e9b151
textures/flatlist/ovr_stm/_win/w16a_wa03.bmp.ctxr,textures/flatlist/ovr_stm/_win,w16a_wa03.bmp.ctxr,w16a_wa03.bmp,ctxr,175200,f924716ed8c58b5a80b5ac9f3c043e89ba498f0a
textures/flatlist/ovr_stm/_win/w16a_wa04_1.bmp.ctxr,textures/flatlist/ovr_stm/_win,w16a_wa04_1.bmp.ctxr,w16a_wa04_1.bmp,ctxr,175200,0a3e9cc1e498072472d879fe29f54e5e8b9ec90d
textures/flatlist/ovr_stm/_win/w16a_wa04_3.bmp.ctxr,textures/flatlist/ovr_stm/_win,w16a_wa04_3.bmp.ctxr,w16a_wa04_3.bmp,ctxr,699488,c239d0a170132e371e48ffb837049dd5b704bc22
textures/flatlist/ovr_stm/_win/w16a_wa_to01.bmp.ctxr,textures/flatlist/ovr_stm/_win,w16a_wa_to01.bmp.ctxr,w16a_wa_to01.bmp,ctxr,699488,7af573afb219db2aecf01d6f09aa6c09ac862aba
textures/flatlist/ovr_stm/_win/w16a_wa_top.bmp.ctxr,textures/flatlist/ovr_stm/_win,w16a_wa_top.bmp.ctxr,w16a_wa_top.bmp,ctxr,22240,eb46681eca380830b91b98a17753b4c451a47b8d
textures/flatlist/ovr_stm/_win/w18a_2f_flor1.bmp.ctxr,textures/flatlist/ovr_stm/_win,w18a_2f_flor1.bmp.ctxr,w18a_2f_flor1.bmp,ctxr,699488,ef5a0c69fbc5d3462f5efac41bf57c75291b96a1
textures/flatlist/ovr_stm/_win/w18a_2f_flor2.bmp.ctxr,textures/flatlist/ovr_stm/_win,w18a_2f_flor2.bmp.ctxr,w18a_2f_flor2.bmp,ctxr,349952,c29bcba6f16a7f2edc492250f85b0a563ae90c67
textures/flatlist/ovr_stm/_win/w18a_bridgefloor1.bmp.ctxr,textures/flatlist/ovr_stm/_win,w18a_bridgefloor1.bmp.ctxr,w18a_bridgefloor1.bmp,ctxr,349920,4ef2c317a4fc8b6d6e5a9a998dae24f6f5f33148
textures/flatlist/ovr_stm/_win/w18a_enta00.bmp.ctxr,textures/flatlist/ovr_stm/_win,w18a_enta00.bmp.ctxr,w18a_enta00.bmp,ctxr,175200,a4d044efbe2fbe3bdb5f5687a1e38704bd36afc6
textures/flatlist/ovr_stm/_win/w18a_enta01.bmp.ctxr,textures/flatlist/ovr_stm/_win,w18a_enta01.bmp.ctxr,w18a_enta01.bmp,ctxr,349920,492e2752acdd706e7373558fa0fa3887a250b457
textures/flatlist/ovr_stm/_win/w18a_hatch.bmp.ctxr,textures/flatlist/ovr_stm/_win,w18a_hatch.bmp.ctxr,w18a_hatch.bmp,ctxr,175168,353e38b0fbe7c5683fe4be588a77bcde47abf668
textures/flatlist/ovr_stm/_win/w18a_poolwall1.bmp.ctxr,textures/flatlist/ovr_stm/_win,w18a_poolwall1.bmp.ctxr,w18a_poolwall1.bmp,ctxr,699488,2b1f4da59bb5ddd05abc14301ae14d6d83a01a72
textures/flatlist/ovr_stm/_win/w18a_poolwall1_fader.bmp.ctxr,textures/flatlist/ovr_stm/_win,w18a_poolwall1_fader.bmp.ctxr,w18a_poolwall1_fader.bmp,ctxr,699488,048ec057c9d15fb9e75fdfca503c4ae568320977
textures/flatlist/ovr_stm/_win/w18a_saku1_ft.bmp.ctxr,textures/flatlist/ovr_stm/_win,w18a_saku1_ft.bmp.ctxr,w18a_saku1_ft.bmp,ctxr,175168,74c79bd31efd115c83456ec51480b44dc26a85d5
textures/flatlist/ovr_stm/_win/w18a_saku1_u.bmp.ctxr,textures/flatlist/ovr_stm/_win,w18a_saku1_u.bmp.ctxr,w18a_saku1_u.bmp,ctxr,175168,872b8db48cf9029c5a9bdc778abf6cb328cfc8b3
textures/flatlist/ovr_stm/_win/w18a_saku2_ft.bmp.ctxr,textures/flatlist/ovr_stm/_win,w18a_saku2_ft.bmp.ctxr,w18a_saku2_ft.bmp,ctxr,175168,0ed766b0cb9902ab017ddf6739efa3bebc7d26e2
textures/flatlist/ovr_stm/_win/w18a_tankwall1.bmp.ctxr,textures/flatlist/ovr_stm/_win,w18a_tankwall1.bmp.ctxr,w18a_tankwall1.bmp,ctxr,175168,b82701ad63a8a84a252f7eb3c4a7b36b5fbc2175
textures/flatlist/ovr_stm/_win/w18a_tankwall1_header.bmp.ctxr,textures/flatlist/ovr_stm/_win,w18a_tankwall1_header.bmp.ctxr,w18a_tankwall1_header.bmp,ctxr,44096,ef129ea408876264a9881152a273deae8f7baaa4
textures/flatlist/ovr_stm/_win/w18a_tnkfloor1.bmp.ctxr,textures/flatlist/ovr_stm/_win,w18a_tnkfloor1.bmp.ctxr,w18a_tnkfloor1.bmp,ctxr,349920,8f517d6e3fee054d00dd7e647c708199e65ae995
textures/flatlist/ovr_stm/_win/w18a_tnkfloor2.bmp.ctxr,textures/flatlist/ovr_stm/_win,w18a_tnkfloor2.bmp.ctxr,w18a_tnkfloor2.bmp,ctxr,699488,5dfdd90b7c830c721f34309dd0d1affd2cf21338
textures/flatlist/ovr_stm/_win/w18a_tsr_bar1.bmp.ctxr,textures/flatlist/ovr_stm/_win,w18a_tsr_bar1.bmp.ctxr,w18a_tsr_bar1.bmp,ctxr,87776,75e7a21c71c24903548b8660ae655269e341f27e
textures/flatlist/ovr_stm/_win/w18a_tsr_bar1.bmp_1c58084ea3dd78ff8ba4a3fac8949888.ctxr,textures/flatlist/ovr_stm/_win,w18a_tsr_bar1.bmp_1c58084ea3dd78ff8ba4a3fac8949888.ctxr,w18a_tsr_bar1.bmp_1c58084ea3dd78ff8ba4a3fac8949888,ctxr,87776,069d8aa25f26e40cd39a83310f2ac096575db0a2
textures/flatlist/ovr_stm/_win/w18a_tsr_jiku1.bmp.ctxr,textures/flatlist/ovr_stm/_win,w18a_tsr_jiku1.bmp.ctxr,w18a_tsr_jiku1.bmp,ctxr,22208,c65680188172d57ab912823a33121b0e9f0d5229
textures/flatlist/ovr_stm/_win/w18a_wall1.bmp.ctxr,textures/flatlist/ovr_stm/_win,w18a_wall1.bmp.ctxr,w18a_wall1.bmp,ctxr,1398528,f79224ce8d30d820fcff8d360b38edb437c642a9
textures/flatlist/ovr_stm/_win/w18a_wall2.bmp.ctxr,textures/flatlist/ovr_stm/_win,w18a_wall2.bmp.ctxr,w18a_wall2.bmp,ctxr,1398528,7bc62fbe2d342625e06a22b7c813c54f1b4c22b9
textures/flatlist/ovr_stm/_win/w19a_fl00.bmp.ctxr,textures/flatlist/ovr_stm/_win,w19a_fl00.bmp.ctxr,w19a_fl00.bmp,ctxr,349920,255bd647a863bc2203c1e6aba48dcf0d37a4197f
textures/flatlist/ovr_stm/_win/w19a_fl00b.bmp.ctxr,textures/flatlist/ovr_stm/_win,w19a_fl00b.bmp.ctxr,w19a_fl00b.bmp,ctxr,175168,ee62832e67f4d70825b399bb8b3fced96e93021c
textures/flatlist/ovr_stm/_win/w19a_fl01.bmp.ctxr,textures/flatlist/ovr_stm/_win,w19a_fl01.bmp.ctxr,w19a_fl01.bmp,ctxr,349920,80e8794c54ce1851cf0f0598db818eb979e7a976
textures/flatlist/ovr_stm/_win/w19a_fl02.bmp.ctxr,textures/flatlist/ovr_stm/_win,w19a_fl02.bmp.ctxr,w19a_fl02.bmp,ctxr,699488,998f846e484a2aebc595510444160680f33284cf
textures/flatlist/ovr_stm/_win/w19a_fl03a.bmp.ctxr,textures/flatlist/ovr_stm/_win,w19a_fl03a.bmp.ctxr,w19a_fl03a.bmp,ctxr,349920,d58b7b8cacd0798207b9f9b95d031c83a35f2221
textures/flatlist/ovr_stm/_win/w19a_stpsdw01.bmp.ctxr,textures/flatlist/ovr_stm/_win,w19a_stpsdw01.bmp.ctxr,w19a_stpsdw01.bmp,ctxr,22208,66a393d739fe473134d695673ef3a373651665d7
textures/flatlist/ovr_stm/_win/w20a0_fl01_mk.bmp.ctxr,textures/flatlist/ovr_stm/_win,w20a0_fl01_mk.bmp.ctxr,w20a0_fl01_mk.bmp,ctxr,349920,d3f6a5fe9bbd22e60f4b4a9a21f4e2c25fbdd760
textures/flatlist/ovr_stm/_win/w20a0_gate_head.bmp.ctxr,textures/flatlist/ovr_stm/_win,w20a0_gate_head.bmp.ctxr,w20a0_gate_head.bmp,ctxr,175168,9694ca111eca6ae947df544240718783c100b0d6
textures/flatlist/ovr_stm/_win/w20a3_room_wall1.bmp.ctxr,textures/flatlist/ovr_stm/_win,w20a3_room_wall1.bmp.ctxr,w20a3_room_wall1.bmp,ctxr,699488,7129fa082a08078d4ec15e4673fb099290c4504f
textures/flatlist/ovr_stm/_win/w20a3_room_wall1_lig.bmp.ctxr,textures/flatlist/ovr_stm/_win,w20a3_room_wall1_lig.bmp.ctxr,w20a3_room_wall1_lig.bmp,ctxr,699488,ca99d532685cd27e428f2f9abd6f7bad8bedbad9
textures/flatlist/ovr_stm/_win/w20a4n_floor_01.bmp.ctxr,textures/flatlist/ovr_stm/_win,w20a4n_floor_01.bmp.ctxr,w20a4n_floor_01.bmp,ctxr,1398528,b50e1b466c106f3fc916770b95991a8ca39cf262
textures/flatlist/ovr_stm/_win/w20a4n_floor_02.bmp.ctxr,textures/flatlist/ovr_stm/_win,w20a4n_floor_02.bmp.ctxr,w20a4n_floor_02.bmp,ctxr,1398528,8c30693c73877f9c997399e69b3f668ea8c0a505
textures/flatlist/ovr_stm/_win/w20a4n_floor_oku_01.bmp.ctxr,textures/flatlist/ovr_stm/_win,w20a4n_floor_oku_01.bmp.ctxr,w20a4n_floor_oku_01.bmp,ctxr,699488,f6da05733227e89dd80368e3609c588bf0fc0661
textures/flatlist/ovr_stm/_win/w20a4n_floor_oku_02.bmp.ctxr,textures/flatlist/ovr_stm/_win,w20a4n_floor_oku_02.bmp.ctxr,w20a4n_floor_oku_02.bmp,ctxr,699488,a2ce472025ea911c5fc5cafcfcb97d87ac1f32fe
textures/flatlist/ovr_stm/_win/w20a4n_floor_oku_02a.bmp.ctxr,textures/flatlist/ovr_stm/_win,w20a4n_floor_oku_02a.bmp.ctxr,w20a4n_floor_oku_02a.bmp,ctxr,175168,307c5987dba98bb5038f1cee044cb0bd462eef23
textures/flatlist/ovr_stm/_win/w20a4n_wall_01.bmp.ctxr,textures/flatlist/ovr_stm/_win,w20a4n_wall_01.bmp.ctxr,w20a4n_wall_01.bmp,ctxr,699488,265d4eb16828c7d33bddd6f97bf70fca60bf2131
textures/flatlist/ovr_stm/_win/w20a4n_wall_03b.bmp.ctxr,textures/flatlist/ovr_stm/_win,w20a4n_wall_03b.bmp.ctxr,w20a4n_wall_03b.bmp,ctxr,175200,20a30f7c8d4ddc73a8a2787301cdc40d91a0f46f
textures/flatlist/ovr_stm/_win/w20a4n_wall_door_01.bmp.ctxr,textures/flatlist/ovr_stm/_win,w20a4n_wall_door_01.bmp.ctxr,w20a4n_wall_door_01.bmp,ctxr,699488,795885adbb9471c897f125236886269956186d49
textures/flatlist/ovr_stm/_win/w20a_bel01b2.bmp_3e13885a31d01923a72db72c58d9895b.ctxr,textures/flatlist/ovr_stm/_win,w20a_bel01b2.bmp_3e13885a31d01923a72db72c58d9895b.ctxr,w20a_bel01b2.bmp_3e13885a31d01923a72db72c58d9895b,ctxr,175168,41c83a072fffb9d450021e5b8e4987933a710185
textures/flatlist/ovr_stm/_win/w20a_bel01b3.bmp_db42b9ae8dd1b8c28ef5f65bfc14d1db.ctxr,textures/flatlist/ovr_stm/_win,w20a_bel01b3.bmp_db42b9ae8dd1b8c28ef5f65bfc14d1db.ctxr,w20a_bel01b3.bmp_db42b9ae8dd1b8c28ef5f65bfc14d1db,ctxr,349952,2c73cc9aa29091dff4afe2f8b353c8948cf1b1e9
textures/flatlist/ovr_stm/_win/w20a_hako_b_a.bmp.ctxr,textures/flatlist/ovr_stm/_win,w20a_hako_b_a.bmp.ctxr,w20a_hako_b_a.bmp,ctxr,22176,84bff8e8fbae601321556c3f6ba8b4b7705ed34b
textures/flatlist/ovr_stm/_win/w20a_hako_b_b.bmp.ctxr,textures/flatlist/ovr_stm/_win,w20a_hako_b_b.bmp.ctxr,w20a_hako_b_b.bmp,ctxr,44064,d8f41751e64e969ed9a2789de17e28e351d84762
textures/flatlist/ovr_stm/_win/w20a_hako_b_c.bmp.ctxr,textures/flatlist/ovr_stm/_win,w20a_hako_b_c.bmp.ctxr,w20a_hako_b_c.bmp,ctxr,44064,a96fa5ddb1859b486d65d97d4b973fcec481619c
textures/flatlist/ovr_stm/_win/w20a_room_wall1.bmp.ctxr,textures/flatlist/ovr_stm/_win,w20a_room_wall1.bmp.ctxr,w20a_room_wall1.bmp,ctxr,699488,ad7e1bebd7eb2fb7b6fa6582cc3e17791f5d6d74
textures/flatlist/ovr_stm/_win/w20a_room_wall1_lig.bmp.ctxr,textures/flatlist/ovr_stm/_win,w20a_room_wall1_lig.bmp.ctxr,w20a_room_wall1_lig.bmp,ctxr,699488,98bc50030607cee0d14e60278da9c3e1dc8e7e28
textures/flatlist/ovr_stm/_win/w20a_room_wall2.bmp.ctxr,textures/flatlist/ovr_stm/_win,w20a_room_wall2.bmp.ctxr,w20a_room_wall2.bmp,ctxr,699488,e2a001178dda6b1f8c1687a54b8bfaf023c5e66a
textures/flatlist/ovr_stm/_win/w20a_room_wall2a.bmp.ctxr,textures/flatlist/ovr_stm/_win,w20a_room_wall2a.bmp.ctxr,w20a_room_wall2a.bmp,ctxr,699488,9c84a08f87407b660fdf95e217b5d4a7a39416c2
textures/flatlist/ovr_stm/_win/w20a_room_wall2b.bmp.ctxr,textures/flatlist/ovr_stm/_win,w20a_room_wall2b.bmp.ctxr,w20a_room_wall2b.bmp,ctxr,349920,e8c5ca4d0224d84b2de31c83884dac7135be9b16
textures/flatlist/ovr_stm/_win/w20a_room_wall2e_a.bmp.ctxr,textures/flatlist/ovr_stm/_win,w20a_room_wall2e_a.bmp.ctxr,w20a_room_wall2e_a.bmp,ctxr,699488,993492a6f2ed0bdc573e0753aa91e37f1525c04a
textures/flatlist/ovr_stm/_win/w20a_room_wall2e_b.bmp.ctxr,textures/flatlist/ovr_stm/_win,w20a_room_wall2e_b.bmp.ctxr,w20a_room_wall2e_b.bmp,ctxr,349920,a83219a8e15a112b59593121705a760aa43bf545
textures/flatlist/ovr_stm/_win/w20a_room_wall3.bmp_59886dd37d992d80a7ff34c7c37ea3df.ctxr,textures/flatlist/ovr_stm/_win,w20a_room_wall3.bmp_59886dd37d992d80a7ff34c7c37ea3df.ctxr,w20a_room_wall3.bmp_59886dd37d992d80a7ff34c7c37ea3df,ctxr,87808,cb3368e19226cbf3a406618c9f8f2b66120b5f12
textures/flatlist/ovr_stm/_win/w20a_room_wall4a.bmp.ctxr,textures/flatlist/ovr_stm/_win,w20a_room_wall4a.bmp.ctxr,w20a_room_wall4a.bmp,ctxr,87776,8922b62588c5c670459474249dc19ec80e367837
textures/flatlist/ovr_stm/_win/w20a_step_mk.bmp.ctxr,textures/flatlist/ovr_stm/_win,w20a_step_mk.bmp.ctxr,w20a_step_mk.bmp,ctxr,87776,cf0d199b5c42104a82c4423062666a83f49d6777
textures/flatlist/ovr_stm/_win/w20b_comp1_fs.bmp.ctxr,textures/flatlist/ovr_stm/_win,w20b_comp1_fs.bmp.ctxr,w20b_comp1_fs.bmp,ctxr,349920,d8879ab00df6ef3fd5195f5fe8639f88e8b802c3
textures/flatlist/ovr_stm/_win/w20b_comp2_fs.bmp.ctxr,textures/flatlist/ovr_stm/_win,w20b_comp2_fs.bmp.ctxr,w20b_comp2_fs.bmp,ctxr,44064,c8788fe4ac695091bab381a2525860ae1ebe329b
textures/flatlist/ovr_stm/_win/w20b_door_afl00c.bmp.ctxr,textures/flatlist/ovr_stm/_win,w20b_door_afl00c.bmp.ctxr,w20b_door_afl00c.bmp,ctxr,87776,e2464192fbbcb8288f4a5b629467288bd9f6c50c
textures/flatlist/ovr_stm/_win/w20b_saku1_u.bmp.ctxr,textures/flatlist/ovr_stm/_win,w20b_saku1_u.bmp.ctxr,w20b_saku1_u.bmp,ctxr,175168,eb5847a0157d200f500d1996ff389218202c4fb0
textures/flatlist/ovr_stm/_win/w20b_stepfoot1.bmp.ctxr,textures/flatlist/ovr_stm/_win,w20b_stepfoot1.bmp.ctxr,w20b_stepfoot1.bmp,ctxr,175200,8c361a6c21e7b6cd792d2687fed0fc9e800edbe9
textures/flatlist/ovr_stm/_win/w20b_step_pillar1.bmp.ctxr,textures/flatlist/ovr_stm/_win,w20b_step_pillar1.bmp.ctxr,w20b_step_pillar1.bmp,ctxr,87776,d654d9fb096e8791ea0634e9b95b2b55bf08fac5
textures/flatlist/ovr_stm/_win/w20b_tsr1.bmp.ctxr,textures/flatlist/ovr_stm/_win,w20b_tsr1.bmp.ctxr,w20b_tsr1.bmp,ctxr,44096,28c1b389f365496dda737c95e19dd44ac185c865
textures/flatlist/ovr_stm/_win/w21a_h09d.bmp_fdd5b5adc3102646395f448c3354acc6.ctxr,textures/flatlist/ovr_stm/_win,w21a_h09d.bmp_fdd5b5adc3102646395f448c3354acc6.ctxr,w21a_h09d.bmp_fdd5b5adc3102646395f448c3354acc6,ctxr,44096,a4282dbefbd36ee9c6d425d686eb7e217f533037
textures/flatlist/ovr_stm/_win/w24a0_ent01d.bmp.ctxr,textures/flatlist/ovr_stm/_win,w24a0_ent01d.bmp.ctxr,w24a0_ent01d.bmp,ctxr,349952,7aa3c0cc64da305f6f371e829fc1974cee52b042
textures/flatlist/ovr_stm/_win/w24a0_enta02a.bmp.ctxr,textures/flatlist/ovr_stm/_win,w24a0_enta02a.bmp.ctxr,w24a0_enta02a.bmp,ctxr,44096,5268829e3e2c6cf8afdaaa9b450c3ab12630f1f8
textures/flatlist/ovr_stm/_win/w24a0_enta03.bmp.ctxr,textures/flatlist/ovr_stm/_win,w24a0_enta03.bmp.ctxr,w24a0_enta03.bmp,ctxr,349952,b0a2cf27de0e74956513a2de8804039d6ca5ec91
textures/flatlist/ovr_stm/_win/w24a0_entb00.bmp_6c8a5532d241d23a8784f331456f0989.ctxr,textures/flatlist/ovr_stm/_win,w24a0_entb00.bmp_6c8a5532d241d23a8784f331456f0989.ctxr,w24a0_entb00.bmp_6c8a5532d241d23a8784f331456f0989,ctxr,175200,ed60b37ebee816b04b10c85022f0f83692684ec0
textures/flatlist/ovr_stm/_win/w24a0_entb02.bmp.ctxr,textures/flatlist/ovr_stm/_win,w24a0_entb02.bmp.ctxr,w24a0_entb02.bmp,ctxr,44096,56ba81306525160db74e4084e15d1c65d4761ea8
textures/flatlist/ovr_stm/_win/w24a0_entb02a.bmp.ctxr,textures/flatlist/ovr_stm/_win,w24a0_entb02a.bmp.ctxr,w24a0_entb02a.bmp,ctxr,44096,06a859f1aa6e5db44d7d9998d3060f1047f0b652
textures/flatlist/ovr_stm/_win/w24a0_entb03.bmp.ctxr,textures/flatlist/ovr_stm/_win,w24a0_entb03.bmp.ctxr,w24a0_entb03.bmp,ctxr,349952,fec0f6d443d3ffb47bf96b8c7d76e897d3b93099
textures/flatlist/ovr_stm/_win/w24a0_fla01a_alp_ovl.bmp.ctxr,textures/flatlist/ovr_stm/_win,w24a0_fla01a_alp_ovl.bmp.ctxr,w24a0_fla01a_alp_ovl.bmp,ctxr,349920,5e20bbbd1d37a4836944108c2575c9ec6b12be7d
textures/flatlist/ovr_stm/_win/w24a0_fla02a_alp_ovl.bmp.ctxr,textures/flatlist/ovr_stm/_win,w24a0_fla02a_alp_ovl.bmp.ctxr,w24a0_fla02a_alp_ovl.bmp,ctxr,699488,8e28f9392209b038139d64fdf0a316625fa05469
textures/flatlist/ovr_stm/_win/w24a0_fla04a_alp_ovl.bmp.ctxr,textures/flatlist/ovr_stm/_win,w24a0_fla04a_alp_ovl.bmp.ctxr,w24a0_fla04a_alp_ovl.bmp,ctxr,175168,2ab1891d575d35a9a4679e6d05e29f913214c918
textures/flatlist/ovr_stm/_win/w24a0_fla04b_alp_ovl.bmp.ctxr,textures/flatlist/ovr_stm/_win,w24a0_fla04b_alp_ovl.bmp.ctxr,w24a0_fla04b_alp_ovl.bmp,ctxr,87776,cf89c12cd4c2578ee6e9365c83f41e0e0d70264e
textures/flatlist/ovr_stm/_win/w24a0_fla04c_alp_ovl.bmp.ctxr,textures/flatlist/ovr_stm/_win,w24a0_fla04c_alp_ovl.bmp.ctxr,w24a0_fla04c_alp_ovl.bmp,ctxr,349920,c590481acac83eb4239526d7ab6e172493f7c8c7
textures/flatlist/ovr_stm/_win/w24a0_fla04d2_alp_ovl.bmp.ctxr,textures/flatlist/ovr_stm/_win,w24a0_fla04d2_alp_ovl.bmp.ctxr,w24a0_fla04d2_alp_ovl.bmp,ctxr,22176,68a968b524535f9fc1323c7a8c9c2f479aa9da5c
textures/flatlist/ovr_stm/_win/w24a0_fla04d_alp_ovl.bmp.ctxr,textures/flatlist/ovr_stm/_win,w24a0_fla04d_alp_ovl.bmp.ctxr,w24a0_fla04d_alp_ovl.bmp,ctxr,87776,7b5ea5c49ca47897f9bbd87ed8abc4893b4fd3b2
textures/flatlist/ovr_stm/_win/w24a0_fla04e_alp_ovl.bmp.ctxr,textures/flatlist/ovr_stm/_win,w24a0_fla04e_alp_ovl.bmp.ctxr,w24a0_fla04e_alp_ovl.bmp,ctxr,22176,e61daeb4a41d3050acfe1e936d2c84d202b0d34d
textures/flatlist/ovr_stm/_win/w24a0_fla04f_alp_ovl.bmp.ctxr,textures/flatlist/ovr_stm/_win,w24a0_fla04f_alp_ovl.bmp.ctxr,w24a0_fla04f_alp_ovl.bmp,ctxr,175200,3d2738191bf3a22a232cb6de9d1dc627be8ae46d
textures/flatlist/ovr_stm/_win/w24a0_fla04g_alp_ovl.bmp.ctxr,textures/flatlist/ovr_stm/_win,w24a0_fla04g_alp_ovl.bmp.ctxr,w24a0_fla04g_alp_ovl.bmp,ctxr,44064,862c42f5f91549aa93dfa4d754adcfacfabe3c5b
textures/flatlist/ovr_stm/_win/w24a0_fla05a_alp_ovl.bmp.ctxr,textures/flatlist/ovr_stm/_win,w24a0_fla05a_alp_ovl.bmp.ctxr,w24a0_fla05a_alp_ovl.bmp,ctxr,87776,12882aefee9daf665adf26aa61fc5964cfb6a0a1
textures/flatlist/ovr_stm/_win/w24a0_fla05_alp_ovl.bmp.ctxr,textures/flatlist/ovr_stm/_win,w24a0_fla05_alp_ovl.bmp.ctxr,w24a0_fla05_alp_ovl.bmp,ctxr,349920,7c1e37c21b56b6f24fa95d03cdea71343de2f4a5
textures/flatlist/ovr_stm/_win/w24a0_fla06a_alp_ovl.bmp.ctxr,textures/flatlist/ovr_stm/_win,w24a0_fla06a_alp_ovl.bmp.ctxr,w24a0_fla06a_alp_ovl.bmp,ctxr,349920,daa64dc448dc7619c42dad21f0b2552b1122ad71
textures/flatlist/ovr_stm/_win/w24a0_fld01a.bmp.ctxr,textures/flatlist/ovr_stm/_win,w24a0_fld01a.bmp.ctxr,w24a0_fld01a.bmp,ctxr,44096,f878486358308e10641e35bdf87050226b3119fa
textures/flatlist/ovr_stm/_win/w24a0_step04.bmp.ctxr,textures/flatlist/ovr_stm/_win,w24a0_step04.bmp.ctxr,w24a0_step04.bmp,ctxr,175168,52b5bfe61765ca75a688d40f67462a693fb3d752
textures/flatlist/ovr_stm/_win/w24a0_we00a.bmp.ctxr,textures/flatlist/ovr_stm/_win,w24a0_we00a.bmp.ctxr,w24a0_we00a.bmp,ctxr,175200,d1b6803b25d2ea4e9be1cbc7313317a140a175da
textures/flatlist/ovr_stm/_win/w24a0_wg01.bmp.ctxr,textures/flatlist/ovr_stm/_win,w24a0_wg01.bmp.ctxr,w24a0_wg01.bmp,ctxr,349952,b065adf1fbabd04f4bd72c134b4fed807c7f98ad
textures/flatlist/ovr_stm/_win/w24a0_wg02.bmp.ctxr,textures/flatlist/ovr_stm/_win,w24a0_wg02.bmp.ctxr,w24a0_wg02.bmp,ctxr,87808,d92c1073d0060ba35cb55149dc2c543712efe779
textures/flatlist/ovr_stm/_win/w24a0_wh00.bmp.ctxr,textures/flatlist/ovr_stm/_win,w24a0_wh00.bmp.ctxr,w24a0_wh00.bmp,ctxr,699488,3e620fa4f52e8aead10072df08d116f1e4bd6d09
textures/flatlist/ovr_stm/_win/w24a0_wi01.bmp.ctxr,textures/flatlist/ovr_stm/_win,w24a0_wi01.bmp.ctxr,w24a0_wi01.bmp,ctxr,1398528,fb4d7a2a4d8aa99053fdae3be0c095caf347cdcc
textures/flatlist/ovr_stm/_win/w24a0_wlit01.bmp.ctxr,textures/flatlist/ovr_stm/_win,w24a0_wlit01.bmp.ctxr,w24a0_wlit01.bmp,ctxr,11264,a8a0add4a1a0006a79c6f25101e450d5668bf87e
textures/flatlist/ovr_stm/_win/w24a1_eyes_sano.bmp.ctxr,textures/flatlist/ovr_stm/_win,w24a1_eyes_sano.bmp.ctxr,w24a1_eyes_sano.bmp,ctxr,699488,47d3c226c509f6649668e61d40d03fd0bc634ae5
textures/flatlist/ovr_stm/_win/w24a1_fl01.bmp.ctxr,textures/flatlist/ovr_stm/_win,w24a1_fl01.bmp.ctxr,w24a1_fl01.bmp,ctxr,349920,8146a927a3ad2b67defd6d6cad902592bdedca32
textures/flatlist/ovr_stm/_win/w24a1_fl03.bmp.ctxr,textures/flatlist/ovr_stm/_win,w24a1_fl03.bmp.ctxr,w24a1_fl03.bmp,ctxr,349920,d2658fd70a59ae28cacd083800a29a66d9df65af
textures/flatlist/ovr_stm/_win/w24a1_fl03a.bmp.ctxr,textures/flatlist/ovr_stm/_win,w24a1_fl03a.bmp.ctxr,w24a1_fl03a.bmp,ctxr,175168,8520ee6e699e0887c2a53db35b72deeee2dfa4f8
textures/flatlist/ovr_stm/_win/w24a1_fl03b.bmp.ctxr,textures/flatlist/ovr_stm/_win,w24a1_fl03b.bmp.ctxr,w24a1_fl03b.bmp,ctxr,349920,5be71c0239a577477ac1467fdabd3ae74ac9db59
textures/flatlist/ovr_stm/_win/w24a1_w00.bmp.ctxr,textures/flatlist/ovr_stm/_win,w24a1_w00.bmp.ctxr,w24a1_w00.bmp,ctxr,699488,a79749a1d8efb3c21c01259d5276c5257f910917
textures/flatlist/ovr_stm/_win/w24a1_w00a.bmp.ctxr,textures/flatlist/ovr_stm/_win,w24a1_w00a.bmp.ctxr,w24a1_w00a.bmp,ctxr,349952,28c7dcef10ec3c7a5498c18baf3ade9f16a9dde2
textures/flatlist/ovr_stm/_win/w24a_poster_mog_01.bmp.ctxr,textures/flatlist/ovr_stm/_win,w24a_poster_mog_01.bmp.ctxr,w24a_poster_mog_01.bmp,ctxr,699488,ff970a0b4a0c44e5c9a961c80a6ba36b6cccc6ef
textures/flatlist/ovr_stm/_win/w24a_poster_mog_02.bmp.ctxr,textures/flatlist/ovr_stm/_win,w24a_poster_mog_02.bmp.ctxr,w24a_poster_mog_02.bmp,ctxr,699488,e339abb371b397d4e32a8b3a657aad3eda3c952e
textures/flatlist/ovr_stm/_win/w24a_pp03b.bmp.ctxr,textures/flatlist/ovr_stm/_win,w24a_pp03b.bmp.ctxr,w24a_pp03b.bmp,ctxr,87776,9db4b0f77a8fc2be900697768f39479fd931d33e
textures/flatlist/ovr_stm/_win/w24a_pp03c.bmp.ctxr,textures/flatlist/ovr_stm/_win,w24a_pp03c.bmp.ctxr,w24a_pp03c.bmp,ctxr,11264,77a8bde3afc4c0354114f3c3535107e2f482115f
textures/flatlist/ovr_stm/_win/w24a_pp03d.bmp.ctxr,textures/flatlist/ovr_stm/_win,w24a_pp03d.bmp.ctxr,w24a_pp03d.bmp,ctxr,87776,52a37fb87c788d53d7099f53b10682b7e0193aca
textures/flatlist/ovr_stm/_win/w24b0_box02.bmp.ctxr,textures/flatlist/ovr_stm/_win,w24b0_box02.bmp.ctxr,w24b0_box02.bmp,ctxr,87744,bece6b58786c7a353bb368211d3c3a70c8c0c2b2
textures/flatlist/ovr_stm/_win/w24b0_fl02_alp_ovl.bmp.ctxr,textures/flatlist/ovr_stm/_win,w24b0_fl02_alp_ovl.bmp.ctxr,w24b0_fl02_alp_ovl.bmp,ctxr,175200,d9d510e92d372920e23f213410f2912e4c7df8bb
textures/flatlist/ovr_stm/_win/w24b0_fla05_alp_ovl.bmp.ctxr,textures/flatlist/ovr_stm/_win,w24b0_fla05_alp_ovl.bmp.ctxr,w24b0_fla05_alp_ovl.bmp,ctxr,349920,fa778bf815e90901784ef95f811b008f4c37ef53
textures/flatlist/ovr_stm/_win/w24b0_ms00.bmp.ctxr,textures/flatlist/ovr_stm/_win,w24b0_ms00.bmp.ctxr,w24b0_ms00.bmp,ctxr,175200,851d789ac98e8585b3edcea8b6b74a73ec737403
textures/flatlist/ovr_stm/_win/w24b0_ms02.bmp.ctxr,textures/flatlist/ovr_stm/_win,w24b0_ms02.bmp.ctxr,w24b0_ms02.bmp,ctxr,22208,bbb91e44358fbcf165c5f9e6afac9a168a238cc2
textures/flatlist/ovr_stm/_win/w24b0_ms02a.bmp.ctxr,textures/flatlist/ovr_stm/_win,w24b0_ms02a.bmp.ctxr,w24b0_ms02a.bmp,ctxr,87776,69359e2a2a8a1f39ab32548b51aeeb3aded5feae
textures/flatlist/ovr_stm/_win/w24b0_wa00.bmp.ctxr,textures/flatlist/ovr_stm/_win,w24b0_wa00.bmp.ctxr,w24b0_wa00.bmp,ctxr,699488,21e1c59828ab8736974735ff93fd1e384de403a1
textures/flatlist/ovr_stm/_win/w24b0_wb01.bmp.ctxr,textures/flatlist/ovr_stm/_win,w24b0_wb01.bmp.ctxr,w24b0_wb01.bmp,ctxr,44128,02885936e52dc452739be2185a6ffd8d5fad91fe
textures/flatlist/ovr_stm/_win/w24b0_we00.bmp.ctxr,textures/flatlist/ovr_stm/_win,w24b0_we00.bmp.ctxr,w24b0_we00.bmp,ctxr,349952,ba2714dd4579501e5bc057b1aee67794b32158f3
textures/flatlist/ovr_stm/_win/w24b0_we00a.bmp.ctxr,textures/flatlist/ovr_stm/_win,w24b0_we00a.bmp.ctxr,w24b0_we00a.bmp,ctxr,349952,67cae1c27e535f03b06a6e99e8254c189fd1f6ef
textures/flatlist/ovr_stm/_win/w24b2_fl00.bmp.ctxr,textures/flatlist/ovr_stm/_win,w24b2_fl00.bmp.ctxr,w24b2_fl00.bmp,ctxr,349920,dfb9e5180018a8ef1ec08083ffe752336b7c3d65
textures/flatlist/ovr_stm/_win/w24b2_fl01.bmp.ctxr,textures/flatlist/ovr_stm/_win,w24b2_fl01.bmp.ctxr,w24b2_fl01.bmp,ctxr,87776,72f5e96203dcc88f03d4550a2fe60804db226650
textures/flatlist/ovr_stm/_win/w24b2_po01.bmp.ctxr,textures/flatlist/ovr_stm/_win,w24b2_po01.bmp.ctxr,w24b2_po01.bmp,ctxr,1398528,e821f27436fd46db458d877454c10c19e96c717a
textures/flatlist/ovr_stm/_win/w24b2_po02.bmp.ctxr,textures/flatlist/ovr_stm/_win,w24b2_po02.bmp.ctxr,w24b2_po02.bmp,ctxr,1398528,8b995ee18877f4e61c829dce6bbdb75e579213e5
textures/flatlist/ovr_stm/_win/w24c0_obj07_a.bmp.ctxr,textures/flatlist/ovr_stm/_win,w24c0_obj07_a.bmp.ctxr,w24c0_obj07_a.bmp,ctxr,87744,0ecdf42a9e5c65f7737c8f6d53cb640edff9922a
textures/flatlist/ovr_stm/_win/w24c0_obj09a.bmp.ctxr,textures/flatlist/ovr_stm/_win,w24c0_obj09a.bmp.ctxr,w24c0_obj09a.bmp,ctxr,349920,658eee175db27d2999398c0f39ba74495d1dc3c7
textures/flatlist/ovr_stm/_win/w24c0_sp01.bmp.ctxr,textures/flatlist/ovr_stm/_win,w24c0_sp01.bmp.ctxr,w24c0_sp01.bmp,ctxr,175168,465c0bb1c4d51e4d504436e44ec1511e749922ea
textures/flatlist/ovr_stm/_win/w24c0_sp01aa.bmp.ctxr,textures/flatlist/ovr_stm/_win,w24c0_sp01aa.bmp.ctxr,w24c0_sp01aa.bmp,ctxr,175168,67d75c6f01096b7424d338373e4c2787536e244a
textures/flatlist/ovr_stm/_win/w24c0_sp01c1.bmp.ctxr,textures/flatlist/ovr_stm/_win,w24c0_sp01c1.bmp.ctxr,w24c0_sp01c1.bmp,ctxr,87808,866b2aab339bfed02d8949c12575a757735677ae
textures/flatlist/ovr_stm/_win/w24c0_sp02b.bmp.ctxr,textures/flatlist/ovr_stm/_win,w24c0_sp02b.bmp.ctxr,w24c0_sp02b.bmp,ctxr,87808,5189884857c325970db68642a17833c5ee5d2ba1
textures/flatlist/ovr_stm/_win/w24c0_ta06.bmp.ctxr,textures/flatlist/ovr_stm/_win,w24c0_ta06.bmp.ctxr,w24c0_ta06.bmp,ctxr,22240,72c103f02e074f543d782d8256d55ee47765a3dd
textures/flatlist/ovr_stm/_win/w24c0_ta07.bmp.ctxr,textures/flatlist/ovr_stm/_win,w24c0_ta07.bmp.ctxr,w24c0_ta07.bmp,ctxr,175168,af02dcb3192da567e787fe8f034662549e7cee9c
textures/flatlist/ovr_stm/_win/w24c0_wa01b.bmp.ctxr,textures/flatlist/ovr_stm/_win,w24c0_wa01b.bmp.ctxr,w24c0_wa01b.bmp,ctxr,2796672,404f6af714ab124789712bc0544367967501f79e
textures/flatlist/ovr_stm/_win/w24c0_wa01e2_2.bmp.ctxr,textures/flatlist/ovr_stm/_win,w24c0_wa01e2_2.bmp.ctxr,w24c0_wa01e2_2.bmp,ctxr,1398528,c3e6eae62a53a68b3f45cdf4d962b4ddda30e17d
textures/flatlist/ovr_stm/_win/w24c0_wa01e3.bmp.ctxr,textures/flatlist/ovr_stm/_win,w24c0_wa01e3.bmp.ctxr,w24c0_wa01e3.bmp,ctxr,2796672,c4447881de1fc17395a8aad8f109ac775f500f86
textures/flatlist/ovr_stm/_win/w24d0_w05.bmp.ctxr,textures/flatlist/ovr_stm/_win,w24d0_w05.bmp.ctxr,w24d0_w05.bmp,ctxr,349952,04478baf278e460a584e5936f612d181c20c6a63
textures/flatlist/ovr_stm/_win/w25a_fl00a.bmp.ctxr,textures/flatlist/ovr_stm/_win,w25a_fl00a.bmp.ctxr,w25a_fl00a.bmp,ctxr,349920,60099fcd36b2a2d16bd849d11c67b8a041f958ef
textures/flatlist/ovr_stm/_win/w25a_fl00b.bmp.ctxr,textures/flatlist/ovr_stm/_win,w25a_fl00b.bmp.ctxr,w25a_fl00b.bmp,ctxr,349920,2d08fb2f7780f1abcac66ddb7c72d27876551387
textures/flatlist/ovr_stm/_win/w25a_fl00c.bmp.ctxr,textures/flatlist/ovr_stm/_win,w25a_fl00c.bmp.ctxr,w25a_fl00c.bmp,ctxr,175168,42d1a4a4233a62845e26311a0ea8621d77830efd
textures/flatlist/ovr_stm/_win/w25a_fl00d.bmp.ctxr,textures/flatlist/ovr_stm/_win,w25a_fl00d.bmp.ctxr,w25a_fl00d.bmp,ctxr,175168,315463750353db46b2bf8b707abdca51d90e472f
textures/flatlist/ovr_stm/_win/w25a_fl04.bmp.ctxr,textures/flatlist/ovr_stm/_win,w25a_fl04.bmp.ctxr,w25a_fl04.bmp,ctxr,349920,53905873b679d94e69217c8bab32344091714595
textures/flatlist/ovr_stm/_win/w25a_fl05a.bmp_eab6a76640eebadec634613e41b4f430.ctxr,textures/flatlist/ovr_stm/_win,w25a_fl05a.bmp_eab6a76640eebadec634613e41b4f430.ctxr,w25a_fl05a.bmp_eab6a76640eebadec634613e41b4f430,ctxr,349920,02ba998bf2e66500feed4d3a798eb37d25a9e97f
textures/flatlist/ovr_stm/_win/w25a_flu05a.bmp.ctxr,textures/flatlist/ovr_stm/_win,w25a_flu05a.bmp.ctxr,w25a_flu05a.bmp,ctxr,87744,021843582f37e0e30b66907a19fb0d8c264d8ac4
textures/flatlist/ovr_stm/_win/w25a_h00.bmp_c0f8a236f0a27f1b708076773161c3d1.ctxr,textures/flatlist/ovr_stm/_win,w25a_h00.bmp_c0f8a236f0a27f1b708076773161c3d1.ctxr,w25a_h00.bmp_c0f8a236f0a27f1b708076773161c3d1,ctxr,87808,6dac47f3b42ece22dde3c97e0d344199d5225af1
textures/flatlist/ovr_stm/_win/w25a_h01.bmp.ctxr,textures/flatlist/ovr_stm/_win,w25a_h01.bmp.ctxr,w25a_h01.bmp,ctxr,44096,fce3ea7d8e606696fa4359362ebb4f4e51a8e02d
textures/flatlist/ovr_stm/_win/w25a_h03.bmp.ctxr,textures/flatlist/ovr_stm/_win,w25a_h03.bmp.ctxr,w25a_h03.bmp,ctxr,44096,49a6d36df7176c0299f99a9cc0bd84f310a4b5ea
textures/flatlist/ovr_stm/_win/w25a_h03a.bmp.ctxr,textures/flatlist/ovr_stm/_win,w25a_h03a.bmp.ctxr,w25a_h03a.bmp,ctxr,44096,247833a6eddfce360bfe5728a40dad221783fabc
textures/flatlist/ovr_stm/_win/w25a_h04a.bmp.ctxr,textures/flatlist/ovr_stm/_win,w25a_h04a.bmp.ctxr,w25a_h04a.bmp,ctxr,87808,98388185a234c9f48eb79de1625c91e02b6ac7a8
textures/flatlist/ovr_stm/_win/w25a_h04k.bmp.ctxr,textures/flatlist/ovr_stm/_win,w25a_h04k.bmp.ctxr,w25a_h04k.bmp,ctxr,44064,3603614c99b355e3d39dab9075e7fc55f34d33d8
textures/flatlist/ovr_stm/_win/w25a_tank00.bmp_607cd5e0bf0f5b379a6262cd93f54ffa.ctxr,textures/flatlist/ovr_stm/_win,w25a_tank00.bmp_607cd5e0bf0f5b379a6262cd93f54ffa.ctxr,w25a_tank00.bmp_607cd5e0bf0f5b379a6262cd93f54ffa,ctxr,349920,0b430fb5099cf1e8a9e7923e3b0232d78b24ac92
textures/flatlist/ovr_stm/_win/w25a_tank00a.bmp.ctxr,textures/flatlist/ovr_stm/_win,w25a_tank00a.bmp.ctxr,w25a_tank00a.bmp,ctxr,87744,93eef45939a25b31790ff91df54da1499c3383e8
textures/flatlist/ovr_stm/_win/w25a_w00.bmp.ctxr,textures/flatlist/ovr_stm/_win,w25a_w00.bmp.ctxr,w25a_w00.bmp,ctxr,1398528,776bbcb05958b531a33431f4b673f30543750773
textures/flatlist/ovr_stm/_win/w25a_w00a.bmp.ctxr,textures/flatlist/ovr_stm/_win,w25a_w00a.bmp.ctxr,w25a_w00a.bmp,ctxr,1398528,91a5c86ee0de70e02b9a68901ddd5b71dfe0aa69
textures/flatlist/ovr_stm/_win/w25a_wire01a.bmp.ctxr,textures/flatlist/ovr_stm/_win,w25a_wire01a.bmp.ctxr,w25a_wire01a.bmp,ctxr,11264,71b3a3d6b8a683118c30490d53461988433b86ac
textures/flatlist/ovr_stm/_win/w25a_wire01b.bmp.ctxr,textures/flatlist/ovr_stm/_win,w25a_wire01b.bmp.ctxr,w25a_wire01b.bmp,ctxr,3040,71869ba1fcc6b1d9a942c294b6aae2b275bfb79f
textures/flatlist/ovr_stm/_win/w25a_wire01d.bmp.ctxr,textures/flatlist/ovr_stm/_win,w25a_wire01d.bmp.ctxr,w25a_wire01d.bmp,ctxr,11264,feda4f418183f4031cdff125d04e8768c07c3bc8
textures/flatlist/ovr_stm/_win/w25b_fl04b.bmp.ctxr,textures/flatlist/ovr_stm/_win,w25b_fl04b.bmp.ctxr,w25b_fl04b.bmp,ctxr,349920,147bd03c2fd019ee770c6cfb3df8414fbf9a6db7
textures/flatlist/ovr_stm/_win/w25b_pp01c.bmp.ctxr,textures/flatlist/ovr_stm/_win,w25b_pp01c.bmp.ctxr,w25b_pp01c.bmp,ctxr,22176,94e12b4853a46bb9b1d81dda19962f846d3e160f
textures/flatlist/ovr_stm/_win/w25b_pp04.bmp.ctxr,textures/flatlist/ovr_stm/_win,w25b_pp04.bmp.ctxr,w25b_pp04.bmp,ctxr,175200,3e04648f4d4adcef9e5484a1beab6ac81deb7215
textures/flatlist/ovr_stm/_win/w25c_fl05a.bmp_5d5c005378747543fddf1e2a161ecf6f.ctxr,textures/flatlist/ovr_stm/_win,w25c_fl05a.bmp_5d5c005378747543fddf1e2a161ecf6f.ctxr,w25c_fl05a.bmp_5d5c005378747543fddf1e2a161ecf6f,ctxr,87744,91cc0fc2c9e948d870b2a09fe1bda6aa056ff262
textures/flatlist/ovr_stm/_win/w25c_obj00.bmp.ctxr,textures/flatlist/ovr_stm/_win,w25c_obj00.bmp.ctxr,w25c_obj00.bmp,ctxr,175168,7876c8be90cd8201715ff30505555d171b0a16c5
textures/flatlist/ovr_stm/_win/w25c_pp04a.bmp.ctxr,textures/flatlist/ovr_stm/_win,w25c_pp04a.bmp.ctxr,w25c_pp04a.bmp,ctxr,44064,d40e858a8287b64937fa6d16ec3bf0f0c7018a14
textures/flatlist/ovr_stm/_win/w25c_w00f2.bmp.ctxr,textures/flatlist/ovr_stm/_win,w25c_w00f2.bmp.ctxr,w25c_w00f2.bmp,ctxr,699488,e0f4884206d08f569e2213c9c216d412b4af7166
textures/flatlist/ovr_stm/_win/w25c_w00f2.bmp_def331845b33cf0d004b8819ab1b47ad.ctxr,textures/flatlist/ovr_stm/_win,w25c_w00f2.bmp_def331845b33cf0d004b8819ab1b47ad.ctxr,w25c_w00f2.bmp_def331845b33cf0d004b8819ab1b47ad,ctxr,699488,bed9e9958fb371dd8aa0a71b0d46683171bcdad3
textures/flatlist/ovr_stm/_win/w25c_w00f3.bmp.ctxr,textures/flatlist/ovr_stm/_win,w25c_w00f3.bmp.ctxr,w25c_w00f3.bmp,ctxr,349952,4ee5cc31f5b6d31c658313656c5a5d9ee8d45d52
textures/flatlist/ovr_stm/_win/w25c_w00f3.bmp_80bb089f15a6b67db42cdc5ba9154cce.ctxr,textures/flatlist/ovr_stm/_win,w25c_w00f3.bmp_80bb089f15a6b67db42cdc5ba9154cce.ctxr,w25c_w00f3.bmp_80bb089f15a6b67db42cdc5ba9154cce,ctxr,349952,8d0090336e034bb603b4d535af690cf9fc5e1bd7
textures/flatlist/ovr_stm/_win/w25c_w06b2.bmp_e32e56967b81d8e10f197bc69b626128.ctxr,textures/flatlist/ovr_stm/_win,w25c_w06b2.bmp_e32e56967b81d8e10f197bc69b626128.ctxr,w25c_w06b2.bmp_e32e56967b81d8e10f197bc69b626128,ctxr,699488,88ece92272bf45601997e29c5f837fd3b717be7b
textures/flatlist/ovr_stm/_win/w25c_w06b3.bmp_ccfce4ea287dbf204c2ead5e6bbda70c.ctxr,textures/flatlist/ovr_stm/_win,w25c_w06b3.bmp_ccfce4ea287dbf204c2ead5e6bbda70c.ctxr,w25c_w06b3.bmp_ccfce4ea287dbf204c2ead5e6bbda70c,ctxr,349952,d4c1a79af1d28b36af5d8352cc7720870c9f3bab
textures/flatlist/ovr_stm/_win/w28an_ag_light_pipe.bmp.ctxr,textures/flatlist/ovr_stm/_win,w28an_ag_light_pipe.bmp.ctxr,w28an_ag_light_pipe.bmp,ctxr,11296,0d424d65c5c1eb72011cd085bc7135472909853f
textures/flatlist/ovr_stm/_win/w28an_ana_box_01.bmp.ctxr,textures/flatlist/ovr_stm/_win,w28an_ana_box_01.bmp.ctxr,w28an_ana_box_01.bmp,ctxr,44064,565587ec87683cb535a7e0c34873008b15155277
textures/flatlist/ovr_stm/_win/w28an_ana_box_02.bmp.ctxr,textures/flatlist/ovr_stm/_win,w28an_ana_box_02.bmp.ctxr,w28an_ana_box_02.bmp,ctxr,5760,24131df7746ba4f5fefb3c4c6647da5c247ffcba
textures/flatlist/ovr_stm/_win/w28an_ana_pipe_02.bmp.ctxr,textures/flatlist/ovr_stm/_win,w28an_ana_pipe_02.bmp.ctxr,w28an_ana_pipe_02.bmp,ctxr,349952,ad2bb7b16b71a08e88a7bdd9636a222503411bbb
textures/flatlist/ovr_stm/_win/w28an_exit_alp_ovl.bmp.ctxr,textures/flatlist/ovr_stm/_win,w28an_exit_alp_ovl.bmp.ctxr,w28an_exit_alp_ovl.bmp,ctxr,22208,8191b64a440f07d1de326fd1812c00c60209d28a
textures/flatlist/ovr_stm/_win/w28an_floor_oku_02.bmp.ctxr,textures/flatlist/ovr_stm/_win,w28an_floor_oku_02.bmp.ctxr,w28an_floor_oku_02.bmp,ctxr,699488,87f54c1cd6b8ced21c41f23cfdf196f048672d39
textures/flatlist/ovr_stm/_win/w28an_floor_oku_02a.bmp.ctxr,textures/flatlist/ovr_stm/_win,w28an_floor_oku_02a.bmp.ctxr,w28an_floor_oku_02a.bmp,ctxr,175168,90209b2296d38c852a683166732aa15c875b518d
textures/flatlist/ovr_stm/_win/w28an_mid_box_01.bmp.ctxr,textures/flatlist/ovr_stm/_win,w28an_mid_box_01.bmp.ctxr,w28an_mid_box_01.bmp,ctxr,87776,34a7f07434e860fe8778bbde89766461aaa93c1f
textures/flatlist/ovr_stm/_win/w28an_mid_door_fukuro.bmp.ctxr,textures/flatlist/ovr_stm/_win,w28an_mid_door_fukuro.bmp.ctxr,w28an_mid_door_fukuro.bmp,ctxr,44096,5dcdf9646a730f7a33d61077ae27742a1ae922dc
textures/flatlist/ovr_stm/_win/w28an_mid_door_fukuro_02.bmp.ctxr,textures/flatlist/ovr_stm/_win,w28an_mid_door_fukuro_02.bmp.ctxr,w28an_mid_door_fukuro_02.bmp,ctxr,44096,4e564034a83cf13185784b0c8fde40eebb3e65e3
textures/flatlist/ovr_stm/_win/w28an_mid_door_fukuro_02a.bmp.ctxr,textures/flatlist/ovr_stm/_win,w28an_mid_door_fukuro_02a.bmp.ctxr,w28an_mid_door_fukuro_02a.bmp,ctxr,87776,abf50b782a547bd888a90fd7aaaf53e32560bdbb
textures/flatlist/ovr_stm/_win/w28an_pipe_01.bmp.ctxr,textures/flatlist/ovr_stm/_win,w28an_pipe_01.bmp.ctxr,w28an_pipe_01.bmp,ctxr,349952,979c9a6fa11583462f70d6bdaa28c25fc4cf3ca5
textures/flatlist/ovr_stm/_win/w28an_pipe_02.bmp.ctxr,textures/flatlist/ovr_stm/_win,w28an_pipe_02.bmp.ctxr,w28an_pipe_02.bmp,ctxr,349952,4ae7c1eb5088b9fee47a116658290bbc14ad761a
textures/flatlist/ovr_stm/_win/w28an_pp02.bmp.ctxr,textures/flatlist/ovr_stm/_win,w28an_pp02.bmp.ctxr,w28an_pp02.bmp,ctxr,175200,de47e6cca1d45277ce9882ed98e70731817acb18
textures/flatlist/ovr_stm/_win/w28an_rouka_floor_01.bmp.ctxr,textures/flatlist/ovr_stm/_win,w28an_rouka_floor_01.bmp.ctxr,w28an_rouka_floor_01.bmp,ctxr,349920,e871b8f764474ddfdef194fa2b2a85ff5437b2f8
textures/flatlist/ovr_stm/_win/w28an_rouka_floor_02.bmp.ctxr,textures/flatlist/ovr_stm/_win,w28an_rouka_floor_02.bmp.ctxr,w28an_rouka_floor_02.bmp,ctxr,699488,ca45216eeb2094c65ae9f2b4a1a9d4232605b2a5
textures/flatlist/ovr_stm/_win/w28an_tsr_bar1.bmp.ctxr,textures/flatlist/ovr_stm/_win,w28an_tsr_bar1.bmp.ctxr,w28an_tsr_bar1.bmp,ctxr,87776,88196c224bde1e6b998b8a1080a341a23e068440
textures/flatlist/ovr_stm/_win/w28an_wall_01.bmp.ctxr,textures/flatlist/ovr_stm/_win,w28an_wall_01.bmp.ctxr,w28an_wall_01.bmp,ctxr,699488,f461cccffd0100a882f760b17b1ad268b89bb3dc
textures/flatlist/ovr_stm/_win/w28an_wall_03.bmp.ctxr,textures/flatlist/ovr_stm/_win,w28an_wall_03.bmp.ctxr,w28an_wall_03.bmp,ctxr,349952,967ac7972ca16262a52a295830e2d0cb346eb438
textures/flatlist/ovr_stm/_win/w28an_wall_03b.bmp.ctxr,textures/flatlist/ovr_stm/_win,w28an_wall_03b.bmp.ctxr,w28an_wall_03b.bmp,ctxr,175200,c0cc15324fa069bc593b6933b85f00eb934432a4
textures/flatlist/ovr_stm/_win/w28an_wall_center_01.bmp.ctxr,textures/flatlist/ovr_stm/_win,w28an_wall_center_01.bmp.ctxr,w28an_wall_center_01.bmp,ctxr,349920,d71afb4a4b3d31fa7101b37c5f66a9b4d98e942c
textures/flatlist/ovr_stm/_win/w28an_wall_center_03.bmp.ctxr,textures/flatlist/ovr_stm/_win,w28an_wall_center_03.bmp.ctxr,w28an_wall_center_03.bmp,ctxr,699488,8542ea490bbf2132534d509e4555e31891932181
textures/flatlist/ovr_stm/_win/w28an_wall_door_01.bmp.ctxr,textures/flatlist/ovr_stm/_win,w28an_wall_door_01.bmp.ctxr,w28an_wall_door_01.bmp,ctxr,699488,920239e6c989b6f31e405316a2d80314c352601f
textures/flatlist/ovr_stm/_win/w28an_wall_door_01a.bmp.ctxr,textures/flatlist/ovr_stm/_win,w28an_wall_door_01a.bmp.ctxr,w28an_wall_door_01a.bmp,ctxr,699488,06f79a2efd181b0f124f1fda733f79734cd72af1
textures/flatlist/ovr_stm/_win/w28an_wall_rouka_02.bmp.ctxr,textures/flatlist/ovr_stm/_win,w28an_wall_rouka_02.bmp.ctxr,w28an_wall_rouka_02.bmp,ctxr,349952,3915aa192179eeb22be76ff047f5f38c2e122945
textures/flatlist/ovr_stm/_win/w28an_wall_rouka_02b.bmp.ctxr,textures/flatlist/ovr_stm/_win,w28an_wall_rouka_02b.bmp.ctxr,w28an_wall_rouka_02b.bmp,ctxr,175200,187e5feda4ea6a60278d3642982f673b1279ae01
textures/flatlist/ovr_stm/_win/w28an_wall_rouka_04.bmp.ctxr,textures/flatlist/ovr_stm/_win,w28an_wall_rouka_04.bmp.ctxr,w28an_wall_rouka_04.bmp,ctxr,349952,4ac4ea73475a065d6513068f13afd910224082f1
textures/flatlist/ovr_stm/_win/w28an_wire_01.bmp.ctxr,textures/flatlist/ovr_stm/_win,w28an_wire_01.bmp.ctxr,w28an_wire_01.bmp,ctxr,44128,10024973ca344a8cd5f5b04b0f1d492bb8c7ebd5
textures/flatlist/ovr_stm/_win/w28a_ana_hari_03.bmp.ctxr,textures/flatlist/ovr_stm/_win,w28a_ana_hari_03.bmp.ctxr,w28a_ana_hari_03.bmp,ctxr,175200,f17e0d6a1599f675148f72c89f918a4800dc4b31
textures/flatlist/ovr_stm/_win/w28a_ana_hari_04.bmp.ctxr,textures/flatlist/ovr_stm/_win,w28a_ana_hari_04.bmp.ctxr,w28a_ana_hari_04.bmp,ctxr,87776,0bfa66ac0e6464d92ee951d28d61e35231c016f5
textures/flatlist/ovr_stm/_win/w28a_ana_hari_05.bmp.ctxr,textures/flatlist/ovr_stm/_win,w28a_ana_hari_05.bmp.ctxr,w28a_ana_hari_05.bmp,ctxr,175200,817fb1ce8eeb0f754707be070b95edde831dc5f7
textures/flatlist/ovr_stm/_win/w28a_ana_light_tome.bmp.ctxr,textures/flatlist/ovr_stm/_win,w28a_ana_light_tome.bmp.ctxr,w28a_ana_light_tome.bmp,ctxr,22208,6075778206d712af6b9092af2a43912c98f4e28d
textures/flatlist/ovr_stm/_win/w28a_ana_pipe_01.bmp.ctxr,textures/flatlist/ovr_stm/_win,w28a_ana_pipe_01.bmp.ctxr,w28a_ana_pipe_01.bmp,ctxr,175200,a6af94c51bc71a13a5095363da94093bb5aa560a
textures/flatlist/ovr_stm/_win/w28a_ana_pipe_03.bmp.ctxr,textures/flatlist/ovr_stm/_win,w28a_ana_pipe_03.bmp.ctxr,w28a_ana_pipe_03.bmp,ctxr,175200,fbbf5b1943729d3efd99dc482174c669872f22e4
textures/flatlist/ovr_stm/_win/w28a_ana_pipe_tome_01.bmp.ctxr,textures/flatlist/ovr_stm/_win,w28a_ana_pipe_tome_01.bmp.ctxr,w28a_ana_pipe_tome_01.bmp,ctxr,349920,f614c7c65867114d9bb89172e04851ee8e13f628
textures/flatlist/ovr_stm/_win/w28a_ana_pipe_tome_02.bmp.ctxr,textures/flatlist/ovr_stm/_win,w28a_ana_pipe_tome_02.bmp.ctxr,w28a_ana_pipe_tome_02.bmp,ctxr,11264,7917e48f35a5c6c1d4e896abbae11fb0775a7cf6
textures/flatlist/ovr_stm/_win/w28a_ana_wall_01.bmp.ctxr,textures/flatlist/ovr_stm/_win,w28a_ana_wall_01.bmp.ctxr,w28a_ana_wall_01.bmp,ctxr,1398528,6db11fca02d1a743b41ecd03eb7767f60db2f34a
textures/flatlist/ovr_stm/_win/w28a_ana_wall_02.bmp.ctxr,textures/flatlist/ovr_stm/_win,w28a_ana_wall_02.bmp.ctxr,w28a_ana_wall_02.bmp,ctxr,1398528,9ff8739513699e35a91f19e2882624a48d598331
textures/flatlist/ovr_stm/_win/w28a_ana_wall_03.bmp.ctxr,textures/flatlist/ovr_stm/_win,w28a_ana_wall_03.bmp.ctxr,w28a_ana_wall_03.bmp,ctxr,1398528,38169a45515f9398cd6d401e354e6613a34a55d4
textures/flatlist/ovr_stm/_win/w28a_hone_naname.bmp.ctxr,textures/flatlist/ovr_stm/_win,w28a_hone_naname.bmp.ctxr,w28a_hone_naname.bmp,ctxr,44096,1d64c180d9e6ca780b2db06e61ae5b09d0c598e9
textures/flatlist/ovr_stm/_win/w28a_pipe_tome_002.bmp.ctxr,textures/flatlist/ovr_stm/_win,w28a_pipe_tome_002.bmp.ctxr,w28a_pipe_tome_002.bmp,ctxr,11264,49232a7736821f3a893327a7abec2572fe710cfa
textures/flatlist/ovr_stm/_win/w28a_wall_rouka_01.bmp.ctxr,textures/flatlist/ovr_stm/_win,w28a_wall_rouka_01.bmp.ctxr,w28a_wall_rouka_01.bmp,ctxr,699488,4bbac0077b616ae25106d9127b3bd1abcf541ffa
textures/flatlist/ovr_stm/_win/w31a_box_01.bmp.ctxr,textures/flatlist/ovr_stm/_win,w31a_box_01.bmp.ctxr,w31a_box_01.bmp,ctxr,87744,e542c017530fc4590403e77dff9b7e57ea805e4f
textures/flatlist/ovr_stm/_win/w31a_box_02.bmp.ctxr,textures/flatlist/ovr_stm/_win,w31a_box_02.bmp.ctxr,w31a_box_02.bmp,ctxr,349920,ed2c66ae9d1b85b48903eac7e04b2ebd7d663162
textures/flatlist/ovr_stm/_win/w31a_cir_panel_033.bmp.ctxr,textures/flatlist/ovr_stm/_win,w31a_cir_panel_033.bmp.ctxr,w31a_cir_panel_033.bmp,ctxr,175168,80e669a40cadaf1a6536d488b84b3cb492b25009
textures/flatlist/ovr_stm/_win/w31a_cir_panel_04.bmp.ctxr,textures/flatlist/ovr_stm/_win,w31a_cir_panel_04.bmp.ctxr,w31a_cir_panel_04.bmp,ctxr,44064,86249c0a48b51fbef050313ffd47bece210a48b4
textures/flatlist/ovr_stm/_win/w31a_cir_panel_brk_01.bmp.ctxr,textures/flatlist/ovr_stm/_win,w31a_cir_panel_brk_01.bmp.ctxr,w31a_cir_panel_brk_01.bmp,ctxr,699488,54d78ebb8ed0b2d17174a47cc8030a0015dcdb68
textures/flatlist/ovr_stm/_win/w31a_cir_panel_brk_02.bmp.ctxr,textures/flatlist/ovr_stm/_win,w31a_cir_panel_brk_02.bmp.ctxr,w31a_cir_panel_brk_02.bmp,ctxr,87744,31373a005958317d427d048d7fc8aa32754b8ded
textures/flatlist/ovr_stm/_win/w31a_cir_panel_brk_04.bmp.ctxr,textures/flatlist/ovr_stm/_win,w31a_cir_panel_brk_04.bmp.ctxr,w31a_cir_panel_brk_04.bmp,ctxr,44064,b49cbee0f47686a888f6b071eae9ededf568aad2
textures/flatlist/ovr_stm/_win/w31a_cir_panel_brk_05.bmp.ctxr,textures/flatlist/ovr_stm/_win,w31a_cir_panel_brk_05.bmp.ctxr,w31a_cir_panel_brk_05.bmp,ctxr,44064,93311f4c91613225dc5204ffb9912bcb98c2ef7b
textures/flatlist/ovr_stm/_win/w31a_denki_01.bmp.ctxr,textures/flatlist/ovr_stm/_win,w31a_denki_01.bmp.ctxr,w31a_denki_01.bmp,ctxr,87776,3c1cf111f14cb164c58716970f0526d271257415
textures/flatlist/ovr_stm/_win/w31a_denki_03.bmp.ctxr,textures/flatlist/ovr_stm/_win,w31a_denki_03.bmp.ctxr,w31a_denki_03.bmp,ctxr,44096,7ebde869cf0bde9f884c91385c6e398a86d6e97c
textures/flatlist/ovr_stm/_win/w31a_floor_01.bmp.ctxr,textures/flatlist/ovr_stm/_win,w31a_floor_01.bmp.ctxr,w31a_floor_01.bmp,ctxr,349920,6a843c3a47b664c8ffc78ab7d1ff3215cabdfe76
textures/flatlist/ovr_stm/_win/w31a_floor_02.bmp.ctxr,textures/flatlist/ovr_stm/_win,w31a_floor_02.bmp.ctxr,w31a_floor_02.bmp,ctxr,349952,3ee1d135cc5bc787405461cb2e210474f0afa7c4
textures/flatlist/ovr_stm/_win/w31a_floor_03.bmp.ctxr,textures/flatlist/ovr_stm/_win,w31a_floor_03.bmp.ctxr,w31a_floor_03.bmp,ctxr,175168,15fb8f920423576b36f7969b08548ef65e889284
textures/flatlist/ovr_stm/_win/w31a_floor_06.bmp.ctxr,textures/flatlist/ovr_stm/_win,w31a_floor_06.bmp.ctxr,w31a_floor_06.bmp,ctxr,699488,1959496b685e463defcee863628dbccbfd9180b9
textures/flatlist/ovr_stm/_win/w31a_floor_08.bmp.ctxr,textures/flatlist/ovr_stm/_win,w31a_floor_08.bmp.ctxr,w31a_floor_08.bmp,ctxr,349920,a007d2fefd3066525e70115bb5aea1efc55ae448
textures/flatlist/ovr_stm/_win/w31a_floor_10_alp_ovl.bmp.ctxr,textures/flatlist/ovr_stm/_win,w31a_floor_10_alp_ovl.bmp.ctxr,w31a_floor_10_alp_ovl.bmp,ctxr,175168,84171031c2c3aa38636c25e373bcbfbbd2eb7318
textures/flatlist/ovr_stm/_win/w31a_floor_ovl_bld090.bmp.ctxr,textures/flatlist/ovr_stm/_win,w31a_floor_ovl_bld090.bmp.ctxr,w31a_floor_ovl_bld090.bmp,ctxr,349920,77ecb4f1f12549bb9f9a6ba9f130836bce4a6703
textures/flatlist/ovr_stm/_win/w31a_mecha_03.bmp.ctxr,textures/flatlist/ovr_stm/_win,w31a_mecha_03.bmp.ctxr,w31a_mecha_03.bmp,ctxr,349920,90b7ebdb59d23299f55882e40dcb918748e31359
textures/flatlist/ovr_stm/_win/w31a_wall_01.bmp.ctxr,textures/flatlist/ovr_stm/_win,w31a_wall_01.bmp.ctxr,w31a_wall_01.bmp,ctxr,349952,deb4fa1e267ad9b32e08c8541e74267b2cb9037e
textures/flatlist/ovr_stm/_win/w31a_wall_03.bmp.ctxr,textures/flatlist/ovr_stm/_win,w31a_wall_03.bmp.ctxr,w31a_wall_03.bmp,ctxr,699488,891e5835ad7322db28ca7575b1ded41cca598e9b
textures/flatlist/ovr_stm/_win/w31a_wall_05.bmp.ctxr,textures/flatlist/ovr_stm/_win,w31a_wall_05.bmp.ctxr,w31a_wall_05.bmp,ctxr,349952,65ad79b2702e80bc8032975f987f8bb9b6cc19f5
textures/flatlist/ovr_stm/_win/w31a_wall_06.bmp.ctxr,textures/flatlist/ovr_stm/_win,w31a_wall_06.bmp.ctxr,w31a_wall_06.bmp,ctxr,349920,2a244217c28724aac9c8c91e3e56a3d891093544
textures/flatlist/ovr_stm/_win/w31b_door_01.bmp.ctxr,textures/flatlist/ovr_stm/_win,w31b_door_01.bmp.ctxr,w31b_door_01.bmp,ctxr,699488,6e2e199316eb35ed0c5a08f62b9670caadae1ffb
textures/flatlist/ovr_stm/_win/w31b_dox_01.bmp.ctxr,textures/flatlist/ovr_stm/_win,w31b_dox_01.bmp.ctxr,w31b_dox_01.bmp,ctxr,22176,bad7aa89f227b66e2e3fcee2e5fa4a6fec8a9613
textures/flatlist/ovr_stm/_win/w31b_floor_02.bmp.ctxr,textures/flatlist/ovr_stm/_win,w31b_floor_02.bmp.ctxr,w31b_floor_02.bmp,ctxr,349920,f297696db495cec401637098ef9aeb5421777861
textures/flatlist/ovr_stm/_win/w31b_panel_alp_ovl_06.bmp.ctxr,textures/flatlist/ovr_stm/_win,w31b_panel_alp_ovl_06.bmp.ctxr,w31b_panel_alp_ovl_06.bmp,ctxr,175168,dbfce5cc04cb34686c8df96815482d14d6327bcb
textures/flatlist/ovr_stm/_win/w31b_pipe_05.bmp.ctxr,textures/flatlist/ovr_stm/_win,w31b_pipe_05.bmp.ctxr,w31b_pipe_05.bmp,ctxr,175168,27dd53e53255920ef0379dda6506fccdcc309690
textures/flatlist/ovr_stm/_win/w31b_roof_04.bmp.ctxr,textures/flatlist/ovr_stm/_win,w31b_roof_04.bmp.ctxr,w31b_roof_04.bmp,ctxr,349920,dcad6360c774fc9315678affbcfb6379b3d313f1
textures/flatlist/ovr_stm/_win/w31b_wall_03.bmp.ctxr,textures/flatlist/ovr_stm/_win,w31b_wall_03.bmp.ctxr,w31b_wall_03.bmp,ctxr,699488,b589fe1178f5263e5eef369a5284fd765c909de5
textures/flatlist/ovr_stm/_win/w31c_box_05.bmp.ctxr,textures/flatlist/ovr_stm/_win,w31c_box_05.bmp.ctxr,w31c_box_05.bmp,ctxr,349952,0c9a0d55ea6caab645c9bf8dedb81d7ffe32a1de
textures/flatlist/ovr_stm/_win/w31c_locker_01.bmp.ctxr,textures/flatlist/ovr_stm/_win,w31c_locker_01.bmp.ctxr,w31c_locker_01.bmp,ctxr,349920,836a6df31c7c876e3d19b1f32592da6294e50833
textures/flatlist/ovr_stm/_win/w31c_locker_04.bmp.ctxr,textures/flatlist/ovr_stm/_win,w31c_locker_04.bmp.ctxr,w31c_locker_04.bmp,ctxr,699488,1253a2a08b9fe4020ad0854b3448aa3c15016b1e
textures/flatlist/ovr_stm/_win/w31c_wall_08.bmp.ctxr,textures/flatlist/ovr_stm/_win,w31c_wall_08.bmp.ctxr,w31c_wall_08.bmp,ctxr,44096,8d413c8e3e0d111863c6745e3936e06a6459ac0e
textures/flatlist/ovr_stm/_win/w32a_asi00.bmp.ctxr,textures/flatlist/ovr_stm/_win,w32a_asi00.bmp.ctxr,w32a_asi00.bmp,ctxr,699488,144ac33fb44ac65e933742ff32306e934488baff
textures/flatlist/ovr_stm/_win/w32a_asi00a.bmp.ctxr,textures/flatlist/ovr_stm/_win,w32a_asi00a.bmp.ctxr,w32a_asi00a.bmp,ctxr,699488,b0cbdeaab1900332b39684e807cc0863a1cee1c4
textures/flatlist/ovr_stm/_win/w32a_asi00b.bmp.ctxr,textures/flatlist/ovr_stm/_win,w32a_asi00b.bmp.ctxr,w32a_asi00b.bmp,ctxr,699488,a4f8d80377d1c232b3a121b909ca2f8a0be58ee5
textures/flatlist/ovr_stm/_win/w32a_asi00c.bmp.ctxr,textures/flatlist/ovr_stm/_win,w32a_asi00c.bmp.ctxr,w32a_asi00c.bmp,ctxr,699488,38ca4e9e9181bcb3d6e54f147f7b3180d34ac282
textures/flatlist/ovr_stm/_win/w32a_asi00d.bmp.ctxr,textures/flatlist/ovr_stm/_win,w32a_asi00d.bmp.ctxr,w32a_asi00d.bmp,ctxr,699488,f8370cf590dca8411bbfc22c3ed3c433912b6de9
textures/flatlist/ovr_stm/_win/w32a_asi06.bmp.ctxr,textures/flatlist/ovr_stm/_win,w32a_asi06.bmp.ctxr,w32a_asi06.bmp,ctxr,699488,585ffa3d69626ea1dfae4a4f1a36e14c5054daaf
textures/flatlist/ovr_stm/_win/w32a_board04.bmp.ctxr,textures/flatlist/ovr_stm/_win,w32a_board04.bmp.ctxr,w32a_board04.bmp,ctxr,87776,07f2acc16beed19720bd89ff821a72e8fb5edf8a
textures/flatlist/ovr_stm/_win/w32a_fl01.bmp.ctxr,textures/flatlist/ovr_stm/_win,w32a_fl01.bmp.ctxr,w32a_fl01.bmp,ctxr,349920,b3f93813eaedf0a1f2a050d2301b6ccb46aee3c9
textures/flatlist/ovr_stm/_win/w32a_fl01a.bmp.ctxr,textures/flatlist/ovr_stm/_win,w32a_fl01a.bmp.ctxr,w32a_fl01a.bmp,ctxr,349920,1c0c349154c0996553478fd54368a4a79dfc8e6c
textures/flatlist/ovr_stm/_win/w32a_fl01b.bmp.ctxr,textures/flatlist/ovr_stm/_win,w32a_fl01b.bmp.ctxr,w32a_fl01b.bmp,ctxr,349920,f87728fc57ed42d66d60d942a03c2bbd01662f97
textures/flatlist/ovr_stm/_win/w32a_fl01c.bmp.ctxr,textures/flatlist/ovr_stm/_win,w32a_fl01c.bmp.ctxr,w32a_fl01c.bmp,ctxr,349920,6e0bf22ff03df53f60f4afec163a1f98c98519ba
textures/flatlist/ovr_stm/_win/w32a_fl01e.bmp.ctxr,textures/flatlist/ovr_stm/_win,w32a_fl01e.bmp.ctxr,w32a_fl01e.bmp,ctxr,349920,eb81e94485918c42c30f56b71369e740edf5ea02
textures/flatlist/ovr_stm/_win/w32a_pp02.bmp_1740c8007a612689abb7c8a3139f35d1.ctxr,textures/flatlist/ovr_stm/_win,w32a_pp02.bmp_1740c8007a612689abb7c8a3139f35d1.ctxr,w32a_pp02.bmp_1740c8007a612689abb7c8a3139f35d1,ctxr,699488,a6707c4739de34bbb2c50bd50416d679297c3910
textures/flatlist/ovr_stm/_win/w32a_pp02a.bmp_f04b2f338b30c64c7690c44f5e5cbc4f.ctxr,textures/flatlist/ovr_stm/_win,w32a_pp02a.bmp_f04b2f338b30c64c7690c44f5e5cbc4f.ctxr,w32a_pp02a.bmp_f04b2f338b30c64c7690c44f5e5cbc4f,ctxr,349952,515a6e77fdb814b0b406379baaab5b523dda653b
textures/flatlist/ovr_stm/_win/w32a_pp03a.bmp_948505e760d2eb64915a2546228b8649.ctxr,textures/flatlist/ovr_stm/_win,w32a_pp03a.bmp_948505e760d2eb64915a2546228b8649.ctxr,w32a_pp03a.bmp_948505e760d2eb64915a2546228b8649,ctxr,349952,5f6958fbc39dafb58aec081381fe08a845e90495
textures/flatlist/ovr_stm/_win/w32a_sign00.bmp.ctxr,textures/flatlist/ovr_stm/_win,w32a_sign00.bmp.ctxr,w32a_sign00.bmp,ctxr,44096,7e0f5d720d50c28d2e067ac34f5aba1af6fae5ee
textures/flatlist/ovr_stm/_win/w32a_w02.bmp.ctxr,textures/flatlist/ovr_stm/_win,w32a_w02.bmp.ctxr,w32a_w02.bmp,ctxr,175200,6918595c7e1fccc55dd914d71afcf8f20ec5e456
textures/flatlist/ovr_stm/_win/w41a_dr2.bmp.ctxr,textures/flatlist/ovr_stm/_win,w41a_dr2.bmp.ctxr,w41a_dr2.bmp,ctxr,699488,a47e7bb6ea55f3bd211c1082eaaa6bf42f56dc99
textures/flatlist/ovr_stm/_win/w41a_go_02.bmp.ctxr,textures/flatlist/ovr_stm/_win,w41a_go_02.bmp.ctxr,w41a_go_02.bmp,ctxr,175168,e857828e1b1c03bfccc35fe57b3ef2d9d2b503b0
textures/flatlist/ovr_stm/_win/w41a_go_03.bmp.ctxr,textures/flatlist/ovr_stm/_win,w41a_go_03.bmp.ctxr,w41a_go_03.bmp,ctxr,175168,74fe8b237a1a75f521b461690515d4436cb2532b
textures/flatlist/ovr_stm/_win/w41a_wallsh1_bld090_ovl.bmp.ctxr,textures/flatlist/ovr_stm/_win,w41a_wallsh1_bld090_ovl.bmp.ctxr,w41a_wallsh1_bld090_ovl.bmp,ctxr,1398528,a407ae1ada05f5d407f701840f97a0f279fc3c42
textures/flatlist/ovr_stm/_win/w41a_wallsh3_bld090_ovl.bmp.ctxr,textures/flatlist/ovr_stm/_win,w41a_wallsh3_bld090_ovl.bmp.ctxr,w41a_wallsh3_bld090_ovl.bmp,ctxr,699488,09ce8e04d6db86974b993b29b01f242ecdf4739c
textures/flatlist/ovr_stm/_win/w41a_wallsh4_bld090_ovl.bmp.ctxr,textures/flatlist/ovr_stm/_win,w41a_wallsh4_bld090_ovl.bmp.ctxr,w41a_wallsh4_bld090_ovl.bmp,ctxr,349920,160447f00af76268bf7c103e279b686aab7b2fdd
textures/flatlist/ovr_stm/_win/w41a_wallsh6_bld090_ovl.bmp.ctxr,textures/flatlist/ovr_stm/_win,w41a_wallsh6_bld090_ovl.bmp.ctxr,w41a_wallsh6_bld090_ovl.bmp,ctxr,699488,78add1bc3ae725bf829ef4882c874158fe97d1e5
textures/flatlist/ovr_stm/_win/w41a_wallsh7_bld090_ovl.bmp.ctxr,textures/flatlist/ovr_stm/_win,w41a_wallsh7_bld090_ovl.bmp.ctxr,w41a_wallsh7_bld090_ovl.bmp,ctxr,699488,f24993c8b99f9dc59506c3ddf64c0a5c2177c6c9
textures/flatlist/ovr_stm/_win/w42a_1f_box_01.bmp_7be7c191af3966ebc5cbc6b019aac0b5.ctxr,textures/flatlist/ovr_stm/_win,w42a_1f_box_01.bmp_7be7c191af3966ebc5cbc6b019aac0b5.ctxr,w42a_1f_box_01.bmp_7be7c191af3966ebc5cbc6b019aac0b5,ctxr,699488,8b4e2c7a11505cd63b2a615e98662e8964bdd0b4
textures/flatlist/ovr_stm/_win/w42a_1f_box_01_top.bmp_80244e81becddb60d74eb9908adbdbd3.ctxr,textures/flatlist/ovr_stm/_win,w42a_1f_box_01_top.bmp_80244e81becddb60d74eb9908adbdbd3.ctxr,w42a_1f_box_01_top.bmp_80244e81becddb60d74eb9908adbdbd3,ctxr,349920,bb175aaac3fb4fb396498ff02e1a4880c957952f
textures/flatlist/ovr_stm/_win/w42a_2f_floor_back_03.bmp.ctxr,textures/flatlist/ovr_stm/_win,w42a_2f_floor_back_03.bmp.ctxr,w42a_2f_floor_back_03.bmp,ctxr,699488,8f39c5300ce3511107a4f18bd6b1d6fe0884627d
textures/flatlist/ovr_stm/_win/w42a_bridge_side_01.bmp_489fc0f70f9ed7725e5293ec1ab58638.ctxr,textures/flatlist/ovr_stm/_win,w42a_bridge_side_01.bmp_489fc0f70f9ed7725e5293ec1ab58638.ctxr,w42a_bridge_side_01.bmp_489fc0f70f9ed7725e5293ec1ab58638,ctxr,175200,b4a6ba8c0eaddb5f65f2dedd2f64673d71a260ab
textures/flatlist/ovr_stm/_win/w42a_fence_board_01.bmp.ctxr,textures/flatlist/ovr_stm/_win,w42a_fence_board_01.bmp.ctxr,w42a_fence_board_01.bmp,ctxr,44096,7423313241e42d8b6a73a000338cf6fc10f2f9b0
textures/flatlist/ovr_stm/_win/w42a_fence_under_03.bmp.ctxr,textures/flatlist/ovr_stm/_win,w42a_fence_under_03.bmp.ctxr,w42a_fence_under_03.bmp,ctxr,44096,a0812641faf6c53db7d5496a10359f1662138bd2
textures/flatlist/ovr_stm/_win/w43a_rouka_floor_01_alp_ovl.bmp.ctxr,textures/flatlist/ovr_stm/_win,w43a_rouka_floor_01_alp_ovl.bmp.ctxr,w43a_rouka_floor_01_alp_ovl.bmp,ctxr,349920,89d73c13233a14140518d7153301ff4d80b988f6
textures/flatlist/ovr_stm/_win/w43a_rouka_floor_02_alp_ovl.bmp.ctxr,textures/flatlist/ovr_stm/_win,w43a_rouka_floor_02_alp_ovl.bmp.ctxr,w43a_rouka_floor_02_alp_ovl.bmp,ctxr,349920,e1ad1891e18248d78eb3686e76576d323a4b1105
textures/flatlist/ovr_stm/_win/w43a_rouka_floor_03_alp_ovl.bmp.ctxr,textures/flatlist/ovr_stm/_win,w43a_rouka_floor_03_alp_ovl.bmp.ctxr,w43a_rouka_floor_03_alp_ovl.bmp,ctxr,349920,8fa72a8b304b1c726b24d2c8ebb70e5bf882adf2
textures/flatlist/ovr_stm/_win/w43a_rouka_floor_04_alp_ovl.bmp.ctxr,textures/flatlist/ovr_stm/_win,w43a_rouka_floor_04_alp_ovl.bmp.ctxr,w43a_rouka_floor_04_alp_ovl.bmp,ctxr,349920,df8dd55c6d1c8818c083be98dfcb8a292a6d5441
textures/flatlist/ovr_stm/_win/w43a_rouka_floor_06_alp_ovl.bmp.ctxr,textures/flatlist/ovr_stm/_win,w43a_rouka_floor_06_alp_ovl.bmp.ctxr,w43a_rouka_floor_06_alp_ovl.bmp,ctxr,349920,4ddb833820a23e9a442053caad19978333558113
textures/flatlist/ovr_stm/_win/w43a_wall_02_alp_ovl.bmp.ctxr,textures/flatlist/ovr_stm/_win,w43a_wall_02_alp_ovl.bmp.ctxr,w43a_wall_02_alp_ovl.bmp,ctxr,349920,b83bff3f8c6652773c851ce9694d7553d3ae50a6
textures/flatlist/ovr_stm/_win/w43a_wall_04_alp_ovl.bmp.ctxr,textures/flatlist/ovr_stm/_win,w43a_wall_04_alp_ovl.bmp.ctxr,w43a_wall_04_alp_ovl.bmp,ctxr,175168,1e5c4a0b79a1f248dd867c161fd233407a5f0d74
textures/flatlist/ovr_stm/_win/w43a_wall_05_alp_ovl.bmp.ctxr,textures/flatlist/ovr_stm/_win,w43a_wall_05_alp_ovl.bmp.ctxr,w43a_wall_05_alp_ovl.bmp,ctxr,349920,8967e4b2c3081c129af1e8325a5b8dfcf9500550
textures/flatlist/ovr_stm/_win/w43a_wall_09_alp_ovl.bmp.ctxr,textures/flatlist/ovr_stm/_win,w43a_wall_09_alp_ovl.bmp.ctxr,w43a_wall_09_alp_ovl.bmp,ctxr,349920,fea9bbc0b919c0ba266e8298c771ac3a85828be3
textures/flatlist/ovr_stm/_win/w43a_wall_exit_01.bmp.ctxr,textures/flatlist/ovr_stm/_win,w43a_wall_exit_01.bmp.ctxr,w43a_wall_exit_01.bmp,ctxr,1398528,cffc4f9435dfbc218d664e52c40055934a40c281
textures/flatlist/ovr_stm/_win/w43a_wall_hashi_02_alp_ovl.bmp.ctxr,textures/flatlist/ovr_stm/_win,w43a_wall_hashi_02_alp_ovl.bmp.ctxr,w43a_wall_hashi_02_alp_ovl.bmp,ctxr,349920,e97c5dbdbee88cf0b1df49d5f0cca41f23f9bc26
textures/flatlist/ovr_stm/_win/w43a_wall_hashi_04_alp_ovl.bmp.ctxr,textures/flatlist/ovr_stm/_win,w43a_wall_hashi_04_alp_ovl.bmp.ctxr,w43a_wall_hashi_04_alp_ovl.bmp,ctxr,349920,2b1e07edcbfd4967a6fc5b6691a0b9f5ec5eada2
textures/flatlist/ovr_stm/_win/w43a_wall_right_02_alp_ovl.bmp.ctxr,textures/flatlist/ovr_stm/_win,w43a_wall_right_02_alp_ovl.bmp.ctxr,w43a_wall_right_02_alp_ovl.bmp,ctxr,349920,11fa69746d7ee311f77bd315356f7325cc01afdd
textures/flatlist/ovr_stm/_win/w43a_wall_right_03_alp_ovl.bmp.ctxr,textures/flatlist/ovr_stm/_win,w43a_wall_right_03_alp_ovl.bmp.ctxr,w43a_wall_right_03_alp_ovl.bmp,ctxr,175168,e0719ae040666ab3a6549acb8c13ac7005ae9c32
textures/flatlist/ovr_stm/_win/w43a_wall_right_06_alp_ovl.bmp.ctxr,textures/flatlist/ovr_stm/_win,w43a_wall_right_06_alp_ovl.bmp.ctxr,w43a_wall_right_06_alp_ovl.bmp,ctxr,349920,e85e2b1920e64dd2c4d9cec6ac6a8391a117e966
textures/flatlist/ovr_stm/_win/w43a_wall_right_08_alp_ovl.bmp.ctxr,textures/flatlist/ovr_stm/_win,w43a_wall_right_08_alp_ovl.bmp.ctxr,w43a_wall_right_08_alp_ovl.bmp,ctxr,349920,c8ba88f2bf74cd189f18aefd10e20ebec0d2cc09
textures/flatlist/ovr_stm/_win/w45a_door_left.bmp.ctxr,textures/flatlist/ovr_stm/_win,w45a_door_left.bmp.ctxr,w45a_door_left.bmp,ctxr,175168,9438b97d2789f2eb484d090f745007c7cca43d73
textures/flatlist/ovr_stm/_win/w45a_door_right.bmp.ctxr,textures/flatlist/ovr_stm/_win,w45a_door_right.bmp.ctxr,w45a_door_right.bmp,ctxr,349920,e9843c7f22cb1ee923168640c12e270c31bd5b9c
textures/flatlist/ovr_stm/_win/w45a_floor_01.bmp.ctxr,textures/flatlist/ovr_stm/_win,w45a_floor_01.bmp.ctxr,w45a_floor_01.bmp,ctxr,5592864,90316354da706ebaaab042de82a694b0421eed86
textures/flatlist/ovr_stm/_win/w45a_floor_03.bmp.ctxr,textures/flatlist/ovr_stm/_win,w45a_floor_03.bmp.ctxr,w45a_floor_03.bmp,ctxr,5592864,97155bc31ac516a33be1e80946c6a3c770691e0b
textures/flatlist/ovr_stm/_win/w61a_bil7_wall1.bmp.ctxr,textures/flatlist/ovr_stm/_win,w61a_bil7_wall1.bmp.ctxr,w61a_bil7_wall1.bmp,ctxr,349920,b312c2b86bb1ed566f163fb16a104fee7e4e0074
textures/flatlist/ovr_stm/_win/w61a_bil7_wall4_brk.bmp.ctxr,textures/flatlist/ovr_stm/_win,w61a_bil7_wall4_brk.bmp.ctxr,w61a_bil7_wall4_brk.bmp,ctxr,699488,0748fd203adc1cf20d90bd8a04aa1d34e8f1083b
textures/flatlist/ovr_stm/_win/w61a_douro.bmp.ctxr,textures/flatlist/ovr_stm/_win,w61a_douro.bmp.ctxr,w61a_douro.bmp,ctxr,349920,7ceb7ae2aaa87b0b030d60059cfee65a7d0fa11a
textures/flatlist/ovr_stm/_win/w61a_grn_ami.bmp.ctxr,textures/flatlist/ovr_stm/_win,w61a_grn_ami.bmp.ctxr,w61a_grn_ami.bmp,ctxr,87744,a42d715d7ba6cdb208d37f87b755060cedf422a6
textures/flatlist/ovr_stm/_win/w61a_hodou1.bmp.ctxr,textures/flatlist/ovr_stm/_win,w61a_hodou1.bmp.ctxr,w61a_hodou1.bmp,ctxr,349920,6153646e2bab8513b5be414eec54249a8691bf99
textures/flatlist/ovr_stm/_win/w61a_jeorge_dai.bmp.ctxr,textures/flatlist/ovr_stm/_win,w61a_jeorge_dai.bmp.ctxr,w61a_jeorge_dai.bmp,ctxr,87744,6b2960904113cde2cfea4dcde76ac697fe1a969d
textures/flatlist/ovr_stm/_win/w61a_pillar1.bmp.ctxr,textures/flatlist/ovr_stm/_win,w61a_pillar1.bmp.ctxr,w61a_pillar1.bmp,ctxr,699488,1debc80cb5fa0238242501abc260226ee46602b1
textures/flatlist/ovr_stm/_win/w62a_bill_h1.bmp.ctxr,textures/flatlist/ovr_stm/_win,w62a_bill_h1.bmp.ctxr,w62a_bill_h1.bmp,ctxr,699488,8c7dfc2109b8bdd34a41830bab3ecc5011dd2e30
textures/flatlist/ovr_stm/_win/walllc1a.bmp.ctxr,textures/flatlist/ovr_stm/_win,walllc1a.bmp.ctxr,walllc1a.bmp,ctxr,699488,664ad060455f42463727f0e53d6cd8514ab662d3
textures/flatlist/ovr_stm/_win/walllc1a2a.bmp.ctxr,textures/flatlist/ovr_stm/_win,walllc1a2a.bmp.ctxr,walllc1a2a.bmp,ctxr,349952,50c0600010c9d142ca5f34ea5b7fc653f910e416
textures/flatlist/ovr_stm/_win/walllc1b.bmp.ctxr,textures/flatlist/ovr_stm/_win,walllc1b.bmp.ctxr,walllc1b.bmp,ctxr,699488,9025464d2ba1fc8dd1b9c94511a8cd999ff92942
textures/flatlist/ovr_stm/_win/walllc1_sh2.bmp.ctxr,textures/flatlist/ovr_stm/_win,walllc1_sh2.bmp.ctxr,walllc1_sh2.bmp,ctxr,699488,8d17f39471ddbb06cab72be9ef834d8e12d0e5d6
textures/flatlist/ovr_stm/_win/wave06.bmp.ctxr,textures/flatlist/ovr_stm/_win,wave06.bmp.ctxr,wave06.bmp,ctxr,349920,767b494dc78fd2ae8ea8ea8a2ba0851f330f7148
textures/flatlist/ovr_stm/_win/wave06long1.bmp.ctxr,textures/flatlist/ovr_stm/_win,wave06long1.bmp.ctxr,wave06long1.bmp,ctxr,349920,36fb731f7456a633f07d778607f61999b66a1f87
textures/flatlist/ovr_stm/_win/wc1.bmp.ctxr,textures/flatlist/ovr_stm/_win,wc1.bmp.ctxr,wc1.bmp,ctxr,87776,e8e8f4e8f61955c089aca39403646da0d9917ad3
textures/flatlist/ovr_stm/_win/wc1top.bmp.ctxr,textures/flatlist/ovr_stm/_win,wc1top.bmp.ctxr,wc1top.bmp,ctxr,87744,2c4d309c9bc3a2c10636aa81451e915a784f5bb3
textures/flatlist/ovr_stm/_win/yukamoto_alp_ovl.bmp.ctxr,textures/flatlist/ovr_stm/_win,yukamoto_alp_ovl.bmp.ctxr,yukamoto_alp_ovl.bmp,ctxr,349920,9d97e42443fb38d0da18448634705ef87821c34a
textures/flatlist/ovr_stm/_win/yu_ne.bmp.ctxr,textures/flatlist/ovr_stm/_win,yu_ne.bmp.ctxr,yu_ne.bmp,ctxr,349920,2c9b0ba5216e04c0ab775f5957e582493b210aa5
textures/flatlist/ovr_stm/_win/yu_ne2.bmp.ctxr,textures/flatlist/ovr_stm/_win,yu_ne2.bmp.ctxr,yu_ne2.bmp,ctxr,349920,b005bec1cefe809af58721fb105d78426f627a7e
textures/flatlist/ovr_stm/_win/zoe_pos_n.bmp.ctxr,textures/flatlist/ovr_stm/_win,zoe_pos_n.bmp.ctxr,zoe_pos_n.bmp,ctxr,1398528,3f86f4d670fbc5a6afd0fffa9cecb3aabbf7b4b8
textures/MGS2-Demastered-Substance-Edition_LICENSE,textures,MGS2-Demastered-Substance-Edition_LICENSE,MGS2-Demastered-Substance-Edition_LICENSE,,1084,50827a9b7585110cb1a082fc9244d637a47fa802
textures/MGS2-Demastered-Substance-Edition_README.md,textures,MGS2-Demastered-Substance-Edition_README.md,MGS2-Demastered-Substance-Edition_README,md,4375,3e8e842512940016fb3d360bc56964fd9929bb5a
