full_path,relative_path_to_file,filename_with_extension,file_stem,extension,filesize,sha1
Misc/loading/_win/loading.ctxr,Misc/loading/_win,loading.ctxr,loading,ctxr,105120,15716877c958c557da9cf6dfe480d03e2b0850f3
Misc/loading/_win/loading_4k.ctxr,Misc/loading/_win,loading_4k.ctxr,loading_4k,ctxr,944800,970b0ea0cd1c40435022e9c23f16c4f9b096aec5
Misc/loading/_win/loading_fhd.ctxr,Misc/loading/_win,loading_fhd.ctxr,loading_fhd,ctxr,236320,ef90bee9cca1726110d704a5072c50db0467fce9
Misc/loading/_win/loading_jp.ctxr,Misc/loading/_win,loading_jp.ctxr,loading_jp,ctxr,105120,15716877c958c557da9cf6dfe480d03e2b0850f3
Misc/loading/_win/loading_jp_4k.ctxr,Misc/loading/_win,loading_jp_4k.ctxr,loading_jp_4k,ctxr,944800,970b0ea0cd1c40435022e9c23f16c4f9b096aec5
Misc/loading/_win/loading_jp_fhd.ctxr,Misc/loading/_win,loading_jp_fhd.ctxr,loading_jp_fhd,ctxr,236320,ef90bee9cca1726110d704a5072c50db0467fce9
Misc/loading/_win/loading_jp_wqhd.ctxr,Misc/loading/_win,loading_jp_wqhd.ctxr,loading_jp_wqhd,ctxr,298240,8397c18b17362dbcc9c06eb80495e91cc9f5b891
Misc/loading/_win/loading_wqhd.ctxr,Misc/loading/_win,loading_wqhd.ctxr,loading_wqhd,ctxr,298240,8397c18b17362dbcc9c06eb80495e91cc9f5b891
textures/flatlist/ovr_stm/ovr_eu/_win/0007bc34.ctxr,textures/flatlist/ovr_stm/ovr_eu/_win,0007bc34.ctxr,0007bc34,ctxr,11185312,b3d677832e2cdd7297ecdbdc54a770aaebe58749
textures/flatlist/ovr_stm/ovr_eu/_win/0009bc34.ctxr,textures/flatlist/ovr_stm/ovr_eu/_win,0009bc34.ctxr,0009bc34,ctxr,699552,83f5d9bcbc6af19e861669be604002f07aa01ec3
textures/flatlist/ovr_stm/ovr_eu/_win/0009bc34_b930b4499997afc4e26e408ea169f9c7.ctxr,textures/flatlist/ovr_stm/ovr_eu/_win,0009bc34_b930b4499997afc4e26e408ea169f9c7.ctxr,0009bc34_b930b4499997afc4e26e408ea169f9c7,ctxr,699552,6c95fc073bf62297c097fe3eaef12e39d55f0c9d
textures/flatlist/ovr_stm/ovr_eu/_win/001463f1.ctxr,textures/flatlist/ovr_stm/ovr_eu/_win,001463f1.ctxr,001463f1,ctxr,350016,33f140c26a0f41178707409b87eff304152d9256
textures/flatlist/ovr_stm/ovr_eu/_win/00481d9d.ctxr,textures/flatlist/ovr_stm/ovr_eu/_win,00481d9d.ctxr,00481d9d,ctxr,349984,287721a27e45cb0728d1cace5f62a16be4932cfe
textures/flatlist/ovr_stm/ovr_eu/_win/004d1d9d.ctxr,textures/flatlist/ovr_stm/ovr_eu/_win,004d1d9d.ctxr,004d1d9d,ctxr,699552,44c2b25496e129a880cc000002077bbe158b4a15
textures/flatlist/ovr_stm/ovr_eu/_win/004f1d9d.ctxr,textures/flatlist/ovr_stm/ovr_eu/_win,004f1d9d.ctxr,004f1d9d,ctxr,699552,7ff92536ff3242431e020e7a7c1163dbd3f0a075
textures/flatlist/ovr_stm/ovr_eu/_win/006f7421.ctxr,textures/flatlist/ovr_stm/ovr_eu/_win,006f7421.ctxr,006f7421,ctxr,699520,7c253490753b820e1f79f803eec9405a9111da91
textures/flatlist/ovr_stm/ovr_eu/_win/00bc9205.ctxr,textures/flatlist/ovr_stm/ovr_eu/_win,00bc9205.ctxr,00bc9205,ctxr,699552,74e3566536d03af0a41de022e46ef6944f7c9c18
textures/flatlist/ovr_stm/ovr_eu/_win/00cdeba7.ctxr,textures/flatlist/ovr_stm/ovr_eu/_win,00cdeba7.ctxr,00cdeba7,ctxr,349984,f7b362e1817998be08541f102724a96fab9a0c69
textures/flatlist/ovr_stm/ovr_eu/_win/animal_alp_ovl.bmp.ctxr,textures/flatlist/ovr_stm/ovr_eu/_win,animal_alp_ovl.bmp.ctxr,animal_alp_ovl.bmp,ctxr,917664,9dc4f5247662afcab4bc5fce203264f24b49323b
textures/flatlist/ovr_stm/ovr_eu/_win/berrazano_alp_ovl.bmp.ctxr,textures/flatlist/ovr_stm/ovr_eu/_win,berrazano_alp_ovl.bmp.ctxr,berrazano_alp_ovl.bmp,ctxr,1398592,b18af927c52d933d5d88e5137f2a1ebbfff9a17a
textures/flatlist/ovr_stm/ovr_eu/_win/bigshell_alp_ovl.bmp.ctxr,textures/flatlist/ovr_stm/ovr_eu/_win,bigshell_alp_ovl.bmp.ctxr,bigshell_alp_ovl.bmp,ctxr,1398592,8bb446a233af72bb8d4950ed7472f7c34875302a
textures/flatlist/ovr_stm/ovr_eu/_win/exit_alp_ovl.bmp.ctxr,textures/flatlist/ovr_stm/ovr_eu/_win,exit_alp_ovl.bmp.ctxr,exit_alp_ovl.bmp,ctxr,699552,5bbce6e820dab39997451d3168659475e7fd12aa
textures/flatlist/ovr_stm/ovr_eu/_win/taisa_gb_alp_ovl.bmp.ctxr,textures/flatlist/ovr_stm/ovr_eu/_win,taisa_gb_alp_ovl.bmp.ctxr,taisa_gb_alp_ovl.bmp,ctxr,24736,9e90a8513ddcf0e1835fab1e808dec9cae52b154
textures/flatlist/ovr_stm/ovr_eu/_win/taisa_mgs1_alp_ovl.bmp.ctxr,textures/flatlist/ovr_stm/ovr_eu/_win,taisa_mgs1_alp_ovl.bmp.ctxr,taisa_mgs1_alp_ovl.bmp,ctxr,13984,b3ada927ecd88fb2993c2f77ef52794d43038f9a
textures/flatlist/ovr_stm/ovr_eu/_win/taisa_msx_alp_ovl.bmp.ctxr,textures/flatlist/ovr_stm/ovr_eu/_win,taisa_msx_alp_ovl.bmp.ctxr,taisa_msx_alp_ovl.bmp,ctxr,6304,09b188c8d6eb44f0824dc854de7c0c4f67044a1c
textures/flatlist/ovr_stm/ovr_eu/_win/title_logo_blue_alp_ovl.bmp.ctxr,textures/flatlist/ovr_stm/ovr_eu/_win,title_logo_blue_alp_ovl.bmp.ctxr,title_logo_blue_alp_ovl.bmp,ctxr,11185312,c3bcfde128971e102369c158cd3dc96b16e68d50
textures/flatlist/ovr_stm/ovr_jp/_win/0007bc34.ctxr,textures/flatlist/ovr_stm/ovr_jp/_win,0007bc34.ctxr,0007bc34,ctxr,11185312,b3d677832e2cdd7297ecdbdc54a770aaebe58749
textures/flatlist/ovr_stm/ovr_jp/_win/0009bc34.ctxr,textures/flatlist/ovr_stm/ovr_jp/_win,0009bc34.ctxr,0009bc34,ctxr,699552,83f5d9bcbc6af19e861669be604002f07aa01ec3
textures/flatlist/ovr_stm/ovr_jp/_win/0009bc34_b930b4499997afc4e26e408ea169f9c7.ctxr,textures/flatlist/ovr_stm/ovr_jp/_win,0009bc34_b930b4499997afc4e26e408ea169f9c7.ctxr,0009bc34_b930b4499997afc4e26e408ea169f9c7,ctxr,699552,6c95fc073bf62297c097fe3eaef12e39d55f0c9d
textures/flatlist/ovr_stm/ovr_jp/_win/001463f1.ctxr,textures/flatlist/ovr_stm/ovr_jp/_win,001463f1.ctxr,001463f1,ctxr,350016,33f140c26a0f41178707409b87eff304152d9256
textures/flatlist/ovr_stm/ovr_jp/_win/00481d9d.ctxr,textures/flatlist/ovr_stm/ovr_jp/_win,00481d9d.ctxr,00481d9d,ctxr,349984,287721a27e45cb0728d1cace5f62a16be4932cfe
textures/flatlist/ovr_stm/ovr_jp/_win/004d1d9d.ctxr,textures/flatlist/ovr_stm/ovr_jp/_win,004d1d9d.ctxr,004d1d9d,ctxr,699552,44c2b25496e129a880cc000002077bbe158b4a15
textures/flatlist/ovr_stm/ovr_jp/_win/004f1d9d.ctxr,textures/flatlist/ovr_stm/ovr_jp/_win,004f1d9d.ctxr,004f1d9d,ctxr,699552,7ff92536ff3242431e020e7a7c1163dbd3f0a075
textures/flatlist/ovr_stm/ovr_jp/_win/006f7421.ctxr,textures/flatlist/ovr_stm/ovr_jp/_win,006f7421.ctxr,006f7421,ctxr,699520,7c253490753b820e1f79f803eec9405a9111da91
textures/flatlist/ovr_stm/ovr_jp/_win/00bc9205.ctxr,textures/flatlist/ovr_stm/ovr_jp/_win,00bc9205.ctxr,00bc9205,ctxr,699552,74e3566536d03af0a41de022e46ef6944f7c9c18
textures/flatlist/ovr_stm/ovr_jp/_win/00cdeba7.ctxr,textures/flatlist/ovr_stm/ovr_jp/_win,00cdeba7.ctxr,00cdeba7,ctxr,349984,f7b362e1817998be08541f102724a96fab9a0c69
textures/flatlist/ovr_stm/ovr_jp/_win/animal_alp_ovl.bmp.ctxr,textures/flatlist/ovr_stm/ovr_jp/_win,animal_alp_ovl.bmp.ctxr,animal_alp_ovl.bmp,ctxr,917664,9dc4f5247662afcab4bc5fce203264f24b49323b
textures/flatlist/ovr_stm/ovr_jp/_win/berrazano_alp_ovl.bmp.ctxr,textures/flatlist/ovr_stm/ovr_jp/_win,berrazano_alp_ovl.bmp.ctxr,berrazano_alp_ovl.bmp,ctxr,1398592,b18af927c52d933d5d88e5137f2a1ebbfff9a17a
textures/flatlist/ovr_stm/ovr_jp/_win/bigshell_alp_ovl.bmp.ctxr,textures/flatlist/ovr_stm/ovr_jp/_win,bigshell_alp_ovl.bmp.ctxr,bigshell_alp_ovl.bmp,ctxr,1398592,8bb446a233af72bb8d4950ed7472f7c34875302a
textures/flatlist/ovr_stm/ovr_jp/_win/exit_alp_ovl.bmp.ctxr,textures/flatlist/ovr_stm/ovr_jp/_win,exit_alp_ovl.bmp.ctxr,exit_alp_ovl.bmp,ctxr,699552,5bbce6e820dab39997451d3168659475e7fd12aa
textures/flatlist/ovr_stm/ovr_jp/_win/taisa_gb_alp_ovl.bmp.ctxr,textures/flatlist/ovr_stm/ovr_jp/_win,taisa_gb_alp_ovl.bmp.ctxr,taisa_gb_alp_ovl.bmp,ctxr,24736,9e90a8513ddcf0e1835fab1e808dec9cae52b154
textures/flatlist/ovr_stm/ovr_jp/_win/taisa_mgs1_alp_ovl.bmp.ctxr,textures/flatlist/ovr_stm/ovr_jp/_win,taisa_mgs1_alp_ovl.bmp.ctxr,taisa_mgs1_alp_ovl.bmp,ctxr,13984,b3ada927ecd88fb2993c2f77ef52794d43038f9a
textures/flatlist/ovr_stm/ovr_jp/_win/taisa_msx_alp_ovl.bmp.ctxr,textures/flatlist/ovr_stm/ovr_jp/_win,taisa_msx_alp_ovl.bmp.ctxr,taisa_msx_alp_ovl.bmp,ctxr,6304,09b188c8d6eb44f0824dc854de7c0c4f67044a1c
textures/flatlist/ovr_stm/ovr_jp/_win/title_logo_blue_alp_ovl.bmp.ctxr,textures/flatlist/ovr_stm/ovr_jp/_win,title_logo_blue_alp_ovl.bmp.ctxr,title_logo_blue_alp_ovl.bmp,ctxr,11185312,c3bcfde128971e102369c158cd3dc96b16e68d50
textures/flatlist/ovr_stm/_win/00004ad1.ctxr,textures/flatlist/ovr_stm/_win,00004ad1.ctxr,00004ad1,ctxr,87744,4a2fe8ba6d9dbfc7087e0d168e235cb87fbdd0e3
textures/flatlist/ovr_stm/_win/0000c4dd.ctxr,textures/flatlist/ovr_stm/_win,0000c4dd.ctxr,0000c4dd,ctxr,175200,7084bb4c5e44ffa55692404bf8548c82a4560507
textures/flatlist/ovr_stm/_win/0000c4dd_d0bf2476e36b7e6db64e892154845abf.ctxr,textures/flatlist/ovr_stm/_win,0000c4dd_d0bf2476e36b7e6db64e892154845abf.ctxr,0000c4dd_d0bf2476e36b7e6db64e892154845abf,ctxr,175200,a909a81ea803cf57173527c65df24b05eae3151f
textures/flatlist/ovr_stm/_win/0000f06e.ctxr,textures/flatlist/ovr_stm/_win,0000f06e.ctxr,0000f06e,ctxr,349984,36cd9f046c03d312d7423e9026456de55b52b986
textures/flatlist/ovr_stm/_win/00012016.ctxr,textures/flatlist/ovr_stm/_win,00012016.ctxr,00012016,ctxr,349952,be97c5ec21fd4b21d2fe053b5e7ed2a4fe5fa6a9
textures/flatlist/ovr_stm/_win/00022016.ctxr,textures/flatlist/ovr_stm/_win,00022016.ctxr,00022016,ctxr,349952,2db4f71f8dd2e5df1b3435fd9ef93ee5d45d162b
textures/flatlist/ovr_stm/_win/00024ad1.ctxr,textures/flatlist/ovr_stm/_win,00024ad1.ctxr,00024ad1,ctxr,87744,1a3b2dd95f46187b4acdcc8c02f11896ae0d3748
textures/flatlist/ovr_stm/_win/0002936b.ctxr,textures/flatlist/ovr_stm/_win,0002936b.ctxr,0002936b,ctxr,175200,d0b7109ed77b3389395f85d23ea0fd2e01c29e26
textures/flatlist/ovr_stm/_win/0002cca2.ctxr,textures/flatlist/ovr_stm/_win,0002cca2.ctxr,0002cca2,ctxr,349952,fad971cb6c1570a2d3e71c0cb90440f18316ee6b
textures/flatlist/ovr_stm/_win/00032016.ctxr,textures/flatlist/ovr_stm/_win,00032016.ctxr,00032016,ctxr,349952,b969af230e54864d448c838e5ae05e63efe7fe88
textures/flatlist/ovr_stm/_win/000382c8.ctxr,textures/flatlist/ovr_stm/_win,000382c8.ctxr,000382c8,ctxr,175200,8e8124597a56ffc4cdad30c0425b95c698ee7438
textures/flatlist/ovr_stm/_win/000385a3.ctxr,textures/flatlist/ovr_stm/_win,000385a3.ctxr,000385a3,ctxr,699552,fab3c70ded0f6857112871f6f43a98f18871ad2b
textures/flatlist/ovr_stm/_win/0003c3de.ctxr,textures/flatlist/ovr_stm/_win,0003c3de.ctxr,0003c3de,ctxr,22176,c8942086c1b34d04ec139eb01a06440f540bac59
textures/flatlist/ovr_stm/_win/0003c3de_59747dd0818a4f3d78cd7938115b9093.ctxr,textures/flatlist/ovr_stm/_win,0003c3de_59747dd0818a4f3d78cd7938115b9093.ctxr,0003c3de_59747dd0818a4f3d78cd7938115b9093,ctxr,22176,1e1d9236301028939e062dd86d36994fa98e51a6
textures/flatlist/ovr_stm/_win/00042016.ctxr,textures/flatlist/ovr_stm/_win,00042016.ctxr,00042016,ctxr,349952,7ee1d0f93bbe9ecd81448a442da94f6076235397
textures/flatlist/ovr_stm/_win/000430f2.ctxr,textures/flatlist/ovr_stm/_win,000430f2.ctxr,000430f2,ctxr,699488,2f5b3fa5c005fc40800d9d5ba8a575404d1ee05c
textures/flatlist/ovr_stm/_win/00052016.ctxr,textures/flatlist/ovr_stm/_win,00052016.ctxr,00052016,ctxr,349952,0422b6a4c4c2d70ced83119b45029c951dd38d24
textures/flatlist/ovr_stm/_win/00058f79.ctxr,textures/flatlist/ovr_stm/_win,00058f79.ctxr,00058f79,ctxr,11185312,a19eccd34a16c5bb85226125add4756e0db23db7
textures/flatlist/ovr_stm/_win/00062016.ctxr,textures/flatlist/ovr_stm/_win,00062016.ctxr,00062016,ctxr,349952,3ddb25c5b5b4ecf049002592c0db4a50f1b5a6ea
textures/flatlist/ovr_stm/_win/00065bbe.ctxr,textures/flatlist/ovr_stm/_win,00065bbe.ctxr,00065bbe,ctxr,349984,a748aea191bfe82a598ce50c3620bbccdf68e6fa
textures/flatlist/ovr_stm/_win/00068f79.ctxr,textures/flatlist/ovr_stm/_win,00068f79.ctxr,00068f79,ctxr,5592864,6aefbae23cc632f1eeff9bfeedde821a1a07d98d
textures/flatlist/ovr_stm/_win/00072016.ctxr,textures/flatlist/ovr_stm/_win,00072016.ctxr,00072016,ctxr,349952,6bc68a6dc4df3c873efd21dfec998f38d932a512
textures/flatlist/ovr_stm/_win/00075bbe.ctxr,textures/flatlist/ovr_stm/_win,00075bbe.ctxr,00075bbe,ctxr,349984,eedd657046977d17d98b2077b830cf08c600043a
textures/flatlist/ovr_stm/_win/00078f79.ctxr,textures/flatlist/ovr_stm/_win,00078f79.ctxr,00078f79,ctxr,5592864,4035210cb1e216c5b9454b68fc4052ae5279669f
textures/flatlist/ovr_stm/_win/0007bc34.ctxr,textures/flatlist/ovr_stm/_win,0007bc34.ctxr,0007bc34,ctxr,5592896,707f3d35028fb79e2645da338ec2107a8fc5787e
textures/flatlist/ovr_stm/_win/00082016.ctxr,textures/flatlist/ovr_stm/_win,00082016.ctxr,00082016,ctxr,349952,db2433e076bc500c0b1d3d800a2930a271b4bccd
textures/flatlist/ovr_stm/_win/00085bbe.ctxr,textures/flatlist/ovr_stm/_win,00085bbe.ctxr,00085bbe,ctxr,349984,4c8fd6c2a33ed7adbe01a8b76918527a339959f8
textures/flatlist/ovr_stm/_win/00085d1e.ctxr,textures/flatlist/ovr_stm/_win,00085d1e.ctxr,00085d1e,ctxr,87776,b24a22984d14ec2c59a1a477a6a47cd23dff6b15
textures/flatlist/ovr_stm/_win/000897ee.ctxr,textures/flatlist/ovr_stm/_win,000897ee.ctxr,000897ee,ctxr,22370112,910c0e1d488f5f5a070bdadedbe2168cbdc78fc6
textures/flatlist/ovr_stm/_win/0008bc34.ctxr,textures/flatlist/ovr_stm/_win,0008bc34.ctxr,0008bc34,ctxr,699552,56fff804a714c29b4c933810f283ddb3ab1574f8
textures/flatlist/ovr_stm/_win/00096be0.ctxr,textures/flatlist/ovr_stm/_win,00096be0.ctxr,00096be0,ctxr,699552,94e9e271d342c467bc6816bcc49e2b6fe40f3c3c
textures/flatlist/ovr_stm/_win/0009bc34.ctxr,textures/flatlist/ovr_stm/_win,0009bc34.ctxr,0009bc34,ctxr,699552,83f5d9bcbc6af19e861669be604002f07aa01ec3
textures/flatlist/ovr_stm/_win/0009bc34_b930b4499997afc4e26e408ea169f9c7.ctxr,textures/flatlist/ovr_stm/_win,0009bc34_b930b4499997afc4e26e408ea169f9c7.ctxr,0009bc34_b930b4499997afc4e26e408ea169f9c7,ctxr,699552,6c95fc073bf62297c097fe3eaef12e39d55f0c9d
textures/flatlist/ovr_stm/_win/0009eb6f.ctxr,textures/flatlist/ovr_stm/_win,0009eb6f.ctxr,0009eb6f,ctxr,175200,fb2cba6f0ad00654e38e87825160ac46b1808636
textures/flatlist/ovr_stm/_win/0009f56f.ctxr,textures/flatlist/ovr_stm/_win,0009f56f.ctxr,0009f56f,ctxr,5592896,a64870ae02db67f9f4e5abf26c9bbdc61d99b380
textures/flatlist/ovr_stm/_win/0009f66f.ctxr,textures/flatlist/ovr_stm/_win,0009f66f.ctxr,0009f66f,ctxr,87776,f258083b2d6beb310b813eb4f540211d6a58ca20
textures/flatlist/ovr_stm/_win/000a8fc0.ctxr,textures/flatlist/ovr_stm/_win,000a8fc0.ctxr,000a8fc0,ctxr,5592864,77329d2bd68d487cf925c53feab31f74a0950424
textures/flatlist/ovr_stm/_win/000aa7de.ctxr,textures/flatlist/ovr_stm/_win,000aa7de.ctxr,000aa7de,ctxr,699520,6c2225ff7206de6e58b076bd7990eb2142e7968e
textures/flatlist/ovr_stm/_win/000b7011.ctxr,textures/flatlist/ovr_stm/_win,000b7011.ctxr,000b7011,ctxr,349984,ed5f0217aa3df02e721afeda2ef87e38bb49daa7
textures/flatlist/ovr_stm/_win/000c59bf.ctxr,textures/flatlist/ovr_stm/_win,000c59bf.ctxr,000c59bf,ctxr,699488,05b4339725747c04aaa54a5bc32fcc2a6de64c16
textures/flatlist/ovr_stm/_win/000cc716.ctxr,textures/flatlist/ovr_stm/_win,000cc716.ctxr,000cc716,ctxr,349984,6633d470f3393a2d4cc06f27f39c62ce6e935127
textures/flatlist/ovr_stm/_win/000ccd6b.ctxr,textures/flatlist/ovr_stm/_win,000ccd6b.ctxr,000ccd6b,ctxr,699552,fd26a146611747329b6e25ee6281cc7af2b69f2c
textures/flatlist/ovr_stm/_win/000e1a61.ctxr,textures/flatlist/ovr_stm/_win,000e1a61.ctxr,000e1a61,ctxr,699552,a2f1567140cc0e6ba4b61c947dc273edef2035b6
textures/flatlist/ovr_stm/_win/000ebe38.ctxr,textures/flatlist/ovr_stm/_win,000ebe38.ctxr,000ebe38,ctxr,1398560,b60bbdea41c6c42e5195112f4ec1d12341ca3073
textures/flatlist/ovr_stm/_win/000f0073.ctxr,textures/flatlist/ovr_stm/_win,000f0073.ctxr,000f0073,ctxr,699552,5b093acab3583a0d54d7c17bd0069b6225e5280f
textures/flatlist/ovr_stm/_win/000fe672.ctxr,textures/flatlist/ovr_stm/_win,000fe672.ctxr,000fe672,ctxr,5592864,5f61e26e5e2f077f57c62c2f65eb0bc5bdd679da
textures/flatlist/ovr_stm/_win/000fe6f2.ctxr,textures/flatlist/ovr_stm/_win,000fe6f2.ctxr,000fe6f2,ctxr,5592864,e29f4847c38b7e55d806de94b8564eddedb0ecde
textures/flatlist/ovr_stm/_win/000fe772.ctxr,textures/flatlist/ovr_stm/_win,000fe772.ctxr,000fe772,ctxr,5592864,276e2db21641027775c57bb6e78de1f3a9b3bec0
textures/flatlist/ovr_stm/_win/00100d1b.ctxr,textures/flatlist/ovr_stm/_win,00100d1b.ctxr,00100d1b,ctxr,349952,e0db2c693d833a046f8208252293313675a0ed59
textures/flatlist/ovr_stm/_win/001087b3.ctxr,textures/flatlist/ovr_stm/_win,001087b3.ctxr,001087b3,ctxr,22208,865ec12097c2820818e7d7388c47fd851801203f
textures/flatlist/ovr_stm/_win/0010e123.ctxr,textures/flatlist/ovr_stm/_win,0010e123.ctxr,0010e123,ctxr,175200,da256ec6d196932af7825ee0da3207fe93c3dd30
textures/flatlist/ovr_stm/_win/001187b3.ctxr,textures/flatlist/ovr_stm/_win,001187b3.ctxr,001187b3,ctxr,11264,00b0ef5d1998011075403e7a9c24e72ec859e7d5
textures/flatlist/ovr_stm/_win/0012e9ed.ctxr,textures/flatlist/ovr_stm/_win,0012e9ed.ctxr,0012e9ed,ctxr,175200,063b74be885c5aaf1be1c090f30556d83beae0da
textures/flatlist/ovr_stm/_win/0013486e.ctxr,textures/flatlist/ovr_stm/_win,0013486e.ctxr,0013486e,ctxr,699552,e4aafddc8a0d165d80c76efa9ce3668eb168f1e8
textures/flatlist/ovr_stm/_win/0013547f.ctxr,textures/flatlist/ovr_stm/_win,0013547f.ctxr,0013547f,ctxr,349984,85baa78b1e972ec239d0950d8589bb0c3c13ebfa
textures/flatlist/ovr_stm/_win/0014547f.ctxr,textures/flatlist/ovr_stm/_win,0014547f.ctxr,0014547f,ctxr,349984,84d03c722e91d151f8cd4e4f067b5440e3268ef3
textures/flatlist/ovr_stm/_win/001463f1.ctxr,textures/flatlist/ovr_stm/_win,001463f1.ctxr,001463f1,ctxr,350016,53081874707abc14c12afbdbce8d154f45fb5c63
textures/flatlist/ovr_stm/_win/0015547f.ctxr,textures/flatlist/ovr_stm/_win,0015547f.ctxr,0015547f,ctxr,349984,56598aff9b5d43cc7d9a0fbbea106e1e6ec5cf64
textures/flatlist/ovr_stm/_win/00158927.ctxr,textures/flatlist/ovr_stm/_win,00158927.ctxr,00158927,ctxr,699552,fa4c2505bdec0ecaaf922dae31a542e5af5a2280
textures/flatlist/ovr_stm/_win/0016852b.ctxr,textures/flatlist/ovr_stm/_win,0016852b.ctxr,0016852b,ctxr,87776,d166186509d837a8318b2d8d4879ac95fef650c1
textures/flatlist/ovr_stm/_win/0016bbf5.ctxr,textures/flatlist/ovr_stm/_win,0016bbf5.ctxr,0016bbf5,ctxr,349952,bfcd7c3c7936173e3fc09c0a6651846cd4a3cb6c
textures/flatlist/ovr_stm/_win/0017bbf5.ctxr,textures/flatlist/ovr_stm/_win,0017bbf5.ctxr,0017bbf5,ctxr,699488,3be9f619b5ffe1a90254f18f15b892f46cfe7522
textures/flatlist/ovr_stm/_win/001a8739.ctxr,textures/flatlist/ovr_stm/_win,001a8739.ctxr,001a8739,ctxr,1398560,279f8308a1cc6ca743025e0a83865933e5705fa6
textures/flatlist/ovr_stm/_win/001a8739_9b95ed97d41ce0c9da24766f77e0bf35.ctxr,textures/flatlist/ovr_stm/_win,001a8739_9b95ed97d41ce0c9da24766f77e0bf35.ctxr,001a8739_9b95ed97d41ce0c9da24766f77e0bf35,ctxr,1398560,4aad7f59ceaacd2689e1686c2e3acc587f8ca2d5
textures/flatlist/ovr_stm/_win/001bb358.ctxr,textures/flatlist/ovr_stm/_win,001bb358.ctxr,001bb358,ctxr,699552,22507271cc6230c093b849f5ad35b7dcb57c7956
textures/flatlist/ovr_stm/_win/001cd071.ctxr,textures/flatlist/ovr_stm/_win,001cd071.ctxr,001cd071,ctxr,44064,afb8b6abdae30cc70d3f7758f864de1b286fdd4d
textures/flatlist/ovr_stm/_win/001f2016.ctxr,textures/flatlist/ovr_stm/_win,001f2016.ctxr,001f2016,ctxr,349952,bf0086491f01440d4cec76fcc8f2dbb7d2910df9
textures/flatlist/ovr_stm/_win/00202016.ctxr,textures/flatlist/ovr_stm/_win,00202016.ctxr,00202016,ctxr,349952,f68405fa043804bd6c5f3a2385c1c6d62773aae5
textures/flatlist/ovr_stm/_win/00207af5.ctxr,textures/flatlist/ovr_stm/_win,00207af5.ctxr,00207af5,ctxr,349984,a577d85769d39dae22e9efbc4d9b1daef892498f
textures/flatlist/ovr_stm/_win/0020c7c1.ctxr,textures/flatlist/ovr_stm/_win,0020c7c1.ctxr,0020c7c1,ctxr,349984,0bd6e9dd1c7981f64b0873310036f33ff47aec28
textures/flatlist/ovr_stm/_win/0020e3c2.ctxr,textures/flatlist/ovr_stm/_win,0020e3c2.ctxr,0020e3c2,ctxr,175200,e7c2b73a31b42b8f097d20ad18279ab89cc9bc93
textures/flatlist/ovr_stm/_win/0020fb52.ctxr,textures/flatlist/ovr_stm/_win,0020fb52.ctxr,0020fb52,ctxr,349984,137babb3efb9523010f2170d5066bd5024adcb4c
textures/flatlist/ovr_stm/_win/00212016.ctxr,textures/flatlist/ovr_stm/_win,00212016.ctxr,00212016,ctxr,349952,ba771ac896a582de43bba0d007df9e8fc745b4db
textures/flatlist/ovr_stm/_win/0021e3c2.ctxr,textures/flatlist/ovr_stm/_win,0021e3c2.ctxr,0021e3c2,ctxr,175200,1c30aecc6ef9060f1a08474cda9046207f280cdf
textures/flatlist/ovr_stm/_win/00222016.ctxr,textures/flatlist/ovr_stm/_win,00222016.ctxr,00222016,ctxr,349952,c7d60ab8c34205708218b5b20bae658a5fa57412
textures/flatlist/ovr_stm/_win/0022e3c2.ctxr,textures/flatlist/ovr_stm/_win,0022e3c2.ctxr,0022e3c2,ctxr,175200,88e18851be83f2d5d99b7be0bc52d2be831a632d
textures/flatlist/ovr_stm/_win/00232016.ctxr,textures/flatlist/ovr_stm/_win,00232016.ctxr,00232016,ctxr,349952,9af3c68317ba8317dc7b8faff943426082b77cf6
textures/flatlist/ovr_stm/_win/00232162.ctxr,textures/flatlist/ovr_stm/_win,00232162.ctxr,00232162,ctxr,2796672,fb3861282845c1e043fc84f157ba549d04d5c88d
textures/flatlist/ovr_stm/_win/002387da.ctxr,textures/flatlist/ovr_stm/_win,002387da.ctxr,002387da,ctxr,349920,850d2f170123cbe25d2b72ef88b7b806feee633c
textures/flatlist/ovr_stm/_win/00238df3.ctxr,textures/flatlist/ovr_stm/_win,00238df3.ctxr,00238df3,ctxr,349920,cd8df331e44c8bbc11a2aca2181610123dcf4125
textures/flatlist/ovr_stm/_win/0023ace3.ctxr,textures/flatlist/ovr_stm/_win,0023ace3.ctxr,0023ace3,ctxr,349984,c7d21c99d3771eb174a34c80a5749f980b8497a0
textures/flatlist/ovr_stm/_win/00242016.ctxr,textures/flatlist/ovr_stm/_win,00242016.ctxr,00242016,ctxr,349952,aa91893c15dc7f11aca4f28d5e415e5e1f788896
textures/flatlist/ovr_stm/_win/00248df3.ctxr,textures/flatlist/ovr_stm/_win,00248df3.ctxr,00248df3,ctxr,349920,dbf91d5dad18c0d44b5ff2876ef392ab448ef3b2
textures/flatlist/ovr_stm/_win/002515dc.ctxr,textures/flatlist/ovr_stm/_win,002515dc.ctxr,002515dc,ctxr,349984,f4a3c774ca85c36a352c0e8f6ddc32795754b76d
textures/flatlist/ovr_stm/_win/00252016.ctxr,textures/flatlist/ovr_stm/_win,00252016.ctxr,00252016,ctxr,349952,9225bc7ddd0eb1e1c142a8335f0b7d317a00146a
textures/flatlist/ovr_stm/_win/00253181.ctxr,textures/flatlist/ovr_stm/_win,00253181.ctxr,00253181,ctxr,175168,3623447e28b3c5f90964526b04355f378c88ec3b
textures/flatlist/ovr_stm/_win/00262016.ctxr,textures/flatlist/ovr_stm/_win,00262016.ctxr,00262016,ctxr,349952,329125a990b2fa5018674f8bc5f7aba25a2052e7
textures/flatlist/ovr_stm/_win/00265522.ctxr,textures/flatlist/ovr_stm/_win,00265522.ctxr,00265522,ctxr,87776,44745f15b3f15ec28602276846c0aed56189b12f
textures/flatlist/ovr_stm/_win/0026f2fc.ctxr,textures/flatlist/ovr_stm/_win,0026f2fc.ctxr,0026f2fc,ctxr,699552,86f2154b1bb51fbe9359f79f28dc3212c65632cb
textures/flatlist/ovr_stm/_win/00272016.ctxr,textures/flatlist/ovr_stm/_win,00272016.ctxr,00272016,ctxr,349952,dd4b4ad801620f8eee96102da49cd3336cee8e08
textures/flatlist/ovr_stm/_win/00273921.ctxr,textures/flatlist/ovr_stm/_win,00273921.ctxr,00273921,ctxr,699552,9c7974a029ebdc497e300aeb37b7a3e4b928971d
textures/flatlist/ovr_stm/_win/0027ccec.ctxr,textures/flatlist/ovr_stm/_win,0027ccec.ctxr,0027ccec,ctxr,349920,e6257d134ad8a1309df305360f1c0e81c761760e
textures/flatlist/ovr_stm/_win/002be6b0.ctxr,textures/flatlist/ovr_stm/_win,002be6b0.ctxr,002be6b0,ctxr,699552,36aea5f0940e5ebef54c72f19573c52e8e70e835
textures/flatlist/ovr_stm/_win/002c9415.ctxr,textures/flatlist/ovr_stm/_win,002c9415.ctxr,002c9415,ctxr,699488,73411449e4bcc9d448cfb77d22c69c6c755be831
textures/flatlist/ovr_stm/_win/002ca269.ctxr,textures/flatlist/ovr_stm/_win,002ca269.ctxr,002ca269,ctxr,175200,660422e29791ad3c58a57ecaebf6d805d1008402
textures/flatlist/ovr_stm/_win/002ca269_3ad823d6b15d2e0656bc022f9ae4d1ed.ctxr,textures/flatlist/ovr_stm/_win,002ca269_3ad823d6b15d2e0656bc022f9ae4d1ed.ctxr,002ca269_3ad823d6b15d2e0656bc022f9ae4d1ed,ctxr,175200,c53a42d2eb63edbed27566718bfc03e6e3e73443
textures/flatlist/ovr_stm/_win/002ceb42.ctxr,textures/flatlist/ovr_stm/_win,002ceb42.ctxr,002ceb42,ctxr,1398528,b63c2006a39a2360a94b2c6b10847218d87c1a39
textures/flatlist/ovr_stm/_win/002d83df.ctxr,textures/flatlist/ovr_stm/_win,002d83df.ctxr,002d83df,ctxr,699488,18fea4f307f6b15a441fba325fd998e211f99551
textures/flatlist/ovr_stm/_win/002d83df_d6d6e25cebf411fbdc10afdc75e6c763.ctxr,textures/flatlist/ovr_stm/_win,002d83df_d6d6e25cebf411fbdc10afdc75e6c763.ctxr,002d83df_d6d6e25cebf411fbdc10afdc75e6c763,ctxr,699488,f7c8287b6188c16232fffce37b32a5b3b2aefbef
textures/flatlist/ovr_stm/_win/002d83e0.ctxr,textures/flatlist/ovr_stm/_win,002d83e0.ctxr,002d83e0,ctxr,699520,97976d634f5ca63a47d0905a0497c6d27262f22c
textures/flatlist/ovr_stm/_win/002d83e0_fe14aedf8aead9e025a71608da78f12d.ctxr,textures/flatlist/ovr_stm/_win,002d83e0_fe14aedf8aead9e025a71608da78f12d.ctxr,002d83e0_fe14aedf8aead9e025a71608da78f12d,ctxr,699520,71fffe37514250e16ef86047192df280105f0c81
textures/flatlist/ovr_stm/_win/002d83e1.ctxr,textures/flatlist/ovr_stm/_win,002d83e1.ctxr,002d83e1,ctxr,44096,6303e46d04132b5ae4154867403bbcd6daeab483
textures/flatlist/ovr_stm/_win/002d83e2.ctxr,textures/flatlist/ovr_stm/_win,002d83e2.ctxr,002d83e2,ctxr,44096,80d0ebe7bd6d234b1aec8daf8b408ecef1772ab4
textures/flatlist/ovr_stm/_win/002d83e3.ctxr,textures/flatlist/ovr_stm/_win,002d83e3.ctxr,002d83e3,ctxr,5760,7d06c2bdfc9d85f55acf4abc7de0bada0b14a536
textures/flatlist/ovr_stm/_win/002d83e4.ctxr,textures/flatlist/ovr_stm/_win,002d83e4.ctxr,002d83e4,ctxr,5760,d2c064bcb5652256c727862d04ffec510db77115
textures/flatlist/ovr_stm/_win/002d83e5.ctxr,textures/flatlist/ovr_stm/_win,002d83e5.ctxr,002d83e5,ctxr,44096,9770051670a5d6ff59777350f8f7d1873712e773
textures/flatlist/ovr_stm/_win/002db10a.ctxr,textures/flatlist/ovr_stm/_win,002db10a.ctxr,002db10a,ctxr,22370112,a5173c72d9a9ea5a8ccc1b46093aca68fcacaeac
textures/flatlist/ovr_stm/_win/002e7dde.ctxr,textures/flatlist/ovr_stm/_win,002e7dde.ctxr,002e7dde,ctxr,44096,2d9988eddff92daebae4c35d2887a647fc11b95e
textures/flatlist/ovr_stm/_win/002e7ddf.ctxr,textures/flatlist/ovr_stm/_win,002e7ddf.ctxr,002e7ddf,ctxr,44096,926714bbbe31c6e5ff84d63a3ec7ef39bbfad8e8
textures/flatlist/ovr_stm/_win/002e7de0.ctxr,textures/flatlist/ovr_stm/_win,002e7de0.ctxr,002e7de0,ctxr,175168,5df930725a5f6ef92385e255cca615fe996a8577
textures/flatlist/ovr_stm/_win/002e7de3.ctxr,textures/flatlist/ovr_stm/_win,002e7de3.ctxr,002e7de3,ctxr,22176,9104d6178a586701d10b5d0a01547e28892b807b
textures/flatlist/ovr_stm/_win/002e7de4.ctxr,textures/flatlist/ovr_stm/_win,002e7de4.ctxr,002e7de4,ctxr,22176,a078df94be51e830ac16257d97b5df5bf8032fc0
textures/flatlist/ovr_stm/_win/002e7de5.ctxr,textures/flatlist/ovr_stm/_win,002e7de5.ctxr,002e7de5,ctxr,87776,bebaca3dc7f3ea21bbc52b3357d32d62c574e589
textures/flatlist/ovr_stm/_win/002e7dff.ctxr,textures/flatlist/ovr_stm/_win,002e7dff.ctxr,002e7dff,ctxr,5760,b9df4a402360df58b1e17371203c4cbdcf76ecc3
textures/flatlist/ovr_stm/_win/002e8486.ctxr,textures/flatlist/ovr_stm/_win,002e8486.ctxr,002e8486,ctxr,349984,b09b570998c184c83bda6deaf3fb736ea6c49b2b
textures/flatlist/ovr_stm/_win/002eb6f9.ctxr,textures/flatlist/ovr_stm/_win,002eb6f9.ctxr,002eb6f9,ctxr,699552,0215c7b0c071c9b8604f4ee042c238795bee0e38
textures/flatlist/ovr_stm/_win/002ee672.ctxr,textures/flatlist/ovr_stm/_win,002ee672.ctxr,002ee672,ctxr,5592864,e3bf904cd97c9be8a7d59bb075667313bfab867f
textures/flatlist/ovr_stm/_win/002ee6f2.ctxr,textures/flatlist/ovr_stm/_win,002ee6f2.ctxr,002ee6f2,ctxr,5592864,8cddf380ab360fc8c55bec00f4791e75ed5e356a
textures/flatlist/ovr_stm/_win/002ee772.ctxr,textures/flatlist/ovr_stm/_win,002ee772.ctxr,002ee772,ctxr,5592864,35567f143d56960d67552ff4c74822ac45531330
textures/flatlist/ovr_stm/_win/002f0bd0.ctxr,textures/flatlist/ovr_stm/_win,002f0bd0.ctxr,002f0bd0,ctxr,87744,c259d06200afdcc5946c899ff4b09a8954d86365
textures/flatlist/ovr_stm/_win/002f1bd0.ctxr,textures/flatlist/ovr_stm/_win,002f1bd0.ctxr,002f1bd0,ctxr,87744,02943c0e0b621a8f98cc354a6f1d2ed4b3f96407
textures/flatlist/ovr_stm/_win/002f2bd0.ctxr,textures/flatlist/ovr_stm/_win,002f2bd0.ctxr,002f2bd0,ctxr,87744,f3e1e69ed815bc911710379567f9dee6325f7d99
textures/flatlist/ovr_stm/_win/002f3bd0.ctxr,textures/flatlist/ovr_stm/_win,002f3bd0.ctxr,002f3bd0,ctxr,87744,21032b82f97200634e982a9d7423dfe51c05fc8d
textures/flatlist/ovr_stm/_win/002f4bd0.ctxr,textures/flatlist/ovr_stm/_win,002f4bd0.ctxr,002f4bd0,ctxr,87744,3676ca48e39b99bfbd299a9d14093f45ce252060
textures/flatlist/ovr_stm/_win/002f5bd0.ctxr,textures/flatlist/ovr_stm/_win,002f5bd0.ctxr,002f5bd0,ctxr,87744,ee92b14c816aeaa1672e420bf2dcafdc53657ff1
textures/flatlist/ovr_stm/_win/002f6bd0.ctxr,textures/flatlist/ovr_stm/_win,002f6bd0.ctxr,002f6bd0,ctxr,87744,fed43899e4d6fc2382842ec7ed23c40fbdeb3cae
textures/flatlist/ovr_stm/_win/002f7bd0.ctxr,textures/flatlist/ovr_stm/_win,002f7bd0.ctxr,002f7bd0,ctxr,87744,163ee96fd476de1dc6c54600ca02f8b4f909836f
textures/flatlist/ovr_stm/_win/002f8bd0.ctxr,textures/flatlist/ovr_stm/_win,002f8bd0.ctxr,002f8bd0,ctxr,87744,9e24d9604bccd9eb48655d95a601f3c2026d24ea
textures/flatlist/ovr_stm/_win/002fc581.ctxr,textures/flatlist/ovr_stm/_win,002fc581.ctxr,002fc581,ctxr,22176,3e725259630388a2415dee12ae24572cf33592e7
textures/flatlist/ovr_stm/_win/00304ad1.ctxr,textures/flatlist/ovr_stm/_win,00304ad1.ctxr,00304ad1,ctxr,87744,b71b704c296df908a355e982b8a98e3679f2785f
textures/flatlist/ovr_stm/_win/00304bad.ctxr,textures/flatlist/ovr_stm/_win,00304bad.ctxr,00304bad,ctxr,349952,c7ad9e7c764932e594d79331cd9a773451642bf8
textures/flatlist/ovr_stm/_win/0030e529.ctxr,textures/flatlist/ovr_stm/_win,0030e529.ctxr,0030e529,ctxr,44064,280c140e45c7225d3af4e3e2b26d4068e89fbe53
textures/flatlist/ovr_stm/_win/0030f164.ctxr,textures/flatlist/ovr_stm/_win,0030f164.ctxr,0030f164,ctxr,349984,82f152195bb55fc871e3d6ba04485725ae8f3ac5
textures/flatlist/ovr_stm/_win/0030fbd0.ctxr,textures/flatlist/ovr_stm/_win,0030fbd0.ctxr,0030fbd0,ctxr,87744,0b0afb83f5247379faeef7dde3ac89198f719754
textures/flatlist/ovr_stm/_win/00310ae2.ctxr,textures/flatlist/ovr_stm/_win,00310ae2.ctxr,00310ae2,ctxr,175200,376e2291de130089e447cb560e9a18e60e81d95f
textures/flatlist/ovr_stm/_win/00310bd0.ctxr,textures/flatlist/ovr_stm/_win,00310bd0.ctxr,00310bd0,ctxr,87744,710a1f10afe2efaef803a5881424f8236a2377bc
textures/flatlist/ovr_stm/_win/00311bd0.ctxr,textures/flatlist/ovr_stm/_win,00311bd0.ctxr,00311bd0,ctxr,87744,07bde0b763d805d077cbcb7829b11323b9546dc1
textures/flatlist/ovr_stm/_win/00312bd0.ctxr,textures/flatlist/ovr_stm/_win,00312bd0.ctxr,00312bd0,ctxr,87744,c09c2380bc2000ff46a606fd5bb300c66efd7a9e
textures/flatlist/ovr_stm/_win/00313bd0.ctxr,textures/flatlist/ovr_stm/_win,00313bd0.ctxr,00313bd0,ctxr,87744,0e16b7d38f993ac22f876f7b479b91fdcb28c3be
textures/flatlist/ovr_stm/_win/00314bd0.ctxr,textures/flatlist/ovr_stm/_win,00314bd0.ctxr,00314bd0,ctxr,87744,5f4096e13754dca7e63fb96b28f1cb004d0342a4
textures/flatlist/ovr_stm/_win/003155d8.ctxr,textures/flatlist/ovr_stm/_win,003155d8.ctxr,003155d8,ctxr,349920,9d2bcdde9a051088f3c58fc2c014c3f6bd5b1a76
textures/flatlist/ovr_stm/_win/00315bd0.ctxr,textures/flatlist/ovr_stm/_win,00315bd0.ctxr,00315bd0,ctxr,175168,0a31b102405284524b625bd27f19fdf389330a53
textures/flatlist/ovr_stm/_win/00316bd0.ctxr,textures/flatlist/ovr_stm/_win,00316bd0.ctxr,00316bd0,ctxr,87744,fd9185f0845763a73ae3410a5bc3f271c8ca1110
textures/flatlist/ovr_stm/_win/00317bd0.ctxr,textures/flatlist/ovr_stm/_win,00317bd0.ctxr,00317bd0,ctxr,87744,9f3b5acb01866f20469edc9a8afee49ff8b2ca84
textures/flatlist/ovr_stm/_win/00318bd0.ctxr,textures/flatlist/ovr_stm/_win,00318bd0.ctxr,00318bd0,ctxr,87744,ce100e9ff72faade8e3859cf1dcb31ad481a5f9f
textures/flatlist/ovr_stm/_win/0031ead8.ctxr,textures/flatlist/ovr_stm/_win,0031ead8.ctxr,0031ead8,ctxr,87744,45c7951f544960c9e289914e1725ed86a4b6e2a2
textures/flatlist/ovr_stm/_win/00324ad1.ctxr,textures/flatlist/ovr_stm/_win,00324ad1.ctxr,00324ad1,ctxr,87744,30739d3b42fe7338c3261c2b253d31517de2b225
textures/flatlist/ovr_stm/_win/0032ead8.ctxr,textures/flatlist/ovr_stm/_win,0032ead8.ctxr,0032ead8,ctxr,87744,621430b6c5b5dc0944ac1fc3e1cf8e868e64f3ce
textures/flatlist/ovr_stm/_win/0032fbd0.ctxr,textures/flatlist/ovr_stm/_win,0032fbd0.ctxr,0032fbd0,ctxr,87744,222259b30b4f6aa18b534b66ebccde097fb0c2ba
textures/flatlist/ovr_stm/_win/00330bd0.ctxr,textures/flatlist/ovr_stm/_win,00330bd0.ctxr,00330bd0,ctxr,87744,c0e9831a835be6f0ab839aa2c3e992b57bdebfdb
textures/flatlist/ovr_stm/_win/00331bd0.ctxr,textures/flatlist/ovr_stm/_win,00331bd0.ctxr,00331bd0,ctxr,87744,d810e79adf97bfae275263bb2e4d002df68f83f4
textures/flatlist/ovr_stm/_win/00332bd0.ctxr,textures/flatlist/ovr_stm/_win,00332bd0.ctxr,00332bd0,ctxr,87744,07917d5200b6e4bb89eaf13f1615cb9817673354
textures/flatlist/ovr_stm/_win/00333bd0.ctxr,textures/flatlist/ovr_stm/_win,00333bd0.ctxr,00333bd0,ctxr,87744,956c4629788beb1bba264d2a3436405ab333ffc4
textures/flatlist/ovr_stm/_win/00334bd0.ctxr,textures/flatlist/ovr_stm/_win,00334bd0.ctxr,00334bd0,ctxr,87744,931c09faaaf3ea0462573d422f589eae9439e948
textures/flatlist/ovr_stm/_win/00335bd0.ctxr,textures/flatlist/ovr_stm/_win,00335bd0.ctxr,00335bd0,ctxr,87744,532ad86f88c0ee298c912e679a88e526b3efcf32
textures/flatlist/ovr_stm/_win/00336bd0.ctxr,textures/flatlist/ovr_stm/_win,00336bd0.ctxr,00336bd0,ctxr,87744,6b4a85e64177c6737f8370fdb92ede5233365050
textures/flatlist/ovr_stm/_win/00337bd0.ctxr,textures/flatlist/ovr_stm/_win,00337bd0.ctxr,00337bd0,ctxr,87744,5f14fde0608b427208ca2013748a9d64d786c3d7
textures/flatlist/ovr_stm/_win/00338bd0.ctxr,textures/flatlist/ovr_stm/_win,00338bd0.ctxr,00338bd0,ctxr,87744,f1719998a2dfe7bd6e1593131984e737c78b7cf6
textures/flatlist/ovr_stm/_win/00344ad1.ctxr,textures/flatlist/ovr_stm/_win,00344ad1.ctxr,00344ad1,ctxr,87744,61c3277ed63951e1d246d9d477f1b3eec27171aa
textures/flatlist/ovr_stm/_win/0034852b.ctxr,textures/flatlist/ovr_stm/_win,0034852b.ctxr,0034852b,ctxr,87776,9ec63109212d8d451fbaceb4c83cd53ee5881e90
textures/flatlist/ovr_stm/_win/0034fbd0.ctxr,textures/flatlist/ovr_stm/_win,0034fbd0.ctxr,0034fbd0,ctxr,87744,1fd131e4678a3b6ac1777fc660f6ba5f307fcec8
textures/flatlist/ovr_stm/_win/00350bd0.ctxr,textures/flatlist/ovr_stm/_win,00350bd0.ctxr,00350bd0,ctxr,87744,9e8a226ca5ee0740b7b2a8f2ae4096b2627dbac3
textures/flatlist/ovr_stm/_win/00351bd0.ctxr,textures/flatlist/ovr_stm/_win,00351bd0.ctxr,00351bd0,ctxr,87744,ff08f1b62e6510fde1b75752505a0d88f9ec2dd5
textures/flatlist/ovr_stm/_win/00352bd0.ctxr,textures/flatlist/ovr_stm/_win,00352bd0.ctxr,00352bd0,ctxr,87744,62d7da8082354dd89fa47243a5f6d810786e69d6
textures/flatlist/ovr_stm/_win/00353bd0.ctxr,textures/flatlist/ovr_stm/_win,00353bd0.ctxr,00353bd0,ctxr,87744,e237af2f2779b6dfafa111f9ff25cfcca36efc26
textures/flatlist/ovr_stm/_win/00354bd0.ctxr,textures/flatlist/ovr_stm/_win,00354bd0.ctxr,00354bd0,ctxr,87744,0c456418e34f69b86c74e7da7e500ecfe1bf2101
textures/flatlist/ovr_stm/_win/00355bd0.ctxr,textures/flatlist/ovr_stm/_win,00355bd0.ctxr,00355bd0,ctxr,87744,545b800acd5e805df2629215e153218a80ce8098
textures/flatlist/ovr_stm/_win/00356bd0.ctxr,textures/flatlist/ovr_stm/_win,00356bd0.ctxr,00356bd0,ctxr,87744,5741de89a5718ab168af091fb47d0f5fff2ae941
textures/flatlist/ovr_stm/_win/00357bd0.ctxr,textures/flatlist/ovr_stm/_win,00357bd0.ctxr,00357bd0,ctxr,87744,5af1839a6b6310191ba1d8aa371f7e60864036a2
textures/flatlist/ovr_stm/_win/003587ad.ctxr,textures/flatlist/ovr_stm/_win,003587ad.ctxr,003587ad,ctxr,349920,2bbbba68e67f229979a5b8312c10bd78dd130e83
textures/flatlist/ovr_stm/_win/00358bd0.ctxr,textures/flatlist/ovr_stm/_win,00358bd0.ctxr,00358bd0,ctxr,87744,3fa54e909f5e377ae84c559942ea8c4922e6b495
textures/flatlist/ovr_stm/_win/00364ad1.ctxr,textures/flatlist/ovr_stm/_win,00364ad1.ctxr,00364ad1,ctxr,87744,88882e2900e463aa8085f13f0d23d0ace2e980d7
textures/flatlist/ovr_stm/_win/00367807.ctxr,textures/flatlist/ovr_stm/_win,00367807.ctxr,00367807,ctxr,87808,72dfa71a643721b32b14d05f0bd9a8df0116ada9
textures/flatlist/ovr_stm/_win/0036ea81.ctxr,textures/flatlist/ovr_stm/_win,0036ea81.ctxr,0036ea81,ctxr,699520,69a77f371128d5abe4e56d9700845c3dd7cf5b13
textures/flatlist/ovr_stm/_win/0036fbd0.ctxr,textures/flatlist/ovr_stm/_win,0036fbd0.ctxr,0036fbd0,ctxr,87744,f8ef034b4a6715d352acd42bd0cf2b0a51e92ac9
textures/flatlist/ovr_stm/_win/00370bd0.ctxr,textures/flatlist/ovr_stm/_win,00370bd0.ctxr,00370bd0,ctxr,87744,4b77de5c5a1d97450473777f3add09875d223061
textures/flatlist/ovr_stm/_win/00371bd0.ctxr,textures/flatlist/ovr_stm/_win,00371bd0.ctxr,00371bd0,ctxr,87744,d9fddd19ceb012b86968fc0118414d30455c68ef
textures/flatlist/ovr_stm/_win/00372bd0.ctxr,textures/flatlist/ovr_stm/_win,00372bd0.ctxr,00372bd0,ctxr,87744,37c6a3c468280aa7b9a522f83c807382e31838b8
textures/flatlist/ovr_stm/_win/00373bd0.ctxr,textures/flatlist/ovr_stm/_win,00373bd0.ctxr,00373bd0,ctxr,87744,2498477e46e9f62631afb4dbb01127bfedf44d64
textures/flatlist/ovr_stm/_win/00374bd0.ctxr,textures/flatlist/ovr_stm/_win,00374bd0.ctxr,00374bd0,ctxr,87744,08ac732652a8be3dd589736c43649ecdb2cf5bf9
textures/flatlist/ovr_stm/_win/0037502a.ctxr,textures/flatlist/ovr_stm/_win,0037502a.ctxr,0037502a,ctxr,349984,933ce0befbe4f30370296c43dfa4af8c0d35d5af
textures/flatlist/ovr_stm/_win/0037513a.ctxr,textures/flatlist/ovr_stm/_win,0037513a.ctxr,0037513a,ctxr,349984,c9f1f05ec27ab9bb9b64c1e2e8d3961b3141d76c
textures/flatlist/ovr_stm/_win/00375bd0.ctxr,textures/flatlist/ovr_stm/_win,00375bd0.ctxr,00375bd0,ctxr,87744,4da4ab796aad4895c9ca95da32d31a81ef4654e2
textures/flatlist/ovr_stm/_win/00376bd0.ctxr,textures/flatlist/ovr_stm/_win,00376bd0.ctxr,00376bd0,ctxr,349952,12bd189b8b8c7e052d56ea85f41898d15a6693fc
textures/flatlist/ovr_stm/_win/00380922.ctxr,textures/flatlist/ovr_stm/_win,00380922.ctxr,00380922,ctxr,11185312,9056fe35b308299bcf0954272c6d3eae039e97f6
textures/flatlist/ovr_stm/_win/00384ad1.ctxr,textures/flatlist/ovr_stm/_win,00384ad1.ctxr,00384ad1,ctxr,87744,338965980e5022224041b4eeb6695413537c3f38
textures/flatlist/ovr_stm/_win/0038e7a7.ctxr,textures/flatlist/ovr_stm/_win,0038e7a7.ctxr,0038e7a7,ctxr,5592928,65e8a11b6c229ba4370cfed0894150eaf767b1d1
textures/flatlist/ovr_stm/_win/0038f08e.ctxr,textures/flatlist/ovr_stm/_win,0038f08e.ctxr,0038f08e,ctxr,175200,e8e4c80b58c3ad4b12d9d49a35afa0a858108e10
textures/flatlist/ovr_stm/_win/0038f2a7.ctxr,textures/flatlist/ovr_stm/_win,0038f2a7.ctxr,0038f2a7,ctxr,5592928,215b274a1f8eebf177e809e46e6b7fbfa3501960
textures/flatlist/ovr_stm/_win/0038f2a7_09a2e59f677ae755c7156ae89bea86a9.ctxr,textures/flatlist/ovr_stm/_win,0038f2a7_09a2e59f677ae755c7156ae89bea86a9.ctxr,0038f2a7_09a2e59f677ae755c7156ae89bea86a9,ctxr,5592928,6dfab763043360a67ada6cc0710c6ebe839fe16c
textures/flatlist/ovr_stm/_win/0038f2a7_506b55e6b21d5eaec73ca5aa5ffb9a36.ctxr,textures/flatlist/ovr_stm/_win,0038f2a7_506b55e6b21d5eaec73ca5aa5ffb9a36.ctxr,0038f2a7_506b55e6b21d5eaec73ca5aa5ffb9a36,ctxr,5592928,5c5785be78d7f2ba7682dab6ebd6beda2584defd
textures/flatlist/ovr_stm/_win/0038f2a7_be3ef19531b3a85625ef614280f2874c.ctxr,textures/flatlist/ovr_stm/_win,0038f2a7_be3ef19531b3a85625ef614280f2874c.ctxr,0038f2a7_be3ef19531b3a85625ef614280f2874c,ctxr,5592928,9bf418b47a7827aafd8c13d7566beffaf50b383a
textures/flatlist/ovr_stm/_win/003954fa.ctxr,textures/flatlist/ovr_stm/_win,003954fa.ctxr,003954fa,ctxr,87776,acdfc303cae138fbe560e7911971c53e02e23eab
textures/flatlist/ovr_stm/_win/003997fd.ctxr,textures/flatlist/ovr_stm/_win,003997fd.ctxr,003997fd,ctxr,175200,d02b9573f4b8baade33aaa7ed4722da2816cc9d4
textures/flatlist/ovr_stm/_win/003997fd_58fcdefef3f7eda79d7e4a9f65f040ed.ctxr,textures/flatlist/ovr_stm/_win,003997fd_58fcdefef3f7eda79d7e4a9f65f040ed.ctxr,003997fd_58fcdefef3f7eda79d7e4a9f65f040ed,ctxr,699552,f1e218aeeeaec270827e6c34878dd065849f3d6a
textures/flatlist/ovr_stm/_win/0039af8a.ctxr,textures/flatlist/ovr_stm/_win,0039af8a.ctxr,0039af8a,ctxr,22176,bb846b749f0e031255a2e574f026ef6036b7b7a1
textures/flatlist/ovr_stm/_win/003a4ad1.ctxr,textures/flatlist/ovr_stm/_win,003a4ad1.ctxr,003a4ad1,ctxr,87744,1e2b26e0e15830fd6ca5dc417be6915ee596dece
textures/flatlist/ovr_stm/_win/003a8d29.ctxr,textures/flatlist/ovr_stm/_win,003a8d29.ctxr,003a8d29,ctxr,349984,135b23405ed592a5bcaf91ce4d963db08b875b41
textures/flatlist/ovr_stm/_win/003aa501.ctxr,textures/flatlist/ovr_stm/_win,003aa501.ctxr,003aa501,ctxr,699488,a1eb404ac7574bc1a20b2afa37922a32eb02f4cf
textures/flatlist/ovr_stm/_win/003c4ad1.ctxr,textures/flatlist/ovr_stm/_win,003c4ad1.ctxr,003c4ad1,ctxr,175168,3e24df00449f77c20ec261f1636c9b7355337833
textures/flatlist/ovr_stm/_win/003c8502.ctxr,textures/flatlist/ovr_stm/_win,003c8502.ctxr,003c8502,ctxr,87744,523dc87cfe6ce0f86726508975d8054438a504dc
textures/flatlist/ovr_stm/_win/003d8502.ctxr,textures/flatlist/ovr_stm/_win,003d8502.ctxr,003d8502,ctxr,87744,c668b744b1a57ad1576aae89c7cf5e0e23dbf782
textures/flatlist/ovr_stm/_win/003e4ad1.ctxr,textures/flatlist/ovr_stm/_win,003e4ad1.ctxr,003e4ad1,ctxr,87744,73a6ed13761c2028e5bb1590cd9b5ec633c14155
textures/flatlist/ovr_stm/_win/003e8502.ctxr,textures/flatlist/ovr_stm/_win,003e8502.ctxr,003e8502,ctxr,87744,c3a706421fca8539bc57d8ae0ce5c72dc6736c5e
textures/flatlist/ovr_stm/_win/003e9364.ctxr,textures/flatlist/ovr_stm/_win,003e9364.ctxr,003e9364,ctxr,349984,316704b3cfaf45c9400483b5467d0ed41080adc0
textures/flatlist/ovr_stm/_win/003f8502.ctxr,textures/flatlist/ovr_stm/_win,003f8502.ctxr,003f8502,ctxr,87776,a9cfca74c6b4079554cd2a833d439758a2f8e06d
textures/flatlist/ovr_stm/_win/003fc7c9.ctxr,textures/flatlist/ovr_stm/_win,003fc7c9.ctxr,003fc7c9,ctxr,175232,6b7f48a84ef0fe3e0b3abcfadf9f95799fbb1b7c
textures/flatlist/ovr_stm/_win/00404ad1.ctxr,textures/flatlist/ovr_stm/_win,00404ad1.ctxr,00404ad1,ctxr,87744,6a5ba51e19ae2a33d26c177c08e7d3f5fff0961e
textures/flatlist/ovr_stm/_win/00408502.ctxr,textures/flatlist/ovr_stm/_win,00408502.ctxr,00408502,ctxr,44064,200cd8398229721c7df401e6e3f7d227097261ac
textures/flatlist/ovr_stm/_win/0040cd15.ctxr,textures/flatlist/ovr_stm/_win,0040cd15.ctxr,0040cd15,ctxr,699520,c0dec066a3ecbe6d6cd8311222d05742d5cb5fa5
textures/flatlist/ovr_stm/_win/0040eac3.ctxr,textures/flatlist/ovr_stm/_win,0040eac3.ctxr,0040eac3,ctxr,349984,546e30d1134a0ad1ca39ac128b852a7ad9c973d9
textures/flatlist/ovr_stm/_win/00418502.ctxr,textures/flatlist/ovr_stm/_win,00418502.ctxr,00418502,ctxr,175200,0f3d9d7c46d5c5f8fa0c01128fc3672879780dd8
textures/flatlist/ovr_stm/_win/0041eac3.ctxr,textures/flatlist/ovr_stm/_win,0041eac3.ctxr,0041eac3,ctxr,87776,26854969deeb67b527da3abd570a639cd198f3b3
textures/flatlist/ovr_stm/_win/00424ad1.ctxr,textures/flatlist/ovr_stm/_win,00424ad1.ctxr,00424ad1,ctxr,87744,1426f4f0aa3293ade613f5fcf084bdbd6169c08c
textures/flatlist/ovr_stm/_win/00427069.ctxr,textures/flatlist/ovr_stm/_win,00427069.ctxr,00427069,ctxr,11264,419f7cfa4bcfc98ad2f1f4c3b7878a3f26e7ff51
textures/flatlist/ovr_stm/_win/00428502.ctxr,textures/flatlist/ovr_stm/_win,00428502.ctxr,00428502,ctxr,87808,04c2fc712a119d86e953eeff59f4980290919941
textures/flatlist/ovr_stm/_win/0042eac3.ctxr,textures/flatlist/ovr_stm/_win,0042eac3.ctxr,0042eac3,ctxr,87776,2fba90e9200391179a072df53d54e0a6f805e6d5
textures/flatlist/ovr_stm/_win/0043eac3.ctxr,textures/flatlist/ovr_stm/_win,0043eac3.ctxr,0043eac3,ctxr,699552,c7a670976619ad779b7aa90209885f9547d8f1cc
textures/flatlist/ovr_stm/_win/00443f1d.ctxr,textures/flatlist/ovr_stm/_win,00443f1d.ctxr,00443f1d,ctxr,175200,437891aadda09a9cc2b9b8ad9f523478896b9302
textures/flatlist/ovr_stm/_win/00445c5a.ctxr,textures/flatlist/ovr_stm/_win,00445c5a.ctxr,00445c5a,ctxr,22176,b2295aae576c0b1dec1780907a2db402e55747e5
textures/flatlist/ovr_stm/_win/00453f1d.ctxr,textures/flatlist/ovr_stm/_win,00453f1d.ctxr,00453f1d,ctxr,175200,025188128b97c78c2d27d5a1620d9f1bf15319f3
textures/flatlist/ovr_stm/_win/004579c8.ctxr,textures/flatlist/ovr_stm/_win,004579c8.ctxr,004579c8,ctxr,349984,98e56325160d3d68f018420d490bb8a9967b61f8
textures/flatlist/ovr_stm/_win/00459114.ctxr,textures/flatlist/ovr_stm/_win,00459114.ctxr,00459114,ctxr,349920,fc6600452e86c37d8c70fd9d7aca4c654bf4dfaf
textures/flatlist/ovr_stm/_win/004613c2.ctxr,textures/flatlist/ovr_stm/_win,004613c2.ctxr,004613c2,ctxr,349984,07e7adc36cda83ea8a5df6b32272a801f61194c8
textures/flatlist/ovr_stm/_win/00463f1d.ctxr,textures/flatlist/ovr_stm/_win,00463f1d.ctxr,00463f1d,ctxr,349984,4e9385586728bee4190102241f35b4e5fc9c8110
textures/flatlist/ovr_stm/_win/00469114.ctxr,textures/flatlist/ovr_stm/_win,00469114.ctxr,00469114,ctxr,349920,344f75176149b8d4d0f75ddffc09357b2f14a869
textures/flatlist/ovr_stm/_win/00470ccd.ctxr,textures/flatlist/ovr_stm/_win,00470ccd.ctxr,00470ccd,ctxr,1398560,37488de4300a242355d7955a7fddd5865f962297
textures/flatlist/ovr_stm/_win/00470d4d.ctxr,textures/flatlist/ovr_stm/_win,00470d4d.ctxr,00470d4d,ctxr,1398560,14f205b14e1b9c6fed289ddc9516ff3f088e62bc
textures/flatlist/ovr_stm/_win/00470dcd.ctxr,textures/flatlist/ovr_stm/_win,00470dcd.ctxr,00470dcd,ctxr,1398560,1c8524f4de432e0d4e4a9bd4c573ca0eae93431b
textures/flatlist/ovr_stm/_win/004750b0.ctxr,textures/flatlist/ovr_stm/_win,004750b0.ctxr,004750b0,ctxr,175200,71c449f4a0f12582f01a1be6b7e5c26acb713aa2
textures/flatlist/ovr_stm/_win/004750b0_b04d2410ad3d8dfa5e0f135d4c15d11e.ctxr,textures/flatlist/ovr_stm/_win,004750b0_b04d2410ad3d8dfa5e0f135d4c15d11e.ctxr,004750b0_b04d2410ad3d8dfa5e0f135d4c15d11e,ctxr,699552,e46b720a58b60becaeb5f6b3edfdd0ffe149b70f
textures/flatlist/ovr_stm/_win/004767e5.ctxr,textures/flatlist/ovr_stm/_win,004767e5.ctxr,004767e5,ctxr,349984,fd157447f6e93adaeb722d856500b56cada199b7
textures/flatlist/ovr_stm/_win/00479114.ctxr,textures/flatlist/ovr_stm/_win,00479114.ctxr,00479114,ctxr,349920,fe441849d2eab363d7b8513df63d88ad6bf8b535
textures/flatlist/ovr_stm/_win/00481d9d.ctxr,textures/flatlist/ovr_stm/_win,00481d9d.ctxr,00481d9d,ctxr,349984,724501a8632bdafcdef0cc1ce1f82bf9b3a394e4
textures/flatlist/ovr_stm/_win/004827bc.ctxr,textures/flatlist/ovr_stm/_win,004827bc.ctxr,004827bc,ctxr,2796704,04a8c0e8eec0db54adae12345c3cacadaacbc356
textures/flatlist/ovr_stm/_win/0048283c.ctxr,textures/flatlist/ovr_stm/_win,0048283c.ctxr,0048283c,ctxr,2796704,3f310369ba8407a042e35cb3a857f34f140a5a95
textures/flatlist/ovr_stm/_win/004828bc.ctxr,textures/flatlist/ovr_stm/_win,004828bc.ctxr,004828bc,ctxr,2796704,899e7c4e7c1ce59b90df533117657ee823fd3316
textures/flatlist/ovr_stm/_win/0048293c.ctxr,textures/flatlist/ovr_stm/_win,0048293c.ctxr,0048293c,ctxr,2796704,725b5393ed958a96973c78556a3522a9d02c6092
textures/flatlist/ovr_stm/_win/004829bc.ctxr,textures/flatlist/ovr_stm/_win,004829bc.ctxr,004829bc,ctxr,5592896,b0807b0a32de3767633f36f90484f64eb880672b
textures/flatlist/ovr_stm/_win/00482abc.ctxr,textures/flatlist/ovr_stm/_win,00482abc.ctxr,00482abc,ctxr,5592896,cb0a86e905108b1b3fa4991774612640495c2c14
textures/flatlist/ovr_stm/_win/00482b3c.ctxr,textures/flatlist/ovr_stm/_win,00482b3c.ctxr,00482b3c,ctxr,2796704,66066c884559a8565a9da7bf8c7988d598ab8959
textures/flatlist/ovr_stm/_win/004836bc.ctxr,textures/flatlist/ovr_stm/_win,004836bc.ctxr,004836bc,ctxr,2796704,7af822fc705db9ec3a5c7de77184bed81693f76c
textures/flatlist/ovr_stm/_win/0048373c.ctxr,textures/flatlist/ovr_stm/_win,0048373c.ctxr,0048373c,ctxr,2796704,7770dd8ffc5d70ce2822c62c8e10fb9047e770cd
textures/flatlist/ovr_stm/_win/004867e5.ctxr,textures/flatlist/ovr_stm/_win,004867e5.ctxr,004867e5,ctxr,349984,4dd8e3d08ebd51e3683418a3eb667a3f89e7bee8
textures/flatlist/ovr_stm/_win/00487b63.ctxr,textures/flatlist/ovr_stm/_win,00487b63.ctxr,00487b63,ctxr,349920,3f13902d5f45b5e1c8e679e21cc001f765ca8f5e
textures/flatlist/ovr_stm/_win/00491714.ctxr,textures/flatlist/ovr_stm/_win,00491714.ctxr,00491714,ctxr,5592864,6a62c356c1c28886d9067bd2c0224313287b4179
textures/flatlist/ovr_stm/_win/00491d9d.ctxr,textures/flatlist/ovr_stm/_win,00491d9d.ctxr,00491d9d,ctxr,175200,e396fcb0c40ac5fa76b32af1ffab9ae5b0ebfab5
textures/flatlist/ovr_stm/_win/004967e5.ctxr,textures/flatlist/ovr_stm/_win,004967e5.ctxr,004967e5,ctxr,349984,ad9eb8c6fc93fafe0d255b60e4097bd69e2ca19e
textures/flatlist/ovr_stm/_win/00497b63.ctxr,textures/flatlist/ovr_stm/_win,00497b63.ctxr,00497b63,ctxr,349920,c1ce2d1d90f9654ed26575a3a5e2706c43902a0b
textures/flatlist/ovr_stm/_win/004a67e5.ctxr,textures/flatlist/ovr_stm/_win,004a67e5.ctxr,004a67e5,ctxr,349984,db7c8aac2c0d9e9cbb013ee5d6acd5dedd1dc38c
textures/flatlist/ovr_stm/_win/004a7b63.ctxr,textures/flatlist/ovr_stm/_win,004a7b63.ctxr,004a7b63,ctxr,349920,ee4da53b2c69f51e60c3e6479d24935b2c5c6192
textures/flatlist/ovr_stm/_win/004acd8a.ctxr,textures/flatlist/ovr_stm/_win,004acd8a.ctxr,004acd8a,ctxr,699552,838cde57247aa0c54cbb4db8f6b073ee4af4910b
textures/flatlist/ovr_stm/_win/004b67e5.ctxr,textures/flatlist/ovr_stm/_win,004b67e5.ctxr,004b67e5,ctxr,349984,f3c102bd3ee352849e37fe3db68daadcf866fa79
textures/flatlist/ovr_stm/_win/004b7b63.ctxr,textures/flatlist/ovr_stm/_win,004b7b63.ctxr,004b7b63,ctxr,349920,14397e3391bb9b90746f122215ffa785b67d8a76
textures/flatlist/ovr_stm/_win/004c1d9d.ctxr,textures/flatlist/ovr_stm/_win,004c1d9d.ctxr,004c1d9d,ctxr,175200,c80121cb4060857add6eba362d4c684fcd82404a
textures/flatlist/ovr_stm/_win/004c67e5.ctxr,textures/flatlist/ovr_stm/_win,004c67e5.ctxr,004c67e5,ctxr,699552,a5449ab09e820d196ed1c4e4acab14c22f9ca043
textures/flatlist/ovr_stm/_win/004c943d.ctxr,textures/flatlist/ovr_stm/_win,004c943d.ctxr,004c943d,ctxr,699488,ff0fa319a217cdc2bc4f568b0333dd172513926d
textures/flatlist/ovr_stm/_win/004c9773.ctxr,textures/flatlist/ovr_stm/_win,004c9773.ctxr,004c9773,ctxr,349984,d13e3303a587fa360fec3195398a0cc92d1b32d6
textures/flatlist/ovr_stm/_win/004cb10a.ctxr,textures/flatlist/ovr_stm/_win,004cb10a.ctxr,004cb10a,ctxr,22370112,240e42ffe675b0f6052c69f5381eb19a77b52b5b
textures/flatlist/ovr_stm/_win/004cf0ba.ctxr,textures/flatlist/ovr_stm/_win,004cf0ba.ctxr,004cf0ba,ctxr,699552,f35eb19570e928e838665415fcd00803e0a9cda9
textures/flatlist/ovr_stm/_win/004d1d9d.ctxr,textures/flatlist/ovr_stm/_win,004d1d9d.ctxr,004d1d9d,ctxr,175200,3d2ab351f8e9d032dab8a73cd725946cb1caa2bd
textures/flatlist/ovr_stm/_win/004d3971.ctxr,textures/flatlist/ovr_stm/_win,004d3971.ctxr,004d3971,ctxr,699488,aa6576cab0e2a5e0dce149b0d869a9a7bc74eaca
textures/flatlist/ovr_stm/_win/004dd2d1.ctxr,textures/flatlist/ovr_stm/_win,004dd2d1.ctxr,004dd2d1,ctxr,175200,542dbf18d6add2743ee581903c3855f6dc0e14a8
textures/flatlist/ovr_stm/_win/004e6292.ctxr,textures/flatlist/ovr_stm/_win,004e6292.ctxr,004e6292,ctxr,22176,6062c586e81ad5822a222ad3fafb16bdec1074e2
textures/flatlist/ovr_stm/_win/004e93c9.ctxr,textures/flatlist/ovr_stm/_win,004e93c9.ctxr,004e93c9,ctxr,5592928,13b794a00276626469204937708da1b8e29e900a
textures/flatlist/ovr_stm/_win/004f1d9d.ctxr,textures/flatlist/ovr_stm/_win,004f1d9d.ctxr,004f1d9d,ctxr,699552,02420477c250b3f6e92a7876b570ce2855544882
textures/flatlist/ovr_stm/_win/004f1d9d_86994cb2425e706d85d38eb0d74da538.ctxr,textures/flatlist/ovr_stm/_win,004f1d9d_86994cb2425e706d85d38eb0d74da538.ctxr,004f1d9d_86994cb2425e706d85d38eb0d74da538,ctxr,699552,96dbc7d2507dd69456f191e0c002dd112c718b43
textures/flatlist/ovr_stm/_win/00501d9d.ctxr,textures/flatlist/ovr_stm/_win,00501d9d.ctxr,00501d9d,ctxr,699552,2ae66819e700cd3934595d20fb8b0cf2d4d927f0
textures/flatlist/ovr_stm/_win/00501d9d_1914ca0e502000992f2d09f0b7a86868.ctxr,textures/flatlist/ovr_stm/_win,00501d9d_1914ca0e502000992f2d09f0b7a86868.ctxr,00501d9d_1914ca0e502000992f2d09f0b7a86868,ctxr,699552,97b05984da5551b01c6092bbc3d2093e994e8e61
textures/flatlist/ovr_stm/_win/005155d8.ctxr,textures/flatlist/ovr_stm/_win,005155d8.ctxr,005155d8,ctxr,349920,6cc82aba438f20b8daee5f3b36202df99aebd84c
textures/flatlist/ovr_stm/_win/005255d8.ctxr,textures/flatlist/ovr_stm/_win,005255d8.ctxr,005255d8,ctxr,349920,6cf46ab4cec7c88c0202356c5c8bad260dc8a4c5
textures/flatlist/ovr_stm/_win/0052f1a8.ctxr,textures/flatlist/ovr_stm/_win,0052f1a8.ctxr,0052f1a8,ctxr,349984,43d2647e88c79b425e0cf4daee525b53e7373701
textures/flatlist/ovr_stm/_win/005355d8.ctxr,textures/flatlist/ovr_stm/_win,005355d8.ctxr,005355d8,ctxr,349920,70a574129943a8896cf0f362b2ba935449b24bca
textures/flatlist/ovr_stm/_win/0053852b.ctxr,textures/flatlist/ovr_stm/_win,0053852b.ctxr,0053852b,ctxr,87776,10ead8379e9c3e6e9cb66e61007349c5e132e8a6
textures/flatlist/ovr_stm/_win/0053d14e.ctxr,textures/flatlist/ovr_stm/_win,0053d14e.ctxr,0053d14e,ctxr,175200,0407c1fd7550392f329c50a92f3b980a7d874d3d
textures/flatlist/ovr_stm/_win/0053d891.ctxr,textures/flatlist/ovr_stm/_win,0053d891.ctxr,0053d891,ctxr,5592896,10146319068876d1d504b5a9ca59655dd78232c0
textures/flatlist/ovr_stm/_win/005480d6.ctxr,textures/flatlist/ovr_stm/_win,005480d6.ctxr,005480d6,ctxr,349984,ebabf62a05eda85472aef2b4ff3a471d0249098f
textures/flatlist/ovr_stm/_win/0055e1c2.ctxr,textures/flatlist/ovr_stm/_win,0055e1c2.ctxr,0055e1c2,ctxr,1398592,62b44a140e94ad6896546ab68e771de86037d26a
textures/flatlist/ovr_stm/_win/0056e1c2.ctxr,textures/flatlist/ovr_stm/_win,0056e1c2.ctxr,0056e1c2,ctxr,699552,4a62dc586e8a6255b4d1b02c8452e0777b574689
textures/flatlist/ovr_stm/_win/00585d21.ctxr,textures/flatlist/ovr_stm/_win,00585d21.ctxr,00585d21,ctxr,87776,c27906f8108e9fe7df0bfc25d6292321de0fb8d1
textures/flatlist/ovr_stm/_win/0059975e.ctxr,textures/flatlist/ovr_stm/_win,0059975e.ctxr,0059975e,ctxr,175200,d9a065f7e70afac4bd692d5ea4bc50f66874171f
textures/flatlist/ovr_stm/_win/005be756.ctxr,textures/flatlist/ovr_stm/_win,005be756.ctxr,005be756,ctxr,699520,466077dfced58e0505e59ba8625de5459cc5c68e
textures/flatlist/ovr_stm/_win/005d4f23.ctxr,textures/flatlist/ovr_stm/_win,005d4f23.ctxr,005d4f23,ctxr,2796672,fd1923740cee6394669326070c7974c1bfd54a89
textures/flatlist/ovr_stm/_win/005d4f23_b39e4e9a25db3103157377fb4b8b0fec.ctxr,textures/flatlist/ovr_stm/_win,005d4f23_b39e4e9a25db3103157377fb4b8b0fec.ctxr,005d4f23_b39e4e9a25db3103157377fb4b8b0fec,ctxr,1398528,4d0dca2da9320637bb455da5160249b74115b13c
textures/flatlist/ovr_stm/_win/005d8f6f.ctxr,textures/flatlist/ovr_stm/_win,005d8f6f.ctxr,005d8f6f,ctxr,175168,679f24cdc361fb4381d2eebfa559259a5b530dab
textures/flatlist/ovr_stm/_win/005db736.ctxr,textures/flatlist/ovr_stm/_win,005db736.ctxr,005db736,ctxr,349984,6b3f4f077434927de81f79d028b2246fbf6ac070
textures/flatlist/ovr_stm/_win/005ef82e.ctxr,textures/flatlist/ovr_stm/_win,005ef82e.ctxr,005ef82e,ctxr,349984,72fac02877646353c3c2464c9c173fcdd0eb6c17
textures/flatlist/ovr_stm/_win/005fbe37.ctxr,textures/flatlist/ovr_stm/_win,005fbe37.ctxr,005fbe37,ctxr,1398560,3a29a49d36d095bfc6a6c9a42b2bfbee4fa1ea82
textures/flatlist/ovr_stm/_win/005ff82e.ctxr,textures/flatlist/ovr_stm/_win,005ff82e.ctxr,005ff82e,ctxr,349984,14cdcd62dabd4cd8727d56b0d3149cf4f23170fa
textures/flatlist/ovr_stm/_win/005ff82e_177b36c205877f0112c491da63538970.ctxr,textures/flatlist/ovr_stm/_win,005ff82e_177b36c205877f0112c491da63538970.ctxr,005ff82e_177b36c205877f0112c491da63538970,ctxr,349984,36aada05bf9d9efb035d6cc5d94fa029d3e29af2
textures/flatlist/ovr_stm/_win/005ff82e_f97787dc7fe63e42e80355f33d14a0d4.ctxr,textures/flatlist/ovr_stm/_win,005ff82e_f97787dc7fe63e42e80355f33d14a0d4.ctxr,005ff82e_f97787dc7fe63e42e80355f33d14a0d4,ctxr,349984,2ef501acc88974934e6ba77f87c4d46c7ee10297
textures/flatlist/ovr_stm/_win/0060f82e.ctxr,textures/flatlist/ovr_stm/_win,0060f82e.ctxr,0060f82e,ctxr,349984,0f9494b130c7b7d9d1e970d54a9e2eea334b32dc
textures/flatlist/ovr_stm/_win/0060f82e_0264bded5e12e838c3912158a2f4d769.ctxr,textures/flatlist/ovr_stm/_win,0060f82e_0264bded5e12e838c3912158a2f4d769.ctxr,0060f82e_0264bded5e12e838c3912158a2f4d769,ctxr,349984,b33e735533dc07d051862e42eeca17391d10e800
textures/flatlist/ovr_stm/_win/0060f82e_374e8e111c7b80fe71fb8546dc332f00.ctxr,textures/flatlist/ovr_stm/_win,0060f82e_374e8e111c7b80fe71fb8546dc332f00.ctxr,0060f82e_374e8e111c7b80fe71fb8546dc332f00,ctxr,349984,3635d8208b6abc2df1894b29e79044ca886afe04
textures/flatlist/ovr_stm/_win/0061f82e.ctxr,textures/flatlist/ovr_stm/_win,0061f82e.ctxr,0061f82e,ctxr,349984,f397eb0f2d0d3d50b6979517faaddc2717ff9ca2
textures/flatlist/ovr_stm/_win/0061f82e_56a2e72ba853ea67570ccd655ca9d447.ctxr,textures/flatlist/ovr_stm/_win,0061f82e_56a2e72ba853ea67570ccd655ca9d447.ctxr,0061f82e_56a2e72ba853ea67570ccd655ca9d447,ctxr,349984,ab077a51e267ffa901cc509761e63954d68c13b8
textures/flatlist/ovr_stm/_win/0061f82e_ca18611ab4a038674f959c4e94e7aede.ctxr,textures/flatlist/ovr_stm/_win,0061f82e_ca18611ab4a038674f959c4e94e7aede.ctxr,0061f82e_ca18611ab4a038674f959c4e94e7aede,ctxr,349984,476b972263e4a4bea37869f046049d7c9c2aa7f5
textures/flatlist/ovr_stm/_win/006209d0.ctxr,textures/flatlist/ovr_stm/_win,006209d0.ctxr,006209d0,ctxr,2796672,a7359350d1aaacd0bd74bccee049c7056d82d013
textures/flatlist/ovr_stm/_win/0062f82e.ctxr,textures/flatlist/ovr_stm/_win,0062f82e.ctxr,0062f82e,ctxr,349984,77e0898a1850911a675ce427a12a8b2cd4ff42dd
textures/flatlist/ovr_stm/_win/0062f82e_3db2c3061fabc2281c2dd6b4130eedb9.ctxr,textures/flatlist/ovr_stm/_win,0062f82e_3db2c3061fabc2281c2dd6b4130eedb9.ctxr,0062f82e_3db2c3061fabc2281c2dd6b4130eedb9,ctxr,349984,0335b37fecdc8aacdfb651a195b82ab64745e31f
textures/flatlist/ovr_stm/_win/0062f82e_ca73d55a3d70d5450a3ed37eb948cb64.ctxr,textures/flatlist/ovr_stm/_win,0062f82e_ca73d55a3d70d5450a3ed37eb948cb64.ctxr,0062f82e_ca73d55a3d70d5450a3ed37eb948cb64,ctxr,349984,71f0ee86f622b1673bf26689866039123fd3bc0a
textures/flatlist/ovr_stm/_win/0063f82e.ctxr,textures/flatlist/ovr_stm/_win,0063f82e.ctxr,0063f82e,ctxr,349984,ddc05fcb5bb87068c3d31a7fccefc279a7c8885e
textures/flatlist/ovr_stm/_win/0063f82e_0d434fbe975ba169dfc89ffe2f3f2a27.ctxr,textures/flatlist/ovr_stm/_win,0063f82e_0d434fbe975ba169dfc89ffe2f3f2a27.ctxr,0063f82e_0d434fbe975ba169dfc89ffe2f3f2a27,ctxr,349984,61cc3da07819a4dded3de21ea1df6fddd5eb3717
textures/flatlist/ovr_stm/_win/0063f82e_52b985aaa92b3207cd49053dffbf523d.ctxr,textures/flatlist/ovr_stm/_win,0063f82e_52b985aaa92b3207cd49053dffbf523d.ctxr,0063f82e_52b985aaa92b3207cd49053dffbf523d,ctxr,349984,d163e996e4be9d9189f48e7fbdb11e058bdff51f
textures/flatlist/ovr_stm/_win/00645d05.ctxr,textures/flatlist/ovr_stm/_win,00645d05.ctxr,00645d05,ctxr,22176,29d7a2fc146aabc96a356de2d285e632874bdbbd
textures/flatlist/ovr_stm/_win/0064f82e.ctxr,textures/flatlist/ovr_stm/_win,0064f82e.ctxr,0064f82e,ctxr,349984,58b4bad4ff2804b2eb6304531584141992ba9a53
textures/flatlist/ovr_stm/_win/0064f82e_923078466946a3acdea05dbf22e0f6e7.ctxr,textures/flatlist/ovr_stm/_win,0064f82e_923078466946a3acdea05dbf22e0f6e7.ctxr,0064f82e_923078466946a3acdea05dbf22e0f6e7,ctxr,349984,c99c6200fe562d2e7689e46e3468aa75369089b6
textures/flatlist/ovr_stm/_win/0064f82e_db973ad91fc30e3c42f866a3eb7d4d74.ctxr,textures/flatlist/ovr_stm/_win,0064f82e_db973ad91fc30e3c42f866a3eb7d4d74.ctxr,0064f82e_db973ad91fc30e3c42f866a3eb7d4d74,ctxr,349984,36e6b8e33629463e75991e4d99c6a86dc1efbe84
textures/flatlist/ovr_stm/_win/006597ed.ctxr,textures/flatlist/ovr_stm/_win,006597ed.ctxr,006597ed,ctxr,11264,723182f075683cf9895313ac48fcba23bb45b3fc
textures/flatlist/ovr_stm/_win/0065a618.ctxr,textures/flatlist/ovr_stm/_win,0065a618.ctxr,0065a618,ctxr,22176,4675fb05107cc59764456a6144009e9f57a01b83
textures/flatlist/ovr_stm/_win/0065f82e.ctxr,textures/flatlist/ovr_stm/_win,0065f82e.ctxr,0065f82e,ctxr,349984,eafdcec8e8fc41c80ee19bccea951fa19a807dc2
textures/flatlist/ovr_stm/_win/0065f82e_599e1a822c915823a768daf1f6ee7174.ctxr,textures/flatlist/ovr_stm/_win,0065f82e_599e1a822c915823a768daf1f6ee7174.ctxr,0065f82e_599e1a822c915823a768daf1f6ee7174,ctxr,349984,7d2f7e19998dff7b88500e96374b4ea5baac5bc4
textures/flatlist/ovr_stm/_win/00667ab6.ctxr,textures/flatlist/ovr_stm/_win,00667ab6.ctxr,00667ab6,ctxr,349984,b5d717312ba0295b507318d1bf6011c06a742bc1
textures/flatlist/ovr_stm/_win/00667ab6_ef3811ba64502191909b0210b17b8b02.ctxr,textures/flatlist/ovr_stm/_win,00667ab6_ef3811ba64502191909b0210b17b8b02.ctxr,00667ab6_ef3811ba64502191909b0210b17b8b02,ctxr,349984,8c06da52d64926c0007f4a5d3086c56374de8a4e
textures/flatlist/ovr_stm/_win/006697ed.ctxr,textures/flatlist/ovr_stm/_win,006697ed.ctxr,006697ed,ctxr,11264,44a6010bf01331c2a05a6fbc92ca74ac34879648
textures/flatlist/ovr_stm/_win/0066a618.ctxr,textures/flatlist/ovr_stm/_win,0066a618.ctxr,0066a618,ctxr,87776,c79dab52ecd315429c835031d8aadd8287af0544
textures/flatlist/ovr_stm/_win/0066a618_476d380161520ae923d8f74ede9a2e8d.ctxr,textures/flatlist/ovr_stm/_win,0066a618_476d380161520ae923d8f74ede9a2e8d.ctxr,0066a618_476d380161520ae923d8f74ede9a2e8d,ctxr,87776,f5939c5ac4e3ea8e295d6513362a60ccce082ef6
textures/flatlist/ovr_stm/_win/0066f82e.ctxr,textures/flatlist/ovr_stm/_win,0066f82e.ctxr,0066f82e,ctxr,349984,e48e09449b8cef058902f550146416ccb679b551
textures/flatlist/ovr_stm/_win/0066f82e_e37d08b66c98c80f675d8c6d9a2cebdb.ctxr,textures/flatlist/ovr_stm/_win,0066f82e_e37d08b66c98c80f675d8c6d9a2cebdb.ctxr,0066f82e_e37d08b66c98c80f675d8c6d9a2cebdb,ctxr,349984,364b84a77f80910c17027c8825539539d8f70da2
textures/flatlist/ovr_stm/_win/00671d9d.ctxr,textures/flatlist/ovr_stm/_win,00671d9d.ctxr,00671d9d,ctxr,349984,2ce25ff2ff39bcd7b3c49c1f12e8707903025bfc
textures/flatlist/ovr_stm/_win/00675c5a.ctxr,textures/flatlist/ovr_stm/_win,00675c5a.ctxr,00675c5a,ctxr,87776,74eb4cf86294e227356972923460e9690ee49786
textures/flatlist/ovr_stm/_win/00678eb1.ctxr,textures/flatlist/ovr_stm/_win,00678eb1.ctxr,00678eb1,ctxr,460960,a35c44d24f947a6048ea4f2a0d37a8b432c94f60
textures/flatlist/ovr_stm/_win/006797ed.ctxr,textures/flatlist/ovr_stm/_win,006797ed.ctxr,006797ed,ctxr,44096,265fe986e22789ba5379447bbab341210bbeff43
textures/flatlist/ovr_stm/_win/006797ed_78cb3fd6e3dcae58893fa3ca96da3211.ctxr,textures/flatlist/ovr_stm/_win,006797ed_78cb3fd6e3dcae58893fa3ca96da3211.ctxr,006797ed_78cb3fd6e3dcae58893fa3ca96da3211,ctxr,44096,5f0c937c0fee26f400f696258adc4a9b8de58465
textures/flatlist/ovr_stm/_win/0067a618.ctxr,textures/flatlist/ovr_stm/_win,0067a618.ctxr,0067a618,ctxr,349952,dac4392d31b137350cce25417f215063156edaa5
textures/flatlist/ovr_stm/_win/00681d9d.ctxr,textures/flatlist/ovr_stm/_win,00681d9d.ctxr,00681d9d,ctxr,349984,66a65c0144d574a6c3bae4696e2bf7cd0f5c8990
textures/flatlist/ovr_stm/_win/00689021.ctxr,textures/flatlist/ovr_stm/_win,00689021.ctxr,00689021,ctxr,175200,9219722415c5f8540e2f2deefc07d23ff9b55786
textures/flatlist/ovr_stm/_win/006893ec.ctxr,textures/flatlist/ovr_stm/_win,006893ec.ctxr,006893ec,ctxr,22176,27415cb61a7c6dd17b9c79204db490553256deea
textures/flatlist/ovr_stm/_win/006897ed.ctxr,textures/flatlist/ovr_stm/_win,006897ed.ctxr,006897ed,ctxr,87776,b982d12524dd2bdf86dc13e12d9c25795967a96c
textures/flatlist/ovr_stm/_win/006897ed_b5a6bb72c760a236a2c84a220920037b.ctxr,textures/flatlist/ovr_stm/_win,006897ed_b5a6bb72c760a236a2c84a220920037b.ctxr,006897ed_b5a6bb72c760a236a2c84a220920037b,ctxr,87776,889907617877f7b8db2e59f1d1fc2d2184157a21
textures/flatlist/ovr_stm/_win/0068a618.ctxr,textures/flatlist/ovr_stm/_win,0068a618.ctxr,0068a618,ctxr,44096,bac22749ebcf461e70a219729f6224cc2814b1fc
textures/flatlist/ovr_stm/_win/0068a618_ba9ef0a583a2d517886f9b6c53e96e92.ctxr,textures/flatlist/ovr_stm/_win,0068a618_ba9ef0a583a2d517886f9b6c53e96e92.ctxr,0068a618_ba9ef0a583a2d517886f9b6c53e96e92,ctxr,44096,1c64774650234e86289edd0a222bb4751a310511
textures/flatlist/ovr_stm/_win/00691d9d.ctxr,textures/flatlist/ovr_stm/_win,00691d9d.ctxr,00691d9d,ctxr,699552,8aaea7b92b2e11932142d3e04ec6908af43600f2
textures/flatlist/ovr_stm/_win/00699021.ctxr,textures/flatlist/ovr_stm/_win,00699021.ctxr,00699021,ctxr,349984,58c6f1fe1036e0527128ea18b21daa17abe51d00
textures/flatlist/ovr_stm/_win/006997ed.ctxr,textures/flatlist/ovr_stm/_win,006997ed.ctxr,006997ed,ctxr,87776,16e1e7824fd5768faa48d46dba083b3633938ada
textures/flatlist/ovr_stm/_win/006997ed_b20d65f1089467ce6fec4d3a8c8134c8.ctxr,textures/flatlist/ovr_stm/_win,006997ed_b20d65f1089467ce6fec4d3a8c8134c8.ctxr,006997ed_b20d65f1089467ce6fec4d3a8c8134c8,ctxr,87776,241cdb401208b60477fe4f226ca1620418763a5a
textures/flatlist/ovr_stm/_win/0069e496.ctxr,textures/flatlist/ovr_stm/_win,0069e496.ctxr,0069e496,ctxr,175200,81c099bb19a1f76b9e06edbe7422471a926a22be
textures/flatlist/ovr_stm/_win/006a97ed.ctxr,textures/flatlist/ovr_stm/_win,006a97ed.ctxr,006a97ed,ctxr,22176,d5899f1498ab36d54d1629956e418c785d91ab8b
textures/flatlist/ovr_stm/_win/006a9dfd.ctxr,textures/flatlist/ovr_stm/_win,006a9dfd.ctxr,006a9dfd,ctxr,44064,b8898a51df9825cd382f912727658d66e2fee930
textures/flatlist/ovr_stm/_win/006aa618.ctxr,textures/flatlist/ovr_stm/_win,006aa618.ctxr,006aa618,ctxr,44096,451cca3595c251a7a02e044236a6b5d55ac5d374
textures/flatlist/ovr_stm/_win/006aa618_5e5881ab87a4498b100e3983cca31058.ctxr,textures/flatlist/ovr_stm/_win,006aa618_5e5881ab87a4498b100e3983cca31058.ctxr,006aa618_5e5881ab87a4498b100e3983cca31058,ctxr,87744,eebe7d6b1431a878367c333d58562bfcc380ce26
textures/flatlist/ovr_stm/_win/006af2ba.ctxr,textures/flatlist/ovr_stm/_win,006af2ba.ctxr,006af2ba,ctxr,349920,5b26dd8158e988d86c0f4af23bd151e71bd1f9a2
textures/flatlist/ovr_stm/_win/006af2bb.ctxr,textures/flatlist/ovr_stm/_win,006af2bb.ctxr,006af2bb,ctxr,87776,e5b1975a4231bb5dd8bc51fbb00ab6342b1fd872
textures/flatlist/ovr_stm/_win/006b325b.ctxr,textures/flatlist/ovr_stm/_win,006b325b.ctxr,006b325b,ctxr,22370112,505abfa3e63e1f06042fe5ead21420cdaeb2aa2e
textures/flatlist/ovr_stm/_win/006b508f.ctxr,textures/flatlist/ovr_stm/_win,006b508f.ctxr,006b508f,ctxr,87776,ea15a2fda5ab0d82c20cfdf7d91bfaa4f8ba4c47
textures/flatlist/ovr_stm/_win/006b5ae3.ctxr,textures/flatlist/ovr_stm/_win,006b5ae3.ctxr,006b5ae3,ctxr,22370112,f8f50340612b14a5d9aefdf77e582524fa7d48a8
textures/flatlist/ovr_stm/_win/006b9021.ctxr,textures/flatlist/ovr_stm/_win,006b9021.ctxr,006b9021,ctxr,349984,79dd9656b02861e8a35ebe7525348047b4d85958
textures/flatlist/ovr_stm/_win/006b97ed.ctxr,textures/flatlist/ovr_stm/_win,006b97ed.ctxr,006b97ed,ctxr,22176,4995c375cf94b8000544fe9e729f09954e15eacd
textures/flatlist/ovr_stm/_win/006ba618.ctxr,textures/flatlist/ovr_stm/_win,006ba618.ctxr,006ba618,ctxr,175200,2ba2657503678607e41b1c05556d899cc938eb5c
textures/flatlist/ovr_stm/_win/006baeb5.ctxr,textures/flatlist/ovr_stm/_win,006baeb5.ctxr,006baeb5,ctxr,22176,55ac800a6c16dbe5d2edd052e3bbc4e4fe67009a
textures/flatlist/ovr_stm/_win/006bcf85.ctxr,textures/flatlist/ovr_stm/_win,006bcf85.ctxr,006bcf85,ctxr,699520,a0d44e8c57413d5eeeca05c3406d3bbedb030cd4
textures/flatlist/ovr_stm/_win/006bcf85_3bbce8b6d10a47883f9038737995145a.ctxr,textures/flatlist/ovr_stm/_win,006bcf85_3bbce8b6d10a47883f9038737995145a.ctxr,006bcf85_3bbce8b6d10a47883f9038737995145a,ctxr,349984,3a98d0e877b3eb12c5b6465ec76e76d495c3fcaf
textures/flatlist/ovr_stm/_win/006bf7fe.ctxr,textures/flatlist/ovr_stm/_win,006bf7fe.ctxr,006bf7fe,ctxr,349984,872ad36c1a1378459b440b9d9b4d55a45e4348ba
textures/flatlist/ovr_stm/_win/006c556d.ctxr,textures/flatlist/ovr_stm/_win,006c556d.ctxr,006c556d,ctxr,87808,fbd5f8d2ee4832c4e2e13f4d6a9f88c5d570fba2
textures/flatlist/ovr_stm/_win/006c9021.ctxr,textures/flatlist/ovr_stm/_win,006c9021.ctxr,006c9021,ctxr,22208,b52d0b1ebabced6848db8fd14d0c9c01e4209c4c
textures/flatlist/ovr_stm/_win/006c97ed.ctxr,textures/flatlist/ovr_stm/_win,006c97ed.ctxr,006c97ed,ctxr,22176,78877a64af67c3aa5a26b7af008b110fd9ecafd9
textures/flatlist/ovr_stm/_win/006caeb5.ctxr,textures/flatlist/ovr_stm/_win,006caeb5.ctxr,006caeb5,ctxr,22208,c46d68364b0bf5b86358d3a4e68073b086414d83
textures/flatlist/ovr_stm/_win/006cc7ed.ctxr,textures/flatlist/ovr_stm/_win,006cc7ed.ctxr,006cc7ed,ctxr,175168,6f9dbc5edb81e6bfaafa1d92a730012823f03612
textures/flatlist/ovr_stm/_win/006d556d.ctxr,textures/flatlist/ovr_stm/_win,006d556d.ctxr,006d556d,ctxr,44096,af05be1fd3c70985cb5a6ab50111f928da706eb6
textures/flatlist/ovr_stm/_win/006d9021.ctxr,textures/flatlist/ovr_stm/_win,006d9021.ctxr,006d9021,ctxr,349952,1695a95d8ed2518925aad8772651652f60973e94
textures/flatlist/ovr_stm/_win/006d97ed.ctxr,textures/flatlist/ovr_stm/_win,006d97ed.ctxr,006d97ed,ctxr,22176,95ac9ff7a605d2bb7584a266e174c61f88655c2b
textures/flatlist/ovr_stm/_win/006daeb5.ctxr,textures/flatlist/ovr_stm/_win,006daeb5.ctxr,006daeb5,ctxr,175200,5988b9166ea8ff2fbfa35fcf8b6c149ae693759a
textures/flatlist/ovr_stm/_win/006e6ff1.ctxr,textures/flatlist/ovr_stm/_win,006e6ff1.ctxr,006e6ff1,ctxr,11185312,9ddbea12fbe55ecc89515718d8f45df461d71d14
textures/flatlist/ovr_stm/_win/006e99ea.ctxr,textures/flatlist/ovr_stm/_win,006e99ea.ctxr,006e99ea,ctxr,1398560,f79ee6aa80ccd7dcd7119fd932984323f9adfc02
textures/flatlist/ovr_stm/_win/006eaeb5.ctxr,textures/flatlist/ovr_stm/_win,006eaeb5.ctxr,006eaeb5,ctxr,699552,24e9524cb04174b32759fb105facb3bfa09fe2be
textures/flatlist/ovr_stm/_win/006f2b75.ctxr,textures/flatlist/ovr_stm/_win,006f2b75.ctxr,006f2b75,ctxr,349984,8f0a706e82204ec43f348c5df7414dda7211f141
textures/flatlist/ovr_stm/_win/006f6ff1.ctxr,textures/flatlist/ovr_stm/_win,006f6ff1.ctxr,006f6ff1,ctxr,699552,0d2194af25fc6e348b9d186a347155b7d69ea867
textures/flatlist/ovr_stm/_win/006f7421.ctxr,textures/flatlist/ovr_stm/_win,006f7421.ctxr,006f7421,ctxr,699520,39efea8abefc46c32006ce75c8cb51c1c77fbed3
textures/flatlist/ovr_stm/_win/006faeb5.ctxr,textures/flatlist/ovr_stm/_win,006faeb5.ctxr,006faeb5,ctxr,1398592,0ee27b96bf17c8b79fd1a94e28910d666658562e
textures/flatlist/ovr_stm/_win/00704ad1.ctxr,textures/flatlist/ovr_stm/_win,00704ad1.ctxr,00704ad1,ctxr,87744,8aa3e6596660cf849c22f4966d31819c5c9ff450
textures/flatlist/ovr_stm/_win/00706ff1.ctxr,textures/flatlist/ovr_stm/_win,00706ff1.ctxr,00706ff1,ctxr,349984,858a7870fda0a5c920bc241d6e159aa47735adda
textures/flatlist/ovr_stm/_win/0070aeb5.ctxr,textures/flatlist/ovr_stm/_win,0070aeb5.ctxr,0070aeb5,ctxr,2796672,c7a1a463ee20ec5c2cd83a1a2e4b703f8e47e888
textures/flatlist/ovr_stm/_win/00710601.ctxr,textures/flatlist/ovr_stm/_win,00710601.ctxr,00710601,ctxr,349984,a1d8c5aba75a9bfcf273acda18349e2c4dd190bd
textures/flatlist/ovr_stm/_win/00716ff1.ctxr,textures/flatlist/ovr_stm/_win,00716ff1.ctxr,00716ff1,ctxr,87776,db87c11dca78f4bae2cfef17a65a2d4409022ad9
textures/flatlist/ovr_stm/_win/0071852b.ctxr,textures/flatlist/ovr_stm/_win,0071852b.ctxr,0071852b,ctxr,87776,554b13551e60f2d4c949e9136cca66d6ea251f45
textures/flatlist/ovr_stm/_win/0072466d.ctxr,textures/flatlist/ovr_stm/_win,0072466d.ctxr,0072466d,ctxr,699488,927e47cf190908c149ab86c8dc50d8ebb255747b
textures/flatlist/ovr_stm/_win/007246ed.ctxr,textures/flatlist/ovr_stm/_win,007246ed.ctxr,007246ed,ctxr,699488,3de4265a932cc6b37f7601c3a9f0d30d29ab1401
textures/flatlist/ovr_stm/_win/0072476d.ctxr,textures/flatlist/ovr_stm/_win,0072476d.ctxr,0072476d,ctxr,699488,d928ffff3b7a77298fd68529224ffca2bd42dccf
textures/flatlist/ovr_stm/_win/00724ad1.ctxr,textures/flatlist/ovr_stm/_win,00724ad1.ctxr,00724ad1,ctxr,87744,fe1409f908c7e766ddc32d413c1f70589c943768
textures/flatlist/ovr_stm/_win/007255d8.ctxr,textures/flatlist/ovr_stm/_win,007255d8.ctxr,007255d8,ctxr,87744,db9b14e0c896d034508e6b6b3b0a0b0677ee2b99
textures/flatlist/ovr_stm/_win/00726ff1.ctxr,textures/flatlist/ovr_stm/_win,00726ff1.ctxr,00726ff1,ctxr,349920,52b240a58df2e8b16ddfd621c9fc10c6b5f11846
textures/flatlist/ovr_stm/_win/00736ff1.ctxr,textures/flatlist/ovr_stm/_win,00736ff1.ctxr,00736ff1,ctxr,87776,797be7c0fb90ea4a71c0aa46b9a1006fda5d662e
textures/flatlist/ovr_stm/_win/0073ecb6.ctxr,textures/flatlist/ovr_stm/_win,0073ecb6.ctxr,0073ecb6,ctxr,699552,7aa5b138e806cfac32e934cee61ec3236a7653a6
textures/flatlist/ovr_stm/_win/00744ad1.ctxr,textures/flatlist/ovr_stm/_win,00744ad1.ctxr,00744ad1,ctxr,87744,58cea7e826dcf9b25c16ff6af4a958c3a35a908a
textures/flatlist/ovr_stm/_win/00746ff1.ctxr,textures/flatlist/ovr_stm/_win,00746ff1.ctxr,00746ff1,ctxr,175200,9a53a8ea97d52ce5faf502de72fb3f1c5f8a0e0c
textures/flatlist/ovr_stm/_win/00749dfd.ctxr,textures/flatlist/ovr_stm/_win,00749dfd.ctxr,00749dfd,ctxr,22176,fcf0a62462daf0b118008641da6be4b0818f0e70
textures/flatlist/ovr_stm/_win/00750ccd.ctxr,textures/flatlist/ovr_stm/_win,00750ccd.ctxr,00750ccd,ctxr,1398560,32a4b0113205070ce1e5f8ae84e550271f3892d4
textures/flatlist/ovr_stm/_win/00750d4d.ctxr,textures/flatlist/ovr_stm/_win,00750d4d.ctxr,00750d4d,ctxr,1398560,50d224334eb366822f7101d0e3253c6124d772cb
textures/flatlist/ovr_stm/_win/00750dcd.ctxr,textures/flatlist/ovr_stm/_win,00750dcd.ctxr,00750dcd,ctxr,1398560,9031dd01bae4c2fdd9840b01e7fa2e3397e4b965
textures/flatlist/ovr_stm/_win/007559f0.ctxr,textures/flatlist/ovr_stm/_win,007559f0.ctxr,007559f0,ctxr,175200,39d46eaf0e80f29c5d77976b9cac49da62cde1f8
textures/flatlist/ovr_stm/_win/00758632.ctxr,textures/flatlist/ovr_stm/_win,00758632.ctxr,00758632,ctxr,699552,767e500f94e573fe90bf24d9d991346cbeae1150
textures/flatlist/ovr_stm/_win/007627bc.ctxr,textures/flatlist/ovr_stm/_win,007627bc.ctxr,007627bc,ctxr,2796704,5615ef7cff6c9bede718a6bbec0ab0c07e39a3e9
textures/flatlist/ovr_stm/_win/0076283c.ctxr,textures/flatlist/ovr_stm/_win,0076283c.ctxr,0076283c,ctxr,5592896,d3dc77fdcd36d9f754542cbe1e6da5af4e739a1c
textures/flatlist/ovr_stm/_win/007628bc.ctxr,textures/flatlist/ovr_stm/_win,007628bc.ctxr,007628bc,ctxr,2796704,52a0bff839d8359a6f33ee7b2508161bcd1b20a0
textures/flatlist/ovr_stm/_win/0076293c.ctxr,textures/flatlist/ovr_stm/_win,0076293c.ctxr,0076293c,ctxr,2796704,a226c87f34a12565352af9a3e270abb8190a4b23
textures/flatlist/ovr_stm/_win/007629bc.ctxr,textures/flatlist/ovr_stm/_win,007629bc.ctxr,007629bc,ctxr,5592896,1103c3f1da4c903d358ca5e93e8df893e3c392a3
textures/flatlist/ovr_stm/_win/00762abc.ctxr,textures/flatlist/ovr_stm/_win,00762abc.ctxr,00762abc,ctxr,5592896,f23b3353793f44ca4e6fa80a8ae66bd3ca089be8
textures/flatlist/ovr_stm/_win/00762b3c.ctxr,textures/flatlist/ovr_stm/_win,00762b3c.ctxr,00762b3c,ctxr,2796704,47d7c30fcbba9d5a1972839b430c60db90181dfe
textures/flatlist/ovr_stm/_win/007636bc.ctxr,textures/flatlist/ovr_stm/_win,007636bc.ctxr,007636bc,ctxr,2796704,7f1667bfe321d6838283cc0c552d167c102017b5
textures/flatlist/ovr_stm/_win/0076373c.ctxr,textures/flatlist/ovr_stm/_win,0076373c.ctxr,0076373c,ctxr,2796704,a71567199a51840921c2b9828d30f197edb438ea
textures/flatlist/ovr_stm/_win/00764ad1.ctxr,textures/flatlist/ovr_stm/_win,00764ad1.ctxr,00764ad1,ctxr,87744,16c6bc24fefea03cb4be6470bbd84d0125cd032a
textures/flatlist/ovr_stm/_win/007655d8.ctxr,textures/flatlist/ovr_stm/_win,007655d8.ctxr,007655d8,ctxr,1398528,114c17b1601f3a9f2b23eae9b3aff882330c50ff
textures/flatlist/ovr_stm/_win/0076ad61.ctxr,textures/flatlist/ovr_stm/_win,0076ad61.ctxr,0076ad61,ctxr,2796704,3f070869e1551764087ab6f6e4afe3ef506a31ee
textures/flatlist/ovr_stm/_win/0076ad61_791fdad64710d9802f4adcf5d0f3db51.ctxr,textures/flatlist/ovr_stm/_win,0076ad61_791fdad64710d9802f4adcf5d0f3db51.ctxr,0076ad61_791fdad64710d9802f4adcf5d0f3db51,ctxr,2796704,b6392e38527dca9c034f8b4528e3ceea3df887f9
textures/flatlist/ovr_stm/_win/0076cd21.ctxr,textures/flatlist/ovr_stm/_win,0076cd21.ctxr,0076cd21,ctxr,699552,bab41f431fc82b783faf999d3e44954df02c8426
textures/flatlist/ovr_stm/_win/00774c18.ctxr,textures/flatlist/ovr_stm/_win,00774c18.ctxr,00774c18,ctxr,349952,7186cdd98c4a8fe7a816850ab0ade627c0484592
textures/flatlist/ovr_stm/_win/00784ad1.ctxr,textures/flatlist/ovr_stm/_win,00784ad1.ctxr,00784ad1,ctxr,87744,f8b0021b771e8b410ad1717847b60ef99e3889dc
textures/flatlist/ovr_stm/_win/0078980c.ctxr,textures/flatlist/ovr_stm/_win,0078980c.ctxr,0078980c,ctxr,2796672,b0c039617e6d9e41d0a1fc1d46e531ded576330e
textures/flatlist/ovr_stm/_win/0078adc6.ctxr,textures/flatlist/ovr_stm/_win,0078adc6.ctxr,0078adc6,ctxr,175200,4fac9a493ac877ae0e5e6563a896d8e3c90346cf
textures/flatlist/ovr_stm/_win/0079852b.ctxr,textures/flatlist/ovr_stm/_win,0079852b.ctxr,0079852b,ctxr,87776,19474b48ce091553b73fa3718863b4f6c8a85ea1
textures/flatlist/ovr_stm/_win/007995dc.ctxr,textures/flatlist/ovr_stm/_win,007995dc.ctxr,007995dc,ctxr,175200,8db878e0a32b1a57b73e6fb63261250daac2fa76
textures/flatlist/ovr_stm/_win/007a4ad1.ctxr,textures/flatlist/ovr_stm/_win,007a4ad1.ctxr,007a4ad1,ctxr,87744,676f3ad7288d9108e064e9f02a12060009098f5e
textures/flatlist/ovr_stm/_win/007a9dfd.ctxr,textures/flatlist/ovr_stm/_win,007a9dfd.ctxr,007a9dfd,ctxr,22176,257845345265fe82eb92528ef034dc187809c213
textures/flatlist/ovr_stm/_win/007b651a.ctxr,textures/flatlist/ovr_stm/_win,007b651a.ctxr,007b651a,ctxr,699552,c2bd1f7124684ea817feafb5949bd39a3b7e4803
textures/flatlist/ovr_stm/_win/007bb259.ctxr,textures/flatlist/ovr_stm/_win,007bb259.ctxr,007bb259,ctxr,699552,c72cc051453d6a35041068b88fd0186b768c9d71
textures/flatlist/ovr_stm/_win/007be718.ctxr,textures/flatlist/ovr_stm/_win,007be718.ctxr,007be718,ctxr,699488,b6ee7efa1483f32f6a923d693409eb20582dcf70
textures/flatlist/ovr_stm/_win/007c4ad1.ctxr,textures/flatlist/ovr_stm/_win,007c4ad1.ctxr,007c4ad1,ctxr,87744,e322db5a26d48d4cf37947b4fdc1a3c1ff19545b
textures/flatlist/ovr_stm/_win/007c9dfd.ctxr,textures/flatlist/ovr_stm/_win,007c9dfd.ctxr,007c9dfd,ctxr,44064,78d72eb944cbda7c0491781eee42c39b0ef0d5bf
textures/flatlist/ovr_stm/_win/007e4ad1.ctxr,textures/flatlist/ovr_stm/_win,007e4ad1.ctxr,007e4ad1,ctxr,87744,f8b6c77e6c3167a855b88fe696f9c2f77314c0ad
textures/flatlist/ovr_stm/_win/007f0488.ctxr,textures/flatlist/ovr_stm/_win,007f0488.ctxr,007f0488,ctxr,699552,283f6f3f6b20b2c1542f830a1bed5481b0f3ffe7
textures/flatlist/ovr_stm/_win/007f6817.ctxr,textures/flatlist/ovr_stm/_win,007f6817.ctxr,007f6817,ctxr,349984,996253096350fefd447cc1435215cd594ba6d1f5
textures/flatlist/ovr_stm/_win/00804ad1.ctxr,textures/flatlist/ovr_stm/_win,00804ad1.ctxr,00804ad1,ctxr,87744,00858810bb9fc95b3e25f8702b97cf74e0c7cc3c
textures/flatlist/ovr_stm/_win/00814bac.ctxr,textures/flatlist/ovr_stm/_win,00814bac.ctxr,00814bac,ctxr,349952,8507fc2865e7db8123e06727a9a6131899839968
textures/flatlist/ovr_stm/_win/00818625.ctxr,textures/flatlist/ovr_stm/_win,00818625.ctxr,00818625,ctxr,699520,1f12f241c4cbc33e2f927d31e00619b08922fd1c
textures/flatlist/ovr_stm/_win/0081f6b5.ctxr,textures/flatlist/ovr_stm/_win,0081f6b5.ctxr,0081f6b5,ctxr,349952,54ac24a65324883514e77be6fecbf4f60c08e9cd
textures/flatlist/ovr_stm/_win/00824ad1.ctxr,textures/flatlist/ovr_stm/_win,00824ad1.ctxr,00824ad1,ctxr,87744,ceb8c09270d2afb6439e13eeae051f5cfb7368f1
textures/flatlist/ovr_stm/_win/00829016.ctxr,textures/flatlist/ovr_stm/_win,00829016.ctxr,00829016,ctxr,22176,4abc41fefe865e9539dd440b783e7e80905bd77c
textures/flatlist/ovr_stm/_win/008387e2.ctxr,textures/flatlist/ovr_stm/_win,008387e2.ctxr,008387e2,ctxr,349920,d4491e727af2d5df12163a805af64473b72cdf62
textures/flatlist/ovr_stm/_win/0083fa46.ctxr,textures/flatlist/ovr_stm/_win,0083fa46.ctxr,0083fa46,ctxr,349984,dceed4fabb731861a5697bfa83a877392d9a6d36
textures/flatlist/ovr_stm/_win/00857db6.ctxr,textures/flatlist/ovr_stm/_win,00857db6.ctxr,00857db6,ctxr,349984,507c40694f2006bc2cd84bbb4701fc4c8c3c9b5a
textures/flatlist/ovr_stm/_win/0085a618.ctxr,textures/flatlist/ovr_stm/_win,0085a618.ctxr,0085a618,ctxr,1398560,ebb4608f545584a7f904437a90c6753b6631fb1d
textures/flatlist/ovr_stm/_win/0086a618.ctxr,textures/flatlist/ovr_stm/_win,0086a618.ctxr,0086a618,ctxr,22176,403ab5953c57fd5b0808087ba16b38b89a0934d5
textures/flatlist/ovr_stm/_win/00885728.ctxr,textures/flatlist/ovr_stm/_win,00885728.ctxr,00885728,ctxr,175200,f52876f7bdc12caa1ebd0367aa6df12f391bf1bd
textures/flatlist/ovr_stm/_win/0088b898.ctxr,textures/flatlist/ovr_stm/_win,0088b898.ctxr,0088b898,ctxr,175200,202cb9d88e928fc53744f5a78eca022b6b5f918f
textures/flatlist/ovr_stm/_win/0088c589.ctxr,textures/flatlist/ovr_stm/_win,0088c589.ctxr,0088c589,ctxr,11264,17ac5636cec188755d5b07d21b53da3e8453b5ce
textures/flatlist/ovr_stm/_win/00892df9.ctxr,textures/flatlist/ovr_stm/_win,00892df9.ctxr,00892df9,ctxr,11185312,74bb63361fd95abe7f388ef8b7d46fef707ad0fe
textures/flatlist/ovr_stm/_win/00895b43.ctxr,textures/flatlist/ovr_stm/_win,00895b43.ctxr,00895b43,ctxr,699488,a5c3598743d1503705581b8559c25b0096d27692
textures/flatlist/ovr_stm/_win/0089a618.ctxr,textures/flatlist/ovr_stm/_win,0089a618.ctxr,0089a618,ctxr,349920,4229d9a09bc835b593fb397882aa2827e4eebb33
textures/flatlist/ovr_stm/_win/008a2128.ctxr,textures/flatlist/ovr_stm/_win,008a2128.ctxr,008a2128,ctxr,349984,f6e7dd98be9558b3c7d6267dd53b39f422e06c8f
textures/flatlist/ovr_stm/_win/008a8469.ctxr,textures/flatlist/ovr_stm/_win,008a8469.ctxr,008a8469,ctxr,699520,6e7e3532c697a6d8e6402b2fab7cde6cf90a5e16
textures/flatlist/ovr_stm/_win/008aa618.ctxr,textures/flatlist/ovr_stm/_win,008aa618.ctxr,008aa618,ctxr,349920,8d5e43d21ba58da6543fa248302565988806a6b9
textures/flatlist/ovr_stm/_win/008c21a4.ctxr,textures/flatlist/ovr_stm/_win,008c21a4.ctxr,008c21a4,ctxr,2796672,6983d5f975c0b3d04e773f709a7ef1a882c859da
textures/flatlist/ovr_stm/_win/008c4aba.ctxr,textures/flatlist/ovr_stm/_win,008c4aba.ctxr,008c4aba,ctxr,699552,52e207ddc8620351f1ffa00938209fe3341ec201
textures/flatlist/ovr_stm/_win/008c9a00.ctxr,textures/flatlist/ovr_stm/_win,008c9a00.ctxr,008c9a00,ctxr,1398560,334299442540c825b4ddc81b42177bdb344e99e7
textures/flatlist/ovr_stm/_win/008cbb54.ctxr,textures/flatlist/ovr_stm/_win,008cbb54.ctxr,008cbb54,ctxr,349984,5e9d50212c846728564bacabfe6742b61a1954b0
textures/flatlist/ovr_stm/_win/008cc589.ctxr,textures/flatlist/ovr_stm/_win,008cc589.ctxr,008cc589,ctxr,175200,3918c8dc8a8c96fc111427e344cadbbbb578ecde
textures/flatlist/ovr_stm/_win/008d752c.ctxr,textures/flatlist/ovr_stm/_win,008d752c.ctxr,008d752c,ctxr,175232,7af23ad1f05eff476fffc29207c1cd713c7c12ac
textures/flatlist/ovr_stm/_win/008db9df.ctxr,textures/flatlist/ovr_stm/_win,008db9df.ctxr,008db9df,ctxr,699488,55c78fefe1418abaddf0baf3f1dbf404e8fe6455
textures/flatlist/ovr_stm/_win/008dbe37.ctxr,textures/flatlist/ovr_stm/_win,008dbe37.ctxr,008dbe37,ctxr,1398560,9129666128d40a002e02e794fe3a93649dc3d568
textures/flatlist/ovr_stm/_win/0090e672.ctxr,textures/flatlist/ovr_stm/_win,0090e672.ctxr,0090e672,ctxr,5592864,443dd4534c3b1b1f0bc41ba69e205ca451472553
textures/flatlist/ovr_stm/_win/0090e772.ctxr,textures/flatlist/ovr_stm/_win,0090e772.ctxr,0090e772,ctxr,5592864,452feebe7852465ba91f2c445ed205043da6fec3
textures/flatlist/ovr_stm/_win/0091a721.ctxr,textures/flatlist/ovr_stm/_win,0091a721.ctxr,0091a721,ctxr,44064,2cb4e136c1424bd9eb267c66ddfd97a32a8db7af
textures/flatlist/ovr_stm/_win/00925410.ctxr,textures/flatlist/ovr_stm/_win,00925410.ctxr,00925410,ctxr,87776,70419c70c0d033f02da53d0d146ee65f199f4933
textures/flatlist/ovr_stm/_win/0092ec26.ctxr,textures/flatlist/ovr_stm/_win,0092ec26.ctxr,0092ec26,ctxr,175200,4c9963c44a90a9c8f9cafe998be476ea9b960871
textures/flatlist/ovr_stm/_win/0092f25f.ctxr,textures/flatlist/ovr_stm/_win,0092f25f.ctxr,0092f25f,ctxr,349984,5060ddaca80b9ba5f1d277e9d8f1269c060905af
textures/flatlist/ovr_stm/_win/00938001.ctxr,textures/flatlist/ovr_stm/_win,00938001.ctxr,00938001,ctxr,699552,b170cd7b9d9914af4387a23aa7e079682f661be8
textures/flatlist/ovr_stm/_win/0093cba3.ctxr,textures/flatlist/ovr_stm/_win,0093cba3.ctxr,0093cba3,ctxr,175200,f59331c7cede8f7bf0199cdc5769c611f24e2145
textures/flatlist/ovr_stm/_win/00940ccd.ctxr,textures/flatlist/ovr_stm/_win,00940ccd.ctxr,00940ccd,ctxr,1398560,29c4f9b1d0e3114e330eb4e698dff3bf7171e74d
textures/flatlist/ovr_stm/_win/00940d4d.ctxr,textures/flatlist/ovr_stm/_win,00940d4d.ctxr,00940d4d,ctxr,1398560,6442e5da9be033f76bc1cb834af24ca84fe7ad08
textures/flatlist/ovr_stm/_win/00940dcd.ctxr,textures/flatlist/ovr_stm/_win,00940dcd.ctxr,00940dcd,ctxr,1398560,9f86a2c3b9cfc3d828307b22e54ff64ff4f3c0ad
textures/flatlist/ovr_stm/_win/0094533a.ctxr,textures/flatlist/ovr_stm/_win,0094533a.ctxr,0094533a,ctxr,699488,ca057f0da071117e2e8df1d2e85838ae633469af
textures/flatlist/ovr_stm/_win/0094b8a4.ctxr,textures/flatlist/ovr_stm/_win,0094b8a4.ctxr,0094b8a4,ctxr,44064,a4d9663ba4034add18028c4684d98c721d2b7b40
textures/flatlist/ovr_stm/_win/0094c618.ctxr,textures/flatlist/ovr_stm/_win,0094c618.ctxr,0094c618,ctxr,175200,c3da5693af4b5829052b00e79590dd4775a9c6ca
textures/flatlist/ovr_stm/_win/0094c618_302caf9734786b4cc1f4a66a958a6df1.ctxr,textures/flatlist/ovr_stm/_win,0094c618_302caf9734786b4cc1f4a66a958a6df1.ctxr,0094c618_302caf9734786b4cc1f4a66a958a6df1,ctxr,699552,a283101ac226f5cc910da0ff4b1619a389c11120
textures/flatlist/ovr_stm/_win/009527bc.ctxr,textures/flatlist/ovr_stm/_win,009527bc.ctxr,009527bc,ctxr,2796704,fbba1fc97195be1a086ac27317e1ff194647103d
textures/flatlist/ovr_stm/_win/0095283c.ctxr,textures/flatlist/ovr_stm/_win,0095283c.ctxr,0095283c,ctxr,5592896,6b0497a441c128be0d63b2409a6668e9be40efa3
textures/flatlist/ovr_stm/_win/009528bc.ctxr,textures/flatlist/ovr_stm/_win,009528bc.ctxr,009528bc,ctxr,2796704,d9d5eab2747d59ae76f2e70e40157b3ab0352b88
textures/flatlist/ovr_stm/_win/0095293c.ctxr,textures/flatlist/ovr_stm/_win,0095293c.ctxr,0095293c,ctxr,5592896,5531c604b967392348a8662da9a80e7fc15a49e6
textures/flatlist/ovr_stm/_win/009529bc.ctxr,textures/flatlist/ovr_stm/_win,009529bc.ctxr,009529bc,ctxr,5592896,5c6e8e2006f10f90c97242fa3a0f3cd3d13783f2
textures/flatlist/ovr_stm/_win/00952abc.ctxr,textures/flatlist/ovr_stm/_win,00952abc.ctxr,00952abc,ctxr,5592896,bb8f412f2cb5b828cc4637a0033dccbe09679880
textures/flatlist/ovr_stm/_win/00952b3c.ctxr,textures/flatlist/ovr_stm/_win,00952b3c.ctxr,00952b3c,ctxr,2796704,5681901f978eaeba031334424a2aa98255387940
textures/flatlist/ovr_stm/_win/009536bc.ctxr,textures/flatlist/ovr_stm/_win,009536bc.ctxr,009536bc,ctxr,2796704,337535d782ada445f5a6c4f374e405ec174de72a
textures/flatlist/ovr_stm/_win/0095373c.ctxr,textures/flatlist/ovr_stm/_win,0095373c.ctxr,0095373c,ctxr,2796704,a05af0772ae0a7d6d992291262365dea69beb0ee
textures/flatlist/ovr_stm/_win/0095cb32.ctxr,textures/flatlist/ovr_stm/_win,0095cb32.ctxr,0095cb32,ctxr,1398592,40748481e588d4c7bbbc37ee592cb4dacc27c2d0
textures/flatlist/ovr_stm/_win/0096e12a.ctxr,textures/flatlist/ovr_stm/_win,0096e12a.ctxr,0096e12a,ctxr,349984,faf71fe46fe44f43d006ac8e11e06e4d3b75bba2
textures/flatlist/ovr_stm/_win/00985407.ctxr,textures/flatlist/ovr_stm/_win,00985407.ctxr,00985407,ctxr,699552,13aea33f323106109b97771928077a346d5235d0
textures/flatlist/ovr_stm/_win/0098f24a.ctxr,textures/flatlist/ovr_stm/_win,0098f24a.ctxr,0098f24a,ctxr,87776,e6572e602f35038b3928dbfe7a768a814503d1ec
textures/flatlist/ovr_stm/_win/0099a618.ctxr,textures/flatlist/ovr_stm/_win,0099a618.ctxr,0099a618,ctxr,1398528,0a6af0b5e743360050a44bd2db8dcdc7334f7508
textures/flatlist/ovr_stm/_win/0099b8a4.ctxr,textures/flatlist/ovr_stm/_win,0099b8a4.ctxr,0099b8a4,ctxr,44064,b418b0e0c2e4f678c4097f9524e21335c62b423b
textures/flatlist/ovr_stm/_win/009ac0bf.ctxr,textures/flatlist/ovr_stm/_win,009ac0bf.ctxr,009ac0bf,ctxr,11185312,d327e35af90c4ae4f3e6280147c605eaedcf0904
textures/flatlist/ovr_stm/_win/009bc0bf.ctxr,textures/flatlist/ovr_stm/_win,009bc0bf.ctxr,009bc0bf,ctxr,11185312,ac83834fca22e8c95a5f320ce3605b986e95eb4a
textures/flatlist/ovr_stm/_win/009cc0bf.ctxr,textures/flatlist/ovr_stm/_win,009cc0bf.ctxr,009cc0bf,ctxr,175168,5595b075e3ccd615e64a8f615134cc1489690402
textures/flatlist/ovr_stm/_win/009dbc16.ctxr,textures/flatlist/ovr_stm/_win,009dbc16.ctxr,009dbc16,ctxr,87744,85869760a13b6eb04c1999c0b184009048145aae
textures/flatlist/ovr_stm/_win/009df079.ctxr,textures/flatlist/ovr_stm/_win,009df079.ctxr,009df079,ctxr,349984,88c1f03d4577a241cfe1f61cd60d9586bff339ff
textures/flatlist/ovr_stm/_win/009e0995.ctxr,textures/flatlist/ovr_stm/_win,009e0995.ctxr,009e0995,ctxr,2796672,63dfb0b843ef5490639c73951e62bd32cbe2c961
textures/flatlist/ovr_stm/_win/009eafa1.ctxr,textures/flatlist/ovr_stm/_win,009eafa1.ctxr,009eafa1,ctxr,349920,8f7f085456146aca7e38232e13e282f389661db9
textures/flatlist/ovr_stm/_win/009ebc16.ctxr,textures/flatlist/ovr_stm/_win,009ebc16.ctxr,009ebc16,ctxr,349952,746a151b5fac951102b0e3ee9673d318e23ab574
textures/flatlist/ovr_stm/_win/009f0995.ctxr,textures/flatlist/ovr_stm/_win,009f0995.ctxr,009f0995,ctxr,2796672,808dac16e60eeccc49cd6ef7c4add58ab8b2470d
textures/flatlist/ovr_stm/_win/009f2fba.ctxr,textures/flatlist/ovr_stm/_win,009f2fba.ctxr,009f2fba,ctxr,699552,5a8661cc2fb4f8222b4f06a5e3c394e22d95cdb7
textures/flatlist/ovr_stm/_win/009fa21b.ctxr,textures/flatlist/ovr_stm/_win,009fa21b.ctxr,009fa21b,ctxr,699520,32fb2140398ec873b463e090f1fcc1b27a57efb8
textures/flatlist/ovr_stm/_win/009fafa1.ctxr,textures/flatlist/ovr_stm/_win,009fafa1.ctxr,009fafa1,ctxr,1398528,a5c9e7c3a89340323aa4a4fdeb5d1be6fedafbe4
textures/flatlist/ovr_stm/_win/009fbc16.ctxr,textures/flatlist/ovr_stm/_win,009fbc16.ctxr,009fbc16,ctxr,22176,1a9180888c4b513f69b58e69d98251fb5d6f465f
textures/flatlist/ovr_stm/_win/00a093d7.ctxr,textures/flatlist/ovr_stm/_win,00a093d7.ctxr,00a093d7,ctxr,699552,e3201c871b6c0d18f15deed5940dfdeb237d8e0c
textures/flatlist/ovr_stm/_win/00a0bc16.ctxr,textures/flatlist/ovr_stm/_win,00a0bc16.ctxr,00a0bc16,ctxr,699488,327f4f2c808d7b3b30eb331d188079ccfa43671a
textures/flatlist/ovr_stm/_win/00a127a1.ctxr,textures/flatlist/ovr_stm/_win,00a127a1.ctxr,00a127a1,ctxr,175200,34dd5a732fdb61f8a8d5003b710ac05e843d3df1
textures/flatlist/ovr_stm/_win/00a1bc16.ctxr,textures/flatlist/ovr_stm/_win,00a1bc16.ctxr,00a1bc16,ctxr,1398592,7828a3cf19c8821060a4adfe226b83479ddd52d1
textures/flatlist/ovr_stm/_win/00a225a6.ctxr,textures/flatlist/ovr_stm/_win,00a225a6.ctxr,00a225a6,ctxr,22370112,dd754a33dcd258649b304f7f61540b951c132062
textures/flatlist/ovr_stm/_win/00a325a6.ctxr,textures/flatlist/ovr_stm/_win,00a325a6.ctxr,00a325a6,ctxr,22370112,194537651f9d98820c3b5f73898f47c848db7219
textures/flatlist/ovr_stm/_win/00a415a4.ctxr,textures/flatlist/ovr_stm/_win,00a415a4.ctxr,00a415a4,ctxr,22176,2b234b666d62e56eb27019923851ac48d23484c3
textures/flatlist/ovr_stm/_win/00a4b8a4.ctxr,textures/flatlist/ovr_stm/_win,00a4b8a4.ctxr,00a4b8a4,ctxr,44064,21648ad1473d1e0fc4b73e1fd39bf81612960beb
textures/flatlist/ovr_stm/_win/00a628ba.ctxr,textures/flatlist/ovr_stm/_win,00a628ba.ctxr,00a628ba,ctxr,699552,6af7ebfc29d465de9d3d756a80c5255652ddd776
textures/flatlist/ovr_stm/_win/00a69783.ctxr,textures/flatlist/ovr_stm/_win,00a69783.ctxr,00a69783,ctxr,699520,e85eed9f6ee50d1aed62c6e3b51737a13c9d4b76
textures/flatlist/ovr_stm/_win/00a891e2.ctxr,textures/flatlist/ovr_stm/_win,00a891e2.ctxr,00a891e2,ctxr,87744,707d221e5b25d807c98824e3cbbf035f9cfc1092
textures/flatlist/ovr_stm/_win/00a936cb.ctxr,textures/flatlist/ovr_stm/_win,00a936cb.ctxr,00a936cb,ctxr,699552,0fdd92c6c82167f3b10a994215627245ace45ddc
textures/flatlist/ovr_stm/_win/00aa83e6.ctxr,textures/flatlist/ovr_stm/_win,00aa83e6.ctxr,00aa83e6,ctxr,175200,9d760c16851b957ed6c4a24472bc3b58e18a9ba9
textures/flatlist/ovr_stm/_win/00acbe37.ctxr,textures/flatlist/ovr_stm/_win,00acbe37.ctxr,00acbe37,ctxr,1398560,82f008f6df5648fb926399c618067bc9e2d22e39
textures/flatlist/ovr_stm/_win/00ad7f33.ctxr,textures/flatlist/ovr_stm/_win,00ad7f33.ctxr,00ad7f33,ctxr,699552,2a827dafb78a7cc98e83c1f1f23bd4de33fa63eb
textures/flatlist/ovr_stm/_win/00adb42a.ctxr,textures/flatlist/ovr_stm/_win,00adb42a.ctxr,00adb42a,ctxr,699552,5649ab7a837d9ed532d810a3c9dfce09c6d6a255
textures/flatlist/ovr_stm/_win/00aeb10a.ctxr,textures/flatlist/ovr_stm/_win,00aeb10a.ctxr,00aeb10a,ctxr,22370112,7a0b5eba935f742613c4713146ec594cd6095854
textures/flatlist/ovr_stm/_win/00aeebfc.ctxr,textures/flatlist/ovr_stm/_win,00aeebfc.ctxr,00aeebfc,ctxr,349984,301ca24b3fa27c80b994fba3becd0fdd2718b1a8
textures/flatlist/ovr_stm/_win/00af4bac.ctxr,textures/flatlist/ovr_stm/_win,00af4bac.ctxr,00af4bac,ctxr,349952,2f9e276611d7ef5085660c3333347021e15b2000
textures/flatlist/ovr_stm/_win/00af9412.ctxr,textures/flatlist/ovr_stm/_win,00af9412.ctxr,00af9412,ctxr,699488,d08a52080dea94333226df29f8ee56458b879e67
textures/flatlist/ovr_stm/_win/00afab44.ctxr,textures/flatlist/ovr_stm/_win,00afab44.ctxr,00afab44,ctxr,349984,5973926182b15f507a13f80c9696888cde4861ad
textures/flatlist/ovr_stm/_win/00afb274.ctxr,textures/flatlist/ovr_stm/_win,00afb274.ctxr,00afb274,ctxr,22176,47e6297fceac42d9bf9600f01138c7be31d7c698
textures/flatlist/ovr_stm/_win/00afbbc9.ctxr,textures/flatlist/ovr_stm/_win,00afbbc9.ctxr,00afbbc9,ctxr,349984,7c290c73db092420798e0dd721d12e6d4f893f23
textures/flatlist/ovr_stm/_win/00b02021.ctxr,textures/flatlist/ovr_stm/_win,00b02021.ctxr,00b02021,ctxr,699552,59f4f613477c6411f996c339c1ac4330c30c823a
textures/flatlist/ovr_stm/_win/00b04ad1.ctxr,textures/flatlist/ovr_stm/_win,00b04ad1.ctxr,00b04ad1,ctxr,87744,cdb63970f7f129eb27ba61da65d09c89b3b8e32d
textures/flatlist/ovr_stm/_win/00b087b2.ctxr,textures/flatlist/ovr_stm/_win,00b087b2.ctxr,00b087b2,ctxr,5592864,83b21d2a433974a4a711f8936c67f5fda69126c2
textures/flatlist/ovr_stm/_win/00b12021.ctxr,textures/flatlist/ovr_stm/_win,00b12021.ctxr,00b12021,ctxr,699552,b29fcf5cf057e2133976e919df522a5ee4e3c53b
textures/flatlist/ovr_stm/_win/00b15410.ctxr,textures/flatlist/ovr_stm/_win,00b15410.ctxr,00b15410,ctxr,87776,8ae374b115e9658bc1e8f2bed8bf2fe7435f834f
textures/flatlist/ovr_stm/_win/00b22021.ctxr,textures/flatlist/ovr_stm/_win,00b22021.ctxr,00b22021,ctxr,699552,b3b17bf26c93d09c71db822a74856c8a8d2b3399
textures/flatlist/ovr_stm/_win/00b24ad1.ctxr,textures/flatlist/ovr_stm/_win,00b24ad1.ctxr,00b24ad1,ctxr,87744,ecbdb5c8f7d814ae6d8483b0dd8a8105e39a38c8
textures/flatlist/ovr_stm/_win/00b25d10.ctxr,textures/flatlist/ovr_stm/_win,00b25d10.ctxr,00b25d10,ctxr,175168,1e9516488005867d1f2ab10e8c2bea487d3717d6
textures/flatlist/ovr_stm/_win/00b32021.ctxr,textures/flatlist/ovr_stm/_win,00b32021.ctxr,00b32021,ctxr,699552,418b96c0dad176cba33b47f119e2086057941f87
textures/flatlist/ovr_stm/_win/00b33503.ctxr,textures/flatlist/ovr_stm/_win,00b33503.ctxr,00b33503,ctxr,349984,c69ea15540500e98f5bac276f2f9606e7605aef0
textures/flatlist/ovr_stm/_win/00b3cb78.ctxr,textures/flatlist/ovr_stm/_win,00b3cb78.ctxr,00b3cb78,ctxr,699552,f0c1cd26dfb828879e7e3edfd3ba2df61e9e869e
textures/flatlist/ovr_stm/_win/00b42021.ctxr,textures/flatlist/ovr_stm/_win,00b42021.ctxr,00b42021,ctxr,699552,5fbfe0dcf3462f3c79b505a55785ef8ae5d6798b
textures/flatlist/ovr_stm/_win/00b44ad1.ctxr,textures/flatlist/ovr_stm/_win,00b44ad1.ctxr,00b44ad1,ctxr,87744,6d69d5c8cc6e3d17648596b10cbfb7fd2022f047
textures/flatlist/ovr_stm/_win/00b64ad1.ctxr,textures/flatlist/ovr_stm/_win,00b64ad1.ctxr,00b64ad1,ctxr,87744,9ce24c8f9054cccf1c49b5eb26a06dcb966ce09a
textures/flatlist/ovr_stm/_win/00b6ea23.ctxr,textures/flatlist/ovr_stm/_win,00b6ea23.ctxr,00b6ea23,ctxr,11185312,2e1b42e543e57975d2dfc80d478d30729068e5ba
textures/flatlist/ovr_stm/_win/00b6eb2c.ctxr,textures/flatlist/ovr_stm/_win,00b6eb2c.ctxr,00b6eb2c,ctxr,1398592,42069b7b16640c90445b00884575d99e3553ae48
textures/flatlist/ovr_stm/_win/00b84ad1.ctxr,textures/flatlist/ovr_stm/_win,00b84ad1.ctxr,00b84ad1,ctxr,87744,b7913817a9389651de2f263ae7126fbb66fbaae1
textures/flatlist/ovr_stm/_win/00b89205.ctxr,textures/flatlist/ovr_stm/_win,00b89205.ctxr,00b89205,ctxr,349984,2bd5c617e89ad802644fa15586eec8441c4b7e7c
textures/flatlist/ovr_stm/_win/00b99205.ctxr,textures/flatlist/ovr_stm/_win,00b99205.ctxr,00b99205,ctxr,349984,0ee0c5bbc7e31da08f630204eb081bca9cd9fbc1
textures/flatlist/ovr_stm/_win/00ba4ad1.ctxr,textures/flatlist/ovr_stm/_win,00ba4ad1.ctxr,00ba4ad1,ctxr,87744,c73b55554648321fd37c47fe9be5537124dd59bc
textures/flatlist/ovr_stm/_win/00ba619d.ctxr,textures/flatlist/ovr_stm/_win,00ba619d.ctxr,00ba619d,ctxr,349984,df28f8ff1bab25d947b4b473f9afc4518c0f56ea
textures/flatlist/ovr_stm/_win/00ba9205.ctxr,textures/flatlist/ovr_stm/_win,00ba9205.ctxr,00ba9205,ctxr,175200,015990f388e12d4ba869382c56409b98c9e410f7
textures/flatlist/ovr_stm/_win/00bb5e27.ctxr,textures/flatlist/ovr_stm/_win,00bb5e27.ctxr,00bb5e27,ctxr,349984,6c2c5dac49be0f3425a9a645156c6adc091f3ba7
textures/flatlist/ovr_stm/_win/00bb9205.ctxr,textures/flatlist/ovr_stm/_win,00bb9205.ctxr,00bb9205,ctxr,175200,cabd5a12be467cbf794cc028d9c41a16e27424af
textures/flatlist/ovr_stm/_win/00bc4ad1.ctxr,textures/flatlist/ovr_stm/_win,00bc4ad1.ctxr,00bc4ad1,ctxr,87744,7c61fdd98430c737b3c45d71f88cb14e6f06f4d3
textures/flatlist/ovr_stm/_win/00bc9205.ctxr,textures/flatlist/ovr_stm/_win,00bc9205.ctxr,00bc9205,ctxr,349984,ded80ba96e6be0d91a45e942cb3cbbf24d448482
textures/flatlist/ovr_stm/_win/00be4ad1.ctxr,textures/flatlist/ovr_stm/_win,00be4ad1.ctxr,00be4ad1,ctxr,87744,70650ec4946eb56cc9ed50ddc1399eaf375e69bb
textures/flatlist/ovr_stm/_win/00be80b9.ctxr,textures/flatlist/ovr_stm/_win,00be80b9.ctxr,00be80b9,ctxr,349984,003b4f2f1209a779f6e653ee056b83e6dab8e67b
textures/flatlist/ovr_stm/_win/00bf085a.ctxr,textures/flatlist/ovr_stm/_win,00bf085a.ctxr,00bf085a,ctxr,349984,f3c800fc08bb5e503c75f7ed9e8274187da5e3a9
textures/flatlist/ovr_stm/_win/00bfbb06.ctxr,textures/flatlist/ovr_stm/_win,00bfbb06.ctxr,00bfbb06,ctxr,699520,58882d06a90618e74f48be09d312bd541508d38d
textures/flatlist/ovr_stm/_win/00c04ad1.ctxr,textures/flatlist/ovr_stm/_win,00c04ad1.ctxr,00c04ad1,ctxr,87744,97dfb7df824d3cee464e045e2fd256b4d446cfa1
textures/flatlist/ovr_stm/_win/00c10972.ctxr,textures/flatlist/ovr_stm/_win,00c10972.ctxr,00c10972,ctxr,349984,24310e092c7cf36d5986846762edb1eae0b0bcdd
textures/flatlist/ovr_stm/_win/00c12eaf.ctxr,textures/flatlist/ovr_stm/_win,00c12eaf.ctxr,00c12eaf,ctxr,699552,b429c39476cd21a878a5e0e0cac527c4509362cc
textures/flatlist/ovr_stm/_win/00c24ad1.ctxr,textures/flatlist/ovr_stm/_win,00c24ad1.ctxr,00c24ad1,ctxr,87744,6f02915909e1676a99a5dc21145bd5e15e65b371
textures/flatlist/ovr_stm/_win/00c2df96.ctxr,textures/flatlist/ovr_stm/_win,00c2df96.ctxr,00c2df96,ctxr,175200,9f9b8000840f322a07d2df8f69decf5b25e7e514
textures/flatlist/ovr_stm/_win/00c3e4f6.ctxr,textures/flatlist/ovr_stm/_win,00c3e4f6.ctxr,00c3e4f6,ctxr,349984,dd7609e693908631cd77c30b4aff6bc662c28a81
textures/flatlist/ovr_stm/_win/00c45897.ctxr,textures/flatlist/ovr_stm/_win,00c45897.ctxr,00c45897,ctxr,699488,75d4895e3decc09b8643078030a2f134a784cfb7
textures/flatlist/ovr_stm/_win/00c489c5.ctxr,textures/flatlist/ovr_stm/_win,00c489c5.ctxr,00c489c5,ctxr,349952,646538d32d4021ebbc82d8a66011d3fa67a51876
textures/flatlist/ovr_stm/_win/00c4b02d.ctxr,textures/flatlist/ovr_stm/_win,00c4b02d.ctxr,00c4b02d,ctxr,349984,ca7c362be4cdc437834c769cdc10e6c10a2c0443
textures/flatlist/ovr_stm/_win/00c4c778.ctxr,textures/flatlist/ovr_stm/_win,00c4c778.ctxr,00c4c778,ctxr,175200,79a98e4186b8b4296ed9e2dbe1c5a04c692126a9
textures/flatlist/ovr_stm/_win/00c59475.ctxr,textures/flatlist/ovr_stm/_win,00c59475.ctxr,00c59475,ctxr,175200,718ca95af9a41b394ab13a9625505d5a477717aa
textures/flatlist/ovr_stm/_win/00c5a254.ctxr,textures/flatlist/ovr_stm/_win,00c5a254.ctxr,00c5a254,ctxr,22370112,18c1cf11c6fd24c677ad480acdfe82c5eddbfb83
textures/flatlist/ovr_stm/_win/00c5a3fd.ctxr,textures/flatlist/ovr_stm/_win,00c5a3fd.ctxr,00c5a3fd,ctxr,1398560,9bc537e4227ef97da2a4bc10714cd63cc72349ff
textures/flatlist/ovr_stm/_win/00c6157c.ctxr,textures/flatlist/ovr_stm/_win,00c6157c.ctxr,00c6157c,ctxr,349984,4485c4989bc87443fb56010808e8120fab574b49
textures/flatlist/ovr_stm/_win/00c687d4.ctxr,textures/flatlist/ovr_stm/_win,00c687d4.ctxr,00c687d4,ctxr,349920,25ecbf16603162548267574cc90ffa3fd7ebe0ee
textures/flatlist/ovr_stm/_win/00c6e6ab.ctxr,textures/flatlist/ovr_stm/_win,00c6e6ab.ctxr,00c6e6ab,ctxr,22176,b9aedb72de7d863e8b2e532a85fbe428a95aa958
textures/flatlist/ovr_stm/_win/00c6feb6.ctxr,textures/flatlist/ovr_stm/_win,00c6feb6.ctxr,00c6feb6,ctxr,349984,ed65136200ea901d1f993aabe88cbefb83fc6f6b
textures/flatlist/ovr_stm/_win/00c6fef1.ctxr,textures/flatlist/ovr_stm/_win,00c6fef1.ctxr,00c6fef1,ctxr,11185312,e503a2d18696650913966ed8db2517ebdf474cdb
textures/flatlist/ovr_stm/_win/00c7d5a7.ctxr,textures/flatlist/ovr_stm/_win,00c7d5a7.ctxr,00c7d5a7,ctxr,699552,31e07f004f135e45a11745b8c0ca7411f34a6c71
textures/flatlist/ovr_stm/_win/00c87354.ctxr,textures/flatlist/ovr_stm/_win,00c87354.ctxr,00c87354,ctxr,22370112,d31d74461fc4f3f8cc5e3320d356769847019c7e
textures/flatlist/ovr_stm/_win/00c8e1b5.ctxr,textures/flatlist/ovr_stm/_win,00c8e1b5.ctxr,00c8e1b5,ctxr,699552,2a039539cc2b94a7a52b9dd7af0811a7895fd903
textures/flatlist/ovr_stm/_win/00c9e1b5.ctxr,textures/flatlist/ovr_stm/_win,00c9e1b5.ctxr,00c9e1b5,ctxr,699552,c4b9696692750510f23cee18816d7a83b334b062
textures/flatlist/ovr_stm/_win/00ca1816.ctxr,textures/flatlist/ovr_stm/_win,00ca1816.ctxr,00ca1816,ctxr,699552,4b7c56b4c6242ccbed838bd28109d1d6cc2d4372
textures/flatlist/ovr_stm/_win/00ca3f11.ctxr,textures/flatlist/ovr_stm/_win,00ca3f11.ctxr,00ca3f11,ctxr,699552,ea86a5f58e378559b5b76c6972fd7e636c3b95bd
textures/flatlist/ovr_stm/_win/00cada49.ctxr,textures/flatlist/ovr_stm/_win,00cada49.ctxr,00cada49,ctxr,699552,056bf3bedfb2c6d25ee481f5dad6447f52a94a27
textures/flatlist/ovr_stm/_win/00cb303d.ctxr,textures/flatlist/ovr_stm/_win,00cb303d.ctxr,00cb303d,ctxr,22370112,72605c2fb181ddb4a675edce95ac336709fb2c63
textures/flatlist/ovr_stm/_win/00cb3f11.ctxr,textures/flatlist/ovr_stm/_win,00cb3f11.ctxr,00cb3f11,ctxr,699552,660e51bc966b5be400502052265d799149da82fb
textures/flatlist/ovr_stm/_win/00cc15b7.ctxr,textures/flatlist/ovr_stm/_win,00cc15b7.ctxr,00cc15b7,ctxr,699552,95507c3148451758053cf1b8f3278cb995fa4d3f
textures/flatlist/ovr_stm/_win/00ccb0a6.ctxr,textures/flatlist/ovr_stm/_win,00ccb0a6.ctxr,00ccb0a6,ctxr,699520,2a2508c65ae1776a001c8ecbffc75923f0546095
textures/flatlist/ovr_stm/_win/00cd360c.ctxr,textures/flatlist/ovr_stm/_win,00cd360c.ctxr,00cd360c,ctxr,699552,1c7b693d65fe28b15cde666fe9c0e64144ba3116
textures/flatlist/ovr_stm/_win/00cd868e.ctxr,textures/flatlist/ovr_stm/_win,00cd868e.ctxr,00cd868e,ctxr,175200,6f95ed7428c0e525c3fa3b80fa2f9a955f4aa027
textures/flatlist/ovr_stm/_win/00cda6c1.ctxr,textures/flatlist/ovr_stm/_win,00cda6c1.ctxr,00cda6c1,ctxr,11185312,5c3fac3243974b2bcad7a2e228384131a752c501
textures/flatlist/ovr_stm/_win/00cdb0a6.ctxr,textures/flatlist/ovr_stm/_win,00cdb0a6.ctxr,00cdb0a6,ctxr,1398592,3d3f8c45cf375be9bb24b50adbf63d2021cad8a5
textures/flatlist/ovr_stm/_win/00cdeba7.ctxr,textures/flatlist/ovr_stm/_win,00cdeba7.ctxr,00cdeba7,ctxr,175200,456b523ca30dc31a45e86565117332829044671e
textures/flatlist/ovr_stm/_win/00ce4bac.ctxr,textures/flatlist/ovr_stm/_win,00ce4bac.ctxr,00ce4bac,ctxr,349952,1a564f6076eb27664fe8814751d94bfb8aa03f7d
textures/flatlist/ovr_stm/_win/00ce999d.ctxr,textures/flatlist/ovr_stm/_win,00ce999d.ctxr,00ce999d,ctxr,349952,2d58f4df40006e5fef371306c3126f598bbd896b
textures/flatlist/ovr_stm/_win/00ceb0a6.ctxr,textures/flatlist/ovr_stm/_win,00ceb0a6.ctxr,00ceb0a6,ctxr,1398592,81eee0996e56f86798d0a71c1c1cf0b4790c7104
textures/flatlist/ovr_stm/_win/00ceeba7.ctxr,textures/flatlist/ovr_stm/_win,00ceeba7.ctxr,00ceeba7,ctxr,175200,51edaa1bd6697d16f89a584ad884221380aa0197
textures/flatlist/ovr_stm/_win/00cf1e6a.ctxr,textures/flatlist/ovr_stm/_win,00cf1e6a.ctxr,00cf1e6a,ctxr,2796672,baa6409e7a4285e1b3909472557f2fb9fc2374f9
textures/flatlist/ovr_stm/_win/00cfb0a6.ctxr,textures/flatlist/ovr_stm/_win,00cfb0a6.ctxr,00cfb0a6,ctxr,175168,dba276ede69175d4b7cbd697195f0a216eed7343
textures/flatlist/ovr_stm/_win/00cfe11e.ctxr,textures/flatlist/ovr_stm/_win,00cfe11e.ctxr,00cfe11e,ctxr,349984,d6ceae57224df6031743d43e4d5a8c4a9914b011
textures/flatlist/ovr_stm/_win/00cfeba7.ctxr,textures/flatlist/ovr_stm/_win,00cfeba7.ctxr,00cfeba7,ctxr,349984,8de74a3dadd9dad4be42bb7558128dd9c4cf52dd
textures/flatlist/ovr_stm/_win/00d0b0a6.ctxr,textures/flatlist/ovr_stm/_win,00d0b0a6.ctxr,00d0b0a6,ctxr,87744,9268a3040fb74e97cae4331a8bc1a72e5a64cd38
textures/flatlist/ovr_stm/_win/00d0eba7.ctxr,textures/flatlist/ovr_stm/_win,00d0eba7.ctxr,00d0eba7,ctxr,349984,bf57d09bfdcc7ff1d87d0bd693220f58090d2b4e
textures/flatlist/ovr_stm/_win/00d1b0a6.ctxr,textures/flatlist/ovr_stm/_win,00d1b0a6.ctxr,00d1b0a6,ctxr,87744,0200f55e799b647525ff1651ea98743cadcae1ba
textures/flatlist/ovr_stm/_win/00d1eba7.ctxr,textures/flatlist/ovr_stm/_win,00d1eba7.ctxr,00d1eba7,ctxr,349984,c2e8d97bc4c4371b1ec6504a2500808a925571eb
textures/flatlist/ovr_stm/_win/00d27f22.ctxr,textures/flatlist/ovr_stm/_win,00d27f22.ctxr,00d27f22,ctxr,147616,6b217bdee6b3df0d4e70bc2f85546b0f9cfdf6fd
textures/flatlist/ovr_stm/_win/00d37f22.ctxr,textures/flatlist/ovr_stm/_win,00d37f22.ctxr,00d37f22,ctxr,147616,ba6cffc0bb4c29794371c0f9db11bd106bbe782c
textures/flatlist/ovr_stm/_win/00d47f22.ctxr,textures/flatlist/ovr_stm/_win,00d47f22.ctxr,00d47f22,ctxr,147616,ebfe371f22d4666244f2dab822af1ee5fbb267bf
textures/flatlist/ovr_stm/_win/00d4e124.ctxr,textures/flatlist/ovr_stm/_win,00d4e124.ctxr,00d4e124,ctxr,44064,87c62533bc5136c265fe5435dc1915d58292da66
textures/flatlist/ovr_stm/_win/00d57f22.ctxr,textures/flatlist/ovr_stm/_win,00d57f22.ctxr,00d57f22,ctxr,147616,c3db4dc77be2b2e876377ea120b302224060c7fa
textures/flatlist/ovr_stm/_win/00d5b0e4.ctxr,textures/flatlist/ovr_stm/_win,00d5b0e4.ctxr,00d5b0e4,ctxr,699552,bdf668e269392453225d26df0a26dfcf6b6dc895
textures/flatlist/ovr_stm/_win/00d7a5d6.ctxr,textures/flatlist/ovr_stm/_win,00d7a5d6.ctxr,00d7a5d6,ctxr,2796672,6d2d6e16706bfc89df0bd6fbfd48a8109a2497ac
textures/flatlist/ovr_stm/_win/00d7a5d6_543420bb4ab393b8a988314352eaca9c.ctxr,textures/flatlist/ovr_stm/_win,00d7a5d6_543420bb4ab393b8a988314352eaca9c.ctxr,00d7a5d6_543420bb4ab393b8a988314352eaca9c,ctxr,2796672,1ac3d10001fceb93c1ea6231182ac2614208c32e
textures/flatlist/ovr_stm/_win/00d84d77.ctxr,textures/flatlist/ovr_stm/_win,00d84d77.ctxr,00d84d77,ctxr,699552,1e51ad6e1f85006dae2a40bd7d13e6ef9b6db93d
textures/flatlist/ovr_stm/_win/00d85d25.ctxr,textures/flatlist/ovr_stm/_win,00d85d25.ctxr,00d85d25,ctxr,87776,44ef7ec51d4d6783e3bc9760ce7bdf4c85368e10
textures/flatlist/ovr_stm/_win/00d97e9d.ctxr,textures/flatlist/ovr_stm/_win,00d97e9d.ctxr,00d97e9d,ctxr,349984,1602d26e9d3e8e89c6a8751d062c8d81b666987e
textures/flatlist/ovr_stm/_win/00da15e3.ctxr,textures/flatlist/ovr_stm/_win,00da15e3.ctxr,00da15e3,ctxr,699552,7f472be309a0bc8b364e632a8a503ef26da4547d
textures/flatlist/ovr_stm/_win/00da6b5a.ctxr,textures/flatlist/ovr_stm/_win,00da6b5a.ctxr,00da6b5a,ctxr,349984,660bdaedb65489f3307a8228b2c0699f3d5e92c4
textures/flatlist/ovr_stm/_win/00dbc1dd.ctxr,textures/flatlist/ovr_stm/_win,00dbc1dd.ctxr,00dbc1dd,ctxr,1182112,28ade0b64de74ff85ca8bea51660ba165e56def4
textures/flatlist/ovr_stm/_win/00dc7290.ctxr,textures/flatlist/ovr_stm/_win,00dc7290.ctxr,00dc7290,ctxr,175200,7a52f0a0b2e34c865d63920b2e2242adb97d4ac3
textures/flatlist/ovr_stm/_win/00dcd5c6.ctxr,textures/flatlist/ovr_stm/_win,00dcd5c6.ctxr,00dcd5c6,ctxr,349984,59137e06debae87d32aff8f57c4fb1d577b3bea6
textures/flatlist/ovr_stm/_win/00dd93f9.ctxr,textures/flatlist/ovr_stm/_win,00dd93f9.ctxr,00dd93f9,ctxr,699488,62e9e81742ac860969c5b92685dad10364d6456a
textures/flatlist/ovr_stm/_win/00de6344.ctxr,textures/flatlist/ovr_stm/_win,00de6344.ctxr,00de6344,ctxr,699552,60c73ac414047cc7f51aecdd64bf08174cecd047
textures/flatlist/ovr_stm/_win/00de6f30.ctxr,textures/flatlist/ovr_stm/_win,00de6f30.ctxr,00de6f30,ctxr,699552,739d9ce719c28933464b7fb24dbe01a132e256d7
textures/flatlist/ovr_stm/_win/00e0bf95.ctxr,textures/flatlist/ovr_stm/_win,00e0bf95.ctxr,00e0bf95,ctxr,175200,cd3464d085b9dcff580aeb6b16844ca948ade767
textures/flatlist/ovr_stm/_win/00e1e671.ctxr,textures/flatlist/ovr_stm/_win,00e1e671.ctxr,00e1e671,ctxr,5592864,896c6942fdc185aae40d381fa7d3bd4e579aa3fe
textures/flatlist/ovr_stm/_win/00e1e6f1.ctxr,textures/flatlist/ovr_stm/_win,00e1e6f1.ctxr,00e1e6f1,ctxr,5592864,0a243a8eb4c4f92c34e020e494404dd14b140604
textures/flatlist/ovr_stm/_win/00e1e771.ctxr,textures/flatlist/ovr_stm/_win,00e1e771.ctxr,00e1e771,ctxr,5592864,f2eabc00fc98381dc113e45e6aacdf201c5de155
textures/flatlist/ovr_stm/_win/00e20d51.ctxr,textures/flatlist/ovr_stm/_win,00e20d51.ctxr,00e20d51,ctxr,349984,ccb5e9573786d48b62ec16efb8922c1ebc65fd9e
textures/flatlist/ovr_stm/_win/00e22d51.ctxr,textures/flatlist/ovr_stm/_win,00e22d51.ctxr,00e22d51,ctxr,349984,1c8a65ff21d4d37bfce5435e02afba8e8f0d4f05
textures/flatlist/ovr_stm/_win/00e3d071.ctxr,textures/flatlist/ovr_stm/_win,00e3d071.ctxr,00e3d071,ctxr,87776,b52844936b57e530f802090df30b861f50dde534
textures/flatlist/ovr_stm/_win/00e4b51b.ctxr,textures/flatlist/ovr_stm/_win,00e4b51b.ctxr,00e4b51b,ctxr,175200,ee4df353321cad7249a846a7ea93a4c5b64519a5
textures/flatlist/ovr_stm/_win/00e4d0de.ctxr,textures/flatlist/ovr_stm/_win,00e4d0de.ctxr,00e4d0de,ctxr,349984,b083cd78c1cb42b537e40048ab7a4e1b3f29a2d1
textures/flatlist/ovr_stm/_win/00e4d0de_41da87e72c01ef976b914cd59eef1df9.ctxr,textures/flatlist/ovr_stm/_win,00e4d0de_41da87e72c01ef976b914cd59eef1df9.ctxr,00e4d0de_41da87e72c01ef976b914cd59eef1df9,ctxr,349984,84f91fab843874c401ef64e8c660be12574aa097
textures/flatlist/ovr_stm/_win/00e7ddd3.ctxr,textures/flatlist/ovr_stm/_win,00e7ddd3.ctxr,00e7ddd3,ctxr,349984,eb24333bf79608e050eafe138af577ad95a8fdaa
textures/flatlist/ovr_stm/_win/00e8533f.ctxr,textures/flatlist/ovr_stm/_win,00e8533f.ctxr,00e8533f,ctxr,2796704,770217c2b6a832e9978f2ca3a71d19dd6ab10086
textures/flatlist/ovr_stm/_win/00e8533f_c9656c04a66db3d24c7fb50dd516a45e.ctxr,textures/flatlist/ovr_stm/_win,00e8533f_c9656c04a66db3d24c7fb50dd516a45e.ctxr,00e8533f_c9656c04a66db3d24c7fb50dd516a45e,ctxr,2796704,c2fc82974c8665537c4f67f00f1b955a5832da51
textures/flatlist/ovr_stm/_win/00e9800a.ctxr,textures/flatlist/ovr_stm/_win,00e9800a.ctxr,00e9800a,ctxr,699552,448df4637a7a5780377c9c4df049be0ccf094eba
textures/flatlist/ovr_stm/_win/00e9c58b.ctxr,textures/flatlist/ovr_stm/_win,00e9c58b.ctxr,00e9c58b,ctxr,699552,242748b703175e33676b33183a3516094761ef65
textures/flatlist/ovr_stm/_win/00eb32b4.ctxr,textures/flatlist/ovr_stm/_win,00eb32b4.ctxr,00eb32b4,ctxr,22370112,65d2b3e16acd8b95781f3c5f3481bb74f4d5e3a5
textures/flatlist/ovr_stm/_win/00eb5f92.ctxr,textures/flatlist/ovr_stm/_win,00eb5f92.ctxr,00eb5f92,ctxr,22370112,5983bad943b4cfc72c17c85f6a1ac4650ae3c2e6
textures/flatlist/ovr_stm/_win/00eb7512.ctxr,textures/flatlist/ovr_stm/_win,00eb7512.ctxr,00eb7512,ctxr,22370112,e41428255901e70b5fd61fc5a7e6202602b2280e
textures/flatlist/ovr_stm/_win/00ec6105.ctxr,textures/flatlist/ovr_stm/_win,00ec6105.ctxr,00ec6105,ctxr,2796736,6d556c553a350523b9410759ae8a988e961f7a07
textures/flatlist/ovr_stm/_win/00ec6151.ctxr,textures/flatlist/ovr_stm/_win,00ec6151.ctxr,00ec6151,ctxr,2796736,280d47baa8225459890243e81efe5b4ba73051d2
textures/flatlist/ovr_stm/_win/00ec628d.ctxr,textures/flatlist/ovr_stm/_win,00ec628d.ctxr,00ec628d,ctxr,2796736,f274674d3a38aa094b149d5dc2004bb501aa1c2e
textures/flatlist/ovr_stm/_win/00ec677d.ctxr,textures/flatlist/ovr_stm/_win,00ec677d.ctxr,00ec677d,ctxr,2796736,2481b898d80b45d9b8def07f06bd7e95a84751ac
textures/flatlist/ovr_stm/_win/00ec73af.ctxr,textures/flatlist/ovr_stm/_win,00ec73af.ctxr,00ec73af,ctxr,11185312,bb2d4d1fe92a2d5c9fe3be8aa3a5c57e3c0749ae
textures/flatlist/ovr_stm/_win/00eca640.ctxr,textures/flatlist/ovr_stm/_win,00eca640.ctxr,00eca640,ctxr,175200,1a60be3dcba88d5168c3c6e914414962965de6a7
textures/flatlist/ovr_stm/_win/00ed6105.ctxr,textures/flatlist/ovr_stm/_win,00ed6105.ctxr,00ed6105,ctxr,2796736,dc5dfcdc7e0165bb0e64f80da1ce41df12b18f66
textures/flatlist/ovr_stm/_win/00ed6151.ctxr,textures/flatlist/ovr_stm/_win,00ed6151.ctxr,00ed6151,ctxr,2796736,2217666470ad89957fe9e87e48329fcd812ea38c
textures/flatlist/ovr_stm/_win/00ed628d.ctxr,textures/flatlist/ovr_stm/_win,00ed628d.ctxr,00ed628d,ctxr,2796736,13560a3644aa0639272287c8c167cafeb4f69292
textures/flatlist/ovr_stm/_win/00ed677d.ctxr,textures/flatlist/ovr_stm/_win,00ed677d.ctxr,00ed677d,ctxr,2796736,ae251e5085d3bb6f7108a87fdd1fa1f1df510382
textures/flatlist/ovr_stm/_win/00edb58b.ctxr,textures/flatlist/ovr_stm/_win,00edb58b.ctxr,00edb58b,ctxr,175200,eaaf4d0b79b872d77cd4a550be8872655eb1b899
textures/flatlist/ovr_stm/_win/00efa150.ctxr,textures/flatlist/ovr_stm/_win,00efa150.ctxr,00efa150,ctxr,349984,a3284a1045fe118dd83128d044cfa62982f17010
textures/flatlist/ovr_stm/_win/00f04ad1.ctxr,textures/flatlist/ovr_stm/_win,00f04ad1.ctxr,00f04ad1,ctxr,87744,c8952b2a3679d7fdf76a9d90c330d5f8f81146fd
textures/flatlist/ovr_stm/_win/00f0852a.ctxr,textures/flatlist/ovr_stm/_win,00f0852a.ctxr,00f0852a,ctxr,87776,eb1a91c53ce40f76589239c199c436dd48b4ddd5
textures/flatlist/ovr_stm/_win/00f08bb3.ctxr,textures/flatlist/ovr_stm/_win,00f08bb3.ctxr,00f08bb3,ctxr,349984,67218be468e1ba6dbea543bbe9fba12e1a9f1c92
textures/flatlist/ovr_stm/_win/00f0b18b.ctxr,textures/flatlist/ovr_stm/_win,00f0b18b.ctxr,00f0b18b,ctxr,175200,802503182d1a54c8dcdc2a5e0d0aec632f0bb43a
textures/flatlist/ovr_stm/_win/00f24ad0.ctxr,textures/flatlist/ovr_stm/_win,00f24ad0.ctxr,00f24ad0,ctxr,87744,e3e632a7a4f2bcc9c398a0141675e17da12ee227
textures/flatlist/ovr_stm/_win/00f24ad1.ctxr,textures/flatlist/ovr_stm/_win,00f24ad1.ctxr,00f24ad1,ctxr,87744,cf440f934610bb1ee8afb0e82128a8d9748588dc
textures/flatlist/ovr_stm/_win/00f40e09.ctxr,textures/flatlist/ovr_stm/_win,00f40e09.ctxr,00f40e09,ctxr,699488,e9ac22c045746e94f13ddc1b4d6fdbef822bbdab
textures/flatlist/ovr_stm/_win/00f41462.ctxr,textures/flatlist/ovr_stm/_win,00f41462.ctxr,00f41462,ctxr,11185312,b633e7e4fd5bce4dee9147df0945e69ab8ffdb76
textures/flatlist/ovr_stm/_win/00f44ad0.ctxr,textures/flatlist/ovr_stm/_win,00f44ad0.ctxr,00f44ad0,ctxr,87744,ea4ae231753a3b11e1528d477bdbfd50fe78ff5f
textures/flatlist/ovr_stm/_win/00f44ad1.ctxr,textures/flatlist/ovr_stm/_win,00f44ad1.ctxr,00f44ad1,ctxr,87744,df7bdc07def98fbac3cc36d0a9c07c5ef638a00c
textures/flatlist/ovr_stm/_win/00f4b0a9.ctxr,textures/flatlist/ovr_stm/_win,00f4b0a9.ctxr,00f4b0a9,ctxr,699552,a002fbdbfe30662ab40600ba01143349570988ae
textures/flatlist/ovr_stm/_win/00f4e3ec.ctxr,textures/flatlist/ovr_stm/_win,00f4e3ec.ctxr,00f4e3ec,ctxr,175200,d08c24b8c54ae3d30f0a446e1c87c1b994030275
textures/flatlist/ovr_stm/_win/00f51462.ctxr,textures/flatlist/ovr_stm/_win,00f51462.ctxr,00f51462,ctxr,11185312,676ce76edc7e7ee9416a79c383d5d085df7d82e9
textures/flatlist/ovr_stm/_win/00f52511.ctxr,textures/flatlist/ovr_stm/_win,00f52511.ctxr,00f52511,ctxr,349984,888252527b4ec63de3469c86ac01265872a01e98
textures/flatlist/ovr_stm/_win/00f60ccd.ctxr,textures/flatlist/ovr_stm/_win,00f60ccd.ctxr,00f60ccd,ctxr,1398560,dbc593c57dd0f18f7af06044101cbf26419538b4
textures/flatlist/ovr_stm/_win/00f60dcd.ctxr,textures/flatlist/ovr_stm/_win,00f60dcd.ctxr,00f60dcd,ctxr,1398560,fdbc88e686ad5a88721eaa2d977f4702d862d816
textures/flatlist/ovr_stm/_win/00f64ad0.ctxr,textures/flatlist/ovr_stm/_win,00f64ad0.ctxr,00f64ad0,ctxr,87744,ea096b2f9fb8c46d15ee51e086cba7e07a2b94eb
textures/flatlist/ovr_stm/_win/00f64ad1.ctxr,textures/flatlist/ovr_stm/_win,00f64ad1.ctxr,00f64ad1,ctxr,87744,d53077de1a2b2caaa20b2887ffe20404b3452826
textures/flatlist/ovr_stm/_win/00f65e24.ctxr,textures/flatlist/ovr_stm/_win,00f65e24.ctxr,00f65e24,ctxr,349984,602aafce181fd4464505b3002415d56c4f58cf72
textures/flatlist/ovr_stm/_win/00f727bc.ctxr,textures/flatlist/ovr_stm/_win,00f727bc.ctxr,00f727bc,ctxr,2796704,50b16a02a7868037a6104ffb1552b1884ef48db8
textures/flatlist/ovr_stm/_win/00f7283c.ctxr,textures/flatlist/ovr_stm/_win,00f7283c.ctxr,00f7283c,ctxr,5592896,964dd1211e2b1214662cebab3e65a9aacf174dcc
textures/flatlist/ovr_stm/_win/00f728bc.ctxr,textures/flatlist/ovr_stm/_win,00f728bc.ctxr,00f728bc,ctxr,2796704,7803aaed801fa1a340918cc9cd9631f1199fb4d1
textures/flatlist/ovr_stm/_win/00f7293c.ctxr,textures/flatlist/ovr_stm/_win,00f7293c.ctxr,00f7293c,ctxr,5592896,b09fd11642b99f91e3fe5a868036e726ed30ad55
textures/flatlist/ovr_stm/_win/00f729bc.ctxr,textures/flatlist/ovr_stm/_win,00f729bc.ctxr,00f729bc,ctxr,2796704,82c26dbc584d294db118c54fa8db49dddf028705
textures/flatlist/ovr_stm/_win/00f72abc.ctxr,textures/flatlist/ovr_stm/_win,00f72abc.ctxr,00f72abc,ctxr,5592896,dc524f5a39fc7006bb66b1f694aae34d59fe9946
textures/flatlist/ovr_stm/_win/00f72b3c.ctxr,textures/flatlist/ovr_stm/_win,00f72b3c.ctxr,00f72b3c,ctxr,2796704,c4d3a0084d0d9a23405249cdadee06124736dc9c
textures/flatlist/ovr_stm/_win/00f736bc.ctxr,textures/flatlist/ovr_stm/_win,00f736bc.ctxr,00f736bc,ctxr,2796704,1ce25b7d3797ca31967f4a97b0c529ad15802d39
textures/flatlist/ovr_stm/_win/00f7373c.ctxr,textures/flatlist/ovr_stm/_win,00f7373c.ctxr,00f7373c,ctxr,2796704,cb00cb44c4d759e6392295768c03c602619c1ab8
textures/flatlist/ovr_stm/_win/00f8237e.ctxr,textures/flatlist/ovr_stm/_win,00f8237e.ctxr,00f8237e,ctxr,349984,f8a7633b5f365c8d9c6af966387da5127833f371
textures/flatlist/ovr_stm/_win/00f84320.ctxr,textures/flatlist/ovr_stm/_win,00f84320.ctxr,00f84320,ctxr,11185312,b7532153bf2561f0f852f5d60cc828bdc43dc40d
textures/flatlist/ovr_stm/_win/00f84ad0.ctxr,textures/flatlist/ovr_stm/_win,00f84ad0.ctxr,00f84ad0,ctxr,87744,9fb2c305a466a82311e285374d40f6d6d899120c
textures/flatlist/ovr_stm/_win/00f84ad1.ctxr,textures/flatlist/ovr_stm/_win,00f84ad1.ctxr,00f84ad1,ctxr,87744,f10e23ca956fe4a13e2596c6845f366adfe5a7fd
textures/flatlist/ovr_stm/_win/00f8852a.ctxr,textures/flatlist/ovr_stm/_win,00f8852a.ctxr,00f8852a,ctxr,87776,09b626fcb23a92df9cae5c3773909dae51830702
textures/flatlist/ovr_stm/_win/00f94320.ctxr,textures/flatlist/ovr_stm/_win,00f94320.ctxr,00f94320,ctxr,1398528,d236a82d8df083e1c47ddad095d0cc2bd4cf1d34
textures/flatlist/ovr_stm/_win/00f995ec.ctxr,textures/flatlist/ovr_stm/_win,00f995ec.ctxr,00f995ec,ctxr,22176,90ec84314e0484cf68cc2436a28b8afb85507192
textures/flatlist/ovr_stm/_win/00fa15d7.ctxr,textures/flatlist/ovr_stm/_win,00fa15d7.ctxr,00fa15d7,ctxr,349920,535cad0b2f5f6b9d1c594db95962e93b1ef6aa2a
textures/flatlist/ovr_stm/_win/00fa4ad0.ctxr,textures/flatlist/ovr_stm/_win,00fa4ad0.ctxr,00fa4ad0,ctxr,87744,2a3dde9784edb8d6f3950d2542145910b861798e
textures/flatlist/ovr_stm/_win/00fa4ad1.ctxr,textures/flatlist/ovr_stm/_win,00fa4ad1.ctxr,00fa4ad1,ctxr,87744,d516723853cefb57a43fe6e67272a0ea3f3adbb2
textures/flatlist/ovr_stm/_win/00fad318.ctxr,textures/flatlist/ovr_stm/_win,00fad318.ctxr,00fad318,ctxr,699552,3d0c1d2afdb4da0cfdd8a5c99873054912c01f4d
textures/flatlist/ovr_stm/_win/00fb2383.ctxr,textures/flatlist/ovr_stm/_win,00fb2383.ctxr,00fb2383,ctxr,699520,d3d5a4062dc6be3742c48786df05f7a750478b98
textures/flatlist/ovr_stm/_win/00fb5e0d.ctxr,textures/flatlist/ovr_stm/_win,00fb5e0d.ctxr,00fb5e0d,ctxr,2796704,d0e437b2c642191c1daad2982b997d2c21fc9bed
textures/flatlist/ovr_stm/_win/00fb5e0d_3a2f9c020f2b36a95c909e29cb3e4aae.ctxr,textures/flatlist/ovr_stm/_win,00fb5e0d_3a2f9c020f2b36a95c909e29cb3e4aae.ctxr,00fb5e0d_3a2f9c020f2b36a95c909e29cb3e4aae,ctxr,2796704,aa831d6d989febb97fe631c099c891e0c6507121
textures/flatlist/ovr_stm/_win/00fb5e0d_a4c6847d4b922f6cd44f7d23a8727f2c.ctxr,textures/flatlist/ovr_stm/_win,00fb5e0d_a4c6847d4b922f6cd44f7d23a8727f2c.ctxr,00fb5e0d_a4c6847d4b922f6cd44f7d23a8727f2c,ctxr,2796704,090d43e21e7c1e7c394cbb9e6816035519da1818
textures/flatlist/ovr_stm/_win/00fc4ad0.ctxr,textures/flatlist/ovr_stm/_win,00fc4ad0.ctxr,00fc4ad0,ctxr,87744,5c26a8965522e8bd20b4069c30dcad64e4aaa801
textures/flatlist/ovr_stm/_win/00fc4ad1.ctxr,textures/flatlist/ovr_stm/_win,00fc4ad1.ctxr,00fc4ad1,ctxr,87744,97e1fc8ba6081522c1d70ca74b34e8ba57ba70bc
textures/flatlist/ovr_stm/_win/00fe04ea.ctxr,textures/flatlist/ovr_stm/_win,00fe04ea.ctxr,00fe04ea,ctxr,349952,b62b8a539dcc42cdce5a16424baee747f22475af
textures/flatlist/ovr_stm/_win/00fe4ad0.ctxr,textures/flatlist/ovr_stm/_win,00fe4ad0.ctxr,00fe4ad0,ctxr,87744,a66dbe2fad6921d2c4b7dbb82945f86e902b6313
textures/flatlist/ovr_stm/_win/00fe4ad1.ctxr,textures/flatlist/ovr_stm/_win,00fe4ad1.ctxr,00fe4ad1,ctxr,349952,f9a2ef028b2ddacb423326aff72ee8e5f8d0de73
textures/flatlist/ovr_stm/_win/00fe564d.ctxr,textures/flatlist/ovr_stm/_win,00fe564d.ctxr,00fe564d,ctxr,349984,b66eedea12962f90d847b79aa549319599cd7b6d
textures/flatlist/ovr_stm/_win/00ff04ea.ctxr,textures/flatlist/ovr_stm/_win,00ff04ea.ctxr,00ff04ea,ctxr,349984,1a4abb9a3bb300048d0401f9fa8789f4494ca76f
textures/flatlist/ovr_stm/_win/00ffb109.ctxr,textures/flatlist/ovr_stm/_win,00ffb109.ctxr,00ffb109,ctxr,22370112,060bc1db0608f0946bc938b934cbe3bd89aced2e
textures/flatlist/ovr_stm/_win/1f_live_alp_ovl.bmp.ctxr,textures/flatlist/ovr_stm/_win,1f_live_alp_ovl.bmp.ctxr,1f_live_alp_ovl.bmp,ctxr,84640,8b74f1fb038564eb7da8dbcca2e81ad0f9deae2d
textures/flatlist/ovr_stm/_win/1f_live_left_alp_ovl.bmp.ctxr,textures/flatlist/ovr_stm/_win,1f_live_left_alp_ovl.bmp.ctxr,1f_live_left_alp_ovl.bmp,ctxr,84640,079f180ffebc034f2bb13fb9896a4ae6560365b3
textures/flatlist/ovr_stm/_win/1f_live_right_alp_ovl.bmp.ctxr,textures/flatlist/ovr_stm/_win,1f_live_right_alp_ovl.bmp.ctxr,1f_live_right_alp_ovl.bmp,ctxr,100000,2bf4f3d1895eefbdcd3447db3150d5ea44dda908
textures/flatlist/ovr_stm/_win/1_chuou_1f_alp_ovl.bmp.ctxr,textures/flatlist/ovr_stm/_win,1_chuou_1f_alp_ovl.bmp.ctxr,1_chuou_1f_alp_ovl.bmp,ctxr,84640,fa4639faf3ea28e8e9f6dbcce2af5b7b8204e523
textures/flatlist/ovr_stm/_win/1_chuou_b1_alp_ovl.bmp.ctxr,textures/flatlist/ovr_stm/_win,1_chuou_b1_alp_ovl.bmp.ctxr,1_chuou_b1_alp_ovl.bmp,ctxr,84640,d0b4b4c4ca86f3029ac64195fb83afbdb6bfb8fd
textures/flatlist/ovr_stm/_win/1_chuou_b1_shukai_alp_ovl.bmp.ctxr,textures/flatlist/ovr_stm/_win,1_chuou_b1_shukai_alp_ovl.bmp.ctxr,1_chuou_b1_shukai_alp_ovl.bmp,ctxr,100000,bb4c512465f071b05bb67bb666bd9b8034778901
textures/flatlist/ovr_stm/_win/1_chuou_b2_densan_alp_ovl.bmp.ctxr,textures/flatlist/ovr_stm/_win,1_chuou_b2_densan_alp_ovl.bmp.ctxr,1_chuou_b2_densan_alp_ovl.bmp,ctxr,100000,aa5c9174570e4a3df46498d066bc1c2052f511db
textures/flatlist/ovr_stm/_win/24c_over_alp_ovl.bmp.ctxr,textures/flatlist/ovr_stm/_win,24c_over_alp_ovl.bmp.ctxr,24c_over_alp_ovl.bmp,ctxr,5592864,24aacd57de35ac9f978b5a6f606136800ae1bf33
textures/flatlist/ovr_stm/_win/2f_live_alp_ovl.bmp.ctxr,textures/flatlist/ovr_stm/_win,2f_live_alp_ovl.bmp.ctxr,2f_live_alp_ovl.bmp,ctxr,84640,3b6c64306a74737e53c42e519851390dcc07fb2b
textures/flatlist/ovr_stm/_win/2f_live_left_alp_ovl.bmp.ctxr,textures/flatlist/ovr_stm/_win,2f_live_left_alp_ovl.bmp.ctxr,2f_live_left_alp_ovl.bmp,ctxr,84640,e75cd12bc4fb6b5c53f12a814043945db4ddb4bf
textures/flatlist/ovr_stm/_win/2f_live_right_alp_ovl.bmp.ctxr,textures/flatlist/ovr_stm/_win,2f_live_right_alp_ovl.bmp.ctxr,2f_live_right_alp_ovl.bmp,ctxr,100000,b6f8f4a56eda30326e9200bb53a331ce0b404b91
textures/flatlist/ovr_stm/_win/2_chuou_1f_kuki_alp_ovl.bmp.ctxr,textures/flatlist/ovr_stm/_win,2_chuou_1f_kuki_alp_ovl.bmp.ctxr,2_chuou_1f_kuki_alp_ovl.bmp,ctxr,132000,4916718b7ef71b3d1e69a5d7742be8dc53a2e135
textures/flatlist/ovr_stm/_win/2_chuou_b1_roka_01_alp_ovl.bmp.ctxr,textures/flatlist/ovr_stm/_win,2_chuou_b1_roka_01_alp_ovl.bmp.ctxr,2_chuou_b1_roka_01_alp_ovl.bmp,ctxr,132000,9c776a472334ec37eb2b0c29db67d69d8f0306da
textures/flatlist/ovr_stm/_win/2_chuou_b1_roka_02_alp_ovl.bmp.ctxr,textures/flatlist/ovr_stm/_win,2_chuou_b1_roka_02_alp_ovl.bmp.ctxr,2_chuou_b1_roka_02_alp_ovl.bmp,ctxr,132000,db45b2f5e0c1ddfe7775b6263723e65455244fda
textures/flatlist/ovr_stm/_win/3f_live_alp_ovl.bmp.ctxr,textures/flatlist/ovr_stm/_win,3f_live_alp_ovl.bmp.ctxr,3f_live_alp_ovl.bmp,ctxr,84640,fc29c012bca18b62ef7982fc20cdb6bba5a83be9
textures/flatlist/ovr_stm/_win/3f_live_left_alp_ovl.bmp.ctxr,textures/flatlist/ovr_stm/_win,3f_live_left_alp_ovl.bmp.ctxr,3f_live_left_alp_ovl.bmp,ctxr,84640,42786b9088bac3ced7eedc6865a13f32203c520c
textures/flatlist/ovr_stm/_win/4f_live_alp_ovl.bmp.ctxr,textures/flatlist/ovr_stm/_win,4f_live_alp_ovl.bmp.ctxr,4f_live_alp_ovl.bmp,ctxr,84640,ab80cf18a3d4d78d5ed3e4ca4992d8e76dfb65a3
textures/flatlist/ovr_stm/_win/5f_souda_alp_ovl.bmp.ctxr,textures/flatlist/ovr_stm/_win,5f_souda_alp_ovl.bmp.ctxr,5f_souda_alp_ovl.bmp,ctxr,84640,46ca50d2681d9419404faba0a02aa71ed4bab40e
textures/flatlist/ovr_stm/_win/ab_alp_ovl.bmp.ctxr,textures/flatlist/ovr_stm/_win,ab_alp_ovl.bmp.ctxr,ab_alp_ovl.bmp,ctxr,349952,2a75013e9235129afb998c501df1f961dab80d2e
textures/flatlist/ovr_stm/_win/ab_renraku_alp_ovl.bmp.ctxr,textures/flatlist/ovr_stm/_win,ab_renraku_alp_ovl.bmp.ctxr,ab_renraku_alp_ovl.bmp,ctxr,84640,ac7e593e693355f9976793d4fdf49f87fc4ba5e5
textures/flatlist/ovr_stm/_win/acd_alp_ovl.bmp.ctxr,textures/flatlist/ovr_stm/_win,acd_alp_ovl.bmp.ctxr,acd_alp_ovl.bmp,ctxr,699488,83df82199594e45b13b394a86fe391cb69696500
textures/flatlist/ovr_stm/_win/act_telop02_jp_alp_ovl.bmp.ctxr,textures/flatlist/ovr_stm/_win,act_telop02_jp_alp_ovl.bmp.ctxr,act_telop02_jp_alp_ovl.bmp,ctxr,2796704,71bcbc3b72201f35c49c9a3479abec0d954d5000
textures/flatlist/ovr_stm/_win/act_telop03_jp_alp_ovl.bmp.ctxr,textures/flatlist/ovr_stm/_win,act_telop03_jp_alp_ovl.bmp.ctxr,act_telop03_jp_alp_ovl.bmp,ctxr,2796704,d40b3c349a43e48bd410a16c33df7ad018dd7ccf
textures/flatlist/ovr_stm/_win/act_telop04_jp_alp_ovl.bmp.ctxr,textures/flatlist/ovr_stm/_win,act_telop04_jp_alp_ovl.bmp.ctxr,act_telop04_jp_alp_ovl.bmp,ctxr,1398560,e40cd8360d493e22e55a40a606dacc2a2878dda6
textures/flatlist/ovr_stm/_win/act_telop05_jp_alp_ovl.bmp.ctxr,textures/flatlist/ovr_stm/_win,act_telop05_jp_alp_ovl.bmp.ctxr,act_telop05_jp_alp_ovl.bmp,ctxr,2796704,705b026d3f3f43558869b028aee6040b298da370
textures/flatlist/ovr_stm/_win/act_telop06_jp_alp_ovl.bmp.ctxr,textures/flatlist/ovr_stm/_win,act_telop06_jp_alp_ovl.bmp.ctxr,act_telop06_jp_alp_ovl.bmp,ctxr,1398560,d88ef34155e18d6894e52b0fc4e1b82a5aaed822
textures/flatlist/ovr_stm/_win/act_telop08_jp_alp_ovl.bmp.ctxr,textures/flatlist/ovr_stm/_win,act_telop08_jp_alp_ovl.bmp.ctxr,act_telop08_jp_alp_ovl.bmp,ctxr,2796704,1f4029af806475fee85cbd78554727d5feb70095
textures/flatlist/ovr_stm/_win/act_telop09_jp_alp_ovl.bmp.ctxr,textures/flatlist/ovr_stm/_win,act_telop09_jp_alp_ovl.bmp.ctxr,act_telop09_jp_alp_ovl.bmp,ctxr,2796704,a44da855900012945995da5ee14743fa294cc11a
textures/flatlist/ovr_stm/_win/act_telop10_alp_ovl.bmp.ctxr,textures/flatlist/ovr_stm/_win,act_telop10_alp_ovl.bmp.ctxr,act_telop10_alp_ovl.bmp,ctxr,1398560,6f5ffef1317325178bb82e9d4adb1ea118bf07fa
textures/flatlist/ovr_stm/_win/act_telop10_jp_alp_ovl.bmp.ctxr,textures/flatlist/ovr_stm/_win,act_telop10_jp_alp_ovl.bmp.ctxr,act_telop10_jp_alp_ovl.bmp,ctxr,1398560,2b10e258248f515979361a9c491815f62b0edd54
textures/flatlist/ovr_stm/_win/act_telop11_alp_ovl.bmp.ctxr,textures/flatlist/ovr_stm/_win,act_telop11_alp_ovl.bmp.ctxr,act_telop11_alp_ovl.bmp,ctxr,1398560,cb50b858b5f042729634c420cd842ae10c7d9c24
textures/flatlist/ovr_stm/_win/act_telop11_jp_alp_ovl.bmp.ctxr,textures/flatlist/ovr_stm/_win,act_telop11_jp_alp_ovl.bmp.ctxr,act_telop11_jp_alp_ovl.bmp,ctxr,699488,bfacbbf860f311a7cd1dd50824ec6f6ccad34e0b
textures/flatlist/ovr_stm/_win/act_telop1_alp_ovl.bmp.ctxr,textures/flatlist/ovr_stm/_win,act_telop1_alp_ovl.bmp.ctxr,act_telop1_alp_ovl.bmp,ctxr,1398560,1142a422b2eafbc68aa04d86fc8c0642b8951c44
textures/flatlist/ovr_stm/_win/act_telop2_alp_ovl.bmp.ctxr,textures/flatlist/ovr_stm/_win,act_telop2_alp_ovl.bmp.ctxr,act_telop2_alp_ovl.bmp,ctxr,2796704,a9436b364d90123f02c2097d01b7e504ce95691f
textures/flatlist/ovr_stm/_win/act_telop3_alp_ovl.bmp.ctxr,textures/flatlist/ovr_stm/_win,act_telop3_alp_ovl.bmp.ctxr,act_telop3_alp_ovl.bmp,ctxr,1398560,7dbaab03766a271ad04cf111cc54458a1dbb3629
textures/flatlist/ovr_stm/_win/act_telop4_alp_ovl.bmp.ctxr,textures/flatlist/ovr_stm/_win,act_telop4_alp_ovl.bmp.ctxr,act_telop4_alp_ovl.bmp,ctxr,1398560,10564ca04a24638c17c8f93f34e0bfa8dee8b8cc
textures/flatlist/ovr_stm/_win/act_telop5_alp_ovl.bmp.ctxr,textures/flatlist/ovr_stm/_win,act_telop5_alp_ovl.bmp.ctxr,act_telop5_alp_ovl.bmp,ctxr,2796704,2077fbabdbaeaa05f897b365543ef124e51bb606
textures/flatlist/ovr_stm/_win/act_telop5_alp_ovl.bmp_e350349959b1556776f7b5d2e07689fc.ctxr,textures/flatlist/ovr_stm/_win,act_telop5_alp_ovl.bmp_e350349959b1556776f7b5d2e07689fc.ctxr,act_telop5_alp_ovl.bmp_e350349959b1556776f7b5d2e07689fc,ctxr,2796704,de472e2ccfa4d888c77ebcd4355602839e228f31
textures/flatlist/ovr_stm/_win/act_telop6_alp_ovl.bmp.ctxr,textures/flatlist/ovr_stm/_win,act_telop6_alp_ovl.bmp.ctxr,act_telop6_alp_ovl.bmp,ctxr,2796704,b529b7a0e8807d2f938b972b49df8c7bde832768
textures/flatlist/ovr_stm/_win/act_telop7_alp_ovl.bmp.ctxr,textures/flatlist/ovr_stm/_win,act_telop7_alp_ovl.bmp.ctxr,act_telop7_alp_ovl.bmp,ctxr,1398560,2443414f3560be31411926057224aee1ba1e9dee
textures/flatlist/ovr_stm/_win/act_telop8_alp_ovl.bmp.ctxr,textures/flatlist/ovr_stm/_win,act_telop8_alp_ovl.bmp.ctxr,act_telop8_alp_ovl.bmp,ctxr,2796704,1a6406f25c882b6907c53dad3cd78618e7c66e7e
textures/flatlist/ovr_stm/_win/act_telop9_alp_ovl.bmp.ctxr,textures/flatlist/ovr_stm/_win,act_telop9_alp_ovl.bmp.ctxr,act_telop9_alp_ovl.bmp,ctxr,2796704,3d09707f401cf8f8322fb29469992690e8e09c9f
textures/flatlist/ovr_stm/_win/ag_ascending_alp_ovl.bmp.ctxr,textures/flatlist/ovr_stm/_win,ag_ascending_alp_ovl.bmp.ctxr,ag_ascending_alp_ovl.bmp,ctxr,100000,72e8501992801ab846825b4889db8fa1820a71ac
textures/flatlist/ovr_stm/_win/ag_ileum_alp_ovl.bmp.ctxr,textures/flatlist/ovr_stm/_win,ag_ileum_alp_ovl.bmp.ctxr,ag_ileum_alp_ovl.bmp,ctxr,84640,67aa13e98dfac318938756e8605f131dea061f01
textures/flatlist/ovr_stm/_win/ag_jejunum_alp_ovl.bmp.ctxr,textures/flatlist/ovr_stm/_win,ag_jejunum_alp_ovl.bmp.ctxr,ag_jejunum_alp_ovl.bmp,ctxr,84640,278d41a1f2d920d5293c78c615f6a762c7485eed
textures/flatlist/ovr_stm/_win/ag_rectum_alp_ovl.bmp.ctxr,textures/flatlist/ovr_stm/_win,ag_rectum_alp_ovl.bmp.ctxr,ag_rectum_alp_ovl.bmp,ctxr,84640,305d3bd3c95f45e623b03c066291cbd8386000b3
textures/flatlist/ovr_stm/_win/ag_sigmoid_alp_ovl.bmp.ctxr,textures/flatlist/ovr_stm/_win,ag_sigmoid_alp_ovl.bmp.ctxr,ag_sigmoid_alp_ovl.bmp,ctxr,100000,a79927eba07ef4946ed5a54de0ae715100198248
textures/flatlist/ovr_stm/_win/ag_stmach_alp_ovl.bmp.ctxr,textures/flatlist/ovr_stm/_win,ag_stmach_alp_ovl.bmp.ctxr,ag_stmach_alp_ovl.bmp,ctxr,84640,586b4c4a7900788b6e3354ecc851cdf0a4c6df1e
textures/flatlist/ovr_stm/_win/aks_alp_ovl.bmp.ctxr,textures/flatlist/ovr_stm/_win,aks_alp_ovl.bmp.ctxr,aks_alp_ovl.bmp,ctxr,699488,ced1715bc19e19815c978a8533f9b4c2fb5d700c
textures/flatlist/ovr_stm/_win/aks_sp2_alp_ovl.bmp.ctxr,textures/flatlist/ovr_stm/_win,aks_sp2_alp_ovl.bmp.ctxr,aks_sp2_alp_ovl.bmp,ctxr,699488,e5a0e710091e1d4ce8f2f5330c61ee8f9d0bbf78
textures/flatlist/ovr_stm/_win/aks_sp_alp_ovl.bmp.ctxr,textures/flatlist/ovr_stm/_win,aks_sp_alp_ovl.bmp.ctxr,aks_sp_alp_ovl.bmp,ctxr,699488,5d930cd3cb8c80145867e461410b4d1b47c9ff95
textures/flatlist/ovr_stm/_win/alt_alp_ovl.bmp.ctxr,textures/flatlist/ovr_stm/_win,alt_alp_ovl.bmp.ctxr,alt_alp_ovl.bmp,ctxr,175200,91fca55a602fb45ef57c16c5a2dc330c031c4b4d
textures/flatlist/ovr_stm/_win/alt_b_alp_ovl.bmp.ctxr,textures/flatlist/ovr_stm/_win,alt_b_alp_ovl.bmp.ctxr,alt_b_alp_ovl.bmp,ctxr,175200,1c419de4174eb8e3da54c5c216e79fa56cc10bb9
textures/flatlist/ovr_stm/_win/animal_alp_ovl.bmp.ctxr,textures/flatlist/ovr_stm/_win,animal_alp_ovl.bmp.ctxr,animal_alp_ovl.bmp,ctxr,917664,9dc4f5247662afcab4bc5fce203264f24b49323b
textures/flatlist/ovr_stm/_win/aoyama_alp_ovl.bmp.ctxr,textures/flatlist/ovr_stm/_win,aoyama_alp_ovl.bmp.ctxr,aoyama_alp_ovl.bmp,ctxr,84640,ad4d339480f9dd8772d3a014175fd84ab940a2e9
textures/flatlist/ovr_stm/_win/aps_alp_ovl.bmp.ctxr,textures/flatlist/ovr_stm/_win,aps_alp_ovl.bmp.ctxr,aps_alp_ovl.bmp,ctxr,699488,2096770562d05f9247c48b9b05c81bfc5f0efed4
textures/flatlist/ovr_stm/_win/azabu_alp_ovl.bmp.ctxr,textures/flatlist/ovr_stm/_win,azabu_alp_ovl.bmp.ctxr,azabu_alp_ovl.bmp,ctxr,84640,1a6938b15aaf902cca304979ebbcb62ed944e487
textures/flatlist/ovr_stm/_win/a_kaitei_alp_ovl.bmp.ctxr,textures/flatlist/ovr_stm/_win,a_kaitei_alp_ovl.bmp.ctxr,a_kaitei_alp_ovl.bmp,ctxr,84640,06d82bc78c6b93cb5f9d4827af6bfb4eda10c8e8
textures/flatlist/ovr_stm/_win/a_okujou_alp_ovl.bmp.ctxr,textures/flatlist/ovr_stm/_win,a_okujou_alp_ovl.bmp.ctxr,a_okujou_alp_ovl.bmp,ctxr,84640,c96efe1e0114d4fcfd016328cd1515126d5cd79a
textures/flatlist/ovr_stm/_win/a_pump_alp_ovl.bmp.ctxr,textures/flatlist/ovr_stm/_win,a_pump_alp_ovl.bmp.ctxr,a_pump_alp_ovl.bmp,ctxr,84640,437a8a3d6afc3f1dc0cf055ee16b411ad9ca6aed
textures/flatlist/ovr_stm/_win/bam_alp_ovl.bmp.ctxr,textures/flatlist/ovr_stm/_win,bam_alp_ovl.bmp.ctxr,bam_alp_ovl.bmp,ctxr,699488,d0b5c962cc0b1a5b41f027960db161bfcaa4c7ed
textures/flatlist/ovr_stm/_win/bc_renraku_alp_ovl.bmp.ctxr,textures/flatlist/ovr_stm/_win,bc_renraku_alp_ovl.bmp.ctxr,bc_renraku_alp_ovl.bmp,ctxr,84640,31be2e0e5f57a54992f229b5d0217a070c5474ce
textures/flatlist/ovr_stm/_win/blt_alp_ovl.bmp.ctxr,textures/flatlist/ovr_stm/_win,blt_alp_ovl.bmp.ctxr,blt_alp_ovl.bmp,ctxr,11264,d087c9e89e53f7cdcdcea6874a16033e8c5f754b
textures/flatlist/ovr_stm/_win/bnd_alp_ovl.bmp.ctxr,textures/flatlist/ovr_stm/_win,bnd_alp_ovl.bmp.ctxr,bnd_alp_ovl.bmp,ctxr,699488,035d2a5ab3a1254c40ee351b46ad1223f8587ee3
textures/flatlist/ovr_stm/_win/bsn1_alp_ovl.bmp.ctxr,textures/flatlist/ovr_stm/_win,bsn1_alp_ovl.bmp.ctxr,bsn1_alp_ovl.bmp,ctxr,699488,60d865ae2bdfbfe6375787a3432dcfa603ee2a23
textures/flatlist/ovr_stm/_win/bsn2_alp_ovl.bmp.ctxr,textures/flatlist/ovr_stm/_win,bsn2_alp_ovl.bmp.ctxr,bsn2_alp_ovl.bmp,ctxr,699488,fdb379f5640185757fa5545c63e8f4bcc02732ac
textures/flatlist/ovr_stm/_win/b_henden_alp_ovl.bmp.ctxr,textures/flatlist/ovr_stm/_win,b_henden_alp_ovl.bmp.ctxr,b_henden_alp_ovl.bmp,ctxr,84640,fbcf21b49f65e0fd836266832b175cc0a00599b7
textures/flatlist/ovr_stm/_win/camera_alp_ovl.bmp.ctxr,textures/flatlist/ovr_stm/_win,camera_alp_ovl.bmp.ctxr,camera_alp_ovl.bmp,ctxr,699488,4fcf9b34d15b1e17aa1392e3d2d8265f4080895f
textures/flatlist/ovr_stm/_win/cau_alp_ovl.bmp.ctxr,textures/flatlist/ovr_stm/_win,cau_alp_ovl.bmp.ctxr,cau_alp_ovl.bmp,ctxr,175200,9a1e60653423666374c8f3856e32dc6884ea3ae1
textures/flatlist/ovr_stm/_win/cbox_dry_alp_ovl.bmp.ctxr,textures/flatlist/ovr_stm/_win,cbox_dry_alp_ovl.bmp.ctxr,cbox_dry_alp_ovl.bmp,ctxr,699488,9c7928ac71e8f25e7963cb4adbd1ed9ec3f72ea4
textures/flatlist/ovr_stm/_win/cbox_wet_alp_ovl.bmp.ctxr,textures/flatlist/ovr_stm/_win,cbox_wet_alp_ovl.bmp.ctxr,cbox_wet_alp_ovl.bmp,ctxr,699488,f9134000dcfaae6bc3d3dbe2108d4ce66b025dcc
textures/flatlist/ovr_stm/_win/cbx_a_alp_ovl.bmp.ctxr,textures/flatlist/ovr_stm/_win,cbx_a_alp_ovl.bmp.ctxr,cbx_a_alp_ovl.bmp,ctxr,699488,021e28ebf0003f7eee59bac040796f7b0c39c920
textures/flatlist/ovr_stm/_win/cbx_b_alp_ovl.bmp.ctxr,textures/flatlist/ovr_stm/_win,cbx_b_alp_ovl.bmp.ctxr,cbx_b_alp_ovl.bmp,ctxr,699488,abd6b4fac60139a578cfa7eed98281d37d44de72
textures/flatlist/ovr_stm/_win/cbx_c_alp_ovl.bmp.ctxr,textures/flatlist/ovr_stm/_win,cbx_c_alp_ovl.bmp.ctxr,cbx_c_alp_ovl.bmp,ctxr,699488,2d914bc55ce476cb342b4d38be89ab06f63cc417
textures/flatlist/ovr_stm/_win/cbx_d_alp_ovl.bmp.ctxr,textures/flatlist/ovr_stm/_win,cbx_d_alp_ovl.bmp.ctxr,cbx_d_alp_ovl.bmp,ctxr,699488,afe5b6562f06c82e615e483331b4c3bf7b417d02
textures/flatlist/ovr_stm/_win/cbx_e_alp_ovl.bmp.ctxr,textures/flatlist/ovr_stm/_win,cbx_e_alp_ovl.bmp.ctxr,cbx_e_alp_ovl.bmp,ctxr,699488,2a235a067cdc6b39ad19dfefa8ec5a4dd973e9ea
textures/flatlist/ovr_stm/_win/cbx_f_alp_ovl.bmp.ctxr,textures/flatlist/ovr_stm/_win,cbx_f_alp_ovl.bmp.ctxr,cbx_f_alp_ovl.bmp,ctxr,699488,71288794788308d97d53af2dacaf22a1e772154b
textures/flatlist/ovr_stm/_win/cd_renraku_alp_ovl.bmp.ctxr,textures/flatlist/ovr_stm/_win,cd_renraku_alp_ovl.bmp.ctxr,cd_renraku_alp_ovl.bmp,ctxr,84640,15a6d0001afa9e1b7a8f58df60acbf126bb73e47
textures/flatlist/ovr_stm/_win/cfr_alp_ovl.bmp.ctxr,textures/flatlist/ovr_stm/_win,cfr_alp_ovl.bmp.ctxr,cfr_alp_ovl.bmp,ctxr,699488,9e9a06f27c31c9a9eaf9fbd4750050eaeda8bb52
textures/flatlist/ovr_stm/_win/chaff_alp_ovl.bmp.ctxr,textures/flatlist/ovr_stm/_win,chaff_alp_ovl.bmp.ctxr,chaff_alp_ovl.bmp,ctxr,699488,27f05bf7a8562750e8ef49de53f0b842675b6b33
textures/flatlist/ovr_stm/_win/class1_alp_ovl.bmp.ctxr,textures/flatlist/ovr_stm/_win,class1_alp_ovl.bmp.ctxr,class1_alp_ovl.bmp,ctxr,1398560,442bc52dca6698dd641b429ab2276cfd236c2764
textures/flatlist/ovr_stm/_win/class2_alp_ovl.bmp.ctxr,textures/flatlist/ovr_stm/_win,class2_alp_ovl.bmp.ctxr,class2_alp_ovl.bmp,ctxr,1398560,56c600e7dcbcfc791c8d66f71c523ab036643e6d
textures/flatlist/ovr_stm/_win/class3_alp_ovl.bmp.ctxr,textures/flatlist/ovr_stm/_win,class3_alp_ovl.bmp.ctxr,class3_alp_ovl.bmp,ctxr,1398560,634287d5102df3bc0f28c8d6a7f4c4191773325a
textures/flatlist/ovr_stm/_win/clr_alp_ovl.bmp.ctxr,textures/flatlist/ovr_stm/_win,clr_alp_ovl.bmp.ctxr,clr_alp_ovl.bmp,ctxr,175200,e4b315fccd00ab9fd66c33e4deecae65205a28a1
textures/flatlist/ovr_stm/_win/cls_alp_ovl.bmp.ctxr,textures/flatlist/ovr_stm/_win,cls_alp_ovl.bmp.ctxr,cls_alp_ovl.bmp,ctxr,699488,0e5144567d3cfdc3e1a119053787f1ae1cef4b4d
textures/flatlist/ovr_stm/_win/cray_alp_ovl.bmp.ctxr,textures/flatlist/ovr_stm/_win,cray_alp_ovl.bmp.ctxr,cray_alp_ovl.bmp,ctxr,699488,c6e66a6df1ce4b4d3a50f05573fa236758a203f2
textures/flatlist/ovr_stm/_win/c_shokudou_alp_ovl.bmp.ctxr,textures/flatlist/ovr_stm/_win,c_shokudou_alp_ovl.bmp.ctxr,c_shokudou_alp_ovl.bmp,ctxr,84640,6cc85aef4537eb51251cb15216d03a057d931c49
textures/flatlist/ovr_stm/_win/dekisi_alp_ovl.bmp.ctxr,textures/flatlist/ovr_stm/_win,dekisi_alp_ovl.bmp.ctxr,dekisi_alp_ovl.bmp,ctxr,5592864,53a452e011850a5cbdf0a3e27bde5a31b905e219
textures/flatlist/ovr_stm/_win/densou_font_alp_ovl.bmp.ctxr,textures/flatlist/ovr_stm/_win,densou_font_alp_ovl.bmp.ctxr,densou_font_alp_ovl.bmp,ctxr,1398560,03ee6081e016ad5c0f3699a0a9a126a4189aca65
textures/flatlist/ovr_stm/_win/de_renraku_alp_ovl.bmp.ctxr,textures/flatlist/ovr_stm/_win,de_renraku_alp_ovl.bmp.ctxr,de_renraku_alp_ovl.bmp,ctxr,84640,9b78d5dd0af9243c16dbb888d0706bd11d2b5649
textures/flatlist/ovr_stm/_win/dg_renraku_alp_ovl.bmp.ctxr,textures/flatlist/ovr_stm/_win,dg_renraku_alp_ovl.bmp.ctxr,dg_renraku_alp_ovl.bmp,ctxr,84640,c5df5058338af26c635d2fa921b5ba1fb1640553
textures/flatlist/ovr_stm/_win/dmp_alp_ovl.bmp.ctxr,textures/flatlist/ovr_stm/_win,dmp_alp_ovl.bmp.ctxr,dmp_alp_ovl.bmp,ctxr,699488,4b3eec42bea6985672a9f5c15f8c6b00a57fa0cd
textures/flatlist/ovr_stm/_win/dog_alp_ovl.bmp.ctxr,textures/flatlist/ovr_stm/_win,dog_alp_ovl.bmp.ctxr,dog_alp_ovl.bmp,ctxr,699488,b0fd3fc8c419eb670e22cb32469889d41b7b3f05
textures/flatlist/ovr_stm/_win/d_chinden_alp_ovl.bmp.ctxr,textures/flatlist/ovr_stm/_win,d_chinden_alp_ovl.bmp.ctxr,d_chinden_alp_ovl.bmp,ctxr,84640,5458cf17230e6d495be00098317002282d10428b
textures/flatlist/ovr_stm/_win/ef_renraku_alp_ovl.bmp.ctxr,textures/flatlist/ovr_stm/_win,ef_renraku_alp_ovl.bmp.ctxr,ef_renraku_alp_ovl.bmp,ctxr,84640,f046c02b5660b3b4f61af3eba3fa28fb361c7b13
textures/flatlist/ovr_stm/_win/ema_died_alp_ovl.bmp.ctxr,textures/flatlist/ovr_stm/_win,ema_died_alp_ovl.bmp.ctxr,ema_died_alp_ovl.bmp,ctxr,5592864,f177ea53a1c90836a0bc9447419c421eae1460a7
textures/flatlist/ovr_stm/_win/empty_alp_ovl.bmp.ctxr,textures/flatlist/ovr_stm/_win,empty_alp_ovl.bmp.ctxr,empty_alp_ovl.bmp,ctxr,87776,1cb30ddd0e4996955790c9cd902dbfd50a6b78ba
textures/flatlist/ovr_stm/_win/eva_alp_ovl.bmp.ctxr,textures/flatlist/ovr_stm/_win,eva_alp_ovl.bmp.ctxr,eva_alp_ovl.bmp,ctxr,175200,c94e0a6985af87dcce460634d04444c9c13a5c15
textures/flatlist/ovr_stm/_win/exit_alp_add_ovl.bmp.ctxr,textures/flatlist/ovr_stm/_win,exit_alp_add_ovl.bmp.ctxr,exit_alp_add_ovl.bmp,ctxr,87776,b23b5d0b096efcf9f92c1aa7e608e34be7b7e70b
textures/flatlist/ovr_stm/_win/exit_alp_ovl.bmp.ctxr,textures/flatlist/ovr_stm/_win,exit_alp_ovl.bmp.ctxr,exit_alp_ovl.bmp,ctxr,699552,7391a8383388ca826e15f2ef110d62ab5dc16e76
textures/flatlist/ovr_stm/_win/exit_alp_ovl.bmp_2e80fcdf52d4e88c977557d852b3bb00.ctxr,textures/flatlist/ovr_stm/_win,exit_alp_ovl.bmp_2e80fcdf52d4e88c977557d852b3bb00.ctxr,exit_alp_ovl.bmp_2e80fcdf52d4e88c977557d852b3bb00,ctxr,175168,721aa6f16191bc8001a702bbbb84f42fabcb2845
textures/flatlist/ovr_stm/_win/exit_alp_ovl.bmp_6caebe23bde6080a351ba6c3fd17f622.ctxr,textures/flatlist/ovr_stm/_win,exit_alp_ovl.bmp_6caebe23bde6080a351ba6c3fd17f622.ctxr,exit_alp_ovl.bmp_6caebe23bde6080a351ba6c3fd17f622,ctxr,87776,0f6066bfb14204e340fcb9095b92e5098386f3df
textures/flatlist/ovr_stm/_win/exit_alp_ovl.bmp_794456ba9bbbfd3e16cf3cf4157c6d56.ctxr,textures/flatlist/ovr_stm/_win,exit_alp_ovl.bmp_794456ba9bbbfd3e16cf3cf4157c6d56.ctxr,exit_alp_ovl.bmp_794456ba9bbbfd3e16cf3cf4157c6d56,ctxr,349952,ebb215b2ca27eae9cb9448380491b8da8f914567
textures/flatlist/ovr_stm/_win/exit_alp_ovl.bmp_7f9196f232454b86ef93cc3591f1f2ab.ctxr,textures/flatlist/ovr_stm/_win,exit_alp_ovl.bmp_7f9196f232454b86ef93cc3591f1f2ab.ctxr,exit_alp_ovl.bmp_7f9196f232454b86ef93cc3591f1f2ab,ctxr,87776,96818bc78cb567463126c0456cdeda78192185a9
textures/flatlist/ovr_stm/_win/e_heliport_alp_ovl.bmp.ctxr,textures/flatlist/ovr_stm/_win,e_heliport_alp_ovl.bmp.ctxr,e_heliport_alp_ovl.bmp,ctxr,84640,f710ada36f7dedaf446db86d8954f5b4c36cb57d
textures/flatlist/ovr_stm/_win/e_shuhai_1f_alp_ovl.bmp.ctxr,textures/flatlist/ovr_stm/_win,e_shuhai_1f_alp_ovl.bmp.ctxr,e_shuhai_1f_alp_ovl.bmp,ctxr,84640,75a4385fe9a8027f5b922ad96619b93f1a6ccf5b
textures/flatlist/ovr_stm/_win/e_shuhai_2f_alp_ovl.bmp.ctxr,textures/flatlist/ovr_stm/_win,e_shuhai_2f_alp_ovl.bmp.ctxr,e_shuhai_2f_alp_ovl.bmp,ctxr,84640,af387060831ffde8955dbbd0c006c3f9cbc5deab
textures/flatlist/ovr_stm/_win/e_shuhai_alp_ovl.bmp.ctxr,textures/flatlist/ovr_stm/_win,e_shuhai_alp_ovl.bmp.ctxr,e_shuhai_alp_ovl.bmp,ctxr,84640,940f3fbfaf4c9ca57331a15bd2756757ca38b655
textures/flatlist/ovr_stm/_win/e_shuhai_b1_alp_ovl.bmp.ctxr,textures/flatlist/ovr_stm/_win,e_shuhai_b1_alp_ovl.bmp.ctxr,e_shuhai_b1_alp_ovl.bmp,ctxr,84640,2a9eb31ee8f7df6f55a3ffbb8cf9b56090d90860
textures/flatlist/ovr_stm/_win/fake_exit_alp_ovl.bmp.ctxr,textures/flatlist/ovr_stm/_win,fake_exit_alp_ovl.bmp.ctxr,fake_exit_alp_ovl.bmp,ctxr,87776,7b543d3e1b67737a2a42b024d048560f76c8d0f8
textures/flatlist/ovr_stm/_win/fall_alp_ovl.bmp.ctxr,textures/flatlist/ovr_stm/_win,fall_alp_ovl.bmp.ctxr,fall_alp_ovl.bmp,ctxr,5592864,69f3b04c920e65140513111ef5be5ee293e843c1
textures/flatlist/ovr_stm/_win/fa_renraku_alp_ovl.bmp.ctxr,textures/flatlist/ovr_stm/_win,fa_renraku_alp_ovl.bmp.ctxr,fa_renraku_alp_ovl.bmp,ctxr,84640,2f51e3502542b06dcb1e8512fa98717f826a8269
textures/flatlist/ovr_stm/_win/federal_alp_ovl.bmp.ctxr,textures/flatlist/ovr_stm/_win,federal_alp_ovl.bmp.ctxr,federal_alp_ovl.bmp,ctxr,5592896,67acc3524a8aa43782cea266223dc4fadaad72e4
textures/flatlist/ovr_stm/_win/fiction_e_alp_ovl.bmp.ctxr,textures/flatlist/ovr_stm/_win,fiction_e_alp_ovl.bmp.ctxr,fiction_e_alp_ovl.bmp,ctxr,786592,8026b39109e5e12d58837fe432e29de7ac708f9d
textures/flatlist/ovr_stm/_win/fiction_j_alp_ovl.bmp.ctxr,textures/flatlist/ovr_stm/_win,fiction_j_alp_ovl.bmp.ctxr,fiction_j_alp_ovl.bmp,ctxr,22370112,a96c1e220a0076769a91325f2fa07114ba63dee3
textures/flatlist/ovr_stm/_win/fms_alp_ovl.bmp_afd64baad5879a54d69dceeb416e0963.ctxr,textures/flatlist/ovr_stm/_win,fms_alp_ovl.bmp_afd64baad5879a54d69dceeb416e0963.ctxr,fms_alp_ovl.bmp_afd64baad5879a54d69dceeb416e0963,ctxr,699488,c0dde203ee698e3324e97192e6d831667a414e00
textures/flatlist/ovr_stm/_win/font_alp_ovl.bmp.ctxr,textures/flatlist/ovr_stm/_win,font_alp_ovl.bmp.ctxr,font_alp_ovl.bmp,ctxr,2796704,407246fa64bb3010350e317851d96df0f58adaca
textures/flatlist/ovr_stm/_win/font_mini_alp_ovl.bmp.ctxr,textures/flatlist/ovr_stm/_win,font_mini_alp_ovl.bmp.ctxr,font_mini_alp_ovl.bmp,ctxr,2796704,7e601cfc548fbda321bea36ef7d8277beb380a01
textures/flatlist/ovr_stm/_win/funabashi_alp_ovl.bmp.ctxr,textures/flatlist/ovr_stm/_win,funabashi_alp_ovl.bmp.ctxr,funabashi_alp_ovl.bmp,ctxr,84640,de2042260298db4e18c0633a7ac3ac9ebd6b30ca
textures/flatlist/ovr_stm/_win/funa_alp_ovl.bmp.ctxr,textures/flatlist/ovr_stm/_win,funa_alp_ovl.bmp.ctxr,funa_alp_ovl.bmp,ctxr,699488,0cad86d836e5501998972c3c3ba560685f20df82
textures/flatlist/ovr_stm/_win/f_souko_1f_alp_ovl.bmp.ctxr,textures/flatlist/ovr_stm/_win,f_souko_1f_alp_ovl.bmp.ctxr,f_souko_1f_alp_ovl.bmp,ctxr,84640,662c4401ecae75fdad7d05d95bb15fb08c4a3b94
textures/flatlist/ovr_stm/_win/f_souko_alp_ovl.bmp.ctxr,textures/flatlist/ovr_stm/_win,f_souko_alp_ovl.bmp.ctxr,f_souko_alp_ovl.bmp,ctxr,84640,e11e1a4c74d30eed7a6420ba68758ad7b224ca7c
textures/flatlist/ovr_stm/_win/f_souko_b1_alp_ovl.bmp.ctxr,textures/flatlist/ovr_stm/_win,f_souko_b1_alp_ovl.bmp.ctxr,f_souko_b1_alp_ovl.bmp,ctxr,84640,941dddb353859214aa7ce8924e0289a932cb6ff4
textures/flatlist/ovr_stm/_win/gol1_alp_ovl.bmp.ctxr,textures/flatlist/ovr_stm/_win,gol1_alp_ovl.bmp.ctxr,gol1_alp_ovl.bmp,ctxr,699488,f98cdebc8ebd20d793df9931e4c917568ca26f0c
textures/flatlist/ovr_stm/_win/gol2_alp_ovl.bmp.ctxr,textures/flatlist/ovr_stm/_win,gol2_alp_ovl.bmp.ctxr,gol2_alp_ovl.bmp,ctxr,699488,a20e4a4fdcbcd22bf9bee3297865acfb15a9767b
textures/flatlist/ovr_stm/_win/gre_alp_ovl.bmp.ctxr,textures/flatlist/ovr_stm/_win,gre_alp_ovl.bmp.ctxr,gre_alp_ovl.bmp,ctxr,699488,63876761580df2d3d5ca9c48f72f879d3c3b1b42
textures/flatlist/ovr_stm/_win/hfb2_alp_ovl.bmp.ctxr,textures/flatlist/ovr_stm/_win,hfb2_alp_ovl.bmp.ctxr,hfb2_alp_ovl.bmp,ctxr,699488,e1fb631f1132efab32ccfaf8e3e10cc2e7ca91b5
textures/flatlist/ovr_stm/_win/hfb_alp_ovl.bmp.ctxr,textures/flatlist/ovr_stm/_win,hfb_alp_ovl.bmp.ctxr,hfb_alp_ovl.bmp,ctxr,699488,9a5d6f37c9a25a35c735a10d244c59bdc824df50
textures/flatlist/ovr_stm/_win/htl_alp_ovl.bmp.ctxr,textures/flatlist/ovr_stm/_win,htl_alp_ovl.bmp.ctxr,htl_alp_ovl.bmp,ctxr,699488,c14f79b1f19ca26558b7ec7ff2bd02ded02d7e2a
textures/flatlist/ovr_stm/_win/jam_alp_ovl.bmp.ctxr,textures/flatlist/ovr_stm/_win,jam_alp_ovl.bmp.ctxr,jam_alp_ovl.bmp,ctxr,175200,25877c62d94be638261f41465fe121069aa1fbb1
textures/flatlist/ovr_stm/_win/kanpan_02_left_alp_ovl.bmp.ctxr,textures/flatlist/ovr_stm/_win,kanpan_02_left_alp_ovl.bmp.ctxr,kanpan_02_left_alp_ovl.bmp,ctxr,84640,2cedd13ec6fd90ebcb91be0e69da8c9499aec443
textures/flatlist/ovr_stm/_win/kanpan_02_right_alp_ovl.bmp.ctxr,textures/flatlist/ovr_stm/_win,kanpan_02_right_alp_ovl.bmp.ctxr,kanpan_02_right_alp_ovl.bmp,ctxr,84640,dff5322e6fba35b665c74ad12a09787b260640fb
textures/flatlist/ovr_stm/_win/kanpan_alp_ovl.bmp.ctxr,textures/flatlist/ovr_stm/_win,kanpan_alp_ovl.bmp.ctxr,kanpan_alp_ovl.bmp,ctxr,84640,8b70c9db397d5bcdc34a222513c6c063dccd8274
textures/flatlist/ovr_stm/_win/kanpan_left_alp_ovl.bmp.ctxr,textures/flatlist/ovr_stm/_win,kanpan_left_alp_ovl.bmp.ctxr,kanpan_left_alp_ovl.bmp,ctxr,84640,46ab464b069c878fbb7c52d7ca43f3b421fcabad
textures/flatlist/ovr_stm/_win/kanpan_right_alp_ovl.bmp.ctxr,textures/flatlist/ovr_stm/_win,kanpan_right_alp_ovl.bmp.ctxr,kanpan_right_alp_ovl.bmp,ctxr,100000,4e07c26b0adc5fe23ee801eef0e4631254e86ead
textures/flatlist/ovr_stm/_win/kikan_alp_ovl.bmp.ctxr,textures/flatlist/ovr_stm/_win,kikan_alp_ovl.bmp.ctxr,kikan_alp_ovl.bmp,ctxr,84640,c8cc3d74b0373943d57935ebe7e6484beb0c82d9
textures/flatlist/ovr_stm/_win/kikan_ent_left_alp_ovl.bmp.ctxr,textures/flatlist/ovr_stm/_win,kikan_ent_left_alp_ovl.bmp.ctxr,kikan_ent_left_alp_ovl.bmp,ctxr,100000,8920891da85f7480e3b9a876edaede81b39879ce
textures/flatlist/ovr_stm/_win/kikan_ent_right_alp_ovl.bmp.ctxr,textures/flatlist/ovr_stm/_win,kikan_ent_right_alp_ovl.bmp.ctxr,kikan_ent_right_alp_ovl.bmp,ctxr,100000,f675767e449aac0031449acd3a24839fa07f254c
textures/flatlist/ovr_stm/_win/kikan_left_alp_ovl.bmp.ctxr,textures/flatlist/ovr_stm/_win,kikan_left_alp_ovl.bmp.ctxr,kikan_left_alp_ovl.bmp,ctxr,84640,84801a37826e0bce38aa84fe9d3716eb210f1e14
textures/flatlist/ovr_stm/_win/kikan_right_alp_ovl.bmp.ctxr,textures/flatlist/ovr_stm/_win,kikan_right_alp_ovl.bmp.ctxr,kikan_right_alp_ovl.bmp,ctxr,84640,046875fcb1f3f9a49b5024f216dc7045a4503fc8
textures/flatlist/ovr_stm/_win/kl_renraku_alp_ovl.bmp.ctxr,textures/flatlist/ovr_stm/_win,kl_renraku_alp_ovl.bmp.ctxr,kl_renraku_alp_ovl.bmp,ctxr,84640,02cbc2318eb602eef5852bad4a46b0ffb269639e
textures/flatlist/ovr_stm/_win/lg_renraku_alp_ovl.bmp.ctxr,textures/flatlist/ovr_stm/_win,lg_renraku_alp_ovl.bmp.ctxr,lg_renraku_alp_ovl.bmp,ctxr,84640,a19228a1d6594cb6dfe8cdbc36713fca7693fb11
textures/flatlist/ovr_stm/_win/l_gaishu_alp_ovl.bmp.ctxr,textures/flatlist/ovr_stm/_win,l_gaishu_alp_ovl.bmp.ctxr,l_gaishu_alp_ovl.bmp,ctxr,84640,739c564cf87e2890a177e843873a9546b2d4d594
textures/flatlist/ovr_stm/_win/l_oilfence_alp_ovl.bmp.ctxr,textures/flatlist/ovr_stm/_win,l_oilfence_alp_ovl.bmp.ctxr,l_oilfence_alp_ovl.bmp,ctxr,84640,fe2ead019caf2d4edbfd1fb59aa125bc623b2774
textures/flatlist/ovr_stm/_win/l_osui_alp_ovl.bmp.ctxr,textures/flatlist/ovr_stm/_win,l_osui_alp_ovl.bmp.ctxr,l_osui_alp_ovl.bmp,ctxr,132000,8d3e3a9c6be3a6547c5f74ebfdb1f397a2923a02
textures/flatlist/ovr_stm/_win/m4a_nm_alp_ovl.bmp.ctxr,textures/flatlist/ovr_stm/_win,m4a_nm_alp_ovl.bmp.ctxr,m4a_nm_alp_ovl.bmp,ctxr,699488,609308c4ca38c43e5786b61d29beb72a4d1ffb03
textures/flatlist/ovr_stm/_win/m9_alp_ovl.bmp.ctxr,textures/flatlist/ovr_stm/_win,m9_alp_ovl.bmp.ctxr,m9_alp_ovl.bmp,ctxr,699488,dae00f903682f42d5638c15a353ddd038e1c24b7
textures/flatlist/ovr_stm/_win/mag_alp_ovl.bmp.ctxr,textures/flatlist/ovr_stm/_win,mag_alp_ovl.bmp.ctxr,mag_alp_ovl.bmp,ctxr,699488,09ab85625899069875f967019988009737e03ebc
textures/flatlist/ovr_stm/_win/medi_alp_ovl.bmp.ctxr,textures/flatlist/ovr_stm/_win,medi_alp_ovl.bmp.ctxr,medi_alp_ovl.bmp,ctxr,699488,03999fb47f04ae3fa849c53b2b48be08563efa74
textures/flatlist/ovr_stm/_win/mnd_alp_ovl.bmp.ctxr,textures/flatlist/ovr_stm/_win,mnd_alp_ovl.bmp.ctxr,mnd_alp_ovl.bmp,ctxr,699488,8632a3fc645b6f1337d645250446ff3aea43ed11
textures/flatlist/ovr_stm/_win/mod_alp_ovl.bmp.ctxr,textures/flatlist/ovr_stm/_win,mod_alp_ovl.bmp.ctxr,mod_alp_ovl.bmp,ctxr,699488,8a97c6dec91b09210d2af103d3beb7058d8e38fb
textures/flatlist/ovr_stm/_win/museum_de_alp_ovl.bmp.ctxr,textures/flatlist/ovr_stm/_win,museum_de_alp_ovl.bmp.ctxr,museum_de_alp_ovl.bmp,ctxr,22370112,3101991bd860acc539b0fdfc843dada2b4a11757
textures/flatlist/ovr_stm/_win/museum_es_alp_ovl.bmp.ctxr,textures/flatlist/ovr_stm/_win,museum_es_alp_ovl.bmp.ctxr,museum_es_alp_ovl.bmp,ctxr,22370112,501e9002c49a41844ac9e47f514382caee0c5dbb
textures/flatlist/ovr_stm/_win/museum_e_alp_ovl.bmp.ctxr,textures/flatlist/ovr_stm/_win,museum_e_alp_ovl.bmp.ctxr,museum_e_alp_ovl.bmp,ctxr,22370112,37e695835ae865ca4d91b2b9937e80ead8f0cc64
textures/flatlist/ovr_stm/_win/museum_fr_alp_ovl.bmp.ctxr,textures/flatlist/ovr_stm/_win,museum_fr_alp_ovl.bmp.ctxr,museum_fr_alp_ovl.bmp,ctxr,22370112,91a38d5c317cf42d82bfe774f632602c3e9d2585
textures/flatlist/ovr_stm/_win/museum_it_alp_ovl.bmp.ctxr,textures/flatlist/ovr_stm/_win,museum_it_alp_ovl.bmp.ctxr,museum_it_alp_ovl.bmp,ctxr,22370112,b64c40a483dc0146e123afc7f4b626979c79dd6d
textures/flatlist/ovr_stm/_win/museum_j_alp_ovl.bmp.ctxr,textures/flatlist/ovr_stm/_win,museum_j_alp_ovl.bmp.ctxr,museum_j_alp_ovl.bmp,ctxr,22370112,a638b5435c6c921895a10047f84568bdf4d72ec2
textures/flatlist/ovr_stm/_win/newyork_alp_ovl.bmp.ctxr,textures/flatlist/ovr_stm/_win,newyork_alp_ovl.bmp.ctxr,newyork_alp_ovl.bmp,ctxr,84640,b313957a2e67119e87b17e3a1a66657ca7beb7e3
textures/flatlist/ovr_stm/_win/ngl_alp_ovl.bmp.ctxr,textures/flatlist/ovr_stm/_win,ngl_alp_ovl.bmp.ctxr,ngl_alp_ovl.bmp,ctxr,699488,f6484e17594e2e2e2aff5fa4f8619615c81856c5
textures/flatlist/ovr_stm/_win/niki_alp_ovl.bmp.ctxr,textures/flatlist/ovr_stm/_win,niki_alp_ovl.bmp.ctxr,niki_alp_ovl.bmp,ctxr,699488,f026133e7aefce0c2b4bf74eeb9a109cb18f71c2
textures/flatlist/ovr_stm/_win/nom_b_alp_ovl.bmp.ctxr,textures/flatlist/ovr_stm/_win,nom_b_alp_ovl.bmp.ctxr,nom_b_alp_ovl.bmp,ctxr,175200,2d1b675cbd85be41d3316bd3fb023f2f74c38699
textures/flatlist/ovr_stm/_win/odai_a01a_ldr00.bmp.ctxr,textures/flatlist/ovr_stm/_win,odai_a01a_ldr00.bmp.ctxr,odai_a01a_ldr00.bmp,ctxr,2796672,64ab546350ee303b251d6941926d7aa8d64c501a
textures/flatlist/ovr_stm/_win/odai_a01a_ldr00a.bmp.ctxr,textures/flatlist/ovr_stm/_win,odai_a01a_ldr00a.bmp.ctxr,odai_a01a_ldr00a.bmp,ctxr,2796672,c1b1b9c4669279bb6ddacef65167e1813ee1924d
textures/flatlist/ovr_stm/_win/odai_a01a_ldr01.bmp.ctxr,textures/flatlist/ovr_stm/_win,odai_a01a_ldr01.bmp.ctxr,odai_a01a_ldr01.bmp,ctxr,2796672,0841385c9532c9348da948c02cdbc20674331fdf
textures/flatlist/ovr_stm/_win/odai_a01a_ldr01a.bmp.ctxr,textures/flatlist/ovr_stm/_win,odai_a01a_ldr01a.bmp.ctxr,odai_a01a_ldr01a.bmp,ctxr,2796672,959f982f752e3718816280380ba7e09c329fb117
textures/flatlist/ovr_stm/_win/odai_a01a_ldr02.bmp.ctxr,textures/flatlist/ovr_stm/_win,odai_a01a_ldr02.bmp.ctxr,odai_a01a_ldr02.bmp,ctxr,2796672,526989d37e11de46b840750b4fe43c6805f8f17d
textures/flatlist/ovr_stm/_win/odai_a01a_ldr03.bmp.ctxr,textures/flatlist/ovr_stm/_win,odai_a01a_ldr03.bmp.ctxr,odai_a01a_ldr03.bmp,ctxr,2796672,ff0aeb75c6b6bd1479e4c45920947b105e015f5b
textures/flatlist/ovr_stm/_win/odai_a01a_ldr03a.bmp.ctxr,textures/flatlist/ovr_stm/_win,odai_a01a_ldr03a.bmp.ctxr,odai_a01a_ldr03a.bmp,ctxr,2796672,bad19d1a03b84fe516a8089b892c517a59e9e990
textures/flatlist/ovr_stm/_win/odai_a01a_ldr04.bmp.ctxr,textures/flatlist/ovr_stm/_win,odai_a01a_ldr04.bmp.ctxr,odai_a01a_ldr04.bmp,ctxr,2796672,18bba590c8b63ba71a947406b4f75959f1caa963
textures/flatlist/ovr_stm/_win/odai_a01a_ldr04a.bmp.ctxr,textures/flatlist/ovr_stm/_win,odai_a01a_ldr04a.bmp.ctxr,odai_a01a_ldr04a.bmp,ctxr,2796672,1861b76a2b3c7d1d623a96220dc009b8987ba7b8
textures/flatlist/ovr_stm/_win/odai_a24a_ldr00.bmp.ctxr,textures/flatlist/ovr_stm/_win,odai_a24a_ldr00.bmp.ctxr,odai_a24a_ldr00.bmp,ctxr,2796672,4ee9a36ab9272852bf1e838a952cfbabcd901764
textures/flatlist/ovr_stm/_win/odai_a24a_ldr01.bmp.ctxr,textures/flatlist/ovr_stm/_win,odai_a24a_ldr01.bmp.ctxr,odai_a24a_ldr01.bmp,ctxr,2796672,b1db1893fbf150cb08b7f2c4fffc012a58103c24
textures/flatlist/ovr_stm/_win/odai_a24a_ldr02.bmp.ctxr,textures/flatlist/ovr_stm/_win,odai_a24a_ldr02.bmp.ctxr,odai_a24a_ldr02.bmp,ctxr,2796672,34b3028c799084dad03490a8d88f755d84196cd2
textures/flatlist/ovr_stm/_win/odai_a24d2_pane03.bmp.ctxr,textures/flatlist/ovr_stm/_win,odai_a24d2_pane03.bmp.ctxr,odai_a24d2_pane03.bmp,ctxr,2796672,d7db160f92fdd41a631461b3843b439c574aefae
textures/flatlist/ovr_stm/_win/odai_a24d2_pane04.bmp.ctxr,textures/flatlist/ovr_stm/_win,odai_a24d2_pane04.bmp.ctxr,odai_a24d2_pane04.bmp,ctxr,2796672,ccbd4279bf8dca50b35e4b061c6f8aadfa7019be
textures/flatlist/ovr_stm/_win/psg2_alp_ovl.bmp.ctxr,textures/flatlist/ovr_stm/_win,psg2_alp_ovl.bmp.ctxr,psg2_alp_ovl.bmp,ctxr,699488,6a427a34e0774155c813fdea9ce085af4c7b5ce5
textures/flatlist/ovr_stm/_win/psg_alp_ovl.bmp.ctxr,textures/flatlist/ovr_stm/_win,psg_alp_ovl.bmp.ctxr,psg_alp_ovl.bmp,ctxr,699488,97d8881f40f9641b5ebeb3d2e774c5f13ed77a55
textures/flatlist/ovr_stm/_win/ration_alp_ovl.bmp.ctxr,textures/flatlist/ovr_stm/_win,ration_alp_ovl.bmp.ctxr,ration_alp_ovl.bmp,ctxr,699488,84fd29fa20529278c186bafb9478f00857d6bfdc
textures/flatlist/ovr_stm/_win/refre_alp_ovl.bmp.ctxr,textures/flatlist/ovr_stm/_win,refre_alp_ovl.bmp.ctxr,refre_alp_ovl.bmp,ctxr,100000,e012bbd11ee51873437388def470d66f9ba661ea
textures/flatlist/ovr_stm/_win/refre_left_alp_ovl.bmp.ctxr,textures/flatlist/ovr_stm/_win,refre_left_alp_ovl.bmp.ctxr,refre_left_alp_ovl.bmp,ctxr,92320,482aa2f0f22149528a4d8ae37f99400c0037e94c
textures/flatlist/ovr_stm/_win/refre_right_alp_ovl.bmp.ctxr,textures/flatlist/ovr_stm/_win,refre_right_alp_ovl.bmp.ctxr,refre_right_alp_ovl.bmp,ctxr,100000,c3149fb97409b0470ee2934a60b5227a86874739
textures/flatlist/ovr_stm/_win/rgb_alp_ovl.bmp.ctxr,textures/flatlist/ovr_stm/_win,rgb_alp_ovl.bmp.ctxr,rgb_alp_ovl.bmp,ctxr,699488,9475652f1575e219130e682a691e964dd6d0f551
textures/flatlist/ovr_stm/_win/sam_alp_ovl.bmp.ctxr,textures/flatlist/ovr_stm/_win,sam_alp_ovl.bmp.ctxr,sam_alp_ovl.bmp,ctxr,699488,3b39ebb3f471fd236ca6911c4a348ba51a0b7aaa
textures/flatlist/ovr_stm/_win/scm2_alp_ovl.bmp.ctxr,textures/flatlist/ovr_stm/_win,scm2_alp_ovl.bmp.ctxr,scm2_alp_ovl.bmp,ctxr,699488,746756cd65a97410a057a00aaa889fe16749f130
textures/flatlist/ovr_stm/_win/scm_alp_ovl.bmp.ctxr,textures/flatlist/ovr_stm/_win,scm_alp_ovl.bmp.ctxr,scm_alp_ovl.bmp,ctxr,699488,5b858b40624cfb777ec3b9d55aa381c52b2e156e
textures/flatlist/ovr_stm/_win/scm_sp2_alp_ovl.bmp.ctxr,textures/flatlist/ovr_stm/_win,scm_sp2_alp_ovl.bmp.ctxr,scm_sp2_alp_ovl.bmp,ctxr,699488,e0e397ab18d7805b5bb9680fc733fa5126cae2e1
textures/flatlist/ovr_stm/_win/scope_alp_ovl.bmp.ctxr,textures/flatlist/ovr_stm/_win,scope_alp_ovl.bmp.ctxr,scope_alp_ovl.bmp,ctxr,699488,fcc792a5c822e4919d86e11c8af23239dda3be11
textures/flatlist/ovr_stm/_win/senbi_kanpan_alp_ovl.bmp.ctxr,textures/flatlist/ovr_stm/_win,senbi_kanpan_alp_ovl.bmp.ctxr,senbi_kanpan_alp_ovl.bmp,ctxr,84640,d9af3d57fdb1e9115d0a7e566ee6cce8c5344ec0
textures/flatlist/ovr_stm/_win/senbi_kanpan_left_alp_ovl.bmp.ctxr,textures/flatlist/ovr_stm/_win,senbi_kanpan_left_alp_ovl.bmp.ctxr,senbi_kanpan_left_alp_ovl.bmp,ctxr,84640,b0fb0e3db486b67439326193915537b96a3cbb62
textures/flatlist/ovr_stm/_win/senbi_kanpan_right_alp_ovl.bmp.ctxr,textures/flatlist/ovr_stm/_win,senbi_kanpan_right_alp_ovl.bmp.ctxr,senbi_kanpan_right_alp_ovl.bmp,ctxr,84640,5b25fd043978d82ff9d25ef6f050bcae9d46fb4c
textures/flatlist/ovr_stm/_win/sensou_01_alp_ovl.bmp.ctxr,textures/flatlist/ovr_stm/_win,sensou_01_alp_ovl.bmp.ctxr,sensou_01_alp_ovl.bmp,ctxr,84640,dadfae3b4642ab8d3e95dafea144e94b2503595b
textures/flatlist/ovr_stm/_win/sensou_02_alp_ovl.bmp.ctxr,textures/flatlist/ovr_stm/_win,sensou_02_alp_ovl.bmp.ctxr,sensou_02_alp_ovl.bmp,ctxr,84640,17e062db51b3dbf56414648c3c28540aa1add8e9
textures/flatlist/ovr_stm/_win/sensou_03_alp_ovl.bmp.ctxr,textures/flatlist/ovr_stm/_win,sensou_03_alp_ovl.bmp.ctxr,sensou_03_alp_ovl.bmp,ctxr,84640,5a9dbe7836961c22811fa1d48adac950b39beb22
textures/flatlist/ovr_stm/_win/shv_alp_ovl.bmp.ctxr,textures/flatlist/ovr_stm/_win,shv_alp_ovl.bmp.ctxr,shv_alp_ovl.bmp,ctxr,699488,28bf009ef9a761469c319bddfcae7747d030b223
textures/flatlist/ovr_stm/_win/smoke_alp_ovl.bmp.ctxr,textures/flatlist/ovr_stm/_win,smoke_alp_ovl.bmp.ctxr,smoke_alp_ovl.bmp,ctxr,699488,5238aab7e3fc3ed14e401e51d17c4a03e10821d5
textures/flatlist/ovr_stm/_win/snake_tales_ltitlea_alp_ovl.bmp.ctxr,textures/flatlist/ovr_stm/_win,snake_tales_ltitlea_alp_ovl.bmp.ctxr,snake_tales_ltitlea_alp_ovl.bmp,ctxr,1398560,ab581e70154a0d2af5dcd3625d57a1485230ab96
textures/flatlist/ovr_stm/_win/snake_tales_ltitleb_alp_ovl.bmp.ctxr,textures/flatlist/ovr_stm/_win,snake_tales_ltitleb_alp_ovl.bmp.ctxr,snake_tales_ltitleb_alp_ovl.bmp,ctxr,1398560,79c3d01c4f6be6d15aae8f3899d0afe1bc572793
textures/flatlist/ovr_stm/_win/snake_tales_ltitlec_alp_ovl.bmp.ctxr,textures/flatlist/ovr_stm/_win,snake_tales_ltitlec_alp_ovl.bmp.ctxr,snake_tales_ltitlec_alp_ovl.bmp,ctxr,1398560,8bef3f0886f5e3f45a45db75d5605892b6a92af9
textures/flatlist/ovr_stm/_win/snake_tales_ltitled_alp_ovl.bmp.ctxr,textures/flatlist/ovr_stm/_win,snake_tales_ltitled_alp_ovl.bmp.ctxr,snake_tales_ltitled_alp_ovl.bmp,ctxr,1398560,c9464fbb8b64bbc679519397d11e8eec0b338c15
textures/flatlist/ovr_stm/_win/snake_tales_ltitlee_alp_ovl.bmp.ctxr,textures/flatlist/ovr_stm/_win,snake_tales_ltitlee_alp_ovl.bmp.ctxr,snake_tales_ltitlee_alp_ovl.bmp,ctxr,1398560,e6ce6b2223df0e492c158a8f70bf42675bd09e56
textures/flatlist/ovr_stm/_win/sp_alp_ovl.bmp.ctxr,textures/flatlist/ovr_stm/_win,sp_alp_ovl.bmp.ctxr,sp_alp_ovl.bmp,ctxr,349984,57ed5a01c812b0e9ab379f0c17c9429582d14863
textures/flatlist/ovr_stm/_win/sr00e_alp_ovl.bmp.ctxr,textures/flatlist/ovr_stm/_win,sr00e_alp_ovl.bmp.ctxr,sr00e_alp_ovl.bmp,ctxr,1398592,fb4f8fd17d9c56a47b2902569ffcfe3fd5440e14
textures/flatlist/ovr_stm/_win/sr00j_alp_ovl.bmp.ctxr,textures/flatlist/ovr_stm/_win,sr00j_alp_ovl.bmp.ctxr,sr00j_alp_ovl.bmp,ctxr,1398592,e380ada949d83d9241295649ad5cf36db8d4aec4
textures/flatlist/ovr_stm/_win/sr01e_alp_ovl.bmp.ctxr,textures/flatlist/ovr_stm/_win,sr01e_alp_ovl.bmp.ctxr,sr01e_alp_ovl.bmp,ctxr,1398592,651e1fe6e6cfd757faf07c344f3f467145f8fd61
textures/flatlist/ovr_stm/_win/sr01j_alp_ovl.bmp.ctxr,textures/flatlist/ovr_stm/_win,sr01j_alp_ovl.bmp.ctxr,sr01j_alp_ovl.bmp,ctxr,1398592,5ea300dda860f1901bf09ffb7e7a0e9fa7dc11dd
textures/flatlist/ovr_stm/_win/sr01j_alp_ovl.bmp_71b551295ba518fae4283bd712544a6d.ctxr,textures/flatlist/ovr_stm/_win,sr01j_alp_ovl.bmp_71b551295ba518fae4283bd712544a6d.ctxr,sr01j_alp_ovl.bmp_71b551295ba518fae4283bd712544a6d,ctxr,1398592,ffb0a02da835f91b8d1a68de367e0b856c983219
textures/flatlist/ovr_stm/_win/sr02e_alp_ovl.bmp.ctxr,textures/flatlist/ovr_stm/_win,sr02e_alp_ovl.bmp.ctxr,sr02e_alp_ovl.bmp,ctxr,2796704,7cac274eec668b063d24d7315d420dddb52238ce
textures/flatlist/ovr_stm/_win/sr02j_alp_ovl.bmp.ctxr,textures/flatlist/ovr_stm/_win,sr02j_alp_ovl.bmp.ctxr,sr02j_alp_ovl.bmp,ctxr,2796704,7b5bdf690dc985335e8b318d8738f8ecf9e3c8b6
textures/flatlist/ovr_stm/_win/sr02j_alp_ovl.bmp_4a09a9b88e5c9d0cf6da451edf0dbec7.ctxr,textures/flatlist/ovr_stm/_win,sr02j_alp_ovl.bmp_4a09a9b88e5c9d0cf6da451edf0dbec7.ctxr,sr02j_alp_ovl.bmp_4a09a9b88e5c9d0cf6da451edf0dbec7,ctxr,1398592,346236e7f8fce3cfcf40ea0399cb72cc578d5ca5
textures/flatlist/ovr_stm/_win/sr03e_alp_ovl.bmp.ctxr,textures/flatlist/ovr_stm/_win,sr03e_alp_ovl.bmp.ctxr,sr03e_alp_ovl.bmp,ctxr,2796704,ed59c1d1716b11e7150aeb5c355a09fdf3a15ca7
textures/flatlist/ovr_stm/_win/sr03j_alp_ovl.bmp.ctxr,textures/flatlist/ovr_stm/_win,sr03j_alp_ovl.bmp.ctxr,sr03j_alp_ovl.bmp,ctxr,2796704,3ac555987237691783d487e00e889282d106ddd7
textures/flatlist/ovr_stm/_win/sr04e_alp_ovl.bmp.ctxr,textures/flatlist/ovr_stm/_win,sr04e_alp_ovl.bmp.ctxr,sr04e_alp_ovl.bmp,ctxr,2796704,cd52f28fce5ed1258405a6925802dc9a19c69246
textures/flatlist/ovr_stm/_win/sr04e_alp_ovl.bmp_7df013dc1a4acc27c98bdd79b9268942.ctxr,textures/flatlist/ovr_stm/_win,sr04e_alp_ovl.bmp_7df013dc1a4acc27c98bdd79b9268942.ctxr,sr04e_alp_ovl.bmp_7df013dc1a4acc27c98bdd79b9268942,ctxr,2796704,b1437787fd4aca4af7e8c4b352571f9705d85a80
textures/flatlist/ovr_stm/_win/sr04j_alp_ovl.bmp.ctxr,textures/flatlist/ovr_stm/_win,sr04j_alp_ovl.bmp.ctxr,sr04j_alp_ovl.bmp,ctxr,2796704,904e27872c19d2faf578baac516aeb4d8a939c81
textures/flatlist/ovr_stm/_win/sr04j_alp_ovl.bmp_1383a677978c887d8f593c2469a8401a.ctxr,textures/flatlist/ovr_stm/_win,sr04j_alp_ovl.bmp_1383a677978c887d8f593c2469a8401a.ctxr,sr04j_alp_ovl.bmp_1383a677978c887d8f593c2469a8401a,ctxr,1398592,9d40ba3d0e1cc4c34c60d974b57464b02d1b4471
textures/flatlist/ovr_stm/_win/sr05e_alp_ovl.bmp.ctxr,textures/flatlist/ovr_stm/_win,sr05e_alp_ovl.bmp.ctxr,sr05e_alp_ovl.bmp,ctxr,1398592,c55d51d80f9b9efc710ded94d67e17ec90800d43
textures/flatlist/ovr_stm/_win/sr05e_alp_ovl.bmp_fa8e2b5b866afff71bcedae16df8e3df.ctxr,textures/flatlist/ovr_stm/_win,sr05e_alp_ovl.bmp_fa8e2b5b866afff71bcedae16df8e3df.ctxr,sr05e_alp_ovl.bmp_fa8e2b5b866afff71bcedae16df8e3df,ctxr,1398592,6cb40951094815c123ea2c643f274c2dd1c94aed
textures/flatlist/ovr_stm/_win/sr05j_alp_ovl.bmp.ctxr,textures/flatlist/ovr_stm/_win,sr05j_alp_ovl.bmp.ctxr,sr05j_alp_ovl.bmp,ctxr,1398592,f55c27673ef2981bff343d952f0bc7fe647459d8
textures/flatlist/ovr_stm/_win/sr05j_alp_ovl.bmp_bf1906e485ccafe1c218be12a5453562.ctxr,textures/flatlist/ovr_stm/_win,sr05j_alp_ovl.bmp_bf1906e485ccafe1c218be12a5453562.ctxr,sr05j_alp_ovl.bmp_bf1906e485ccafe1c218be12a5453562,ctxr,1398592,1d1df41f5089bb941ad5c606b3ab630b643d3970
textures/flatlist/ovr_stm/_win/sr06e_alp_ovl.bmp.ctxr,textures/flatlist/ovr_stm/_win,sr06e_alp_ovl.bmp.ctxr,sr06e_alp_ovl.bmp,ctxr,1398592,b376224b7bbce24a5058011b88a3687d8e9cb34c
textures/flatlist/ovr_stm/_win/sr06e_alp_ovl.bmp_93ce3028cb41917a7f5a86e1a5cef339.ctxr,textures/flatlist/ovr_stm/_win,sr06e_alp_ovl.bmp_93ce3028cb41917a7f5a86e1a5cef339.ctxr,sr06e_alp_ovl.bmp_93ce3028cb41917a7f5a86e1a5cef339,ctxr,1398592,c8958df619fe8dc086d4863ff6363cde684cdf4d
textures/flatlist/ovr_stm/_win/sr06j_alp_ovl.bmp.ctxr,textures/flatlist/ovr_stm/_win,sr06j_alp_ovl.bmp.ctxr,sr06j_alp_ovl.bmp,ctxr,1398592,24012d36a899d471e8edb6bff57efd13fbf586eb
textures/flatlist/ovr_stm/_win/sr06j_alp_ovl.bmp_3930ac3de40a80d7335f659d8d3b18df.ctxr,textures/flatlist/ovr_stm/_win,sr06j_alp_ovl.bmp_3930ac3de40a80d7335f659d8d3b18df.ctxr,sr06j_alp_ovl.bmp_3930ac3de40a80d7335f659d8d3b18df,ctxr,1398592,78794253e3f6fb0872fc8f876e0e5a7a50b3bc19
textures/flatlist/ovr_stm/_win/sr07e_alp_ovl.bmp.ctxr,textures/flatlist/ovr_stm/_win,sr07e_alp_ovl.bmp.ctxr,sr07e_alp_ovl.bmp,ctxr,1398592,bde01b606b8fa9d34b8eb9f98ae8dda481afab57
textures/flatlist/ovr_stm/_win/sr07e_alp_ovl.bmp_1facc522d39aa7af4c8f475392ce56fb.ctxr,textures/flatlist/ovr_stm/_win,sr07e_alp_ovl.bmp_1facc522d39aa7af4c8f475392ce56fb.ctxr,sr07e_alp_ovl.bmp_1facc522d39aa7af4c8f475392ce56fb,ctxr,1398592,9678f70a82b0b3c8b011f6ef039ad1bdc29a75a7
textures/flatlist/ovr_stm/_win/sr07j_alp_ovl.bmp.ctxr,textures/flatlist/ovr_stm/_win,sr07j_alp_ovl.bmp.ctxr,sr07j_alp_ovl.bmp,ctxr,1398592,534a84865e8495a294e8dd9e5445d7f80c5d4211
textures/flatlist/ovr_stm/_win/sr07j_alp_ovl.bmp_df4abf9598b5e1aaa1c931ea907a758a.ctxr,textures/flatlist/ovr_stm/_win,sr07j_alp_ovl.bmp_df4abf9598b5e1aaa1c931ea907a758a.ctxr,sr07j_alp_ovl.bmp_df4abf9598b5e1aaa1c931ea907a758a,ctxr,1398592,d3829f629a243f8edaa53fd8b81bb10b114e9e8c
textures/flatlist/ovr_stm/_win/sr08e_alp_ovl.bmp.ctxr,textures/flatlist/ovr_stm/_win,sr08e_alp_ovl.bmp.ctxr,sr08e_alp_ovl.bmp,ctxr,1398592,8593983eb2f789e001424baa03d428a7d0839786
textures/flatlist/ovr_stm/_win/sr08e_alp_ovl.bmp_94c5b46b1b4c4dd69ab4b85ecd7d43fe.ctxr,textures/flatlist/ovr_stm/_win,sr08e_alp_ovl.bmp_94c5b46b1b4c4dd69ab4b85ecd7d43fe.ctxr,sr08e_alp_ovl.bmp_94c5b46b1b4c4dd69ab4b85ecd7d43fe,ctxr,1398592,0806b974ab97afb3ea6f988321645a46e9cc04cc
textures/flatlist/ovr_stm/_win/sr08j_alp_ovl.bmp.ctxr,textures/flatlist/ovr_stm/_win,sr08j_alp_ovl.bmp.ctxr,sr08j_alp_ovl.bmp,ctxr,1398592,89aa631f54f6878817e1326a6bf1ed7a6c0c2673
textures/flatlist/ovr_stm/_win/sr08j_alp_ovl.bmp_501fe309963ffa2693e775abe15afe45.ctxr,textures/flatlist/ovr_stm/_win,sr08j_alp_ovl.bmp_501fe309963ffa2693e775abe15afe45.ctxr,sr08j_alp_ovl.bmp_501fe309963ffa2693e775abe15afe45,ctxr,1398592,e45faaf5ec9c62fb7ff5ece4a35146bcf6b5e196
textures/flatlist/ovr_stm/_win/sr09e_alp_ovl.bmp.ctxr,textures/flatlist/ovr_stm/_win,sr09e_alp_ovl.bmp.ctxr,sr09e_alp_ovl.bmp,ctxr,1398592,8400d632a247afea1239418a7c5de105d29faa1a
textures/flatlist/ovr_stm/_win/sr09e_alp_ovl.bmp_2bec0cf6e2d48a41d9297cf01513f45c.ctxr,textures/flatlist/ovr_stm/_win,sr09e_alp_ovl.bmp_2bec0cf6e2d48a41d9297cf01513f45c.ctxr,sr09e_alp_ovl.bmp_2bec0cf6e2d48a41d9297cf01513f45c,ctxr,1398592,9bb36499ceac2c3f014260606d5f9eb316be2fd0
textures/flatlist/ovr_stm/_win/sr09j_alp_ovl.bmp.ctxr,textures/flatlist/ovr_stm/_win,sr09j_alp_ovl.bmp.ctxr,sr09j_alp_ovl.bmp,ctxr,1398592,10de319f156c11a7152c6cd66b7edd386106c343
textures/flatlist/ovr_stm/_win/sr10e_alp_ovl.bmp.ctxr,textures/flatlist/ovr_stm/_win,sr10e_alp_ovl.bmp.ctxr,sr10e_alp_ovl.bmp,ctxr,1398592,4f2bd67284ab47e390e8afbcc1500a734f8c9ffe
textures/flatlist/ovr_stm/_win/sr10e_alp_ovl.bmp_1927c59b5a429c24eac1732749ce574a.ctxr,textures/flatlist/ovr_stm/_win,sr10e_alp_ovl.bmp_1927c59b5a429c24eac1732749ce574a.ctxr,sr10e_alp_ovl.bmp_1927c59b5a429c24eac1732749ce574a,ctxr,1398592,2271332412723c7d67182512a16f1935c8502942
textures/flatlist/ovr_stm/_win/sr10j_alp_ovl.bmp.ctxr,textures/flatlist/ovr_stm/_win,sr10j_alp_ovl.bmp.ctxr,sr10j_alp_ovl.bmp,ctxr,1398592,cd0b8c017a7dc8e687675e2281564469f9800e5f
textures/flatlist/ovr_stm/_win/sr11e_alp_ovl.bmp.ctxr,textures/flatlist/ovr_stm/_win,sr11e_alp_ovl.bmp.ctxr,sr11e_alp_ovl.bmp,ctxr,1398592,cf12784f2947d7730603dd25bc80799889221942
textures/flatlist/ovr_stm/_win/sr11e_alp_ovl.bmp_cb0dce75f41243b62d86315f2154df35.ctxr,textures/flatlist/ovr_stm/_win,sr11e_alp_ovl.bmp_cb0dce75f41243b62d86315f2154df35.ctxr,sr11e_alp_ovl.bmp_cb0dce75f41243b62d86315f2154df35,ctxr,1398592,8bf43b247157e0c0ee979ccda069910ce98f0a0d
textures/flatlist/ovr_stm/_win/sr11j_alp_ovl.bmp.ctxr,textures/flatlist/ovr_stm/_win,sr11j_alp_ovl.bmp.ctxr,sr11j_alp_ovl.bmp,ctxr,1398592,402ed8553c824002bf41a139605cc903d80ec2d2
textures/flatlist/ovr_stm/_win/sr11j_alp_ovl.bmp_d403a96582282e98da76e6194a8a4c58.ctxr,textures/flatlist/ovr_stm/_win,sr11j_alp_ovl.bmp_d403a96582282e98da76e6194a8a4c58.ctxr,sr11j_alp_ovl.bmp_d403a96582282e98da76e6194a8a4c58,ctxr,1398592,036cf4725caf81595b2bd959e732e81fbef72329
textures/flatlist/ovr_stm/_win/sr12e_alp_ovl.bmp.ctxr,textures/flatlist/ovr_stm/_win,sr12e_alp_ovl.bmp.ctxr,sr12e_alp_ovl.bmp,ctxr,1398592,640fb265c75ab6f323bd70835dacd8c8d5edbe41
textures/flatlist/ovr_stm/_win/sr12e_alp_ovl.bmp_49da83a2fc34ffff91d496c4100267ab.ctxr,textures/flatlist/ovr_stm/_win,sr12e_alp_ovl.bmp_49da83a2fc34ffff91d496c4100267ab.ctxr,sr12e_alp_ovl.bmp_49da83a2fc34ffff91d496c4100267ab,ctxr,1398592,96f22bc4e6518b91a212a1bfdaefc4a5fec50684
textures/flatlist/ovr_stm/_win/sr12j_alp_ovl.bmp.ctxr,textures/flatlist/ovr_stm/_win,sr12j_alp_ovl.bmp.ctxr,sr12j_alp_ovl.bmp,ctxr,1398592,6175d8534f0621e1509281820c8bbe8d3b01c701
textures/flatlist/ovr_stm/_win/sr12j_alp_ovl.bmp_17fe60f718f515850942f8f66ba0be2a.ctxr,textures/flatlist/ovr_stm/_win,sr12j_alp_ovl.bmp_17fe60f718f515850942f8f66ba0be2a.ctxr,sr12j_alp_ovl.bmp_17fe60f718f515850942f8f66ba0be2a,ctxr,1398592,588fffd298e5c9b9e880cef2a8650e52c644b771
textures/flatlist/ovr_stm/_win/sr13e_alp_ovl.bmp.ctxr,textures/flatlist/ovr_stm/_win,sr13e_alp_ovl.bmp.ctxr,sr13e_alp_ovl.bmp,ctxr,1398592,665488d17fc16e84097e94cf520f2a109d783713
textures/flatlist/ovr_stm/_win/sr13e_alp_ovl.bmp_8e5d765a189254623f05bef061d0db1a.ctxr,textures/flatlist/ovr_stm/_win,sr13e_alp_ovl.bmp_8e5d765a189254623f05bef061d0db1a.ctxr,sr13e_alp_ovl.bmp_8e5d765a189254623f05bef061d0db1a,ctxr,1398592,a30584b69d1bf3df06843b84bf7b9228c6014e70
textures/flatlist/ovr_stm/_win/sr13j_alp_ovl.bmp.ctxr,textures/flatlist/ovr_stm/_win,sr13j_alp_ovl.bmp.ctxr,sr13j_alp_ovl.bmp,ctxr,1398592,8aa67e5f4949b2186b35eb594d7859edaba23330
textures/flatlist/ovr_stm/_win/sr14e_alp_ovl.bmp.ctxr,textures/flatlist/ovr_stm/_win,sr14e_alp_ovl.bmp.ctxr,sr14e_alp_ovl.bmp,ctxr,1398592,092e2476cc0b206131634323af694144fee19401
textures/flatlist/ovr_stm/_win/sr14e_alp_ovl.bmp_ea172754f17f49457f2f04ae2319add2.ctxr,textures/flatlist/ovr_stm/_win,sr14e_alp_ovl.bmp_ea172754f17f49457f2f04ae2319add2.ctxr,sr14e_alp_ovl.bmp_ea172754f17f49457f2f04ae2319add2,ctxr,1398592,b520c5a32f5a63d578dcae140c62bf27062647e2
textures/flatlist/ovr_stm/_win/sr14j_alp_ovl.bmp.ctxr,textures/flatlist/ovr_stm/_win,sr14j_alp_ovl.bmp.ctxr,sr14j_alp_ovl.bmp,ctxr,1398592,a2556b7fa8995e1c8d7f3255bf3fc37152c7fe7e
textures/flatlist/ovr_stm/_win/sr14j_alp_ovl.bmp_104b15f9971860fa4c6923382baf1463.ctxr,textures/flatlist/ovr_stm/_win,sr14j_alp_ovl.bmp_104b15f9971860fa4c6923382baf1463.ctxr,sr14j_alp_ovl.bmp_104b15f9971860fa4c6923382baf1463,ctxr,1398592,fc6abdcb64ac164581f7198ec49f3e6ec035b37d
textures/flatlist/ovr_stm/_win/sr14j_bg_alp_ovl.bmp.ctxr,textures/flatlist/ovr_stm/_win,sr14j_bg_alp_ovl.bmp.ctxr,sr14j_bg_alp_ovl.bmp,ctxr,1398592,a550b86113de9b0ef687b0459cb832a53a3ae57e
textures/flatlist/ovr_stm/_win/sr16e_alp_ovl.bmp.ctxr,textures/flatlist/ovr_stm/_win,sr16e_alp_ovl.bmp.ctxr,sr16e_alp_ovl.bmp,ctxr,1398592,70bb8c6b37ad87bf15fe166f7e1fd2ea166316dd
textures/flatlist/ovr_stm/_win/sr16j_alp_ovl.bmp.ctxr,textures/flatlist/ovr_stm/_win,sr16j_alp_ovl.bmp.ctxr,sr16j_alp_ovl.bmp,ctxr,1398592,6f44102109fb86834a173d023487a4d83cca5a91
textures/flatlist/ovr_stm/_win/sr17e_alp_ovl.bmp.ctxr,textures/flatlist/ovr_stm/_win,sr17e_alp_ovl.bmp.ctxr,sr17e_alp_ovl.bmp,ctxr,1398592,22cd34dee87541657701c60800e76213ffbd13a2
textures/flatlist/ovr_stm/_win/sr17j_alp_ovl.bmp.ctxr,textures/flatlist/ovr_stm/_win,sr17j_alp_ovl.bmp.ctxr,sr17j_alp_ovl.bmp,ctxr,1398592,c44916b98812930c2aedec4f34add1c8948e3674
textures/flatlist/ovr_stm/_win/sr18e_alp_ovl.bmp.ctxr,textures/flatlist/ovr_stm/_win,sr18e_alp_ovl.bmp.ctxr,sr18e_alp_ovl.bmp,ctxr,1398592,4dd4f6eb1734e3f451bd0f254c0eae9f3f354f77
textures/flatlist/ovr_stm/_win/sr18e_alp_ovl.bmp_472bed0a443e29c45de18a81421d2ee0.ctxr,textures/flatlist/ovr_stm/_win,sr18e_alp_ovl.bmp_472bed0a443e29c45de18a81421d2ee0.ctxr,sr18e_alp_ovl.bmp_472bed0a443e29c45de18a81421d2ee0,ctxr,1398592,75e98036f9fea9c2312717e4b41f8bc0f73140ad
textures/flatlist/ovr_stm/_win/sr18j_alp_ovl.bmp.ctxr,textures/flatlist/ovr_stm/_win,sr18j_alp_ovl.bmp.ctxr,sr18j_alp_ovl.bmp,ctxr,1398592,e1e196ee2afa0710cd1938ea68bcfa6b29f15daf
textures/flatlist/ovr_stm/_win/sr19e_alp_ovl.bmp.ctxr,textures/flatlist/ovr_stm/_win,sr19e_alp_ovl.bmp.ctxr,sr19e_alp_ovl.bmp,ctxr,2796704,04692913c1ddcd7857831a3a92665182e32d90b4
textures/flatlist/ovr_stm/_win/sr19j_alp_ovl.bmp.ctxr,textures/flatlist/ovr_stm/_win,sr19j_alp_ovl.bmp.ctxr,sr19j_alp_ovl.bmp,ctxr,2796704,5228e3fbe9d3210453679fe6c5f859aeb3d8a748
textures/flatlist/ovr_stm/_win/sr20e_alp_ovl.bmp.ctxr,textures/flatlist/ovr_stm/_win,sr20e_alp_ovl.bmp.ctxr,sr20e_alp_ovl.bmp,ctxr,1398592,f0b2b0c41daa7e0e08467b357e16f0ddd846250f
textures/flatlist/ovr_stm/_win/sr20j_alp_ovl.bmp.ctxr,textures/flatlist/ovr_stm/_win,sr20j_alp_ovl.bmp.ctxr,sr20j_alp_ovl.bmp,ctxr,1398592,51f28c685494dbeacaad18ee59afbf0b685fce9d
textures/flatlist/ovr_stm/_win/sr21e_alp_ovl.bmp.ctxr,textures/flatlist/ovr_stm/_win,sr21e_alp_ovl.bmp.ctxr,sr21e_alp_ovl.bmp,ctxr,1398592,4577054723381843fd878e86e5ba1c66ba28b2b4
textures/flatlist/ovr_stm/_win/sr21j_alp_ovl.bmp.ctxr,textures/flatlist/ovr_stm/_win,sr21j_alp_ovl.bmp.ctxr,sr21j_alp_ovl.bmp,ctxr,1398592,e5aa6fe523aab6968d9383135dac12200f9bb2c7
textures/flatlist/ovr_stm/_win/sr22e_alp_ovl.bmp.ctxr,textures/flatlist/ovr_stm/_win,sr22e_alp_ovl.bmp.ctxr,sr22e_alp_ovl.bmp,ctxr,1398592,1f28d89528fdc38155c63488bbe9031370fd4f21
textures/flatlist/ovr_stm/_win/sr22j_alp_ovl.bmp.ctxr,textures/flatlist/ovr_stm/_win,sr22j_alp_ovl.bmp.ctxr,sr22j_alp_ovl.bmp,ctxr,1398592,f91cc28d662c83cc6cbc5d6fa0bb0dae66e1b22c
textures/flatlist/ovr_stm/_win/sr23e_alp_ovl.bmp.ctxr,textures/flatlist/ovr_stm/_win,sr23e_alp_ovl.bmp.ctxr,sr23e_alp_ovl.bmp,ctxr,1398592,6d1f979b5eb23168c32f8d417bedb5335c749aa7
textures/flatlist/ovr_stm/_win/sr23j_alp_ovl.bmp.ctxr,textures/flatlist/ovr_stm/_win,sr23j_alp_ovl.bmp.ctxr,sr23j_alp_ovl.bmp,ctxr,1398592,44b3af75845330e429dada02937cb25f70e19ed7
textures/flatlist/ovr_stm/_win/sr24e_alp_ovl.bmp.ctxr,textures/flatlist/ovr_stm/_win,sr24e_alp_ovl.bmp.ctxr,sr24e_alp_ovl.bmp,ctxr,1398592,6164c5df61869b8787dba40bfaaac263d70ccda8
textures/flatlist/ovr_stm/_win/sr24j_alp_ovl.bmp.ctxr,textures/flatlist/ovr_stm/_win,sr24j_alp_ovl.bmp.ctxr,sr24j_alp_ovl.bmp,ctxr,1398592,f642bab1b750a959ab3b0cd9c30c5ff932624290
textures/flatlist/ovr_stm/_win/sr25e_alp_ovl.bmp.ctxr,textures/flatlist/ovr_stm/_win,sr25e_alp_ovl.bmp.ctxr,sr25e_alp_ovl.bmp,ctxr,1398592,fb64c29380c6bce2a7d05f1675cd964dd36d7bff
textures/flatlist/ovr_stm/_win/sr25j_alp_ovl.bmp.ctxr,textures/flatlist/ovr_stm/_win,sr25j_alp_ovl.bmp.ctxr,sr25j_alp_ovl.bmp,ctxr,1398592,9b2dd47d6736b191304a27a12bf6deabb68207c5
textures/flatlist/ovr_stm/_win/stin_alp_ovl.bmp.ctxr,textures/flatlist/ovr_stm/_win,stin_alp_ovl.bmp.ctxr,stin_alp_ovl.bmp,ctxr,699488,5a55e6db0dc2cbb6e43641a2a0d809a432c646bd
textures/flatlist/ovr_stm/_win/stun_alp_ovl.bmp.ctxr,textures/flatlist/ovr_stm/_win,stun_alp_ovl.bmp.ctxr,stun_alp_ovl.bmp,ctxr,699488,2396e46ec33c8d80b7b35f85b98187fa13084539
textures/flatlist/ovr_stm/_win/styp_alp_ovl.bmp.ctxr,textures/flatlist/ovr_stm/_win,styp_alp_ovl.bmp.ctxr,styp_alp_ovl.bmp,ctxr,699488,521d7661f5531d25ca1f61e5ca2f7353e32dabc2
textures/flatlist/ovr_stm/_win/tag1_alp_ovl.bmp.ctxr,textures/flatlist/ovr_stm/_win,tag1_alp_ovl.bmp.ctxr,tag1_alp_ovl.bmp,ctxr,5592864,891e66307357c9d46dea6a7cbd47ce21a1cfc865
textures/flatlist/ovr_stm/_win/tag2_alp_ovl.bmp.ctxr,textures/flatlist/ovr_stm/_win,tag2_alp_ovl.bmp.ctxr,tag2_alp_ovl.bmp,ctxr,5592864,f48dd609055b4274f11e94c7d400a5a84aae4a99
textures/flatlist/ovr_stm/_win/tag3_alp_ovl.bmp.ctxr,textures/flatlist/ovr_stm/_win,tag3_alp_ovl.bmp.ctxr,tag3_alp_ovl.bmp,ctxr,5592864,1d128513ccba0a281e20dfd4cdfaa7663c15ab74
textures/flatlist/ovr_stm/_win/tgl_alp_ovl.bmp.ctxr,textures/flatlist/ovr_stm/_win,tgl_alp_ovl.bmp.ctxr,tgl_alp_ovl.bmp,ctxr,699488,5f021524491f586ec08f57a3669cb1c349bfcd59
textures/flatlist/ovr_stm/_win/title_logo_blue_alp_ovl.bmp.ctxr,textures/flatlist/ovr_stm/_win,title_logo_blue_alp_ovl.bmp.ctxr,title_logo_blue_alp_ovl.bmp,ctxr,5592896,60f247b82f7685bc3e4a749d8018c79a7aeba646
textures/flatlist/ovr_stm/_win/title_mgs2_alp_ovl.bmp.ctxr,textures/flatlist/ovr_stm/_win,title_mgs2_alp_ovl.bmp.ctxr,title_mgs2_alp_ovl.bmp,ctxr,5592896,374341220240ad427384ffef2e760e710dc334e0
textures/flatlist/ovr_stm/_win/usp_alp_ovl.bmp.ctxr,textures/flatlist/ovr_stm/_win,usp_alp_ovl.bmp.ctxr,usp_alp_ovl.bmp,ctxr,699488,e91a25d2ddfbf62d12c0cb33c196579683b42f90
textures/flatlist/ovr_stm/_win/usp_sp2_alp_ovl.bmp.ctxr,textures/flatlist/ovr_stm/_win,usp_sp2_alp_ovl.bmp.ctxr,usp_sp2_alp_ovl.bmp,ctxr,699488,ead34fa78ce2b89012b41d9e7db4647cafdbc004
textures/flatlist/ovr_stm/_win/usp_sp_alp_ovl.bmp.ctxr,textures/flatlist/ovr_stm/_win,usp_sp_alp_ovl.bmp.ctxr,usp_sp_alp_ovl.bmp,ctxr,699488,21b9c9123fddfcef9fc511872c12534bf1c3d17b
textures/flatlist/ovr_stm/_win/w24c_overguy_alp_ovl.bmp.ctxr,textures/flatlist/ovr_stm/_win,w24c_overguy_alp_ovl.bmp.ctxr,w24c_overguy_alp_ovl.bmp,ctxr,5592864,9d8238b4a7d09e0b4f0609aeb38a7e80fb45e4c8
textures/flatlist/ovr_stm/_win/w24c_over_mrs_alp_ovl.bmp.ctxr,textures/flatlist/ovr_stm/_win,w24c_over_mrs_alp_ovl.bmp.ctxr,w24c_over_mrs_alp_ovl.bmp,ctxr,5592864,4c6bafeb4ee62076c72b90f390590236ef3eb157
textures/flatlist/ovr_stm/_win/w24c_over_oba_alp_ovl.bmp.ctxr,textures/flatlist/ovr_stm/_win,w24c_over_oba_alp_ovl.bmp.ctxr,w24c_over_oba_alp_ovl.bmp,ctxr,5592864,a4eb6d3b0325c8ba2fb80ab8d8ac97356ba7e540
textures/flatlist/ovr_stm/_win/wig1_alp_ovl.bmp.ctxr,textures/flatlist/ovr_stm/_win,wig1_alp_ovl.bmp.ctxr,wig1_alp_ovl.bmp,ctxr,699488,493f03d4f81eb0386565d12f0e1ea0aac8ccd464
textures/flatlist/ovr_stm/_win/wig2_alp_ovl.bmp.ctxr,textures/flatlist/ovr_stm/_win,wig2_alp_ovl.bmp.ctxr,wig2_alp_ovl.bmp,ctxr,699488,daeacfba96cc52a9cc528174dc87edb5d76fa01b
textures/flatlist/ovr_stm/_win/wpb_alp_ovl.bmp.ctxr,textures/flatlist/ovr_stm/_win,wpb_alp_ovl.bmp.ctxr,wpb_alp_ovl.bmp,ctxr,699488,d5691d5b04e969b381863a4807e7592f8904fdcb
