full_path,relative_path_to_file,filename_with_extension,file_stem,extension,filesize,sha1
logs/MGS2-Demastered-Substance-Edition_Game.log,logs,MGS2-Demastered-Substance-Edition_Game.log,MGS2-Demastered-Substance-Edition_Game,log,4559,d9d8c59c0ab41c5c7e0f5e141346bb28a0d2e314
logs/MGS2-Demastered-Substance-Edition_Launcher.log,logs,MGS2-Demastered-Substance-Edition_Launcher.log,MGS2-Demastered-Substance-Edition_Launcher,log,4559,d9d8c59c0ab41c5c7e0f5e141346bb28a0d2e314
plugins/MGS2-Demastered-Substance-Edition.asi,plugins,MGS2-Demastered-Substance-Edition.asi,MGS2-Demastered-Substance-Edition,asi,921600,f0f03459f4b0a9928b15227821f1db8fb85f640f
plugins/MGS2-Demastered-Substance-Edition.ini,plugins,MGS2-Demastered-Substance-Edition.ini,MGS2-Demastered-Substance-Edition,ini,367,89c13d2be088de084968a647d59b7be0e4547beb
textures/flatlist/ovr_stm/ovr_eu/_win/door_b00.bmp.ctxr,textures/flatlist/ovr_stm/ovr_eu/_win,door_b00.bmp.ctxr,door_b00.bmp,ctxr,46368,58ce44e93b41fe64afa5dd9328bdb7cd8bb9e85e
textures/flatlist/ovr_stm/ovr_eu/_win/d_oil_ref_add_alp_ovl_mod1120.bmp.ctxr,textures/flatlist/ovr_stm/ovr_eu/_win,d_oil_ref_add_alp_ovl_mod1120.bmp.ctxr,d_oil_ref_add_alp_ovl_mod1120.bmp,ctxr,349920,3b5bd940472710fde839a3a948327be8cf4c39ab
textures/flatlist/ovr_stm/ovr_eu/_win/ghost_pos.bmp.ctxr,textures/flatlist/ovr_stm/ovr_eu/_win,ghost_pos.bmp.ctxr,ghost_pos.bmp,ctxr,139584,9ad10a9aa3983df73b5bd2f3b0df752e7b83a64b
textures/flatlist/ovr_stm/ovr_eu/_win/iro_boots.bmp.ctxr,textures/flatlist/ovr_stm/ovr_eu/_win,iro_boots.bmp.ctxr,iro_boots.bmp,ctxr,47424,983864196f3c7ab7e1c9ea28ac1521b2332ce0c7
textures/flatlist/ovr_stm/ovr_eu/_win/m3l_gou_02msk.bmp.ctxr,textures/flatlist/ovr_stm/ovr_eu/_win,m3l_gou_02msk.bmp.ctxr,m3l_gou_02msk.bmp,ctxr,6432,709a4d5cf8ae66d48644bef650b6972128ba7a9f
textures/flatlist/ovr_stm/ovr_eu/_win/megami.bmp.ctxr,textures/flatlist/ovr_stm/ovr_eu/_win,megami.bmp.ctxr,megami.bmp,ctxr,12224,0b11450897886890eacfc2df693f8b4267743702
textures/flatlist/ovr_stm/ovr_eu/_win/n_oil_ref_add_alp_ovl_mod1120.bmp.ctxr,textures/flatlist/ovr_stm/ovr_eu/_win,n_oil_ref_add_alp_ovl_mod1120.bmp.ctxr,n_oil_ref_add_alp_ovl_mod1120.bmp,ctxr,349920,a7d9ecc9ce54ce193807f57bece1bce52c633921
textures/flatlist/ovr_stm/ovr_eu/_win/org_chest.bmp.ctxr,textures/flatlist/ovr_stm/ovr_eu/_win,org_chest.bmp.ctxr,org_chest.bmp,ctxr,148448,0c0674502a14fff012a75d54e3ad37fac43c3bae
textures/flatlist/ovr_stm/ovr_eu/_win/police_pos.bmp.ctxr,textures/flatlist/ovr_stm/ovr_eu/_win,police_pos.bmp.ctxr,police_pos.bmp,ctxr,147776,2a655caddd57f4fce1ade78993db586c2e820f52
textures/flatlist/ovr_stm/ovr_eu/_win/sel_bag2blood.bmp.ctxr,textures/flatlist/ovr_stm/ovr_eu/_win,sel_bag2blood.bmp.ctxr,sel_bag2blood.bmp,ctxr,14624,102d5866c27a3d9f180906544c82f1bf4e53df5a
textures/flatlist/ovr_stm/ovr_eu/_win/sel_boots.bmp.ctxr,textures/flatlist/ovr_stm/ovr_eu/_win,sel_boots.bmp.ctxr,sel_boots.bmp,ctxr,47424,4c9c93d92f8487448d0197bf0756c73235a46951
textures/flatlist/ovr_stm/ovr_eu/_win/sna_body_ss01dt.bmp.ctxr,textures/flatlist/ovr_stm/ovr_eu/_win,sna_body_ss01dt.bmp.ctxr,sna_body_ss01dt.bmp,ctxr,136864,cf8b9975d0580775b3db43457564738f4d63b28a
textures/flatlist/ovr_stm/ovr_eu/_win/sna_hair1_alp_ovl.bmp.ctxr,textures/flatlist/ovr_stm/ovr_eu/_win,sna_hair1_alp_ovl.bmp.ctxr,sna_hair1_alp_ovl.bmp,ctxr,55456,78ba13e260ec90192931881ff32ef75f41013ebd
textures/flatlist/ovr_stm/ovr_eu/_win/s_oil_ref_add_alp_ovl_mod1120.bmp.ctxr,textures/flatlist/ovr_stm/ovr_eu/_win,s_oil_ref_add_alp_ovl_mod1120.bmp.ctxr,s_oil_ref_add_alp_ovl_mod1120.bmp,ctxr,349920,9073a17229e61f004353b178590b112ff46b6095
textures/flatlist/ovr_stm/ovr_eu/_win/w00a_pol1.bmp.ctxr,textures/flatlist/ovr_stm/ovr_eu/_win,w00a_pol1.bmp.ctxr,w00a_pol1.bmp,ctxr,6432,0e4ca26209b1130ef9f6ddb2fdddd089c43271d4
textures/flatlist/ovr_stm/ovr_eu/_win/w01a0_box00.bmp.ctxr,textures/flatlist/ovr_stm/ovr_eu/_win,w01a0_box00.bmp.ctxr,w01a0_box00.bmp,ctxr,6432,978b940f5c4ffa598b693d4878584ce6666e4b88
textures/flatlist/ovr_stm/ovr_eu/_win/w01a0_box002.bmp.ctxr,textures/flatlist/ovr_stm/ovr_eu/_win,w01a0_box002.bmp.ctxr,w01a0_box002.bmp,ctxr,6432,eaadc16aa9cb1e617985ff6ea3596b9ee3235b2e
textures/flatlist/ovr_stm/ovr_eu/_win/w01a0_fl00_bld080_ovl.bmp.ctxr,textures/flatlist/ovr_stm/ovr_eu/_win,w01a0_fl00_bld080_ovl.bmp.ctxr,w01a0_fl00_bld080_ovl.bmp,ctxr,92480,64cfa45e2e2519954c02f9e904ba0f806778e312
textures/flatlist/ovr_stm/ovr_eu/_win/w01a0_fl02_bld080_ovl.bmp.ctxr,textures/flatlist/ovr_stm/ovr_eu/_win,w01a0_fl02_bld080_ovl.bmp.ctxr,w01a0_fl02_bld080_ovl.bmp,ctxr,123200,8260736a90a8973e8bcc71525f579ceb2612d105
textures/flatlist/ovr_stm/ovr_eu/_win/w01b_wlp03_bld075_ovl.bmp.ctxr,textures/flatlist/ovr_stm/ovr_eu/_win,w01b_wlp03_bld075_ovl.bmp.ctxr,w01b_wlp03_bld075_ovl.bmp,ctxr,18176,d1b0a2ab4f85736ed168b51514660a56d2469b9c
textures/flatlist/ovr_stm/ovr_eu/_win/w01c_flp00_bld095_ovl.bmp.ctxr,textures/flatlist/ovr_stm/ovr_eu/_win,w01c_flp00_bld095_ovl.bmp.ctxr,w01c_flp00_bld095_ovl.bmp,ctxr,16000,053d27d370aba7315bde732e7d7202fe534d0f16
textures/flatlist/ovr_stm/ovr_eu/_win/w03a_pp02.bmp_09b1a01b9996f568e8ca8e878bee4475.ctxr,textures/flatlist/ovr_stm/ovr_eu/_win,w03a_pp02.bmp_09b1a01b9996f568e8ca8e878bee4475.ctxr,w03a_pp02.bmp_09b1a01b9996f568e8ca8e878bee4475,ctxr,87776,bb462d44c65e7a36af7f22186f855f9804aa357a
textures/flatlist/ovr_stm/ovr_eu/_win/w11a2_closed_shatter.bmp.ctxr,textures/flatlist/ovr_stm/ovr_eu/_win,w11a2_closed_shatter.bmp.ctxr,w11a2_closed_shatter.bmp,ctxr,92480,92027b4aa8ad2f5762eb3a10c6faa0a5abbac146
textures/flatlist/ovr_stm/ovr_eu/_win/w11_drum_f1.bmp.ctxr,textures/flatlist/ovr_stm/ovr_eu/_win,w11_drum_f1.bmp.ctxr,w11_drum_f1.bmp,ctxr,27616,63d7fe8fffa7b6867a705458e97c6af938f46782
textures/flatlist/ovr_stm/ovr_eu/_win/w24a_flag_usa.bmp.ctxr,textures/flatlist/ovr_stm/ovr_eu/_win,w24a_flag_usa.bmp.ctxr,w24a_flag_usa.bmp,ctxr,60416,88e16cf9a45f4fa61444baafc8aa18a51bab612d
textures/flatlist/ovr_stm/ovr_eu/_win/w24c1_rev_disp_01.bmp.ctxr,textures/flatlist/ovr_stm/ovr_eu/_win,w24c1_rev_disp_01.bmp.ctxr,w24c1_rev_disp_01.bmp,ctxr,57696,20a53af1b896bef874f088a02c5bea13621da113
textures/flatlist/ovr_stm/ovr_eu/_win/w32a_asi00.bmp.ctxr,textures/flatlist/ovr_stm/ovr_eu/_win,w32a_asi00.bmp.ctxr,w32a_asi00.bmp,ctxr,74048,2397bf4b32ddbf355841d86e66d32133754a9a09
textures/flatlist/ovr_stm/ovr_eu/_win/w43a_wall_right_08_alp_ovl.bmp.ctxr,textures/flatlist/ovr_stm/ovr_eu/_win,w43a_wall_right_08_alp_ovl.bmp.ctxr,w43a_wall_right_08_alp_ovl.bmp,ctxr,61728,63c3fb4f130bc73c77a4a27a7016eb6f6a24fe34
textures/flatlist/ovr_stm/ovr_eu/_win/zoe_pos_n.bmp.ctxr,textures/flatlist/ovr_stm/ovr_eu/_win,zoe_pos_n.bmp.ctxr,zoe_pos_n.bmp,ctxr,147776,616ebdb52b5cca563ee75ae8df34e1757470fee4
textures/flatlist/ovr_stm/ovr_jp/_win/door_b00.bmp.ctxr,textures/flatlist/ovr_stm/ovr_jp/_win,door_b00.bmp.ctxr,door_b00.bmp,ctxr,46368,aff1c129315c415b1a1a4e3b9e9d7f8d5f9fe290
textures/flatlist/ovr_stm/ovr_jp/_win/d_oil_ref_add_alp_ovl_mod1120.bmp.ctxr,textures/flatlist/ovr_stm/ovr_jp/_win,d_oil_ref_add_alp_ovl_mod1120.bmp.ctxr,d_oil_ref_add_alp_ovl_mod1120.bmp,ctxr,349920,3b5bd940472710fde839a3a948327be8cf4c39ab
textures/flatlist/ovr_stm/ovr_jp/_win/ghost_pos.bmp.ctxr,textures/flatlist/ovr_stm/ovr_jp/_win,ghost_pos.bmp.ctxr,ghost_pos.bmp,ctxr,139584,a49342c4bd0697d9a86969bf5b00f6e92586b947
textures/flatlist/ovr_stm/ovr_jp/_win/iro_boots.bmp.ctxr,textures/flatlist/ovr_stm/ovr_jp/_win,iro_boots.bmp.ctxr,iro_boots.bmp,ctxr,47424,552c217150cb1b6d9878c23ed489d36944c583c4
textures/flatlist/ovr_stm/ovr_jp/_win/m3l_gou_02msk.bmp.ctxr,textures/flatlist/ovr_stm/ovr_jp/_win,m3l_gou_02msk.bmp.ctxr,m3l_gou_02msk.bmp,ctxr,6432,6d580ce0835110aad8f8506529a828184c04905c
textures/flatlist/ovr_stm/ovr_jp/_win/megami.bmp.ctxr,textures/flatlist/ovr_stm/ovr_jp/_win,megami.bmp.ctxr,megami.bmp,ctxr,12224,f26348164eee69577521cfe669c486ad3e2e7e5e
textures/flatlist/ovr_stm/ovr_jp/_win/n_oil_ref_add_alp_ovl_mod1120.bmp.ctxr,textures/flatlist/ovr_stm/ovr_jp/_win,n_oil_ref_add_alp_ovl_mod1120.bmp.ctxr,n_oil_ref_add_alp_ovl_mod1120.bmp,ctxr,349920,a7d9ecc9ce54ce193807f57bece1bce52c633921
textures/flatlist/ovr_stm/ovr_jp/_win/org_chest.bmp.ctxr,textures/flatlist/ovr_stm/ovr_jp/_win,org_chest.bmp.ctxr,org_chest.bmp,ctxr,148448,6027e358aec49262ab8a15d9c471123f2e3201ab
textures/flatlist/ovr_stm/ovr_jp/_win/police_pos.bmp.ctxr,textures/flatlist/ovr_stm/ovr_jp/_win,police_pos.bmp.ctxr,police_pos.bmp,ctxr,147776,91ff8e006748c6d7fed4864b3d910c2da516d17e
textures/flatlist/ovr_stm/ovr_jp/_win/sel_bag2blood.bmp.ctxr,textures/flatlist/ovr_stm/ovr_jp/_win,sel_bag2blood.bmp.ctxr,sel_bag2blood.bmp,ctxr,14624,03b4c3fa8cda94bc609a7768afa88eed4680fb3e
textures/flatlist/ovr_stm/ovr_jp/_win/sel_boots.bmp.ctxr,textures/flatlist/ovr_stm/ovr_jp/_win,sel_boots.bmp.ctxr,sel_boots.bmp,ctxr,47424,3007df37cf96247190ae9c65c67f1ed35200e8da
textures/flatlist/ovr_stm/ovr_jp/_win/sna_body_ss01dt.bmp.ctxr,textures/flatlist/ovr_stm/ovr_jp/_win,sna_body_ss01dt.bmp.ctxr,sna_body_ss01dt.bmp,ctxr,136864,1c97cdcda8ab1730e4505e77b3dd728b15704f99
textures/flatlist/ovr_stm/ovr_jp/_win/sna_hair1_alp_ovl.bmp.ctxr,textures/flatlist/ovr_stm/ovr_jp/_win,sna_hair1_alp_ovl.bmp.ctxr,sna_hair1_alp_ovl.bmp,ctxr,55456,3682622202b5280032a9c805cf1b43a88aab6618
textures/flatlist/ovr_stm/ovr_jp/_win/s_oil_ref_add_alp_ovl_mod1120.bmp.ctxr,textures/flatlist/ovr_stm/ovr_jp/_win,s_oil_ref_add_alp_ovl_mod1120.bmp.ctxr,s_oil_ref_add_alp_ovl_mod1120.bmp,ctxr,349920,9073a17229e61f004353b178590b112ff46b6095
textures/flatlist/ovr_stm/ovr_jp/_win/w00a_pol1.bmp.ctxr,textures/flatlist/ovr_stm/ovr_jp/_win,w00a_pol1.bmp.ctxr,w00a_pol1.bmp,ctxr,6432,b4b4342e957c7af40fe9d64937eb625b68f0ea76
textures/flatlist/ovr_stm/ovr_jp/_win/w01a0_box00.bmp.ctxr,textures/flatlist/ovr_stm/ovr_jp/_win,w01a0_box00.bmp.ctxr,w01a0_box00.bmp,ctxr,6432,060be8332e4b7ee945e29d460bc639db5f6fd09d
textures/flatlist/ovr_stm/ovr_jp/_win/w01a0_box002.bmp.ctxr,textures/flatlist/ovr_stm/ovr_jp/_win,w01a0_box002.bmp.ctxr,w01a0_box002.bmp,ctxr,6432,0c5c94576d98e9093a4580bc4685f3c19f1e78d6
textures/flatlist/ovr_stm/ovr_jp/_win/w01a0_fl00_bld080_ovl.bmp.ctxr,textures/flatlist/ovr_stm/ovr_jp/_win,w01a0_fl00_bld080_ovl.bmp.ctxr,w01a0_fl00_bld080_ovl.bmp,ctxr,92480,cf64d62dddd5244e543c5b12b6df306430dc6390
textures/flatlist/ovr_stm/ovr_jp/_win/w01a0_fl02_bld080_ovl.bmp.ctxr,textures/flatlist/ovr_stm/ovr_jp/_win,w01a0_fl02_bld080_ovl.bmp.ctxr,w01a0_fl02_bld080_ovl.bmp,ctxr,123200,a54c1b88d6b78fe8ec0ad6e30bc0cd9c2cc3239f
textures/flatlist/ovr_stm/ovr_jp/_win/w01b_wlp03_bld075_ovl.bmp.ctxr,textures/flatlist/ovr_stm/ovr_jp/_win,w01b_wlp03_bld075_ovl.bmp.ctxr,w01b_wlp03_bld075_ovl.bmp,ctxr,18176,3193448998d82666ae9e77ff6247ae8cd0cabcba
textures/flatlist/ovr_stm/ovr_jp/_win/w01c_flp00_bld095_ovl.bmp.ctxr,textures/flatlist/ovr_stm/ovr_jp/_win,w01c_flp00_bld095_ovl.bmp.ctxr,w01c_flp00_bld095_ovl.bmp,ctxr,16000,fdc1674adaae3e139ac224ee0309d4a4cc3a4f1b
textures/flatlist/ovr_stm/ovr_jp/_win/w03a_pp02.bmp_09b1a01b9996f568e8ca8e878bee4475.ctxr,textures/flatlist/ovr_stm/ovr_jp/_win,w03a_pp02.bmp_09b1a01b9996f568e8ca8e878bee4475.ctxr,w03a_pp02.bmp_09b1a01b9996f568e8ca8e878bee4475,ctxr,87776,bb462d44c65e7a36af7f22186f855f9804aa357a
textures/flatlist/ovr_stm/ovr_jp/_win/w11a2_closed_shatter.bmp.ctxr,textures/flatlist/ovr_stm/ovr_jp/_win,w11a2_closed_shatter.bmp.ctxr,w11a2_closed_shatter.bmp,ctxr,92480,afb58b66931bd2bd2fb9048edca31f33e4be06a9
textures/flatlist/ovr_stm/ovr_jp/_win/w11_drum_f1.bmp.ctxr,textures/flatlist/ovr_stm/ovr_jp/_win,w11_drum_f1.bmp.ctxr,w11_drum_f1.bmp,ctxr,27616,60386d51c9e1c3251443163f0b0345ffa9dfd9b6
textures/flatlist/ovr_stm/ovr_jp/_win/w24a_flag_usa.bmp.ctxr,textures/flatlist/ovr_stm/ovr_jp/_win,w24a_flag_usa.bmp.ctxr,w24a_flag_usa.bmp,ctxr,60416,024cf4f0b4c311b7bbc1a37d03a2abe91a2ad430
textures/flatlist/ovr_stm/ovr_jp/_win/w24c1_rev_disp_01.bmp.ctxr,textures/flatlist/ovr_stm/ovr_jp/_win,w24c1_rev_disp_01.bmp.ctxr,w24c1_rev_disp_01.bmp,ctxr,57696,756c023e7ed461976aeddc0c937700a70118847c
textures/flatlist/ovr_stm/ovr_jp/_win/w32a_asi00.bmp.ctxr,textures/flatlist/ovr_stm/ovr_jp/_win,w32a_asi00.bmp.ctxr,w32a_asi00.bmp,ctxr,74048,2db2b92038bbfc042db06953dfbc54ab748af007
textures/flatlist/ovr_stm/ovr_jp/_win/w43a_wall_right_08_alp_ovl.bmp.ctxr,textures/flatlist/ovr_stm/ovr_jp/_win,w43a_wall_right_08_alp_ovl.bmp.ctxr,w43a_wall_right_08_alp_ovl.bmp,ctxr,61728,90bf2365dd68fa8ef6e806c51fd30845c7097474
textures/flatlist/ovr_stm/ovr_jp/_win/zoe_pos_n.bmp.ctxr,textures/flatlist/ovr_stm/ovr_jp/_win,zoe_pos_n.bmp.ctxr,zoe_pos_n.bmp,ctxr,147776,8c3cbb596649b83460b0c962b683429c9e7328ab
textures/flatlist/ovr_stm/_win/000062b9.ctxr,textures/flatlist/ovr_stm/_win,000062b9.ctxr,000062b9,ctxr,5760,393d41dbe491409dcc3486b3d5d2dab8e6e7b8c2
textures/flatlist/ovr_stm/_win/00006739.ctxr,textures/flatlist/ovr_stm/_win,00006739.ctxr,00006739,ctxr,5760,db474b721a291f5d81d5d1f6274f6f7f86b7c5d3
textures/flatlist/ovr_stm/_win/0016cb7f.ctxr,textures/flatlist/ovr_stm/_win,0016cb7f.ctxr,0016cb7f,ctxr,349920,f1c3d79e2d704468200f71cdc057d9f8cbd961be
textures/flatlist/ovr_stm/_win/00180189.ctxr,textures/flatlist/ovr_stm/_win,00180189.ctxr,00180189,ctxr,5760,40336077aa4f799d6cfd0de070bf799cca44989d
textures/flatlist/ovr_stm/_win/002e7dff.ctxr,textures/flatlist/ovr_stm/_win,002e7dff.ctxr,002e7dff,ctxr,576,7e75ba01555146a2b7da7a976ae2de579b2a7075
textures/flatlist/ovr_stm/_win/003f0404.ctxr,textures/flatlist/ovr_stm/_win,003f0404.ctxr,003f0404,ctxr,349920,b4cb4a89c3568f1517f44652007f0c69deef33a5
textures/flatlist/ovr_stm/_win/004b2a01.ctxr,textures/flatlist/ovr_stm/_win,004b2a01.ctxr,004b2a01,ctxr,349920,afe778983366f8888ae6d37fe5afac13fc53cf2f
textures/flatlist/ovr_stm/_win/0050bfc5.ctxr,textures/flatlist/ovr_stm/_win,0050bfc5.ctxr,0050bfc5,ctxr,22176,8ab7afd22ea62a16aa54d3ed89edb7d52f4885b8
textures/flatlist/ovr_stm/_win/0055b270.ctxr,textures/flatlist/ovr_stm/_win,0055b270.ctxr,0055b270,ctxr,5760,5dbe7fc4263fd4357524468e4e2f4561262e2b35
textures/flatlist/ovr_stm/_win/006262b9.ctxr,textures/flatlist/ovr_stm/_win,006262b9.ctxr,006262b9,ctxr,22176,af506d4788f9b273b0e019f13c78a53afdadb293
textures/flatlist/ovr_stm/_win/00626739.ctxr,textures/flatlist/ovr_stm/_win,00626739.ctxr,00626739,ctxr,22176,b4ee496b31a8dafe9e614202dc4bb4d759b1d113
textures/flatlist/ovr_stm/_win/0065a618.ctxr,textures/flatlist/ovr_stm/_win,0065a618.ctxr,0065a618,ctxr,1632,d5c992e6f18333df906b87f8f4a1e53c335ef162
textures/flatlist/ovr_stm/_win/006c9021.ctxr,textures/flatlist/ovr_stm/_win,006c9021.ctxr,006c9021,ctxr,1664,5d7da860745944867bf159fa5706366d53f4beac
textures/flatlist/ovr_stm/_win/007a0189.ctxr,textures/flatlist/ovr_stm/_win,007a0189.ctxr,007a0189,ctxr,22176,63c4ec40bbc92ab54606268aa49115fa24554f20
textures/flatlist/ovr_stm/_win/0086a618.ctxr,textures/flatlist/ovr_stm/_win,0086a618.ctxr,0086a618,ctxr,1632,84d8082c684b3f53f432f9a6f9496fe45a8f0359
textures/flatlist/ovr_stm/_win/009720e7.ctxr,textures/flatlist/ovr_stm/_win,009720e7.ctxr,009720e7,ctxr,87744,5f06c490035e63d0c064f25e58027d7cb06ac2c5
textures/flatlist/ovr_stm/_win/009fbc16.ctxr,textures/flatlist/ovr_stm/_win,009fbc16.ctxr,009fbc16,ctxr,1632,6388e9f9dff0379b7c963398a22114a36e04ff65
textures/flatlist/ovr_stm/_win/00b7b270.ctxr,textures/flatlist/ovr_stm/_win,00b7b270.ctxr,00b7b270,ctxr,22176,189a67dbe26f829c7ae93237c740030b044bfb8a
textures/flatlist/ovr_stm/_win/00b8cb7a.ctxr,textures/flatlist/ovr_stm/_win,00b8cb7a.ctxr,00b8cb7a,ctxr,87744,46b73233f11e3cd5805fbde4543d6d464d00fb26
textures/flatlist/ovr_stm/_win/00e103ff.ctxr,textures/flatlist/ovr_stm/_win,00e103ff.ctxr,00e103ff,ctxr,87744,1ae7bd1dfff52a88e0be59003b4bb197491b9794
textures/flatlist/ovr_stm/_win/00ed29fc.ctxr,textures/flatlist/ovr_stm/_win,00ed29fc.ctxr,00ed29fc,ctxr,87744,fc34751b616dda0fa785821ae9df3dd7d73dd366
textures/flatlist/ovr_stm/_win/00edb9fc.ctxr,textures/flatlist/ovr_stm/_win,00edb9fc.ctxr,00edb9fc,ctxr,87744,8ec36dc57da1bc449e00d5b1c68cd6742f52d445
textures/flatlist/ovr_stm/_win/00eebfc4.ctxr,textures/flatlist/ovr_stm/_win,00eebfc4.ctxr,00eebfc4,ctxr,5760,1a1abbe385e21fa8c3f4566b8ce344a358050409
textures/flatlist/ovr_stm/_win/00f520eb.ctxr,textures/flatlist/ovr_stm/_win,00f520eb.ctxr,00f520eb,ctxr,349920,a464441c5956252831cf6c35ebe75f5c0f8f2f74
textures/flatlist/ovr_stm/_win/00fa15d7.ctxr,textures/flatlist/ovr_stm/_win,00fa15d7.ctxr,00fa15d7,ctxr,22176,81e64b7877ee8a9e2396e2b434d6a1fc3f3886bc
textures/flatlist/ovr_stm/_win/0wall1mi.bmp.ctxr,textures/flatlist/ovr_stm/_win,0wall1mi.bmp.ctxr,0wall1mi.bmp,ctxr,23040,be6f693f782132514abb23ab69237c55a4d30ca8
textures/flatlist/ovr_stm/_win/0wall1mi2.bmp.ctxr,textures/flatlist/ovr_stm/_win,0wall1mi2.bmp.ctxr,0wall1mi2.bmp,ctxr,9152,79ce484b7a54d499bc1e1a5fe3fa27bc91ee3137
textures/flatlist/ovr_stm/_win/0wall1sita.bmp.ctxr,textures/flatlist/ovr_stm/_win,0wall1sita.bmp.ctxr,0wall1sita.bmp,ctxr,38560,4e63fdcdd91f1d1ee142d3ac82f13ea16bc17f34
textures/flatlist/ovr_stm/_win/0wall1_2.bmp.ctxr,textures/flatlist/ovr_stm/_win,0wall1_2.bmp.ctxr,0wall1_2.bmp,ctxr,35104,5b0244233dd70ff491d3bfee35115531403b7cfe
textures/flatlist/ovr_stm/_win/0wall1_60s.bmp.ctxr,textures/flatlist/ovr_stm/_win,0wall1_60s.bmp.ctxr,0wall1_60s.bmp,ctxr,18752,e013fa8d4be9ec278e4254fc6c7c94d763ab6cb3
textures/flatlist/ovr_stm/_win/1wallu2.bmp.ctxr,textures/flatlist/ovr_stm/_win,1wallu2.bmp.ctxr,1wallu2.bmp,ctxr,102720,46f7e446d4fe154bd846fbccd24ac6c301538074
textures/flatlist/ovr_stm/_win/1wallu3.bmp.ctxr,textures/flatlist/ovr_stm/_win,1wallu3.bmp.ctxr,1wallu3.bmp,ctxr,102720,1e5c77779a324ca693aec6c26ff73eab89f1ef99
textures/flatlist/ovr_stm/_win/1wallu4.bmp.ctxr,textures/flatlist/ovr_stm/_win,1wallu4.bmp.ctxr,1wallu4.bmp,ctxr,41312,f5685c51a36849e5997f074cce2e1f4af359dbe7
textures/flatlist/ovr_stm/_win/1wallup.bmp.ctxr,textures/flatlist/ovr_stm/_win,1wallup.bmp.ctxr,1wallup.bmp,ctxr,130016,61358d41a6fe296ff293d4c4c5e0f897d1d70450
textures/flatlist/ovr_stm/_win/a24d2_pane03_alp.bmp.ctxr,textures/flatlist/ovr_stm/_win,a24d2_pane03_alp.bmp.ctxr,a24d2_pane03_alp.bmp,ctxr,262528,6afb80b0b387b2160f1df8125ae4deb9b58b237c
textures/flatlist/ovr_stm/_win/a24d2_pane04_alp.bmp.ctxr,textures/flatlist/ovr_stm/_win,a24d2_pane04_alp.bmp.ctxr,a24d2_pane04_alp.bmp,ctxr,262528,896d184a37b293df741b9ffcf4b5c7bd3eaa9439
textures/flatlist/ovr_stm/_win/ag_rouka_ent.bmp.ctxr,textures/flatlist/ovr_stm/_win,ag_rouka_ent.bmp.ctxr,ag_rouka_ent.bmp,ctxr,115008,8e5a8986be6abf7e1c570d64a78f99270bdb41bd
textures/flatlist/ovr_stm/_win/ag_rouka_floor_01.bmp.ctxr,textures/flatlist/ovr_stm/_win,ag_rouka_floor_01.bmp.ctxr,ag_rouka_floor_01.bmp,ctxr,110912,70504cbcd3bc64ccbb57764d27b9e37596001967
textures/flatlist/ovr_stm/_win/ag_rouka_floor_02.bmp.ctxr,textures/flatlist/ovr_stm/_win,ag_rouka_floor_02.bmp.ctxr,ag_rouka_floor_02.bmp,ctxr,124704,a7238822d206f66e073dd369a43834decb216543
textures/flatlist/ovr_stm/_win/ag_rouka_wall_01.bmp.ctxr,textures/flatlist/ovr_stm/_win,ag_rouka_wall_01.bmp.ctxr,ag_rouka_wall_01.bmp,ctxr,86336,53f3fccc571b4b979648d68cb58db6d326c6181d
textures/flatlist/ovr_stm/_win/ag_rouka_wall_02.bmp.ctxr,textures/flatlist/ovr_stm/_win,ag_rouka_wall_02.bmp.ctxr,ag_rouka_wall_02.bmp,ctxr,118560,c744e83c0224eb947fe4fdb0f75e45b401fff857
textures/flatlist/ovr_stm/_win/ag_rouka_wall_03.bmp.ctxr,textures/flatlist/ovr_stm/_win,ag_rouka_wall_03.bmp.ctxr,ag_rouka_wall_03.bmp,ctxr,86336,d7babd89942783f5cba12dbaff5a89557a61371c
textures/flatlist/ovr_stm/_win/aks_demo_amo.bmp.ctxr,textures/flatlist/ovr_stm/_win,aks_demo_amo.bmp.ctxr,aks_demo_amo.bmp,ctxr,5760,64a4f905fdb0d53a9f3368b07b5337e34124ee61
textures/flatlist/ovr_stm/_win/aks_jyuukou.bmp.ctxr,textures/flatlist/ovr_stm/_win,aks_jyuukou.bmp.ctxr,aks_jyuukou.bmp,ctxr,5760,ddbb5534fcdeb74bf318a2f0db18aabb619ec407
textures/flatlist/ovr_stm/_win/aks_sb_s.bmp.ctxr,textures/flatlist/ovr_stm/_win,aks_sb_s.bmp.ctxr,aks_sb_s.bmp,ctxr,44064,8645d55fc181e5c11673d5bda650124c77aa4797
textures/flatlist/ovr_stm/_win/aks_sb_s.bmp_73f39fdb33d46a0ad4126ed3d411da41.ctxr,textures/flatlist/ovr_stm/_win,aks_sb_s.bmp_73f39fdb33d46a0ad4126ed3d411da41.ctxr,aks_sb_s.bmp_73f39fdb33d46a0ad4126ed3d411da41,ctxr,44064,d6c2d8e124e01d91fc7dde92d21ed1ecdd2cbb75
textures/flatlist/ovr_stm/_win/aks_selecter.bmp.ctxr,textures/flatlist/ovr_stm/_win,aks_selecter.bmp.ctxr,aks_selecter.bmp,ctxr,4384,2ecf20c7c448937aaac57eeb3a673f530b235be0
textures/flatlist/ovr_stm/_win/amg_main1.bmp.ctxr,textures/flatlist/ovr_stm/_win,amg_main1.bmp.ctxr,amg_main1.bmp,ctxr,1398528,1fabc5af1c22f745eca6a5acf54867482d395c14
textures/flatlist/ovr_stm/_win/amg_mizo1_bright.bmp.ctxr,textures/flatlist/ovr_stm/_win,amg_mizo1_bright.bmp.ctxr,amg_mizo1_bright.bmp,ctxr,44096,c230ed6b4f7161db5f9734565f03e6649b2d8001
textures/flatlist/ovr_stm/_win/bood.bmp.ctxr,textures/flatlist/ovr_stm/_win,bood.bmp.ctxr,bood.bmp,ctxr,38688,26ab90cb80fa9c886059039afa57af03a2bcc8ae
textures/flatlist/ovr_stm/_win/bood2.bmp.ctxr,textures/flatlist/ovr_stm/_win,bood2.bmp.ctxr,bood2.bmp,ctxr,54048,cb3755d62c2d3839c61447b760f871794970b1a0
textures/flatlist/ovr_stm/_win/box_10.bmp.ctxr,textures/flatlist/ovr_stm/_win,box_10.bmp.ctxr,box_10.bmp,ctxr,10240,9d893e12d6c57433fb8389a01346d662ddfcad56
textures/flatlist/ovr_stm/_win/box_11.bmp.ctxr,textures/flatlist/ovr_stm/_win,box_11.bmp.ctxr,box_11.bmp,ctxr,8000,9711d5a589466a7d1935bf31c688389d6388e330
textures/flatlist/ovr_stm/_win/box_16.bmp.ctxr,textures/flatlist/ovr_stm/_win,box_16.bmp.ctxr,box_16.bmp,ctxr,10240,a6fe53404efe53575ea056290775581e3a09e7e7
textures/flatlist/ovr_stm/_win/box_s_02_side02.bmp.ctxr,textures/flatlist/ovr_stm/_win,box_s_02_side02.bmp.ctxr,box_s_02_side02.bmp,ctxr,3712,fcd0149b263dbb889bc3a50a35f87a33a93212a1
textures/flatlist/ovr_stm/_win/box_s_02_top.bmp.ctxr,textures/flatlist/ovr_stm/_win,box_s_02_top.bmp.ctxr,box_s_02_top.bmp,ctxr,5376,92c8a2332a1b6cc602c3b3921c3ee4a713d387aa
textures/flatlist/ovr_stm/_win/box_s_05_side.bmp.ctxr,textures/flatlist/ovr_stm/_win,box_s_05_side.bmp.ctxr,box_s_05_side.bmp,ctxr,3712,6f40ff4803f0965387f372f47e94059aeb180f71
textures/flatlist/ovr_stm/_win/box_s_05_top.bmp.ctxr,textures/flatlist/ovr_stm/_win,box_s_05_top.bmp.ctxr,box_s_05_top.bmp,ctxr,5376,9902215ffc64c627fd8355cf359a7a00a62ca0e9
textures/flatlist/ovr_stm/_win/box_s_07_back.bmp.ctxr,textures/flatlist/ovr_stm/_win,box_s_07_back.bmp.ctxr,box_s_07_back.bmp,ctxr,1792,12625f3a9a7aeda00b734fb6bb7f83ab8c172ba2
textures/flatlist/ovr_stm/_win/box_s_07_side.bmp.ctxr,textures/flatlist/ovr_stm/_win,box_s_07_side.bmp.ctxr,box_s_07_side.bmp,ctxr,2016,8eff69a77b88837e25c859ea2adb5d9d704aecdf
textures/flatlist/ovr_stm/_win/box_s_07_top.bmp.ctxr,textures/flatlist/ovr_stm/_win,box_s_07_top.bmp.ctxr,box_s_07_top.bmp,ctxr,3840,4c45f796b06623c2e14510459542833de0d46c1d
textures/flatlist/ovr_stm/_win/bsn_a.bmp.ctxr,textures/flatlist/ovr_stm/_win,bsn_a.bmp.ctxr,bsn_a.bmp,ctxr,27776,cce6088e5855864046b52f89b9433683e56d3d56
textures/flatlist/ovr_stm/_win/c4_a_hontai_10.bmp.ctxr,textures/flatlist/ovr_stm/_win,c4_a_hontai_10.bmp.ctxr,c4_a_hontai_10.bmp,ctxr,37152,4aa5260d3432ca276d68552d514f0a6b71d78eb9
textures/flatlist/ovr_stm/_win/cap_arm.bmp.ctxr,textures/flatlist/ovr_stm/_win,cap_arm.bmp.ctxr,cap_arm.bmp,ctxr,36128,99b1a18e336635cf8092017943d7893ebe0efe7f
textures/flatlist/ovr_stm/_win/cap_arm_l_blood.bmp.ctxr,textures/flatlist/ovr_stm/_win,cap_arm_l_blood.bmp.ctxr,cap_arm_l_blood.bmp,ctxr,36128,752a80cf543a0feab63891428f774fae6621d961
textures/flatlist/ovr_stm/_win/cap_arm_r_blood.bmp.ctxr,textures/flatlist/ovr_stm/_win,cap_arm_r_blood.bmp.ctxr,cap_arm_r_blood.bmp,ctxr,31328,eb01a58f56895ce76da09f14195121381eca4c2a
textures/flatlist/ovr_stm/_win/cap_arm_wrist.bmp.ctxr,textures/flatlist/ovr_stm/_win,cap_arm_wrist.bmp.ctxr,cap_arm_wrist.bmp,ctxr,22176,b59e98968d27f85e5516428e64ec159956474c0e
textures/flatlist/ovr_stm/_win/cap_body.bmp.ctxr,textures/flatlist/ovr_stm/_win,cap_body.bmp.ctxr,cap_body.bmp,ctxr,93184,a459bd3bad04a9716a505cc63a0101587e06e10e
textures/flatlist/ovr_stm/_win/cap_body_blood.bmp.ctxr,textures/flatlist/ovr_stm/_win,cap_body_blood.bmp.ctxr,cap_body_blood.bmp,ctxr,93184,abd8dd9983dec756c6767dae16f8433ac3214a17
textures/flatlist/ovr_stm/_win/cap_face.bmp.ctxr,textures/flatlist/ovr_stm/_win,cap_face.bmp.ctxr,cap_face.bmp,ctxr,34816,2bf0089aaff471a491ff06bc840adda1f55c4b5b
textures/flatlist/ovr_stm/_win/cap_face_blood.bmp.ctxr,textures/flatlist/ovr_stm/_win,cap_face_blood.bmp.ctxr,cap_face_blood.bmp,ctxr,88416,c7c6f54e5b1ade3902b88dd2dc5d8cfd6d5f2f61
textures/flatlist/ovr_stm/_win/cap_hair.bmp.ctxr,textures/flatlist/ovr_stm/_win,cap_hair.bmp.ctxr,cap_hair.bmp,ctxr,51488,59f8c64dd1350b1323b71330794b800825db7a76
textures/flatlist/ovr_stm/_win/cap_hair_blood.bmp.ctxr,textures/flatlist/ovr_stm/_win,cap_hair_blood.bmp.ctxr,cap_hair_blood.bmp,ctxr,42976,b3a2bad7bfc42606ca0f111e8fe14ff34975ef1e
textures/flatlist/ovr_stm/_win/cap_handcuff.bmp.ctxr,textures/flatlist/ovr_stm/_win,cap_handcuff.bmp.ctxr,cap_handcuff.bmp,ctxr,3840,76ab05e0b69dfc3287822b39dce5f54b933c287e
textures/flatlist/ovr_stm/_win/cap_insignia.bmp.ctxr,textures/flatlist/ovr_stm/_win,cap_insignia.bmp.ctxr,cap_insignia.bmp,ctxr,15328,2227c55295add9a1376750df663f38f604f3b461
textures/flatlist/ovr_stm/_win/cap_insignia.bmp_430f42a59d786b5f3a33625879eca072.ctxr,textures/flatlist/ovr_stm/_win,cap_insignia.bmp_430f42a59d786b5f3a33625879eca072.ctxr,cap_insignia.bmp_430f42a59d786b5f3a33625879eca072,ctxr,15328,f4ea9b9a56ed9ab7e06f4c9084af6958c334ce55
textures/flatlist/ovr_stm/_win/cap_leg.bmp.ctxr,textures/flatlist/ovr_stm/_win,cap_leg.bmp.ctxr,cap_leg.bmp,ctxr,54976,8810e42483c8d0279f78f04e95959ecab20ab763
textures/flatlist/ovr_stm/_win/cap_leg_blood.bmp.ctxr,textures/flatlist/ovr_stm/_win,cap_leg_blood.bmp.ctxr,cap_leg_blood.bmp,ctxr,54976,1e3ba92ee2c6f9e54c9787e3d94873993f2f62cf
textures/flatlist/ovr_stm/_win/cap_shoe.bmp.ctxr,textures/flatlist/ovr_stm/_win,cap_shoe.bmp.ctxr,cap_shoe.bmp,ctxr,24896,6c04705c2380419c243248c65d15fedb0b9e7084
textures/flatlist/ovr_stm/_win/cap_shoe.bmp_419c9cebb9385f6a2d7aefeb9bb59d8f.ctxr,textures/flatlist/ovr_stm/_win,cap_shoe.bmp_419c9cebb9385f6a2d7aefeb9bb59d8f.ctxr,cap_shoe.bmp_419c9cebb9385f6a2d7aefeb9bb59d8f,ctxr,24896,33287e6e987648e8b5379e5e7b73dd76396ec1a2
textures/flatlist/ovr_stm/_win/cbx_a.bmp.ctxr,textures/flatlist/ovr_stm/_win,cbx_a.bmp.ctxr,cbx_a.bmp,ctxr,76800,3aa363bdc64a1363709c60492ce814886c75a631
textures/flatlist/ovr_stm/_win/cbx_a.bmp_be89fab0e4f647837831c3734a72fc8f.ctxr,textures/flatlist/ovr_stm/_win,cbx_a.bmp_be89fab0e4f647837831c3734a72fc8f.ctxr,cbx_a.bmp_be89fab0e4f647837831c3734a72fc8f,ctxr,76800,0b7add51748dd374c0ace7602cef412799156f7f
textures/flatlist/ovr_stm/_win/cfr_trp_f2.bmp.ctxr,textures/flatlist/ovr_stm/_win,cfr_trp_f2.bmp.ctxr,cfr_trp_f2.bmp,ctxr,27616,b32576d7971dd6d45a4e1b470c23aa28e558abab
textures/flatlist/ovr_stm/_win/cfr_wire_alp.bmp.ctxr,textures/flatlist/ovr_stm/_win,cfr_wire_alp.bmp.ctxr,cfr_wire_alp.bmp,ctxr,3712,012f8b969ddcc49fef1d584b0eb335925ce3dace
textures/flatlist/ovr_stm/_win/cgr_head_f.bmp.ctxr,textures/flatlist/ovr_stm/_win,cgr_head_f.bmp.ctxr,cgr_head_f.bmp,ctxr,2304,fd2199f8099fff75c2b920221bee4f1eb5278427
textures/flatlist/ovr_stm/_win/cgr_head_s.bmp.ctxr,textures/flatlist/ovr_stm/_win,cgr_head_s.bmp.ctxr,cgr_head_s.bmp,ctxr,5376,c4ba99aa1e7f6cfac4bb5b39ebd703028aab27c9
textures/flatlist/ovr_stm/_win/cgr_head_t.bmp.ctxr,textures/flatlist/ovr_stm/_win,cgr_head_t.bmp.ctxr,cgr_head_t.bmp,ctxr,2304,4799590f9062fd475e06fccca9cd15061ff16bb5
textures/flatlist/ovr_stm/_win/cgr_head_temp.bmp.ctxr,textures/flatlist/ovr_stm/_win,cgr_head_temp.bmp.ctxr,cgr_head_temp.bmp,ctxr,5760,2a5867bd398f00d9a292718365ce6a0074525465
textures/flatlist/ovr_stm/_win/cgr_lever.bmp.ctxr,textures/flatlist/ovr_stm/_win,cgr_lever.bmp.ctxr,cgr_lever.bmp,ctxr,7136,61c79f05b996a97b8977e7f3bdae1186c968ecc0
textures/flatlist/ovr_stm/_win/cgr_pin.bmp.ctxr,textures/flatlist/ovr_stm/_win,cgr_pin.bmp.ctxr,cgr_pin.bmp,ctxr,960,a54be4b9990304ea3bfacee66bbd941950d2d94a
textures/flatlist/ovr_stm/_win/chi01_alp.bmp.ctxr,textures/flatlist/ovr_stm/_win,chi01_alp.bmp.ctxr,chi01_alp.bmp,ctxr,22176,4acd30ad4e1e1c5ee7308768e0adf26b93b198a7
textures/flatlist/ovr_stm/_win/chr1_01.bmp.ctxr,textures/flatlist/ovr_stm/_win,chr1_01.bmp.ctxr,chr1_01.bmp,ctxr,18048,8ea9eb495e7ecc507f1320fdb1142072bb19c093
textures/flatlist/ovr_stm/_win/chr1_02.bmp.ctxr,textures/flatlist/ovr_stm/_win,chr1_02.bmp.ctxr,chr1_02.bmp,ctxr,8512,28debb0d8dbe1216f3875df1e31b8f213da24041
textures/flatlist/ovr_stm/_win/chr1_02a.bmp.ctxr,textures/flatlist/ovr_stm/_win,chr1_02a.bmp.ctxr,chr1_02a.bmp,ctxr,10560,cc45560cb5a96c224b9373afbeae3940867eec34
textures/flatlist/ovr_stm/_win/chr1_03.bmp.ctxr,textures/flatlist/ovr_stm/_win,chr1_03.bmp.ctxr,chr1_03.bmp,ctxr,20768,067bb31a0285f129deb7d6170bcbf17a31c592cd
textures/flatlist/ovr_stm/_win/chr1_03a.bmp.ctxr,textures/flatlist/ovr_stm/_win,chr1_03a.bmp.ctxr,chr1_03a.bmp,ctxr,20768,10800cbafd648be0fcdfd8f16638aee557f41c51
textures/flatlist/ovr_stm/_win/chr1_04.bmp.ctxr,textures/flatlist/ovr_stm/_win,chr1_04.bmp.ctxr,chr1_04.bmp,ctxr,5760,b2fe560e0831885f34f471c1d3909f93ade1a237
textures/flatlist/ovr_stm/_win/clnd00.bmp.ctxr,textures/flatlist/ovr_stm/_win,clnd00.bmp.ctxr,clnd00.bmp,ctxr,37152,a068b9e70f88ffc948064cbbc29ac905f8e77187
textures/flatlist/ovr_stm/_win/clnd01.bmp.ctxr,textures/flatlist/ovr_stm/_win,clnd01.bmp.ctxr,clnd01.bmp,ctxr,12576,6fde2d6dcca05fd3c8494a11e2b2d80e61c8c6a5
textures/flatlist/ovr_stm/_win/clnd_cap00.bmp.ctxr,textures/flatlist/ovr_stm/_win,clnd_cap00.bmp.ctxr,clnd_cap00.bmp,ctxr,8512,47c5bf08fd2d02af56d7043bc27edf8e069a8f8c
textures/flatlist/ovr_stm/_win/clnd_cap01.bmp.ctxr,textures/flatlist/ovr_stm/_win,clnd_cap01.bmp.ctxr,clnd_cap01.bmp,ctxr,5760,d82f837d22fe54cf89c5e21394a6d73506bac584
textures/flatlist/ovr_stm/_win/col_red00a.bmp.ctxr,textures/flatlist/ovr_stm/_win,col_red00a.bmp.ctxr,col_red00a.bmp,ctxr,5792,9e25ba77b0c944a5e4520cb7b4fed8ec3c2a7642
textures/flatlist/ovr_stm/_win/crd_fa03.bmp.ctxr,textures/flatlist/ovr_stm/_win,crd_fa03.bmp.ctxr,crd_fa03.bmp,ctxr,33120,9331f62ec7cd01958b099dde07a8b4789a0daba0
textures/flatlist/ovr_stm/_win/crd_pp01a.bmp.ctxr,textures/flatlist/ovr_stm/_win,crd_pp01a.bmp.ctxr,crd_pp01a.bmp,ctxr,22176,9773182130ac96239fa6bddbb90ff66cc5104790
textures/flatlist/ovr_stm/_win/crd_pp02.bmp.ctxr,textures/flatlist/ovr_stm/_win,crd_pp02.bmp.ctxr,crd_pp02.bmp,ctxr,22240,6fc7474b56e7244dc95c05d7f407191787cfb595
textures/flatlist/ovr_stm/_win/crd_pp09.bmp.ctxr,textures/flatlist/ovr_stm/_win,crd_pp09.bmp.ctxr,crd_pp09.bmp,ctxr,22176,dc40bd3110f5523322c3d1c095985adebeb2a5a4
textures/flatlist/ovr_stm/_win/crd_ppb01.bmp.ctxr,textures/flatlist/ovr_stm/_win,crd_ppb01.bmp.ctxr,crd_ppb01.bmp,ctxr,16704,ccb09e620d829e9559a3bdcd897a225f62597c4d
textures/flatlist/ovr_stm/_win/crg_arm_dead_re.bmp.ctxr,textures/flatlist/ovr_stm/_win,crg_arm_dead_re.bmp.ctxr,crg_arm_dead_re.bmp,ctxr,54048,ea87734b604b8bc29a38abe22479767eb6b6e077
textures/flatlist/ovr_stm/_win/crg_arm_re_01.bmp.ctxr,textures/flatlist/ovr_stm/_win,crg_arm_re_01.bmp.ctxr,crg_arm_re_01.bmp,ctxr,54048,b63a3b0dc0f1a67ebdf386d3bf52b6aec4b1b160
textures/flatlist/ovr_stm/_win/crg_arm_re_sub_alp_ovl.bmp.ctxr,textures/flatlist/ovr_stm/_win,crg_arm_re_sub_alp_ovl.bmp.ctxr,crg_arm_re_sub_alp_ovl.bmp,ctxr,28960,e392b2e31bc7b5673e288bef4237919cda4fbb48
textures/flatlist/ovr_stm/_win/crg_belt_dead_re.bmp.ctxr,textures/flatlist/ovr_stm/_win,crg_belt_dead_re.bmp.ctxr,crg_belt_dead_re.bmp,ctxr,7936,d62c663ec28f6250483075dd4a7c62ec06887ea7
textures/flatlist/ovr_stm/_win/crg_belt_ovl_alp_emap_mod1120.bmp.ctxr,textures/flatlist/ovr_stm/_win,crg_belt_ovl_alp_emap_mod1120.bmp.ctxr,crg_belt_ovl_alp_emap_mod1120.bmp,ctxr,5760,39024f56fa8e2c1b930adc04d16f8b8c41411b0e
textures/flatlist/ovr_stm/_win/crg_body_dead.bmp.ctxr,textures/flatlist/ovr_stm/_win,crg_body_dead.bmp.ctxr,crg_body_dead.bmp,ctxr,97600,64949723b06732564dc59f717c48972b6663b79b
textures/flatlist/ovr_stm/_win/crg_body_dead_re.bmp.ctxr,textures/flatlist/ovr_stm/_win,crg_body_dead_re.bmp.ctxr,crg_body_dead_re.bmp,ctxr,97600,6c6e44559257418eaf36923473734bf80e2d062e
textures/flatlist/ovr_stm/_win/crg_body_down.bmp.ctxr,textures/flatlist/ovr_stm/_win,crg_body_down.bmp.ctxr,crg_body_down.bmp,ctxr,42464,5bb1614df9308a872f56eee762421a214e62e806
textures/flatlist/ovr_stm/_win/crg_body_down_sub_alp_ovl.bmp.ctxr,textures/flatlist/ovr_stm/_win,crg_body_down_sub_alp_ovl.bmp.ctxr,crg_body_down_sub_alp_ovl.bmp,ctxr,31776,311422d5b93376134d6540aa8e31d91322e6b689
textures/flatlist/ovr_stm/_win/crg_body_ovl_alp_emap_mod1120.bmp.ctxr,textures/flatlist/ovr_stm/_win,crg_body_ovl_alp_emap_mod1120.bmp.ctxr,crg_body_ovl_alp_emap_mod1120.bmp,ctxr,12576,055f203a2e9099af7108648791fb841da4947334
textures/flatlist/ovr_stm/_win/crg_body_up.bmp.ctxr,textures/flatlist/ovr_stm/_win,crg_body_up.bmp.ctxr,crg_body_up.bmp,ctxr,97600,7ab95c093650bae9e7b733703e60e8a18d5a7436
textures/flatlist/ovr_stm/_win/crg_body_up_sub_alp_ovl.bmp.ctxr,textures/flatlist/ovr_stm/_win,crg_body_up_sub_alp_ovl.bmp.ctxr,crg_body_up_sub_alp_ovl.bmp,ctxr,73120,c4aa653659f6df0ba10eecbb8a35b27c233c9408
textures/flatlist/ovr_stm/_win/crg_cap02.bmp.ctxr,textures/flatlist/ovr_stm/_win,crg_cap02.bmp.ctxr,crg_cap02.bmp,ctxr,22176,c63f36fe5b929f29fc6ee4ac379b0acfab352532
textures/flatlist/ovr_stm/_win/crg_cap_eri.bmp.ctxr,textures/flatlist/ovr_stm/_win,crg_cap_eri.bmp.ctxr,crg_cap_eri.bmp,ctxr,54080,09c3545a2ad4309c3f8db4891c6b481f152e35b1
textures/flatlist/ovr_stm/_win/crg_cap_eri_sub_alp_ovl.bmp.ctxr,textures/flatlist/ovr_stm/_win,crg_cap_eri_sub_alp_ovl.bmp.ctxr,crg_cap_eri_sub_alp_ovl.bmp,ctxr,40480,a0a52507e3019195a34c1737311a034053096c92
textures/flatlist/ovr_stm/_win/crg_cap_front_shakp.bmp.ctxr,textures/flatlist/ovr_stm/_win,crg_cap_front_shakp.bmp.ctxr,crg_cap_front_shakp.bmp,ctxr,39200,bb9ee5715b7d9e306becda7233a2d481c80e070d
textures/flatlist/ovr_stm/_win/crg_cap_front_shakp_sub_alp_ovl.bmp.ctxr,textures/flatlist/ovr_stm/_win,crg_cap_front_shakp_sub_alp_ovl.bmp.ctxr,crg_cap_front_shakp_sub_alp_ovl.bmp,ctxr,29344,4aff02e6075d47067383ed43522c064d43d928cc
textures/flatlist/ovr_stm/_win/crg_cap_side.bmp.ctxr,textures/flatlist/ovr_stm/_win,crg_cap_side.bmp.ctxr,crg_cap_side.bmp,ctxr,71328,808ee52853abcdd31f80a3d24390c6c85542fd6b
textures/flatlist/ovr_stm/_win/crg_cap_side_sub_alp_ovl.bmp.ctxr,textures/flatlist/ovr_stm/_win,crg_cap_side_sub_alp_ovl.bmp.ctxr,crg_cap_side_sub_alp_ovl.bmp,ctxr,53408,dd746ca35c53ed343e0f3667f957dec51db86f25
textures/flatlist/ovr_stm/_win/crg_eri3.bmp.ctxr,textures/flatlist/ovr_stm/_win,crg_eri3.bmp.ctxr,crg_eri3.bmp,ctxr,960,69d68eb20121c7f29b509b48d80f190a45123c61
textures/flatlist/ovr_stm/_win/crg_eye.bmp.ctxr,textures/flatlist/ovr_stm/_win,crg_eye.bmp.ctxr,crg_eye.bmp,ctxr,3328,02b37e1acdcbbb2b0e4ac0c7ef8f91d0214af9de
textures/flatlist/ovr_stm/_win/crg_face_dead.bmp.ctxr,textures/flatlist/ovr_stm/_win,crg_face_dead.bmp.ctxr,crg_face_dead.bmp,ctxr,283712,f0449bea12b1344fb66bce2353c1412a1424dba5
textures/flatlist/ovr_stm/_win/crg_face_dead_re.bmp.ctxr,textures/flatlist/ovr_stm/_win,crg_face_dead_re.bmp.ctxr,crg_face_dead_re.bmp,ctxr,283712,7987f4249f3df370d8a660f124ef339fb44aa949
textures/flatlist/ovr_stm/_win/crg_face_re.bmp.ctxr,textures/flatlist/ovr_stm/_win,crg_face_re.bmp.ctxr,crg_face_re.bmp,ctxr,283712,513af2b75aab90f2289557894963dbcff86a8ea6
textures/flatlist/ovr_stm/_win/crg_face_sub_ovl_alp.bmp.ctxr,textures/flatlist/ovr_stm/_win,crg_face_sub_ovl_alp.bmp.ctxr,crg_face_sub_ovl_alp.bmp,ctxr,51360,1abdfea222e4da9900b14edfe1d734594b9735da
textures/flatlist/ovr_stm/_win/crg_face_sub_ovl_alp.bmp_0df6480b9e73a3dfae765c79bafb775a.ctxr,textures/flatlist/ovr_stm/_win,crg_face_sub_ovl_alp.bmp_0df6480b9e73a3dfae765c79bafb775a.ctxr,crg_face_sub_ovl_alp.bmp_0df6480b9e73a3dfae765c79bafb775a,ctxr,51360,0c5f9b736a8e8b26ec9a3f5f5c912a2247170bff
textures/flatlist/ovr_stm/_win/crg_hair_l.bmp.ctxr,textures/flatlist/ovr_stm/_win,crg_hair_l.bmp.ctxr,crg_hair_l.bmp,ctxr,68608,c3bc1a9506cde9272b3d3e088d882109a25e98a2
textures/flatlist/ovr_stm/_win/crg_hair_r.bmp.ctxr,textures/flatlist/ovr_stm/_win,crg_hair_r.bmp.ctxr,crg_hair_r.bmp,ctxr,68608,6ee11cef1f9fb928c1cd141c63469d191d9ff239
textures/flatlist/ovr_stm/_win/crg_hand_ovl_mod1120_alp_emap.bmp.ctxr,textures/flatlist/ovr_stm/_win,crg_hand_ovl_mod1120_alp_emap.bmp.ctxr,crg_hand_ovl_mod1120_alp_emap.bmp,ctxr,5760,487936167e90e1f35fa3a13dfdb32290a540a59d
textures/flatlist/ovr_stm/_win/crg_hand_re.bmp.ctxr,textures/flatlist/ovr_stm/_win,crg_hand_re.bmp.ctxr,crg_hand_re.bmp,ctxr,42976,2b1a07d29060dfcc3a88809dfb6e8b659606a649
textures/flatlist/ovr_stm/_win/crg_hand_re_sub_alp_ovl.bmp.ctxr,textures/flatlist/ovr_stm/_win,crg_hand_re_sub_alp_ovl.bmp.ctxr,crg_hand_re_sub_alp_ovl.bmp,ctxr,32160,6f014311ff9688929bade2fd161d9f8c06a99f17
textures/flatlist/ovr_stm/_win/crg_hi_hf00.bmp.ctxr,textures/flatlist/ovr_stm/_win,crg_hi_hf00.bmp.ctxr,crg_hi_hf00.bmp,ctxr,40224,9787ee3763448671d6add2ee10eeefe18ea6c672
textures/flatlist/ovr_stm/_win/crg_hi_hf00_ovl_sub_alp.bmp.ctxr,textures/flatlist/ovr_stm/_win,crg_hi_hf00_ovl_sub_alp.bmp.ctxr,crg_hi_hf00_ovl_sub_alp.bmp,ctxr,30112,e870ee229758335804ea08ef9fa5b3488f52408b
textures/flatlist/ovr_stm/_win/crg_hi_hf01.bmp.ctxr,textures/flatlist/ovr_stm/_win,crg_hi_hf01.bmp.ctxr,crg_hi_hf01.bmp,ctxr,14624,fa8a52e4667e6748c4c8a3e845dd660ed0832a12
textures/flatlist/ovr_stm/_win/crg_hi_hf01_sub_alp_ovl.bmp.ctxr,textures/flatlist/ovr_stm/_win,crg_hi_hf01_sub_alp_ovl.bmp.ctxr,crg_hi_hf01_sub_alp_ovl.bmp,ctxr,10912,47d79f9db4729294ac2da9cbc0453fd4ddd5111b
textures/flatlist/ovr_stm/_win/crg_hi_hf02.bmp.ctxr,textures/flatlist/ovr_stm/_win,crg_hi_hf02.bmp.ctxr,crg_hi_hf02.bmp,ctxr,5760,1f98cb651844394ed072343f36b82d7a1f280fa5
textures/flatlist/ovr_stm/_win/crg_hi_hf02_sub_alp_ovl.bmp.ctxr,textures/flatlist/ovr_stm/_win,crg_hi_hf02_sub_alp_ovl.bmp.ctxr,crg_hi_hf02_sub_alp_ovl.bmp,ctxr,4256,84061aa8dac847ae1507b968e6296c01359e80f1
textures/flatlist/ovr_stm/_win/crg_hi_hf03.bmp.ctxr,textures/flatlist/ovr_stm/_win,crg_hi_hf03.bmp.ctxr,crg_hi_hf03.bmp,ctxr,4384,a2760eae6ad5537da74028346caca41609079f46
textures/flatlist/ovr_stm/_win/crg_hi_hf03_sub_alp_ovl.bmp.ctxr,textures/flatlist/ovr_stm/_win,crg_hi_hf03_sub_alp_ovl.bmp.ctxr,crg_hi_hf03_sub_alp_ovl.bmp,ctxr,3232,cf6c80f80b016a19573ffec4b41269feb1552e1c
textures/flatlist/ovr_stm/_win/crg_kata.bmp.ctxr,textures/flatlist/ovr_stm/_win,crg_kata.bmp.ctxr,crg_kata.bmp,ctxr,2336,a2f741c973c1cbb00f71814a898059b3ae68eb9c
textures/flatlist/ovr_stm/_win/crg_kata_dead_re.bmp.ctxr,textures/flatlist/ovr_stm/_win,crg_kata_dead_re.bmp.ctxr,crg_kata_dead_re.bmp,ctxr,2336,8c8466ff81f14a25b7a19f3da0b0d013af4c5ae9
textures/flatlist/ovr_stm/_win/crg_kata_sub_alp_ovl.bmp.ctxr,textures/flatlist/ovr_stm/_win,crg_kata_sub_alp_ovl.bmp.ctxr,crg_kata_sub_alp_ovl.bmp,ctxr,1696,a18b3a90742946073af684a7b8a83da5e49078d2
textures/flatlist/ovr_stm/_win/crg_leg_dead_re.bmp.ctxr,textures/flatlist/ovr_stm/_win,crg_leg_dead_re.bmp.ctxr,crg_leg_dead_re.bmp,ctxr,58368,32250b63b60425f2aefd3d9a6d4641b8c2d4cf1c
textures/flatlist/ovr_stm/_win/crg_leg_re.bmp.ctxr,textures/flatlist/ovr_stm/_win,crg_leg_re.bmp.ctxr,crg_leg_re.bmp,ctxr,58368,969244f5fe60033d47f37b2edc9e3bb41b2ec5da
textures/flatlist/ovr_stm/_win/crg_mouin.bmp.ctxr,textures/flatlist/ovr_stm/_win,crg_mouin.bmp.ctxr,crg_mouin.bmp,ctxr,544,e3629a4d980905c75b284d39a6ae016245c58287
textures/flatlist/ovr_stm/_win/crg_neck2.bmp.ctxr,textures/flatlist/ovr_stm/_win,crg_neck2.bmp.ctxr,crg_neck2.bmp,ctxr,38560,343800599c72032863494729c8dad00ca3ae59b3
textures/flatlist/ovr_stm/_win/crg_p3_fro.bmp.ctxr,textures/flatlist/ovr_stm/_win,crg_p3_fro.bmp.ctxr,crg_p3_fro.bmp,ctxr,6432,ad365352c90cad56856626b66645575d1f6171f7
textures/flatlist/ovr_stm/_win/crg_p3_side.bmp.ctxr,textures/flatlist/ovr_stm/_win,crg_p3_side.bmp.ctxr,crg_p3_side.bmp,ctxr,832,b41cd878c567a4d4ec71ab607093c4652419ff30
textures/flatlist/ovr_stm/_win/crg_rapelsate_8bit.bmp.ctxr,textures/flatlist/ovr_stm/_win,crg_rapelsate_8bit.bmp.ctxr,crg_rapelsate_8bit.bmp,ctxr,7936,0216dd77fbd683ed0761ecf4bd9bf399084ea4af
textures/flatlist/ovr_stm/_win/crg_shues.bmp.ctxr,textures/flatlist/ovr_stm/_win,crg_shues.bmp.ctxr,crg_shues.bmp,ctxr,80928,892db39a269b64b796860fa4e18b76321bdf9fa5
textures/flatlist/ovr_stm/_win/crg_shues.bmp_19fd13d78ac0caa8f35b065ffa50fd18.ctxr,textures/flatlist/ovr_stm/_win,crg_shues.bmp_19fd13d78ac0caa8f35b065ffa50fd18.ctxr,crg_shues.bmp_19fd13d78ac0caa8f35b065ffa50fd18,ctxr,80928,714d21e224a973bd4ecb07c75e829b6ee0118b2c
textures/flatlist/ovr_stm/_win/crg_shues_sub_ovl_alp.bmp.ctxr,textures/flatlist/ovr_stm/_win,crg_shues_sub_ovl_alp.bmp.ctxr,crg_shues_sub_ovl_alp.bmp,ctxr,60640,6dab5de4f7e06e6868175c5c8906027dd9d2e755
textures/flatlist/ovr_stm/_win/crg_waistbelt.bmp.ctxr,textures/flatlist/ovr_stm/_win,crg_waistbelt.bmp.ctxr,crg_waistbelt.bmp,ctxr,5792,fae515d83d405df6f48c06f3ab483ff5bf29dd3b
textures/flatlist/ovr_stm/_win/ctl_panel01.bmp.ctxr,textures/flatlist/ovr_stm/_win,ctl_panel01.bmp.ctxr,ctl_panel01.bmp,ctxr,145536,316fbf3b8738324d763047e56130760d0b75b285
textures/flatlist/ovr_stm/_win/ctl_panel02.bmp.ctxr,textures/flatlist/ovr_stm/_win,ctl_panel02.bmp.ctxr,ctl_panel02.bmp,ctxr,75744,f2c7803260023118c7c61c39d5460ed68b86bdd1
textures/flatlist/ovr_stm/_win/cyp_body_hg.bmp.ctxr,textures/flatlist/ovr_stm/_win,cyp_body_hg.bmp.ctxr,cyp_body_hg.bmp,ctxr,65888,1715843b8e81038bcb80888dd274f8a75755d822
textures/flatlist/ovr_stm/_win/cyp_face.bmp.ctxr,textures/flatlist/ovr_stm/_win,cyp_face.bmp.ctxr,cyp_face.bmp,ctxr,22176,d0c182cf0e734749918f8ed184d3ace014775dc7
textures/flatlist/ovr_stm/_win/cyp_head.bmp.ctxr,textures/flatlist/ovr_stm/_win,cyp_head.bmp.ctxr,cyp_head.bmp,ctxr,5376,efb24ed7151e2cd5f7dc3c9b61869ed3f1347b6a
textures/flatlist/ovr_stm/_win/cyp_lens_rgb_alp_ovl.bmp.ctxr,textures/flatlist/ovr_stm/_win,cyp_lens_rgb_alp_ovl.bmp.ctxr,cyp_lens_rgb_alp_ovl.bmp,ctxr,5760,f9ebb32612a9fa373774955a886e8ddf423601ab
textures/flatlist/ovr_stm/_win/cyp_temp_tx.bmp.ctxr,textures/flatlist/ovr_stm/_win,cyp_temp_tx.bmp.ctxr,cyp_temp_tx.bmp,ctxr,22176,12b656f9ebd5e62aaec9f660149157c01f7afc23
textures/flatlist/ovr_stm/_win/d00a_hodou_t1.bmp.ctxr,textures/flatlist/ovr_stm/_win,d00a_hodou_t1.bmp.ctxr,d00a_hodou_t1.bmp,ctxr,142368,4733aff52339a4440c031d0848fd5e383d18a93c
textures/flatlist/ovr_stm/_win/dbg_gbox_f.bmp.ctxr,textures/flatlist/ovr_stm/_win,dbg_gbox_f.bmp.ctxr,dbg_gbox_f.bmp,ctxr,22176,46cf329c703b07fd5f066ce80198e197844bd57f
textures/flatlist/ovr_stm/_win/dbg_gbox_s.bmp.ctxr,textures/flatlist/ovr_stm/_win,dbg_gbox_s.bmp.ctxr,dbg_gbox_s.bmp,ctxr,22176,67f7a435aadf67a2ab3d150fa0f46644a4582cb4
textures/flatlist/ovr_stm/_win/dbg_gbox_t.bmp.ctxr,textures/flatlist/ovr_stm/_win,dbg_gbox_t.bmp.ctxr,dbg_gbox_t.bmp,ctxr,22176,9cbde189776af8d6af4f39c0993f05cec42dc8c7
textures/flatlist/ovr_stm/_win/dbx_tnk3_msk.bmp.ctxr,textures/flatlist/ovr_stm/_win,dbx_tnk3_msk.bmp.ctxr,dbx_tnk3_msk.bmp,ctxr,12576,9c0594a4182e4e09880b430c3a3201f73b1ceedd
textures/flatlist/ovr_stm/_win/demo_usp_supressor.bmp.ctxr,textures/flatlist/ovr_stm/_win,demo_usp_supressor.bmp.ctxr,demo_usp_supressor.bmp,ctxr,33120,0873bb679b67ba5fecc3776157aecb79216b5dfa
textures/flatlist/ovr_stm/_win/dinyukafuta.bmp.ctxr,textures/flatlist/ovr_stm/_win,dinyukafuta.bmp.ctxr,dinyukafuta.bmp,ctxr,43392,717ef5463f5a7eae46aa4dcdba896b2a3f239396
textures/flatlist/ovr_stm/_win/dinyukafuta2.bmp.ctxr,textures/flatlist/ovr_stm/_win,dinyukafuta2.bmp.ctxr,dinyukafuta2.bmp,ctxr,43392,c3c7ab61516ba963262b38ca1fa0813c7e315ec4
textures/flatlist/ovr_stm/_win/di_ki_bu.bmp.ctxr,textures/flatlist/ovr_stm/_win,di_ki_bu.bmp.ctxr,di_ki_bu.bmp,ctxr,65184,47b4316d5fdee8c178149a6d96bbf1765d96072d
textures/flatlist/ovr_stm/_win/di_wall1_da.bmp.ctxr,textures/flatlist/ovr_stm/_win,di_wall1_da.bmp.ctxr,di_wall1_da.bmp,ctxr,44064,48ea2b2f80532b3ba789f691e8bf31e3d04e2672
textures/flatlist/ovr_stm/_win/di_wall1_up.bmp.ctxr,textures/flatlist/ovr_stm/_win,di_wall1_up.bmp.ctxr,di_wall1_up.bmp,ctxr,60416,3bd66ae95c69fd8cdfce4ac380a7d286cf6eb2f4
textures/flatlist/ovr_stm/_win/dmp_sb2.bmp.ctxr,textures/flatlist/ovr_stm/_win,dmp_sb2.bmp.ctxr,dmp_sb2.bmp,ctxr,27616,bbe027df66b0d459fd9ddfd72fa0e41c3b7ad11b
textures/flatlist/ovr_stm/_win/dmp_sb2_box.bmp.ctxr,textures/flatlist/ovr_stm/_win,dmp_sb2_box.bmp.ctxr,dmp_sb2_box.bmp,ctxr,21792,8cef0e619469b2a78bb348b2275e8b79b26fd3f2
textures/flatlist/ovr_stm/_win/dmp_sb_body.bmp.ctxr,textures/flatlist/ovr_stm/_win,dmp_sb_body.bmp.ctxr,dmp_sb_body.bmp,ctxr,46784,4e4f7baf4cd41897ada20ed2180128aa12915130
textures/flatlist/ovr_stm/_win/dmp_sb_grip.bmp.ctxr,textures/flatlist/ovr_stm/_win,dmp_sb_grip.bmp.ctxr,dmp_sb_grip.bmp,ctxr,15648,b848ce61e4c0e6f9fd7cb1fe2215d41078ab350a
textures/flatlist/ovr_stm/_win/dmp_sb_mc.bmp.ctxr,textures/flatlist/ovr_stm/_win,dmp_sb_mc.bmp.ctxr,dmp_sb_mc.bmp,ctxr,12640,0d17c7ecbbaa2fe59da960f4db78ebcdeebbb11d
textures/flatlist/ovr_stm/_win/dmp_sb_mc2.bmp.ctxr,textures/flatlist/ovr_stm/_win,dmp_sb_mc2.bmp.ctxr,dmp_sb_mc2.bmp,ctxr,9536,6c51874954be11c0b43ac7b2d9fad1248c6b465c
textures/flatlist/ovr_stm/_win/dmp_sb_pi.bmp.ctxr,textures/flatlist/ovr_stm/_win,dmp_sb_pi.bmp.ctxr,dmp_sb_pi.bmp,ctxr,5760,ad2957ee93b7ef99ef767c5c12ead6d2993a47c3
textures/flatlist/ovr_stm/_win/door_afl00c.bmp.ctxr,textures/flatlist/ovr_stm/_win,door_afl00c.bmp.ctxr,door_afl00c.bmp,ctxr,12608,26eafe5c2b83cdaf366d091ce00b6e2cbe64e174
textures/flatlist/ovr_stm/_win/door_b00.bmp.ctxr,textures/flatlist/ovr_stm/_win,door_b00.bmp.ctxr,door_b00.bmp,ctxr,46368,1aa29a93e893383144f860ff65a328a68426d035
textures/flatlist/ovr_stm/_win/door_bfl00.bmp.ctxr,textures/flatlist/ovr_stm/_win,door_bfl00.bmp.ctxr,door_bfl00.bmp,ctxr,18720,72fb57472bc2c44e3c8c476b07d64a08d01c51d2
textures/flatlist/ovr_stm/_win/door_c00.bmp.ctxr,textures/flatlist/ovr_stm/_win,door_c00.bmp.ctxr,door_c00.bmp,ctxr,46368,5f06db6183f4e89e793c5e8f0dda0e9bbf2795be
textures/flatlist/ovr_stm/_win/door_c0017.bmp.ctxr,textures/flatlist/ovr_stm/_win,door_c0017.bmp.ctxr,door_c0017.bmp,ctxr,46368,0d32e6295cc27c99a4a8df9a270e6bad9b3b08a7
textures/flatlist/ovr_stm/_win/door_d00.bmp.ctxr,textures/flatlist/ovr_stm/_win,door_d00.bmp.ctxr,door_d00.bmp,ctxr,46368,62fb385075ae3533bcb115ef7593d25ac53abf0a
textures/flatlist/ovr_stm/_win/drlit_02.bmp.ctxr,textures/flatlist/ovr_stm/_win,drlit_02.bmp.ctxr,drlit_02.bmp,ctxr,8512,a5437b47f47f5550392ed132e494a2bafc505195
textures/flatlist/ovr_stm/_win/drlit_02a.bmp.ctxr,textures/flatlist/ovr_stm/_win,drlit_02a.bmp.ctxr,drlit_02a.bmp,ctxr,5792,0f35503c7020dfe328ceb81cbd9ef22564e711ed
textures/flatlist/ovr_stm/_win/drp_00.bmp.ctxr,textures/flatlist/ovr_stm/_win,drp_00.bmp.ctxr,drp_00.bmp,ctxr,20800,d691c8f330ec4b3d76d1a91d639b6a6fe9aba11b
textures/flatlist/ovr_stm/_win/drp_00b.bmp.ctxr,textures/flatlist/ovr_stm/_win,drp_00b.bmp.ctxr,drp_00b.bmp,ctxr,20800,0831cbbc0e89adeaef8d5252ed13dfc985a43d4e
textures/flatlist/ovr_stm/_win/drp_01.bmp.ctxr,textures/flatlist/ovr_stm/_win,drp_01.bmp.ctxr,drp_01.bmp,ctxr,7168,14e104e822d88ab05c7507dd705c716c09320f46
textures/flatlist/ovr_stm/_win/dtdv_side_01.bmp.ctxr,textures/flatlist/ovr_stm/_win,dtdv_side_01.bmp.ctxr,dtdv_side_01.bmp,ctxr,19744,b69ff3e7ed7763a5567b284ad72a7b6715eb6215
textures/flatlist/ovr_stm/_win/elv1_flr1.bmp.ctxr,textures/flatlist/ovr_stm/_win,elv1_flr1.bmp.ctxr,elv1_flr1.bmp,ctxr,86336,4a823fa1f0131ea73886a2c0cc36cbc0bc035b3c
textures/flatlist/ovr_stm/_win/elvt_floor3.bmp.ctxr,textures/flatlist/ovr_stm/_win,elvt_floor3.bmp.ctxr,elvt_floor3.bmp,ctxr,48096,04803cb17b349dbd920cd91e5439c7655105323e
textures/flatlist/ovr_stm/_win/elvt_floor4.bmp.ctxr,textures/flatlist/ovr_stm/_win,elvt_floor4.bmp.ctxr,elvt_floor4.bmp,ctxr,24192,9bec3557aea2dd102c8c97c6bb530bccfb88ef8c
textures/flatlist/ovr_stm/_win/elvt_floor5.bmp.ctxr,textures/flatlist/ovr_stm/_win,elvt_floor5.bmp.ctxr,elvt_floor5.bmp,ctxr,7104,fd8b19926b734cbcc5f4ceb5090834bb93344925
textures/flatlist/ovr_stm/_win/elvt_nwall3.bmp.ctxr,textures/flatlist/ovr_stm/_win,elvt_nwall3.bmp.ctxr,elvt_nwall3.bmp,ctxr,127296,66fc7a8ab758181d05c0598f3ae1542d7627b553
textures/flatlist/ovr_stm/_win/emt.bmp.ctxr,textures/flatlist/ovr_stm/_win,emt.bmp.ctxr,emt.bmp,ctxr,23328,17ef494cb69141c39aa45b6babdacfabb328be7a
textures/flatlist/ovr_stm/_win/eyes_kyoro.bmp.ctxr,textures/flatlist/ovr_stm/_win,eyes_kyoro.bmp.ctxr,eyes_kyoro.bmp,ctxr,86848,4df80d5a01d4a6076a27c49197c417351f38f70b
textures/flatlist/ovr_stm/_win/fat_allarm.bmp.ctxr,textures/flatlist/ovr_stm/_win,fat_allarm.bmp.ctxr,fat_allarm.bmp,ctxr,50464,7a1e8b5ee3e9d3b149f10d997da82df575a6ee9b
textures/flatlist/ovr_stm/_win/fat_allarm_st2.bmp.ctxr,textures/flatlist/ovr_stm/_win,fat_allarm_st2.bmp.ctxr,fat_allarm_st2.bmp,ctxr,50464,7359ce74d63d024d1b8ce0442f853a8350d44928
textures/flatlist/ovr_stm/_win/fat_allleg.bmp.ctxr,textures/flatlist/ovr_stm/_win,fat_allleg.bmp.ctxr,fat_allleg.bmp,ctxr,7776,b2f792846611c9a4f9b60ba068daeeca7660cda2
textures/flatlist/ovr_stm/_win/fat_allleg_sub_ovl_alp.bmp.ctxr,textures/flatlist/ovr_stm/_win,fat_allleg_sub_ovl_alp.bmp.ctxr,fat_allleg_sub_ovl_alp.bmp,ctxr,21280,370dee0543788bebb6478680f93ea6bc0d1541b9
textures/flatlist/ovr_stm/_win/fat_arm_belt.bmp.ctxr,textures/flatlist/ovr_stm/_win,fat_arm_belt.bmp.ctxr,fat_arm_belt.bmp,ctxr,7456,14da43b9f7f123b1c5ff58a17f568ef581c50acf
textures/flatlist/ovr_stm/_win/fat_arm_sub_ovl_alp.bmp.ctxr,textures/flatlist/ovr_stm/_win,fat_arm_sub_ovl_alp.bmp.ctxr,fat_arm_sub_ovl_alp.bmp,ctxr,49312,39deac5396485535d610b70d4d285921fc344160
textures/flatlist/ovr_stm/_win/fat_belt.bmp.ctxr,textures/flatlist/ovr_stm/_win,fat_belt.bmp.ctxr,fat_belt.bmp,ctxr,14016,25792bba01b03ee0af7a92af051bd8a74ccf7bfe
textures/flatlist/ovr_stm/_win/fat_body3_sub_ovl_alp.bmp.ctxr,textures/flatlist/ovr_stm/_win,fat_body3_sub_ovl_alp.bmp.ctxr,fat_body3_sub_ovl_alp.bmp,ctxr,275360,a2787572c891f3539d7074c91d451cb8596070b6
textures/flatlist/ovr_stm/_win/fat_calf.bmp.ctxr,textures/flatlist/ovr_stm/_win,fat_calf.bmp.ctxr,fat_calf.bmp,ctxr,87744,284980e1f23b0f55075dee261076d01bf42a52c9
textures/flatlist/ovr_stm/_win/fat_calf_sub_alp_ovl.bmp.ctxr,textures/flatlist/ovr_stm/_win,fat_calf_sub_alp_ovl.bmp.ctxr,fat_calf_sub_alp_ovl.bmp,ctxr,262304,f276e76f069e183cb1d66d597b963bc356c12942
textures/flatlist/ovr_stm/_win/fat_ep0_sub_ovl_alp.bmp.ctxr,textures/flatlist/ovr_stm/_win,fat_ep0_sub_ovl_alp.bmp.ctxr,fat_ep0_sub_ovl_alp.bmp,ctxr,25696,14e0731f4ad31cd65f11395bd04e166cf675a791
textures/flatlist/ovr_stm/_win/fat_epron3_ovl_alp_mod1120_emap.bmp.ctxr,textures/flatlist/ovr_stm/_win,fat_epron3_ovl_alp_mod1120_emap.bmp.ctxr,fat_epron3_ovl_alp_mod1120_emap.bmp,ctxr,22176,5b2de06366cfa6e421b8173a7b5fe28a647bd4ea
textures/flatlist/ovr_stm/_win/fat_eptes.bmp.ctxr,textures/flatlist/ovr_stm/_win,fat_eptes.bmp.ctxr,fat_eptes.bmp,ctxr,19424,734911bc5fc3c40c1a7e7e5a200c794c0d3088d7
textures/flatlist/ovr_stm/_win/fat_ep_re.bmp.ctxr,textures/flatlist/ovr_stm/_win,fat_ep_re.bmp.ctxr,fat_ep_re.bmp,ctxr,19424,12bfa50575594cf9e16512ea736e4bd7928aef06
textures/flatlist/ovr_stm/_win/fat_eri_back.bmp.ctxr,textures/flatlist/ovr_stm/_win,fat_eri_back.bmp.ctxr,fat_eri_back.bmp,ctxr,14656,afe185182cddc6ee5748029b0706e530feb22ec8
textures/flatlist/ovr_stm/_win/fat_eri_back_sub_alp_ovl.bmp.ctxr,textures/flatlist/ovr_stm/_win,fat_eri_back_sub_alp_ovl.bmp.ctxr,fat_eri_back_sub_alp_ovl.bmp,ctxr,15520,a68689669457784e1932ef84e3afb053d70d758b
textures/flatlist/ovr_stm/_win/fat_eri_front.bmp.ctxr,textures/flatlist/ovr_stm/_win,fat_eri_front.bmp.ctxr,fat_eri_front.bmp,ctxr,5760,7756f653c5eb9995df6714dfab90e84cfb618d58
textures/flatlist/ovr_stm/_win/fat_eri_side.bmp.ctxr,textures/flatlist/ovr_stm/_win,fat_eri_side.bmp.ctxr,fat_eri_side.bmp,ctxr,8480,1a99d5fd5beccbf58814ddee2e17d55b6316d0de
textures/flatlist/ovr_stm/_win/fat_eri_side_in.bmp.ctxr,textures/flatlist/ovr_stm/_win,fat_eri_side_in.bmp.ctxr,fat_eri_side_in.bmp,ctxr,8480,2b69dbf19345430c9788ec9dc1055da6099a2c63
textures/flatlist/ovr_stm/_win/fat_eri_side_sub_alp_ovl.bmp.ctxr,textures/flatlist/ovr_stm/_win,fat_eri_side_sub_alp_ovl.bmp.ctxr,fat_eri_side_sub_alp_ovl.bmp,ctxr,9760,53529b946424875d5b6310f8ffef32355e1288c1
textures/flatlist/ovr_stm/_win/fat_eye.bmp.ctxr,textures/flatlist/ovr_stm/_win,fat_eye.bmp.ctxr,fat_eye.bmp,ctxr,7168,194c5d2b072c264abf5cc7d06b68247d5c0e2d99
textures/flatlist/ovr_stm/_win/fat_eyes_ovl_sub_alp.bmp.ctxr,textures/flatlist/ovr_stm/_win,fat_eyes_ovl_sub_alp.bmp.ctxr,fat_eyes_ovl_sub_alp.bmp,ctxr,2464,92bcb687d3e9d34f244001bd35d6ac545e381404
textures/flatlist/ovr_stm/_win/fat_eye_re.bmp.ctxr,textures/flatlist/ovr_stm/_win,fat_eye_re.bmp.ctxr,fat_eye_re.bmp,ctxr,4416,1ba1dc16a19d83c49dbac8ec99b7f15f6c0f2ffc
textures/flatlist/ovr_stm/_win/fat_face.bmp.ctxr,textures/flatlist/ovr_stm/_win,fat_face.bmp.ctxr,fat_face.bmp,ctxr,522592,0e606bfa9754dc7c42561fde37e27454d539cfb8
textures/flatlist/ovr_stm/_win/fat_face_bmap.bmp.ctxr,textures/flatlist/ovr_stm/_win,fat_face_bmap.bmp.ctxr,fat_face_bmap.bmp,ctxr,110752,4a8eb2a5d277b1d23478c21c9c08ef31b84e09ae
textures/flatlist/ovr_stm/_win/fat_face_re.bmp.ctxr,textures/flatlist/ovr_stm/_win,fat_face_re.bmp.ctxr,fat_face_re.bmp,ctxr,398336,226695cd800e1aa1895a4b47c554969f1870214c
textures/flatlist/ovr_stm/_win/fat_face_re.bmp_a65902de0116b1a4ce6a1647e832d293.ctxr,textures/flatlist/ovr_stm/_win,fat_face_re.bmp_a65902de0116b1a4ce6a1647e832d293.ctxr,fat_face_re.bmp_a65902de0116b1a4ce6a1647e832d293,ctxr,398336,3c4cbc2d952d0c974e84fd0d02b925241fe631e1
textures/flatlist/ovr_stm/_win/fat_glg_hlst.bmp.ctxr,textures/flatlist/ovr_stm/_win,fat_glg_hlst.bmp.ctxr,fat_glg_hlst.bmp,ctxr,6432,d70c19dce33292a2da0db5f234c4eaa33f84abb0
textures/flatlist/ovr_stm/_win/fat_glg_hlst_side.bmp.ctxr,textures/flatlist/ovr_stm/_win,fat_glg_hlst_side.bmp.ctxr,fat_glg_hlst_side.bmp,ctxr,2144,d90e060bbb47bda792db7d5217523a906fac9c26
textures/flatlist/ovr_stm/_win/fat_hand.bmp.ctxr,textures/flatlist/ovr_stm/_win,fat_hand.bmp.ctxr,fat_hand.bmp,ctxr,33088,2d9adb1001f3ee07f9a97f246613c4a1c2e7208b
textures/flatlist/ovr_stm/_win/fat_hand_alp_ovl_emap_mod1120.bmp.ctxr,textures/flatlist/ovr_stm/_win,fat_hand_alp_ovl_emap_mod1120.bmp.ctxr,fat_hand_alp_ovl_emap_mod1120.bmp,ctxr,1632,9f2d265af878ac78421ebcee2b810c39fc0cd43c
textures/flatlist/ovr_stm/_win/fat_hand_sub_alp_ovl.bmp.ctxr,textures/flatlist/ovr_stm/_win,fat_hand_sub_alp_ovl.bmp.ctxr,fat_hand_sub_alp_ovl.bmp,ctxr,24736,d2ba92d6bb1c11f000aa04d74cc01c39a2705b17
textures/flatlist/ovr_stm/_win/fat_hi_finger.bmp.ctxr,textures/flatlist/ovr_stm/_win,fat_hi_finger.bmp.ctxr,fat_hi_finger.bmp,ctxr,5760,60c1551128dc5b78eb0b66474f7952358d7c0705
textures/flatlist/ovr_stm/_win/fat_hi_finger_red.bmp.ctxr,textures/flatlist/ovr_stm/_win,fat_hi_finger_red.bmp.ctxr,fat_hi_finger_red.bmp,ctxr,4384,677f8636319c6217a770276ae9fece7f976cff17
textures/flatlist/ovr_stm/_win/fat_hi_hand1.bmp.ctxr,textures/flatlist/ovr_stm/_win,fat_hi_hand1.bmp.ctxr,fat_hi_hand1.bmp,ctxr,26912,105ae2c5bbade273ac59d8ec4902eb6bb56796e4
textures/flatlist/ovr_stm/_win/fat_hi_hand1_bmap.bmp.ctxr,textures/flatlist/ovr_stm/_win,fat_hi_hand1_bmap.bmp.ctxr,fat_hi_hand1_bmap.bmp,ctxr,20128,13c57197c9f62eb24a77ff8d7edfffd4d8fc6ed6
textures/flatlist/ovr_stm/_win/fat_hi_hand2.bmp.ctxr,textures/flatlist/ovr_stm/_win,fat_hi_hand2.bmp.ctxr,fat_hi_hand2.bmp,ctxr,14624,3bbebe16f863ef6f89a68781e37fa0c8e8b4499e
textures/flatlist/ovr_stm/_win/fat_in.bmp.ctxr,textures/flatlist/ovr_stm/_win,fat_in.bmp.ctxr,fat_in.bmp,ctxr,5760,728de228c67f5a2f1d7d7c8246b2ceb9732b9f17
textures/flatlist/ovr_stm/_win/fat_in_eri.bmp.ctxr,textures/flatlist/ovr_stm/_win,fat_in_eri.bmp.ctxr,fat_in_eri.bmp,ctxr,7136,7e00db9d8144a76b26f6eb1e2b1ae5e8e455bb4d
textures/flatlist/ovr_stm/_win/fat_in_eri_tome.bmp.ctxr,textures/flatlist/ovr_stm/_win,fat_in_eri_tome.bmp.ctxr,fat_in_eri_tome.bmp,ctxr,1280,7ed20d065252b14bea67adfe1a3ffd5471050928
textures/flatlist/ovr_stm/_win/fat_larm_belt.bmp.ctxr,textures/flatlist/ovr_stm/_win,fat_larm_belt.bmp.ctxr,fat_larm_belt.bmp,ctxr,9248,93958ba4908bed01ceb53975b8edb9b99a9d72d4
textures/flatlist/ovr_stm/_win/fat_larm_sub_alp_ovl.bmp.ctxr,textures/flatlist/ovr_stm/_win,fat_larm_sub_alp_ovl.bmp.ctxr,fat_larm_sub_alp_ovl.bmp,ctxr,23776,0df1d8e1e1d8a38c90b24e400d00bc52eca6c079
textures/flatlist/ovr_stm/_win/fat_mtg_alp_ovl.bmp.ctxr,textures/flatlist/ovr_stm/_win,fat_mtg_alp_ovl.bmp.ctxr,fat_mtg_alp_ovl.bmp,ctxr,13600,bee8873a45f1ecabb72216584e118ee530042ebb
textures/flatlist/ovr_stm/_win/fat_ooze_blood00_alp_ovl.bmp.ctxr,textures/flatlist/ovr_stm/_win,fat_ooze_blood00_alp_ovl.bmp.ctxr,fat_ooze_blood00_alp_ovl.bmp,ctxr,30336,3ddbce645eaddcb6ecd727af1235376ccc92571a
textures/flatlist/ovr_stm/_win/fat_ooze_blood89_alp_ovl.bmp.ctxr,textures/flatlist/ovr_stm/_win,fat_ooze_blood89_alp_ovl.bmp.ctxr,fat_ooze_blood89_alp_ovl.bmp,ctxr,30336,800190603d37ed1d76bf417053d865769082cb4c
textures/flatlist/ovr_stm/_win/fat_pias_alp_ovl.bmp.ctxr,textures/flatlist/ovr_stm/_win,fat_pias_alp_ovl.bmp.ctxr,fat_pias_alp_ovl.bmp,ctxr,1632,3261e40f21ce40f4479b830cb1b3a3424f15b149
textures/flatlist/ovr_stm/_win/fat_pias_alp_ovl.bmp_49150a74dd0fd7cd13ca0f60cd40eca7.ctxr,textures/flatlist/ovr_stm/_win,fat_pias_alp_ovl.bmp_49150a74dd0fd7cd13ca0f60cd40eca7.ctxr,fat_pias_alp_ovl.bmp_49150a74dd0fd7cd13ca0f60cd40eca7,ctxr,1632,79bc4fd736973a7fcc55ecb533e1d53b0b17a9b9
textures/flatlist/ovr_stm/_win/fat_poket00.bmp.ctxr,textures/flatlist/ovr_stm/_win,fat_poket00.bmp.ctxr,fat_poket00.bmp,ctxr,7104,d348c04180896ea93f7184fc16c6408f117190bc
textures/flatlist/ovr_stm/_win/fat_poket00_re.bmp.ctxr,textures/flatlist/ovr_stm/_win,fat_poket00_re.bmp.ctxr,fat_poket00_re.bmp,ctxr,7104,3e33005d3a4d2fb6a4566883d2c6de6f7fe61138
textures/flatlist/ovr_stm/_win/fat_poket01.bmp.ctxr,textures/flatlist/ovr_stm/_win,fat_poket01.bmp.ctxr,fat_poket01.bmp,ctxr,7104,d35e7d1b9a3efae377fd37c34acbc908170c44fb
textures/flatlist/ovr_stm/_win/fat_poket01.bmp_fdadb254bd6a0857d5c232a10b14c8ff.ctxr,textures/flatlist/ovr_stm/_win,fat_poket01.bmp_fdadb254bd6a0857d5c232a10b14c8ff.ctxr,fat_poket01.bmp_fdadb254bd6a0857d5c232a10b14c8ff,ctxr,7104,d334e0cd8e20fee04f43364665a33ddfc629bfcb
textures/flatlist/ovr_stm/_win/fat_radio.bmp.ctxr,textures/flatlist/ovr_stm/_win,fat_radio.bmp.ctxr,fat_radio.bmp,ctxr,5376,28098846a482fe57732cf02587125fb0255fa4a6
textures/flatlist/ovr_stm/_win/fat_radio_sub_ovl_alp.bmp.ctxr,textures/flatlist/ovr_stm/_win,fat_radio_sub_ovl_alp.bmp.ctxr,fat_radio_sub_ovl_alp.bmp,ctxr,7328,42062400a386b135b0217fed94f233ae27508d3d
textures/flatlist/ovr_stm/_win/fat_rolar.bmp.ctxr,textures/flatlist/ovr_stm/_win,fat_rolar.bmp.ctxr,fat_rolar.bmp,ctxr,43328,96dff25e540bcf1a85864f42e048f589ad6120e4
textures/flatlist/ovr_stm/_win/fat_rolar_flame.bmp.ctxr,textures/flatlist/ovr_stm/_win,fat_rolar_flame.bmp.ctxr,fat_rolar_flame.bmp,ctxr,3360,964b109e4b6e5c49340fd62cf9192d2d1dbd34f9
textures/flatlist/ovr_stm/_win/fat_rolar_hoir.bmp.ctxr,textures/flatlist/ovr_stm/_win,fat_rolar_hoir.bmp.ctxr,fat_rolar_hoir.bmp,ctxr,1632,f543571aaa52cf79a0f5b1f1a6f25749d46554df
textures/flatlist/ovr_stm/_win/fat_shues00_sub_ovl_alp.bmp.ctxr,textures/flatlist/ovr_stm/_win,fat_shues00_sub_ovl_alp.bmp.ctxr,fat_shues00_sub_ovl_alp.bmp,ctxr,32416,008c0fb653a7f6051dec6b26c7db187f0ee5e796
textures/flatlist/ovr_stm/_win/fat_shues_ovl_alp_emap_mod1120.bmp.ctxr,textures/flatlist/ovr_stm/_win,fat_shues_ovl_alp_emap_mod1120.bmp.ctxr,fat_shues_ovl_alp_emap_mod1120.bmp,ctxr,22176,43635290dcfb67a221fe5b0af1a681459689953c
textures/flatlist/ovr_stm/_win/fat_strow_alp.bmp.ctxr,textures/flatlist/ovr_stm/_win,fat_strow_alp.bmp.ctxr,fat_strow_alp.bmp,ctxr,2304,0ff88d2cd5b39d4a2d9a64b45c96e7fc1320c9ec
textures/flatlist/ovr_stm/_win/fat_strow_col_alp.bmp.ctxr,textures/flatlist/ovr_stm/_win,fat_strow_col_alp.bmp.ctxr,fat_strow_col_alp.bmp,ctxr,2304,1f1648156ef2c99882f3d7bb1f5c20a4739f8142
textures/flatlist/ovr_stm/_win/fat_suits.bmp.ctxr,textures/flatlist/ovr_stm/_win,fat_suits.bmp.ctxr,fat_suits.bmp,ctxr,179520,75ba741bfb186d80038f7c5b8c287be41ebd46af
textures/flatlist/ovr_stm/_win/fat_suitstes.bmp.ctxr,textures/flatlist/ovr_stm/_win,fat_suitstes.bmp.ctxr,fat_suitstes.bmp,ctxr,179520,8fe8a3d9a17fe4a3656130cfc72b81091aeb112f
textures/flatlist/ovr_stm/_win/fat_suits_kat.bmp.ctxr,textures/flatlist/ovr_stm/_win,fat_suits_kat.bmp.ctxr,fat_suits_kat.bmp,ctxr,2336,5efa62023edf10e5fd9c70be81e507f4210ce94d
textures/flatlist/ovr_stm/_win/fat_suits_kat_sub_alp_ovl.bmp.ctxr,textures/flatlist/ovr_stm/_win,fat_suits_kat_sub_alp_ovl.bmp.ctxr,fat_suits_kat_sub_alp_ovl.bmp,ctxr,2208,ab448a4bd3f8bc757fd5ceb0b8d9d063ac8b9dcf
textures/flatlist/ovr_stm/_win/fat_suit_re.bmp.ctxr,textures/flatlist/ovr_stm/_win,fat_suit_re.bmp.ctxr,fat_suit_re.bmp,ctxr,179520,43f7b55c33bb5a3a949c98a54752a9cfd22b8d00
textures/flatlist/ovr_stm/_win/fat_tang.bmp.ctxr,textures/flatlist/ovr_stm/_win,fat_tang.bmp.ctxr,fat_tang.bmp,ctxr,22176,b731dbfc6cc46fdc8c6cdd531368e8668a451860
textures/flatlist/ovr_stm/_win/fat_teeth_u3.bmp.ctxr,textures/flatlist/ovr_stm/_win,fat_teeth_u3.bmp.ctxr,fat_teeth_u3.bmp,ctxr,4416,219ddb0d531f5232217b002c1a183aea3a37b177
textures/flatlist/ovr_stm/_win/fat_waist.bmp.ctxr,textures/flatlist/ovr_stm/_win,fat_waist.bmp.ctxr,fat_waist.bmp,ctxr,3712,02ef8981221fe4d715356489d70f8b092dd68bb2
textures/flatlist/ovr_stm/_win/for_arm.bmp.ctxr,textures/flatlist/ovr_stm/_win,for_arm.bmp.ctxr,for_arm.bmp,ctxr,288,3d8cc4c147228522f046656dffc2d2afd4fcf65a
textures/flatlist/ovr_stm/_win/for_belt_shoulder.bmp.ctxr,textures/flatlist/ovr_stm/_win,for_belt_shoulder.bmp.ctxr,for_belt_shoulder.bmp,ctxr,9856,7fae27590dd46423c578342945ae67c538ac87b5
textures/flatlist/ovr_stm/_win/for_belt_weist.bmp.ctxr,textures/flatlist/ovr_stm/_win,for_belt_weist.bmp.ctxr,for_belt_weist.bmp,ctxr,10592,7b48098284c14513ad4c814e7d689484c081238c
textures/flatlist/ovr_stm/_win/for_blood_face_ovl_alp.bmp.ctxr,textures/flatlist/ovr_stm/_win,for_blood_face_ovl_alp.bmp.ctxr,for_blood_face_ovl_alp.bmp,ctxr,7168,77fed2f58fbf184da3ff3f524ea8f67864e532d6
textures/flatlist/ovr_stm/_win/for_body_ovl_sub_alp.bmp.ctxr,textures/flatlist/ovr_stm/_win,for_body_ovl_sub_alp.bmp.ctxr,for_body_ovl_sub_alp.bmp,ctxr,88224,af6b4f7c6e400ff96270dbedeadd3fb1821ac0bc
textures/flatlist/ovr_stm/_win/for_body_ss.bmp.ctxr,textures/flatlist/ovr_stm/_win,for_body_ss.bmp.ctxr,for_body_ss.bmp,ctxr,117728,0684408ad23c60fd61b5e02b751a2f151c2903a0
textures/flatlist/ovr_stm/_win/for_boot_bot1.bmp.ctxr,textures/flatlist/ovr_stm/_win,for_boot_bot1.bmp.ctxr,for_boot_bot1.bmp,ctxr,9824,04719a457bb4f9b961089c84cbf3d53c8b6cd1aa
textures/flatlist/ovr_stm/_win/for_boot_bot2.bmp.ctxr,textures/flatlist/ovr_stm/_win,for_boot_bot2.bmp.ctxr,for_boot_bot2.bmp,ctxr,5056,f0082d8e9fd28c0386df99215803be6f2f0b280b
textures/flatlist/ovr_stm/_win/for_b_ovl_mod1120_alp_emap.bmp.ctxr,textures/flatlist/ovr_stm/_win,for_b_ovl_mod1120_alp_emap.bmp.ctxr,for_b_ovl_mod1120_alp_emap.bmp,ctxr,22176,ff7a28cfc3ccde78919522024b5c89f92028e0ee
textures/flatlist/ovr_stm/_win/for_coat_body.bmp.ctxr,textures/flatlist/ovr_stm/_win,for_coat_body.bmp.ctxr,for_coat_body.bmp,ctxr,60416,317c59fd9e042e96f81e1956b417430c771c6a66
textures/flatlist/ovr_stm/_win/for_coat_eri.bmp.ctxr,textures/flatlist/ovr_stm/_win,for_coat_eri.bmp.ctxr,for_coat_eri.bmp,ctxr,5376,7c9ac65ff4c9a62ac07bf9f6ab59ef30255014a8
textures/flatlist/ovr_stm/_win/for_coat_eriin.bmp.ctxr,textures/flatlist/ovr_stm/_win,for_coat_eriin.bmp.ctxr,for_coat_eriin.bmp,ctxr,5376,65693321a4e1097b9dc31a7dd79d478b6fb2af14
textures/flatlist/ovr_stm/_win/for_coat_sling.bmp.ctxr,textures/flatlist/ovr_stm/_win,for_coat_sling.bmp.ctxr,for_coat_sling.bmp,ctxr,11264,6834bf7d8a3ad274a97a1d65da8d513471c4ca6a
textures/flatlist/ovr_stm/_win/for_coat_sode.bmp.ctxr,textures/flatlist/ovr_stm/_win,for_coat_sode.bmp.ctxr,for_coat_sode.bmp,ctxr,11072,760c69dab8e6417d441489f3203beacc21ba9796
textures/flatlist/ovr_stm/_win/for_col1.bmp.ctxr,textures/flatlist/ovr_stm/_win,for_col1.bmp.ctxr,for_col1.bmp,ctxr,288,1d949f3a5cea179b0bd662b8f8ac0ea0f345a093
textures/flatlist/ovr_stm/_win/for_eye_ovl_sub_alp.bmp.ctxr,textures/flatlist/ovr_stm/_win,for_eye_ovl_sub_alp.bmp.ctxr,for_eye_ovl_sub_alp.bmp,ctxr,5344,758421c91afbda37386d5d5aa829d8a977100e4e
textures/flatlist/ovr_stm/_win/for_face_ovl_sub_alp.bmp.ctxr,textures/flatlist/ovr_stm/_win,for_face_ovl_sub_alp.bmp.ctxr,for_face_ovl_sub_alp.bmp,ctxr,90272,02a173017a569c81e06316f68f3d8d90d6fd274e
textures/flatlist/ovr_stm/_win/for_foot.bmp.ctxr,textures/flatlist/ovr_stm/_win,for_foot.bmp.ctxr,for_foot.bmp,ctxr,16992,14d863f03a25cf672a9f76cdd5b6b681eff0d25e
textures/flatlist/ovr_stm/_win/for_hair_back.bmp.ctxr,textures/flatlist/ovr_stm/_win,for_hair_back.bmp.ctxr,for_hair_back.bmp,ctxr,87744,e994f4a9efe8885faca96e5f9c16bf1a6747df9c
textures/flatlist/ovr_stm/_win/for_hair_side_ovl_alp.bmp.ctxr,textures/flatlist/ovr_stm/_win,for_hair_side_ovl_alp.bmp.ctxr,for_hair_side_ovl_alp.bmp,ctxr,27648,34df6c10afc1a8149928d3b294bf74388963273d
textures/flatlist/ovr_stm/_win/for_hand.bmp.ctxr,textures/flatlist/ovr_stm/_win,for_hand.bmp.ctxr,for_hand.bmp,ctxr,12224,eb413b95c7c0ce8bb39f5be5e3c2123557c795a4
textures/flatlist/ovr_stm/_win/for_hand2.bmp.ctxr,textures/flatlist/ovr_stm/_win,for_hand2.bmp.ctxr,for_hand2.bmp,ctxr,12224,83a6775dc30a01f682f391a22b224eaa536239fb
textures/flatlist/ovr_stm/_win/for_hi_eye.bmp.ctxr,textures/flatlist/ovr_stm/_win,for_hi_eye.bmp.ctxr,for_hi_eye.bmp,ctxr,7168,f259995e37275f16499b0c8e7d344b9609a122e7
textures/flatlist/ovr_stm/_win/for_hi_face_ss.bmp.ctxr,textures/flatlist/ovr_stm/_win,for_hi_face_ss.bmp.ctxr,for_hi_face_ss.bmp,ctxr,437600,38c4f87b4adbaf1570b6f52b852b2401ce8ec57e
textures/flatlist/ovr_stm/_win/for_hi_finger.bmp.ctxr,textures/flatlist/ovr_stm/_win,for_hi_finger.bmp.ctxr,for_hi_finger.bmp,ctxr,5760,57287793df631f17057aaa1a0c7485f54ceca468
textures/flatlist/ovr_stm/_win/for_hi_finger2.bmp.ctxr,textures/flatlist/ovr_stm/_win,for_hi_finger2.bmp.ctxr,for_hi_finger2.bmp,ctxr,4384,c42adaee14340c026d419d87e8a8f93a6960a7df
textures/flatlist/ovr_stm/_win/for_hi_hand1.bmp.ctxr,textures/flatlist/ovr_stm/_win,for_hi_hand1.bmp.ctxr,for_hi_hand1.bmp,ctxr,26912,5e46ac5e2e9cf0df48d1bc55695be862b5b96920
textures/flatlist/ovr_stm/_win/for_hi_hand2.bmp.ctxr,textures/flatlist/ovr_stm/_win,for_hi_hand2.bmp.ctxr,for_hi_hand2.bmp,ctxr,14624,2a619b8a21ad9c6968639432745a85d52914ac12
textures/flatlist/ovr_stm/_win/for_hi_hand3.bmp.ctxr,textures/flatlist/ovr_stm/_win,for_hi_hand3.bmp.ctxr,for_hi_hand3.bmp,ctxr,7136,a2eb16cea4aa98cf172937ef7f4f461879fd6185
textures/flatlist/ovr_stm/_win/for_hi_mtg_alp_ovl.bmp.ctxr,textures/flatlist/ovr_stm/_win,for_hi_mtg_alp_ovl.bmp.ctxr,for_hi_mtg_alp_ovl.bmp,ctxr,19488,995da6cc9d60a1a01efd1406514c414c8908c2c9
textures/flatlist/ovr_stm/_win/for_hlst_back.bmp.ctxr,textures/flatlist/ovr_stm/_win,for_hlst_back.bmp.ctxr,for_hlst_back.bmp,ctxr,5408,0ba5d04f01950d55126a6c878165fb70a33c0c05
textures/flatlist/ovr_stm/_win/for_hlst_fro.bmp.ctxr,textures/flatlist/ovr_stm/_win,for_hlst_fro.bmp.ctxr,for_hlst_fro.bmp,ctxr,4416,fb66fede16951e0beed290fcce710792ad5da9fc
textures/flatlist/ovr_stm/_win/for_hlst_side.bmp.ctxr,textures/flatlist/ovr_stm/_win,for_hlst_side.bmp.ctxr,for_hlst_side.bmp,ctxr,13984,552cd86f185a2b2d3419db082311cc2d44f3fb14
textures/flatlist/ovr_stm/_win/for_kizu_body_ovl_alp.bmp.ctxr,textures/flatlist/ovr_stm/_win,for_kizu_body_ovl_alp.bmp.ctxr,for_kizu_body_ovl_alp.bmp,ctxr,6240,525c7943bcef7a0c9e7b6a5bae1eafd34129875e
textures/flatlist/ovr_stm/_win/for_leg_ovl_sub_alp.bmp.ctxr,textures/flatlist/ovr_stm/_win,for_leg_ovl_sub_alp.bmp.ctxr,for_leg_ovl_sub_alp.bmp,ctxr,35424,b4e3a375496f3e3109c7b29591b340a397d88490
textures/flatlist/ovr_stm/_win/for_leg_ss.bmp.ctxr,textures/flatlist/ovr_stm/_win,for_leg_ss.bmp.ctxr,for_leg_ss.bmp,ctxr,47296,6077b4d86e586bdbd8422f3a76f644d431b5fb06
textures/flatlist/ovr_stm/_win/for_lnr_sling.bmp.ctxr,textures/flatlist/ovr_stm/_win,for_lnr_sling.bmp.ctxr,for_lnr_sling.bmp,ctxr,480,2f47a0e13bac5ee8d84264b78c36eeb08659fb48
textures/flatlist/ovr_stm/_win/for_m9_glip.bmp.ctxr,textures/flatlist/ovr_stm/_win,for_m9_glip.bmp.ctxr,for_m9_glip.bmp,ctxr,8000,5aff37997db88d642d8d016c38bfc828f94a0edb
textures/flatlist/ovr_stm/_win/for_magazine.bmp.ctxr,textures/flatlist/ovr_stm/_win,for_magazine.bmp.ctxr,for_magazine.bmp,ctxr,18720,54f6c53f8c8ffd7b103c8ae59f51d6c7e3149f66
textures/flatlist/ovr_stm/_win/for_sox_ovl_sub_alp.bmp.ctxr,textures/flatlist/ovr_stm/_win,for_sox_ovl_sub_alp.bmp.ctxr,for_sox_ovl_sub_alp.bmp,ctxr,6304,ee316933b31d1f4577071987e6b8daab4befd7f3
textures/flatlist/ovr_stm/_win/for_s_ovl_mod1120_alp_emap.bmp.ctxr,textures/flatlist/ovr_stm/_win,for_s_ovl_mod1120_alp_emap.bmp.ctxr,for_s_ovl_mod1120_alp_emap.bmp,ctxr,22176,5fe745e8ff6a299a14d557fa6cc8cf1e9db2d8fb
textures/flatlist/ovr_stm/_win/for_toe.bmp.ctxr,textures/flatlist/ovr_stm/_win,for_toe.bmp.ctxr,for_toe.bmp,ctxr,16992,9bcd9a862c1441b46f7fe00eed9b297219b7782c
textures/flatlist/ovr_stm/_win/for_t_l_ovl_sub_alp.bmp.ctxr,textures/flatlist/ovr_stm/_win,for_t_l_ovl_sub_alp.bmp.ctxr,for_t_l_ovl_sub_alp.bmp,ctxr,11680,7509ac5d3bdd96bab93b3adeeb4b5ca03b5c70c2
textures/flatlist/ovr_stm/_win/for_t_r_ovl_sub_alp.bmp.ctxr,textures/flatlist/ovr_stm/_win,for_t_r_ovl_sub_alp.bmp.ctxr,for_t_r_ovl_sub_alp.bmp,ctxr,11680,e81b0d5fff7fb9822d10538abcea61adf6b67b6d
textures/flatlist/ovr_stm/_win/fstamp03_alp.bmp.ctxr,textures/flatlist/ovr_stm/_win,fstamp03_alp.bmp.ctxr,fstamp03_alp.bmp,ctxr,6432,e62560807f5ffedef57e1c47f3c2c888c86ec297
textures/flatlist/ovr_stm/_win/gas00.bmp.ctxr,textures/flatlist/ovr_stm/_win,gas00.bmp.ctxr,gas00.bmp,ctxr,37152,e44fcc13f2e8e11ca9c7ae7b5e608497bf82ba79
textures/flatlist/ovr_stm/_win/gas01.bmp.ctxr,textures/flatlist/ovr_stm/_win,gas01.bmp.ctxr,gas01.bmp,ctxr,12576,95616c6143534bcdab0eab09d3ddc9018563a74a
textures/flatlist/ovr_stm/_win/gas_cap00.bmp.ctxr,textures/flatlist/ovr_stm/_win,gas_cap00.bmp.ctxr,gas_cap00.bmp,ctxr,8512,def66003fd3ad2431c7680c1ca5b4c0456600074
textures/flatlist/ovr_stm/_win/gas_cap01.bmp.ctxr,textures/flatlist/ovr_stm/_win,gas_cap01.bmp.ctxr,gas_cap01.bmp,ctxr,5760,5741d0c830d460314c95d19810d56b030a14fc35
textures/flatlist/ovr_stm/_win/gas_dai02.bmp.ctxr,textures/flatlist/ovr_stm/_win,gas_dai02.bmp.ctxr,gas_dai02.bmp,ctxr,3072,211850716e8a914a845a6557ae918c8a206b59e2
textures/flatlist/ovr_stm/_win/gas_dai02b.bmp.ctxr,textures/flatlist/ovr_stm/_win,gas_dai02b.bmp.ctxr,gas_dai02b.bmp,ctxr,2336,13aa3129529c3560f8c1d72f08508f735bc6d734
textures/flatlist/ovr_stm/_win/gbc_bousi_f.bmp.ctxr,textures/flatlist/ovr_stm/_win,gbc_bousi_f.bmp.ctxr,gbc_bousi_f.bmp,ctxr,12224,5b771b0b51f2d6ce17fdc936d178abfe36347969
textures/flatlist/ovr_stm/_win/gbc_bousi_s2.bmp.ctxr,textures/flatlist/ovr_stm/_win,gbc_bousi_s2.bmp.ctxr,gbc_bousi_s2.bmp,ctxr,34304,25d248c06d22d6e0b0db3ed2e136d0aace997e21
textures/flatlist/ovr_stm/_win/gbc_deppari.bmp.ctxr,textures/flatlist/ovr_stm/_win,gbc_deppari.bmp.ctxr,gbc_deppari.bmp,ctxr,2624,d3e395fa6087a8c5823fbd8b3dea4cc1f319a704
textures/flatlist/ovr_stm/_win/gbc_kao.bmp.ctxr,textures/flatlist/ovr_stm/_win,gbc_kao.bmp.ctxr,gbc_kao.bmp,ctxr,67904,3dd0149c5213f52b00cece7f199300487a94c21f
textures/flatlist/ovr_stm/_win/gbc_maiku.bmp.ctxr,textures/flatlist/ovr_stm/_win,gbc_maiku.bmp.ctxr,gbc_maiku.bmp,ctxr,7104,1dcc3a8d5862488fbc402c957d567942c36f5bbd
textures/flatlist/ovr_stm/_win/gbc_tuba.bmp.ctxr,textures/flatlist/ovr_stm/_win,gbc_tuba.bmp.ctxr,gbc_tuba.bmp,ctxr,6240,8a84524b549b1ffbe7656a22943ded0382aa4e72
textures/flatlist/ovr_stm/_win/gbc_tusinki.bmp.ctxr,textures/flatlist/ovr_stm/_win,gbc_tusinki.bmp.ctxr,gbc_tusinki.bmp,ctxr,20256,72764ac3e7afb7d7183d49496052530b0875abd6
textures/flatlist/ovr_stm/_win/gbs_ak_sling.bmp.ctxr,textures/flatlist/ovr_stm/_win,gbs_ak_sling.bmp.ctxr,gbs_ak_sling.bmp,ctxr,1120,324e07644887f2c675221d8ca5e1cc07cada7b6c
textures/flatlist/ovr_stm/_win/gbs_arm_ss.bmp.ctxr,textures/flatlist/ovr_stm/_win,gbs_arm_ss.bmp.ctxr,gbs_arm_ss.bmp,ctxr,60000,e23f7345b55aa07085fc1038ffa0a7f7d9a467f7
textures/flatlist/ovr_stm/_win/gbs_belt.bmp.ctxr,textures/flatlist/ovr_stm/_win,gbs_belt.bmp.ctxr,gbs_belt.bmp,ctxr,1280,053eb0b33ec998f61bfd328b480b03d4316ab4ba
textures/flatlist/ovr_stm/_win/gbs_body_ss.bmp.ctxr,textures/flatlist/ovr_stm/_win,gbs_body_ss.bmp.ctxr,gbs_body_ss.bmp,ctxr,128672,8aea302f14f9fea627773822988e75cb598ec393
textures/flatlist/ovr_stm/_win/gbs_boot_bot1.bmp.ctxr,textures/flatlist/ovr_stm/_win,gbs_boot_bot1.bmp.ctxr,gbs_boot_bot1.bmp,ctxr,9824,04e7716d196b13817193c261881fa3f3b42e6f8f
textures/flatlist/ovr_stm/_win/gbs_boot_bot2.bmp.ctxr,textures/flatlist/ovr_stm/_win,gbs_boot_bot2.bmp.ctxr,gbs_boot_bot2.bmp,ctxr,5056,6b228041e8ba221e2554434fd9a7ebe41d26593b
textures/flatlist/ovr_stm/_win/gbs_boot_ss.bmp.ctxr,textures/flatlist/ovr_stm/_win,gbs_boot_ss.bmp.ctxr,gbs_boot_ss.bmp,ctxr,22176,3e1144dab3d83719a144757e092188c84a9e3aa4
textures/flatlist/ovr_stm/_win/gbs_bp1.bmp.ctxr,textures/flatlist/ovr_stm/_win,gbs_bp1.bmp.ctxr,gbs_bp1.bmp,ctxr,30144,5c8582cefff97da97ccb7915fdd806db893c9beb
textures/flatlist/ovr_stm/_win/gbs_bp2.bmp.ctxr,textures/flatlist/ovr_stm/_win,gbs_bp2.bmp.ctxr,gbs_bp2.bmp,ctxr,4096,7c2eecfc3f9d53b22ff33394f3bd307dd9e05111
textures/flatlist/ovr_stm/_win/gbs_eri.bmp.ctxr,textures/flatlist/ovr_stm/_win,gbs_eri.bmp.ctxr,gbs_eri.bmp,ctxr,6688,6fb246141126c6f77018fefcecdefa092f56f38c
textures/flatlist/ovr_stm/_win/gbs_eye_def.bmp.ctxr,textures/flatlist/ovr_stm/_win,gbs_eye_def.bmp.ctxr,gbs_eye_def.bmp,ctxr,2304,59c055bdb3251ff57432b6b9564205336d32c5a7
textures/flatlist/ovr_stm/_win/gbs_eye_white.bmp.ctxr,textures/flatlist/ovr_stm/_win,gbs_eye_white.bmp.ctxr,gbs_eye_white.bmp,ctxr,2304,256b0612658fb7dcc25f38f8fcc418abd08cfd5c
textures/flatlist/ovr_stm/_win/gbs_face.bmp.ctxr,textures/flatlist/ovr_stm/_win,gbs_face.bmp.ctxr,gbs_face.bmp,ctxr,15776,b68a5190adbbb3f6bf0accac59f6f2564a6dda1a
textures/flatlist/ovr_stm/_win/gbs_head_back.bmp.ctxr,textures/flatlist/ovr_stm/_win,gbs_head_back.bmp.ctxr,gbs_head_back.bmp,ctxr,2304,c1bca728d392896819b0ee586f0ed912bbd594c5
textures/flatlist/ovr_stm/_win/gbs_head_side.bmp.ctxr,textures/flatlist/ovr_stm/_win,gbs_head_side.bmp.ctxr,gbs_head_side.bmp,ctxr,8480,c6fd422b84774e8e77e7a23daa5c6b80de851e5e
textures/flatlist/ovr_stm/_win/gbs_head_top.bmp.ctxr,textures/flatlist/ovr_stm/_win,gbs_head_top.bmp.ctxr,gbs_head_top.bmp,ctxr,16000,5fe2abbde16fc88b3920ae8fda7f0c3ccb14f774
textures/flatlist/ovr_stm/_win/gbs_leg_ss.bmp.ctxr,textures/flatlist/ovr_stm/_win,gbs_leg_ss.bmp.ctxr,gbs_leg_ss.bmp,ctxr,93184,d8bc3a654d8a31c47e6ad0f7e61bd6c7054f8486
textures/flatlist/ovr_stm/_win/gbs_p2_back.bmp.ctxr,textures/flatlist/ovr_stm/_win,gbs_p2_back.bmp.ctxr,gbs_p2_back.bmp,ctxr,5056,9580911b84f3b291411ce0fa9cbed437ef11b2b0
textures/flatlist/ovr_stm/_win/gbs_p2_fro.bmp.ctxr,textures/flatlist/ovr_stm/_win,gbs_p2_fro.bmp.ctxr,gbs_p2_fro.bmp,ctxr,5056,80e7b46a0840a18d529ce96a42c1c9db18973db6
textures/flatlist/ovr_stm/_win/gbs_p2_side.bmp.ctxr,textures/flatlist/ovr_stm/_win,gbs_p2_side.bmp.ctxr,gbs_p2_side.bmp,ctxr,832,d432bf9db800ed12f0eb7336fc36f4df8a054850
textures/flatlist/ovr_stm/_win/gbs_p4_fro.bmp.ctxr,textures/flatlist/ovr_stm/_win,gbs_p4_fro.bmp.ctxr,gbs_p4_fro.bmp,ctxr,6432,d3e9213e32c82a4b9bf080f372aa5ab596c174f1
textures/flatlist/ovr_stm/_win/gbs_p4_side.bmp.ctxr,textures/flatlist/ovr_stm/_win,gbs_p4_side.bmp.ctxr,gbs_p4_side.bmp,ctxr,2144,ffb74119fcc87ae637668fb9ee144e8005d4fdf0
textures/flatlist/ovr_stm/_win/gbs_toe2.bmp.ctxr,textures/flatlist/ovr_stm/_win,gbs_toe2.bmp.ctxr,gbs_toe2.bmp,ctxr,10592,c24d0e685ba38adb755fb1c7fa5fd63e5026146b
textures/flatlist/ovr_stm/_win/gcyp_amo_f1.bmp.ctxr,textures/flatlist/ovr_stm/_win,gcyp_amo_f1.bmp.ctxr,gcyp_amo_f1.bmp,ctxr,3040,d7f24b80a8b39154b6b72736d6dc830b9c6d7267
textures/flatlist/ovr_stm/_win/gcyp_bodykim.bmp.ctxr,textures/flatlist/ovr_stm/_win,gcyp_bodykim.bmp.ctxr,gcyp_bodykim.bmp,ctxr,10528,d1a37436f8bb0275414d4c19915cf8f64ebf10c7
textures/flatlist/ovr_stm/_win/ghost_pos.bmp.ctxr,textures/flatlist/ovr_stm/_win,ghost_pos.bmp.ctxr,ghost_pos.bmp,ctxr,139584,631579bce977babc59e93305e076c1faa9e5694f
textures/flatlist/ovr_stm/_win/gps_arm_ss2.bmp.ctxr,textures/flatlist/ovr_stm/_win,gps_arm_ss2.bmp.ctxr,gps_arm_ss2.bmp,ctxr,53600,4debd872089789d37676dfc4263d957bdde11694
textures/flatlist/ovr_stm/_win/gps_body_ss.bmp.ctxr,textures/flatlist/ovr_stm/_win,gps_body_ss.bmp.ctxr,gps_body_ss.bmp,ctxr,128672,a9f28990009044414d50131a0de742c65fa08b36
textures/flatlist/ovr_stm/_win/gps_boot_ss.bmp.ctxr,textures/flatlist/ovr_stm/_win,gps_boot_ss.bmp.ctxr,gps_boot_ss.bmp,ctxr,18048,700ce3b8f24a1c01c2590be6fbd1079aa0b29823
textures/flatlist/ovr_stm/_win/gps_crest_l_ovl_alp.bmp.ctxr,textures/flatlist/ovr_stm/_win,gps_crest_l_ovl_alp.bmp.ctxr,gps_crest_l_ovl_alp.bmp,ctxr,4384,6204df07f6d774afad7377ce3b99823474f7aee5
textures/flatlist/ovr_stm/_win/gps_crest_r_ovl_alp.bmp.ctxr,textures/flatlist/ovr_stm/_win,gps_crest_r_ovl_alp.bmp.ctxr,gps_crest_r_ovl_alp.bmp,ctxr,4384,f3fef9a04838cf010d32f59226fcd00aff2410ec
textures/flatlist/ovr_stm/_win/gps_eri.bmp.ctxr,textures/flatlist/ovr_stm/_win,gps_eri.bmp.ctxr,gps_eri.bmp,ctxr,6688,cd8de20dca1034563fada28a13b768d984d80da1
textures/flatlist/ovr_stm/_win/gps_eye_close.bmp.ctxr,textures/flatlist/ovr_stm/_win,gps_eye_close.bmp.ctxr,gps_eye_close.bmp,ctxr,2816,d335fc3634d58f49c917eb0d6c93b44cc65f524f
textures/flatlist/ovr_stm/_win/gps_eye_def.bmp.ctxr,textures/flatlist/ovr_stm/_win,gps_eye_def.bmp.ctxr,gps_eye_def.bmp,ctxr,2816,a8c4bb393d0d009f5d034cc94c2a9594f5d9c9b8
textures/flatlist/ovr_stm/_win/gps_eye_open.bmp.ctxr,textures/flatlist/ovr_stm/_win,gps_eye_open.bmp.ctxr,gps_eye_open.bmp,ctxr,2816,bed5fdbdb015d6b6654c7f2852f3ef6ce00efdc9
textures/flatlist/ovr_stm/_win/gps_eye_pain.bmp.ctxr,textures/flatlist/ovr_stm/_win,gps_eye_pain.bmp.ctxr,gps_eye_pain.bmp,ctxr,2816,cff5f90c9d58fe6532cb99e9781125e7c209485d
textures/flatlist/ovr_stm/_win/gps_eye_white.bmp.ctxr,textures/flatlist/ovr_stm/_win,gps_eye_white.bmp.ctxr,gps_eye_white.bmp,ctxr,2816,35750a517d0eb8a562a2cfca94f55ea40d6c5da6
textures/flatlist/ovr_stm/_win/gps_knife.bmp.ctxr,textures/flatlist/ovr_stm/_win,gps_knife.bmp.ctxr,gps_knife.bmp,ctxr,3232,eec412fabcca6853fd8ae7bf67c08daa64fb8ecb
textures/flatlist/ovr_stm/_win/gps_leg_ss.bmp.ctxr,textures/flatlist/ovr_stm/_win,gps_leg_ss.bmp.ctxr,gps_leg_ss.bmp,ctxr,93184,b184bc3a361a7be7afb51cd9b5d2d3c35fe1ade2
textures/flatlist/ovr_stm/_win/gps_mask.bmp.ctxr,textures/flatlist/ovr_stm/_win,gps_mask.bmp.ctxr,gps_mask.bmp,ctxr,43328,6b34a62f3a998678413655d6e2657ef44606b8a7
textures/flatlist/ovr_stm/_win/gps_poket.bmp.ctxr,textures/flatlist/ovr_stm/_win,gps_poket.bmp.ctxr,gps_poket.bmp,ctxr,7776,ac5cf431f69eb6ca9f0053fdb93509398d13e2a4
textures/flatlist/ovr_stm/_win/gps_poket2.bmp.ctxr,textures/flatlist/ovr_stm/_win,gps_poket2.bmp.ctxr,gps_poket2.bmp,ctxr,3328,0fb2bdbcd0d9ebd4667f74d5836d180497120fe1
textures/flatlist/ovr_stm/_win/gps_toe2.bmp.ctxr,textures/flatlist/ovr_stm/_win,gps_toe2.bmp.ctxr,gps_toe2.bmp,ctxr,10592,f4de0c03b2ec2fe89a27b2b73bfaad356f1a4411
textures/flatlist/ovr_stm/_win/gps_wrist.bmp.ctxr,textures/flatlist/ovr_stm/_win,gps_wrist.bmp.ctxr,gps_wrist.bmp,ctxr,4704,76e7830379c7580d71168ddf6ed141707063644a
textures/flatlist/ovr_stm/_win/grn_sb_body.bmp.ctxr,textures/flatlist/ovr_stm/_win,grn_sb_body.bmp.ctxr,grn_sb_body.bmp,ctxr,22848,1cd7929f8418b7bdfc490d82c07498d5cf1f8866
textures/flatlist/ovr_stm/_win/gwb_ceil01.bmp.ctxr,textures/flatlist/ovr_stm/_win,gwb_ceil01.bmp.ctxr,gwb_ceil01.bmp,ctxr,175168,bc4955ee72167ba49668e3c35c6444b97fe887eb
textures/flatlist/ovr_stm/_win/gwb_fen01_msk.bmp.ctxr,textures/flatlist/ovr_stm/_win,gwb_fen01_msk.bmp.ctxr,gwb_fen01_msk.bmp,ctxr,87776,dbaaaa873bc47c519d7643f2e24a2eae8933c62f
textures/flatlist/ovr_stm/_win/gwb_pole01.bmp.ctxr,textures/flatlist/ovr_stm/_win,gwb_pole01.bmp.ctxr,gwb_pole01.bmp,ctxr,87744,638dee8ab34af22ddade9285f08628cbbbec9148
textures/flatlist/ovr_stm/_win/gwb_pole02.bmp.ctxr,textures/flatlist/ovr_stm/_win,gwb_pole02.bmp.ctxr,gwb_pole02.bmp,ctxr,44064,c5c8986a092451138376b2622cab3e8a397d7277
textures/flatlist/ovr_stm/_win/h6h_body_f1.bmp.ctxr,textures/flatlist/ovr_stm/_win,h6h_body_f1.bmp.ctxr,h6h_body_f1.bmp,ctxr,22176,33283683de04bafce3d48a1c97799ccf631f0e86
textures/flatlist/ovr_stm/_win/h6h_body_s1.bmp.ctxr,textures/flatlist/ovr_stm/_win,h6h_body_s1.bmp.ctxr,h6h_body_s1.bmp,ctxr,164224,9d99796baeda159e03708ace2e3011ed0699b75a
textures/flatlist/ovr_stm/_win/h6h_body_s3.bmp.ctxr,textures/flatlist/ovr_stm/_win,h6h_body_s3.bmp.ctxr,h6h_body_s3.bmp,ctxr,109600,5ed723736b0ae55313e8975ade15a67f68ff7f87
textures/flatlist/ovr_stm/_win/h6h_body_t1.bmp.ctxr,textures/flatlist/ovr_stm/_win,h6h_body_t1.bmp.ctxr,h6h_body_t1.bmp,ctxr,193856,6a8c49c12252b6f2b7efc10fd0cad718293e16be
textures/flatlist/ovr_stm/_win/h6h_body_u1.bmp.ctxr,textures/flatlist/ovr_stm/_win,h6h_body_u1.bmp.ctxr,h6h_body_u1.bmp,ctxr,87776,ad7b012206ced3c265096a32392957a5fc562179
textures/flatlist/ovr_stm/_win/h6h_duct_hole.bmp.ctxr,textures/flatlist/ovr_stm/_win,h6h_duct_hole.bmp.ctxr,h6h_duct_hole.bmp,ctxr,6432,c724f2119bca4d66849200f431b5626bb5b9426d
textures/flatlist/ovr_stm/_win/h6h_duct_s1.bmp.ctxr,textures/flatlist/ovr_stm/_win,h6h_duct_s1.bmp.ctxr,h6h_duct_s1.bmp,ctxr,37152,0ddee105866220cdba5eacf9fce44afdf8ddfe45
textures/flatlist/ovr_stm/_win/h6h_face_s1.bmp.ctxr,textures/flatlist/ovr_stm/_win,h6h_face_s1.bmp.ctxr,h6h_face_s1.bmp,ctxr,28960,bbb079edbee30f171a5bf7d4d75d202ce038f41f
textures/flatlist/ovr_stm/_win/h6h_intake_s1.bmp.ctxr,textures/flatlist/ovr_stm/_win,h6h_intake_s1.bmp.ctxr,h6h_intake_s1.bmp,ctxr,49472,9eb7351500e8e7ebc55f35dbf53497c0a8958987
textures/flatlist/ovr_stm/_win/h6h_tailbox1.bmp.ctxr,textures/flatlist/ovr_stm/_win,h6h_tailbox1.bmp.ctxr,h6h_tailbox1.bmp,ctxr,16704,24098201c388a8957b21a867d7c82afc50335585
textures/flatlist/ovr_stm/_win/h6h_tailwing_s1.bmp.ctxr,textures/flatlist/ovr_stm/_win,h6h_tailwing_s1.bmp.ctxr,h6h_tailwing_s1.bmp,ctxr,49472,c07c59cc28e232f85a46fdea2eb070ee9355d3dc
textures/flatlist/ovr_stm/_win/h6h_tank1_s1.bmp.ctxr,textures/flatlist/ovr_stm/_win,h6h_tank1_s1.bmp.ctxr,h6h_tank1_s1.bmp,ctxr,44064,83b165cd5aae3addc97b517482dbbd0045540a10
textures/flatlist/ovr_stm/_win/h6h_temptex1.bmp.ctxr,textures/flatlist/ovr_stm/_win,h6h_temptex1.bmp.ctxr,h6h_temptex1.bmp,ctxr,22176,cc6e14545af922b8b19b39c81929b52c2d2b654b
textures/flatlist/ovr_stm/_win/h6h_wheel.bmp.ctxr,textures/flatlist/ovr_stm/_win,h6h_wheel.bmp.ctxr,h6h_wheel.bmp,ctxr,5760,4ff87c7f07273265256dbe174a53ac7fb3ee0649
textures/flatlist/ovr_stm/_win/h6h_wheel_shaft.bmp.ctxr,textures/flatlist/ovr_stm/_win,h6h_wheel_shaft.bmp.ctxr,h6h_wheel_shaft.bmp,ctxr,4384,c8b13b2df3cf42309efa7da9b33fc184f160b5e9
textures/flatlist/ovr_stm/_win/hakof1.bmp.ctxr,textures/flatlist/ovr_stm/_win,hakof1.bmp.ctxr,hakof1.bmp,ctxr,12576,9e02d5d99e922aeafd7e30c5225b7f28f2f15c1f
textures/flatlist/ovr_stm/_win/hakos1.bmp.ctxr,textures/flatlist/ovr_stm/_win,hakos1.bmp.ctxr,hakos1.bmp,ctxr,15328,09e1170fdb672f83daae6f1203e3ff2bc0af33cb
textures/flatlist/ovr_stm/_win/hakot1.bmp.ctxr,textures/flatlist/ovr_stm/_win,hakot1.bmp.ctxr,hakot1.bmp,ctxr,15328,8944e05010087c1e291cab694e389016e9fabab9
textures/flatlist/ovr_stm/_win/hri2_body_back_cracked.bmp.ctxr,textures/flatlist/ovr_stm/_win,hri2_body_back_cracked.bmp.ctxr,hri2_body_back_cracked.bmp,ctxr,39904,d77552650fde3922ec19f704b278b59332eb066e
textures/flatlist/ovr_stm/_win/hri2_body_s1_brk.bmp.ctxr,textures/flatlist/ovr_stm/_win,hri2_body_s1_brk.bmp.ctxr,hri2_body_s1_brk.bmp,ctxr,218848,75a7ab7287e1cb6e276fcdd684408acab653f061
textures/flatlist/ovr_stm/_win/hri2_cnpy02_brk_kato_ovl.bmp.ctxr,textures/flatlist/ovr_stm/_win,hri2_cnpy02_brk_kato_ovl.bmp.ctxr,hri2_cnpy02_brk_kato_ovl.bmp,ctxr,37184,5daef1ec0f35b0989c9fd147acf5e48131117abb
textures/flatlist/ovr_stm/_win/hri2_cockpit_console_t3.bmp.ctxr,textures/flatlist/ovr_stm/_win,hri2_cockpit_console_t3.bmp.ctxr,hri2_cockpit_console_t3.bmp,ctxr,37888,ff4b7e5ecdf302e99eead16648e6731fd4b7d5a0
textures/flatlist/ovr_stm/_win/hri2_cockpit_sideplate_01.bmp.ctxr,textures/flatlist/ovr_stm/_win,hri2_cockpit_sideplate_01.bmp.ctxr,hri2_cockpit_sideplate_01.bmp,ctxr,8512,4757a45e3526825cbf98108650e2e53897ac7f20
textures/flatlist/ovr_stm/_win/hri2_face_s1_brk.bmp.ctxr,textures/flatlist/ovr_stm/_win,hri2_face_s1_brk.bmp.ctxr,hri2_face_s1_brk.bmp,ctxr,153280,cfd5a46702085cad18d3e190170a89448d8bc188
textures/flatlist/ovr_stm/_win/hri2_mwing_t1_brk.bmp.ctxr,textures/flatlist/ovr_stm/_win,hri2_mwing_t1_brk.bmp.ctxr,hri2_mwing_t1_brk.bmp,ctxr,143680,2fdc2737a00d032bc641e1c18569c71afc9ded1a
textures/flatlist/ovr_stm/_win/iro_armblood_alp_ovl.bmp.ctxr,textures/flatlist/ovr_stm/_win,iro_armblood_alp_ovl.bmp.ctxr,iro_armblood_alp_ovl.bmp,ctxr,15648,9968a40b3aa2789f6f0623e78249c8c0c2ea023d
textures/flatlist/ovr_stm/_win/iro_arm_l.bmp.ctxr,textures/flatlist/ovr_stm/_win,iro_arm_l.bmp.ctxr,iro_arm_l.bmp,ctxr,41280,e7e64a67b79c14087a33f49433aa1de51412d4c3
textures/flatlist/ovr_stm/_win/iro_arm_r.bmp.ctxr,textures/flatlist/ovr_stm/_win,iro_arm_r.bmp.ctxr,iro_arm_r.bmp,ctxr,41280,970ea8d30fc83c7ae3e1fef299d0dbafc57f1a1a
textures/flatlist/ovr_stm/_win/iro_arm_ss.bmp.ctxr,textures/flatlist/ovr_stm/_win,iro_arm_ss.bmp.ctxr,iro_arm_ss.bmp,ctxr,8832,f3855448d032f3c8a567be9b6a69906308114c39
textures/flatlist/ovr_stm/_win/iro_bag1.bmp.ctxr,textures/flatlist/ovr_stm/_win,iro_bag1.bmp.ctxr,iro_bag1.bmp,ctxr,8480,8de4c599cf346ad48844842af42ab3946cd7e0ad
textures/flatlist/ovr_stm/_win/iro_bag2.bmp.ctxr,textures/flatlist/ovr_stm/_win,iro_bag2.bmp.ctxr,iro_bag2.bmp,ctxr,19136,58f7f6ed77ba567c3a410f0464ae11b7444149d0
textures/flatlist/ovr_stm/_win/iro_bag3.bmp.ctxr,textures/flatlist/ovr_stm/_win,iro_bag3.bmp.ctxr,iro_bag3.bmp,ctxr,6240,f74bd2fd38a47e599b533ab90b63badf0174011e
textures/flatlist/ovr_stm/_win/iro_bag4.bmp.ctxr,textures/flatlist/ovr_stm/_win,iro_bag4.bmp.ctxr,iro_bag4.bmp,ctxr,5632,b490888d35fe1c2336ec77f7c7bca2f940f9d96c
textures/flatlist/ovr_stm/_win/iro_bag5.bmp.ctxr,textures/flatlist/ovr_stm/_win,iro_bag5.bmp.ctxr,iro_bag5.bmp,ctxr,1120,bb4073485a91f9dff3b856b2c9bae691a35f6d59
textures/flatlist/ovr_stm/_win/iro_bag6.bmp.ctxr,textures/flatlist/ovr_stm/_win,iro_bag6.bmp.ctxr,iro_bag6.bmp,ctxr,960,5128feeeb20b9984692434f2c50c20412b721409
textures/flatlist/ovr_stm/_win/iro_body.bmp.ctxr,textures/flatlist/ovr_stm/_win,iro_body.bmp.ctxr,iro_body.bmp,ctxr,80928,af8dbfde239f94fe43eff33c5984b50d33056ec0
textures/flatlist/ovr_stm/_win/iro_boots.bmp.ctxr,textures/flatlist/ovr_stm/_win,iro_boots.bmp.ctxr,iro_boots.bmp,ctxr,47424,1de4f6fe49451ed0beb0f4bdbbc1c93dfbb5b44d
textures/flatlist/ovr_stm/_win/iro_face.bmp.ctxr,textures/flatlist/ovr_stm/_win,iro_face.bmp.ctxr,iro_face.bmp,ctxr,7520,95625f5226491ba98fb454ef2e91698e6f481b3e
textures/flatlist/ovr_stm/_win/iro_face.bmp_c2887b3a82812f39ba6df6e2295dab8a.ctxr,textures/flatlist/ovr_stm/_win,iro_face.bmp_c2887b3a82812f39ba6df6e2295dab8a.ctxr,iro_face.bmp_c2887b3a82812f39ba6df6e2295dab8a,ctxr,83616,29ca5c38beb53128dd09a319488879fc351b5c1a
textures/flatlist/ovr_stm/_win/iro_glass_frame.bmp.ctxr,textures/flatlist/ovr_stm/_win,iro_glass_frame.bmp.ctxr,iro_glass_frame.bmp,ctxr,288,ec09985334732bc2684cac3fadae331cedbede6b
textures/flatlist/ovr_stm/_win/iro_glass_sub_ovl_alp.bmp.ctxr,textures/flatlist/ovr_stm/_win,iro_glass_sub_ovl_alp.bmp.ctxr,iro_glass_sub_ovl_alp.bmp,ctxr,4768,0daa67d332543ff7db8884f1b8df94c25010a434
textures/flatlist/ovr_stm/_win/iro_hair01_alp_ovl.bmp.ctxr,textures/flatlist/ovr_stm/_win,iro_hair01_alp_ovl.bmp.ctxr,iro_hair01_alp_ovl.bmp,ctxr,12608,d0f6aaabec4eeec038fb95c0705022a29cd24fd0
textures/flatlist/ovr_stm/_win/iro_hair02_alp_ovl.bmp.ctxr,textures/flatlist/ovr_stm/_win,iro_hair02_alp_ovl.bmp.ctxr,iro_hair02_alp_ovl.bmp,ctxr,49472,05d4a02ed050557d1358a7043b39c4a540775443
textures/flatlist/ovr_stm/_win/iro_hair_base.bmp.ctxr,textures/flatlist/ovr_stm/_win,iro_hair_base.bmp.ctxr,iro_hair_base.bmp,ctxr,80192,b573e54b24e97295154bb7a72887b835f0a83ce7
textures/flatlist/ovr_stm/_win/iro_hand.bmp.ctxr,textures/flatlist/ovr_stm/_win,iro_hand.bmp.ctxr,iro_hand.bmp,ctxr,11264,15e70c5e5332be35cee22c58b66375bf8dc70ac7
textures/flatlist/ovr_stm/_win/iro_hand_hi.bmp.ctxr,textures/flatlist/ovr_stm/_win,iro_hand_hi.bmp.ctxr,iro_hand_hi.bmp,ctxr,27616,4079b2003bf3e50a4bdcd4009b2b885d804725dc
textures/flatlist/ovr_stm/_win/iro_hi_ela_alp_ovl.bmp.ctxr,textures/flatlist/ovr_stm/_win,iro_hi_ela_alp_ovl.bmp.ctxr,iro_hi_ela_alp_ovl.bmp,ctxr,13600,ca520a305b2c18bc3fbc275615e406a984a5f7a0
textures/flatlist/ovr_stm/_win/iro_hi_face.bmp.ctxr,textures/flatlist/ovr_stm/_win,iro_hi_face.bmp.ctxr,iro_hi_face.bmp,ctxr,220192,59068ec6428ff3ce359ee4aca7a8ab668579a721
textures/flatlist/ovr_stm/_win/iro_hi_face_bandage.bmp.ctxr,textures/flatlist/ovr_stm/_win,iro_hi_face_bandage.bmp.ctxr,iro_hi_face_bandage.bmp,ctxr,220192,0c834a1754f732a7fc907475f3fc7f547ef4673c
textures/flatlist/ovr_stm/_win/iro_hi_finger.bmp.ctxr,textures/flatlist/ovr_stm/_win,iro_hi_finger.bmp.ctxr,iro_hi_finger.bmp,ctxr,5760,6cef22379230aaac4e392d9cf3a2a72ab4a0971a
textures/flatlist/ovr_stm/_win/iro_hi_finger2.bmp.ctxr,textures/flatlist/ovr_stm/_win,iro_hi_finger2.bmp.ctxr,iro_hi_finger2.bmp,ctxr,4384,c730e18e95a7da83f76a25e3ec2f42b2a0480ee9
textures/flatlist/ovr_stm/_win/iro_hi_hand1.bmp.ctxr,textures/flatlist/ovr_stm/_win,iro_hi_hand1.bmp.ctxr,iro_hi_hand1.bmp,ctxr,26912,1f933db75c08ae4adde3523a8e6125dea4c19a29
textures/flatlist/ovr_stm/_win/iro_hi_hand2.bmp.ctxr,textures/flatlist/ovr_stm/_win,iro_hi_hand2.bmp.ctxr,iro_hi_hand2.bmp,ctxr,14624,881f9ba4389920648bf9b0e96e0e539580ba811b
textures/flatlist/ovr_stm/_win/iro_hi_tang.bmp.ctxr,textures/flatlist/ovr_stm/_win,iro_hi_tang.bmp.ctxr,iro_hi_tang.bmp,ctxr,22176,16892f7501193ebfb405f01647c35638630a69ec
textures/flatlist/ovr_stm/_win/iro_hi_teeth.bmp.ctxr,textures/flatlist/ovr_stm/_win,iro_hi_teeth.bmp.ctxr,iro_hi_teeth.bmp,ctxr,16512,4e1da0838543c95831d6e6ba6154d81612096a05
textures/flatlist/ovr_stm/_win/iro_mask.bmp.ctxr,textures/flatlist/ovr_stm/_win,iro_mask.bmp.ctxr,iro_mask.bmp,ctxr,43328,6a39af634f4f7f9c134d650ee73f911d2400a967
textures/flatlist/ovr_stm/_win/iro_nail.bmp.ctxr,textures/flatlist/ovr_stm/_win,iro_nail.bmp.ctxr,iro_nail.bmp,ctxr,3040,d90c4d95edd3e9346a5b7fe628d93a1ca123ba13
textures/flatlist/ovr_stm/_win/iro_phones01.bmp.ctxr,textures/flatlist/ovr_stm/_win,iro_phones01.bmp.ctxr,iro_phones01.bmp,ctxr,16512,84e9bab0f352a31b40ca9e10760d7bd7b3e0a105
textures/flatlist/ovr_stm/_win/iro_phones02_ovl_alp.bmp.ctxr,textures/flatlist/ovr_stm/_win,iro_phones02_ovl_alp.bmp.ctxr,iro_phones02_ovl_alp.bmp,ctxr,3712,4229156973f7bf60a070ab5d88c5a401e5636f84
textures/flatlist/ovr_stm/_win/iro_radio.bmp.ctxr,textures/flatlist/ovr_stm/_win,iro_radio.bmp.ctxr,iro_radio.bmp,ctxr,13056,deea2ab542dde248cbddfbfbed95c2d2c0dadae3
textures/flatlist/ovr_stm/_win/iro_radio_band_alp_ovl.bmp.ctxr,textures/flatlist/ovr_stm/_win,iro_radio_band_alp_ovl.bmp.ctxr,iro_radio_band_alp_ovl.bmp,ctxr,10528,b3f9921d5e0af3df22b171428f8b37588fc545ed
textures/flatlist/ovr_stm/_win/iro_skin.bmp.ctxr,textures/flatlist/ovr_stm/_win,iro_skin.bmp.ctxr,iro_skin.bmp,ctxr,5376,b21aa1c0b3ca847feecfc1d9165a189e650e0155
textures/flatlist/ovr_stm/_win/iro_skin_bandage.bmp.ctxr,textures/flatlist/ovr_stm/_win,iro_skin_bandage.bmp.ctxr,iro_skin_bandage.bmp,ctxr,24896,929c15b89b1c09d7546e591bcf8c3e19507d6835
textures/flatlist/ovr_stm/_win/iro_skin_blood.bmp.ctxr,textures/flatlist/ovr_stm/_win,iro_skin_blood.bmp.ctxr,iro_skin_blood.bmp,ctxr,20768,c2b9ef92877c5f2d28bf029cdb16004f2fb69842
textures/flatlist/ovr_stm/_win/iro_sk_face.bmp.ctxr,textures/flatlist/ovr_stm/_win,iro_sk_face.bmp.ctxr,iro_sk_face.bmp,ctxr,12832,85ce33fcb1a3bcc4018c2209ffcca3b8f33c0a79
textures/flatlist/ovr_stm/_win/iro_snawear.bmp.ctxr,textures/flatlist/ovr_stm/_win,iro_snawear.bmp.ctxr,iro_snawear.bmp,ctxr,3712,654c644928b184563092d24188fa04ab4b4b3912
textures/flatlist/ovr_stm/_win/irs_box_all.bmp.ctxr,textures/flatlist/ovr_stm/_win,irs_box_all.bmp.ctxr,irs_box_all.bmp,ctxr,19424,cc7ad7637358cf26d86a08e2dedddd1e7801c7f7
textures/flatlist/ovr_stm/_win/irs_box_back.bmp.ctxr,textures/flatlist/ovr_stm/_win,irs_box_back.bmp.ctxr,irs_box_back.bmp,ctxr,4384,a1affa91082f178d727acfb252c4e548550e7c56
textures/flatlist/ovr_stm/_win/irs_box_break.bmp.ctxr,textures/flatlist/ovr_stm/_win,irs_box_break.bmp.ctxr,irs_box_break.bmp,ctxr,19424,ec0e96b2e774656da36530a83ed42ed492b5b17d
textures/flatlist/ovr_stm/_win/irs_main.bmp.ctxr,textures/flatlist/ovr_stm/_win,irs_main.bmp.ctxr,irs_main.bmp,ctxr,13984,25a2c37a0997163b2553970c954064ac678996d0
textures/flatlist/ovr_stm/_win/irs_u1.bmp.ctxr,textures/flatlist/ovr_stm/_win,irs_u1.bmp.ctxr,irs_u1.bmp,ctxr,9472,42839ec8af9bdd6ecf2e1829836a459b92a01875
textures/flatlist/ovr_stm/_win/jim_rusty_arm_01.bmp.ctxr,textures/flatlist/ovr_stm/_win,jim_rusty_arm_01.bmp.ctxr,jim_rusty_arm_01.bmp,ctxr,11264,75daa25193cc9fe17428c597d66a362b09e84063
textures/flatlist/ovr_stm/_win/jim_rusty_back_01.bmp.ctxr,textures/flatlist/ovr_stm/_win,jim_rusty_back_01.bmp.ctxr,jim_rusty_back_01.bmp,ctxr,8480,a463e90b435d417dd95c0433b52d64dedca21c07
textures/flatlist/ovr_stm/_win/jim_rusty_body_02.bmp.ctxr,textures/flatlist/ovr_stm/_win,jim_rusty_body_02.bmp.ctxr,jim_rusty_body_02.bmp,ctxr,22176,e992f7e19e2c1d5a4b0f6d27c84faf42d029d9c2
textures/flatlist/ovr_stm/_win/jim_rusty_joint_01.bmp.ctxr,textures/flatlist/ovr_stm/_win,jim_rusty_joint_01.bmp.ctxr,jim_rusty_joint_01.bmp,ctxr,12576,5458d5b6fe89049a42a1c8dc8cfec5102b6f0e5b
textures/flatlist/ovr_stm/_win/jim_rusty_met_02.bmp.ctxr,textures/flatlist/ovr_stm/_win,jim_rusty_met_02.bmp.ctxr,jim_rusty_met_02.bmp,ctxr,16704,1730863c6fbac55122ed5f3c1b0eb2d576bf9c11
textures/flatlist/ovr_stm/_win/jim_rusty_win_01.bmp.ctxr,textures/flatlist/ovr_stm/_win,jim_rusty_win_01.bmp.ctxr,jim_rusty_win_01.bmp,ctxr,12576,88be997e69a755c10f8b840f8398334b1acbffd9
textures/flatlist/ovr_stm/_win/kaitaic4_c_f1.bmp.ctxr,textures/flatlist/ovr_stm/_win,kaitaic4_c_f1.bmp.ctxr,kaitaic4_c_f1.bmp,ctxr,65888,088720df8e9fa20ab8511d77d96af6542218e653
textures/flatlist/ovr_stm/_win/kckis_box1.bmp.ctxr,textures/flatlist/ovr_stm/_win,kckis_box1.bmp.ctxr,kckis_box1.bmp,ctxr,22176,933ea6422ce6cd6d405f92cbf921a0554234a1ea
textures/flatlist/ovr_stm/_win/kckis_door_walls1.bmp.ctxr,textures/flatlist/ovr_stm/_win,kckis_door_walls1.bmp.ctxr,kckis_door_walls1.bmp,ctxr,10560,f94e4c0e522ceb4d98e49af308a1c19c93e84d12
textures/flatlist/ovr_stm/_win/kckis_pipe1.bmp.ctxr,textures/flatlist/ovr_stm/_win,kckis_pipe1.bmp.ctxr,kckis_pipe1.bmp,ctxr,7136,c7b9bc8785e755a3812dac276c1701306718a1a0
textures/flatlist/ovr_stm/_win/kckis_wall_s1.bmp.ctxr,textures/flatlist/ovr_stm/_win,kckis_wall_s1.bmp.ctxr,kckis_wall_s1.bmp,ctxr,172384,e29e2855068a3b3e258053d6a788bace52f45c9c
textures/flatlist/ovr_stm/_win/kck_body1_s.bmp.ctxr,textures/flatlist/ovr_stm/_win,kck_body1_s.bmp.ctxr,kck_body1_s.bmp,ctxr,164192,e80a58a45f7a02de2a7438f01334fda829959251
textures/flatlist/ovr_stm/_win/kck_body1_t.bmp.ctxr,textures/flatlist/ovr_stm/_win,kck_body1_t.bmp.ctxr,kck_body1_t.bmp,ctxr,25888,9cb7f4d3517598e8006ffe3be730f3a8cd3b6224
textures/flatlist/ovr_stm/_win/kck_body2.bmp.ctxr,textures/flatlist/ovr_stm/_win,kck_body2.bmp.ctxr,kck_body2.bmp,ctxr,55648,1f4a5c64ee593e8fd79325325697199a0cfe16b2
textures/flatlist/ovr_stm/_win/kck_ckpt_chair_back.bmp.ctxr,textures/flatlist/ovr_stm/_win,kck_ckpt_chair_back.bmp.ctxr,kck_ckpt_chair_back.bmp,ctxr,44064,36dc6224df89a257c8bbf65f3605fe116c6bf487
textures/flatlist/ovr_stm/_win/kck_ckpt_chair_face.bmp.ctxr,textures/flatlist/ovr_stm/_win,kck_ckpt_chair_face.bmp.ctxr,kck_ckpt_chair_face.bmp,ctxr,12608,f885a6f5bd83faf638ce1a552057f97ef757a337
textures/flatlist/ovr_stm/_win/kck_ckpt_chair_head.bmp.ctxr,textures/flatlist/ovr_stm/_win,kck_ckpt_chair_head.bmp.ctxr,kck_ckpt_chair_head.bmp,ctxr,3840,4d7f352cf8daba6987e2112a317a78658a9c8f32
textures/flatlist/ovr_stm/_win/kck_ckpt_door.bmp.ctxr,textures/flatlist/ovr_stm/_win,kck_ckpt_door.bmp.ctxr,kck_ckpt_door.bmp,ctxr,21792,38a05ad01f937ebd07a1d13e6dcedba697ad5f5f
textures/flatlist/ovr_stm/_win/kck_glass.bmp.ctxr,textures/flatlist/ovr_stm/_win,kck_glass.bmp.ctxr,kck_glass.bmp,ctxr,17376,8832419c0f6352955aaa1c0843c4331ce1311886
textures/flatlist/ovr_stm/_win/kck_mark504.bmp.ctxr,textures/flatlist/ovr_stm/_win,kck_mark504.bmp.ctxr,kck_mark504.bmp,ctxr,38688,4de53709359269790e3a29ef6e4272835406cc63
textures/flatlist/ovr_stm/_win/kck_mrot_propera.bmp.ctxr,textures/flatlist/ovr_stm/_win,kck_mrot_propera.bmp.ctxr,kck_mrot_propera.bmp,ctxr,5760,8c79ae91342948506ecd9b2600b2ab35f8ca58d7
textures/flatlist/ovr_stm/_win/kck_ropebox.bmp.ctxr,textures/flatlist/ovr_stm/_win,kck_ropebox.bmp.ctxr,kck_ropebox.bmp,ctxr,4384,fba5662a64eced3897ffddcad64f2ec5dffc5a1c
textures/flatlist/ovr_stm/_win/kck_twing2_s.bmp.ctxr,textures/flatlist/ovr_stm/_win,kck_twing2_s.bmp.ctxr,kck_twing2_s.bmp,ctxr,7776,f083b9622e971bb62a46e0e01d64a7d7607b79e3
textures/flatlist/ovr_stm/_win/kck_twing_s.bmp.ctxr,textures/flatlist/ovr_stm/_win,kck_twing_s.bmp.ctxr,kck_twing_s.bmp,ctxr,12224,d8936a768015394f1d37bdc3b00b27969b107a2f
textures/flatlist/ovr_stm/_win/kictobunt.bmp.ctxr,textures/flatlist/ovr_stm/_win,kictobunt.bmp.ctxr,kictobunt.bmp,ctxr,23744,fb2f0f6c2fd5fe92b5a23d3c24c18c83bda30ecb
textures/flatlist/ovr_stm/_win/kictpa1.bmp.ctxr,textures/flatlist/ovr_stm/_win,kictpa1.bmp.ctxr,kictpa1.bmp,ctxr,23328,8c1464aae708a533d587f7d81f4e2d7c57084faa
textures/flatlist/ovr_stm/_win/kitabup1.bmp.ctxr,textures/flatlist/ovr_stm/_win,kitabup1.bmp.ctxr,kitabup1.bmp,ctxr,48928,6761d902d01bcce876fbe9b73d0196e0f66b0cb0
textures/flatlist/ovr_stm/_win/kitabup2.bmp.ctxr,textures/flatlist/ovr_stm/_win,kitabup2.bmp.ctxr,kitabup2.bmp,ctxr,36128,3c4cb094c77b169fa662ec8209ce943f9091d317
textures/flatlist/ovr_stm/_win/kitabup2a.bmp_02cd1af7fc3c2bc6ac541d04e3c1fc94.ctxr,textures/flatlist/ovr_stm/_win,kitabup2a.bmp_02cd1af7fc3c2bc6ac541d04e3c1fc94.ctxr,kitabup2a.bmp_02cd1af7fc3c2bc6ac541d04e3c1fc94,ctxr,53600,35cafa7b5121588b58924cdbb5d0428f4a3b0927
textures/flatlist/ovr_stm/_win/kitabup2b.bmp.ctxr,textures/flatlist/ovr_stm/_win,kitabup2b.bmp.ctxr,kitabup2b.bmp,ctxr,15648,f1232822f4ccbbbb565877dc1b0b3ed09fa4acf5
textures/flatlist/ovr_stm/_win/kitdaif.bmp_f955769afe56243c99ca706b761e63b1.ctxr,textures/flatlist/ovr_stm/_win,kitdaif.bmp_f955769afe56243c99ca706b761e63b1.ctxr,kitdaif.bmp_f955769afe56243c99ca706b761e63b1,ctxr,34432,49315029a192449d3db1a54932188e638b09d22f
textures/flatlist/ovr_stm/_win/kitdaif2a.bmp.ctxr,textures/flatlist/ovr_stm/_win,kitdaif2a.bmp.ctxr,kitdaif2a.bmp,ctxr,34432,cd2a50066abcafd1148baecdb0ce6f4c9fe7d8ba
textures/flatlist/ovr_stm/_win/kitflymoto.bmp.ctxr,textures/flatlist/ovr_stm/_win,kitflymoto.bmp.ctxr,kitflymoto.bmp,ctxr,11616,c85b8c677c1642a7631ea1f60c6bf6d681aacc14
textures/flatlist/ovr_stm/_win/kitflymoto_s.bmp.ctxr,textures/flatlist/ovr_stm/_win,kitflymoto_s.bmp.ctxr,kitflymoto_s.bmp,ctxr,11616,271194841954fe962dd299b23b744de4bbedab77
textures/flatlist/ovr_stm/_win/kitgas_t.bmp.ctxr,textures/flatlist/ovr_stm/_win,kitgas_t.bmp.ctxr,kitgas_t.bmp,ctxr,23744,efd81d131891b77b22a673c25a5987239c6e6685
textures/flatlist/ovr_stm/_win/kitkabf.bmp.ctxr,textures/flatlist/ovr_stm/_win,kitkabf.bmp.ctxr,kitkabf.bmp,ctxr,21792,eb38315eb736183484c697331ed0a10b8a4dff03
textures/flatlist/ovr_stm/_win/kitnabd.bmp.ctxr,textures/flatlist/ovr_stm/_win,kitnabd.bmp.ctxr,kitnabd.bmp,ctxr,19456,f664ff932dccf2158d2a23ed955bd6d0fea1b8d8
textures/flatlist/ovr_stm/_win/kitnab_c.bmp.ctxr,textures/flatlist/ovr_stm/_win,kitnab_c.bmp.ctxr,kitnab_c.bmp,ctxr,16992,0c631c2b5b84d271a2356bd0ac6ce3e9a83fda4d
textures/flatlist/ovr_stm/_win/kitnab_s.bmp.ctxr,textures/flatlist/ovr_stm/_win,kitnab_s.bmp.ctxr,kitnab_s.bmp,ctxr,16992,77898b4069a3b7c61e9b3c9d7736cfd567ce5be8
textures/flatlist/ovr_stm/_win/kmo_droppings02_alp.bmp.ctxr,textures/flatlist/ovr_stm/_win,kmo_droppings02_alp.bmp.ctxr,kmo_droppings02_alp.bmp,ctxr,87744,0d8f8820fd4f96e32adf09cd0939f7c9c189c4d6
textures/flatlist/ovr_stm/_win/kmo_droppings03_alp.bmp.ctxr,textures/flatlist/ovr_stm/_win,kmo_droppings03_alp.bmp.ctxr,kmo_droppings03_alp.bmp,ctxr,87744,a7d694b33fffa8870d5c6997bb9aaabac47a8100
textures/flatlist/ovr_stm/_win/kmo_droppings04_alp.bmp.ctxr,textures/flatlist/ovr_stm/_win,kmo_droppings04_alp.bmp.ctxr,kmo_droppings04_alp.bmp,ctxr,87744,c97f1b582e8efaa733bcea7d65ed0df468d1a723
textures/flatlist/ovr_stm/_win/k_eye_s_pos.bmp.ctxr,textures/flatlist/ovr_stm/_win,k_eye_s_pos.bmp.ctxr,k_eye_s_pos.bmp,ctxr,139584,03ade978d9feec83b104c2a79bd004bc1cf67677
textures/flatlist/ovr_stm/_win/lifeboat_body_back_01.bmp.ctxr,textures/flatlist/ovr_stm/_win,lifeboat_body_back_01.bmp.ctxr,lifeboat_body_back_01.bmp,ctxr,74048,4c2b682a17e7fa75dfc2f842176c408da25d9cb6
textures/flatlist/ovr_stm/_win/lifeboat_body_center_01.bmp.ctxr,textures/flatlist/ovr_stm/_win,lifeboat_body_center_01.bmp.ctxr,lifeboat_body_center_01.bmp,ctxr,110912,4c936ed3767b593ac6e66c1b101baf053bc4eb6f
textures/flatlist/ovr_stm/_win/lifeboat_body_front_01.bmp.ctxr,textures/flatlist/ovr_stm/_win,lifeboat_body_front_01.bmp.ctxr,lifeboat_body_front_01.bmp,ctxr,49504,0030b1b75131b2d48bf39e7a465bcdec02767eb1
textures/flatlist/ovr_stm/_win/lifeboat_fin_01.bmp.ctxr,textures/flatlist/ovr_stm/_win,lifeboat_fin_01.bmp.ctxr,lifeboat_fin_01.bmp,ctxr,8512,084a84b9c6431db8bb5e7c8391955428510f9d8e
textures/flatlist/ovr_stm/_win/lifeboat_window_back_01.bmp.ctxr,textures/flatlist/ovr_stm/_win,lifeboat_window_back_01.bmp.ctxr,lifeboat_window_back_01.bmp,ctxr,24896,6036ec835e4330c6a2a199ca3cfb2b8e94bfeacf
textures/flatlist/ovr_stm/_win/lifeboat_window_front.bmp.ctxr,textures/flatlist/ovr_stm/_win,lifeboat_window_front.bmp.ctxr,lifeboat_window_front.bmp,ctxr,8480,8cce6eef65eff0981ab4d2992fc17c1f54ef7bd1
textures/flatlist/ovr_stm/_win/lnr_amo_s1.bmp.ctxr,textures/flatlist/ovr_stm/_win,lnr_amo_s1.bmp.ctxr,lnr_amo_s1.bmp,ctxr,3040,a6d943e6b86fab0f6af02d26b506f1f83ee6d6f5
textures/flatlist/ovr_stm/_win/lnr_body.bmp.ctxr,textures/flatlist/ovr_stm/_win,lnr_body.bmp.ctxr,lnr_body.bmp,ctxr,92480,14e1f1512eb7956ca10b66db07cd9a8db5472907
textures/flatlist/ovr_stm/_win/lnr_body2.bmp.ctxr,textures/flatlist/ovr_stm/_win,lnr_body2.bmp.ctxr,lnr_body2.bmp,ctxr,8832,d8f70238b1518ff13fa1ac330f7d6942cacfe7d7
textures/flatlist/ovr_stm/_win/lnr_body2_kim.bmp.ctxr,textures/flatlist/ovr_stm/_win,lnr_body2_kim.bmp.ctxr,lnr_body2_kim.bmp,ctxr,8832,e872f6c37bd8069d5ca4215da91dbef1a52f91a2
textures/flatlist/ovr_stm/_win/lnr_mag_kim.bmp.ctxr,textures/flatlist/ovr_stm/_win,lnr_mag_kim.bmp.ctxr,lnr_mag_kim.bmp,ctxr,3008,317782d314376e6bde4efdcddc93fbb9ec6bd9b9
textures/flatlist/ovr_stm/_win/lnr_rail1.bmp.ctxr,textures/flatlist/ovr_stm/_win,lnr_rail1.bmp.ctxr,lnr_rail1.bmp,ctxr,4384,a64267b7eb01f4f528881abe017dce56ea81f678
textures/flatlist/ovr_stm/_win/loc_01_soto.bmp.ctxr,textures/flatlist/ovr_stm/_win,loc_01_soto.bmp.ctxr,loc_01_soto.bmp,ctxr,13984,dae5c4fed081ecb6bef48bd3c94c389ccaf61f4d
textures/flatlist/ovr_stm/_win/loc_door_07.bmp.ctxr,textures/flatlist/ovr_stm/_win,loc_door_07.bmp.ctxr,loc_door_07.bmp,ctxr,49504,2d248b425bb01fcee7c2175a20fd97103ad270e2
textures/flatlist/ovr_stm/_win/m3l_dk2_07.bmp.ctxr,textures/flatlist/ovr_stm/_win,m3l_dk2_07.bmp.ctxr,m3l_dk2_07.bmp,ctxr,86336,3e55186aa40105d179a19b832aaf2597da0a4180
textures/flatlist/ovr_stm/_win/m3l_dk2_08.bmp.ctxr,textures/flatlist/ovr_stm/_win,m3l_dk2_08.bmp.ctxr,m3l_dk2_08.bmp,ctxr,36160,827b9a1af4f97775f645605d913bcfbe96e864e3
textures/flatlist/ovr_stm/_win/m3l_flo_06_bld090_ovl.bmp.ctxr,textures/flatlist/ovr_stm/_win,m3l_flo_06_bld090_ovl.bmp.ctxr,m3l_flo_06_bld090_ovl.bmp,ctxr,49472,5374dfc933771e50410450a81468ce61cb17ec62
textures/flatlist/ovr_stm/_win/m3l_flo_08_bld090_ovl.bmp.ctxr,textures/flatlist/ovr_stm/_win,m3l_flo_08_bld090_ovl.bmp.ctxr,m3l_flo_08_bld090_ovl.bmp,ctxr,49472,d314cf96d1843d2d42aaaa8b780bae088db4ded2
textures/flatlist/ovr_stm/_win/m3l_flo_09_bld090_ovl.bmp.ctxr,textures/flatlist/ovr_stm/_win,m3l_flo_09_bld090_ovl.bmp.ctxr,m3l_flo_09_bld090_ovl.bmp,ctxr,49472,f54f4bea548c9cec283b645fc8a2656b79fb5ab8
textures/flatlist/ovr_stm/_win/m3l_flo_medibed_bld090_ovl.bmp.ctxr,textures/flatlist/ovr_stm/_win,m3l_flo_medibed_bld090_ovl.bmp.ctxr,m3l_flo_medibed_bld090_ovl.bmp,ctxr,196960,7f6728ac80a985f78894f6767a2d2dcc67f69c3c
textures/flatlist/ovr_stm/_win/m3l_gou_02msk.bmp.ctxr,textures/flatlist/ovr_stm/_win,m3l_gou_02msk.bmp.ctxr,m3l_gou_02msk.bmp,ctxr,6432,3ffa8fd856227d25ef0abf20a810e8a0d45d4bca
textures/flatlist/ovr_stm/_win/m3l_gou_bed2.bmp.ctxr,textures/flatlist/ovr_stm/_win,m3l_gou_bed2.bmp.ctxr,m3l_gou_bed2.bmp,ctxr,57696,604c7ee41aaefcde8fd165bf6114dd6583ca9892
textures/flatlist/ovr_stm/_win/m3l_medi_wallt1.bmp.ctxr,textures/flatlist/ovr_stm/_win,m3l_medi_wallt1.bmp.ctxr,m3l_medi_wallt1.bmp,ctxr,45696,448fa876bb6929be57b654f3a7fe2c7bd926a2cf
textures/flatlist/ovr_stm/_win/m3l_medi_wallu1.bmp.ctxr,textures/flatlist/ovr_stm/_win,m3l_medi_wallu1.bmp.ctxr,m3l_medi_wallu1.bmp,ctxr,74336,78b7c6a3e0cd7a44e4c643c01169d01468189245
textures/flatlist/ovr_stm/_win/m3l_par_under1.bmp.ctxr,textures/flatlist/ovr_stm/_win,m3l_par_under1.bmp.ctxr,m3l_par_under1.bmp,ctxr,24896,d7763aff123b1d0439ab38322d7e2d7ede37b4ef
textures/flatlist/ovr_stm/_win/m3l_par_wall4.bmp.ctxr,textures/flatlist/ovr_stm/_win,m3l_par_wall4.bmp.ctxr,m3l_par_wall4.bmp,ctxr,98656,b1f7b6319e496225c22128ae619fd7cd8558a6a6
textures/flatlist/ovr_stm/_win/m3l_ten_03.bmp.ctxr,textures/flatlist/ovr_stm/_win,m3l_ten_03.bmp.ctxr,m3l_ten_03.bmp,ctxr,87744,0dc3f9ea8b6e7eac2813a0442086ec3ac3864f88
textures/flatlist/ovr_stm/_win/m4a_all_t.bmp.ctxr,textures/flatlist/ovr_stm/_win,m4a_all_t.bmp.ctxr,m4a_all_t.bmp,ctxr,43360,021cc6b995a510ed53ac25f01a7b7d45f4738e2e
textures/flatlist/ovr_stm/_win/m4a_gl_unit.bmp.ctxr,textures/flatlist/ovr_stm/_win,m4a_gl_unit.bmp.ctxr,m4a_gl_unit.bmp,ctxr,6432,370592a38b31f9468caddc81d02c1d858c6ed9fe
textures/flatlist/ovr_stm/_win/m4a_gl_unit_2_01.bmp.ctxr,textures/flatlist/ovr_stm/_win,m4a_gl_unit_2_01.bmp.ctxr,m4a_gl_unit_2_01.bmp,ctxr,24896,3ca5b2c652187d7db2b6bcc62ba86b241b21c60c
textures/flatlist/ovr_stm/_win/m4a_light.bmp_5758ef839d43e13183cf3678664d0e6e.ctxr,textures/flatlist/ovr_stm/_win,m4a_light.bmp_5758ef839d43e13183cf3678664d0e6e.ctxr,m4a_light.bmp_5758ef839d43e13183cf3678664d0e6e,ctxr,1664,f9c108c6341d685f9a2fc6ca8cac5ccfc719f88b
textures/flatlist/ovr_stm/_win/m4a_s2.bmp.ctxr,textures/flatlist/ovr_stm/_win,m4a_s2.bmp.ctxr,m4a_s2.bmp,ctxr,2816,16ca6ca1f2045b57537137f5a9fbf492ffafa678
textures/flatlist/ovr_stm/_win/m4a_sb_s1.bmp.ctxr,textures/flatlist/ovr_stm/_win,m4a_sb_s1.bmp.ctxr,m4a_sb_s1.bmp,ctxr,44064,48d0217793e10c6067369ac81cf677b53160add0
textures/flatlist/ovr_stm/_win/m4a_sb_sight_msk.bmp.ctxr,textures/flatlist/ovr_stm/_win,m4a_sb_sight_msk.bmp.ctxr,m4a_sb_sight_msk.bmp,ctxr,1632,a483c0f83b75833d31566cc70852c0ea194f6840
textures/flatlist/ovr_stm/_win/m4a_scope.bmp.ctxr,textures/flatlist/ovr_stm/_win,m4a_scope.bmp.ctxr,m4a_scope.bmp,ctxr,2304,0e63e217ab7ad5f35631125b1025530e6dfa07b0
textures/flatlist/ovr_stm/_win/m4a_t_msk.bmp.ctxr,textures/flatlist/ovr_stm/_win,m4a_t_msk.bmp.ctxr,m4a_t_msk.bmp,ctxr,3040,4dbcfb60eb1d6e9039345770fe2a6be4efcfbef0
textures/flatlist/ovr_stm/_win/m4grn_bul_high.bmp.ctxr,textures/flatlist/ovr_stm/_win,m4grn_bul_high.bmp.ctxr,m4grn_bul_high.bmp,ctxr,5760,9fef6d5499e5ebbc4df059a04a8f2f36953a9ae3
textures/flatlist/ovr_stm/_win/m4grn_emb.bmp.ctxr,textures/flatlist/ovr_stm/_win,m4grn_emb.bmp.ctxr,m4grn_emb.bmp,ctxr,3040,ad49de6b346b364cc7bf44ff09af36920443dce1
textures/flatlist/ovr_stm/_win/m92_all.bmp.ctxr,textures/flatlist/ovr_stm/_win,m92_all.bmp.ctxr,m92_all.bmp,ctxr,8800,310a300b77d2a88f25e43465e7dc66968805848a
textures/flatlist/ovr_stm/_win/m92_bul3.bmp.ctxr,textures/flatlist/ovr_stm/_win,m92_bul3.bmp.ctxr,m92_bul3.bmp,ctxr,5792,3899ce43cd78d66ceb1ca34939a3d885966ef232
textures/flatlist/ovr_stm/_win/m92_jyuukou.bmp.ctxr,textures/flatlist/ovr_stm/_win,m92_jyuukou.bmp.ctxr,m92_jyuukou.bmp,ctxr,5760,0927f1545be22dca5a47f7a78e510f4283a19162
textures/flatlist/ovr_stm/_win/m92_laserpointer.bmp.ctxr,textures/flatlist/ovr_stm/_win,m92_laserpointer.bmp.ctxr,m92_laserpointer.bmp,ctxr,3712,9a78276ea82a68157d19bc65d66212ea230624d2
textures/flatlist/ovr_stm/_win/m92_laserpoint_f1.bmp.ctxr,textures/flatlist/ovr_stm/_win,m92_laserpoint_f1.bmp.ctxr,m92_laserpoint_f1.bmp,ctxr,1632,55c220d19ce1a5d2754805b5db1c64e863e92601
textures/flatlist/ovr_stm/_win/m92_magazine.bmp.ctxr,textures/flatlist/ovr_stm/_win,m92_magazine.bmp.ctxr,m92_magazine.bmp,ctxr,7424,dd34d429e91e12c452f68778eead830a22fe8757
textures/flatlist/ovr_stm/_win/m92_pointer.bmp.ctxr,textures/flatlist/ovr_stm/_win,m92_pointer.bmp.ctxr,m92_pointer.bmp,ctxr,8480,c7702ae3304c53282747a3ea9bbe357cd54e6567
textures/flatlist/ovr_stm/_win/m92_sb_all.bmp.ctxr,textures/flatlist/ovr_stm/_win,m92_sb_all.bmp.ctxr,m92_sb_all.bmp,ctxr,41280,405101be77e94c8207fd7fa9c66828d091e73de1
textures/flatlist/ovr_stm/_win/m92_sb_all.bmp_934c22e984e448da6c9f91fc36e0c08e.ctxr,textures/flatlist/ovr_stm/_win,m92_sb_all.bmp_934c22e984e448da6c9f91fc36e0c08e.ctxr,m92_sb_all.bmp_934c22e984e448da6c9f91fc36e0c08e,ctxr,41280,80ce90df360a6c3781ed797b729635f94cbe2375
textures/flatlist/ovr_stm/_win/m92_snk_all.bmp.ctxr,textures/flatlist/ovr_stm/_win,m92_snk_all.bmp.ctxr,m92_snk_all.bmp,ctxr,8800,c8eba4603391af97b8bd14b03fa4674ac0d0f6e4
textures/flatlist/ovr_stm/_win/mark_05.bmp.ctxr,textures/flatlist/ovr_stm/_win,mark_05.bmp.ctxr,mark_05.bmp,ctxr,30368,1181b9137c29d1ac9e3fc39a16f3d6b8278e8ebb
textures/flatlist/ovr_stm/_win/mog_loc2.bmp.ctxr,textures/flatlist/ovr_stm/_win,mog_loc2.bmp.ctxr,mog_loc2.bmp,ctxr,41760,c82f5a552129adcee1301389809e48d12d10e098
textures/flatlist/ovr_stm/_win/mog_loc2_inner.bmp.ctxr,textures/flatlist/ovr_stm/_win,mog_loc2_inner.bmp.ctxr,mog_loc2_inner.bmp,ctxr,59680,e3e3272131c8865f1d7bc766c0c18d0992599590
textures/flatlist/ovr_stm/_win/mog_loc2_inner.bmp_d7f08e98a624c2d19b0451eccba4fc48.ctxr,textures/flatlist/ovr_stm/_win,mog_loc2_inner.bmp_d7f08e98a624c2d19b0451eccba4fc48.ctxr,mog_loc2_inner.bmp_d7f08e98a624c2d19b0451eccba4fc48,ctxr,59680,2870bd10b048c3a8d81f351e3cb4fe9442e52ce7
textures/flatlist/ovr_stm/_win/mog_loc2_top1.bmp.ctxr,textures/flatlist/ovr_stm/_win,mog_loc2_top1.bmp.ctxr,mog_loc2_top1.bmp,ctxr,14144,00a312bdf589512d3e25f36eb43261a2f1e95c84
textures/flatlist/ovr_stm/_win/mrl_waist_pack.bmp.ctxr,textures/flatlist/ovr_stm/_win,mrl_waist_pack.bmp.ctxr,mrl_waist_pack.bmp,ctxr,18112,211e474ffb2a32d8bd99b7ebedc045d4cc61a036
textures/flatlist/ovr_stm/_win/nkt_body1.bmp.ctxr,textures/flatlist/ovr_stm/_win,nkt_body1.bmp.ctxr,nkt_body1.bmp,ctxr,11296,4d2302993dcccde75422d02817719f2ff879382d
textures/flatlist/ovr_stm/_win/nkt_box.bmp.ctxr,textures/flatlist/ovr_stm/_win,nkt_box.bmp.ctxr,nkt_box.bmp,ctxr,18720,3b90f5700d41ea9774c13fa23041d96e43fc5164
textures/flatlist/ovr_stm/_win/nkt_cam.bmp.ctxr,textures/flatlist/ovr_stm/_win,nkt_cam.bmp.ctxr,nkt_cam.bmp,ctxr,2304,a700e08abe823a7e86cee9b1b78a83e4b7ba6a9d
textures/flatlist/ovr_stm/_win/nkt_grips.bmp.ctxr,textures/flatlist/ovr_stm/_win,nkt_grips.bmp.ctxr,nkt_grips.bmp,ctxr,2304,b4c643f2235eaf86e446eec2b119587784de4aff
textures/flatlist/ovr_stm/_win/nkt_msl_body.bmp.ctxr,textures/flatlist/ovr_stm/_win,nkt_msl_body.bmp.ctxr,nkt_msl_body.bmp,ctxr,3040,e338707e092e67680fd50388ff87d603d2129582
textures/flatlist/ovr_stm/_win/nkt_msl_body.bmp_783bdf47a2cd4bcfd8edb391e2c88da4.ctxr,textures/flatlist/ovr_stm/_win,nkt_msl_body.bmp_783bdf47a2cd4bcfd8edb391e2c88da4.ctxr,nkt_msl_body.bmp_783bdf47a2cd4bcfd8edb391e2c88da4,ctxr,3040,9699e24b410d6dd727e8d547926390b05643b594
textures/flatlist/ovr_stm/_win/nkt_msl_fb.bmp.ctxr,textures/flatlist/ovr_stm/_win,nkt_msl_fb.bmp.ctxr,nkt_msl_fb.bmp,ctxr,960,56be72fbbbf4c684be3bd4de5e96ebd4e728fd90
textures/flatlist/ovr_stm/_win/nkt_temp_tx.bmp.ctxr,textures/flatlist/ovr_stm/_win,nkt_temp_tx.bmp.ctxr,nkt_temp_tx.bmp,ctxr,8480,06cfcb9811f0f0dd804c9253cdee90998a5e14df
textures/flatlist/ovr_stm/_win/org_arm3.bmp.ctxr,textures/flatlist/ovr_stm/_win,org_arm3.bmp.ctxr,org_arm3.bmp,ctxr,50464,7a74b44a8310d68981df77f2f453da1586884145
textures/flatlist/ovr_stm/_win/org_arm4.bmp.ctxr,textures/flatlist/ovr_stm/_win,org_arm4.bmp.ctxr,org_arm4.bmp,ctxr,24928,50d7eb86596af705e434e9fb72ada91d0ce49025
textures/flatlist/ovr_stm/_win/org_arm_2.bmp.ctxr,textures/flatlist/ovr_stm/_win,org_arm_2.bmp.ctxr,org_arm_2.bmp,ctxr,28960,8df0b7a70c52b4b1ea76eaa8fc1ba2fd06f0e9a1
textures/flatlist/ovr_stm/_win/org_band2_alp_ovl.bmp.ctxr,textures/flatlist/ovr_stm/_win,org_band2_alp_ovl.bmp.ctxr,org_band2_alp_ovl.bmp,ctxr,20768,2088da8be294e0cc9f770cb462df2b95f2d01311
textures/flatlist/ovr_stm/_win/org_band_alp_ovl.bmp.ctxr,textures/flatlist/ovr_stm/_win,org_band_alp_ovl.bmp.ctxr,org_band_alp_ovl.bmp,ctxr,20768,6c9a5f3ea93d5459abfaaa47b95bfe645c93581a
textures/flatlist/ovr_stm/_win/org_belt_ovl_mod1120_alp_emap.bmp.ctxr,textures/flatlist/ovr_stm/_win,org_belt_ovl_mod1120_alp_emap.bmp.ctxr,org_belt_ovl_mod1120_alp_emap.bmp,ctxr,5760,9b9059eaa58061013c0a1f03e93708958122b87d
textures/flatlist/ovr_stm/_win/org_body2_alp_ovl_sub.bmp.ctxr,textures/flatlist/ovr_stm/_win,org_body2_alp_ovl_sub.bmp.ctxr,org_body2_alp_ovl_sub.bmp,ctxr,111264,1876ee2eb9d8787939228284103955179185595a
textures/flatlist/ovr_stm/_win/org_boot.bmp.ctxr,textures/flatlist/ovr_stm/_win,org_boot.bmp.ctxr,org_boot.bmp,ctxr,27936,fee721033ab4436b5c0d530749bde0faf180c32d
textures/flatlist/ovr_stm/_win/org_boot_bt1.bmp.ctxr,textures/flatlist/ovr_stm/_win,org_boot_bt1.bmp.ctxr,org_boot_bt1.bmp,ctxr,14656,b90906b5e1c6415cd2d7501f97c666fd97ba9cf0
textures/flatlist/ovr_stm/_win/org_b_ovl_mod1120_alp_emap.bmp.ctxr,textures/flatlist/ovr_stm/_win,org_b_ovl_mod1120_alp_emap.bmp.ctxr,org_b_ovl_mod1120_alp_emap.bmp,ctxr,16992,9a2689cd9c31f19fce33d33f6ad9bf5a76a5ba6b
textures/flatlist/ovr_stm/_win/org_chest.bmp.ctxr,textures/flatlist/ovr_stm/_win,org_chest.bmp.ctxr,org_chest.bmp,ctxr,148448,947746a8dcaffab9115eba9301b015bdfb4d72ce
textures/flatlist/ovr_stm/_win/org_dt00_mouin.bmp.ctxr,textures/flatlist/ovr_stm/_win,org_dt00_mouin.bmp.ctxr,org_dt00_mouin.bmp,ctxr,5792,c474111df4ec72f1ab04671c327e4cc14c09ee6a
textures/flatlist/ovr_stm/_win/org_dt02_mouin.bmp.ctxr,textures/flatlist/ovr_stm/_win,org_dt02_mouin.bmp.ctxr,org_dt02_mouin.bmp,ctxr,4416,80d281db629c13c536db3e074df7d20aaffa89a4
textures/flatlist/ovr_stm/_win/org_dt04_mouin.bmp.ctxr,textures/flatlist/ovr_stm/_win,org_dt04_mouin.bmp.ctxr,org_dt04_mouin.bmp,ctxr,4416,3115c4c61c9200da95b5b35755dc0d69659a8b85
textures/flatlist/ovr_stm/_win/org_ear.bmp.ctxr,textures/flatlist/ovr_stm/_win,org_ear.bmp.ctxr,org_ear.bmp,ctxr,10528,bc996b2b522a96c2a97af4aa0438ef4071f774e5
textures/flatlist/ovr_stm/_win/org_ear_ovl_sub_alp.bmp.ctxr,textures/flatlist/ovr_stm/_win,org_ear_ovl_sub_alp.bmp.ctxr,org_ear_ovl_sub_alp.bmp,ctxr,7840,e4f01f2c0497421a0f3e7b6c02e07a11cf0d0b1a
textures/flatlist/ovr_stm/_win/org_eye.bmp.ctxr,textures/flatlist/ovr_stm/_win,org_eye.bmp.ctxr,org_eye.bmp,ctxr,3328,aa14591055a207dc955c39e8a66841e63119fbaa
textures/flatlist/ovr_stm/_win/org_face.bmp.ctxr,textures/flatlist/ovr_stm/_win,org_face.bmp.ctxr,org_face.bmp,ctxr,593728,184ffb3e3370039a7079bf66e03b06b23fbffcd2
textures/flatlist/ovr_stm/_win/org_face_sub_alp_ovl.bmp.ctxr,textures/flatlist/ovr_stm/_win,org_face_sub_alp_ovl.bmp.ctxr,org_face_sub_alp_ovl.bmp,ctxr,113376,11071b4ae6a834c88f4ab139af15df4aac2a0838
textures/flatlist/ovr_stm/_win/org_foot_ovl_sub_alp.bmp.ctxr,textures/flatlist/ovr_stm/_win,org_foot_ovl_sub_alp.bmp.ctxr,org_foot_ovl_sub_alp.bmp,ctxr,20896,ac6fe6ab5acbe84cdfbd9d1d082e014daefc2aff
textures/flatlist/ovr_stm/_win/org_hair_alp_ovl.bmp.ctxr,textures/flatlist/ovr_stm/_win,org_hair_alp_ovl.bmp.ctxr,org_hair_alp_ovl.bmp,ctxr,543040,aff6d9b4e998e5a0b38db2f4d0caa10ea3627c4c
textures/flatlist/ovr_stm/_win/org_hand_all4.bmp.ctxr,textures/flatlist/ovr_stm/_win,org_hand_all4.bmp.ctxr,org_hand_all4.bmp,ctxr,42976,6bb4bb66ef3e3195f6aa63915254fa947324e87a
textures/flatlist/ovr_stm/_win/org_hand_ovl_mod1120_alp_emap.bmp.ctxr,textures/flatlist/ovr_stm/_win,org_hand_ovl_mod1120_alp_emap.bmp.ctxr,org_hand_ovl_mod1120_alp_emap.bmp,ctxr,5760,29c0f15350a99fd3e0e069ece20c65f06d59a442
textures/flatlist/ovr_stm/_win/org_hatfront.bmp.ctxr,textures/flatlist/ovr_stm/_win,org_hatfront.bmp.ctxr,org_hatfront.bmp,ctxr,16704,e92bb7c6514d6ff86d893dad57792c3889419eaf
textures/flatlist/ovr_stm/_win/org_hatsaide.bmp.ctxr,textures/flatlist/ovr_stm/_win,org_hatsaide.bmp.ctxr,org_hatsaide.bmp,ctxr,19040,d76133d1bf983d0d305304c046290400e6e85b97
textures/flatlist/ovr_stm/_win/org_hatup.bmp.ctxr,textures/flatlist/ovr_stm/_win,org_hatup.bmp.ctxr,org_hatup.bmp,ctxr,41600,879e7beb45c27fbdf2005c150b231da9bd09f220
textures/flatlist/ovr_stm/_win/org_hi_finger.bmp.ctxr,textures/flatlist/ovr_stm/_win,org_hi_finger.bmp.ctxr,org_hi_finger.bmp,ctxr,5760,3fdb8679b58a3f00e3564475452dc8aab9e551c7
textures/flatlist/ovr_stm/_win/org_hi_finger2.bmp.ctxr,textures/flatlist/ovr_stm/_win,org_hi_finger2.bmp.ctxr,org_hi_finger2.bmp,ctxr,4384,77676287d8b2351bb4e499e1c62dff21afe5dc2d
textures/flatlist/ovr_stm/_win/org_hi_hand2.bmp.ctxr,textures/flatlist/ovr_stm/_win,org_hi_hand2.bmp.ctxr,org_hi_hand2.bmp,ctxr,14624,ad44bbf6dacccd3a1f64c03d12fa7602d9199d12
textures/flatlist/ovr_stm/_win/org_hi_hands.bmp.ctxr,textures/flatlist/ovr_stm/_win,org_hi_hands.bmp.ctxr,org_hi_hands.bmp,ctxr,40224,cc8deead14ccd2143119f14331a0abf74b4f583c
textures/flatlist/ovr_stm/_win/org_leg00.bmp.ctxr,textures/flatlist/ovr_stm/_win,org_leg00.bmp.ctxr,org_leg00.bmp,ctxr,93184,c02e98377d9160c340236344d1794d50b4474ece
textures/flatlist/ovr_stm/_win/org_mil_hair_alp_ovl.bmp.ctxr,textures/flatlist/ovr_stm/_win,org_mil_hair_alp_ovl.bmp.ctxr,org_mil_hair_alp_ovl.bmp,ctxr,174432,72d845345a487860073af379fb4133d133549fe7
textures/flatlist/ovr_stm/_win/org_mil_re_face.bmp.ctxr,textures/flatlist/ovr_stm/_win,org_mil_re_face.bmp.ctxr,org_mil_re_face.bmp,ctxr,151232,6af37b47eb1c47e621f8c86f5e5abf84424423be
textures/flatlist/ovr_stm/_win/org_mouin_all.bmp.ctxr,textures/flatlist/ovr_stm/_win,org_mouin_all.bmp.ctxr,org_mouin_all.bmp,ctxr,576,5253953b64420e54e79d21bbb6ca1673d0506ca9
textures/flatlist/ovr_stm/_win/org_rapelsate.bmp.ctxr,textures/flatlist/ovr_stm/_win,org_rapelsate.bmp.ctxr,org_rapelsate.bmp,ctxr,13984,bd50712aafe5735ef69714a4732f2f53e2b8c533
textures/flatlist/ovr_stm/_win/org_sknc_all.bmp.ctxr,textures/flatlist/ovr_stm/_win,org_sknc_all.bmp.ctxr,org_sknc_all.bmp,ctxr,2624,3320fab0dc7c545d9c7be07263d0da5919f1fd98
textures/flatlist/ovr_stm/_win/org_ut01_mouin.bmp.ctxr,textures/flatlist/ovr_stm/_win,org_ut01_mouin.bmp.ctxr,org_ut01_mouin.bmp,ctxr,4416,f9eb51ddaa7a667915f010744c62b155e8b6bffa
textures/flatlist/ovr_stm/_win/org_ut02_mouin.bmp.ctxr,textures/flatlist/ovr_stm/_win,org_ut02_mouin.bmp.ctxr,org_ut02_mouin.bmp,ctxr,4416,4bf935b647c58cc458dc203341dc93f99afdb3fa
textures/flatlist/ovr_stm/_win/org_waist.bmp.ctxr,textures/flatlist/ovr_stm/_win,org_waist.bmp.ctxr,org_waist.bmp,ctxr,92544,fe184ff0e69bfa5b4a1e96bd2ddd91c3f19db549
textures/flatlist/ovr_stm/_win/org_year.bmp.ctxr,textures/flatlist/ovr_stm/_win,org_year.bmp.ctxr,org_year.bmp,ctxr,3040,19e827f2ab01e44a661dc388e6f335fd160624e6
textures/flatlist/ovr_stm/_win/org__arm_ovl_sub_alp.bmp.ctxr,textures/flatlist/ovr_stm/_win,org__arm_ovl_sub_alp.bmp.ctxr,org__arm_ovl_sub_alp.bmp,ctxr,37792,0a440e3af8a1068f85712e01854bb11a88e23d4b
textures/flatlist/ovr_stm/_win/org__should_ovl_sub_alp.bmp.ctxr,textures/flatlist/ovr_stm/_win,org__should_ovl_sub_alp.bmp.ctxr,org__should_ovl_sub_alp.bmp,ctxr,18592,69c2de4720509857d2ef47af8b5a60c6d308b1e5
textures/flatlist/ovr_stm/_win/org__waki_ovl_sub_alp.bmp.ctxr,textures/flatlist/ovr_stm/_win,org__waki_ovl_sub_alp.bmp.ctxr,org__waki_ovl_sub_alp.bmp,ctxr,21664,dc66f83ec4ef404c2a74c93ac34612f1809fbd29
textures/flatlist/ovr_stm/_win/orn_arm_dt01.bmp.ctxr,textures/flatlist/ovr_stm/_win,orn_arm_dt01.bmp.ctxr,orn_arm_dt01.bmp,ctxr,4384,079c72162452aa81ae725aaca3eb6e17cd5638e8
textures/flatlist/ovr_stm/_win/orn_arm_dt02.bmp.ctxr,textures/flatlist/ovr_stm/_win,orn_arm_dt02.bmp.ctxr,orn_arm_dt02.bmp,ctxr,13056,53f40ffa45be459fc44c6a78a0fde116579aca42
textures/flatlist/ovr_stm/_win/orn_arm_dt03.bmp.ctxr,textures/flatlist/ovr_stm/_win,orn_arm_dt03.bmp.ctxr,orn_arm_dt03.bmp,ctxr,6432,935cd3cd9738ba6601a1d2c66626496500d7935f
textures/flatlist/ovr_stm/_win/orn_arm_dt04.bmp.ctxr,textures/flatlist/ovr_stm/_win,orn_arm_dt04.bmp.ctxr,orn_arm_dt04.bmp,ctxr,6432,b94c264ef920c17f11fd2289331af204964c0e06
textures/flatlist/ovr_stm/_win/orn_backbone_dt01.bmp.ctxr,textures/flatlist/ovr_stm/_win,orn_backbone_dt01.bmp.ctxr,orn_backbone_dt01.bmp,ctxr,5760,6ea593cdc98f2d5460bb1a825f4004d8decfec6c
textures/flatlist/ovr_stm/_win/orn_backbone_dt02.bmp.ctxr,textures/flatlist/ovr_stm/_win,orn_backbone_dt02.bmp.ctxr,orn_backbone_dt02.bmp,ctxr,9152,56587028bd60753480868a0cf3a8aac8b8b39f91
textures/flatlist/ovr_stm/_win/orn_backbone_dt03.bmp.ctxr,textures/flatlist/ovr_stm/_win,orn_backbone_dt03.bmp.ctxr,orn_backbone_dt03.bmp,ctxr,5760,2a75de8db554a089e622e1f0a6cd4f5c7e2f447c
textures/flatlist/ovr_stm/_win/orn_body_dt01.bmp.ctxr,textures/flatlist/ovr_stm/_win,orn_body_dt01.bmp.ctxr,orn_body_dt01.bmp,ctxr,82240,730ff90d964766ef5734457a0e4fca05982fd71a
textures/flatlist/ovr_stm/_win/orn_elbow_dt01.bmp.ctxr,textures/flatlist/ovr_stm/_win,orn_elbow_dt01.bmp.ctxr,orn_elbow_dt01.bmp,ctxr,3040,4c90d31858fb5fdc5da88ecc675285c99dbbad6c
textures/flatlist/ovr_stm/_win/orn_finger_dt00.bmp.ctxr,textures/flatlist/ovr_stm/_win,orn_finger_dt00.bmp.ctxr,orn_finger_dt00.bmp,ctxr,2368,58ca2770a83e710df5080009695f101cdb46c8bd
textures/flatlist/ovr_stm/_win/orn_finger_dt01.bmp.ctxr,textures/flatlist/ovr_stm/_win,orn_finger_dt01.bmp.ctxr,orn_finger_dt01.bmp,ctxr,2368,fbff9427274c1cae5caaeeeeda809c4841d94d6f
textures/flatlist/ovr_stm/_win/orn_finger_dt02.bmp.ctxr,textures/flatlist/ovr_stm/_win,orn_finger_dt02.bmp.ctxr,orn_finger_dt02.bmp,ctxr,3040,30879c07c00da1052348b8ef0f14bf374fe09326
textures/flatlist/ovr_stm/_win/orn_foot_dt00.bmp.ctxr,textures/flatlist/ovr_stm/_win,orn_foot_dt00.bmp.ctxr,orn_foot_dt00.bmp,ctxr,4864,e660391671185cb81fca56979ae44928aed180ee
textures/flatlist/ovr_stm/_win/orn_foot_dt01.bmp.ctxr,textures/flatlist/ovr_stm/_win,orn_foot_dt01.bmp.ctxr,orn_foot_dt01.bmp,ctxr,5792,084872cb5e5e5bbbbc4d56fb09c6763057af9cd2
textures/flatlist/ovr_stm/_win/orn_foot_dt02.bmp.ctxr,textures/flatlist/ovr_stm/_win,orn_foot_dt02.bmp.ctxr,orn_foot_dt02.bmp,ctxr,5760,7993105e6cee3692205386a8af9ca962c4b833b7
textures/flatlist/ovr_stm/_win/orn_foot_dt03.bmp.ctxr,textures/flatlist/ovr_stm/_win,orn_foot_dt03.bmp.ctxr,orn_foot_dt03.bmp,ctxr,5376,42707da09b7415db8d8a270a0aeb8ef4a5b3cf9f
textures/flatlist/ovr_stm/_win/orn_hand_dt00.bmp.ctxr,textures/flatlist/ovr_stm/_win,orn_hand_dt00.bmp.ctxr,orn_hand_dt00.bmp,ctxr,2304,363ae5bd2646af480ce454bc895d61731ff40e14
textures/flatlist/ovr_stm/_win/orn_hand_dt01.bmp.ctxr,textures/flatlist/ovr_stm/_win,orn_hand_dt01.bmp.ctxr,orn_hand_dt01.bmp,ctxr,4544,66cf2d23f985adf92647c994ee20daf68f98b537
textures/flatlist/ovr_stm/_win/orn_hand_dt02.bmp.ctxr,textures/flatlist/ovr_stm/_win,orn_hand_dt02.bmp.ctxr,orn_hand_dt02.bmp,ctxr,4384,1e742eb6595a5d4ca60583f102f2a40704e9a1e8
textures/flatlist/ovr_stm/_win/orn_head_met.bmp.ctxr,textures/flatlist/ovr_stm/_win,orn_head_met.bmp.ctxr,orn_head_met.bmp,ctxr,55264,1fc6a8d3a775e51c34f6c8a973582d7d0a201f1e
textures/flatlist/ovr_stm/_win/orn_head_met_alp.bmp.ctxr,textures/flatlist/ovr_stm/_win,orn_head_met_alp.bmp.ctxr,orn_head_met_alp.bmp,ctxr,55264,db1d2162d7f02b13584396e87ab7945ab499ac5d
textures/flatlist/ovr_stm/_win/orn_head_met_sub_alp_ovl.bmp.ctxr,textures/flatlist/ovr_stm/_win,orn_head_met_sub_alp_ovl.bmp.ctxr,orn_head_met_sub_alp_ovl.bmp,ctxr,41376,01199e7b2c32da98c58436109b2dfe0a5ff0ba59
textures/flatlist/ovr_stm/_win/orn_helmet_dt01.bmp.ctxr,textures/flatlist/ovr_stm/_win,orn_helmet_dt01.bmp.ctxr,orn_helmet_dt01.bmp,ctxr,55264,116e1d464e61e279a6ab7b24bbc107c1cc85c377
textures/flatlist/ovr_stm/_win/orn_helmet_dt01_sub_alp_ovl.bmp.ctxr,textures/flatlist/ovr_stm/_win,orn_helmet_dt01_sub_alp_ovl.bmp.ctxr,orn_helmet_dt01_sub_alp_ovl.bmp,ctxr,41376,58c2457d2e6f990a8180f09c49721c1da56e17a7
textures/flatlist/ovr_stm/_win/orn_helmet_dt02.bmp.ctxr,textures/flatlist/ovr_stm/_win,orn_helmet_dt02.bmp.ctxr,orn_helmet_dt02.bmp,ctxr,23520,afcec11f7995311fc49f9571d3bafc748e941ee2
textures/flatlist/ovr_stm/_win/orn_knee_dt01.bmp.ctxr,textures/flatlist/ovr_stm/_win,orn_knee_dt01.bmp.ctxr,orn_knee_dt01.bmp,ctxr,5760,0cd4a9a3a77ce26fc8229c1bde29fbe49b6708bd
textures/flatlist/ovr_stm/_win/orn_leg_dt00.bmp.ctxr,textures/flatlist/ovr_stm/_win,orn_leg_dt00.bmp.ctxr,orn_leg_dt00.bmp,ctxr,27616,eaf4c5be3bb9ef598e5a3f987b98817a15842158
textures/flatlist/ovr_stm/_win/orn_leg_dt01.bmp.ctxr,textures/flatlist/ovr_stm/_win,orn_leg_dt01.bmp.ctxr,orn_leg_dt01.bmp,ctxr,22176,71a8bd22f04b9c37c00729509b614f96afdcc96d
textures/flatlist/ovr_stm/_win/orn_leg_dt02.bmp.ctxr,textures/flatlist/ovr_stm/_win,orn_leg_dt02.bmp.ctxr,orn_leg_dt02.bmp,ctxr,7104,8a38fd038138d9b94c2ea870e43d05085c11895b
textures/flatlist/ovr_stm/_win/orn_leg_dt03.bmp.ctxr,textures/flatlist/ovr_stm/_win,orn_leg_dt03.bmp.ctxr,orn_leg_dt03.bmp,ctxr,13984,3c966fefc318aadb22a883fb24852b6e4cfa77cb
textures/flatlist/ovr_stm/_win/orn_leg_dt04.bmp.ctxr,textures/flatlist/ovr_stm/_win,orn_leg_dt04.bmp.ctxr,orn_leg_dt04.bmp,ctxr,6432,80ae30c0e936bd5ef0791a6131154e6d00385659
textures/flatlist/ovr_stm/_win/orn_neck_dt01.bmp.ctxr,textures/flatlist/ovr_stm/_win,orn_neck_dt01.bmp.ctxr,orn_neck_dt01.bmp,ctxr,13984,569ebfefbc9b4212105590a213a7e5a897d01522
textures/flatlist/ovr_stm/_win/orn_should_dt01.bmp.ctxr,textures/flatlist/ovr_stm/_win,orn_should_dt01.bmp.ctxr,orn_should_dt01.bmp,ctxr,16704,8b68acbb49d6611b18639495055da3d4dd17f86d
textures/flatlist/ovr_stm/_win/orn_should_dt02.bmp.ctxr,textures/flatlist/ovr_stm/_win,orn_should_dt02.bmp.ctxr,orn_should_dt02.bmp,ctxr,11264,50aceb5039f0aa8e23b20b2970109eede4136b3d
textures/flatlist/ovr_stm/_win/orn_sld_cover_alp.bmp.ctxr,textures/flatlist/ovr_stm/_win,orn_sld_cover_alp.bmp.ctxr,orn_sld_cover_alp.bmp,ctxr,55264,d29bf4e52d42d7722351b4ac38fb11397ce8c8cb
textures/flatlist/ovr_stm/_win/orn_sld_mitsubishi_alp.bmp.ctxr,textures/flatlist/ovr_stm/_win,orn_sld_mitsubishi_alp.bmp.ctxr,orn_sld_mitsubishi_alp.bmp,ctxr,4384,958b4911b7e3937711a4fc821021356020916aff
textures/flatlist/ovr_stm/_win/orn_sld_noiz_alp.bmp.ctxr,textures/flatlist/ovr_stm/_win,orn_sld_noiz_alp.bmp.ctxr,orn_sld_noiz_alp.bmp,ctxr,110240,6efa1b259107a77c9057e0d76c73fbc3c6b1181a
textures/flatlist/ovr_stm/_win/orp_arm_moji.bmp.ctxr,textures/flatlist/ovr_stm/_win,orp_arm_moji.bmp.ctxr,orp_arm_moji.bmp,ctxr,36128,4a021392258b16e3098930f8a895a3b5095372e9
textures/flatlist/ovr_stm/_win/orp_band.bmp.ctxr,textures/flatlist/ovr_stm/_win,orp_band.bmp.ctxr,orp_band.bmp,ctxr,3040,4f5bab9e65d10747ffefdd1a1a93ea2fd56f375c
textures/flatlist/ovr_stm/_win/orp_band2.bmp.ctxr,textures/flatlist/ovr_stm/_win,orp_band2.bmp.ctxr,orp_band2.bmp,ctxr,3904,5e08f3afd38929a0b03641dfdc91a1d26808436f
textures/flatlist/ovr_stm/_win/orp_band3.bmp.ctxr,textures/flatlist/ovr_stm/_win,orp_band3.bmp.ctxr,orp_band3.bmp,ctxr,4384,4656705057a2a0a7becf70e7d82aa8b775026ff8
textures/flatlist/ovr_stm/_win/orp_boot11.bmp.ctxr,textures/flatlist/ovr_stm/_win,orp_boot11.bmp.ctxr,orp_boot11.bmp,ctxr,44096,c71babe014924b6057477be95b8d202fdb0d1615
textures/flatlist/ovr_stm/_win/orp_boot11.bmp_41f82e6a30bb7b02db79623a7af71771.ctxr,textures/flatlist/ovr_stm/_win,orp_boot11.bmp_41f82e6a30bb7b02db79623a7af71771.ctxr,orp_boot11.bmp_41f82e6a30bb7b02db79623a7af71771,ctxr,44096,262299b3cf42daa5aac50c5a59238f82cf648ade
textures/flatlist/ovr_stm/_win/orp_boot_bot00.bmp.ctxr,textures/flatlist/ovr_stm/_win,orp_boot_bot00.bmp.ctxr,orp_boot_bot00.bmp,ctxr,13984,45c1e5dc54e8545c8f5fb31e5a52d7d926380020
textures/flatlist/ovr_stm/_win/orp_chest_j_meisai_re.bmp.ctxr,textures/flatlist/ovr_stm/_win,orp_chest_j_meisai_re.bmp.ctxr,orp_chest_j_meisai_re.bmp,ctxr,134144,c30e54fa009f3af44a0c276d9477e0b414449497
textures/flatlist/ovr_stm/_win/orp_chest_j_meisai_re.bmp_957a88ed297ab2639c6e89e823337953.ctxr,textures/flatlist/ovr_stm/_win,orp_chest_j_meisai_re.bmp_957a88ed297ab2639c6e89e823337953.ctxr,orp_chest_j_meisai_re.bmp_957a88ed297ab2639c6e89e823337953,ctxr,134144,7f332d6e6c02c7e61b7b88581aa42f4553f88429
textures/flatlist/ovr_stm/_win/orp_chest_s_re.bmp.ctxr,textures/flatlist/ovr_stm/_win,orp_chest_s_re.bmp.ctxr,orp_chest_s_re.bmp,ctxr,35104,0e52ceae48f4983654ab2a7e2fe87a1b5870a3d5
textures/flatlist/ovr_stm/_win/orp_chest_s_re.bmp_b6cbd75d2c45b5510f58574f6b202217.ctxr,textures/flatlist/ovr_stm/_win,orp_chest_s_re.bmp_b6cbd75d2c45b5510f58574f6b202217.ctxr,orp_chest_s_re.bmp_b6cbd75d2c45b5510f58574f6b202217,ctxr,35104,39a99a03e4b02b9e2c00605b4566738e8a01e301
textures/flatlist/ovr_stm/_win/orp_eri2_meisai_re.bmp.ctxr,textures/flatlist/ovr_stm/_win,orp_eri2_meisai_re.bmp.ctxr,orp_eri2_meisai_re.bmp,ctxr,12608,b47663aabc05e1d6088b54e46173106b056348e9
textures/flatlist/ovr_stm/_win/orp_eri2_meisai_re.bmp_bc88fb1e44ae3c046de504850142dc06.ctxr,textures/flatlist/ovr_stm/_win,orp_eri2_meisai_re.bmp_bc88fb1e44ae3c046de504850142dc06.ctxr,orp_eri2_meisai_re.bmp_bc88fb1e44ae3c046de504850142dc06,ctxr,12608,321b70fb36265c8fa2fc45ddf2394e987d6c879d
textures/flatlist/ovr_stm/_win/orp_eri_meisai_re.bmp.ctxr,textures/flatlist/ovr_stm/_win,orp_eri_meisai_re.bmp.ctxr,orp_eri_meisai_re.bmp,ctxr,12608,097f3690de144d9a56011caa389c9ddce20f3bef
textures/flatlist/ovr_stm/_win/orp_face_dd.bmp.ctxr,textures/flatlist/ovr_stm/_win,orp_face_dd.bmp.ctxr,orp_face_dd.bmp,ctxr,198112,12d3ab4289dfe424b89ad545286a1e1e536d0f1d
textures/flatlist/ovr_stm/_win/orp_face_re.bmp.ctxr,textures/flatlist/ovr_stm/_win,orp_face_re.bmp.ctxr,orp_face_re.bmp,ctxr,198112,239d3d1af6a967de6d2863fb904d9a3ebbbd74bf
textures/flatlist/ovr_stm/_win/orp_face_retach.bmp.ctxr,textures/flatlist/ovr_stm/_win,orp_face_retach.bmp.ctxr,orp_face_retach.bmp,ctxr,198112,b0d4b06fe9e76af34b15aab8bffd980c3b033bbe
textures/flatlist/ovr_stm/_win/orp_face_retach.bmp_0e6325221940c6ed91356bbf364e91c4.ctxr,textures/flatlist/ovr_stm/_win,orp_face_retach.bmp_0e6325221940c6ed91356bbf364e91c4.ctxr,orp_face_retach.bmp_0e6325221940c6ed91356bbf364e91c4,ctxr,198112,26d91908f22dc7d5bb47734fa440b5dc8e54b81e
textures/flatlist/ovr_stm/_win/orp_face_retach.bmp_52c9c67e50e94dbb4dab8c0eb4360a13.ctxr,textures/flatlist/ovr_stm/_win,orp_face_retach.bmp_52c9c67e50e94dbb4dab8c0eb4360a13.ctxr,orp_face_retach.bmp_52c9c67e50e94dbb4dab8c0eb4360a13,ctxr,198112,fdcc5451057d167c66dbded48a025c88da47daa6
textures/flatlist/ovr_stm/_win/orp_hair_alp_ovl_dd.bmp.ctxr,textures/flatlist/ovr_stm/_win,orp_hair_alp_ovl_dd.bmp.ctxr,orp_hair_alp_ovl_dd.bmp,ctxr,319840,5bf5842ddab9ac1bab74fd257624b52e0b117a77
textures/flatlist/ovr_stm/_win/orp_hair_alp_ovl_new.bmp.ctxr,textures/flatlist/ovr_stm/_win,orp_hair_alp_ovl_new.bmp.ctxr,orp_hair_alp_ovl_new.bmp,ctxr,319840,fdacd23a76110df6fe7b63f6805e951d49ac0cbf
textures/flatlist/ovr_stm/_win/orp_hair_alp_ovl_re03.bmp.ctxr,textures/flatlist/ovr_stm/_win,orp_hair_alp_ovl_re03.bmp.ctxr,orp_hair_alp_ovl_re03.bmp,ctxr,319840,29d9a61a2c2505cf4f8139268b6cfee4e00a3c28
textures/flatlist/ovr_stm/_win/orp_hand_sam.bmp.ctxr,textures/flatlist/ovr_stm/_win,orp_hand_sam.bmp.ctxr,orp_hand_sam.bmp,ctxr,3712,36efd3daa2a782e43028909039294930f9702dd7
textures/flatlist/ovr_stm/_win/orp_hand_top.bmp.ctxr,textures/flatlist/ovr_stm/_win,orp_hand_top.bmp.ctxr,orp_hand_top.bmp,ctxr,13088,824fda1c87f39ead7ae8a4474fbd7ed89f7904d7
textures/flatlist/ovr_stm/_win/orp_hf00_st.bmp.ctxr,textures/flatlist/ovr_stm/_win,orp_hf00_st.bmp.ctxr,orp_hf00_st.bmp,ctxr,3712,94e50fec00e42f9b81f083936a31e1a08c99da82
textures/flatlist/ovr_stm/_win/orp_hf01_st.bmp.ctxr,textures/flatlist/ovr_stm/_win,orp_hf01_st.bmp.ctxr,orp_hf01_st.bmp,ctxr,10016,202c4b12efff6c20cae55f7cf871a742224c5ca8
textures/flatlist/ovr_stm/_win/orp_hf02_st.bmp.ctxr,textures/flatlist/ovr_stm/_win,orp_hf02_st.bmp.ctxr,orp_hf02_st.bmp,ctxr,17376,77fd6d00e354b3e599e74a470641ff9738bc84a4
textures/flatlist/ovr_stm/_win/orp_hi_eye.bmp.ctxr,textures/flatlist/ovr_stm/_win,orp_hi_eye.bmp.ctxr,orp_hi_eye.bmp,ctxr,7168,428918c55247c09a7c3982a0711e36481207c71e
textures/flatlist/ovr_stm/_win/orp_hi_finger.bmp.ctxr,textures/flatlist/ovr_stm/_win,orp_hi_finger.bmp.ctxr,orp_hi_finger.bmp,ctxr,5760,9cb926b79bbc210259da9ff3e11a8ee64c0c13a2
textures/flatlist/ovr_stm/_win/orp_hi_finger_red.bmp.ctxr,textures/flatlist/ovr_stm/_win,orp_hi_finger_red.bmp.ctxr,orp_hi_finger_red.bmp,ctxr,4384,aae35ecbb547f0f9ad1cf4fc43948e3ab381e2d3
textures/flatlist/ovr_stm/_win/orp_kata_meisai_re.bmp.ctxr,textures/flatlist/ovr_stm/_win,orp_kata_meisai_re.bmp.ctxr,orp_kata_meisai_re.bmp,ctxr,4032,8046457d570190a408f72038dce4cd54559a1518
textures/flatlist/ovr_stm/_win/orp_larm_j_meisai_re.bmp.ctxr,textures/flatlist/ovr_stm/_win,orp_larm_j_meisai_re.bmp.ctxr,orp_larm_j_meisai_re.bmp,ctxr,39424,20b02de3196682048d342d7630396d4002c6bdbc
textures/flatlist/ovr_stm/_win/orp_pamtsu2_meisai_re.bmp.ctxr,textures/flatlist/ovr_stm/_win,orp_pamtsu2_meisai_re.bmp.ctxr,orp_pamtsu2_meisai_re.bmp,ctxr,57664,379210c7a0e94a32ccb05cdfd7fdac534b3b2f94
textures/flatlist/ovr_stm/_win/orp_pamtsu_meisai_re.bmp.ctxr,textures/flatlist/ovr_stm/_win,orp_pamtsu_meisai_re.bmp.ctxr,orp_pamtsu_meisai_re.bmp,ctxr,57664,b3d575f5df41eaf6938d33ae56de5feb133c9950
textures/flatlist/ovr_stm/_win/orp_rarm_j_meisai_re.bmp.ctxr,textures/flatlist/ovr_stm/_win,orp_rarm_j_meisai_re.bmp.ctxr,orp_rarm_j_meisai_re.bmp,ctxr,39424,8a2b2d3c29213f67fffdb4f172873bd6680fb889
textures/flatlist/ovr_stm/_win/orp_waist.bmp.ctxr,textures/flatlist/ovr_stm/_win,orp_waist.bmp.ctxr,orp_waist.bmp,ctxr,6688,abbe11af64b6b119905de2521cc9fef7bec38d1a
textures/flatlist/ovr_stm/_win/p90_amo.bmp.ctxr,textures/flatlist/ovr_stm/_win,p90_amo.bmp.ctxr,p90_amo.bmp,ctxr,4384,0b78b3ab7b19494fc8ed0e529b008e9301a6fcaf
textures/flatlist/ovr_stm/_win/p90_amo_natsu.bmp.ctxr,textures/flatlist/ovr_stm/_win,p90_amo_natsu.bmp.ctxr,p90_amo_natsu.bmp,ctxr,38560,e0cf96c716ca0dd8a8c7da7d0a7c0fa73e87cf7d
textures/flatlist/ovr_stm/_win/p90_main_natsu.bmp.ctxr,textures/flatlist/ovr_stm/_win,p90_main_natsu.bmp.ctxr,p90_main_natsu.bmp,ctxr,16704,0296e60acb947a09518814c0776da7e6bc75da82
textures/flatlist/ovr_stm/_win/pdray_face_s2.bmp.ctxr,textures/flatlist/ovr_stm/_win,pdray_face_s2.bmp.ctxr,pdray_face_s2.bmp,ctxr,70016,5256c92f9dfe00f931ea1432d440cd61941f1dee
textures/flatlist/ovr_stm/_win/pit_arm.bmp.ctxr,textures/flatlist/ovr_stm/_win,pit_arm.bmp.ctxr,pit_arm.bmp,ctxr,74048,9f0e4f8ad204090de91ed024f5971edc4426eb4e
textures/flatlist/ovr_stm/_win/pit_arm004.bmp.ctxr,textures/flatlist/ovr_stm/_win,pit_arm004.bmp.ctxr,pit_arm004.bmp,ctxr,74048,7f7685af7e82241dee507e663663d3a269f8e093
textures/flatlist/ovr_stm/_win/pit_arm_big_mark_l.bmp.ctxr,textures/flatlist/ovr_stm/_win,pit_arm_big_mark_l.bmp.ctxr,pit_arm_big_mark_l.bmp,ctxr,20768,1dfcd6f8314c783db01e7c70b2867cfc2dcb1cba
textures/flatlist/ovr_stm/_win/pit_arm_big_mark_r.bmp.ctxr,textures/flatlist/ovr_stm/_win,pit_arm_big_mark_r.bmp.ctxr,pit_arm_big_mark_r.bmp,ctxr,20768,8327e990a6376b59ffa4735e0319fef6b9ab4e87
textures/flatlist/ovr_stm/_win/pit_arm_markl.bmp.ctxr,textures/flatlist/ovr_stm/_win,pit_arm_markl.bmp.ctxr,pit_arm_markl.bmp,ctxr,67904,23dc026efb0dc891c472a15c2f3c09f14da0013a
textures/flatlist/ovr_stm/_win/pit_arm_markr.bmp.ctxr,textures/flatlist/ovr_stm/_win,pit_arm_markr.bmp.ctxr,pit_arm_markr.bmp,ctxr,67904,0208950c4323a78299b29a20a7ea1ff10a806946
textures/flatlist/ovr_stm/_win/pit_boms_big.bmp.ctxr,textures/flatlist/ovr_stm/_win,pit_boms_big.bmp.ctxr,pit_boms_big.bmp,ctxr,18048,eeb49ff63a1e5d4dafcff596747407cac082d6e1
textures/flatlist/ovr_stm/_win/pit_eye.bmp.ctxr,textures/flatlist/ovr_stm/_win,pit_eye.bmp.ctxr,pit_eye.bmp,ctxr,7168,2329418ed79a89a6957a4881d6ba3c5a456b4a64
textures/flatlist/ovr_stm/_win/pit_eye_d.bmp.ctxr,textures/flatlist/ovr_stm/_win,pit_eye_d.bmp.ctxr,pit_eye_d.bmp,ctxr,7168,adc2d00329afa1a81d35d30caea91224f5859557
textures/flatlist/ovr_stm/_win/pit_face2_ovl_sub_alp.bmp.ctxr,textures/flatlist/ovr_stm/_win,pit_face2_ovl_sub_alp.bmp.ctxr,pit_face2_ovl_sub_alp.bmp,ctxr,74784,6fcff63ff712949a8a0530d228c6952c2c3ea7e6
textures/flatlist/ovr_stm/_win/pit_food_c.bmp.ctxr,textures/flatlist/ovr_stm/_win,pit_food_c.bmp.ctxr,pit_food_c.bmp,ctxr,16704,6deaebc332a7b9bd06f01b91131cdc0cae85320e
textures/flatlist/ovr_stm/_win/pit_food_c.bmp_34cbc68775c7cff51c1749b7d1398731.ctxr,textures/flatlist/ovr_stm/_win,pit_food_c.bmp_34cbc68775c7cff51c1749b7d1398731.ctxr,pit_food_c.bmp_34cbc68775c7cff51c1749b7d1398731,ctxr,16704,c4824d2151f0cf05521485d9d56da4e5b81a2a35
textures/flatlist/ovr_stm/_win/pit_food_s.bmp.ctxr,textures/flatlist/ovr_stm/_win,pit_food_s.bmp.ctxr,pit_food_s.bmp,ctxr,24896,22b634bf13610123fe212189077d804761ccffdc
textures/flatlist/ovr_stm/_win/pit_food_s.bmp_c5532a65e21a91fcf9dcfee4619c7e9a.ctxr,textures/flatlist/ovr_stm/_win,pit_food_s.bmp_c5532a65e21a91fcf9dcfee4619c7e9a.ctxr,pit_food_s.bmp_c5532a65e21a91fcf9dcfee4619c7e9a,ctxr,24896,fe8d9a73ddaa1452a70493af996667567864a168
textures/flatlist/ovr_stm/_win/pit_legl.bmp.ctxr,textures/flatlist/ovr_stm/_win,pit_legl.bmp.ctxr,pit_legl.bmp,ctxr,54976,f8d5901e3d2a3575e89e60be42d035f228838486
textures/flatlist/ovr_stm/_win/pit_legl_re00.bmp.ctxr,textures/flatlist/ovr_stm/_win,pit_legl_re00.bmp.ctxr,pit_legl_re00.bmp,ctxr,54976,21874751870c49c39016bfa80eb2dc99dcfbc8c3
textures/flatlist/ovr_stm/_win/pit_neccktie.bmp.ctxr,textures/flatlist/ovr_stm/_win,pit_neccktie.bmp.ctxr,pit_neccktie.bmp,ctxr,5760,b5afba6f5e650349699db1ead9d3b46964d4899c
textures/flatlist/ovr_stm/_win/pit_nypd_big.bmp.ctxr,textures/flatlist/ovr_stm/_win,pit_nypd_big.bmp.ctxr,pit_nypd_big.bmp,ctxr,25888,0a2a123f87f5ae2986bdd766a4d5d0ea319b9a56
textures/flatlist/ovr_stm/_win/pit_shatu00.bmp.ctxr,textures/flatlist/ovr_stm/_win,pit_shatu00.bmp.ctxr,pit_shatu00.bmp,ctxr,12576,103171a877ff61785d31897dde20dedc8cc9a903
textures/flatlist/ovr_stm/_win/pit_shatu001.bmp.ctxr,textures/flatlist/ovr_stm/_win,pit_shatu001.bmp.ctxr,pit_shatu001.bmp,ctxr,12576,f81200a9a1daeec45307fab4a5bdc446d460f4f0
textures/flatlist/ovr_stm/_win/pit_shatu01.bmp.ctxr,textures/flatlist/ovr_stm/_win,pit_shatu01.bmp.ctxr,pit_shatu01.bmp,ctxr,12576,bb1cc3fa2e4fd61ca3b1398f9ade4f40d33ab792
textures/flatlist/ovr_stm/_win/pit_shatu_dd.bmp.ctxr,textures/flatlist/ovr_stm/_win,pit_shatu_dd.bmp.ctxr,pit_shatu_dd.bmp,ctxr,5792,eddc3633690407bd710eb8c02103d1ef5c1efe77
textures/flatlist/ovr_stm/_win/pit_shoese.bmp.ctxr,textures/flatlist/ovr_stm/_win,pit_shoese.bmp.ctxr,pit_shoese.bmp,ctxr,13984,dc0064dd0f9b30947506af0c433bdebf6529e849
textures/flatlist/ovr_stm/_win/pit_shoese_000.bmp.ctxr,textures/flatlist/ovr_stm/_win,pit_shoese_000.bmp.ctxr,pit_shoese_000.bmp,ctxr,8480,79d2e8f8eba59b975b055f4e18d19b1af1720242
textures/flatlist/ovr_stm/_win/pit_shoese_under.bmp.ctxr,textures/flatlist/ovr_stm/_win,pit_shoese_under.bmp.ctxr,pit_shoese_under.bmp,ctxr,5376,a206f74ca306e6ac21556634866da859f3415aed
textures/flatlist/ovr_stm/_win/pit_steki00.bmp.ctxr,textures/flatlist/ovr_stm/_win,pit_steki00.bmp.ctxr,pit_steki00.bmp,ctxr,5760,4a9b36c235d738c4e7985668d9e573a30acd7040
textures/flatlist/ovr_stm/_win/pit_steki01.bmp.ctxr,textures/flatlist/ovr_stm/_win,pit_steki01.bmp.ctxr,pit_steki01.bmp,ctxr,5760,1c39b5b7282449eec1a78b535e7fff9926292a62
textures/flatlist/ovr_stm/_win/plant_bomb2_alp_ovl.bmp.ctxr,textures/flatlist/ovr_stm/_win,plant_bomb2_alp_ovl.bmp.ctxr,plant_bomb2_alp_ovl.bmp,ctxr,230720,acda3aeb6449e0cc5b0e908d82477db72df8a5b0
textures/flatlist/ovr_stm/_win/plant_bomb_alp_ovl.bmp.ctxr,textures/flatlist/ovr_stm/_win,plant_bomb_alp_ovl.bmp.ctxr,plant_bomb_alp_ovl.bmp,ctxr,230720,343aedfac2b9d911d34e688b8c954f09be9165cd
textures/flatlist/ovr_stm/_win/pl_box_d.bmp.ctxr,textures/flatlist/ovr_stm/_win,pl_box_d.bmp.ctxr,pl_box_d.bmp,ctxr,24896,1410c023c8d418c4b13db8a9ad19198d25ce105d
textures/flatlist/ovr_stm/_win/police_pos.bmp.ctxr,textures/flatlist/ovr_stm/_win,police_pos.bmp.ctxr,police_pos.bmp,ctxr,147776,88ec03a88008358bd5fdc9c7076233db474287b5
textures/flatlist/ovr_stm/_win/postcard01.bmp.ctxr,textures/flatlist/ovr_stm/_win,postcard01.bmp.ctxr,postcard01.bmp,ctxr,18720,40c58ed81bd55dd4a383c47c8a73608a1d7ce0cb
textures/flatlist/ovr_stm/_win/pos_abe_01.bmp.ctxr,textures/flatlist/ovr_stm/_win,pos_abe_01.bmp.ctxr,pos_abe_01.bmp,ctxr,251584,c58d22db83804bc79e6bc6344db27c17e66ee8e1
textures/flatlist/ovr_stm/_win/pos_ishida_02.bmp.ctxr,textures/flatlist/ovr_stm/_win,pos_ishida_02.bmp.ctxr,pos_ishida_02.bmp,ctxr,251584,4c5dde3a43dcdcbcb6da516771f9e962e711b579
textures/flatlist/ovr_stm/_win/pos_ishida_03.bmp.ctxr,textures/flatlist/ovr_stm/_win,pos_ishida_03.bmp.ctxr,pos_ishida_03.bmp,ctxr,251584,ce450c0e2218534aa7d7781de448c8d882c16815
textures/flatlist/ovr_stm/_win/pos_kazuki_01.bmp.ctxr,textures/flatlist/ovr_stm/_win,pos_kazuki_01.bmp.ctxr,pos_kazuki_01.bmp,ctxr,251584,4ebc72b49ec0d70f32c6ee7fbcd3f4eab081ea44
textures/flatlist/ovr_stm/_win/pos_kazuki_02.bmp.ctxr,textures/flatlist/ovr_stm/_win,pos_kazuki_02.bmp.ctxr,pos_kazuki_02.bmp,ctxr,251584,474bbb0c294cb35b7377e4bb2e3720395792428e
textures/flatlist/ovr_stm/_win/pos_nakagawa_02.bmp.ctxr,textures/flatlist/ovr_stm/_win,pos_nakagawa_02.bmp.ctxr,pos_nakagawa_02.bmp,ctxr,251584,2ced26e1f79ad0f82c1f40419dfcd7de5d066516
textures/flatlist/ovr_stm/_win/pos_nakagawa_03.bmp.ctxr,textures/flatlist/ovr_stm/_win,pos_nakagawa_03.bmp.ctxr,pos_nakagawa_03.bmp,ctxr,251584,1a582764fe5ae988334c58b45a6184e62bbfdabc
textures/flatlist/ovr_stm/_win/pos_yasuda_03.bmp.ctxr,textures/flatlist/ovr_stm/_win,pos_yasuda_03.bmp.ctxr,pos_yasuda_03.bmp,ctxr,251584,1f1f9710e4c023b418172b034ec114744c3130f9
textures/flatlist/ovr_stm/_win/ptr_face03.bmp.ctxr,textures/flatlist/ovr_stm/_win,ptr_face03.bmp.ctxr,ptr_face03.bmp,ctxr,398336,8693306ed181acb05bff343a3c2fa3bbf6b553d6
textures/flatlist/ovr_stm/_win/ptr_face03.bmp_b289bdfbbb58e30a73b2a6a2b3ba988b.ctxr,textures/flatlist/ovr_stm/_win,ptr_face03.bmp_b289bdfbbb58e30a73b2a6a2b3ba988b.ctxr,ptr_face03.bmp_b289bdfbbb58e30a73b2a6a2b3ba988b,ctxr,398336,76d3854d38aab1de1aac3a9275471e374399f845
textures/flatlist/ovr_stm/_win/ptr_face_dead.bmp.ctxr,textures/flatlist/ovr_stm/_win,ptr_face_dead.bmp.ctxr,ptr_face_dead.bmp,ctxr,398336,994a24478e54879a346f8fcbecc978ed7e8c939c
textures/flatlist/ovr_stm/_win/ptr_hand.bmp.ctxr,textures/flatlist/ovr_stm/_win,ptr_hand.bmp.ctxr,ptr_hand.bmp,ctxr,33088,215e7c56a31052f697f62e28c026cdd7831f78d4
textures/flatlist/ovr_stm/_win/ptr_hand_re.bmp.ctxr,textures/flatlist/ovr_stm/_win,ptr_hand_re.bmp.ctxr,ptr_hand_re.bmp,ctxr,33088,eb8bcec4abb7777a9d5ffcbdb3ef3711a3323116
textures/flatlist/ovr_stm/_win/ptr_hi_finger.bmp.ctxr,textures/flatlist/ovr_stm/_win,ptr_hi_finger.bmp.ctxr,ptr_hi_finger.bmp,ctxr,5760,02a8b9ec2d39120707a7758dfce1c8565ffbdb0d
textures/flatlist/ovr_stm/_win/ptr_hi_finger_red.bmp.ctxr,textures/flatlist/ovr_stm/_win,ptr_hi_finger_red.bmp.ctxr,ptr_hi_finger_red.bmp,ctxr,4384,179de3bd41f917883d78c9e7becf364ec858e494
textures/flatlist/ovr_stm/_win/ptr_hi_hand000.bmp.ctxr,textures/flatlist/ovr_stm/_win,ptr_hi_hand000.bmp.ctxr,ptr_hi_hand000.bmp,ctxr,26912,dbe8e1975937b4f5c50969337bafab9281f3b3f7
textures/flatlist/ovr_stm/_win/ptr_hi_hand01.bmp.ctxr,textures/flatlist/ovr_stm/_win,ptr_hi_hand01.bmp.ctxr,ptr_hi_hand01.bmp,ctxr,14624,3232b58ce66359885ef1117fab2502fe754493c8
textures/flatlist/ovr_stm/_win/ptr_jaket_nypd.bmp.ctxr,textures/flatlist/ovr_stm/_win,ptr_jaket_nypd.bmp.ctxr,ptr_jaket_nypd.bmp,ctxr,139584,67fefdd54c2fe2f16c6f88069d6ec805e01e8b2e
textures/flatlist/ovr_stm/_win/ptr_jaket_nypd_dead.bmp.ctxr,textures/flatlist/ovr_stm/_win,ptr_jaket_nypd_dead.bmp.ctxr,ptr_jaket_nypd_dead.bmp,ctxr,139584,b5557c97ac7f5dfa76a2c42a16762d8d2ca22c44
textures/flatlist/ovr_stm/_win/ptr_jaket_nypd_new.bmp.ctxr,textures/flatlist/ovr_stm/_win,ptr_jaket_nypd_new.bmp.ctxr,ptr_jaket_nypd_new.bmp,ctxr,139584,bc8711e1e5247b26ae0a0e12ea4081d0e0051c22
textures/flatlist/ovr_stm/_win/ptr_mtg_alp_ovl.bmp.ctxr,textures/flatlist/ovr_stm/_win,ptr_mtg_alp_ovl.bmp.ctxr,ptr_mtg_alp_ovl.bmp,ctxr,13600,602d9a8dc911a3ce9eda8095060e1aadb5f7c4eb
textures/flatlist/ovr_stm/_win/ptr_tooth_d1.bmp.ctxr,textures/flatlist/ovr_stm/_win,ptr_tooth_d1.bmp.ctxr,ptr_tooth_d1.bmp,ctxr,5792,c2a41b4a74a3cb645c6e309318bdb854d8d58c9b
textures/flatlist/ovr_stm/_win/ptr_tooth_d2.bmp.ctxr,textures/flatlist/ovr_stm/_win,ptr_tooth_d2.bmp.ctxr,ptr_tooth_d2.bmp,ctxr,4416,edd1b6b50887f66b20ff688e6f37961875f4a8f9
textures/flatlist/ovr_stm/_win/ptr_tooth_d3.bmp.ctxr,textures/flatlist/ovr_stm/_win,ptr_tooth_d3.bmp.ctxr,ptr_tooth_d3.bmp,ctxr,3072,bce435f576f065135055d478feddf576cbb4ada5
textures/flatlist/ovr_stm/_win/ptr_tooth_d4.bmp.ctxr,textures/flatlist/ovr_stm/_win,ptr_tooth_d4.bmp.ctxr,ptr_tooth_d4.bmp,ctxr,1792,e111895b0a322af4f19f2343cd534d0b4e9a3201
textures/flatlist/ovr_stm/_win/ptr_tooth_u1.bmp.ctxr,textures/flatlist/ovr_stm/_win,ptr_tooth_u1.bmp.ctxr,ptr_tooth_u1.bmp,ctxr,4416,85e84f59935c21e2e83a27a5e323c620902bee82
textures/flatlist/ovr_stm/_win/ptr_tooth_u2.bmp.ctxr,textures/flatlist/ovr_stm/_win,ptr_tooth_u2.bmp.ctxr,ptr_tooth_u2.bmp,ctxr,4416,5be148c3873284a4b57b1465e344bbbff3307527
textures/flatlist/ovr_stm/_win/ptr_tooth_u3.bmp.ctxr,textures/flatlist/ovr_stm/_win,ptr_tooth_u3.bmp.ctxr,ptr_tooth_u3.bmp,ctxr,4416,119bc10d4720a43108904cc590ea25ed5fc5680d
textures/flatlist/ovr_stm/_win/ptr_tooth_u4.bmp.ctxr,textures/flatlist/ovr_stm/_win,ptr_tooth_u4.bmp.ctxr,ptr_tooth_u4.bmp,ctxr,4416,b3b66f06ab62f561eed2c44e60c00e3204c23cc1
textures/flatlist/ovr_stm/_win/pump.bmp.ctxr,textures/flatlist/ovr_stm/_win,pump.bmp.ctxr,pump.bmp,ctxr,12576,6a7380f85b2a0d515a3e1ca8a6623a65aab08086
textures/flatlist/ovr_stm/_win/pumpin.bmp_d158ec1bae8868a7fb57a3d368a5647f.ctxr,textures/flatlist/ovr_stm/_win,pumpin.bmp_d158ec1bae8868a7fb57a3d368a5647f.ctxr,pumpin.bmp_d158ec1bae8868a7fb57a3d368a5647f,ctxr,14624,ee4becdabf5031f65761847f0982b9c112636403
textures/flatlist/ovr_stm/_win/rad_musen1.bmp.ctxr,textures/flatlist/ovr_stm/_win,rad_musen1.bmp.ctxr,rad_musen1.bmp,ctxr,4544,35caeee3606cb8a95ddee105a83aa20fee1b25c5
textures/flatlist/ovr_stm/_win/rad_musen3.bmp.ctxr,textures/flatlist/ovr_stm/_win,rad_musen3.bmp.ctxr,rad_musen3.bmp,ctxr,2848,efb0eb2fd171313a1e81b3322082ce09e16e2be4
textures/flatlist/ovr_stm/_win/rad_musen4.bmp.ctxr,textures/flatlist/ovr_stm/_win,rad_musen4.bmp.ctxr,rad_musen4.bmp,ctxr,4544,3f87bb80ba47303ce60e1117d0c94f146cbb08b9
textures/flatlist/ovr_stm/_win/rai_all_ibox.bmp.ctxr,textures/flatlist/ovr_stm/_win,rai_all_ibox.bmp.ctxr,rai_all_ibox.bmp,ctxr,49504,8e7897c9ed2aa9ea9fbd9b06d34844f98d825d44
textures/flatlist/ovr_stm/_win/rai_gun_back.bmp.ctxr,textures/flatlist/ovr_stm/_win,rai_gun_back.bmp.ctxr,rai_gun_back.bmp,ctxr,4032,8fd1abe3f2a038791c2f026164ff509ff9a20036
textures/flatlist/ovr_stm/_win/rai_gun_fro.bmp.ctxr,textures/flatlist/ovr_stm/_win,rai_gun_fro.bmp.ctxr,rai_gun_fro.bmp,ctxr,5792,bf606c7ba534306503a6de86fcfc89fd21cdfefe
textures/flatlist/ovr_stm/_win/rai_gun_side.bmp.ctxr,textures/flatlist/ovr_stm/_win,rai_gun_side.bmp.ctxr,rai_gun_side.bmp,ctxr,11264,897f34effc9c1ef3599857efefb1b682ee291d29
textures/flatlist/ovr_stm/_win/rai_gun_side2.bmp.ctxr,textures/flatlist/ovr_stm/_win,rai_gun_side2.bmp.ctxr,rai_gun_side2.bmp,ctxr,11264,fdaf2978237b8aa6fe5e071cb25ef8944eb4b75c
textures/flatlist/ovr_stm/_win/rai_gun_top.bmp.ctxr,textures/flatlist/ovr_stm/_win,rai_gun_top.bmp.ctxr,rai_gun_top.bmp,ctxr,2336,7f106766949e2ca8e94d99a53c125090383fab39
textures/flatlist/ovr_stm/_win/ray_add_alp.bmp.ctxr,textures/flatlist/ovr_stm/_win,ray_add_alp.bmp.ctxr,ray_add_alp.bmp,ctxr,15616,ebb2ddcc50eadcbd8e95c0e5c2952df1590d151f
textures/flatlist/ovr_stm/_win/ray_armpit_meca2.bmp.ctxr,textures/flatlist/ovr_stm/_win,ray_armpit_meca2.bmp.ctxr,ray_armpit_meca2.bmp,ctxr,11264,1dab25b3b0d83d53d9bd11756852c2712235a53c
textures/flatlist/ovr_stm/_win/ray_armpit_meca2_new.bmp.ctxr,textures/flatlist/ovr_stm/_win,ray_armpit_meca2_new.bmp.ctxr,ray_armpit_meca2_new.bmp,ctxr,11264,49bf31691d8fd8ca4fc003194e165c640c04d55f
textures/flatlist/ovr_stm/_win/ray_armpit_t1.bmp.ctxr,textures/flatlist/ovr_stm/_win,ray_armpit_t1.bmp.ctxr,ray_armpit_t1.bmp,ctxr,33120,6a72dd5a903c1d5d8a318151288c62da009d2443
textures/flatlist/ovr_stm/_win/ray_armpit_u1.bmp.ctxr,textures/flatlist/ovr_stm/_win,ray_armpit_u1.bmp.ctxr,ray_armpit_u1.bmp,ctxr,44064,0f4bce950ea277bf70e3210da84591520b547429
textures/flatlist/ovr_stm/_win/ray_arm_t1.bmp.ctxr,textures/flatlist/ovr_stm/_win,ray_arm_t1.bmp.ctxr,ray_arm_t1.bmp,ctxr,202432,7363a178a033f3ff7e2f29fe2bea02611f65048e
textures/flatlist/ovr_stm/_win/ray_arm_t1_sub_alp_ovl.bmp.ctxr,textures/flatlist/ovr_stm/_win,ray_arm_t1_sub_alp_ovl.bmp.ctxr,ray_arm_t1_sub_alp_ovl.bmp,ctxr,151712,91aaa5216dd1dc28db7015cac682ee5ae6ba7d7c
textures/flatlist/ovr_stm/_win/ray_arm_u1.bmp.ctxr,textures/flatlist/ovr_stm/_win,ray_arm_u1.bmp.ctxr,ray_arm_u1.bmp,ctxr,11264,a61bee84442c1e4b9a2396893d8ee860403b5cfa
textures/flatlist/ovr_stm/_win/ray_arm_u1s.bmp.ctxr,textures/flatlist/ovr_stm/_win,ray_arm_u1s.bmp.ctxr,ray_arm_u1s.bmp,ctxr,3040,4296d9aff27bdfeabc947230552677be39ef5fcb
textures/flatlist/ovr_stm/_win/ray_arm_u_finall.bmp.ctxr,textures/flatlist/ovr_stm/_win,ray_arm_u_finall.bmp.ctxr,ray_arm_u_finall.bmp,ctxr,33088,4e6bb8c3efaa5dc184d8677ef3c86e8122e79c9e
textures/flatlist/ovr_stm/_win/ray_backpack_t1.bmp.ctxr,textures/flatlist/ovr_stm/_win,ray_backpack_t1.bmp.ctxr,ray_backpack_t1.bmp,ctxr,90464,2921e202e27c9b7604167c5a34ea0cf6adb473e6
textures/flatlist/ovr_stm/_win/ray_bm_01.bmp.ctxr,textures/flatlist/ovr_stm/_win,ray_bm_01.bmp.ctxr,ray_bm_01.bmp,ctxr,25888,e865b748f84f236a4db796b0ddeb1c4ce5596876
textures/flatlist/ovr_stm/_win/ray_body_s1.bmp.ctxr,textures/flatlist/ovr_stm/_win,ray_body_s1.bmp.ctxr,ray_body_s1.bmp,ctxr,273440,273f26fce19529d86d1b6a602e4c0fc7c1b03ed3
textures/flatlist/ovr_stm/_win/ray_canopy.bmp.ctxr,textures/flatlist/ovr_stm/_win,ray_canopy.bmp.ctxr,ray_canopy.bmp,ctxr,5760,b94e1fc66585650e6288e28abda32dde8e6fc6ad
textures/flatlist/ovr_stm/_win/ray_canopy.bmp_69536e0cc16b5504c7afe3237c9f388a.ctxr,textures/flatlist/ovr_stm/_win,ray_canopy.bmp_69536e0cc16b5504c7afe3237c9f388a.ctxr,ray_canopy.bmp_69536e0cc16b5504c7afe3237c9f388a,ctxr,22176,11518283541a053cb09944d4d76025dae783613b
textures/flatlist/ovr_stm/_win/ray_canopy_edge.bmp.ctxr,textures/flatlist/ovr_stm/_win,ray_canopy_edge.bmp.ctxr,ray_canopy_edge.bmp,ctxr,4416,ea49b9f2f3982a3307f4ba551bab05049eee1a32
textures/flatlist/ovr_stm/_win/ray_canopy_ovl_mod1120_emap.bmp.ctxr,textures/flatlist/ovr_stm/_win,ray_canopy_ovl_mod1120_emap.bmp.ctxr,ray_canopy_ovl_mod1120_emap.bmp,ctxr,22176,b4947494ad69b59258569d44e1f672703cc5ee50
textures/flatlist/ovr_stm/_win/ray_canopy_sub_ovl_alp.bmp.ctxr,textures/flatlist/ovr_stm/_win,ray_canopy_sub_ovl_alp.bmp.ctxr,ray_canopy_sub_ovl_alp.bmp,ctxr,4256,0e54b2afa3462fc037993d9c622e1c45e07e908d
textures/flatlist/ovr_stm/_win/ray_canopy_sub_ovl_alp.bmp_262887ad5d1a24632bc26b95450cb515.ctxr,textures/flatlist/ovr_stm/_win,ray_canopy_sub_ovl_alp.bmp_262887ad5d1a24632bc26b95450cb515.ctxr,ray_canopy_sub_ovl_alp.bmp_262887ad5d1a24632bc26b95450cb515,ctxr,16544,75accdad6d8d07d2a9238be0ecc19f3f7014ccae
textures/flatlist/ovr_stm/_win/ray_chest_f1.bmp.ctxr,textures/flatlist/ovr_stm/_win,ray_chest_f1.bmp.ctxr,ray_chest_f1.bmp,ctxr,76800,c56e35ee4dadab770feae709f08e9eda49fc6e12
textures/flatlist/ovr_stm/_win/ray_chin1_u.bmp.ctxr,textures/flatlist/ovr_stm/_win,ray_chin1_u.bmp.ctxr,ray_chin1_u.bmp,ctxr,34432,0f50d447ae8eb97594bb1f184f52a210fa8a1a54
textures/flatlist/ovr_stm/_win/ray_chin2_u.bmp.ctxr,textures/flatlist/ovr_stm/_win,ray_chin2_u.bmp.ctxr,ray_chin2_u.bmp,ctxr,11264,fed105cf4a4650288248f247e62da4fb370d5670
textures/flatlist/ovr_stm/_win/ray_chin_t1.bmp.ctxr,textures/flatlist/ovr_stm/_win,ray_chin_t1.bmp.ctxr,ray_chin_t1.bmp,ctxr,22176,99c211cdabc86cdc45abfec1284b02a54dd5f41f
textures/flatlist/ovr_stm/_win/ray_eye.bmp.ctxr,textures/flatlist/ovr_stm/_win,ray_eye.bmp.ctxr,ray_eye.bmp,ctxr,4384,56563c3fd9bd9f1fa59492eb02a3d26402ce2202
textures/flatlist/ovr_stm/_win/ray_eye_bonbori_alp.bmp.ctxr,textures/flatlist/ovr_stm/_win,ray_eye_bonbori_alp.bmp.ctxr,ray_eye_bonbori_alp.bmp,ctxr,5760,2437f8c65801214260c71c2af6527e5cecb4ef21
textures/flatlist/ovr_stm/_win/ray_eye_pera.bmp.ctxr,textures/flatlist/ovr_stm/_win,ray_eye_pera.bmp.ctxr,ray_eye_pera.bmp,ctxr,4384,b37e8cab62e17ed9b8a904f3dfa8d8a571b4eded
textures/flatlist/ovr_stm/_win/ray_face_b1.bmp.ctxr,textures/flatlist/ovr_stm/_win,ray_face_b1.bmp.ctxr,ray_face_b1.bmp,ctxr,4384,75151c2fadd638cee4f65db78d187ee2d6ef118e
textures/flatlist/ovr_stm/_win/ray_face_s1.bmp.ctxr,textures/flatlist/ovr_stm/_win,ray_face_s1.bmp.ctxr,ray_face_s1.bmp,ctxr,43520,e28cd7911dd8c986c6dfd058d2e96360c2601afc
textures/flatlist/ovr_stm/_win/ray_face_s1_sub_alp_ovl.bmp.ctxr,textures/flatlist/ovr_stm/_win,ray_face_s1_sub_alp_ovl.bmp.ctxr,ray_face_s1_sub_alp_ovl.bmp,ctxr,32544,cb77b8449b37d221d71ed81dd634ea4878daae38
textures/flatlist/ovr_stm/_win/ray_face_s2.bmp.ctxr,textures/flatlist/ovr_stm/_win,ray_face_s2.bmp.ctxr,ray_face_s2.bmp,ctxr,70016,d777bc5c9c109e605f58190277a60d1f37444161
textures/flatlist/ovr_stm/_win/ray_face_s2_sub_alp_ovl.bmp.ctxr,textures/flatlist/ovr_stm/_win,ray_face_s2_sub_alp_ovl.bmp.ctxr,ray_face_s2_sub_alp_ovl.bmp,ctxr,52448,f1eafc67543c3cc7116e83c2b9b95aee1581867d
textures/flatlist/ovr_stm/_win/ray_face_t1.bmp.ctxr,textures/flatlist/ovr_stm/_win,ray_face_t1.bmp.ctxr,ray_face_t1.bmp,ctxr,74880,4d8d116a0decb208c2c60ee2cf46845b23e09cd6
textures/flatlist/ovr_stm/_win/ray_face_t1_sub_alp_ovl.bmp.ctxr,textures/flatlist/ovr_stm/_win,ray_face_t1_sub_alp_ovl.bmp.ctxr,ray_face_t1_sub_alp_ovl.bmp,ctxr,56096,39761b66a81bf12c03a99877608727fb22f4d258
textures/flatlist/ovr_stm/_win/ray_forearm_t1.bmp.ctxr,textures/flatlist/ovr_stm/_win,ray_forearm_t1.bmp.ctxr,ray_forearm_t1.bmp,ctxr,68608,6460b449d376bd5e47d5b22125add63c3d994291
textures/flatlist/ovr_stm/_win/ray_hand_u1.bmp.ctxr,textures/flatlist/ovr_stm/_win,ray_hand_u1.bmp.ctxr,ray_hand_u1.bmp,ctxr,13984,61709c16dc548debfeecc1682afa6c9c1e83c2d2
textures/flatlist/ovr_stm/_win/ray_hip_f1.bmp.ctxr,textures/flatlist/ovr_stm/_win,ray_hip_f1.bmp.ctxr,ray_hip_f1.bmp,ctxr,33088,2af7c6ba9485874fae7a95d2959b78907dc93f4b
textures/flatlist/ovr_stm/_win/ray_leg1_s1.bmp.ctxr,textures/flatlist/ovr_stm/_win,ray_leg1_s1.bmp.ctxr,ray_leg1_s1.bmp,ctxr,102720,14d91d260aaaa74a1be545ade193ec42c6e2b59e
textures/flatlist/ovr_stm/_win/ray_leg1_s1_sub_alp_ovl.bmp.ctxr,textures/flatlist/ovr_stm/_win,ray_leg1_s1_sub_alp_ovl.bmp.ctxr,ray_leg1_s1_sub_alp_ovl.bmp,ctxr,76960,300c70107df15dba89d44eba9450a8dc52a9d3c3
textures/flatlist/ovr_stm/_win/ray_leg2_s1.bmp.ctxr,textures/flatlist/ovr_stm/_win,ray_leg2_s1.bmp.ctxr,ray_leg2_s1.bmp,ctxr,188064,f873890f53e5a4e2a228169ca152262081644ca1
textures/flatlist/ovr_stm/_win/ray_lip_out.bmp.ctxr,textures/flatlist/ovr_stm/_win,ray_lip_out.bmp.ctxr,ray_lip_out.bmp,ctxr,7424,2c195149f70ec7b754ed3456235707fee16c5fa5
textures/flatlist/ovr_stm/_win/ray_lip_out_sub_alp_ovl.bmp.ctxr,textures/flatlist/ovr_stm/_win,ray_lip_out_sub_alp_ovl.bmp.ctxr,ray_lip_out_sub_alp_ovl.bmp,ctxr,5536,268774da783e5ac52278ffbdd629ab41178e295c
textures/flatlist/ovr_stm/_win/ray_mouth_temptex.bmp.ctxr,textures/flatlist/ovr_stm/_win,ray_mouth_temptex.bmp.ctxr,ray_mouth_temptex.bmp,ctxr,22176,5ab79a58f50492d865b4ce554b7a0774aa88a536
textures/flatlist/ovr_stm/_win/ray_muzzle.bmp.ctxr,textures/flatlist/ovr_stm/_win,ray_muzzle.bmp.ctxr,ray_muzzle.bmp,ctxr,8480,219723e07c84939caf80276d40ac8a2b98cd7155
textures/flatlist/ovr_stm/_win/ray_muzzle_iner.bmp.ctxr,textures/flatlist/ovr_stm/_win,ray_muzzle_iner.bmp.ctxr,ray_muzzle_iner.bmp,ctxr,5760,cb5110974c019788be23291941b70ceecd4b8135
textures/flatlist/ovr_stm/_win/ray_neck_circle.bmp.ctxr,textures/flatlist/ovr_stm/_win,ray_neck_circle.bmp.ctxr,ray_neck_circle.bmp,ctxr,5760,f2d490e43a9b7d803eddd1367cba1d458715c716
textures/flatlist/ovr_stm/_win/ray_shoulder_circle.bmp.ctxr,textures/flatlist/ovr_stm/_win,ray_shoulder_circle.bmp.ctxr,ray_shoulder_circle.bmp,ctxr,16992,d3cca392e8b61591b5f5b53572569598fe52d23b
textures/flatlist/ovr_stm/_win/ray_shoulder_f1.bmp.ctxr,textures/flatlist/ovr_stm/_win,ray_shoulder_f1.bmp.ctxr,ray_shoulder_f1.bmp,ctxr,87744,9f20635aeb04007d98a14aefdd6e3ca2cdccd88c
textures/flatlist/ovr_stm/_win/ray_tail_s1x.bmp.ctxr,textures/flatlist/ovr_stm/_win,ray_tail_s1x.bmp.ctxr,ray_tail_s1x.bmp,ctxr,49504,24526a6664a2a59edc686b909add308d367b15fd
textures/flatlist/ovr_stm/_win/ray_tail_s1x_sub_alp_ovl.bmp.ctxr,textures/flatlist/ovr_stm/_win,ray_tail_s1x_sub_alp_ovl.bmp.ctxr,ray_tail_s1x_sub_alp_ovl.bmp,ctxr,37024,60afd49f1c6cec9c0f63497de74ce29067823161
textures/flatlist/ovr_stm/_win/ray_tail_s2.bmp.ctxr,textures/flatlist/ovr_stm/_win,ray_tail_s2.bmp.ctxr,ray_tail_s2.bmp,ctxr,27616,8a0b68cacb5f0003dc950f0bc0eb83060b5953ee
textures/flatlist/ovr_stm/_win/ray_temptex1.bmp.ctxr,textures/flatlist/ovr_stm/_win,ray_temptex1.bmp.ctxr,ray_temptex1.bmp,ctxr,22176,9c276942e44481c8ea1768d6b800e518990eced0
textures/flatlist/ovr_stm/_win/ray_temptex1_sub_alp_ovl.bmp.ctxr,textures/flatlist/ovr_stm/_win,ray_temptex1_sub_alp_ovl.bmp.ctxr,ray_temptex1_sub_alp_ovl.bmp,ctxr,16544,6e6348e7bfe9af1b80923d20730fdee0ab467d0f
textures/flatlist/ovr_stm/_win/ray_thigh_b1.bmp.ctxr,textures/flatlist/ovr_stm/_win,ray_thigh_b1.bmp.ctxr,ray_thigh_b1.bmp,ctxr,16704,86acb5d47e889ed6fa1248b8b9abd68925eb1bdc
textures/flatlist/ovr_stm/_win/ray_thigh_b1_sub_alp_ovl.bmp.ctxr,textures/flatlist/ovr_stm/_win,ray_thigh_b1_sub_alp_ovl.bmp.ctxr,ray_thigh_b1_sub_alp_ovl.bmp,ctxr,12448,4a634746562733c8f90288c27102ae9f902e1147
textures/flatlist/ovr_stm/_win/ray_thigh_circle.bmp.ctxr,textures/flatlist/ovr_stm/_win,ray_thigh_circle.bmp.ctxr,ray_thigh_circle.bmp,ctxr,12576,a8522ba491478a17d26b126cc6155610f8a5080c
textures/flatlist/ovr_stm/_win/ray_thigh_t1.bmp.ctxr,textures/flatlist/ovr_stm/_win,ray_thigh_t1.bmp.ctxr,ray_thigh_t1.bmp,ctxr,502784,2cc259bcb738cc59965fd3e3432d7c3414f2808d
textures/flatlist/ovr_stm/_win/ray_thigh_t1_sub_ovl_alp.bmp.ctxr,textures/flatlist/ovr_stm/_win,ray_thigh_t1_sub_ovl_alp.bmp.ctxr,ray_thigh_t1_sub_ovl_alp.bmp,ctxr,376992,5453cc1b7ddf8d7ead037b2f9c47852f5efc0b4c
textures/flatlist/ovr_stm/_win/ray_thigh_u1.bmp.ctxr,textures/flatlist/ovr_stm/_win,ray_thigh_u1.bmp.ctxr,ray_thigh_u1.bmp,ctxr,43360,60201af84319ad0e75920afb7fc82ede90954293
textures/flatlist/ovr_stm/_win/ray_tooth.bmp.ctxr,textures/flatlist/ovr_stm/_win,ray_tooth.bmp.ctxr,ray_tooth.bmp,ctxr,13984,3b9c2750e4d9e9c91bec7e94ea050b9b768ad470
textures/flatlist/ovr_stm/_win/ray_waist_b1x.bmp.ctxr,textures/flatlist/ovr_stm/_win,ray_waist_b1x.bmp.ctxr,ray_waist_b1x.bmp,ctxr,33120,56f9528d6dd632367dfdd7620d4f4cf657ffaf82
textures/flatlist/ovr_stm/_win/ray_waist_b1x_sub_alp_ovl.bmp.ctxr,textures/flatlist/ovr_stm/_win,ray_waist_b1x_sub_alp_ovl.bmp.ctxr,ray_waist_b1x_sub_alp_ovl.bmp,ctxr,24736,913f6b63714dc42ede7884446151c1b36d1bcf4a
textures/flatlist/ovr_stm/_win/ray_waist_s1.bmp.ctxr,textures/flatlist/ovr_stm/_win,ray_waist_s1.bmp.ctxr,ray_waist_s1.bmp,ctxr,65888,121affb7a2890bfe6bb2c8d4fa2907702988c3a8
textures/flatlist/ovr_stm/_win/ray_waist_s1_sub_alp_ovl.bmp.ctxr,textures/flatlist/ovr_stm/_win,ray_waist_s1_sub_alp_ovl.bmp.ctxr,ray_waist_s1_sub_alp_ovl.bmp,ctxr,49312,db960ec47fbba0c97fd1f0e9bd4572c19a5f434f
textures/flatlist/ovr_stm/_win/rgb_amo.bmp.ctxr,textures/flatlist/ovr_stm/_win,rgb_amo.bmp.ctxr,rgb_amo.bmp,ctxr,5760,706a5dbbf6f8e645541ce7955492ad3b1f2edf8c
textures/flatlist/ovr_stm/_win/rgb_amo_cartridge2.bmp.ctxr,textures/flatlist/ovr_stm/_win,rgb_amo_cartridge2.bmp.ctxr,rgb_amo_cartridge2.bmp,ctxr,8480,e43ddc4a72248b4923823f947af6795a248f2dbd
textures/flatlist/ovr_stm/_win/rgb_sb_body.bmp.ctxr,textures/flatlist/ovr_stm/_win,rgb_sb_body.bmp.ctxr,rgb_sb_body.bmp,ctxr,41312,289f0cdc02425ee2a254bf3f31696c63aad329f0
textures/flatlist/ovr_stm/_win/rgb_sb_body.bmp_2f0d86d85ea774f8976cc6b4aac67670.ctxr,textures/flatlist/ovr_stm/_win,rgb_sb_body.bmp_2f0d86d85ea774f8976cc6b4aac67670.ctxr,rgb_sb_body.bmp_2f0d86d85ea774f8976cc6b4aac67670,ctxr,41312,68d6b9715fdfb56a7bc9dfdb442afac8aff9f379
textures/flatlist/ovr_stm/_win/rgb_sb_muzzle.bmp.ctxr,textures/flatlist/ovr_stm/_win,rgb_sb_muzzle.bmp.ctxr,rgb_sb_muzzle.bmp,ctxr,5952,fdaea5b241cac13c93c611b19b9ebc7c892c3daf
textures/flatlist/ovr_stm/_win/rgb_sb_muzzle.bmp_cd50a1055e9aaf1f63580648e71f4e0e.ctxr,textures/flatlist/ovr_stm/_win,rgb_sb_muzzle.bmp_cd50a1055e9aaf1f63580648e71f4e0e.ctxr,rgb_sb_muzzle.bmp_cd50a1055e9aaf1f63580648e71f4e0e,ctxr,5952,2b0988991ba15965009f02af8660a5f9c66ed72e
textures/flatlist/ovr_stm/_win/ros_arm2mc.bmp.ctxr,textures/flatlist/ovr_stm/_win,ros_arm2mc.bmp.ctxr,ros_arm2mc.bmp,ctxr,44704,46bab962edd78e4209549467c984898af83d4b7e
textures/flatlist/ovr_stm/_win/ros_armmc.bmp.ctxr,textures/flatlist/ovr_stm/_win,ros_armmc.bmp.ctxr,ros_armmc.bmp,ctxr,18208,41b38fa60d9bc22f44e3b8dd5042f2859e8d979e
textures/flatlist/ovr_stm/_win/ros_armmc_sub_alp_ovl.bmp.ctxr,textures/flatlist/ovr_stm/_win,ros_armmc_sub_alp_ovl.bmp.ctxr,ros_armmc_sub_alp_ovl.bmp,ctxr,13600,56b8e3b63b2319f7d0c9707a19205799b7fa5237
textures/flatlist/ovr_stm/_win/ros_bodymc.bmp.ctxr,textures/flatlist/ovr_stm/_win,ros_bodymc.bmp.ctxr,ros_bodymc.bmp,ctxr,117728,9cbb6012ba5beff476127c36cdf70adf98f6c341
textures/flatlist/ovr_stm/_win/ros_clip.bmp.ctxr,textures/flatlist/ovr_stm/_win,ros_clip.bmp.ctxr,ros_clip.bmp,ctxr,960,ac99e1ce512de06da6732b6664843f32e4025093
textures/flatlist/ovr_stm/_win/ros_emc_ovl_mod1120_alp_emap.bmp.ctxr,textures/flatlist/ovr_stm/_win,ros_emc_ovl_mod1120_alp_emap.bmp.ctxr,ros_emc_ovl_mod1120_alp_emap.bmp,ctxr,34432,76dc81ced45496f4baaed7b3daed2ac60cd9dd91
textures/flatlist/ovr_stm/_win/ros_fmc_ovl_mod1120_alp_emap.bmp.ctxr,textures/flatlist/ovr_stm/_win,ros_fmc_ovl_mod1120_alp_emap.bmp.ctxr,ros_fmc_ovl_mod1120_alp_emap.bmp,ctxr,12576,76c6356f60607a7d33b257731703f0c8fcf9d1f8
textures/flatlist/ovr_stm/_win/ros_hair_p2mc.bmp.ctxr,textures/flatlist/ovr_stm/_win,ros_hair_p2mc.bmp.ctxr,ros_hair_p2mc.bmp,ctxr,115488,1cb553ae1295b6631b82566accd13b846341e9dd
textures/flatlist/ovr_stm/_win/ros_hair_p2mc_ovl_sub_alp.bmp.ctxr,textures/flatlist/ovr_stm/_win,ros_hair_p2mc_ovl_sub_alp.bmp.ctxr,ros_hair_p2mc_ovl_sub_alp.bmp,ctxr,86560,f44d867a1892b8f5ba054cdbe2fe4611a05a93e6
textures/flatlist/ovr_stm/_win/ros_hair_p4mc.bmp.ctxr,textures/flatlist/ovr_stm/_win,ros_hair_p4mc.bmp.ctxr,ros_hair_p4mc.bmp,ctxr,74944,8bf552d30630b6de3bc56c2177f9f7a0e645255b
textures/flatlist/ovr_stm/_win/ros_hair_p4mc_sub_ovl_alp.bmp.ctxr,textures/flatlist/ovr_stm/_win,ros_hair_p4mc_sub_ovl_alp.bmp.ctxr,ros_hair_p4mc_sub_ovl_alp.bmp,ctxr,56160,a714cd23ef87f1cd421077b538ae65bf0b4eb721
textures/flatlist/ovr_stm/_win/ros_hair_p6mc_alp_ovl.bmp.ctxr,textures/flatlist/ovr_stm/_win,ros_hair_p6mc_alp_ovl.bmp.ctxr,ros_hair_p6mc_alp_ovl.bmp,ctxr,84608,756262899fdb0d91441c9c01cb2c0bd90228c59d
textures/flatlist/ovr_stm/_win/ros_handmc.bmp.ctxr,textures/flatlist/ovr_stm/_win,ros_handmc.bmp.ctxr,ros_handmc.bmp,ctxr,31680,c6950fa31c2e4196f21aef9fd6286c689c6ded4e
textures/flatlist/ovr_stm/_win/ros_handmc_ovl_sub_alp.bmp.ctxr,textures/flatlist/ovr_stm/_win,ros_handmc_ovl_sub_alp.bmp.ctxr,ros_handmc_ovl_sub_alp.bmp,ctxr,23712,13d3ebaf143006c5a12a74ab98cea66b9543257a
textures/flatlist/ovr_stm/_win/ros_hi_eyemc.bmp.ctxr,textures/flatlist/ovr_stm/_win,ros_hi_eyemc.bmp.ctxr,ros_hi_eyemc.bmp,ctxr,7168,45d85bbfd40b30a7489e0cd9b83efba8bc9a9f46
textures/flatlist/ovr_stm/_win/ros_hi_eyemc_ovl_sub_alp.bmp.ctxr,textures/flatlist/ovr_stm/_win,ros_hi_eyemc_ovl_sub_alp.bmp.ctxr,ros_hi_eyemc_ovl_sub_alp.bmp,ctxr,5344,a479b7b648cd220ffb88fcb14593a3a05a94f4f4
textures/flatlist/ovr_stm/_win/ros_hi_eyermc.bmp.ctxr,textures/flatlist/ovr_stm/_win,ros_hi_eyermc.bmp.ctxr,ros_hi_eyermc.bmp,ctxr,7168,024ae52f41112d2569159fd9cfcbc201fce3b197
textures/flatlist/ovr_stm/_win/ros_hi_eyermc_ovl_sub_alp.bmp.ctxr,textures/flatlist/ovr_stm/_win,ros_hi_eyermc_ovl_sub_alp.bmp.ctxr,ros_hi_eyermc_ovl_sub_alp.bmp,ctxr,5344,3ad073686e94514e9b6d8846c9fab2c4d17c7dd9
textures/flatlist/ovr_stm/_win/ros_hi_facemc.bmp.ctxr,textures/flatlist/ovr_stm/_win,ros_hi_facemc.bmp.ctxr,ros_hi_facemc.bmp,ctxr,326432,8669e14cbfd6785ce1cbfb7fb0cc3036e23e449c
textures/flatlist/ovr_stm/_win/ros_hi_facemc_ovl_sub_alp.bmp.ctxr,textures/flatlist/ovr_stm/_win,ros_hi_facemc_ovl_sub_alp.bmp.ctxr,ros_hi_facemc_ovl_sub_alp.bmp,ctxr,244768,84bc1cb1e8af9a4f93ac00dd52ae9a7f699eca6a
textures/flatlist/ovr_stm/_win/ros_hi_face_rmc.bmp.ctxr,textures/flatlist/ovr_stm/_win,ros_hi_face_rmc.bmp.ctxr,ros_hi_face_rmc.bmp,ctxr,326432,c7790d8c68dc7f2e13403f53b3015367832a4461
textures/flatlist/ovr_stm/_win/ros_hi_mtg_rmc_alp_ovl.bmp.ctxr,textures/flatlist/ovr_stm/_win,ros_hi_mtg_rmc_alp_ovl.bmp.ctxr,ros_hi_mtg_rmc_alp_ovl.bmp,ctxr,19488,d5cc057912cdf21226fe0d2b803fed45de064140
textures/flatlist/ovr_stm/_win/ros_hi_tang01dt.bmp.ctxr,textures/flatlist/ovr_stm/_win,ros_hi_tang01dt.bmp.ctxr,ros_hi_tang01dt.bmp,ctxr,5760,483742d6691de773a402e553188c908dfc95ef91
textures/flatlist/ovr_stm/_win/ros_hi_teeth_d.bmp.ctxr,textures/flatlist/ovr_stm/_win,ros_hi_teeth_d.bmp.ctxr,ros_hi_teeth_d.bmp,ctxr,9472,573b05c42a71ee46039beb0f4a27fb86fcd37659
textures/flatlist/ovr_stm/_win/ros_hi_teeth_u.bmp.ctxr,textures/flatlist/ovr_stm/_win,ros_hi_teeth_u.bmp.ctxr,ros_hi_teeth_u.bmp,ctxr,9472,63c74066620948f3096e3e12db5237920bc564ae
textures/flatlist/ovr_stm/_win/ros_hmc_ovl_mod1120_alp_emap.bmp.ctxr,textures/flatlist/ovr_stm/_win,ros_hmc_ovl_mod1120_alp_emap.bmp.ctxr,ros_hmc_ovl_mod1120_alp_emap.bmp,ctxr,34432,36d855f3d66764604225191aa3aff6a9accb6566
textures/flatlist/ovr_stm/_win/ros_id.bmp.ctxr,textures/flatlist/ovr_stm/_win,ros_id.bmp.ctxr,ros_id.bmp,ctxr,36544,841c7865cfaf9483366667b5b0eaf9b55a1384ac
textures/flatlist/ovr_stm/_win/ros_pants.bmp.ctxr,textures/flatlist/ovr_stm/_win,ros_pants.bmp.ctxr,ros_pants.bmp,ctxr,64128,164dea11f08aae1728da0fc8889cb1012ef396fc
textures/flatlist/ovr_stm/_win/ros_shirts2mc.bmp.ctxr,textures/flatlist/ovr_stm/_win,ros_shirts2mc.bmp.ctxr,ros_shirts2mc.bmp,ctxr,10528,f72f22014b87a1dcee88258d956ffe88d7450345
textures/flatlist/ovr_stm/_win/ros_shirtsmc.bmp.ctxr,textures/flatlist/ovr_stm/_win,ros_shirtsmc.bmp.ctxr,ros_shirtsmc.bmp,ctxr,21632,980e354653b1e75ee4ff9df1955474777257c990
textures/flatlist/ovr_stm/_win/ros_shoes.bmp.ctxr,textures/flatlist/ovr_stm/_win,ros_shoes.bmp.ctxr,ros_shoes.bmp,ctxr,19488,f7ad0a815c53bea561c7a0a7c70c7d7a29fd3cc0
textures/flatlist/ovr_stm/_win/saa_all_kimu.bmp.ctxr,textures/flatlist/ovr_stm/_win,saa_all_kimu.bmp.ctxr,saa_all_kimu.bmp,ctxr,44064,3cba04a67e5d3d8c89a33d71cbd11beae794fdcb
textures/flatlist/ovr_stm/_win/sbm_back_01.bmp.ctxr,textures/flatlist/ovr_stm/_win,sbm_back_01.bmp.ctxr,sbm_back_01.bmp,ctxr,147776,b33667daa5e999dc8d1d13afebeed0619691c168
textures/flatlist/ovr_stm/_win/sbm_body_01.bmp.ctxr,textures/flatlist/ovr_stm/_win,sbm_body_01.bmp.ctxr,sbm_body_01.bmp,ctxr,196960,cc9ba213e29f45edd726846db0b48da5dcfd0180
textures/flatlist/ovr_stm/_win/sbm_camera_01.bmp.ctxr,textures/flatlist/ovr_stm/_win,sbm_camera_01.bmp.ctxr,sbm_camera_01.bmp,ctxr,2304,6600c2fe8fdef54edced33e22e53d9ee75c02b38
textures/flatlist/ovr_stm/_win/sbm_head_02.bmp.ctxr,textures/flatlist/ovr_stm/_win,sbm_head_02.bmp.ctxr,sbm_head_02.bmp,ctxr,98656,7199c60d859de0e4575f0721440fb5bbdc427d3b
textures/flatlist/ovr_stm/_win/sbm_pera_cover_01.bmp.ctxr,textures/flatlist/ovr_stm/_win,sbm_pera_cover_01.bmp.ctxr,sbm_pera_cover_01.bmp,ctxr,6432,c7a7a99e73627f850445609340781d3e5a757419
textures/flatlist/ovr_stm/_win/sbm_stick_01.bmp.ctxr,textures/flatlist/ovr_stm/_win,sbm_stick_01.bmp.ctxr,sbm_stick_01.bmp,ctxr,2336,e0a1225d683726c8ada659bbdf87bf0959a15130
textures/flatlist/ovr_stm/_win/sbm_tank_01.bmp.ctxr,textures/flatlist/ovr_stm/_win,sbm_tank_01.bmp.ctxr,sbm_tank_01.bmp,ctxr,16736,f5c161a0c03c1ab1e986ebb64076184de574a59b
textures/flatlist/ovr_stm/_win/sbm_wing_01.bmp.ctxr,textures/flatlist/ovr_stm/_win,sbm_wing_01.bmp.ctxr,sbm_wing_01.bmp,ctxr,6432,fd63520ca7482897580f4a6d777201982922fc01
textures/flatlist/ovr_stm/_win/scm_sb_hammer.bmp.ctxr,textures/flatlist/ovr_stm/_win,scm_sb_hammer.bmp.ctxr,scm_sb_hammer.bmp,ctxr,1664,a2105156c23a9e5566cf92c328af4b2a63000a0b
textures/flatlist/ovr_stm/_win/scm_sb_s.bmp.ctxr,textures/flatlist/ovr_stm/_win,scm_sb_s.bmp.ctxr,scm_sb_s.bmp,ctxr,25888,36fc10f0000d0e8c86353c111467792922a9e6f4
textures/flatlist/ovr_stm/_win/scm_sb_sp.bmp.ctxr,textures/flatlist/ovr_stm/_win,scm_sb_sp.bmp.ctxr,scm_sb_sp.bmp,ctxr,7136,ef59d8f35407d1845b5d6467049a99685c6cb43a
textures/flatlist/ovr_stm/_win/scm_sb_temp.bmp.ctxr,textures/flatlist/ovr_stm/_win,scm_sb_temp.bmp.ctxr,scm_sb_temp.bmp,ctxr,13568,178c639c2913a84211edb15aeec38a4b1238054a
textures/flatlist/ovr_stm/_win/sel_arm_l.bmp.ctxr,textures/flatlist/ovr_stm/_win,sel_arm_l.bmp.ctxr,sel_arm_l.bmp,ctxr,41280,a54f866dba6197ddcedee6431c2b5f0ee41d472f
textures/flatlist/ovr_stm/_win/sel_arm_lblood.bmp.ctxr,textures/flatlist/ovr_stm/_win,sel_arm_lblood.bmp.ctxr,sel_arm_lblood.bmp,ctxr,41280,1a6a6b99fce7cdd86617f11e36f450a11a459b2a
textures/flatlist/ovr_stm/_win/sel_arm_r.bmp.ctxr,textures/flatlist/ovr_stm/_win,sel_arm_r.bmp.ctxr,sel_arm_r.bmp,ctxr,41280,872490964a77a12ec89366ce2d4a03c90baa1863
textures/flatlist/ovr_stm/_win/sel_arm_rblood.bmp.ctxr,textures/flatlist/ovr_stm/_win,sel_arm_rblood.bmp.ctxr,sel_arm_rblood.bmp,ctxr,41280,2a580550ad9994b1de45247f1ae2acd87af35dff
textures/flatlist/ovr_stm/_win/sel_arm_rblood2.bmp.ctxr,textures/flatlist/ovr_stm/_win,sel_arm_rblood2.bmp.ctxr,sel_arm_rblood2.bmp,ctxr,41280,386a86ab3e0fee277989f07a972e084804c97d6f
textures/flatlist/ovr_stm/_win/sel_bag1blood.bmp.ctxr,textures/flatlist/ovr_stm/_win,sel_bag1blood.bmp.ctxr,sel_bag1blood.bmp,ctxr,8480,6c3eb119ca94c576dab833267e5e9bedc1f04816
textures/flatlist/ovr_stm/_win/sel_bag2.bmp.ctxr,textures/flatlist/ovr_stm/_win,sel_bag2.bmp.ctxr,sel_bag2.bmp,ctxr,14624,b139257e3f9bda2280810442cd246304b942530d
textures/flatlist/ovr_stm/_win/sel_bag2blood.bmp.ctxr,textures/flatlist/ovr_stm/_win,sel_bag2blood.bmp.ctxr,sel_bag2blood.bmp,ctxr,14624,4e3c2645481513ae89b27eca9c701887fc96e1d2
textures/flatlist/ovr_stm/_win/sel_bag3.bmp.ctxr,textures/flatlist/ovr_stm/_win,sel_bag3.bmp.ctxr,sel_bag3.bmp,ctxr,13568,af17817f44f4275af9550adf895eeaef155c3630
textures/flatlist/ovr_stm/_win/sel_bag3blood.bmp.ctxr,textures/flatlist/ovr_stm/_win,sel_bag3blood.bmp.ctxr,sel_bag3blood.bmp,ctxr,13568,dc7e25cf805828f31fa92216cde12f0a57930769
textures/flatlist/ovr_stm/_win/sel_bag4.bmp.ctxr,textures/flatlist/ovr_stm/_win,sel_bag4.bmp.ctxr,sel_bag4.bmp,ctxr,11552,40453df5ea38877767ce68d2d745050681f863ea
textures/flatlist/ovr_stm/_win/sel_bag4blood.bmp.ctxr,textures/flatlist/ovr_stm/_win,sel_bag4blood.bmp.ctxr,sel_bag4blood.bmp,ctxr,11552,62655bda6c1eb77d613e201c19998f70e9d9b049
textures/flatlist/ovr_stm/_win/sel_belt.bmp.ctxr,textures/flatlist/ovr_stm/_win,sel_belt.bmp.ctxr,sel_belt.bmp,ctxr,11808,40550dd2846f93771bba06518360f6ef46deb142
textures/flatlist/ovr_stm/_win/sel_body.bmp.ctxr,textures/flatlist/ovr_stm/_win,sel_body.bmp.ctxr,sel_body.bmp,ctxr,80928,a00bf3f4b483dd990a3c6ee81b415926d376eee6
textures/flatlist/ovr_stm/_win/sel_bodyblood.bmp.ctxr,textures/flatlist/ovr_stm/_win,sel_bodyblood.bmp.ctxr,sel_bodyblood.bmp,ctxr,80928,667a4b38d7bd40cff8c7fcf9c2bc211eaae32b34
textures/flatlist/ovr_stm/_win/sel_bodyblood2.bmp.ctxr,textures/flatlist/ovr_stm/_win,sel_bodyblood2.bmp.ctxr,sel_bodyblood2.bmp,ctxr,80928,d1755e6e954455dabbaedd95c72d5e1c740a91ec
textures/flatlist/ovr_stm/_win/sel_bodyblood3.bmp.ctxr,textures/flatlist/ovr_stm/_win,sel_bodyblood3.bmp.ctxr,sel_bodyblood3.bmp,ctxr,80928,ed85ca04e1a10b0175a6d2185b5e4135caab8966
textures/flatlist/ovr_stm/_win/sel_boots.bmp.ctxr,textures/flatlist/ovr_stm/_win,sel_boots.bmp.ctxr,sel_boots.bmp,ctxr,47424,0f716ad2d6236e16b6dfe3ac9409c814f8fbc6d2
textures/flatlist/ovr_stm/_win/sel_eyebig_blood.bmp.ctxr,textures/flatlist/ovr_stm/_win,sel_eyebig_blood.bmp.ctxr,sel_eyebig_blood.bmp,ctxr,9856,7314ea40e432aa65d984e2fa527c56ef09dded75
textures/flatlist/ovr_stm/_win/sel_eyebig_surp.bmp.ctxr,textures/flatlist/ovr_stm/_win,sel_eyebig_surp.bmp.ctxr,sel_eyebig_surp.bmp,ctxr,9856,8c0c59c89fa4f18fc2e94c720f7f8095365c2b20
textures/flatlist/ovr_stm/_win/sel_eyelittle0.bmp.ctxr,textures/flatlist/ovr_stm/_win,sel_eyelittle0.bmp.ctxr,sel_eyelittle0.bmp,ctxr,4928,285348f50f03e990326b57a657b23f25f7bb2344
textures/flatlist/ovr_stm/_win/sel_eyelittle1.bmp.ctxr,textures/flatlist/ovr_stm/_win,sel_eyelittle1.bmp.ctxr,sel_eyelittle1.bmp,ctxr,4928,4e3e7d6ed1964de032874545074272fca3094362
textures/flatlist/ovr_stm/_win/sel_eye_a0.bmp.ctxr,textures/flatlist/ovr_stm/_win,sel_eye_a0.bmp.ctxr,sel_eye_a0.bmp,ctxr,4928,eb08832ae1cee8fa28c3ff1d22154412daab23ac
textures/flatlist/ovr_stm/_win/sel_eye_a1.bmp.ctxr,textures/flatlist/ovr_stm/_win,sel_eye_a1.bmp.ctxr,sel_eye_a1.bmp,ctxr,4928,62028aef5de9934534670d744558f3f501e88e3c
textures/flatlist/ovr_stm/_win/sel_eye_b0.bmp.ctxr,textures/flatlist/ovr_stm/_win,sel_eye_b0.bmp.ctxr,sel_eye_b0.bmp,ctxr,4928,44146962bd5978bac2b74cad134e895073e5d0b5
textures/flatlist/ovr_stm/_win/sel_eye_b1.bmp.ctxr,textures/flatlist/ovr_stm/_win,sel_eye_b1.bmp.ctxr,sel_eye_b1.bmp,ctxr,4928,a26dd8333c89b652a14b4bb5e020cc5bd705e9f6
textures/flatlist/ovr_stm/_win/sel_eye_b1_blood.bmp.ctxr,textures/flatlist/ovr_stm/_win,sel_eye_b1_blood.bmp.ctxr,sel_eye_b1_blood.bmp,ctxr,4928,a237df36d2d086acf8d518fe14ded685f2c19b62
textures/flatlist/ovr_stm/_win/sel_eye_c0.bmp.ctxr,textures/flatlist/ovr_stm/_win,sel_eye_c0.bmp.ctxr,sel_eye_c0.bmp,ctxr,4928,670ee15e18607b92f2f93fd7f7f169a748049b66
textures/flatlist/ovr_stm/_win/sel_eye_c1.bmp.ctxr,textures/flatlist/ovr_stm/_win,sel_eye_c1.bmp.ctxr,sel_eye_c1.bmp,ctxr,4928,75061cbc6d399bd0c6368e8efea3df0d932593bd
textures/flatlist/ovr_stm/_win/sel_eye_d0.bmp.ctxr,textures/flatlist/ovr_stm/_win,sel_eye_d0.bmp.ctxr,sel_eye_d0.bmp,ctxr,4928,7cd1e2f2d8f3986a2cc5a15bc13236821d629fc3
textures/flatlist/ovr_stm/_win/sel_eye_d1.bmp.ctxr,textures/flatlist/ovr_stm/_win,sel_eye_d1.bmp.ctxr,sel_eye_d1.bmp,ctxr,4928,270e6cc64f013d458c6c6b8679a3a0074a49f9c9
textures/flatlist/ovr_stm/_win/sel_eye_e0.bmp.ctxr,textures/flatlist/ovr_stm/_win,sel_eye_e0.bmp.ctxr,sel_eye_e0.bmp,ctxr,4928,d182ab166d4510d1d5bfa7924b4da159edbd3f55
textures/flatlist/ovr_stm/_win/sel_eye_e1.bmp.ctxr,textures/flatlist/ovr_stm/_win,sel_eye_e1.bmp.ctxr,sel_eye_e1.bmp,ctxr,4928,503884b248ac227490b019af75cf40511b005a25
textures/flatlist/ovr_stm/_win/sel_folder.bmp.ctxr,textures/flatlist/ovr_stm/_win,sel_folder.bmp.ctxr,sel_folder.bmp,ctxr,29280,a5925ab191a8dfe12534c5925fabba1a8359f406
textures/flatlist/ovr_stm/_win/sel_hand.bmp.ctxr,textures/flatlist/ovr_stm/_win,sel_hand.bmp.ctxr,sel_hand.bmp,ctxr,30720,72a244db1ac0d7f90f9963b8d7ee98c693f6804f
textures/flatlist/ovr_stm/_win/sel_leg.bmp.ctxr,textures/flatlist/ovr_stm/_win,sel_leg.bmp.ctxr,sel_leg.bmp,ctxr,91872,b216044199edbf6964f72ee3966016c630e4d862
textures/flatlist/ovr_stm/_win/sel_legblood2.bmp.ctxr,textures/flatlist/ovr_stm/_win,sel_legblood2.bmp.ctxr,sel_legblood2.bmp,ctxr,91872,9d322b27fac8d396e6b3194eaaeef5ebceb9145f
textures/flatlist/ovr_stm/_win/sel_mask.bmp.ctxr,textures/flatlist/ovr_stm/_win,sel_mask.bmp.ctxr,sel_mask.bmp,ctxr,43328,7af54e889cbd545d8d4c13178a82025c7e6ae7d8
textures/flatlist/ovr_stm/_win/sel_mask_blood2.bmp.ctxr,textures/flatlist/ovr_stm/_win,sel_mask_blood2.bmp.ctxr,sel_mask_blood2.bmp,ctxr,43328,2222eb35b8638268db2f8b93dc33ff7e01cbdcf3
textures/flatlist/ovr_stm/_win/sel_mask_blood3.bmp.ctxr,textures/flatlist/ovr_stm/_win,sel_mask_blood3.bmp.ctxr,sel_mask_blood3.bmp,ctxr,43328,ec106ba4df2c04771ed8c52d6ac69381724448aa
textures/flatlist/ovr_stm/_win/sel_sling1_alp_ovl.bmp.ctxr,textures/flatlist/ovr_stm/_win,sel_sling1_alp_ovl.bmp.ctxr,sel_sling1_alp_ovl.bmp,ctxr,960,393101b73116ed4cecf04fa698b91c81168c5873
textures/flatlist/ovr_stm/_win/sel_sling2_alp_ovl.bmp.ctxr,textures/flatlist/ovr_stm/_win,sel_sling2_alp_ovl.bmp.ctxr,sel_sling2_alp_ovl.bmp,ctxr,960,3ea596083ef3dd5e6488d1ee114c29ffcc7bddd6
textures/flatlist/ovr_stm/_win/sel_sling3.bmp.ctxr,textures/flatlist/ovr_stm/_win,sel_sling3.bmp.ctxr,sel_sling3.bmp,ctxr,576,babe9b51dee6c28e4c3d853f73fb1a538ab677d7
textures/flatlist/ovr_stm/_win/sen2.bmp.ctxr,textures/flatlist/ovr_stm/_win,sen2.bmp.ctxr,sen2.bmp,ctxr,41760,11ff40653319d30c7e7dc71a18623e929b61b6e3
textures/flatlist/ovr_stm/_win/shuukanshi_01.bmp.ctxr,textures/flatlist/ovr_stm/_win,shuukanshi_01.bmp.ctxr,shuukanshi_01.bmp,ctxr,37152,6dfa1982149f84d082e7488967a004ba323c49b6
textures/flatlist/ovr_stm/_win/sna_arm_ss.bmp.ctxr,textures/flatlist/ovr_stm/_win,sna_arm_ss.bmp.ctxr,sna_arm_ss.bmp,ctxr,51488,c9816b30d16a38fdbfd337940d81c90b921403fb
textures/flatlist/ovr_stm/_win/sna_bandana_msk.bmp.ctxr,textures/flatlist/ovr_stm/_win,sna_bandana_msk.bmp.ctxr,sna_bandana_msk.bmp,ctxr,8512,abab504225228a8b2c74e928618b8f1ec15abaa8
textures/flatlist/ovr_stm/_win/sna_belt_leg.bmp.ctxr,textures/flatlist/ovr_stm/_win,sna_belt_leg.bmp.ctxr,sna_belt_leg.bmp,ctxr,3552,90f7dee3db80413d5bf251365ccf4a2d41da2d9f
textures/flatlist/ovr_stm/_win/sna_body_ss01dt.bmp.ctxr,textures/flatlist/ovr_stm/_win,sna_body_ss01dt.bmp.ctxr,sna_body_ss01dt.bmp,ctxr,136864,542d93c583b27abdf6a03d937c2a772b9cf6e88b
textures/flatlist/ovr_stm/_win/sna_foot01dt.bmp.ctxr,textures/flatlist/ovr_stm/_win,sna_foot01dt.bmp.ctxr,sna_foot01dt.bmp,ctxr,10240,2508b5d34858ae5d9a7f2b0b2c43f2e15b41baef
textures/flatlist/ovr_stm/_win/sna_hair1_alp_ovl.bmp.ctxr,textures/flatlist/ovr_stm/_win,sna_hair1_alp_ovl.bmp.ctxr,sna_hair1_alp_ovl.bmp,ctxr,55456,8e5783759ee1134a5a277addceba876cbbe30bb9
textures/flatlist/ovr_stm/_win/sna_hair2dt_alp_ovl.bmp.ctxr,textures/flatlist/ovr_stm/_win,sna_hair2dt_alp_ovl.bmp.ctxr,sna_hair2dt_alp_ovl.bmp,ctxr,87744,2828e648c8d125f2a3edbd984067abf091f4c14d
textures/flatlist/ovr_stm/_win/sna_hair3.bmp.ctxr,textures/flatlist/ovr_stm/_win,sna_hair3.bmp.ctxr,sna_hair3.bmp,ctxr,11264,1b2c7457553cd1f02d7fa76b5bd9848d51ddfce4
textures/flatlist/ovr_stm/_win/sna_hand1dt.bmp.ctxr,textures/flatlist/ovr_stm/_win,sna_hand1dt.bmp.ctxr,sna_hand1dt.bmp,ctxr,11264,35f839a7d2cc7c67ef60fadc16d15651d05963fe
textures/flatlist/ovr_stm/_win/sna_hand2.bmp.ctxr,textures/flatlist/ovr_stm/_win,sna_hand2.bmp.ctxr,sna_hand2.bmp,ctxr,576,3f26bcf9ed010af5a1a527632932b4721a6d5d03
textures/flatlist/ovr_stm/_win/sna_hi_bdn01dt.bmp.ctxr,textures/flatlist/ovr_stm/_win,sna_hi_bdn01dt.bmp.ctxr,sna_hi_bdn01dt.bmp,ctxr,21152,055eb4223dc1184cf1bc59ac0186164eb38e2835
textures/flatlist/ovr_stm/_win/sna_hi_ela01_alp_ovl.bmp.ctxr,textures/flatlist/ovr_stm/_win,sna_hi_ela01_alp_ovl.bmp.ctxr,sna_hi_ela01_alp_ovl.bmp,ctxr,13600,aa5e7bd87083c4308e36da3c2fb1f950e8d05fc9
textures/flatlist/ovr_stm/_win/sna_hi_eye01dt.bmp.ctxr,textures/flatlist/ovr_stm/_win,sna_hi_eye01dt.bmp.ctxr,sna_hi_eye01dt.bmp,ctxr,2304,6ee772ff8713a4e29577459308e85571541ddcf5
textures/flatlist/ovr_stm/_win/sna_hi_face01dt.bmp.ctxr,textures/flatlist/ovr_stm/_win,sna_hi_face01dt.bmp.ctxr,sna_hi_face01dt.bmp,ctxr,333504,5e9e8f411fcc1374d4cedebb2a882860fa619b6e
textures/flatlist/ovr_stm/_win/sna_leg_r01dt.bmp.ctxr,textures/flatlist/ovr_stm/_win,sna_leg_r01dt.bmp.ctxr,sna_leg_r01dt.bmp,ctxr,16512,367ff4c8546e0797f0fd79e4be923e7cb0dc18fd
textures/flatlist/ovr_stm/_win/sna_leg_ss.bmp.ctxr,textures/flatlist/ovr_stm/_win,sna_leg_ss.bmp.ctxr,sna_leg_ss.bmp,ctxr,52224,e4a7044cbd1fa3baf6e5f49af68c219067073a90
textures/flatlist/ovr_stm/_win/sna_m9_glip.bmp.ctxr,textures/flatlist/ovr_stm/_win,sna_m9_glip.bmp.ctxr,sna_m9_glip.bmp,ctxr,8000,2fdc8dc91dce84c25eed6eeea00ea174b30d5bf8
textures/flatlist/ovr_stm/_win/sna_p1dt.bmp.ctxr,textures/flatlist/ovr_stm/_win,sna_p1dt.bmp.ctxr,sna_p1dt.bmp,ctxr,11040,484a290cdce796d86ec592fcb30879b3b6dbaaea
textures/flatlist/ovr_stm/_win/sna_shoul01dt.bmp.ctxr,textures/flatlist/ovr_stm/_win,sna_shoul01dt.bmp.ctxr,sna_shoul01dt.bmp,ctxr,24928,9c9d95604bf9db6bca757a3ba4796c2b58c3c36a
textures/flatlist/ovr_stm/_win/sna_toe01dt.bmp.ctxr,textures/flatlist/ovr_stm/_win,sna_toe01dt.bmp.ctxr,sna_toe01dt.bmp,ctxr,16992,0975f2c7fe1ad04708a9acef041d982824e7afc7
textures/flatlist/ovr_stm/_win/sofa00.bmp.ctxr,textures/flatlist/ovr_stm/_win,sofa00.bmp.ctxr,sofa00.bmp,ctxr,33088,48ab20bd2bf0bb55f2be5821c58011bb3de12d8a
textures/flatlist/ovr_stm/_win/sofa01.bmp.ctxr,textures/flatlist/ovr_stm/_win,sofa01.bmp.ctxr,sofa01.bmp,ctxr,22176,b9cfd6009c499cfdc81bee02d19b959c63f8739c
textures/flatlist/ovr_stm/_win/sohakopfr.bmp.ctxr,textures/flatlist/ovr_stm/_win,sohakopfr.bmp.ctxr,sohakopfr.bmp,ctxr,17184,474d429022e07f48d12b7c996381bce2bd8c0401
textures/flatlist/ovr_stm/_win/sohakopsideup.bmp.ctxr,textures/flatlist/ovr_stm/_win,sohakopsideup.bmp.ctxr,sohakopsideup.bmp,ctxr,10560,64461b939753ef049eb53d4976d0d4a32d9afd5b
textures/flatlist/ovr_stm/_win/sol_hige_alp_ovl.bmp.ctxr,textures/flatlist/ovr_stm/_win,sol_hige_alp_ovl.bmp.ctxr,sol_hige_alp_ovl.bmp,ctxr,11072,ae3c4ec1823a716c8919587e07d4c7fa5eacab0f
textures/flatlist/ovr_stm/_win/sol_hi_face02_ovl_sub_alp.bmp.ctxr,textures/flatlist/ovr_stm/_win,sol_hi_face02_ovl_sub_alp.bmp.ctxr,sol_hi_face02_ovl_sub_alp.bmp,ctxr,272160,ef3fe2e4491016c7f53c8d9f7b469d3932269075
textures/flatlist/ovr_stm/_win/sol_hi_face02_tmp.bmp.ctxr,textures/flatlist/ovr_stm/_win,sol_hi_face02_tmp.bmp.ctxr,sol_hi_face02_tmp.bmp,ctxr,363008,8b1884a1e8c8dddffc853027c5556960e7a8829b
textures/flatlist/ovr_stm/_win/sol_hi_face_d1_ovl_sub_alp.bmp.ctxr,textures/flatlist/ovr_stm/_win,sol_hi_face_d1_ovl_sub_alp.bmp.ctxr,sol_hi_face_d1_ovl_sub_alp.bmp,ctxr,468640,25cfb107106e58330be3ce19a9053608ede0f93e
textures/flatlist/ovr_stm/_win/sol_hi_face_d2_ovl_sub_alp.bmp.ctxr,textures/flatlist/ovr_stm/_win,sol_hi_face_d2_ovl_sub_alp.bmp.ctxr,sol_hi_face_d2_ovl_sub_alp.bmp,ctxr,67360,42ea1f1cbb3d2002b89bab5f3d8f11155a494589
textures/flatlist/ovr_stm/_win/sol_hi_face_dt01.bmp.ctxr,textures/flatlist/ovr_stm/_win,sol_hi_face_dt01.bmp.ctxr,sol_hi_face_dt01.bmp,ctxr,624960,78bc4f41e7b2185de6ff811495bc9dd9e45bc0db
textures/flatlist/ovr_stm/_win/sol_hi_face_dt02.bmp.ctxr,textures/flatlist/ovr_stm/_win,sol_hi_face_dt02.bmp.ctxr,sol_hi_face_dt02.bmp,ctxr,89920,e4d76fa2f7f73105970ce19cb89c8d874e03518d
textures/flatlist/ovr_stm/_win/sol_hri_arm01.bmp.ctxr,textures/flatlist/ovr_stm/_win,sol_hri_arm01.bmp.ctxr,sol_hri_arm01.bmp,ctxr,49344,f873865a78545b217ec426bfa24a076cce505e53
textures/flatlist/ovr_stm/_win/sol_hri_belt01.bmp.ctxr,textures/flatlist/ovr_stm/_win,sol_hri_belt01.bmp.ctxr,sol_hri_belt01.bmp,ctxr,2144,b8bf7ec267600191dc3192304fe3b6045333f969
textures/flatlist/ovr_stm/_win/sol_hri_body01.bmp.ctxr,textures/flatlist/ovr_stm/_win,sol_hri_body01.bmp.ctxr,sol_hri_body01.bmp,ctxr,43840,97cb14e0cdd7e891e1ec36100f7f9eaf33dc449e
textures/flatlist/ovr_stm/_win/sol_hri_body02.bmp.ctxr,textures/flatlist/ovr_stm/_win,sol_hri_body02.bmp.ctxr,sol_hri_body02.bmp,ctxr,39904,ea0f8a85bc135f1df9b7847580e7c0beb9897167
textures/flatlist/ovr_stm/_win/sol_hri_face01.bmp.ctxr,textures/flatlist/ovr_stm/_win,sol_hri_face01.bmp.ctxr,sol_hri_face01.bmp,ctxr,57152,9f56703a9e4b8cda3d3fbe132b306dae8cc8cd73
textures/flatlist/ovr_stm/_win/sol_hri_hair01.bmp.ctxr,textures/flatlist/ovr_stm/_win,sol_hri_hair01.bmp.ctxr,sol_hri_hair01.bmp,ctxr,42432,f7dbbde337076cbf18f7067dc1a857b481ee7920
textures/flatlist/ovr_stm/_win/sol_hri_leg01.bmp.ctxr,textures/flatlist/ovr_stm/_win,sol_hri_leg01.bmp.ctxr,sol_hri_leg01.bmp,ctxr,32544,8673f38dfce1ecc367a4db42ebcd44912ea68fa1
textures/flatlist/ovr_stm/_win/sol_hri_muscle01.bmp.ctxr,textures/flatlist/ovr_stm/_win,sol_hri_muscle01.bmp.ctxr,sol_hri_muscle01.bmp,ctxr,22176,8bf5988d5fa6bb630c3aff53b404b56a1af02aea
textures/flatlist/ovr_stm/_win/sol_hri_neck01.bmp.ctxr,textures/flatlist/ovr_stm/_win,sol_hri_neck01.bmp.ctxr,sol_hri_neck01.bmp,ctxr,4384,4b40b6e0b917c5ead41282eb631b59292b9cafd8
textures/flatlist/ovr_stm/_win/sol_hri_shoulder01.bmp.ctxr,textures/flatlist/ovr_stm/_win,sol_hri_shoulder01.bmp.ctxr,sol_hri_shoulder01.bmp,ctxr,19424,f56a95b4b06e7261fcb79af61c426cfcab49721e
textures/flatlist/ovr_stm/_win/sol_leg_2_n.bmp.ctxr,textures/flatlist/ovr_stm/_win,sol_leg_2_n.bmp.ctxr,sol_leg_2_n.bmp,ctxr,37536,ae8bb27ea7375da20feedadf5f9c4e9ee85e7e6d
textures/flatlist/ovr_stm/_win/sol_leg_dt01.bmp.ctxr,textures/flatlist/ovr_stm/_win,sol_leg_dt01.bmp.ctxr,sol_leg_dt01.bmp,ctxr,69408,393a555cb8230ce8570eb82d3405a3b8d0767ecf
textures/flatlist/ovr_stm/_win/sol_leg_dt02.bmp.ctxr,textures/flatlist/ovr_stm/_win,sol_leg_dt02.bmp.ctxr,sol_leg_dt02.bmp,ctxr,10240,d1d9fc1dd87cc84e7d52cfcae97694c18d300ad3
textures/flatlist/ovr_stm/_win/sol_leg_dt03.bmp.ctxr,textures/flatlist/ovr_stm/_win,sol_leg_dt03.bmp.ctxr,sol_leg_dt03.bmp,ctxr,37536,f552788e8b7ce75d06483e9d6591dd5e6984a32d
textures/flatlist/ovr_stm/_win/sol_leg_dt04.bmp.ctxr,textures/flatlist/ovr_stm/_win,sol_leg_dt04.bmp.ctxr,sol_leg_dt04.bmp,ctxr,19904,cb52d3dfe4c923c65b25182fbdda3c5646f08d07
textures/flatlist/ovr_stm/_win/sol_leg_dt05.bmp.ctxr,textures/flatlist/ovr_stm/_win,sol_leg_dt05.bmp.ctxr,sol_leg_dt05.bmp,ctxr,7104,0785edb65a187fd41303cb8941a4cd71743e7250
textures/flatlist/ovr_stm/_win/sol_leg_n_1.bmp.ctxr,textures/flatlist/ovr_stm/_win,sol_leg_n_1.bmp.ctxr,sol_leg_n_1.bmp,ctxr,69408,d38db97a6cf1dbfef61aa5febc9667989951d6d7
textures/flatlist/ovr_stm/_win/sol_leg_pad_n.bmp.ctxr,textures/flatlist/ovr_stm/_win,sol_leg_pad_n.bmp.ctxr,sol_leg_pad_n.bmp,ctxr,10240,b3c68069a3196fcbe84ef2adca3aead10b43c949
textures/flatlist/ovr_stm/_win/sol_leg_sune_n.bmp.ctxr,textures/flatlist/ovr_stm/_win,sol_leg_sune_n.bmp.ctxr,sol_leg_sune_n.bmp,ctxr,19904,fdb34e49202af1f536ff041dd71e501e9b5024c8
textures/flatlist/ovr_stm/_win/sol_mant_n_alp_ovl.bmp.ctxr,textures/flatlist/ovr_stm/_win,sol_mant_n_alp_ovl.bmp.ctxr,sol_mant_n_alp_ovl.bmp,ctxr,161600,26e643a525a99cf9f434a119958f0b59d645ec67
textures/flatlist/ovr_stm/_win/sol_mant_n_ovl_sub_alp.bmp.ctxr,textures/flatlist/ovr_stm/_win,sol_mant_n_ovl_sub_alp.bmp.ctxr,sol_mant_n_ovl_sub_alp.bmp,ctxr,121120,08307d7e786607296c610e9e07aed4578d295f4b
textures/flatlist/ovr_stm/_win/sol_mayu_alp_ovl.bmp.ctxr,textures/flatlist/ovr_stm/_win,sol_mayu_alp_ovl.bmp.ctxr,sol_mayu_alp_ovl.bmp,ctxr,7936,7d13f941e66bc25a05474291b682cf8ed5dc6e9c
textures/flatlist/ovr_stm/_win/sol_neck_i_dt.bmp.ctxr,textures/flatlist/ovr_stm/_win,sol_neck_i_dt.bmp.ctxr,sol_neck_i_dt.bmp,ctxr,8800,3015338100c16a6aa3f58a2672fd13ef4666cc0b
textures/flatlist/ovr_stm/_win/sol_ovl_mod1120_alp_emap.bmp.ctxr,textures/flatlist/ovr_stm/_win,sol_ovl_mod1120_alp_emap.bmp.ctxr,sol_ovl_mod1120_alp_emap.bmp,ctxr,34432,e30561962c23c054f2851fda38c783f4a6d216ce
textures/flatlist/ovr_stm/_win/sol_sarm_chest.bmp.ctxr,textures/flatlist/ovr_stm/_win,sol_sarm_chest.bmp.ctxr,sol_sarm_chest.bmp,ctxr,32256,bc54110b0295c329f946aed5909d5f7d47425dc9
textures/flatlist/ovr_stm/_win/sol_sarm_chest_moji_ovl_alp.bmp.ctxr,textures/flatlist/ovr_stm/_win,sol_sarm_chest_moji_ovl_alp.bmp.ctxr,sol_sarm_chest_moji_ovl_alp.bmp,ctxr,7424,afa0ea1c451dc143333de9b792813953e2ad6b11
textures/flatlist/ovr_stm/_win/sol_sarm_chest_ovl_sub_alp.bmp.ctxr,textures/flatlist/ovr_stm/_win,sol_sarm_chest_ovl_sub_alp.bmp.ctxr,sol_sarm_chest_ovl_sub_alp.bmp,ctxr,24160,4f828a1239547c8fa6c6a85a9dd9bed3788168ed
textures/flatlist/ovr_stm/_win/sol_sarm_top.bmp.ctxr,textures/flatlist/ovr_stm/_win,sol_sarm_top.bmp.ctxr,sol_sarm_top.bmp,ctxr,22176,c115b212d79c1801e3fd69e7b0f4d586721b272a
textures/flatlist/ovr_stm/_win/sol_sarm_tube1.bmp.ctxr,textures/flatlist/ovr_stm/_win,sol_sarm_tube1.bmp.ctxr,sol_sarm_tube1.bmp,ctxr,22848,91facf5d45746eaff6291bdd85725a90b7f04d8b
textures/flatlist/ovr_stm/_win/sol_sarm_tube1_ovl_sub_alp.bmp.ctxr,textures/flatlist/ovr_stm/_win,sol_sarm_tube1_ovl_sub_alp.bmp.ctxr,sol_sarm_tube1_ovl_sub_alp.bmp,ctxr,17056,34e49560276b680be3f7a33f2b2373417a5cf42c
textures/flatlist/ovr_stm/_win/sol_sarm_tube2.bmp.ctxr,textures/flatlist/ovr_stm/_win,sol_sarm_tube2.bmp.ctxr,sol_sarm_tube2.bmp,ctxr,34080,318e5be50db90b9a35aaa641af9b74f96282be94
textures/flatlist/ovr_stm/_win/sol_sarm_tube2_ovl_sub_alp.bmp.ctxr,textures/flatlist/ovr_stm/_win,sol_sarm_tube2_ovl_sub_alp.bmp.ctxr,sol_sarm_tube2_ovl_sub_alp.bmp,ctxr,25504,c3f645569e34853dddc176e97320522da866cfc4
textures/flatlist/ovr_stm/_win/sol_sarm_tube3.bmp.ctxr,textures/flatlist/ovr_stm/_win,sol_sarm_tube3.bmp.ctxr,sol_sarm_tube3.bmp,ctxr,11584,86b4a123e614637f6e6d75734eda7087836bc47a
textures/flatlist/ovr_stm/_win/sol_sarm_tube4.bmp.ctxr,textures/flatlist/ovr_stm/_win,sol_sarm_tube4.bmp.ctxr,sol_sarm_tube4.bmp,ctxr,26560,20c3718a25f292fe7dc4432050a38f63e65c21e6
textures/flatlist/ovr_stm/_win/sol_sarm_tube4_ovl_sub_alp.bmp.ctxr,textures/flatlist/ovr_stm/_win,sol_sarm_tube4_ovl_sub_alp.bmp.ctxr,sol_sarm_tube4_ovl_sub_alp.bmp,ctxr,19872,51b4584ab7f668de2de314279366d71529b3ee1e
textures/flatlist/ovr_stm/_win/sol_sarm_tume.bmp.ctxr,textures/flatlist/ovr_stm/_win,sol_sarm_tume.bmp.ctxr,sol_sarm_tume.bmp,ctxr,3040,c32aa4f02dcc8a4ea2249757708f107566d4cca3
textures/flatlist/ovr_stm/_win/sol_sa_bone_dt.bmp.ctxr,textures/flatlist/ovr_stm/_win,sol_sa_bone_dt.bmp.ctxr,sol_sa_bone_dt.bmp,ctxr,12608,b348c724e3f74bae997fcfecc3102d4790bad680
textures/flatlist/ovr_stm/_win/sol_sa_chest_dt.bmp.ctxr,textures/flatlist/ovr_stm/_win,sol_sa_chest_dt.bmp.ctxr,sol_sa_chest_dt.bmp,ctxr,32256,260c6f9b6e39ddd226ac4aabc8297764f94c8d43
textures/flatlist/ovr_stm/_win/sol_sa_chest_dt_ovl_sub_alp.bmp.ctxr,textures/flatlist/ovr_stm/_win,sol_sa_chest_dt_ovl_sub_alp.bmp.ctxr,sol_sa_chest_dt_ovl_sub_alp.bmp,ctxr,24160,5c5cbab30006d7c35ea8babf647e978916702448
textures/flatlist/ovr_stm/_win/sol_sa_claw_dt.bmp.ctxr,textures/flatlist/ovr_stm/_win,sol_sa_claw_dt.bmp.ctxr,sol_sa_claw_dt.bmp,ctxr,3040,2b2036d842bae243a7c21654cbd529ca9470a17e
textures/flatlist/ovr_stm/_win/sol_sa_ovl_mod1120_alp_emap.bmp.ctxr,textures/flatlist/ovr_stm/_win,sol_sa_ovl_mod1120_alp_emap.bmp.ctxr,sol_sa_ovl_mod1120_alp_emap.bmp,ctxr,5760,23844e6ff213acfd29a3de515bd88f9e88a37c15
textures/flatlist/ovr_stm/_win/sol_sa_top_dt01.bmp.ctxr,textures/flatlist/ovr_stm/_win,sol_sa_top_dt01.bmp.ctxr,sol_sa_top_dt01.bmp,ctxr,22176,42906c446db2591e7758d6167ad293f504d8a5a9
textures/flatlist/ovr_stm/_win/sol_sa_tube_dt01.bmp.ctxr,textures/flatlist/ovr_stm/_win,sol_sa_tube_dt01.bmp.ctxr,sol_sa_tube_dt01.bmp,ctxr,22848,1aeb9caa23aba4823becab1f77a7857324f6f835
textures/flatlist/ovr_stm/_win/sol_sa_tube_dt02.bmp.ctxr,textures/flatlist/ovr_stm/_win,sol_sa_tube_dt02.bmp.ctxr,sol_sa_tube_dt02.bmp,ctxr,34080,2352534f76213dfc25a1313a0faab3e03c429db8
textures/flatlist/ovr_stm/_win/sol_sa_tu_dt01_ovl_sub_alp.bmp.ctxr,textures/flatlist/ovr_stm/_win,sol_sa_tu_dt01_ovl_sub_alp.bmp.ctxr,sol_sa_tu_dt01_ovl_sub_alp.bmp,ctxr,17056,a6dce3a1cb162a84a67fe199a8f7e69e4d338a46
textures/flatlist/ovr_stm/_win/sol_sa_tu_dt03_ovl_sub_alp.bmp.ctxr,textures/flatlist/ovr_stm/_win,sol_sa_tu_dt03_ovl_sub_alp.bmp.ctxr,sol_sa_tu_dt03_ovl_sub_alp.bmp,ctxr,10016,d2ef7026d563118a0cddea5af873e25cf5b3e138
textures/flatlist/ovr_stm/_win/sol_sa_tu_dt04_ovl_sub_alp.bmp.ctxr,textures/flatlist/ovr_stm/_win,sol_sa_tu_dt04_ovl_sub_alp.bmp.ctxr,sol_sa_tu_dt04_ovl_sub_alp.bmp,ctxr,39584,95124b3b9e3e2148cb4c189b735980c495dc8ed7
textures/flatlist/ovr_stm/_win/sol_shoes1_n.bmp.ctxr,textures/flatlist/ovr_stm/_win,sol_shoes1_n.bmp.ctxr,sol_shoes1_n.bmp,ctxr,5376,e7b060748a6b74ed26e39bff6ffb8826c90290f8
textures/flatlist/ovr_stm/_win/sol_shoes1_n_ovl_sub_alp.bmp.ctxr,textures/flatlist/ovr_stm/_win,sol_shoes1_n_ovl_sub_alp.bmp.ctxr,sol_shoes1_n_ovl_sub_alp.bmp,ctxr,4000,a2175689dbefaf111ccd3dc1694a26023a9b136c
textures/flatlist/ovr_stm/_win/sol_shoes2_n.bmp.ctxr,textures/flatlist/ovr_stm/_win,sol_shoes2_n.bmp.ctxr,sol_shoes2_n.bmp,ctxr,4544,81442fb29b9576572f5590a0426e5fe9253f5129
textures/flatlist/ovr_stm/_win/sol_shoes2_n_ovl_sub_alp.bmp.ctxr,textures/flatlist/ovr_stm/_win,sol_shoes2_n_ovl_sub_alp.bmp.ctxr,sol_shoes2_n_ovl_sub_alp.bmp,ctxr,3360,25baef4314041c0203f6abb3839610cb67bc0499
textures/flatlist/ovr_stm/_win/sol_shoulder_dt.bmp.ctxr,textures/flatlist/ovr_stm/_win,sol_shoulder_dt.bmp.ctxr,sol_shoulder_dt.bmp,ctxr,45088,52a47559e4bf3994063b376889df43b74e51411f
textures/flatlist/ovr_stm/_win/sol_shoulder_dt_ovl_sub_alp.bmp.ctxr,textures/flatlist/ovr_stm/_win,sol_shoulder_dt_ovl_sub_alp.bmp.ctxr,sol_shoulder_dt_ovl_sub_alp.bmp,ctxr,33760,6f629daf0d3f78ad56175571b3466cb209e13915
textures/flatlist/ovr_stm/_win/sol_shoulder_n_1.bmp.ctxr,textures/flatlist/ovr_stm/_win,sol_shoulder_n_1.bmp.ctxr,sol_shoulder_n_1.bmp,ctxr,45088,1429d7e0b5936e9e09d382789c992a04bea7afe5
textures/flatlist/ovr_stm/_win/sol_shoulder_n_ovl_sub_alp.bmp.ctxr,textures/flatlist/ovr_stm/_win,sol_shoulder_n_ovl_sub_alp.bmp.ctxr,sol_shoulder_n_ovl_sub_alp.bmp,ctxr,33760,51e85a5c54bb0b51d2fd8353abd1b86118347d88
textures/flatlist/ovr_stm/_win/sol_usa.bmp.ctxr,textures/flatlist/ovr_stm/_win,sol_usa.bmp.ctxr,sol_usa.bmp,ctxr,1952,65a52a3dee9d07a0574595f6bdcb6ba024517095
textures/flatlist/ovr_stm/_win/sopelem_body_01.bmp.ctxr,textures/flatlist/ovr_stm/_win,sopelem_body_01.bmp.ctxr,sopelem_body_01.bmp,ctxr,3040,3958d5d4b02b2c8b12c795fb375456b540425859
textures/flatlist/ovr_stm/_win/sopelem_renz_01.bmp.ctxr,textures/flatlist/ovr_stm/_win,sopelem_renz_01.bmp.ctxr,sopelem_renz_01.bmp,ctxr,2368,db75346a8bbc0dd57b22402d6171c20418745237
textures/flatlist/ovr_stm/_win/soyunaka.bmp.ctxr,textures/flatlist/ovr_stm/_win,soyunaka.bmp.ctxr,soyunaka.bmp,ctxr,20800,26684a4017c4c1be94bbd5f24c22a66cd4a7c677
textures/flatlist/ovr_stm/_win/soyunatate.bmp.ctxr,textures/flatlist/ovr_stm/_win,soyunatate.bmp.ctxr,soyunatate.bmp,ctxr,57728,71d0ebedb15a3c0e40d3f744fac9e2db76b2ef80
textures/flatlist/ovr_stm/_win/soyunatateh.bmp.ctxr,textures/flatlist/ovr_stm/_win,soyunatateh.bmp.ctxr,soyunatateh.bmp,ctxr,27168,d62119e1944020048597afcb55e41f0f9015fac6
textures/flatlist/ovr_stm/_win/soyutop2.bmp.ctxr,textures/flatlist/ovr_stm/_win,soyutop2.bmp.ctxr,soyutop2.bmp,ctxr,136864,da66120d88a9184f4303b4bf37fc705f0e7bf119
textures/flatlist/ovr_stm/_win/soyutop2h.bmp.ctxr,textures/flatlist/ovr_stm/_win,soyutop2h.bmp.ctxr,soyutop2h.bmp,ctxr,136864,91342a889d44fd0ffd652131430813b3c7791b77
textures/flatlist/ovr_stm/_win/soyutop2hw.bmp.ctxr,textures/flatlist/ovr_stm/_win,soyutop2hw.bmp.ctxr,soyutop2hw.bmp,ctxr,136864,7fc89ffb563ac1af269bd4e540e684dedfe887c1
textures/flatlist/ovr_stm/_win/soyutoph.bmp.ctxr,textures/flatlist/ovr_stm/_win,soyutoph.bmp.ctxr,soyutoph.bmp,ctxr,153920,9715ebd6550e992455107b4f031cbb1a03e32cae
textures/flatlist/ovr_stm/_win/so_bean_lig.bmp.ctxr,textures/flatlist/ovr_stm/_win,so_bean_lig.bmp.ctxr,so_bean_lig.bmp,ctxr,37152,04822e559ef0f5431d6a52f26ddb94113ce24c92
textures/flatlist/ovr_stm/_win/so_bean_sh.bmp.ctxr,textures/flatlist/ovr_stm/_win,so_bean_sh.bmp.ctxr,so_bean_sh.bmp,ctxr,37152,475db2081663463b650d22353dfa0a874a55eac1
textures/flatlist/ovr_stm/_win/so_hakokt.bmp.ctxr,textures/flatlist/ovr_stm/_win,so_hakokt.bmp.ctxr,so_hakokt.bmp,ctxr,49472,1dabb970ec8f9d34c5d3d5c8396426ff6e6c4e3e
textures/flatlist/ovr_stm/_win/so_hako_f.bmp.ctxr,textures/flatlist/ovr_stm/_win,so_hako_f.bmp.ctxr,so_hako_f.bmp,ctxr,87744,1be564b061d488736099d47926dce089266779e9
textures/flatlist/ovr_stm/_win/so_hako_ki_f_u.bmp.ctxr,textures/flatlist/ovr_stm/_win,so_hako_ki_f_u.bmp.ctxr,so_hako_ki_f_u.bmp,ctxr,49472,598e3459a5c278a4cf2bcac319723c544f9ee357
textures/flatlist/ovr_stm/_win/so_hako_s.bmp.ctxr,textures/flatlist/ovr_stm/_win,so_hako_s.bmp.ctxr,so_hako_s.bmp,ctxr,87744,d4cc6756588677ac286b5419bd8f47bb5e4b9a8c
textures/flatlist/ovr_stm/_win/so_hako_t.bmp.ctxr,textures/flatlist/ovr_stm/_win,so_hako_t.bmp.ctxr,so_hako_t.bmp,ctxr,87744,8d334fb12b7de8cf3515ef634c56544d366049d7
textures/flatlist/ovr_stm/_win/so_ta_t2.bmp.ctxr,textures/flatlist/ovr_stm/_win,so_ta_t2.bmp.ctxr,so_ta_t2.bmp,ctxr,22368,81d1d72eddce8e966c492c2d411f7392c9eab7a7
textures/flatlist/ovr_stm/_win/so_wa1.bmp.ctxr,textures/flatlist/ovr_stm/_win,so_wa1.bmp.ctxr,so_wa1.bmp,ctxr,119072,d85c9943167d434810da31fa7596c463211b6017
textures/flatlist/ovr_stm/_win/so_wa2.bmp.ctxr,textures/flatlist/ovr_stm/_win,so_wa2.bmp.ctxr,so_wa2.bmp,ctxr,119072,8c73293dab91ae215ff5eedb86d83df801d5021b
textures/flatlist/ovr_stm/_win/so_wa2ne2.bmp.ctxr,textures/flatlist/ovr_stm/_win,so_wa2ne2.bmp.ctxr,so_wa2ne2.bmp,ctxr,24928,97927b7a60109b2f9c5abfcb1b1b852493557f72
textures/flatlist/ovr_stm/_win/so_wi_waku_f.bmp_2a4da7ecf84ff2feb3de4ff20c66c0c4.ctxr,textures/flatlist/ovr_stm/_win,so_wi_waku_f.bmp_2a4da7ecf84ff2feb3de4ff20c66c0c4.ctxr,so_wi_waku_f.bmp_2a4da7ecf84ff2feb3de4ff20c66c0c4,ctxr,22240,4ea821a5baa13c77f36a6282d915013d1613e25d
textures/flatlist/ovr_stm/_win/stg_grip.bmp.ctxr,textures/flatlist/ovr_stm/_win,stg_grip.bmp.ctxr,stg_grip.bmp,ctxr,7968,2540a52eda7530cd985ffde887467174109dbbaf
textures/flatlist/ovr_stm/_win/stg_msl_s.bmp.ctxr,textures/flatlist/ovr_stm/_win,stg_msl_s.bmp.ctxr,stg_msl_s.bmp,ctxr,5152,f1f3cac0905679e8b2b99d26fbe652c67f4a38d7
textures/flatlist/ovr_stm/_win/stg_sight.bmp.ctxr,textures/flatlist/ovr_stm/_win,stg_sight.bmp.ctxr,stg_sight.bmp,ctxr,8704,599a30fd39a9c6fe63ccaa227bca01cd2af8cbbd
textures/flatlist/ovr_stm/_win/stg_s_sb.bmp.ctxr,textures/flatlist/ovr_stm/_win,stg_s_sb.bmp.ctxr,stg_s_sb.bmp,ctxr,24928,ca8fe1c56d1a7445ad2c04e86447ecd38c08b27b
textures/flatlist/ovr_stm/_win/stg_temp.bmp.ctxr,textures/flatlist/ovr_stm/_win,stg_temp.bmp.ctxr,stg_temp.bmp,ctxr,6240,45d566da0d020f7e73df6c9473d8e8b646eda8d5
textures/flatlist/ovr_stm/_win/svc_body01.bmp.ctxr,textures/flatlist/ovr_stm/_win,svc_body01.bmp.ctxr,svc_body01.bmp,ctxr,15776,ac9b658d47f99a0f18700237611a29c68f39985d
textures/flatlist/ovr_stm/_win/tnc_fl.bmp.ctxr,textures/flatlist/ovr_stm/_win,tnc_fl.bmp.ctxr,tnc_fl.bmp,ctxr,17376,2048d22f81fabbca72646871ae793880e53d1cd5
textures/flatlist/ovr_stm/_win/tnc_fl_r.bmp.ctxr,textures/flatlist/ovr_stm/_win,tnc_fl_r.bmp.ctxr,tnc_fl_r.bmp,ctxr,17376,bad450b4bf5a1f956274c3d76192fe9f56161fae
textures/flatlist/ovr_stm/_win/tnc_obj_faceneck00.bmp.ctxr,textures/flatlist/ovr_stm/_win,tnc_obj_faceneck00.bmp.ctxr,tnc_obj_faceneck00.bmp,ctxr,82240,f7b317d25eda7785268abea256e6fcf1d0593d12
textures/flatlist/ovr_stm/_win/tnc_re_faceneck.bmp.ctxr,textures/flatlist/ovr_stm/_win,tnc_re_faceneck.bmp.ctxr,tnc_re_faceneck.bmp,ctxr,82240,be702aed42d2c3b8745576d0f6f8803a36642a15
textures/flatlist/ovr_stm/_win/tnc_re_faceneck_dead.bmp.ctxr,textures/flatlist/ovr_stm/_win,tnc_re_faceneck_dead.bmp.ctxr,tnc_re_faceneck_dead.bmp,ctxr,82240,27bb317b9c73f03677b3604260068db0bdd2cb2b
textures/flatlist/ovr_stm/_win/tnc_re_faceneck_dead.bmp_0e551a799467218ab1818640b8ee2d96.ctxr,textures/flatlist/ovr_stm/_win,tnc_re_faceneck_dead.bmp_0e551a799467218ab1818640b8ee2d96.ctxr,tnc_re_faceneck_dead.bmp_0e551a799467218ab1818640b8ee2d96,ctxr,82240,392528f27e6e32e53f55cb499a6ae2d249355d04
textures/flatlist/ovr_stm/_win/tnc_r_faceneck02dt.bmp.ctxr,textures/flatlist/ovr_stm/_win,tnc_r_faceneck02dt.bmp.ctxr,tnc_r_faceneck02dt.bmp,ctxr,82240,3d38e28bcde9bcf61f7c8a145c1cb2150e963759
textures/flatlist/ovr_stm/_win/usa_arm01dt.bmp.ctxr,textures/flatlist/ovr_stm/_win,usa_arm01dt.bmp.ctxr,usa_arm01dt.bmp,ctxr,40896,f840d168b495dd1b1ee6cbb9e1bef7b14692eb52
textures/flatlist/ovr_stm/_win/usa_arm02dt.bmp.ctxr,textures/flatlist/ovr_stm/_win,usa_arm02dt.bmp.ctxr,usa_arm02dt.bmp,ctxr,4640,8506e1172e84561d05287bcc8737f070b0c535eb
textures/flatlist/ovr_stm/_win/usa_arm03dt.bmp.ctxr,textures/flatlist/ovr_stm/_win,usa_arm03dt.bmp.ctxr,usa_arm03dt.bmp,ctxr,6816,872831a57f9f920f004cb1bbcee07e7c3dca0bdc
textures/flatlist/ovr_stm/_win/usa_armor01dt.bmp.ctxr,textures/flatlist/ovr_stm/_win,usa_armor01dt.bmp.ctxr,usa_armor01dt.bmp,ctxr,69440,0b6f2d58cc21268c8b15d0d58af732febe389593
textures/flatlist/ovr_stm/_win/usa_armor_neck01dt.bmp.ctxr,textures/flatlist/ovr_stm/_win,usa_armor_neck01dt.bmp.ctxr,usa_armor_neck01dt.bmp,ctxr,4928,8f4eda696b62ba91905d7e61707c587395c7a476
textures/flatlist/ovr_stm/_win/usa_armor_pad01dt.bmp.ctxr,textures/flatlist/ovr_stm/_win,usa_armor_pad01dt.bmp.ctxr,usa_armor_pad01dt.bmp,ctxr,4864,c912724a92ab9603d7a4962cd74c615b957a9c5d
textures/flatlist/ovr_stm/_win/usa_ashi.bmp.ctxr,textures/flatlist/ovr_stm/_win,usa_ashi.bmp.ctxr,usa_ashi.bmp,ctxr,120640,130a6724304499bf3c449a0b36c2f66dcd779784
textures/flatlist/ovr_stm/_win/usa_belt.bmp.ctxr,textures/flatlist/ovr_stm/_win,usa_belt.bmp.ctxr,usa_belt.bmp,ctxr,6176,0275f8b2ffef6040c0f18e41d4be73ba8e5e8f94
textures/flatlist/ovr_stm/_win/usa_belt01dt.bmp.ctxr,textures/flatlist/ovr_stm/_win,usa_belt01dt.bmp.ctxr,usa_belt01dt.bmp,ctxr,6176,861cd39a8e31f7a7d180d41706e06ae558a15a68
textures/flatlist/ovr_stm/_win/usa_belt02dt.bmp.ctxr,textures/flatlist/ovr_stm/_win,usa_belt02dt.bmp.ctxr,usa_belt02dt.bmp,ctxr,6176,f69f67d325dde3e06334794115745cc015784f3b
textures/flatlist/ovr_stm/_win/usa_belt_back.bmp.ctxr,textures/flatlist/ovr_stm/_win,usa_belt_back.bmp.ctxr,usa_belt_back.bmp,ctxr,6176,42bbe8e464ccb1bf29c6a36cd490b0c609e1d297
textures/flatlist/ovr_stm/_win/usa_belt_back01dt.bmp.ctxr,textures/flatlist/ovr_stm/_win,usa_belt_back01dt.bmp.ctxr,usa_belt_back01dt.bmp,ctxr,6176,2b7971f07ca99cfd3c84ff1054c6b4d8c4e344b0
textures/flatlist/ovr_stm/_win/usa_boots.bmp.ctxr,textures/flatlist/ovr_stm/_win,usa_boots.bmp.ctxr,usa_boots.bmp,ctxr,13408,e092b47addd6078fc395c7280fd28064513dad26
textures/flatlist/ovr_stm/_win/usa_boots01dt.bmp.ctxr,textures/flatlist/ovr_stm/_win,usa_boots01dt.bmp.ctxr,usa_boots01dt.bmp,ctxr,13408,1667be7445480be7ee0eaae7e6d224abd5a846f4
textures/flatlist/ovr_stm/_win/usa_cap.bmp.ctxr,textures/flatlist/ovr_stm/_win,usa_cap.bmp.ctxr,usa_cap.bmp,ctxr,5760,fdecae041e4b7e82194b1162f9a1b3728d41255c
textures/flatlist/ovr_stm/_win/usa_face_bk.bmp.ctxr,textures/flatlist/ovr_stm/_win,usa_face_bk.bmp.ctxr,usa_face_bk.bmp,ctxr,94176,90311bde56d96cf6a6e9de9ecbbf53732eff3699
textures/flatlist/ovr_stm/_win/usa_face_bk01dt.bmp.ctxr,textures/flatlist/ovr_stm/_win,usa_face_bk01dt.bmp.ctxr,usa_face_bk01dt.bmp,ctxr,94176,f166d5675da81aadf7efabf9abe02ca74c964158
textures/flatlist/ovr_stm/_win/usa_face_c01dt.bmp.ctxr,textures/flatlist/ovr_stm/_win,usa_face_c01dt.bmp.ctxr,usa_face_c01dt.bmp,ctxr,94176,ddd68bcbcaa581fc4edf352c3f368d8bb2e1b792
textures/flatlist/ovr_stm/_win/usa_face_d.bmp.ctxr,textures/flatlist/ovr_stm/_win,usa_face_d.bmp.ctxr,usa_face_d.bmp,ctxr,94176,25783f8a22ab0ee4bdbdb8c88d0334029cb033e3
textures/flatlist/ovr_stm/_win/usa_face_d01dt.bmp.ctxr,textures/flatlist/ovr_stm/_win,usa_face_d01dt.bmp.ctxr,usa_face_d01dt.bmp,ctxr,94176,9fc32b9043f4ce96831215ae73379dc0bc607a28
textures/flatlist/ovr_stm/_win/usa_face_d02dt.bmp.ctxr,textures/flatlist/ovr_stm/_win,usa_face_d02dt.bmp.ctxr,usa_face_d02dt.bmp,ctxr,94176,3d42abc9e784344398c143e4e002db4fe57e2e88
textures/flatlist/ovr_stm/_win/usa_face_f01dt.bmp.ctxr,textures/flatlist/ovr_stm/_win,usa_face_f01dt.bmp.ctxr,usa_face_f01dt.bmp,ctxr,94176,4607b8a39b56b56199773b8c235e29a5a2243adc
textures/flatlist/ovr_stm/_win/usa_helmet01dt.bmp.ctxr,textures/flatlist/ovr_stm/_win,usa_helmet01dt.bmp.ctxr,usa_helmet01dt.bmp,ctxr,6240,a085c60b1fb629956dc504410afcb4145e0d3d76
textures/flatlist/ovr_stm/_win/usa_helmet_inside.bmp.ctxr,textures/flatlist/ovr_stm/_win,usa_helmet_inside.bmp.ctxr,usa_helmet_inside.bmp,ctxr,1504,26464bbc868b742cff0e7dfa93fc410653e0e0e8
textures/flatlist/ovr_stm/_win/usa_leg01dt.bmp.ctxr,textures/flatlist/ovr_stm/_win,usa_leg01dt.bmp.ctxr,usa_leg01dt.bmp,ctxr,120640,c10f9a2280482be4541e77891606237ed578624a
textures/flatlist/ovr_stm/_win/usa_leg02dt.bmp.ctxr,textures/flatlist/ovr_stm/_win,usa_leg02dt.bmp.ctxr,usa_leg02dt.bmp,ctxr,120640,1ae127d7e95872ade4d3954e2aeb2cb9ab728163
textures/flatlist/ovr_stm/_win/usa_met01dt_ovl_sub_alp.bmp.ctxr,textures/flatlist/ovr_stm/_win,usa_met01dt_ovl_sub_alp.bmp.ctxr,usa_met01dt_ovl_sub_alp.bmp,ctxr,4640,cb4e03784b6a9b369721224b131ad567eeb08406
textures/flatlist/ovr_stm/_win/usa_met_belt01dt.bmp.ctxr,textures/flatlist/ovr_stm/_win,usa_met_belt01dt.bmp.ctxr,usa_met_belt01dt.bmp,ctxr,2656,fea74d1148bc857fd60fe2d9fa6cf2e92ef2d6d4
textures/flatlist/ovr_stm/_win/usa_pack01dt.bmp.ctxr,textures/flatlist/ovr_stm/_win,usa_pack01dt.bmp.ctxr,usa_pack01dt.bmp,ctxr,10528,1667746739754837077cb92daa2175034e4fdb8a
textures/flatlist/ovr_stm/_win/usa_phone01dt.bmp.ctxr,textures/flatlist/ovr_stm/_win,usa_phone01dt.bmp.ctxr,usa_phone01dt.bmp,ctxr,4544,49e44f6c117bf8cb35ee76869ae03876b83c0277
textures/flatlist/ovr_stm/_win/usa_phone02dt_ovl_alp.bmp.ctxr,textures/flatlist/ovr_stm/_win,usa_phone02dt_ovl_alp.bmp.ctxr,usa_phone02dt_ovl_alp.bmp,ctxr,3680,bb23bce326998adaeebe3b455d78ad47470f9c58
textures/flatlist/ovr_stm/_win/usa_phone03dt.bmp.ctxr,textures/flatlist/ovr_stm/_win,usa_phone03dt.bmp.ctxr,usa_phone03dt.bmp,ctxr,11392,f801a4f2edfd8d8db265ac9bccb4764c7795a256
textures/flatlist/ovr_stm/_win/usa_ude_all.bmp.ctxr,textures/flatlist/ovr_stm/_win,usa_ude_all.bmp.ctxr,usa_ude_all.bmp,ctxr,40896,3548003c4011cf4cb6223abe8d96a5b6b393370e
textures/flatlist/ovr_stm/_win/usa_ude_makuri.bmp.ctxr,textures/flatlist/ovr_stm/_win,usa_ude_makuri.bmp.ctxr,usa_ude_makuri.bmp,ctxr,4640,5080b77ecd75295ae610103e6712767ce3cfbf95
textures/flatlist/ovr_stm/_win/usm_chest01dt.bmp.ctxr,textures/flatlist/ovr_stm/_win,usm_chest01dt.bmp.ctxr,usm_chest01dt.bmp,ctxr,71680,3307e37d1ae333ad5f1d4b5e2184ff6f11950da7
textures/flatlist/ovr_stm/_win/usm_chest02dt.bmp.ctxr,textures/flatlist/ovr_stm/_win,usm_chest02dt.bmp.ctxr,usm_chest02dt.bmp,ctxr,71680,960099679b1757870f451b441a66257846a54038
textures/flatlist/ovr_stm/_win/usm_chest_back01dt.bmp.ctxr,textures/flatlist/ovr_stm/_win,usm_chest_back01dt.bmp.ctxr,usm_chest_back01dt.bmp,ctxr,69408,a39c7d616b5be8a2bb721a9b350fffba1626bb9e
textures/flatlist/ovr_stm/_win/usm_chest_back02dt.bmp.ctxr,textures/flatlist/ovr_stm/_win,usm_chest_back02dt.bmp.ctxr,usm_chest_back02dt.bmp,ctxr,69408,9f2978b5f28e554712252fc1980add73290d67db
textures/flatlist/ovr_stm/_win/usm_chest_back_belt.bmp.ctxr,textures/flatlist/ovr_stm/_win,usm_chest_back_belt.bmp.ctxr,usm_chest_back_belt.bmp,ctxr,69408,9317108ab4807a2767810b1887afec52d5693287
textures/flatlist/ovr_stm/_win/usm_chest_belt.bmp.ctxr,textures/flatlist/ovr_stm/_win,usm_chest_belt.bmp.ctxr,usm_chest_belt.bmp,ctxr,71680,b4844279644d56f868eade9c0ad3c79aa0a8cf20
textures/flatlist/ovr_stm/_win/usm_eri01dt.bmp.ctxr,textures/flatlist/ovr_stm/_win,usm_eri01dt.bmp.ctxr,usm_eri01dt.bmp,ctxr,2336,4669582f7428da3d861751b76d33d9198ec513ef
textures/flatlist/ovr_stm/_win/usm_eri_inside2.bmp.ctxr,textures/flatlist/ovr_stm/_win,usm_eri_inside2.bmp.ctxr,usm_eri_inside2.bmp,ctxr,2336,c6081f5a1731d07379abc83218b9c547741253f5
textures/flatlist/ovr_stm/_win/usm_t_shirt.bmp.ctxr,textures/flatlist/ovr_stm/_win,usm_t_shirt.bmp.ctxr,usm_t_shirt.bmp,ctxr,9504,cb557e5055c3eec67f96db242a87f5e63d964a97
textures/flatlist/ovr_stm/_win/usp_magazine.bmp.ctxr,textures/flatlist/ovr_stm/_win,usp_magazine.bmp.ctxr,usp_magazine.bmp,ctxr,11264,539abe267849f1430f064adce1b7f891ab717f06
textures/flatlist/ovr_stm/_win/usp_sb_all.bmp.ctxr,textures/flatlist/ovr_stm/_win,usp_sb_all.bmp.ctxr,usp_sb_all.bmp,ctxr,30336,6c901c3f72336b2534b94a8d37a1ab0aff3a651c
textures/flatlist/ovr_stm/_win/usp_sb_all.bmp_cdb943d53c81d48a3e26a8100d3c47be.ctxr,textures/flatlist/ovr_stm/_win,usp_sb_all.bmp_cdb943d53c81d48a3e26a8100d3c47be.ctxr,usp_sb_all.bmp_cdb943d53c81d48a3e26a8100d3c47be,ctxr,30336,6820753022c25765c397ad2fe441dd1601f4bde5
textures/flatlist/ovr_stm/_win/usp_sb_all2.bmp.ctxr,textures/flatlist/ovr_stm/_win,usp_sb_all2.bmp.ctxr,usp_sb_all2.bmp,ctxr,7104,60db0e217a0e94456a1a7276b1c40f843efc8ac4
textures/flatlist/ovr_stm/_win/val_amo1.bmp.ctxr,textures/flatlist/ovr_stm/_win,val_amo1.bmp.ctxr,val_amo1.bmp,ctxr,26240,2ed27a45e35505288ade91f94d7bd11a3f6409de
textures/flatlist/ovr_stm/_win/ved_rope_lit.bmp.ctxr,textures/flatlist/ovr_stm/_win,ved_rope_lit.bmp.ctxr,ved_rope_lit.bmp,ctxr,8544,1ce6ea7622f1a48cfc796b7c21c779e5b4b16baf
textures/flatlist/ovr_stm/_win/vkf_big_mt.bmp.ctxr,textures/flatlist/ovr_stm/_win,vkf_big_mt.bmp.ctxr,vkf_big_mt.bmp,ctxr,3712,f6670badb0c00bae8a02626ac789a71be4c27900
textures/flatlist/ovr_stm/_win/w00ak_00b_wall1.bmp.ctxr,textures/flatlist/ovr_stm/_win,w00ak_00b_wall1.bmp.ctxr,w00ak_00b_wall1.bmp,ctxr,49472,d0373d9efef364a802d9766331673d256e528298
textures/flatlist/ovr_stm/_win/w00ak_blc_t4.bmp.ctxr,textures/flatlist/ovr_stm/_win,w00ak_blc_t4.bmp.ctxr,w00ak_blc_t4.bmp,ctxr,24896,8144a66ecb155fccf84e99f51fd1e186a1e0a460
textures/flatlist/ovr_stm/_win/w00ak_crane_floor.bmp.ctxr,textures/flatlist/ovr_stm/_win,w00ak_crane_floor.bmp.ctxr,w00ak_crane_floor.bmp,ctxr,24896,485291d4519ef721ca6d9d8e23940fff4683ac12
textures/flatlist/ovr_stm/_win/w00ak_dck_flr1.bmp.ctxr,textures/flatlist/ovr_stm/_win,w00ak_dck_flr1.bmp.ctxr,w00ak_dck_flr1.bmp,ctxr,109568,66d7a15e230a33ba8e6c61b1614c7033457bd3c9
textures/flatlist/ovr_stm/_win/w00ak_flr1_alp_ovl.bmp.ctxr,textures/flatlist/ovr_stm/_win,w00ak_flr1_alp_ovl.bmp.ctxr,w00ak_flr1_alp_ovl.bmp,ctxr,87744,d039f8c1bec0db82a7c32dae22fd2e46ceda3593
textures/flatlist/ovr_stm/_win/w00ak_gateflor1_alp_ovl.bmp.ctxr,textures/flatlist/ovr_stm/_win,w00ak_gateflor1_alp_ovl.bmp.ctxr,w00ak_gateflor1_alp_ovl.bmp,ctxr,87744,3cc1e1829b8d618ee20f4b84edd0f400d0d52b62
textures/flatlist/ovr_stm/_win/w00ak_roll1.bmp.ctxr,textures/flatlist/ovr_stm/_win,w00ak_roll1.bmp.ctxr,w00ak_roll1.bmp,ctxr,24896,51b1bbba02652f4a5babc94c08db2e523c3c78b0
textures/flatlist/ovr_stm/_win/w00ak_roll2.bmp.ctxr,textures/flatlist/ovr_stm/_win,w00ak_roll2.bmp.ctxr,w00ak_roll2.bmp,ctxr,8512,7510523ace9bc014f990558b7bc8ccb7d3cb1134
textures/flatlist/ovr_stm/_win/w00ak_roll_s1.bmp.ctxr,textures/flatlist/ovr_stm/_win,w00ak_roll_s1.bmp.ctxr,w00ak_roll_s1.bmp,ctxr,16992,51a63191d51866d2e16ca81b079cbfaad3ec04bb
textures/flatlist/ovr_stm/_win/w00ak_ue1.bmp.ctxr,textures/flatlist/ovr_stm/_win,w00ak_ue1.bmp.ctxr,w00ak_ue1.bmp,ctxr,207904,4a6de5dc64c43b82fc864638b1de6d8bbabbebad
textures/flatlist/ovr_stm/_win/w00ak_wnc_b1.bmp.ctxr,textures/flatlist/ovr_stm/_win,w00ak_wnc_b1.bmp.ctxr,w00ak_wnc_b1.bmp,ctxr,7136,984b81f9edfb73ada743a02ac6b3f9f9452b12e5
textures/flatlist/ovr_stm/_win/w00ak_wnc_b2.bmp.ctxr,textures/flatlist/ovr_stm/_win,w00ak_wnc_b2.bmp.ctxr,w00ak_wnc_b2.bmp,ctxr,6432,26bd5fe020ecb89012cbcfbfe9b41be69e24d80d
textures/flatlist/ovr_stm/_win/w00ak_wnc_f1.bmp.ctxr,textures/flatlist/ovr_stm/_win,w00ak_wnc_f1.bmp.ctxr,w00ak_wnc_f1.bmp,ctxr,6432,fe407494514e3a25f000125ac408ed6cc87b7d80
textures/flatlist/ovr_stm/_win/w00ak_wnc_s1.bmp.ctxr,textures/flatlist/ovr_stm/_win,w00ak_wnc_s1.bmp.ctxr,w00ak_wnc_s1.bmp,ctxr,37152,f3aeff014446764e45feff417b1b446224368975
textures/flatlist/ovr_stm/_win/w00ak_wnc_s3.bmp.ctxr,textures/flatlist/ovr_stm/_win,w00ak_wnc_s3.bmp.ctxr,w00ak_wnc_s3.bmp,ctxr,46400,50e20ec2834bfebf139ab43dde1b3c4b223ca7a3
textures/flatlist/ovr_stm/_win/w00ak_wnc_s4.bmp.ctxr,textures/flatlist/ovr_stm/_win,w00ak_wnc_s4.bmp.ctxr,w00ak_wnc_s4.bmp,ctxr,12576,dc66aa79a49672ebb434605026b501a1b86d5598
textures/flatlist/ovr_stm/_win/w00ak_wnc_t1.bmp.ctxr,textures/flatlist/ovr_stm/_win,w00ak_wnc_t1.bmp.ctxr,w00ak_wnc_t1.bmp,ctxr,4384,27f4b92f1da754e53a53eafd4c8cdd7e1f717369
textures/flatlist/ovr_stm/_win/w00a_frt1.bmp.ctxr,textures/flatlist/ovr_stm/_win,w00a_frt1.bmp.ctxr,w00a_frt1.bmp,ctxr,131424,7a9bef63c7a2f7616d219357e5998082de59eec1
textures/flatlist/ovr_stm/_win/w00a_os1.bmp.ctxr,textures/flatlist/ovr_stm/_win,w00a_os1.bmp.ctxr,w00a_os1.bmp,ctxr,12576,7d43945f6df82d39763fb935c69b75f94fcde6d0
textures/flatlist/ovr_stm/_win/w00a_pl3.bmp.ctxr,textures/flatlist/ovr_stm/_win,w00a_pl3.bmp.ctxr,w00a_pl3.bmp,ctxr,4416,016c798eaddd67a82390881ad83feb6bdb5f8874
textures/flatlist/ovr_stm/_win/w00a_rb2a.bmp.ctxr,textures/flatlist/ovr_stm/_win,w00a_rb2a.bmp.ctxr,w00a_rb2a.bmp,ctxr,3040,7165385e74873f6bfbfc1751257c547703e1f840
textures/flatlist/ovr_stm/_win/w00a_rtn0.bmp.ctxr,textures/flatlist/ovr_stm/_win,w00a_rtn0.bmp.ctxr,w00a_rtn0.bmp,ctxr,4384,0907258da95703dc22c2fcbd0cd50fbb3c659d46
textures/flatlist/ovr_stm/_win/w00a_sn1_msk.bmp.ctxr,textures/flatlist/ovr_stm/_win,w00a_sn1_msk.bmp.ctxr,w00a_sn1_msk.bmp,ctxr,9824,2fb79d860920136d66e5edd6e61028194595d41e
textures/flatlist/ovr_stm/_win/w00a_sn2.bmp.ctxr,textures/flatlist/ovr_stm/_win,w00a_sn2.bmp.ctxr,w00a_sn2.bmp,ctxr,12576,9aa5db33816566ffb58565b876693cb3d72db632
textures/flatlist/ovr_stm/_win/w00a_w1.bmp.ctxr,textures/flatlist/ovr_stm/_win,w00a_w1.bmp.ctxr,w00a_w1.bmp,ctxr,37184,a5cafc35de5e0407c93e8ce05d1953a174d8a05d
textures/flatlist/ovr_stm/_win/w00a_wd_p1_msk.bmp.ctxr,textures/flatlist/ovr_stm/_win,w00a_wd_p1_msk.bmp.ctxr,w00a_wd_p1_msk.bmp,ctxr,8480,fd857614f58d70c88d17bc555ed920f6eb3cf9c5
textures/flatlist/ovr_stm/_win/w00a_wd_p2_msk.bmp.ctxr,textures/flatlist/ovr_stm/_win,w00a_wd_p2_msk.bmp.ctxr,w00a_wd_p2_msk.bmp,ctxr,8480,ebb671aadb46940f8e7d28f0d9e87096316cb371
textures/flatlist/ovr_stm/_win/w00a_wd_p3_msk.bmp.ctxr,textures/flatlist/ovr_stm/_win,w00a_wd_p3_msk.bmp.ctxr,w00a_wd_p3_msk.bmp,ctxr,8480,0dc3adf2d90fe07b643996b0b279d15717e3c49d
textures/flatlist/ovr_stm/_win/w00a_wd_p4_msk.bmp.ctxr,textures/flatlist/ovr_stm/_win,w00a_wd_p4_msk.bmp.ctxr,w00a_wd_p4_msk.bmp,ctxr,8480,59d052bbc9b7dc6da3ff8665547ec5aa964d5135
textures/flatlist/ovr_stm/_win/w00brk_00a_frontwall2.bmp.ctxr,textures/flatlist/ovr_stm/_win,w00brk_00a_frontwall2.bmp.ctxr,w00brk_00a_frontwall2.bmp,ctxr,87744,224c0a309baeab86d9da55a8dfa75dc601561ac8
textures/flatlist/ovr_stm/_win/w00brk_flor_danmen1.bmp.ctxr,textures/flatlist/ovr_stm/_win,w00brk_flor_danmen1.bmp.ctxr,w00brk_flor_danmen1.bmp,ctxr,44096,fb1c81844fdaf8f32ad885771f0032f7d08226ae
textures/flatlist/ovr_stm/_win/w00brk_f_flor1.bmp.ctxr,textures/flatlist/ovr_stm/_win,w00brk_f_flor1.bmp.ctxr,w00brk_f_flor1.bmp,ctxr,349920,664800ec96af13eb3df41fd86adfd1f14f87e5c9
textures/flatlist/ovr_stm/_win/w00brk_pipe_s1.bmp.ctxr,textures/flatlist/ovr_stm/_win,w00brk_pipe_s1.bmp.ctxr,w00brk_pipe_s1.bmp,ctxr,44096,0b91869fb2dfa482f0c3e9c872bd8eac3b46a42a
textures/flatlist/ovr_stm/_win/w00brk_table_floor1.bmp.ctxr,textures/flatlist/ovr_stm/_win,w00brk_table_floor1.bmp.ctxr,w00brk_table_floor1.bmp,ctxr,158752,c56a5038077b21a4d2bb23f8c7a100f90b19a4e5
textures/flatlist/ovr_stm/_win/w00b_antisna_saku_msk.bmp.ctxr,textures/flatlist/ovr_stm/_win,w00b_antisna_saku_msk.bmp.ctxr,w00b_antisna_saku_msk.bmp,ctxr,33120,9c06e7c3c843e2e44b8b078fcd1717104fbfc05e
textures/flatlist/ovr_stm/_win/w00b_bridge_wall1.bmp.ctxr,textures/flatlist/ovr_stm/_win,w00b_bridge_wall1.bmp.ctxr,w00b_bridge_wall1.bmp,ctxr,49504,3047772be51d120c4cd56be4bc1fdeb323925e2a
textures/flatlist/ovr_stm/_win/w00b_bridge_wall1_fade.bmp.ctxr,textures/flatlist/ovr_stm/_win,w00b_bridge_wall1_fade.bmp.ctxr,w00b_bridge_wall1_fade.bmp,ctxr,24896,32b384b66e22e22110ec3e90fb1282579fdd7eed
textures/flatlist/ovr_stm/_win/w00b_cloth_new.bmp.ctxr,textures/flatlist/ovr_stm/_win,w00b_cloth_new.bmp.ctxr,w00b_cloth_new.bmp,ctxr,240672,435102c1bb828ef0ee39f6184e258df23072d214
textures/flatlist/ovr_stm/_win/w00b_crane_post_s.bmp.ctxr,textures/flatlist/ovr_stm/_win,w00b_crane_post_s.bmp.ctxr,w00b_crane_post_s.bmp,ctxr,26944,3b4d77baa34b9e5633e477622b90cabffaef7a32
textures/flatlist/ovr_stm/_win/w00b_fannel1.bmp.ctxr,textures/flatlist/ovr_stm/_win,w00b_fannel1.bmp.ctxr,w00b_fannel1.bmp,ctxr,65888,db4f3e5bd914e7b40c50f0c4b3650e2f17265af4
textures/flatlist/ovr_stm/_win/w00b_flr1_alp_ovl.bmp.ctxr,textures/flatlist/ovr_stm/_win,w00b_flr1_alp_ovl.bmp.ctxr,w00b_flr1_alp_ovl.bmp,ctxr,87744,5ad28d87f34732ac0cbf02344e79b0b3aeb34685
textures/flatlist/ovr_stm/_win/w00b_flr2_alp_ovl.bmp.ctxr,textures/flatlist/ovr_stm/_win,w00b_flr2_alp_ovl.bmp.ctxr,w00b_flr2_alp_ovl.bmp,ctxr,184640,af818db77c29e8a5220c6fad68803aa4668f09e4
textures/flatlist/ovr_stm/_win/w00b_huge_light_f1.bmp.ctxr,textures/flatlist/ovr_stm/_win,w00b_huge_light_f1.bmp.ctxr,w00b_huge_light_f1.bmp,ctxr,12576,374133a3265feb7fc116d0068f6bfc6e44cfc7ef
textures/flatlist/ovr_stm/_win/w00b_huge_light_s.bmp.ctxr,textures/flatlist/ovr_stm/_win,w00b_huge_light_s.bmp.ctxr,w00b_huge_light_s.bmp,ctxr,22176,879e90654bb15fbec64ffad69e0cac98b61a84d4
textures/flatlist/ovr_stm/_win/w00b_irs_pipe.bmp.ctxr,textures/flatlist/ovr_stm/_win,w00b_irs_pipe.bmp.ctxr,w00b_irs_pipe.bmp,ctxr,5408,3f896af4fae0226923755040095559ad263eef95
textures/flatlist/ovr_stm/_win/w00b_irs_wood1.bmp.ctxr,textures/flatlist/ovr_stm/_win,w00b_irs_wood1.bmp.ctxr,w00b_irs_wood1.bmp,ctxr,24928,277fb4fa6d460151d4df53db32ab8a1f26c8bdc8
textures/flatlist/ovr_stm/_win/w00b_irs_wood2.bmp.ctxr,textures/flatlist/ovr_stm/_win,w00b_irs_wood2.bmp.ctxr,w00b_irs_wood2.bmp,ctxr,57696,03331f62a4b18f4fc1294ffb2d2407477adb2964
textures/flatlist/ovr_stm/_win/w00b_mushroom.bmp_5e3a7780abfc18549f6a4b034fef18bc.ctxr,textures/flatlist/ovr_stm/_win,w00b_mushroom.bmp_5e3a7780abfc18549f6a4b034fef18bc.ctxr,w00b_mushroom.bmp_5e3a7780abfc18549f6a4b034fef18bc,ctxr,33088,d667f5c2dbcf4e7835abd77931d61252ae870a3f
textures/flatlist/ovr_stm/_win/w00b_poll1.bmp.ctxr,textures/flatlist/ovr_stm/_win,w00b_poll1.bmp.ctxr,w00b_poll1.bmp,ctxr,16736,85adbc3795d71ea38fb641e10ccb0c38c14b70bc
textures/flatlist/ovr_stm/_win/w00b_raderdome.bmp.ctxr,textures/flatlist/ovr_stm/_win,w00b_raderdome.bmp.ctxr,w00b_raderdome.bmp,ctxr,22176,631e952131fb933e3edf3f3f2116dd5f653110e6
textures/flatlist/ovr_stm/_win/w00b_sonar1.bmp.ctxr,textures/flatlist/ovr_stm/_win,w00b_sonar1.bmp.ctxr,w00b_sonar1.bmp,ctxr,12576,e6cbd82539d4a48d552611622b32d84fa10416dc
textures/flatlist/ovr_stm/_win/w00b_sonar2_msk.bmp.ctxr,textures/flatlist/ovr_stm/_win,w00b_sonar2_msk.bmp.ctxr,w00b_sonar2_msk.bmp,ctxr,38528,3df9d18ad4972b9d8297940299c2d49dba798675
textures/flatlist/ovr_stm/_win/w00b_step2wing_t.bmp.ctxr,textures/flatlist/ovr_stm/_win,w00b_step2wing_t.bmp.ctxr,w00b_step2wing_t.bmp,ctxr,16704,d24b2c40a1a03392634ddb726eee53194e3460c8
textures/flatlist/ovr_stm/_win/w00b_step2wing_t2.bmp.ctxr,textures/flatlist/ovr_stm/_win,w00b_step2wing_t2.bmp.ctxr,w00b_step2wing_t2.bmp,ctxr,33088,dd239371babde295dd3e8ed2bdd47db1f8eb2f2b
textures/flatlist/ovr_stm/_win/w00b_tower_deck_s1psd.bmp.ctxr,textures/flatlist/ovr_stm/_win,w00b_tower_deck_s1psd.bmp.ctxr,w00b_tower_deck_s1psd.bmp,ctxr,10560,4925e82fb43254d2c1bcf2d5f3bc077bd4e28cfb
textures/flatlist/ovr_stm/_win/w00b_tower_deck_t1.bmp.ctxr,textures/flatlist/ovr_stm/_win,w00b_tower_deck_t1.bmp.ctxr,w00b_tower_deck_t1.bmp,ctxr,115008,7eb58ba19302f201672eff58f046931192119d37
textures/flatlist/ovr_stm/_win/w00b_tower_s1.bmp.ctxr,textures/flatlist/ovr_stm/_win,w00b_tower_s1.bmp.ctxr,w00b_tower_s1.bmp,ctxr,41280,b47bdfa253efc9bdd84ecfd4c13308232f52ced4
textures/flatlist/ovr_stm/_win/w00b_tower_s2.bmp.ctxr,textures/flatlist/ovr_stm/_win,w00b_tower_s2.bmp.ctxr,w00b_tower_s2.bmp,ctxr,33088,a7c2f19ca6440b04b7c3a81c98d1394ea1f15523
textures/flatlist/ovr_stm/_win/w00b_tower_saku1.bmp.ctxr,textures/flatlist/ovr_stm/_win,w00b_tower_saku1.bmp.ctxr,w00b_tower_saku1.bmp,ctxr,33088,1eb18586451f0acf84867f5fa1bc2765cb2ac09a
textures/flatlist/ovr_stm/_win/w00b_tower_saku2.bmp.ctxr,textures/flatlist/ovr_stm/_win,w00b_tower_saku2.bmp.ctxr,w00b_tower_saku2.bmp,ctxr,33088,db387da5720fdf7e9f7b5f2a5f6f4cdb2642e3cd
textures/flatlist/ovr_stm/_win/w00b_wall1.bmp.ctxr,textures/flatlist/ovr_stm/_win,w00b_wall1.bmp.ctxr,w00b_wall1.bmp,ctxr,110912,193bbb07bd54beedf8095a1f0a29d598d541ce7e
textures/flatlist/ovr_stm/_win/w00b_wbox_s.bmp.ctxr,textures/flatlist/ovr_stm/_win,w00b_wbox_s.bmp.ctxr,w00b_wbox_s.bmp,ctxr,22176,586e06099fa7acc8d91cebb7aa86f561f4f03902
textures/flatlist/ovr_stm/_win/w00b_wbox_t.bmp.ctxr,textures/flatlist/ovr_stm/_win,w00b_wbox_t.bmp.ctxr,w00b_wbox_t.bmp,ctxr,22176,dc159de502102692da7b3ba5052cc6d8cfaacd94
textures/flatlist/ovr_stm/_win/w00b_wingflr1_alp_ovl.bmp.ctxr,textures/flatlist/ovr_stm/_win,w00b_wingflr1_alp_ovl.bmp.ctxr,w00b_wingflr1_alp_ovl.bmp,ctxr,349920,0b44e99fddc085ae4b360a627ccb8608701990d9
textures/flatlist/ovr_stm/_win/w00b_wingtower_fs.bmp.ctxr,textures/flatlist/ovr_stm/_win,w00b_wingtower_fs.bmp.ctxr,w00b_wingtower_fs.bmp,ctxr,44864,2ac7a3c0e3da4932aca8f284b6ad3518cfb8ba31
textures/flatlist/ovr_stm/_win/w00b_wingwall1.bmp.ctxr,textures/flatlist/ovr_stm/_win,w00b_wingwall1.bmp.ctxr,w00b_wingwall1.bmp,ctxr,37184,ac4ab301e4b6ab02b4dfd5c2abe98328c845cdf8
textures/flatlist/ovr_stm/_win/w00c_stp_f1msk.bmp.ctxr,textures/flatlist/ovr_stm/_win,w00c_stp_f1msk.bmp.ctxr,w00c_stp_f1msk.bmp,ctxr,5792,81bd9d2d460797d8bb9f4eb1e3f644e73c13005b
textures/flatlist/ovr_stm/_win/w00c_tower_wing_msk.bmp.ctxr,textures/flatlist/ovr_stm/_win,w00c_tower_wing_msk.bmp.ctxr,w00c_tower_wing_msk.bmp,ctxr,52544,fe66fecbbc808f835dc43f28e1cdea3c5d5454b9
textures/flatlist/ovr_stm/_win/w00k_drw1.bmp.ctxr,textures/flatlist/ovr_stm/_win,w00k_drw1.bmp.ctxr,w00k_drw1.bmp,ctxr,74048,48f6541361072be7e97258f5a2a2d1321b1e4881
textures/flatlist/ovr_stm/_win/w00m_block.bmp.ctxr,textures/flatlist/ovr_stm/_win,w00m_block.bmp.ctxr,w00m_block.bmp,ctxr,992,a626db39bf6fce812da6b4241b32b6874fe1a5c1
textures/flatlist/ovr_stm/_win/w00m_block_side.bmp.ctxr,textures/flatlist/ovr_stm/_win,w00m_block_side.bmp.ctxr,w00m_block_side.bmp,ctxr,736,7de9ec758fb69c37048be039670a3388cc62d3f3
textures/flatlist/ovr_stm/_win/w00m_ikari_face.bmp.ctxr,textures/flatlist/ovr_stm/_win,w00m_ikari_face.bmp.ctxr,w00m_ikari_face.bmp,ctxr,1504,570c843f0110faa3640528847e8d8a3f119b45e2
textures/flatlist/ovr_stm/_win/w00m_ikari_kabe.bmp.ctxr,textures/flatlist/ovr_stm/_win,w00m_ikari_kabe.bmp.ctxr,w00m_ikari_kabe.bmp,ctxr,5376,1cf22feea30af3b4938aa0217077cfbb0b18819f
textures/flatlist/ovr_stm/_win/w00m_ikari_sotowaku.bmp.ctxr,textures/flatlist/ovr_stm/_win,w00m_ikari_sotowaku.bmp.ctxr,w00m_ikari_sotowaku.bmp,ctxr,992,d9b8e52bc40246371d2f5b7d5f9b74f1829ffa02
textures/flatlist/ovr_stm/_win/w00m_mushroom_face.bmp.ctxr,textures/flatlist/ovr_stm/_win,w00m_mushroom_face.bmp.ctxr,w00m_mushroom_face.bmp,ctxr,5632,29bf42d32f0b194612a3874b368fa87cd45c59c3
textures/flatlist/ovr_stm/_win/w00m_mush_huta_face.bmp.ctxr,textures/flatlist/ovr_stm/_win,w00m_mush_huta_face.bmp.ctxr,w00m_mush_huta_face.bmp,ctxr,4384,297ce551da446dc7964c9c72efd2f31b4d59492f
textures/flatlist/ovr_stm/_win/w00m_mush_huta_top3.bmp.ctxr,textures/flatlist/ovr_stm/_win,w00m_mush_huta_top3.bmp.ctxr,w00m_mush_huta_top3.bmp,ctxr,5056,9cea13c8a11290e6fa3153b50aa23c4f72b0d3a7
textures/flatlist/ovr_stm/_win/w00m_winch_face4.bmp.ctxr,textures/flatlist/ovr_stm/_win,w00m_winch_face4.bmp.ctxr,w00m_winch_face4.bmp,ctxr,4864,7ccb99f1f9469628ede6516a15fa8796894799cf
textures/flatlist/ovr_stm/_win/w00m_winch_face4.bmp_66d35506ebb6b42785de008e8285c263.ctxr,textures/flatlist/ovr_stm/_win,w00m_winch_face4.bmp_66d35506ebb6b42785de008e8285c263.ctxr,w00m_winch_face4.bmp_66d35506ebb6b42785de008e8285c263,ctxr,4864,d2e44fc7ac98d86f6536fce56d31bebc1582bc52
textures/flatlist/ovr_stm/_win/w00m_winch_top2.bmp.ctxr,textures/flatlist/ovr_stm/_win,w00m_winch_top2.bmp.ctxr,w00m_winch_top2.bmp,ctxr,2624,ce7f346da29ee59c07091443276192b7c260ad94
textures/flatlist/ovr_stm/_win/w00_sky_add_alp.bmp.ctxr,textures/flatlist/ovr_stm/_win,w00_sky_add_alp.bmp.ctxr,w00_sky_add_alp.bmp,ctxr,87744,511653d7df1b5a7820c2597e340669dac7c86229
textures/flatlist/ovr_stm/_win/w00_stp_t1.bmp.ctxr,textures/flatlist/ovr_stm/_win,w00_stp_t1.bmp.ctxr,w00_stp_t1.bmp,ctxr,5792,3fc505de1339b367a74ecdd07984d2a458a1de7c
textures/flatlist/ovr_stm/_win/w01a0lc_loc2.bmp.ctxr,textures/flatlist/ovr_stm/_win,w01a0lc_loc2.bmp.ctxr,w01a0lc_loc2.bmp,ctxr,148256,448969a9b0805718dbdda83cf899a92d80160e30
textures/flatlist/ovr_stm/_win/w01a0_box00.bmp.ctxr,textures/flatlist/ovr_stm/_win,w01a0_box00.bmp.ctxr,w01a0_box00.bmp,ctxr,6432,ddb5ed17f49a8ca1d2377111c0df7e8f5f780804
textures/flatlist/ovr_stm/_win/w01a0_box002.bmp.ctxr,textures/flatlist/ovr_stm/_win,w01a0_box002.bmp.ctxr,w01a0_box002.bmp,ctxr,6432,b2560f9927b10f2d7a67fd379ddb3854463a0876
textures/flatlist/ovr_stm/_win/w01a0_box00a.bmp.ctxr,textures/flatlist/ovr_stm/_win,w01a0_box00a.bmp.ctxr,w01a0_box00a.bmp,ctxr,4384,f1f014d88e367ede7e2d23eaa84df24a5fe0328c
textures/flatlist/ovr_stm/_win/w01a0_box00c.bmp.ctxr,textures/flatlist/ovr_stm/_win,w01a0_box00c.bmp.ctxr,w01a0_box00c.bmp,ctxr,3040,fc619fdc31df40f18a54492fd6e391952e906122
textures/flatlist/ovr_stm/_win/w01a0_box01.bmp.ctxr,textures/flatlist/ovr_stm/_win,w01a0_box01.bmp.ctxr,w01a0_box01.bmp,ctxr,15328,9977ad5957289d2ecacb6995d06fe0959aff6f34
textures/flatlist/ovr_stm/_win/w01a0_box01a.bmp.ctxr,textures/flatlist/ovr_stm/_win,w01a0_box01a.bmp.ctxr,w01a0_box01a.bmp,ctxr,5792,e074c880555d8508afcd3fb7682bbdbfc5ad63a3
textures/flatlist/ovr_stm/_win/w01a0_box02.bmp.ctxr,textures/flatlist/ovr_stm/_win,w01a0_box02.bmp.ctxr,w01a0_box02.bmp,ctxr,7104,1c12b628ba27307bc0f3aeab7917f91e8df8968d
textures/flatlist/ovr_stm/_win/w01a0_box03.bmp.ctxr,textures/flatlist/ovr_stm/_win,w01a0_box03.bmp.ctxr,w01a0_box03.bmp,ctxr,7104,59c9d96b38ffa18e9c1bcb44c30b0784ad341023
textures/flatlist/ovr_stm/_win/w01a0_box06.bmp.ctxr,textures/flatlist/ovr_stm/_win,w01a0_box06.bmp.ctxr,w01a0_box06.bmp,ctxr,7104,24f7e0c74a295574b655905bbae16641db3ee797
textures/flatlist/ovr_stm/_win/w01a0_box07.bmp.ctxr,textures/flatlist/ovr_stm/_win,w01a0_box07.bmp.ctxr,w01a0_box07.bmp,ctxr,8480,d341c0fc3e1f3691078246921b82d192fdf4f57d
textures/flatlist/ovr_stm/_win/w01a0_box08.bmp.ctxr,textures/flatlist/ovr_stm/_win,w01a0_box08.bmp.ctxr,w01a0_box08.bmp,ctxr,9472,1b7fac814f52e92c34a1b5bfc42fb719b7c88b43
textures/flatlist/ovr_stm/_win/w01a0_cfl06d.bmp.ctxr,textures/flatlist/ovr_stm/_win,w01a0_cfl06d.bmp.ctxr,w01a0_cfl06d.bmp,ctxr,18720,cd53be989542f0979e85303e078c5feb011b93dd
textures/flatlist/ovr_stm/_win/w01a0_cfl06e.bmp.ctxr,textures/flatlist/ovr_stm/_win,w01a0_cfl06e.bmp.ctxr,w01a0_cfl06e.bmp,ctxr,18720,6a29e5b32b532da6cd198add0abab9baa01b7058
textures/flatlist/ovr_stm/_win/w01a0_dr00a.bmp.ctxr,textures/flatlist/ovr_stm/_win,w01a0_dr00a.bmp.ctxr,w01a0_dr00a.bmp,ctxr,24896,c73127e38766f989c20a2f311ab2573fd79c0dfb
textures/flatlist/ovr_stm/_win/w01a0_ent01.bmp.ctxr,textures/flatlist/ovr_stm/_win,w01a0_ent01.bmp.ctxr,w01a0_ent01.bmp,ctxr,14016,cd115e75ee344011713a7da2642c4b025dc5784d
textures/flatlist/ovr_stm/_win/w01a0_ent01a.bmp.ctxr,textures/flatlist/ovr_stm/_win,w01a0_ent01a.bmp.ctxr,w01a0_ent01a.bmp,ctxr,14016,0482e156c628c22cf37f2d50863e8de5dc6b1e17
textures/flatlist/ovr_stm/_win/w01a0_ent04.bmp.ctxr,textures/flatlist/ovr_stm/_win,w01a0_ent04.bmp.ctxr,w01a0_ent04.bmp,ctxr,5792,f307428c15ad67273ba663ea059cdfae8025e182
textures/flatlist/ovr_stm/_win/w01a0_fl00_bld080_ovl.bmp.ctxr,textures/flatlist/ovr_stm/_win,w01a0_fl00_bld080_ovl.bmp.ctxr,w01a0_fl00_bld080_ovl.bmp,ctxr,92480,911006e5cc021274f1c91f6ea12685a659332442
textures/flatlist/ovr_stm/_win/w01a0_fl02a_alp_ovl.bmp.ctxr,textures/flatlist/ovr_stm/_win,w01a0_fl02a_alp_ovl.bmp.ctxr,w01a0_fl02a_alp_ovl.bmp,ctxr,123200,2e41cb4a08bf2f49fc8ba3dbb9092fbbdeccfc93
textures/flatlist/ovr_stm/_win/w01a0_fl02_bld080_ovl.bmp.ctxr,textures/flatlist/ovr_stm/_win,w01a0_fl02_bld080_ovl.bmp.ctxr,w01a0_fl02_bld080_ovl.bmp,ctxr,123200,6fd3dd1e71db0f633e39790e375be0dafe6ac451
textures/flatlist/ovr_stm/_win/w01a0_fl03.bmp.ctxr,textures/flatlist/ovr_stm/_win,w01a0_fl03.bmp.ctxr,w01a0_fl03.bmp,ctxr,5152,3bc1ba8414bb982a86b009e3bd562cbc5f470506
textures/flatlist/ovr_stm/_win/w01a0_fl04.bmp.ctxr,textures/flatlist/ovr_stm/_win,w01a0_fl04.bmp.ctxr,w01a0_fl04.bmp,ctxr,49472,51a0ab6bf56745b2039f64265646d70d479faf32
textures/flatlist/ovr_stm/_win/w01a0_fl04a.bmp.ctxr,textures/flatlist/ovr_stm/_win,w01a0_fl04a.bmp.ctxr,w01a0_fl04a.bmp,ctxr,49472,1155ab3444873bdc9d0c808b710a2fea16156fee
textures/flatlist/ovr_stm/_win/w01a0_fl05c.bmp.ctxr,textures/flatlist/ovr_stm/_win,w01a0_fl05c.bmp.ctxr,w01a0_fl05c.bmp,ctxr,24896,4250ebcb4bb431a07ad97fee0f0ea8283cf276d8
textures/flatlist/ovr_stm/_win/w01a0_fl05d.bmp.ctxr,textures/flatlist/ovr_stm/_win,w01a0_fl05d.bmp.ctxr,w01a0_fl05d.bmp,ctxr,39200,c68a23c877edf77baf9535faf96652d72e3fc46a
textures/flatlist/ovr_stm/_win/w01a0_fl06.bmp.ctxr,textures/flatlist/ovr_stm/_win,w01a0_fl06.bmp.ctxr,w01a0_fl06.bmp,ctxr,39200,bfa90a0f2e08819f1b0dee200559127d56621dac
textures/flatlist/ovr_stm/_win/w01a0_fl06a.bmp.ctxr,textures/flatlist/ovr_stm/_win,w01a0_fl06a.bmp.ctxr,w01a0_fl06a.bmp,ctxr,24896,51cf5ddb0becda2ccf99d25798a1755ffb0a1249
textures/flatlist/ovr_stm/_win/w01a0_fl06b.bmp.ctxr,textures/flatlist/ovr_stm/_win,w01a0_fl06b.bmp.ctxr,w01a0_fl06b.bmp,ctxr,37152,a9939928768770be402871b20884fd1c797058cb
textures/flatlist/ovr_stm/_win/w01a0_fl06f.bmp.ctxr,textures/flatlist/ovr_stm/_win,w01a0_fl06f.bmp.ctxr,w01a0_fl06f.bmp,ctxr,39200,1b377113bd9bf6c1e13b2c3a154b6e7a7c919a06
textures/flatlist/ovr_stm/_win/w01a0_fl06h.bmp.ctxr,textures/flatlist/ovr_stm/_win,w01a0_fl06h.bmp.ctxr,w01a0_fl06h.bmp,ctxr,39200,d773e98b9783caca8f2c2d1464fe95a7d74c5b06
textures/flatlist/ovr_stm/_win/w01a0_pp00.bmp.ctxr,textures/flatlist/ovr_stm/_win,w01a0_pp00.bmp.ctxr,w01a0_pp00.bmp,ctxr,33120,e3ec322a56f8d4ea1b277217351d25b5693aa61b
textures/flatlist/ovr_stm/_win/w01a0_pp00a.bmp.ctxr,textures/flatlist/ovr_stm/_win,w01a0_pp00a.bmp.ctxr,w01a0_pp00a.bmp,ctxr,33120,a16b9d41e75fde8eb96e46994aef2542bb0f07a3
textures/flatlist/ovr_stm/_win/w01a0_pp01.bmp_c4f68f448cb866fd05ff299f47307e75.ctxr,textures/flatlist/ovr_stm/_win,w01a0_pp01.bmp_c4f68f448cb866fd05ff299f47307e75.ctxr,w01a0_pp01.bmp_c4f68f448cb866fd05ff299f47307e75,ctxr,33120,3d28f432d1450892aee6fbf1673cc8dd685810b3
textures/flatlist/ovr_stm/_win/w01a0_pp02a.bmp.ctxr,textures/flatlist/ovr_stm/_win,w01a0_pp02a.bmp.ctxr,w01a0_pp02a.bmp,ctxr,33120,ef53a3a4e8dc060691dd240da5b348372f500d76
textures/flatlist/ovr_stm/_win/w01a0_pp03.bmp.ctxr,textures/flatlist/ovr_stm/_win,w01a0_pp03.bmp.ctxr,w01a0_pp03.bmp,ctxr,65888,36cae577be4e473fcd7023ac3a2d43b275cfdaad
textures/flatlist/ovr_stm/_win/w01a0_ppb00.bmp.ctxr,textures/flatlist/ovr_stm/_win,w01a0_ppb00.bmp.ctxr,w01a0_ppb00.bmp,ctxr,5792,457befe6b84b60caea2cb72dd3d19bd1f84240ef
textures/flatlist/ovr_stm/_win/w01a0_rf00.bmp.ctxr,textures/flatlist/ovr_stm/_win,w01a0_rf00.bmp.ctxr,w01a0_rf00.bmp,ctxr,11264,badea1a47d98b9f8fd8e9ce73d0bd2a6b05c5949
textures/flatlist/ovr_stm/_win/w01a0_rf02.bmp.ctxr,textures/flatlist/ovr_stm/_win,w01a0_rf02.bmp.ctxr,w01a0_rf02.bmp,ctxr,18720,0a47a2591304cd91cac153cffa9ecdec7cdfee6a
textures/flatlist/ovr_stm/_win/w01a0_rf03.bmp.ctxr,textures/flatlist/ovr_stm/_win,w01a0_rf03.bmp.ctxr,w01a0_rf03.bmp,ctxr,16704,b913b19b597df7a0056ef2eb69f318b646da1121
textures/flatlist/ovr_stm/_win/w01a0_rf03a.bmp.ctxr,textures/flatlist/ovr_stm/_win,w01a0_rf03a.bmp.ctxr,w01a0_rf03a.bmp,ctxr,33088,f1d96b7a88c3fcf41d3eb70423245190db945165
textures/flatlist/ovr_stm/_win/w01a0_rf05.bmp.ctxr,textures/flatlist/ovr_stm/_win,w01a0_rf05.bmp.ctxr,w01a0_rf05.bmp,ctxr,31008,e2d8bc89f1f33f53ccb5958dccdeeccd5911b57e
textures/flatlist/ovr_stm/_win/w01a0_w00.bmp.ctxr,textures/flatlist/ovr_stm/_win,w01a0_w00.bmp.ctxr,w01a0_w00.bmp,ctxr,262528,afb168f46f8423962825b9a5c5dbdd729b24387c
textures/flatlist/ovr_stm/_win/w01a0_w01.bmp.ctxr,textures/flatlist/ovr_stm/_win,w01a0_w01.bmp.ctxr,w01a0_w01.bmp,ctxr,188768,9181729197cc3c792705196ba2fd8b72127be821
textures/flatlist/ovr_stm/_win/w01a0_w01a.bmp.ctxr,textures/flatlist/ovr_stm/_win,w01a0_w01a.bmp.ctxr,w01a0_w01a.bmp,ctxr,65888,f9d012f0af0b3df1c17607a1ed079b0da6752d78
textures/flatlist/ovr_stm/_win/w01a0_w04.bmp.ctxr,textures/flatlist/ovr_stm/_win,w01a0_w04.bmp.ctxr,w01a0_w04.bmp,ctxr,106816,05b45f919920a49a00b85ba0ded49865b64ebe56
textures/flatlist/ovr_stm/_win/w01a0_w04a.bmp.ctxr,textures/flatlist/ovr_stm/_win,w01a0_w04a.bmp.ctxr,w01a0_w04a.bmp,ctxr,106816,fee9b517420d31646c175e5b75cef69123081cbc
textures/flatlist/ovr_stm/_win/w01a0_w05.bmp.ctxr,textures/flatlist/ovr_stm/_win,w01a0_w05.bmp.ctxr,w01a0_w05.bmp,ctxr,24928,7182a39e9690087ed1036ded737ecfc86276f449
textures/flatlist/ovr_stm/_win/w01a0_w06.bmp.ctxr,textures/flatlist/ovr_stm/_win,w01a0_w06.bmp.ctxr,w01a0_w06.bmp,ctxr,33120,289e4b3fe10a2b5e5e4e21b0067eb1493298cee7
textures/flatlist/ovr_stm/_win/w01a0_w07.bmp.ctxr,textures/flatlist/ovr_stm/_win,w01a0_w07.bmp.ctxr,w01a0_w07.bmp,ctxr,78144,9d44e5af27daae83e099655a1df93ba32daa881d
textures/flatlist/ovr_stm/_win/w01a0_w08.bmp.ctxr,textures/flatlist/ovr_stm/_win,w01a0_w08.bmp.ctxr,w01a0_w08.bmp,ctxr,94528,0c88501e7f1ae0fa8513189a0ba5c9c0781ddde0
textures/flatlist/ovr_stm/_win/w01a0_w09e.bmp.ctxr,textures/flatlist/ovr_stm/_win,w01a0_w09e.bmp.ctxr,w01a0_w09e.bmp,ctxr,53568,a79097402e0a127f89125444e574f3642e2bc11e
textures/flatlist/ovr_stm/_win/w01a0_w09f.bmp.ctxr,textures/flatlist/ovr_stm/_win,w01a0_w09f.bmp.ctxr,w01a0_w09f.bmp,ctxr,41280,c1cb3abed998aef7d9163e885bc058cde78b3bc0
textures/flatlist/ovr_stm/_win/w01a0_w09g.bmp.ctxr,textures/flatlist/ovr_stm/_win,w01a0_w09g.bmp.ctxr,w01a0_w09g.bmp,ctxr,38688,e01f20c7af556a2c0c99fd9a96f225ddab20e511
textures/flatlist/ovr_stm/_win/w01a0_w10ad.bmp.ctxr,textures/flatlist/ovr_stm/_win,w01a0_w10ad.bmp.ctxr,w01a0_w10ad.bmp,ctxr,45408,ef5f85bfa7ce1939b05efe6f71e4afc77192ce62
textures/flatlist/ovr_stm/_win/w01a0_w10bd.bmp.ctxr,textures/flatlist/ovr_stm/_win,w01a0_w10bd.bmp.ctxr,w01a0_w10bd.bmp,ctxr,67904,b1b4c7227ac1852bf2b654bf070a3ee4216fac3d
textures/flatlist/ovr_stm/_win/w01a0_w10bu.bmp.ctxr,textures/flatlist/ovr_stm/_win,w01a0_w10bu.bmp.ctxr,w01a0_w10bu.bmp,ctxr,22848,6d27f708f9a96e0aa9103da8f2af2f58033855bf
textures/flatlist/ovr_stm/_win/w01a0_w10cd.bmp.ctxr,textures/flatlist/ovr_stm/_win,w01a0_w10cd.bmp.ctxr,w01a0_w10cd.bmp,ctxr,67904,37667399d702f4653c4afc2246843e3007229996
textures/flatlist/ovr_stm/_win/w01a0_w10cu.bmp.ctxr,textures/flatlist/ovr_stm/_win,w01a0_w10cu.bmp.ctxr,w01a0_w10cu.bmp,ctxr,22848,b7fcac9a6163c3c76e1758e98e89bd0503b1e149
textures/flatlist/ovr_stm/_win/w01a0_w10dd.bmp.ctxr,textures/flatlist/ovr_stm/_win,w01a0_w10dd.bmp.ctxr,w01a0_w10dd.bmp,ctxr,45408,68b7a4a1489f1b9a3b37b9bc76accf445be7a08a
textures/flatlist/ovr_stm/_win/w01a0_w10du.bmp.ctxr,textures/flatlist/ovr_stm/_win,w01a0_w10du.bmp.ctxr,w01a0_w10du.bmp,ctxr,15328,56f0865cf21d8ed1a93339d2337a871a64e956ba
textures/flatlist/ovr_stm/_win/w01a0_w10e.bmp.ctxr,textures/flatlist/ovr_stm/_win,w01a0_w10e.bmp.ctxr,w01a0_w10e.bmp,ctxr,30368,ec480d1b6b30b330cd375c8bdabc7f515bf1e70b
textures/flatlist/ovr_stm/_win/w01a0_w10f.bmp.ctxr,textures/flatlist/ovr_stm/_win,w01a0_w10f.bmp.ctxr,w01a0_w10f.bmp,ctxr,16736,da34ba2f2bad92b60271cfa56483cea6725778f0
textures/flatlist/ovr_stm/_win/w01a0_w11.bmp.ctxr,textures/flatlist/ovr_stm/_win,w01a0_w11.bmp.ctxr,w01a0_w11.bmp,ctxr,22848,b5b91fa4686cf8b657a73c29b759a04fd9a79ad1
textures/flatlist/ovr_stm/_win/w01a0_w14a.bmp.ctxr,textures/flatlist/ovr_stm/_win,w01a0_w14a.bmp.ctxr,w01a0_w14a.bmp,ctxr,102720,1ba0d77470667a7f8d710fb7caa7c94d1cfa0f25
textures/flatlist/ovr_stm/_win/w01a0_w15.bmp.ctxr,textures/flatlist/ovr_stm/_win,w01a0_w15.bmp.ctxr,w01a0_w15.bmp,ctxr,33120,000ecb53831a2b446b97c1a3c637d8b925307129
textures/flatlist/ovr_stm/_win/w01a0_w15a.bmp.ctxr,textures/flatlist/ovr_stm/_win,w01a0_w15a.bmp.ctxr,w01a0_w15a.bmp,ctxr,20800,902eba3bd12e90b6f14a2459dab53f02f883a146
textures/flatlist/ovr_stm/_win/w01a0_w15b.bmp.ctxr,textures/flatlist/ovr_stm/_win,w01a0_w15b.bmp.ctxr,w01a0_w15b.bmp,ctxr,86336,8aa6966e253e3df5895c492fcf9d104650ac015a
textures/flatlist/ovr_stm/_win/w01a0_w16.bmp.ctxr,textures/flatlist/ovr_stm/_win,w01a0_w16.bmp.ctxr,w01a0_w16.bmp,ctxr,98656,7e7018783d2ea25afca7232b9192eac69d043ae2
textures/flatlist/ovr_stm/_win/w01a0_wh00b.bmp.ctxr,textures/flatlist/ovr_stm/_win,w01a0_wh00b.bmp.ctxr,w01a0_wh00b.bmp,ctxr,22880,88ce66ed0e9933920fdea18a0e3dbc6b69bbb90d
textures/flatlist/ovr_stm/_win/w01a0_wh01.bmp.ctxr,textures/flatlist/ovr_stm/_win,w01a0_wh01.bmp.ctxr,w01a0_wh01.bmp,ctxr,20800,000056d00155dd61c4657126158b9f6a39469e16
textures/flatlist/ovr_stm/_win/w01a0_wh02.bmp.ctxr,textures/flatlist/ovr_stm/_win,w01a0_wh02.bmp.ctxr,w01a0_wh02.bmp,ctxr,20800,97490795101282606c6781c6fa68d5ab2c240d57
textures/flatlist/ovr_stm/_win/w01a1_cfl00a.bmp.ctxr,textures/flatlist/ovr_stm/_win,w01a1_cfl00a.bmp.ctxr,w01a1_cfl00a.bmp,ctxr,96576,3eb10d7f36ca1cf1e9a603e3c03c95cf0efeb198
textures/flatlist/ovr_stm/_win/w01a1_cfl01_bld095_ovl.bmp.ctxr,textures/flatlist/ovr_stm/_win,w01a1_cfl01_bld095_ovl.bmp.ctxr,w01a1_cfl01_bld095_ovl.bmp,ctxr,16000,93d256e21654c1f2cbf6d3fa3e6d9172d0a715c0
textures/flatlist/ovr_stm/_win/w01a1_cw00.bmp.ctxr,textures/flatlist/ovr_stm/_win,w01a1_cw00.bmp.ctxr,w01a1_cw00.bmp,ctxr,131424,7910e3a90c929c3742f3240d70425adaef3fca16
textures/flatlist/ovr_stm/_win/w01a1_cw00a.bmp.ctxr,textures/flatlist/ovr_stm/_win,w01a1_cw00a.bmp.ctxr,w01a1_cw00a.bmp,ctxr,102720,2735531189a31a13d45af24a9da7d5676b3ffcb5
textures/flatlist/ovr_stm/_win/w01a1_cw00b.bmp.ctxr,textures/flatlist/ovr_stm/_win,w01a1_cw00b.bmp.ctxr,w01a1_cw00b.bmp,ctxr,65888,6f571f97dc2e7653b410efb129ce4bbf24bf47da
textures/flatlist/ovr_stm/_win/w01a1_cw01a.bmp.ctxr,textures/flatlist/ovr_stm/_win,w01a1_cw01a.bmp.ctxr,w01a1_cw01a.bmp,ctxr,192832,c098c7897248fdee20b3e614581f42529b673dbf
textures/flatlist/ovr_stm/_win/w01a1_cw01b.bmp.ctxr,textures/flatlist/ovr_stm/_win,w01a1_cw01b.bmp.ctxr,w01a1_cw01b.bmp,ctxr,262528,e61a2cd8833cdd4271630a35471eb282ee1cf29d
textures/flatlist/ovr_stm/_win/w01a1_cw01c.bmp.ctxr,textures/flatlist/ovr_stm/_win,w01a1_cw01c.bmp.ctxr,w01a1_cw01c.bmp,ctxr,106816,e189e297ec3dbdf138d56c72d7dd37b75c6ffc35
textures/flatlist/ovr_stm/_win/w01a1_cw02.bmp.ctxr,textures/flatlist/ovr_stm/_win,w01a1_cw02.bmp.ctxr,w01a1_cw02.bmp,ctxr,33120,7b881bfbb0bd37a6431f96f400657fdc3accdfde
textures/flatlist/ovr_stm/_win/w01a1_cw02a.bmp.ctxr,textures/flatlist/ovr_stm/_win,w01a1_cw02a.bmp.ctxr,w01a1_cw02a.bmp,ctxr,61760,13b7f529a99fca91b0e012799de4a8936d3df3d0
textures/flatlist/ovr_stm/_win/w01a1_glswl00.bmp.ctxr,textures/flatlist/ovr_stm/_win,w01a1_glswl00.bmp.ctxr,w01a1_glswl00.bmp,ctxr,16704,cfefc3628e5b65af0d39effd7ddaa246b3cdcc36
textures/flatlist/ovr_stm/_win/w01a1_glswl01.bmp.ctxr,textures/flatlist/ovr_stm/_win,w01a1_glswl01.bmp.ctxr,w01a1_glswl01.bmp,ctxr,22208,09689a1ea5005d4d95497ebdf17472e60c9c1582
textures/flatlist/ovr_stm/_win/w01a1_glswl02.bmp.ctxr,textures/flatlist/ovr_stm/_win,w01a1_glswl02.bmp.ctxr,w01a1_glswl02.bmp,ctxr,33120,ddab002578ca223f022987a88b4dcba264db87de
textures/flatlist/ovr_stm/_win/w01a1_rfc00.bmp.ctxr,textures/flatlist/ovr_stm/_win,w01a1_rfc00.bmp.ctxr,w01a1_rfc00.bmp,ctxr,33088,17d03e633e061d68e6d8c3a98d263b686f2044d9
textures/flatlist/ovr_stm/_win/w01a1_tb00.bmp.ctxr,textures/flatlist/ovr_stm/_win,w01a1_tb00.bmp.ctxr,w01a1_tb00.bmp,ctxr,3040,722527125f2376e5cdba7a37ddb5730200f39b79
textures/flatlist/ovr_stm/_win/w01a1_tb01.bmp.ctxr,textures/flatlist/ovr_stm/_win,w01a1_tb01.bmp.ctxr,w01a1_tb01.bmp,ctxr,22176,cda0d2c677103eb5b51b742a864036cde9004f82
textures/flatlist/ovr_stm/_win/w01a1_wb00_bld090_ovl.bmp.ctxr,textures/flatlist/ovr_stm/_win,w01a1_wb00_bld090_ovl.bmp.ctxr,w01a1_wb00_bld090_ovl.bmp,ctxr,16704,a721dd71bbfd84a67514fb49c8b1013a54e2a056
textures/flatlist/ovr_stm/_win/w01a1_wb02_bld090_ovl.bmp.ctxr,textures/flatlist/ovr_stm/_win,w01a1_wb02_bld090_ovl.bmp.ctxr,w01a1_wb02_bld090_ovl.bmp,ctxr,24896,18eaaeaf1cdde53caab78d77ad040cb041e0a48d
textures/flatlist/ovr_stm/_win/w01a1_wb03.bmp.ctxr,textures/flatlist/ovr_stm/_win,w01a1_wb03.bmp.ctxr,w01a1_wb03.bmp,ctxr,12608,3f2c87a13837462725e0d01c7bce478792bbc07b
textures/flatlist/ovr_stm/_win/w01a1_wb03b.bmp.ctxr,textures/flatlist/ovr_stm/_win,w01a1_wb03b.bmp.ctxr,w01a1_wb03b.bmp,ctxr,12608,0c57c61cedfb0353ebb2392e6d90df4e50c79e41
textures/flatlist/ovr_stm/_win/w01a1_wlp00.bmp.ctxr,textures/flatlist/ovr_stm/_win,w01a1_wlp00.bmp.ctxr,w01a1_wlp00.bmp,ctxr,16704,b7e703e956c6b887c293cdc04467ec5a9d98b5e9
textures/flatlist/ovr_stm/_win/w01a1_wlp01.bmp.ctxr,textures/flatlist/ovr_stm/_win,w01a1_wlp01.bmp.ctxr,w01a1_wlp01.bmp,ctxr,18720,2c000eb12535d5ed5a453f3e7250d8027ce23d2b
textures/flatlist/ovr_stm/_win/w01a1_wlu00.bmp.ctxr,textures/flatlist/ovr_stm/_win,w01a1_wlu00.bmp.ctxr,w01a1_wlu00.bmp,ctxr,22240,6263ec7164d6a707606934c41bcdf74b52ee2b51
textures/flatlist/ovr_stm/_win/w01alc_gmen3.bmp.ctxr,textures/flatlist/ovr_stm/_win,w01alc_gmen3.bmp.ctxr,w01alc_gmen3.bmp,ctxr,165184,b54f6a78a3940fc9e438e6995a03ff98bc401235
textures/flatlist/ovr_stm/_win/w01alc_tes1.bmp.ctxr,textures/flatlist/ovr_stm/_win,w01alc_tes1.bmp.ctxr,w01alc_tes1.bmp,ctxr,251584,c01571f97150afb605a1e0a6848ebc996c74c205
textures/flatlist/ovr_stm/_win/w01alc_tes2.bmp.ctxr,textures/flatlist/ovr_stm/_win,w01alc_tes2.bmp.ctxr,w01alc_tes2.bmp,ctxr,251584,56809ebcc675ebbf320094d9361aca3a7695ce33
textures/flatlist/ovr_stm/_win/w01alc_tes3.bmp.ctxr,textures/flatlist/ovr_stm/_win,w01alc_tes3.bmp.ctxr,w01alc_tes3.bmp,ctxr,251584,9b8563a7277d4e5f82e9bd8157d383f165e461a8
textures/flatlist/ovr_stm/_win/w01a_barc_02.bmp.ctxr,textures/flatlist/ovr_stm/_win,w01a_barc_02.bmp.ctxr,w01a_barc_02.bmp,ctxr,33120,25089503d7669dde90b1e5d5d035b38ad2d00e88
textures/flatlist/ovr_stm/_win/w01a_bardr00.bmp.ctxr,textures/flatlist/ovr_stm/_win,w01a_bardr00.bmp.ctxr,w01a_bardr00.bmp,ctxr,12576,4cc5679087500aee1c8e359723d52c570c8b3b3b
textures/flatlist/ovr_stm/_win/w01a_barwl02.bmp.ctxr,textures/flatlist/ovr_stm/_win,w01a_barwl02.bmp.ctxr,w01a_barwl02.bmp,ctxr,16704,222ee05be7f028875eda3cc558fb16aeda87b235
textures/flatlist/ovr_stm/_win/w01a_chrb00.bmp.ctxr,textures/flatlist/ovr_stm/_win,w01a_chrb00.bmp.ctxr,w01a_chrb00.bmp,ctxr,22176,94d52796b66c00a76f58c463864f0649a9b37f8a
textures/flatlist/ovr_stm/_win/w01a_chrb01.bmp.ctxr,textures/flatlist/ovr_stm/_win,w01a_chrb01.bmp.ctxr,w01a_chrb01.bmp,ctxr,8512,795a1d09ea9e732d0e9a10b2d66ef1d2316dd70d
textures/flatlist/ovr_stm/_win/w01a_dr04a.bmp.ctxr,textures/flatlist/ovr_stm/_win,w01a_dr04a.bmp.ctxr,w01a_dr04a.bmp,ctxr,44064,a46ae7b8e4bbd1eb0b3f6b9b6458d01582d5c66b
textures/flatlist/ovr_stm/_win/w01a_fl00a_bld090_ovl.bmp.ctxr,textures/flatlist/ovr_stm/_win,w01a_fl00a_bld090_ovl.bmp.ctxr,w01a_fl00a_bld090_ovl.bmp,ctxr,271648,e9dea15844e8764f2f8e5471822c3edd279488ac
textures/flatlist/ovr_stm/_win/w01a_fl00b_bld090_ovl.bmp.ctxr,textures/flatlist/ovr_stm/_win,w01a_fl00b_bld090_ovl.bmp.ctxr,w01a_fl00b_bld090_ovl.bmp,ctxr,123200,dbe1ce35840beb532e60d773ab10491f3d7f2ce2
textures/flatlist/ovr_stm/_win/w01a_fl00c_bld090_ovl.bmp.ctxr,textures/flatlist/ovr_stm/_win,w01a_fl00c_bld090_ovl.bmp.ctxr,w01a_fl00c_bld090_ovl.bmp,ctxr,203808,30f27b282844e90a526840f833d3f41a3fa1f59d
textures/flatlist/ovr_stm/_win/w01a_fl00d_bld090_ovl.bmp.ctxr,textures/flatlist/ovr_stm/_win,w01a_fl00d_bld090_ovl.bmp.ctxr,w01a_fl00d_bld090_ovl.bmp,ctxr,190272,551dfeb8ca85cab321c5a9b6d468c1c12439c47d
textures/flatlist/ovr_stm/_win/w01a_fl00e_bld090_ovl.bmp.ctxr,textures/flatlist/ovr_stm/_win,w01a_fl00e_bld090_ovl.bmp.ctxr,w01a_fl00e_bld090_ovl.bmp,ctxr,92480,d84f99605b23c973276f073ae68959c4b2dc6376
textures/flatlist/ovr_stm/_win/w01a_fl00f_bld090_ovl.bmp.ctxr,textures/flatlist/ovr_stm/_win,w01a_fl00f_bld090_ovl.bmp.ctxr,w01a_fl00f_bld090_ovl.bmp,ctxr,86336,846475a092ffa5c59849900c8a6629d0115a5f9f
textures/flatlist/ovr_stm/_win/w01a_fl00g_bld090_ovl.bmp.ctxr,textures/flatlist/ovr_stm/_win,w01a_fl00g_bld090_ovl.bmp.ctxr,w01a_fl00g_bld090_ovl.bmp,ctxr,172192,cf0f52a1abdea3324a1b62a5c53c4df3408e14a7
textures/flatlist/ovr_stm/_win/w01a_fl00h_bld090_ovl.bmp.ctxr,textures/flatlist/ovr_stm/_win,w01a_fl00h_bld090_ovl.bmp.ctxr,w01a_fl00h_bld090_ovl.bmp,ctxr,78144,de6ca75acc1336602cad0b268fd0fe0f5d90f607
textures/flatlist/ovr_stm/_win/w01a_fl00i_bld090_ovl.bmp.ctxr,textures/flatlist/ovr_stm/_win,w01a_fl00i_bld090_ovl.bmp.ctxr,w01a_fl00i_bld090_ovl.bmp,ctxr,175456,dea9b866ce93d70a5c8c45e6fbed2eedd1c02387
textures/flatlist/ovr_stm/_win/w01a_fl02a_bld090_ovl.bmp.ctxr,textures/flatlist/ovr_stm/_win,w01a_fl02a_bld090_ovl.bmp.ctxr,w01a_fl02a_bld090_ovl.bmp,ctxr,230720,72c209f7d612c1a91a789b3ce7cca6a305dcc4de
textures/flatlist/ovr_stm/_win/w01a_fl02b_bld090_ovl.bmp.ctxr,textures/flatlist/ovr_stm/_win,w01a_fl02b_bld090_ovl.bmp.ctxr,w01a_fl02b_bld090_ovl.bmp,ctxr,118048,4a54d362d8d0fad24372903da85346543b4f2e77
textures/flatlist/ovr_stm/_win/w01a_fl02c_bld090_ovl.bmp.ctxr,textures/flatlist/ovr_stm/_win,w01a_fl02c_bld090_ovl.bmp.ctxr,w01a_fl02c_bld090_ovl.bmp,ctxr,115488,9bed3a1c0dc53a65883627299d0ccb5f8a95f75a
textures/flatlist/ovr_stm/_win/w01a_fl02d_bld090_ovl.bmp.ctxr,textures/flatlist/ovr_stm/_win,w01a_fl02d_bld090_ovl.bmp.ctxr,w01a_fl02d_bld090_ovl.bmp,ctxr,61728,7c55007a572bf6a12451b81c6a05612b599122df
textures/flatlist/ovr_stm/_win/w01a_fl02e_bld090_ovl.bmp.ctxr,textures/flatlist/ovr_stm/_win,w01a_fl02e_bld090_ovl.bmp.ctxr,w01a_fl02e_bld090_ovl.bmp,ctxr,77120,031591fc2fd1169f300946f182fb7d873be34775
textures/flatlist/ovr_stm/_win/w01a_stp00b.bmp.ctxr,textures/flatlist/ovr_stm/_win,w01a_stp00b.bmp.ctxr,w01a_stp00b.bmp,ctxr,5760,8e4ba7cfe001b6401c92c19c13bf69f910b1fddc
textures/flatlist/ovr_stm/_win/w01a_w16b.bmp.ctxr,textures/flatlist/ovr_stm/_win,w01a_w16b.bmp.ctxr,w01a_w16b.bmp,ctxr,123200,e257d0594cc9f109a471928d527e4fb4b7d4f1a8
textures/flatlist/ovr_stm/_win/w01b0_wa05d.bmp.ctxr,textures/flatlist/ovr_stm/_win,w01b0_wa05d.bmp.ctxr,w01b0_wa05d.bmp,ctxr,43360,e3c4c090800d7cfc35b79232fec4e76c9e19a005
textures/flatlist/ovr_stm/_win/w01b_flb00_bld080_ovl.bmp.ctxr,textures/flatlist/ovr_stm/_win,w01b_flb00_bld080_ovl.bmp.ctxr,w01b_flb00_bld080_ovl.bmp,ctxr,244064,e76f6d125d015949a7ae671918f6f643131ce3a6
textures/flatlist/ovr_stm/_win/w01b_flc00.bmp.ctxr,textures/flatlist/ovr_stm/_win,w01b_flc00.bmp.ctxr,w01b_flc00.bmp,ctxr,98656,9401030e07f375f5450b2c779906b0765d305bd7
textures/flatlist/ovr_stm/_win/w01b_flc00b.bmp.ctxr,textures/flatlist/ovr_stm/_win,w01b_flc00b.bmp.ctxr,w01b_flc00b.bmp,ctxr,8512,aa10493e4a62eb740f388ef89cc7ce53c2952f0c
textures/flatlist/ovr_stm/_win/w01b_flc00c.bmp.ctxr,textures/flatlist/ovr_stm/_win,w01b_flc00c.bmp.ctxr,w01b_flc00c.bmp,ctxr,28960,f1fdbd6b4cf87f74804a8adcc0c83354266948f8
textures/flatlist/ovr_stm/_win/w01b_flc00d.bmp.ctxr,textures/flatlist/ovr_stm/_win,w01b_flc00d.bmp.ctxr,w01b_flc00d.bmp,ctxr,28960,096d9a89a04941ac2da58def76a995dab51dcba5
textures/flatlist/ovr_stm/_win/w01b_rfa00.bmp.ctxr,textures/flatlist/ovr_stm/_win,w01b_rfa00.bmp.ctxr,w01b_rfa00.bmp,ctxr,31008,23808a0ff233d7433a0c5163ade8eb797613a17a
textures/flatlist/ovr_stm/_win/w01b_rfa00a.bmp.ctxr,textures/flatlist/ovr_stm/_win,w01b_rfa00a.bmp.ctxr,w01b_rfa00a.bmp,ctxr,31008,e111c3d5cb7c1038f6d2507fb702f3bea3d58540
textures/flatlist/ovr_stm/_win/w01b_rfa02a.bmp.ctxr,textures/flatlist/ovr_stm/_win,w01b_rfa02a.bmp.ctxr,w01b_rfa02a.bmp,ctxr,43328,f47be73dc61062ee1fe938d1e9a48fac383275f7
textures/flatlist/ovr_stm/_win/w01b_rfa04a.bmp.ctxr,textures/flatlist/ovr_stm/_win,w01b_rfa04a.bmp.ctxr,w01b_rfa04a.bmp,ctxr,16736,b70f616ff3eb03075d367ae299abed25e4ce82d1
textures/flatlist/ovr_stm/_win/w01b_wa05e.bmp.ctxr,textures/flatlist/ovr_stm/_win,w01b_wa05e.bmp.ctxr,w01b_wa05e.bmp,ctxr,22208,52834d6b32f815f904d1358eac53112757e87a9b
textures/flatlist/ovr_stm/_win/w01b_wa06a_bld080_ovl.bmp.ctxr,textures/flatlist/ovr_stm/_win,w01b_wa06a_bld080_ovl.bmp.ctxr,w01b_wa06a_bld080_ovl.bmp,ctxr,37184,87863ce1ed0130481fcc5faa97f63126aa3b7076
textures/flatlist/ovr_stm/_win/w01b_wa06b_bld080_ovl.bmp.ctxr,textures/flatlist/ovr_stm/_win,w01b_wa06b_bld080_ovl.bmp.ctxr,w01b_wa06b_bld080_ovl.bmp,ctxr,31040,78192940d373ab7e74f2aabe881e52bfcaed94c1
textures/flatlist/ovr_stm/_win/w01b_wa06_bld080_ovl.bmp.ctxr,textures/flatlist/ovr_stm/_win,w01b_wa06_bld080_ovl.bmp.ctxr,w01b_wa06_bld080_ovl.bmp,ctxr,31040,fbf2c3ff6a8eee37e1459716dfff9f9a7e62df53
textures/flatlist/ovr_stm/_win/w01b_wb00a.bmp.ctxr,textures/flatlist/ovr_stm/_win,w01b_wb00a.bmp.ctxr,w01b_wb00a.bmp,ctxr,61760,3a3aadfe582799d09811341b833c45f4a6fafbd7
textures/flatlist/ovr_stm/_win/w01b_wb00b.bmp.ctxr,textures/flatlist/ovr_stm/_win,w01b_wb00b.bmp.ctxr,w01b_wb00b.bmp,ctxr,61760,d0cd5aa298e1c51f1cea3b1fe0ad6203659c355a
textures/flatlist/ovr_stm/_win/w01b_wb03.bmp_6ef77a2ce547246938dd483099ada51f.ctxr,textures/flatlist/ovr_stm/_win,w01b_wb03.bmp_6ef77a2ce547246938dd483099ada51f.ctxr,w01b_wb03.bmp_6ef77a2ce547246938dd483099ada51f,ctxr,19424,043ceb5db393a0f5e1479b3ecbe9b0c3d568e3ba
textures/flatlist/ovr_stm/_win/w01b_wc00j.bmp.ctxr,textures/flatlist/ovr_stm/_win,w01b_wc00j.bmp.ctxr,w01b_wc00j.bmp,ctxr,19424,7bf6aefb6719928600dabe421954fb8e8ae6a35e
textures/flatlist/ovr_stm/_win/w01b_wc00k.bmp.ctxr,textures/flatlist/ovr_stm/_win,w01b_wc00k.bmp.ctxr,w01b_wc00k.bmp,ctxr,19424,af76a6d16b109f62680cb7a605f87593e3094151
textures/flatlist/ovr_stm/_win/w01b_wc01a.bmp.ctxr,textures/flatlist/ovr_stm/_win,w01b_wc01a.bmp.ctxr,w01b_wc01a.bmp,ctxr,42624,aa2076bd6df648a634ac48c8e7e9cbf00e497dbf
textures/flatlist/ovr_stm/_win/w01b_wc01b.bmp.ctxr,textures/flatlist/ovr_stm/_win,w01b_wc01b.bmp.ctxr,w01b_wc01b.bmp,ctxr,19424,1124dcff7041dca6586a543c106898da8a0dcaf1
textures/flatlist/ovr_stm/_win/w01b_wc05a.bmp.ctxr,textures/flatlist/ovr_stm/_win,w01b_wc05a.bmp.ctxr,w01b_wc05a.bmp,ctxr,42624,9c168e7a2381749733c691251f76be50a42c8c6c
textures/flatlist/ovr_stm/_win/w01b_wc05b.bmp.ctxr,textures/flatlist/ovr_stm/_win,w01b_wc05b.bmp.ctxr,w01b_wc05b.bmp,ctxr,19424,6bb0dfd27fec1eded69080f4ad561cf6bc98e924
textures/flatlist/ovr_stm/_win/w01b_wc07.bmp.ctxr,textures/flatlist/ovr_stm/_win,w01b_wc07.bmp.ctxr,w01b_wc07.bmp,ctxr,123200,59e50dd92f46628532960ee81b79a9287bc4538d
textures/flatlist/ovr_stm/_win/w01b_wc11a.bmp.ctxr,textures/flatlist/ovr_stm/_win,w01b_wc11a.bmp.ctxr,w01b_wc11a.bmp,ctxr,42624,b3f7fd6a6a1bf3fb63485da02eddaa07cc4f21e4
textures/flatlist/ovr_stm/_win/w01b_wc11b.bmp.ctxr,textures/flatlist/ovr_stm/_win,w01b_wc11b.bmp.ctxr,w01b_wc11b.bmp,ctxr,19424,ab6d84128dc21665652e10185cefcb913c06f70d
textures/flatlist/ovr_stm/_win/w01b_wc12a.bmp.ctxr,textures/flatlist/ovr_stm/_win,w01b_wc12a.bmp.ctxr,w01b_wc12a.bmp,ctxr,42624,6fbc1e6708d539f49ef16e1f6a563bb491937502
textures/flatlist/ovr_stm/_win/w01b_wc12b.bmp.ctxr,textures/flatlist/ovr_stm/_win,w01b_wc12b.bmp.ctxr,w01b_wc12b.bmp,ctxr,19424,ea099247376cb9aca156b505acf8b56be29dc650
textures/flatlist/ovr_stm/_win/w01b_wc13a.bmp.ctxr,textures/flatlist/ovr_stm/_win,w01b_wc13a.bmp.ctxr,w01b_wc13a.bmp,ctxr,44064,4d6f97584f94b7de7719f7787d3b7602a49cce91
textures/flatlist/ovr_stm/_win/w01b_wlp03_bld075_ovl.bmp.ctxr,textures/flatlist/ovr_stm/_win,w01b_wlp03_bld075_ovl.bmp.ctxr,w01b_wlp03_bld075_ovl.bmp,ctxr,18176,6d8e9ec6140c01d2b57d715d5343116b5c0afcdd
textures/flatlist/ovr_stm/_win/w01c_ami_alp_ovl.bmp.ctxr,textures/flatlist/ovr_stm/_win,w01c_ami_alp_ovl.bmp.ctxr,w01c_ami_alp_ovl.bmp,ctxr,11264,57c533872e941a3fca4610bc5a91ab512beafeae
textures/flatlist/ovr_stm/_win/w01c_ana00.bmp.ctxr,textures/flatlist/ovr_stm/_win,w01c_ana00.bmp.ctxr,w01c_ana00.bmp,ctxr,55648,9144b85ee604a13c8317a3a0981729f2bfc32b17
textures/flatlist/ovr_stm/_win/w01c_box00.bmp.ctxr,textures/flatlist/ovr_stm/_win,w01c_box00.bmp.ctxr,w01c_box00.bmp,ctxr,27616,b414a02a08cc32ff3e18e930785be6c273e0b3f5
textures/flatlist/ovr_stm/_win/w01c_box00a.bmp.ctxr,textures/flatlist/ovr_stm/_win,w01c_box00a.bmp.ctxr,w01c_box00a.bmp,ctxr,5792,2f5184b3d603904b9ab0d4dd1a93104e30cafcea
textures/flatlist/ovr_stm/_win/w01c_box00b.bmp.ctxr,textures/flatlist/ovr_stm/_win,w01c_box00b.bmp.ctxr,w01c_box00b.bmp,ctxr,7136,15c435e9ad576b8614d7a7eb36a6ec8c904cfc70
textures/flatlist/ovr_stm/_win/w01c_ent01d.bmp.ctxr,textures/flatlist/ovr_stm/_win,w01c_ent01d.bmp.ctxr,w01c_ent01d.bmp,ctxr,14016,fb0d7ee2112e6182586fdc0b93dae76f83cd88c3
textures/flatlist/ovr_stm/_win/w01c_flp00_bld095_ovl.bmp.ctxr,textures/flatlist/ovr_stm/_win,w01c_flp00_bld095_ovl.bmp.ctxr,w01c_flp00_bld095_ovl.bmp,ctxr,16000,79ad33a60fd43d3c1fb465e7d2f74c33a9c58033
textures/flatlist/ovr_stm/_win/w01c_pnl00.bmp.ctxr,textures/flatlist/ovr_stm/_win,w01c_pnl00.bmp.ctxr,w01c_pnl00.bmp,ctxr,24192,d842cd0b4a53d3362ed554b959d593c0b2c68dc3
textures/flatlist/ovr_stm/_win/w01c_pp01.bmp.ctxr,textures/flatlist/ovr_stm/_win,w01c_pp01.bmp.ctxr,w01c_pp01.bmp,ctxr,33120,c64bb5475ae7b20babc043e0681fc2bed47e95a5
textures/flatlist/ovr_stm/_win/w01c_pp01a.bmp.ctxr,textures/flatlist/ovr_stm/_win,w01c_pp01a.bmp.ctxr,w01c_pp01a.bmp,ctxr,24896,0d089fcab63c5f3dfb3b0db1d27b0e3846d5ad7c
textures/flatlist/ovr_stm/_win/w01c_pp02.bmp.ctxr,textures/flatlist/ovr_stm/_win,w01c_pp02.bmp.ctxr,w01c_pp02.bmp,ctxr,24896,cefafcc4d81ff03cd3bebf946e8b5b7d6e957c9c
textures/flatlist/ovr_stm/_win/w01c_rf01.bmp.ctxr,textures/flatlist/ovr_stm/_win,w01c_rf01.bmp.ctxr,w01c_rf01.bmp,ctxr,33088,d49712061cf4789ce03d6cbc974e7d5e04e512ba
textures/flatlist/ovr_stm/_win/w01c_rf01a.bmp.ctxr,textures/flatlist/ovr_stm/_win,w01c_rf01a.bmp.ctxr,w01c_rf01a.bmp,ctxr,24896,485706a6822b724305fca2d952042853bf9a9899
textures/flatlist/ovr_stm/_win/w01c_rfb00.bmp.ctxr,textures/flatlist/ovr_stm/_win,w01c_rfb00.bmp.ctxr,w01c_rfb00.bmp,ctxr,22176,70ef5124443e6abe3fd610a2a61e69299d9a9863
textures/flatlist/ovr_stm/_win/w01c_rfb04.bmp.ctxr,textures/flatlist/ovr_stm/_win,w01c_rfb04.bmp.ctxr,w01c_rfb04.bmp,ctxr,129344,93e4a999542cb590d31900b7d911dd5b38424a85
textures/flatlist/ovr_stm/_win/w01c_rfc00.bmp.ctxr,textures/flatlist/ovr_stm/_win,w01c_rfc00.bmp.ctxr,w01c_rfc00.bmp,ctxr,175168,8283dfe46840ce14dca6648d5efb67f07cab39a1
textures/flatlist/ovr_stm/_win/w01c_wa04.bmp.ctxr,textures/flatlist/ovr_stm/_win,w01c_wa04.bmp.ctxr,w01c_wa04.bmp,ctxr,33088,74239ede0200f3363ca2a0158c90e20a50319c01
textures/flatlist/ovr_stm/_win/w01c_wb02.bmp.ctxr,textures/flatlist/ovr_stm/_win,w01c_wb02.bmp.ctxr,w01c_wb02.bmp,ctxr,44064,8dfd9615d46504651a1983a59f6f9ef513e5787e
textures/flatlist/ovr_stm/_win/w01c_wb02a.bmp.ctxr,textures/flatlist/ovr_stm/_win,w01c_wb02a.bmp.ctxr,w01c_wb02a.bmp,ctxr,44064,aa9e6b51c20c6db2e641d9357f5eb5f7174a65ab
textures/flatlist/ovr_stm/_win/w01c_wb03a.bmp.ctxr,textures/flatlist/ovr_stm/_win,w01c_wb03a.bmp.ctxr,w01c_wb03a.bmp,ctxr,73216,ba069b4f09bbb3b6d66eba7b58b2f2624b17eac2
textures/flatlist/ovr_stm/_win/w01c_wb03e.bmp.ctxr,textures/flatlist/ovr_stm/_win,w01c_wb03e.bmp.ctxr,w01c_wb03e.bmp,ctxr,103968,11356c75dfb66c9515ec9066e84103a3999eb20f
textures/flatlist/ovr_stm/_win/w01c_wb03e2.bmp.ctxr,textures/flatlist/ovr_stm/_win,w01c_wb03e2.bmp.ctxr,w01c_wb03e2.bmp,ctxr,74048,b2d6256c80b007eee677b6664979a91df1fde3ac
textures/flatlist/ovr_stm/_win/w01c_wlp01a.bmp.ctxr,textures/flatlist/ovr_stm/_win,w01c_wlp01a.bmp.ctxr,w01c_wlp01a.bmp,ctxr,11296,95d7d8cc5e0607dac2ee3b13a87bbf1014bfdf9d
textures/flatlist/ovr_stm/_win/w01d1_dr00.bmp.ctxr,textures/flatlist/ovr_stm/_win,w01d1_dr00.bmp.ctxr,w01d1_dr00.bmp,ctxr,46368,26f8ff47801bd3a3c97841de1f7bf0446c746b70
textures/flatlist/ovr_stm/_win/w01d1_flc00a.bmp.ctxr,textures/flatlist/ovr_stm/_win,w01d1_flc00a.bmp.ctxr,w01d1_flc00a.bmp,ctxr,39200,9703e4f7141def83ae2b368a920ec271c24f9606
textures/flatlist/ovr_stm/_win/w01d1_flc00b.bmp.ctxr,textures/flatlist/ovr_stm/_win,w01d1_flc00b.bmp.ctxr,w01d1_flc00b.bmp,ctxr,37184,5b27d3ec6c87579bcbf8c936b66872704fb966ea
textures/flatlist/ovr_stm/_win/w01d1_rfb00.bmp.ctxr,textures/flatlist/ovr_stm/_win,w01d1_rfb00.bmp.ctxr,w01d1_rfb00.bmp,ctxr,39200,cc122a93bffcd3acc5907c949852988531d4bd03
textures/flatlist/ovr_stm/_win/w01d1_rfb01.bmp.ctxr,textures/flatlist/ovr_stm/_win,w01d1_rfb01.bmp.ctxr,w01d1_rfb01.bmp,ctxr,33088,a4376a53fd402ce54164c59f5a59ff82c4286b6f
textures/flatlist/ovr_stm/_win/w01d1_wb00.bmp.ctxr,textures/flatlist/ovr_stm/_win,w01d1_wb00.bmp.ctxr,w01d1_wb00.bmp,ctxr,92480,8a3da08135f33af8bc7118d55f9a4752191e9db9
textures/flatlist/ovr_stm/_win/w01d1_wb00b.bmp.ctxr,textures/flatlist/ovr_stm/_win,w01d1_wb00b.bmp.ctxr,w01d1_wb00b.bmp,ctxr,46400,c847fc3efe44cb718e857e13799cf494832e8625
textures/flatlist/ovr_stm/_win/w01d_soko_flour_new.bmp.ctxr,textures/flatlist/ovr_stm/_win,w01d_soko_flour_new.bmp.ctxr,w01d_soko_flour_new.bmp,ctxr,282944,699b6f54919550673024924083dae5c0f1e02e88
textures/flatlist/ovr_stm/_win/w01e_com01_b.bmp.ctxr,textures/flatlist/ovr_stm/_win,w01e_com01_b.bmp.ctxr,w01e_com01_b.bmp,ctxr,28960,ad3f47b646758c1e0e61979e204c327133f6a05b
textures/flatlist/ovr_stm/_win/w01e_com01_s.bmp.ctxr,textures/flatlist/ovr_stm/_win,w01e_com01_s.bmp.ctxr,w01e_com01_s.bmp,ctxr,14656,04a74472d1a97929718998ac75c28760fc10c4f2
textures/flatlist/ovr_stm/_win/w01e_com02_f.bmp.ctxr,textures/flatlist/ovr_stm/_win,w01e_com02_f.bmp.ctxr,w01e_com02_f.bmp,ctxr,44064,4bf802fb1277ff102ec3df4b084641bc0a610307
textures/flatlist/ovr_stm/_win/w01e_com02_t.bmp_8ba0dcecf451a0857ea0e90f903b3946.ctxr,textures/flatlist/ovr_stm/_win,w01e_com02_t.bmp_8ba0dcecf451a0857ea0e90f903b3946.ctxr,w01e_com02_t.bmp_8ba0dcecf451a0857ea0e90f903b3946,ctxr,34464,b3c28b6bcf3e79639cb7f9fa7630ceaa27ddac4d
textures/flatlist/ovr_stm/_win/w01e_com03_s.bmp.ctxr,textures/flatlist/ovr_stm/_win,w01e_com03_s.bmp.ctxr,w01e_com03_s.bmp,ctxr,14656,c5fbb734631ad806fedad92983dba2b774294efd
textures/flatlist/ovr_stm/_win/w01e_com04_f.bmp.ctxr,textures/flatlist/ovr_stm/_win,w01e_com04_f.bmp.ctxr,w01e_com04_f.bmp,ctxr,51520,ae736ce07afe001fc4e020559f5fabb0954a9ccc
textures/flatlist/ovr_stm/_win/w01e_comp3_blkplate.bmp.ctxr,textures/flatlist/ovr_stm/_win,w01e_comp3_blkplate.bmp.ctxr,w01e_comp3_blkplate.bmp,ctxr,22208,935209dfe3f67e21f4dbb53b0eb53ce78fd0b583
textures/flatlist/ovr_stm/_win/w01e_comp3_f.bmp.ctxr,textures/flatlist/ovr_stm/_win,w01e_comp3_f.bmp.ctxr,w01e_comp3_f.bmp,ctxr,44064,cd21963649f3527173d0370caf598038753fa009
textures/flatlist/ovr_stm/_win/w01e_comp3_s.bmp.ctxr,textures/flatlist/ovr_stm/_win,w01e_comp3_s.bmp.ctxr,w01e_comp3_s.bmp,ctxr,14656,4b2d7b02feca8bd6bdab1923bfa4d1680d2ced89
textures/flatlist/ovr_stm/_win/w01e_deck_t2_alp_ovl.bmp.ctxr,textures/flatlist/ovr_stm/_win,w01e_deck_t2_alp_ovl.bmp.ctxr,w01e_deck_t2_alp_ovl.bmp,ctxr,44064,3951bab9a9e7b336472a95e3e434efa1fd84d6f7
textures/flatlist/ovr_stm/_win/w01e_drwl_b.bmp.ctxr,textures/flatlist/ovr_stm/_win,w01e_drwl_b.bmp.ctxr,w01e_drwl_b.bmp,ctxr,46368,7faa76c66474ce5413546429b51cca639795b6bf
textures/flatlist/ovr_stm/_win/w01e_floor1_alp_ovl.bmp.ctxr,textures/flatlist/ovr_stm/_win,w01e_floor1_alp_ovl.bmp.ctxr,w01e_floor1_alp_ovl.bmp,ctxr,87744,7642d381b14ffa4eb9ffbad475b5fec35a891c2f
textures/flatlist/ovr_stm/_win/w01e_floor2_alp_ovl.bmp.ctxr,textures/flatlist/ovr_stm/_win,w01e_floor2_alp_ovl.bmp.ctxr,w01e_floor2_alp_ovl.bmp,ctxr,33088,afb10cf23895586395aede6ea713400bac7fb9f9
textures/flatlist/ovr_stm/_win/w01e_meter01.bmp.ctxr,textures/flatlist/ovr_stm/_win,w01e_meter01.bmp.ctxr,w01e_meter01.bmp,ctxr,13984,c50e9cf19ab9b0cb3687fc8febe25ff429649304
textures/flatlist/ovr_stm/_win/w01e_panel02.bmp.ctxr,textures/flatlist/ovr_stm/_win,w01e_panel02.bmp.ctxr,w01e_panel02.bmp,ctxr,7776,bc8148afec5cdaf4f14eb47ac3cfdc0947a55245
textures/flatlist/ovr_stm/_win/w01e_panel2_bld80_ovl.bmp.ctxr,textures/flatlist/ovr_stm/_win,w01e_panel2_bld80_ovl.bmp.ctxr,w01e_panel2_bld80_ovl.bmp,ctxr,246112,2bf3f8cae4b6aff6052c8e8a37d572578fe4c77f
textures/flatlist/ovr_stm/_win/w01e_panel_bld80_ovl.bmp.ctxr,textures/flatlist/ovr_stm/_win,w01e_panel_bld80_ovl.bmp.ctxr,w01e_panel_bld80_ovl.bmp,ctxr,31680,03ff4ad31018244a2cd8e8fe3d136d68d500df8d
textures/flatlist/ovr_stm/_win/w01e_rf01_bld80_ovl.bmp_86291923fbc81da8d810fe8a4f98600d.ctxr,textures/flatlist/ovr_stm/_win,w01e_rf01_bld80_ovl.bmp_86291923fbc81da8d810fe8a4f98600d.ctxr,w01e_rf01_bld80_ovl.bmp_86291923fbc81da8d810fe8a4f98600d,ctxr,87744,d46b42feefa17a8b3357dd0c4dc7d03e6c5bc9d7
textures/flatlist/ovr_stm/_win/w01e_rf_obj01.bmp_8aa481574227a8f769b24d7af4556fb5.ctxr,textures/flatlist/ovr_stm/_win,w01e_rf_obj01.bmp_8aa481574227a8f769b24d7af4556fb5.ctxr,w01e_rf_obj01.bmp_8aa481574227a8f769b24d7af4556fb5,ctxr,12576,3a63366136e34c39adb73e2325644c8b4307e5ae
textures/flatlist/ovr_stm/_win/w01e_rouka_rf.bmp.ctxr,textures/flatlist/ovr_stm/_win,w01e_rouka_rf.bmp.ctxr,w01e_rouka_rf.bmp,ctxr,22176,03eb78b246e764d7a4b133792453f13299b5115e
textures/flatlist/ovr_stm/_win/w01e_rouka_rf_fade.bmp.ctxr,textures/flatlist/ovr_stm/_win,w01e_rouka_rf_fade.bmp.ctxr,w01e_rouka_rf_fade.bmp,ctxr,22176,f0783db07836b622de2b2ec715059633314c3c0f
textures/flatlist/ovr_stm/_win/w01e_rouka_wall1.bmp.ctxr,textures/flatlist/ovr_stm/_win,w01e_rouka_wall1.bmp.ctxr,w01e_rouka_wall1.bmp,ctxr,131424,d793425ddd95d4e0a2cd747674fa06687c7c9c83
textures/flatlist/ovr_stm/_win/w01e_rouka_wall2_fade.bmp.ctxr,textures/flatlist/ovr_stm/_win,w01e_rouka_wall2_fade.bmp.ctxr,w01e_rouka_wall2_fade.bmp,ctxr,612032,c5c1a24dd53e7b2050789399b1b8be6a78ba5417
textures/flatlist/ovr_stm/_win/w01e_speaker01.bmp.ctxr,textures/flatlist/ovr_stm/_win,w01e_speaker01.bmp.ctxr,w01e_speaker01.bmp,ctxr,8480,ad1a0c93c4e715af31b978c68119768dbfff52f0
textures/flatlist/ovr_stm/_win/w01e_tsr00.bmp.ctxr,textures/flatlist/ovr_stm/_win,w01e_tsr00.bmp.ctxr,w01e_tsr00.bmp,ctxr,11296,591f1a8bad95aeb9e4dcf85e32fd974f3ddfa6f8
textures/flatlist/ovr_stm/_win/w01e_tsr01.bmp.ctxr,textures/flatlist/ovr_stm/_win,w01e_tsr01.bmp.ctxr,w01e_tsr01.bmp,ctxr,960,feebda12767dd74e55a6e5c0ac66056d0d6fd412
textures/flatlist/ovr_stm/_win/w01e_wall01.bmp.ctxr,textures/flatlist/ovr_stm/_win,w01e_wall01.bmp.ctxr,w01e_wall01.bmp,ctxr,49504,bf3f6ae94cb74e06b2bbfd0a9576ae001710872f
textures/flatlist/ovr_stm/_win/w01e_wall02.bmp.ctxr,textures/flatlist/ovr_stm/_win,w01e_wall02.bmp.ctxr,w01e_wall02.bmp,ctxr,131424,571b7686309d5e031aff220714cca39cffc1e2e5
textures/flatlist/ovr_stm/_win/w01e_wndflame01.bmp.ctxr,textures/flatlist/ovr_stm/_win,w01e_wndflame01.bmp.ctxr,w01e_wndflame01.bmp,ctxr,12608,395fdcce961fd64d18aceb776bc85265fe068e21
textures/flatlist/ovr_stm/_win/w01e_wndwall01.bmp.ctxr,textures/flatlist/ovr_stm/_win,w01e_wndwall01.bmp.ctxr,w01e_wndwall01.bmp,ctxr,44064,90a67b85974d86d33f9120723423e8f40acc1d2f
textures/flatlist/ovr_stm/_win/w01e_wndwall02.bmp.ctxr,textures/flatlist/ovr_stm/_win,w01e_wndwall02.bmp.ctxr,w01e_wndwall02.bmp,ctxr,24896,d30c56ef237373e9e2db3eeded439dfc59f8a4c2
textures/flatlist/ovr_stm/_win/w01f_bark03.bmp.ctxr,textures/flatlist/ovr_stm/_win,w01f_bark03.bmp.ctxr,w01f_bark03.bmp,ctxr,33120,d929f2ceba6c42651aa6cb99320af22a323454c0
textures/flatlist/ovr_stm/_win/w01f_barw03b.bmp.ctxr,textures/flatlist/ovr_stm/_win,w01f_barw03b.bmp.ctxr,w01f_barw03b.bmp,ctxr,33120,b92dbe3fb6962cfd5eae7f5a93b357d56fe646f1
textures/flatlist/ovr_stm/_win/w01f_bk07.bmp.ctxr,textures/flatlist/ovr_stm/_win,w01f_bk07.bmp.ctxr,w01f_bk07.bmp,ctxr,16704,9bead8cc6d4de36fd0360f5ebf2149cc68132770
textures/flatlist/ovr_stm/_win/w01f_menu.bmp.ctxr,textures/flatlist/ovr_stm/_win,w01f_menu.bmp.ctxr,w01f_menu.bmp,ctxr,16704,a98164fc617cfeb9131550bbf1404bcfccd6ae5f
textures/flatlist/ovr_stm/_win/w01f_pos00.bmp.ctxr,textures/flatlist/ovr_stm/_win,w01f_pos00.bmp.ctxr,w01f_pos00.bmp,ctxr,123200,cfed02cd48e19755f0dc67adecc7063d5c56fd6e
textures/flatlist/ovr_stm/_win/w01f_tvtb02.bmp.ctxr,textures/flatlist/ovr_stm/_win,w01f_tvtb02.bmp.ctxr,w01f_tvtb02.bmp,ctxr,20768,3db02630ac7598fce725af8f667ad6dd27157dd3
textures/flatlist/ovr_stm/_win/w01_dr00.bmp.ctxr,textures/flatlist/ovr_stm/_win,w01_dr00.bmp.ctxr,w01_dr00.bmp,ctxr,46368,db90ca002c796ede16d86152788316f6a5f1dffc
textures/flatlist/ovr_stm/_win/w01_dr01.bmp.ctxr,textures/flatlist/ovr_stm/_win,w01_dr01.bmp.ctxr,w01_dr01.bmp,ctxr,46368,0628f68e3647e512fbb26de294998d9a4a010c16
textures/flatlist/ovr_stm/_win/w01_dr01u.bmp.ctxr,textures/flatlist/ovr_stm/_win,w01_dr01u.bmp.ctxr,w01_dr01u.bmp,ctxr,46368,c0a111c5830c1b92acd5c20ab8c3b633a3e304f1
textures/flatlist/ovr_stm/_win/w02a_door.bmp.ctxr,textures/flatlist/ovr_stm/_win,w02a_door.bmp.ctxr,w02a_door.bmp,ctxr,97600,8c784cf5e7dcb963bf5f390eb99d50a61fa1731e
textures/flatlist/ovr_stm/_win/w02a_suimitu_dr.bmp.ctxr,textures/flatlist/ovr_stm/_win,w02a_suimitu_dr.bmp.ctxr,w02a_suimitu_dr.bmp,ctxr,51488,0fea3f0f8853a82ea3719b9ac0807c5a6421990a
textures/flatlist/ovr_stm/_win/w02_1f_hashira_01.bmp.ctxr,textures/flatlist/ovr_stm/_win,w02_1f_hashira_01.bmp.ctxr,w02_1f_hashira_01.bmp,ctxr,5664,bd8b52c32aca22c721ce82c790db9381ef0e4e32
textures/flatlist/ovr_stm/_win/w02_1f_hashira_02.bmp.ctxr,textures/flatlist/ovr_stm/_win,w02_1f_hashira_02.bmp.ctxr,w02_1f_hashira_02.bmp,ctxr,6432,02824c1e0e74f0c5e8bc1725d75b49b9fffc1ca8
textures/flatlist/ovr_stm/_win/w02_box_1.bmp.ctxr,textures/flatlist/ovr_stm/_win,w02_box_1.bmp.ctxr,w02_box_1.bmp,ctxr,37152,c04e0414b92f3a66a4d95107deb4af3fab01a8c4
textures/flatlist/ovr_stm/_win/w02_box_2.bmp.ctxr,textures/flatlist/ovr_stm/_win,w02_box_2.bmp.ctxr,w02_box_2.bmp,ctxr,18720,6402bf74acf3c868474cf8cbedbdd4a1dec796e9
textures/flatlist/ovr_stm/_win/w02_box_3.bmp.ctxr,textures/flatlist/ovr_stm/_win,w02_box_3.bmp.ctxr,w02_box_3.bmp,ctxr,12576,d40d9224bb174ea03bbc97690d4945014bc9c2ef
textures/flatlist/ovr_stm/_win/w02_box_new.bmp.ctxr,textures/flatlist/ovr_stm/_win,w02_box_new.bmp.ctxr,w02_box_new.bmp,ctxr,49472,93d39af2a00cd527dc0f672f4f331fbefdfa3bea
textures/flatlist/ovr_stm/_win/w02_box_new_up.bmp.ctxr,textures/flatlist/ovr_stm/_win,w02_box_new_up.bmp.ctxr,w02_box_new_up.bmp,ctxr,49472,c5d20ae8cbb891b6bb6d38be71d9d83b64421660
textures/flatlist/ovr_stm/_win/w02_eng_big.bmp.ctxr,textures/flatlist/ovr_stm/_win,w02_eng_big.bmp.ctxr,w02_eng_big.bmp,ctxr,123200,288a013194ff69319c759b87f1a9761600e696ff
textures/flatlist/ovr_stm/_win/w02_eng_prg_base.bmp.ctxr,textures/flatlist/ovr_stm/_win,w02_eng_prg_base.bmp.ctxr,w02_eng_prg_base.bmp,ctxr,37152,0ae42bd69212f7b29cab27c4a238ec1534d227ae
textures/flatlist/ovr_stm/_win/w02_eng_prg_base5.bmp.ctxr,textures/flatlist/ovr_stm/_win,w02_eng_prg_base5.bmp.ctxr,w02_eng_prg_base5.bmp,ctxr,32544,bf16f39927731d29f54b392c8b37b85130e65d31
textures/flatlist/ovr_stm/_win/w02_eng_prg_base6.bmp.ctxr,textures/flatlist/ovr_stm/_win,w02_eng_prg_base6.bmp.ctxr,w02_eng_prg_base6.bmp,ctxr,64832,0c29937e3e02d9fc0056e8a836d96b6a31b6211d
textures/flatlist/ovr_stm/_win/w02_eng_prg_body.bmp.ctxr,textures/flatlist/ovr_stm/_win,w02_eng_prg_body.bmp.ctxr,w02_eng_prg_body.bmp,ctxr,92480,db4ec0a61bb38f7fe28b58752ffd784a093269dc
textures/flatlist/ovr_stm/_win/w02_eng_prg_head_side.bmp.ctxr,textures/flatlist/ovr_stm/_win,w02_eng_prg_head_side.bmp.ctxr,w02_eng_prg_head_side.bmp,ctxr,8800,d28004da7299f16abc17ca0ebfa7fd1ab1f96711
textures/flatlist/ovr_stm/_win/w02_eng_prg_pipe1.bmp.ctxr,textures/flatlist/ovr_stm/_win,w02_eng_prg_pipe1.bmp.ctxr,w02_eng_prg_pipe1.bmp,ctxr,8544,8b64531d8fe24ceff2a0c9897ab5c4b7c79770ab
textures/flatlist/ovr_stm/_win/w02_eng_prg_pipe2.bmp.ctxr,textures/flatlist/ovr_stm/_win,w02_eng_prg_pipe2.bmp.ctxr,w02_eng_prg_pipe2.bmp,ctxr,11296,7d0f4eb495627999da75de8ebb5b1e9a1cd42e3e
textures/flatlist/ovr_stm/_win/w02_eng_prg_top2.bmp.ctxr,textures/flatlist/ovr_stm/_win,w02_eng_prg_top2.bmp.ctxr,w02_eng_prg_top2.bmp,ctxr,4864,3226791286ba22975910c486c6d5efd3bbcd79b3
textures/flatlist/ovr_stm/_win/w02_eng_prg_top_side.bmp.ctxr,textures/flatlist/ovr_stm/_win,w02_eng_prg_top_side.bmp.ctxr,w02_eng_prg_top_side.bmp,ctxr,7424,b025ccd802000474fd82ab0fe1413a394558731a
textures/flatlist/ovr_stm/_win/w02_kabe_4.bmp.ctxr,textures/flatlist/ovr_stm/_win,w02_kabe_4.bmp.ctxr,w02_kabe_4.bmp,ctxr,139584,9ea11d97bdec0eddf26e6c5066396eeb92514162
textures/flatlist/ovr_stm/_win/w02_kabe_big.bmp.ctxr,textures/flatlist/ovr_stm/_win,w02_kabe_big.bmp.ctxr,w02_kabe_big.bmp,ctxr,246080,f82edb50f4d212e2cd1ef49b132377a31a5bfcf5
textures/flatlist/ovr_stm/_win/w02_kabe_big2.bmp.ctxr,textures/flatlist/ovr_stm/_win,w02_kabe_big2.bmp.ctxr,w02_kabe_big2.bmp,ctxr,246080,a4c9069c6eca08679e337e9685c88e2e7ceb1ab4
textures/flatlist/ovr_stm/_win/w02_kabe_big4.bmp.ctxr,textures/flatlist/ovr_stm/_win,w02_kabe_big4.bmp.ctxr,w02_kabe_big4.bmp,ctxr,135488,ac946d647575ec4a11429c5b8180c3f137f74fa5
textures/flatlist/ovr_stm/_win/w02_kabe_duct.bmp.ctxr,textures/flatlist/ovr_stm/_win,w02_kabe_duct.bmp.ctxr,w02_kabe_duct.bmp,ctxr,9504,0141b8adf5955e67bb179eccc281807a9b460001
textures/flatlist/ovr_stm/_win/w02_kabe_fire3.bmp.ctxr,textures/flatlist/ovr_stm/_win,w02_kabe_fire3.bmp.ctxr,w02_kabe_fire3.bmp,ctxr,84800,f7a19ded2dfebf6d4488b2766fae9a2190eb6dc8
textures/flatlist/ovr_stm/_win/w02_kabe_hashira.bmp.ctxr,textures/flatlist/ovr_stm/_win,w02_kabe_hashira.bmp.ctxr,w02_kabe_hashira.bmp,ctxr,86336,f90d11f4a52e1534a774375fe2faa4fd3dd1a942
textures/flatlist/ovr_stm/_win/w02_kabe_light.bmp.ctxr,textures/flatlist/ovr_stm/_win,w02_kabe_light.bmp.ctxr,w02_kabe_light.bmp,ctxr,129344,558af88bd6b9c3dca9df9dfe26205c3d8fc92a38
textures/flatlist/ovr_stm/_win/w02_kabe_light2.bmp.ctxr,textures/flatlist/ovr_stm/_win,w02_kabe_light2.bmp.ctxr,w02_kabe_light2.bmp,ctxr,98656,51bcacfc2547e85d599c67183304506ce456cf37
textures/flatlist/ovr_stm/_win/w02_kabe_light4.bmp.ctxr,textures/flatlist/ovr_stm/_win,w02_kabe_light4.bmp.ctxr,w02_kabe_light4.bmp,ctxr,147776,cb512707d288061f9a4e802d58e25e9cff6fdc3d
textures/flatlist/ovr_stm/_win/w02_kabe_light5.bmp.ctxr,textures/flatlist/ovr_stm/_win,w02_kabe_light5.bmp.ctxr,w02_kabe_light5.bmp,ctxr,235840,c6a7b8e7e0aea603749607b8de529db894d225c9
textures/flatlist/ovr_stm/_win/w02_kabe_metal.bmp.ctxr,textures/flatlist/ovr_stm/_win,w02_kabe_metal.bmp.ctxr,w02_kabe_metal.bmp,ctxr,49504,e54d9021cdac5e0610f23c483fa047cf88151b4d
textures/flatlist/ovr_stm/_win/w02_kabe_pipe3.bmp.ctxr,textures/flatlist/ovr_stm/_win,w02_kabe_pipe3.bmp.ctxr,w02_kabe_pipe3.bmp,ctxr,49504,e223b39052308afc3df6391f75d1112383a6224f
textures/flatlist/ovr_stm/_win/w02_kaidan_hashira.bmp.ctxr,textures/flatlist/ovr_stm/_win,w02_kaidan_hashira.bmp.ctxr,w02_kaidan_hashira.bmp,ctxr,2144,6da2f5942eb28cd681b035a13c3954cb4869c164
textures/flatlist/ovr_stm/_win/w02_kaidan_side4.bmp.ctxr,textures/flatlist/ovr_stm/_win,w02_kaidan_side4.bmp.ctxr,w02_kaidan_side4.bmp,ctxr,992,53866f83509372631790482f552567164d50eb3a
textures/flatlist/ovr_stm/_win/w02_kaidan_step_top.bmp.ctxr,textures/flatlist/ovr_stm/_win,w02_kaidan_step_top.bmp.ctxr,w02_kaidan_step_top.bmp,ctxr,12576,09ec5ffc7f8413e7b1f56f41749868575259fef4
textures/flatlist/ovr_stm/_win/w02_kai_side.bmp.ctxr,textures/flatlist/ovr_stm/_win,w02_kai_side.bmp.ctxr,w02_kai_side.bmp,ctxr,6240,3882dcca36274dacbb67559800661f92a2465aec
textures/flatlist/ovr_stm/_win/w02_obj_box.bmp.ctxr,textures/flatlist/ovr_stm/_win,w02_obj_box.bmp.ctxr,w02_obj_box.bmp,ctxr,35104,1e5153cad34c08b0488ba83473e88522c7fc4666
textures/flatlist/ovr_stm/_win/w02_obj_fire.bmp.ctxr,textures/flatlist/ovr_stm/_win,w02_obj_fire.bmp.ctxr,w02_obj_fire.bmp,ctxr,27936,b7f3d34630972d4f8b326fef41652b833e029d0d
textures/flatlist/ovr_stm/_win/w02_pipe_box.bmp.ctxr,textures/flatlist/ovr_stm/_win,w02_pipe_box.bmp.ctxr,w02_pipe_box.bmp,ctxr,24896,14b208827b625d133aae57eadf7760cb47fe3533
textures/flatlist/ovr_stm/_win/w02_roof1.bmp.ctxr,textures/flatlist/ovr_stm/_win,w02_roof1.bmp.ctxr,w02_roof1.bmp,ctxr,87744,4fa462923300421c6e3acec2f272c77b761569a4
textures/flatlist/ovr_stm/_win/w02_roof2.bmp.ctxr,textures/flatlist/ovr_stm/_win,w02_roof2.bmp.ctxr,w02_roof2.bmp,ctxr,44064,bd6707b15729e203f588ad80e0a79b5ae8b3a2c0
textures/flatlist/ovr_stm/_win/w02_saku_ita.bmp.ctxr,textures/flatlist/ovr_stm/_win,w02_saku_ita.bmp.ctxr,w02_saku_ita.bmp,ctxr,15808,d1ce9bd7c8bc96e84878d9d13cf3d3fddd581fde
textures/flatlist/ovr_stm/_win/w02_saku_itas.bmp.ctxr,textures/flatlist/ovr_stm/_win,w02_saku_itas.bmp.ctxr,w02_saku_itas.bmp,ctxr,6816,9a2e3519807a346e13f3d152076493c7ab24e7c1
textures/flatlist/ovr_stm/_win/w02_sr_box.bmp.ctxr,textures/flatlist/ovr_stm/_win,w02_sr_box.bmp.ctxr,w02_sr_box.bmp,ctxr,59424,72244d2eac8165a12534632308de6257c7b896ba
textures/flatlist/ovr_stm/_win/w02_sr_box_com.bmp.ctxr,textures/flatlist/ovr_stm/_win,w02_sr_box_com.bmp.ctxr,w02_sr_box_com.bmp,ctxr,19424,7e617fd82f7681f079da097feb15fa3a9b25d5e8
textures/flatlist/ovr_stm/_win/w02_sr_box_side.bmp.ctxr,textures/flatlist/ovr_stm/_win,w02_sr_box_side.bmp.ctxr,w02_sr_box_side.bmp,ctxr,12576,5b1fff28717e99a1471e19d13adb35db38decfdf
textures/flatlist/ovr_stm/_win/w02_sr_code_top.bmp.ctxr,textures/flatlist/ovr_stm/_win,w02_sr_code_top.bmp.ctxr,w02_sr_code_top.bmp,ctxr,11264,a648c194a7511a84e4b6605e88f09cb581189b65
textures/flatlist/ovr_stm/_win/w02_sr_contena1.bmp.ctxr,textures/flatlist/ovr_stm/_win,w02_sr_contena1.bmp.ctxr,w02_sr_contena1.bmp,ctxr,24896,00fe41c8512adb87feb9269dfe688a33cae6ea12
textures/flatlist/ovr_stm/_win/w02_sr_contena2.bmp.ctxr,textures/flatlist/ovr_stm/_win,w02_sr_contena2.bmp.ctxr,w02_sr_contena2.bmp,ctxr,24896,c813ee7b85894946716329734b22bf5f6b3ceb64
textures/flatlist/ovr_stm/_win/w02_sr_contena3.bmp.ctxr,textures/flatlist/ovr_stm/_win,w02_sr_contena3.bmp.ctxr,w02_sr_contena3.bmp,ctxr,12576,77363d2b03f84b1b2213186205f49aa7dac5c5f3
textures/flatlist/ovr_stm/_win/w02_sr_contena4.bmp.ctxr,textures/flatlist/ovr_stm/_win,w02_sr_contena4.bmp.ctxr,w02_sr_contena4.bmp,ctxr,12576,daf68d323a8f5540fa31341ef7e5e6ff7e77a1bb
textures/flatlist/ovr_stm/_win/w02_sr_contena5.bmp.ctxr,textures/flatlist/ovr_stm/_win,w02_sr_contena5.bmp.ctxr,w02_sr_contena5.bmp,ctxr,12576,7de7b69bd478027f0267cb88ac7b283040b8de2a
textures/flatlist/ovr_stm/_win/w02_sr_door2_full.bmp.ctxr,textures/flatlist/ovr_stm/_win,w02_sr_door2_full.bmp.ctxr,w02_sr_door2_full.bmp,ctxr,98656,efa63cacdf882251c002f8a67ccf02ae795eaa28
textures/flatlist/ovr_stm/_win/w02_sr_door_parts0.bmp_cb699f431ffc5acaf47f2e26b678eccd.ctxr,textures/flatlist/ovr_stm/_win,w02_sr_door_parts0.bmp_cb699f431ffc5acaf47f2e26b678eccd.ctxr,w02_sr_door_parts0.bmp_cb699f431ffc5acaf47f2e26b678eccd,ctxr,27936,2e69e75abf42fcd9cb1f837f7e930bb15fc9a0bd
textures/flatlist/ovr_stm/_win/w02_sr_door_parts1.bmp.ctxr,textures/flatlist/ovr_stm/_win,w02_sr_door_parts1.bmp.ctxr,w02_sr_door_parts1.bmp,ctxr,49504,e2fb39c6aa2089ca01a35f9d4da7c3178d66f71c
textures/flatlist/ovr_stm/_win/w02_sr_door_rail.bmp.ctxr,textures/flatlist/ovr_stm/_win,w02_sr_door_rail.bmp.ctxr,w02_sr_door_rail.bmp,ctxr,28992,00acd8e4a8ad955762a99172cf86bb72cc5b3131
textures/flatlist/ovr_stm/_win/w02_sr_fire.bmp.ctxr,textures/flatlist/ovr_stm/_win,w02_sr_fire.bmp.ctxr,w02_sr_fire.bmp,ctxr,8704,13c4da44c9b14f095de4454803253df98ce9677d
textures/flatlist/ovr_stm/_win/w02_sr_kabe.bmp.ctxr,textures/flatlist/ovr_stm/_win,w02_sr_kabe.bmp.ctxr,w02_sr_kabe.bmp,ctxr,295264,db1164c46beb7d1a53c0980f166d83fdfa15dcdc
textures/flatlist/ovr_stm/_win/w02_sr_panel2.bmp.ctxr,textures/flatlist/ovr_stm/_win,w02_sr_panel2.bmp.ctxr,w02_sr_panel2.bmp,ctxr,82240,301e573a9fb31e6fddb6c4da276ff23b6042a926
textures/flatlist/ovr_stm/_win/w02_sr_pnl_b1.bmp.ctxr,textures/flatlist/ovr_stm/_win,w02_sr_pnl_b1.bmp.ctxr,w02_sr_pnl_b1.bmp,ctxr,9472,90519ff46196bba870cc0cc35cb69c80bfc5fe84
textures/flatlist/ovr_stm/_win/w02_sr_roof.bmp.ctxr,textures/flatlist/ovr_stm/_win,w02_sr_roof.bmp.ctxr,w02_sr_roof.bmp,ctxr,49472,b4768a53f2e97ffea99eb544a85db8dc5cc760bc
textures/flatlist/ovr_stm/_win/w02_sr_roof2.bmp.ctxr,textures/flatlist/ovr_stm/_win,w02_sr_roof2.bmp.ctxr,w02_sr_roof2.bmp,ctxr,37152,fc693c7cc5d1900a028bc59b3ee18117287a098d
textures/flatlist/ovr_stm/_win/w02_sr_roof3.bmp_d344ae9df9a1fddfbccf5e3b51634b41.ctxr,textures/flatlist/ovr_stm/_win,w02_sr_roof3.bmp_d344ae9df9a1fddfbccf5e3b51634b41.ctxr,w02_sr_roof3.bmp_d344ae9df9a1fddfbccf5e3b51634b41,ctxr,49472,66dfff56d99e226980d335ebc03d3a0b1b60e0bb
textures/flatlist/ovr_stm/_win/w02_sr_yuka.bmp.ctxr,textures/flatlist/ovr_stm/_win,w02_sr_yuka.bmp.ctxr,w02_sr_yuka.bmp,ctxr,230752,890ab7820c07238bdea55db6017a908efc8421be
textures/flatlist/ovr_stm/_win/w02_sr_yuka2.bmp.ctxr,textures/flatlist/ovr_stm/_win,w02_sr_yuka2.bmp.ctxr,w02_sr_yuka2.bmp,ctxr,123200,1029b05e3a995ccf4e49169b6ea0d60952665826
textures/flatlist/ovr_stm/_win/w02_sr_yuka4.bmp.ctxr,textures/flatlist/ovr_stm/_win,w02_sr_yuka4.bmp.ctxr,w02_sr_yuka4.bmp,ctxr,24896,90adf7aeb7c23ebe59c25cb34f325c00074b43d1
textures/flatlist/ovr_stm/_win/w02_sr_yuka6.bmp.ctxr,textures/flatlist/ovr_stm/_win,w02_sr_yuka6.bmp.ctxr,w02_sr_yuka6.bmp,ctxr,322848,98cfaa8bc0cf261a8e979b4e348a3926cec7f525
textures/flatlist/ovr_stm/_win/w02_sr_yuka7.bmp.ctxr,textures/flatlist/ovr_stm/_win,w02_sr_yuka7.bmp.ctxr,w02_sr_yuka7.bmp,ctxr,49472,d4566ddedcf8fa8efe9c55068f84f98706860675
textures/flatlist/ovr_stm/_win/w02_wall_door1.bmp.ctxr,textures/flatlist/ovr_stm/_win,w02_wall_door1.bmp.ctxr,w02_wall_door1.bmp,ctxr,46368,57bab132067797c040bd2224df40c7f5317f7a04
textures/flatlist/ovr_stm/_win/w02_yuka3.bmp.ctxr,textures/flatlist/ovr_stm/_win,w02_yuka3.bmp.ctxr,w02_yuka3.bmp,ctxr,22176,299d7d18f8bb19aec6d96c82995e13ca8eeb15ff
textures/flatlist/ovr_stm/_win/w02_yukaf_s.bmp.ctxr,textures/flatlist/ovr_stm/_win,w02_yukaf_s.bmp.ctxr,w02_yukaf_s.bmp,ctxr,12576,b5324e14f3fa3264ebaa39cd8a74c7be23647643
textures/flatlist/ovr_stm/_win/w02_yukaf_s2.bmp.ctxr,textures/flatlist/ovr_stm/_win,w02_yukaf_s2.bmp.ctxr,w02_yukaf_s2.bmp,ctxr,12576,a257b65208c157a8e2461be63cf05b49cecdcb94
textures/flatlist/ovr_stm/_win/w02_yuka_f.bmp.ctxr,textures/flatlist/ovr_stm/_win,w02_yuka_f.bmp.ctxr,w02_yuka_f.bmp,ctxr,24896,86d0c760e572e194bec98e2dbefbbae63d9c0988
textures/flatlist/ovr_stm/_win/w02_yuka_f4.bmp.ctxr,textures/flatlist/ovr_stm/_win,w02_yuka_f4.bmp.ctxr,w02_yuka_f4.bmp,ctxr,24896,844ee220a2868dcdecd5fb94e0cbf204499ee31d
textures/flatlist/ovr_stm/_win/w02_yuka_pipe.bmp.ctxr,textures/flatlist/ovr_stm/_win,w02_yuka_pipe.bmp.ctxr,w02_yuka_pipe.bmp,ctxr,49472,e7e5e4156c429cb75240e0c9b02ad73a13ab00d4
textures/flatlist/ovr_stm/_win/w02_yuka_rail.bmp.ctxr,textures/flatlist/ovr_stm/_win,w02_yuka_rail.bmp.ctxr,w02_yuka_rail.bmp,ctxr,2304,ce4a6335564ee476a68d44b0dc186ffee73b3732
textures/flatlist/ovr_stm/_win/w02_yuka_s.bmp.ctxr,textures/flatlist/ovr_stm/_win,w02_yuka_s.bmp.ctxr,w02_yuka_s.bmp,ctxr,11264,df8f05eebc65fa1c75b5c3a7dc1f0887f199a7ee
textures/flatlist/ovr_stm/_win/w02_y_light_f1b.bmp.ctxr,textures/flatlist/ovr_stm/_win,w02_y_light_f1b.bmp.ctxr,w02_y_light_f1b.bmp,ctxr,196960,fd69f8cdc89eaf8c9571655ad6a9616f5fde1306
textures/flatlist/ovr_stm/_win/w03a2_flb00a.bmp.ctxr,textures/flatlist/ovr_stm/_win,w03a2_flb00a.bmp.ctxr,w03a2_flb00a.bmp,ctxr,28960,c71f9ff1385c398ff012fae238357db9bee6ed1d
textures/flatlist/ovr_stm/_win/w03a2_flb00b.bmp.ctxr,textures/flatlist/ovr_stm/_win,w03a2_flb00b.bmp.ctxr,w03a2_flb00b.bmp,ctxr,37888,34c34e749524cbedbf348db4adb1dcd641cdab5b
textures/flatlist/ovr_stm/_win/w03a_fl00.bmp.ctxr,textures/flatlist/ovr_stm/_win,w03a_fl00.bmp.ctxr,w03a_fl00.bmp,ctxr,57664,7d1092440f4cb7d64ddf83de31154599c82ebadc
textures/flatlist/ovr_stm/_win/w03a_fl01d.bmp.ctxr,textures/flatlist/ovr_stm/_win,w03a_fl01d.bmp.ctxr,w03a_fl01d.bmp,ctxr,10976,39e27d6b4195a70b749ead243ce5dcf47389131a
textures/flatlist/ovr_stm/_win/w03a_pp02.bmp.ctxr,textures/flatlist/ovr_stm/_win,w03a_pp02.bmp.ctxr,w03a_pp02.bmp,ctxr,31040,67d5e7bcb838109c1d3c8550934528be2b231725
textures/flatlist/ovr_stm/_win/w03a_pp05.bmp.ctxr,textures/flatlist/ovr_stm/_win,w03a_pp05.bmp.ctxr,w03a_pp05.bmp,ctxr,38560,82dd4b47ecaa2b6046c447c01118faedc6b4a88e
textures/flatlist/ovr_stm/_win/w03a_w00.bmp.ctxr,textures/flatlist/ovr_stm/_win,w03a_w00.bmp.ctxr,w03a_w00.bmp,ctxr,24928,0666df2a552abc9a2c7b63c0071dafb678cbef35
textures/flatlist/ovr_stm/_win/w03a_w01c.bmp_66800e791c274078bbd7078d4207524e.ctxr,textures/flatlist/ovr_stm/_win,w03a_w01c.bmp_66800e791c274078bbd7078d4207524e.ctxr,w03a_w01c.bmp_66800e791c274078bbd7078d4207524e,ctxr,74048,16eaf8453da1d3c423159b7690eb17717fa89b06
textures/flatlist/ovr_stm/_win/w03a_w01d.bmp_9d316246ca7cc692494bbcf73b78f12f.ctxr,textures/flatlist/ovr_stm/_win,w03a_w01d.bmp_9d316246ca7cc692494bbcf73b78f12f.ctxr,w03a_w01d.bmp_9d316246ca7cc692494bbcf73b78f12f,ctxr,46400,7a7e5a13edb6ea1dd7a5f5c80788753ed036da8b
textures/flatlist/ovr_stm/_win/w03a_w04.bmp.ctxr,textures/flatlist/ovr_stm/_win,w03a_w04.bmp.ctxr,w03a_w04.bmp,ctxr,49504,e699479fcc2ad625c0b4736b97ab9d90991a2f57
textures/flatlist/ovr_stm/_win/w03a_w04a.bmp.ctxr,textures/flatlist/ovr_stm/_win,w03a_w04a.bmp.ctxr,w03a_w04a.bmp,ctxr,49504,1b2950e05925b70a689bcb4df09e2ae27a40754b
textures/flatlist/ovr_stm/_win/w03b_dr00.bmp.ctxr,textures/flatlist/ovr_stm/_win,w03b_dr00.bmp.ctxr,w03b_dr00.bmp,ctxr,44064,60abc5b0aad43d5ea1039dca0cd5f71c0690b4af
textures/flatlist/ovr_stm/_win/w03b_dr00a.bmp.ctxr,textures/flatlist/ovr_stm/_win,w03b_dr00a.bmp.ctxr,w03b_dr00a.bmp,ctxr,24896,05e9ef021eebae2b015b535708cfea3498ca79d3
textures/flatlist/ovr_stm/_win/w03b_fl01.bmp.ctxr,textures/flatlist/ovr_stm/_win,w03b_fl01.bmp.ctxr,w03b_fl01.bmp,ctxr,147776,2e49f9e6bc4ce91f9d74061c552ba321ca1dca85
textures/flatlist/ovr_stm/_win/w03b_fl01a.bmp.ctxr,textures/flatlist/ovr_stm/_win,w03b_fl01a.bmp.ctxr,w03b_fl01a.bmp,ctxr,147776,b6e93fad85a2960f74d1e4a54e80906ec45d597f
textures/flatlist/ovr_stm/_win/w03b_fl02.bmp.ctxr,textures/flatlist/ovr_stm/_win,w03b_fl02.bmp.ctxr,w03b_fl02.bmp,ctxr,69952,c3f71333d52ad5308e37caf8e16c561d450e263a
textures/flatlist/ovr_stm/_win/w03b_fl02.bmp_ecc5dba2548560f42c6a73e07c3b1ae7.ctxr,textures/flatlist/ovr_stm/_win,w03b_fl02.bmp_ecc5dba2548560f42c6a73e07c3b1ae7.ctxr,w03b_fl02.bmp_ecc5dba2548560f42c6a73e07c3b1ae7,ctxr,172384,a3e2e6e8658534de9fe2013ec3ad1c14350a28ba
textures/flatlist/ovr_stm/_win/w03b_fl03.bmp.ctxr,textures/flatlist/ovr_stm/_win,w03b_fl03.bmp.ctxr,w03b_fl03.bmp,ctxr,69952,c08ac9ffa38951988b9a48a97b4d1806955776a5
textures/flatlist/ovr_stm/_win/w03b_fl03.bmp_8e8030f332ab93b222ccbdff4920382f.ctxr,textures/flatlist/ovr_stm/_win,w03b_fl03.bmp_8e8030f332ab93b222ccbdff4920382f.ctxr,w03b_fl03.bmp_8e8030f332ab93b222ccbdff4920382f,ctxr,147776,c6d75b7da80d09db9e1c6a4c8bc01c2a72e3f465
textures/flatlist/ovr_stm/_win/w03b_fl03a.bmp.ctxr,textures/flatlist/ovr_stm/_win,w03b_fl03a.bmp.ctxr,w03b_fl03a.bmp,ctxr,14656,0e2dbb339372edd8ee0310e2b72fc04ac58de891
textures/flatlist/ovr_stm/_win/w03b_fl04.bmp.ctxr,textures/flatlist/ovr_stm/_win,w03b_fl04.bmp.ctxr,w03b_fl04.bmp,ctxr,69952,0dac19d56a3114e648d1b240371bd298dcfc6e37
textures/flatlist/ovr_stm/_win/w03b_fl05.bmp.ctxr,textures/flatlist/ovr_stm/_win,w03b_fl05.bmp.ctxr,w03b_fl05.bmp,ctxr,84448,d6448edeb96acfe7cadc4a6db97a7bdc0942676f
textures/flatlist/ovr_stm/_win/w03b_fl06.bmp.ctxr,textures/flatlist/ovr_stm/_win,w03b_fl06.bmp.ctxr,w03b_fl06.bmp,ctxr,84448,0c75cee3d9fdfbce0f74ec8d4246997232187424
textures/flatlist/ovr_stm/_win/w03b_ha00.bmp.ctxr,textures/flatlist/ovr_stm/_win,w03b_ha00.bmp.ctxr,w03b_ha00.bmp,ctxr,27648,d09dd3ee70cbda2de1f8cc9f7ef08d6a2099034d
textures/flatlist/ovr_stm/_win/w03b_rfb00.bmp.ctxr,textures/flatlist/ovr_stm/_win,w03b_rfb00.bmp.ctxr,w03b_rfb00.bmp,ctxr,12640,cf3c95ad3f8e5c127a6ca651efa2a9da38857495
textures/flatlist/ovr_stm/_win/w03b_rfb01.bmp.ctxr,textures/flatlist/ovr_stm/_win,w03b_rfb01.bmp.ctxr,w03b_rfb01.bmp,ctxr,11296,2db831eb2ebf39adaa2076af62eba5d958c36bbd
textures/flatlist/ovr_stm/_win/w03b_rfb04.bmp.ctxr,textures/flatlist/ovr_stm/_win,w03b_rfb04.bmp.ctxr,w03b_rfb04.bmp,ctxr,49504,b48d078f6fee09d8e0b84b4214052892f1ee036b
textures/flatlist/ovr_stm/_win/w03b_w02a.bmp.ctxr,textures/flatlist/ovr_stm/_win,w03b_w02a.bmp.ctxr,w03b_w02a.bmp,ctxr,37152,2478ea6885cefd15cdef7a903171b75f09984f98
textures/flatlist/ovr_stm/_win/w03b_w02b.bmp.ctxr,textures/flatlist/ovr_stm/_win,w03b_w02b.bmp.ctxr,w03b_w02b.bmp,ctxr,23328,7a434477915d60d2a2c0ec0a2460d4e69873b579
textures/flatlist/ovr_stm/_win/w03b_w03a.bmp.ctxr,textures/flatlist/ovr_stm/_win,w03b_w03a.bmp.ctxr,w03b_w03a.bmp,ctxr,31008,0ad6079fdc0acde1ca655c34b42bbb9d0abe82ba
textures/flatlist/ovr_stm/_win/w03b_w04a.bmp.ctxr,textures/flatlist/ovr_stm/_win,w03b_w04a.bmp.ctxr,w03b_w04a.bmp,ctxr,37152,7a0dca39465802a1de6b4dcc499f8c65be212579
textures/flatlist/ovr_stm/_win/w03c_flb00a.bmp.ctxr,textures/flatlist/ovr_stm/_win,w03c_flb00a.bmp.ctxr,w03c_flb00a.bmp,ctxr,28960,14d3093872645d61eb5cbe4032f3096e2974eb3e
textures/flatlist/ovr_stm/_win/w03c_flb00b.bmp.ctxr,textures/flatlist/ovr_stm/_win,w03c_flb00b.bmp.ctxr,w03c_flb00b.bmp,ctxr,37888,f7e394584515e876e2140f04b337f0ff08d9f103
textures/flatlist/ovr_stm/_win/w03c_flb00c.bmp.ctxr,textures/flatlist/ovr_stm/_win,w03c_flb00c.bmp.ctxr,w03c_flb00c.bmp,ctxr,37888,bfa95c57bbfad2e014772f9a47f60020b583f2f8
textures/flatlist/ovr_stm/_win/w03c_flb00d.bmp.ctxr,textures/flatlist/ovr_stm/_win,w03c_flb00d.bmp.ctxr,w03c_flb00d.bmp,ctxr,28960,07a53876f05eb1e5d09b9a8e9f7d0d23bf28df02
textures/flatlist/ovr_stm/_win/w03c_flb00e.bmp.ctxr,textures/flatlist/ovr_stm/_win,w03c_flb00e.bmp.ctxr,w03c_flb00e.bmp,ctxr,28960,d1c13f79d9c119e5e12fed8f80b0e5363395a1e1
textures/flatlist/ovr_stm/_win/w03c_flb02.bmp.ctxr,textures/flatlist/ovr_stm/_win,w03c_flb02.bmp.ctxr,w03c_flb02.bmp,ctxr,95520,fa1adc4f3c280d0dc427a3c94d99e1900e453869
textures/flatlist/ovr_stm/_win/w03c_flb03a.bmp.ctxr,textures/flatlist/ovr_stm/_win,w03c_flb03a.bmp.ctxr,w03c_flb03a.bmp,ctxr,49504,45514533b35ea63dcd0166ad966da128dcab09be
textures/flatlist/ovr_stm/_win/w03c_flb03b.bmp.ctxr,textures/flatlist/ovr_stm/_win,w03c_flb03b.bmp.ctxr,w03c_flb03b.bmp,ctxr,49504,a54b9be9b7a12aedb26ce31e56d1e8431d053f27
textures/flatlist/ovr_stm/_win/w03c_flb03c.bmp.ctxr,textures/flatlist/ovr_stm/_win,w03c_flb03c.bmp.ctxr,w03c_flb03c.bmp,ctxr,49504,f922d52698b95cb300b5a10f5a507f25825ab717
textures/flatlist/ovr_stm/_win/w03c_rfc01a.bmp.ctxr,textures/flatlist/ovr_stm/_win,w03c_rfc01a.bmp.ctxr,w03c_rfc01a.bmp,ctxr,14624,d1eaffbf1e1fc823526b7c8d69fccca152353f5a
textures/flatlist/ovr_stm/_win/w03c_wc00.bmp.ctxr,textures/flatlist/ovr_stm/_win,w03c_wc00.bmp.ctxr,w03c_wc00.bmp,ctxr,28960,e12563df3a770aeacc9d4d0b9fdaaa61565f5191
textures/flatlist/ovr_stm/_win/w03_cat_pipe.bmp.ctxr,textures/flatlist/ovr_stm/_win,w03_cat_pipe.bmp.ctxr,w03_cat_pipe.bmp,ctxr,9504,281158b1c44797c2ca38b837c11ca5a051483b99
textures/flatlist/ovr_stm/_win/w03_cat_sasae_ura.bmp.ctxr,textures/flatlist/ovr_stm/_win,w03_cat_sasae_ura.bmp.ctxr,w03_cat_sasae_ura.bmp,ctxr,45408,de35fd0a319e1eef3afcded0ab8046ebfae2fb4b
textures/flatlist/ovr_stm/_win/w04a1_hashira_face_bottom.bmp.ctxr,textures/flatlist/ovr_stm/_win,w04a1_hashira_face_bottom.bmp.ctxr,w04a1_hashira_face_bottom.bmp,ctxr,47456,082e9a72038d76d6e0a9106a0f0b8ae9ea4b4704
textures/flatlist/ovr_stm/_win/w04a1_hashira_side.bmp.ctxr,textures/flatlist/ovr_stm/_win,w04a1_hashira_side.bmp.ctxr,w04a1_hashira_side.bmp,ctxr,147776,8947bf5ec98e0b91778c5860537e0eb11ddf6000
textures/flatlist/ovr_stm/_win/w04a1_hashira_side2.bmp.ctxr,textures/flatlist/ovr_stm/_win,w04a1_hashira_side2.bmp.ctxr,w04a1_hashira_side2.bmp,ctxr,31008,5f049153e93161b29078430b69c452c9bfea9736
textures/flatlist/ovr_stm/_win/w04a3_cam_base.bmp.ctxr,textures/flatlist/ovr_stm/_win,w04a3_cam_base.bmp.ctxr,w04a3_cam_base.bmp,ctxr,13632,87e8136e4d930074e67098b3c6663cda0718cb44
textures/flatlist/ovr_stm/_win/w04a3_cam_body.bmp.ctxr,textures/flatlist/ovr_stm/_win,w04a3_cam_body.bmp.ctxr,w04a3_cam_body.bmp,ctxr,41280,31ae901092432da0d9649fdcf502712ce433c3f9
textures/flatlist/ovr_stm/_win/w04a3_cam_body3.bmp.ctxr,textures/flatlist/ovr_stm/_win,w04a3_cam_body3.bmp.ctxr,w04a3_cam_body3.bmp,ctxr,10528,d8468db0f34e6fcc7a4ef89afc4070fd6a71dfd9
textures/flatlist/ovr_stm/_win/w04a3_contena.bmp.ctxr,textures/flatlist/ovr_stm/_win,w04a3_contena.bmp.ctxr,w04a3_contena.bmp,ctxr,98656,6c9b1b9063ddc1bf1cd26cf577da44368ca92615
textures/flatlist/ovr_stm/_win/w04a3_contena_top.bmp.ctxr,textures/flatlist/ovr_stm/_win,w04a3_contena_top.bmp.ctxr,w04a3_contena_top.bmp,ctxr,46368,992b9783691eaec4817ff1c0d8b49d2de4e0a507
textures/flatlist/ovr_stm/_win/w04a3_lift_side1.bmp.ctxr,textures/flatlist/ovr_stm/_win,w04a3_lift_side1.bmp.ctxr,w04a3_lift_side1.bmp,ctxr,18720,91db52c61895a9d33bb91230f572b270e448dfad
textures/flatlist/ovr_stm/_win/w04a3_lift_ura.bmp.ctxr,textures/flatlist/ovr_stm/_win,w04a3_lift_ura.bmp.ctxr,w04a3_lift_ura.bmp,ctxr,48448,8eeeaf0d27070636501c930af6ba44d0a08a5c34
textures/flatlist/ovr_stm/_win/w04a3_mecha_dai.bmp.ctxr,textures/flatlist/ovr_stm/_win,w04a3_mecha_dai.bmp.ctxr,w04a3_mecha_dai.bmp,ctxr,80928,cda393f42ad1cd1fbb8e81d5905bfecb22a7db3c
textures/flatlist/ovr_stm/_win/w04a3_mecha_dai_ura.bmp.ctxr,textures/flatlist/ovr_stm/_win,w04a3_mecha_dai_ura.bmp.ctxr,w04a3_mecha_dai_ura.bmp,ctxr,49472,bae2472bf75d6e4f0284f759b622304d2911e404
textures/flatlist/ovr_stm/_win/w04a3_mecha_hashi_face.bmp.ctxr,textures/flatlist/ovr_stm/_win,w04a3_mecha_hashi_face.bmp.ctxr,w04a3_mecha_hashi_face.bmp,ctxr,46400,6d4a256bf4a0e9d0df5031636db31b2c30af4aa1
textures/flatlist/ovr_stm/_win/w04a3_tanmatu_tower_face.bmp.ctxr,textures/flatlist/ovr_stm/_win,w04a3_tanmatu_tower_face.bmp.ctxr,w04a3_tanmatu_tower_face.bmp,ctxr,42304,b504ca0c76070b75a822964fe794258895a997ce
textures/flatlist/ovr_stm/_win/w04a3_tanmatu_tower_side.bmp.ctxr,textures/flatlist/ovr_stm/_win,w04a3_tanmatu_tower_side.bmp.ctxr,w04a3_tanmatu_tower_side.bmp,ctxr,22880,d0eb59e7de3e3fead3dd70f9f0c0eacd87eb872d
textures/flatlist/ovr_stm/_win/w04a_box.bmp.ctxr,textures/flatlist/ovr_stm/_win,w04a_box.bmp.ctxr,w04a_box.bmp,ctxr,80192,be1c28aa437120cf59a8d9a70ba70df80bee746a
textures/flatlist/ovr_stm/_win/w04a_box_face.bmp.ctxr,textures/flatlist/ovr_stm/_win,w04a_box_face.bmp.ctxr,w04a_box_face.bmp,ctxr,138528,ad54790903ab674c79bf88900466dc0f8ca43b32
textures/flatlist/ovr_stm/_win/w04a_box_side.bmp.ctxr,textures/flatlist/ovr_stm/_win,w04a_box_side.bmp.ctxr,w04a_box_side.bmp,ctxr,27936,b8616651bab2e9c8cb410572344e6f02371c43e4
textures/flatlist/ovr_stm/_win/w04a_door.bmp.ctxr,textures/flatlist/ovr_stm/_win,w04a_door.bmp.ctxr,w04a_door.bmp,ctxr,95008,364ff5d762f1fc2348f5b777768f1bca2c8c6af8
textures/flatlist/ovr_stm/_win/w04a_floor1.bmp.ctxr,textures/flatlist/ovr_stm/_win,w04a_floor1.bmp.ctxr,w04a_floor1.bmp,ctxr,359776,6e02ca837a5ea97bde9c855d71fa4c540c709c47
textures/flatlist/ovr_stm/_win/w04a_floor2.bmp.ctxr,textures/flatlist/ovr_stm/_win,w04a_floor2.bmp.ctxr,w04a_floor2.bmp,ctxr,147808,bf12bdf05239d32892bef0733940395838624764
textures/flatlist/ovr_stm/_win/w04a_floor2_center.bmp.ctxr,textures/flatlist/ovr_stm/_win,w04a_floor2_center.bmp.ctxr,w04a_floor2_center.bmp,ctxr,77088,fa7f41867a260aa1690ad6fee1b6808961821386
textures/flatlist/ovr_stm/_win/w04a_floor4.bmp.ctxr,textures/flatlist/ovr_stm/_win,w04a_floor4.bmp.ctxr,w04a_floor4.bmp,ctxr,147776,a66dd159c9ae202a5e98a5c2a22c21782ad2da88
textures/flatlist/ovr_stm/_win/w04a_floor5.bmp.ctxr,textures/flatlist/ovr_stm/_win,w04a_floor5.bmp.ctxr,w04a_floor5.bmp,ctxr,49472,8c8ea00f85811c8b485c666d8cdac1d4b1f6094a
textures/flatlist/ovr_stm/_win/w04a_floor_hatch.bmp.ctxr,textures/flatlist/ovr_stm/_win,w04a_floor_hatch.bmp.ctxr,w04a_floor_hatch.bmp,ctxr,74048,e3b2549c2478a0dfaa648983aaf65f227cdf41e7
textures/flatlist/ovr_stm/_win/w04a_floor_tuuro.bmp.ctxr,textures/flatlist/ovr_stm/_win,w04a_floor_tuuro.bmp.ctxr,w04a_floor_tuuro.bmp,ctxr,24896,3a379c5d9c9123f491ec1e1d3f863f10dc7d4bc6
textures/flatlist/ovr_stm/_win/w04a_hatch.bmp.ctxr,textures/flatlist/ovr_stm/_win,w04a_hatch.bmp.ctxr,w04a_hatch.bmp,ctxr,32544,b6f45c2b50acd7a0c678d13da9145dcc31c2c2ed
textures/flatlist/ovr_stm/_win/w04a_mecha_04.bmp.ctxr,textures/flatlist/ovr_stm/_win,w04a_mecha_04.bmp.ctxr,w04a_mecha_04.bmp,ctxr,78624,2b87c02740fef380e8816c09f4f59098016d856e
textures/flatlist/ovr_stm/_win/w04a_mecha_top2.bmp.ctxr,textures/flatlist/ovr_stm/_win,w04a_mecha_top2.bmp.ctxr,w04a_mecha_top2.bmp,ctxr,27936,602ba3734b4b6a1046ab3c6f24709c606a473bea
textures/flatlist/ovr_stm/_win/w04a_spk2_face.bmp.ctxr,textures/flatlist/ovr_stm/_win,w04a_spk2_face.bmp.ctxr,w04a_spk2_face.bmp,ctxr,22848,bc1b131b1e70b822809718141a3d6d69d20ce0ed
textures/flatlist/ovr_stm/_win/w04a_wall1.bmp.ctxr,textures/flatlist/ovr_stm/_win,w04a_wall1.bmp.ctxr,w04a_wall1.bmp,ctxr,246080,ae949dd28ca7b12ce17cfaf0ae7499ca711f4838
textures/flatlist/ovr_stm/_win/w04a_wall2.bmp.ctxr,textures/flatlist/ovr_stm/_win,w04a_wall2.bmp.ctxr,w04a_wall2.bmp,ctxr,196960,98a6bd6f2fcecdc5080bb7cf4b1b301887f510c8
textures/flatlist/ovr_stm/_win/w04a_wall_tuuro.bmp.ctxr,textures/flatlist/ovr_stm/_win,w04a_wall_tuuro.bmp.ctxr,w04a_wall_tuuro.bmp,ctxr,41280,d828a5b6f5e91ff7e45e49aa7531723cb58e8150
textures/flatlist/ovr_stm/_win/w04_demo_scr_back.bmp.ctxr,textures/flatlist/ovr_stm/_win,w04_demo_scr_back.bmp.ctxr,w04_demo_scr_back.bmp,ctxr,65888,b059f0cca50327bc9bba8187221c8e518f1e2dc6
textures/flatlist/ovr_stm/_win/w04_demo_scr_parts_01.bmp.ctxr,textures/flatlist/ovr_stm/_win,w04_demo_scr_parts_01.bmp.ctxr,w04_demo_scr_parts_01.bmp,ctxr,18720,5b5dbaa8e00af7c51cbfbc79713825ea747b1dfc
textures/flatlist/ovr_stm/_win/w04_demo_scr_parts_02.bmp.ctxr,textures/flatlist/ovr_stm/_win,w04_demo_scr_parts_02.bmp.ctxr,w04_demo_scr_parts_02.bmp,ctxr,16416,3ff0c3bcab91021322f1fc8dd5216d12d112c977
textures/flatlist/ovr_stm/_win/w04_demo_scr_parts_03.bmp.ctxr,textures/flatlist/ovr_stm/_win,w04_demo_scr_parts_03.bmp.ctxr,w04_demo_scr_parts_03.bmp,ctxr,18720,c0961b6ab5c869ebdf107e78760490864237e18a
textures/flatlist/ovr_stm/_win/w04_demo_scr_parts_bottom.bmp.ctxr,textures/flatlist/ovr_stm/_win,w04_demo_scr_parts_bottom.bmp.ctxr,w04_demo_scr_parts_bottom.bmp,ctxr,21792,1ec954f9263b7249552c5ba87dd222b6bfb6d3fe
textures/flatlist/ovr_stm/_win/w04_demo_scr_parts_left.bmp.ctxr,textures/flatlist/ovr_stm/_win,w04_demo_scr_parts_left.bmp.ctxr,w04_demo_scr_parts_left.bmp,ctxr,38528,2491a57abf269555784a505eb8c0c269cd125f80
textures/flatlist/ovr_stm/_win/w04_eisha2_back.bmp.ctxr,textures/flatlist/ovr_stm/_win,w04_eisha2_back.bmp.ctxr,w04_eisha2_back.bmp,ctxr,22176,42cf45fe0e943e04480a773a4849c5f95cd7eb91
textures/flatlist/ovr_stm/_win/w04_eisha2_top.bmp.ctxr,textures/flatlist/ovr_stm/_win,w04_eisha2_top.bmp.ctxr,w04_eisha2_top.bmp,ctxr,98656,4caadfdbf1cd8d5d67e80e5f483fd080596ed59e
textures/flatlist/ovr_stm/_win/w04_yuka.bmp.ctxr,textures/flatlist/ovr_stm/_win,w04_yuka.bmp.ctxr,w04_yuka.bmp,ctxr,77120,979c27346a079f1b32494f0b5de7bba62d0d948f
textures/flatlist/ovr_stm/_win/w04_yuka_02.bmp.ctxr,textures/flatlist/ovr_stm/_win,w04_yuka_02.bmp.ctxr,w04_yuka_02.bmp,ctxr,12576,f3b6bc3c6e456ab337ae05598dd6daa124a27a1b
textures/flatlist/ovr_stm/_win/w10b_fence_03_alp_ovl.bmp.ctxr,textures/flatlist/ovr_stm/_win,w10b_fence_03_alp_ovl.bmp.ctxr,w10b_fence_03_alp_ovl.bmp,ctxr,699488,852a6983103a69a2e31e2248b8a610a643e98070
textures/flatlist/ovr_stm/_win/w10c_ashi00.bmp.ctxr,textures/flatlist/ovr_stm/_win,w10c_ashi00.bmp.ctxr,w10c_ashi00.bmp,ctxr,61760,4b5670f27de0bd15abea8482bb845d1b6d6f5950
textures/flatlist/ovr_stm/_win/w10c_ent01.bmp.ctxr,textures/flatlist/ovr_stm/_win,w10c_ent01.bmp.ctxr,w10c_ent01.bmp,ctxr,24928,f712f2eab28976ed0388f727b39da5d152da39d6
textures/flatlist/ovr_stm/_win/w10c_entfl00.bmp.ctxr,textures/flatlist/ovr_stm/_win,w10c_entfl00.bmp.ctxr,w10c_entfl00.bmp,ctxr,49472,acc4d9d8e2da8180591ebba3b9a46bbf7a393fe1
textures/flatlist/ovr_stm/_win/w10c_entfl01.bmp.ctxr,textures/flatlist/ovr_stm/_win,w10c_entfl01.bmp.ctxr,w10c_entfl01.bmp,ctxr,57664,c58b305182020f5d685d65c1a00ef6dacc47ab65
textures/flatlist/ovr_stm/_win/w10c_entw00.bmp_ebada4c5fb0cf21b95c03d700bd34525.ctxr,textures/flatlist/ovr_stm/_win,w10c_entw00.bmp_ebada4c5fb0cf21b95c03d700bd34525.ctxr,w10c_entw00.bmp_ebada4c5fb0cf21b95c03d700bd34525,ctxr,98656,597312e9327fdc833ea3babe372f183e116abdfc
textures/flatlist/ovr_stm/_win/w10c_entw01.bmp.ctxr,textures/flatlist/ovr_stm/_win,w10c_entw01.bmp.ctxr,w10c_entw01.bmp,ctxr,49504,cf4bd2499ffda3521a3212fba53791f62095c89b
textures/flatlist/ovr_stm/_win/w10c_fl00a.bmp_f090db2c7d27de5ceaf7849bea3f7689.ctxr,textures/flatlist/ovr_stm/_win,w10c_fl00a.bmp_f090db2c7d27de5ceaf7849bea3f7689.ctxr,w10c_fl00a.bmp_f090db2c7d27de5ceaf7849bea3f7689,ctxr,49472,762624fb9d4d6dac184f2f010ed7898a06f1345d
textures/flatlist/ovr_stm/_win/w10c_fl00b.bmp_4783af139eb8448160dc9fa885bd7451.ctxr,textures/flatlist/ovr_stm/_win,w10c_fl00b.bmp_4783af139eb8448160dc9fa885bd7451.ctxr,w10c_fl00b.bmp_4783af139eb8448160dc9fa885bd7451,ctxr,24896,3419791b231aa3398675d30baa25553bf98e3c5e
textures/flatlist/ovr_stm/_win/w10c_fl00c.bmp_79d5f05b0c8f02fa5ea3d8344309a532.ctxr,textures/flatlist/ovr_stm/_win,w10c_fl00c.bmp_79d5f05b0c8f02fa5ea3d8344309a532.ctxr,w10c_fl00c.bmp_79d5f05b0c8f02fa5ea3d8344309a532,ctxr,24896,cd23532004fca61a1c80b6492d60c31f772a057b
textures/flatlist/ovr_stm/_win/w10c_fl00d.bmp.ctxr,textures/flatlist/ovr_stm/_win,w10c_fl00d.bmp.ctxr,w10c_fl00d.bmp,ctxr,6464,6c79356ee6222e20487187a54c4843c87ed50e26
textures/flatlist/ovr_stm/_win/w10c_fl01.bmp_89b1600a0752b90e97de0d507585a5be.ctxr,textures/flatlist/ovr_stm/_win,w10c_fl01.bmp_89b1600a0752b90e97de0d507585a5be.ctxr,w10c_fl01.bmp_89b1600a0752b90e97de0d507585a5be,ctxr,49472,55221412ee1ca5505099a8fad166f5132541db4c
textures/flatlist/ovr_stm/_win/w10c_fl01_brk.bmp.ctxr,textures/flatlist/ovr_stm/_win,w10c_fl01_brk.bmp.ctxr,w10c_fl01_brk.bmp,ctxr,74048,6ca7a6a1ef8d8269a5dd8ba444ef969dcda3fc64
textures/flatlist/ovr_stm/_win/w10c_fl02.bmp.ctxr,textures/flatlist/ovr_stm/_win,w10c_fl02.bmp.ctxr,w10c_fl02.bmp,ctxr,98656,95065646d104d6cc84d8d65cc9ce451146f6e91a
textures/flatlist/ovr_stm/_win/w10c_fl03.bmp.ctxr,textures/flatlist/ovr_stm/_win,w10c_fl03.bmp.ctxr,w10c_fl03.bmp,ctxr,49472,1fd097d260faa08e2df29d2a0564ac6474cf4f45
textures/flatlist/ovr_stm/_win/w10c_fl03a.bmp.ctxr,textures/flatlist/ovr_stm/_win,w10c_fl03a.bmp.ctxr,w10c_fl03a.bmp,ctxr,49472,cc1ac589f32372b5bec0c837eae23b2c682c1184
textures/flatlist/ovr_stm/_win/w10c_flu00a.bmp.ctxr,textures/flatlist/ovr_stm/_win,w10c_flu00a.bmp.ctxr,w10c_flu00a.bmp,ctxr,49472,7689efe92607390d74508eff243cb0df1ea99d8f
textures/flatlist/ovr_stm/_win/w10c_pp01.bmp.ctxr,textures/flatlist/ovr_stm/_win,w10c_pp01.bmp.ctxr,w10c_pp01.bmp,ctxr,65888,326ac461c7817e69693731e6b16ce5b3d7ce870a
textures/flatlist/ovr_stm/_win/w10c_pp01.bmp_ffdb967870ba68b15bb0414af2582240.ctxr,textures/flatlist/ovr_stm/_win,w10c_pp01.bmp_ffdb967870ba68b15bb0414af2582240.ctxr,w10c_pp01.bmp_ffdb967870ba68b15bb0414af2582240,ctxr,65888,0510e3e0bddf49811a7176e7d06b97cfb2edfbd4
textures/flatlist/ovr_stm/_win/w10c_pp01a.bmp.ctxr,textures/flatlist/ovr_stm/_win,w10c_pp01a.bmp.ctxr,w10c_pp01a.bmp,ctxr,65888,d64a4ed040c27790ebd108088996cfffc1c8380a
textures/flatlist/ovr_stm/_win/w10c_pp04.bmp_6c02c0734669b3b2af844bfb2a6f8caf.ctxr,textures/flatlist/ovr_stm/_win,w10c_pp04.bmp_6c02c0734669b3b2af844bfb2a6f8caf.ctxr,w10c_pp04.bmp_6c02c0734669b3b2af844bfb2a6f8caf,ctxr,49504,90e4b55f3900db46667b9c20aab4aa1f6063aadf
textures/flatlist/ovr_stm/_win/w10c_sk00.bmp_080bd3d56c6e4437c207d0839cc27828.ctxr,textures/flatlist/ovr_stm/_win,w10c_sk00.bmp_080bd3d56c6e4437c207d0839cc27828.ctxr,w10c_sk00.bmp_080bd3d56c6e4437c207d0839cc27828,ctxr,31008,1be0f101b8dfef0dfea429a8b9a1c9489087b9c0
textures/flatlist/ovr_stm/_win/w10c_sk00a.bmp_c23abf4bb26aa9b385f505c9436c87e3.ctxr,textures/flatlist/ovr_stm/_win,w10c_sk00a.bmp_c23abf4bb26aa9b385f505c9436c87e3.ctxr,w10c_sk00a.bmp_c23abf4bb26aa9b385f505c9436c87e3,ctxr,31008,7320834ad97d69b4b3d3585873d51ef86b583568
textures/flatlist/ovr_stm/_win/w10c_sk00b.bmp_d9e12dccb9bcc4cf71139977cbfbc3e7.ctxr,textures/flatlist/ovr_stm/_win,w10c_sk00b.bmp_d9e12dccb9bcc4cf71139977cbfbc3e7.ctxr,w10c_sk00b.bmp_d9e12dccb9bcc4cf71139977cbfbc3e7,ctxr,31008,307a441950cb049ac4f76d78f8ec505912a739f8
textures/flatlist/ovr_stm/_win/w10c_sk00c.bmp_4081fb1cac8896c709c768596117ba88.ctxr,textures/flatlist/ovr_stm/_win,w10c_sk00c.bmp_4081fb1cac8896c709c768596117ba88.ctxr,w10c_sk00c.bmp_4081fb1cac8896c709c768596117ba88,ctxr,31008,28105ccdaf7dfcdc070314bdbc3f9d4a8c1069c3
textures/flatlist/ovr_stm/_win/w10c_sk00d.bmp_a9ee348f02fbca3d69c1ad8a9a23932a.ctxr,textures/flatlist/ovr_stm/_win,w10c_sk00d.bmp_a9ee348f02fbca3d69c1ad8a9a23932a.ctxr,w10c_sk00d.bmp_a9ee348f02fbca3d69c1ad8a9a23932a,ctxr,18176,7338512d77ee7e95a0d761826298e8d5769f18e4
textures/flatlist/ovr_stm/_win/w10c_sk00e.bmp_0e3bb1fb297f402705e2cad23f68ddf6.ctxr,textures/flatlist/ovr_stm/_win,w10c_sk00e.bmp_0e3bb1fb297f402705e2cad23f68ddf6.ctxr,w10c_sk00e.bmp_0e3bb1fb297f402705e2cad23f68ddf6,ctxr,31008,70ca0bfe4e1457fa5dfe58232e86b6a909188a1b
textures/flatlist/ovr_stm/_win/w10c_sk01.bmp.ctxr,textures/flatlist/ovr_stm/_win,w10c_sk01.bmp.ctxr,w10c_sk01.bmp,ctxr,31008,a458ad4f952d443e03bb784fba2113f81d6b193b
textures/flatlist/ovr_stm/_win/w10c_sk01.bmp_b38fa6aa2149606ac364f449b0956d51.ctxr,textures/flatlist/ovr_stm/_win,w10c_sk01.bmp_b38fa6aa2149606ac364f449b0956d51.ctxr,w10c_sk01.bmp_b38fa6aa2149606ac364f449b0956d51,ctxr,31008,588a251cbd7c87c8221abce1d474b320b1f87799
textures/flatlist/ovr_stm/_win/w10c_sk01a.bmp_bac7874a3dfb93ad53d87c13aee33f56.ctxr,textures/flatlist/ovr_stm/_win,w10c_sk01a.bmp_bac7874a3dfb93ad53d87c13aee33f56.ctxr,w10c_sk01a.bmp_bac7874a3dfb93ad53d87c13aee33f56,ctxr,31008,fc79ee1753a76d947ac1abe45ba2086fad48a7df
textures/flatlist/ovr_stm/_win/w10c_sk01b.bmp_5dc6834c6bebd925dad973550e4c6fdf.ctxr,textures/flatlist/ovr_stm/_win,w10c_sk01b.bmp_5dc6834c6bebd925dad973550e4c6fdf.ctxr,w10c_sk01b.bmp_5dc6834c6bebd925dad973550e4c6fdf,ctxr,18176,fa145c1ac6a2a9187467533039c727cb7c602a46
textures/flatlist/ovr_stm/_win/w10c_sk01c.bmp_a7e8bcc841939628dc2dda275f4d60e0.ctxr,textures/flatlist/ovr_stm/_win,w10c_sk01c.bmp_a7e8bcc841939628dc2dda275f4d60e0.ctxr,w10c_sk01c.bmp_a7e8bcc841939628dc2dda275f4d60e0,ctxr,31008,f4f0e1ff745fc39a6a0a4d9366d09d437e5954af
textures/flatlist/ovr_stm/_win/w10c_sk02b.bmp.ctxr,textures/flatlist/ovr_stm/_win,w10c_sk02b.bmp.ctxr,w10c_sk02b.bmp,ctxr,3072,8f803261f81d55478d8b9374b77b61e51313fdc9
textures/flatlist/ovr_stm/_win/w10c_sku00.bmp.ctxr,textures/flatlist/ovr_stm/_win,w10c_sku00.bmp.ctxr,w10c_sku00.bmp,ctxr,6464,da29fa77bb0a07fecde37c9fc51f7fe65e72f06c
textures/flatlist/ovr_stm/_win/w10c_sku00a.bmp.ctxr,textures/flatlist/ovr_stm/_win,w10c_sku00a.bmp.ctxr,w10c_sku00a.bmp,ctxr,6464,06d065cdb2bbc9bab8d0a0095ee7dc44d18cacb9
textures/flatlist/ovr_stm/_win/w10c_sku00c.bmp.ctxr,textures/flatlist/ovr_stm/_win,w10c_sku00c.bmp.ctxr,w10c_sku00c.bmp,ctxr,6464,7224cb3b2ca57576e571d26bd45e890bf73270e5
textures/flatlist/ovr_stm/_win/w10c_sku00d.bmp.ctxr,textures/flatlist/ovr_stm/_win,w10c_sku00d.bmp.ctxr,w10c_sku00d.bmp,ctxr,3872,3a3f051887c50b99ed1f955dd8307453729cd18b
textures/flatlist/ovr_stm/_win/w10c_sku01a.bmp.ctxr,textures/flatlist/ovr_stm/_win,w10c_sku01a.bmp.ctxr,w10c_sku01a.bmp,ctxr,6464,c88a4e6f712ef72a629a08c5d7e9f01641045a83
textures/flatlist/ovr_stm/_win/w10c_trapfl01.bmp.ctxr,textures/flatlist/ovr_stm/_win,w10c_trapfl01.bmp.ctxr,w10c_trapfl01.bmp,ctxr,49472,aa9864e5dfdf00c41c19aac48fcc422ddb987f02
textures/flatlist/ovr_stm/_win/w10c_w00.bmp.ctxr,textures/flatlist/ovr_stm/_win,w10c_w00.bmp.ctxr,w10c_w00.bmp,ctxr,184640,2c45bee9bebbb889fb810ba74e571016e21b4bfe
textures/flatlist/ovr_stm/_win/w10c_w00a.bmp.ctxr,textures/flatlist/ovr_stm/_win,w10c_w00a.bmp.ctxr,w10c_w00a.bmp,ctxr,184640,bdf79d4c1c0eb23712e16a78f50d033bb7c2e729
textures/flatlist/ovr_stm/_win/w10c_w00b.bmp.ctxr,textures/flatlist/ovr_stm/_win,w10c_w00b.bmp.ctxr,w10c_w00b.bmp,ctxr,49472,3cdfa2ce8676b2978d3d714879c52e9b213591b4
textures/flatlist/ovr_stm/_win/w10c_w00c.bmp_1a2ec7dfc72a4bdfc203becd5d5bccf6.ctxr,textures/flatlist/ovr_stm/_win,w10c_w00c.bmp_1a2ec7dfc72a4bdfc203becd5d5bccf6.ctxr,w10c_w00c.bmp_1a2ec7dfc72a4bdfc203becd5d5bccf6,ctxr,12640,8a0bc68b6cf615f689a172e16368ca9459cf2eb5
textures/flatlist/ovr_stm/_win/w10c_w00e.bmp.ctxr,textures/flatlist/ovr_stm/_win,w10c_w00e.bmp.ctxr,w10c_w00e.bmp,ctxr,184640,c416f536a8acd2b27101d4b5e08ea34c3013f072
textures/flatlist/ovr_stm/_win/w10c_w00f2.bmp.ctxr,textures/flatlist/ovr_stm/_win,w10c_w00f2.bmp.ctxr,w10c_w00f2.bmp,ctxr,184640,5dd1e0ca925fb1774f6cbdd1267dc87c695e436d
textures/flatlist/ovr_stm/_win/w10c_w02.bmp.ctxr,textures/flatlist/ovr_stm/_win,w10c_w02.bmp.ctxr,w10c_w02.bmp,ctxr,12608,75ba84b752bf75bed6730ac83831aabd431f8259
textures/flatlist/ovr_stm/_win/w10c_w06b2.bmp.ctxr,textures/flatlist/ovr_stm/_win,w10c_w06b2.bmp.ctxr,w10c_w06b2.bmp,ctxr,129344,242eaf06eb8cf0add0334e629e5dc7ecee73b935
textures/flatlist/ovr_stm/_win/w11a0_amiflr1.bmp.ctxr,textures/flatlist/ovr_stm/_win,w11a0_amiflr1.bmp.ctxr,w11a0_amiflr1.bmp,ctxr,87744,534a77c6a2b18b1afded4e1e66bd7c752968f891
textures/flatlist/ovr_stm/_win/w11a0_amiflr1_nuke_alp.bmp.ctxr,textures/flatlist/ovr_stm/_win,w11a0_amiflr1_nuke_alp.bmp.ctxr,w11a0_amiflr1_nuke_alp.bmp,ctxr,31008,85dfec8a5617ddb71ce154ca824bbfc8ae7bdaa0
textures/flatlist/ovr_stm/_win/w11a0_amiflr2.bmp.ctxr,textures/flatlist/ovr_stm/_win,w11a0_amiflr2.bmp.ctxr,w11a0_amiflr2.bmp,ctxr,33120,b85f12535544d6ada2cc465cf1df75c866e1ee31
textures/flatlist/ovr_stm/_win/w11a0_bonbe1.bmp.ctxr,textures/flatlist/ovr_stm/_win,w11a0_bonbe1.bmp.ctxr,w11a0_bonbe1.bmp,ctxr,37152,18e98d0e227a5ad838219ad6372bd03ab1631bba
textures/flatlist/ovr_stm/_win/w11a0_crndesk_f1.bmp.ctxr,textures/flatlist/ovr_stm/_win,w11a0_crndesk_f1.bmp.ctxr,w11a0_crndesk_f1.bmp,ctxr,51488,ced11e057a9b07b710f4635c6a8843c0e431ceb7
textures/flatlist/ovr_stm/_win/w11a0_deckwall1.bmp.ctxr,textures/flatlist/ovr_stm/_win,w11a0_deckwall1.bmp.ctxr,w11a0_deckwall1.bmp,ctxr,37184,ba9641ef16f88da7213e3f40bc81044c0c180ff4
textures/flatlist/ovr_stm/_win/w11a0_drwall_panel_r.bmp.ctxr,textures/flatlist/ovr_stm/_win,w11a0_drwall_panel_r.bmp.ctxr,w11a0_drwall_panel_r.bmp,ctxr,18752,43631d9e178f1df15632593d95cbb2d4e62133c4
textures/flatlist/ovr_stm/_win/w11a0_duct1.bmp.ctxr,textures/flatlist/ovr_stm/_win,w11a0_duct1.bmp.ctxr,w11a0_duct1.bmp,ctxr,164224,0c258c39a92054be853ee6e4b335bff83db9a0c8
textures/flatlist/ovr_stm/_win/w11a0_duct1_enter.bmp.ctxr,textures/flatlist/ovr_stm/_win,w11a0_duct1_enter.bmp.ctxr,w11a0_duct1_enter.bmp,ctxr,67904,c760cee043e054f6f9d9b8ba4f597772ce8bfb29
textures/flatlist/ovr_stm/_win/w11a0_duct_fence_alp.bmp.ctxr,textures/flatlist/ovr_stm/_win,w11a0_duct_fence_alp.bmp.ctxr,w11a0_duct_fence_alp.bmp,ctxr,11264,99cb9aa7b186780d349a7dff083c481add363ae8
textures/flatlist/ovr_stm/_win/w11a0_fence1_alp.bmp.ctxr,textures/flatlist/ovr_stm/_win,w11a0_fence1_alp.bmp.ctxr,w11a0_fence1_alp.bmp,ctxr,172384,01fa5b8264fba00dc8f008e0693835eaa08cdb70
textures/flatlist/ovr_stm/_win/w11a0_floor1.bmp.ctxr,textures/flatlist/ovr_stm/_win,w11a0_floor1.bmp.ctxr,w11a0_floor1.bmp,ctxr,165536,261ce8a3a468341ca3e58472ca0dc772dbc0063b
textures/flatlist/ovr_stm/_win/w11a0_floor1_side.bmp.ctxr,textures/flatlist/ovr_stm/_win,w11a0_floor1_side.bmp.ctxr,w11a0_floor1_side.bmp,ctxr,41632,d0048a20726506f83a04050d90dfb316ba1bd8f7
textures/flatlist/ovr_stm/_win/w11a0_gas_cap00.bmp.ctxr,textures/flatlist/ovr_stm/_win,w11a0_gas_cap00.bmp.ctxr,w11a0_gas_cap00.bmp,ctxr,2336,a2d663fe9853e4fa90e9f1764623fc75070f490a
textures/flatlist/ovr_stm/_win/w11a0_jmst_dai1.bmp.ctxr,textures/flatlist/ovr_stm/_win,w11a0_jmst_dai1.bmp.ctxr,w11a0_jmst_dai1.bmp,ctxr,31008,57283c9a7871ec2ec4dfc64c2e208b742a766859
textures/flatlist/ovr_stm/_win/w11a0_pillar1.bmp.ctxr,textures/flatlist/ovr_stm/_win,w11a0_pillar1.bmp.ctxr,w11a0_pillar1.bmp,ctxr,74048,62a61918e23f4e05371bec6fce85c15020ba0c92
textures/flatlist/ovr_stm/_win/w11a0_poolwall1.bmp.ctxr,textures/flatlist/ovr_stm/_win,w11a0_poolwall1.bmp.ctxr,w11a0_poolwall1.bmp,ctxr,27968,4620167a56d67b59704b09be3b9dacdd7d91d005
textures/flatlist/ovr_stm/_win/w11a0_poolwall2.bmp.ctxr,textures/flatlist/ovr_stm/_win,w11a0_poolwall2.bmp.ctxr,w11a0_poolwall2.bmp,ctxr,98656,6793588498b38757241ad0916a4cfdec3f718882
textures/flatlist/ovr_stm/_win/w11a0_pool_entflor1.bmp.ctxr,textures/flatlist/ovr_stm/_win,w11a0_pool_entflor1.bmp.ctxr,w11a0_pool_entflor1.bmp,ctxr,24896,0a2a6901fc91aff84650b05362e77377274dd6d4
textures/flatlist/ovr_stm/_win/w11a0_poor_tsr1.bmp.ctxr,textures/flatlist/ovr_stm/_win,w11a0_poor_tsr1.bmp.ctxr,w11a0_poor_tsr1.bmp,ctxr,16736,5cfc3fae9b2c06db5fcf88a0c60a39c295ae2067
textures/flatlist/ovr_stm/_win/w11a0_poor_tsr2.bmp.ctxr,textures/flatlist/ovr_stm/_win,w11a0_poor_tsr2.bmp.ctxr,w11a0_poor_tsr2.bmp,ctxr,6464,3f91376bbd1c2167c28f302031f22616893267a8
textures/flatlist/ovr_stm/_win/w11a0_southwall1.bmp.ctxr,textures/flatlist/ovr_stm/_win,w11a0_southwall1.bmp.ctxr,w11a0_southwall1.bmp,ctxr,123200,db68b174924fca62b3e63988e66368d83c0a3df5
textures/flatlist/ovr_stm/_win/w11a0_southwall2.bmp.ctxr,textures/flatlist/ovr_stm/_win,w11a0_southwall2.bmp.ctxr,w11a0_southwall2.bmp,ctxr,98656,a210796d374cc9341273addab11f4e3c143298ec
textures/flatlist/ovr_stm/_win/w11a0_southwall_hari1.bmp.ctxr,textures/flatlist/ovr_stm/_win,w11a0_southwall_hari1.bmp.ctxr,w11a0_southwall_hari1.bmp,ctxr,60224,6993ebd8ea1fb095cf9c643b9e71f3c99339fe11
textures/flatlist/ovr_stm/_win/w11a0_step1.bmp.ctxr,textures/flatlist/ovr_stm/_win,w11a0_step1.bmp.ctxr,w11a0_step1.bmp,ctxr,31008,df624fb3bab871ef538e0c657a323161f5bb222e
textures/flatlist/ovr_stm/_win/w11a0_tank1_asi1.bmp.ctxr,textures/flatlist/ovr_stm/_win,w11a0_tank1_asi1.bmp.ctxr,w11a0_tank1_asi1.bmp,ctxr,8512,7cdf188112aa8608c9eb4899d0eaa1b54398449a
textures/flatlist/ovr_stm/_win/w11a0_tank1_asi2.bmp.ctxr,textures/flatlist/ovr_stm/_win,w11a0_tank1_asi2.bmp.ctxr,w11a0_tank1_asi2.bmp,ctxr,8512,ddd3cf9859760e901dcbadb06f79c5e95591d562
textures/flatlist/ovr_stm/_win/w11a0_tank1_ender.bmp.ctxr,textures/flatlist/ovr_stm/_win,w11a0_tank1_ender.bmp.ctxr,w11a0_tank1_ender.bmp,ctxr,5792,ce34b00b37569bad27cc046c85575d7147f3556c
textures/flatlist/ovr_stm/_win/w11a0_tank1_s.bmp.ctxr,textures/flatlist/ovr_stm/_win,w11a0_tank1_s.bmp.ctxr,w11a0_tank1_s.bmp,ctxr,49472,4c9a531ae9a763f8d5633e99525712b9dbcee068
textures/flatlist/ovr_stm/_win/w11a0_temptex1_pipe.bmp.ctxr,textures/flatlist/ovr_stm/_win,w11a0_temptex1_pipe.bmp.ctxr,w11a0_temptex1_pipe.bmp,ctxr,22208,28e36553a71632a13a3bde39b4e8f1a7fee94c9d
textures/flatlist/ovr_stm/_win/w11a0_tsr1.bmp.ctxr,textures/flatlist/ovr_stm/_win,w11a0_tsr1.bmp.ctxr,w11a0_tsr1.bmp,ctxr,8544,2fbad43bdabb8ca7c63c350cc639c1daeac29a47
textures/flatlist/ovr_stm/_win/w11a0_tsr2.bmp.ctxr,textures/flatlist/ovr_stm/_win,w11a0_tsr2.bmp.ctxr,w11a0_tsr2.bmp,ctxr,4416,e57f8c53f1bb6b1ef50963aedf421fab60d2cfb8
textures/flatlist/ovr_stm/_win/w11a0_wall1.bmp.ctxr,textures/flatlist/ovr_stm/_win,w11a0_wall1.bmp.ctxr,w11a0_wall1.bmp,ctxr,160064,bd3b6cd1526dc20f0d4f2872b743ef824186b30f
textures/flatlist/ovr_stm/_win/w11a0_wall2.bmp.ctxr,textures/flatlist/ovr_stm/_win,w11a0_wall2.bmp.ctxr,w11a0_wall2.bmp,ctxr,160064,0d73a3b7bd14ea907368f9a866da634e20bb2a4d
textures/flatlist/ovr_stm/_win/w11a1_flr2.bmp.ctxr,textures/flatlist/ovr_stm/_win,w11a1_flr2.bmp.ctxr,w11a1_flr2.bmp,ctxr,61728,5ad3a4effa6be51d5ad876a6eb0925e1c1c10012
textures/flatlist/ovr_stm/_win/w11a1_pillar1.bmp.ctxr,textures/flatlist/ovr_stm/_win,w11a1_pillar1.bmp.ctxr,w11a1_pillar1.bmp,ctxr,37184,0bcaa4e9e8fbd916491dab33bec7930154adaa3e
textures/flatlist/ovr_stm/_win/w11a1_pillar1_s.bmp.ctxr,textures/flatlist/ovr_stm/_win,w11a1_pillar1_s.bmp.ctxr,w11a1_pillar1_s.bmp,ctxr,37184,9b7c3824a532a79c377e4b97bb9e64029e09ac33
textures/flatlist/ovr_stm/_win/w11a1_pillar2.bmp.ctxr,textures/flatlist/ovr_stm/_win,w11a1_pillar2.bmp.ctxr,w11a1_pillar2.bmp,ctxr,37184,fde1371d6a08e57e599298268874bda85a5d3f36
textures/flatlist/ovr_stm/_win/w11a1_pillar2_s.bmp.ctxr,textures/flatlist/ovr_stm/_win,w11a1_pillar2_s.bmp.ctxr,w11a1_pillar2_s.bmp,ctxr,37184,e07d7b2eb5b794759599ecbad442cf5c4f5bf24d
textures/flatlist/ovr_stm/_win/w11a1_pipe_endbox.bmp.ctxr,textures/flatlist/ovr_stm/_win,w11a1_pipe_endbox.bmp.ctxr,w11a1_pipe_endbox.bmp,ctxr,12608,05e1e6de41b353d5b8fb514efd364817bbd6cbd0
textures/flatlist/ovr_stm/_win/w11a1_wall1.bmp.ctxr,textures/flatlist/ovr_stm/_win,w11a1_wall1.bmp.ctxr,w11a1_wall1.bmp,ctxr,74048,ec76a88317968fdbea2f0ae658947a3676dba153
textures/flatlist/ovr_stm/_win/w11a1_wall2.bmp.ctxr,textures/flatlist/ovr_stm/_win,w11a1_wall2.bmp.ctxr,w11a1_wall2.bmp,ctxr,74048,760fe744f1ece5cd3cea8fae7d2b2bcb9890165a
textures/flatlist/ovr_stm/_win/w11a1_wall3.bmp.ctxr,textures/flatlist/ovr_stm/_win,w11a1_wall3.bmp.ctxr,w11a1_wall3.bmp,ctxr,74048,db5fcff9240d34d49dcdfde0b3c0d1e4e67f7646
textures/flatlist/ovr_stm/_win/w11a2_cable1_st.bmp.ctxr,textures/flatlist/ovr_stm/_win,w11a2_cable1_st.bmp.ctxr,w11a2_cable1_st.bmp,ctxr,20768,340a3a403c6f838e89e6d1cf8d1ae74cc0776be9
textures/flatlist/ovr_stm/_win/w11a2_ceil1.bmp.ctxr,textures/flatlist/ovr_stm/_win,w11a2_ceil1.bmp.ctxr,w11a2_ceil1.bmp,ctxr,65888,5e947d68b720df0df05ed957997d11fc12a576e0
textures/flatlist/ovr_stm/_win/w11a2_ceillit_hanger1.bmp.ctxr,textures/flatlist/ovr_stm/_win,w11a2_ceillit_hanger1.bmp.ctxr,w11a2_ceillit_hanger1.bmp,ctxr,15680,ac8830ee6d7ad0f45c532ce9c9144c72d5472f48
textures/flatlist/ovr_stm/_win/w11a2_closed_shatter.bmp.ctxr,textures/flatlist/ovr_stm/_win,w11a2_closed_shatter.bmp.ctxr,w11a2_closed_shatter.bmp,ctxr,92480,49fbde458f2981d51cf58fbc0f7eb74ef0efac89
textures/flatlist/ovr_stm/_win/w11a2_drwall1_head.bmp.ctxr,textures/flatlist/ovr_stm/_win,w11a2_drwall1_head.bmp.ctxr,w11a2_drwall1_head.bmp,ctxr,12608,d7f9d4e92d97e3d9d76a7f9f99d02ac1974db19b
textures/flatlist/ovr_stm/_win/w11a2_elvgate_pillar.bmp.ctxr,textures/flatlist/ovr_stm/_win,w11a2_elvgate_pillar.bmp.ctxr,w11a2_elvgate_pillar.bmp,ctxr,33120,7887157db0788abf8e925bc84a89734ca781dfc9
textures/flatlist/ovr_stm/_win/w11a2_flr1.bmp.ctxr,textures/flatlist/ovr_stm/_win,w11a2_flr1.bmp.ctxr,w11a2_flr1.bmp,ctxr,221536,ddb2da24f78ac0b4b06cb7baa358b3bcbae6ed37
textures/flatlist/ovr_stm/_win/w11a2_gate_flr1.bmp.ctxr,textures/flatlist/ovr_stm/_win,w11a2_gate_flr1.bmp.ctxr,w11a2_gate_flr1.bmp,ctxr,18720,c94ac47beef4ae17cf8e08c7ab39fdf4bbfcd5ce
textures/flatlist/ovr_stm/_win/w11a2_pillar1.bmp.ctxr,textures/flatlist/ovr_stm/_win,w11a2_pillar1.bmp.ctxr,w11a2_pillar1.bmp,ctxr,82240,ffdb0116a2e4bad5f2aa074ee278d6300ea98d96
textures/flatlist/ovr_stm/_win/w11a2_pillar2.bmp.ctxr,textures/flatlist/ovr_stm/_win,w11a2_pillar2.bmp.ctxr,w11a2_pillar2.bmp,ctxr,82240,ddbb93b502d73d564e9febaf24479dfe5eafdde2
textures/flatlist/ovr_stm/_win/w11a2_pipe3.bmp.ctxr,textures/flatlist/ovr_stm/_win,w11a2_pipe3.bmp.ctxr,w11a2_pipe3.bmp,ctxr,16736,5ec22bc7a10821deebf9db3117d797a0730828a5
textures/flatlist/ovr_stm/_win/w11a2_sunoko.bmp.ctxr,textures/flatlist/ovr_stm/_win,w11a2_sunoko.bmp.ctxr,w11a2_sunoko.bmp,ctxr,49472,37ca5dd291866234f83f29e818c684c023659958
textures/flatlist/ovr_stm/_win/w11a2_wall1.bmp.ctxr,textures/flatlist/ovr_stm/_win,w11a2_wall1.bmp.ctxr,w11a2_wall1.bmp,ctxr,184640,71349bc4a624d5233e2bc30cba6bc1432ceeddeb
textures/flatlist/ovr_stm/_win/w11a_gas2_02_t.bmp.ctxr,textures/flatlist/ovr_stm/_win,w11a_gas2_02_t.bmp.ctxr,w11a_gas2_02_t.bmp,ctxr,16704,a9e4d483129d3c71d83b3769ba02ba58cba974fb
textures/flatlist/ovr_stm/_win/w11a_gas2_03_t.bmp.ctxr,textures/flatlist/ovr_stm/_win,w11a_gas2_03_t.bmp.ctxr,w11a_gas2_03_t.bmp,ctxr,16704,5dd453a04100655207a9b6444fa15a73e6db1220
textures/flatlist/ovr_stm/_win/w11a_gas2_04_t.bmp.ctxr,textures/flatlist/ovr_stm/_win,w11a_gas2_04_t.bmp.ctxr,w11a_gas2_04_t.bmp,ctxr,3328,45ba3e3e187b2edaf4b9046329ac9bc0aaa10adc
textures/flatlist/ovr_stm/_win/w11a_gas_02_t.bmp.ctxr,textures/flatlist/ovr_stm/_win,w11a_gas_02_t.bmp.ctxr,w11a_gas_02_t.bmp,ctxr,16704,30f46e5a033a5018503f335df28c4ffd4f85a497
textures/flatlist/ovr_stm/_win/w11a_litflame_wire_alp.bmp.ctxr,textures/flatlist/ovr_stm/_win,w11a_litflame_wire_alp.bmp.ctxr,w11a_litflame_wire_alp.bmp,ctxr,11296,e8d4f796556312c87b2484166576149da5254fa5
textures/flatlist/ovr_stm/_win/w11a_t_hako_c.bmp.ctxr,textures/flatlist/ovr_stm/_win,w11a_t_hako_c.bmp.ctxr,w11a_t_hako_c.bmp,ctxr,7104,f4af7b12779d551947970a89d15a79feadc9195e
textures/flatlist/ovr_stm/_win/w11a_t_hako_d.bmp.ctxr,textures/flatlist/ovr_stm/_win,w11a_t_hako_d.bmp.ctxr,w11a_t_hako_d.bmp,ctxr,71968,8fa29fd201dbe65dd7662f2fc78f6f4099c71aef
textures/flatlist/ovr_stm/_win/w11a_t_hako_e_2.bmp.ctxr,textures/flatlist/ovr_stm/_win,w11a_t_hako_e_2.bmp.ctxr,w11a_t_hako_e_2.bmp,ctxr,8800,0f394ee996f7fe34384af0af8c6330a558b8499a
textures/flatlist/ovr_stm/_win/w11a_t_tana2_b.bmp.ctxr,textures/flatlist/ovr_stm/_win,w11a_t_tana2_b.bmp.ctxr,w11a_t_tana2_b.bmp,ctxr,5824,b98dcc2391b875c9929b5ba1681af8798eb9bb16
textures/flatlist/ovr_stm/_win/w11a_t_tana2_c.bmp.ctxr,textures/flatlist/ovr_stm/_win,w11a_t_tana2_c.bmp.ctxr,w11a_t_tana2_c.bmp,ctxr,5824,7b0fa94974e4695706b619dae1bcd3f650c580b7
textures/flatlist/ovr_stm/_win/w11a_t_tana_a.bmp.ctxr,textures/flatlist/ovr_stm/_win,w11a_t_tana_a.bmp.ctxr,w11a_t_tana_a.bmp,ctxr,65888,c110f514cff25a9ce469e7bd40a67cb1d5a638b3
textures/flatlist/ovr_stm/_win/w11b2_ironbox_sf.bmp.ctxr,textures/flatlist/ovr_stm/_win,w11b2_ironbox_sf.bmp.ctxr,w11b2_ironbox_sf.bmp,ctxr,44064,035fa6052698d290f5559acff6226781bf014fa8
textures/flatlist/ovr_stm/_win/w11c2_lit_ele_box2.bmp.ctxr,textures/flatlist/ovr_stm/_win,w11c2_lit_ele_box2.bmp.ctxr,w11c2_lit_ele_box2.bmp,ctxr,12576,d66ce0c97c5036ab469635a4b1a5534002117549
textures/flatlist/ovr_stm/_win/w11c2_spipe_temptex1.bmp.ctxr,textures/flatlist/ovr_stm/_win,w11c2_spipe_temptex1.bmp.ctxr,w11c2_spipe_temptex1.bmp,ctxr,22176,e714dd1b7407aa52144b0eb3363ac5fe9d09277a
textures/flatlist/ovr_stm/_win/w11_drum_f1.bmp.ctxr,textures/flatlist/ovr_stm/_win,w11_drum_f1.bmp.ctxr,w11_drum_f1.bmp,ctxr,27616,60f3facf0b83d65aa859a395b4626328233a9f08
textures/flatlist/ovr_stm/_win/w11_drum_t1.bmp.ctxr,textures/flatlist/ovr_stm/_win,w11_drum_t1.bmp.ctxr,w11_drum_t1.bmp,ctxr,12576,24815de90ae481aaea00a44b85b32fb841d14fec
textures/flatlist/ovr_stm/_win/w11_explode_drum_f1.bmp.ctxr,textures/flatlist/ovr_stm/_win,w11_explode_drum_f1.bmp.ctxr,w11_explode_drum_f1.bmp,ctxr,27616,c94fde3e33d61e3b5e7d9ff44aebbe81e53ed29f
textures/flatlist/ovr_stm/_win/w11_explode_drum_t1.bmp.ctxr,textures/flatlist/ovr_stm/_win,w11_explode_drum_t1.bmp.ctxr,w11_explode_drum_t1.bmp,ctxr,12576,6e3704c93b598ef20276798715959169addab94f
textures/flatlist/ovr_stm/_win/w11_sdr_f1.bmp.ctxr,textures/flatlist/ovr_stm/_win,w11_sdr_f1.bmp.ctxr,w11_sdr_f1.bmp,ctxr,24896,be8dba426e4a56ba19e0f74822cdd40dbce1faee
textures/flatlist/ovr_stm/_win/w11_woodbox_all.bmp.ctxr,textures/flatlist/ovr_stm/_win,w11_woodbox_all.bmp.ctxr,w11_woodbox_all.bmp,ctxr,44064,b35f4b3ff8232d445062473a65c5e4867837aec0
textures/flatlist/ovr_stm/_win/w12a_fl00.bmp.ctxr,textures/flatlist/ovr_stm/_win,w12a_fl00.bmp.ctxr,w12a_fl00.bmp,ctxr,49472,d7f1ac90b973d4c0f3a06fc64d762bed857fbf8c
textures/flatlist/ovr_stm/_win/w12a_fl00a.bmp.ctxr,textures/flatlist/ovr_stm/_win,w12a_fl00a.bmp.ctxr,w12a_fl00a.bmp,ctxr,37152,1be9babe9137948c64bcc9b71edcc12e00478c1d
textures/flatlist/ovr_stm/_win/w12a_fl00b.bmp.ctxr,textures/flatlist/ovr_stm/_win,w12a_fl00b.bmp.ctxr,w12a_fl00b.bmp,ctxr,33088,d47e7c76925976cd307aed48326f772619b2e17d
textures/flatlist/ovr_stm/_win/w12a_fl00c.bmp.ctxr,textures/flatlist/ovr_stm/_win,w12a_fl00c.bmp.ctxr,w12a_fl00c.bmp,ctxr,24896,af94bb73e361dc45b97fd1990cda8a9d806af9d7
textures/flatlist/ovr_stm/_win/w12a_fl00d.bmp.ctxr,textures/flatlist/ovr_stm/_win,w12a_fl00d.bmp.ctxr,w12a_fl00d.bmp,ctxr,16704,f899b2ae874a693349c901d394532778d4ea3117
textures/flatlist/ovr_stm/_win/w12a_fl00e.bmp.ctxr,textures/flatlist/ovr_stm/_win,w12a_fl00e.bmp.ctxr,w12a_fl00e.bmp,ctxr,16704,337acfe422543de129190f33cd3cadc9ff5ae675
textures/flatlist/ovr_stm/_win/w12a_fl00f.bmp.ctxr,textures/flatlist/ovr_stm/_win,w12a_fl00f.bmp.ctxr,w12a_fl00f.bmp,ctxr,6464,0ec239b7c0d88e4037472cd80b219998a35fbf9d
textures/flatlist/ovr_stm/_win/w12a_fl00g.bmp.ctxr,textures/flatlist/ovr_stm/_win,w12a_fl00g.bmp.ctxr,w12a_fl00g.bmp,ctxr,24896,8b5695df4082bf6fa09931abc45068fb9a15218b
textures/flatlist/ovr_stm/_win/w12a_fl01.bmp.ctxr,textures/flatlist/ovr_stm/_win,w12a_fl01.bmp.ctxr,w12a_fl01.bmp,ctxr,12608,0266ab60c1bc2d494dd8ebdced773397d8d29ddb
textures/flatlist/ovr_stm/_win/w12a_fl01a.bmp.ctxr,textures/flatlist/ovr_stm/_win,w12a_fl01a.bmp.ctxr,w12a_fl01a.bmp,ctxr,9504,3165822590a9d896c49eb8c99022d4a44d62ac1a
textures/flatlist/ovr_stm/_win/w12a_fl01b.bmp.ctxr,textures/flatlist/ovr_stm/_win,w12a_fl01b.bmp.ctxr,w12a_fl01b.bmp,ctxr,3328,15ed911c02371cab3879eae5ac17a9934362caed
textures/flatlist/ovr_stm/_win/w12a_fl01c.bmp.ctxr,textures/flatlist/ovr_stm/_win,w12a_fl01c.bmp.ctxr,w12a_fl01c.bmp,ctxr,6432,8634a9a42a6e784a3d48b3f1415bed040955f14a
textures/flatlist/ovr_stm/_win/w12a_fl01d.bmp.ctxr,textures/flatlist/ovr_stm/_win,w12a_fl01d.bmp.ctxr,w12a_fl01d.bmp,ctxr,12608,3121f45d3d1dddc070f9939dbb5343eee8b4c032
textures/flatlist/ovr_stm/_win/w12a_fl05.bmp.ctxr,textures/flatlist/ovr_stm/_win,w12a_fl05.bmp.ctxr,w12a_fl05.bmp,ctxr,33088,73b929cdd5c5cdb6eb858b532d1ad09d4b6d223d
textures/flatlist/ovr_stm/_win/w12a_fl05a.bmp.ctxr,textures/flatlist/ovr_stm/_win,w12a_fl05a.bmp.ctxr,w12a_fl05a.bmp,ctxr,9856,25bbcb9fb0bfe6cf37dfe3cdb42f6bd1b5e57f6b
textures/flatlist/ovr_stm/_win/w12a_fl05b.bmp.ctxr,textures/flatlist/ovr_stm/_win,w12a_fl05b.bmp.ctxr,w12a_fl05b.bmp,ctxr,13440,229b496f5dff94b1b00d5247c70b3587d9297f86
textures/flatlist/ovr_stm/_win/w12a_fl05c.bmp.ctxr,textures/flatlist/ovr_stm/_win,w12a_fl05c.bmp.ctxr,w12a_fl05c.bmp,ctxr,28448,af651597bddd8a983f3fdd6762a5f9eaa6b6f9c6
textures/flatlist/ovr_stm/_win/w12a_fl05d.bmp.ctxr,textures/flatlist/ovr_stm/_win,w12a_fl05d.bmp.ctxr,w12a_fl05d.bmp,ctxr,20768,fba67767ab1c8bbee84a85cd648bd5f67d92a31f
textures/flatlist/ovr_stm/_win/w12a_fl05e.bmp.ctxr,textures/flatlist/ovr_stm/_win,w12a_fl05e.bmp.ctxr,w12a_fl05e.bmp,ctxr,20768,1fea8257bdcfa7d9f1a5d67d41abefd2b0c36d5b
textures/flatlist/ovr_stm/_win/w12a_ironbox_sf.bmp.ctxr,textures/flatlist/ovr_stm/_win,w12a_ironbox_sf.bmp.ctxr,w12a_ironbox_sf.bmp,ctxr,44064,92456b778eb778c34c609314da2eb4c198b52d8f
textures/flatlist/ovr_stm/_win/w12a_rf00a.bmp.ctxr,textures/flatlist/ovr_stm/_win,w12a_rf00a.bmp.ctxr,w12a_rf00a.bmp,ctxr,229760,076eee382649a2dc22323d0af0deff35062561dd
textures/flatlist/ovr_stm/_win/w12a_t_hako_d.bmp.ctxr,textures/flatlist/ovr_stm/_win,w12a_t_hako_d.bmp.ctxr,w12a_t_hako_d.bmp,ctxr,71968,df5555e94b811682f20c52aff08fb43d5c1df3ad
textures/flatlist/ovr_stm/_win/w12a_w00a.bmp.ctxr,textures/flatlist/ovr_stm/_win,w12a_w00a.bmp.ctxr,w12a_w00a.bmp,ctxr,143680,318575b9e502d3aa98dcc608c19dfd8c0a43540e
textures/flatlist/ovr_stm/_win/w12a_w00b.bmp.ctxr,textures/flatlist/ovr_stm/_win,w12a_w00b.bmp.ctxr,w12a_w00b.bmp,ctxr,143680,a1fc822b48156cad2caf41f469a9c81224fb5025
textures/flatlist/ovr_stm/_win/w12a_w01a.bmp.ctxr,textures/flatlist/ovr_stm/_win,w12a_w01a.bmp.ctxr,w12a_w01a.bmp,ctxr,22208,abc3bc869f516365f939da37bfe462089672317c
textures/flatlist/ovr_stm/_win/w12a_w01e.bmp.ctxr,textures/flatlist/ovr_stm/_win,w12a_w01e.bmp.ctxr,w12a_w01e.bmp,ctxr,16736,414751272b4685d654de09035b4693ad59758a44
textures/flatlist/ovr_stm/_win/w12a_w03.bmp_661e3b0b04936b908f29261f775d72d9.ctxr,textures/flatlist/ovr_stm/_win,w12a_w03.bmp_661e3b0b04936b908f29261f775d72d9.ctxr,w12a_w03.bmp_661e3b0b04936b908f29261f775d72d9,ctxr,24896,43dec10797df08da8678be869aef9f8067dacee4
textures/flatlist/ovr_stm/_win/w12b0_enta03.bmp.ctxr,textures/flatlist/ovr_stm/_win,w12b0_enta03.bmp.ctxr,w12b0_enta03.bmp,ctxr,31040,80a03d5110e8bff9e2b9c08d630e40cb3138e7e9
textures/flatlist/ovr_stm/_win/w12b0_partition_01_alp_ovl.bmp.ctxr,textures/flatlist/ovr_stm/_win,w12b0_partition_01_alp_ovl.bmp.ctxr,w12b0_partition_01_alp_ovl.bmp,ctxr,30144,9e69601d79f73b08b45ccbf23c3ee6416f818f07
textures/flatlist/ovr_stm/_win/w12b0_wall_11.bmp.ctxr,textures/flatlist/ovr_stm/_win,w12b0_wall_11.bmp.ctxr,w12b0_wall_11.bmp,ctxr,61728,13c70d37d41478d06d07e08e920ed5a2862d0df9
textures/flatlist/ovr_stm/_win/w12b0_wall_14.bmp.ctxr,textures/flatlist/ovr_stm/_win,w12b0_wall_14.bmp.ctxr,w12b0_wall_14.bmp,ctxr,49504,26765bb94d6440dc67da04399c811b8e39f258e2
textures/flatlist/ovr_stm/_win/w12b0_wall_16.bmp.ctxr,textures/flatlist/ovr_stm/_win,w12b0_wall_16.bmp.ctxr,w12b0_wall_16.bmp,ctxr,115008,24c7fec522b74fab1b2634a753faee6d48d0c7f1
textures/flatlist/ovr_stm/_win/w12b1_floor1_mk.bmp.ctxr,textures/flatlist/ovr_stm/_win,w12b1_floor1_mk.bmp.ctxr,w12b1_floor1_mk.bmp,ctxr,553280,717d8c47309be2650fa4ecc1e6d54f8b8c5c8da6
textures/flatlist/ovr_stm/_win/w12b1_floor_01.bmp.ctxr,textures/flatlist/ovr_stm/_win,w12b1_floor_01.bmp.ctxr,w12b1_floor_01.bmp,ctxr,49472,a0f3d19968bd543ce3d4eee57f60b189239659e1
textures/flatlist/ovr_stm/_win/w12b1_floor_02mk.bmp.ctxr,textures/flatlist/ovr_stm/_win,w12b1_floor_02mk.bmp.ctxr,w12b1_floor_02mk.bmp,ctxr,26912,346657da407fbc8edcffbc1367139393bf825178
textures/flatlist/ovr_stm/_win/w12b1_floor_03mk.bmp.ctxr,textures/flatlist/ovr_stm/_win,w12b1_floor_03mk.bmp.ctxr,w12b1_floor_03mk.bmp,ctxr,110944,1117916874761f5dc9102bf34fa39aee31a064b1
textures/flatlist/ovr_stm/_win/w12b1_floor_04mk.bmp.ctxr,textures/flatlist/ovr_stm/_win,w12b1_floor_04mk.bmp.ctxr,w12b1_floor_04mk.bmp,ctxr,110944,1424201ba7031d8f7d75a793bf17d73230972589
textures/flatlist/ovr_stm/_win/w12b1_floor_04_alp_ovl.bmp.ctxr,textures/flatlist/ovr_stm/_win,w12b1_floor_04_alp_ovl.bmp.ctxr,w12b1_floor_04_alp_ovl.bmp,ctxr,4896,5ff340680dd7ae5b0557da5f0c1d49e53d307c5c
textures/flatlist/ovr_stm/_win/w12b1_floor_06.bmp.ctxr,textures/flatlist/ovr_stm/_win,w12b1_floor_06.bmp.ctxr,w12b1_floor_06.bmp,ctxr,98656,37c6d9d89205df92533a8184f8b4cace92be7031
textures/flatlist/ovr_stm/_win/w12b1_panel_03.bmp.ctxr,textures/flatlist/ovr_stm/_win,w12b1_panel_03.bmp.ctxr,w12b1_panel_03.bmp,ctxr,37152,bd80170553d4899e8963c9b06b3b71b7a65de6e7
textures/flatlist/ovr_stm/_win/w12b1_panel_04.bmp.ctxr,textures/flatlist/ovr_stm/_win,w12b1_panel_04.bmp.ctxr,w12b1_panel_04.bmp,ctxr,37184,63009c05a829fd1105250ca3147b3a0a5b1b8af6
textures/flatlist/ovr_stm/_win/w12b1_panel_20.bmp.ctxr,textures/flatlist/ovr_stm/_win,w12b1_panel_20.bmp.ctxr,w12b1_panel_20.bmp,ctxr,20768,b706b209244c44f201977997c573df367237c959
textures/flatlist/ovr_stm/_win/w12b1_panel_23.bmp.ctxr,textures/flatlist/ovr_stm/_win,w12b1_panel_23.bmp.ctxr,w12b1_panel_23.bmp,ctxr,6432,8991b3b4c2f9914b4fbde40f78cafdcc3ccdf937
textures/flatlist/ovr_stm/_win/w12b1_step2.bmp.ctxr,textures/flatlist/ovr_stm/_win,w12b1_step2.bmp.ctxr,w12b1_step2.bmp,ctxr,27936,a673366b4a898349c83f979be1fd15e3b3ee9838
textures/flatlist/ovr_stm/_win/w12b1_step_mk.bmp.ctxr,textures/flatlist/ovr_stm/_win,w12b1_step_mk.bmp.ctxr,w12b1_step_mk.bmp,ctxr,9504,ff3197d6d7e154f60e3d481d8e94155a293c62b6
textures/flatlist/ovr_stm/_win/w12b1_tank_08mk.bmp.ctxr,textures/flatlist/ovr_stm/_win,w12b1_tank_08mk.bmp.ctxr,w12b1_tank_08mk.bmp,ctxr,31008,0f196688632abae6dd8f17ebd90e896881f36a87
textures/flatlist/ovr_stm/_win/w12b_box02.bmp.ctxr,textures/flatlist/ovr_stm/_win,w12b_box02.bmp.ctxr,w12b_box02.bmp,ctxr,44064,f45df10bb41138208502601278edd7b8d1786698
textures/flatlist/ovr_stm/_win/w12b_contorol_box_01.bmp.ctxr,textures/flatlist/ovr_stm/_win,w12b_contorol_box_01.bmp.ctxr,w12b_contorol_box_01.bmp,ctxr,24608,af60f4a40f3085aef17b9e1383c45e2828d37312
textures/flatlist/ovr_stm/_win/w12b_contorol_box_03.bmp.ctxr,textures/flatlist/ovr_stm/_win,w12b_contorol_box_03.bmp.ctxr,w12b_contorol_box_03.bmp,ctxr,20576,3c7d32f1b00d0d23ec462911fd56ba75f4c1822f
textures/flatlist/ovr_stm/_win/w12b_doorafl00c_alp_ovl.bmp.ctxr,textures/flatlist/ovr_stm/_win,w12b_doorafl00c_alp_ovl.bmp.ctxr,w12b_doorafl00c_alp_ovl.bmp,ctxr,15648,c9b68c97ed415d2880727081cd95476d565e7dba
textures/flatlist/ovr_stm/_win/w12b_partition.bmp.ctxr,textures/flatlist/ovr_stm/_win,w12b_partition.bmp.ctxr,w12b_partition.bmp,ctxr,40800,09fe8727828610602cfa043a2a518c879893ff6b
textures/flatlist/ovr_stm/_win/w12b_step.bmp.ctxr,textures/flatlist/ovr_stm/_win,w12b_step.bmp.ctxr,w12b_step.bmp,ctxr,9504,1d96e257f802c0964e61ecf2cd238d273ba40047
textures/flatlist/ovr_stm/_win/w12b_step_03_alp_ovl.bmp.ctxr,textures/flatlist/ovr_stm/_win,w12b_step_03_alp_ovl.bmp.ctxr,w12b_step_03_alp_ovl.bmp,ctxr,9504,ae393aed6abaded737023344f27784c475ca3787
textures/flatlist/ovr_stm/_win/w12_doroppings00_alp_ovl.bmp.ctxr,textures/flatlist/ovr_stm/_win,w12_doroppings00_alp_ovl.bmp.ctxr,w12_doroppings00_alp_ovl.bmp,ctxr,83232,4f72b4108c2686d3bd152acd64977319c28ad01b
textures/flatlist/ovr_stm/_win/w13a_fl00.bmp_8bb405078f955b69a05bdc9570cbde30.ctxr,textures/flatlist/ovr_stm/_win,w13a_fl00.bmp_8bb405078f955b69a05bdc9570cbde30.ctxr,w13a_fl00.bmp_8bb405078f955b69a05bdc9570cbde30,ctxr,49472,8529320763ca4b6cf4c84aee36d3ad73c9c56759
textures/flatlist/ovr_stm/_win/w13a_fl01b.bmp.ctxr,textures/flatlist/ovr_stm/_win,w13a_fl01b.bmp.ctxr,w13a_fl01b.bmp,ctxr,49472,3414bb48bca3ed8e60c0b9bae033e4b89a883b5b
textures/flatlist/ovr_stm/_win/w13a_fl04a.bmp_a813b6399aa0462f40543da64fc74c3e.ctxr,textures/flatlist/ovr_stm/_win,w13a_fl04a.bmp_a813b6399aa0462f40543da64fc74c3e.ctxr,w13a_fl04a.bmp_a813b6399aa0462f40543da64fc74c3e,ctxr,49472,14772aaac2426fc9ca8825ded73a6ba51147295d
textures/flatlist/ovr_stm/_win/w13a_fl05.bmp.ctxr,textures/flatlist/ovr_stm/_win,w13a_fl05.bmp.ctxr,w13a_fl05.bmp,ctxr,33088,b70ab8afeff0af6473037261871b15e1398c8930
textures/flatlist/ovr_stm/_win/w13a_pp01b.bmp.ctxr,textures/flatlist/ovr_stm/_win,w13a_pp01b.bmp.ctxr,w13a_pp01b.bmp,ctxr,12608,ddc31ec03f7c304107a786841e98ba8377d8274a
textures/flatlist/ovr_stm/_win/w13a_pp04b.bmp.ctxr,textures/flatlist/ovr_stm/_win,w13a_pp04b.bmp.ctxr,w13a_pp04b.bmp,ctxr,8512,2608b85404c18840aa1701ad65f0dbc5d8edc912
textures/flatlist/ovr_stm/_win/w13a_pp04d.bmp.ctxr,textures/flatlist/ovr_stm/_win,w13a_pp04d.bmp.ctxr,w13a_pp04d.bmp,ctxr,11584,dfc20457a22048d0bb1879ac0b832c0b229f3fe2
textures/flatlist/ovr_stm/_win/w13a_sk00a.bmp.ctxr,textures/flatlist/ovr_stm/_win,w13a_sk00a.bmp.ctxr,w13a_sk00a.bmp,ctxr,31008,0aadd02937954189dbac198a0d004ce41ee9a321
textures/flatlist/ovr_stm/_win/w13a_w01b.bmp.ctxr,textures/flatlist/ovr_stm/_win,w13a_w01b.bmp.ctxr,w13a_w01b.bmp,ctxr,20768,043307d31dc224f7c2fd34abf8cb4ec73721b0a1
textures/flatlist/ovr_stm/_win/w13a_w01j.bmp.ctxr,textures/flatlist/ovr_stm/_win,w13a_w01j.bmp.ctxr,w13a_w01j.bmp,ctxr,20768,f5108d5f65da65e681461ed6cea880db0b07f076
textures/flatlist/ovr_stm/_win/w14a0_fl_b01.bmp.ctxr,textures/flatlist/ovr_stm/_win,w14a0_fl_b01.bmp.ctxr,w14a0_fl_b01.bmp,ctxr,46368,3a9663aa0fa4319f0da94c711fa32eda0119ebe3
textures/flatlist/ovr_stm/_win/w14a0_fl_b02.bmp.ctxr,textures/flatlist/ovr_stm/_win,w14a0_fl_b02.bmp.ctxr,w14a0_fl_b02.bmp,ctxr,46368,0ae6e31a2aba3051cd4120f8b04b75cf18fa1591
textures/flatlist/ovr_stm/_win/w14a0_fl_b03_alp_ovl.bmp.ctxr,textures/flatlist/ovr_stm/_win,w14a0_fl_b03_alp_ovl.bmp.ctxr,w14a0_fl_b03_alp_ovl.bmp,ctxr,46368,3024e7b5280865154fb2f77d46471419c396fcae
textures/flatlist/ovr_stm/_win/w14a0_fl_b04.bmp.ctxr,textures/flatlist/ovr_stm/_win,w14a0_fl_b04.bmp.ctxr,w14a0_fl_b04.bmp,ctxr,15648,5d590691cdc2166b54ddfed3cb922b1bb86965ee
textures/flatlist/ovr_stm/_win/w14a0_fl_p02.bmp.ctxr,textures/flatlist/ovr_stm/_win,w14a0_fl_p02.bmp.ctxr,w14a0_fl_p02.bmp,ctxr,18720,85dea3119822485a26c7e660b155a42622be42dd
textures/flatlist/ovr_stm/_win/w14a0_fl_r01_6.bmp.ctxr,textures/flatlist/ovr_stm/_win,w14a0_fl_r01_6.bmp.ctxr,w14a0_fl_r01_6.bmp,ctxr,150496,986120023cbd8910c88f25e57bdb19072323850e
textures/flatlist/ovr_stm/_win/w14a0_fl_r02.bmp.ctxr,textures/flatlist/ovr_stm/_win,w14a0_fl_r02.bmp.ctxr,w14a0_fl_r02.bmp,ctxr,25888,683e124081d5d0e742ac657e5db4a1ab4a7d66c6
textures/flatlist/ovr_stm/_win/w14a0_pipe_p01.bmp.ctxr,textures/flatlist/ovr_stm/_win,w14a0_pipe_p01.bmp.ctxr,w14a0_pipe_p01.bmp,ctxr,24928,42829eaa0d4e0d4ac6055638fa19b4e9295ec167
textures/flatlist/ovr_stm/_win/w14a0_wall_a02.bmp_008f67bac10c096740575ea8304493bf.ctxr,textures/flatlist/ovr_stm/_win,w14a0_wall_a02.bmp_008f67bac10c096740575ea8304493bf.ctxr,w14a0_wall_a02.bmp_008f67bac10c096740575ea8304493bf,ctxr,24928,1cdffdfc4edcf8a76eb1f91494c55bcbf192517a
textures/flatlist/ovr_stm/_win/w14a0_wall_a03.bmp.ctxr,textures/flatlist/ovr_stm/_win,w14a0_wall_a03.bmp.ctxr,w14a0_wall_a03.bmp,ctxr,147776,7d20604c2e8b04c03b06ee254c3694fbd7b8311f
textures/flatlist/ovr_stm/_win/w14a_fl_a04_alp_ovl.bmp.ctxr,textures/flatlist/ovr_stm/_win,w14a_fl_a04_alp_ovl.bmp.ctxr,w14a_fl_a04_alp_ovl.bmp,ctxr,18720,486b3717c02290dd7fba8af2e3adda551878a67d
textures/flatlist/ovr_stm/_win/w14a_fl_f01.bmp.ctxr,textures/flatlist/ovr_stm/_win,w14a_fl_f01.bmp.ctxr,w14a_fl_f01.bmp,ctxr,86336,dccadd247c5921f871822d258b9367fa855a2fcc
textures/flatlist/ovr_stm/_win/w14a_fl_f02.bmp.ctxr,textures/flatlist/ovr_stm/_win,w14a_fl_f02.bmp.ctxr,w14a_fl_f02.bmp,ctxr,61728,21203565d76f4053a42afa45222ce19bdd45a04a
textures/flatlist/ovr_stm/_win/w14a_fl_f03.bmp.ctxr,textures/flatlist/ovr_stm/_win,w14a_fl_f03.bmp.ctxr,w14a_fl_f03.bmp,ctxr,31008,8ca72c8f2afc912ad049d5289e69fd7f51883257
textures/flatlist/ovr_stm/_win/w14a_poster_mog_01.bmp.ctxr,textures/flatlist/ovr_stm/_win,w14a_poster_mog_01.bmp.ctxr,w14a_poster_mog_01.bmp,ctxr,86848,0246c1cfec5e73a8585092c35848dafb5f1c60c4
textures/flatlist/ovr_stm/_win/w14a_roof_c01.bmp.ctxr,textures/flatlist/ovr_stm/_win,w14a_roof_c01.bmp.ctxr,w14a_roof_c01.bmp,ctxr,147776,56964f1879fb6400edad0c0b05b0ac2df6cce87b
textures/flatlist/ovr_stm/_win/w14a_step_a02.bmp.ctxr,textures/flatlist/ovr_stm/_win,w14a_step_a02.bmp.ctxr,w14a_step_a02.bmp,ctxr,9504,bf3b9f305a37a59ecc257293f43ac66d7f7a5558
textures/flatlist/ovr_stm/_win/w14a_step_a03.bmp.ctxr,textures/flatlist/ovr_stm/_win,w14a_step_a03.bmp.ctxr,w14a_step_a03.bmp,ctxr,9504,882a26c0848e7e928ca7570ee1e1215334230229
textures/flatlist/ovr_stm/_win/w14a_step_b02.bmp.ctxr,textures/flatlist/ovr_stm/_win,w14a_step_b02.bmp.ctxr,w14a_step_b02.bmp,ctxr,9504,2885108e20c8cfc0b18cd0d7904e9bd52e015152
textures/flatlist/ovr_stm/_win/w14a_step_b03.bmp.ctxr,textures/flatlist/ovr_stm/_win,w14a_step_b03.bmp.ctxr,w14a_step_b03.bmp,ctxr,9504,4911d9010d943b2b554900d6a0fae08bdf1da969
textures/flatlist/ovr_stm/_win/w15a_fl01b.bmp_2afc1ae6ae83df2b26b76fc7749613da.ctxr,textures/flatlist/ovr_stm/_win,w15a_fl01b.bmp_2afc1ae6ae83df2b26b76fc7749613da.ctxr,w15a_fl01b.bmp_2afc1ae6ae83df2b26b76fc7749613da,ctxr,49472,caefdebcd62a1884b456d1471e295233a7dbb508
textures/flatlist/ovr_stm/_win/w15a_pp01.bmp.ctxr,textures/flatlist/ovr_stm/_win,w15a_pp01.bmp.ctxr,w15a_pp01.bmp,ctxr,16704,10d80011e367d8bbcc36bd2cd12bf6bdfa0e4696
textures/flatlist/ovr_stm/_win/w15a_stpbrk00.bmp.ctxr,textures/flatlist/ovr_stm/_win,w15a_stpbrk00.bmp.ctxr,w15a_stpbrk00.bmp,ctxr,15328,f41c1ece6a9dfb59cd816ab51c0492cbd6c8b371
textures/flatlist/ovr_stm/_win/w16a0n_po01.bmp.ctxr,textures/flatlist/ovr_stm/_win,w16a0n_po01.bmp.ctxr,w16a0n_po01.bmp,ctxr,147776,0912487101acdda62badefaa6a5888fdef12c02b
textures/flatlist/ovr_stm/_win/w16a0n_po02.bmp.ctxr,textures/flatlist/ovr_stm/_win,w16a0n_po02.bmp.ctxr,w16a0n_po02.bmp,ctxr,147776,93077e3240919514813be7dc18ba229116d04a82
textures/flatlist/ovr_stm/_win/w16a0_ref_all.bmp.ctxr,textures/flatlist/ovr_stm/_win,w16a0_ref_all.bmp.ctxr,w16a0_ref_all.bmp,ctxr,308224,94aa50896b1616b0687b655a3f4187888cc4aed0
textures/flatlist/ovr_stm/_win/w16a0_wa05.bmp.ctxr,textures/flatlist/ovr_stm/_win,w16a0_wa05.bmp.ctxr,w16a0_wa05.bmp,ctxr,131424,1a37a0f7aa331199de8ad9cb6fb6000158493966
textures/flatlist/ovr_stm/_win/w16a2_pos.bmp.ctxr,textures/flatlist/ovr_stm/_win,w16a2_pos.bmp.ctxr,w16a2_pos.bmp,ctxr,251584,3904c3f2c91e8c861e6c098430a653b62328f893
textures/flatlist/ovr_stm/_win/w16an_fl01.bmp.ctxr,textures/flatlist/ovr_stm/_win,w16an_fl01.bmp.ctxr,w16an_fl01.bmp,ctxr,27936,1214fbf747fe04956dbcdff500233679a882d708
textures/flatlist/ovr_stm/_win/w16an_fl_t03_bld090_ovl.bmp.ctxr,textures/flatlist/ovr_stm/_win,w16an_fl_t03_bld090_ovl.bmp.ctxr,w16an_fl_t03_bld090_ovl.bmp,ctxr,34432,d2bb4ed92ab064d442a8a077d399672e461d2fd0
textures/flatlist/ovr_stm/_win/w16an_ki08.bmp.ctxr,textures/flatlist/ovr_stm/_win,w16an_ki08.bmp.ctxr,w16an_ki08.bmp,ctxr,28960,795ff1ac05a9e105f70b1290ec13264c6727a353
textures/flatlist/ovr_stm/_win/w16an_ki08a.bmp.ctxr,textures/flatlist/ovr_stm/_win,w16an_ki08a.bmp.ctxr,w16an_ki08a.bmp,ctxr,14624,52ecc285a324e559b49bc183a1313273063aefd9
textures/flatlist/ovr_stm/_win/w16an_ki08b.bmp.ctxr,textures/flatlist/ovr_stm/_win,w16an_ki08b.bmp.ctxr,w16an_ki08b.bmp,ctxr,16992,b057413ce0e7aee2cfea7b5979aa864211fa3862
textures/flatlist/ovr_stm/_win/w16an_ki18a.bmp.ctxr,textures/flatlist/ovr_stm/_win,w16an_ki18a.bmp.ctxr,w16an_ki18a.bmp,ctxr,67200,42db1d4daa556c5bfcad0e569d77e35be9f6be74
textures/flatlist/ovr_stm/_win/w16an_kita01a.bmp.ctxr,textures/flatlist/ovr_stm/_win,w16an_kita01a.bmp.ctxr,w16an_kita01a.bmp,ctxr,18176,d73e0740d737d5e9cde9b86b215594a06a272be1
textures/flatlist/ovr_stm/_win/w16an_wa_to03.bmp.ctxr,textures/flatlist/ovr_stm/_win,w16an_wa_to03.bmp.ctxr,w16an_wa_to03.bmp,ctxr,11936,39667c21052e12a00e3b3b1ceb53738ecebe7eb7
textures/flatlist/ovr_stm/_win/w16an_wa_to05a.bmp.ctxr,textures/flatlist/ovr_stm/_win,w16an_wa_to05a.bmp.ctxr,w16an_wa_to05a.bmp,ctxr,54976,f5f36682a4faff35b34cb5768d62b1d39601b7a9
textures/flatlist/ovr_stm/_win/w16a_wa01.bmp.ctxr,textures/flatlist/ovr_stm/_win,w16a_wa01.bmp.ctxr,w16a_wa01.bmp,ctxr,27168,ffadce06a4c007719fd41cc636b750b2ac3b482a
textures/flatlist/ovr_stm/_win/w16a_wa02.bmp.ctxr,textures/flatlist/ovr_stm/_win,w16a_wa02.bmp.ctxr,w16a_wa02.bmp,ctxr,115008,3a1dbdb3abfdfe6d46166ae7d30ffe67ec690f13
textures/flatlist/ovr_stm/_win/w16a_wa02a.bmp.ctxr,textures/flatlist/ovr_stm/_win,w16a_wa02a.bmp.ctxr,w16a_wa02a.bmp,ctxr,115008,8697103876d38fbe370d4c7c824ac0d29e1d2e48
textures/flatlist/ovr_stm/_win/w16a_wa03.bmp.ctxr,textures/flatlist/ovr_stm/_win,w16a_wa03.bmp.ctxr,w16a_wa03.bmp,ctxr,37856,0047669e080c3c08fceede801acdba3d3fbeb209
textures/flatlist/ovr_stm/_win/w16a_wa04_1.bmp.ctxr,textures/flatlist/ovr_stm/_win,w16a_wa04_1.bmp.ctxr,w16a_wa04_1.bmp,ctxr,28992,1423802de54158fb41efa5b8853b9675efeb3c52
textures/flatlist/ovr_stm/_win/w16a_wa04_3.bmp.ctxr,textures/flatlist/ovr_stm/_win,w16a_wa04_3.bmp.ctxr,w16a_wa04_3.bmp,ctxr,98656,4165a69b0a23e826457c83cc53d9bfdf8864a379
textures/flatlist/ovr_stm/_win/w16a_wa_to01.bmp.ctxr,textures/flatlist/ovr_stm/_win,w16a_wa_to01.bmp.ctxr,w16a_wa_to01.bmp,ctxr,98656,08ceceb80364b757447f6e84253908c66f6cd4ca
textures/flatlist/ovr_stm/_win/w16a_wa_top.bmp.ctxr,textures/flatlist/ovr_stm/_win,w16a_wa_top.bmp.ctxr,w16a_wa_top.bmp,ctxr,5824,4051e02fc00c0d83807a245c72228d9368887224
textures/flatlist/ovr_stm/_win/w18a_2f_flor1.bmp.ctxr,textures/flatlist/ovr_stm/_win,w18a_2f_flor1.bmp.ctxr,w18a_2f_flor1.bmp,ctxr,106816,54235f1995d566bc59bb23e14beb16f39030467f
textures/flatlist/ovr_stm/_win/w18a_2f_flor2.bmp.ctxr,textures/flatlist/ovr_stm/_win,w18a_2f_flor2.bmp.ctxr,w18a_2f_flor2.bmp,ctxr,53568,34109bf97b87075f971611c9071020ce54bbba84
textures/flatlist/ovr_stm/_win/w18a_bridgefloor1.bmp.ctxr,textures/flatlist/ovr_stm/_win,w18a_bridgefloor1.bmp.ctxr,w18a_bridgefloor1.bmp,ctxr,49472,837afdf3c423a277072c26c5f0208869ef8480f4
textures/flatlist/ovr_stm/_win/w18a_enta00.bmp.ctxr,textures/flatlist/ovr_stm/_win,w18a_enta00.bmp.ctxr,w18a_enta00.bmp,ctxr,24928,7fb2d9975f43048120543f8b2e4c22235c7710d6
textures/flatlist/ovr_stm/_win/w18a_enta01.bmp.ctxr,textures/flatlist/ovr_stm/_win,w18a_enta01.bmp.ctxr,w18a_enta01.bmp,ctxr,27936,9397ba018133913a38a7f256b258c18c8f166778
textures/flatlist/ovr_stm/_win/w18a_hatch.bmp.ctxr,textures/flatlist/ovr_stm/_win,w18a_hatch.bmp.ctxr,w18a_hatch.bmp,ctxr,32544,372e16deaafa0c6ccf1645ed0cc5e25dc27d675b
textures/flatlist/ovr_stm/_win/w18a_poolwall1.bmp.ctxr,textures/flatlist/ovr_stm/_win,w18a_poolwall1.bmp.ctxr,w18a_poolwall1.bmp,ctxr,131424,aed32924e494dd8bf0fd13ab8653095b0f5caf4e
textures/flatlist/ovr_stm/_win/w18a_poolwall1_fader.bmp.ctxr,textures/flatlist/ovr_stm/_win,w18a_poolwall1_fader.bmp.ctxr,w18a_poolwall1_fader.bmp,ctxr,131424,56ec2dee4370d0c50be8566e8c98b20db0a51156
textures/flatlist/ovr_stm/_win/w18a_saku1_ft.bmp.ctxr,textures/flatlist/ovr_stm/_win,w18a_saku1_ft.bmp.ctxr,w18a_saku1_ft.bmp,ctxr,33088,f000ff81a09b9d0dca96096cc5367402229d45d4
textures/flatlist/ovr_stm/_win/w18a_saku1_u.bmp.ctxr,textures/flatlist/ovr_stm/_win,w18a_saku1_u.bmp.ctxr,w18a_saku1_u.bmp,ctxr,33088,ec218d50fab7502625b30592e0f91d971cb86caa
textures/flatlist/ovr_stm/_win/w18a_saku2_ft.bmp.ctxr,textures/flatlist/ovr_stm/_win,w18a_saku2_ft.bmp.ctxr,w18a_saku2_ft.bmp,ctxr,33088,6ea3f576a097b3e99a45884136e85de808be6401
textures/flatlist/ovr_stm/_win/w18a_tankwall1.bmp.ctxr,textures/flatlist/ovr_stm/_win,w18a_tankwall1.bmp.ctxr,w18a_tankwall1.bmp,ctxr,28960,015459c2ed80054dd31e3b5322029ebc66216f7c
textures/flatlist/ovr_stm/_win/w18a_tankwall1_header.bmp.ctxr,textures/flatlist/ovr_stm/_win,w18a_tankwall1_header.bmp.ctxr,w18a_tankwall1_header.bmp,ctxr,8512,3a37bc17b1c1832a27fdc7f7d26deaa9119badc8
textures/flatlist/ovr_stm/_win/w18a_tnkfloor1.bmp.ctxr,textures/flatlist/ovr_stm/_win,w18a_tnkfloor1.bmp.ctxr,w18a_tnkfloor1.bmp,ctxr,49472,28845ab60f54cb76a4e3645a5e41823fa4025d07
textures/flatlist/ovr_stm/_win/w18a_tnkfloor2.bmp.ctxr,textures/flatlist/ovr_stm/_win,w18a_tnkfloor2.bmp.ctxr,w18a_tnkfloor2.bmp,ctxr,86336,d71520adbc9f1d3e8047ebd939d6dbf7307c7a39
textures/flatlist/ovr_stm/_win/w18a_tsr_bar1.bmp.ctxr,textures/flatlist/ovr_stm/_win,w18a_tsr_bar1.bmp.ctxr,w18a_tsr_bar1.bmp,ctxr,16704,e1904e925581f24af23fdf63ab8451dd39504c33
textures/flatlist/ovr_stm/_win/w18a_tsr_bar1.bmp_1c58084ea3dd78ff8ba4a3fac8949888.ctxr,textures/flatlist/ovr_stm/_win,w18a_tsr_bar1.bmp_1c58084ea3dd78ff8ba4a3fac8949888.ctxr,w18a_tsr_bar1.bmp_1c58084ea3dd78ff8ba4a3fac8949888,ctxr,16704,24b7f6e74ca195d7b86b7ce0e305dd59331e4a58
textures/flatlist/ovr_stm/_win/w18a_tsr_jiku1.bmp.ctxr,textures/flatlist/ovr_stm/_win,w18a_tsr_jiku1.bmp.ctxr,w18a_tsr_jiku1.bmp,ctxr,4384,aeeef694bab63e86a26bf338eb840747724639ab
textures/flatlist/ovr_stm/_win/w18a_wall1.bmp.ctxr,textures/flatlist/ovr_stm/_win,w18a_wall1.bmp.ctxr,w18a_wall1.bmp,ctxr,215360,d7f090c920538d12b1b0ec7686a3a0c1ff111463
textures/flatlist/ovr_stm/_win/w18a_wall2.bmp.ctxr,textures/flatlist/ovr_stm/_win,w18a_wall2.bmp.ctxr,w18a_wall2.bmp,ctxr,129344,1e189b3c5394502b89201ea1862477df25de2694
textures/flatlist/ovr_stm/_win/w19a_fl00.bmp.ctxr,textures/flatlist/ovr_stm/_win,w19a_fl00.bmp.ctxr,w19a_fl00.bmp,ctxr,49472,9f004c93f9d84804763829b1d32af2e3ed1ac406
textures/flatlist/ovr_stm/_win/w19a_fl00b.bmp.ctxr,textures/flatlist/ovr_stm/_win,w19a_fl00b.bmp.ctxr,w19a_fl00b.bmp,ctxr,24896,ee0df9dd1331731fce89b2f8ac731c05e79fbcb9
textures/flatlist/ovr_stm/_win/w19a_fl01.bmp.ctxr,textures/flatlist/ovr_stm/_win,w19a_fl01.bmp.ctxr,w19a_fl01.bmp,ctxr,49472,4be7179bcb4f930a2e53cd47808930493648ecee
textures/flatlist/ovr_stm/_win/w19a_fl02.bmp.ctxr,textures/flatlist/ovr_stm/_win,w19a_fl02.bmp.ctxr,w19a_fl02.bmp,ctxr,74048,f3cb9491b0fd76c78ad4d5dcf60c727fd77e56b4
textures/flatlist/ovr_stm/_win/w19a_fl03a.bmp.ctxr,textures/flatlist/ovr_stm/_win,w19a_fl03a.bmp.ctxr,w19a_fl03a.bmp,ctxr,27936,18382eae1063bc55c2c5f4ccd86edc1bebf1840e
textures/flatlist/ovr_stm/_win/w19a_stpsdw01.bmp.ctxr,textures/flatlist/ovr_stm/_win,w19a_stpsdw01.bmp.ctxr,w19a_stpsdw01.bmp,ctxr,5792,10743d9f8fca162684fa7cf4efc1abd6d0b951eb
textures/flatlist/ovr_stm/_win/w20a0_fl01_mk.bmp.ctxr,textures/flatlist/ovr_stm/_win,w20a0_fl01_mk.bmp.ctxr,w20a0_fl01_mk.bmp,ctxr,87744,f78b437b09147d7bceb6eb60240891d5083567f6
textures/flatlist/ovr_stm/_win/w20a0_gate_head.bmp.ctxr,textures/flatlist/ovr_stm/_win,w20a0_gate_head.bmp.ctxr,w20a0_gate_head.bmp,ctxr,18720,83211da448c417552571db8f0e6aca3a4dfbaeca
textures/flatlist/ovr_stm/_win/w20a3_room_wall1.bmp.ctxr,textures/flatlist/ovr_stm/_win,w20a3_room_wall1.bmp.ctxr,w20a3_room_wall1.bmp,ctxr,74048,861e229f059ddd20b1d1f244aadc1bfbad63cdd5
textures/flatlist/ovr_stm/_win/w20a3_room_wall1_lig.bmp.ctxr,textures/flatlist/ovr_stm/_win,w20a3_room_wall1_lig.bmp.ctxr,w20a3_room_wall1_lig.bmp,ctxr,74048,9b22fe1a86f95f1a148d5fc8cb8161e11b5c1bee
textures/flatlist/ovr_stm/_win/w20a4n_floor_01.bmp.ctxr,textures/flatlist/ovr_stm/_win,w20a4n_floor_01.bmp.ctxr,w20a4n_floor_01.bmp,ctxr,147776,7c0362ef8a48e0d47ad332f0f8b72bd3b9d86300
textures/flatlist/ovr_stm/_win/w20a4n_floor_02.bmp.ctxr,textures/flatlist/ovr_stm/_win,w20a4n_floor_02.bmp.ctxr,w20a4n_floor_02.bmp,ctxr,147776,05dca6c32c2006d78bc141c179d8ecbfa4ec4f3b
textures/flatlist/ovr_stm/_win/w20a4n_floor_oku_01.bmp.ctxr,textures/flatlist/ovr_stm/_win,w20a4n_floor_oku_01.bmp.ctxr,w20a4n_floor_oku_01.bmp,ctxr,123200,60a76639ca3d319648335337ec08e674c593cbb5
textures/flatlist/ovr_stm/_win/w20a4n_floor_oku_02.bmp.ctxr,textures/flatlist/ovr_stm/_win,w20a4n_floor_oku_02.bmp.ctxr,w20a4n_floor_oku_02.bmp,ctxr,106816,e9b9edc550136c73121bf897b8c3ed2c1246f143
textures/flatlist/ovr_stm/_win/w20a4n_floor_oku_02a.bmp.ctxr,textures/flatlist/ovr_stm/_win,w20a4n_floor_oku_02a.bmp.ctxr,w20a4n_floor_oku_02a.bmp,ctxr,44064,6ac58230b58cc8b9be61d3aaec676ef85a367170
textures/flatlist/ovr_stm/_win/w20a4n_wall_01.bmp.ctxr,textures/flatlist/ovr_stm/_win,w20a4n_wall_01.bmp.ctxr,w20a4n_wall_01.bmp,ctxr,115008,2a869afcbf52f1ae535788389b60788e63735436
textures/flatlist/ovr_stm/_win/w20a4n_wall_03b.bmp.ctxr,textures/flatlist/ovr_stm/_win,w20a4n_wall_03b.bmp.ctxr,w20a4n_wall_03b.bmp,ctxr,33120,f7ae74da550d2cd6e427cfe2ec8793871ba91d28
textures/flatlist/ovr_stm/_win/w20a4n_wall_door_01.bmp.ctxr,textures/flatlist/ovr_stm/_win,w20a4n_wall_door_01.bmp.ctxr,w20a4n_wall_door_01.bmp,ctxr,69952,2768f9b5aea5d7699b06a644e48ed74e6eba803c
textures/flatlist/ovr_stm/_win/w20a_bel01b2.bmp_3e13885a31d01923a72db72c58d9895b.ctxr,textures/flatlist/ovr_stm/_win,w20a_bel01b2.bmp_3e13885a31d01923a72db72c58d9895b.ctxr,w20a_bel01b2.bmp_3e13885a31d01923a72db72c58d9895b,ctxr,14816,ba7e7c903b255bcc1dc90fa77ddc287673dbba2e
textures/flatlist/ovr_stm/_win/w20a_bel01b3.bmp_db42b9ae8dd1b8c28ef5f65bfc14d1db.ctxr,textures/flatlist/ovr_stm/_win,w20a_bel01b3.bmp_db42b9ae8dd1b8c28ef5f65bfc14d1db.ctxr,w20a_bel01b3.bmp_db42b9ae8dd1b8c28ef5f65bfc14d1db,ctxr,39232,6d02f201f2e8940ce62c6e90d04bdc85b2a260ab
textures/flatlist/ovr_stm/_win/w20a_hako_b_a.bmp.ctxr,textures/flatlist/ovr_stm/_win,w20a_hako_b_a.bmp.ctxr,w20a_hako_b_a.bmp,ctxr,5760,29bf093d9de1bf6cf8f5aad01738b14a26c73c25
textures/flatlist/ovr_stm/_win/w20a_hako_b_b.bmp.ctxr,textures/flatlist/ovr_stm/_win,w20a_hako_b_b.bmp.ctxr,w20a_hako_b_b.bmp,ctxr,11264,cd446a54d6953d95930833355a90c024a69fc478
textures/flatlist/ovr_stm/_win/w20a_hako_b_c.bmp.ctxr,textures/flatlist/ovr_stm/_win,w20a_hako_b_c.bmp.ctxr,w20a_hako_b_c.bmp,ctxr,11264,885cbd29a626eaf84594b343126e6879a382d708
textures/flatlist/ovr_stm/_win/w20a_room_wall1.bmp.ctxr,textures/flatlist/ovr_stm/_win,w20a_room_wall1.bmp.ctxr,w20a_room_wall1.bmp,ctxr,74048,77cc4804ebb64e318efae6cfee1796c91cf7f9a3
textures/flatlist/ovr_stm/_win/w20a_room_wall1_lig.bmp.ctxr,textures/flatlist/ovr_stm/_win,w20a_room_wall1_lig.bmp.ctxr,w20a_room_wall1_lig.bmp,ctxr,74048,05c7b97770b93d8e5f3bfb234a43983c39842929
textures/flatlist/ovr_stm/_win/w20a_room_wall2.bmp.ctxr,textures/flatlist/ovr_stm/_win,w20a_room_wall2.bmp.ctxr,w20a_room_wall2.bmp,ctxr,74048,7edc05745391aa7f427ae2d06625f723abc85f03
textures/flatlist/ovr_stm/_win/w20a_room_wall2a.bmp.ctxr,textures/flatlist/ovr_stm/_win,w20a_room_wall2a.bmp.ctxr,w20a_room_wall2a.bmp,ctxr,55648,2495bf1a3ad5184405bbf9ac6508556ae63c5441
textures/flatlist/ovr_stm/_win/w20a_room_wall2b.bmp.ctxr,textures/flatlist/ovr_stm/_win,w20a_room_wall2b.bmp.ctxr,w20a_room_wall2b.bmp,ctxr,31008,9d5e2179d3b49396afaf2057dedc569766e8ac35
textures/flatlist/ovr_stm/_win/w20a_room_wall2e_a.bmp.ctxr,textures/flatlist/ovr_stm/_win,w20a_room_wall2e_a.bmp.ctxr,w20a_room_wall2e_a.bmp,ctxr,55648,09d885e975ed59c2257961da0b355a2348f95b35
textures/flatlist/ovr_stm/_win/w20a_room_wall2e_b.bmp.ctxr,textures/flatlist/ovr_stm/_win,w20a_room_wall2e_b.bmp.ctxr,w20a_room_wall2e_b.bmp,ctxr,31008,86c172b416a83414543de12d633674222f54e5b3
textures/flatlist/ovr_stm/_win/w20a_room_wall3.bmp_59886dd37d992d80a7ff34c7c37ea3df.ctxr,textures/flatlist/ovr_stm/_win,w20a_room_wall3.bmp_59886dd37d992d80a7ff34c7c37ea3df.ctxr,w20a_room_wall3.bmp_59886dd37d992d80a7ff34c7c37ea3df,ctxr,16736,599a2f05a071acf2089e07dd5c8acec249a48708
textures/flatlist/ovr_stm/_win/w20a_room_wall4a.bmp.ctxr,textures/flatlist/ovr_stm/_win,w20a_room_wall4a.bmp.ctxr,w20a_room_wall4a.bmp,ctxr,13088,1d0c1b0609804cf19cc20cec65fa530c16bef94a
textures/flatlist/ovr_stm/_win/w20a_step_mk.bmp.ctxr,textures/flatlist/ovr_stm/_win,w20a_step_mk.bmp.ctxr,w20a_step_mk.bmp,ctxr,9504,1fa755775613c0e0819c2ade34628557268f1704
textures/flatlist/ovr_stm/_win/w20b_comp1_fs.bmp.ctxr,textures/flatlist/ovr_stm/_win,w20b_comp1_fs.bmp.ctxr,w20b_comp1_fs.bmp,ctxr,34080,b75e9ff963b2ee14839b8b909e4fc5aec77ac384
textures/flatlist/ovr_stm/_win/w20b_comp2_fs.bmp.ctxr,textures/flatlist/ovr_stm/_win,w20b_comp2_fs.bmp.ctxr,w20b_comp2_fs.bmp,ctxr,11264,1cc777625cb7f9c459e36522a749e8427e99770f
textures/flatlist/ovr_stm/_win/w20b_door_afl00c.bmp.ctxr,textures/flatlist/ovr_stm/_win,w20b_door_afl00c.bmp.ctxr,w20b_door_afl00c.bmp,ctxr,12608,f50f2069c9c725e8c55423cb2789b5048d21a20b
textures/flatlist/ovr_stm/_win/w20b_saku1_u.bmp.ctxr,textures/flatlist/ovr_stm/_win,w20b_saku1_u.bmp.ctxr,w20b_saku1_u.bmp,ctxr,31008,1644fb921472e1978c4d18abda59ac677e156ab6
textures/flatlist/ovr_stm/_win/w20b_stepfoot1.bmp.ctxr,textures/flatlist/ovr_stm/_win,w20b_stepfoot1.bmp.ctxr,w20b_stepfoot1.bmp,ctxr,33120,45a922c07247d941511db96feb27128c230d2fac
textures/flatlist/ovr_stm/_win/w20b_step_pillar1.bmp.ctxr,textures/flatlist/ovr_stm/_win,w20b_step_pillar1.bmp.ctxr,w20b_step_pillar1.bmp,ctxr,9504,ab3a511e3859040e4dc3f7f600c697a801004853
textures/flatlist/ovr_stm/_win/w20b_tsr1.bmp.ctxr,textures/flatlist/ovr_stm/_win,w20b_tsr1.bmp.ctxr,w20b_tsr1.bmp,ctxr,6464,120c1bdea200d3882593240c1109d80e1bdc45a8
textures/flatlist/ovr_stm/_win/w21a_h09d.bmp_fdd5b5adc3102646395f448c3354acc6.ctxr,textures/flatlist/ovr_stm/_win,w21a_h09d.bmp_fdd5b5adc3102646395f448c3354acc6.ctxr,w21a_h09d.bmp_fdd5b5adc3102646395f448c3354acc6,ctxr,6464,fe3b91a842a688b41b7ec06e6b9d91c55e6e8c9f
textures/flatlist/ovr_stm/_win/w24a0_ent01d.bmp.ctxr,textures/flatlist/ovr_stm/_win,w24a0_ent01d.bmp.ctxr,w24a0_ent01d.bmp,ctxr,49504,59799eb1d9603d4e856ac4438c948a33f5152b0e
textures/flatlist/ovr_stm/_win/w24a0_enta02a.bmp.ctxr,textures/flatlist/ovr_stm/_win,w24a0_enta02a.bmp.ctxr,w24a0_enta02a.bmp,ctxr,10560,e6df0a1eb4c62d86ca482fd64fb0448efe6093fb
textures/flatlist/ovr_stm/_win/w24a0_enta03.bmp.ctxr,textures/flatlist/ovr_stm/_win,w24a0_enta03.bmp.ctxr,w24a0_enta03.bmp,ctxr,41312,b9246fa15c0fe7aa7f9893525519a18469569bd5
textures/flatlist/ovr_stm/_win/w24a0_entb00.bmp_6c8a5532d241d23a8784f331456f0989.ctxr,textures/flatlist/ovr_stm/_win,w24a0_entb00.bmp_6c8a5532d241d23a8784f331456f0989.ctxr,w24a0_entb00.bmp_6c8a5532d241d23a8784f331456f0989,ctxr,24928,fe50e65877c98e36085bdf202b3259fd3d5f1a2c
textures/flatlist/ovr_stm/_win/w24a0_entb02.bmp.ctxr,textures/flatlist/ovr_stm/_win,w24a0_entb02.bmp.ctxr,w24a0_entb02.bmp,ctxr,10560,3b40567155ce45b2b7fccb9acd408f914b0c54a0
textures/flatlist/ovr_stm/_win/w24a0_entb02a.bmp.ctxr,textures/flatlist/ovr_stm/_win,w24a0_entb02a.bmp.ctxr,w24a0_entb02a.bmp,ctxr,10560,c05fee6fea653c49573fb440df64cd234e4d760a
textures/flatlist/ovr_stm/_win/w24a0_entb03.bmp.ctxr,textures/flatlist/ovr_stm/_win,w24a0_entb03.bmp.ctxr,w24a0_entb03.bmp,ctxr,49504,3a5062a51a87043834764b8905947d37ebef7b2f
textures/flatlist/ovr_stm/_win/w24a0_fla01a_alp_ovl.bmp.ctxr,textures/flatlist/ovr_stm/_win,w24a0_fla01a_alp_ovl.bmp.ctxr,w24a0_fla01a_alp_ovl.bmp,ctxr,46368,4de55d8fcaa413b75f68bf10f6320247757f18d9
textures/flatlist/ovr_stm/_win/w24a0_fla02a_alp_ovl.bmp.ctxr,textures/flatlist/ovr_stm/_win,w24a0_fla02a_alp_ovl.bmp.ctxr,w24a0_fla02a_alp_ovl.bmp,ctxr,55648,12de5cac5ba7672583ec2d5cdccd4a8d25608b42
textures/flatlist/ovr_stm/_win/w24a0_fla04a_alp_ovl.bmp.ctxr,textures/flatlist/ovr_stm/_win,w24a0_fla04a_alp_ovl.bmp.ctxr,w24a0_fla04a_alp_ovl.bmp,ctxr,18720,b2750262f5429afbaeb3ad45612d185ce4fa64b5
textures/flatlist/ovr_stm/_win/w24a0_fla04b_alp_ovl.bmp.ctxr,textures/flatlist/ovr_stm/_win,w24a0_fla04b_alp_ovl.bmp.ctxr,w24a0_fla04b_alp_ovl.bmp,ctxr,11808,51bcde727316b4678f0391ac8d7cfce13be8b356
textures/flatlist/ovr_stm/_win/w24a0_fla04c_alp_ovl.bmp.ctxr,textures/flatlist/ovr_stm/_win,w24a0_fla04c_alp_ovl.bmp.ctxr,w24a0_fla04c_alp_ovl.bmp,ctxr,41760,e3f811549efe59d9de772e5dae2b6c4bcd5a7305
textures/flatlist/ovr_stm/_win/w24a0_fla04d2_alp_ovl.bmp.ctxr,textures/flatlist/ovr_stm/_win,w24a0_fla04d2_alp_ovl.bmp.ctxr,w24a0_fla04d2_alp_ovl.bmp,ctxr,3712,7e2d94a0509326cebab1281137f6e9d6aea0b2db
textures/flatlist/ovr_stm/_win/w24a0_fla04d_alp_ovl.bmp.ctxr,textures/flatlist/ovr_stm/_win,w24a0_fla04d_alp_ovl.bmp.ctxr,w24a0_fla04d_alp_ovl.bmp,ctxr,11808,2f022bdebe671245270d2492c9e66a16a3a69e28
textures/flatlist/ovr_stm/_win/w24a0_fla04e_alp_ovl.bmp.ctxr,textures/flatlist/ovr_stm/_win,w24a0_fla04e_alp_ovl.bmp.ctxr,w24a0_fla04e_alp_ovl.bmp,ctxr,2816,5d127f39e083107586d7db012940398627e8bac3
textures/flatlist/ovr_stm/_win/w24a0_fla04f_alp_ovl.bmp.ctxr,textures/flatlist/ovr_stm/_win,w24a0_fla04f_alp_ovl.bmp.ctxr,w24a0_fla04f_alp_ovl.bmp,ctxr,16960,6ff17504c9f6c459e65f5635e7d6f2e9b697a599
textures/flatlist/ovr_stm/_win/w24a0_fla04g_alp_ovl.bmp.ctxr,textures/flatlist/ovr_stm/_win,w24a0_fla04g_alp_ovl.bmp.ctxr,w24a0_fla04g_alp_ovl.bmp,ctxr,5376,574125a9b67477a573f73788851a83780b743667
textures/flatlist/ovr_stm/_win/w24a0_fla05a_alp_ovl.bmp.ctxr,textures/flatlist/ovr_stm/_win,w24a0_fla05a_alp_ovl.bmp.ctxr,w24a0_fla05a_alp_ovl.bmp,ctxr,10560,56687a7b093074fec1832f1dbecd05b4f6d2acc5
textures/flatlist/ovr_stm/_win/w24a0_fla05_alp_ovl.bmp.ctxr,textures/flatlist/ovr_stm/_win,w24a0_fla05_alp_ovl.bmp.ctxr,w24a0_fla05_alp_ovl.bmp,ctxr,37152,82ed6d9efc8fb4902c8ee99c719e7d1e4ca1a836
textures/flatlist/ovr_stm/_win/w24a0_fla06a_alp_ovl.bmp.ctxr,textures/flatlist/ovr_stm/_win,w24a0_fla06a_alp_ovl.bmp.ctxr,w24a0_fla06a_alp_ovl.bmp,ctxr,27936,3bc593e4bd980bc1e0e36b5f7e67704c8cf31045
textures/flatlist/ovr_stm/_win/w24a0_fld01a.bmp.ctxr,textures/flatlist/ovr_stm/_win,w24a0_fld01a.bmp.ctxr,w24a0_fld01a.bmp,ctxr,6464,6e5bd983adfcfbf3e25e359a1dee32427eefb482
textures/flatlist/ovr_stm/_win/w24a0_step04.bmp.ctxr,textures/flatlist/ovr_stm/_win,w24a0_step04.bmp.ctxr,w24a0_step04.bmp,ctxr,27936,f12e69fc9ea785390f80295c56d071f37d907899
textures/flatlist/ovr_stm/_win/w24a0_we00a.bmp.ctxr,textures/flatlist/ovr_stm/_win,w24a0_we00a.bmp.ctxr,w24a0_we00a.bmp,ctxr,33120,66e5ce9f947305bf23cfa6faf7e1475a1696976a
textures/flatlist/ovr_stm/_win/w24a0_wg01.bmp.ctxr,textures/flatlist/ovr_stm/_win,w24a0_wg01.bmp.ctxr,w24a0_wg01.bmp,ctxr,49504,9803b7ef06da7bc109ef792671b3c4fc4ba3ea2c
textures/flatlist/ovr_stm/_win/w24a0_wg02.bmp.ctxr,textures/flatlist/ovr_stm/_win,w24a0_wg02.bmp.ctxr,w24a0_wg02.bmp,ctxr,16736,3d8b9753826fa3e1dc385c0495625b545e3eb3e9
textures/flatlist/ovr_stm/_win/w24a0_wh00.bmp.ctxr,textures/flatlist/ovr_stm/_win,w24a0_wh00.bmp.ctxr,w24a0_wh00.bmp,ctxr,80192,89ad8043c577cf3f6b8e19499f75e3f2db65e8cb
textures/flatlist/ovr_stm/_win/w24a0_wi01.bmp.ctxr,textures/flatlist/ovr_stm/_win,w24a0_wi01.bmp.ctxr,w24a0_wi01.bmp,ctxr,147776,a04755b1066aa7b4bc177898e0f37c51eaa65119
textures/flatlist/ovr_stm/_win/w24a0_wlit01.bmp.ctxr,textures/flatlist/ovr_stm/_win,w24a0_wlit01.bmp.ctxr,w24a0_wlit01.bmp,ctxr,2304,e76cfcbd53aa5a059c4cc53e08d6cca1558360f5
textures/flatlist/ovr_stm/_win/w24a1_eyes_sano.bmp.ctxr,textures/flatlist/ovr_stm/_win,w24a1_eyes_sano.bmp.ctxr,w24a1_eyes_sano.bmp,ctxr,110912,e96e9acc65253eaa060155053e3b8a758e07d771
textures/flatlist/ovr_stm/_win/w24a1_fl01.bmp.ctxr,textures/flatlist/ovr_stm/_win,w24a1_fl01.bmp.ctxr,w24a1_fl01.bmp,ctxr,61728,9a69389829fdd346c01a83c5d343b1e0d5f93f46
textures/flatlist/ovr_stm/_win/w24a1_fl03.bmp.ctxr,textures/flatlist/ovr_stm/_win,w24a1_fl03.bmp.ctxr,w24a1_fl03.bmp,ctxr,49472,dc0dd415e395872fb5b90d8cf59035eb9f73aa32
textures/flatlist/ovr_stm/_win/w24a1_fl03a.bmp.ctxr,textures/flatlist/ovr_stm/_win,w24a1_fl03a.bmp.ctxr,w24a1_fl03a.bmp,ctxr,24896,1dda814ddf1d7cb7b9307bf712f6a07ddecb606c
textures/flatlist/ovr_stm/_win/w24a1_fl03b.bmp.ctxr,textures/flatlist/ovr_stm/_win,w24a1_fl03b.bmp.ctxr,w24a1_fl03b.bmp,ctxr,49472,0bb23cf927f526e3efad3bba9044bb3d41e48314
textures/flatlist/ovr_stm/_win/w24a1_w00.bmp.ctxr,textures/flatlist/ovr_stm/_win,w24a1_w00.bmp.ctxr,w24a1_w00.bmp,ctxr,98656,1964b082cf700a0076adec82de832f9e2bc9139c
textures/flatlist/ovr_stm/_win/w24a1_w00a.bmp.ctxr,textures/flatlist/ovr_stm/_win,w24a1_w00a.bmp.ctxr,w24a1_w00a.bmp,ctxr,49504,d52ee2ce546457c36f03b68f73cd2002c4904168
textures/flatlist/ovr_stm/_win/w24a_poster_mog_01.bmp.ctxr,textures/flatlist/ovr_stm/_win,w24a_poster_mog_01.bmp.ctxr,w24a_poster_mog_01.bmp,ctxr,110912,2257c13722517b7e3584a0f9056b35ade9453f3a
textures/flatlist/ovr_stm/_win/w24a_poster_mog_02.bmp.ctxr,textures/flatlist/ovr_stm/_win,w24a_poster_mog_02.bmp.ctxr,w24a_poster_mog_02.bmp,ctxr,86848,0eeefcf514a5b90cc0d87cf53676f6880ad81a3a
textures/flatlist/ovr_stm/_win/w24a_pp03b.bmp.ctxr,textures/flatlist/ovr_stm/_win,w24a_pp03b.bmp.ctxr,w24a_pp03b.bmp,ctxr,16736,4a6663bdcc557822afe0f453c8b5d00c4e43fc2f
textures/flatlist/ovr_stm/_win/w24a_pp03c.bmp.ctxr,textures/flatlist/ovr_stm/_win,w24a_pp03c.bmp.ctxr,w24a_pp03c.bmp,ctxr,2304,377d4737af87a53fd01e345cd1d5efaa4cbfb24f
textures/flatlist/ovr_stm/_win/w24a_pp03d.bmp.ctxr,textures/flatlist/ovr_stm/_win,w24a_pp03d.bmp.ctxr,w24a_pp03d.bmp,ctxr,10560,bc002c6f4327198995fbd6671c126e11f3ae1616
textures/flatlist/ovr_stm/_win/w24b0_box02.bmp.ctxr,textures/flatlist/ovr_stm/_win,w24b0_box02.bmp.ctxr,w24b0_box02.bmp,ctxr,13984,920d24be29f058902195ea9a7bfc4ecdcc27f133
textures/flatlist/ovr_stm/_win/w24b0_fl02_alp_ovl.bmp.ctxr,textures/flatlist/ovr_stm/_win,w24b0_fl02_alp_ovl.bmp.ctxr,w24b0_fl02_alp_ovl.bmp,ctxr,21824,e39d5dbf1dd84528a2685983b0a5b0413b2d73ce
textures/flatlist/ovr_stm/_win/w24b0_fla05_alp_ovl.bmp.ctxr,textures/flatlist/ovr_stm/_win,w24b0_fla05_alp_ovl.bmp.ctxr,w24b0_fla05_alp_ovl.bmp,ctxr,27936,d0be40f30dfc19023db62d6e886da79d4e34945b
textures/flatlist/ovr_stm/_win/w24b0_ms00.bmp.ctxr,textures/flatlist/ovr_stm/_win,w24b0_ms00.bmp.ctxr,w24b0_ms00.bmp,ctxr,27648,7df450cfb67133e4b2b628639de71c9705eced9b
textures/flatlist/ovr_stm/_win/w24b0_ms02.bmp.ctxr,textures/flatlist/ovr_stm/_win,w24b0_ms02.bmp.ctxr,w24b0_ms02.bmp,ctxr,4384,0e06962524d08eaad78029517dd685b8cb66cfd2
textures/flatlist/ovr_stm/_win/w24b0_ms02a.bmp.ctxr,textures/flatlist/ovr_stm/_win,w24b0_ms02a.bmp.ctxr,w24b0_ms02a.bmp,ctxr,12608,852ea6e1577753f659d7976a116b469b6b25c96c
textures/flatlist/ovr_stm/_win/w24b0_wa00.bmp.ctxr,textures/flatlist/ovr_stm/_win,w24b0_wa00.bmp.ctxr,w24b0_wa00.bmp,ctxr,98656,fd386447f49f3a3f14cd96aa59d5ebed55d9fb15
textures/flatlist/ovr_stm/_win/w24b0_wb01.bmp.ctxr,textures/flatlist/ovr_stm/_win,w24b0_wb01.bmp.ctxr,w24b0_wb01.bmp,ctxr,8544,4dc78bc72e0c8add1d9bf20901cc3d51fabb9061
textures/flatlist/ovr_stm/_win/w24b0_we00.bmp.ctxr,textures/flatlist/ovr_stm/_win,w24b0_we00.bmp.ctxr,w24b0_we00.bmp,ctxr,49504,688ce8dd2f7190c5fd56c7c394ef9539db2f6d12
textures/flatlist/ovr_stm/_win/w24b0_we00a.bmp.ctxr,textures/flatlist/ovr_stm/_win,w24b0_we00a.bmp.ctxr,w24b0_we00a.bmp,ctxr,49504,062147ebe7fb88d6657187a85818b0f7fed1a797
textures/flatlist/ovr_stm/_win/w24b2_fl00.bmp.ctxr,textures/flatlist/ovr_stm/_win,w24b2_fl00.bmp.ctxr,w24b2_fl00.bmp,ctxr,87744,e1c2aa9798f0935ba02fab3c0952f5b6c964cf6f
textures/flatlist/ovr_stm/_win/w24b2_fl01.bmp.ctxr,textures/flatlist/ovr_stm/_win,w24b2_fl01.bmp.ctxr,w24b2_fl01.bmp,ctxr,9504,48ff08bdc51bbdf3e3c04f1a8d83d8a4082e9692
textures/flatlist/ovr_stm/_win/w24b2_po01.bmp.ctxr,textures/flatlist/ovr_stm/_win,w24b2_po01.bmp.ctxr,w24b2_po01.bmp,ctxr,147776,aa00c5ab729986d47a52d9517cd281c09b13c680
textures/flatlist/ovr_stm/_win/w24b2_po02.bmp.ctxr,textures/flatlist/ovr_stm/_win,w24b2_po02.bmp.ctxr,w24b2_po02.bmp,ctxr,147776,059945586ab8f206d12a02ec50a052a2e0a49087
textures/flatlist/ovr_stm/_win/w24c0_obj07_a.bmp.ctxr,textures/flatlist/ovr_stm/_win,w24c0_obj07_a.bmp.ctxr,w24c0_obj07_a.bmp,ctxr,8800,64a806c1b7a920e107a2bf9dc07825d7c7fa11dc
textures/flatlist/ovr_stm/_win/w24c0_obj09a.bmp.ctxr,textures/flatlist/ovr_stm/_win,w24c0_obj09a.bmp.ctxr,w24c0_obj09a.bmp,ctxr,43328,d58ede9ef9be061e801c8a4603ba68b6821578ce
textures/flatlist/ovr_stm/_win/w24c0_sp01.bmp.ctxr,textures/flatlist/ovr_stm/_win,w24c0_sp01.bmp.ctxr,w24c0_sp01.bmp,ctxr,23328,bb37a67fcc4d34e9c6ac90a2f98798c2ebb538e3
textures/flatlist/ovr_stm/_win/w24c0_sp01aa.bmp.ctxr,textures/flatlist/ovr_stm/_win,w24c0_sp01aa.bmp.ctxr,w24c0_sp01aa.bmp,ctxr,24928,fda71af7110a99cea6c95b2f58d20bdf854e587f
textures/flatlist/ovr_stm/_win/w24c0_sp01c1.bmp.ctxr,textures/flatlist/ovr_stm/_win,w24c0_sp01c1.bmp.ctxr,w24c0_sp01c1.bmp,ctxr,11104,9382cd928f79fd3527f6682f2c5b8102b74c32a0
textures/flatlist/ovr_stm/_win/w24c0_sp02b.bmp.ctxr,textures/flatlist/ovr_stm/_win,w24c0_sp02b.bmp.ctxr,w24c0_sp02b.bmp,ctxr,11104,e5da1f8f4524072a3b346b397f072998ed1f632d
textures/flatlist/ovr_stm/_win/w24c0_ta06.bmp.ctxr,textures/flatlist/ovr_stm/_win,w24c0_ta06.bmp.ctxr,w24c0_ta06.bmp,ctxr,5824,8e32c776cc82d49f7a915400b6a51fde350e0f05
textures/flatlist/ovr_stm/_win/w24c0_ta07.bmp.ctxr,textures/flatlist/ovr_stm/_win,w24c0_ta07.bmp.ctxr,w24c0_ta07.bmp,ctxr,35808,6f1928d56658060a2e33685716d2bd253596606f
textures/flatlist/ovr_stm/_win/w24c0_wa01b.bmp.ctxr,textures/flatlist/ovr_stm/_win,w24c0_wa01b.bmp.ctxr,w24c0_wa01b.bmp,ctxr,270688,9b389a56218e4daf0a9cbd6c3778a48eddfeb0e3
textures/flatlist/ovr_stm/_win/w24c0_wa01e2_2.bmp.ctxr,textures/flatlist/ovr_stm/_win,w24c0_wa01e2_2.bmp.ctxr,w24c0_wa01e2_2.bmp,ctxr,101696,8b89abdc4ec7f1acd19d261d4135bad0c48cd453
textures/flatlist/ovr_stm/_win/w24c0_wa01e3.bmp.ctxr,textures/flatlist/ovr_stm/_win,w24c0_wa01e3.bmp.ctxr,w24c0_wa01e3.bmp,ctxr,200256,76fbc5660390f3fa99551ab03b90ae55547afac2
textures/flatlist/ovr_stm/_win/w24d0_w05.bmp.ctxr,textures/flatlist/ovr_stm/_win,w24d0_w05.bmp.ctxr,w24d0_w05.bmp,ctxr,49504,82884cea3c75d1e185ea87a47a5c2af8107a1231
textures/flatlist/ovr_stm/_win/w25a_fl00a.bmp.ctxr,textures/flatlist/ovr_stm/_win,w25a_fl00a.bmp.ctxr,w25a_fl00a.bmp,ctxr,49472,f5b244d866fc31aa2a0c574f418cc7218a59f2de
textures/flatlist/ovr_stm/_win/w25a_fl00b.bmp.ctxr,textures/flatlist/ovr_stm/_win,w25a_fl00b.bmp.ctxr,w25a_fl00b.bmp,ctxr,37152,a5b79249c803d080c17a3f74ea489874f4b715ff
textures/flatlist/ovr_stm/_win/w25a_fl00c.bmp.ctxr,textures/flatlist/ovr_stm/_win,w25a_fl00c.bmp.ctxr,w25a_fl00c.bmp,ctxr,24896,609fb5a6095057b748c3916c35c740542a1871b7
textures/flatlist/ovr_stm/_win/w25a_fl00d.bmp.ctxr,textures/flatlist/ovr_stm/_win,w25a_fl00d.bmp.ctxr,w25a_fl00d.bmp,ctxr,24896,0ff7313934ad982caa1698c45e02905f628e5f01
textures/flatlist/ovr_stm/_win/w25a_fl04.bmp.ctxr,textures/flatlist/ovr_stm/_win,w25a_fl04.bmp.ctxr,w25a_fl04.bmp,ctxr,49472,54a91c37faaee4adcb59d3665c82c04e551789dc
textures/flatlist/ovr_stm/_win/w25a_fl05a.bmp_eab6a76640eebadec634613e41b4f430.ctxr,textures/flatlist/ovr_stm/_win,w25a_fl05a.bmp_eab6a76640eebadec634613e41b4f430.ctxr,w25a_fl05a.bmp_eab6a76640eebadec634613e41b4f430,ctxr,49472,5bea79ebe2272dfbdc99176963c68b89dfdd4331
textures/flatlist/ovr_stm/_win/w25a_flu05a.bmp.ctxr,textures/flatlist/ovr_stm/_win,w25a_flu05a.bmp.ctxr,w25a_flu05a.bmp,ctxr,12576,433a022b531be8e047a7404023a04c8d60145e70
textures/flatlist/ovr_stm/_win/w25a_h00.bmp_c0f8a236f0a27f1b708076773161c3d1.ctxr,textures/flatlist/ovr_stm/_win,w25a_h00.bmp_c0f8a236f0a27f1b708076773161c3d1.ctxr,w25a_h00.bmp_c0f8a236f0a27f1b708076773161c3d1,ctxr,11616,e1107e19c23497b50d972252ef1f650e28f14cf7
textures/flatlist/ovr_stm/_win/w25a_h01.bmp.ctxr,textures/flatlist/ovr_stm/_win,w25a_h01.bmp.ctxr,w25a_h01.bmp,ctxr,8512,6d29391c72cfbc1f8ea66138be962550ec4e5f59
textures/flatlist/ovr_stm/_win/w25a_h03.bmp.ctxr,textures/flatlist/ovr_stm/_win,w25a_h03.bmp.ctxr,w25a_h03.bmp,ctxr,6464,25b2a4ba5c9933ad168af89e57d4f8fd3cd93283
textures/flatlist/ovr_stm/_win/w25a_h03a.bmp.ctxr,textures/flatlist/ovr_stm/_win,w25a_h03a.bmp.ctxr,w25a_h03a.bmp,ctxr,8512,f32c6a5293e21074edf18f23fd43a369caf81f82
textures/flatlist/ovr_stm/_win/w25a_h04a.bmp.ctxr,textures/flatlist/ovr_stm/_win,w25a_h04a.bmp.ctxr,w25a_h04a.bmp,ctxr,22240,14ebd5ac592629001aa49eb91e3a1a287549db44
textures/flatlist/ovr_stm/_win/w25a_h04k.bmp.ctxr,textures/flatlist/ovr_stm/_win,w25a_h04k.bmp.ctxr,w25a_h04k.bmp,ctxr,7424,d3f3e1c5f0ec85bcd2282aedeac100f2dd8c0c27
textures/flatlist/ovr_stm/_win/w25a_tank00.bmp_607cd5e0bf0f5b379a6262cd93f54ffa.ctxr,textures/flatlist/ovr_stm/_win,w25a_tank00.bmp_607cd5e0bf0f5b379a6262cd93f54ffa.ctxr,w25a_tank00.bmp_607cd5e0bf0f5b379a6262cd93f54ffa,ctxr,76800,8c840f10044779895d8d8a338679093113e1b13e
textures/flatlist/ovr_stm/_win/w25a_tank00a.bmp.ctxr,textures/flatlist/ovr_stm/_win,w25a_tank00a.bmp.ctxr,w25a_tank00a.bmp,ctxr,12576,9d694eab4ac6a79f85fc63c33043ef12ac2fe655
textures/flatlist/ovr_stm/_win/w25a_w00.bmp.ctxr,textures/flatlist/ovr_stm/_win,w25a_w00.bmp.ctxr,w25a_w00.bmp,ctxr,166208,98624aa56a9b3e55a1059d58b881ad930c62ca09
textures/flatlist/ovr_stm/_win/w25a_w00a.bmp.ctxr,textures/flatlist/ovr_stm/_win,w25a_w00a.bmp.ctxr,w25a_w00a.bmp,ctxr,166208,3068b24b5edaaf834c537afdc0509c4ea309e3e7
textures/flatlist/ovr_stm/_win/w25a_wire01a.bmp.ctxr,textures/flatlist/ovr_stm/_win,w25a_wire01a.bmp.ctxr,w25a_wire01a.bmp,ctxr,2304,dd9c7b6561d9d8882b8dfe73beea285f16bdc564
textures/flatlist/ovr_stm/_win/w25a_wire01b.bmp.ctxr,textures/flatlist/ovr_stm/_win,w25a_wire01b.bmp.ctxr,w25a_wire01b.bmp,ctxr,960,a7bbb05d50518fe3a1cb98765a7b184b2acfbba2
textures/flatlist/ovr_stm/_win/w25a_wire01d.bmp.ctxr,textures/flatlist/ovr_stm/_win,w25a_wire01d.bmp.ctxr,w25a_wire01d.bmp,ctxr,1792,bcedfbb7920a4cbfe3c8397b5ff6ff9384da7866
textures/flatlist/ovr_stm/_win/w25b_fl04b.bmp.ctxr,textures/flatlist/ovr_stm/_win,w25b_fl04b.bmp.ctxr,w25b_fl04b.bmp,ctxr,37152,57365f2fa9cc015900d6a93d20f8d2952fb693cb
textures/flatlist/ovr_stm/_win/w25b_pp01c.bmp.ctxr,textures/flatlist/ovr_stm/_win,w25b_pp01c.bmp.ctxr,w25b_pp01c.bmp,ctxr,3328,502f44c0e23dd0989ca5dae28339aca7b4d367c2
textures/flatlist/ovr_stm/_win/w25b_pp04.bmp.ctxr,textures/flatlist/ovr_stm/_win,w25b_pp04.bmp.ctxr,w25b_pp04.bmp,ctxr,27648,9bd4fa71cbee24b1000c761ec80cc3ad3a2eacad
textures/flatlist/ovr_stm/_win/w25c_fl05a.bmp_5d5c005378747543fddf1e2a161ecf6f.ctxr,textures/flatlist/ovr_stm/_win,w25c_fl05a.bmp_5d5c005378747543fddf1e2a161ecf6f.ctxr,w25c_fl05a.bmp_5d5c005378747543fddf1e2a161ecf6f,ctxr,12576,c4230b08b45bb0a694af2082efad8510b3e830af
textures/flatlist/ovr_stm/_win/w25c_obj00.bmp.ctxr,textures/flatlist/ovr_stm/_win,w25c_obj00.bmp.ctxr,w25c_obj00.bmp,ctxr,22848,b3b5aca9c67a584a8cc026b5f0cc3c831f01623d
textures/flatlist/ovr_stm/_win/w25c_pp04a.bmp.ctxr,textures/flatlist/ovr_stm/_win,w25c_pp04a.bmp.ctxr,w25c_pp04a.bmp,ctxr,8512,63b277d5a41b701229007a88eda9a66723fbb432
textures/flatlist/ovr_stm/_win/w25c_w00f2.bmp.ctxr,textures/flatlist/ovr_stm/_win,w25c_w00f2.bmp.ctxr,w25c_w00f2.bmp,ctxr,123200,fb1c7f86aa9b3941029e23f1fc20640cf4c19c4f
textures/flatlist/ovr_stm/_win/w25c_w00f2.bmp_def331845b33cf0d004b8819ab1b47ad.ctxr,textures/flatlist/ovr_stm/_win,w25c_w00f2.bmp_def331845b33cf0d004b8819ab1b47ad.ctxr,w25c_w00f2.bmp_def331845b33cf0d004b8819ab1b47ad,ctxr,123200,5b71f8a1e12c0d0e482269498e8c17b0c04ef4d6
textures/flatlist/ovr_stm/_win/w25c_w00f3.bmp.ctxr,textures/flatlist/ovr_stm/_win,w25c_w00f3.bmp.ctxr,w25c_w00f3.bmp,ctxr,82240,a6596891ed73f12581349e780d5e7981a0176fc5
textures/flatlist/ovr_stm/_win/w25c_w00f3.bmp_80bb089f15a6b67db42cdc5ba9154cce.ctxr,textures/flatlist/ovr_stm/_win,w25c_w00f3.bmp_80bb089f15a6b67db42cdc5ba9154cce.ctxr,w25c_w00f3.bmp_80bb089f15a6b67db42cdc5ba9154cce,ctxr,82240,42ae0a7712646cf084401784d71e1ca7f8f031a2
textures/flatlist/ovr_stm/_win/w25c_w06b2.bmp_e32e56967b81d8e10f197bc69b626128.ctxr,textures/flatlist/ovr_stm/_win,w25c_w06b2.bmp_e32e56967b81d8e10f197bc69b626128.ctxr,w25c_w06b2.bmp_e32e56967b81d8e10f197bc69b626128,ctxr,86336,d4bf145eca36c43c3957bc9da2337eb8ac18396d
textures/flatlist/ovr_stm/_win/w25c_w06b3.bmp_ccfce4ea287dbf204c2ead5e6bbda70c.ctxr,textures/flatlist/ovr_stm/_win,w25c_w06b3.bmp_ccfce4ea287dbf204c2ead5e6bbda70c.ctxr,w25c_w06b3.bmp_ccfce4ea287dbf204c2ead5e6bbda70c,ctxr,57696,325c4905833b4ef8c0aacdbfa05f19512388ff56
textures/flatlist/ovr_stm/_win/w28an_ag_light_pipe.bmp.ctxr,textures/flatlist/ovr_stm/_win,w28an_ag_light_pipe.bmp.ctxr,w28an_ag_light_pipe.bmp,ctxr,2336,7f84162fe7bb3b3127c7d6705fd8762aa676d11b
textures/flatlist/ovr_stm/_win/w28an_ana_box_01.bmp.ctxr,textures/flatlist/ovr_stm/_win,w28an_ana_box_01.bmp.ctxr,w28an_ana_box_01.bmp,ctxr,6432,2351a7e74a4ccf962371ab460691dd0d4f49318c
textures/flatlist/ovr_stm/_win/w28an_ana_box_02.bmp.ctxr,textures/flatlist/ovr_stm/_win,w28an_ana_box_02.bmp.ctxr,w28an_ana_box_02.bmp,ctxr,1632,66194a615cde71f35637ae85ad63c2420808c9b1
textures/flatlist/ovr_stm/_win/w28an_ana_pipe_02.bmp.ctxr,textures/flatlist/ovr_stm/_win,w28an_ana_pipe_02.bmp.ctxr,w28an_ana_pipe_02.bmp,ctxr,49504,0f375cddee291c0bdd1616d64c24b9d179829e2b
textures/flatlist/ovr_stm/_win/w28an_exit_alp_ovl.bmp.ctxr,textures/flatlist/ovr_stm/_win,w28an_exit_alp_ovl.bmp.ctxr,w28an_exit_alp_ovl.bmp,ctxr,4384,21f401ef1d75ebf029bda8fa1174711e7eb2c4c1
textures/flatlist/ovr_stm/_win/w28an_floor_oku_02.bmp.ctxr,textures/flatlist/ovr_stm/_win,w28an_floor_oku_02.bmp.ctxr,w28an_floor_oku_02.bmp,ctxr,106816,3e7f43dd34337e7d4aa5c8e49ff9da7bbe3fa03e
textures/flatlist/ovr_stm/_win/w28an_floor_oku_02a.bmp.ctxr,textures/flatlist/ovr_stm/_win,w28an_floor_oku_02a.bmp.ctxr,w28an_floor_oku_02a.bmp,ctxr,44064,c12c97b4eb12e2ba839b76c174fca5fc5ed3a3bd
textures/flatlist/ovr_stm/_win/w28an_mid_box_01.bmp.ctxr,textures/flatlist/ovr_stm/_win,w28an_mid_box_01.bmp.ctxr,w28an_mid_box_01.bmp,ctxr,9504,4e2f74fdd59704c0b10e7de660992c84cf5df631
textures/flatlist/ovr_stm/_win/w28an_mid_door_fukuro.bmp.ctxr,textures/flatlist/ovr_stm/_win,w28an_mid_door_fukuro.bmp.ctxr,w28an_mid_door_fukuro.bmp,ctxr,10560,7b4532f5859bbad44005d78017cf23d5805e7908
textures/flatlist/ovr_stm/_win/w28an_mid_door_fukuro_02.bmp.ctxr,textures/flatlist/ovr_stm/_win,w28an_mid_door_fukuro_02.bmp.ctxr,w28an_mid_door_fukuro_02.bmp,ctxr,6464,391afbf6bf62c13b62ab2054795a1741bad79232
textures/flatlist/ovr_stm/_win/w28an_mid_door_fukuro_02a.bmp.ctxr,textures/flatlist/ovr_stm/_win,w28an_mid_door_fukuro_02a.bmp.ctxr,w28an_mid_door_fukuro_02a.bmp,ctxr,9504,144742e820df9432398a591e0c3fbc1a402013e2
textures/flatlist/ovr_stm/_win/w28an_pipe_01.bmp.ctxr,textures/flatlist/ovr_stm/_win,w28an_pipe_01.bmp.ctxr,w28an_pipe_01.bmp,ctxr,62432,de1900970d5c54a3fbbcceb0b720450c5915b3e7
textures/flatlist/ovr_stm/_win/w28an_pipe_02.bmp.ctxr,textures/flatlist/ovr_stm/_win,w28an_pipe_02.bmp.ctxr,w28an_pipe_02.bmp,ctxr,49504,60893dce19c6f04c18d8c9b764bb0253bdf37f1a
textures/flatlist/ovr_stm/_win/w28an_pp02.bmp.ctxr,textures/flatlist/ovr_stm/_win,w28an_pp02.bmp.ctxr,w28an_pp02.bmp,ctxr,18752,e003918010b8be0da0b6e196b093697eec4619f1
textures/flatlist/ovr_stm/_win/w28an_rouka_floor_01.bmp.ctxr,textures/flatlist/ovr_stm/_win,w28an_rouka_floor_01.bmp.ctxr,w28an_rouka_floor_01.bmp,ctxr,61728,7dfa8443465a27f7da8cf2aed0d3172ae2e74c47
textures/flatlist/ovr_stm/_win/w28an_rouka_floor_02.bmp.ctxr,textures/flatlist/ovr_stm/_win,w28an_rouka_floor_02.bmp.ctxr,w28an_rouka_floor_02.bmp,ctxr,84800,195d6efea3522dee14a7bd7674a7617bbbb18397
textures/flatlist/ovr_stm/_win/w28an_tsr_bar1.bmp.ctxr,textures/flatlist/ovr_stm/_win,w28an_tsr_bar1.bmp.ctxr,w28an_tsr_bar1.bmp,ctxr,16704,6b24f18c0e4dea0114e7349cb2d1dcc091830f1f
textures/flatlist/ovr_stm/_win/w28an_wall_01.bmp.ctxr,textures/flatlist/ovr_stm/_win,w28an_wall_01.bmp.ctxr,w28an_wall_01.bmp,ctxr,129344,25ca1500a1afa2ea11c011bf5c9c39ef53b3c0ff
textures/flatlist/ovr_stm/_win/w28an_wall_03.bmp.ctxr,textures/flatlist/ovr_stm/_win,w28an_wall_03.bmp.ctxr,w28an_wall_03.bmp,ctxr,69440,72acbaeda04cc54604d622aeb2d96fecd303ff75
textures/flatlist/ovr_stm/_win/w28an_wall_03b.bmp.ctxr,textures/flatlist/ovr_stm/_win,w28an_wall_03b.bmp.ctxr,w28an_wall_03b.bmp,ctxr,37184,b20b6afcc560fdc2e2b7f5b177a3d5388c8c2360
textures/flatlist/ovr_stm/_win/w28an_wall_center_01.bmp.ctxr,textures/flatlist/ovr_stm/_win,w28an_wall_center_01.bmp.ctxr,w28an_wall_center_01.bmp,ctxr,69408,b62eecc616d774efbedc9dfb7456952c7cf30ccf
textures/flatlist/ovr_stm/_win/w28an_wall_center_03.bmp.ctxr,textures/flatlist/ovr_stm/_win,w28an_wall_center_03.bmp.ctxr,w28an_wall_center_03.bmp,ctxr,110912,cbc434ba3427cd4e9ef43c4c624ffddac974ad89
textures/flatlist/ovr_stm/_win/w28an_wall_door_01.bmp.ctxr,textures/flatlist/ovr_stm/_win,w28an_wall_door_01.bmp.ctxr,w28an_wall_door_01.bmp,ctxr,78624,e223a48121071170caeb6aae816fdb0851368dea
textures/flatlist/ovr_stm/_win/w28an_wall_door_01a.bmp.ctxr,textures/flatlist/ovr_stm/_win,w28an_wall_door_01a.bmp.ctxr,w28an_wall_door_01a.bmp,ctxr,52544,1d89392ecaa2ca61b7830d04bf277abe40489c19
textures/flatlist/ovr_stm/_win/w28an_wall_rouka_02.bmp.ctxr,textures/flatlist/ovr_stm/_win,w28an_wall_rouka_02.bmp.ctxr,w28an_wall_rouka_02.bmp,ctxr,41312,8b9fd2eac7cfe421e418e05476a7da6f9886527b
textures/flatlist/ovr_stm/_win/w28an_wall_rouka_02b.bmp.ctxr,textures/flatlist/ovr_stm/_win,w28an_wall_rouka_02b.bmp.ctxr,w28an_wall_rouka_02b.bmp,ctxr,21824,ab7029ffbe3621a2a327461878b7290beefdf37a
textures/flatlist/ovr_stm/_win/w28an_wall_rouka_04.bmp.ctxr,textures/flatlist/ovr_stm/_win,w28an_wall_rouka_04.bmp.ctxr,w28an_wall_rouka_04.bmp,ctxr,61760,2cd981a61dd345943fdca74baa40e843bb9c35f4
textures/flatlist/ovr_stm/_win/w28an_wire_01.bmp.ctxr,textures/flatlist/ovr_stm/_win,w28an_wire_01.bmp.ctxr,w28an_wire_01.bmp,ctxr,8544,5391550aefb1619c4cfbc96baeb2c4607d45d6e6
textures/flatlist/ovr_stm/_win/w28a_ana_hari_03.bmp.ctxr,textures/flatlist/ovr_stm/_win,w28a_ana_hari_03.bmp.ctxr,w28a_ana_hari_03.bmp,ctxr,23360,cef949685e05485464bcb7b65b5b893522e02b75
textures/flatlist/ovr_stm/_win/w28a_ana_hari_04.bmp.ctxr,textures/flatlist/ovr_stm/_win,w28a_ana_hari_04.bmp.ctxr,w28a_ana_hari_04.bmp,ctxr,13440,3d02f372dba9f75d6c09c538546110788b950a5a
textures/flatlist/ovr_stm/_win/w28a_ana_hari_05.bmp.ctxr,textures/flatlist/ovr_stm/_win,w28a_ana_hari_05.bmp.ctxr,w28a_ana_hari_05.bmp,ctxr,28992,e99b40f15825edf29bb6db7135b45c2cb6328b7e
textures/flatlist/ovr_stm/_win/w28a_ana_light_tome.bmp.ctxr,textures/flatlist/ovr_stm/_win,w28a_ana_light_tome.bmp.ctxr,w28a_ana_light_tome.bmp,ctxr,4704,ba64bccd34ca5883057a999544d09796d64b4636
textures/flatlist/ovr_stm/_win/w28a_ana_pipe_01.bmp.ctxr,textures/flatlist/ovr_stm/_win,w28a_ana_pipe_01.bmp.ctxr,w28a_ana_pipe_01.bmp,ctxr,33152,ea9c484d2c5a12fbc29d8cfc6043896f7d4c14fc
textures/flatlist/ovr_stm/_win/w28a_ana_pipe_03.bmp.ctxr,textures/flatlist/ovr_stm/_win,w28a_ana_pipe_03.bmp.ctxr,w28a_ana_pipe_03.bmp,ctxr,24928,2a8046ff4329e9409b4e17183c6585e1ccf9f864
textures/flatlist/ovr_stm/_win/w28a_ana_pipe_tome_01.bmp.ctxr,textures/flatlist/ovr_stm/_win,w28a_ana_pipe_tome_01.bmp.ctxr,w28a_ana_pipe_tome_01.bmp,ctxr,32544,a8fd76475ad5da9500bcdcd5028aa700acfa5c96
textures/flatlist/ovr_stm/_win/w28a_ana_pipe_tome_02.bmp.ctxr,textures/flatlist/ovr_stm/_win,w28a_ana_pipe_tome_02.bmp.ctxr,w28a_ana_pipe_tome_02.bmp,ctxr,1792,659ddc71b4240fd6b6a8512540fd7f4f7e3b40c3
textures/flatlist/ovr_stm/_win/w28a_ana_wall_01.bmp.ctxr,textures/flatlist/ovr_stm/_win,w28a_ana_wall_01.bmp.ctxr,w28a_ana_wall_01.bmp,ctxr,156960,50543ce4cf8c64b51e76986af1fef6e652a9d80e
textures/flatlist/ovr_stm/_win/w28a_ana_wall_02.bmp.ctxr,textures/flatlist/ovr_stm/_win,w28a_ana_wall_02.bmp.ctxr,w28a_ana_wall_02.bmp,ctxr,180032,dc1c9651c149ec1215ade0455ac04ba90f8cd8cd
textures/flatlist/ovr_stm/_win/w28a_ana_wall_03.bmp.ctxr,textures/flatlist/ovr_stm/_win,w28a_ana_wall_03.bmp.ctxr,w28a_ana_wall_03.bmp,ctxr,135488,3f74b170ad453fa9cdf3d73d61632ac300735979
textures/flatlist/ovr_stm/_win/w28a_hone_naname.bmp.ctxr,textures/flatlist/ovr_stm/_win,w28a_hone_naname.bmp.ctxr,w28a_hone_naname.bmp,ctxr,6464,35e8c956596bb3fed55ac197e3ddb28e880c0406
textures/flatlist/ovr_stm/_win/w28a_pipe_tome_002.bmp.ctxr,textures/flatlist/ovr_stm/_win,w28a_pipe_tome_002.bmp.ctxr,w28a_pipe_tome_002.bmp,ctxr,1792,f9e5ac8ebfb05ff684d6dc46a32928608b34d6fb
textures/flatlist/ovr_stm/_win/w28a_wall_rouka_01.bmp.ctxr,textures/flatlist/ovr_stm/_win,w28a_wall_rouka_01.bmp.ctxr,w28a_wall_rouka_01.bmp,ctxr,98656,57f98baef67a1a69f0362f13cd83b1e445aab739
textures/flatlist/ovr_stm/_win/w31a_box_01.bmp.ctxr,textures/flatlist/ovr_stm/_win,w31a_box_01.bmp.ctxr,w31a_box_01.bmp,ctxr,12576,eb43a48cf50aae8ba4ca8a85e42efdf8c3b4fe0f
textures/flatlist/ovr_stm/_win/w31a_box_02.bmp.ctxr,textures/flatlist/ovr_stm/_win,w31a_box_02.bmp.ctxr,w31a_box_02.bmp,ctxr,37152,b1afe60222775aee69ccfa491e32b09884299b27
textures/flatlist/ovr_stm/_win/w31a_cir_panel_033.bmp.ctxr,textures/flatlist/ovr_stm/_win,w31a_cir_panel_033.bmp.ctxr,w31a_cir_panel_033.bmp,ctxr,26912,a4da7979c1c62cb5d667d4a0ffab513edbe147a0
textures/flatlist/ovr_stm/_win/w31a_cir_panel_04.bmp.ctxr,textures/flatlist/ovr_stm/_win,w31a_cir_panel_04.bmp.ctxr,w31a_cir_panel_04.bmp,ctxr,7936,ec614289094f4293385538c4c783e9210312d3ff
textures/flatlist/ovr_stm/_win/w31a_cir_panel_brk_01.bmp.ctxr,textures/flatlist/ovr_stm/_win,w31a_cir_panel_brk_01.bmp.ctxr,w31a_cir_panel_brk_01.bmp,ctxr,80192,42f0d58bb0c4615fc67555678e6da49ec70efd13
textures/flatlist/ovr_stm/_win/w31a_cir_panel_brk_02.bmp.ctxr,textures/flatlist/ovr_stm/_win,w31a_cir_panel_brk_02.bmp.ctxr,w31a_cir_panel_brk_02.bmp,ctxr,12576,f6c496445053de79ba3ccb31dfeab0a4414b360f
textures/flatlist/ovr_stm/_win/w31a_cir_panel_brk_04.bmp.ctxr,textures/flatlist/ovr_stm/_win,w31a_cir_panel_brk_04.bmp.ctxr,w31a_cir_panel_brk_04.bmp,ctxr,7936,382e892dc2d236d567c055f2f4817e64bf569197
textures/flatlist/ovr_stm/_win/w31a_cir_panel_brk_05.bmp.ctxr,textures/flatlist/ovr_stm/_win,w31a_cir_panel_brk_05.bmp.ctxr,w31a_cir_panel_brk_05.bmp,ctxr,7936,2a8453c6cd190ebd5504fb9d3541a3d2cead915b
textures/flatlist/ovr_stm/_win/w31a_denki_01.bmp.ctxr,textures/flatlist/ovr_stm/_win,w31a_denki_01.bmp.ctxr,w31a_denki_01.bmp,ctxr,12256,8909f44b8cbc5d18af6ea5a0f98233f360af3700
textures/flatlist/ovr_stm/_win/w31a_denki_03.bmp.ctxr,textures/flatlist/ovr_stm/_win,w31a_denki_03.bmp.ctxr,w31a_denki_03.bmp,ctxr,7680,6a50ee26194c2e96af320afe5d1da13ffe594f07
textures/flatlist/ovr_stm/_win/w31a_floor_01.bmp.ctxr,textures/flatlist/ovr_stm/_win,w31a_floor_01.bmp.ctxr,w31a_floor_01.bmp,ctxr,69408,dbe5bd6261a1d2aa5e74c0fefb32cd4031e4f14b
textures/flatlist/ovr_stm/_win/w31a_floor_02.bmp.ctxr,textures/flatlist/ovr_stm/_win,w31a_floor_02.bmp.ctxr,w31a_floor_02.bmp,ctxr,27968,802d4b6ee6b46b885fdfc41ae35ada2b247fda18
textures/flatlist/ovr_stm/_win/w31a_floor_03.bmp.ctxr,textures/flatlist/ovr_stm/_win,w31a_floor_03.bmp.ctxr,w31a_floor_03.bmp,ctxr,31008,eb9f59cf0fdded5e03cdc87a13bb3b411ee2863c
textures/flatlist/ovr_stm/_win/w31a_floor_06.bmp.ctxr,textures/flatlist/ovr_stm/_win,w31a_floor_06.bmp.ctxr,w31a_floor_06.bmp,ctxr,64832,6635c019cbb33f0acb63ac5f27388ac7eec38639
textures/flatlist/ovr_stm/_win/w31a_floor_08.bmp.ctxr,textures/flatlist/ovr_stm/_win,w31a_floor_08.bmp.ctxr,w31a_floor_08.bmp,ctxr,60192,86b08a6cb0d53d86fdb6da6901285907da3fba5d
textures/flatlist/ovr_stm/_win/w31a_floor_10_alp_ovl.bmp.ctxr,textures/flatlist/ovr_stm/_win,w31a_floor_10_alp_ovl.bmp.ctxr,w31a_floor_10_alp_ovl.bmp,ctxr,24896,c9ecafb7ba8a37ddfa882c83e9b390902c2a02d5
textures/flatlist/ovr_stm/_win/w31a_floor_ovl_bld090.bmp.ctxr,textures/flatlist/ovr_stm/_win,w31a_floor_ovl_bld090.bmp.ctxr,w31a_floor_ovl_bld090.bmp,ctxr,87744,da42f4d5d29a283e9a57053915c9a986c3d31591
textures/flatlist/ovr_stm/_win/w31a_mecha_03.bmp.ctxr,textures/flatlist/ovr_stm/_win,w31a_mecha_03.bmp.ctxr,w31a_mecha_03.bmp,ctxr,62464,899a122a8a29026ab144db8514e920810f6ff00f
textures/flatlist/ovr_stm/_win/w31a_wall_01.bmp.ctxr,textures/flatlist/ovr_stm/_win,w31a_wall_01.bmp.ctxr,w31a_wall_01.bmp,ctxr,57696,e97d117d40f9fc11ad80975b2517bece81698f10
textures/flatlist/ovr_stm/_win/w31a_wall_03.bmp.ctxr,textures/flatlist/ovr_stm/_win,w31a_wall_03.bmp.ctxr,w31a_wall_03.bmp,ctxr,64832,50a2047d191519d62a47a332a3e3d9e7002bdd0c
textures/flatlist/ovr_stm/_win/w31a_wall_05.bmp.ctxr,textures/flatlist/ovr_stm/_win,w31a_wall_05.bmp.ctxr,w31a_wall_05.bmp,ctxr,49504,0073cb7e291ad2a3c79f215de5eb628589c7a4c0
textures/flatlist/ovr_stm/_win/w31a_wall_06.bmp.ctxr,textures/flatlist/ovr_stm/_win,w31a_wall_06.bmp.ctxr,w31a_wall_06.bmp,ctxr,49472,bfc875f388f64715e2f635d446b7e8c83eb9d66d
textures/flatlist/ovr_stm/_win/w31b_door_01.bmp.ctxr,textures/flatlist/ovr_stm/_win,w31b_door_01.bmp.ctxr,w31b_door_01.bmp,ctxr,107808,38e17d0f643f6764982af4923d93b0d519c58d3a
textures/flatlist/ovr_stm/_win/w31b_dox_01.bmp.ctxr,textures/flatlist/ovr_stm/_win,w31b_dox_01.bmp.ctxr,w31b_dox_01.bmp,ctxr,3232,64cb3e7c41691d35a8a81bbf455f2be07374c1eb
textures/flatlist/ovr_stm/_win/w31b_floor_02.bmp.ctxr,textures/flatlist/ovr_stm/_win,w31b_floor_02.bmp.ctxr,w31b_floor_02.bmp,ctxr,49472,3864eee228bd382a75b09ac4cb307a848860d1c9
textures/flatlist/ovr_stm/_win/w31b_panel_alp_ovl_06.bmp.ctxr,textures/flatlist/ovr_stm/_win,w31b_panel_alp_ovl_06.bmp.ctxr,w31b_panel_alp_ovl_06.bmp,ctxr,18720,0a9ff54863a72dfd0cafcfbc734211e08a2f0476
textures/flatlist/ovr_stm/_win/w31b_pipe_05.bmp.ctxr,textures/flatlist/ovr_stm/_win,w31b_pipe_05.bmp.ctxr,w31b_pipe_05.bmp,ctxr,23328,27cabc6484ee97ea45877e747918d8e42a1eaf73
textures/flatlist/ovr_stm/_win/w31b_roof_04.bmp.ctxr,textures/flatlist/ovr_stm/_win,w31b_roof_04.bmp.ctxr,w31b_roof_04.bmp,ctxr,61728,a798461dd617b33c4ff3da0531ad55f2898b94d9
textures/flatlist/ovr_stm/_win/w31b_wall_03.bmp.ctxr,textures/flatlist/ovr_stm/_win,w31b_wall_03.bmp.ctxr,w31b_wall_03.bmp,ctxr,98656,dc4777a05c1c5254cd207e6a55ad74e0fb1bf441
textures/flatlist/ovr_stm/_win/w31c_box_05.bmp.ctxr,textures/flatlist/ovr_stm/_win,w31c_box_05.bmp.ctxr,w31c_box_05.bmp,ctxr,65888,3fc90fe58f80f3c1754b1da7edab3ba9b3333fd4
textures/flatlist/ovr_stm/_win/w31c_locker_01.bmp.ctxr,textures/flatlist/ovr_stm/_win,w31c_locker_01.bmp.ctxr,w31c_locker_01.bmp,ctxr,53536,1ffba95368ba7127d87c397684873499691c51ab
textures/flatlist/ovr_stm/_win/w31c_locker_04.bmp.ctxr,textures/flatlist/ovr_stm/_win,w31c_locker_04.bmp.ctxr,w31c_locker_04.bmp,ctxr,77952,d5a004b13c9827abaf083ee68e133aff839abe32
textures/flatlist/ovr_stm/_win/w31c_wall_08.bmp.ctxr,textures/flatlist/ovr_stm/_win,w31c_wall_08.bmp.ctxr,w31c_wall_08.bmp,ctxr,7968,9b9d9286f9d3c15129691530ac43a7bb3ce4f69c
textures/flatlist/ovr_stm/_win/w32a_asi00.bmp.ctxr,textures/flatlist/ovr_stm/_win,w32a_asi00.bmp.ctxr,w32a_asi00.bmp,ctxr,74048,f07f5ea9061f89c5d48908da21603aea69ef8e05
textures/flatlist/ovr_stm/_win/w32a_asi00a.bmp.ctxr,textures/flatlist/ovr_stm/_win,w32a_asi00a.bmp.ctxr,w32a_asi00a.bmp,ctxr,74048,91395797ff64ea652a2b1de36b54f18e2ead7803
textures/flatlist/ovr_stm/_win/w32a_asi00b.bmp.ctxr,textures/flatlist/ovr_stm/_win,w32a_asi00b.bmp.ctxr,w32a_asi00b.bmp,ctxr,74048,d13bd952493f75559721974b095e3b393fc76ef0
textures/flatlist/ovr_stm/_win/w32a_asi00c.bmp.ctxr,textures/flatlist/ovr_stm/_win,w32a_asi00c.bmp.ctxr,w32a_asi00c.bmp,ctxr,74048,bbf30ac73043be43f81eba3fc18cfd5c86eaec1b
textures/flatlist/ovr_stm/_win/w32a_asi00d.bmp.ctxr,textures/flatlist/ovr_stm/_win,w32a_asi00d.bmp.ctxr,w32a_asi00d.bmp,ctxr,74048,fb3573fa921c9e70b7482a149bdece7a08d89676
textures/flatlist/ovr_stm/_win/w32a_asi06.bmp.ctxr,textures/flatlist/ovr_stm/_win,w32a_asi06.bmp.ctxr,w32a_asi06.bmp,ctxr,98688,c42a161abf88f2d94d5b65d21d7df66ad561e842
textures/flatlist/ovr_stm/_win/w32a_board04.bmp.ctxr,textures/flatlist/ovr_stm/_win,w32a_board04.bmp.ctxr,w32a_board04.bmp,ctxr,22208,4a17e339f2274aa91e4338e08097b6f1d61b05ce
textures/flatlist/ovr_stm/_win/w32a_fl01.bmp.ctxr,textures/flatlist/ovr_stm/_win,w32a_fl01.bmp.ctxr,w32a_fl01.bmp,ctxr,60416,3a23b2fe8842f08d64df10507108412b287462bd
textures/flatlist/ovr_stm/_win/w32a_fl01a.bmp.ctxr,textures/flatlist/ovr_stm/_win,w32a_fl01a.bmp.ctxr,w32a_fl01a.bmp,ctxr,60416,86c6e42821e2ae51dd61b7960341ff01735ceb26
textures/flatlist/ovr_stm/_win/w32a_fl01b.bmp.ctxr,textures/flatlist/ovr_stm/_win,w32a_fl01b.bmp.ctxr,w32a_fl01b.bmp,ctxr,60416,a59175f563fc75278d4e9d5ad9eb3de28fd6cef7
textures/flatlist/ovr_stm/_win/w32a_fl01c.bmp.ctxr,textures/flatlist/ovr_stm/_win,w32a_fl01c.bmp.ctxr,w32a_fl01c.bmp,ctxr,60416,e38260fdc702fbeb24dbdcc8aeb52be6e458cf46
textures/flatlist/ovr_stm/_win/w32a_fl01e.bmp.ctxr,textures/flatlist/ovr_stm/_win,w32a_fl01e.bmp.ctxr,w32a_fl01e.bmp,ctxr,60416,2bd21bae62ec957ec331abe7e104dcbff03e1332
textures/flatlist/ovr_stm/_win/w32a_pp02.bmp_1740c8007a612689abb7c8a3139f35d1.ctxr,textures/flatlist/ovr_stm/_win,w32a_pp02.bmp_1740c8007a612689abb7c8a3139f35d1.ctxr,w32a_pp02.bmp_1740c8007a612689abb7c8a3139f35d1,ctxr,74048,89ec3fa31e2601406e6910266d8a31781d838e65
textures/flatlist/ovr_stm/_win/w32a_pp02a.bmp_f04b2f338b30c64c7690c44f5e5cbc4f.ctxr,textures/flatlist/ovr_stm/_win,w32a_pp02a.bmp_f04b2f338b30c64c7690c44f5e5cbc4f.ctxr,w32a_pp02a.bmp_f04b2f338b30c64c7690c44f5e5cbc4f,ctxr,65888,facca097b45f7d8384ee25df809aff8ac528b44c
textures/flatlist/ovr_stm/_win/w32a_pp03a.bmp_948505e760d2eb64915a2546228b8649.ctxr,textures/flatlist/ovr_stm/_win,w32a_pp03a.bmp_948505e760d2eb64915a2546228b8649.ctxr,w32a_pp03a.bmp_948505e760d2eb64915a2546228b8649,ctxr,65920,f33f69ac2de01af8bb58d85783040c5a5aa58810
textures/flatlist/ovr_stm/_win/w32a_sign00.bmp.ctxr,textures/flatlist/ovr_stm/_win,w32a_sign00.bmp.ctxr,w32a_sign00.bmp,ctxr,7808,483324007f8296c343a02a27037fad06cf7f710b
textures/flatlist/ovr_stm/_win/w32a_w02.bmp.ctxr,textures/flatlist/ovr_stm/_win,w32a_w02.bmp.ctxr,w32a_w02.bmp,ctxr,20800,940f210b6d9764a5d4775bb7639b554041cc494f
textures/flatlist/ovr_stm/_win/w41a_dr2.bmp.ctxr,textures/flatlist/ovr_stm/_win,w41a_dr2.bmp.ctxr,w41a_dr2.bmp,ctxr,58368,b71601145772df156a1c76151534854010c22511
textures/flatlist/ovr_stm/_win/w41a_go_02.bmp.ctxr,textures/flatlist/ovr_stm/_win,w41a_go_02.bmp.ctxr,w41a_go_02.bmp,ctxr,21792,c32758944ada78e5357153e7594d0f123c5c9ab9
textures/flatlist/ovr_stm/_win/w41a_go_03.bmp.ctxr,textures/flatlist/ovr_stm/_win,w41a_go_03.bmp.ctxr,w41a_go_03.bmp,ctxr,20256,8fb35291cc50004efa9a20733f3f33f3adf04971
textures/flatlist/ovr_stm/_win/w41a_wallsh1_bld090_ovl.bmp.ctxr,textures/flatlist/ovr_stm/_win,w41a_wallsh1_bld090_ovl.bmp.ctxr,w41a_wallsh1_bld090_ovl.bmp,ctxr,160064,08d75416e9ec42fbd855a96fc351f0bccaf1351e
textures/flatlist/ovr_stm/_win/w41a_wallsh3_bld090_ovl.bmp.ctxr,textures/flatlist/ovr_stm/_win,w41a_wallsh3_bld090_ovl.bmp.ctxr,w41a_wallsh3_bld090_ovl.bmp,ctxr,98656,577df8013b4a0e8c4680f06a8b3c22cf7909e635
textures/flatlist/ovr_stm/_win/w41a_wallsh4_bld090_ovl.bmp.ctxr,textures/flatlist/ovr_stm/_win,w41a_wallsh4_bld090_ovl.bmp.ctxr,w41a_wallsh4_bld090_ovl.bmp,ctxr,49472,b6b5952bbb038fc63b896d7054f860f8edd1c3e2
textures/flatlist/ovr_stm/_win/w41a_wallsh6_bld090_ovl.bmp.ctxr,textures/flatlist/ovr_stm/_win,w41a_wallsh6_bld090_ovl.bmp.ctxr,w41a_wallsh6_bld090_ovl.bmp,ctxr,98656,aa0130d8336580c4348b19714277f28df172d2d5
textures/flatlist/ovr_stm/_win/w41a_wallsh7_bld090_ovl.bmp.ctxr,textures/flatlist/ovr_stm/_win,w41a_wallsh7_bld090_ovl.bmp.ctxr,w41a_wallsh7_bld090_ovl.bmp,ctxr,98656,578a7a8a12950bb076ad5cc315034bf41e693bf1
textures/flatlist/ovr_stm/_win/w42a_1f_box_01.bmp_7be7c191af3966ebc5cbc6b019aac0b5.ctxr,textures/flatlist/ovr_stm/_win,w42a_1f_box_01.bmp_7be7c191af3966ebc5cbc6b019aac0b5.ctxr,w42a_1f_box_01.bmp_7be7c191af3966ebc5cbc6b019aac0b5,ctxr,100672,783c2ad54ad51243b194cccd0667fc35051d2c21
textures/flatlist/ovr_stm/_win/w42a_1f_box_01_top.bmp_80244e81becddb60d74eb9908adbdbd3.ctxr,textures/flatlist/ovr_stm/_win,w42a_1f_box_01_top.bmp_80244e81becddb60d74eb9908adbdbd3.ctxr,w42a_1f_box_01_top.bmp_80244e81becddb60d74eb9908adbdbd3,ctxr,53600,e8149146acc3ea103150463658b637dda29c1e15
textures/flatlist/ovr_stm/_win/w42a_2f_floor_back_03.bmp.ctxr,textures/flatlist/ovr_stm/_win,w42a_2f_floor_back_03.bmp.ctxr,w42a_2f_floor_back_03.bmp,ctxr,55648,d1e06a9b966cd13560263f032097cb6d75240905
textures/flatlist/ovr_stm/_win/w42a_bridge_side_01.bmp_489fc0f70f9ed7725e5293ec1ab58638.ctxr,textures/flatlist/ovr_stm/_win,w42a_bridge_side_01.bmp_489fc0f70f9ed7725e5293ec1ab58638.ctxr,w42a_bridge_side_01.bmp_489fc0f70f9ed7725e5293ec1ab58638,ctxr,25408,e11384b8af240e066df1c56c866e5694a11e6dd4
textures/flatlist/ovr_stm/_win/w42a_fence_board_01.bmp.ctxr,textures/flatlist/ovr_stm/_win,w42a_fence_board_01.bmp.ctxr,w42a_fence_board_01.bmp,ctxr,9184,4d5fea176409f6dc8d793df5ec4857f15d86bec1
textures/flatlist/ovr_stm/_win/w42a_fence_under_03.bmp.ctxr,textures/flatlist/ovr_stm/_win,w42a_fence_under_03.bmp.ctxr,w42a_fence_under_03.bmp,ctxr,9856,673c5330e38e9cd0192a84e7819b1ee84552a810
textures/flatlist/ovr_stm/_win/w43a_rouka_floor_01_alp_ovl.bmp.ctxr,textures/flatlist/ovr_stm/_win,w43a_rouka_floor_01_alp_ovl.bmp.ctxr,w43a_rouka_floor_01_alp_ovl.bmp,ctxr,49472,03190aa4551c4e5968b1f04b3896ca37d88edd8e
textures/flatlist/ovr_stm/_win/w43a_rouka_floor_02_alp_ovl.bmp.ctxr,textures/flatlist/ovr_stm/_win,w43a_rouka_floor_02_alp_ovl.bmp.ctxr,w43a_rouka_floor_02_alp_ovl.bmp,ctxr,49472,bd60879db3cdfb80bca11941f91717319ff12b61
textures/flatlist/ovr_stm/_win/w43a_rouka_floor_03_alp_ovl.bmp.ctxr,textures/flatlist/ovr_stm/_win,w43a_rouka_floor_03_alp_ovl.bmp.ctxr,w43a_rouka_floor_03_alp_ovl.bmp,ctxr,49472,d5be40b004a43b719bd37cf64a0ddd4a56589518
textures/flatlist/ovr_stm/_win/w43a_rouka_floor_04_alp_ovl.bmp.ctxr,textures/flatlist/ovr_stm/_win,w43a_rouka_floor_04_alp_ovl.bmp.ctxr,w43a_rouka_floor_04_alp_ovl.bmp,ctxr,37152,20431b32b69a4eac575fae6a5f2f00e2938ba2ba
textures/flatlist/ovr_stm/_win/w43a_rouka_floor_06_alp_ovl.bmp.ctxr,textures/flatlist/ovr_stm/_win,w43a_rouka_floor_06_alp_ovl.bmp.ctxr,w43a_rouka_floor_06_alp_ovl.bmp,ctxr,49472,c2deb72612ffcf21df188a2c072912b9c935e86d
textures/flatlist/ovr_stm/_win/w43a_wall_02_alp_ovl.bmp.ctxr,textures/flatlist/ovr_stm/_win,w43a_wall_02_alp_ovl.bmp.ctxr,w43a_wall_02_alp_ovl.bmp,ctxr,61728,c85dee3101cc0b8ad04f5e6df23fa88a9bbcf6cd
textures/flatlist/ovr_stm/_win/w43a_wall_04_alp_ovl.bmp.ctxr,textures/flatlist/ovr_stm/_win,w43a_wall_04_alp_ovl.bmp.ctxr,w43a_wall_04_alp_ovl.bmp,ctxr,20768,91466b92bf2c393ffbfa699838d93b8dfd952b1d
textures/flatlist/ovr_stm/_win/w43a_wall_05_alp_ovl.bmp.ctxr,textures/flatlist/ovr_stm/_win,w43a_wall_05_alp_ovl.bmp.ctxr,w43a_wall_05_alp_ovl.bmp,ctxr,61728,9108e35fd3a49346b3fadbe5e8a194ad2f59296d
textures/flatlist/ovr_stm/_win/w43a_wall_09_alp_ovl.bmp.ctxr,textures/flatlist/ovr_stm/_win,w43a_wall_09_alp_ovl.bmp.ctxr,w43a_wall_09_alp_ovl.bmp,ctxr,61728,e6c9da14fcccf33b7efa278aaf7de9f06b839358
textures/flatlist/ovr_stm/_win/w43a_wall_exit_01.bmp.ctxr,textures/flatlist/ovr_stm/_win,w43a_wall_exit_01.bmp.ctxr,w43a_wall_exit_01.bmp,ctxr,196960,da56abd1babfbb50e8eab7c1534696607fa778ab
textures/flatlist/ovr_stm/_win/w43a_wall_hashi_02_alp_ovl.bmp.ctxr,textures/flatlist/ovr_stm/_win,w43a_wall_hashi_02_alp_ovl.bmp.ctxr,w43a_wall_hashi_02_alp_ovl.bmp,ctxr,61728,967ff0589c279070ccc565f8c48b714830fe6092
textures/flatlist/ovr_stm/_win/w43a_wall_hashi_04_alp_ovl.bmp.ctxr,textures/flatlist/ovr_stm/_win,w43a_wall_hashi_04_alp_ovl.bmp.ctxr,w43a_wall_hashi_04_alp_ovl.bmp,ctxr,61728,66dc9390b33f50f97390d5217a08b9de88620d95
textures/flatlist/ovr_stm/_win/w43a_wall_right_02_alp_ovl.bmp.ctxr,textures/flatlist/ovr_stm/_win,w43a_wall_right_02_alp_ovl.bmp.ctxr,w43a_wall_right_02_alp_ovl.bmp,ctxr,61728,3b64cbd856af2450dccc6f6be5b92cb6404c9f9b
textures/flatlist/ovr_stm/_win/w43a_wall_right_03_alp_ovl.bmp.ctxr,textures/flatlist/ovr_stm/_win,w43a_wall_right_03_alp_ovl.bmp.ctxr,w43a_wall_right_03_alp_ovl.bmp,ctxr,20768,0f78ec3ad2803d5ddefcb8e2c96749c4becf9eed
textures/flatlist/ovr_stm/_win/w43a_wall_right_06_alp_ovl.bmp.ctxr,textures/flatlist/ovr_stm/_win,w43a_wall_right_06_alp_ovl.bmp.ctxr,w43a_wall_right_06_alp_ovl.bmp,ctxr,61728,35557a5e899909b3d71e02c30695a8cdebdcf0da
textures/flatlist/ovr_stm/_win/w43a_wall_right_08_alp_ovl.bmp.ctxr,textures/flatlist/ovr_stm/_win,w43a_wall_right_08_alp_ovl.bmp.ctxr,w43a_wall_right_08_alp_ovl.bmp,ctxr,61728,b0f6880d04f332141e54473c2e7bb6c7ec5bff8a
textures/flatlist/ovr_stm/_win/w45a_door_left.bmp.ctxr,textures/flatlist/ovr_stm/_win,w45a_door_left.bmp.ctxr,w45a_door_left.bmp,ctxr,23328,bc3535cb6aba776cd3e4a9f67d9f6bee7772c161
textures/flatlist/ovr_stm/_win/w45a_door_right.bmp.ctxr,textures/flatlist/ovr_stm/_win,w45a_door_right.bmp.ctxr,w45a_door_right.bmp,ctxr,43840,b342e11308dc7bde149ebbfecfdabd51e98c9c8f
textures/flatlist/ovr_stm/_win/w45a_floor_01.bmp.ctxr,textures/flatlist/ovr_stm/_win,w45a_floor_01.bmp.ctxr,w45a_floor_01.bmp,ctxr,602432,a79e5d075dce22834d37c50ca925e4426d47701b
textures/flatlist/ovr_stm/_win/w45a_floor_03.bmp.ctxr,textures/flatlist/ovr_stm/_win,w45a_floor_03.bmp.ctxr,w45a_floor_03.bmp,ctxr,602432,a6f6f39bbc631611afb1a35ec0fa888eed80355e
textures/flatlist/ovr_stm/_win/w61a_bil7_wall1.bmp.ctxr,textures/flatlist/ovr_stm/_win,w61a_bil7_wall1.bmp.ctxr,w61a_bil7_wall1.bmp,ctxr,41280,bd3d8df29b2cb225f2152b49929be0fe999d2842
textures/flatlist/ovr_stm/_win/w61a_bil7_wall4_brk.bmp.ctxr,textures/flatlist/ovr_stm/_win,w61a_bil7_wall4_brk.bmp.ctxr,w61a_bil7_wall4_brk.bmp,ctxr,82240,d6f7ab6266d1de3a4eee1c1e74dbfca4434fe62f
textures/flatlist/ovr_stm/_win/w61a_douro.bmp.ctxr,textures/flatlist/ovr_stm/_win,w61a_douro.bmp.ctxr,w61a_douro.bmp,ctxr,87744,1f1263a64bfa0e61b93ce7e0bc58a974be257c4e
textures/flatlist/ovr_stm/_win/w61a_grn_ami.bmp.ctxr,textures/flatlist/ovr_stm/_win,w61a_grn_ami.bmp.ctxr,w61a_grn_ami.bmp,ctxr,12576,2c5ac53276caa96c9f5e0d1d89ba3c22895eaf46
textures/flatlist/ovr_stm/_win/w61a_hodou1.bmp.ctxr,textures/flatlist/ovr_stm/_win,w61a_hodou1.bmp.ctxr,w61a_hodou1.bmp,ctxr,87744,57732e1c7bb64b123d9547b588dc031014f8f03f
textures/flatlist/ovr_stm/_win/w61a_jeorge_dai.bmp.ctxr,textures/flatlist/ovr_stm/_win,w61a_jeorge_dai.bmp.ctxr,w61a_jeorge_dai.bmp,ctxr,16704,87396b7517dabd82d410c3baee70c9b2ea8873d0
textures/flatlist/ovr_stm/_win/w61a_pillar1.bmp.ctxr,textures/flatlist/ovr_stm/_win,w61a_pillar1.bmp.ctxr,w61a_pillar1.bmp,ctxr,136896,7e3a8e7fa9f98990a5d972fdb61ecf8570b6d05b
textures/flatlist/ovr_stm/_win/w62a_bill_h1.bmp.ctxr,textures/flatlist/ovr_stm/_win,w62a_bill_h1.bmp.ctxr,w62a_bill_h1.bmp,ctxr,131456,369aaf03b3c3b2da427ca3165d34977e94e93e91
textures/flatlist/ovr_stm/_win/walllc1a.bmp.ctxr,textures/flatlist/ovr_stm/_win,walllc1a.bmp.ctxr,walllc1a.bmp,ctxr,77120,bc00c0c0207efc24a3c3d81b5cf3852789dc3575
textures/flatlist/ovr_stm/_win/walllc1a2a.bmp.ctxr,textures/flatlist/ovr_stm/_win,walllc1a2a.bmp.ctxr,walllc1a2a.bmp,ctxr,59040,208943ecb8f26c036e362a034bf4876bbdac2a99
textures/flatlist/ovr_stm/_win/walllc1b.bmp.ctxr,textures/flatlist/ovr_stm/_win,walllc1b.bmp.ctxr,walllc1b.bmp,ctxr,66368,757b6211b3ec77bc7ea1b0799adb8617f22485b5
textures/flatlist/ovr_stm/_win/walllc1_sh2.bmp.ctxr,textures/flatlist/ovr_stm/_win,walllc1_sh2.bmp.ctxr,walllc1_sh2.bmp,ctxr,66368,3b9088fe11e399f1a27819312ddf910e577e6494
textures/flatlist/ovr_stm/_win/wave06.bmp.ctxr,textures/flatlist/ovr_stm/_win,wave06.bmp.ctxr,wave06.bmp,ctxr,87744,462936faf5c1ef1fd1166dddd4504c46e6120297
textures/flatlist/ovr_stm/_win/wave06long1.bmp.ctxr,textures/flatlist/ovr_stm/_win,wave06long1.bmp.ctxr,wave06long1.bmp,ctxr,87744,a58495c06ddd3014787f2d5ef0543acbd471bfc0
textures/flatlist/ovr_stm/_win/wc1.bmp.ctxr,textures/flatlist/ovr_stm/_win,wc1.bmp.ctxr,wc1.bmp,ctxr,14656,fd9dba117bff9c2ff98979d06cac714ea2cbebc7
textures/flatlist/ovr_stm/_win/wc1top.bmp.ctxr,textures/flatlist/ovr_stm/_win,wc1top.bmp.ctxr,wc1top.bmp,ctxr,19456,729a1acf349380d8f69dfa1ee50a7158f5f2c5bd
textures/flatlist/ovr_stm/_win/yukamoto_alp_ovl.bmp.ctxr,textures/flatlist/ovr_stm/_win,yukamoto_alp_ovl.bmp.ctxr,yukamoto_alp_ovl.bmp,ctxr,87744,f674862c96d8629bdbae6807fdc9c848b33dce0d
textures/flatlist/ovr_stm/_win/yu_ne.bmp.ctxr,textures/flatlist/ovr_stm/_win,yu_ne.bmp.ctxr,yu_ne.bmp,ctxr,87744,7e2ba87f866267af5c599a0c355d74d2ae73910c
textures/flatlist/ovr_stm/_win/yu_ne2.bmp.ctxr,textures/flatlist/ovr_stm/_win,yu_ne2.bmp.ctxr,yu_ne2.bmp,ctxr,87744,521ee60b4aa2bf6a927e97509578b24dd7c91981
textures/flatlist/ovr_stm/_win/zoe_pos_n.bmp.ctxr,textures/flatlist/ovr_stm/_win,zoe_pos_n.bmp.ctxr,zoe_pos_n.bmp,ctxr,147776,3936b65aeed7f1df5cf6d23a415b8deab27ad4da
textures/MGS2-Demastered-Substance-Edition_LICENSE,textures,MGS2-Demastered-Substance-Edition_LICENSE,MGS2-Demastered-Substance-Edition_LICENSE,,1084,50827a9b7585110cb1a082fc9244d637a47fa802
textures/MGS2-Demastered-Substance-Edition_README.md,textures,MGS2-Demastered-Substance-Edition_README.md,MGS2-Demastered-Substance-Edition_README,md,4559,d9d8c59c0ab41c5c7e0f5e141346bb28a0d2e314
