full_path,relative_path_to_file,filename_with_extension,file_stem,extension,filesize,sha1
logs/MGS2-Demastered-Substance-Edition_Game.log,logs,MGS2-Demastered-Substance-Edition_Game.log,MGS2-Demastered-Substance-Edition_Game,log,4375,3e8e842512940016fb3d360bc56964fd9929bb5a
logs/MGS2-Demastered-Substance-Edition_Launcher.log,logs,MGS2-Demastered-Substance-Edition_Launcher.log,MGS2-Demastered-Substance-Edition_Launcher,log,4375,3e8e842512940016fb3d360bc56964fd9929bb5a
plugins/MGS2-Demastered-Substance-Edition.asi,plugins,MGS2-Demastered-Substance-Edition.asi,MGS2-Demastered-Substance-Edition,asi,921600,2fdddf94750392bab1b7c4ec0632b9811fc1ce22
plugins/MGS2-Demastered-Substance-Edition.ini,plugins,MGS2-Demastered-Substance-Edition.ini,MGS2-Demastered-Substance-Edition,ini,367,89c13d2be088de084968a647d59b7be0e4547beb
textures/flatlist/ovr_stm/ovr_eu/_win/door_b00.bmp.ctxr,textures/flatlist/ovr_stm/ovr_eu/_win,door_b00.bmp.ctxr,door_b00.bmp,ctxr,1398528,f79f31c8fcbd1876e67c86afc9c53219d7c7dcf5
textures/flatlist/ovr_stm/ovr_eu/_win/d_oil_ref_add_alp_ovl_mod1120.bmp.ctxr,textures/flatlist/ovr_stm/ovr_eu/_win,d_oil_ref_add_alp_ovl_mod1120.bmp.ctxr,d_oil_ref_add_alp_ovl_mod1120.bmp,ctxr,5592864,ab79989eb69fe6d22b4cd892a6cee67707aa6488
textures/flatlist/ovr_stm/ovr_eu/_win/ghost_pos.bmp.ctxr,textures/flatlist/ovr_stm/ovr_eu/_win,ghost_pos.bmp.ctxr,ghost_pos.bmp,ctxr,5592864,aef476faa4596c1143587fe571a9dd3196250184
textures/flatlist/ovr_stm/ovr_eu/_win/iro_boots.bmp.ctxr,textures/flatlist/ovr_stm/ovr_eu/_win,iro_boots.bmp.ctxr,iro_boots.bmp,ctxr,1398528,9b3803c3844eee9a7c6862aae3d1ee8fb15d02a1
textures/flatlist/ovr_stm/ovr_eu/_win/iro_hair_base.bmp.ctxr,textures/flatlist/ovr_stm/ovr_eu/_win,iro_hair_base.bmp.ctxr,iro_hair_base.bmp,ctxr,2796672,f08224b3aeb8eb5fe1ed537bac98ddef73a942eb
textures/flatlist/ovr_stm/ovr_eu/_win/iro_hi_face.bmp.ctxr,textures/flatlist/ovr_stm/ovr_eu/_win,iro_hi_face.bmp.ctxr,iro_hi_face.bmp,ctxr,5592896,d223ea5878b0c3f13b675db943d1cccfb5c12486
textures/flatlist/ovr_stm/ovr_eu/_win/iro_hi_face_bandage.bmp.ctxr,textures/flatlist/ovr_stm/ovr_eu/_win,iro_hi_face_bandage.bmp.ctxr,iro_hi_face_bandage.bmp,ctxr,5592896,f34c430d86886001f3423f739ec03db1eeaf1f92
textures/flatlist/ovr_stm/ovr_eu/_win/iro_snawear.bmp.ctxr,textures/flatlist/ovr_stm/ovr_eu/_win,iro_snawear.bmp.ctxr,iro_snawear.bmp,ctxr,5760,9e0c8c9eb74b59e9882378c1ad0d79ebc555de9e
textures/flatlist/ovr_stm/ovr_eu/_win/m3l_gou_02msk.bmp.ctxr,textures/flatlist/ovr_stm/ovr_eu/_win,m3l_gou_02msk.bmp.ctxr,m3l_gou_02msk.bmp,ctxr,175168,1e13d19e6f8f7051e4b0a48639a74598d3f5e604
textures/flatlist/ovr_stm/ovr_eu/_win/megami.bmp.ctxr,textures/flatlist/ovr_stm/ovr_eu/_win,megami.bmp.ctxr,megami.bmp,ctxr,349920,8456971db14b9e8ef64c9f590ee238539b9cacde
textures/flatlist/ovr_stm/ovr_eu/_win/n_oil_ref_add_alp_ovl_mod1120.bmp.ctxr,textures/flatlist/ovr_stm/ovr_eu/_win,n_oil_ref_add_alp_ovl_mod1120.bmp.ctxr,n_oil_ref_add_alp_ovl_mod1120.bmp,ctxr,5592864,fba6b8c6e3b504e907d236e0961f4f099d9157f1
textures/flatlist/ovr_stm/ovr_eu/_win/org_chest.bmp.ctxr,textures/flatlist/ovr_stm/ovr_eu/_win,org_chest.bmp.ctxr,org_chest.bmp,ctxr,2796672,d98a3426a8e3dd83617e3afbb5f9c3c5b4de5c23
textures/flatlist/ovr_stm/ovr_eu/_win/police_pos.bmp.ctxr,textures/flatlist/ovr_stm/ovr_eu/_win,police_pos.bmp.ctxr,police_pos.bmp,ctxr,5592864,fe119a87ee3ed426cbdeb2e9250ebeb8dab10cc0
textures/flatlist/ovr_stm/ovr_eu/_win/sel_bag2blood.bmp.ctxr,textures/flatlist/ovr_stm/ovr_eu/_win,sel_bag2blood.bmp.ctxr,sel_bag2blood.bmp,ctxr,349920,6dbee79b6d2a882dbefc0b974b730f0813f44af3
textures/flatlist/ovr_stm/ovr_eu/_win/sel_boots.bmp.ctxr,textures/flatlist/ovr_stm/ovr_eu/_win,sel_boots.bmp.ctxr,sel_boots.bmp,ctxr,1398528,3f5c66a2c545466607cddf78320613836c5e79b7
textures/flatlist/ovr_stm/ovr_eu/_win/sna_body_ss01dt.bmp.ctxr,textures/flatlist/ovr_stm/ovr_eu/_win,sna_body_ss01dt.bmp.ctxr,sna_body_ss01dt.bmp,ctxr,2796672,cd8fd25cb9313a0ed2e69b7b90e50d9cc715996b
textures/flatlist/ovr_stm/ovr_eu/_win/sna_hair1_alp_ovl.bmp.ctxr,textures/flatlist/ovr_stm/ovr_eu/_win,sna_hair1_alp_ovl.bmp.ctxr,sna_hair1_alp_ovl.bmp,ctxr,175168,3915b9cc8c7071ab8f00433e9d60ea00cf1c3918
textures/flatlist/ovr_stm/ovr_eu/_win/sna_hi_face_shave.bmp.ctxr,textures/flatlist/ovr_stm/ovr_eu/_win,sna_hi_face_shave.bmp.ctxr,sna_hi_face_shave.bmp,ctxr,5592896,3e9786230316ba0dd04668f6c42bbf23b28bb5c3
textures/flatlist/ovr_stm/ovr_eu/_win/s_oil_ref_add_alp_ovl_mod1120.bmp.ctxr,textures/flatlist/ovr_stm/ovr_eu/_win,s_oil_ref_add_alp_ovl_mod1120.bmp.ctxr,s_oil_ref_add_alp_ovl_mod1120.bmp,ctxr,5592864,96ac39c5c2976b25b88ed66389ec4aaaf7626c27
textures/flatlist/ovr_stm/ovr_eu/_win/w00a_pol1.bmp.ctxr,textures/flatlist/ovr_stm/ovr_eu/_win,w00a_pol1.bmp.ctxr,w00a_pol1.bmp,ctxr,175168,6de4da7a24403ac12855394b8ccc087d5f037338
textures/flatlist/ovr_stm/ovr_eu/_win/w01a0_box00.bmp.ctxr,textures/flatlist/ovr_stm/ovr_eu/_win,w01a0_box00.bmp.ctxr,w01a0_box00.bmp,ctxr,175168,cb3a5ccb7dd03cd5f870ddecb212532fb7cd1df4
textures/flatlist/ovr_stm/ovr_eu/_win/w01a0_box002.bmp.ctxr,textures/flatlist/ovr_stm/ovr_eu/_win,w01a0_box002.bmp.ctxr,w01a0_box002.bmp,ctxr,175168,13957b512701a3263139aef6dc18c1fc99b3f87f
textures/flatlist/ovr_stm/ovr_eu/_win/w01a0_fl00_bld080_ovl.bmp.ctxr,textures/flatlist/ovr_stm/ovr_eu/_win,w01a0_fl00_bld080_ovl.bmp.ctxr,w01a0_fl00_bld080_ovl.bmp,ctxr,2796672,e573b5be0ad8244659c9a6a7f3e785a50f1513b3
textures/flatlist/ovr_stm/ovr_eu/_win/w01a0_fl02_bld080_ovl.bmp.ctxr,textures/flatlist/ovr_stm/ovr_eu/_win,w01a0_fl02_bld080_ovl.bmp.ctxr,w01a0_fl02_bld080_ovl.bmp,ctxr,2796672,1ff169beb678c0f884171c12059b11458321fd73
textures/flatlist/ovr_stm/ovr_eu/_win/w01b_wlp03_bld075_ovl.bmp.ctxr,textures/flatlist/ovr_stm/ovr_eu/_win,w01b_wlp03_bld075_ovl.bmp.ctxr,w01b_wlp03_bld075_ovl.bmp,ctxr,349920,ec8cf716907e8154a183f4551c1f9aaadd875f19
textures/flatlist/ovr_stm/ovr_eu/_win/w01c_flp00_bld095_ovl.bmp.ctxr,textures/flatlist/ovr_stm/ovr_eu/_win,w01c_flp00_bld095_ovl.bmp.ctxr,w01c_flp00_bld095_ovl.bmp,ctxr,349952,6381fa47957c009692073a20d31c1ef7ae92e238
textures/flatlist/ovr_stm/ovr_eu/_win/w03a_pp02.bmp_09b1a01b9996f568e8ca8e878bee4475.ctxr,textures/flatlist/ovr_stm/ovr_eu/_win,w03a_pp02.bmp_09b1a01b9996f568e8ca8e878bee4475.ctxr,w03a_pp02.bmp_09b1a01b9996f568e8ca8e878bee4475,ctxr,1398560,b922ad2856ffe6b9e88418052aa15e5b2e947d38
textures/flatlist/ovr_stm/ovr_eu/_win/w11a2_closed_shatter.bmp.ctxr,textures/flatlist/ovr_stm/ovr_eu/_win,w11a2_closed_shatter.bmp.ctxr,w11a2_closed_shatter.bmp,ctxr,2796672,4c33f4a2cd15686c9117f4bbcbfce0f1896b7e60
textures/flatlist/ovr_stm/ovr_eu/_win/w11_drum_f1.bmp.ctxr,textures/flatlist/ovr_stm/ovr_eu/_win,w11_drum_f1.bmp.ctxr,w11_drum_f1.bmp,ctxr,699488,9d676da4657d08e6e2769fda5b1e3dd75a43cab5
textures/flatlist/ovr_stm/ovr_eu/_win/w24a_flag_usa.bmp.ctxr,textures/flatlist/ovr_stm/ovr_eu/_win,w24a_flag_usa.bmp.ctxr,w24a_flag_usa.bmp,ctxr,1398528,a28eebbfaeafcff28b35ca7ab16a3cd2c5672145
textures/flatlist/ovr_stm/ovr_eu/_win/w24c1_rev_disp_01.bmp.ctxr,textures/flatlist/ovr_stm/ovr_eu/_win,w24c1_rev_disp_01.bmp.ctxr,w24c1_rev_disp_01.bmp,ctxr,1398528,c810f21468b46a0d6947706de91e440d9a03d21c
textures/flatlist/ovr_stm/ovr_eu/_win/w32a_asi00.bmp.ctxr,textures/flatlist/ovr_stm/ovr_eu/_win,w32a_asi00.bmp.ctxr,w32a_asi00.bmp,ctxr,2796672,e5007e30a9088eb768b83086fcd3157f3465ca94
textures/flatlist/ovr_stm/ovr_eu/_win/w43a_wall_right_08_alp_ovl.bmp.ctxr,textures/flatlist/ovr_stm/ovr_eu/_win,w43a_wall_right_08_alp_ovl.bmp.ctxr,w43a_wall_right_08_alp_ovl.bmp,ctxr,1398528,499567ff79c3303a2219374c9c5a1ae8d06fd3d8
textures/flatlist/ovr_stm/ovr_eu/_win/zoe_pos_n.bmp.ctxr,textures/flatlist/ovr_stm/ovr_eu/_win,zoe_pos_n.bmp.ctxr,zoe_pos_n.bmp,ctxr,5592864,5b17ac72635ccd039e1491bdfb69287458e51625
textures/flatlist/ovr_stm/ovr_jp/_win/door_b00.bmp.ctxr,textures/flatlist/ovr_stm/ovr_jp/_win,door_b00.bmp.ctxr,door_b00.bmp,ctxr,1398528,f79f31c8fcbd1876e67c86afc9c53219d7c7dcf5
textures/flatlist/ovr_stm/ovr_jp/_win/d_oil_ref_add_alp_ovl_mod1120.bmp.ctxr,textures/flatlist/ovr_stm/ovr_jp/_win,d_oil_ref_add_alp_ovl_mod1120.bmp.ctxr,d_oil_ref_add_alp_ovl_mod1120.bmp,ctxr,5592864,ab79989eb69fe6d22b4cd892a6cee67707aa6488
textures/flatlist/ovr_stm/ovr_jp/_win/ghost_pos.bmp.ctxr,textures/flatlist/ovr_stm/ovr_jp/_win,ghost_pos.bmp.ctxr,ghost_pos.bmp,ctxr,5592864,aef476faa4596c1143587fe571a9dd3196250184
textures/flatlist/ovr_stm/ovr_jp/_win/iro_boots.bmp.ctxr,textures/flatlist/ovr_stm/ovr_jp/_win,iro_boots.bmp.ctxr,iro_boots.bmp,ctxr,1398528,9b3803c3844eee9a7c6862aae3d1ee8fb15d02a1
textures/flatlist/ovr_stm/ovr_jp/_win/iro_hair_base.bmp.ctxr,textures/flatlist/ovr_stm/ovr_jp/_win,iro_hair_base.bmp.ctxr,iro_hair_base.bmp,ctxr,2796672,f08224b3aeb8eb5fe1ed537bac98ddef73a942eb
textures/flatlist/ovr_stm/ovr_jp/_win/iro_hi_face.bmp.ctxr,textures/flatlist/ovr_stm/ovr_jp/_win,iro_hi_face.bmp.ctxr,iro_hi_face.bmp,ctxr,5592896,d223ea5878b0c3f13b675db943d1cccfb5c12486
textures/flatlist/ovr_stm/ovr_jp/_win/iro_hi_face_bandage.bmp.ctxr,textures/flatlist/ovr_stm/ovr_jp/_win,iro_hi_face_bandage.bmp.ctxr,iro_hi_face_bandage.bmp,ctxr,5592896,f34c430d86886001f3423f739ec03db1eeaf1f92
textures/flatlist/ovr_stm/ovr_jp/_win/iro_snawear.bmp.ctxr,textures/flatlist/ovr_stm/ovr_jp/_win,iro_snawear.bmp.ctxr,iro_snawear.bmp,ctxr,5760,9e0c8c9eb74b59e9882378c1ad0d79ebc555de9e
textures/flatlist/ovr_stm/ovr_jp/_win/m3l_gou_02msk.bmp.ctxr,textures/flatlist/ovr_stm/ovr_jp/_win,m3l_gou_02msk.bmp.ctxr,m3l_gou_02msk.bmp,ctxr,175168,1e13d19e6f8f7051e4b0a48639a74598d3f5e604
textures/flatlist/ovr_stm/ovr_jp/_win/megami.bmp.ctxr,textures/flatlist/ovr_stm/ovr_jp/_win,megami.bmp.ctxr,megami.bmp,ctxr,349920,8456971db14b9e8ef64c9f590ee238539b9cacde
textures/flatlist/ovr_stm/ovr_jp/_win/n_oil_ref_add_alp_ovl_mod1120.bmp.ctxr,textures/flatlist/ovr_stm/ovr_jp/_win,n_oil_ref_add_alp_ovl_mod1120.bmp.ctxr,n_oil_ref_add_alp_ovl_mod1120.bmp,ctxr,5592864,fba6b8c6e3b504e907d236e0961f4f099d9157f1
textures/flatlist/ovr_stm/ovr_jp/_win/org_chest.bmp.ctxr,textures/flatlist/ovr_stm/ovr_jp/_win,org_chest.bmp.ctxr,org_chest.bmp,ctxr,2796672,d98a3426a8e3dd83617e3afbb5f9c3c5b4de5c23
textures/flatlist/ovr_stm/ovr_jp/_win/police_pos.bmp.ctxr,textures/flatlist/ovr_stm/ovr_jp/_win,police_pos.bmp.ctxr,police_pos.bmp,ctxr,5592864,fe119a87ee3ed426cbdeb2e9250ebeb8dab10cc0
textures/flatlist/ovr_stm/ovr_jp/_win/sel_bag2blood.bmp.ctxr,textures/flatlist/ovr_stm/ovr_jp/_win,sel_bag2blood.bmp.ctxr,sel_bag2blood.bmp,ctxr,349920,6dbee79b6d2a882dbefc0b974b730f0813f44af3
textures/flatlist/ovr_stm/ovr_jp/_win/sel_boots.bmp.ctxr,textures/flatlist/ovr_stm/ovr_jp/_win,sel_boots.bmp.ctxr,sel_boots.bmp,ctxr,1398528,3f5c66a2c545466607cddf78320613836c5e79b7
textures/flatlist/ovr_stm/ovr_jp/_win/sna_body_ss01dt.bmp.ctxr,textures/flatlist/ovr_stm/ovr_jp/_win,sna_body_ss01dt.bmp.ctxr,sna_body_ss01dt.bmp,ctxr,2796672,cd8fd25cb9313a0ed2e69b7b90e50d9cc715996b
textures/flatlist/ovr_stm/ovr_jp/_win/sna_hair1_alp_ovl.bmp.ctxr,textures/flatlist/ovr_stm/ovr_jp/_win,sna_hair1_alp_ovl.bmp.ctxr,sna_hair1_alp_ovl.bmp,ctxr,175168,3915b9cc8c7071ab8f00433e9d60ea00cf1c3918
textures/flatlist/ovr_stm/ovr_jp/_win/sna_hi_face_shave.bmp.ctxr,textures/flatlist/ovr_stm/ovr_jp/_win,sna_hi_face_shave.bmp.ctxr,sna_hi_face_shave.bmp,ctxr,5592896,3e9786230316ba0dd04668f6c42bbf23b28bb5c3
textures/flatlist/ovr_stm/ovr_jp/_win/s_oil_ref_add_alp_ovl_mod1120.bmp.ctxr,textures/flatlist/ovr_stm/ovr_jp/_win,s_oil_ref_add_alp_ovl_mod1120.bmp.ctxr,s_oil_ref_add_alp_ovl_mod1120.bmp,ctxr,5592864,96ac39c5c2976b25b88ed66389ec4aaaf7626c27
textures/flatlist/ovr_stm/ovr_jp/_win/w00a_pol1.bmp.ctxr,textures/flatlist/ovr_stm/ovr_jp/_win,w00a_pol1.bmp.ctxr,w00a_pol1.bmp,ctxr,175168,6de4da7a24403ac12855394b8ccc087d5f037338
textures/flatlist/ovr_stm/ovr_jp/_win/w01a0_box00.bmp.ctxr,textures/flatlist/ovr_stm/ovr_jp/_win,w01a0_box00.bmp.ctxr,w01a0_box00.bmp,ctxr,175168,cb3a5ccb7dd03cd5f870ddecb212532fb7cd1df4
textures/flatlist/ovr_stm/ovr_jp/_win/w01a0_box002.bmp.ctxr,textures/flatlist/ovr_stm/ovr_jp/_win,w01a0_box002.bmp.ctxr,w01a0_box002.bmp,ctxr,175168,13957b512701a3263139aef6dc18c1fc99b3f87f
textures/flatlist/ovr_stm/ovr_jp/_win/w01a0_fl00_bld080_ovl.bmp.ctxr,textures/flatlist/ovr_stm/ovr_jp/_win,w01a0_fl00_bld080_ovl.bmp.ctxr,w01a0_fl00_bld080_ovl.bmp,ctxr,2796672,e573b5be0ad8244659c9a6a7f3e785a50f1513b3
textures/flatlist/ovr_stm/ovr_jp/_win/w01a0_fl02_bld080_ovl.bmp.ctxr,textures/flatlist/ovr_stm/ovr_jp/_win,w01a0_fl02_bld080_ovl.bmp.ctxr,w01a0_fl02_bld080_ovl.bmp,ctxr,2796672,1ff169beb678c0f884171c12059b11458321fd73
textures/flatlist/ovr_stm/ovr_jp/_win/w01b_wlp03_bld075_ovl.bmp.ctxr,textures/flatlist/ovr_stm/ovr_jp/_win,w01b_wlp03_bld075_ovl.bmp.ctxr,w01b_wlp03_bld075_ovl.bmp,ctxr,349920,ec8cf716907e8154a183f4551c1f9aaadd875f19
textures/flatlist/ovr_stm/ovr_jp/_win/w01c_flp00_bld095_ovl.bmp.ctxr,textures/flatlist/ovr_stm/ovr_jp/_win,w01c_flp00_bld095_ovl.bmp.ctxr,w01c_flp00_bld095_ovl.bmp,ctxr,349952,6381fa47957c009692073a20d31c1ef7ae92e238
textures/flatlist/ovr_stm/ovr_jp/_win/w03a_pp02.bmp_09b1a01b9996f568e8ca8e878bee4475.ctxr,textures/flatlist/ovr_stm/ovr_jp/_win,w03a_pp02.bmp_09b1a01b9996f568e8ca8e878bee4475.ctxr,w03a_pp02.bmp_09b1a01b9996f568e8ca8e878bee4475,ctxr,1398560,b922ad2856ffe6b9e88418052aa15e5b2e947d38
textures/flatlist/ovr_stm/ovr_jp/_win/w11a2_closed_shatter.bmp.ctxr,textures/flatlist/ovr_stm/ovr_jp/_win,w11a2_closed_shatter.bmp.ctxr,w11a2_closed_shatter.bmp,ctxr,2796672,4c33f4a2cd15686c9117f4bbcbfce0f1896b7e60
textures/flatlist/ovr_stm/ovr_jp/_win/w11_drum_f1.bmp.ctxr,textures/flatlist/ovr_stm/ovr_jp/_win,w11_drum_f1.bmp.ctxr,w11_drum_f1.bmp,ctxr,699488,9d676da4657d08e6e2769fda5b1e3dd75a43cab5
textures/flatlist/ovr_stm/ovr_jp/_win/w24a_flag_usa.bmp.ctxr,textures/flatlist/ovr_stm/ovr_jp/_win,w24a_flag_usa.bmp.ctxr,w24a_flag_usa.bmp,ctxr,1398528,a28eebbfaeafcff28b35ca7ab16a3cd2c5672145
textures/flatlist/ovr_stm/ovr_jp/_win/w24c1_rev_disp_01.bmp.ctxr,textures/flatlist/ovr_stm/ovr_jp/_win,w24c1_rev_disp_01.bmp.ctxr,w24c1_rev_disp_01.bmp,ctxr,1398528,c810f21468b46a0d6947706de91e440d9a03d21c
textures/flatlist/ovr_stm/ovr_jp/_win/w32a_asi00.bmp.ctxr,textures/flatlist/ovr_stm/ovr_jp/_win,w32a_asi00.bmp.ctxr,w32a_asi00.bmp,ctxr,2796672,e5007e30a9088eb768b83086fcd3157f3465ca94
textures/flatlist/ovr_stm/ovr_jp/_win/w43a_wall_right_08_alp_ovl.bmp.ctxr,textures/flatlist/ovr_stm/ovr_jp/_win,w43a_wall_right_08_alp_ovl.bmp.ctxr,w43a_wall_right_08_alp_ovl.bmp,ctxr,1398528,499567ff79c3303a2219374c9c5a1ae8d06fd3d8
textures/flatlist/ovr_stm/ovr_jp/_win/zoe_pos_n.bmp.ctxr,textures/flatlist/ovr_stm/ovr_jp/_win,zoe_pos_n.bmp.ctxr,zoe_pos_n.bmp,ctxr,5592864,5b17ac72635ccd039e1491bdfb69287458e51625
textures/flatlist/ovr_stm/_win/000062b9.ctxr,textures/flatlist/ovr_stm/_win,000062b9.ctxr,000062b9,ctxr,87744,0178801e2515086d7dda01914913860d2ce51b6e
textures/flatlist/ovr_stm/_win/00006739.ctxr,textures/flatlist/ovr_stm/_win,00006739.ctxr,00006739,ctxr,87744,8bdce0347a8de4203c5800688d83e3ebc0ec66c1
textures/flatlist/ovr_stm/_win/0016cb7f.ctxr,textures/flatlist/ovr_stm/_win,0016cb7f.ctxr,0016cb7f,ctxr,5592864,75c6d19a9a16e4cb04998b4ca6a6f528fc396988
textures/flatlist/ovr_stm/_win/00180189.ctxr,textures/flatlist/ovr_stm/_win,00180189.ctxr,00180189,ctxr,87744,d879f7abd3d65787b3860d5e8851cf30f99d1b51
textures/flatlist/ovr_stm/_win/003f0404.ctxr,textures/flatlist/ovr_stm/_win,003f0404.ctxr,003f0404,ctxr,5592864,0f10dd51f90d2b15fed7a7f6a4c0cc19f8db0ce9
textures/flatlist/ovr_stm/_win/004b2a01.ctxr,textures/flatlist/ovr_stm/_win,004b2a01.ctxr,004b2a01,ctxr,5592864,c3522a89dda6b0db6a837d4575d3d2887e92f08c
textures/flatlist/ovr_stm/_win/0050bfc5.ctxr,textures/flatlist/ovr_stm/_win,0050bfc5.ctxr,0050bfc5,ctxr,349920,5b22b06b0ff72c1961ec1b1118546e70fa31d4c3
textures/flatlist/ovr_stm/_win/0055b270.ctxr,textures/flatlist/ovr_stm/_win,0055b270.ctxr,0055b270,ctxr,87744,03d69d2e74f2e098ff8e2469ebdaba3b1e3b8153
textures/flatlist/ovr_stm/_win/006262b9.ctxr,textures/flatlist/ovr_stm/_win,006262b9.ctxr,006262b9,ctxr,349920,f1c2a35fe473cf7237960267540b556e7b7d8c77
textures/flatlist/ovr_stm/_win/00626739.ctxr,textures/flatlist/ovr_stm/_win,00626739.ctxr,00626739,ctxr,349920,fac4597a147f4d6ea13cc3453168ff43c8e26af2
textures/flatlist/ovr_stm/_win/007a0189.ctxr,textures/flatlist/ovr_stm/_win,007a0189.ctxr,007a0189,ctxr,349920,fdb43cdf0e6aa000f0cad0baed65c6c8423d4b3d
textures/flatlist/ovr_stm/_win/009720e7.ctxr,textures/flatlist/ovr_stm/_win,009720e7.ctxr,009720e7,ctxr,1398528,d9ea2dbd6933c2503c234906d7208d7a8c76e5f3
textures/flatlist/ovr_stm/_win/00b7b270.ctxr,textures/flatlist/ovr_stm/_win,00b7b270.ctxr,00b7b270,ctxr,349920,ab3fcb9861ae2211e70244cf5e62ea5938b63c10
textures/flatlist/ovr_stm/_win/00b8cb7a.ctxr,textures/flatlist/ovr_stm/_win,00b8cb7a.ctxr,00b8cb7a,ctxr,1398528,286526ded5d69e1bfd2e6307bba33e189c8554fe
textures/flatlist/ovr_stm/_win/00e103ff.ctxr,textures/flatlist/ovr_stm/_win,00e103ff.ctxr,00e103ff,ctxr,1398528,d7865b98b77f0b8c8d1ffacc51910530ac4fe138
textures/flatlist/ovr_stm/_win/00ed29fc.ctxr,textures/flatlist/ovr_stm/_win,00ed29fc.ctxr,00ed29fc,ctxr,1398528,2a9dbeb4f7d98db0d8b58d6412f678e13c781019
textures/flatlist/ovr_stm/_win/00edb9fc.ctxr,textures/flatlist/ovr_stm/_win,00edb9fc.ctxr,00edb9fc,ctxr,1398528,25b5e2240dee61c6afaa3aee07227746c4a0e9cc
textures/flatlist/ovr_stm/_win/00eebfc4.ctxr,textures/flatlist/ovr_stm/_win,00eebfc4.ctxr,00eebfc4,ctxr,87744,e4a0b101428820c829e4ce117463610a5b367d8e
textures/flatlist/ovr_stm/_win/00f520eb.ctxr,textures/flatlist/ovr_stm/_win,00f520eb.ctxr,00f520eb,ctxr,5592864,6372416dbdee20adb96262e2d6525b5dfb6ab7af
textures/flatlist/ovr_stm/_win/0wall1mi.bmp.ctxr,textures/flatlist/ovr_stm/_win,0wall1mi.bmp.ctxr,0wall1mi.bmp,ctxr,699520,1a248f4559bf947796e2d5c4f929caf2859ba36a
textures/flatlist/ovr_stm/_win/0wall1mi2.bmp.ctxr,textures/flatlist/ovr_stm/_win,0wall1mi2.bmp.ctxr,0wall1mi2.bmp,ctxr,175168,5e06b9ef33702002addda2b9dbc802b1b0cbf9ad
textures/flatlist/ovr_stm/_win/0wall1sita.bmp.ctxr,textures/flatlist/ovr_stm/_win,0wall1sita.bmp.ctxr,0wall1sita.bmp,ctxr,699488,c80f1ccc02fe25477eaa84c68e575bb2f3d9bc23
textures/flatlist/ovr_stm/_win/0wall1_2.bmp.ctxr,textures/flatlist/ovr_stm/_win,0wall1_2.bmp.ctxr,0wall1_2.bmp,ctxr,1398528,204fd614d1304eb93ad5df23fbb1b8075bd9fcf5
textures/flatlist/ovr_stm/_win/0wall1_60s.bmp.ctxr,textures/flatlist/ovr_stm/_win,0wall1_60s.bmp.ctxr,0wall1_60s.bmp,ctxr,699520,89b683afc0d3f0c4da6895a5e567f13726af8344
textures/flatlist/ovr_stm/_win/1wallu2.bmp.ctxr,textures/flatlist/ovr_stm/_win,1wallu2.bmp.ctxr,1wallu2.bmp,ctxr,2796672,5214885aa93167c11ac0407228c0bec6f049bd11
textures/flatlist/ovr_stm/_win/1wallu3.bmp.ctxr,textures/flatlist/ovr_stm/_win,1wallu3.bmp.ctxr,1wallu3.bmp,ctxr,2796672,b1e778418aac6972ef2280519f297fdabfa91ecd
textures/flatlist/ovr_stm/_win/1wallu4.bmp.ctxr,textures/flatlist/ovr_stm/_win,1wallu4.bmp.ctxr,1wallu4.bmp,ctxr,1398560,ea374c63e581fc04bef2458cbcd39d22268bdf46
textures/flatlist/ovr_stm/_win/1wallup.bmp.ctxr,textures/flatlist/ovr_stm/_win,1wallup.bmp.ctxr,1wallup.bmp,ctxr,5592864,7ee158c8e12562a883b869990b3f42298c18a97b
textures/flatlist/ovr_stm/_win/a24d2_pane03_alp.bmp.ctxr,textures/flatlist/ovr_stm/_win,a24d2_pane03_alp.bmp.ctxr,a24d2_pane03_alp.bmp,ctxr,5592864,854e6fd6e652ad834e12d8a4dbf381d7eadde55f
textures/flatlist/ovr_stm/_win/a24d2_pane04_alp.bmp.ctxr,textures/flatlist/ovr_stm/_win,a24d2_pane04_alp.bmp.ctxr,a24d2_pane04_alp.bmp,ctxr,5592864,7defd7e9d62d49ab3cdef975bb3841f724c3456d
textures/flatlist/ovr_stm/_win/ag_rouka_ent.bmp.ctxr,textures/flatlist/ovr_stm/_win,ag_rouka_ent.bmp.ctxr,ag_rouka_ent.bmp,ctxr,2796672,9279bb6c044c361b989b95dccb27946d02f2a1bd
textures/flatlist/ovr_stm/_win/ag_rouka_floor_01.bmp.ctxr,textures/flatlist/ovr_stm/_win,ag_rouka_floor_01.bmp.ctxr,ag_rouka_floor_01.bmp,ctxr,2796672,3f350217286193c96e979b8d019144265069e08e
textures/flatlist/ovr_stm/_win/ag_rouka_floor_02.bmp.ctxr,textures/flatlist/ovr_stm/_win,ag_rouka_floor_02.bmp.ctxr,ag_rouka_floor_02.bmp,ctxr,2796672,384e3b98db8da5b6ef7d63c8c174c7c172382151
textures/flatlist/ovr_stm/_win/ag_rouka_wall_01.bmp.ctxr,textures/flatlist/ovr_stm/_win,ag_rouka_wall_01.bmp.ctxr,ag_rouka_wall_01.bmp,ctxr,2796672,6c10d374c392be14550afc0c3728d600e3f21f18
textures/flatlist/ovr_stm/_win/ag_rouka_wall_02.bmp.ctxr,textures/flatlist/ovr_stm/_win,ag_rouka_wall_02.bmp.ctxr,ag_rouka_wall_02.bmp,ctxr,5592864,129d441c069748a58b21d4185e70f45aab009983
textures/flatlist/ovr_stm/_win/ag_rouka_wall_03.bmp.ctxr,textures/flatlist/ovr_stm/_win,ag_rouka_wall_03.bmp.ctxr,ag_rouka_wall_03.bmp,ctxr,2796672,d0b2f4ac327a0d3a0380c7961e6550ebd6a95701
textures/flatlist/ovr_stm/_win/aks_demo_amo.bmp.ctxr,textures/flatlist/ovr_stm/_win,aks_demo_amo.bmp.ctxr,aks_demo_amo.bmp,ctxr,87744,b346941815a21449e19019fd4dee2371a67bcd16
textures/flatlist/ovr_stm/_win/aks_jyuukou.bmp.ctxr,textures/flatlist/ovr_stm/_win,aks_jyuukou.bmp.ctxr,aks_jyuukou.bmp,ctxr,87744,b2f47d1ba857fa2ff6725b0b2ad918d8c4f4855b
textures/flatlist/ovr_stm/_win/aks_sb_s.bmp.ctxr,textures/flatlist/ovr_stm/_win,aks_sb_s.bmp.ctxr,aks_sb_s.bmp,ctxr,699488,8eb7f057c0c55952a5d6af883b5a0211e6c11498
textures/flatlist/ovr_stm/_win/aks_sb_s.bmp_73f39fdb33d46a0ad4126ed3d411da41.ctxr,textures/flatlist/ovr_stm/_win,aks_sb_s.bmp_73f39fdb33d46a0ad4126ed3d411da41.ctxr,aks_sb_s.bmp_73f39fdb33d46a0ad4126ed3d411da41,ctxr,699488,471b199e019238d6ea3d6b5043a1683336a44dfa
textures/flatlist/ovr_stm/_win/aks_selecter.bmp.ctxr,textures/flatlist/ovr_stm/_win,aks_selecter.bmp.ctxr,aks_selecter.bmp,ctxr,87776,8811cb7bfa206a969054fc8f9f17684bac273bb6
textures/flatlist/ovr_stm/_win/amg_main1.bmp.ctxr,textures/flatlist/ovr_stm/_win,amg_main1.bmp.ctxr,amg_main1.bmp,ctxr,22370112,6156b733c11c2de691346eb70fb5dbf717c1a586
textures/flatlist/ovr_stm/_win/amg_mizo1_bright.bmp.ctxr,textures/flatlist/ovr_stm/_win,amg_mizo1_bright.bmp.ctxr,amg_mizo1_bright.bmp,ctxr,699520,5bfee2d11dc4cd739693e10b1c4622a052ceeb42
textures/flatlist/ovr_stm/_win/bood.bmp.ctxr,textures/flatlist/ovr_stm/_win,bood.bmp.ctxr,bood.bmp,ctxr,699488,0cc24d6b9307e1ca60dc1cc30a7deccb61c8f692
textures/flatlist/ovr_stm/_win/bood2.bmp.ctxr,textures/flatlist/ovr_stm/_win,bood2.bmp.ctxr,bood2.bmp,ctxr,1398528,49749dc2f6f351ce2fd8a4786b0a662895dfeb86
textures/flatlist/ovr_stm/_win/box_10.bmp.ctxr,textures/flatlist/ovr_stm/_win,box_10.bmp.ctxr,box_10.bmp,ctxr,349920,f82dc9aea415cfd955d9f07ef59ec1ee9a1d2575
textures/flatlist/ovr_stm/_win/box_11.bmp.ctxr,textures/flatlist/ovr_stm/_win,box_11.bmp.ctxr,box_11.bmp,ctxr,175168,6c9f226c686f1fd92a82cb23c7db4c917c2cbd1c
textures/flatlist/ovr_stm/_win/box_16.bmp.ctxr,textures/flatlist/ovr_stm/_win,box_16.bmp.ctxr,box_16.bmp,ctxr,349920,46e9b4ed2bff019612db3808bade1723379083a5
textures/flatlist/ovr_stm/_win/box_s_02_side02.bmp.ctxr,textures/flatlist/ovr_stm/_win,box_s_02_side02.bmp.ctxr,box_s_02_side02.bmp,ctxr,87776,d1fdbb4a48f684c7950fcbbdfff390e3b1768b70
textures/flatlist/ovr_stm/_win/box_s_02_top.bmp.ctxr,textures/flatlist/ovr_stm/_win,box_s_02_top.bmp.ctxr,box_s_02_top.bmp,ctxr,175168,08324eb181f98ff6881606d799e8fabf255aade6
textures/flatlist/ovr_stm/_win/box_s_05_side.bmp.ctxr,textures/flatlist/ovr_stm/_win,box_s_05_side.bmp.ctxr,box_s_05_side.bmp,ctxr,87776,2dbe6a8b527d17b51c8be75393fe0f913828bab3
textures/flatlist/ovr_stm/_win/box_s_05_top.bmp.ctxr,textures/flatlist/ovr_stm/_win,box_s_05_top.bmp.ctxr,box_s_05_top.bmp,ctxr,175168,18a9f1d94fe1e906c30a9d35c8eb97ade24c1b5f
textures/flatlist/ovr_stm/_win/box_s_07_back.bmp.ctxr,textures/flatlist/ovr_stm/_win,box_s_07_back.bmp.ctxr,box_s_07_back.bmp,ctxr,44064,2b55bc02cc93b2587675c27c0a6504e06f4391bb
textures/flatlist/ovr_stm/_win/box_s_07_side.bmp.ctxr,textures/flatlist/ovr_stm/_win,box_s_07_side.bmp.ctxr,box_s_07_side.bmp,ctxr,44064,0f938b1bc840201c6fe0c5cfda10367bfcf0afc7
textures/flatlist/ovr_stm/_win/box_s_07_top.bmp.ctxr,textures/flatlist/ovr_stm/_win,box_s_07_top.bmp.ctxr,box_s_07_top.bmp,ctxr,87744,b8607c0faa936c85b786d1498411155c42078c6f
textures/flatlist/ovr_stm/_win/bsn_a.bmp.ctxr,textures/flatlist/ovr_stm/_win,bsn_a.bmp.ctxr,bsn_a.bmp,ctxr,699488,6246473122268bfa9387a01ab8cf11d72093806f
textures/flatlist/ovr_stm/_win/c4_a_hontai_10.bmp.ctxr,textures/flatlist/ovr_stm/_win,c4_a_hontai_10.bmp.ctxr,c4_a_hontai_10.bmp,ctxr,1398528,6d3bbd75c42a8756c11e9f9385ba6c14eb1e08c2
textures/flatlist/ovr_stm/_win/cap_arm.bmp.ctxr,textures/flatlist/ovr_stm/_win,cap_arm.bmp.ctxr,cap_arm.bmp,ctxr,699488,f2192af1c68181f62a74845ba868f62638c90abc
textures/flatlist/ovr_stm/_win/cap_arm_l_blood.bmp.ctxr,textures/flatlist/ovr_stm/_win,cap_arm_l_blood.bmp.ctxr,cap_arm_l_blood.bmp,ctxr,699488,43b4e32ac9acda62d38aee28150a9fe973fd8db1
textures/flatlist/ovr_stm/_win/cap_arm_r_blood.bmp.ctxr,textures/flatlist/ovr_stm/_win,cap_arm_r_blood.bmp.ctxr,cap_arm_r_blood.bmp,ctxr,699488,b7a836e91180b37a21bea1982a180872388ad6c8
textures/flatlist/ovr_stm/_win/cap_arm_wrist.bmp.ctxr,textures/flatlist/ovr_stm/_win,cap_arm_wrist.bmp.ctxr,cap_arm_wrist.bmp,ctxr,349920,8070d92b65b9604f66f67321ba3a70a9e4bc8489
textures/flatlist/ovr_stm/_win/cap_body.bmp.ctxr,textures/flatlist/ovr_stm/_win,cap_body.bmp.ctxr,cap_body.bmp,ctxr,2796672,8b0e5716cb148e3a919f69d4fc0b5eebc53f760f
textures/flatlist/ovr_stm/_win/cap_body_blood.bmp.ctxr,textures/flatlist/ovr_stm/_win,cap_body_blood.bmp.ctxr,cap_body_blood.bmp,ctxr,2796672,3368ac84c5a51f1d134a19703e8c38921d01fafb
textures/flatlist/ovr_stm/_win/cap_face.bmp.ctxr,textures/flatlist/ovr_stm/_win,cap_face.bmp.ctxr,cap_face.bmp,ctxr,699488,6e88dbd6891b7acd01e8e5ce957643ba08c94c18
textures/flatlist/ovr_stm/_win/cap_face_blood.bmp.ctxr,textures/flatlist/ovr_stm/_win,cap_face_blood.bmp.ctxr,cap_face_blood.bmp,ctxr,2796672,61284157c6ee0b1afc136f438c6a3e7d6ca73af4
textures/flatlist/ovr_stm/_win/cap_hair.bmp.ctxr,textures/flatlist/ovr_stm/_win,cap_hair.bmp.ctxr,cap_hair.bmp,ctxr,1398528,d98327f212a87b9fc38376c6b7e1d530fe98ae5f
textures/flatlist/ovr_stm/_win/cap_hair_blood.bmp.ctxr,textures/flatlist/ovr_stm/_win,cap_hair_blood.bmp.ctxr,cap_hair_blood.bmp,ctxr,1398528,31b922320aeeda8b96da774192e68c6c7fbe7680
textures/flatlist/ovr_stm/_win/cap_handcuff.bmp.ctxr,textures/flatlist/ovr_stm/_win,cap_handcuff.bmp.ctxr,cap_handcuff.bmp,ctxr,87744,4bf9ce10848bd2348687d54e66ed7298243dd82f
textures/flatlist/ovr_stm/_win/cap_insignia.bmp.ctxr,textures/flatlist/ovr_stm/_win,cap_insignia.bmp.ctxr,cap_insignia.bmp,ctxr,349920,df99ec4c7a4d0801ded6b2b9330ce26c244d4777
textures/flatlist/ovr_stm/_win/cap_insignia.bmp_430f42a59d786b5f3a33625879eca072.ctxr,textures/flatlist/ovr_stm/_win,cap_insignia.bmp_430f42a59d786b5f3a33625879eca072.ctxr,cap_insignia.bmp_430f42a59d786b5f3a33625879eca072,ctxr,349920,9ebf1fab951c6971491eb56829ea62cef3ac5263
textures/flatlist/ovr_stm/_win/cap_leg.bmp.ctxr,textures/flatlist/ovr_stm/_win,cap_leg.bmp.ctxr,cap_leg.bmp,ctxr,1398528,2e7c321637b5e61c0dc7b7a7aaa680ad349fcd42
textures/flatlist/ovr_stm/_win/cap_leg_blood.bmp.ctxr,textures/flatlist/ovr_stm/_win,cap_leg_blood.bmp.ctxr,cap_leg_blood.bmp,ctxr,1398528,8f56e6db7ba184272a287ee46f84208fae3fed1f
textures/flatlist/ovr_stm/_win/cap_shoe.bmp.ctxr,textures/flatlist/ovr_stm/_win,cap_shoe.bmp.ctxr,cap_shoe.bmp,ctxr,699488,b097891de9f92ebb4deadcfa9dd4005c1d1010a0
textures/flatlist/ovr_stm/_win/cap_shoe.bmp_419c9cebb9385f6a2d7aefeb9bb59d8f.ctxr,textures/flatlist/ovr_stm/_win,cap_shoe.bmp_419c9cebb9385f6a2d7aefeb9bb59d8f.ctxr,cap_shoe.bmp_419c9cebb9385f6a2d7aefeb9bb59d8f,ctxr,699488,7206e345cdaa9754d529e3ce445da876d3629772
textures/flatlist/ovr_stm/_win/cbx_a.bmp.ctxr,textures/flatlist/ovr_stm/_win,cbx_a.bmp.ctxr,cbx_a.bmp,ctxr,1398528,f37f2551dc7a965ecf85447b97a63441817d5c40
textures/flatlist/ovr_stm/_win/cbx_a.bmp_be89fab0e4f647837831c3734a72fc8f.ctxr,textures/flatlist/ovr_stm/_win,cbx_a.bmp_be89fab0e4f647837831c3734a72fc8f.ctxr,cbx_a.bmp_be89fab0e4f647837831c3734a72fc8f,ctxr,1398528,25334db191d185fe73c3a13f0f6e407dc210388b
textures/flatlist/ovr_stm/_win/cfr_trp_f2.bmp.ctxr,textures/flatlist/ovr_stm/_win,cfr_trp_f2.bmp.ctxr,cfr_trp_f2.bmp,ctxr,699488,49a3a719b5e7fad93e28fe317899e40b04a25d6b
textures/flatlist/ovr_stm/_win/cfr_wire_alp.bmp.ctxr,textures/flatlist/ovr_stm/_win,cfr_wire_alp.bmp.ctxr,cfr_wire_alp.bmp,ctxr,87776,f104cc80588c632377a6e01fb3bb28de6b99e590
textures/flatlist/ovr_stm/_win/cgr_head_f.bmp.ctxr,textures/flatlist/ovr_stm/_win,cgr_head_f.bmp.ctxr,cgr_head_f.bmp,ctxr,44064,05f7f79b231388fccf21049751ade6d9062b8c3e
textures/flatlist/ovr_stm/_win/cgr_head_s.bmp.ctxr,textures/flatlist/ovr_stm/_win,cgr_head_s.bmp.ctxr,cgr_head_s.bmp,ctxr,175168,cc1c62af843502024b132940388d206bbcaadc4b
textures/flatlist/ovr_stm/_win/cgr_head_t.bmp.ctxr,textures/flatlist/ovr_stm/_win,cgr_head_t.bmp.ctxr,cgr_head_t.bmp,ctxr,44064,284ab96f285c237c643d343d053862af3b1d7a36
textures/flatlist/ovr_stm/_win/cgr_head_temp.bmp.ctxr,textures/flatlist/ovr_stm/_win,cgr_head_temp.bmp.ctxr,cgr_head_temp.bmp,ctxr,87744,9c55d080ae543b5d0cc55f7413465890b52a8848
textures/flatlist/ovr_stm/_win/cgr_lever.bmp.ctxr,textures/flatlist/ovr_stm/_win,cgr_lever.bmp.ctxr,cgr_lever.bmp,ctxr,175200,bfe05f8de37816ecb3fb2be8326bfda8e78ff65a
textures/flatlist/ovr_stm/_win/cgr_pin.bmp.ctxr,textures/flatlist/ovr_stm/_win,cgr_pin.bmp.ctxr,cgr_pin.bmp,ctxr,11264,f532f8d2ce4fc5e5f224fd35fb998cb12dca40e9
textures/flatlist/ovr_stm/_win/chi01_alp.bmp.ctxr,textures/flatlist/ovr_stm/_win,chi01_alp.bmp.ctxr,chi01_alp.bmp,ctxr,349920,52bac470ab4d91450a35a45c4711dca8c11b45e4
textures/flatlist/ovr_stm/_win/chr1_01.bmp.ctxr,textures/flatlist/ovr_stm/_win,chr1_01.bmp.ctxr,chr1_01.bmp,ctxr,349920,5ca1cf3881d2e9ad8cbb1c47f2a95b5ebf58e113
textures/flatlist/ovr_stm/_win/chr1_02.bmp.ctxr,textures/flatlist/ovr_stm/_win,chr1_02.bmp.ctxr,chr1_02.bmp,ctxr,175168,46f957d5e4efb85f82170f88f4bd838dd078d238
textures/flatlist/ovr_stm/_win/chr1_02a.bmp.ctxr,textures/flatlist/ovr_stm/_win,chr1_02a.bmp.ctxr,chr1_02a.bmp,ctxr,349952,34ffbfc9f31006b7749a7eeb9f2965788f044586
textures/flatlist/ovr_stm/_win/chr1_03.bmp.ctxr,textures/flatlist/ovr_stm/_win,chr1_03.bmp.ctxr,chr1_03.bmp,ctxr,349920,805901bd0bf5b82db955b016e497da9d3939ff50
textures/flatlist/ovr_stm/_win/chr1_03a.bmp.ctxr,textures/flatlist/ovr_stm/_win,chr1_03a.bmp.ctxr,chr1_03a.bmp,ctxr,349920,4da898817cff7b9bde4a22bf0904d8c333673144
textures/flatlist/ovr_stm/_win/chr1_04.bmp.ctxr,textures/flatlist/ovr_stm/_win,chr1_04.bmp.ctxr,chr1_04.bmp,ctxr,87744,7734d6e8f84fd7dbbbefe49f0f6ce83345ef9b06
textures/flatlist/ovr_stm/_win/clnd00.bmp.ctxr,textures/flatlist/ovr_stm/_win,clnd00.bmp.ctxr,clnd00.bmp,ctxr,1398528,85041bf92e34b2e8ac5b59f94b9cae86940b3445
textures/flatlist/ovr_stm/_win/clnd01.bmp.ctxr,textures/flatlist/ovr_stm/_win,clnd01.bmp.ctxr,clnd01.bmp,ctxr,349920,d32fad62cb36eee5bcaf7606e5da281e68ce2f96
textures/flatlist/ovr_stm/_win/clnd_cap00.bmp.ctxr,textures/flatlist/ovr_stm/_win,clnd_cap00.bmp.ctxr,clnd_cap00.bmp,ctxr,175168,88eb52f3bc537b98dda7d64ef2d0d05beb88e72e
textures/flatlist/ovr_stm/_win/clnd_cap01.bmp.ctxr,textures/flatlist/ovr_stm/_win,clnd_cap01.bmp.ctxr,clnd_cap01.bmp,ctxr,87744,f758658620be14af4e913d6b753b279054be620f
textures/flatlist/ovr_stm/_win/col_red00a.bmp.ctxr,textures/flatlist/ovr_stm/_win,col_red00a.bmp.ctxr,col_red00a.bmp,ctxr,87776,152f79073943398460b8ad31fad8c7c0ead89c01
textures/flatlist/ovr_stm/_win/crd_fa03.bmp.ctxr,textures/flatlist/ovr_stm/_win,crd_fa03.bmp.ctxr,crd_fa03.bmp,ctxr,699488,358482deb0b3209960c10d3bfc898a812bd04ee8
textures/flatlist/ovr_stm/_win/crd_pp01a.bmp.ctxr,textures/flatlist/ovr_stm/_win,crd_pp01a.bmp.ctxr,crd_pp01a.bmp,ctxr,349920,6bbeae3da6f7649dad6d72d88d6484d2eebbb3b8
textures/flatlist/ovr_stm/_win/crd_pp02.bmp.ctxr,textures/flatlist/ovr_stm/_win,crd_pp02.bmp.ctxr,crd_pp02.bmp,ctxr,349984,4639f2cc76591d60810a7c03c8d81afee2629feb
textures/flatlist/ovr_stm/_win/crd_pp09.bmp.ctxr,textures/flatlist/ovr_stm/_win,crd_pp09.bmp.ctxr,crd_pp09.bmp,ctxr,349920,558b2f50cec2024ad306cc6562c88a2a86d62e96
textures/flatlist/ovr_stm/_win/crd_ppb01.bmp.ctxr,textures/flatlist/ovr_stm/_win,crd_ppb01.bmp.ctxr,crd_ppb01.bmp,ctxr,349952,381ec494a0f8f000b8dafbe0469b6bb17a5a0645
textures/flatlist/ovr_stm/_win/crg_arm_dead_re.bmp.ctxr,textures/flatlist/ovr_stm/_win,crg_arm_dead_re.bmp.ctxr,crg_arm_dead_re.bmp,ctxr,1398528,91e2c6643c15597c442bc5c71edf4ec9efd08d28
textures/flatlist/ovr_stm/_win/crg_arm_re_01.bmp.ctxr,textures/flatlist/ovr_stm/_win,crg_arm_re_01.bmp.ctxr,crg_arm_re_01.bmp,ctxr,1398528,f709930b82c4b4c31ef4a0a650f062c26f9d2a84
textures/flatlist/ovr_stm/_win/crg_arm_re_sub_alp_ovl.bmp.ctxr,textures/flatlist/ovr_stm/_win,crg_arm_re_sub_alp_ovl.bmp.ctxr,crg_arm_re_sub_alp_ovl.bmp,ctxr,1048736,0323bea6b73b33db9b4391545ae759a306bec7b0
textures/flatlist/ovr_stm/_win/crg_belt_dead_re.bmp.ctxr,textures/flatlist/ovr_stm/_win,crg_belt_dead_re.bmp.ctxr,crg_belt_dead_re.bmp,ctxr,175168,f320ff2e82000ffdb0c6542a718b77fe7f737f7d
textures/flatlist/ovr_stm/_win/crg_belt_ovl_alp_emap_mod1120.bmp.ctxr,textures/flatlist/ovr_stm/_win,crg_belt_ovl_alp_emap_mod1120.bmp.ctxr,crg_belt_ovl_alp_emap_mod1120.bmp,ctxr,87744,1e62fc2cffea5d175ae84f4eea02d3093d38eb4e
textures/flatlist/ovr_stm/_win/crg_body_dead.bmp.ctxr,textures/flatlist/ovr_stm/_win,crg_body_dead.bmp.ctxr,crg_body_dead.bmp,ctxr,2796672,20de0369e2f7b5442f07c1cd13aa03bde144f734
textures/flatlist/ovr_stm/_win/crg_body_dead_re.bmp.ctxr,textures/flatlist/ovr_stm/_win,crg_body_dead_re.bmp.ctxr,crg_body_dead_re.bmp,ctxr,2796672,ec4ab0fd443ec6c7bb6196960721c6959aa68378
textures/flatlist/ovr_stm/_win/crg_body_down.bmp.ctxr,textures/flatlist/ovr_stm/_win,crg_body_down.bmp.ctxr,crg_body_down.bmp,ctxr,1398560,aa615fa1eb052b049baff8d370e9aa220bf606e1
textures/flatlist/ovr_stm/_win/crg_body_down_sub_alp_ovl.bmp.ctxr,textures/flatlist/ovr_stm/_win,crg_body_down_sub_alp_ovl.bmp.ctxr,crg_body_down_sub_alp_ovl.bmp,ctxr,1048736,db0dda8407f246158dcd57d0fff92665939e14fc
textures/flatlist/ovr_stm/_win/crg_body_ovl_alp_emap_mod1120.bmp.ctxr,textures/flatlist/ovr_stm/_win,crg_body_ovl_alp_emap_mod1120.bmp.ctxr,crg_body_ovl_alp_emap_mod1120.bmp,ctxr,349920,ffe1c4717c0a70dcf56ce5f99018d890fe1aa9fc
textures/flatlist/ovr_stm/_win/crg_body_up.bmp.ctxr,textures/flatlist/ovr_stm/_win,crg_body_up.bmp.ctxr,crg_body_up.bmp,ctxr,2796672,0f91478c90161e9959bd2beed4ba90f82529acfb
textures/flatlist/ovr_stm/_win/crg_body_up_sub_alp_ovl.bmp.ctxr,textures/flatlist/ovr_stm/_win,crg_body_up_sub_alp_ovl.bmp.ctxr,crg_body_up_sub_alp_ovl.bmp,ctxr,2097312,6155eff3568cae43d0c4cdb79c52cb258fece872
textures/flatlist/ovr_stm/_win/crg_cap02.bmp.ctxr,textures/flatlist/ovr_stm/_win,crg_cap02.bmp.ctxr,crg_cap02.bmp,ctxr,349920,c0a1c278018480ec6ef68c04c00696ad7b9a0e1f
textures/flatlist/ovr_stm/_win/crg_cap_eri.bmp.ctxr,textures/flatlist/ovr_stm/_win,crg_cap_eri.bmp.ctxr,crg_cap_eri.bmp,ctxr,2796672,a5c4c4b5ad058923669effa27a0a01c1f31ce1a2
textures/flatlist/ovr_stm/_win/crg_cap_eri_sub_alp_ovl.bmp.ctxr,textures/flatlist/ovr_stm/_win,crg_cap_eri_sub_alp_ovl.bmp.ctxr,crg_cap_eri_sub_alp_ovl.bmp,ctxr,2097312,04841469080fdb3f0550588d8a988232830665e2
textures/flatlist/ovr_stm/_win/crg_cap_front_shakp.bmp.ctxr,textures/flatlist/ovr_stm/_win,crg_cap_front_shakp.bmp.ctxr,crg_cap_front_shakp.bmp,ctxr,1398528,433391c3d581108d16e08eac32ae75c2bc2eaee2
textures/flatlist/ovr_stm/_win/crg_cap_front_shakp_sub_alp_ovl.bmp.ctxr,textures/flatlist/ovr_stm/_win,crg_cap_front_shakp_sub_alp_ovl.bmp.ctxr,crg_cap_front_shakp_sub_alp_ovl.bmp,ctxr,1048736,666ede7220c71f8210c9cf95171d986522a538a8
textures/flatlist/ovr_stm/_win/crg_cap_side.bmp.ctxr,textures/flatlist/ovr_stm/_win,crg_cap_side.bmp.ctxr,crg_cap_side.bmp,ctxr,1398528,b47752ec47c0567fde9097369e61232137b703d9
textures/flatlist/ovr_stm/_win/crg_cap_side_sub_alp_ovl.bmp.ctxr,textures/flatlist/ovr_stm/_win,crg_cap_side_sub_alp_ovl.bmp.ctxr,crg_cap_side_sub_alp_ovl.bmp,ctxr,1048736,f3da1ae532a2a5709d0f22fe9c1ad549502c587f
textures/flatlist/ovr_stm/_win/crg_eri3.bmp.ctxr,textures/flatlist/ovr_stm/_win,crg_eri3.bmp.ctxr,crg_eri3.bmp,ctxr,11264,8fc54f349a3947a5ff5589841fe2d1b83eba968e
textures/flatlist/ovr_stm/_win/crg_eye.bmp.ctxr,textures/flatlist/ovr_stm/_win,crg_eye.bmp.ctxr,crg_eye.bmp,ctxr,87744,cff359d9d930e913d45decbe76aeaef514e9087d
textures/flatlist/ovr_stm/_win/crg_face_dead.bmp.ctxr,textures/flatlist/ovr_stm/_win,crg_face_dead.bmp.ctxr,crg_face_dead.bmp,ctxr,11185312,6df3c00e1269b9a7cce2df2c7f041c0cc7cc60ad
textures/flatlist/ovr_stm/_win/crg_face_dead_re.bmp.ctxr,textures/flatlist/ovr_stm/_win,crg_face_dead_re.bmp.ctxr,crg_face_dead_re.bmp,ctxr,11185312,7a167d70e6f695fa845012d177b9d40decbbf87c
textures/flatlist/ovr_stm/_win/crg_face_re.bmp.ctxr,textures/flatlist/ovr_stm/_win,crg_face_re.bmp.ctxr,crg_face_re.bmp,ctxr,11185312,7d94ab60a66436bfff83c86db57638def2360b7c
textures/flatlist/ovr_stm/_win/crg_face_sub_ovl_alp.bmp.ctxr,textures/flatlist/ovr_stm/_win,crg_face_sub_ovl_alp.bmp.ctxr,crg_face_sub_ovl_alp.bmp,ctxr,2097312,b5a30a184743d43f56796a056429e1d070abf687
textures/flatlist/ovr_stm/_win/crg_face_sub_ovl_alp.bmp_0df6480b9e73a3dfae765c79bafb775a.ctxr,textures/flatlist/ovr_stm/_win,crg_face_sub_ovl_alp.bmp_0df6480b9e73a3dfae765c79bafb775a.ctxr,crg_face_sub_ovl_alp.bmp_0df6480b9e73a3dfae765c79bafb775a,ctxr,2097312,a5d2dad309112c8d3216dcfb3ed272a22be74112
textures/flatlist/ovr_stm/_win/crg_hair_l.bmp.ctxr,textures/flatlist/ovr_stm/_win,crg_hair_l.bmp.ctxr,crg_hair_l.bmp,ctxr,1398528,3faf049353754f44259c4100a0602026a2f03e31
textures/flatlist/ovr_stm/_win/crg_hair_r.bmp.ctxr,textures/flatlist/ovr_stm/_win,crg_hair_r.bmp.ctxr,crg_hair_r.bmp,ctxr,1398528,550f9ab31fd9875144524929a52ea930976deffc
textures/flatlist/ovr_stm/_win/crg_hand_ovl_mod1120_alp_emap.bmp.ctxr,textures/flatlist/ovr_stm/_win,crg_hand_ovl_mod1120_alp_emap.bmp.ctxr,crg_hand_ovl_mod1120_alp_emap.bmp,ctxr,87744,b0b0f9064f97ff9ea4f427108184be6f39be94bd
textures/flatlist/ovr_stm/_win/crg_hand_re.bmp.ctxr,textures/flatlist/ovr_stm/_win,crg_hand_re.bmp.ctxr,crg_hand_re.bmp,ctxr,1398528,3244c5a8cfc288929c0486c00ca7316ac31958c7
textures/flatlist/ovr_stm/_win/crg_hand_re_sub_alp_ovl.bmp.ctxr,textures/flatlist/ovr_stm/_win,crg_hand_re_sub_alp_ovl.bmp.ctxr,crg_hand_re_sub_alp_ovl.bmp,ctxr,1048736,2119215e1a0323288af9e030f91e47d8303feef9
textures/flatlist/ovr_stm/_win/crg_hi_hf00.bmp.ctxr,textures/flatlist/ovr_stm/_win,crg_hi_hf00.bmp.ctxr,crg_hi_hf00.bmp,ctxr,1398528,9088938563b5b0d71daef6d256585ac94aae37dc
textures/flatlist/ovr_stm/_win/crg_hi_hf00_ovl_sub_alp.bmp.ctxr,textures/flatlist/ovr_stm/_win,crg_hi_hf00_ovl_sub_alp.bmp.ctxr,crg_hi_hf00_ovl_sub_alp.bmp,ctxr,1048736,55269c7f1819cf20aec6d4ef3de7ec607180cdee
textures/flatlist/ovr_stm/_win/crg_hi_hf01.bmp.ctxr,textures/flatlist/ovr_stm/_win,crg_hi_hf01.bmp.ctxr,crg_hi_hf01.bmp,ctxr,349920,bb9456d20c6a0d39e3e430ccd388f008c921cc00
textures/flatlist/ovr_stm/_win/crg_hi_hf01_sub_alp_ovl.bmp.ctxr,textures/flatlist/ovr_stm/_win,crg_hi_hf01_sub_alp_ovl.bmp.ctxr,crg_hi_hf01_sub_alp_ovl.bmp,ctxr,262304,6fc92e5f0da06745f72b1293590a9d3c4ff7b06a
textures/flatlist/ovr_stm/_win/crg_hi_hf02.bmp.ctxr,textures/flatlist/ovr_stm/_win,crg_hi_hf02.bmp.ctxr,crg_hi_hf02.bmp,ctxr,87744,ac2cc85e2b6ba227fb8021d22ae2e03049214de3
textures/flatlist/ovr_stm/_win/crg_hi_hf02_sub_alp_ovl.bmp.ctxr,textures/flatlist/ovr_stm/_win,crg_hi_hf02_sub_alp_ovl.bmp.ctxr,crg_hi_hf02_sub_alp_ovl.bmp,ctxr,65696,a527f3326e47c5b1ca1bad98faa51e8caae90d1a
textures/flatlist/ovr_stm/_win/crg_hi_hf03.bmp.ctxr,textures/flatlist/ovr_stm/_win,crg_hi_hf03.bmp.ctxr,crg_hi_hf03.bmp,ctxr,87744,d821cd921aa22268da84775a289503fdafe9da4c
textures/flatlist/ovr_stm/_win/crg_hi_hf03_sub_alp_ovl.bmp.ctxr,textures/flatlist/ovr_stm/_win,crg_hi_hf03_sub_alp_ovl.bmp.ctxr,crg_hi_hf03_sub_alp_ovl.bmp,ctxr,65696,a0fad5c55d58b1682f8cb79d1e830cfcf530838e
textures/flatlist/ovr_stm/_win/crg_kata.bmp.ctxr,textures/flatlist/ovr_stm/_win,crg_kata.bmp.ctxr,crg_kata.bmp,ctxr,44064,d46f208345447a91dd2ea0a3fcd5976657bff3e7
textures/flatlist/ovr_stm/_win/crg_kata_dead_re.bmp.ctxr,textures/flatlist/ovr_stm/_win,crg_kata_dead_re.bmp.ctxr,crg_kata_dead_re.bmp,ctxr,44064,3b07a003b9ffee25978220c7a62581848d18ea5e
textures/flatlist/ovr_stm/_win/crg_kata_sub_alp_ovl.bmp.ctxr,textures/flatlist/ovr_stm/_win,crg_kata_sub_alp_ovl.bmp.ctxr,crg_kata_sub_alp_ovl.bmp,ctxr,32928,9cf03b65b73376d0995885599cc37cc9c1e81a2b
textures/flatlist/ovr_stm/_win/crg_leg_dead_re.bmp.ctxr,textures/flatlist/ovr_stm/_win,crg_leg_dead_re.bmp.ctxr,crg_leg_dead_re.bmp,ctxr,2796672,53666354829e16109aa22be410fcef2416cc1c85
textures/flatlist/ovr_stm/_win/crg_leg_re.bmp.ctxr,textures/flatlist/ovr_stm/_win,crg_leg_re.bmp.ctxr,crg_leg_re.bmp,ctxr,2796672,600731d7cb5640257d221a3b1429f2bf0c07f671
textures/flatlist/ovr_stm/_win/crg_mouin.bmp.ctxr,textures/flatlist/ovr_stm/_win,crg_mouin.bmp.ctxr,crg_mouin.bmp,ctxr,5760,de0e18a45e872af24eaf3ad40b63b1f514d55a35
textures/flatlist/ovr_stm/_win/crg_neck2.bmp.ctxr,textures/flatlist/ovr_stm/_win,crg_neck2.bmp.ctxr,crg_neck2.bmp,ctxr,699488,8dd7bba1ac8cc2a750c44dc23ce3ac27588ba403
textures/flatlist/ovr_stm/_win/crg_p3_fro.bmp.ctxr,textures/flatlist/ovr_stm/_win,crg_p3_fro.bmp.ctxr,crg_p3_fro.bmp,ctxr,175168,733d7c582856737da3a085ea0ef9435919a14af1
textures/flatlist/ovr_stm/_win/crg_p3_side.bmp.ctxr,textures/flatlist/ovr_stm/_win,crg_p3_side.bmp.ctxr,crg_p3_side.bmp,ctxr,11296,cfb2260107359df2eccca719fb5012b264a71b8b
textures/flatlist/ovr_stm/_win/crg_rapelsate_8bit.bmp.ctxr,textures/flatlist/ovr_stm/_win,crg_rapelsate_8bit.bmp.ctxr,crg_rapelsate_8bit.bmp,ctxr,175168,b09f359c66e4d6d52e93a0f08192057baab21c0e
textures/flatlist/ovr_stm/_win/crg_shues.bmp.ctxr,textures/flatlist/ovr_stm/_win,crg_shues.bmp.ctxr,crg_shues.bmp,ctxr,2796672,722d8e384d6f9895808ce0aa8320a87e792463e5
textures/flatlist/ovr_stm/_win/crg_shues.bmp_19fd13d78ac0caa8f35b065ffa50fd18.ctxr,textures/flatlist/ovr_stm/_win,crg_shues.bmp_19fd13d78ac0caa8f35b065ffa50fd18.ctxr,crg_shues.bmp_19fd13d78ac0caa8f35b065ffa50fd18,ctxr,2796672,f26652491d081ff51bfb0eaea04e45e0be69a5a7
textures/flatlist/ovr_stm/_win/crg_shues_sub_ovl_alp.bmp.ctxr,textures/flatlist/ovr_stm/_win,crg_shues_sub_ovl_alp.bmp.ctxr,crg_shues_sub_ovl_alp.bmp,ctxr,2097312,aa30848bcfafb7128de58ff4a329fd1363148cbf
textures/flatlist/ovr_stm/_win/crg_waistbelt.bmp.ctxr,textures/flatlist/ovr_stm/_win,crg_waistbelt.bmp.ctxr,crg_waistbelt.bmp,ctxr,87776,52b04eca2d65eb0e41f9e98b4456b5f26ae2ab8a
textures/flatlist/ovr_stm/_win/ctl_panel01.bmp.ctxr,textures/flatlist/ovr_stm/_win,ctl_panel01.bmp.ctxr,ctl_panel01.bmp,ctxr,5592864,a979fa82ef40a559177665fb90a3108251cc8812
textures/flatlist/ovr_stm/_win/ctl_panel02.bmp.ctxr,textures/flatlist/ovr_stm/_win,ctl_panel02.bmp.ctxr,ctl_panel02.bmp,ctxr,2796672,116284dfbf59f4432e69fb3fafc8649a89872b5f
textures/flatlist/ovr_stm/_win/cyp_body_hg.bmp.ctxr,textures/flatlist/ovr_stm/_win,cyp_body_hg.bmp.ctxr,cyp_body_hg.bmp,ctxr,1398560,7b31d7b94eccda41fc54f1c9c217907dfd7a18b9
textures/flatlist/ovr_stm/_win/cyp_face.bmp.ctxr,textures/flatlist/ovr_stm/_win,cyp_face.bmp.ctxr,cyp_face.bmp,ctxr,349920,2bdfca9f22a14af93ffafa27bedfe23a3d299fdc
textures/flatlist/ovr_stm/_win/cyp_head.bmp.ctxr,textures/flatlist/ovr_stm/_win,cyp_head.bmp.ctxr,cyp_head.bmp,ctxr,175168,63815d7041af89573806dd3b5db1834f79e033d0
textures/flatlist/ovr_stm/_win/cyp_lens_rgb_alp_ovl.bmp.ctxr,textures/flatlist/ovr_stm/_win,cyp_lens_rgb_alp_ovl.bmp.ctxr,cyp_lens_rgb_alp_ovl.bmp,ctxr,87744,86150ed0e4f0f2d4cdf1ead60a4716e9ee176f36
textures/flatlist/ovr_stm/_win/cyp_temp_tx.bmp.ctxr,textures/flatlist/ovr_stm/_win,cyp_temp_tx.bmp.ctxr,cyp_temp_tx.bmp,ctxr,349920,4772a0f6bcda7cd82cee2ac2ec2a5248e8ac6dd4
textures/flatlist/ovr_stm/_win/d00a_hodou_t1.bmp.ctxr,textures/flatlist/ovr_stm/_win,d00a_hodou_t1.bmp.ctxr,d00a_hodou_t1.bmp,ctxr,2796672,cf7f5339f1bdf53776b3b0bebbe506e2e1293dfc
textures/flatlist/ovr_stm/_win/dbg_gbox_f.bmp.ctxr,textures/flatlist/ovr_stm/_win,dbg_gbox_f.bmp.ctxr,dbg_gbox_f.bmp,ctxr,349920,d9031eb47ddfbe180e24f67c0503f894bf7fd74a
textures/flatlist/ovr_stm/_win/dbg_gbox_s.bmp.ctxr,textures/flatlist/ovr_stm/_win,dbg_gbox_s.bmp.ctxr,dbg_gbox_s.bmp,ctxr,349920,1a2a64993dbfe77a89fbc16cc93a8b16e1fe543b
textures/flatlist/ovr_stm/_win/dbg_gbox_t.bmp.ctxr,textures/flatlist/ovr_stm/_win,dbg_gbox_t.bmp.ctxr,dbg_gbox_t.bmp,ctxr,349920,82b346129c14fc092c3c1a4dff733c6c75124549
textures/flatlist/ovr_stm/_win/dbx_tnk3_msk.bmp.ctxr,textures/flatlist/ovr_stm/_win,dbx_tnk3_msk.bmp.ctxr,dbx_tnk3_msk.bmp,ctxr,349920,670e6b9f807f62b5dbd5061c2cb9e2b22976ea4b
textures/flatlist/ovr_stm/_win/demo_usp_supressor.bmp.ctxr,textures/flatlist/ovr_stm/_win,demo_usp_supressor.bmp.ctxr,demo_usp_supressor.bmp,ctxr,699488,024af8f4d6b488350bdf6397da33f8902a914436
textures/flatlist/ovr_stm/_win/dinyukafuta.bmp.ctxr,textures/flatlist/ovr_stm/_win,dinyukafuta.bmp.ctxr,dinyukafuta.bmp,ctxr,1398592,59281991e7d443692ca48163b374f6f975ef63bb
textures/flatlist/ovr_stm/_win/dinyukafuta2.bmp.ctxr,textures/flatlist/ovr_stm/_win,dinyukafuta2.bmp.ctxr,dinyukafuta2.bmp,ctxr,1398592,24445b579b3853909b84ff36c513952e6e0febf9
textures/flatlist/ovr_stm/_win/di_ki_bu.bmp.ctxr,textures/flatlist/ovr_stm/_win,di_ki_bu.bmp.ctxr,di_ki_bu.bmp,ctxr,2796672,b054c347405d80adefd182d39a691d52c50ea17c
textures/flatlist/ovr_stm/_win/di_wall1_da.bmp.ctxr,textures/flatlist/ovr_stm/_win,di_wall1_da.bmp.ctxr,di_wall1_da.bmp,ctxr,699488,a2497e62b8678d8af93db1eca67a61d73abe622f
textures/flatlist/ovr_stm/_win/di_wall1_up.bmp.ctxr,textures/flatlist/ovr_stm/_win,di_wall1_up.bmp.ctxr,di_wall1_up.bmp,ctxr,1398528,10a6b995e9a7048e23e33988e331873109ad4760
textures/flatlist/ovr_stm/_win/dmp_sb2.bmp.ctxr,textures/flatlist/ovr_stm/_win,dmp_sb2.bmp.ctxr,dmp_sb2.bmp,ctxr,699488,0a9b21e305b3e763f5e42dca6ed02cea854fb568
textures/flatlist/ovr_stm/_win/dmp_sb2_box.bmp.ctxr,textures/flatlist/ovr_stm/_win,dmp_sb2_box.bmp.ctxr,dmp_sb2_box.bmp,ctxr,699488,336324d72e711c15a31749c334e060d41ab20301
textures/flatlist/ovr_stm/_win/dmp_sb_body.bmp.ctxr,textures/flatlist/ovr_stm/_win,dmp_sb_body.bmp.ctxr,dmp_sb_body.bmp,ctxr,1398528,94b89a1283f50f18dc659861d73f76da1c7413dd
textures/flatlist/ovr_stm/_win/dmp_sb_grip.bmp.ctxr,textures/flatlist/ovr_stm/_win,dmp_sb_grip.bmp.ctxr,dmp_sb_grip.bmp,ctxr,699488,4ebed2ec693472fe018cbf4a11bfaa299852b37a
textures/flatlist/ovr_stm/_win/dmp_sb_mc.bmp.ctxr,textures/flatlist/ovr_stm/_win,dmp_sb_mc.bmp.ctxr,dmp_sb_mc.bmp,ctxr,349984,3dc18954981d597c15036a9a3df6069914f8e896
textures/flatlist/ovr_stm/_win/dmp_sb_mc2.bmp.ctxr,textures/flatlist/ovr_stm/_win,dmp_sb_mc2.bmp.ctxr,dmp_sb_mc2.bmp,ctxr,349984,22e89b46031fbb57a862eaa8046cc62f0bd8da7a
textures/flatlist/ovr_stm/_win/dmp_sb_pi.bmp.ctxr,textures/flatlist/ovr_stm/_win,dmp_sb_pi.bmp.ctxr,dmp_sb_pi.bmp,ctxr,87744,3c0168afb35122ba3ba1c20602d1ae09840e7b65
textures/flatlist/ovr_stm/_win/door_afl00c.bmp.ctxr,textures/flatlist/ovr_stm/_win,door_afl00c.bmp.ctxr,door_afl00c.bmp,ctxr,349952,81768fb9e2e5b1fe7bdcc05a21412c668ad86a18
textures/flatlist/ovr_stm/_win/door_b00.bmp.ctxr,textures/flatlist/ovr_stm/_win,door_b00.bmp.ctxr,door_b00.bmp,ctxr,1398528,f79f31c8fcbd1876e67c86afc9c53219d7c7dcf5
textures/flatlist/ovr_stm/_win/door_bfl00.bmp.ctxr,textures/flatlist/ovr_stm/_win,door_bfl00.bmp.ctxr,door_bfl00.bmp,ctxr,699488,973530cd2690cf4ffdd951312f05becfb6b53687
textures/flatlist/ovr_stm/_win/door_c00.bmp.ctxr,textures/flatlist/ovr_stm/_win,door_c00.bmp.ctxr,door_c00.bmp,ctxr,1398528,7f500ed1f2e9ff923e541bfa8bf75aeb352e3507
textures/flatlist/ovr_stm/_win/door_c0017.bmp.ctxr,textures/flatlist/ovr_stm/_win,door_c0017.bmp.ctxr,door_c0017.bmp,ctxr,1398528,ba4a117f5caede022b18ca2c60514ba608cd635c
textures/flatlist/ovr_stm/_win/door_d00.bmp.ctxr,textures/flatlist/ovr_stm/_win,door_d00.bmp.ctxr,door_d00.bmp,ctxr,1398528,6e8b966231ba198f2ffba0684172425061bed0a3
textures/flatlist/ovr_stm/_win/drlit_02.bmp.ctxr,textures/flatlist/ovr_stm/_win,drlit_02.bmp.ctxr,drlit_02.bmp,ctxr,175168,cc66ae0013dd81b71e8565fe76e519333186f226
textures/flatlist/ovr_stm/_win/drlit_02a.bmp.ctxr,textures/flatlist/ovr_stm/_win,drlit_02a.bmp.ctxr,drlit_02a.bmp,ctxr,87776,98a5d4e38968568b3e09a2c4dd9217e6008899c7
textures/flatlist/ovr_stm/_win/drp_00.bmp.ctxr,textures/flatlist/ovr_stm/_win,drp_00.bmp.ctxr,drp_00.bmp,ctxr,699520,143ef082db40832645ad4adb63ae1157a26a6fc7
textures/flatlist/ovr_stm/_win/drp_00b.bmp.ctxr,textures/flatlist/ovr_stm/_win,drp_00b.bmp.ctxr,drp_00b.bmp,ctxr,699520,c20f493112e7ee09efdacd986ae284977e2485c1
textures/flatlist/ovr_stm/_win/drp_01.bmp.ctxr,textures/flatlist/ovr_stm/_win,drp_01.bmp.ctxr,drp_01.bmp,ctxr,175232,dea92f347d8ef4868e070d5e9560c2efb81d40fb
textures/flatlist/ovr_stm/_win/dtdv_side_01.bmp.ctxr,textures/flatlist/ovr_stm/_win,dtdv_side_01.bmp.ctxr,dtdv_side_01.bmp,ctxr,699488,2aed34bfb0cfe15a2bf036120ec4b97bf4ca8dd2
textures/flatlist/ovr_stm/_win/elv1_flr1.bmp.ctxr,textures/flatlist/ovr_stm/_win,elv1_flr1.bmp.ctxr,elv1_flr1.bmp,ctxr,2796672,3cdc039c0f58b4c6a0c4664b117e5acaa45dec76
textures/flatlist/ovr_stm/_win/elvt_floor3.bmp.ctxr,textures/flatlist/ovr_stm/_win,elvt_floor3.bmp.ctxr,elvt_floor3.bmp,ctxr,1398528,e446ae97694919eed5769797f4fd97c4aa5034e9
textures/flatlist/ovr_stm/_win/elvt_floor4.bmp.ctxr,textures/flatlist/ovr_stm/_win,elvt_floor4.bmp.ctxr,elvt_floor4.bmp,ctxr,699488,25bad854a3548974d31f707765117583fb83e54d
textures/flatlist/ovr_stm/_win/elvt_floor5.bmp.ctxr,textures/flatlist/ovr_stm/_win,elvt_floor5.bmp.ctxr,elvt_floor5.bmp,ctxr,175168,d802a2a602cd79ecbc52833742f9ba9e5bedf409
textures/flatlist/ovr_stm/_win/elvt_nwall3.bmp.ctxr,textures/flatlist/ovr_stm/_win,elvt_nwall3.bmp.ctxr,elvt_nwall3.bmp,ctxr,2796672,3a1ea3f5284886c71d414eafee10a63e27a1098f
textures/flatlist/ovr_stm/_win/emt.bmp.ctxr,textures/flatlist/ovr_stm/_win,emt.bmp.ctxr,emt.bmp,ctxr,699488,6ef842a70298ea39c1a8389c5e4f7856a69d898b
textures/flatlist/ovr_stm/_win/eyes_kyoro.bmp.ctxr,textures/flatlist/ovr_stm/_win,eyes_kyoro.bmp.ctxr,eyes_kyoro.bmp,ctxr,2796672,b3ad96e72f77b70d549e16e081261b24ed66857f
textures/flatlist/ovr_stm/_win/fat_allarm.bmp.ctxr,textures/flatlist/ovr_stm/_win,fat_allarm.bmp.ctxr,fat_allarm.bmp,ctxr,1398528,845f0bacf4ca291c82d486d7d38d8d8f714beb29
textures/flatlist/ovr_stm/_win/fat_allarm_st2.bmp.ctxr,textures/flatlist/ovr_stm/_win,fat_allarm_st2.bmp.ctxr,fat_allarm_st2.bmp,ctxr,1398528,45804726d721235295c264638809e92d3d3ede7d
textures/flatlist/ovr_stm/_win/fat_allleg.bmp.ctxr,textures/flatlist/ovr_stm/_win,fat_allleg.bmp.ctxr,fat_allleg.bmp,ctxr,175168,d28aa9379043fc0231d6e5ce6784510ea513509f
textures/flatlist/ovr_stm/_win/fat_allleg_sub_ovl_alp.bmp.ctxr,textures/flatlist/ovr_stm/_win,fat_allleg_sub_ovl_alp.bmp.ctxr,fat_allleg_sub_ovl_alp.bmp,ctxr,524448,739a26fa09aa4896f1ae5cae5e6e20eee92224cd
textures/flatlist/ovr_stm/_win/fat_arm_belt.bmp.ctxr,textures/flatlist/ovr_stm/_win,fat_arm_belt.bmp.ctxr,fat_arm_belt.bmp,ctxr,175200,9467a3124e65e5ca02ceaa8256d0897d5cdb716c
textures/flatlist/ovr_stm/_win/fat_arm_sub_ovl_alp.bmp.ctxr,textures/flatlist/ovr_stm/_win,fat_arm_sub_ovl_alp.bmp.ctxr,fat_arm_sub_ovl_alp.bmp,ctxr,1048736,16e91ca725e8ef6ae55a0022c4ea7bc41e3729e4
textures/flatlist/ovr_stm/_win/fat_belt.bmp.ctxr,textures/flatlist/ovr_stm/_win,fat_belt.bmp.ctxr,fat_belt.bmp,ctxr,349984,2edfe33b579de40734607fd78f424b05aabe99f0
textures/flatlist/ovr_stm/_win/fat_body3_sub_ovl_alp.bmp.ctxr,textures/flatlist/ovr_stm/_win,fat_body3_sub_ovl_alp.bmp.ctxr,fat_body3_sub_ovl_alp.bmp,ctxr,8388768,e2028dbcb043611fdce346e76e5c669b2efbdf08
textures/flatlist/ovr_stm/_win/fat_calf.bmp.ctxr,textures/flatlist/ovr_stm/_win,fat_calf.bmp.ctxr,fat_calf.bmp,ctxr,1398528,d6e213512841b0b70044247b70f34e7e26e0c949
textures/flatlist/ovr_stm/_win/fat_calf_sub_alp_ovl.bmp.ctxr,textures/flatlist/ovr_stm/_win,fat_calf_sub_alp_ovl.bmp.ctxr,fat_calf_sub_alp_ovl.bmp,ctxr,4194464,20890b0a9bc825630a7546f42b3edcb60ee8d716
textures/flatlist/ovr_stm/_win/fat_ep0_sub_ovl_alp.bmp.ctxr,textures/flatlist/ovr_stm/_win,fat_ep0_sub_ovl_alp.bmp.ctxr,fat_ep0_sub_ovl_alp.bmp,ctxr,1048736,3063d5d54be4a92a5f317e7a41d61deea0818202
textures/flatlist/ovr_stm/_win/fat_epron3_ovl_alp_mod1120_emap.bmp.ctxr,textures/flatlist/ovr_stm/_win,fat_epron3_ovl_alp_mod1120_emap.bmp.ctxr,fat_epron3_ovl_alp_mod1120_emap.bmp,ctxr,349920,b861e37e3b5bf183388ed946d0c41deea3c9bd86
textures/flatlist/ovr_stm/_win/fat_eptes.bmp.ctxr,textures/flatlist/ovr_stm/_win,fat_eptes.bmp.ctxr,fat_eptes.bmp,ctxr,349920,9de39d95a30c66614b353a2c5b5bcc737100499f
textures/flatlist/ovr_stm/_win/fat_ep_re.bmp.ctxr,textures/flatlist/ovr_stm/_win,fat_ep_re.bmp.ctxr,fat_ep_re.bmp,ctxr,349920,803e5368271db878de399d78c5893e6effb8feb4
textures/flatlist/ovr_stm/_win/fat_eri_back.bmp.ctxr,textures/flatlist/ovr_stm/_win,fat_eri_back.bmp.ctxr,fat_eri_back.bmp,ctxr,349952,2e46c7e7d91923bf5eadc19244c7a67c8b15e3e9
textures/flatlist/ovr_stm/_win/fat_eri_back_sub_alp_ovl.bmp.ctxr,textures/flatlist/ovr_stm/_win,fat_eri_back_sub_alp_ovl.bmp.ctxr,fat_eri_back_sub_alp_ovl.bmp,ctxr,524448,a4661f0fb6f7073fa4204ef8521b8a9b3278f3ba
textures/flatlist/ovr_stm/_win/fat_eri_front.bmp.ctxr,textures/flatlist/ovr_stm/_win,fat_eri_front.bmp.ctxr,fat_eri_front.bmp,ctxr,87744,bec29914fd036bd0e7aec7e23c9af042a819b583
textures/flatlist/ovr_stm/_win/fat_eri_side.bmp.ctxr,textures/flatlist/ovr_stm/_win,fat_eri_side.bmp.ctxr,fat_eri_side.bmp,ctxr,175168,2382cf0731a7bf7368b64e9b82a071f80f455ebb
textures/flatlist/ovr_stm/_win/fat_eri_side_in.bmp.ctxr,textures/flatlist/ovr_stm/_win,fat_eri_side_in.bmp.ctxr,fat_eri_side_in.bmp,ctxr,175168,531a471da4fc1e64531f87fc955832e2dfbe480c
textures/flatlist/ovr_stm/_win/fat_eri_side_sub_alp_ovl.bmp.ctxr,textures/flatlist/ovr_stm/_win,fat_eri_side_sub_alp_ovl.bmp.ctxr,fat_eri_side_sub_alp_ovl.bmp,ctxr,262304,3f8d851a350a8cd6250e165ac722078021956ff4
textures/flatlist/ovr_stm/_win/fat_eye.bmp.ctxr,textures/flatlist/ovr_stm/_win,fat_eye.bmp.ctxr,fat_eye.bmp,ctxr,349920,1ea6485a505e8bb8dee81a654697ee6f12662402
textures/flatlist/ovr_stm/_win/fat_eyes_ovl_sub_alp.bmp.ctxr,textures/flatlist/ovr_stm/_win,fat_eyes_ovl_sub_alp.bmp.ctxr,fat_eyes_ovl_sub_alp.bmp,ctxr,65696,404a752211f27fcb96dcaa16935c627ed5dd6723
textures/flatlist/ovr_stm/_win/fat_eye_re.bmp.ctxr,textures/flatlist/ovr_stm/_win,fat_eye_re.bmp.ctxr,fat_eye_re.bmp,ctxr,87744,c33aec9be00e557a51ed34129945917cfe7a5d59
textures/flatlist/ovr_stm/_win/fat_face.bmp.ctxr,textures/flatlist/ovr_stm/_win,fat_face.bmp.ctxr,fat_face.bmp,ctxr,11185312,b7423a0a709e5c69031f17a93764a65d9b7ba7cc
textures/flatlist/ovr_stm/_win/fat_face_bmap.bmp.ctxr,textures/flatlist/ovr_stm/_win,fat_face_bmap.bmp.ctxr,fat_face_bmap.bmp,ctxr,2097312,73fa86c92934c22a3aae1594a461a2fbca9c9518
textures/flatlist/ovr_stm/_win/fat_face_re.bmp.ctxr,textures/flatlist/ovr_stm/_win,fat_face_re.bmp.ctxr,fat_face_re.bmp,ctxr,11185312,d9758bb57289e45056e773aff3de777d5f2dd0f5
textures/flatlist/ovr_stm/_win/fat_face_re.bmp_a65902de0116b1a4ce6a1647e832d293.ctxr,textures/flatlist/ovr_stm/_win,fat_face_re.bmp_a65902de0116b1a4ce6a1647e832d293.ctxr,fat_face_re.bmp_a65902de0116b1a4ce6a1647e832d293,ctxr,11185312,337d468c8ec47bbf55f63b4a3fdb6576ec8953d8
textures/flatlist/ovr_stm/_win/fat_glg_hlst.bmp.ctxr,textures/flatlist/ovr_stm/_win,fat_glg_hlst.bmp.ctxr,fat_glg_hlst.bmp,ctxr,175168,82ed31ba3ac30c6a0b007c9af1c4c402b7f1648a
textures/flatlist/ovr_stm/_win/fat_glg_hlst_side.bmp.ctxr,textures/flatlist/ovr_stm/_win,fat_glg_hlst_side.bmp.ctxr,fat_glg_hlst_side.bmp,ctxr,44096,5286e7001074f78eb8384471401133d61f016518
textures/flatlist/ovr_stm/_win/fat_hand.bmp.ctxr,textures/flatlist/ovr_stm/_win,fat_hand.bmp.ctxr,fat_hand.bmp,ctxr,699488,02c8fe921d7e95f1b2df4517fe5eeeec106346c6
textures/flatlist/ovr_stm/_win/fat_hand_alp_ovl_emap_mod1120.bmp.ctxr,textures/flatlist/ovr_stm/_win,fat_hand_alp_ovl_emap_mod1120.bmp.ctxr,fat_hand_alp_ovl_emap_mod1120.bmp,ctxr,22176,665232700550e296f0e3183a408f2f8697ec3279
textures/flatlist/ovr_stm/_win/fat_hand_sub_alp_ovl.bmp.ctxr,textures/flatlist/ovr_stm/_win,fat_hand_sub_alp_ovl.bmp.ctxr,fat_hand_sub_alp_ovl.bmp,ctxr,524448,b81e10dfee58f79e86c3df5d7c6c4d9161b9b4e0
textures/flatlist/ovr_stm/_win/fat_hi_finger.bmp.ctxr,textures/flatlist/ovr_stm/_win,fat_hi_finger.bmp.ctxr,fat_hi_finger.bmp,ctxr,87744,73a8b214bff360d9c18f1155fb7ca4576d084d2c
textures/flatlist/ovr_stm/_win/fat_hi_finger_red.bmp.ctxr,textures/flatlist/ovr_stm/_win,fat_hi_finger_red.bmp.ctxr,fat_hi_finger_red.bmp,ctxr,87744,59745102a7326e76c0d61cff875af57c0497fb7d
textures/flatlist/ovr_stm/_win/fat_hi_hand1.bmp.ctxr,textures/flatlist/ovr_stm/_win,fat_hi_hand1.bmp.ctxr,fat_hi_hand1.bmp,ctxr,699488,9d2b8e553e66e9d9571623a773de6a5a3e0677fa
textures/flatlist/ovr_stm/_win/fat_hi_hand1_bmap.bmp.ctxr,textures/flatlist/ovr_stm/_win,fat_hi_hand1_bmap.bmp.ctxr,fat_hi_hand1_bmap.bmp,ctxr,524448,09771ace704e69594d9ebb73e8c6dafa9760a841
textures/flatlist/ovr_stm/_win/fat_hi_hand2.bmp.ctxr,textures/flatlist/ovr_stm/_win,fat_hi_hand2.bmp.ctxr,fat_hi_hand2.bmp,ctxr,349920,4aa396d85ca384d78478e7798aa09a654a3b4d6e
textures/flatlist/ovr_stm/_win/fat_in.bmp.ctxr,textures/flatlist/ovr_stm/_win,fat_in.bmp.ctxr,fat_in.bmp,ctxr,87744,a3d01f2bc89405f641b8c69656026344ab0b4a70
textures/flatlist/ovr_stm/_win/fat_in_eri.bmp.ctxr,textures/flatlist/ovr_stm/_win,fat_in_eri.bmp.ctxr,fat_in_eri.bmp,ctxr,175200,9afb701788e3f933521e927cfe7f94e76cfd8b0f
textures/flatlist/ovr_stm/_win/fat_in_eri_tome.bmp.ctxr,textures/flatlist/ovr_stm/_win,fat_in_eri_tome.bmp.ctxr,fat_in_eri_tome.bmp,ctxr,22208,1b9018cae6c9c0daaf43a6ec8de989aa1229555a
textures/flatlist/ovr_stm/_win/fat_larm_belt.bmp.ctxr,textures/flatlist/ovr_stm/_win,fat_larm_belt.bmp.ctxr,fat_larm_belt.bmp,ctxr,349952,d56513055090e41e154731bfe2dfaf69df9c47c1
textures/flatlist/ovr_stm/_win/fat_larm_sub_alp_ovl.bmp.ctxr,textures/flatlist/ovr_stm/_win,fat_larm_sub_alp_ovl.bmp.ctxr,fat_larm_sub_alp_ovl.bmp,ctxr,1048736,7591bda23ba4a2c2ef9d4ddc71e0fcc5616a1cd5
textures/flatlist/ovr_stm/_win/fat_mtg_alp_ovl.bmp.ctxr,textures/flatlist/ovr_stm/_win,fat_mtg_alp_ovl.bmp.ctxr,fat_mtg_alp_ovl.bmp,ctxr,349952,2aebdaf045d04c72a6927d30e6ee9ddb410b7ffa
textures/flatlist/ovr_stm/_win/fat_ooze_blood00_alp_ovl.bmp.ctxr,textures/flatlist/ovr_stm/_win,fat_ooze_blood00_alp_ovl.bmp.ctxr,fat_ooze_blood00_alp_ovl.bmp,ctxr,699488,390dd0a09c28d7a4b0a10f7a0f3c4ab4a79e52fd
textures/flatlist/ovr_stm/_win/fat_ooze_blood89_alp_ovl.bmp.ctxr,textures/flatlist/ovr_stm/_win,fat_ooze_blood89_alp_ovl.bmp.ctxr,fat_ooze_blood89_alp_ovl.bmp,ctxr,699488,12be0217911e8e0462aa8010ad6163ec07386129
textures/flatlist/ovr_stm/_win/fat_pias_alp_ovl.bmp.ctxr,textures/flatlist/ovr_stm/_win,fat_pias_alp_ovl.bmp.ctxr,fat_pias_alp_ovl.bmp,ctxr,22176,334bf31f18b81203318759cf5f83e07069c956f7
textures/flatlist/ovr_stm/_win/fat_pias_alp_ovl.bmp_49150a74dd0fd7cd13ca0f60cd40eca7.ctxr,textures/flatlist/ovr_stm/_win,fat_pias_alp_ovl.bmp_49150a74dd0fd7cd13ca0f60cd40eca7.ctxr,fat_pias_alp_ovl.bmp_49150a74dd0fd7cd13ca0f60cd40eca7,ctxr,22176,db72faae916ec7c2c0e07fc6de39b29ae0aea758
textures/flatlist/ovr_stm/_win/fat_poket00.bmp.ctxr,textures/flatlist/ovr_stm/_win,fat_poket00.bmp.ctxr,fat_poket00.bmp,ctxr,175168,6e7b55678470ab860dbef7af1aa795cfd5c7f391
textures/flatlist/ovr_stm/_win/fat_poket00_re.bmp.ctxr,textures/flatlist/ovr_stm/_win,fat_poket00_re.bmp.ctxr,fat_poket00_re.bmp,ctxr,175168,0111644bbc0972cee2d1f725dad716ba8de7e218
textures/flatlist/ovr_stm/_win/fat_poket01.bmp.ctxr,textures/flatlist/ovr_stm/_win,fat_poket01.bmp.ctxr,fat_poket01.bmp,ctxr,175168,1fae971164aafccf6f18ed171b4c2dc51a651d64
textures/flatlist/ovr_stm/_win/fat_poket01.bmp_fdadb254bd6a0857d5c232a10b14c8ff.ctxr,textures/flatlist/ovr_stm/_win,fat_poket01.bmp_fdadb254bd6a0857d5c232a10b14c8ff.ctxr,fat_poket01.bmp_fdadb254bd6a0857d5c232a10b14c8ff,ctxr,175168,85f379e555fd8511100f58ab3c588b2a0a9fe94b
textures/flatlist/ovr_stm/_win/fat_radio.bmp.ctxr,textures/flatlist/ovr_stm/_win,fat_radio.bmp.ctxr,fat_radio.bmp,ctxr,175168,a46c2f79d9e945d52bddae864837df54342f03a2
textures/flatlist/ovr_stm/_win/fat_radio_sub_ovl_alp.bmp.ctxr,textures/flatlist/ovr_stm/_win,fat_radio_sub_ovl_alp.bmp.ctxr,fat_radio_sub_ovl_alp.bmp,ctxr,131232,0340ec721cc513af01332a0ee8410aac2545aaf3
textures/flatlist/ovr_stm/_win/fat_rolar.bmp.ctxr,textures/flatlist/ovr_stm/_win,fat_rolar.bmp.ctxr,fat_rolar.bmp,ctxr,1398528,7011612bec445896bcf0490339ede9e078472d18
textures/flatlist/ovr_stm/_win/fat_rolar_flame.bmp.ctxr,textures/flatlist/ovr_stm/_win,fat_rolar_flame.bmp.ctxr,fat_rolar_flame.bmp,ctxr,87776,6565e803c93e6efffe2e5f9b767fd7b1fc71e12b
textures/flatlist/ovr_stm/_win/fat_rolar_hoir.bmp.ctxr,textures/flatlist/ovr_stm/_win,fat_rolar_hoir.bmp.ctxr,fat_rolar_hoir.bmp,ctxr,22176,3eb6190efa97900b9d83f4214a0a1d6f44ab2a46
textures/flatlist/ovr_stm/_win/fat_shues00_sub_ovl_alp.bmp.ctxr,textures/flatlist/ovr_stm/_win,fat_shues00_sub_ovl_alp.bmp.ctxr,fat_shues00_sub_ovl_alp.bmp,ctxr,1048736,8fb56f07d73bff9ca464f3669b974a926eaee9cc
textures/flatlist/ovr_stm/_win/fat_shues_ovl_alp_emap_mod1120.bmp.ctxr,textures/flatlist/ovr_stm/_win,fat_shues_ovl_alp_emap_mod1120.bmp.ctxr,fat_shues_ovl_alp_emap_mod1120.bmp,ctxr,349920,ae5d24157e9cf9c7f2524799201a3153f2066408
textures/flatlist/ovr_stm/_win/fat_strow_alp.bmp.ctxr,textures/flatlist/ovr_stm/_win,fat_strow_alp.bmp.ctxr,fat_strow_alp.bmp,ctxr,44064,b622feecac948efab59d63e673c00925f1e64bc3
textures/flatlist/ovr_stm/_win/fat_strow_col_alp.bmp.ctxr,textures/flatlist/ovr_stm/_win,fat_strow_col_alp.bmp.ctxr,fat_strow_col_alp.bmp,ctxr,44064,a53134adcdec98e3698ee3a26cc2cf67a65fea11
textures/flatlist/ovr_stm/_win/fat_suits.bmp.ctxr,textures/flatlist/ovr_stm/_win,fat_suits.bmp.ctxr,fat_suits.bmp,ctxr,5592864,f69cb4aee6a1585138287df8b8eeb0ea21c65906
textures/flatlist/ovr_stm/_win/fat_suitstes.bmp.ctxr,textures/flatlist/ovr_stm/_win,fat_suitstes.bmp.ctxr,fat_suitstes.bmp,ctxr,5592864,1e9dec05e81bf13edb8a6aebd3c5eb76e96462dd
textures/flatlist/ovr_stm/_win/fat_suits_kat.bmp.ctxr,textures/flatlist/ovr_stm/_win,fat_suits_kat.bmp.ctxr,fat_suits_kat.bmp,ctxr,44064,3a5df069f4b09015f655eacaa5b4302f0aae74bc
textures/flatlist/ovr_stm/_win/fat_suits_kat_sub_alp_ovl.bmp.ctxr,textures/flatlist/ovr_stm/_win,fat_suits_kat_sub_alp_ovl.bmp.ctxr,fat_suits_kat_sub_alp_ovl.bmp,ctxr,32928,9872304fdb31fdd0bdd20ad2225d9afc4ead7430
textures/flatlist/ovr_stm/_win/fat_suit_re.bmp.ctxr,textures/flatlist/ovr_stm/_win,fat_suit_re.bmp.ctxr,fat_suit_re.bmp,ctxr,5592864,15acb0345eade1c05b54f1fde417ea4cca2e6af2
textures/flatlist/ovr_stm/_win/fat_tang.bmp.ctxr,textures/flatlist/ovr_stm/_win,fat_tang.bmp.ctxr,fat_tang.bmp,ctxr,349920,c893b8384aec5b7a00ba36914a504ab9ef746ecf
textures/flatlist/ovr_stm/_win/fat_teeth_u3.bmp.ctxr,textures/flatlist/ovr_stm/_win,fat_teeth_u3.bmp.ctxr,fat_teeth_u3.bmp,ctxr,87776,32a5c9221b1035d3a29fa03149d8d7bb20357da3
textures/flatlist/ovr_stm/_win/fat_waist.bmp.ctxr,textures/flatlist/ovr_stm/_win,fat_waist.bmp.ctxr,fat_waist.bmp,ctxr,87744,bb93318aa699f9e06e9724d18d0a30ca1aa02298
textures/flatlist/ovr_stm/_win/for_arm.bmp.ctxr,textures/flatlist/ovr_stm/_win,for_arm.bmp.ctxr,for_arm.bmp,ctxr,1632,a6f93d9f5483608012e6709e0b5c337b6fb4d82d
textures/flatlist/ovr_stm/_win/for_belt_shoulder.bmp.ctxr,textures/flatlist/ovr_stm/_win,for_belt_shoulder.bmp.ctxr,for_belt_shoulder.bmp,ctxr,175168,28f0b4dd1f40f0291443708aebce078ea7f7daf6
textures/flatlist/ovr_stm/_win/for_belt_weist.bmp.ctxr,textures/flatlist/ovr_stm/_win,for_belt_weist.bmp.ctxr,for_belt_weist.bmp,ctxr,349984,4af60905631e6abf7600dcb7439add782c6954f5
textures/flatlist/ovr_stm/_win/for_blood_face_ovl_alp.bmp.ctxr,textures/flatlist/ovr_stm/_win,for_blood_face_ovl_alp.bmp.ctxr,for_blood_face_ovl_alp.bmp,ctxr,349920,d87ce304cb52a4b23a5a5bc5263d24c2a1ad0702
textures/flatlist/ovr_stm/_win/for_body_ovl_sub_alp.bmp.ctxr,textures/flatlist/ovr_stm/_win,for_body_ovl_sub_alp.bmp.ctxr,for_body_ovl_sub_alp.bmp,ctxr,2097312,03dd501190917c7ef5df9dae60f060926ea4a2e5
textures/flatlist/ovr_stm/_win/for_body_ss.bmp.ctxr,textures/flatlist/ovr_stm/_win,for_body_ss.bmp.ctxr,for_body_ss.bmp,ctxr,2796672,97d94a09ba1ed0aa9a24910e1d375cd2541e75b6
textures/flatlist/ovr_stm/_win/for_boot_bot1.bmp.ctxr,textures/flatlist/ovr_stm/_win,for_boot_bot1.bmp.ctxr,for_boot_bot1.bmp,ctxr,175168,6da11425855aedeb26e085ba3c29d3346f00c7ec
textures/flatlist/ovr_stm/_win/for_boot_bot2.bmp.ctxr,textures/flatlist/ovr_stm/_win,for_boot_bot2.bmp.ctxr,for_boot_bot2.bmp,ctxr,87744,b1ffbe52132f6899ec956222c2ea9f5b29c1c4dc
textures/flatlist/ovr_stm/_win/for_b_ovl_mod1120_alp_emap.bmp.ctxr,textures/flatlist/ovr_stm/_win,for_b_ovl_mod1120_alp_emap.bmp.ctxr,for_b_ovl_mod1120_alp_emap.bmp,ctxr,349920,fa9246016cbd84c083b3e87d22271993d14d9ed1
textures/flatlist/ovr_stm/_win/for_coat_body.bmp.ctxr,textures/flatlist/ovr_stm/_win,for_coat_body.bmp.ctxr,for_coat_body.bmp,ctxr,1398528,0bdcf736b0de24e50fb6f5d68b5cf1133d1195d7
textures/flatlist/ovr_stm/_win/for_coat_eri.bmp.ctxr,textures/flatlist/ovr_stm/_win,for_coat_eri.bmp.ctxr,for_coat_eri.bmp,ctxr,175168,58e7475c9fb94207f03b704f4dca7b13eb812b40
textures/flatlist/ovr_stm/_win/for_coat_eriin.bmp.ctxr,textures/flatlist/ovr_stm/_win,for_coat_eriin.bmp.ctxr,for_coat_eriin.bmp,ctxr,175168,cf4c9c351895bb1d31c5e0ae38f7570da1ff1f9a
textures/flatlist/ovr_stm/_win/for_coat_sling.bmp.ctxr,textures/flatlist/ovr_stm/_win,for_coat_sling.bmp.ctxr,for_coat_sling.bmp,ctxr,175168,b7f1752f731f3ec1905f84e1ea84e845821e7da0
textures/flatlist/ovr_stm/_win/for_coat_sode.bmp.ctxr,textures/flatlist/ovr_stm/_win,for_coat_sode.bmp.ctxr,for_coat_sode.bmp,ctxr,349952,5a144532220c7eba56d60d7b1b15e253d75fabe3
textures/flatlist/ovr_stm/_win/for_col1.bmp.ctxr,textures/flatlist/ovr_stm/_win,for_col1.bmp.ctxr,for_col1.bmp,ctxr,1632,14297ba0bf0538fe38b2372bcd16a774d19e1616
textures/flatlist/ovr_stm/_win/for_eye_ovl_sub_alp.bmp.ctxr,textures/flatlist/ovr_stm/_win,for_eye_ovl_sub_alp.bmp.ctxr,for_eye_ovl_sub_alp.bmp,ctxr,262304,56e93b42140f75bb79e704b761673bf18a0825a8
textures/flatlist/ovr_stm/_win/for_face_ovl_sub_alp.bmp.ctxr,textures/flatlist/ovr_stm/_win,for_face_ovl_sub_alp.bmp.ctxr,for_face_ovl_sub_alp.bmp,ctxr,2097312,ef379ce23db9f6e5fff180b4026c1df3a071b207
textures/flatlist/ovr_stm/_win/for_foot.bmp.ctxr,textures/flatlist/ovr_stm/_win,for_foot.bmp.ctxr,for_foot.bmp,ctxr,349920,f73494eb168b2ed0e9102b1e9840d1766665c30c
textures/flatlist/ovr_stm/_win/for_hair_back.bmp.ctxr,textures/flatlist/ovr_stm/_win,for_hair_back.bmp.ctxr,for_hair_back.bmp,ctxr,1398528,3859171617a486b1307131859c92006acb7c11b3
textures/flatlist/ovr_stm/_win/for_hair_side_ovl_alp.bmp.ctxr,textures/flatlist/ovr_stm/_win,for_hair_side_ovl_alp.bmp.ctxr,for_hair_side_ovl_alp.bmp,ctxr,699488,166f5a12e729bfa4c787ec31cd2a146e16a3e0c8
textures/flatlist/ovr_stm/_win/for_hand.bmp.ctxr,textures/flatlist/ovr_stm/_win,for_hand.bmp.ctxr,for_hand.bmp,ctxr,349920,736783804b8700ea05360869e3886aa3459e6d6f
textures/flatlist/ovr_stm/_win/for_hand2.bmp.ctxr,textures/flatlist/ovr_stm/_win,for_hand2.bmp.ctxr,for_hand2.bmp,ctxr,349920,d5b76bf9303413c994677d59ee0dd44b854acad9
textures/flatlist/ovr_stm/_win/for_hi_eye.bmp.ctxr,textures/flatlist/ovr_stm/_win,for_hi_eye.bmp.ctxr,for_hi_eye.bmp,ctxr,349920,8a550d1da1385c0e9dc0c5e88a66e7dab276de93
textures/flatlist/ovr_stm/_win/for_hi_face_ss.bmp.ctxr,textures/flatlist/ovr_stm/_win,for_hi_face_ss.bmp.ctxr,for_hi_face_ss.bmp,ctxr,11185312,529236551fed1b9d94c7c98141c5d49f16b856f0
textures/flatlist/ovr_stm/_win/for_hi_finger.bmp.ctxr,textures/flatlist/ovr_stm/_win,for_hi_finger.bmp.ctxr,for_hi_finger.bmp,ctxr,87744,e42f28d6b1c2e54e8af43cbb77fd30b5e2fe0f93
textures/flatlist/ovr_stm/_win/for_hi_finger2.bmp.ctxr,textures/flatlist/ovr_stm/_win,for_hi_finger2.bmp.ctxr,for_hi_finger2.bmp,ctxr,87744,592b6653e3deb2254a6d1f4d89636453fce4d455
textures/flatlist/ovr_stm/_win/for_hi_hand1.bmp.ctxr,textures/flatlist/ovr_stm/_win,for_hi_hand1.bmp.ctxr,for_hi_hand1.bmp,ctxr,699488,e53f637d342cc47af19c5e6fd193166fa889896f
textures/flatlist/ovr_stm/_win/for_hi_hand2.bmp.ctxr,textures/flatlist/ovr_stm/_win,for_hi_hand2.bmp.ctxr,for_hi_hand2.bmp,ctxr,349920,16e9cf5343a24bfc9d6974ae57c24bf09bca88ec
textures/flatlist/ovr_stm/_win/for_hi_hand3.bmp.ctxr,textures/flatlist/ovr_stm/_win,for_hi_hand3.bmp.ctxr,for_hi_hand3.bmp,ctxr,175200,87bf0480a87f6c443e83bd06ad262c556f0111fe
textures/flatlist/ovr_stm/_win/for_hi_mtg_alp_ovl.bmp.ctxr,textures/flatlist/ovr_stm/_win,for_hi_mtg_alp_ovl.bmp.ctxr,for_hi_mtg_alp_ovl.bmp,ctxr,699488,0ae2b67ce834ea9d9794f473a448f8710a6dd9b1
textures/flatlist/ovr_stm/_win/for_hlst_back.bmp.ctxr,textures/flatlist/ovr_stm/_win,for_hlst_back.bmp.ctxr,for_hlst_back.bmp,ctxr,175200,a94af996873fbfc44bb2d643a6ae30dcfdca4ede
textures/flatlist/ovr_stm/_win/for_hlst_fro.bmp.ctxr,textures/flatlist/ovr_stm/_win,for_hlst_fro.bmp.ctxr,for_hlst_fro.bmp,ctxr,87776,63b558426660a6124731ca2ff12c3fea74407f00
textures/flatlist/ovr_stm/_win/for_hlst_side.bmp.ctxr,textures/flatlist/ovr_stm/_win,for_hlst_side.bmp.ctxr,for_hlst_side.bmp,ctxr,349920,5f49c3aff1f0b31a2f3c7b92451c07336ef20426
textures/flatlist/ovr_stm/_win/for_kizu_body_ovl_alp.bmp.ctxr,textures/flatlist/ovr_stm/_win,for_kizu_body_ovl_alp.bmp.ctxr,for_kizu_body_ovl_alp.bmp,ctxr,175168,982a2b5c3f2a850b3297d56d897958c3abd0e144
textures/flatlist/ovr_stm/_win/for_leg_ovl_sub_alp.bmp.ctxr,textures/flatlist/ovr_stm/_win,for_leg_ovl_sub_alp.bmp.ctxr,for_leg_ovl_sub_alp.bmp,ctxr,1048736,4b8584648d1236bf883eba9798ef908242e4d46a
textures/flatlist/ovr_stm/_win/for_leg_ss.bmp.ctxr,textures/flatlist/ovr_stm/_win,for_leg_ss.bmp.ctxr,for_leg_ss.bmp,ctxr,1398528,ffc5f4238f199a277a1331385cce510ece10f73c
textures/flatlist/ovr_stm/_win/for_lnr_sling.bmp.ctxr,textures/flatlist/ovr_stm/_win,for_lnr_sling.bmp.ctxr,for_lnr_sling.bmp,ctxr,5792,323324825e880c6c345ebb030f410916222ea6ea
textures/flatlist/ovr_stm/_win/for_m9_glip.bmp.ctxr,textures/flatlist/ovr_stm/_win,for_m9_glip.bmp.ctxr,for_m9_glip.bmp,ctxr,175168,94ccd7185b24fca00d285b02ac3a29d73acd2e14
textures/flatlist/ovr_stm/_win/for_magazine.bmp.ctxr,textures/flatlist/ovr_stm/_win,for_magazine.bmp.ctxr,for_magazine.bmp,ctxr,699488,de2c725641d0fb9396634ba413dfdc7944ef3caf
textures/flatlist/ovr_stm/_win/for_sox_ovl_sub_alp.bmp.ctxr,textures/flatlist/ovr_stm/_win,for_sox_ovl_sub_alp.bmp.ctxr,for_sox_ovl_sub_alp.bmp,ctxr,131232,b69c756a58d7958d792c1c3ad96703b81258afc3
textures/flatlist/ovr_stm/_win/for_s_ovl_mod1120_alp_emap.bmp.ctxr,textures/flatlist/ovr_stm/_win,for_s_ovl_mod1120_alp_emap.bmp.ctxr,for_s_ovl_mod1120_alp_emap.bmp,ctxr,349920,000aca8badfb721f31ae3d8042f39bd1450fcd65
textures/flatlist/ovr_stm/_win/for_toe.bmp.ctxr,textures/flatlist/ovr_stm/_win,for_toe.bmp.ctxr,for_toe.bmp,ctxr,349920,3e251cb8ed1427065aee065c0998941201ef5a26
textures/flatlist/ovr_stm/_win/for_t_l_ovl_sub_alp.bmp.ctxr,textures/flatlist/ovr_stm/_win,for_t_l_ovl_sub_alp.bmp.ctxr,for_t_l_ovl_sub_alp.bmp,ctxr,262304,3b263715b32286746ceb2fa14923978f609f258c
textures/flatlist/ovr_stm/_win/for_t_r_ovl_sub_alp.bmp.ctxr,textures/flatlist/ovr_stm/_win,for_t_r_ovl_sub_alp.bmp.ctxr,for_t_r_ovl_sub_alp.bmp,ctxr,262304,8908e9bcb1fe997f855fa9c83de1e46ba3590b16
textures/flatlist/ovr_stm/_win/fstamp03_alp.bmp.ctxr,textures/flatlist/ovr_stm/_win,fstamp03_alp.bmp.ctxr,fstamp03_alp.bmp,ctxr,175168,776d76b4a56df643076ec2f4931af502502e04d2
textures/flatlist/ovr_stm/_win/gas00.bmp.ctxr,textures/flatlist/ovr_stm/_win,gas00.bmp.ctxr,gas00.bmp,ctxr,1398528,d4a12e3df5932f176e223bda34096fe744f9f4fa
textures/flatlist/ovr_stm/_win/gas01.bmp.ctxr,textures/flatlist/ovr_stm/_win,gas01.bmp.ctxr,gas01.bmp,ctxr,349920,497cbac4965683c46323abc82dc5ff135065b925
textures/flatlist/ovr_stm/_win/gas_cap00.bmp.ctxr,textures/flatlist/ovr_stm/_win,gas_cap00.bmp.ctxr,gas_cap00.bmp,ctxr,175168,37b8d95fa2daafdd3f17e5bcfba9dcf9c942916c
textures/flatlist/ovr_stm/_win/gas_cap01.bmp.ctxr,textures/flatlist/ovr_stm/_win,gas_cap01.bmp.ctxr,gas_cap01.bmp,ctxr,87744,32790eda42dce11ebe242ba7255f707845d28d50
textures/flatlist/ovr_stm/_win/gas_dai02.bmp.ctxr,textures/flatlist/ovr_stm/_win,gas_dai02.bmp.ctxr,gas_dai02.bmp,ctxr,44096,63bc707da10ebd82a1ee823beb8e71884f5e3009
textures/flatlist/ovr_stm/_win/gas_dai02b.bmp.ctxr,textures/flatlist/ovr_stm/_win,gas_dai02b.bmp.ctxr,gas_dai02b.bmp,ctxr,44096,4a4675fe709c9c4358d77c9366507446b28e0b89
textures/flatlist/ovr_stm/_win/gbc_bousi_f.bmp.ctxr,textures/flatlist/ovr_stm/_win,gbc_bousi_f.bmp.ctxr,gbc_bousi_f.bmp,ctxr,349920,1c54b5700d0a0cb10417d03c3b24fbeaffdd2e8c
textures/flatlist/ovr_stm/_win/gbc_bousi_s2.bmp.ctxr,textures/flatlist/ovr_stm/_win,gbc_bousi_s2.bmp.ctxr,gbc_bousi_s2.bmp,ctxr,1398528,75f60cedaf2b97750b1b266028e33f08e2a7559a
textures/flatlist/ovr_stm/_win/gbc_deppari.bmp.ctxr,textures/flatlist/ovr_stm/_win,gbc_deppari.bmp.ctxr,gbc_deppari.bmp,ctxr,44064,48c0a6526c105c4eb88606be2d30c1d60423c572
textures/flatlist/ovr_stm/_win/gbc_kao.bmp.ctxr,textures/flatlist/ovr_stm/_win,gbc_kao.bmp.ctxr,gbc_kao.bmp,ctxr,2796672,fa60bde9bb419b77ea51fe2846e0c57dfaa9df42
textures/flatlist/ovr_stm/_win/gbc_maiku.bmp.ctxr,textures/flatlist/ovr_stm/_win,gbc_maiku.bmp.ctxr,gbc_maiku.bmp,ctxr,175168,10dae0d57de151cf94fc36b09d6a8e1c37ab4e25
textures/flatlist/ovr_stm/_win/gbc_tuba.bmp.ctxr,textures/flatlist/ovr_stm/_win,gbc_tuba.bmp.ctxr,gbc_tuba.bmp,ctxr,175168,533bf53c26460edce0fc716c3519452db3d781d7
textures/flatlist/ovr_stm/_win/gbc_tusinki.bmp.ctxr,textures/flatlist/ovr_stm/_win,gbc_tusinki.bmp.ctxr,gbc_tusinki.bmp,ctxr,699488,8ff5421f497ea62b18c72415fba83e1fe5d5c247
textures/flatlist/ovr_stm/_win/gbs_ak_sling.bmp.ctxr,textures/flatlist/ovr_stm/_win,gbs_ak_sling.bmp.ctxr,gbs_ak_sling.bmp,ctxr,22208,c2a08d43afd9950384ff04012423e4df5eefd95e
textures/flatlist/ovr_stm/_win/gbs_arm_ss.bmp.ctxr,textures/flatlist/ovr_stm/_win,gbs_arm_ss.bmp.ctxr,gbs_arm_ss.bmp,ctxr,1398528,03384c2003cddcd44b9d6c7908fb3b94bbe789d6
textures/flatlist/ovr_stm/_win/gbs_belt.bmp.ctxr,textures/flatlist/ovr_stm/_win,gbs_belt.bmp.ctxr,gbs_belt.bmp,ctxr,22208,9dcbaaaaee342c1a13282cd4e7bbf58faf0fc469
textures/flatlist/ovr_stm/_win/gbs_body_ss.bmp.ctxr,textures/flatlist/ovr_stm/_win,gbs_body_ss.bmp.ctxr,gbs_body_ss.bmp,ctxr,2796672,6fad1efebf11c1f3b0a37f24f7be8076af006dad
textures/flatlist/ovr_stm/_win/gbs_boot_bot1.bmp.ctxr,textures/flatlist/ovr_stm/_win,gbs_boot_bot1.bmp.ctxr,gbs_boot_bot1.bmp,ctxr,175168,aa67df1959ec0cfa1f50774aabdf13dfa6cc0510
textures/flatlist/ovr_stm/_win/gbs_boot_bot2.bmp.ctxr,textures/flatlist/ovr_stm/_win,gbs_boot_bot2.bmp.ctxr,gbs_boot_bot2.bmp,ctxr,87744,21e8fa924deea104c377854fb6c6374eda65431d
textures/flatlist/ovr_stm/_win/gbs_boot_ss.bmp.ctxr,textures/flatlist/ovr_stm/_win,gbs_boot_ss.bmp.ctxr,gbs_boot_ss.bmp,ctxr,349920,f3fe0025c59b0a59214436742362893419c5992c
textures/flatlist/ovr_stm/_win/gbs_bp1.bmp.ctxr,textures/flatlist/ovr_stm/_win,gbs_bp1.bmp.ctxr,gbs_bp1.bmp,ctxr,699488,3d60365c7124c013dae6eca2554e4f571b540625
textures/flatlist/ovr_stm/_win/gbs_bp2.bmp.ctxr,textures/flatlist/ovr_stm/_win,gbs_bp2.bmp.ctxr,gbs_bp2.bmp,ctxr,175168,f5f982228b2631dfa06817bcb97f1c1247f57bc1
textures/flatlist/ovr_stm/_win/gbs_eri.bmp.ctxr,textures/flatlist/ovr_stm/_win,gbs_eri.bmp.ctxr,gbs_eri.bmp,ctxr,175200,c3e93761d804b02de3e67637a4c7c1c4d8f21069
textures/flatlist/ovr_stm/_win/gbs_eye_def.bmp.ctxr,textures/flatlist/ovr_stm/_win,gbs_eye_def.bmp.ctxr,gbs_eye_def.bmp,ctxr,44064,709efe4e05e190a85a14dc834dac9796fe6d8ce4
textures/flatlist/ovr_stm/_win/gbs_eye_white.bmp.ctxr,textures/flatlist/ovr_stm/_win,gbs_eye_white.bmp.ctxr,gbs_eye_white.bmp,ctxr,44064,0939fcf2df96ff8b6e4dab63129acd9a6d4df9cb
textures/flatlist/ovr_stm/_win/gbs_face.bmp.ctxr,textures/flatlist/ovr_stm/_win,gbs_face.bmp.ctxr,gbs_face.bmp,ctxr,349920,d405c376badb47a93f98c2a478484d8fb54e8f43
textures/flatlist/ovr_stm/_win/gbs_head_back.bmp.ctxr,textures/flatlist/ovr_stm/_win,gbs_head_back.bmp.ctxr,gbs_head_back.bmp,ctxr,44064,b72a0a5348e273abfe9997006c78964f8670052e
textures/flatlist/ovr_stm/_win/gbs_head_side.bmp.ctxr,textures/flatlist/ovr_stm/_win,gbs_head_side.bmp.ctxr,gbs_head_side.bmp,ctxr,175168,84cd9e3d7dd9f1778fb255ac50c58d16737e594e
textures/flatlist/ovr_stm/_win/gbs_head_top.bmp.ctxr,textures/flatlist/ovr_stm/_win,gbs_head_top.bmp.ctxr,gbs_head_top.bmp,ctxr,349952,428e3a43d2f0eddef457a9d27f3cb0bea684edbe
textures/flatlist/ovr_stm/_win/gbs_leg_ss.bmp.ctxr,textures/flatlist/ovr_stm/_win,gbs_leg_ss.bmp.ctxr,gbs_leg_ss.bmp,ctxr,2796672,fc06754e627ed5fe83a0f7830697394b685a40fe
textures/flatlist/ovr_stm/_win/gbs_p2_back.bmp.ctxr,textures/flatlist/ovr_stm/_win,gbs_p2_back.bmp.ctxr,gbs_p2_back.bmp,ctxr,87744,0f8a1060243c254362618c0007528e5a409b7b13
textures/flatlist/ovr_stm/_win/gbs_p2_fro.bmp.ctxr,textures/flatlist/ovr_stm/_win,gbs_p2_fro.bmp.ctxr,gbs_p2_fro.bmp,ctxr,87744,15d644620e9611d1a9ef8e151dc845ee41cdaca2
textures/flatlist/ovr_stm/_win/gbs_p2_side.bmp.ctxr,textures/flatlist/ovr_stm/_win,gbs_p2_side.bmp.ctxr,gbs_p2_side.bmp,ctxr,11296,02b8c90a6cee20fb35badb62289c2db40c807b87
textures/flatlist/ovr_stm/_win/gbs_p4_fro.bmp.ctxr,textures/flatlist/ovr_stm/_win,gbs_p4_fro.bmp.ctxr,gbs_p4_fro.bmp,ctxr,175168,4c4bc7e636cf225ddb25e167a41e2f53098867b6
textures/flatlist/ovr_stm/_win/gbs_p4_side.bmp.ctxr,textures/flatlist/ovr_stm/_win,gbs_p4_side.bmp.ctxr,gbs_p4_side.bmp,ctxr,44096,471c0b3f2d95336819c0ba9ecfe5d663c7607d5d
textures/flatlist/ovr_stm/_win/gbs_toe2.bmp.ctxr,textures/flatlist/ovr_stm/_win,gbs_toe2.bmp.ctxr,gbs_toe2.bmp,ctxr,349920,f756201d7bb43bfc41d158bfe30471dd55db7c07
textures/flatlist/ovr_stm/_win/gcyp_amo_f1.bmp.ctxr,textures/flatlist/ovr_stm/_win,gcyp_amo_f1.bmp.ctxr,gcyp_amo_f1.bmp,ctxr,44064,e56d7b00b14b5c4b396e06dbbe62d4f2dcf5358f
textures/flatlist/ovr_stm/_win/gcyp_bodykim.bmp.ctxr,textures/flatlist/ovr_stm/_win,gcyp_bodykim.bmp.ctxr,gcyp_bodykim.bmp,ctxr,175168,c42d90d11e72d7a9eabebf24f05d45b39926d3ad
textures/flatlist/ovr_stm/_win/ghost_pos.bmp.ctxr,textures/flatlist/ovr_stm/_win,ghost_pos.bmp.ctxr,ghost_pos.bmp,ctxr,5592864,aef476faa4596c1143587fe571a9dd3196250184
textures/flatlist/ovr_stm/_win/gps_arm_ss2.bmp.ctxr,textures/flatlist/ovr_stm/_win,gps_arm_ss2.bmp.ctxr,gps_arm_ss2.bmp,ctxr,1398528,3eeeb3eed61cc7663fe3d8ca21ad527a4fbab411
textures/flatlist/ovr_stm/_win/gps_body_ss.bmp.ctxr,textures/flatlist/ovr_stm/_win,gps_body_ss.bmp.ctxr,gps_body_ss.bmp,ctxr,2796672,9a6dab007919a58767e3d3b4d25d86ad80bf4ae5
textures/flatlist/ovr_stm/_win/gps_boot_ss.bmp.ctxr,textures/flatlist/ovr_stm/_win,gps_boot_ss.bmp.ctxr,gps_boot_ss.bmp,ctxr,349920,830b0975a02467b168b2d1710e2ca62e7b1500a9
textures/flatlist/ovr_stm/_win/gps_crest_l_ovl_alp.bmp.ctxr,textures/flatlist/ovr_stm/_win,gps_crest_l_ovl_alp.bmp.ctxr,gps_crest_l_ovl_alp.bmp,ctxr,87744,90b19d52da9353112f018549bb1576ed52a4a10e
textures/flatlist/ovr_stm/_win/gps_crest_r_ovl_alp.bmp.ctxr,textures/flatlist/ovr_stm/_win,gps_crest_r_ovl_alp.bmp.ctxr,gps_crest_r_ovl_alp.bmp,ctxr,87744,54e8aaad42eff057074ebd6e9444155d64fdf87e
textures/flatlist/ovr_stm/_win/gps_eri.bmp.ctxr,textures/flatlist/ovr_stm/_win,gps_eri.bmp.ctxr,gps_eri.bmp,ctxr,175200,d53c135c3b43792fb2d866d3f7cc72a7f853bdf9
textures/flatlist/ovr_stm/_win/gps_eye_close.bmp.ctxr,textures/flatlist/ovr_stm/_win,gps_eye_close.bmp.ctxr,gps_eye_close.bmp,ctxr,87744,2b3ef69ebf54f2bd65bb3ce3dc71d55c5e0ba0e5
textures/flatlist/ovr_stm/_win/gps_eye_def.bmp.ctxr,textures/flatlist/ovr_stm/_win,gps_eye_def.bmp.ctxr,gps_eye_def.bmp,ctxr,87744,ef8ba080707c0ea8d19a1e1e3a61144db6218af1
textures/flatlist/ovr_stm/_win/gps_eye_open.bmp.ctxr,textures/flatlist/ovr_stm/_win,gps_eye_open.bmp.ctxr,gps_eye_open.bmp,ctxr,87744,460853ee8e3d669d60e29de5b6b707cc4b44a282
textures/flatlist/ovr_stm/_win/gps_eye_pain.bmp.ctxr,textures/flatlist/ovr_stm/_win,gps_eye_pain.bmp.ctxr,gps_eye_pain.bmp,ctxr,87744,e78451070e83e43175983b9118bd2d1a3f009312
textures/flatlist/ovr_stm/_win/gps_eye_white.bmp.ctxr,textures/flatlist/ovr_stm/_win,gps_eye_white.bmp.ctxr,gps_eye_white.bmp,ctxr,87744,14d8e5ac566e97e1328ecc1bf957536940b7d782
textures/flatlist/ovr_stm/_win/gps_knife.bmp.ctxr,textures/flatlist/ovr_stm/_win,gps_knife.bmp.ctxr,gps_knife.bmp,ctxr,87808,5319c7b1225ec1f88a53f55fbf356cf53abd2f1c
textures/flatlist/ovr_stm/_win/gps_leg_ss.bmp.ctxr,textures/flatlist/ovr_stm/_win,gps_leg_ss.bmp.ctxr,gps_leg_ss.bmp,ctxr,2796672,ec14bfea5152978227c5599e6562259e9e5eb8d7
textures/flatlist/ovr_stm/_win/gps_mask.bmp.ctxr,textures/flatlist/ovr_stm/_win,gps_mask.bmp.ctxr,gps_mask.bmp,ctxr,1398528,59d1bfdb3a3563e6d06e71a9e37a0ca38d9375ec
textures/flatlist/ovr_stm/_win/gps_poket.bmp.ctxr,textures/flatlist/ovr_stm/_win,gps_poket.bmp.ctxr,gps_poket.bmp,ctxr,175168,666a283615c6a18ee1769e2686124ed744401f93
textures/flatlist/ovr_stm/_win/gps_poket2.bmp.ctxr,textures/flatlist/ovr_stm/_win,gps_poket2.bmp.ctxr,gps_poket2.bmp,ctxr,87744,4d3103ae40efbc7d625a8184445bbbd083a19af4
textures/flatlist/ovr_stm/_win/gps_toe2.bmp.ctxr,textures/flatlist/ovr_stm/_win,gps_toe2.bmp.ctxr,gps_toe2.bmp,ctxr,349920,b9203a7244ce77e85b9b2cf35065d9e61ec03faa
textures/flatlist/ovr_stm/_win/gps_wrist.bmp.ctxr,textures/flatlist/ovr_stm/_win,gps_wrist.bmp.ctxr,gps_wrist.bmp,ctxr,87776,ca146d41b9febfc9d766056e3ad43fa90d87feea
textures/flatlist/ovr_stm/_win/grn_sb_body.bmp.ctxr,textures/flatlist/ovr_stm/_win,grn_sb_body.bmp.ctxr,grn_sb_body.bmp,ctxr,699488,eec6b67945faefe440a08c33dbe2d11d3466a391
textures/flatlist/ovr_stm/_win/gwb_ceil01.bmp.ctxr,textures/flatlist/ovr_stm/_win,gwb_ceil01.bmp.ctxr,gwb_ceil01.bmp,ctxr,2796672,f1690dadd5816def217e5892c6fe657763b74eb0
textures/flatlist/ovr_stm/_win/gwb_fen01_msk.bmp.ctxr,textures/flatlist/ovr_stm/_win,gwb_fen01_msk.bmp.ctxr,gwb_fen01_msk.bmp,ctxr,1398560,ac40b65942905f5bcace0b74c0aaa0b12d3820bd
textures/flatlist/ovr_stm/_win/gwb_pole01.bmp.ctxr,textures/flatlist/ovr_stm/_win,gwb_pole01.bmp.ctxr,gwb_pole01.bmp,ctxr,1398528,b0c92d0d3af3f2f8499b966452c39d05a70dba0b
textures/flatlist/ovr_stm/_win/gwb_pole02.bmp.ctxr,textures/flatlist/ovr_stm/_win,gwb_pole02.bmp.ctxr,gwb_pole02.bmp,ctxr,699488,d7ecbe698c3bf505547a818808f9edd82b6f9176
textures/flatlist/ovr_stm/_win/h6h_body_f1.bmp.ctxr,textures/flatlist/ovr_stm/_win,h6h_body_f1.bmp.ctxr,h6h_body_f1.bmp,ctxr,349920,4fa88934a69550243f74339349b6dbfc3217ee9d
textures/flatlist/ovr_stm/_win/h6h_body_s1.bmp.ctxr,textures/flatlist/ovr_stm/_win,h6h_body_s1.bmp.ctxr,h6h_body_s1.bmp,ctxr,5592896,375f95cc99e6292a9a01666975baf5ec0da8ce14
textures/flatlist/ovr_stm/_win/h6h_body_s3.bmp.ctxr,textures/flatlist/ovr_stm/_win,h6h_body_s3.bmp.ctxr,h6h_body_s3.bmp,ctxr,2796672,958f81a57076de1f59787326daaed3d8d0bf4fcf
textures/flatlist/ovr_stm/_win/h6h_body_t1.bmp.ctxr,textures/flatlist/ovr_stm/_win,h6h_body_t1.bmp.ctxr,h6h_body_t1.bmp,ctxr,5592896,98507cc178fb73546a75d460b0e22df91c07261a
textures/flatlist/ovr_stm/_win/h6h_body_u1.bmp.ctxr,textures/flatlist/ovr_stm/_win,h6h_body_u1.bmp.ctxr,h6h_body_u1.bmp,ctxr,1398560,20c45e772dc56df7f5e871b2eef58a43da6ec000
textures/flatlist/ovr_stm/_win/h6h_duct_hole.bmp.ctxr,textures/flatlist/ovr_stm/_win,h6h_duct_hole.bmp.ctxr,h6h_duct_hole.bmp,ctxr,175168,28c02e7a4fac69db0d57bfc2002550b9a2108043
textures/flatlist/ovr_stm/_win/h6h_duct_s1.bmp.ctxr,textures/flatlist/ovr_stm/_win,h6h_duct_s1.bmp.ctxr,h6h_duct_s1.bmp,ctxr,1398528,94cacff24fedc40e16c761da0909ed30caba92e3
textures/flatlist/ovr_stm/_win/h6h_face_s1.bmp.ctxr,textures/flatlist/ovr_stm/_win,h6h_face_s1.bmp.ctxr,h6h_face_s1.bmp,ctxr,699488,c19592d1475e77c0fa2aa6f9947cc436fe4ebf26
textures/flatlist/ovr_stm/_win/h6h_intake_s1.bmp.ctxr,textures/flatlist/ovr_stm/_win,h6h_intake_s1.bmp.ctxr,h6h_intake_s1.bmp,ctxr,1398528,9e8ba857d0afc747b9818a20736203074e1d4042
textures/flatlist/ovr_stm/_win/h6h_tailbox1.bmp.ctxr,textures/flatlist/ovr_stm/_win,h6h_tailbox1.bmp.ctxr,h6h_tailbox1.bmp,ctxr,349920,3b2a53a5ee3892e8b2749f5086e6973256d96a09
textures/flatlist/ovr_stm/_win/h6h_tailwing_s1.bmp.ctxr,textures/flatlist/ovr_stm/_win,h6h_tailwing_s1.bmp.ctxr,h6h_tailwing_s1.bmp,ctxr,1398528,0547bcc918c904e2f600210c6fef553fbb26e55a
textures/flatlist/ovr_stm/_win/h6h_tank1_s1.bmp.ctxr,textures/flatlist/ovr_stm/_win,h6h_tank1_s1.bmp.ctxr,h6h_tank1_s1.bmp,ctxr,699488,588e8b801e226a1410a377dff101b8b585efdb74
textures/flatlist/ovr_stm/_win/h6h_temptex1.bmp.ctxr,textures/flatlist/ovr_stm/_win,h6h_temptex1.bmp.ctxr,h6h_temptex1.bmp,ctxr,349920,3a0ecc86cd257611f4095564d7f8768e6e81acc2
textures/flatlist/ovr_stm/_win/h6h_wheel.bmp.ctxr,textures/flatlist/ovr_stm/_win,h6h_wheel.bmp.ctxr,h6h_wheel.bmp,ctxr,87744,51ae97308ca2d3c9bbd0260ed367b60ef4c5f318
textures/flatlist/ovr_stm/_win/h6h_wheel_shaft.bmp.ctxr,textures/flatlist/ovr_stm/_win,h6h_wheel_shaft.bmp.ctxr,h6h_wheel_shaft.bmp,ctxr,87776,7db313cd75778647927f50e6cf0a0366aa9b4ac9
textures/flatlist/ovr_stm/_win/hakof1.bmp.ctxr,textures/flatlist/ovr_stm/_win,hakof1.bmp.ctxr,hakof1.bmp,ctxr,349920,0e18072281d3f83954d310ebdcde576b43c4fc0e
textures/flatlist/ovr_stm/_win/hakos1.bmp.ctxr,textures/flatlist/ovr_stm/_win,hakos1.bmp.ctxr,hakos1.bmp,ctxr,349920,334c2f9d81105e1e4ec5d11c4a2ab711f2cbe806
textures/flatlist/ovr_stm/_win/hakot1.bmp.ctxr,textures/flatlist/ovr_stm/_win,hakot1.bmp.ctxr,hakot1.bmp,ctxr,349920,fadfd6caea3f55ee914dda9b7d2089a831f42296
textures/flatlist/ovr_stm/_win/hri2_body_back_cracked.bmp.ctxr,textures/flatlist/ovr_stm/_win,hri2_body_back_cracked.bmp.ctxr,hri2_body_back_cracked.bmp,ctxr,699488,984891a270d3dfe413458cda38123c4e0b66d4f5
textures/flatlist/ovr_stm/_win/hri2_body_s1_brk.bmp.ctxr,textures/flatlist/ovr_stm/_win,hri2_body_s1_brk.bmp.ctxr,hri2_body_s1_brk.bmp,ctxr,5592896,ed9457a5eec4e0e1959d8b9eb6fb5c47dd3c7ba6
textures/flatlist/ovr_stm/_win/hri2_cnpy02_brk_kato_ovl.bmp.ctxr,textures/flatlist/ovr_stm/_win,hri2_cnpy02_brk_kato_ovl.bmp.ctxr,hri2_cnpy02_brk_kato_ovl.bmp,ctxr,1398560,119c34bb42adedcfc70a0c1cb76be9488b9fbb6f
textures/flatlist/ovr_stm/_win/hri2_cockpit_console_t3.bmp.ctxr,textures/flatlist/ovr_stm/_win,hri2_cockpit_console_t3.bmp.ctxr,hri2_cockpit_console_t3.bmp,ctxr,1398528,5c8e87a5082f7012f54bf5f4317fbc18bbd020d5
textures/flatlist/ovr_stm/_win/hri2_cockpit_sideplate_01.bmp.ctxr,textures/flatlist/ovr_stm/_win,hri2_cockpit_sideplate_01.bmp.ctxr,hri2_cockpit_sideplate_01.bmp,ctxr,175200,a5b6c7e90df56cb44b2bc49c1a52a8093ae0af9e
textures/flatlist/ovr_stm/_win/hri2_face_s1_brk.bmp.ctxr,textures/flatlist/ovr_stm/_win,hri2_face_s1_brk.bmp.ctxr,hri2_face_s1_brk.bmp,ctxr,2796672,2158520e392a68514640fdd96ea9f1f29c8abe3e
textures/flatlist/ovr_stm/_win/hri2_mwing_t1_brk.bmp.ctxr,textures/flatlist/ovr_stm/_win,hri2_mwing_t1_brk.bmp.ctxr,hri2_mwing_t1_brk.bmp,ctxr,5592864,c5661456f75d55efdd8dd7c895fd143677027bf6
textures/flatlist/ovr_stm/_win/iro_armblood_alp_ovl.bmp.ctxr,textures/flatlist/ovr_stm/_win,iro_armblood_alp_ovl.bmp.ctxr,iro_armblood_alp_ovl.bmp,ctxr,699488,8dc3b16e12daf10841c6b86f5ed98edf8924b950
textures/flatlist/ovr_stm/_win/iro_arm_l.bmp.ctxr,textures/flatlist/ovr_stm/_win,iro_arm_l.bmp.ctxr,iro_arm_l.bmp,ctxr,1398528,851bb9b7e99c09ceee6482d24d3db57ceed7b39f
textures/flatlist/ovr_stm/_win/iro_arm_r.bmp.ctxr,textures/flatlist/ovr_stm/_win,iro_arm_r.bmp.ctxr,iro_arm_r.bmp,ctxr,1398528,3f069bdd99b3bb084749fa587381f662f3837eba
textures/flatlist/ovr_stm/_win/iro_arm_ss.bmp.ctxr,textures/flatlist/ovr_stm/_win,iro_arm_ss.bmp.ctxr,iro_arm_ss.bmp,ctxr,175200,2c6ec9db66a86a0a4e4f99cac42bd0b78fb64402
textures/flatlist/ovr_stm/_win/iro_bag1.bmp.ctxr,textures/flatlist/ovr_stm/_win,iro_bag1.bmp.ctxr,iro_bag1.bmp,ctxr,175168,1e02eb04db1dc254012a0939756e91a95b041366
textures/flatlist/ovr_stm/_win/iro_bag2.bmp.ctxr,textures/flatlist/ovr_stm/_win,iro_bag2.bmp.ctxr,iro_bag2.bmp,ctxr,699488,76766379ae3381c3f015d3921ca12e0ddf197ed4
textures/flatlist/ovr_stm/_win/iro_bag3.bmp.ctxr,textures/flatlist/ovr_stm/_win,iro_bag3.bmp.ctxr,iro_bag3.bmp,ctxr,175168,10220573d7daf3cdcaa96bea963871744cb6de1f
textures/flatlist/ovr_stm/_win/iro_bag4.bmp.ctxr,textures/flatlist/ovr_stm/_win,iro_bag4.bmp.ctxr,iro_bag4.bmp,ctxr,175168,37c0831340910fde4cea8bf6b5dd6e092f7b4722
textures/flatlist/ovr_stm/_win/iro_bag5.bmp.ctxr,textures/flatlist/ovr_stm/_win,iro_bag5.bmp.ctxr,iro_bag5.bmp,ctxr,22208,cbb5369bc3c23e1932fb07b4c929bb0f8307739c
textures/flatlist/ovr_stm/_win/iro_bag6.bmp.ctxr,textures/flatlist/ovr_stm/_win,iro_bag6.bmp.ctxr,iro_bag6.bmp,ctxr,11264,c6419fbce4954c89b9446763755da50e399beffd
textures/flatlist/ovr_stm/_win/iro_body.bmp.ctxr,textures/flatlist/ovr_stm/_win,iro_body.bmp.ctxr,iro_body.bmp,ctxr,2796672,dc590e8eb9780467c4d4711ee0fa80521155f0c9
textures/flatlist/ovr_stm/_win/iro_boots.bmp.ctxr,textures/flatlist/ovr_stm/_win,iro_boots.bmp.ctxr,iro_boots.bmp,ctxr,1398528,bd3f0da93256fa8ff901c9f92a7c0f24e5ef81f5
textures/flatlist/ovr_stm/_win/iro_face.bmp.ctxr,textures/flatlist/ovr_stm/_win,iro_face.bmp.ctxr,iro_face.bmp,ctxr,349952,952bf619187509b236b51cf158e3b6b132bc9371
textures/flatlist/ovr_stm/_win/iro_face.bmp_c2887b3a82812f39ba6df6e2295dab8a.ctxr,textures/flatlist/ovr_stm/_win,iro_face.bmp_c2887b3a82812f39ba6df6e2295dab8a.ctxr,iro_face.bmp_c2887b3a82812f39ba6df6e2295dab8a,ctxr,1398560,ece1a3f5e25a56167d64e75f26e6d258f406d38a
textures/flatlist/ovr_stm/_win/iro_glass_frame.bmp.ctxr,textures/flatlist/ovr_stm/_win,iro_glass_frame.bmp.ctxr,iro_glass_frame.bmp,ctxr,1632,507354fa39006ed3046f9245416ed8756947650b
textures/flatlist/ovr_stm/_win/iro_glass_sub_ovl_alp.bmp.ctxr,textures/flatlist/ovr_stm/_win,iro_glass_sub_ovl_alp.bmp.ctxr,iro_glass_sub_ovl_alp.bmp,ctxr,131232,373d51522e978d20ef84ce06e9a61e16fcd0a0d4
textures/flatlist/ovr_stm/_win/iro_hair01_alp_ovl.bmp.ctxr,textures/flatlist/ovr_stm/_win,iro_hair01_alp_ovl.bmp.ctxr,iro_hair01_alp_ovl.bmp,ctxr,349920,2deb3e7437ce6aeba90016e26287b1f5d1e9b049
textures/flatlist/ovr_stm/_win/iro_hair02_alp_ovl.bmp.ctxr,textures/flatlist/ovr_stm/_win,iro_hair02_alp_ovl.bmp.ctxr,iro_hair02_alp_ovl.bmp,ctxr,1398528,4bfb8f5f32aa0c49e68e051bf540ae9ff983ae54
textures/flatlist/ovr_stm/_win/iro_hair_base.bmp.ctxr,textures/flatlist/ovr_stm/_win,iro_hair_base.bmp.ctxr,iro_hair_base.bmp,ctxr,2796672,f08224b3aeb8eb5fe1ed537bac98ddef73a942eb
textures/flatlist/ovr_stm/_win/iro_hand.bmp.ctxr,textures/flatlist/ovr_stm/_win,iro_hand.bmp.ctxr,iro_hand.bmp,ctxr,175168,8ef6a7ef9a7c61012179e1bddb0d3a81f2b165f6
textures/flatlist/ovr_stm/_win/iro_hand_hi.bmp.ctxr,textures/flatlist/ovr_stm/_win,iro_hand_hi.bmp.ctxr,iro_hand_hi.bmp,ctxr,699488,857ba5dcbd13c577f9088e524f6a922aa2a3389e
textures/flatlist/ovr_stm/_win/iro_hi_ela_alp_ovl.bmp.ctxr,textures/flatlist/ovr_stm/_win,iro_hi_ela_alp_ovl.bmp.ctxr,iro_hi_ela_alp_ovl.bmp,ctxr,349952,0812ff830d168d41b00fac65e38d04ed43f77a4d
textures/flatlist/ovr_stm/_win/iro_hi_face.bmp.ctxr,textures/flatlist/ovr_stm/_win,iro_hi_face.bmp.ctxr,iro_hi_face.bmp,ctxr,5592896,d223ea5878b0c3f13b675db943d1cccfb5c12486
textures/flatlist/ovr_stm/_win/iro_hi_face_bandage.bmp.ctxr,textures/flatlist/ovr_stm/_win,iro_hi_face_bandage.bmp.ctxr,iro_hi_face_bandage.bmp,ctxr,5592896,f34c430d86886001f3423f739ec03db1eeaf1f92
textures/flatlist/ovr_stm/_win/iro_hi_finger.bmp.ctxr,textures/flatlist/ovr_stm/_win,iro_hi_finger.bmp.ctxr,iro_hi_finger.bmp,ctxr,87744,abca4440093e258c567096116d56d2c9e78860e5
textures/flatlist/ovr_stm/_win/iro_hi_finger2.bmp.ctxr,textures/flatlist/ovr_stm/_win,iro_hi_finger2.bmp.ctxr,iro_hi_finger2.bmp,ctxr,87744,eebe4baa3bf7f8db567ed296b7c7ed3a91d87a9e
textures/flatlist/ovr_stm/_win/iro_hi_hand1.bmp.ctxr,textures/flatlist/ovr_stm/_win,iro_hi_hand1.bmp.ctxr,iro_hi_hand1.bmp,ctxr,699488,99e86798c77618353e8f2a14de671da0e96ff878
textures/flatlist/ovr_stm/_win/iro_hi_hand2.bmp.ctxr,textures/flatlist/ovr_stm/_win,iro_hi_hand2.bmp.ctxr,iro_hi_hand2.bmp,ctxr,349920,2bbb8719fb86aa40bd013ffffcda7f28d933d9cd
textures/flatlist/ovr_stm/_win/iro_hi_tang.bmp.ctxr,textures/flatlist/ovr_stm/_win,iro_hi_tang.bmp.ctxr,iro_hi_tang.bmp,ctxr,349920,ac6420bd6c672248cd29242858a5c146e2d0930f
textures/flatlist/ovr_stm/_win/iro_hi_teeth.bmp.ctxr,textures/flatlist/ovr_stm/_win,iro_hi_teeth.bmp.ctxr,iro_hi_teeth.bmp,ctxr,699488,79075e5b770a908ced7c91cf751b64539f1aef59
textures/flatlist/ovr_stm/_win/iro_mask.bmp.ctxr,textures/flatlist/ovr_stm/_win,iro_mask.bmp.ctxr,iro_mask.bmp,ctxr,1398528,eb2d0f8a3f6ad739462f1c8a918bcca27f83e423
textures/flatlist/ovr_stm/_win/iro_nail.bmp.ctxr,textures/flatlist/ovr_stm/_win,iro_nail.bmp.ctxr,iro_nail.bmp,ctxr,44064,0c7a5c03fd7a4ffc9ec377f9e96dc12f924c7a77
textures/flatlist/ovr_stm/_win/iro_phones01.bmp.ctxr,textures/flatlist/ovr_stm/_win,iro_phones01.bmp.ctxr,iro_phones01.bmp,ctxr,699488,7b8d13edef592b039131f98aec96b2977ec70f1d
textures/flatlist/ovr_stm/_win/iro_phones02_ovl_alp.bmp.ctxr,textures/flatlist/ovr_stm/_win,iro_phones02_ovl_alp.bmp.ctxr,iro_phones02_ovl_alp.bmp,ctxr,87744,d2eebd056f90d6ba6c73a1ee6ff4f4358fd443cf
textures/flatlist/ovr_stm/_win/iro_radio.bmp.ctxr,textures/flatlist/ovr_stm/_win,iro_radio.bmp.ctxr,iro_radio.bmp,ctxr,349920,7fbf7a390a7847fd90c32addee2ddafb8f0073d9
textures/flatlist/ovr_stm/_win/iro_radio_band_alp_ovl.bmp.ctxr,textures/flatlist/ovr_stm/_win,iro_radio_band_alp_ovl.bmp.ctxr,iro_radio_band_alp_ovl.bmp,ctxr,349920,e4dc947e9bc31b7a2cf03ea08ace1a98d9fb4c63
textures/flatlist/ovr_stm/_win/iro_skin.bmp.ctxr,textures/flatlist/ovr_stm/_win,iro_skin.bmp.ctxr,iro_skin.bmp,ctxr,175168,61560190aa7d448eb10b2ce1ff3c366faab169f7
textures/flatlist/ovr_stm/_win/iro_skin_bandage.bmp.ctxr,textures/flatlist/ovr_stm/_win,iro_skin_bandage.bmp.ctxr,iro_skin_bandage.bmp,ctxr,699488,8b7c86378a2f687287affd8cab45ca8f6d350e67
textures/flatlist/ovr_stm/_win/iro_skin_blood.bmp.ctxr,textures/flatlist/ovr_stm/_win,iro_skin_blood.bmp.ctxr,iro_skin_blood.bmp,ctxr,699488,c038692ff2cb294c0fa703b7f53e55d214a68aff
textures/flatlist/ovr_stm/_win/iro_sk_face.bmp.ctxr,textures/flatlist/ovr_stm/_win,iro_sk_face.bmp.ctxr,iro_sk_face.bmp,ctxr,349952,f5ae7eb54cbceb114b2011ac3d05678006d0cb15
textures/flatlist/ovr_stm/_win/iro_snawear.bmp.ctxr,textures/flatlist/ovr_stm/_win,iro_snawear.bmp.ctxr,iro_snawear.bmp,ctxr,5760,1dbaf242579dbd56be114f1efe9d7b08d21261a2
textures/flatlist/ovr_stm/_win/irs_box_all.bmp.ctxr,textures/flatlist/ovr_stm/_win,irs_box_all.bmp.ctxr,irs_box_all.bmp,ctxr,349920,239836aacd94e2a4878d771e0764c68985ff765a
textures/flatlist/ovr_stm/_win/irs_box_back.bmp.ctxr,textures/flatlist/ovr_stm/_win,irs_box_back.bmp.ctxr,irs_box_back.bmp,ctxr,87744,5ce6f3e6198e81f0e227cf2920a0d1e846318dfc
textures/flatlist/ovr_stm/_win/irs_box_break.bmp.ctxr,textures/flatlist/ovr_stm/_win,irs_box_break.bmp.ctxr,irs_box_break.bmp,ctxr,349920,5cf13206bf78793a24ef57c78a5afd8c898458d3
textures/flatlist/ovr_stm/_win/irs_main.bmp.ctxr,textures/flatlist/ovr_stm/_win,irs_main.bmp.ctxr,irs_main.bmp,ctxr,349952,4477eed684f43e369d147fd3f2a4b93fbaf832fe
textures/flatlist/ovr_stm/_win/irs_u1.bmp.ctxr,textures/flatlist/ovr_stm/_win,irs_u1.bmp.ctxr,irs_u1.bmp,ctxr,349920,a6023a18f4f9fcbdc5832d02af413c1e7e1baa60
textures/flatlist/ovr_stm/_win/jim_rusty_arm_01.bmp.ctxr,textures/flatlist/ovr_stm/_win,jim_rusty_arm_01.bmp.ctxr,jim_rusty_arm_01.bmp,ctxr,175168,8654287daa73dcf39e340400affb2b193b5efbeb
textures/flatlist/ovr_stm/_win/jim_rusty_back_01.bmp.ctxr,textures/flatlist/ovr_stm/_win,jim_rusty_back_01.bmp.ctxr,jim_rusty_back_01.bmp,ctxr,175168,9967355cff0cd5e9de43e793a0d0e30026b499de
textures/flatlist/ovr_stm/_win/jim_rusty_body_02.bmp.ctxr,textures/flatlist/ovr_stm/_win,jim_rusty_body_02.bmp.ctxr,jim_rusty_body_02.bmp,ctxr,349920,26e5f88f15baba375f5edde214b8f21a308cebea
textures/flatlist/ovr_stm/_win/jim_rusty_joint_01.bmp.ctxr,textures/flatlist/ovr_stm/_win,jim_rusty_joint_01.bmp.ctxr,jim_rusty_joint_01.bmp,ctxr,349920,b3fd00d634a329a128dc362150e75a1df2e313ee
textures/flatlist/ovr_stm/_win/jim_rusty_met_02.bmp.ctxr,textures/flatlist/ovr_stm/_win,jim_rusty_met_02.bmp.ctxr,jim_rusty_met_02.bmp,ctxr,349920,54003f4c80f90849fa3256fa0d543d0bf1dbb123
textures/flatlist/ovr_stm/_win/jim_rusty_win_01.bmp.ctxr,textures/flatlist/ovr_stm/_win,jim_rusty_win_01.bmp.ctxr,jim_rusty_win_01.bmp,ctxr,349920,03d7cbd857593e07ee63470bcfc94b12cde0960a
textures/flatlist/ovr_stm/_win/kaitaic4_c_f1.bmp.ctxr,textures/flatlist/ovr_stm/_win,kaitaic4_c_f1.bmp.ctxr,kaitaic4_c_f1.bmp,ctxr,1398528,6e529bb62316135a1ef82518daed8a6657338ea7
textures/flatlist/ovr_stm/_win/kckis_box1.bmp.ctxr,textures/flatlist/ovr_stm/_win,kckis_box1.bmp.ctxr,kckis_box1.bmp,ctxr,349920,4f30a3a2783ad0c509c349c08ebb6a42d0a6642d
textures/flatlist/ovr_stm/_win/kckis_door_walls1.bmp.ctxr,textures/flatlist/ovr_stm/_win,kckis_door_walls1.bmp.ctxr,kckis_door_walls1.bmp,ctxr,349952,8658989aeada2b7377ced287612f1e9bc6675963
textures/flatlist/ovr_stm/_win/kckis_pipe1.bmp.ctxr,textures/flatlist/ovr_stm/_win,kckis_pipe1.bmp.ctxr,kckis_pipe1.bmp,ctxr,175168,857d61c3e1cc2e17033e228a0c100fff5f223e00
textures/flatlist/ovr_stm/_win/kckis_wall_s1.bmp.ctxr,textures/flatlist/ovr_stm/_win,kckis_wall_s1.bmp.ctxr,kckis_wall_s1.bmp,ctxr,5592864,da6e5385bf21591257b5753c4f3590e3ee10ecd0
textures/flatlist/ovr_stm/_win/kck_body1_s.bmp.ctxr,textures/flatlist/ovr_stm/_win,kck_body1_s.bmp.ctxr,kck_body1_s.bmp,ctxr,2796672,3917603d718f19ccfa5bf05f52bfe254338a2aa4
textures/flatlist/ovr_stm/_win/kck_body1_t.bmp.ctxr,textures/flatlist/ovr_stm/_win,kck_body1_t.bmp.ctxr,kck_body1_t.bmp,ctxr,699488,41301c3e543cd7b5c2afc0c8a58ca1bde049bc03
textures/flatlist/ovr_stm/_win/kck_body2.bmp.ctxr,textures/flatlist/ovr_stm/_win,kck_body2.bmp.ctxr,kck_body2.bmp,ctxr,2796672,697ee91ef4c3016bb6cd24eaeeed8af11936bc12
textures/flatlist/ovr_stm/_win/kck_ckpt_chair_back.bmp.ctxr,textures/flatlist/ovr_stm/_win,kck_ckpt_chair_back.bmp.ctxr,kck_ckpt_chair_back.bmp,ctxr,699488,017ba8cb43660202fdb4173fa59c26c10c72a92b
textures/flatlist/ovr_stm/_win/kck_ckpt_chair_face.bmp.ctxr,textures/flatlist/ovr_stm/_win,kck_ckpt_chair_face.bmp.ctxr,kck_ckpt_chair_face.bmp,ctxr,349952,257cbffb53a8416da7de0b72e464e234e465cbcb
textures/flatlist/ovr_stm/_win/kck_ckpt_chair_head.bmp.ctxr,textures/flatlist/ovr_stm/_win,kck_ckpt_chair_head.bmp.ctxr,kck_ckpt_chair_head.bmp,ctxr,87744,34a15346b1dc7e1177e7ba56cb5604b538bb6863
textures/flatlist/ovr_stm/_win/kck_ckpt_door.bmp.ctxr,textures/flatlist/ovr_stm/_win,kck_ckpt_door.bmp.ctxr,kck_ckpt_door.bmp,ctxr,699488,d74e740e5fe7c221008a0201aeaa10308f7c3d72
textures/flatlist/ovr_stm/_win/kck_glass.bmp.ctxr,textures/flatlist/ovr_stm/_win,kck_glass.bmp.ctxr,kck_glass.bmp,ctxr,699488,09e058d42a9ee01dccc671cf6d48215edfa08bf6
textures/flatlist/ovr_stm/_win/kck_mark504.bmp.ctxr,textures/flatlist/ovr_stm/_win,kck_mark504.bmp.ctxr,kck_mark504.bmp,ctxr,1398528,6ff40aa4a34a049f6cd632c12fca390062b9b95f
textures/flatlist/ovr_stm/_win/kck_mrot_propera.bmp.ctxr,textures/flatlist/ovr_stm/_win,kck_mrot_propera.bmp.ctxr,kck_mrot_propera.bmp,ctxr,87744,a5dc48d756485076faaf99103b048de6b149be77
textures/flatlist/ovr_stm/_win/kck_ropebox.bmp.ctxr,textures/flatlist/ovr_stm/_win,kck_ropebox.bmp.ctxr,kck_ropebox.bmp,ctxr,87744,f3eeeb91cf71798d3adf024fc7fe513b56fa8ff8
textures/flatlist/ovr_stm/_win/kck_twing2_s.bmp.ctxr,textures/flatlist/ovr_stm/_win,kck_twing2_s.bmp.ctxr,kck_twing2_s.bmp,ctxr,175168,457f1e1fd01b3c0929c55f78c3ca3dfb079bf2f0
textures/flatlist/ovr_stm/_win/kck_twing_s.bmp.ctxr,textures/flatlist/ovr_stm/_win,kck_twing_s.bmp.ctxr,kck_twing_s.bmp,ctxr,349920,ddd0217ac2ea063603398eb5f4b0348b83369d98
textures/flatlist/ovr_stm/_win/kictobunt.bmp.ctxr,textures/flatlist/ovr_stm/_win,kictobunt.bmp.ctxr,kictobunt.bmp,ctxr,699488,a4a0bbff06b8a773ea2e9d82a4be45641e5207d9
textures/flatlist/ovr_stm/_win/kictpa1.bmp.ctxr,textures/flatlist/ovr_stm/_win,kictpa1.bmp.ctxr,kictpa1.bmp,ctxr,699488,bce8d3dda33e28c94638874a1dc8b2f9cca9b37a
textures/flatlist/ovr_stm/_win/kitabup1.bmp.ctxr,textures/flatlist/ovr_stm/_win,kitabup1.bmp.ctxr,kitabup1.bmp,ctxr,1398528,3cfda3e80b65509f0beadf639cbccbfb967b72d4
textures/flatlist/ovr_stm/_win/kitabup2.bmp.ctxr,textures/flatlist/ovr_stm/_win,kitabup2.bmp.ctxr,kitabup2.bmp,ctxr,699488,23d16b6961a9a5b32732642f36bd4986fb533212
textures/flatlist/ovr_stm/_win/kitabup2a.bmp_02cd1af7fc3c2bc6ac541d04e3c1fc94.ctxr,textures/flatlist/ovr_stm/_win,kitabup2a.bmp_02cd1af7fc3c2bc6ac541d04e3c1fc94.ctxr,kitabup2a.bmp_02cd1af7fc3c2bc6ac541d04e3c1fc94,ctxr,1398528,a4b4783a4022730586f5fb5cd9b2e1246ff0b9cc
textures/flatlist/ovr_stm/_win/kitabup2b.bmp.ctxr,textures/flatlist/ovr_stm/_win,kitabup2b.bmp.ctxr,kitabup2b.bmp,ctxr,349952,11a776c8c1bf0ac0610c41397c64e16d90fa17be
textures/flatlist/ovr_stm/_win/kitdaif.bmp_f955769afe56243c99ca706b761e63b1.ctxr,textures/flatlist/ovr_stm/_win,kitdaif.bmp_f955769afe56243c99ca706b761e63b1.ctxr,kitdaif.bmp_f955769afe56243c99ca706b761e63b1,ctxr,1398528,6b85eda51dee3c41f5335c87b5043beadbc9388a
textures/flatlist/ovr_stm/_win/kitdaif2a.bmp.ctxr,textures/flatlist/ovr_stm/_win,kitdaif2a.bmp.ctxr,kitdaif2a.bmp,ctxr,1398528,c0b00262d416f0e5e00a363b67af07a2725c4a4a
textures/flatlist/ovr_stm/_win/kitflymoto.bmp.ctxr,textures/flatlist/ovr_stm/_win,kitflymoto.bmp.ctxr,kitflymoto.bmp,ctxr,349984,7720a40131d76572966c6d0884b889e694a96ed3
textures/flatlist/ovr_stm/_win/kitflymoto_s.bmp.ctxr,textures/flatlist/ovr_stm/_win,kitflymoto_s.bmp.ctxr,kitflymoto_s.bmp,ctxr,349984,366428b6f696f5801109657ea6b808c57578f975
textures/flatlist/ovr_stm/_win/kitgas_t.bmp.ctxr,textures/flatlist/ovr_stm/_win,kitgas_t.bmp.ctxr,kitgas_t.bmp,ctxr,699488,911a78fcaa0a9bba77459031491abbf0f4641a6f
textures/flatlist/ovr_stm/_win/kitkabf.bmp.ctxr,textures/flatlist/ovr_stm/_win,kitkabf.bmp.ctxr,kitkabf.bmp,ctxr,699488,f761cdbe817d0172fb757d129aee346de5ce42dc
textures/flatlist/ovr_stm/_win/kitnabd.bmp.ctxr,textures/flatlist/ovr_stm/_win,kitnabd.bmp.ctxr,kitnabd.bmp,ctxr,349920,a5eccd7065e447437a4113054d6d6241528900b3
textures/flatlist/ovr_stm/_win/kitnab_c.bmp.ctxr,textures/flatlist/ovr_stm/_win,kitnab_c.bmp.ctxr,kitnab_c.bmp,ctxr,349920,4ff5363a7e30be860a29b39781adb6fc495244ea
textures/flatlist/ovr_stm/_win/kitnab_s.bmp.ctxr,textures/flatlist/ovr_stm/_win,kitnab_s.bmp.ctxr,kitnab_s.bmp,ctxr,349920,c0ada2316800d2e01ca41bee226c9d71c4674a29
textures/flatlist/ovr_stm/_win/kmo_droppings01_alp.bmp.ctxr,textures/flatlist/ovr_stm/_win,kmo_droppings01_alp.bmp.ctxr,kmo_droppings01_alp.bmp,ctxr,1398528,24ccc8432d499fd9f6482f327034816cbfdbd4b5
textures/flatlist/ovr_stm/_win/kmo_droppings02_alp.bmp.ctxr,textures/flatlist/ovr_stm/_win,kmo_droppings02_alp.bmp.ctxr,kmo_droppings02_alp.bmp,ctxr,1398528,d5b8b62c6e6212dfeed5a15057251d1f31b9d1c2
textures/flatlist/ovr_stm/_win/kmo_droppings03_alp.bmp.ctxr,textures/flatlist/ovr_stm/_win,kmo_droppings03_alp.bmp.ctxr,kmo_droppings03_alp.bmp,ctxr,1398528,619f52f05d7f7256cebb8c897d9d06f9549365ff
textures/flatlist/ovr_stm/_win/kmo_droppings04_alp.bmp.ctxr,textures/flatlist/ovr_stm/_win,kmo_droppings04_alp.bmp.ctxr,kmo_droppings04_alp.bmp,ctxr,1398528,9b5c1378899e66fc68f588685a0cd7b0e62ad45c
textures/flatlist/ovr_stm/_win/k_eye_s_pos.bmp.ctxr,textures/flatlist/ovr_stm/_win,k_eye_s_pos.bmp.ctxr,k_eye_s_pos.bmp,ctxr,5592864,fc46ba4d9b161d1086b21b4e81f85b294c7995db
textures/flatlist/ovr_stm/_win/lifeboat_body_back_01.bmp.ctxr,textures/flatlist/ovr_stm/_win,lifeboat_body_back_01.bmp.ctxr,lifeboat_body_back_01.bmp,ctxr,2796672,fea0f73f1d2047f9d4f8d1758300c5456dc3c2c7
textures/flatlist/ovr_stm/_win/lifeboat_body_center_01.bmp.ctxr,textures/flatlist/ovr_stm/_win,lifeboat_body_center_01.bmp.ctxr,lifeboat_body_center_01.bmp,ctxr,5592864,ea93ff16b9634066fdf2668ab69724468997094e
textures/flatlist/ovr_stm/_win/lifeboat_body_front_01.bmp.ctxr,textures/flatlist/ovr_stm/_win,lifeboat_body_front_01.bmp.ctxr,lifeboat_body_front_01.bmp,ctxr,1398560,7e8aa7de6dec1aff1a26d8ff63e3e03d2607e646
textures/flatlist/ovr_stm/_win/lifeboat_fin_01.bmp.ctxr,textures/flatlist/ovr_stm/_win,lifeboat_fin_01.bmp.ctxr,lifeboat_fin_01.bmp,ctxr,175168,aa9ac4bf4f6bd9ff365a4f3e99571326a473a3ce
textures/flatlist/ovr_stm/_win/lifeboat_window_back_01.bmp.ctxr,textures/flatlist/ovr_stm/_win,lifeboat_window_back_01.bmp.ctxr,lifeboat_window_back_01.bmp,ctxr,699488,8bcceeef41148a9da3260a5ec77b5daa29024e74
textures/flatlist/ovr_stm/_win/lifeboat_window_front.bmp.ctxr,textures/flatlist/ovr_stm/_win,lifeboat_window_front.bmp.ctxr,lifeboat_window_front.bmp,ctxr,175168,481f9376a975604c54d29ffb3dd86eb7102ca586
textures/flatlist/ovr_stm/_win/lnr_amo_s1.bmp.ctxr,textures/flatlist/ovr_stm/_win,lnr_amo_s1.bmp.ctxr,lnr_amo_s1.bmp,ctxr,44064,90e5d2784fce1a05b04477311e4b52fdaf2b9e60
textures/flatlist/ovr_stm/_win/lnr_body.bmp.ctxr,textures/flatlist/ovr_stm/_win,lnr_body.bmp.ctxr,lnr_body.bmp,ctxr,2796672,519ca2f331020a94bf82fdc0780fb91147ac30b9
textures/flatlist/ovr_stm/_win/lnr_body2.bmp.ctxr,textures/flatlist/ovr_stm/_win,lnr_body2.bmp.ctxr,lnr_body2.bmp,ctxr,175200,751855938575c06b81bd66f67f7d6bb044214b4e
textures/flatlist/ovr_stm/_win/lnr_body2_kim.bmp.ctxr,textures/flatlist/ovr_stm/_win,lnr_body2_kim.bmp.ctxr,lnr_body2_kim.bmp,ctxr,175200,09aa9be195b5c441e4e0aa4dba391ad5d894173d
textures/flatlist/ovr_stm/_win/lnr_mag_kim.bmp.ctxr,textures/flatlist/ovr_stm/_win,lnr_mag_kim.bmp.ctxr,lnr_mag_kim.bmp,ctxr,44064,554b7e4607ceeab7d1ea8999461ef850961e8769
textures/flatlist/ovr_stm/_win/lnr_rail1.bmp.ctxr,textures/flatlist/ovr_stm/_win,lnr_rail1.bmp.ctxr,lnr_rail1.bmp,ctxr,87776,11c4b3574897dc508fc8659e2f8f0b0ad8b9de6d
textures/flatlist/ovr_stm/_win/loc_01_soto.bmp.ctxr,textures/flatlist/ovr_stm/_win,loc_01_soto.bmp.ctxr,loc_01_soto.bmp,ctxr,349920,8552638bef7c28cfa25d9a6ff211b68abc0a4ffc
textures/flatlist/ovr_stm/_win/loc_door_07.bmp.ctxr,textures/flatlist/ovr_stm/_win,loc_door_07.bmp.ctxr,loc_door_07.bmp,ctxr,1398560,1b2071e2cef7befd48ef2feb672330d4f03532dc
textures/flatlist/ovr_stm/_win/m3l_dk2_07.bmp.ctxr,textures/flatlist/ovr_stm/_win,m3l_dk2_07.bmp.ctxr,m3l_dk2_07.bmp,ctxr,2796672,eb3189a4026c897aab91d2cac243f44ad20a9e47
textures/flatlist/ovr_stm/_win/m3l_dk2_08.bmp.ctxr,textures/flatlist/ovr_stm/_win,m3l_dk2_08.bmp.ctxr,m3l_dk2_08.bmp,ctxr,1398560,522dfc33ae96510060c911b1e2ac7543c2734969
textures/flatlist/ovr_stm/_win/m3l_flo_06_bld090_ovl.bmp.ctxr,textures/flatlist/ovr_stm/_win,m3l_flo_06_bld090_ovl.bmp.ctxr,m3l_flo_06_bld090_ovl.bmp,ctxr,1398528,c6fc347e65b21c2a3732fc936e9f40183f44d225
textures/flatlist/ovr_stm/_win/m3l_flo_08_bld090_ovl.bmp.ctxr,textures/flatlist/ovr_stm/_win,m3l_flo_08_bld090_ovl.bmp.ctxr,m3l_flo_08_bld090_ovl.bmp,ctxr,1398528,735a4f90c33569b4114580f56d62401d9d5ac117
textures/flatlist/ovr_stm/_win/m3l_flo_09_bld090_ovl.bmp.ctxr,textures/flatlist/ovr_stm/_win,m3l_flo_09_bld090_ovl.bmp.ctxr,m3l_flo_09_bld090_ovl.bmp,ctxr,1398528,5b1932275d764986596d1641ddf9abcdeb913ac4
textures/flatlist/ovr_stm/_win/m3l_flo_medibed_bld090_ovl.bmp.ctxr,textures/flatlist/ovr_stm/_win,m3l_flo_medibed_bld090_ovl.bmp.ctxr,m3l_flo_medibed_bld090_ovl.bmp,ctxr,5592864,14ee14a70b1e221b6342cb09752bf3fcd02395b8
textures/flatlist/ovr_stm/_win/m3l_gou_02msk.bmp.ctxr,textures/flatlist/ovr_stm/_win,m3l_gou_02msk.bmp.ctxr,m3l_gou_02msk.bmp,ctxr,175168,1e13d19e6f8f7051e4b0a48639a74598d3f5e604
textures/flatlist/ovr_stm/_win/m3l_gou_bed2.bmp.ctxr,textures/flatlist/ovr_stm/_win,m3l_gou_bed2.bmp.ctxr,m3l_gou_bed2.bmp,ctxr,1398528,de5e3d71d8a711bc45356befbbfd6f5465bbe645
textures/flatlist/ovr_stm/_win/m3l_medi_wallt1.bmp.ctxr,textures/flatlist/ovr_stm/_win,m3l_medi_wallt1.bmp.ctxr,m3l_medi_wallt1.bmp,ctxr,1398528,43000f1b6322e66b39d060df5a4ed69905a92920
textures/flatlist/ovr_stm/_win/m3l_medi_wallu1.bmp.ctxr,textures/flatlist/ovr_stm/_win,m3l_medi_wallu1.bmp.ctxr,m3l_medi_wallu1.bmp,ctxr,1398528,5b702e0f28a7cbe819ce788f5b1ae86389fa2a08
textures/flatlist/ovr_stm/_win/m3l_par_under1.bmp.ctxr,textures/flatlist/ovr_stm/_win,m3l_par_under1.bmp.ctxr,m3l_par_under1.bmp,ctxr,699488,071965f85d8e5a23b667a0831cc6eec083c3ec10
textures/flatlist/ovr_stm/_win/m3l_par_wall4.bmp.ctxr,textures/flatlist/ovr_stm/_win,m3l_par_wall4.bmp.ctxr,m3l_par_wall4.bmp,ctxr,2796672,11cd4c535ff917b87e719981773e42aea35485e8
textures/flatlist/ovr_stm/_win/m3l_ten_03.bmp.ctxr,textures/flatlist/ovr_stm/_win,m3l_ten_03.bmp.ctxr,m3l_ten_03.bmp,ctxr,1398528,f14581ea8f77aae0383bf2c2c6fbc245a58996f8
textures/flatlist/ovr_stm/_win/m4a_all_t.bmp.ctxr,textures/flatlist/ovr_stm/_win,m4a_all_t.bmp.ctxr,m4a_all_t.bmp,ctxr,1398560,d2a6a1c5ede70449c2c5c83e812c65d958fd83e8
textures/flatlist/ovr_stm/_win/m4a_gl_unit.bmp.ctxr,textures/flatlist/ovr_stm/_win,m4a_gl_unit.bmp.ctxr,m4a_gl_unit.bmp,ctxr,175168,6b5ea77d25a26592877685abc415292499629e6b
textures/flatlist/ovr_stm/_win/m4a_gl_unit_2_01.bmp.ctxr,textures/flatlist/ovr_stm/_win,m4a_gl_unit_2_01.bmp.ctxr,m4a_gl_unit_2_01.bmp,ctxr,699488,0a1bfecd223320b67823bf2f44528e6bbce0dd4c
textures/flatlist/ovr_stm/_win/m4a_light.bmp_5758ef839d43e13183cf3678664d0e6e.ctxr,textures/flatlist/ovr_stm/_win,m4a_light.bmp_5758ef839d43e13183cf3678664d0e6e.ctxr,m4a_light.bmp_5758ef839d43e13183cf3678664d0e6e,ctxr,22208,78534614c46b84d48b61dc922dde34b8781a30e1
textures/flatlist/ovr_stm/_win/m4a_s2.bmp.ctxr,textures/flatlist/ovr_stm/_win,m4a_s2.bmp.ctxr,m4a_s2.bmp,ctxr,87744,7fcbd254f477391b4f6667551eaf9d864f9e62bb
textures/flatlist/ovr_stm/_win/m4a_sb_s1.bmp.ctxr,textures/flatlist/ovr_stm/_win,m4a_sb_s1.bmp.ctxr,m4a_sb_s1.bmp,ctxr,699488,f916cf3c2aa882418ca9e8ddd008417b6a79c9a5
textures/flatlist/ovr_stm/_win/m4a_sb_sight_msk.bmp.ctxr,textures/flatlist/ovr_stm/_win,m4a_sb_sight_msk.bmp.ctxr,m4a_sb_sight_msk.bmp,ctxr,22176,970c06115adfeb21753c4c6bd421c94192540f37
textures/flatlist/ovr_stm/_win/m4a_scope.bmp.ctxr,textures/flatlist/ovr_stm/_win,m4a_scope.bmp.ctxr,m4a_scope.bmp,ctxr,44064,0d74adf77a971d74fb20a80fdd7663da67f5df0e
textures/flatlist/ovr_stm/_win/m4a_t_msk.bmp.ctxr,textures/flatlist/ovr_stm/_win,m4a_t_msk.bmp.ctxr,m4a_t_msk.bmp,ctxr,44064,dc6771fd9ad6dfedee4cc10c0e78f89635469da6
textures/flatlist/ovr_stm/_win/m4grn_bul_high.bmp.ctxr,textures/flatlist/ovr_stm/_win,m4grn_bul_high.bmp.ctxr,m4grn_bul_high.bmp,ctxr,87744,a24846c5badd557048f14bf6c2700bbb9531ab38
textures/flatlist/ovr_stm/_win/m4grn_emb.bmp.ctxr,textures/flatlist/ovr_stm/_win,m4grn_emb.bmp.ctxr,m4grn_emb.bmp,ctxr,44064,983a1650fd3afecacd0a223b79d1cb87437356d6
textures/flatlist/ovr_stm/_win/m92_all.bmp.ctxr,textures/flatlist/ovr_stm/_win,m92_all.bmp.ctxr,m92_all.bmp,ctxr,349920,c2a97f67ba3b23f109e1aa4f6f203ec202fe847e
textures/flatlist/ovr_stm/_win/m92_bul3.bmp.ctxr,textures/flatlist/ovr_stm/_win,m92_bul3.bmp.ctxr,m92_bul3.bmp,ctxr,87776,157e018337425adaff309bcbbda050398ad12ad3
textures/flatlist/ovr_stm/_win/m92_jyuukou.bmp.ctxr,textures/flatlist/ovr_stm/_win,m92_jyuukou.bmp.ctxr,m92_jyuukou.bmp,ctxr,87744,f554f0624cc7e5f18990923f302c192157a0ae1c
textures/flatlist/ovr_stm/_win/m92_laserpointer.bmp.ctxr,textures/flatlist/ovr_stm/_win,m92_laserpointer.bmp.ctxr,m92_laserpointer.bmp,ctxr,87744,d11301a55cd71beea1a4d60a29fffddf0c1d3bce
textures/flatlist/ovr_stm/_win/m92_laserpoint_f1.bmp.ctxr,textures/flatlist/ovr_stm/_win,m92_laserpoint_f1.bmp.ctxr,m92_laserpoint_f1.bmp,ctxr,22176,e332109379bd0e49fbd6f8ba4d2bdffd38615b2c
textures/flatlist/ovr_stm/_win/m92_magazine.bmp.ctxr,textures/flatlist/ovr_stm/_win,m92_magazine.bmp.ctxr,m92_magazine.bmp,ctxr,175168,9b53eb1b609e2bf8ea07a300c6eccfb1b76e1eea
textures/flatlist/ovr_stm/_win/m92_pointer.bmp.ctxr,textures/flatlist/ovr_stm/_win,m92_pointer.bmp.ctxr,m92_pointer.bmp,ctxr,175168,e81df84f78571721786a4b5ee52ad61f74f606ed
textures/flatlist/ovr_stm/_win/m92_sb_all.bmp.ctxr,textures/flatlist/ovr_stm/_win,m92_sb_all.bmp.ctxr,m92_sb_all.bmp,ctxr,1398528,bc94d07a4ee5b5188f034d0d2ab129214386c0ac
textures/flatlist/ovr_stm/_win/m92_sb_all.bmp_934c22e984e448da6c9f91fc36e0c08e.ctxr,textures/flatlist/ovr_stm/_win,m92_sb_all.bmp_934c22e984e448da6c9f91fc36e0c08e.ctxr,m92_sb_all.bmp_934c22e984e448da6c9f91fc36e0c08e,ctxr,1398528,5cca06f9e301b09735faf910a6871a19ae752197
textures/flatlist/ovr_stm/_win/m92_snk_all.bmp.ctxr,textures/flatlist/ovr_stm/_win,m92_snk_all.bmp.ctxr,m92_snk_all.bmp,ctxr,349920,1a515092dce9f3cab9f00c639056b248b8540206
textures/flatlist/ovr_stm/_win/mark_05.bmp.ctxr,textures/flatlist/ovr_stm/_win,mark_05.bmp.ctxr,mark_05.bmp,ctxr,699488,c51f820ba309f97352dcccf12eb8dc0e55b03f67
textures/flatlist/ovr_stm/_win/mog_loc2.bmp.ctxr,textures/flatlist/ovr_stm/_win,mog_loc2.bmp.ctxr,mog_loc2.bmp,ctxr,1398528,2662a51dd5b6a70e5675be75e48ad138c8559b0d
textures/flatlist/ovr_stm/_win/mog_loc2_inner.bmp.ctxr,textures/flatlist/ovr_stm/_win,mog_loc2_inner.bmp.ctxr,mog_loc2_inner.bmp,ctxr,1398528,b5770d5f75ea3b95d40fcfbd0c91bf7ba52576c4
textures/flatlist/ovr_stm/_win/mog_loc2_inner.bmp_d7f08e98a624c2d19b0451eccba4fc48.ctxr,textures/flatlist/ovr_stm/_win,mog_loc2_inner.bmp_d7f08e98a624c2d19b0451eccba4fc48.ctxr,mog_loc2_inner.bmp_d7f08e98a624c2d19b0451eccba4fc48,ctxr,1398528,5395f596cacf29566e054b1709bd4dfb818ca75d
textures/flatlist/ovr_stm/_win/mog_loc2_top1.bmp.ctxr,textures/flatlist/ovr_stm/_win,mog_loc2_top1.bmp.ctxr,mog_loc2_top1.bmp,ctxr,699488,114012931ca3029101b2a1e81772b8169d1a5ace
textures/flatlist/ovr_stm/_win/mrl_waist_pack.bmp.ctxr,textures/flatlist/ovr_stm/_win,mrl_waist_pack.bmp.ctxr,mrl_waist_pack.bmp,ctxr,699488,c654bb5e3dfde3acc8110b456742c85aa4661326
textures/flatlist/ovr_stm/_win/nkt_body1.bmp.ctxr,textures/flatlist/ovr_stm/_win,nkt_body1.bmp.ctxr,nkt_body1.bmp,ctxr,175200,5f5764d251f941390f867147d9307ed2b9aad1c4
textures/flatlist/ovr_stm/_win/nkt_box.bmp.ctxr,textures/flatlist/ovr_stm/_win,nkt_box.bmp.ctxr,nkt_box.bmp,ctxr,349952,d450a8c3de16e1f324bde05e2263cf80903f2d0d
textures/flatlist/ovr_stm/_win/nkt_cam.bmp.ctxr,textures/flatlist/ovr_stm/_win,nkt_cam.bmp.ctxr,nkt_cam.bmp,ctxr,44064,0dd47a8463a8314f943d07d4d3df366611ac51f3
textures/flatlist/ovr_stm/_win/nkt_grips.bmp.ctxr,textures/flatlist/ovr_stm/_win,nkt_grips.bmp.ctxr,nkt_grips.bmp,ctxr,44064,5d461c1d68618715e0c71270dd77953d7a24f4f9
textures/flatlist/ovr_stm/_win/nkt_msl_body.bmp.ctxr,textures/flatlist/ovr_stm/_win,nkt_msl_body.bmp.ctxr,nkt_msl_body.bmp,ctxr,44064,fdd50674675c2408fb6edfb046df76c2c8aeeb53
textures/flatlist/ovr_stm/_win/nkt_msl_body.bmp_783bdf47a2cd4bcfd8edb391e2c88da4.ctxr,textures/flatlist/ovr_stm/_win,nkt_msl_body.bmp_783bdf47a2cd4bcfd8edb391e2c88da4.ctxr,nkt_msl_body.bmp_783bdf47a2cd4bcfd8edb391e2c88da4,ctxr,44064,7bf0ddfa8ac0521cb458609d503d52d2e26c393d
textures/flatlist/ovr_stm/_win/nkt_msl_fb.bmp.ctxr,textures/flatlist/ovr_stm/_win,nkt_msl_fb.bmp.ctxr,nkt_msl_fb.bmp,ctxr,11264,c27bf86ac9e3f7f673a9e428a5da8ace8c7b3841
textures/flatlist/ovr_stm/_win/nkt_temp_tx.bmp.ctxr,textures/flatlist/ovr_stm/_win,nkt_temp_tx.bmp.ctxr,nkt_temp_tx.bmp,ctxr,175168,225de7c3d9935948d3738289da2c10f135b72b47
textures/flatlist/ovr_stm/_win/org_arm3.bmp.ctxr,textures/flatlist/ovr_stm/_win,org_arm3.bmp.ctxr,org_arm3.bmp,ctxr,1398528,1ca47c7e2a1078cb3fe46ecb526f87edeb5f610b
textures/flatlist/ovr_stm/_win/org_arm4.bmp.ctxr,textures/flatlist/ovr_stm/_win,org_arm4.bmp.ctxr,org_arm4.bmp,ctxr,699520,78203133c57fbb419db3b26fe146905a6a2b6580
textures/flatlist/ovr_stm/_win/org_arm_2.bmp.ctxr,textures/flatlist/ovr_stm/_win,org_arm_2.bmp.ctxr,org_arm_2.bmp,ctxr,699488,0e8686601ee06a19f1d93a87e0a8af011d8d1d19
textures/flatlist/ovr_stm/_win/org_band2_alp_ovl.bmp.ctxr,textures/flatlist/ovr_stm/_win,org_band2_alp_ovl.bmp.ctxr,org_band2_alp_ovl.bmp,ctxr,699488,82767ebda2886b45ac1692d744575d8385511b33
textures/flatlist/ovr_stm/_win/org_band_alp_ovl.bmp.ctxr,textures/flatlist/ovr_stm/_win,org_band_alp_ovl.bmp.ctxr,org_band_alp_ovl.bmp,ctxr,699488,a5dd9257e7432656b1221be5cc802e128e83e49c
textures/flatlist/ovr_stm/_win/org_belt_ovl_mod1120_alp_emap.bmp.ctxr,textures/flatlist/ovr_stm/_win,org_belt_ovl_mod1120_alp_emap.bmp.ctxr,org_belt_ovl_mod1120_alp_emap.bmp,ctxr,87744,531ef94b60841aa52c11db40b41b04ac49433094
textures/flatlist/ovr_stm/_win/org_body2_alp_ovl_sub.bmp.ctxr,textures/flatlist/ovr_stm/_win,org_body2_alp_ovl_sub.bmp.ctxr,org_body2_alp_ovl_sub.bmp,ctxr,2097312,b63befa76f8d041f84b1d87e13fa9f994a4a884b
textures/flatlist/ovr_stm/_win/org_boot.bmp.ctxr,textures/flatlist/ovr_stm/_win,org_boot.bmp.ctxr,org_boot.bmp,ctxr,699488,8ca7b2684b4ead2a247f3b3abbc854562468c814
textures/flatlist/ovr_stm/_win/org_boot_bt1.bmp.ctxr,textures/flatlist/ovr_stm/_win,org_boot_bt1.bmp.ctxr,org_boot_bt1.bmp,ctxr,349952,fc8718ae4ad0bf4224f8845091044cd5fbbeab10
textures/flatlist/ovr_stm/_win/org_b_ovl_mod1120_alp_emap.bmp.ctxr,textures/flatlist/ovr_stm/_win,org_b_ovl_mod1120_alp_emap.bmp.ctxr,org_b_ovl_mod1120_alp_emap.bmp,ctxr,349920,972dcd58a62f28cbe1bb37e8082d4eb68284c9f0
textures/flatlist/ovr_stm/_win/org_chest.bmp.ctxr,textures/flatlist/ovr_stm/_win,org_chest.bmp.ctxr,org_chest.bmp,ctxr,2796672,3813ba94f6bfbc1068695c8d9a63f97832617e09
textures/flatlist/ovr_stm/_win/org_dt00_mouin.bmp.ctxr,textures/flatlist/ovr_stm/_win,org_dt00_mouin.bmp.ctxr,org_dt00_mouin.bmp,ctxr,87776,2ff6483442953e5a4b2055edb9761f46566fb123
textures/flatlist/ovr_stm/_win/org_dt02_mouin.bmp.ctxr,textures/flatlist/ovr_stm/_win,org_dt02_mouin.bmp.ctxr,org_dt02_mouin.bmp,ctxr,87776,eef190b5ed8142e825fb872c5031d45c33f3decc
textures/flatlist/ovr_stm/_win/org_dt04_mouin.bmp.ctxr,textures/flatlist/ovr_stm/_win,org_dt04_mouin.bmp.ctxr,org_dt04_mouin.bmp,ctxr,87776,55c6a00596e93ce5d245c7940b8f59d48065f528
textures/flatlist/ovr_stm/_win/org_ear.bmp.ctxr,textures/flatlist/ovr_stm/_win,org_ear.bmp.ctxr,org_ear.bmp,ctxr,175168,f1147f28d22301efe221b76c5e53b8a263b4c52a
textures/flatlist/ovr_stm/_win/org_ear_ovl_sub_alp.bmp.ctxr,textures/flatlist/ovr_stm/_win,org_ear_ovl_sub_alp.bmp.ctxr,org_ear_ovl_sub_alp.bmp,ctxr,131232,32cf6044fdae89d97d299a0796a5efdb50ca2a6b
textures/flatlist/ovr_stm/_win/org_eye.bmp.ctxr,textures/flatlist/ovr_stm/_win,org_eye.bmp.ctxr,org_eye.bmp,ctxr,87744,7aa8fcf54162d35f558f4b6dae471a66fe14917f
textures/flatlist/ovr_stm/_win/org_face.bmp.ctxr,textures/flatlist/ovr_stm/_win,org_face.bmp.ctxr,org_face.bmp,ctxr,11185312,7f9a370ae905bedf99c691f89f5caf0e949df451
textures/flatlist/ovr_stm/_win/org_face_sub_alp_ovl.bmp.ctxr,textures/flatlist/ovr_stm/_win,org_face_sub_alp_ovl.bmp.ctxr,org_face_sub_alp_ovl.bmp,ctxr,2097312,59e9718d85c99db80c0b23f4026353d996c6dd98
textures/flatlist/ovr_stm/_win/org_foot_ovl_sub_alp.bmp.ctxr,textures/flatlist/ovr_stm/_win,org_foot_ovl_sub_alp.bmp.ctxr,org_foot_ovl_sub_alp.bmp,ctxr,524448,188015f0697ea5283f15e8efdd376de1a32de78c
textures/flatlist/ovr_stm/_win/org_hair_alp_ovl.bmp.ctxr,textures/flatlist/ovr_stm/_win,org_hair_alp_ovl.bmp.ctxr,org_hair_alp_ovl.bmp,ctxr,11185312,0ed6c62ba38778684309fb38d3c6a525a016f0a0
textures/flatlist/ovr_stm/_win/org_hand_all4.bmp.ctxr,textures/flatlist/ovr_stm/_win,org_hand_all4.bmp.ctxr,org_hand_all4.bmp,ctxr,1398528,5191a2a7f3784a65b2140353a8a8f63e2106b9bb
textures/flatlist/ovr_stm/_win/org_hand_ovl_mod1120_alp_emap.bmp.ctxr,textures/flatlist/ovr_stm/_win,org_hand_ovl_mod1120_alp_emap.bmp.ctxr,org_hand_ovl_mod1120_alp_emap.bmp,ctxr,87744,195a15ae16f1d6bc8ea8752a99600c9b71a3cf51
textures/flatlist/ovr_stm/_win/org_hatfront.bmp.ctxr,textures/flatlist/ovr_stm/_win,org_hatfront.bmp.ctxr,org_hatfront.bmp,ctxr,349952,d1349be5156ff79778c458b8b40d0025de24ce6a
textures/flatlist/ovr_stm/_win/org_hatsaide.bmp.ctxr,textures/flatlist/ovr_stm/_win,org_hatsaide.bmp.ctxr,org_hatsaide.bmp,ctxr,699488,67abf395482b94b29bdcef15e77837b3fa3a83af
textures/flatlist/ovr_stm/_win/org_hatup.bmp.ctxr,textures/flatlist/ovr_stm/_win,org_hatup.bmp.ctxr,org_hatup.bmp,ctxr,1398528,e8c6dee535a59a3d834d87c17bbe8443fe97b0d7
textures/flatlist/ovr_stm/_win/org_hi_finger.bmp.ctxr,textures/flatlist/ovr_stm/_win,org_hi_finger.bmp.ctxr,org_hi_finger.bmp,ctxr,87744,0557ff12d27fd929f0c7db2d1a3b7e4349c74fa0
textures/flatlist/ovr_stm/_win/org_hi_finger2.bmp.ctxr,textures/flatlist/ovr_stm/_win,org_hi_finger2.bmp.ctxr,org_hi_finger2.bmp,ctxr,87744,5f2ee70a139eb66cdefa3df50cbffef5eb1b08a0
textures/flatlist/ovr_stm/_win/org_hi_hand2.bmp.ctxr,textures/flatlist/ovr_stm/_win,org_hi_hand2.bmp.ctxr,org_hi_hand2.bmp,ctxr,349920,5f302e5b85a9c4dcd1fdaee27a4defa3e7d5a2ef
textures/flatlist/ovr_stm/_win/org_hi_hands.bmp.ctxr,textures/flatlist/ovr_stm/_win,org_hi_hands.bmp.ctxr,org_hi_hands.bmp,ctxr,1398528,079af6e94a9dd991f419645b87d6cb43d0a08bf6
textures/flatlist/ovr_stm/_win/org_leg00.bmp.ctxr,textures/flatlist/ovr_stm/_win,org_leg00.bmp.ctxr,org_leg00.bmp,ctxr,2796672,574f125becb95b0dd28f3faee6ddf7e4fae1f60c
textures/flatlist/ovr_stm/_win/org_mil_hair_alp_ovl.bmp.ctxr,textures/flatlist/ovr_stm/_win,org_mil_hair_alp_ovl.bmp.ctxr,org_mil_hair_alp_ovl.bmp,ctxr,5592864,15ccfb8c342e31039fff59c5833401dc08e40180
textures/flatlist/ovr_stm/_win/org_mil_re_face.bmp.ctxr,textures/flatlist/ovr_stm/_win,org_mil_re_face.bmp.ctxr,org_mil_re_face.bmp,ctxr,2796672,db37befdb07cd9dbfd5e09bda8d86292daa097bc
textures/flatlist/ovr_stm/_win/org_mouin_all.bmp.ctxr,textures/flatlist/ovr_stm/_win,org_mouin_all.bmp.ctxr,org_mouin_all.bmp,ctxr,5760,9c86bc6360e8304e0af4ff8919bd4cbdc397561a
textures/flatlist/ovr_stm/_win/org_rapelsate.bmp.ctxr,textures/flatlist/ovr_stm/_win,org_rapelsate.bmp.ctxr,org_rapelsate.bmp,ctxr,349952,6efba86da49193a52fbf7dee2d1959f4770eb104
textures/flatlist/ovr_stm/_win/org_sknc_all.bmp.ctxr,textures/flatlist/ovr_stm/_win,org_sknc_all.bmp.ctxr,org_sknc_all.bmp,ctxr,44064,79107510cda11d04f537dd22f86497909a590cdf
textures/flatlist/ovr_stm/_win/org_ut01_mouin.bmp.ctxr,textures/flatlist/ovr_stm/_win,org_ut01_mouin.bmp.ctxr,org_ut01_mouin.bmp,ctxr,87776,70b6ec23181a5ea5a7a52704a031894059cffaa2
textures/flatlist/ovr_stm/_win/org_ut02_mouin.bmp.ctxr,textures/flatlist/ovr_stm/_win,org_ut02_mouin.bmp.ctxr,org_ut02_mouin.bmp,ctxr,87776,266e8f0b46b4e36e18a6d6a74b5784b81db8ee76
textures/flatlist/ovr_stm/_win/org_waist.bmp.ctxr,textures/flatlist/ovr_stm/_win,org_waist.bmp.ctxr,org_waist.bmp,ctxr,2796672,99607f342aad2685cd20a7943c464dc25aceab32
textures/flatlist/ovr_stm/_win/org_year.bmp.ctxr,textures/flatlist/ovr_stm/_win,org_year.bmp.ctxr,org_year.bmp,ctxr,44064,d19f122b11a810f6b309fcd2e64d025a69e9611e
textures/flatlist/ovr_stm/_win/org__arm_ovl_sub_alp.bmp.ctxr,textures/flatlist/ovr_stm/_win,org__arm_ovl_sub_alp.bmp.ctxr,org__arm_ovl_sub_alp.bmp,ctxr,1048736,4bf3cf791ba20ba5c630feb558c38162034ede17
textures/flatlist/ovr_stm/_win/org__should_ovl_sub_alp.bmp.ctxr,textures/flatlist/ovr_stm/_win,org__should_ovl_sub_alp.bmp.ctxr,org__should_ovl_sub_alp.bmp,ctxr,524448,a1b5835669b346d27bd88a2f967631bd98279831
textures/flatlist/ovr_stm/_win/org__waki_ovl_sub_alp.bmp.ctxr,textures/flatlist/ovr_stm/_win,org__waki_ovl_sub_alp.bmp.ctxr,org__waki_ovl_sub_alp.bmp,ctxr,524448,569da1e4f907bea2f66b1d6bb1952e02846246a7
textures/flatlist/ovr_stm/_win/orn_arm_dt01.bmp.ctxr,textures/flatlist/ovr_stm/_win,orn_arm_dt01.bmp.ctxr,orn_arm_dt01.bmp,ctxr,87744,75e25a29280be514158b87914c620559703bd709
textures/flatlist/ovr_stm/_win/orn_arm_dt02.bmp.ctxr,textures/flatlist/ovr_stm/_win,orn_arm_dt02.bmp.ctxr,orn_arm_dt02.bmp,ctxr,349920,0641e1a3496f63b29ccec38a16baf79d3d352057
textures/flatlist/ovr_stm/_win/orn_arm_dt03.bmp.ctxr,textures/flatlist/ovr_stm/_win,orn_arm_dt03.bmp.ctxr,orn_arm_dt03.bmp,ctxr,175168,672bc87e78d24f3420981fdfc08404243f9dbfae
textures/flatlist/ovr_stm/_win/orn_arm_dt04.bmp.ctxr,textures/flatlist/ovr_stm/_win,orn_arm_dt04.bmp.ctxr,orn_arm_dt04.bmp,ctxr,175168,5c082a2ba5680dc5eeb84f831aa01a4bbee0bd03
textures/flatlist/ovr_stm/_win/orn_backbone_dt01.bmp.ctxr,textures/flatlist/ovr_stm/_win,orn_backbone_dt01.bmp.ctxr,orn_backbone_dt01.bmp,ctxr,87744,c53e5a1cd3a2e3f48d1d4d253a5448caa29d36dc
textures/flatlist/ovr_stm/_win/orn_backbone_dt02.bmp.ctxr,textures/flatlist/ovr_stm/_win,orn_backbone_dt02.bmp.ctxr,orn_backbone_dt02.bmp,ctxr,175168,c7f172537e1d154cf3de25529bfb821300aa0d24
textures/flatlist/ovr_stm/_win/orn_backbone_dt03.bmp.ctxr,textures/flatlist/ovr_stm/_win,orn_backbone_dt03.bmp.ctxr,orn_backbone_dt03.bmp,ctxr,87744,749d7c08f6578f2e745ed8c705e3871268a8d078
textures/flatlist/ovr_stm/_win/orn_body_dt01.bmp.ctxr,textures/flatlist/ovr_stm/_win,orn_body_dt01.bmp.ctxr,orn_body_dt01.bmp,ctxr,1398528,817ee6714c27a6a6f79713ddd54d6573fe17a076
textures/flatlist/ovr_stm/_win/orn_elbow_dt01.bmp.ctxr,textures/flatlist/ovr_stm/_win,orn_elbow_dt01.bmp.ctxr,orn_elbow_dt01.bmp,ctxr,44064,9b51598de817d4583d442268982d16d9c412a167
textures/flatlist/ovr_stm/_win/orn_finger_dt00.bmp.ctxr,textures/flatlist/ovr_stm/_win,orn_finger_dt00.bmp.ctxr,orn_finger_dt00.bmp,ctxr,87744,6fd008149a9cdac9ce2bf2ffac8ff0a77c537ae9
textures/flatlist/ovr_stm/_win/orn_finger_dt01.bmp.ctxr,textures/flatlist/ovr_stm/_win,orn_finger_dt01.bmp.ctxr,orn_finger_dt01.bmp,ctxr,87744,489b903fa5b62c670d2d5fdb139e7a362a8e681a
textures/flatlist/ovr_stm/_win/orn_finger_dt02.bmp.ctxr,textures/flatlist/ovr_stm/_win,orn_finger_dt02.bmp.ctxr,orn_finger_dt02.bmp,ctxr,44064,d20980d047f7ddb7e19d85dc7fdbc3ba180b884d
textures/flatlist/ovr_stm/_win/orn_foot_dt00.bmp.ctxr,textures/flatlist/ovr_stm/_win,orn_foot_dt00.bmp.ctxr,orn_foot_dt00.bmp,ctxr,175168,17ad645713e4cdbb5cd6f720b428d45655185b28
textures/flatlist/ovr_stm/_win/orn_foot_dt01.bmp.ctxr,textures/flatlist/ovr_stm/_win,orn_foot_dt01.bmp.ctxr,orn_foot_dt01.bmp,ctxr,87776,554953eaadf18c341d6a421f717f3ea129dd006e
textures/flatlist/ovr_stm/_win/orn_foot_dt02.bmp.ctxr,textures/flatlist/ovr_stm/_win,orn_foot_dt02.bmp.ctxr,orn_foot_dt02.bmp,ctxr,87744,77aca0b9384d9a765144e5406b6aea7b0fc16d2d
textures/flatlist/ovr_stm/_win/orn_foot_dt03.bmp.ctxr,textures/flatlist/ovr_stm/_win,orn_foot_dt03.bmp.ctxr,orn_foot_dt03.bmp,ctxr,175168,d0b6f2c6f145aeb9ecabbfebf7ec786d4cd1c286
textures/flatlist/ovr_stm/_win/orn_hand_dt00.bmp.ctxr,textures/flatlist/ovr_stm/_win,orn_hand_dt00.bmp.ctxr,orn_hand_dt00.bmp,ctxr,44064,93f67949f7737b28ae936fb6156fbedb679258bf
textures/flatlist/ovr_stm/_win/orn_hand_dt01.bmp.ctxr,textures/flatlist/ovr_stm/_win,orn_hand_dt01.bmp.ctxr,orn_hand_dt01.bmp,ctxr,175168,b8aeb29d175525914079f219d719ae23fe4f720c
textures/flatlist/ovr_stm/_win/orn_hand_dt02.bmp.ctxr,textures/flatlist/ovr_stm/_win,orn_hand_dt02.bmp.ctxr,orn_hand_dt02.bmp,ctxr,87744,0e8abcff2a3f4cee9c5a263b0743d8a428efcf35
textures/flatlist/ovr_stm/_win/orn_head_met.bmp.ctxr,textures/flatlist/ovr_stm/_win,orn_head_met.bmp.ctxr,orn_head_met.bmp,ctxr,1398528,5eaade12809e7892f691a49d54874d8702821cb0
textures/flatlist/ovr_stm/_win/orn_head_met_alp.bmp.ctxr,textures/flatlist/ovr_stm/_win,orn_head_met_alp.bmp.ctxr,orn_head_met_alp.bmp,ctxr,1398528,465bd287a353d4b949256b454e9723a3ba1b6e84
textures/flatlist/ovr_stm/_win/orn_head_met_sub_alp_ovl.bmp.ctxr,textures/flatlist/ovr_stm/_win,orn_head_met_sub_alp_ovl.bmp.ctxr,orn_head_met_sub_alp_ovl.bmp,ctxr,1048736,c9f81748a7d6162d88fc3242f28f7f89715be2d1
textures/flatlist/ovr_stm/_win/orn_helmet_dt01.bmp.ctxr,textures/flatlist/ovr_stm/_win,orn_helmet_dt01.bmp.ctxr,orn_helmet_dt01.bmp,ctxr,1398528,1b95cd50d3bb0f201f2ad00d1d5589a04bdd270d
textures/flatlist/ovr_stm/_win/orn_helmet_dt01_sub_alp_ovl.bmp.ctxr,textures/flatlist/ovr_stm/_win,orn_helmet_dt01_sub_alp_ovl.bmp.ctxr,orn_helmet_dt01_sub_alp_ovl.bmp,ctxr,1048736,8c6e065cce3673d342e918ad43630922fe195841
textures/flatlist/ovr_stm/_win/orn_helmet_dt02.bmp.ctxr,textures/flatlist/ovr_stm/_win,orn_helmet_dt02.bmp.ctxr,orn_helmet_dt02.bmp,ctxr,699488,b3860f5f4a5c47c53c4fa88e86ee985b1475793f
textures/flatlist/ovr_stm/_win/orn_knee_dt01.bmp.ctxr,textures/flatlist/ovr_stm/_win,orn_knee_dt01.bmp.ctxr,orn_knee_dt01.bmp,ctxr,87744,27603110116e2978cfff96c3d13e77d1d77f9082
textures/flatlist/ovr_stm/_win/orn_leg_dt00.bmp.ctxr,textures/flatlist/ovr_stm/_win,orn_leg_dt00.bmp.ctxr,orn_leg_dt00.bmp,ctxr,699488,5fd422fbdddefdf2ce9c2a2a8c714b6f1ced3f0b
textures/flatlist/ovr_stm/_win/orn_leg_dt01.bmp.ctxr,textures/flatlist/ovr_stm/_win,orn_leg_dt01.bmp.ctxr,orn_leg_dt01.bmp,ctxr,349920,8a54aefd17b24c1a72971cc4db7518eb85938efd
textures/flatlist/ovr_stm/_win/orn_leg_dt02.bmp.ctxr,textures/flatlist/ovr_stm/_win,orn_leg_dt02.bmp.ctxr,orn_leg_dt02.bmp,ctxr,175168,edd7e6db319b721e1c8afe17ce4ef384fd3e32d5
textures/flatlist/ovr_stm/_win/orn_leg_dt03.bmp.ctxr,textures/flatlist/ovr_stm/_win,orn_leg_dt03.bmp.ctxr,orn_leg_dt03.bmp,ctxr,349920,85c639456fdbdccf1a6a0526a6d23d42922d113e
textures/flatlist/ovr_stm/_win/orn_leg_dt04.bmp.ctxr,textures/flatlist/ovr_stm/_win,orn_leg_dt04.bmp.ctxr,orn_leg_dt04.bmp,ctxr,175168,e6da10fb6f0453933c7773aaba97026383501d15
textures/flatlist/ovr_stm/_win/orn_neck_dt01.bmp.ctxr,textures/flatlist/ovr_stm/_win,orn_neck_dt01.bmp.ctxr,orn_neck_dt01.bmp,ctxr,349952,ecb34c8a660d39ca5745581bbcf95837a1cd7728
textures/flatlist/ovr_stm/_win/orn_should_dt01.bmp.ctxr,textures/flatlist/ovr_stm/_win,orn_should_dt01.bmp.ctxr,orn_should_dt01.bmp,ctxr,349952,e45130c4c050cef4ae0b3cd9f7d5abd47fe64ba2
textures/flatlist/ovr_stm/_win/orn_should_dt02.bmp.ctxr,textures/flatlist/ovr_stm/_win,orn_should_dt02.bmp.ctxr,orn_should_dt02.bmp,ctxr,175168,5f9310c35467e5466119fe5ae07798749dec50d2
textures/flatlist/ovr_stm/_win/orn_sld_cover_alp.bmp.ctxr,textures/flatlist/ovr_stm/_win,orn_sld_cover_alp.bmp.ctxr,orn_sld_cover_alp.bmp,ctxr,1398528,4e33086b45191e1bd9864e4e2e583325bf302bc2
textures/flatlist/ovr_stm/_win/orn_sld_mitsubishi_alp.bmp.ctxr,textures/flatlist/ovr_stm/_win,orn_sld_mitsubishi_alp.bmp.ctxr,orn_sld_mitsubishi_alp.bmp,ctxr,87744,0ae59aeea77bb8dda988be0df02db7094eed65ee
textures/flatlist/ovr_stm/_win/orn_sld_noiz_alp.bmp.ctxr,textures/flatlist/ovr_stm/_win,orn_sld_noiz_alp.bmp.ctxr,orn_sld_noiz_alp.bmp,ctxr,2796672,68f5e665fca035b0d696ca2cc9b72c8bba2509ef
textures/flatlist/ovr_stm/_win/orp_arm_moji.bmp.ctxr,textures/flatlist/ovr_stm/_win,orp_arm_moji.bmp.ctxr,orp_arm_moji.bmp,ctxr,1398528,7161882642be379d6b7f19167981d2b29412903c
textures/flatlist/ovr_stm/_win/orp_band.bmp.ctxr,textures/flatlist/ovr_stm/_win,orp_band.bmp.ctxr,orp_band.bmp,ctxr,44064,4cded262c540d3c4ace0ec1d183aa65763e86a58
textures/flatlist/ovr_stm/_win/orp_band2.bmp.ctxr,textures/flatlist/ovr_stm/_win,orp_band2.bmp.ctxr,orp_band2.bmp,ctxr,87808,66e19c7aca7038d36271b1e92067b7b1de91004f
textures/flatlist/ovr_stm/_win/orp_band3.bmp.ctxr,textures/flatlist/ovr_stm/_win,orp_band3.bmp.ctxr,orp_band3.bmp,ctxr,87744,a77aedf19fbbe31d4c7a6dfcd13ffe67b606641b
textures/flatlist/ovr_stm/_win/orp_boot11.bmp.ctxr,textures/flatlist/ovr_stm/_win,orp_boot11.bmp.ctxr,orp_boot11.bmp,ctxr,1398528,292b35facee6bad0398cc6b6bd2718f0b446a08a
textures/flatlist/ovr_stm/_win/orp_boot11.bmp_41f82e6a30bb7b02db79623a7af71771.ctxr,textures/flatlist/ovr_stm/_win,orp_boot11.bmp_41f82e6a30bb7b02db79623a7af71771.ctxr,orp_boot11.bmp_41f82e6a30bb7b02db79623a7af71771,ctxr,1398528,2dbe2c707969cf8a83c61941c189afb758399cb8
textures/flatlist/ovr_stm/_win/orp_boot_bot00.bmp.ctxr,textures/flatlist/ovr_stm/_win,orp_boot_bot00.bmp.ctxr,orp_boot_bot00.bmp,ctxr,349952,71d3f5f53b88e8d3be2b98692eafa6ea233c8577
textures/flatlist/ovr_stm/_win/orp_chest_j_meisai_re.bmp.ctxr,textures/flatlist/ovr_stm/_win,orp_chest_j_meisai_re.bmp.ctxr,orp_chest_j_meisai_re.bmp,ctxr,2796672,d132b5c55a9d99de760fcfdad57cfd58aa375cad
textures/flatlist/ovr_stm/_win/orp_chest_j_meisai_re.bmp_957a88ed297ab2639c6e89e823337953.ctxr,textures/flatlist/ovr_stm/_win,orp_chest_j_meisai_re.bmp_957a88ed297ab2639c6e89e823337953.ctxr,orp_chest_j_meisai_re.bmp_957a88ed297ab2639c6e89e823337953,ctxr,2796672,19272eb3eb5c7f2550c76c1e0aad3ab238a2e8d9
textures/flatlist/ovr_stm/_win/orp_chest_s_re.bmp.ctxr,textures/flatlist/ovr_stm/_win,orp_chest_s_re.bmp.ctxr,orp_chest_s_re.bmp,ctxr,1398528,a89da7c431fd54e903fbae134687543abc264e87
textures/flatlist/ovr_stm/_win/orp_chest_s_re.bmp_b6cbd75d2c45b5510f58574f6b202217.ctxr,textures/flatlist/ovr_stm/_win,orp_chest_s_re.bmp_b6cbd75d2c45b5510f58574f6b202217.ctxr,orp_chest_s_re.bmp_b6cbd75d2c45b5510f58574f6b202217,ctxr,1398528,de9bbcbb3c691d4e0b781c126d18cda6a393da62
textures/flatlist/ovr_stm/_win/orp_eri2_meisai_re.bmp.ctxr,textures/flatlist/ovr_stm/_win,orp_eri2_meisai_re.bmp.ctxr,orp_eri2_meisai_re.bmp,ctxr,349920,c6a37d64699ce8382b15dad70b813e9d1893ca7b
textures/flatlist/ovr_stm/_win/orp_eri2_meisai_re.bmp_bc88fb1e44ae3c046de504850142dc06.ctxr,textures/flatlist/ovr_stm/_win,orp_eri2_meisai_re.bmp_bc88fb1e44ae3c046de504850142dc06.ctxr,orp_eri2_meisai_re.bmp_bc88fb1e44ae3c046de504850142dc06,ctxr,349920,1b9f16c265ea8c633402a7e91f0897918f63be5d
textures/flatlist/ovr_stm/_win/orp_eri_meisai_re.bmp.ctxr,textures/flatlist/ovr_stm/_win,orp_eri_meisai_re.bmp.ctxr,orp_eri_meisai_re.bmp,ctxr,349920,16a9c9ae00357b0c4a22c5f7843e4a4224fbeef8
textures/flatlist/ovr_stm/_win/orp_face_dd.bmp.ctxr,textures/flatlist/ovr_stm/_win,orp_face_dd.bmp.ctxr,orp_face_dd.bmp,ctxr,5592864,45814c865558bafa92cd28754d53aee1a4f43ea4
textures/flatlist/ovr_stm/_win/orp_face_re.bmp.ctxr,textures/flatlist/ovr_stm/_win,orp_face_re.bmp.ctxr,orp_face_re.bmp,ctxr,5592864,0f0787f256aa9fab4dc746a744aa475c061010d0
textures/flatlist/ovr_stm/_win/orp_face_retach.bmp.ctxr,textures/flatlist/ovr_stm/_win,orp_face_retach.bmp.ctxr,orp_face_retach.bmp,ctxr,5592864,20ac25163a00d29b22689c027ebe1f20a7f92b98
textures/flatlist/ovr_stm/_win/orp_face_retach.bmp_0e6325221940c6ed91356bbf364e91c4.ctxr,textures/flatlist/ovr_stm/_win,orp_face_retach.bmp_0e6325221940c6ed91356bbf364e91c4.ctxr,orp_face_retach.bmp_0e6325221940c6ed91356bbf364e91c4,ctxr,5592864,3a41f6e2c16f58ee50b014e376e97fa75e44b866
textures/flatlist/ovr_stm/_win/orp_face_retach.bmp_52c9c67e50e94dbb4dab8c0eb4360a13.ctxr,textures/flatlist/ovr_stm/_win,orp_face_retach.bmp_52c9c67e50e94dbb4dab8c0eb4360a13.ctxr,orp_face_retach.bmp_52c9c67e50e94dbb4dab8c0eb4360a13,ctxr,5592864,b34441acc79f982206b2dfcb69933e2cd14d9370
textures/flatlist/ovr_stm/_win/orp_hair_alp_ovl_dd.bmp.ctxr,textures/flatlist/ovr_stm/_win,orp_hair_alp_ovl_dd.bmp.ctxr,orp_hair_alp_ovl_dd.bmp,ctxr,11185312,bed22fb18ca4a78046b3b1f8fb4ba5924ae1ad32
textures/flatlist/ovr_stm/_win/orp_hair_alp_ovl_new.bmp.ctxr,textures/flatlist/ovr_stm/_win,orp_hair_alp_ovl_new.bmp.ctxr,orp_hair_alp_ovl_new.bmp,ctxr,11185312,4564dd42b5d1a91355bca4ca2c36c4ede47695e9
textures/flatlist/ovr_stm/_win/orp_hair_alp_ovl_re03.bmp.ctxr,textures/flatlist/ovr_stm/_win,orp_hair_alp_ovl_re03.bmp.ctxr,orp_hair_alp_ovl_re03.bmp,ctxr,11185312,7a60f51b6ad811dc48da4084c22bfc4bc1c3f1da
textures/flatlist/ovr_stm/_win/orp_hand_sam.bmp.ctxr,textures/flatlist/ovr_stm/_win,orp_hand_sam.bmp.ctxr,orp_hand_sam.bmp,ctxr,87744,e31f2a1b322c37b728da9c291d52adacf90cf5a8
textures/flatlist/ovr_stm/_win/orp_hand_top.bmp.ctxr,textures/flatlist/ovr_stm/_win,orp_hand_top.bmp.ctxr,orp_hand_top.bmp,ctxr,349952,af1fe5b547ef3b811462865666eb4afb4b5a92de
textures/flatlist/ovr_stm/_win/orp_hf00_st.bmp.ctxr,textures/flatlist/ovr_stm/_win,orp_hf00_st.bmp.ctxr,orp_hf00_st.bmp,ctxr,87744,14e48b267c75cb6cde0008e8e32001758eb2cd81
textures/flatlist/ovr_stm/_win/orp_hf01_st.bmp.ctxr,textures/flatlist/ovr_stm/_win,orp_hf01_st.bmp.ctxr,orp_hf01_st.bmp,ctxr,349952,8dd33dd4caeae18bd42ab444e2fac151bd61b602
textures/flatlist/ovr_stm/_win/orp_hf02_st.bmp.ctxr,textures/flatlist/ovr_stm/_win,orp_hf02_st.bmp.ctxr,orp_hf02_st.bmp,ctxr,699488,8ab3b4ab1aedbe8fbd5ae01327c9ef1a5519e63d
textures/flatlist/ovr_stm/_win/orp_hi_eye.bmp.ctxr,textures/flatlist/ovr_stm/_win,orp_hi_eye.bmp.ctxr,orp_hi_eye.bmp,ctxr,349920,38eadeafc96eb255f082ca3ac8e357423f6ab4bf
textures/flatlist/ovr_stm/_win/orp_hi_finger.bmp.ctxr,textures/flatlist/ovr_stm/_win,orp_hi_finger.bmp.ctxr,orp_hi_finger.bmp,ctxr,87744,72136e07ece43dc4dce74163e4132d432d05c51a
textures/flatlist/ovr_stm/_win/orp_hi_finger_red.bmp.ctxr,textures/flatlist/ovr_stm/_win,orp_hi_finger_red.bmp.ctxr,orp_hi_finger_red.bmp,ctxr,87744,2c4cbced10da55fab196a8bb0124e42edcdff1f1
textures/flatlist/ovr_stm/_win/orp_kata_meisai_re.bmp.ctxr,textures/flatlist/ovr_stm/_win,orp_kata_meisai_re.bmp.ctxr,orp_kata_meisai_re.bmp,ctxr,87776,7cbe874dfd5df40ae0acb9f33c11af913f5c63ff
textures/flatlist/ovr_stm/_win/orp_larm_j_meisai_re.bmp.ctxr,textures/flatlist/ovr_stm/_win,orp_larm_j_meisai_re.bmp.ctxr,orp_larm_j_meisai_re.bmp,ctxr,1398528,614d58261557fd125e68ce8b4e701d07a143e332
textures/flatlist/ovr_stm/_win/orp_pamtsu2_meisai_re.bmp.ctxr,textures/flatlist/ovr_stm/_win,orp_pamtsu2_meisai_re.bmp.ctxr,orp_pamtsu2_meisai_re.bmp,ctxr,1398528,7ae7a8e600bebb37d6eb3ab7e2ab99df1671fa17
textures/flatlist/ovr_stm/_win/orp_pamtsu_meisai_re.bmp.ctxr,textures/flatlist/ovr_stm/_win,orp_pamtsu_meisai_re.bmp.ctxr,orp_pamtsu_meisai_re.bmp,ctxr,1398528,75142521245d9c3500343336cce4ff25ab669646
textures/flatlist/ovr_stm/_win/orp_rarm_j_meisai_re.bmp.ctxr,textures/flatlist/ovr_stm/_win,orp_rarm_j_meisai_re.bmp.ctxr,orp_rarm_j_meisai_re.bmp,ctxr,1398528,447568595f4800df5f9f760cfe9e77055a595e3a
textures/flatlist/ovr_stm/_win/orp_waist.bmp.ctxr,textures/flatlist/ovr_stm/_win,orp_waist.bmp.ctxr,orp_waist.bmp,ctxr,175200,66ba735e3bae93906b78de46c64fd1252fdb798e
textures/flatlist/ovr_stm/_win/p90_amo.bmp.ctxr,textures/flatlist/ovr_stm/_win,p90_amo.bmp.ctxr,p90_amo.bmp,ctxr,87776,e487423e89f01ae6e9d6f0826bd8f9799768724e
textures/flatlist/ovr_stm/_win/p90_amo_natsu.bmp.ctxr,textures/flatlist/ovr_stm/_win,p90_amo_natsu.bmp.ctxr,p90_amo_natsu.bmp,ctxr,699488,dee5177f28d11da8ef35194da6af24f594005da7
textures/flatlist/ovr_stm/_win/p90_main_natsu.bmp.ctxr,textures/flatlist/ovr_stm/_win,p90_main_natsu.bmp.ctxr,p90_main_natsu.bmp,ctxr,349952,683a4339977b403206dc404b3ff55511a7c7bf6b
textures/flatlist/ovr_stm/_win/pdray_face_s2.bmp.ctxr,textures/flatlist/ovr_stm/_win,pdray_face_s2.bmp.ctxr,pdray_face_s2.bmp,ctxr,2796672,46640ea1723c54a6d98066c2a9fde4710159e35b
textures/flatlist/ovr_stm/_win/pit_arm.bmp.ctxr,textures/flatlist/ovr_stm/_win,pit_arm.bmp.ctxr,pit_arm.bmp,ctxr,1398528,4aa6939e3311e859caae93e64a360f2243624ed3
textures/flatlist/ovr_stm/_win/pit_arm004.bmp.ctxr,textures/flatlist/ovr_stm/_win,pit_arm004.bmp.ctxr,pit_arm004.bmp,ctxr,1398528,0b26c6590337c59f6d685d65e4266ac8596d063e
textures/flatlist/ovr_stm/_win/pit_arm_big_mark_l.bmp.ctxr,textures/flatlist/ovr_stm/_win,pit_arm_big_mark_l.bmp.ctxr,pit_arm_big_mark_l.bmp,ctxr,699488,e4227822206e99717c5b0b5c86148dd34b548641
textures/flatlist/ovr_stm/_win/pit_arm_big_mark_r.bmp.ctxr,textures/flatlist/ovr_stm/_win,pit_arm_big_mark_r.bmp.ctxr,pit_arm_big_mark_r.bmp,ctxr,699488,6b69bf9ac3c166b8d015481716a22b68136151a7
textures/flatlist/ovr_stm/_win/pit_arm_markl.bmp.ctxr,textures/flatlist/ovr_stm/_win,pit_arm_markl.bmp.ctxr,pit_arm_markl.bmp,ctxr,2796672,3f4344538e5ba08ae580d673bf6c3dce8e91b20c
textures/flatlist/ovr_stm/_win/pit_arm_markr.bmp.ctxr,textures/flatlist/ovr_stm/_win,pit_arm_markr.bmp.ctxr,pit_arm_markr.bmp,ctxr,2796672,aa5a52454036cfa0bb634887373dc3909701872f
textures/flatlist/ovr_stm/_win/pit_boms_big.bmp.ctxr,textures/flatlist/ovr_stm/_win,pit_boms_big.bmp.ctxr,pit_boms_big.bmp,ctxr,349920,c82903df9a911e645d9ed595c1e3d347ecf375e8
textures/flatlist/ovr_stm/_win/pit_eye.bmp.ctxr,textures/flatlist/ovr_stm/_win,pit_eye.bmp.ctxr,pit_eye.bmp,ctxr,349920,6db5f9f8e1806ddc2befb56a4d6462c7e39e48b7
textures/flatlist/ovr_stm/_win/pit_eye_d.bmp.ctxr,textures/flatlist/ovr_stm/_win,pit_eye_d.bmp.ctxr,pit_eye_d.bmp,ctxr,349920,cbd4fdcde0b58f8d66310c4ae5445ece22f5b655
textures/flatlist/ovr_stm/_win/pit_face2_ovl_sub_alp.bmp.ctxr,textures/flatlist/ovr_stm/_win,pit_face2_ovl_sub_alp.bmp.ctxr,pit_face2_ovl_sub_alp.bmp,ctxr,2097312,2e51bfd8eb0df3db92481bd3e4526088a493ff02
textures/flatlist/ovr_stm/_win/pit_food_c.bmp.ctxr,textures/flatlist/ovr_stm/_win,pit_food_c.bmp.ctxr,pit_food_c.bmp,ctxr,349952,3f89ab4a5efc23724873fb3ef790e99f59bb2e31
textures/flatlist/ovr_stm/_win/pit_food_c.bmp_34cbc68775c7cff51c1749b7d1398731.ctxr,textures/flatlist/ovr_stm/_win,pit_food_c.bmp_34cbc68775c7cff51c1749b7d1398731.ctxr,pit_food_c.bmp_34cbc68775c7cff51c1749b7d1398731,ctxr,349952,dbf52e93b7d8406b3e2019025439eddb8713953d
textures/flatlist/ovr_stm/_win/pit_food_s.bmp.ctxr,textures/flatlist/ovr_stm/_win,pit_food_s.bmp.ctxr,pit_food_s.bmp,ctxr,699488,7039a415cc952cf75beb82910f81535ac3663d54
textures/flatlist/ovr_stm/_win/pit_food_s.bmp_c5532a65e21a91fcf9dcfee4619c7e9a.ctxr,textures/flatlist/ovr_stm/_win,pit_food_s.bmp_c5532a65e21a91fcf9dcfee4619c7e9a.ctxr,pit_food_s.bmp_c5532a65e21a91fcf9dcfee4619c7e9a,ctxr,699488,6ad906fba7be4fcc50e1101b3f957b4b79ad9754
textures/flatlist/ovr_stm/_win/pit_legl.bmp.ctxr,textures/flatlist/ovr_stm/_win,pit_legl.bmp.ctxr,pit_legl.bmp,ctxr,1398528,e02045892bd0601470c9ba93d21394d4db89abac
textures/flatlist/ovr_stm/_win/pit_legl_re00.bmp.ctxr,textures/flatlist/ovr_stm/_win,pit_legl_re00.bmp.ctxr,pit_legl_re00.bmp,ctxr,1398528,3c285f839aa110f88e49ae475bbfc70f1f95dc96
textures/flatlist/ovr_stm/_win/pit_neccktie.bmp.ctxr,textures/flatlist/ovr_stm/_win,pit_neccktie.bmp.ctxr,pit_neccktie.bmp,ctxr,87744,09a91ea9df4cdc14e2b38f89a2a3d42d47e96241
textures/flatlist/ovr_stm/_win/pit_nypd_big.bmp.ctxr,textures/flatlist/ovr_stm/_win,pit_nypd_big.bmp.ctxr,pit_nypd_big.bmp,ctxr,699488,013b046aca56b94cc7e6861536575f27a5789d47
textures/flatlist/ovr_stm/_win/pit_shatu00.bmp.ctxr,textures/flatlist/ovr_stm/_win,pit_shatu00.bmp.ctxr,pit_shatu00.bmp,ctxr,349920,23380221d183d3a6572703ade7e637a6bf1fd2d0
textures/flatlist/ovr_stm/_win/pit_shatu001.bmp.ctxr,textures/flatlist/ovr_stm/_win,pit_shatu001.bmp.ctxr,pit_shatu001.bmp,ctxr,349920,321a2b658e54ec2a1de09fb4c99d5b447bd8fa26
textures/flatlist/ovr_stm/_win/pit_shatu01.bmp.ctxr,textures/flatlist/ovr_stm/_win,pit_shatu01.bmp.ctxr,pit_shatu01.bmp,ctxr,349920,712815861b4bea4efc39559f0800c794ea8625bf
textures/flatlist/ovr_stm/_win/pit_shatu_dd.bmp.ctxr,textures/flatlist/ovr_stm/_win,pit_shatu_dd.bmp.ctxr,pit_shatu_dd.bmp,ctxr,87776,1acf666ab94cbd2bbe36462e6f56b7f74524b98e
textures/flatlist/ovr_stm/_win/pit_shoese.bmp.ctxr,textures/flatlist/ovr_stm/_win,pit_shoese.bmp.ctxr,pit_shoese.bmp,ctxr,349920,c0633106b16836fc0f940c715901ad6ca8f06494
textures/flatlist/ovr_stm/_win/pit_shoese_000.bmp.ctxr,textures/flatlist/ovr_stm/_win,pit_shoese_000.bmp.ctxr,pit_shoese_000.bmp,ctxr,175168,56dc7421051dcf2ade69caf427118f518071f9a4
textures/flatlist/ovr_stm/_win/pit_shoese_under.bmp.ctxr,textures/flatlist/ovr_stm/_win,pit_shoese_under.bmp.ctxr,pit_shoese_under.bmp,ctxr,175168,66b30888d22752e4f50dea1088a6cb78f9a21f65
textures/flatlist/ovr_stm/_win/pit_steki00.bmp.ctxr,textures/flatlist/ovr_stm/_win,pit_steki00.bmp.ctxr,pit_steki00.bmp,ctxr,87744,6bea6ddad45b87967f12c9a24cb200a4a6c5c754
textures/flatlist/ovr_stm/_win/pit_steki01.bmp.ctxr,textures/flatlist/ovr_stm/_win,pit_steki01.bmp.ctxr,pit_steki01.bmp,ctxr,87744,32dcea9101410016375246e67c031f16c5d93a44
textures/flatlist/ovr_stm/_win/plant_bomb2_alp_ovl.bmp.ctxr,textures/flatlist/ovr_stm/_win,plant_bomb2_alp_ovl.bmp.ctxr,plant_bomb2_alp_ovl.bmp,ctxr,5592864,ea6e4b72f7a5be4b097d05c7c02396919f196a0d
textures/flatlist/ovr_stm/_win/plant_bomb_alp_ovl.bmp.ctxr,textures/flatlist/ovr_stm/_win,plant_bomb_alp_ovl.bmp.ctxr,plant_bomb_alp_ovl.bmp,ctxr,5592864,f2b541e164a75c839e4d99764d651d98121e4a82
textures/flatlist/ovr_stm/_win/pl_box_d.bmp.ctxr,textures/flatlist/ovr_stm/_win,pl_box_d.bmp.ctxr,pl_box_d.bmp,ctxr,699488,7f4457b2e5de35597db981e5c185f600ef3acc28
textures/flatlist/ovr_stm/_win/police_pos.bmp.ctxr,textures/flatlist/ovr_stm/_win,police_pos.bmp.ctxr,police_pos.bmp,ctxr,5592864,fe119a87ee3ed426cbdeb2e9250ebeb8dab10cc0
textures/flatlist/ovr_stm/_win/postcard01.bmp.ctxr,textures/flatlist/ovr_stm/_win,postcard01.bmp.ctxr,postcard01.bmp,ctxr,699488,b34d9d221e00189ca7111eb1521a8c659a3eadab
textures/flatlist/ovr_stm/_win/pos_abe_01.bmp.ctxr,textures/flatlist/ovr_stm/_win,pos_abe_01.bmp.ctxr,pos_abe_01.bmp,ctxr,5592864,8ff9b0302d761dbd01dd5ecfe19f19916d32dbb5
textures/flatlist/ovr_stm/_win/pos_ishida_02.bmp.ctxr,textures/flatlist/ovr_stm/_win,pos_ishida_02.bmp.ctxr,pos_ishida_02.bmp,ctxr,5592864,6e8d9fbfc2e831af7dd466505cdb5be8ad34aba7
textures/flatlist/ovr_stm/_win/pos_ishida_03.bmp.ctxr,textures/flatlist/ovr_stm/_win,pos_ishida_03.bmp.ctxr,pos_ishida_03.bmp,ctxr,5592864,99fcf0f83593c4554f17e5cee5748ee35afb9e48
textures/flatlist/ovr_stm/_win/pos_kazuki_01.bmp.ctxr,textures/flatlist/ovr_stm/_win,pos_kazuki_01.bmp.ctxr,pos_kazuki_01.bmp,ctxr,5592864,b99093fe893bd4dd4ef3165624cd80bbdafd7779
textures/flatlist/ovr_stm/_win/pos_kazuki_02.bmp.ctxr,textures/flatlist/ovr_stm/_win,pos_kazuki_02.bmp.ctxr,pos_kazuki_02.bmp,ctxr,5592864,5d413f29a973560c24e1284a5fd7c98030c9659d
textures/flatlist/ovr_stm/_win/pos_nakagawa_02.bmp.ctxr,textures/flatlist/ovr_stm/_win,pos_nakagawa_02.bmp.ctxr,pos_nakagawa_02.bmp,ctxr,5592864,dd370f8dd6837d39988917a2836b9ec4d60fa59c
textures/flatlist/ovr_stm/_win/pos_nakagawa_03.bmp.ctxr,textures/flatlist/ovr_stm/_win,pos_nakagawa_03.bmp.ctxr,pos_nakagawa_03.bmp,ctxr,5592864,3dca5f343df98ec83150eeaa8d06a84c9bbf8883
textures/flatlist/ovr_stm/_win/pos_yasuda_03.bmp.ctxr,textures/flatlist/ovr_stm/_win,pos_yasuda_03.bmp.ctxr,pos_yasuda_03.bmp,ctxr,5592864,074fdb7a5ee3c0a41af88902522970ba1d6ca14e
textures/flatlist/ovr_stm/_win/ptr_face03.bmp.ctxr,textures/flatlist/ovr_stm/_win,ptr_face03.bmp.ctxr,ptr_face03.bmp,ctxr,11185312,36b159da3dc259e11f25ee658317a252cf01e9d6
textures/flatlist/ovr_stm/_win/ptr_face03.bmp_b289bdfbbb58e30a73b2a6a2b3ba988b.ctxr,textures/flatlist/ovr_stm/_win,ptr_face03.bmp_b289bdfbbb58e30a73b2a6a2b3ba988b.ctxr,ptr_face03.bmp_b289bdfbbb58e30a73b2a6a2b3ba988b,ctxr,11185312,04c21208603adcd6ea29a66c878d337145151091
textures/flatlist/ovr_stm/_win/ptr_face_dead.bmp.ctxr,textures/flatlist/ovr_stm/_win,ptr_face_dead.bmp.ctxr,ptr_face_dead.bmp,ctxr,11185312,6c4b844d7d87be94f4d2a5e56df530d7825a827b
textures/flatlist/ovr_stm/_win/ptr_hand.bmp.ctxr,textures/flatlist/ovr_stm/_win,ptr_hand.bmp.ctxr,ptr_hand.bmp,ctxr,699488,075a90d7ea4453fcc3c46cff70124a3227b2b6ca
textures/flatlist/ovr_stm/_win/ptr_hand_re.bmp.ctxr,textures/flatlist/ovr_stm/_win,ptr_hand_re.bmp.ctxr,ptr_hand_re.bmp,ctxr,699488,fbe911dbb69df5a9c191b29b39c05131f92548cb
textures/flatlist/ovr_stm/_win/ptr_hi_finger.bmp.ctxr,textures/flatlist/ovr_stm/_win,ptr_hi_finger.bmp.ctxr,ptr_hi_finger.bmp,ctxr,87744,a74fc35c87fbfb8905d595cad7547a57901d9c0c
textures/flatlist/ovr_stm/_win/ptr_hi_finger_red.bmp.ctxr,textures/flatlist/ovr_stm/_win,ptr_hi_finger_red.bmp.ctxr,ptr_hi_finger_red.bmp,ctxr,87744,dc76df9c4c1e87a7d90b04bb585a5a8681808779
textures/flatlist/ovr_stm/_win/ptr_hi_hand000.bmp.ctxr,textures/flatlist/ovr_stm/_win,ptr_hi_hand000.bmp.ctxr,ptr_hi_hand000.bmp,ctxr,699488,641aaad3d25d2e9ceebc0f1666b2c65840f29f91
textures/flatlist/ovr_stm/_win/ptr_hi_hand01.bmp.ctxr,textures/flatlist/ovr_stm/_win,ptr_hi_hand01.bmp.ctxr,ptr_hi_hand01.bmp,ctxr,349920,75d8fe34a9fe52c34a5666b934de41fe4a8448b2
textures/flatlist/ovr_stm/_win/ptr_jaket_nypd.bmp.ctxr,textures/flatlist/ovr_stm/_win,ptr_jaket_nypd.bmp.ctxr,ptr_jaket_nypd.bmp,ctxr,5592864,e54fd44b18005d0c67c8249489015fc4bd5d11a1
textures/flatlist/ovr_stm/_win/ptr_jaket_nypd_dead.bmp.ctxr,textures/flatlist/ovr_stm/_win,ptr_jaket_nypd_dead.bmp.ctxr,ptr_jaket_nypd_dead.bmp,ctxr,5592864,98c2024304d3150c6600d406da77ce201c2bb9fd
textures/flatlist/ovr_stm/_win/ptr_jaket_nypd_new.bmp.ctxr,textures/flatlist/ovr_stm/_win,ptr_jaket_nypd_new.bmp.ctxr,ptr_jaket_nypd_new.bmp,ctxr,5592864,d05581e1c8f16e341f17dc4a33e2c71b3d97b65e
textures/flatlist/ovr_stm/_win/ptr_mtg_alp_ovl.bmp.ctxr,textures/flatlist/ovr_stm/_win,ptr_mtg_alp_ovl.bmp.ctxr,ptr_mtg_alp_ovl.bmp,ctxr,349952,b275c26359b0fe9d703b190de3428d08ae600767
textures/flatlist/ovr_stm/_win/ptr_tooth_d1.bmp.ctxr,textures/flatlist/ovr_stm/_win,ptr_tooth_d1.bmp.ctxr,ptr_tooth_d1.bmp,ctxr,87776,39007eb788f81bb3575bc723b4827ed444c8524a
textures/flatlist/ovr_stm/_win/ptr_tooth_d2.bmp.ctxr,textures/flatlist/ovr_stm/_win,ptr_tooth_d2.bmp.ctxr,ptr_tooth_d2.bmp,ctxr,87776,3d394d42c30f64ec0f3d5fc77c333c9c5df51049
textures/flatlist/ovr_stm/_win/ptr_tooth_d3.bmp.ctxr,textures/flatlist/ovr_stm/_win,ptr_tooth_d3.bmp.ctxr,ptr_tooth_d3.bmp,ctxr,44096,4bcd9f4a7f0106e9e7230aaefc196a553c098fd4
textures/flatlist/ovr_stm/_win/ptr_tooth_d4.bmp.ctxr,textures/flatlist/ovr_stm/_win,ptr_tooth_d4.bmp.ctxr,ptr_tooth_d4.bmp,ctxr,44064,ecaeab32778c77967b8ef95db4f7db877576ad20
textures/flatlist/ovr_stm/_win/ptr_tooth_u1.bmp.ctxr,textures/flatlist/ovr_stm/_win,ptr_tooth_u1.bmp.ctxr,ptr_tooth_u1.bmp,ctxr,87776,3e3803678cb8d4180e98b676da2a1088b1f5abf3
textures/flatlist/ovr_stm/_win/ptr_tooth_u2.bmp.ctxr,textures/flatlist/ovr_stm/_win,ptr_tooth_u2.bmp.ctxr,ptr_tooth_u2.bmp,ctxr,87776,2aebbde6cb534170e952188627667d2ebc23f1e8
textures/flatlist/ovr_stm/_win/ptr_tooth_u3.bmp.ctxr,textures/flatlist/ovr_stm/_win,ptr_tooth_u3.bmp.ctxr,ptr_tooth_u3.bmp,ctxr,87776,5654644960f9f450692444c423ae5e09acf3b94e
textures/flatlist/ovr_stm/_win/ptr_tooth_u4.bmp.ctxr,textures/flatlist/ovr_stm/_win,ptr_tooth_u4.bmp.ctxr,ptr_tooth_u4.bmp,ctxr,87776,d332df8bda1b4c9315968a39820d643d69c26434
textures/flatlist/ovr_stm/_win/pump.bmp.ctxr,textures/flatlist/ovr_stm/_win,pump.bmp.ctxr,pump.bmp,ctxr,349920,7731fa851348b35ea320af8466a37c4eaae37064
textures/flatlist/ovr_stm/_win/pumpin.bmp_d158ec1bae8868a7fb57a3d368a5647f.ctxr,textures/flatlist/ovr_stm/_win,pumpin.bmp_d158ec1bae8868a7fb57a3d368a5647f.ctxr,pumpin.bmp_d158ec1bae8868a7fb57a3d368a5647f,ctxr,349920,811c5b8fa5a0fe66f0cd99896689ebc963d60ffd
textures/flatlist/ovr_stm/_win/rad_musen1.bmp.ctxr,textures/flatlist/ovr_stm/_win,rad_musen1.bmp.ctxr,rad_musen1.bmp,ctxr,175168,d6c51ff41fd3cacd29e6add0927f839f8fea8c7b
textures/flatlist/ovr_stm/_win/rad_musen3.bmp.ctxr,textures/flatlist/ovr_stm/_win,rad_musen3.bmp.ctxr,rad_musen3.bmp,ctxr,87776,d220cdc6c252db2c11512ed8ddce04cbf5e77a3a
textures/flatlist/ovr_stm/_win/rad_musen4.bmp.ctxr,textures/flatlist/ovr_stm/_win,rad_musen4.bmp.ctxr,rad_musen4.bmp,ctxr,175168,2dca2710d23622083393850abfa9f3c3dd606f82
textures/flatlist/ovr_stm/_win/rai_all_ibox.bmp.ctxr,textures/flatlist/ovr_stm/_win,rai_all_ibox.bmp.ctxr,rai_all_ibox.bmp,ctxr,1398528,33ca4d1204fd6f0efd4831c5ba75885e2b221201
textures/flatlist/ovr_stm/_win/rai_gun_back.bmp.ctxr,textures/flatlist/ovr_stm/_win,rai_gun_back.bmp.ctxr,rai_gun_back.bmp,ctxr,87776,c6e9a2ee0ce9f2b5373be8d329052eaecca2ca5d
textures/flatlist/ovr_stm/_win/rai_gun_fro.bmp.ctxr,textures/flatlist/ovr_stm/_win,rai_gun_fro.bmp.ctxr,rai_gun_fro.bmp,ctxr,87776,2d76db04d7856ce1f6a495188cab1be7acd25426
textures/flatlist/ovr_stm/_win/rai_gun_side.bmp.ctxr,textures/flatlist/ovr_stm/_win,rai_gun_side.bmp.ctxr,rai_gun_side.bmp,ctxr,175168,b2e690824096164ad76e757f0e85b854c3b4982a
textures/flatlist/ovr_stm/_win/rai_gun_side2.bmp.ctxr,textures/flatlist/ovr_stm/_win,rai_gun_side2.bmp.ctxr,rai_gun_side2.bmp,ctxr,175168,0196d8c75a69059e2798af64c404c7852679fbb3
textures/flatlist/ovr_stm/_win/rai_gun_top.bmp.ctxr,textures/flatlist/ovr_stm/_win,rai_gun_top.bmp.ctxr,rai_gun_top.bmp,ctxr,44064,42237e571e8beda9846a1bd6e530e2fd5e8772d1
textures/flatlist/ovr_stm/_win/ray_add_alp.bmp.ctxr,textures/flatlist/ovr_stm/_win,ray_add_alp.bmp.ctxr,ray_add_alp.bmp,ctxr,349920,d557d1f79ce11be59d577779dabcc09c7ec8e899
textures/flatlist/ovr_stm/_win/ray_armpit_meca2.bmp.ctxr,textures/flatlist/ovr_stm/_win,ray_armpit_meca2.bmp.ctxr,ray_armpit_meca2.bmp,ctxr,175168,66671b0800a77d3c0784543e8916af4506b295ba
textures/flatlist/ovr_stm/_win/ray_armpit_meca2_new.bmp.ctxr,textures/flatlist/ovr_stm/_win,ray_armpit_meca2_new.bmp.ctxr,ray_armpit_meca2_new.bmp,ctxr,175168,96f7f6ff1e543c0f921a3d3fd3d82fbb323dd426
textures/flatlist/ovr_stm/_win/ray_armpit_t1.bmp.ctxr,textures/flatlist/ovr_stm/_win,ray_armpit_t1.bmp.ctxr,ray_armpit_t1.bmp,ctxr,699488,7fba0c9bb4da1633c1dcd44b06dd086a6c33440d
textures/flatlist/ovr_stm/_win/ray_armpit_u1.bmp.ctxr,textures/flatlist/ovr_stm/_win,ray_armpit_u1.bmp.ctxr,ray_armpit_u1.bmp,ctxr,699488,9a1dc9d21a3fa21104dd3ad9cc5d5cc873eaf1b2
textures/flatlist/ovr_stm/_win/ray_arm_t1.bmp.ctxr,textures/flatlist/ovr_stm/_win,ray_arm_t1.bmp.ctxr,ray_arm_t1.bmp,ctxr,5592864,d709a5f3dbd78e309cc0e291ccd478f83af4ad9e
textures/flatlist/ovr_stm/_win/ray_arm_t1_sub_alp_ovl.bmp.ctxr,textures/flatlist/ovr_stm/_win,ray_arm_t1_sub_alp_ovl.bmp.ctxr,ray_arm_t1_sub_alp_ovl.bmp,ctxr,4194464,014c5c26713b8f4667675f405f6fdc119d93ed12
textures/flatlist/ovr_stm/_win/ray_arm_u1.bmp.ctxr,textures/flatlist/ovr_stm/_win,ray_arm_u1.bmp.ctxr,ray_arm_u1.bmp,ctxr,175168,351c5be1e6f89b152703b712dedc8c84e5071f50
textures/flatlist/ovr_stm/_win/ray_arm_u1s.bmp.ctxr,textures/flatlist/ovr_stm/_win,ray_arm_u1s.bmp.ctxr,ray_arm_u1s.bmp,ctxr,44064,a7709b26ffd4db237f1907134dde152fba0fdb0b
textures/flatlist/ovr_stm/_win/ray_arm_u_finall.bmp.ctxr,textures/flatlist/ovr_stm/_win,ray_arm_u_finall.bmp.ctxr,ray_arm_u_finall.bmp,ctxr,699488,d84211b1a5c5ee7758b5e1f29de5a681780c1255
textures/flatlist/ovr_stm/_win/ray_backpack_t1.bmp.ctxr,textures/flatlist/ovr_stm/_win,ray_backpack_t1.bmp.ctxr,ray_backpack_t1.bmp,ctxr,2796672,b192a96761b527b0d3735968c242215cbc6704db
textures/flatlist/ovr_stm/_win/ray_bm_01.bmp.ctxr,textures/flatlist/ovr_stm/_win,ray_bm_01.bmp.ctxr,ray_bm_01.bmp,ctxr,699488,466cd4cb5fffc4b6986115c057a849024cf70d83
textures/flatlist/ovr_stm/_win/ray_body_s1.bmp.ctxr,textures/flatlist/ovr_stm/_win,ray_body_s1.bmp.ctxr,ray_body_s1.bmp,ctxr,5592864,c4533083dfbee604d9ff1b65a6cdce9ed64ae672
textures/flatlist/ovr_stm/_win/ray_canopy.bmp.ctxr,textures/flatlist/ovr_stm/_win,ray_canopy.bmp.ctxr,ray_canopy.bmp,ctxr,87744,c743bf2930a9e302b88415ea79b0f8f78a6782ce
textures/flatlist/ovr_stm/_win/ray_canopy.bmp_69536e0cc16b5504c7afe3237c9f388a.ctxr,textures/flatlist/ovr_stm/_win,ray_canopy.bmp_69536e0cc16b5504c7afe3237c9f388a.ctxr,ray_canopy.bmp_69536e0cc16b5504c7afe3237c9f388a,ctxr,349920,d2c3a90dc06af6bc8a91b4498eb218bdc002f13b
textures/flatlist/ovr_stm/_win/ray_canopy_edge.bmp.ctxr,textures/flatlist/ovr_stm/_win,ray_canopy_edge.bmp.ctxr,ray_canopy_edge.bmp,ctxr,87776,c6624b57daa318bdcb9e15a8326e6b04eea3dde0
textures/flatlist/ovr_stm/_win/ray_canopy_ovl_mod1120_emap.bmp.ctxr,textures/flatlist/ovr_stm/_win,ray_canopy_ovl_mod1120_emap.bmp.ctxr,ray_canopy_ovl_mod1120_emap.bmp,ctxr,349920,86ca5e5fff9ab59e880b6080664589a15dba024b
textures/flatlist/ovr_stm/_win/ray_canopy_sub_ovl_alp.bmp.ctxr,textures/flatlist/ovr_stm/_win,ray_canopy_sub_ovl_alp.bmp.ctxr,ray_canopy_sub_ovl_alp.bmp,ctxr,65696,6de512d164b7123d53aca07b4b66219e3868a3f4
textures/flatlist/ovr_stm/_win/ray_canopy_sub_ovl_alp.bmp_262887ad5d1a24632bc26b95450cb515.ctxr,textures/flatlist/ovr_stm/_win,ray_canopy_sub_ovl_alp.bmp_262887ad5d1a24632bc26b95450cb515.ctxr,ray_canopy_sub_ovl_alp.bmp_262887ad5d1a24632bc26b95450cb515,ctxr,262304,46529f2d16541ddd4f2185162d07a6dbb3717175
textures/flatlist/ovr_stm/_win/ray_chest_f1.bmp.ctxr,textures/flatlist/ovr_stm/_win,ray_chest_f1.bmp.ctxr,ray_chest_f1.bmp,ctxr,1398528,2d7e60e2a040c8e88d6c0ac459e4708edd39f776
textures/flatlist/ovr_stm/_win/ray_chin1_u.bmp.ctxr,textures/flatlist/ovr_stm/_win,ray_chin1_u.bmp.ctxr,ray_chin1_u.bmp,ctxr,699488,c449810dfb55e18433da5cc9923ee92c77367b48
textures/flatlist/ovr_stm/_win/ray_chin2_u.bmp.ctxr,textures/flatlist/ovr_stm/_win,ray_chin2_u.bmp.ctxr,ray_chin2_u.bmp,ctxr,175168,b3ed33543c98360ac7cf286baced3f13fdef0a2b
textures/flatlist/ovr_stm/_win/ray_chin_t1.bmp.ctxr,textures/flatlist/ovr_stm/_win,ray_chin_t1.bmp.ctxr,ray_chin_t1.bmp,ctxr,349920,5f1e1e49f8d46401f476ac9e73d0a653c5535ed7
textures/flatlist/ovr_stm/_win/ray_eye.bmp.ctxr,textures/flatlist/ovr_stm/_win,ray_eye.bmp.ctxr,ray_eye.bmp,ctxr,87744,12ffab445959be11510ac31c300c3a258b612456
textures/flatlist/ovr_stm/_win/ray_eye_bonbori_alp.bmp.ctxr,textures/flatlist/ovr_stm/_win,ray_eye_bonbori_alp.bmp.ctxr,ray_eye_bonbori_alp.bmp,ctxr,87744,2b611dfa9869d1bda1c825df766e2966ecef7767
textures/flatlist/ovr_stm/_win/ray_eye_pera.bmp.ctxr,textures/flatlist/ovr_stm/_win,ray_eye_pera.bmp.ctxr,ray_eye_pera.bmp,ctxr,87744,dbebd4d02de5816ac3852a63ea95b5b1005c7578
textures/flatlist/ovr_stm/_win/ray_face_b1.bmp.ctxr,textures/flatlist/ovr_stm/_win,ray_face_b1.bmp.ctxr,ray_face_b1.bmp,ctxr,87776,2db5b1e9a4b07652cb7d95e9b0e602dce2117ecc
textures/flatlist/ovr_stm/_win/ray_face_s1.bmp.ctxr,textures/flatlist/ovr_stm/_win,ray_face_s1.bmp.ctxr,ray_face_s1.bmp,ctxr,1398560,b718ac7116ef5c423d9ef4ace246887303cb9ff6
textures/flatlist/ovr_stm/_win/ray_face_s1_sub_alp_ovl.bmp.ctxr,textures/flatlist/ovr_stm/_win,ray_face_s1_sub_alp_ovl.bmp.ctxr,ray_face_s1_sub_alp_ovl.bmp,ctxr,1048736,97cb5493ee19510a4a7811643fb16c4876632aea
textures/flatlist/ovr_stm/_win/ray_face_s2.bmp.ctxr,textures/flatlist/ovr_stm/_win,ray_face_s2.bmp.ctxr,ray_face_s2.bmp,ctxr,2796672,42dfcdf52e048e6e21aea16087aae948259f585e
textures/flatlist/ovr_stm/_win/ray_face_s2_sub_alp_ovl.bmp.ctxr,textures/flatlist/ovr_stm/_win,ray_face_s2_sub_alp_ovl.bmp.ctxr,ray_face_s2_sub_alp_ovl.bmp,ctxr,2097312,9151f8dd2821bf75b5ee7e1e8240ce061ac90b5c
textures/flatlist/ovr_stm/_win/ray_face_t1.bmp.ctxr,textures/flatlist/ovr_stm/_win,ray_face_t1.bmp.ctxr,ray_face_t1.bmp,ctxr,2796672,5f76e4d2c89cc38cbb7b39ef965a03d2dabbf3dd
textures/flatlist/ovr_stm/_win/ray_face_t1_sub_alp_ovl.bmp.ctxr,textures/flatlist/ovr_stm/_win,ray_face_t1_sub_alp_ovl.bmp.ctxr,ray_face_t1_sub_alp_ovl.bmp,ctxr,2097312,c204056f943c804600c4201407a1cb40f7e7a5e6
textures/flatlist/ovr_stm/_win/ray_forearm_t1.bmp.ctxr,textures/flatlist/ovr_stm/_win,ray_forearm_t1.bmp.ctxr,ray_forearm_t1.bmp,ctxr,1398528,f2c5a8d45f5119eae848817f5a323f7df0e54451
textures/flatlist/ovr_stm/_win/ray_hand_u1.bmp.ctxr,textures/flatlist/ovr_stm/_win,ray_hand_u1.bmp.ctxr,ray_hand_u1.bmp,ctxr,349952,c00d497bf895c4dc93c8cadc7636cbb12b9b1ea2
textures/flatlist/ovr_stm/_win/ray_hip_f1.bmp.ctxr,textures/flatlist/ovr_stm/_win,ray_hip_f1.bmp.ctxr,ray_hip_f1.bmp,ctxr,699488,c2655a13603d7ceaed64b3299a549f8d02ddb855
textures/flatlist/ovr_stm/_win/ray_leg1_s1.bmp.ctxr,textures/flatlist/ovr_stm/_win,ray_leg1_s1.bmp.ctxr,ray_leg1_s1.bmp,ctxr,2796672,cc5f629ad98dc0750e4d724253c67809fa28a7d4
textures/flatlist/ovr_stm/_win/ray_leg1_s1_sub_alp_ovl.bmp.ctxr,textures/flatlist/ovr_stm/_win,ray_leg1_s1_sub_alp_ovl.bmp.ctxr,ray_leg1_s1_sub_alp_ovl.bmp,ctxr,2097312,c1a786f1bcb9563485f7c5b3b5b2457efbe5d4ac
textures/flatlist/ovr_stm/_win/ray_leg2_s1.bmp.ctxr,textures/flatlist/ovr_stm/_win,ray_leg2_s1.bmp.ctxr,ray_leg2_s1.bmp,ctxr,5592864,3d79bfd5f6ddb1f2f5ff429e6e486db327c4fc16
textures/flatlist/ovr_stm/_win/ray_lip_out.bmp.ctxr,textures/flatlist/ovr_stm/_win,ray_lip_out.bmp.ctxr,ray_lip_out.bmp,ctxr,175168,894f5f08baea458607bb9b0bfb68239a0f052f0d
textures/flatlist/ovr_stm/_win/ray_lip_out_sub_alp_ovl.bmp.ctxr,textures/flatlist/ovr_stm/_win,ray_lip_out_sub_alp_ovl.bmp.ctxr,ray_lip_out_sub_alp_ovl.bmp,ctxr,131232,1ae8e25e37dddd6ea65891bc3439a43797ac7134
textures/flatlist/ovr_stm/_win/ray_mouth_temptex.bmp.ctxr,textures/flatlist/ovr_stm/_win,ray_mouth_temptex.bmp.ctxr,ray_mouth_temptex.bmp,ctxr,349920,96784ebee0baf5f715889b5cc95553b5d1c11dca
textures/flatlist/ovr_stm/_win/ray_muzzle.bmp.ctxr,textures/flatlist/ovr_stm/_win,ray_muzzle.bmp.ctxr,ray_muzzle.bmp,ctxr,175168,2691c3848a857f24cf0be347e417e4345393ac3d
textures/flatlist/ovr_stm/_win/ray_muzzle_iner.bmp.ctxr,textures/flatlist/ovr_stm/_win,ray_muzzle_iner.bmp.ctxr,ray_muzzle_iner.bmp,ctxr,87744,27d4875000983767786debc68c9e2645013d4edb
textures/flatlist/ovr_stm/_win/ray_neck_circle.bmp.ctxr,textures/flatlist/ovr_stm/_win,ray_neck_circle.bmp.ctxr,ray_neck_circle.bmp,ctxr,87744,6f4a21d33dc1c6522c70447880bef2c88e151f6b
textures/flatlist/ovr_stm/_win/ray_shoulder_circle.bmp.ctxr,textures/flatlist/ovr_stm/_win,ray_shoulder_circle.bmp.ctxr,ray_shoulder_circle.bmp,ctxr,349920,afc27171b62c5cb2977a49a258c111a11ad18f02
textures/flatlist/ovr_stm/_win/ray_shoulder_f1.bmp.ctxr,textures/flatlist/ovr_stm/_win,ray_shoulder_f1.bmp.ctxr,ray_shoulder_f1.bmp,ctxr,1398528,b8811322b419f84b15e6f29842a70a37d957ec01
textures/flatlist/ovr_stm/_win/ray_tail_s1x.bmp.ctxr,textures/flatlist/ovr_stm/_win,ray_tail_s1x.bmp.ctxr,ray_tail_s1x.bmp,ctxr,1398560,840660d681edf8ec4d701630aab4cfed2f624ed4
textures/flatlist/ovr_stm/_win/ray_tail_s1x_sub_alp_ovl.bmp.ctxr,textures/flatlist/ovr_stm/_win,ray_tail_s1x_sub_alp_ovl.bmp.ctxr,ray_tail_s1x_sub_alp_ovl.bmp,ctxr,1048736,99980f8afd69d68e750f56a2304f777d028e0bc8
textures/flatlist/ovr_stm/_win/ray_tail_s2.bmp.ctxr,textures/flatlist/ovr_stm/_win,ray_tail_s2.bmp.ctxr,ray_tail_s2.bmp,ctxr,699488,86a0b9e288cd7ae1a118bcf3b17ab58cc414d672
textures/flatlist/ovr_stm/_win/ray_temptex1.bmp.ctxr,textures/flatlist/ovr_stm/_win,ray_temptex1.bmp.ctxr,ray_temptex1.bmp,ctxr,349920,c84719d9233252cb231194baac8c284c7fdc9263
textures/flatlist/ovr_stm/_win/ray_temptex1_sub_alp_ovl.bmp.ctxr,textures/flatlist/ovr_stm/_win,ray_temptex1_sub_alp_ovl.bmp.ctxr,ray_temptex1_sub_alp_ovl.bmp,ctxr,262304,73d31f388dc6bae7fe5d6ffbe3135fe762239072
textures/flatlist/ovr_stm/_win/ray_thigh_b1.bmp.ctxr,textures/flatlist/ovr_stm/_win,ray_thigh_b1.bmp.ctxr,ray_thigh_b1.bmp,ctxr,349920,b3bb1f7b3d1f6ab2e9936b1ecead1bb2aad9d610
textures/flatlist/ovr_stm/_win/ray_thigh_b1_sub_alp_ovl.bmp.ctxr,textures/flatlist/ovr_stm/_win,ray_thigh_b1_sub_alp_ovl.bmp.ctxr,ray_thigh_b1_sub_alp_ovl.bmp,ctxr,262304,5e2488134d8e43cb4c060672d7e55dd6bf91306c
textures/flatlist/ovr_stm/_win/ray_thigh_circle.bmp.ctxr,textures/flatlist/ovr_stm/_win,ray_thigh_circle.bmp.ctxr,ray_thigh_circle.bmp,ctxr,349920,0fd88215a214e172413269cf39f1fa78d6e42a5a
textures/flatlist/ovr_stm/_win/ray_thigh_t1.bmp.ctxr,textures/flatlist/ovr_stm/_win,ray_thigh_t1.bmp.ctxr,ray_thigh_t1.bmp,ctxr,11185312,a014d23315fcba80a3b317ab1956e66f7710e296
textures/flatlist/ovr_stm/_win/ray_thigh_t1_sub_ovl_alp.bmp.ctxr,textures/flatlist/ovr_stm/_win,ray_thigh_t1_sub_ovl_alp.bmp.ctxr,ray_thigh_t1_sub_ovl_alp.bmp,ctxr,8388768,38938a98d2d35ad4763258dd01a3b9c75a59090a
textures/flatlist/ovr_stm/_win/ray_thigh_u1.bmp.ctxr,textures/flatlist/ovr_stm/_win,ray_thigh_u1.bmp.ctxr,ray_thigh_u1.bmp,ctxr,1398560,2c9de20d8b3ddc91b700588ebc91ba2646c46966
textures/flatlist/ovr_stm/_win/ray_tooth.bmp.ctxr,textures/flatlist/ovr_stm/_win,ray_tooth.bmp.ctxr,ray_tooth.bmp,ctxr,349920,735f5a70c8e14bf29ebe965df6918872431744a5
textures/flatlist/ovr_stm/_win/ray_waist_b1x.bmp.ctxr,textures/flatlist/ovr_stm/_win,ray_waist_b1x.bmp.ctxr,ray_waist_b1x.bmp,ctxr,699488,4710fc4937f6e7bed7bbefe1145b731c8e66332a
textures/flatlist/ovr_stm/_win/ray_waist_b1x_sub_alp_ovl.bmp.ctxr,textures/flatlist/ovr_stm/_win,ray_waist_b1x_sub_alp_ovl.bmp.ctxr,ray_waist_b1x_sub_alp_ovl.bmp,ctxr,524448,d18b0fa96b8fd2c26d1c7b315b50e4a2d1ecc66f
textures/flatlist/ovr_stm/_win/ray_waist_s1.bmp.ctxr,textures/flatlist/ovr_stm/_win,ray_waist_s1.bmp.ctxr,ray_waist_s1.bmp,ctxr,1398528,b47308ff881f1227d161d19211677a637c804ebd
textures/flatlist/ovr_stm/_win/ray_waist_s1_sub_alp_ovl.bmp.ctxr,textures/flatlist/ovr_stm/_win,ray_waist_s1_sub_alp_ovl.bmp.ctxr,ray_waist_s1_sub_alp_ovl.bmp,ctxr,1048736,90c8ad527624ba776136d01d020407c8f9b6c7f1
textures/flatlist/ovr_stm/_win/rgb_amo.bmp.ctxr,textures/flatlist/ovr_stm/_win,rgb_amo.bmp.ctxr,rgb_amo.bmp,ctxr,87744,0b3cc90f66eeccc2a29e3ff46669baa07c1942fd
textures/flatlist/ovr_stm/_win/rgb_amo_cartridge2.bmp.ctxr,textures/flatlist/ovr_stm/_win,rgb_amo_cartridge2.bmp.ctxr,rgb_amo_cartridge2.bmp,ctxr,175168,9c8f5c421bea48c4145539601a8b6d6b7af1cf45
textures/flatlist/ovr_stm/_win/rgb_sb_body.bmp.ctxr,textures/flatlist/ovr_stm/_win,rgb_sb_body.bmp.ctxr,rgb_sb_body.bmp,ctxr,699488,ede38153c9fec813bbb8ea3a3e0eb3363f98d1e7
textures/flatlist/ovr_stm/_win/rgb_sb_body.bmp_2f0d86d85ea774f8976cc6b4aac67670.ctxr,textures/flatlist/ovr_stm/_win,rgb_sb_body.bmp_2f0d86d85ea774f8976cc6b4aac67670.ctxr,rgb_sb_body.bmp_2f0d86d85ea774f8976cc6b4aac67670,ctxr,699488,bb0ee8b649f6b1df7d724733864dc13efe9edfa5
textures/flatlist/ovr_stm/_win/rgb_sb_muzzle.bmp.ctxr,textures/flatlist/ovr_stm/_win,rgb_sb_muzzle.bmp.ctxr,rgb_sb_muzzle.bmp,ctxr,175200,8f11b83095db6881e0f6e9f1ffbf2e4c94292b77
textures/flatlist/ovr_stm/_win/rgb_sb_muzzle.bmp_cd50a1055e9aaf1f63580648e71f4e0e.ctxr,textures/flatlist/ovr_stm/_win,rgb_sb_muzzle.bmp_cd50a1055e9aaf1f63580648e71f4e0e.ctxr,rgb_sb_muzzle.bmp_cd50a1055e9aaf1f63580648e71f4e0e,ctxr,175200,4cf7c3a20a8e092325267668a16843f16d2a401f
textures/flatlist/ovr_stm/_win/ros_arm2mc.bmp.ctxr,textures/flatlist/ovr_stm/_win,ros_arm2mc.bmp.ctxr,ros_arm2mc.bmp,ctxr,1398528,96028b3d8ac90f90195d3879c401ac8b18e0a6ba
textures/flatlist/ovr_stm/_win/ros_armmc.bmp.ctxr,textures/flatlist/ovr_stm/_win,ros_armmc.bmp.ctxr,ros_armmc.bmp,ctxr,699488,26dd4f80f61a2c5a4acf6ef8defecbb99fc8410b
textures/flatlist/ovr_stm/_win/ros_armmc_sub_alp_ovl.bmp.ctxr,textures/flatlist/ovr_stm/_win,ros_armmc_sub_alp_ovl.bmp.ctxr,ros_armmc_sub_alp_ovl.bmp,ctxr,524448,d727b6dcac3e6bae2af6d9488edf436b55aa5c65
textures/flatlist/ovr_stm/_win/ros_bodymc.bmp.ctxr,textures/flatlist/ovr_stm/_win,ros_bodymc.bmp.ctxr,ros_bodymc.bmp,ctxr,2796672,efe818aabe0403f1a4b226ecd2e30b0d739b348d
textures/flatlist/ovr_stm/_win/ros_clip.bmp.ctxr,textures/flatlist/ovr_stm/_win,ros_clip.bmp.ctxr,ros_clip.bmp,ctxr,11264,265c3d8f49a9319e5932db27ffacfa07d1fdf4fc
textures/flatlist/ovr_stm/_win/ros_emc_ovl_mod1120_alp_emap.bmp.ctxr,textures/flatlist/ovr_stm/_win,ros_emc_ovl_mod1120_alp_emap.bmp.ctxr,ros_emc_ovl_mod1120_alp_emap.bmp,ctxr,1398528,e3763e6c06e162f3ff2fb51a1ba326f118d7d585
textures/flatlist/ovr_stm/_win/ros_fmc_ovl_mod1120_alp_emap.bmp.ctxr,textures/flatlist/ovr_stm/_win,ros_fmc_ovl_mod1120_alp_emap.bmp.ctxr,ros_fmc_ovl_mod1120_alp_emap.bmp,ctxr,349920,aebb9423c35c5b0ba88a2acfc4e566809030ee8b
textures/flatlist/ovr_stm/_win/ros_hair_p2mc.bmp.ctxr,textures/flatlist/ovr_stm/_win,ros_hair_p2mc.bmp.ctxr,ros_hair_p2mc.bmp,ctxr,2796672,e889f1d35400b10fdb57e50a005ca9b1c09797e0
textures/flatlist/ovr_stm/_win/ros_hair_p2mc_ovl_sub_alp.bmp.ctxr,textures/flatlist/ovr_stm/_win,ros_hair_p2mc_ovl_sub_alp.bmp.ctxr,ros_hair_p2mc_ovl_sub_alp.bmp,ctxr,2097312,8ddf98321d9d28b212d2648682e407221de09523
textures/flatlist/ovr_stm/_win/ros_hair_p4mc.bmp.ctxr,textures/flatlist/ovr_stm/_win,ros_hair_p4mc.bmp.ctxr,ros_hair_p4mc.bmp,ctxr,2796672,8d5b2aa84dcae697b3acd639cf9c40e996f01443
textures/flatlist/ovr_stm/_win/ros_hair_p4mc_sub_ovl_alp.bmp.ctxr,textures/flatlist/ovr_stm/_win,ros_hair_p4mc_sub_ovl_alp.bmp.ctxr,ros_hair_p4mc_sub_ovl_alp.bmp,ctxr,2097312,baf01aad42aff7c3ed84e204de567c5610129070
textures/flatlist/ovr_stm/_win/ros_hair_p6mc_alp_ovl.bmp.ctxr,textures/flatlist/ovr_stm/_win,ros_hair_p6mc_alp_ovl.bmp.ctxr,ros_hair_p6mc_alp_ovl.bmp,ctxr,2796672,e812807cde44638b8f5c66ef54ce7246f45ed0e3
textures/flatlist/ovr_stm/_win/ros_handmc.bmp.ctxr,textures/flatlist/ovr_stm/_win,ros_handmc.bmp.ctxr,ros_handmc.bmp,ctxr,699488,8a63c0f5a8bda5dbac916cdcc34793cc70a57ad4
textures/flatlist/ovr_stm/_win/ros_handmc_ovl_sub_alp.bmp.ctxr,textures/flatlist/ovr_stm/_win,ros_handmc_ovl_sub_alp.bmp.ctxr,ros_handmc_ovl_sub_alp.bmp,ctxr,524448,44d8ced2568c710b510542a4338aa07fb086930b
textures/flatlist/ovr_stm/_win/ros_hi_eyemc.bmp.ctxr,textures/flatlist/ovr_stm/_win,ros_hi_eyemc.bmp.ctxr,ros_hi_eyemc.bmp,ctxr,349920,c4c433308c21fbc77ab2804f3b867ceb4c1dff50
textures/flatlist/ovr_stm/_win/ros_hi_eyemc_ovl_sub_alp.bmp.ctxr,textures/flatlist/ovr_stm/_win,ros_hi_eyemc_ovl_sub_alp.bmp.ctxr,ros_hi_eyemc_ovl_sub_alp.bmp,ctxr,262304,19917ce41b04749c06bd978abb9ebd6fdcb65ae8
textures/flatlist/ovr_stm/_win/ros_hi_eyermc.bmp.ctxr,textures/flatlist/ovr_stm/_win,ros_hi_eyermc.bmp.ctxr,ros_hi_eyermc.bmp,ctxr,349920,5605a38761227e54de5c33061277598a0c6e69ae
textures/flatlist/ovr_stm/_win/ros_hi_eyermc_ovl_sub_alp.bmp.ctxr,textures/flatlist/ovr_stm/_win,ros_hi_eyermc_ovl_sub_alp.bmp.ctxr,ros_hi_eyermc_ovl_sub_alp.bmp,ctxr,262304,6687bde89e3af6c32543523c22e9f83879b6a268
textures/flatlist/ovr_stm/_win/ros_hi_facemc.bmp.ctxr,textures/flatlist/ovr_stm/_win,ros_hi_facemc.bmp.ctxr,ros_hi_facemc.bmp,ctxr,11185312,6ce86f3758a503758b2a518ba182e3356bcf275e
textures/flatlist/ovr_stm/_win/ros_hi_facemc_ovl_sub_alp.bmp.ctxr,textures/flatlist/ovr_stm/_win,ros_hi_facemc_ovl_sub_alp.bmp.ctxr,ros_hi_facemc_ovl_sub_alp.bmp,ctxr,8388768,fca47535ffc3f848f3b5879999e178c305b23d0f
textures/flatlist/ovr_stm/_win/ros_hi_face_rmc.bmp.ctxr,textures/flatlist/ovr_stm/_win,ros_hi_face_rmc.bmp.ctxr,ros_hi_face_rmc.bmp,ctxr,11185312,ef6a127f2252be29f028251e9351728d1c90a4b1
textures/flatlist/ovr_stm/_win/ros_hi_mtg_rmc_alp_ovl.bmp.ctxr,textures/flatlist/ovr_stm/_win,ros_hi_mtg_rmc_alp_ovl.bmp.ctxr,ros_hi_mtg_rmc_alp_ovl.bmp,ctxr,699488,35d87d4b3847796888170321be503cb3cb7e8b5f
textures/flatlist/ovr_stm/_win/ros_hi_tang01dt.bmp.ctxr,textures/flatlist/ovr_stm/_win,ros_hi_tang01dt.bmp.ctxr,ros_hi_tang01dt.bmp,ctxr,87744,880f36c1f3719c9e979438bc96973817e449543b
textures/flatlist/ovr_stm/_win/ros_hi_teeth_d.bmp.ctxr,textures/flatlist/ovr_stm/_win,ros_hi_teeth_d.bmp.ctxr,ros_hi_teeth_d.bmp,ctxr,349920,c17a81cf4ba4054e6683e0ce6e7fb3c48d489f1f
textures/flatlist/ovr_stm/_win/ros_hi_teeth_u.bmp.ctxr,textures/flatlist/ovr_stm/_win,ros_hi_teeth_u.bmp.ctxr,ros_hi_teeth_u.bmp,ctxr,349920,4154d658faba0071f2d2637bcde08fe49e235580
textures/flatlist/ovr_stm/_win/ros_hmc_ovl_mod1120_alp_emap.bmp.ctxr,textures/flatlist/ovr_stm/_win,ros_hmc_ovl_mod1120_alp_emap.bmp.ctxr,ros_hmc_ovl_mod1120_alp_emap.bmp,ctxr,1398528,4a5f9b7a538b16d14bbe5622ea0ae59345906614
textures/flatlist/ovr_stm/_win/ros_id.bmp.ctxr,textures/flatlist/ovr_stm/_win,ros_id.bmp.ctxr,ros_id.bmp,ctxr,1398528,09b7c3b9e82dbdae1b636f9a648a3369400ed3a8
textures/flatlist/ovr_stm/_win/ros_pants.bmp.ctxr,textures/flatlist/ovr_stm/_win,ros_pants.bmp.ctxr,ros_pants.bmp,ctxr,2796672,0a40e0c6dbe893a28c5bc84afca62877ba854b33
textures/flatlist/ovr_stm/_win/ros_shirts2mc.bmp.ctxr,textures/flatlist/ovr_stm/_win,ros_shirts2mc.bmp.ctxr,ros_shirts2mc.bmp,ctxr,175168,634b2f956dca527b2204f66ebe8694d46913b7ad
textures/flatlist/ovr_stm/_win/ros_shirtsmc.bmp.ctxr,textures/flatlist/ovr_stm/_win,ros_shirtsmc.bmp.ctxr,ros_shirtsmc.bmp,ctxr,699488,74eed5aea3d6852643d9df9de3be3aded42b0777
textures/flatlist/ovr_stm/_win/ros_shoes.bmp.ctxr,textures/flatlist/ovr_stm/_win,ros_shoes.bmp.ctxr,ros_shoes.bmp,ctxr,699488,8e930fabc9aaef0570a4640d9183338c34d5db22
textures/flatlist/ovr_stm/_win/saa_all_kimu.bmp.ctxr,textures/flatlist/ovr_stm/_win,saa_all_kimu.bmp.ctxr,saa_all_kimu.bmp,ctxr,699488,f6f97fc5a45a7fc3d3e9896ac4a475b3824c2a1a
textures/flatlist/ovr_stm/_win/sbm_back_01.bmp.ctxr,textures/flatlist/ovr_stm/_win,sbm_back_01.bmp.ctxr,sbm_back_01.bmp,ctxr,5592864,bbfd23157044e47aac2e16c156ae2a1e16e91347
textures/flatlist/ovr_stm/_win/sbm_body_01.bmp.ctxr,textures/flatlist/ovr_stm/_win,sbm_body_01.bmp.ctxr,sbm_body_01.bmp,ctxr,5592864,42501fe510e7aa512fb15ea5b55b3ef293447cdf
textures/flatlist/ovr_stm/_win/sbm_camera_01.bmp.ctxr,textures/flatlist/ovr_stm/_win,sbm_camera_01.bmp.ctxr,sbm_camera_01.bmp,ctxr,44064,464998cefa9a0cfabc8d9efe25dea41dd08a742f
textures/flatlist/ovr_stm/_win/sbm_head_02.bmp.ctxr,textures/flatlist/ovr_stm/_win,sbm_head_02.bmp.ctxr,sbm_head_02.bmp,ctxr,2796672,bdfce4e440672843907d6b98017252ba96ad4859
textures/flatlist/ovr_stm/_win/sbm_pera_cover_01.bmp.ctxr,textures/flatlist/ovr_stm/_win,sbm_pera_cover_01.bmp.ctxr,sbm_pera_cover_01.bmp,ctxr,175168,ed3c1d8b4804b00b8372920bf168aa3f862f8fdd
textures/flatlist/ovr_stm/_win/sbm_stick_01.bmp.ctxr,textures/flatlist/ovr_stm/_win,sbm_stick_01.bmp.ctxr,sbm_stick_01.bmp,ctxr,44096,e02f1ff559994d07ffb0ae55c89a882fae69548b
textures/flatlist/ovr_stm/_win/sbm_tank_01.bmp.ctxr,textures/flatlist/ovr_stm/_win,sbm_tank_01.bmp.ctxr,sbm_tank_01.bmp,ctxr,349952,19b656bdce5f82ffad3924dc561c694db819bb6a
textures/flatlist/ovr_stm/_win/sbm_wing_01.bmp.ctxr,textures/flatlist/ovr_stm/_win,sbm_wing_01.bmp.ctxr,sbm_wing_01.bmp,ctxr,175168,7e37bab75ef978d690d2f04bf7673a2d7ee52c4d
textures/flatlist/ovr_stm/_win/scm_sb_hammer.bmp.ctxr,textures/flatlist/ovr_stm/_win,scm_sb_hammer.bmp.ctxr,scm_sb_hammer.bmp,ctxr,22208,dde56073e369a45e653074eddd8af1f7cbadebde
textures/flatlist/ovr_stm/_win/scm_sb_s.bmp.ctxr,textures/flatlist/ovr_stm/_win,scm_sb_s.bmp.ctxr,scm_sb_s.bmp,ctxr,699488,707a19d90f9708954b772ff85503e8655c8d93d2
textures/flatlist/ovr_stm/_win/scm_sb_sp.bmp.ctxr,textures/flatlist/ovr_stm/_win,scm_sb_sp.bmp.ctxr,scm_sb_sp.bmp,ctxr,175168,1a77f4a3b11bb66a7f5329ba1e47c6b53d2850f6
textures/flatlist/ovr_stm/_win/scm_sb_temp.bmp.ctxr,textures/flatlist/ovr_stm/_win,scm_sb_temp.bmp.ctxr,scm_sb_temp.bmp,ctxr,349920,45477b0641edd0a4a32587277880da3b33ab94a8
textures/flatlist/ovr_stm/_win/sel_arm_l.bmp.ctxr,textures/flatlist/ovr_stm/_win,sel_arm_l.bmp.ctxr,sel_arm_l.bmp,ctxr,1398528,12dfcd75a5e148c27e253bf5938fd01db6232faa
textures/flatlist/ovr_stm/_win/sel_arm_lblood.bmp.ctxr,textures/flatlist/ovr_stm/_win,sel_arm_lblood.bmp.ctxr,sel_arm_lblood.bmp,ctxr,1398528,af520e236f9391d40cc03d7e52f97c86cbe7308a
textures/flatlist/ovr_stm/_win/sel_arm_r.bmp.ctxr,textures/flatlist/ovr_stm/_win,sel_arm_r.bmp.ctxr,sel_arm_r.bmp,ctxr,1398528,18d1e4214a9f35ee8356cd885245f360d76ee742
textures/flatlist/ovr_stm/_win/sel_arm_rblood.bmp.ctxr,textures/flatlist/ovr_stm/_win,sel_arm_rblood.bmp.ctxr,sel_arm_rblood.bmp,ctxr,1398528,ca338ead4c47b27dc35873c942163543e409e393
textures/flatlist/ovr_stm/_win/sel_arm_rblood2.bmp.ctxr,textures/flatlist/ovr_stm/_win,sel_arm_rblood2.bmp.ctxr,sel_arm_rblood2.bmp,ctxr,1398528,638f0a582608a7000ab7c2fb1dbdf1e2ff54935a
textures/flatlist/ovr_stm/_win/sel_bag1blood.bmp.ctxr,textures/flatlist/ovr_stm/_win,sel_bag1blood.bmp.ctxr,sel_bag1blood.bmp,ctxr,175168,b5661f2ead8f6b720d5e3b063639401af4a92a6c
textures/flatlist/ovr_stm/_win/sel_bag2.bmp.ctxr,textures/flatlist/ovr_stm/_win,sel_bag2.bmp.ctxr,sel_bag2.bmp,ctxr,349920,ee70685a12d79da3d39a009a0eae39ba4d379cbd
textures/flatlist/ovr_stm/_win/sel_bag2blood.bmp.ctxr,textures/flatlist/ovr_stm/_win,sel_bag2blood.bmp.ctxr,sel_bag2blood.bmp,ctxr,349920,6dbee79b6d2a882dbefc0b974b730f0813f44af3
textures/flatlist/ovr_stm/_win/sel_bag3.bmp.ctxr,textures/flatlist/ovr_stm/_win,sel_bag3.bmp.ctxr,sel_bag3.bmp,ctxr,349920,3a530ef65cf9ac54b76438d2d3b64cebdb75dfee
textures/flatlist/ovr_stm/_win/sel_bag3blood.bmp.ctxr,textures/flatlist/ovr_stm/_win,sel_bag3blood.bmp.ctxr,sel_bag3blood.bmp,ctxr,349920,a7338e2e355a2130b1bdb9782f5d76d46d5965d3
textures/flatlist/ovr_stm/_win/sel_bag4.bmp.ctxr,textures/flatlist/ovr_stm/_win,sel_bag4.bmp.ctxr,sel_bag4.bmp,ctxr,349920,3f1fbcf6d026d2d7c36f8c13f52ff05da9b60062
textures/flatlist/ovr_stm/_win/sel_bag4blood.bmp.ctxr,textures/flatlist/ovr_stm/_win,sel_bag4blood.bmp.ctxr,sel_bag4blood.bmp,ctxr,349920,dc44a6cc5a9eb2567b204ca6bd12d34f7b6f996b
textures/flatlist/ovr_stm/_win/sel_belt.bmp.ctxr,textures/flatlist/ovr_stm/_win,sel_belt.bmp.ctxr,sel_belt.bmp,ctxr,349952,68268051f17303a0a877ab6d0dbd72febb41dc16
textures/flatlist/ovr_stm/_win/sel_body.bmp.ctxr,textures/flatlist/ovr_stm/_win,sel_body.bmp.ctxr,sel_body.bmp,ctxr,2796672,c32658d4d10b6b583f936db4b68f093b98abc560
textures/flatlist/ovr_stm/_win/sel_bodyblood.bmp.ctxr,textures/flatlist/ovr_stm/_win,sel_bodyblood.bmp.ctxr,sel_bodyblood.bmp,ctxr,2796672,2189e1f451f1ad706e9b7afb91d41470cdb4868b
textures/flatlist/ovr_stm/_win/sel_bodyblood2.bmp.ctxr,textures/flatlist/ovr_stm/_win,sel_bodyblood2.bmp.ctxr,sel_bodyblood2.bmp,ctxr,2796672,cdf84931fe3279712db3f05e531338e2a0a457e0
textures/flatlist/ovr_stm/_win/sel_bodyblood3.bmp.ctxr,textures/flatlist/ovr_stm/_win,sel_bodyblood3.bmp.ctxr,sel_bodyblood3.bmp,ctxr,2796672,0c893eebf31ddca94200ceb309522bb1ea727376
textures/flatlist/ovr_stm/_win/sel_boots.bmp.ctxr,textures/flatlist/ovr_stm/_win,sel_boots.bmp.ctxr,sel_boots.bmp,ctxr,1398528,3f5c66a2c545466607cddf78320613836c5e79b7
textures/flatlist/ovr_stm/_win/sel_eyebig_blood.bmp.ctxr,textures/flatlist/ovr_stm/_win,sel_eyebig_blood.bmp.ctxr,sel_eyebig_blood.bmp,ctxr,175168,6774c41a3d84e09100d90488c5fe92a79fd567dd
textures/flatlist/ovr_stm/_win/sel_eyebig_surp.bmp.ctxr,textures/flatlist/ovr_stm/_win,sel_eyebig_surp.bmp.ctxr,sel_eyebig_surp.bmp,ctxr,175168,814e957f217741caf1e5a74be9b0ffb646166286
textures/flatlist/ovr_stm/_win/sel_eyelittle0.bmp.ctxr,textures/flatlist/ovr_stm/_win,sel_eyelittle0.bmp.ctxr,sel_eyelittle0.bmp,ctxr,175168,7f27eee680f6807cb8c0b99ec3c74f48ab766a9c
textures/flatlist/ovr_stm/_win/sel_eyelittle1.bmp.ctxr,textures/flatlist/ovr_stm/_win,sel_eyelittle1.bmp.ctxr,sel_eyelittle1.bmp,ctxr,175168,0f6a9c1dac02553f28bba4938489bbca238ddfc2
textures/flatlist/ovr_stm/_win/sel_eye_a0.bmp.ctxr,textures/flatlist/ovr_stm/_win,sel_eye_a0.bmp.ctxr,sel_eye_a0.bmp,ctxr,175168,58204b52b356be791639227e06614551f7ad0eed
textures/flatlist/ovr_stm/_win/sel_eye_a1.bmp.ctxr,textures/flatlist/ovr_stm/_win,sel_eye_a1.bmp.ctxr,sel_eye_a1.bmp,ctxr,175168,1d02c79e9efc0861ecb63a0204a47d422a3b9080
textures/flatlist/ovr_stm/_win/sel_eye_b0.bmp.ctxr,textures/flatlist/ovr_stm/_win,sel_eye_b0.bmp.ctxr,sel_eye_b0.bmp,ctxr,175168,dbba6dc9cee2112e5f1fb81b18076f64f3ec5e7a
textures/flatlist/ovr_stm/_win/sel_eye_b1.bmp.ctxr,textures/flatlist/ovr_stm/_win,sel_eye_b1.bmp.ctxr,sel_eye_b1.bmp,ctxr,175168,58ee508996fbdf87805ed734044f226c600f65f0
textures/flatlist/ovr_stm/_win/sel_eye_b1_blood.bmp.ctxr,textures/flatlist/ovr_stm/_win,sel_eye_b1_blood.bmp.ctxr,sel_eye_b1_blood.bmp,ctxr,175168,374f2eb98f94b7a173be90a938e1429a84d80993
textures/flatlist/ovr_stm/_win/sel_eye_c0.bmp.ctxr,textures/flatlist/ovr_stm/_win,sel_eye_c0.bmp.ctxr,sel_eye_c0.bmp,ctxr,175168,408a8f688c591b2f8cd4ac71b415c08440635cc5
textures/flatlist/ovr_stm/_win/sel_eye_c1.bmp.ctxr,textures/flatlist/ovr_stm/_win,sel_eye_c1.bmp.ctxr,sel_eye_c1.bmp,ctxr,175168,f742dc8c3a63a5416900f059dedd3482bc3c0f94
textures/flatlist/ovr_stm/_win/sel_eye_d0.bmp.ctxr,textures/flatlist/ovr_stm/_win,sel_eye_d0.bmp.ctxr,sel_eye_d0.bmp,ctxr,175168,29a2acd8c96586749883a03bbece88323803ec8f
textures/flatlist/ovr_stm/_win/sel_eye_d1.bmp.ctxr,textures/flatlist/ovr_stm/_win,sel_eye_d1.bmp.ctxr,sel_eye_d1.bmp,ctxr,175168,ae4096e3e9a36761962c9920ff947ee9e8232d3f
textures/flatlist/ovr_stm/_win/sel_eye_e0.bmp.ctxr,textures/flatlist/ovr_stm/_win,sel_eye_e0.bmp.ctxr,sel_eye_e0.bmp,ctxr,175168,0b04ec8329662ec3bc42be727ddf474437ae73f6
textures/flatlist/ovr_stm/_win/sel_eye_e1.bmp.ctxr,textures/flatlist/ovr_stm/_win,sel_eye_e1.bmp.ctxr,sel_eye_e1.bmp,ctxr,175168,1ee92f707c7b6c0ee261e76e7d15b29a9aed53e6
textures/flatlist/ovr_stm/_win/sel_folder.bmp.ctxr,textures/flatlist/ovr_stm/_win,sel_folder.bmp.ctxr,sel_folder.bmp,ctxr,1398528,48de3f54562cbd213f84996402d2d57369210ba8
textures/flatlist/ovr_stm/_win/sel_hand.bmp.ctxr,textures/flatlist/ovr_stm/_win,sel_hand.bmp.ctxr,sel_hand.bmp,ctxr,1398528,e9754b3cedc1ec7ddcd48663979bf9707d9a140f
textures/flatlist/ovr_stm/_win/sel_leg.bmp.ctxr,textures/flatlist/ovr_stm/_win,sel_leg.bmp.ctxr,sel_leg.bmp,ctxr,2796672,62f8ebf7f62a38d74ef8f5facbebd8f2f796de39
textures/flatlist/ovr_stm/_win/sel_legblood2.bmp.ctxr,textures/flatlist/ovr_stm/_win,sel_legblood2.bmp.ctxr,sel_legblood2.bmp,ctxr,2796672,8e8df0391e465f52952468326ed600c1bcd672e4
textures/flatlist/ovr_stm/_win/sel_mask.bmp.ctxr,textures/flatlist/ovr_stm/_win,sel_mask.bmp.ctxr,sel_mask.bmp,ctxr,1398528,faf39093ef1ae296a43d22fe23828a1f2fd5402c
textures/flatlist/ovr_stm/_win/sel_mask_blood2.bmp.ctxr,textures/flatlist/ovr_stm/_win,sel_mask_blood2.bmp.ctxr,sel_mask_blood2.bmp,ctxr,1398528,007ea92e10cd8145d434e2d54fb8fe3d8861e4aa
textures/flatlist/ovr_stm/_win/sel_mask_blood3.bmp.ctxr,textures/flatlist/ovr_stm/_win,sel_mask_blood3.bmp.ctxr,sel_mask_blood3.bmp,ctxr,1398528,d2aa908f9005843ec8abb8119d793ee1f0d9fc84
textures/flatlist/ovr_stm/_win/sel_sling1_alp_ovl.bmp.ctxr,textures/flatlist/ovr_stm/_win,sel_sling1_alp_ovl.bmp.ctxr,sel_sling1_alp_ovl.bmp,ctxr,11264,8d19c43c7f14a14126d185d9667c5676cc2aeb10
textures/flatlist/ovr_stm/_win/sel_sling2_alp_ovl.bmp.ctxr,textures/flatlist/ovr_stm/_win,sel_sling2_alp_ovl.bmp.ctxr,sel_sling2_alp_ovl.bmp,ctxr,11264,983166fc4ea84dca222fec326cbef682f1b97ee0
textures/flatlist/ovr_stm/_win/sel_sling3.bmp.ctxr,textures/flatlist/ovr_stm/_win,sel_sling3.bmp.ctxr,sel_sling3.bmp,ctxr,5760,6c481d9f8460978215288099b2da3686c9cc61bd
textures/flatlist/ovr_stm/_win/sen2.bmp.ctxr,textures/flatlist/ovr_stm/_win,sen2.bmp.ctxr,sen2.bmp,ctxr,1398528,5b8016dca2cededb2acb21d3abe415e83494b8f2
textures/flatlist/ovr_stm/_win/shuukanshi_01.bmp.ctxr,textures/flatlist/ovr_stm/_win,shuukanshi_01.bmp.ctxr,shuukanshi_01.bmp,ctxr,1398528,91b210b424f64ee1f630b954d65ae210f26aee68
textures/flatlist/ovr_stm/_win/sna_arm_ss.bmp.ctxr,textures/flatlist/ovr_stm/_win,sna_arm_ss.bmp.ctxr,sna_arm_ss.bmp,ctxr,1398528,414706268e241f5ca5312dc57f7949835f2bb942
textures/flatlist/ovr_stm/_win/sna_bandana_msk.bmp.ctxr,textures/flatlist/ovr_stm/_win,sna_bandana_msk.bmp.ctxr,sna_bandana_msk.bmp,ctxr,175200,be4ce44f257cfac839b6c7598bb01af1c18b6cdf
textures/flatlist/ovr_stm/_win/sna_belt_leg.bmp.ctxr,textures/flatlist/ovr_stm/_win,sna_belt_leg.bmp.ctxr,sna_belt_leg.bmp,ctxr,87808,fce2e81316e4171d77a98166b8788ce821e646b9
textures/flatlist/ovr_stm/_win/sna_body_ss01dt.bmp.ctxr,textures/flatlist/ovr_stm/_win,sna_body_ss01dt.bmp.ctxr,sna_body_ss01dt.bmp,ctxr,2796672,cd8fd25cb9313a0ed2e69b7b90e50d9cc715996b
textures/flatlist/ovr_stm/_win/sna_foot01dt.bmp.ctxr,textures/flatlist/ovr_stm/_win,sna_foot01dt.bmp.ctxr,sna_foot01dt.bmp,ctxr,349920,9563d010914e71f9d5fc5c214c3aaea9b2800a83
textures/flatlist/ovr_stm/_win/sna_hair1_alp_ovl.bmp.ctxr,textures/flatlist/ovr_stm/_win,sna_hair1_alp_ovl.bmp.ctxr,sna_hair1_alp_ovl.bmp,ctxr,175168,eeb43bed8223b7f184e41af88c76d46fdbd55921
textures/flatlist/ovr_stm/_win/sna_hair2dt_alp_ovl.bmp.ctxr,textures/flatlist/ovr_stm/_win,sna_hair2dt_alp_ovl.bmp.ctxr,sna_hair2dt_alp_ovl.bmp,ctxr,1398528,5191e129aa6d374cf2bec748cd4d8d573fab1460
textures/flatlist/ovr_stm/_win/sna_hair3.bmp.ctxr,textures/flatlist/ovr_stm/_win,sna_hair3.bmp.ctxr,sna_hair3.bmp,ctxr,175168,8aa8fd77401352367145b7938d362b34df245f40
textures/flatlist/ovr_stm/_win/sna_hand1dt.bmp.ctxr,textures/flatlist/ovr_stm/_win,sna_hand1dt.bmp.ctxr,sna_hand1dt.bmp,ctxr,175168,54b2770d02642f23c53c75b62614a9b3f0161aa9
textures/flatlist/ovr_stm/_win/sna_hand2.bmp.ctxr,textures/flatlist/ovr_stm/_win,sna_hand2.bmp.ctxr,sna_hand2.bmp,ctxr,5760,d5b04b0291e9fc1a05af67237ab64dc67f788282
textures/flatlist/ovr_stm/_win/sna_hi_bdn01dt.bmp.ctxr,textures/flatlist/ovr_stm/_win,sna_hi_bdn01dt.bmp.ctxr,sna_hi_bdn01dt.bmp,ctxr,349984,3678cb7c0ee1eecd8443132f6b6e6166fe310065
textures/flatlist/ovr_stm/_win/sna_hi_ela01_alp_ovl.bmp.ctxr,textures/flatlist/ovr_stm/_win,sna_hi_ela01_alp_ovl.bmp.ctxr,sna_hi_ela01_alp_ovl.bmp,ctxr,349952,11601083febb5c6488e6f1ac9e80988bca84879c
textures/flatlist/ovr_stm/_win/sna_hi_eye01dt.bmp.ctxr,textures/flatlist/ovr_stm/_win,sna_hi_eye01dt.bmp.ctxr,sna_hi_eye01dt.bmp,ctxr,44064,ef5883725a05235543d6b8b8f1e0f7c4145940d3
textures/flatlist/ovr_stm/_win/sna_hi_face01dt.bmp.ctxr,textures/flatlist/ovr_stm/_win,sna_hi_face01dt.bmp.ctxr,sna_hi_face01dt.bmp,ctxr,5592896,98b3b13514d4a75f3853828b45e298bb2130d543
textures/flatlist/ovr_stm/_win/sna_leg_r01dt.bmp.ctxr,textures/flatlist/ovr_stm/_win,sna_leg_r01dt.bmp.ctxr,sna_leg_r01dt.bmp,ctxr,699488,26f1d0985c5c8c7b7398ed57c76068c32df9ceb4
textures/flatlist/ovr_stm/_win/sna_leg_ss.bmp.ctxr,textures/flatlist/ovr_stm/_win,sna_leg_ss.bmp.ctxr,sna_leg_ss.bmp,ctxr,1398528,136ed92908bd5a486abd0b2d9d2081d2660f5910
textures/flatlist/ovr_stm/_win/sna_m9_glip.bmp.ctxr,textures/flatlist/ovr_stm/_win,sna_m9_glip.bmp.ctxr,sna_m9_glip.bmp,ctxr,175168,8b49c4f85adc4d9c9fd9c6eaaea878fd343f7858
textures/flatlist/ovr_stm/_win/sna_p1dt.bmp.ctxr,textures/flatlist/ovr_stm/_win,sna_p1dt.bmp.ctxr,sna_p1dt.bmp,ctxr,349920,564f282301f64cb0adaf0d4dc5d17752dd91b6a5
textures/flatlist/ovr_stm/_win/sna_shoul01dt.bmp.ctxr,textures/flatlist/ovr_stm/_win,sna_shoul01dt.bmp.ctxr,sna_shoul01dt.bmp,ctxr,699520,328a1e05e14a21e12baecb563f1b1aba3a9a29b1
textures/flatlist/ovr_stm/_win/sna_toe01dt.bmp.ctxr,textures/flatlist/ovr_stm/_win,sna_toe01dt.bmp.ctxr,sna_toe01dt.bmp,ctxr,349920,8716da2bef0f7f3a40af21eaf9acfcf886c2a69d
textures/flatlist/ovr_stm/_win/sofa00.bmp.ctxr,textures/flatlist/ovr_stm/_win,sofa00.bmp.ctxr,sofa00.bmp,ctxr,699488,1c4abbc227c307ee04d7f743170a59b0d3477e0a
textures/flatlist/ovr_stm/_win/sofa01.bmp.ctxr,textures/flatlist/ovr_stm/_win,sofa01.bmp.ctxr,sofa01.bmp,ctxr,349920,9c88c77fc6baf0f3f9474ccc5841a52d9d45047a
textures/flatlist/ovr_stm/_win/sohakopfr.bmp.ctxr,textures/flatlist/ovr_stm/_win,sohakopfr.bmp.ctxr,sohakopfr.bmp,ctxr,699488,f056a93877fd3dda70c338c59998dd1591ab6581
textures/flatlist/ovr_stm/_win/sohakopsideup.bmp.ctxr,textures/flatlist/ovr_stm/_win,sohakopsideup.bmp.ctxr,sohakopsideup.bmp,ctxr,349952,13632e5cd32a65e8341df177cc0f74822678e235
textures/flatlist/ovr_stm/_win/sol_hige_alp_ovl.bmp.ctxr,textures/flatlist/ovr_stm/_win,sol_hige_alp_ovl.bmp.ctxr,sol_hige_alp_ovl.bmp,ctxr,349952,6e463bc191fd712daa49c38d42e033cc602004a9
textures/flatlist/ovr_stm/_win/sol_hi_face02_ovl_sub_alp.bmp.ctxr,textures/flatlist/ovr_stm/_win,sol_hi_face02_ovl_sub_alp.bmp.ctxr,sol_hi_face02_ovl_sub_alp.bmp,ctxr,8388768,81c0be9279556f60e8c8ab7a965f466e004835e9
textures/flatlist/ovr_stm/_win/sol_hi_face02_tmp.bmp.ctxr,textures/flatlist/ovr_stm/_win,sol_hi_face02_tmp.bmp.ctxr,sol_hi_face02_tmp.bmp,ctxr,11185312,adac5fbb7246251a44b92685b75f7ab7bd5be7a4
textures/flatlist/ovr_stm/_win/sol_hi_face_d1_ovl_sub_alp.bmp.ctxr,textures/flatlist/ovr_stm/_win,sol_hi_face_d1_ovl_sub_alp.bmp.ctxr,sol_hi_face_d1_ovl_sub_alp.bmp,ctxr,8388768,6183f2962148466ceb110f5a486dea24d3b82f36
textures/flatlist/ovr_stm/_win/sol_hi_face_d2_ovl_sub_alp.bmp.ctxr,textures/flatlist/ovr_stm/_win,sol_hi_face_d2_ovl_sub_alp.bmp.ctxr,sol_hi_face_d2_ovl_sub_alp.bmp,ctxr,2097312,e9212753f0a14b8ddab6afbc1cfc5425537c1b1b
textures/flatlist/ovr_stm/_win/sol_hi_face_dt01.bmp.ctxr,textures/flatlist/ovr_stm/_win,sol_hi_face_dt01.bmp.ctxr,sol_hi_face_dt01.bmp,ctxr,11185312,1da61616681ed038c8478418c91b0bb8f26040b2
textures/flatlist/ovr_stm/_win/sol_hi_face_dt02.bmp.ctxr,textures/flatlist/ovr_stm/_win,sol_hi_face_dt02.bmp.ctxr,sol_hi_face_dt02.bmp,ctxr,2796672,5a283bf01cfde6304975778b6b072ddff0849763
textures/flatlist/ovr_stm/_win/sol_hri_arm01.bmp.ctxr,textures/flatlist/ovr_stm/_win,sol_hri_arm01.bmp.ctxr,sol_hri_arm01.bmp,ctxr,1398528,c7de4fc85b6b1899f73f3e3bac2d8f4b7b7ee0b5
textures/flatlist/ovr_stm/_win/sol_hri_belt01.bmp.ctxr,textures/flatlist/ovr_stm/_win,sol_hri_belt01.bmp.ctxr,sol_hri_belt01.bmp,ctxr,44096,cc1c3e016b2435e707605fc93bed58a232043441
textures/flatlist/ovr_stm/_win/sol_hri_body01.bmp.ctxr,textures/flatlist/ovr_stm/_win,sol_hri_body01.bmp.ctxr,sol_hri_body01.bmp,ctxr,1398528,b0cad859a26aa2a9299366e43bfebf1494fb369d
textures/flatlist/ovr_stm/_win/sol_hri_body02.bmp.ctxr,textures/flatlist/ovr_stm/_win,sol_hri_body02.bmp.ctxr,sol_hri_body02.bmp,ctxr,699488,7e1eaf8cdcd550696250f8f9f79e2bb57e0cea17
textures/flatlist/ovr_stm/_win/sol_hri_face01.bmp.ctxr,textures/flatlist/ovr_stm/_win,sol_hri_face01.bmp.ctxr,sol_hri_face01.bmp,ctxr,2796672,dcf0ddf7e047b428f2403d22451fd8e1b0f48a18
textures/flatlist/ovr_stm/_win/sol_hri_hair01.bmp.ctxr,textures/flatlist/ovr_stm/_win,sol_hri_hair01.bmp.ctxr,sol_hri_hair01.bmp,ctxr,1398528,e580566b29f81894c6b15dcfee2dfb7c5793933b
textures/flatlist/ovr_stm/_win/sol_hri_leg01.bmp.ctxr,textures/flatlist/ovr_stm/_win,sol_hri_leg01.bmp.ctxr,sol_hri_leg01.bmp,ctxr,1398528,7357d7b335de4caedad9ab42fcb6e6e833c52c05
textures/flatlist/ovr_stm/_win/sol_hri_muscle01.bmp.ctxr,textures/flatlist/ovr_stm/_win,sol_hri_muscle01.bmp.ctxr,sol_hri_muscle01.bmp,ctxr,349920,c6b43ec014527d2030dee6337d3fa017c948d54f
textures/flatlist/ovr_stm/_win/sol_hri_neck01.bmp.ctxr,textures/flatlist/ovr_stm/_win,sol_hri_neck01.bmp.ctxr,sol_hri_neck01.bmp,ctxr,87776,f08b45530ac26c801d3613b198ce9adfb67f18d2
textures/flatlist/ovr_stm/_win/sol_hri_shoulder01.bmp.ctxr,textures/flatlist/ovr_stm/_win,sol_hri_shoulder01.bmp.ctxr,sol_hri_shoulder01.bmp,ctxr,349920,da1f921c0e7607e5fe2469bd2399e58aaf417275
textures/flatlist/ovr_stm/_win/sol_leg_2_n.bmp.ctxr,textures/flatlist/ovr_stm/_win,sol_leg_2_n.bmp.ctxr,sol_leg_2_n.bmp,ctxr,1398528,0c2ad034502061cab1c9286f953746c39597b51b
textures/flatlist/ovr_stm/_win/sol_leg_dt01.bmp.ctxr,textures/flatlist/ovr_stm/_win,sol_leg_dt01.bmp.ctxr,sol_leg_dt01.bmp,ctxr,1398528,99098b3082d38235b4ca588d62b90e25cabe25fa
textures/flatlist/ovr_stm/_win/sol_leg_dt02.bmp.ctxr,textures/flatlist/ovr_stm/_win,sol_leg_dt02.bmp.ctxr,sol_leg_dt02.bmp,ctxr,349920,0028694f66ec2859dcab533e0547b6eec13597fe
textures/flatlist/ovr_stm/_win/sol_leg_dt03.bmp.ctxr,textures/flatlist/ovr_stm/_win,sol_leg_dt03.bmp.ctxr,sol_leg_dt03.bmp,ctxr,1398528,6497f28c036c7976bc190b392b07cf3d4fe0b87e
textures/flatlist/ovr_stm/_win/sol_leg_dt04.bmp.ctxr,textures/flatlist/ovr_stm/_win,sol_leg_dt04.bmp.ctxr,sol_leg_dt04.bmp,ctxr,699488,d3a65ba890f72163c25be98b57dab51a886424e5
textures/flatlist/ovr_stm/_win/sol_leg_dt05.bmp.ctxr,textures/flatlist/ovr_stm/_win,sol_leg_dt05.bmp.ctxr,sol_leg_dt05.bmp,ctxr,175168,e898a1f2a47232ab84a2402ec5ab2ef1e326e01e
textures/flatlist/ovr_stm/_win/sol_leg_n_1.bmp.ctxr,textures/flatlist/ovr_stm/_win,sol_leg_n_1.bmp.ctxr,sol_leg_n_1.bmp,ctxr,1398528,81f17ad3fca2f51e2da12be4282e338019c9f3ed
textures/flatlist/ovr_stm/_win/sol_leg_pad_n.bmp.ctxr,textures/flatlist/ovr_stm/_win,sol_leg_pad_n.bmp.ctxr,sol_leg_pad_n.bmp,ctxr,349920,e36c8957d9802f8199e39924dac79b5a868e4a19
textures/flatlist/ovr_stm/_win/sol_leg_sune_n.bmp.ctxr,textures/flatlist/ovr_stm/_win,sol_leg_sune_n.bmp.ctxr,sol_leg_sune_n.bmp,ctxr,699488,cd1f147cd58e3b6cde9708023d4588010c12fd04
textures/flatlist/ovr_stm/_win/sol_mant_n_alp_ovl.bmp.ctxr,textures/flatlist/ovr_stm/_win,sol_mant_n_alp_ovl.bmp.ctxr,sol_mant_n_alp_ovl.bmp,ctxr,2796672,2324dd6b05fc1beadc144f0fe4b081721e66a751
textures/flatlist/ovr_stm/_win/sol_mant_n_ovl_sub_alp.bmp.ctxr,textures/flatlist/ovr_stm/_win,sol_mant_n_ovl_sub_alp.bmp.ctxr,sol_mant_n_ovl_sub_alp.bmp,ctxr,2097312,dcf19df62e3377196c541a212bf8478a3c0474a8
textures/flatlist/ovr_stm/_win/sol_mayu_alp_ovl.bmp.ctxr,textures/flatlist/ovr_stm/_win,sol_mayu_alp_ovl.bmp.ctxr,sol_mayu_alp_ovl.bmp,ctxr,175168,d8423f003867eae9c5cad7f36b0a99777a12b9bf
textures/flatlist/ovr_stm/_win/sol_neck_i_dt.bmp.ctxr,textures/flatlist/ovr_stm/_win,sol_neck_i_dt.bmp.ctxr,sol_neck_i_dt.bmp,ctxr,349920,502fd9a887890b0028d1ee36f124a7115b1537a4
textures/flatlist/ovr_stm/_win/sol_ovl_mod1120_alp_emap.bmp.ctxr,textures/flatlist/ovr_stm/_win,sol_ovl_mod1120_alp_emap.bmp.ctxr,sol_ovl_mod1120_alp_emap.bmp,ctxr,1398528,4ca00c548c6314622407891a5f77a1e112d4b8aa
textures/flatlist/ovr_stm/_win/sol_sarm_chest.bmp.ctxr,textures/flatlist/ovr_stm/_win,sol_sarm_chest.bmp.ctxr,sol_sarm_chest.bmp,ctxr,699488,52f514ef0a9b9dc55d2701ac08ad3f4b086446c2
textures/flatlist/ovr_stm/_win/sol_sarm_chest_moji_ovl_alp.bmp.ctxr,textures/flatlist/ovr_stm/_win,sol_sarm_chest_moji_ovl_alp.bmp.ctxr,sol_sarm_chest_moji_ovl_alp.bmp,ctxr,11264,edcbd24abadbb95fe45f77bbf97d9fe622aae7d3
textures/flatlist/ovr_stm/_win/sol_sarm_chest_ovl_sub_alp.bmp.ctxr,textures/flatlist/ovr_stm/_win,sol_sarm_chest_ovl_sub_alp.bmp.ctxr,sol_sarm_chest_ovl_sub_alp.bmp,ctxr,524448,061f029f5019d801536f7655244fe9a24e4f6f5f
textures/flatlist/ovr_stm/_win/sol_sarm_top.bmp.ctxr,textures/flatlist/ovr_stm/_win,sol_sarm_top.bmp.ctxr,sol_sarm_top.bmp,ctxr,349920,c5dbaf33eb730b52f1c9d7002d501fd880a1dc8b
textures/flatlist/ovr_stm/_win/sol_sarm_tube1.bmp.ctxr,textures/flatlist/ovr_stm/_win,sol_sarm_tube1.bmp.ctxr,sol_sarm_tube1.bmp,ctxr,699488,72cec0fa470e17a0cacf6e5294afc7b2c8740e61
textures/flatlist/ovr_stm/_win/sol_sarm_tube1_ovl_sub_alp.bmp.ctxr,textures/flatlist/ovr_stm/_win,sol_sarm_tube1_ovl_sub_alp.bmp.ctxr,sol_sarm_tube1_ovl_sub_alp.bmp,ctxr,524448,fdfd0a923b1a16940a701c5fd017ea74f222db6e
textures/flatlist/ovr_stm/_win/sol_sarm_tube2.bmp.ctxr,textures/flatlist/ovr_stm/_win,sol_sarm_tube2.bmp.ctxr,sol_sarm_tube2.bmp,ctxr,1398528,4c049f6ff37cbb42c267ec67f2963039687e7acf
textures/flatlist/ovr_stm/_win/sol_sarm_tube2_ovl_sub_alp.bmp.ctxr,textures/flatlist/ovr_stm/_win,sol_sarm_tube2_ovl_sub_alp.bmp.ctxr,sol_sarm_tube2_ovl_sub_alp.bmp,ctxr,1048736,b58ac85f4f5ac232da30a8b8120ec73165ad3ffc
textures/flatlist/ovr_stm/_win/sol_sarm_tube3.bmp.ctxr,textures/flatlist/ovr_stm/_win,sol_sarm_tube3.bmp.ctxr,sol_sarm_tube3.bmp,ctxr,349952,e3ce71e4c08444c9298eb9a4dd4be69cd6f4b113
textures/flatlist/ovr_stm/_win/sol_sarm_tube4.bmp.ctxr,textures/flatlist/ovr_stm/_win,sol_sarm_tube4.bmp.ctxr,sol_sarm_tube4.bmp,ctxr,699488,e01259812289876eabc566111619b8d84cf6a518
textures/flatlist/ovr_stm/_win/sol_sarm_tube4_ovl_sub_alp.bmp.ctxr,textures/flatlist/ovr_stm/_win,sol_sarm_tube4_ovl_sub_alp.bmp.ctxr,sol_sarm_tube4_ovl_sub_alp.bmp,ctxr,524448,026641d43f603e6b861af43541decb9bf81297e7
textures/flatlist/ovr_stm/_win/sol_sarm_tume.bmp.ctxr,textures/flatlist/ovr_stm/_win,sol_sarm_tume.bmp.ctxr,sol_sarm_tume.bmp,ctxr,44064,033ed5eebdbca99763d393dd8861039860eeed56
textures/flatlist/ovr_stm/_win/sol_sa_bone_dt.bmp.ctxr,textures/flatlist/ovr_stm/_win,sol_sa_bone_dt.bmp.ctxr,sol_sa_bone_dt.bmp,ctxr,349952,0e50ff1d9e53d09171d350a2b0f1f51d0fe22803
textures/flatlist/ovr_stm/_win/sol_sa_chest_dt.bmp.ctxr,textures/flatlist/ovr_stm/_win,sol_sa_chest_dt.bmp.ctxr,sol_sa_chest_dt.bmp,ctxr,699488,38dd46e69e365b477633537634de3d8de5b6b22f
textures/flatlist/ovr_stm/_win/sol_sa_chest_dt_ovl_sub_alp.bmp.ctxr,textures/flatlist/ovr_stm/_win,sol_sa_chest_dt_ovl_sub_alp.bmp.ctxr,sol_sa_chest_dt_ovl_sub_alp.bmp,ctxr,524448,9fdbf546e7dbcc55a29460e124c2874d017b0d34
textures/flatlist/ovr_stm/_win/sol_sa_claw_dt.bmp.ctxr,textures/flatlist/ovr_stm/_win,sol_sa_claw_dt.bmp.ctxr,sol_sa_claw_dt.bmp,ctxr,44064,fa5b5f61ce44fc618459d5d874bfcad848e10832
textures/flatlist/ovr_stm/_win/sol_sa_ovl_mod1120_alp_emap.bmp.ctxr,textures/flatlist/ovr_stm/_win,sol_sa_ovl_mod1120_alp_emap.bmp.ctxr,sol_sa_ovl_mod1120_alp_emap.bmp,ctxr,87744,73e2d587e66aa577d2a2ab683280053cf5bffbb3
textures/flatlist/ovr_stm/_win/sol_sa_top_dt01.bmp.ctxr,textures/flatlist/ovr_stm/_win,sol_sa_top_dt01.bmp.ctxr,sol_sa_top_dt01.bmp,ctxr,349920,2baff39328e1785212e94c942ab206f2c7b5ed7d
textures/flatlist/ovr_stm/_win/sol_sa_tube_dt01.bmp.ctxr,textures/flatlist/ovr_stm/_win,sol_sa_tube_dt01.bmp.ctxr,sol_sa_tube_dt01.bmp,ctxr,699488,371881df1121c8072af456cdac06d3563c2f7bb7
textures/flatlist/ovr_stm/_win/sol_sa_tube_dt02.bmp.ctxr,textures/flatlist/ovr_stm/_win,sol_sa_tube_dt02.bmp.ctxr,sol_sa_tube_dt02.bmp,ctxr,1398528,aafa853e572cd1629db88cec5f4c76473ec418e2
textures/flatlist/ovr_stm/_win/sol_sa_tu_dt01_ovl_sub_alp.bmp.ctxr,textures/flatlist/ovr_stm/_win,sol_sa_tu_dt01_ovl_sub_alp.bmp.ctxr,sol_sa_tu_dt01_ovl_sub_alp.bmp,ctxr,524448,a21c72c3a3b9df2baf4f8223160b1761ec37a955
textures/flatlist/ovr_stm/_win/sol_sa_tu_dt03_ovl_sub_alp.bmp.ctxr,textures/flatlist/ovr_stm/_win,sol_sa_tu_dt03_ovl_sub_alp.bmp.ctxr,sol_sa_tu_dt03_ovl_sub_alp.bmp,ctxr,262304,c1f0a5abce36e064fd005c23a69cbd50b6e18336
textures/flatlist/ovr_stm/_win/sol_sa_tu_dt04_ovl_sub_alp.bmp.ctxr,textures/flatlist/ovr_stm/_win,sol_sa_tu_dt04_ovl_sub_alp.bmp.ctxr,sol_sa_tu_dt04_ovl_sub_alp.bmp,ctxr,1048736,f0921f05d601f061023f86f5fdd5611ce76613b5
textures/flatlist/ovr_stm/_win/sol_shoes1_n.bmp.ctxr,textures/flatlist/ovr_stm/_win,sol_shoes1_n.bmp.ctxr,sol_shoes1_n.bmp,ctxr,87776,b401486f96bdabf515fec9ca70fb7f6cdb803d26
textures/flatlist/ovr_stm/_win/sol_shoes1_n_ovl_sub_alp.bmp.ctxr,textures/flatlist/ovr_stm/_win,sol_shoes1_n_ovl_sub_alp.bmp.ctxr,sol_shoes1_n_ovl_sub_alp.bmp,ctxr,65696,9c07caf589b999fcfc57bda00de2c1ec72e26897
textures/flatlist/ovr_stm/_win/sol_shoes2_n.bmp.ctxr,textures/flatlist/ovr_stm/_win,sol_shoes2_n.bmp.ctxr,sol_shoes2_n.bmp,ctxr,175168,4c092270b108daac3dbe6a5f8a9f6bfef4778994
textures/flatlist/ovr_stm/_win/sol_shoes2_n_ovl_sub_alp.bmp.ctxr,textures/flatlist/ovr_stm/_win,sol_shoes2_n_ovl_sub_alp.bmp.ctxr,sol_shoes2_n_ovl_sub_alp.bmp,ctxr,131232,2181440ef2af9c7bff803f28e5e785efed978962
textures/flatlist/ovr_stm/_win/sol_shoulder_dt.bmp.ctxr,textures/flatlist/ovr_stm/_win,sol_shoulder_dt.bmp.ctxr,sol_shoulder_dt.bmp,ctxr,1398528,d0e1b326a7050ef42c46ed96bc80566b851a87b7
textures/flatlist/ovr_stm/_win/sol_shoulder_dt_ovl_sub_alp.bmp.ctxr,textures/flatlist/ovr_stm/_win,sol_shoulder_dt_ovl_sub_alp.bmp.ctxr,sol_shoulder_dt_ovl_sub_alp.bmp,ctxr,1048736,1b3a1339457ba5ee6f4ecb0a966a0a77be90b291
textures/flatlist/ovr_stm/_win/sol_shoulder_n_1.bmp.ctxr,textures/flatlist/ovr_stm/_win,sol_shoulder_n_1.bmp.ctxr,sol_shoulder_n_1.bmp,ctxr,1398528,0539b592cab4ba35e26d7f9c01094e346473cac1
textures/flatlist/ovr_stm/_win/sol_shoulder_n_ovl_sub_alp.bmp.ctxr,textures/flatlist/ovr_stm/_win,sol_shoulder_n_ovl_sub_alp.bmp.ctxr,sol_shoulder_n_ovl_sub_alp.bmp,ctxr,1048736,89394a1988738b8d7bc578d0047015b2be5163d5
textures/flatlist/ovr_stm/_win/sol_usa.bmp.ctxr,textures/flatlist/ovr_stm/_win,sol_usa.bmp.ctxr,sol_usa.bmp,ctxr,44064,7db3ee72f885ed27d7c557304e92263423f26c72
textures/flatlist/ovr_stm/_win/sopelem_body_01.bmp.ctxr,textures/flatlist/ovr_stm/_win,sopelem_body_01.bmp.ctxr,sopelem_body_01.bmp,ctxr,44064,09c44187559442322d2402f8fea764cd847f14fb
textures/flatlist/ovr_stm/_win/sopelem_renz_01.bmp.ctxr,textures/flatlist/ovr_stm/_win,sopelem_renz_01.bmp.ctxr,sopelem_renz_01.bmp,ctxr,87744,1d3fa206034f0e4787559d82ed02e5088222a7fd
textures/flatlist/ovr_stm/_win/soyunaka.bmp.ctxr,textures/flatlist/ovr_stm/_win,soyunaka.bmp.ctxr,soyunaka.bmp,ctxr,699520,e69e144ee4da574a9a8d81d3aedcfb99728bd759
textures/flatlist/ovr_stm/_win/soyunatate.bmp.ctxr,textures/flatlist/ovr_stm/_win,soyunatate.bmp.ctxr,soyunatate.bmp,ctxr,1398592,83d6e7c723ff4ef8aed49c72e38e0a1bd5368a26
textures/flatlist/ovr_stm/_win/soyunatateh.bmp.ctxr,textures/flatlist/ovr_stm/_win,soyunatateh.bmp.ctxr,soyunatateh.bmp,ctxr,699520,a3b60ed8c021b7bc649b8355dc8ee37ab4805451
textures/flatlist/ovr_stm/_win/soyutop2.bmp.ctxr,textures/flatlist/ovr_stm/_win,soyutop2.bmp.ctxr,soyutop2.bmp,ctxr,5592864,6c0b55df9e29499e45e46dbc2a29111a103b7938
textures/flatlist/ovr_stm/_win/soyutop2h.bmp.ctxr,textures/flatlist/ovr_stm/_win,soyutop2h.bmp.ctxr,soyutop2h.bmp,ctxr,5592864,e180c0ae8295e911d52f63d9704b623ebcd90083
textures/flatlist/ovr_stm/_win/soyutop2hw.bmp.ctxr,textures/flatlist/ovr_stm/_win,soyutop2hw.bmp.ctxr,soyutop2hw.bmp,ctxr,5592864,09908b28f17ce83994c72d9ea4a2bf9ae1cccf96
textures/flatlist/ovr_stm/_win/soyutoph.bmp.ctxr,textures/flatlist/ovr_stm/_win,soyutoph.bmp.ctxr,soyutoph.bmp,ctxr,5592864,76f8c59239f2a819a0637d5aba4d3b2f67113d9b
textures/flatlist/ovr_stm/_win/so_bean_lig.bmp.ctxr,textures/flatlist/ovr_stm/_win,so_bean_lig.bmp.ctxr,so_bean_lig.bmp,ctxr,1398528,df054a4a43afe1253789d184f85c6f51fd9d2cfe
textures/flatlist/ovr_stm/_win/so_bean_sh.bmp.ctxr,textures/flatlist/ovr_stm/_win,so_bean_sh.bmp.ctxr,so_bean_sh.bmp,ctxr,1398528,fbc119851dae98d1ca0542f7e59e6e9511ec78be
textures/flatlist/ovr_stm/_win/so_hakokt.bmp.ctxr,textures/flatlist/ovr_stm/_win,so_hakokt.bmp.ctxr,so_hakokt.bmp,ctxr,1398528,ad0483e0f05e877d2f32b14a2b95978e938a9a16
textures/flatlist/ovr_stm/_win/so_hako_f.bmp.ctxr,textures/flatlist/ovr_stm/_win,so_hako_f.bmp.ctxr,so_hako_f.bmp,ctxr,1398528,c03396c4b0448465b37ea8135ebed6eb5eb44529
textures/flatlist/ovr_stm/_win/so_hako_ki_f_u.bmp.ctxr,textures/flatlist/ovr_stm/_win,so_hako_ki_f_u.bmp.ctxr,so_hako_ki_f_u.bmp,ctxr,1398528,e9d4fdea1f7bd08c2c5e56ab569888db149bb03c
textures/flatlist/ovr_stm/_win/so_hako_s.bmp.ctxr,textures/flatlist/ovr_stm/_win,so_hako_s.bmp.ctxr,so_hako_s.bmp,ctxr,1398528,695ff8019dfb9d33c56f2d84d6e046909e912f8d
textures/flatlist/ovr_stm/_win/so_hako_t.bmp.ctxr,textures/flatlist/ovr_stm/_win,so_hako_t.bmp.ctxr,so_hako_t.bmp,ctxr,1398528,60ae9384ea2c1eb60712b9622c7b2f1928ae9f1f
textures/flatlist/ovr_stm/_win/so_ta_t2.bmp.ctxr,textures/flatlist/ovr_stm/_win,so_ta_t2.bmp.ctxr,so_ta_t2.bmp,ctxr,699520,1a9ce8b326b4d8d2f4fd81f6a154cf451cc2218e
textures/flatlist/ovr_stm/_win/so_wa1.bmp.ctxr,textures/flatlist/ovr_stm/_win,so_wa1.bmp.ctxr,so_wa1.bmp,ctxr,2796672,11457bc7b0b7cd74cf190a616d7d174c0e3cdd1d
textures/flatlist/ovr_stm/_win/so_wa2.bmp.ctxr,textures/flatlist/ovr_stm/_win,so_wa2.bmp.ctxr,so_wa2.bmp,ctxr,2796672,b5e63fd08d99c7149dea338c55fc220cdd7e12dd
textures/flatlist/ovr_stm/_win/so_wa2ne2.bmp.ctxr,textures/flatlist/ovr_stm/_win,so_wa2ne2.bmp.ctxr,so_wa2ne2.bmp,ctxr,699520,020909d400ae386e39849e7843d8420bebb26577
textures/flatlist/ovr_stm/_win/so_wi_waku_f.bmp_2a4da7ecf84ff2feb3de4ff20c66c0c4.ctxr,textures/flatlist/ovr_stm/_win,so_wi_waku_f.bmp_2a4da7ecf84ff2feb3de4ff20c66c0c4.ctxr,so_wi_waku_f.bmp_2a4da7ecf84ff2feb3de4ff20c66c0c4,ctxr,349984,8cfda97f674a17b164cd80b8fc82b89cc1d1c73b
textures/flatlist/ovr_stm/_win/stg_grip.bmp.ctxr,textures/flatlist/ovr_stm/_win,stg_grip.bmp.ctxr,stg_grip.bmp,ctxr,349952,23f900f09e0abfcc3c3a52e60ac87976119adef3
textures/flatlist/ovr_stm/_win/stg_msl_s.bmp.ctxr,textures/flatlist/ovr_stm/_win,stg_msl_s.bmp.ctxr,stg_msl_s.bmp,ctxr,175200,90988f127fdc73738c14d7d42026e49da1299ed7
textures/flatlist/ovr_stm/_win/stg_sight.bmp.ctxr,textures/flatlist/ovr_stm/_win,stg_sight.bmp.ctxr,stg_sight.bmp,ctxr,349920,bea3a5d7aba3776295f98270c2d7c9a31e2e32b8
textures/flatlist/ovr_stm/_win/stg_s_sb.bmp.ctxr,textures/flatlist/ovr_stm/_win,stg_s_sb.bmp.ctxr,stg_s_sb.bmp,ctxr,699520,047e81db138609a86c29d28ba8887f06c3ba4f49
textures/flatlist/ovr_stm/_win/stg_temp.bmp.ctxr,textures/flatlist/ovr_stm/_win,stg_temp.bmp.ctxr,stg_temp.bmp,ctxr,175168,eac3b740b1e92403ccd89dbe08645625d1899200
textures/flatlist/ovr_stm/_win/svc_body01.bmp.ctxr,textures/flatlist/ovr_stm/_win,svc_body01.bmp.ctxr,svc_body01.bmp,ctxr,349920,8b322450826b53fa5cb0ab21a797d1da9283e7a6
textures/flatlist/ovr_stm/_win/tnc_fl.bmp.ctxr,textures/flatlist/ovr_stm/_win,tnc_fl.bmp.ctxr,tnc_fl.bmp,ctxr,699488,8ce185d58df4d7cbdc5058f223576e0b7a941de6
textures/flatlist/ovr_stm/_win/tnc_fl_r.bmp.ctxr,textures/flatlist/ovr_stm/_win,tnc_fl_r.bmp.ctxr,tnc_fl_r.bmp,ctxr,699488,aede6b5cd13bc61ce0fe38d236b3e31400b28364
textures/flatlist/ovr_stm/_win/tnc_obj_faceneck00.bmp.ctxr,textures/flatlist/ovr_stm/_win,tnc_obj_faceneck00.bmp.ctxr,tnc_obj_faceneck00.bmp,ctxr,2796672,8ec31e8522d3b2700c3fa658c275ea82b007c808
textures/flatlist/ovr_stm/_win/tnc_re_faceneck.bmp.ctxr,textures/flatlist/ovr_stm/_win,tnc_re_faceneck.bmp.ctxr,tnc_re_faceneck.bmp,ctxr,2796672,4ed5ee1d1144d0a57e86a4308726b568d661371a
textures/flatlist/ovr_stm/_win/tnc_re_faceneck_dead.bmp.ctxr,textures/flatlist/ovr_stm/_win,tnc_re_faceneck_dead.bmp.ctxr,tnc_re_faceneck_dead.bmp,ctxr,2796672,3a08900bb7cd552e8056bad8ecc74f547d20d772
textures/flatlist/ovr_stm/_win/tnc_re_faceneck_dead.bmp_0e551a799467218ab1818640b8ee2d96.ctxr,textures/flatlist/ovr_stm/_win,tnc_re_faceneck_dead.bmp_0e551a799467218ab1818640b8ee2d96.ctxr,tnc_re_faceneck_dead.bmp_0e551a799467218ab1818640b8ee2d96,ctxr,2796672,85bed2231ec6edbd9248e4b2b78cc3a67b75e911
textures/flatlist/ovr_stm/_win/tnc_r_faceneck02dt.bmp.ctxr,textures/flatlist/ovr_stm/_win,tnc_r_faceneck02dt.bmp.ctxr,tnc_r_faceneck02dt.bmp,ctxr,2796672,279b5066fd0b3b9c9050f704ed3bd342919b443f
textures/flatlist/ovr_stm/_win/usa_arm01dt.bmp.ctxr,textures/flatlist/ovr_stm/_win,usa_arm01dt.bmp.ctxr,usa_arm01dt.bmp,ctxr,1398528,e5590eba4b65f8aa18c9539cbf91ee97456e5472
textures/flatlist/ovr_stm/_win/usa_arm02dt.bmp.ctxr,textures/flatlist/ovr_stm/_win,usa_arm02dt.bmp.ctxr,usa_arm02dt.bmp,ctxr,175200,a14fb8a71576fe537a532fe0b028d83ebd988956
textures/flatlist/ovr_stm/_win/usa_arm03dt.bmp.ctxr,textures/flatlist/ovr_stm/_win,usa_arm03dt.bmp.ctxr,usa_arm03dt.bmp,ctxr,175168,b92fcd6eff40fa1c87f13ebacc1605a1e66e4802
textures/flatlist/ovr_stm/_win/usa_armor01dt.bmp.ctxr,textures/flatlist/ovr_stm/_win,usa_armor01dt.bmp.ctxr,usa_armor01dt.bmp,ctxr,2796672,79137e9e61c0481a852bb82106909cbb4a152fae
textures/flatlist/ovr_stm/_win/usa_armor_neck01dt.bmp.ctxr,textures/flatlist/ovr_stm/_win,usa_armor_neck01dt.bmp.ctxr,usa_armor_neck01dt.bmp,ctxr,175168,57edd39bf8a5ba8d30b820670f605c1a652befbe
textures/flatlist/ovr_stm/_win/usa_armor_pad01dt.bmp.ctxr,textures/flatlist/ovr_stm/_win,usa_armor_pad01dt.bmp.ctxr,usa_armor_pad01dt.bmp,ctxr,175168,69de13027bbb794167027984d7faa4e394798e1c
textures/flatlist/ovr_stm/_win/usa_ashi.bmp.ctxr,textures/flatlist/ovr_stm/_win,usa_ashi.bmp.ctxr,usa_ashi.bmp,ctxr,2796672,e3789cc9243ca314ea6e735bbf1171c603499cd8
textures/flatlist/ovr_stm/_win/usa_belt.bmp.ctxr,textures/flatlist/ovr_stm/_win,usa_belt.bmp.ctxr,usa_belt.bmp,ctxr,175200,0dd2436f3f408cf2150009046cc10c9b82663194
textures/flatlist/ovr_stm/_win/usa_belt01dt.bmp.ctxr,textures/flatlist/ovr_stm/_win,usa_belt01dt.bmp.ctxr,usa_belt01dt.bmp,ctxr,175200,81de6d8f122e2eacd1df3986ccfca5fac27978a1
textures/flatlist/ovr_stm/_win/usa_belt02dt.bmp.ctxr,textures/flatlist/ovr_stm/_win,usa_belt02dt.bmp.ctxr,usa_belt02dt.bmp,ctxr,175200,08b1870823de34c4c80ad725d876d48f62e374dd
textures/flatlist/ovr_stm/_win/usa_belt_back.bmp.ctxr,textures/flatlist/ovr_stm/_win,usa_belt_back.bmp.ctxr,usa_belt_back.bmp,ctxr,175200,85262b6bc2b361ae7bf092c6e0b73e2998e5b6f7
textures/flatlist/ovr_stm/_win/usa_belt_back01dt.bmp.ctxr,textures/flatlist/ovr_stm/_win,usa_belt_back01dt.bmp.ctxr,usa_belt_back01dt.bmp,ctxr,175200,ac1fbc28417d07637e94661e594fe5b9cbdd2094
textures/flatlist/ovr_stm/_win/usa_boots.bmp.ctxr,textures/flatlist/ovr_stm/_win,usa_boots.bmp.ctxr,usa_boots.bmp,ctxr,349920,575bf454fca62ebdf801afe413af76f0f1ffdf3e
textures/flatlist/ovr_stm/_win/usa_boots01dt.bmp.ctxr,textures/flatlist/ovr_stm/_win,usa_boots01dt.bmp.ctxr,usa_boots01dt.bmp,ctxr,349920,9261a475cd73f3cb6405d5e2a458f546a4bfe7ba
textures/flatlist/ovr_stm/_win/usa_cap.bmp.ctxr,textures/flatlist/ovr_stm/_win,usa_cap.bmp.ctxr,usa_cap.bmp,ctxr,87744,490ce34894a2461121f26db8bce40ee0d744ea4d
textures/flatlist/ovr_stm/_win/usa_face_bk.bmp.ctxr,textures/flatlist/ovr_stm/_win,usa_face_bk.bmp.ctxr,usa_face_bk.bmp,ctxr,2796672,182c991bb3eb9de4b890570f71bbdd856b6279df
textures/flatlist/ovr_stm/_win/usa_face_bk01dt.bmp.ctxr,textures/flatlist/ovr_stm/_win,usa_face_bk01dt.bmp.ctxr,usa_face_bk01dt.bmp,ctxr,2796672,8c33af805a4ddea9fffa853e24bc115754cebc48
textures/flatlist/ovr_stm/_win/usa_face_c01dt.bmp.ctxr,textures/flatlist/ovr_stm/_win,usa_face_c01dt.bmp.ctxr,usa_face_c01dt.bmp,ctxr,2796672,14d3d1f85cac43b6203aedb62f8658da173a828d
textures/flatlist/ovr_stm/_win/usa_face_d.bmp.ctxr,textures/flatlist/ovr_stm/_win,usa_face_d.bmp.ctxr,usa_face_d.bmp,ctxr,2796672,0eff363018594075e0de974304d07cce899be7b1
textures/flatlist/ovr_stm/_win/usa_face_d01dt.bmp.ctxr,textures/flatlist/ovr_stm/_win,usa_face_d01dt.bmp.ctxr,usa_face_d01dt.bmp,ctxr,2796672,f5930eab4a06cd0d2b5ccb9083ff04d12d9a07c2
textures/flatlist/ovr_stm/_win/usa_face_d02dt.bmp.ctxr,textures/flatlist/ovr_stm/_win,usa_face_d02dt.bmp.ctxr,usa_face_d02dt.bmp,ctxr,2796672,c90497c89c6c00d27795eda7d551a18c7054fba4
textures/flatlist/ovr_stm/_win/usa_face_f01dt.bmp.ctxr,textures/flatlist/ovr_stm/_win,usa_face_f01dt.bmp.ctxr,usa_face_f01dt.bmp,ctxr,2796672,8f50bc9405b44e75cc0d92e43ecf012c1706ecc7
textures/flatlist/ovr_stm/_win/usa_helmet01dt.bmp.ctxr,textures/flatlist/ovr_stm/_win,usa_helmet01dt.bmp.ctxr,usa_helmet01dt.bmp,ctxr,175168,1d5d843f5a789fd5f2345ff0d9afad8f99342b8b
textures/flatlist/ovr_stm/_win/usa_helmet_inside.bmp.ctxr,textures/flatlist/ovr_stm/_win,usa_helmet_inside.bmp.ctxr,usa_helmet_inside.bmp,ctxr,44064,90ceaa7e63e0a9e7f032561efec7372534412603
textures/flatlist/ovr_stm/_win/usa_leg01dt.bmp.ctxr,textures/flatlist/ovr_stm/_win,usa_leg01dt.bmp.ctxr,usa_leg01dt.bmp,ctxr,2796672,2f1b51c2669fd3a8a6c6dfce75a6879f57bf5302
textures/flatlist/ovr_stm/_win/usa_leg02dt.bmp.ctxr,textures/flatlist/ovr_stm/_win,usa_leg02dt.bmp.ctxr,usa_leg02dt.bmp,ctxr,2796672,a73bd7d61564fa19aa2e6a21873272901640373e
textures/flatlist/ovr_stm/_win/usa_met01dt_ovl_sub_alp.bmp.ctxr,textures/flatlist/ovr_stm/_win,usa_met01dt_ovl_sub_alp.bmp.ctxr,usa_met01dt_ovl_sub_alp.bmp,ctxr,131232,362e8883f331f40edd942b779ef48ff4e8a53acc
textures/flatlist/ovr_stm/_win/usa_met_belt01dt.bmp.ctxr,textures/flatlist/ovr_stm/_win,usa_met_belt01dt.bmp.ctxr,usa_met_belt01dt.bmp,ctxr,44096,63b511bb79e7181cc5b614aa74861d9ffc17a7c3
textures/flatlist/ovr_stm/_win/usa_met_ovl_sub_alp.bmp.ctxr,textures/flatlist/ovr_stm/_win,usa_met_ovl_sub_alp.bmp.ctxr,usa_met_ovl_sub_alp.bmp,ctxr,131232,f19f8c1f502da3f5f4749b0eb00e94c12f74c17b
textures/flatlist/ovr_stm/_win/usa_pack01dt.bmp.ctxr,textures/flatlist/ovr_stm/_win,usa_pack01dt.bmp.ctxr,usa_pack01dt.bmp,ctxr,349920,0921de594cf1c8e6da9ce0c52a89b38013709fc3
textures/flatlist/ovr_stm/_win/usa_phone01dt.bmp.ctxr,textures/flatlist/ovr_stm/_win,usa_phone01dt.bmp.ctxr,usa_phone01dt.bmp,ctxr,175168,c45717ba719238e3c032460a75d0f035a00337f1
textures/flatlist/ovr_stm/_win/usa_phone02dt_ovl_alp.bmp.ctxr,textures/flatlist/ovr_stm/_win,usa_phone02dt_ovl_alp.bmp.ctxr,usa_phone02dt_ovl_alp.bmp,ctxr,87744,283a17a5cbf14a2cbeae11e7506ff3f692903bb1
textures/flatlist/ovr_stm/_win/usa_phone03dt.bmp.ctxr,textures/flatlist/ovr_stm/_win,usa_phone03dt.bmp.ctxr,usa_phone03dt.bmp,ctxr,349920,a5f4bddb3a62d903d21f4ab54225d4afdb3df11f
textures/flatlist/ovr_stm/_win/usa_ude_all.bmp.ctxr,textures/flatlist/ovr_stm/_win,usa_ude_all.bmp.ctxr,usa_ude_all.bmp,ctxr,1398528,44d76cd44e43b47d289fdfecf8804bb2f9f51d18
textures/flatlist/ovr_stm/_win/usa_ude_makuri.bmp.ctxr,textures/flatlist/ovr_stm/_win,usa_ude_makuri.bmp.ctxr,usa_ude_makuri.bmp,ctxr,175200,e00481f7af78d5193b487fa2371589b56a680519
textures/flatlist/ovr_stm/_win/usm_chest01dt.bmp.ctxr,textures/flatlist/ovr_stm/_win,usm_chest01dt.bmp.ctxr,usm_chest01dt.bmp,ctxr,1398528,21ce9e09122d824a421e95028368ff9da380ff45
textures/flatlist/ovr_stm/_win/usm_chest02dt.bmp.ctxr,textures/flatlist/ovr_stm/_win,usm_chest02dt.bmp.ctxr,usm_chest02dt.bmp,ctxr,1398528,1cc7d005d6d125c362f897d1deeb6f3e814e9760
textures/flatlist/ovr_stm/_win/usm_chest_back01dt.bmp.ctxr,textures/flatlist/ovr_stm/_win,usm_chest_back01dt.bmp.ctxr,usm_chest_back01dt.bmp,ctxr,1398528,ab95a330788c50cb8f4fd97df84d60476d005b9d
textures/flatlist/ovr_stm/_win/usm_chest_back02dt.bmp.ctxr,textures/flatlist/ovr_stm/_win,usm_chest_back02dt.bmp.ctxr,usm_chest_back02dt.bmp,ctxr,1398528,78794bdc31bf21055964a0eed4618a7a43d0ee12
textures/flatlist/ovr_stm/_win/usm_chest_back_belt.bmp.ctxr,textures/flatlist/ovr_stm/_win,usm_chest_back_belt.bmp.ctxr,usm_chest_back_belt.bmp,ctxr,1398528,781ee13597f66e44e449da992b825c3fa1822850
textures/flatlist/ovr_stm/_win/usm_chest_belt.bmp.ctxr,textures/flatlist/ovr_stm/_win,usm_chest_belt.bmp.ctxr,usm_chest_belt.bmp,ctxr,1398528,c59ccd65e34a68e7ecccf25bfdbf305897ca4a53
textures/flatlist/ovr_stm/_win/usm_eri01dt.bmp.ctxr,textures/flatlist/ovr_stm/_win,usm_eri01dt.bmp.ctxr,usm_eri01dt.bmp,ctxr,44064,09b1bc14458149f21a5b770fe07e2a3eb2d8fe62
textures/flatlist/ovr_stm/_win/usm_eri_inside2.bmp.ctxr,textures/flatlist/ovr_stm/_win,usm_eri_inside2.bmp.ctxr,usm_eri_inside2.bmp,ctxr,44064,a54a9379a5364b484336bbf6508507f092bda71c
textures/flatlist/ovr_stm/_win/usm_t_shirt.bmp.ctxr,textures/flatlist/ovr_stm/_win,usm_t_shirt.bmp.ctxr,usm_t_shirt.bmp,ctxr,349952,a5fe60cd6da4db317e3f37a8a024feaca322eaac
textures/flatlist/ovr_stm/_win/usp_magazine.bmp.ctxr,textures/flatlist/ovr_stm/_win,usp_magazine.bmp.ctxr,usp_magazine.bmp,ctxr,175168,33abca3378ea8fd660159896aeef860bba77170a
textures/flatlist/ovr_stm/_win/usp_sb_all.bmp.ctxr,textures/flatlist/ovr_stm/_win,usp_sb_all.bmp.ctxr,usp_sb_all.bmp,ctxr,699488,29463fc6728939a69b0001257c33f533f63831fa
textures/flatlist/ovr_stm/_win/usp_sb_all.bmp_cdb943d53c81d48a3e26a8100d3c47be.ctxr,textures/flatlist/ovr_stm/_win,usp_sb_all.bmp_cdb943d53c81d48a3e26a8100d3c47be.ctxr,usp_sb_all.bmp_cdb943d53c81d48a3e26a8100d3c47be,ctxr,699488,fb6c54ffbe48011d2071e62c1e2d42882da25b38
textures/flatlist/ovr_stm/_win/usp_sb_all2.bmp.ctxr,textures/flatlist/ovr_stm/_win,usp_sb_all2.bmp.ctxr,usp_sb_all2.bmp,ctxr,175168,d38707389f8b34016a7f930c91335fdd42871531
textures/flatlist/ovr_stm/_win/val_amo1.bmp.ctxr,textures/flatlist/ovr_stm/_win,val_amo1.bmp.ctxr,val_amo1.bmp,ctxr,699488,9e9d3f953c5071e26396e4522c2e64abc6007c98
textures/flatlist/ovr_stm/_win/ved_rope_lit.bmp.ctxr,textures/flatlist/ovr_stm/_win,ved_rope_lit.bmp.ctxr,ved_rope_lit.bmp,ctxr,175200,759c8e8b15b74f6fd12b6dec94f4808c2399adc4
textures/flatlist/ovr_stm/_win/vkf_big_mt.bmp.ctxr,textures/flatlist/ovr_stm/_win,vkf_big_mt.bmp.ctxr,vkf_big_mt.bmp,ctxr,87776,be18ffcedb50d8acde59473f69d749e0f9ff2baa
textures/flatlist/ovr_stm/_win/w00ak_00b_wall1.bmp.ctxr,textures/flatlist/ovr_stm/_win,w00ak_00b_wall1.bmp.ctxr,w00ak_00b_wall1.bmp,ctxr,1398528,7144792311437bf4362a197319a10ab77f388027
textures/flatlist/ovr_stm/_win/w00ak_blc_t4.bmp.ctxr,textures/flatlist/ovr_stm/_win,w00ak_blc_t4.bmp.ctxr,w00ak_blc_t4.bmp,ctxr,699488,b5b33d8681b3e62fd5ab18d875bed5093ce161fa
textures/flatlist/ovr_stm/_win/w00ak_crane_floor.bmp.ctxr,textures/flatlist/ovr_stm/_win,w00ak_crane_floor.bmp.ctxr,w00ak_crane_floor.bmp,ctxr,699488,5660c3972ba626830fdc6b746f36e316648a4303
textures/flatlist/ovr_stm/_win/w00ak_dck_flr1.bmp.ctxr,textures/flatlist/ovr_stm/_win,w00ak_dck_flr1.bmp.ctxr,w00ak_dck_flr1.bmp,ctxr,2796672,ff1583ede649d463916e1e752690567e8938fb72
textures/flatlist/ovr_stm/_win/w00ak_flr1_alp_ovl.bmp.ctxr,textures/flatlist/ovr_stm/_win,w00ak_flr1_alp_ovl.bmp.ctxr,w00ak_flr1_alp_ovl.bmp,ctxr,1398528,ec084bb8cb5efc4308791f82a405322130be76a7
textures/flatlist/ovr_stm/_win/w00ak_gateflor1_alp_ovl.bmp.ctxr,textures/flatlist/ovr_stm/_win,w00ak_gateflor1_alp_ovl.bmp.ctxr,w00ak_gateflor1_alp_ovl.bmp,ctxr,1398528,c97c4e3a2116f3227617eeda18b56b83faf64bce
textures/flatlist/ovr_stm/_win/w00ak_roll1.bmp.ctxr,textures/flatlist/ovr_stm/_win,w00ak_roll1.bmp.ctxr,w00ak_roll1.bmp,ctxr,699488,eb85eacc41faec2fa0605479d91a9e71ff4b31b7
textures/flatlist/ovr_stm/_win/w00ak_roll2.bmp.ctxr,textures/flatlist/ovr_stm/_win,w00ak_roll2.bmp.ctxr,w00ak_roll2.bmp,ctxr,175168,b4938213265680ca1df80d03322f8e9f3e944982
textures/flatlist/ovr_stm/_win/w00ak_roll_s1.bmp.ctxr,textures/flatlist/ovr_stm/_win,w00ak_roll_s1.bmp.ctxr,w00ak_roll_s1.bmp,ctxr,349920,77ead93eeb92a335a94ffde57ddf0bba2e64e21d
textures/flatlist/ovr_stm/_win/w00ak_ue1.bmp.ctxr,textures/flatlist/ovr_stm/_win,w00ak_ue1.bmp.ctxr,w00ak_ue1.bmp,ctxr,5592896,dcee743243ececd64f538e9c644b5333b05f83c5
textures/flatlist/ovr_stm/_win/w00ak_wnc_b1.bmp.ctxr,textures/flatlist/ovr_stm/_win,w00ak_wnc_b1.bmp.ctxr,w00ak_wnc_b1.bmp,ctxr,175168,b7e20691450764533808739d0c08a6f56c10f80a
textures/flatlist/ovr_stm/_win/w00ak_wnc_b2.bmp.ctxr,textures/flatlist/ovr_stm/_win,w00ak_wnc_b2.bmp.ctxr,w00ak_wnc_b2.bmp,ctxr,175168,c9f0beb4c75fc2d174c8c3f2f3d0bac9d5c979fd
textures/flatlist/ovr_stm/_win/w00ak_wnc_f1.bmp.ctxr,textures/flatlist/ovr_stm/_win,w00ak_wnc_f1.bmp.ctxr,w00ak_wnc_f1.bmp,ctxr,175168,637d7ee0fb915a7371c11c13ad8ddee84a8ff80b
textures/flatlist/ovr_stm/_win/w00ak_wnc_s1.bmp.ctxr,textures/flatlist/ovr_stm/_win,w00ak_wnc_s1.bmp.ctxr,w00ak_wnc_s1.bmp,ctxr,699488,51f206ae8b7896e91d802ec014d4a1b721d2c213
textures/flatlist/ovr_stm/_win/w00ak_wnc_s3.bmp.ctxr,textures/flatlist/ovr_stm/_win,w00ak_wnc_s3.bmp.ctxr,w00ak_wnc_s3.bmp,ctxr,1398560,6727c21b173eb8172c10d13b44507bd95aae936f
textures/flatlist/ovr_stm/_win/w00ak_wnc_s4.bmp.ctxr,textures/flatlist/ovr_stm/_win,w00ak_wnc_s4.bmp.ctxr,w00ak_wnc_s4.bmp,ctxr,349920,34d23fd50c260e61a6f2b7d3c48967d92b553001
textures/flatlist/ovr_stm/_win/w00ak_wnc_t1.bmp.ctxr,textures/flatlist/ovr_stm/_win,w00ak_wnc_t1.bmp.ctxr,w00ak_wnc_t1.bmp,ctxr,87776,b56187f1a849ff427e905de77cc5988e968bed76
textures/flatlist/ovr_stm/_win/w00a_frt1.bmp.ctxr,textures/flatlist/ovr_stm/_win,w00a_frt1.bmp.ctxr,w00a_frt1.bmp,ctxr,2796672,df629af29b0168c8ba032ac69e7de836266c55e3
textures/flatlist/ovr_stm/_win/w00a_os1.bmp.ctxr,textures/flatlist/ovr_stm/_win,w00a_os1.bmp.ctxr,w00a_os1.bmp,ctxr,349920,fdb6bbd0e9d316db5d3e75eeb1f09dcd132ef73f
textures/flatlist/ovr_stm/_win/w00a_pl3.bmp.ctxr,textures/flatlist/ovr_stm/_win,w00a_pl3.bmp.ctxr,w00a_pl3.bmp,ctxr,87776,893c3065a431f5413740b84a9337f999a437d680
textures/flatlist/ovr_stm/_win/w00a_rb2a.bmp.ctxr,textures/flatlist/ovr_stm/_win,w00a_rb2a.bmp.ctxr,w00a_rb2a.bmp,ctxr,44064,06f701d7a617eeb9a51c7cf770c95288c45938d4
textures/flatlist/ovr_stm/_win/w00a_rtn0.bmp.ctxr,textures/flatlist/ovr_stm/_win,w00a_rtn0.bmp.ctxr,w00a_rtn0.bmp,ctxr,87776,7dd4176dc310b17af77adc3cde0f5991869e06ad
textures/flatlist/ovr_stm/_win/w00a_sn1_msk.bmp.ctxr,textures/flatlist/ovr_stm/_win,w00a_sn1_msk.bmp.ctxr,w00a_sn1_msk.bmp,ctxr,175168,ec7402e074e9fd8d62eee8f51a08bccacfd7d102
textures/flatlist/ovr_stm/_win/w00a_sn2.bmp.ctxr,textures/flatlist/ovr_stm/_win,w00a_sn2.bmp.ctxr,w00a_sn2.bmp,ctxr,349920,623123d60cbdf826dd365042b36ed751e6b3f29a
textures/flatlist/ovr_stm/_win/w00a_w1.bmp.ctxr,textures/flatlist/ovr_stm/_win,w00a_w1.bmp.ctxr,w00a_w1.bmp,ctxr,1398560,d8c629e71df3c50c9c1ef7a3f068b242fc06c501
textures/flatlist/ovr_stm/_win/w00a_wd_p1_msk.bmp.ctxr,textures/flatlist/ovr_stm/_win,w00a_wd_p1_msk.bmp.ctxr,w00a_wd_p1_msk.bmp,ctxr,175168,6fc9c4675d680057d67ee60c2d38db4ff906b173
textures/flatlist/ovr_stm/_win/w00a_wd_p2_msk.bmp.ctxr,textures/flatlist/ovr_stm/_win,w00a_wd_p2_msk.bmp.ctxr,w00a_wd_p2_msk.bmp,ctxr,175168,ae96c621d3874a07a63cb94e3cb301131cd97664
textures/flatlist/ovr_stm/_win/w00a_wd_p3_msk.bmp.ctxr,textures/flatlist/ovr_stm/_win,w00a_wd_p3_msk.bmp.ctxr,w00a_wd_p3_msk.bmp,ctxr,175168,44f540e43a4ba291e97bdec5eeb8ddc17717a5b5
textures/flatlist/ovr_stm/_win/w00a_wd_p4_msk.bmp.ctxr,textures/flatlist/ovr_stm/_win,w00a_wd_p4_msk.bmp.ctxr,w00a_wd_p4_msk.bmp,ctxr,175168,d4453613857b4fb871d7a5824f46dc0976797af8
textures/flatlist/ovr_stm/_win/w00brk_00a_frontwall2.bmp.ctxr,textures/flatlist/ovr_stm/_win,w00brk_00a_frontwall2.bmp.ctxr,w00brk_00a_frontwall2.bmp,ctxr,1398528,f2ac297b3374446de3febd26b12bee9e326791fa
textures/flatlist/ovr_stm/_win/w00brk_flor_danmen1.bmp.ctxr,textures/flatlist/ovr_stm/_win,w00brk_flor_danmen1.bmp.ctxr,w00brk_flor_danmen1.bmp,ctxr,699520,caee44b0c058969e926d394111ae0df2b2cab572
textures/flatlist/ovr_stm/_win/w00brk_f_flor1.bmp.ctxr,textures/flatlist/ovr_stm/_win,w00brk_f_flor1.bmp.ctxr,w00brk_f_flor1.bmp,ctxr,5592864,d06b4789c653f9eb9ddeeb76e6caa7650f8a4f9c
textures/flatlist/ovr_stm/_win/w00brk_pipe_s1.bmp.ctxr,textures/flatlist/ovr_stm/_win,w00brk_pipe_s1.bmp.ctxr,w00brk_pipe_s1.bmp,ctxr,699520,548bfdf81efbcfbde90f4452881d043a5383e71f
textures/flatlist/ovr_stm/_win/w00brk_table_floor1.bmp.ctxr,textures/flatlist/ovr_stm/_win,w00brk_table_floor1.bmp.ctxr,w00brk_table_floor1.bmp,ctxr,2796672,0f21c030c1f10dcb8a69d32155a8d7ee166fb9a2
textures/flatlist/ovr_stm/_win/w00b_antisna_saku_msk.bmp.ctxr,textures/flatlist/ovr_stm/_win,w00b_antisna_saku_msk.bmp.ctxr,w00b_antisna_saku_msk.bmp,ctxr,699488,52360454e584cf08e33a27a8b0c7ccde749b9e15
textures/flatlist/ovr_stm/_win/w00b_bridge_wall1.bmp.ctxr,textures/flatlist/ovr_stm/_win,w00b_bridge_wall1.bmp.ctxr,w00b_bridge_wall1.bmp,ctxr,1398560,1c8077996168b1b1669958d6dbb75037823b58fc
textures/flatlist/ovr_stm/_win/w00b_bridge_wall1_fade.bmp.ctxr,textures/flatlist/ovr_stm/_win,w00b_bridge_wall1_fade.bmp.ctxr,w00b_bridge_wall1_fade.bmp,ctxr,699488,59bef01ac1200e1da159aec9ac0e92b40dc4f484
textures/flatlist/ovr_stm/_win/w00b_cloth_new.bmp.ctxr,textures/flatlist/ovr_stm/_win,w00b_cloth_new.bmp.ctxr,w00b_cloth_new.bmp,ctxr,5592864,d72a74453513baa33481fc597cbd4a3ff43c0b66
textures/flatlist/ovr_stm/_win/w00b_crane_post_s.bmp.ctxr,textures/flatlist/ovr_stm/_win,w00b_crane_post_s.bmp.ctxr,w00b_crane_post_s.bmp,ctxr,699520,70af52a2335b83b9a812e977bdd89add77f34b10
textures/flatlist/ovr_stm/_win/w00b_fannel1.bmp.ctxr,textures/flatlist/ovr_stm/_win,w00b_fannel1.bmp.ctxr,w00b_fannel1.bmp,ctxr,1398560,3c8d79371ea42aff70c1359b76d2cc0d21553a3f
textures/flatlist/ovr_stm/_win/w00b_flr1_alp_ovl.bmp.ctxr,textures/flatlist/ovr_stm/_win,w00b_flr1_alp_ovl.bmp.ctxr,w00b_flr1_alp_ovl.bmp,ctxr,1398528,8774a2fccecfad440d95ea6143a6864627c73dbf
textures/flatlist/ovr_stm/_win/w00b_flr2_alp_ovl.bmp.ctxr,textures/flatlist/ovr_stm/_win,w00b_flr2_alp_ovl.bmp.ctxr,w00b_flr2_alp_ovl.bmp,ctxr,5592864,2ccee12e9a82032c8e9f470078262d8285588131
textures/flatlist/ovr_stm/_win/w00b_huge_light_f1.bmp.ctxr,textures/flatlist/ovr_stm/_win,w00b_huge_light_f1.bmp.ctxr,w00b_huge_light_f1.bmp,ctxr,349920,2fa16edea8a9216ac71098e82e9dc71ff41d4040
textures/flatlist/ovr_stm/_win/w00b_huge_light_s.bmp.ctxr,textures/flatlist/ovr_stm/_win,w00b_huge_light_s.bmp.ctxr,w00b_huge_light_s.bmp,ctxr,349920,75b285b7d3aa3b6ac80c8e313cb16fa6096cdd97
textures/flatlist/ovr_stm/_win/w00b_irs_pipe.bmp.ctxr,textures/flatlist/ovr_stm/_win,w00b_irs_pipe.bmp.ctxr,w00b_irs_pipe.bmp,ctxr,175200,fc54c1d2962628e50ad58d0af4699ce367e661a1
textures/flatlist/ovr_stm/_win/w00b_irs_wood1.bmp.ctxr,textures/flatlist/ovr_stm/_win,w00b_irs_wood1.bmp.ctxr,w00b_irs_wood1.bmp,ctxr,699488,6ffe8164e918d22ee3774157287ad10ccff98fb8
textures/flatlist/ovr_stm/_win/w00b_irs_wood2.bmp.ctxr,textures/flatlist/ovr_stm/_win,w00b_irs_wood2.bmp.ctxr,w00b_irs_wood2.bmp,ctxr,1398528,b23e0cb4d8d8767f7f851360402cc291cc1e0e06
textures/flatlist/ovr_stm/_win/w00b_mushroom.bmp_5e3a7780abfc18549f6a4b034fef18bc.ctxr,textures/flatlist/ovr_stm/_win,w00b_mushroom.bmp_5e3a7780abfc18549f6a4b034fef18bc.ctxr,w00b_mushroom.bmp_5e3a7780abfc18549f6a4b034fef18bc,ctxr,699488,3ccfb15f4ca90ef651d0853f6121e04ea8f6768f
textures/flatlist/ovr_stm/_win/w00b_poll1.bmp.ctxr,textures/flatlist/ovr_stm/_win,w00b_poll1.bmp.ctxr,w00b_poll1.bmp,ctxr,349984,1636ba4850fe47f8033d3920ad462bf4c7499008
textures/flatlist/ovr_stm/_win/w00b_raderdome.bmp.ctxr,textures/flatlist/ovr_stm/_win,w00b_raderdome.bmp.ctxr,w00b_raderdome.bmp,ctxr,349920,6970dff529746a683751e6b5dfe98d717b1d0b2c
textures/flatlist/ovr_stm/_win/w00b_sonar1.bmp.ctxr,textures/flatlist/ovr_stm/_win,w00b_sonar1.bmp.ctxr,w00b_sonar1.bmp,ctxr,349920,41d45c6556a13f8942cda0f67721ccf6f78fb0e0
textures/flatlist/ovr_stm/_win/w00b_sonar2_msk.bmp.ctxr,textures/flatlist/ovr_stm/_win,w00b_sonar2_msk.bmp.ctxr,w00b_sonar2_msk.bmp,ctxr,699488,00bd380f7dca0a807afad35ec7725125cd8ec451
textures/flatlist/ovr_stm/_win/w00b_step2wing_t.bmp.ctxr,textures/flatlist/ovr_stm/_win,w00b_step2wing_t.bmp.ctxr,w00b_step2wing_t.bmp,ctxr,349920,db135daf9ebd7c01fb68759dd847ad5f76ebae48
textures/flatlist/ovr_stm/_win/w00b_step2wing_t2.bmp.ctxr,textures/flatlist/ovr_stm/_win,w00b_step2wing_t2.bmp.ctxr,w00b_step2wing_t2.bmp,ctxr,699488,80a2b730f141ea90772e61e373b7228ff3fffb6e
textures/flatlist/ovr_stm/_win/w00b_tower_deck_s1psd.bmp.ctxr,textures/flatlist/ovr_stm/_win,w00b_tower_deck_s1psd.bmp.ctxr,w00b_tower_deck_s1psd.bmp,ctxr,349952,a0d2496b239109f46b9d0d1f28a4a02ff84281c4
textures/flatlist/ovr_stm/_win/w00b_tower_deck_t1.bmp.ctxr,textures/flatlist/ovr_stm/_win,w00b_tower_deck_t1.bmp.ctxr,w00b_tower_deck_t1.bmp,ctxr,2796672,728f517509d44fcfc6b793600d8d1780c7246d30
textures/flatlist/ovr_stm/_win/w00b_tower_s1.bmp.ctxr,textures/flatlist/ovr_stm/_win,w00b_tower_s1.bmp.ctxr,w00b_tower_s1.bmp,ctxr,1398528,92f15611c62c57e7006060020ab562d99bc673a3
textures/flatlist/ovr_stm/_win/w00b_tower_s2.bmp.ctxr,textures/flatlist/ovr_stm/_win,w00b_tower_s2.bmp.ctxr,w00b_tower_s2.bmp,ctxr,699488,0535dbc20cf6b9d30418363cb92bd6ae4b01a8e4
textures/flatlist/ovr_stm/_win/w00b_tower_saku1.bmp.ctxr,textures/flatlist/ovr_stm/_win,w00b_tower_saku1.bmp.ctxr,w00b_tower_saku1.bmp,ctxr,699488,0a97cfa89ab570a6e28ea2ed67fa9d8a8e1c431d
textures/flatlist/ovr_stm/_win/w00b_tower_saku2.bmp.ctxr,textures/flatlist/ovr_stm/_win,w00b_tower_saku2.bmp.ctxr,w00b_tower_saku2.bmp,ctxr,699488,6b9f6b98d68e422796a428339ec9496eae6606f2
textures/flatlist/ovr_stm/_win/w00b_wall1.bmp.ctxr,textures/flatlist/ovr_stm/_win,w00b_wall1.bmp.ctxr,w00b_wall1.bmp,ctxr,5592864,ec31186f93b8245b9da17ea6349307e8c0e161ea
textures/flatlist/ovr_stm/_win/w00b_wbox_s.bmp.ctxr,textures/flatlist/ovr_stm/_win,w00b_wbox_s.bmp.ctxr,w00b_wbox_s.bmp,ctxr,349920,7b9a3ed28f2d13c6fc56771539dae51634e2c3b4
textures/flatlist/ovr_stm/_win/w00b_wbox_t.bmp.ctxr,textures/flatlist/ovr_stm/_win,w00b_wbox_t.bmp.ctxr,w00b_wbox_t.bmp,ctxr,349920,f511b4bac008cf96c64c65b15eb067b6d1ea3d04
textures/flatlist/ovr_stm/_win/w00b_wingflr1_alp_ovl.bmp.ctxr,textures/flatlist/ovr_stm/_win,w00b_wingflr1_alp_ovl.bmp.ctxr,w00b_wingflr1_alp_ovl.bmp,ctxr,5592864,58ac813854edd536203de6e25ccc2580d084d7ec
textures/flatlist/ovr_stm/_win/w00b_wingtower_fs.bmp.ctxr,textures/flatlist/ovr_stm/_win,w00b_wingtower_fs.bmp.ctxr,w00b_wingtower_fs.bmp,ctxr,1398528,5790cc0139bd92b00a2bf9e8b1169137484c4b46
textures/flatlist/ovr_stm/_win/w00b_wingwall1.bmp.ctxr,textures/flatlist/ovr_stm/_win,w00b_wingwall1.bmp.ctxr,w00b_wingwall1.bmp,ctxr,1398560,7885a9d0043fb50d0efecbfa97e63a3f1c44f8eb
textures/flatlist/ovr_stm/_win/w00c_stp_f1msk.bmp.ctxr,textures/flatlist/ovr_stm/_win,w00c_stp_f1msk.bmp.ctxr,w00c_stp_f1msk.bmp,ctxr,87776,ccc607b2d3cc28846a9ee156855e3c8ec2069b66
textures/flatlist/ovr_stm/_win/w00c_tower_wing_msk.bmp.ctxr,textures/flatlist/ovr_stm/_win,w00c_tower_wing_msk.bmp.ctxr,w00c_tower_wing_msk.bmp,ctxr,2796672,7b2983bce287d746d647a49df9f0a85d6eeacec2
textures/flatlist/ovr_stm/_win/w00k_drw1.bmp.ctxr,textures/flatlist/ovr_stm/_win,w00k_drw1.bmp.ctxr,w00k_drw1.bmp,ctxr,2796672,0e8a4da85213c93cd13edf8aba5b312969458edb
textures/flatlist/ovr_stm/_win/w00m_block.bmp.ctxr,textures/flatlist/ovr_stm/_win,w00m_block.bmp.ctxr,w00m_block.bmp,ctxr,22176,ef3bb438ebecd0daf61a70a894676c52715c925c
textures/flatlist/ovr_stm/_win/w00m_block_side.bmp.ctxr,textures/flatlist/ovr_stm/_win,w00m_block_side.bmp.ctxr,w00m_block_side.bmp,ctxr,11264,181d6758aeeebd8ff0c1adafccda16041ab11c13
textures/flatlist/ovr_stm/_win/w00m_ikari_face.bmp.ctxr,textures/flatlist/ovr_stm/_win,w00m_ikari_face.bmp.ctxr,w00m_ikari_face.bmp,ctxr,44064,f4716151b222f66d8a78ec9b4a0e8850b376eb00
textures/flatlist/ovr_stm/_win/w00m_ikari_kabe.bmp.ctxr,textures/flatlist/ovr_stm/_win,w00m_ikari_kabe.bmp.ctxr,w00m_ikari_kabe.bmp,ctxr,175168,9e2d0e84c33f780fc5a34bc48c0639e077e194d0
textures/flatlist/ovr_stm/_win/w00m_ikari_sotowaku.bmp.ctxr,textures/flatlist/ovr_stm/_win,w00m_ikari_sotowaku.bmp.ctxr,w00m_ikari_sotowaku.bmp,ctxr,11296,a71a47971426f5cacff22628abc833d109e05900
textures/flatlist/ovr_stm/_win/w00m_mushroom_face.bmp.ctxr,textures/flatlist/ovr_stm/_win,w00m_mushroom_face.bmp.ctxr,w00m_mushroom_face.bmp,ctxr,175168,9a28d239b2bd8e638268149feaf6eab2b2f818de
textures/flatlist/ovr_stm/_win/w00m_mush_huta_face.bmp.ctxr,textures/flatlist/ovr_stm/_win,w00m_mush_huta_face.bmp.ctxr,w00m_mush_huta_face.bmp,ctxr,87776,acb04f2428dd92abffe399f23ecdfdd60ae9ae66
textures/flatlist/ovr_stm/_win/w00m_mush_huta_top3.bmp.ctxr,textures/flatlist/ovr_stm/_win,w00m_mush_huta_top3.bmp.ctxr,w00m_mush_huta_top3.bmp,ctxr,87744,0b4486857b75acfbfe96498628cb5492f433f9ee
textures/flatlist/ovr_stm/_win/w00m_winch_face4.bmp.ctxr,textures/flatlist/ovr_stm/_win,w00m_winch_face4.bmp.ctxr,w00m_winch_face4.bmp,ctxr,175168,352e21f733d4ceb63234b2f37fe374f8bf454f83
textures/flatlist/ovr_stm/_win/w00m_winch_face4.bmp_66d35506ebb6b42785de008e8285c263.ctxr,textures/flatlist/ovr_stm/_win,w00m_winch_face4.bmp_66d35506ebb6b42785de008e8285c263.ctxr,w00m_winch_face4.bmp_66d35506ebb6b42785de008e8285c263,ctxr,175168,bc32d6fb46cebccc6e9903650360dbda83ec1008
textures/flatlist/ovr_stm/_win/w00m_winch_top2.bmp.ctxr,textures/flatlist/ovr_stm/_win,w00m_winch_top2.bmp.ctxr,w00m_winch_top2.bmp,ctxr,44064,0519a576b79e54ce69b38fe5c7819aaa65666043
textures/flatlist/ovr_stm/_win/w00_sky_add_alp.bmp.ctxr,textures/flatlist/ovr_stm/_win,w00_sky_add_alp.bmp.ctxr,w00_sky_add_alp.bmp,ctxr,87744,511653d7df1b5a7820c2597e340669dac7c86229
textures/flatlist/ovr_stm/_win/w00_stp_t1.bmp.ctxr,textures/flatlist/ovr_stm/_win,w00_stp_t1.bmp.ctxr,w00_stp_t1.bmp,ctxr,87776,c3fe7a453e895bfabd8b798601d9c4c2781842bd
textures/flatlist/ovr_stm/_win/w01a0lc_loc2.bmp.ctxr,textures/flatlist/ovr_stm/_win,w01a0lc_loc2.bmp.ctxr,w01a0lc_loc2.bmp,ctxr,5592864,972451147fb3406146b38e7d12812a9a3ff22726
textures/flatlist/ovr_stm/_win/w01a0_box00.bmp.ctxr,textures/flatlist/ovr_stm/_win,w01a0_box00.bmp.ctxr,w01a0_box00.bmp,ctxr,175168,cb3a5ccb7dd03cd5f870ddecb212532fb7cd1df4
textures/flatlist/ovr_stm/_win/w01a0_box002.bmp.ctxr,textures/flatlist/ovr_stm/_win,w01a0_box002.bmp.ctxr,w01a0_box002.bmp,ctxr,175168,13957b512701a3263139aef6dc18c1fc99b3f87f
textures/flatlist/ovr_stm/_win/w01a0_box00a.bmp.ctxr,textures/flatlist/ovr_stm/_win,w01a0_box00a.bmp.ctxr,w01a0_box00a.bmp,ctxr,87776,44e71cbb576ff4cee6319d6805f404473df10d40
textures/flatlist/ovr_stm/_win/w01a0_box00c.bmp.ctxr,textures/flatlist/ovr_stm/_win,w01a0_box00c.bmp.ctxr,w01a0_box00c.bmp,ctxr,44064,9bc85f75e05e6a86aa19eefbe1c65f222f59a392
textures/flatlist/ovr_stm/_win/w01a0_box01.bmp.ctxr,textures/flatlist/ovr_stm/_win,w01a0_box01.bmp.ctxr,w01a0_box01.bmp,ctxr,349920,20c71ac0175a543bac42d6d1fbee23ef5275b5b5
textures/flatlist/ovr_stm/_win/w01a0_box01a.bmp.ctxr,textures/flatlist/ovr_stm/_win,w01a0_box01a.bmp.ctxr,w01a0_box01a.bmp,ctxr,87776,208f755207c9d68081b12417916dde1930f68b71
textures/flatlist/ovr_stm/_win/w01a0_box02.bmp.ctxr,textures/flatlist/ovr_stm/_win,w01a0_box02.bmp.ctxr,w01a0_box02.bmp,ctxr,175168,003c23c0e64da0041a07d07f57006571a764d359
textures/flatlist/ovr_stm/_win/w01a0_box03.bmp.ctxr,textures/flatlist/ovr_stm/_win,w01a0_box03.bmp.ctxr,w01a0_box03.bmp,ctxr,175168,0bbe9b82b9552d066fd085708209f03b1b40ac48
textures/flatlist/ovr_stm/_win/w01a0_box06.bmp.ctxr,textures/flatlist/ovr_stm/_win,w01a0_box06.bmp.ctxr,w01a0_box06.bmp,ctxr,175168,c98bba4a9e49f3d9ad91750b337e942483312961
textures/flatlist/ovr_stm/_win/w01a0_box07.bmp.ctxr,textures/flatlist/ovr_stm/_win,w01a0_box07.bmp.ctxr,w01a0_box07.bmp,ctxr,175168,149ecac76a6fe096642619bddf6ed91e69db15d4
textures/flatlist/ovr_stm/_win/w01a0_box08.bmp.ctxr,textures/flatlist/ovr_stm/_win,w01a0_box08.bmp.ctxr,w01a0_box08.bmp,ctxr,349920,01dff2561d4fd19a528f86438bc1886d91e6bb2b
textures/flatlist/ovr_stm/_win/w01a0_cfl06d.bmp.ctxr,textures/flatlist/ovr_stm/_win,w01a0_cfl06d.bmp.ctxr,w01a0_cfl06d.bmp,ctxr,699488,efd1c15412508963e373c14b08799e8021f85a7d
textures/flatlist/ovr_stm/_win/w01a0_cfl06e.bmp.ctxr,textures/flatlist/ovr_stm/_win,w01a0_cfl06e.bmp.ctxr,w01a0_cfl06e.bmp,ctxr,699488,7497a757561b2e79798cd5641804a9213c9bd564
textures/flatlist/ovr_stm/_win/w01a0_dr00a.bmp.ctxr,textures/flatlist/ovr_stm/_win,w01a0_dr00a.bmp.ctxr,w01a0_dr00a.bmp,ctxr,699488,b15790077c1bb8f9228c9bcf03b560e11417f7fe
textures/flatlist/ovr_stm/_win/w01a0_ent01.bmp.ctxr,textures/flatlist/ovr_stm/_win,w01a0_ent01.bmp.ctxr,w01a0_ent01.bmp,ctxr,349984,8f75fad965849623349c6c3cb3bb0425ffeafba9
textures/flatlist/ovr_stm/_win/w01a0_ent01a.bmp.ctxr,textures/flatlist/ovr_stm/_win,w01a0_ent01a.bmp.ctxr,w01a0_ent01a.bmp,ctxr,349984,111b9ddabb1122cc0d8fbb71bc71c2b182da0579
textures/flatlist/ovr_stm/_win/w01a0_ent04.bmp.ctxr,textures/flatlist/ovr_stm/_win,w01a0_ent04.bmp.ctxr,w01a0_ent04.bmp,ctxr,87776,15ef51c2e1d36e8aac268a0a696b179917d2ea8e
textures/flatlist/ovr_stm/_win/w01a0_fl00_bld080_ovl.bmp.ctxr,textures/flatlist/ovr_stm/_win,w01a0_fl00_bld080_ovl.bmp.ctxr,w01a0_fl00_bld080_ovl.bmp,ctxr,2796672,e573b5be0ad8244659c9a6a7f3e785a50f1513b3
textures/flatlist/ovr_stm/_win/w01a0_fl02a_alp_ovl.bmp.ctxr,textures/flatlist/ovr_stm/_win,w01a0_fl02a_alp_ovl.bmp.ctxr,w01a0_fl02a_alp_ovl.bmp,ctxr,2796672,8d27e61ee27bf9dbc89b9e05e4c30ca63f737584
textures/flatlist/ovr_stm/_win/w01a0_fl02_bld080_ovl.bmp.ctxr,textures/flatlist/ovr_stm/_win,w01a0_fl02_bld080_ovl.bmp.ctxr,w01a0_fl02_bld080_ovl.bmp,ctxr,2796672,1ff169beb678c0f884171c12059b11458321fd73
textures/flatlist/ovr_stm/_win/w01a0_fl03.bmp.ctxr,textures/flatlist/ovr_stm/_win,w01a0_fl03.bmp.ctxr,w01a0_fl03.bmp,ctxr,175200,7ae161eaeb3b1fe10fe36c60dc6e66679d43d089
textures/flatlist/ovr_stm/_win/w01a0_fl04.bmp.ctxr,textures/flatlist/ovr_stm/_win,w01a0_fl04.bmp.ctxr,w01a0_fl04.bmp,ctxr,1398528,44d31bbe182a2e1401e1cd406d82c507b8804d59
textures/flatlist/ovr_stm/_win/w01a0_fl04a.bmp.ctxr,textures/flatlist/ovr_stm/_win,w01a0_fl04a.bmp.ctxr,w01a0_fl04a.bmp,ctxr,1398528,7697d3fe61be2e6a3bd8ef6b524e7785db526a75
textures/flatlist/ovr_stm/_win/w01a0_fl05c.bmp.ctxr,textures/flatlist/ovr_stm/_win,w01a0_fl05c.bmp.ctxr,w01a0_fl05c.bmp,ctxr,699488,2c5df435d2005000bfab9f1d8bbd0695261059d6
textures/flatlist/ovr_stm/_win/w01a0_fl05d.bmp.ctxr,textures/flatlist/ovr_stm/_win,w01a0_fl05d.bmp.ctxr,w01a0_fl05d.bmp,ctxr,1398528,59bd31bb3ba33376f4715101ad14406bcc9b31b5
textures/flatlist/ovr_stm/_win/w01a0_fl06.bmp.ctxr,textures/flatlist/ovr_stm/_win,w01a0_fl06.bmp.ctxr,w01a0_fl06.bmp,ctxr,1398528,e3da18e3451ca9906c749e455278bd4dbda9d943
textures/flatlist/ovr_stm/_win/w01a0_fl06a.bmp.ctxr,textures/flatlist/ovr_stm/_win,w01a0_fl06a.bmp.ctxr,w01a0_fl06a.bmp,ctxr,699488,aff628e0485a75a3d1b2585adc073d5ff4eea01f
textures/flatlist/ovr_stm/_win/w01a0_fl06b.bmp.ctxr,textures/flatlist/ovr_stm/_win,w01a0_fl06b.bmp.ctxr,w01a0_fl06b.bmp,ctxr,1398528,fd40a3bbef071a6d4b71148b4038139f4676c8d1
textures/flatlist/ovr_stm/_win/w01a0_fl06f.bmp.ctxr,textures/flatlist/ovr_stm/_win,w01a0_fl06f.bmp.ctxr,w01a0_fl06f.bmp,ctxr,1398528,31371d37c0aebc9ca6c36ca8fe99258d94b5d577
textures/flatlist/ovr_stm/_win/w01a0_fl06h.bmp.ctxr,textures/flatlist/ovr_stm/_win,w01a0_fl06h.bmp.ctxr,w01a0_fl06h.bmp,ctxr,1398528,17c8adaa6e060d08c44218af6061be14667dee0c
textures/flatlist/ovr_stm/_win/w01a0_pp00.bmp.ctxr,textures/flatlist/ovr_stm/_win,w01a0_pp00.bmp.ctxr,w01a0_pp00.bmp,ctxr,699520,fdc1d4ffb9ce17a0521cfb3726d1e1d3d265f03a
textures/flatlist/ovr_stm/_win/w01a0_pp00a.bmp.ctxr,textures/flatlist/ovr_stm/_win,w01a0_pp00a.bmp.ctxr,w01a0_pp00a.bmp,ctxr,699520,3b0a1214e676b9dc9c3405bfdd11d8a5a6b7554a
textures/flatlist/ovr_stm/_win/w01a0_pp01.bmp_c4f68f448cb866fd05ff299f47307e75.ctxr,textures/flatlist/ovr_stm/_win,w01a0_pp01.bmp_c4f68f448cb866fd05ff299f47307e75.ctxr,w01a0_pp01.bmp_c4f68f448cb866fd05ff299f47307e75,ctxr,699520,a961e39c6598537d0832da6766d43c62e3e46d4b
textures/flatlist/ovr_stm/_win/w01a0_pp02a.bmp.ctxr,textures/flatlist/ovr_stm/_win,w01a0_pp02a.bmp.ctxr,w01a0_pp02a.bmp,ctxr,699520,515fc7c7bd309f93913c44c085f9ed860e52b7a5
textures/flatlist/ovr_stm/_win/w01a0_pp03.bmp.ctxr,textures/flatlist/ovr_stm/_win,w01a0_pp03.bmp.ctxr,w01a0_pp03.bmp,ctxr,1398560,ec85f818697fc80a48444ed5dfc3de7049f3c45a
textures/flatlist/ovr_stm/_win/w01a0_ppb00.bmp.ctxr,textures/flatlist/ovr_stm/_win,w01a0_ppb00.bmp.ctxr,w01a0_ppb00.bmp,ctxr,87776,703f66d2e9021d57f5bba45110da84c75866ac7c
textures/flatlist/ovr_stm/_win/w01a0_rf00.bmp.ctxr,textures/flatlist/ovr_stm/_win,w01a0_rf00.bmp.ctxr,w01a0_rf00.bmp,ctxr,175168,4f1949a8aeef48e2ee26307ff84bc3436e45019d
textures/flatlist/ovr_stm/_win/w01a0_rf02.bmp.ctxr,textures/flatlist/ovr_stm/_win,w01a0_rf02.bmp.ctxr,w01a0_rf02.bmp,ctxr,699488,2b0fa90bcfac4af36defbd7ba1206f45da3509bb
textures/flatlist/ovr_stm/_win/w01a0_rf03.bmp.ctxr,textures/flatlist/ovr_stm/_win,w01a0_rf03.bmp.ctxr,w01a0_rf03.bmp,ctxr,349920,2c6bec25a66b9b2bc1b2ad8acb506b8e8216fe28
textures/flatlist/ovr_stm/_win/w01a0_rf03a.bmp.ctxr,textures/flatlist/ovr_stm/_win,w01a0_rf03a.bmp.ctxr,w01a0_rf03a.bmp,ctxr,699488,9fb4595dd95deea25ec816647cd4a1636b8e074b
textures/flatlist/ovr_stm/_win/w01a0_rf05.bmp.ctxr,textures/flatlist/ovr_stm/_win,w01a0_rf05.bmp.ctxr,w01a0_rf05.bmp,ctxr,699488,39432e91f812b2ac1712d2a09457c1f36dcc8b72
textures/flatlist/ovr_stm/_win/w01a0_w00.bmp.ctxr,textures/flatlist/ovr_stm/_win,w01a0_w00.bmp.ctxr,w01a0_w00.bmp,ctxr,5592864,393b65e166d315e4c2dfcaeb3dee4367a27271e5
textures/flatlist/ovr_stm/_win/w01a0_w01.bmp.ctxr,textures/flatlist/ovr_stm/_win,w01a0_w01.bmp.ctxr,w01a0_w01.bmp,ctxr,5592864,ef95d612edfdbd14fbea5101da7dba7f7b5f5dd9
textures/flatlist/ovr_stm/_win/w01a0_w01a.bmp.ctxr,textures/flatlist/ovr_stm/_win,w01a0_w01a.bmp.ctxr,w01a0_w01a.bmp,ctxr,1398560,f948a02ef28b7f2cf8798451004b98944676eff8
textures/flatlist/ovr_stm/_win/w01a0_w04.bmp.ctxr,textures/flatlist/ovr_stm/_win,w01a0_w04.bmp.ctxr,w01a0_w04.bmp,ctxr,2796672,579351c9f2b2e97c80b0208c7de64cf0f5ccadfc
textures/flatlist/ovr_stm/_win/w01a0_w04a.bmp.ctxr,textures/flatlist/ovr_stm/_win,w01a0_w04a.bmp.ctxr,w01a0_w04a.bmp,ctxr,2796672,39e7da455b1892f9054938c4c5fdc111e0378d98
textures/flatlist/ovr_stm/_win/w01a0_w05.bmp.ctxr,textures/flatlist/ovr_stm/_win,w01a0_w05.bmp.ctxr,w01a0_w05.bmp,ctxr,699520,50fb56ec1b8ea9bacfdd43f15d7ce122a4d22f6b
textures/flatlist/ovr_stm/_win/w01a0_w06.bmp.ctxr,textures/flatlist/ovr_stm/_win,w01a0_w06.bmp.ctxr,w01a0_w06.bmp,ctxr,699520,2724dcd722027bf9e14ca3a96ce028e697bf50cd
textures/flatlist/ovr_stm/_win/w01a0_w07.bmp.ctxr,textures/flatlist/ovr_stm/_win,w01a0_w07.bmp.ctxr,w01a0_w07.bmp,ctxr,2796672,5126119226a4458672794af5d9a94c8181ce27fc
textures/flatlist/ovr_stm/_win/w01a0_w08.bmp.ctxr,textures/flatlist/ovr_stm/_win,w01a0_w08.bmp.ctxr,w01a0_w08.bmp,ctxr,2796672,7b99d147af62d421f822a2e7bb8969deb750c05c
textures/flatlist/ovr_stm/_win/w01a0_w09e.bmp.ctxr,textures/flatlist/ovr_stm/_win,w01a0_w09e.bmp.ctxr,w01a0_w09e.bmp,ctxr,1398560,bc469d98d2fd4d5407dbf52526080c8792b15582
textures/flatlist/ovr_stm/_win/w01a0_w09f.bmp.ctxr,textures/flatlist/ovr_stm/_win,w01a0_w09f.bmp.ctxr,w01a0_w09f.bmp,ctxr,699488,c8e3268b084ba4ec9a213f82282539e5b0ca9610
textures/flatlist/ovr_stm/_win/w01a0_w09g.bmp.ctxr,textures/flatlist/ovr_stm/_win,w01a0_w09g.bmp.ctxr,w01a0_w09g.bmp,ctxr,699488,4d87f7b572eb846896ce2e3b12f8f21e7727c184
textures/flatlist/ovr_stm/_win/w01a0_w10ad.bmp.ctxr,textures/flatlist/ovr_stm/_win,w01a0_w10ad.bmp.ctxr,w01a0_w10ad.bmp,ctxr,1398560,4b8d4bb82cda3a228880b5fa057fbe21b16f3353
textures/flatlist/ovr_stm/_win/w01a0_w10bd.bmp.ctxr,textures/flatlist/ovr_stm/_win,w01a0_w10bd.bmp.ctxr,w01a0_w10bd.bmp,ctxr,2796672,5792c4722202f8e4110596bd42d63a1e4b9a6301
textures/flatlist/ovr_stm/_win/w01a0_w10bu.bmp.ctxr,textures/flatlist/ovr_stm/_win,w01a0_w10bu.bmp.ctxr,w01a0_w10bu.bmp,ctxr,699488,819683698def5efa61034a9fc1ef63140c35e7b2
textures/flatlist/ovr_stm/_win/w01a0_w10cd.bmp.ctxr,textures/flatlist/ovr_stm/_win,w01a0_w10cd.bmp.ctxr,w01a0_w10cd.bmp,ctxr,2796672,06d83655daa1700a3f29f33dd484a525bda8ff0d
textures/flatlist/ovr_stm/_win/w01a0_w10cu.bmp.ctxr,textures/flatlist/ovr_stm/_win,w01a0_w10cu.bmp.ctxr,w01a0_w10cu.bmp,ctxr,699488,8a9522c8d35e553770a5e35b4acaa9a66fc840fb
textures/flatlist/ovr_stm/_win/w01a0_w10dd.bmp.ctxr,textures/flatlist/ovr_stm/_win,w01a0_w10dd.bmp.ctxr,w01a0_w10dd.bmp,ctxr,1398560,b2b7df19920b2fbdaf4e0899fdedd672ca3a00ae
textures/flatlist/ovr_stm/_win/w01a0_w10du.bmp.ctxr,textures/flatlist/ovr_stm/_win,w01a0_w10du.bmp.ctxr,w01a0_w10du.bmp,ctxr,349920,cdc064271a7e254de070fdce2cebcbb1bc3e14ec
textures/flatlist/ovr_stm/_win/w01a0_w10e.bmp.ctxr,textures/flatlist/ovr_stm/_win,w01a0_w10e.bmp.ctxr,w01a0_w10e.bmp,ctxr,699520,cb47f4726bac7793dd51b275f7af20373f560205
textures/flatlist/ovr_stm/_win/w01a0_w10f.bmp.ctxr,textures/flatlist/ovr_stm/_win,w01a0_w10f.bmp.ctxr,w01a0_w10f.bmp,ctxr,349984,1febeefb1caffcb3da812bcc910f15bbb758ca25
textures/flatlist/ovr_stm/_win/w01a0_w11.bmp.ctxr,textures/flatlist/ovr_stm/_win,w01a0_w11.bmp.ctxr,w01a0_w11.bmp,ctxr,699488,d1c0bbb7218303e9267f4995bd7cc15ea975878a
textures/flatlist/ovr_stm/_win/w01a0_w14a.bmp.ctxr,textures/flatlist/ovr_stm/_win,w01a0_w14a.bmp.ctxr,w01a0_w14a.bmp,ctxr,2796672,ef4c693c8132f39e80da3d52aa306ac776f3ed3b
textures/flatlist/ovr_stm/_win/w01a0_w15.bmp.ctxr,textures/flatlist/ovr_stm/_win,w01a0_w15.bmp.ctxr,w01a0_w15.bmp,ctxr,699520,7136b3d4c2f92ef16d047f40e468ffb882f20baf
textures/flatlist/ovr_stm/_win/w01a0_w15a.bmp.ctxr,textures/flatlist/ovr_stm/_win,w01a0_w15a.bmp.ctxr,w01a0_w15a.bmp,ctxr,699520,0061bc8051dfc6aebd014320a4be1e9181ae46dc
textures/flatlist/ovr_stm/_win/w01a0_w15b.bmp.ctxr,textures/flatlist/ovr_stm/_win,w01a0_w15b.bmp.ctxr,w01a0_w15b.bmp,ctxr,2796672,d02c6d0eb083adf13c99ad6564200d628caffcb5
textures/flatlist/ovr_stm/_win/w01a0_w16.bmp.ctxr,textures/flatlist/ovr_stm/_win,w01a0_w16.bmp.ctxr,w01a0_w16.bmp,ctxr,2796672,7b42163c0a5358fe3985c2c56d18fc97f82485a7
textures/flatlist/ovr_stm/_win/w01a0_wh00b.bmp.ctxr,textures/flatlist/ovr_stm/_win,w01a0_wh00b.bmp.ctxr,w01a0_wh00b.bmp,ctxr,699520,18823f2d5ca1b5568cb8e7d0ba6ee4d9e4218a9f
textures/flatlist/ovr_stm/_win/w01a0_wh01.bmp.ctxr,textures/flatlist/ovr_stm/_win,w01a0_wh01.bmp.ctxr,w01a0_wh01.bmp,ctxr,699520,82f1cd2b3fe393d3026110b466afd34df0dda6d9
textures/flatlist/ovr_stm/_win/w01a0_wh02.bmp.ctxr,textures/flatlist/ovr_stm/_win,w01a0_wh02.bmp.ctxr,w01a0_wh02.bmp,ctxr,699520,c5355c6d941901df6d0bf59abe1a51eeb14f3c22
textures/flatlist/ovr_stm/_win/w01a1_cfl00a.bmp.ctxr,textures/flatlist/ovr_stm/_win,w01a1_cfl00a.bmp.ctxr,w01a1_cfl00a.bmp,ctxr,2796672,638f2d6a85a06807a68de6b31c535bf1456f6461
textures/flatlist/ovr_stm/_win/w01a1_cfl01_bld095_ovl.bmp.ctxr,textures/flatlist/ovr_stm/_win,w01a1_cfl01_bld095_ovl.bmp.ctxr,w01a1_cfl01_bld095_ovl.bmp,ctxr,349952,4d29fe2375f1bb0f5fae3c81baaef8283044547c
textures/flatlist/ovr_stm/_win/w01a1_cw00.bmp.ctxr,textures/flatlist/ovr_stm/_win,w01a1_cw00.bmp.ctxr,w01a1_cw00.bmp,ctxr,2796672,1dfa9f9867667be215b03a64952e39afca174239
textures/flatlist/ovr_stm/_win/w01a1_cw00a.bmp.ctxr,textures/flatlist/ovr_stm/_win,w01a1_cw00a.bmp.ctxr,w01a1_cw00a.bmp,ctxr,2796672,426b413a08a6062f6001489a5171ecd3411fb1da
textures/flatlist/ovr_stm/_win/w01a1_cw00b.bmp.ctxr,textures/flatlist/ovr_stm/_win,w01a1_cw00b.bmp.ctxr,w01a1_cw00b.bmp,ctxr,1398560,e5c6254088ed16822594b0579f4fc0f67939008d
textures/flatlist/ovr_stm/_win/w01a1_cw01a.bmp.ctxr,textures/flatlist/ovr_stm/_win,w01a1_cw01a.bmp.ctxr,w01a1_cw01a.bmp,ctxr,5592864,c821e0ba3b54a8e9f6ad754b2e40796b3421d45a
textures/flatlist/ovr_stm/_win/w01a1_cw01b.bmp.ctxr,textures/flatlist/ovr_stm/_win,w01a1_cw01b.bmp.ctxr,w01a1_cw01b.bmp,ctxr,5592864,4d166c31d0eb2a553bd128a30b58b591187c3d23
textures/flatlist/ovr_stm/_win/w01a1_cw01c.bmp.ctxr,textures/flatlist/ovr_stm/_win,w01a1_cw01c.bmp.ctxr,w01a1_cw01c.bmp,ctxr,2796672,e07a52b5847a31d87efabdb6be7c34993b659028
textures/flatlist/ovr_stm/_win/w01a1_cw02.bmp.ctxr,textures/flatlist/ovr_stm/_win,w01a1_cw02.bmp.ctxr,w01a1_cw02.bmp,ctxr,699520,38320e4c1a6ede10468c6bdd4b53dbf32b81ecc7
textures/flatlist/ovr_stm/_win/w01a1_cw02a.bmp.ctxr,textures/flatlist/ovr_stm/_win,w01a1_cw02a.bmp.ctxr,w01a1_cw02a.bmp,ctxr,1398560,ad4dded8999f8b2703bd7f4e6fb53ffa9c1bcc20
textures/flatlist/ovr_stm/_win/w01a1_glswl00.bmp.ctxr,textures/flatlist/ovr_stm/_win,w01a1_glswl00.bmp.ctxr,w01a1_glswl00.bmp,ctxr,349920,97fd9d8d374c132074c0fdb64ff131d209b01a5a
textures/flatlist/ovr_stm/_win/w01a1_glswl01.bmp.ctxr,textures/flatlist/ovr_stm/_win,w01a1_glswl01.bmp.ctxr,w01a1_glswl01.bmp,ctxr,349952,f1a95cf471efe92006cfb8599483a09906dcc430
textures/flatlist/ovr_stm/_win/w01a1_glswl02.bmp.ctxr,textures/flatlist/ovr_stm/_win,w01a1_glswl02.bmp.ctxr,w01a1_glswl02.bmp,ctxr,699488,0cd9d35bb0ff07008e404936e43ad8b4ecb9f196
textures/flatlist/ovr_stm/_win/w01a1_rfc00.bmp.ctxr,textures/flatlist/ovr_stm/_win,w01a1_rfc00.bmp.ctxr,w01a1_rfc00.bmp,ctxr,699488,d1dacad30156c9c98ca386eed08fdf13f7624f5a
textures/flatlist/ovr_stm/_win/w01a1_tb00.bmp.ctxr,textures/flatlist/ovr_stm/_win,w01a1_tb00.bmp.ctxr,w01a1_tb00.bmp,ctxr,44064,0d12166576063e0bb206bdbbb26873c0dbd3b733
textures/flatlist/ovr_stm/_win/w01a1_tb01.bmp.ctxr,textures/flatlist/ovr_stm/_win,w01a1_tb01.bmp.ctxr,w01a1_tb01.bmp,ctxr,349920,c604ccef17c0622c06cf6fae299181c3a594ff99
textures/flatlist/ovr_stm/_win/w01a1_wb00_bld090_ovl.bmp.ctxr,textures/flatlist/ovr_stm/_win,w01a1_wb00_bld090_ovl.bmp.ctxr,w01a1_wb00_bld090_ovl.bmp,ctxr,349952,bec9bad64e32b52b1a02f129e5931c7e4e9059d1
textures/flatlist/ovr_stm/_win/w01a1_wb02_bld090_ovl.bmp.ctxr,textures/flatlist/ovr_stm/_win,w01a1_wb02_bld090_ovl.bmp.ctxr,w01a1_wb02_bld090_ovl.bmp,ctxr,699488,fc959b31e4f6d3b19aeeb707d2ccfc558879e3aa
textures/flatlist/ovr_stm/_win/w01a1_wb03.bmp.ctxr,textures/flatlist/ovr_stm/_win,w01a1_wb03.bmp.ctxr,w01a1_wb03.bmp,ctxr,349952,59b24d5739bf1a15dd4d7fdf27d0fd3404349a45
textures/flatlist/ovr_stm/_win/w01a1_wb03b.bmp.ctxr,textures/flatlist/ovr_stm/_win,w01a1_wb03b.bmp.ctxr,w01a1_wb03b.bmp,ctxr,349952,8a2453f0a50a672c5635dba52f3e2f46186c0a99
textures/flatlist/ovr_stm/_win/w01a1_wlp00.bmp.ctxr,textures/flatlist/ovr_stm/_win,w01a1_wlp00.bmp.ctxr,w01a1_wlp00.bmp,ctxr,349920,01dd85bec9afd1f726aa75eea69fd3b3cec7d141
textures/flatlist/ovr_stm/_win/w01a1_wlp01.bmp.ctxr,textures/flatlist/ovr_stm/_win,w01a1_wlp01.bmp.ctxr,w01a1_wlp01.bmp,ctxr,699488,98035d1c0caaae4ce2daced9d464e79fb197c05d
textures/flatlist/ovr_stm/_win/w01a1_wlu00.bmp.ctxr,textures/flatlist/ovr_stm/_win,w01a1_wlu00.bmp.ctxr,w01a1_wlu00.bmp,ctxr,349984,3fed19058f6776190ef94a77a8ae29ddfcaa51a4
textures/flatlist/ovr_stm/_win/w01alc_gmen3.bmp.ctxr,textures/flatlist/ovr_stm/_win,w01alc_gmen3.bmp.ctxr,w01alc_gmen3.bmp,ctxr,5592864,f4b4432108cc096c5b280e7c2d417060c49f8407
textures/flatlist/ovr_stm/_win/w01alc_tes1.bmp.ctxr,textures/flatlist/ovr_stm/_win,w01alc_tes1.bmp.ctxr,w01alc_tes1.bmp,ctxr,5592864,49e706f81568998debf9bd2b9d8b125e17dc5fcf
textures/flatlist/ovr_stm/_win/w01alc_tes2.bmp.ctxr,textures/flatlist/ovr_stm/_win,w01alc_tes2.bmp.ctxr,w01alc_tes2.bmp,ctxr,5592864,d8ce34d5f38090ffd320ee315f6f6e583167fd0a
textures/flatlist/ovr_stm/_win/w01alc_tes3.bmp.ctxr,textures/flatlist/ovr_stm/_win,w01alc_tes3.bmp.ctxr,w01alc_tes3.bmp,ctxr,5592864,5f82562ab34211e567ee6facffb06435878af371
textures/flatlist/ovr_stm/_win/w01a_barc_02.bmp.ctxr,textures/flatlist/ovr_stm/_win,w01a_barc_02.bmp.ctxr,w01a_barc_02.bmp,ctxr,699488,0078eaad8355782f79161fd436db6d79e400726f
textures/flatlist/ovr_stm/_win/w01a_bardr00.bmp.ctxr,textures/flatlist/ovr_stm/_win,w01a_bardr00.bmp.ctxr,w01a_bardr00.bmp,ctxr,349920,391fc9a26ee54344514957e067bdff9e30650fa4
textures/flatlist/ovr_stm/_win/w01a_barwl02.bmp.ctxr,textures/flatlist/ovr_stm/_win,w01a_barwl02.bmp.ctxr,w01a_barwl02.bmp,ctxr,349920,aaeab413db9b19ba23bd075a771d2f42d3f44f6a
textures/flatlist/ovr_stm/_win/w01a_chrb00.bmp.ctxr,textures/flatlist/ovr_stm/_win,w01a_chrb00.bmp.ctxr,w01a_chrb00.bmp,ctxr,349920,20cdeb9a0c44cbbe5669698127248c9d495d1ae9
textures/flatlist/ovr_stm/_win/w01a_chrb01.bmp.ctxr,textures/flatlist/ovr_stm/_win,w01a_chrb01.bmp.ctxr,w01a_chrb01.bmp,ctxr,175168,3acd156f8c0ab40bb53ba90a98728fffeea1052e
textures/flatlist/ovr_stm/_win/w01a_dr04a.bmp.ctxr,textures/flatlist/ovr_stm/_win,w01a_dr04a.bmp.ctxr,w01a_dr04a.bmp,ctxr,699488,405b4b483a24872ae92a5960c833f3ba33d1363d
textures/flatlist/ovr_stm/_win/w01a_fl00a_bld090_ovl.bmp.ctxr,textures/flatlist/ovr_stm/_win,w01a_fl00a_bld090_ovl.bmp.ctxr,w01a_fl00a_bld090_ovl.bmp,ctxr,5592864,b3387be4136a19487095aa4af3f1789fe1eaf153
textures/flatlist/ovr_stm/_win/w01a_fl00b_bld090_ovl.bmp.ctxr,textures/flatlist/ovr_stm/_win,w01a_fl00b_bld090_ovl.bmp.ctxr,w01a_fl00b_bld090_ovl.bmp,ctxr,2796672,d22e01740049e19c6327aaf9f8c4ea6bbe56b9b8
textures/flatlist/ovr_stm/_win/w01a_fl00c_bld090_ovl.bmp.ctxr,textures/flatlist/ovr_stm/_win,w01a_fl00c_bld090_ovl.bmp.ctxr,w01a_fl00c_bld090_ovl.bmp,ctxr,5592864,d8825be9fc15648779f18157ae37ff68fa209f2b
textures/flatlist/ovr_stm/_win/w01a_fl00d_bld090_ovl.bmp.ctxr,textures/flatlist/ovr_stm/_win,w01a_fl00d_bld090_ovl.bmp.ctxr,w01a_fl00d_bld090_ovl.bmp,ctxr,5592864,1388f21017b664627e282a9623ead965c0f40f98
textures/flatlist/ovr_stm/_win/w01a_fl00e_bld090_ovl.bmp.ctxr,textures/flatlist/ovr_stm/_win,w01a_fl00e_bld090_ovl.bmp.ctxr,w01a_fl00e_bld090_ovl.bmp,ctxr,2796672,8f075e278724df85591699ee75b22c2c5146301a
textures/flatlist/ovr_stm/_win/w01a_fl00f_bld090_ovl.bmp.ctxr,textures/flatlist/ovr_stm/_win,w01a_fl00f_bld090_ovl.bmp.ctxr,w01a_fl00f_bld090_ovl.bmp,ctxr,2796672,bf50de6874e4cfd5968b571ab07107054f87f0d0
textures/flatlist/ovr_stm/_win/w01a_fl00g_bld090_ovl.bmp.ctxr,textures/flatlist/ovr_stm/_win,w01a_fl00g_bld090_ovl.bmp.ctxr,w01a_fl00g_bld090_ovl.bmp,ctxr,5592864,8ef83872bb8a3e833c428082c94ebbe2b1d4480c
textures/flatlist/ovr_stm/_win/w01a_fl00h_bld090_ovl.bmp.ctxr,textures/flatlist/ovr_stm/_win,w01a_fl00h_bld090_ovl.bmp.ctxr,w01a_fl00h_bld090_ovl.bmp,ctxr,2796672,e2f5888fa04f52e6c62113eb3e066f92e1d68e0a
textures/flatlist/ovr_stm/_win/w01a_fl00i_bld090_ovl.bmp.ctxr,textures/flatlist/ovr_stm/_win,w01a_fl00i_bld090_ovl.bmp.ctxr,w01a_fl00i_bld090_ovl.bmp,ctxr,5592864,7ff1661d839c5cd600ab9dd6e4948312fb374fff
textures/flatlist/ovr_stm/_win/w01a_fl02a_bld090_ovl.bmp.ctxr,textures/flatlist/ovr_stm/_win,w01a_fl02a_bld090_ovl.bmp.ctxr,w01a_fl02a_bld090_ovl.bmp,ctxr,5592864,b6a148dca1494d759b28aeb4ffe5ca6a36d5520d
textures/flatlist/ovr_stm/_win/w01a_fl02b_bld090_ovl.bmp.ctxr,textures/flatlist/ovr_stm/_win,w01a_fl02b_bld090_ovl.bmp.ctxr,w01a_fl02b_bld090_ovl.bmp,ctxr,2796672,c0bd5b2f3cc7a4b8682630bdc94e16c1de5328e0
textures/flatlist/ovr_stm/_win/w01a_fl02c_bld090_ovl.bmp.ctxr,textures/flatlist/ovr_stm/_win,w01a_fl02c_bld090_ovl.bmp.ctxr,w01a_fl02c_bld090_ovl.bmp,ctxr,2796672,5e9cff028627801160cfc3c669d6d3c356e2e3b9
textures/flatlist/ovr_stm/_win/w01a_fl02d_bld090_ovl.bmp.ctxr,textures/flatlist/ovr_stm/_win,w01a_fl02d_bld090_ovl.bmp.ctxr,w01a_fl02d_bld090_ovl.bmp,ctxr,1398528,efb74e3ba2512f2617ef6fbcb6a5a86242d7c83f
textures/flatlist/ovr_stm/_win/w01a_fl02e_bld090_ovl.bmp.ctxr,textures/flatlist/ovr_stm/_win,w01a_fl02e_bld090_ovl.bmp.ctxr,w01a_fl02e_bld090_ovl.bmp,ctxr,1398560,5a185929c3e32f72fad22ae9f2227e6029607cd3
textures/flatlist/ovr_stm/_win/w01a_stp00b.bmp.ctxr,textures/flatlist/ovr_stm/_win,w01a_stp00b.bmp.ctxr,w01a_stp00b.bmp,ctxr,87744,322e79bcd747cb81a86bc66780cde3fcbda40bab
textures/flatlist/ovr_stm/_win/w01a_w16b.bmp.ctxr,textures/flatlist/ovr_stm/_win,w01a_w16b.bmp.ctxr,w01a_w16b.bmp,ctxr,2796672,55c0786971a9d6a05076e6ac463c60aac9e109a1
textures/flatlist/ovr_stm/_win/w01b0_wa05d.bmp.ctxr,textures/flatlist/ovr_stm/_win,w01b0_wa05d.bmp.ctxr,w01b0_wa05d.bmp,ctxr,1398560,b835f6714459f53ff3a547d2606b05c0432224f8
textures/flatlist/ovr_stm/_win/w01b_flb00_bld080_ovl.bmp.ctxr,textures/flatlist/ovr_stm/_win,w01b_flb00_bld080_ovl.bmp.ctxr,w01b_flb00_bld080_ovl.bmp,ctxr,11185312,3783269372b8695f96fcfa69d775aa1c406208c6
textures/flatlist/ovr_stm/_win/w01b_flc00.bmp.ctxr,textures/flatlist/ovr_stm/_win,w01b_flc00.bmp.ctxr,w01b_flc00.bmp,ctxr,2796672,cfb70109e951ea66a0ebb1248d7ec8d8e708ceb3
textures/flatlist/ovr_stm/_win/w01b_flc00b.bmp.ctxr,textures/flatlist/ovr_stm/_win,w01b_flc00b.bmp.ctxr,w01b_flc00b.bmp,ctxr,175200,ffaa687b7f9a5ae0667497929a3f057b20b0a5aa
textures/flatlist/ovr_stm/_win/w01b_flc00c.bmp.ctxr,textures/flatlist/ovr_stm/_win,w01b_flc00c.bmp.ctxr,w01b_flc00c.bmp,ctxr,699488,27ee783a760f704d7261e3164bcbbc393a97c0be
textures/flatlist/ovr_stm/_win/w01b_flc00d.bmp.ctxr,textures/flatlist/ovr_stm/_win,w01b_flc00d.bmp.ctxr,w01b_flc00d.bmp,ctxr,699488,8ca3c68954398f91c1b68c2f0a61bfd97a9fc7af
textures/flatlist/ovr_stm/_win/w01b_rfa00.bmp.ctxr,textures/flatlist/ovr_stm/_win,w01b_rfa00.bmp.ctxr,w01b_rfa00.bmp,ctxr,699488,109edc3d34e1688c981a297be40a8daccbaec6f9
textures/flatlist/ovr_stm/_win/w01b_rfa00a.bmp.ctxr,textures/flatlist/ovr_stm/_win,w01b_rfa00a.bmp.ctxr,w01b_rfa00a.bmp,ctxr,699488,b947328fc60ad57d49ba0298bdf7365c383949c2
textures/flatlist/ovr_stm/_win/w01b_rfa02a.bmp.ctxr,textures/flatlist/ovr_stm/_win,w01b_rfa02a.bmp.ctxr,w01b_rfa02a.bmp,ctxr,1398528,43782e9f74670b5402b38be4ebe7875eeea9c545
textures/flatlist/ovr_stm/_win/w01b_rfa04a.bmp.ctxr,textures/flatlist/ovr_stm/_win,w01b_rfa04a.bmp.ctxr,w01b_rfa04a.bmp,ctxr,349952,5eb05d2f255f3ed3dc777b84fbb6ff18cdacdf47
textures/flatlist/ovr_stm/_win/w01b_wa05e.bmp.ctxr,textures/flatlist/ovr_stm/_win,w01b_wa05e.bmp.ctxr,w01b_wa05e.bmp,ctxr,349952,be649f7e1eb8635c24af31d72b148dfd6b933c38
textures/flatlist/ovr_stm/_win/w01b_wa06a_bld080_ovl.bmp.ctxr,textures/flatlist/ovr_stm/_win,w01b_wa06a_bld080_ovl.bmp.ctxr,w01b_wa06a_bld080_ovl.bmp,ctxr,1398560,6ba5e8535a657780ee8e1db62fccc911fd1bcfb6
textures/flatlist/ovr_stm/_win/w01b_wa06b_bld080_ovl.bmp.ctxr,textures/flatlist/ovr_stm/_win,w01b_wa06b_bld080_ovl.bmp.ctxr,w01b_wa06b_bld080_ovl.bmp,ctxr,1398560,0e4a118ef441ccb00792ec56a5478f074ca08760
textures/flatlist/ovr_stm/_win/w01b_wa06_bld080_ovl.bmp.ctxr,textures/flatlist/ovr_stm/_win,w01b_wa06_bld080_ovl.bmp.ctxr,w01b_wa06_bld080_ovl.bmp,ctxr,1398560,0bf837775e2e581bba5cd3e3efe4770ad95d3de1
textures/flatlist/ovr_stm/_win/w01b_wb00a.bmp.ctxr,textures/flatlist/ovr_stm/_win,w01b_wb00a.bmp.ctxr,w01b_wb00a.bmp,ctxr,1398560,60f3055b745b317329fe6a7b919ca00565c82034
textures/flatlist/ovr_stm/_win/w01b_wb00b.bmp.ctxr,textures/flatlist/ovr_stm/_win,w01b_wb00b.bmp.ctxr,w01b_wb00b.bmp,ctxr,1398560,5b07e4188d072a1f35a00cd11d6d2efd8e1eecbc
textures/flatlist/ovr_stm/_win/w01b_wb03.bmp_6ef77a2ce547246938dd483099ada51f.ctxr,textures/flatlist/ovr_stm/_win,w01b_wb03.bmp_6ef77a2ce547246938dd483099ada51f.ctxr,w01b_wb03.bmp_6ef77a2ce547246938dd483099ada51f,ctxr,349920,d9df07fbbbca4739675b0a6a6f325f08a2caa057
textures/flatlist/ovr_stm/_win/w01b_wc00j.bmp.ctxr,textures/flatlist/ovr_stm/_win,w01b_wc00j.bmp.ctxr,w01b_wc00j.bmp,ctxr,349920,7df9e72984d2c136d53c22db68190486b0889085
textures/flatlist/ovr_stm/_win/w01b_wc00k.bmp.ctxr,textures/flatlist/ovr_stm/_win,w01b_wc00k.bmp.ctxr,w01b_wc00k.bmp,ctxr,349920,9b621507561736f4b3ef8d8a9c842b604378545c
textures/flatlist/ovr_stm/_win/w01b_wc01a.bmp.ctxr,textures/flatlist/ovr_stm/_win,w01b_wc01a.bmp.ctxr,w01b_wc01a.bmp,ctxr,699488,415fa2e0a1447cc9aa12dfb0185afa129f684b7d
textures/flatlist/ovr_stm/_win/w01b_wc01b.bmp.ctxr,textures/flatlist/ovr_stm/_win,w01b_wc01b.bmp.ctxr,w01b_wc01b.bmp,ctxr,349920,4926abf47c1c5b1316dd2e3d25f499118b1baade
textures/flatlist/ovr_stm/_win/w01b_wc05a.bmp.ctxr,textures/flatlist/ovr_stm/_win,w01b_wc05a.bmp.ctxr,w01b_wc05a.bmp,ctxr,699488,f27fb5de459339b3544492d779853185da603026
textures/flatlist/ovr_stm/_win/w01b_wc05b.bmp.ctxr,textures/flatlist/ovr_stm/_win,w01b_wc05b.bmp.ctxr,w01b_wc05b.bmp,ctxr,349920,78697f0921a4a6413b7430aeb022ac0d88612a4c
textures/flatlist/ovr_stm/_win/w01b_wc07.bmp.ctxr,textures/flatlist/ovr_stm/_win,w01b_wc07.bmp.ctxr,w01b_wc07.bmp,ctxr,2796672,8228e6772bff1ee95e6e5e68c4e7e9bb9da3d551
textures/flatlist/ovr_stm/_win/w01b_wc11a.bmp.ctxr,textures/flatlist/ovr_stm/_win,w01b_wc11a.bmp.ctxr,w01b_wc11a.bmp,ctxr,699488,e3d0a861d2d5d83c9a24d0122c3bc718f76a89d4
textures/flatlist/ovr_stm/_win/w01b_wc11b.bmp.ctxr,textures/flatlist/ovr_stm/_win,w01b_wc11b.bmp.ctxr,w01b_wc11b.bmp,ctxr,349920,9d275e95e0f1eab9db508d87d3f476afbbf09d1b
textures/flatlist/ovr_stm/_win/w01b_wc12a.bmp.ctxr,textures/flatlist/ovr_stm/_win,w01b_wc12a.bmp.ctxr,w01b_wc12a.bmp,ctxr,699488,e426b036c9b5bacd00bc814cdc740ef10b29a098
textures/flatlist/ovr_stm/_win/w01b_wc12b.bmp.ctxr,textures/flatlist/ovr_stm/_win,w01b_wc12b.bmp.ctxr,w01b_wc12b.bmp,ctxr,349920,f2459f5d5cfd12cc9b0b31100207d574c6590787
textures/flatlist/ovr_stm/_win/w01b_wc13a.bmp.ctxr,textures/flatlist/ovr_stm/_win,w01b_wc13a.bmp.ctxr,w01b_wc13a.bmp,ctxr,699488,81c09f6a749f94241c22c3aa56a09ad53f8bce06
textures/flatlist/ovr_stm/_win/w01b_wlp03_bld075_ovl.bmp.ctxr,textures/flatlist/ovr_stm/_win,w01b_wlp03_bld075_ovl.bmp.ctxr,w01b_wlp03_bld075_ovl.bmp,ctxr,349920,ec8cf716907e8154a183f4551c1f9aaadd875f19
textures/flatlist/ovr_stm/_win/w01c_ami_alp_ovl.bmp.ctxr,textures/flatlist/ovr_stm/_win,w01c_ami_alp_ovl.bmp.ctxr,w01c_ami_alp_ovl.bmp,ctxr,175168,f20270dd0f0d510012a9ab2827b676a73d26060d
textures/flatlist/ovr_stm/_win/w01c_ana00.bmp.ctxr,textures/flatlist/ovr_stm/_win,w01c_ana00.bmp.ctxr,w01c_ana00.bmp,ctxr,2796672,346374212326f9141416617c6cf290ea4a058aae
textures/flatlist/ovr_stm/_win/w01c_box00.bmp.ctxr,textures/flatlist/ovr_stm/_win,w01c_box00.bmp.ctxr,w01c_box00.bmp,ctxr,699488,1cb701b8f946da1e28c487e1b4cf40c0440c7beb
textures/flatlist/ovr_stm/_win/w01c_box00a.bmp.ctxr,textures/flatlist/ovr_stm/_win,w01c_box00a.bmp.ctxr,w01c_box00a.bmp,ctxr,87776,effbf379f438f5e90b867fcb3c5e937ca5e66099
textures/flatlist/ovr_stm/_win/w01c_box00b.bmp.ctxr,textures/flatlist/ovr_stm/_win,w01c_box00b.bmp.ctxr,w01c_box00b.bmp,ctxr,175200,68f4f84fa73da1cf9056f91fe84b04106bbca99f
textures/flatlist/ovr_stm/_win/w01c_ent01d.bmp.ctxr,textures/flatlist/ovr_stm/_win,w01c_ent01d.bmp.ctxr,w01c_ent01d.bmp,ctxr,349984,ffae32979371085834f16935ddf3f4c372d18dae
textures/flatlist/ovr_stm/_win/w01c_flp00_bld095_ovl.bmp.ctxr,textures/flatlist/ovr_stm/_win,w01c_flp00_bld095_ovl.bmp.ctxr,w01c_flp00_bld095_ovl.bmp,ctxr,349952,6381fa47957c009692073a20d31c1ef7ae92e238
textures/flatlist/ovr_stm/_win/w01c_pnl00.bmp.ctxr,textures/flatlist/ovr_stm/_win,w01c_pnl00.bmp.ctxr,w01c_pnl00.bmp,ctxr,699488,0705e6aefda0d04d476143d63a0a7fa58191c5a0
textures/flatlist/ovr_stm/_win/w01c_pp01.bmp.ctxr,textures/flatlist/ovr_stm/_win,w01c_pp01.bmp.ctxr,w01c_pp01.bmp,ctxr,699488,622f388bfe6e08e910d374987081974db5ecdc59
textures/flatlist/ovr_stm/_win/w01c_pp01a.bmp.ctxr,textures/flatlist/ovr_stm/_win,w01c_pp01a.bmp.ctxr,w01c_pp01a.bmp,ctxr,699488,8a288fa202a248b716fe33550a23bdf89a421b4c
textures/flatlist/ovr_stm/_win/w01c_pp02.bmp.ctxr,textures/flatlist/ovr_stm/_win,w01c_pp02.bmp.ctxr,w01c_pp02.bmp,ctxr,699488,5275b596c738b46c347e03aaebfbd0c7f0d73c5b
textures/flatlist/ovr_stm/_win/w01c_rf01.bmp.ctxr,textures/flatlist/ovr_stm/_win,w01c_rf01.bmp.ctxr,w01c_rf01.bmp,ctxr,699488,f6d11748f46bb038d4731addedca487bd19fedb2
textures/flatlist/ovr_stm/_win/w01c_rf01a.bmp.ctxr,textures/flatlist/ovr_stm/_win,w01c_rf01a.bmp.ctxr,w01c_rf01a.bmp,ctxr,699488,dd7b79506d129b50a52ff3f9804cceeeb03dbf69
textures/flatlist/ovr_stm/_win/w01c_rfb00.bmp.ctxr,textures/flatlist/ovr_stm/_win,w01c_rfb00.bmp.ctxr,w01c_rfb00.bmp,ctxr,349920,b002e87bd312a3c699a1564f12166dbc647fd302
textures/flatlist/ovr_stm/_win/w01c_rfb04.bmp.ctxr,textures/flatlist/ovr_stm/_win,w01c_rfb04.bmp.ctxr,w01c_rfb04.bmp,ctxr,2796672,97aadcd4a6112d18bfe3869ef7733b432a50440c
textures/flatlist/ovr_stm/_win/w01c_rfc00.bmp.ctxr,textures/flatlist/ovr_stm/_win,w01c_rfc00.bmp.ctxr,w01c_rfc00.bmp,ctxr,2796672,0ba1163c00c9a719480f8ead0438962cf256a16b
textures/flatlist/ovr_stm/_win/w01c_wa04.bmp.ctxr,textures/flatlist/ovr_stm/_win,w01c_wa04.bmp.ctxr,w01c_wa04.bmp,ctxr,699488,9193f4078a60eba47e20c4634b9cf4583aa73315
textures/flatlist/ovr_stm/_win/w01c_wb02.bmp.ctxr,textures/flatlist/ovr_stm/_win,w01c_wb02.bmp.ctxr,w01c_wb02.bmp,ctxr,699488,ae9e50cc4fba4a99b18daa6fd41b2e292be80710
textures/flatlist/ovr_stm/_win/w01c_wb02a.bmp.ctxr,textures/flatlist/ovr_stm/_win,w01c_wb02a.bmp.ctxr,w01c_wb02a.bmp,ctxr,699488,cf68a4577da226b6d2f8969305b282d5f34221cb
textures/flatlist/ovr_stm/_win/w01c_wb03a.bmp.ctxr,textures/flatlist/ovr_stm/_win,w01c_wb03a.bmp.ctxr,w01c_wb03a.bmp,ctxr,2796672,ce2fce8d3124007a51c14f738710335ffa33f77a
textures/flatlist/ovr_stm/_win/w01c_wb03e.bmp.ctxr,textures/flatlist/ovr_stm/_win,w01c_wb03e.bmp.ctxr,w01c_wb03e.bmp,ctxr,2796672,9b64d93be7edb4f8821d5c796b29c0ed0090b2bf
textures/flatlist/ovr_stm/_win/w01c_wb03e2.bmp.ctxr,textures/flatlist/ovr_stm/_win,w01c_wb03e2.bmp.ctxr,w01c_wb03e2.bmp,ctxr,1398528,03af95542f0d435b161c613f9297e0b15b5deb9a
textures/flatlist/ovr_stm/_win/w01c_wlp01a.bmp.ctxr,textures/flatlist/ovr_stm/_win,w01c_wlp01a.bmp.ctxr,w01c_wlp01a.bmp,ctxr,175200,5ef7fdcf939148510e85ad0030277599f542e4cd
textures/flatlist/ovr_stm/_win/w01d1_dr00.bmp.ctxr,textures/flatlist/ovr_stm/_win,w01d1_dr00.bmp.ctxr,w01d1_dr00.bmp,ctxr,1398528,fb853b12ac14533945becc274b288d16ef8f617f
textures/flatlist/ovr_stm/_win/w01d1_flc00a.bmp.ctxr,textures/flatlist/ovr_stm/_win,w01d1_flc00a.bmp.ctxr,w01d1_flc00a.bmp,ctxr,1398528,8fb7fbf58d7c6e710231f31d56fbcf0fbb4997ed
textures/flatlist/ovr_stm/_win/w01d1_flc00b.bmp.ctxr,textures/flatlist/ovr_stm/_win,w01d1_flc00b.bmp.ctxr,w01d1_flc00b.bmp,ctxr,1398560,638bb9787c47146948b6df1fad0cd2c089cae85a
textures/flatlist/ovr_stm/_win/w01d1_rfb00.bmp.ctxr,textures/flatlist/ovr_stm/_win,w01d1_rfb00.bmp.ctxr,w01d1_rfb00.bmp,ctxr,1398528,3d5701e272a3d32b6f5a56b14ebd053bebaafd7b
textures/flatlist/ovr_stm/_win/w01d1_rfb01.bmp.ctxr,textures/flatlist/ovr_stm/_win,w01d1_rfb01.bmp.ctxr,w01d1_rfb01.bmp,ctxr,699488,7a425ba6255d82218c5a34b5435da43306a69708
textures/flatlist/ovr_stm/_win/w01d1_wb00.bmp.ctxr,textures/flatlist/ovr_stm/_win,w01d1_wb00.bmp.ctxr,w01d1_wb00.bmp,ctxr,2796672,51db688c0467d73e5da66e77746d4206184c6c9a
textures/flatlist/ovr_stm/_win/w01d1_wb00b.bmp.ctxr,textures/flatlist/ovr_stm/_win,w01d1_wb00b.bmp.ctxr,w01d1_wb00b.bmp,ctxr,1398560,034e7c27deaeb457a2eab03b6c6b22d5dd2b7621
textures/flatlist/ovr_stm/_win/w01d_soko_flour_new.bmp.ctxr,textures/flatlist/ovr_stm/_win,w01d_soko_flour_new.bmp.ctxr,w01d_soko_flour_new.bmp,ctxr,11185312,6fcd2049396228559a9a3ef5f998c136f4093b75
textures/flatlist/ovr_stm/_win/w01e_com01_b.bmp.ctxr,textures/flatlist/ovr_stm/_win,w01e_com01_b.bmp.ctxr,w01e_com01_b.bmp,ctxr,699488,adeb89bf92525a74e60f93c593c063276999a17f
textures/flatlist/ovr_stm/_win/w01e_com01_s.bmp.ctxr,textures/flatlist/ovr_stm/_win,w01e_com01_s.bmp.ctxr,w01e_com01_s.bmp,ctxr,349952,45a56cba0d8b22ff413ba68d25443a559152c62b
textures/flatlist/ovr_stm/_win/w01e_com02_f.bmp.ctxr,textures/flatlist/ovr_stm/_win,w01e_com02_f.bmp.ctxr,w01e_com02_f.bmp,ctxr,699488,9304c4f15e2a8e8cdd30ecffe821f4d97d83db78
textures/flatlist/ovr_stm/_win/w01e_com02_t.bmp_8ba0dcecf451a0857ea0e90f903b3946.ctxr,textures/flatlist/ovr_stm/_win,w01e_com02_t.bmp_8ba0dcecf451a0857ea0e90f903b3946.ctxr,w01e_com02_t.bmp_8ba0dcecf451a0857ea0e90f903b3946,ctxr,1398560,22d78dd8b8885f352042ef7abe930e9aeaa02c29
textures/flatlist/ovr_stm/_win/w01e_com03_s.bmp.ctxr,textures/flatlist/ovr_stm/_win,w01e_com03_s.bmp.ctxr,w01e_com03_s.bmp,ctxr,349952,bcc7330a5eafb6773ee9cacb82aa3c4602ff57a2
textures/flatlist/ovr_stm/_win/w01e_com04_f.bmp.ctxr,textures/flatlist/ovr_stm/_win,w01e_com04_f.bmp.ctxr,w01e_com04_f.bmp,ctxr,1398560,3ea2f57633833298a7ff2354aee6370abd0cdb92
textures/flatlist/ovr_stm/_win/w01e_comp3_blkplate.bmp.ctxr,textures/flatlist/ovr_stm/_win,w01e_comp3_blkplate.bmp.ctxr,w01e_comp3_blkplate.bmp,ctxr,349952,7ca8f3df578d502d10dd68b779cacd5ef5fe2c88
textures/flatlist/ovr_stm/_win/w01e_comp3_f.bmp.ctxr,textures/flatlist/ovr_stm/_win,w01e_comp3_f.bmp.ctxr,w01e_comp3_f.bmp,ctxr,699488,bf0eb6928f9b61a27b5a3dafaabddc21fcb46713
textures/flatlist/ovr_stm/_win/w01e_comp3_s.bmp.ctxr,textures/flatlist/ovr_stm/_win,w01e_comp3_s.bmp.ctxr,w01e_comp3_s.bmp,ctxr,349952,23098f9c23d3f654d36b483bb0b685715549a750
textures/flatlist/ovr_stm/_win/w01e_deck_t2_alp_ovl.bmp.ctxr,textures/flatlist/ovr_stm/_win,w01e_deck_t2_alp_ovl.bmp.ctxr,w01e_deck_t2_alp_ovl.bmp,ctxr,699488,cefbb078b315f268e6202e76e5e9d78b8f6de4c1
textures/flatlist/ovr_stm/_win/w01e_drwl_b.bmp.ctxr,textures/flatlist/ovr_stm/_win,w01e_drwl_b.bmp.ctxr,w01e_drwl_b.bmp,ctxr,1398528,f8eb6f77cb9abdd7c794164921b3a8564f286a03
textures/flatlist/ovr_stm/_win/w01e_floor1_alp_ovl.bmp.ctxr,textures/flatlist/ovr_stm/_win,w01e_floor1_alp_ovl.bmp.ctxr,w01e_floor1_alp_ovl.bmp,ctxr,1398528,5db8051d6b520ab7d8b00bba00834160b2e9ff7a
textures/flatlist/ovr_stm/_win/w01e_floor2_alp_ovl.bmp.ctxr,textures/flatlist/ovr_stm/_win,w01e_floor2_alp_ovl.bmp.ctxr,w01e_floor2_alp_ovl.bmp,ctxr,699488,06f564adc2eea033be600be6cf7ef198b054f985
textures/flatlist/ovr_stm/_win/w01e_meter01.bmp.ctxr,textures/flatlist/ovr_stm/_win,w01e_meter01.bmp.ctxr,w01e_meter01.bmp,ctxr,349952,8126085e8203e53bb1da5117ced7446e2fc1bbb8
textures/flatlist/ovr_stm/_win/w01e_panel02.bmp.ctxr,textures/flatlist/ovr_stm/_win,w01e_panel02.bmp.ctxr,w01e_panel02.bmp,ctxr,175168,b8cd859654d26c898f83b343be7b35d6087d7b0f
textures/flatlist/ovr_stm/_win/w01e_panel2_bld80_ovl.bmp.ctxr,textures/flatlist/ovr_stm/_win,w01e_panel2_bld80_ovl.bmp.ctxr,w01e_panel2_bld80_ovl.bmp,ctxr,5592864,10879b70830be9b1530b38113dbce5171bfcef56
textures/flatlist/ovr_stm/_win/w01e_panel_bld80_ovl.bmp.ctxr,textures/flatlist/ovr_stm/_win,w01e_panel_bld80_ovl.bmp.ctxr,w01e_panel_bld80_ovl.bmp,ctxr,699488,6d49f844b5d2ca6b57e10057a3fa5f5a2a84d945
textures/flatlist/ovr_stm/_win/w01e_rf01_bld80_ovl.bmp_86291923fbc81da8d810fe8a4f98600d.ctxr,textures/flatlist/ovr_stm/_win,w01e_rf01_bld80_ovl.bmp_86291923fbc81da8d810fe8a4f98600d.ctxr,w01e_rf01_bld80_ovl.bmp_86291923fbc81da8d810fe8a4f98600d,ctxr,1398528,90ccae13ed2468f4438763af3214546725e39a9d
textures/flatlist/ovr_stm/_win/w01e_rf_obj01.bmp_8aa481574227a8f769b24d7af4556fb5.ctxr,textures/flatlist/ovr_stm/_win,w01e_rf_obj01.bmp_8aa481574227a8f769b24d7af4556fb5.ctxr,w01e_rf_obj01.bmp_8aa481574227a8f769b24d7af4556fb5,ctxr,349920,f6d3848361d76c06c5db71625b2dc25a24fba95c
textures/flatlist/ovr_stm/_win/w01e_rouka_rf.bmp.ctxr,textures/flatlist/ovr_stm/_win,w01e_rouka_rf.bmp.ctxr,w01e_rouka_rf.bmp,ctxr,349920,e59d5262029ef11d92c2e03b66555c689d67586e
textures/flatlist/ovr_stm/_win/w01e_rouka_rf_fade.bmp.ctxr,textures/flatlist/ovr_stm/_win,w01e_rouka_rf_fade.bmp.ctxr,w01e_rouka_rf_fade.bmp,ctxr,349920,11118eca6232d85a23398475a864b90c8f9e281b
textures/flatlist/ovr_stm/_win/w01e_rouka_wall1.bmp.ctxr,textures/flatlist/ovr_stm/_win,w01e_rouka_wall1.bmp.ctxr,w01e_rouka_wall1.bmp,ctxr,2796672,e59fee2b1698410d3b403c0464ba64ea8ffddc5c
textures/flatlist/ovr_stm/_win/w01e_rouka_wall2_fade.bmp.ctxr,textures/flatlist/ovr_stm/_win,w01e_rouka_wall2_fade.bmp.ctxr,w01e_rouka_wall2_fade.bmp,ctxr,11185312,25e825946292ca40d51801be07a5354895ecbe0b
textures/flatlist/ovr_stm/_win/w01e_speaker01.bmp.ctxr,textures/flatlist/ovr_stm/_win,w01e_speaker01.bmp.ctxr,w01e_speaker01.bmp,ctxr,175168,3ee041e67f21bed77f3e2d3c1c05350c413bad1c
textures/flatlist/ovr_stm/_win/w01e_tsr00.bmp.ctxr,textures/flatlist/ovr_stm/_win,w01e_tsr00.bmp.ctxr,w01e_tsr00.bmp,ctxr,175200,34bdf9cacb7fc7ada9eef15f0d2506468e81cf93
textures/flatlist/ovr_stm/_win/w01e_tsr01.bmp.ctxr,textures/flatlist/ovr_stm/_win,w01e_tsr01.bmp.ctxr,w01e_tsr01.bmp,ctxr,11264,e3b2ffcbbb4e0dd8ce14a551c91c41b4c345300a
textures/flatlist/ovr_stm/_win/w01e_wall01.bmp.ctxr,textures/flatlist/ovr_stm/_win,w01e_wall01.bmp.ctxr,w01e_wall01.bmp,ctxr,1398560,3b9903d06cc58f4107d868bcd117aea4eb4a2ee3
textures/flatlist/ovr_stm/_win/w01e_wall02.bmp.ctxr,textures/flatlist/ovr_stm/_win,w01e_wall02.bmp.ctxr,w01e_wall02.bmp,ctxr,2796672,9cd0f97fa4e6c28fbe7bc87eb5be15cc47cd509f
textures/flatlist/ovr_stm/_win/w01e_wndflame01.bmp.ctxr,textures/flatlist/ovr_stm/_win,w01e_wndflame01.bmp.ctxr,w01e_wndflame01.bmp,ctxr,349952,04d37e4d2fde554fcd0c681d66af4218e0aba084
textures/flatlist/ovr_stm/_win/w01e_wndwall01.bmp.ctxr,textures/flatlist/ovr_stm/_win,w01e_wndwall01.bmp.ctxr,w01e_wndwall01.bmp,ctxr,699488,34561543352c3a0678ef899b433cc47c1c0dc119
textures/flatlist/ovr_stm/_win/w01e_wndwall02.bmp.ctxr,textures/flatlist/ovr_stm/_win,w01e_wndwall02.bmp.ctxr,w01e_wndwall02.bmp,ctxr,699488,7460b5e329636a631992e2a97c14a26f5658e426
textures/flatlist/ovr_stm/_win/w01f_bark03.bmp.ctxr,textures/flatlist/ovr_stm/_win,w01f_bark03.bmp.ctxr,w01f_bark03.bmp,ctxr,699488,77e9900b4d53bee92398614a46cbc4b8fe3b5b86
textures/flatlist/ovr_stm/_win/w01f_barw03b.bmp.ctxr,textures/flatlist/ovr_stm/_win,w01f_barw03b.bmp.ctxr,w01f_barw03b.bmp,ctxr,699488,4ff6fe18af5bd969250ca26153759f0f24113b7e
textures/flatlist/ovr_stm/_win/w01f_bk07.bmp.ctxr,textures/flatlist/ovr_stm/_win,w01f_bk07.bmp.ctxr,w01f_bk07.bmp,ctxr,349920,faa1f020e184c78584ac0df5f1b48030b4d4e21c
textures/flatlist/ovr_stm/_win/w01f_menu.bmp.ctxr,textures/flatlist/ovr_stm/_win,w01f_menu.bmp.ctxr,w01f_menu.bmp,ctxr,349920,94e9bfb1bd789a5f838217df7de93f751ea0a889
textures/flatlist/ovr_stm/_win/w01f_pos00.bmp.ctxr,textures/flatlist/ovr_stm/_win,w01f_pos00.bmp.ctxr,w01f_pos00.bmp,ctxr,2796672,422ce0e708385dbd56dfd888f507e957ad702558
textures/flatlist/ovr_stm/_win/w01f_tvtb02.bmp.ctxr,textures/flatlist/ovr_stm/_win,w01f_tvtb02.bmp.ctxr,w01f_tvtb02.bmp,ctxr,699488,a2651923fa7848cacf71f3d0d7d54fb8ec2b95e2
textures/flatlist/ovr_stm/_win/w01_dr00.bmp.ctxr,textures/flatlist/ovr_stm/_win,w01_dr00.bmp.ctxr,w01_dr00.bmp,ctxr,1398528,3b03f051e4dbc264497269fb11c1af620da72599
textures/flatlist/ovr_stm/_win/w01_dr01.bmp.ctxr,textures/flatlist/ovr_stm/_win,w01_dr01.bmp.ctxr,w01_dr01.bmp,ctxr,1398528,b7c0b9ed5750b6395b48216bf21aba456f4f541d
textures/flatlist/ovr_stm/_win/w01_dr01u.bmp.ctxr,textures/flatlist/ovr_stm/_win,w01_dr01u.bmp.ctxr,w01_dr01u.bmp,ctxr,1398528,5698c7729b6cb6711c542abfe4bf74d14e10ed18
textures/flatlist/ovr_stm/_win/w02a_door.bmp.ctxr,textures/flatlist/ovr_stm/_win,w02a_door.bmp.ctxr,w02a_door.bmp,ctxr,2796672,526f4d9490276667c222c565e9969e71bd423996
textures/flatlist/ovr_stm/_win/w02a_suimitu_dr.bmp.ctxr,textures/flatlist/ovr_stm/_win,w02a_suimitu_dr.bmp.ctxr,w02a_suimitu_dr.bmp,ctxr,1398528,26cf56f2ac50bbead70b1f383045cc9c93f6353b
textures/flatlist/ovr_stm/_win/w02_1f_hashira_01.bmp.ctxr,textures/flatlist/ovr_stm/_win,w02_1f_hashira_01.bmp.ctxr,w02_1f_hashira_01.bmp,ctxr,175200,18b81e2d8733bb40a1d1ad80591e0214fe469f51
textures/flatlist/ovr_stm/_win/w02_1f_hashira_02.bmp.ctxr,textures/flatlist/ovr_stm/_win,w02_1f_hashira_02.bmp.ctxr,w02_1f_hashira_02.bmp,ctxr,175168,7fdccbcc85d841aa867897d6992231e2d34d7d00
textures/flatlist/ovr_stm/_win/w02_box_1.bmp.ctxr,textures/flatlist/ovr_stm/_win,w02_box_1.bmp.ctxr,w02_box_1.bmp,ctxr,1398528,433881b7c24618fa54b1610569308e9fafb91f25
textures/flatlist/ovr_stm/_win/w02_box_2.bmp.ctxr,textures/flatlist/ovr_stm/_win,w02_box_2.bmp.ctxr,w02_box_2.bmp,ctxr,699488,a8273bff7f5761bfa66169914bc15c78bb068315
textures/flatlist/ovr_stm/_win/w02_box_3.bmp.ctxr,textures/flatlist/ovr_stm/_win,w02_box_3.bmp.ctxr,w02_box_3.bmp,ctxr,349920,e536bba90363247775056c2251d14aff81c31f3f
textures/flatlist/ovr_stm/_win/w02_box_new.bmp.ctxr,textures/flatlist/ovr_stm/_win,w02_box_new.bmp.ctxr,w02_box_new.bmp,ctxr,1398528,248ac70032439d988e6c9642873d00222f014909
textures/flatlist/ovr_stm/_win/w02_box_new_up.bmp.ctxr,textures/flatlist/ovr_stm/_win,w02_box_new_up.bmp.ctxr,w02_box_new_up.bmp,ctxr,1398528,7904c96352e704162ed6442478743a1696cba403
textures/flatlist/ovr_stm/_win/w02_eng_big.bmp.ctxr,textures/flatlist/ovr_stm/_win,w02_eng_big.bmp.ctxr,w02_eng_big.bmp,ctxr,2796672,047bf4e8e8a683cc7861d1ee6e70edee11ba4b3d
textures/flatlist/ovr_stm/_win/w02_eng_prg_base.bmp.ctxr,textures/flatlist/ovr_stm/_win,w02_eng_prg_base.bmp.ctxr,w02_eng_prg_base.bmp,ctxr,1398528,4e78561aba1aa0c09718691a2ac6133afa80aedb
textures/flatlist/ovr_stm/_win/w02_eng_prg_base5.bmp.ctxr,textures/flatlist/ovr_stm/_win,w02_eng_prg_base5.bmp.ctxr,w02_eng_prg_base5.bmp,ctxr,1398528,39337d02a868f661d07e3a3d2a18b8fd9e3d1850
textures/flatlist/ovr_stm/_win/w02_eng_prg_base6.bmp.ctxr,textures/flatlist/ovr_stm/_win,w02_eng_prg_base6.bmp.ctxr,w02_eng_prg_base6.bmp,ctxr,2796672,1c2c7d41846d994d73995cbb4343a706835b1c12
textures/flatlist/ovr_stm/_win/w02_eng_prg_body.bmp.ctxr,textures/flatlist/ovr_stm/_win,w02_eng_prg_body.bmp.ctxr,w02_eng_prg_body.bmp,ctxr,2796672,9094d252186f44c2db1d12c10947870b1c63b6ac
textures/flatlist/ovr_stm/_win/w02_eng_prg_head_side.bmp.ctxr,textures/flatlist/ovr_stm/_win,w02_eng_prg_head_side.bmp.ctxr,w02_eng_prg_head_side.bmp,ctxr,349920,159a4588ab15dea4520bd0e0c233c51f3034718e
textures/flatlist/ovr_stm/_win/w02_eng_prg_pipe1.bmp.ctxr,textures/flatlist/ovr_stm/_win,w02_eng_prg_pipe1.bmp.ctxr,w02_eng_prg_pipe1.bmp,ctxr,175232,5c943ed73016c14e8f76beada1a1fdf61f15badd
textures/flatlist/ovr_stm/_win/w02_eng_prg_pipe2.bmp.ctxr,textures/flatlist/ovr_stm/_win,w02_eng_prg_pipe2.bmp.ctxr,w02_eng_prg_pipe2.bmp,ctxr,175200,590c704777b6333e24456a678b66faf5e671576e
textures/flatlist/ovr_stm/_win/w02_eng_prg_top2.bmp.ctxr,textures/flatlist/ovr_stm/_win,w02_eng_prg_top2.bmp.ctxr,w02_eng_prg_top2.bmp,ctxr,175168,ba401f618c8195575a9c52ae6944dfd70bd081fc
textures/flatlist/ovr_stm/_win/w02_eng_prg_top_side.bmp.ctxr,textures/flatlist/ovr_stm/_win,w02_eng_prg_top_side.bmp.ctxr,w02_eng_prg_top_side.bmp,ctxr,175168,1ae5f1f25ead51eb7fab1b71cb4fcef75a37e5bc
textures/flatlist/ovr_stm/_win/w02_kabe_4.bmp.ctxr,textures/flatlist/ovr_stm/_win,w02_kabe_4.bmp.ctxr,w02_kabe_4.bmp,ctxr,5592864,51987bac8a7f032751e81d22a824b1bca9397993
textures/flatlist/ovr_stm/_win/w02_kabe_big.bmp.ctxr,textures/flatlist/ovr_stm/_win,w02_kabe_big.bmp.ctxr,w02_kabe_big.bmp,ctxr,5592864,831b07506bf58b15e9b0ccb79b02618f0ded9c88
textures/flatlist/ovr_stm/_win/w02_kabe_big2.bmp.ctxr,textures/flatlist/ovr_stm/_win,w02_kabe_big2.bmp.ctxr,w02_kabe_big2.bmp,ctxr,5592864,b71caaeb2ac402e4d77ed7437f8a5ad70894f3c8
textures/flatlist/ovr_stm/_win/w02_kabe_big4.bmp.ctxr,textures/flatlist/ovr_stm/_win,w02_kabe_big4.bmp.ctxr,w02_kabe_big4.bmp,ctxr,5592864,3bb3c60823d8db76a9067f7301b6fa6528e5cff7
textures/flatlist/ovr_stm/_win/w02_kabe_duct.bmp.ctxr,textures/flatlist/ovr_stm/_win,w02_kabe_duct.bmp.ctxr,w02_kabe_duct.bmp,ctxr,349952,4b1583cffb3b7aab79cd3087b3bdda2a89a656b0
textures/flatlist/ovr_stm/_win/w02_kabe_fire3.bmp.ctxr,textures/flatlist/ovr_stm/_win,w02_kabe_fire3.bmp.ctxr,w02_kabe_fire3.bmp,ctxr,2796672,42f3bbdd0362a9fe907d450cd733ab9eba1d6ff7
textures/flatlist/ovr_stm/_win/w02_kabe_hashira.bmp.ctxr,textures/flatlist/ovr_stm/_win,w02_kabe_hashira.bmp.ctxr,w02_kabe_hashira.bmp,ctxr,2796672,9f430c9ac189d5ed19e363cb911da00158a52a17
textures/flatlist/ovr_stm/_win/w02_kabe_light.bmp.ctxr,textures/flatlist/ovr_stm/_win,w02_kabe_light.bmp.ctxr,w02_kabe_light.bmp,ctxr,5592864,8618c8fb507432abed7240803acddbfc63de9c7d
textures/flatlist/ovr_stm/_win/w02_kabe_light2.bmp.ctxr,textures/flatlist/ovr_stm/_win,w02_kabe_light2.bmp.ctxr,w02_kabe_light2.bmp,ctxr,2796672,ad28ba7822df28bd19fa043c797322be0246f988
textures/flatlist/ovr_stm/_win/w02_kabe_light4.bmp.ctxr,textures/flatlist/ovr_stm/_win,w02_kabe_light4.bmp.ctxr,w02_kabe_light4.bmp,ctxr,5592864,dafed1afdddd43a47cf2baeca876fb9627f04707
textures/flatlist/ovr_stm/_win/w02_kabe_light5.bmp.ctxr,textures/flatlist/ovr_stm/_win,w02_kabe_light5.bmp.ctxr,w02_kabe_light5.bmp,ctxr,5592864,c5b7814c70ebb87d5974c2d7708143a4b4acb915
textures/flatlist/ovr_stm/_win/w02_kabe_metal.bmp.ctxr,textures/flatlist/ovr_stm/_win,w02_kabe_metal.bmp.ctxr,w02_kabe_metal.bmp,ctxr,1398560,109a6490b4b61f66c5b341ac12f7bf699f6da488
textures/flatlist/ovr_stm/_win/w02_kabe_pipe3.bmp.ctxr,textures/flatlist/ovr_stm/_win,w02_kabe_pipe3.bmp.ctxr,w02_kabe_pipe3.bmp,ctxr,1398560,d2cea27e46f01648a2247cf5a74e6c9420b6ca70
textures/flatlist/ovr_stm/_win/w02_kaidan_hashira.bmp.ctxr,textures/flatlist/ovr_stm/_win,w02_kaidan_hashira.bmp.ctxr,w02_kaidan_hashira.bmp,ctxr,44096,bc580a1bcece9c2a6918184d43975fcfb6a7d070
textures/flatlist/ovr_stm/_win/w02_kaidan_side4.bmp.ctxr,textures/flatlist/ovr_stm/_win,w02_kaidan_side4.bmp.ctxr,w02_kaidan_side4.bmp,ctxr,22176,c9f29589c92a96d15b865c0c6b35ba8e61dbbc12
textures/flatlist/ovr_stm/_win/w02_kaidan_step_top.bmp.ctxr,textures/flatlist/ovr_stm/_win,w02_kaidan_step_top.bmp.ctxr,w02_kaidan_step_top.bmp,ctxr,349920,a9420b49d16d6c0faa4e5f0ae44fe147dac2339c
textures/flatlist/ovr_stm/_win/w02_kai_side.bmp.ctxr,textures/flatlist/ovr_stm/_win,w02_kai_side.bmp.ctxr,w02_kai_side.bmp,ctxr,175168,940bdccd65fb801c2ea4f4f86ca7d027c90b4ad2
textures/flatlist/ovr_stm/_win/w02_obj_box.bmp.ctxr,textures/flatlist/ovr_stm/_win,w02_obj_box.bmp.ctxr,w02_obj_box.bmp,ctxr,1398528,3eeaff5e46019e69641627d2de513254f59aeeb2
textures/flatlist/ovr_stm/_win/w02_obj_fire.bmp.ctxr,textures/flatlist/ovr_stm/_win,w02_obj_fire.bmp.ctxr,w02_obj_fire.bmp,ctxr,1398528,e0e8cd9875432687d4789576754b639ad62f050b
textures/flatlist/ovr_stm/_win/w02_pipe_box.bmp.ctxr,textures/flatlist/ovr_stm/_win,w02_pipe_box.bmp.ctxr,w02_pipe_box.bmp,ctxr,699488,497aa1f631407d8b0769285ac1ac0993fe581232
textures/flatlist/ovr_stm/_win/w02_roof1.bmp.ctxr,textures/flatlist/ovr_stm/_win,w02_roof1.bmp.ctxr,w02_roof1.bmp,ctxr,1398528,6be1c0439cc52e3a95ee77c57004f7e3f5d860de
textures/flatlist/ovr_stm/_win/w02_roof2.bmp.ctxr,textures/flatlist/ovr_stm/_win,w02_roof2.bmp.ctxr,w02_roof2.bmp,ctxr,699488,e7309ed490e53b5713e44b3f1830456e9b51f6d0
textures/flatlist/ovr_stm/_win/w02_saku_ita.bmp.ctxr,textures/flatlist/ovr_stm/_win,w02_saku_ita.bmp.ctxr,w02_saku_ita.bmp,ctxr,349952,c4cd14d1c80b767011e544f550376a459ce582dc
textures/flatlist/ovr_stm/_win/w02_saku_itas.bmp.ctxr,textures/flatlist/ovr_stm/_win,w02_saku_itas.bmp.ctxr,w02_saku_itas.bmp,ctxr,175168,c774d4d4cb6538db2c6e6b322a72ef785a5130d5
textures/flatlist/ovr_stm/_win/w02_sr_box.bmp.ctxr,textures/flatlist/ovr_stm/_win,w02_sr_box.bmp.ctxr,w02_sr_box.bmp,ctxr,2796672,2587da2b12afb0181403dd41b64d15f3c16465eb
textures/flatlist/ovr_stm/_win/w02_sr_box_com.bmp.ctxr,textures/flatlist/ovr_stm/_win,w02_sr_box_com.bmp.ctxr,w02_sr_box_com.bmp,ctxr,349920,ce2c02e4ebcb9e3b9aabd1428e623ae9b2e169eb
textures/flatlist/ovr_stm/_win/w02_sr_box_side.bmp.ctxr,textures/flatlist/ovr_stm/_win,w02_sr_box_side.bmp.ctxr,w02_sr_box_side.bmp,ctxr,349920,c08b63d40244e47846d3f83ac452a8604a0842ee
textures/flatlist/ovr_stm/_win/w02_sr_code_top.bmp.ctxr,textures/flatlist/ovr_stm/_win,w02_sr_code_top.bmp.ctxr,w02_sr_code_top.bmp,ctxr,175200,77c613b32db37cd0d09eaa03597639fab739eb09
textures/flatlist/ovr_stm/_win/w02_sr_contena1.bmp.ctxr,textures/flatlist/ovr_stm/_win,w02_sr_contena1.bmp.ctxr,w02_sr_contena1.bmp,ctxr,699488,8fa4ad458eb68d228135d345ddad32dc53f62e76
textures/flatlist/ovr_stm/_win/w02_sr_contena2.bmp.ctxr,textures/flatlist/ovr_stm/_win,w02_sr_contena2.bmp.ctxr,w02_sr_contena2.bmp,ctxr,699488,f7d549bfc5ef76e2f624f5d597d649070f6ebaab
textures/flatlist/ovr_stm/_win/w02_sr_contena3.bmp.ctxr,textures/flatlist/ovr_stm/_win,w02_sr_contena3.bmp.ctxr,w02_sr_contena3.bmp,ctxr,349920,266dbe3ffde40394b0011a1972488343ed7e3dfb
textures/flatlist/ovr_stm/_win/w02_sr_contena4.bmp.ctxr,textures/flatlist/ovr_stm/_win,w02_sr_contena4.bmp.ctxr,w02_sr_contena4.bmp,ctxr,349920,df69d9ac31fa813853da35307ad73f0109916690
textures/flatlist/ovr_stm/_win/w02_sr_contena5.bmp.ctxr,textures/flatlist/ovr_stm/_win,w02_sr_contena5.bmp.ctxr,w02_sr_contena5.bmp,ctxr,349920,8222b95914e8c3a4ac3f173d5d6ddb676d0a92d5
textures/flatlist/ovr_stm/_win/w02_sr_door2_full.bmp.ctxr,textures/flatlist/ovr_stm/_win,w02_sr_door2_full.bmp.ctxr,w02_sr_door2_full.bmp,ctxr,2796672,da5b7d4361efbac5e8f26f45f55158361bf621c2
textures/flatlist/ovr_stm/_win/w02_sr_door_parts0.bmp_cb699f431ffc5acaf47f2e26b678eccd.ctxr,textures/flatlist/ovr_stm/_win,w02_sr_door_parts0.bmp_cb699f431ffc5acaf47f2e26b678eccd.ctxr,w02_sr_door_parts0.bmp_cb699f431ffc5acaf47f2e26b678eccd,ctxr,1398528,99ed25bb7f19eec918474b8bb58de6afaac82b88
textures/flatlist/ovr_stm/_win/w02_sr_door_parts1.bmp.ctxr,textures/flatlist/ovr_stm/_win,w02_sr_door_parts1.bmp.ctxr,w02_sr_door_parts1.bmp,ctxr,1398560,ffaef18f1ddc9cd146db1813ac54edbf13a46fe7
textures/flatlist/ovr_stm/_win/w02_sr_door_rail.bmp.ctxr,textures/flatlist/ovr_stm/_win,w02_sr_door_rail.bmp.ctxr,w02_sr_door_rail.bmp,ctxr,699520,59f395fe176fe6ee54d0035c3ae9fcf95fabe385
textures/flatlist/ovr_stm/_win/w02_sr_fire.bmp.ctxr,textures/flatlist/ovr_stm/_win,w02_sr_fire.bmp.ctxr,w02_sr_fire.bmp,ctxr,349920,561091381781e8d71c9df71c88b691c92098f1e7
textures/flatlist/ovr_stm/_win/w02_sr_kabe.bmp.ctxr,textures/flatlist/ovr_stm/_win,w02_sr_kabe.bmp.ctxr,w02_sr_kabe.bmp,ctxr,11185312,8317e8acc417c7ccd350bb9d049e5676fd136346
textures/flatlist/ovr_stm/_win/w02_sr_panel2.bmp.ctxr,textures/flatlist/ovr_stm/_win,w02_sr_panel2.bmp.ctxr,w02_sr_panel2.bmp,ctxr,2796672,5f6fddd5577640576e51841f288eb865aa44bf35
textures/flatlist/ovr_stm/_win/w02_sr_pnl_b1.bmp.ctxr,textures/flatlist/ovr_stm/_win,w02_sr_pnl_b1.bmp.ctxr,w02_sr_pnl_b1.bmp,ctxr,349920,ea822bb924c04d1a9055cbe4549f9643de0c8a0b
textures/flatlist/ovr_stm/_win/w02_sr_roof.bmp.ctxr,textures/flatlist/ovr_stm/_win,w02_sr_roof.bmp.ctxr,w02_sr_roof.bmp,ctxr,1398528,0284a86cf0f4a3d0a76ddddd5161ec685c87dbb3
textures/flatlist/ovr_stm/_win/w02_sr_roof2.bmp.ctxr,textures/flatlist/ovr_stm/_win,w02_sr_roof2.bmp.ctxr,w02_sr_roof2.bmp,ctxr,1398528,c1c3ec8e41f7c2152f9ed3c30cdb1d1d087233e9
textures/flatlist/ovr_stm/_win/w02_sr_roof3.bmp_d344ae9df9a1fddfbccf5e3b51634b41.ctxr,textures/flatlist/ovr_stm/_win,w02_sr_roof3.bmp_d344ae9df9a1fddfbccf5e3b51634b41.ctxr,w02_sr_roof3.bmp_d344ae9df9a1fddfbccf5e3b51634b41,ctxr,1398528,a047e57424a6aa84f5c0639ffe7dc932ffb74a82
textures/flatlist/ovr_stm/_win/w02_sr_yuka.bmp.ctxr,textures/flatlist/ovr_stm/_win,w02_sr_yuka.bmp.ctxr,w02_sr_yuka.bmp,ctxr,11185312,94dad04a3193e318a7327c4fc59311fdc5ff47d1
textures/flatlist/ovr_stm/_win/w02_sr_yuka2.bmp.ctxr,textures/flatlist/ovr_stm/_win,w02_sr_yuka2.bmp.ctxr,w02_sr_yuka2.bmp,ctxr,2796672,6d6016eb97c2c822eadaa6c5ab2814afbeea0eeb
textures/flatlist/ovr_stm/_win/w02_sr_yuka4.bmp.ctxr,textures/flatlist/ovr_stm/_win,w02_sr_yuka4.bmp.ctxr,w02_sr_yuka4.bmp,ctxr,699488,ad1f930a012a2af7b1121f4e23008476d19ad024
textures/flatlist/ovr_stm/_win/w02_sr_yuka6.bmp.ctxr,textures/flatlist/ovr_stm/_win,w02_sr_yuka6.bmp.ctxr,w02_sr_yuka6.bmp,ctxr,5592864,bce726006a7bc3e047df3e248003b515b381e503
textures/flatlist/ovr_stm/_win/w02_sr_yuka7.bmp.ctxr,textures/flatlist/ovr_stm/_win,w02_sr_yuka7.bmp.ctxr,w02_sr_yuka7.bmp,ctxr,1398528,b4c5a6f248afabf0fbf31ec5bc3f1efb9552231b
textures/flatlist/ovr_stm/_win/w02_wall_door1.bmp.ctxr,textures/flatlist/ovr_stm/_win,w02_wall_door1.bmp.ctxr,w02_wall_door1.bmp,ctxr,1398528,13f469e48146e243572b5f04a819054298d2ff87
textures/flatlist/ovr_stm/_win/w02_yuka3.bmp.ctxr,textures/flatlist/ovr_stm/_win,w02_yuka3.bmp.ctxr,w02_yuka3.bmp,ctxr,349920,3397e1777160fce74a2a71f0fce4c33e7aafb83e
textures/flatlist/ovr_stm/_win/w02_yukaf_s.bmp.ctxr,textures/flatlist/ovr_stm/_win,w02_yukaf_s.bmp.ctxr,w02_yukaf_s.bmp,ctxr,349920,acdea967ccc610b8ddb293b798376089e55c6dde
textures/flatlist/ovr_stm/_win/w02_yukaf_s2.bmp.ctxr,textures/flatlist/ovr_stm/_win,w02_yukaf_s2.bmp.ctxr,w02_yukaf_s2.bmp,ctxr,349920,f08f1b2ba34a62fcd7d3175cf1fb7e892033d18a
textures/flatlist/ovr_stm/_win/w02_yuka_f.bmp.ctxr,textures/flatlist/ovr_stm/_win,w02_yuka_f.bmp.ctxr,w02_yuka_f.bmp,ctxr,699488,83e2f4d08d58cf5a09458f8f8f9f25eeca049221
textures/flatlist/ovr_stm/_win/w02_yuka_f4.bmp.ctxr,textures/flatlist/ovr_stm/_win,w02_yuka_f4.bmp.ctxr,w02_yuka_f4.bmp,ctxr,699488,a84bb634af7d035797d2b59b1637918fc1e20317
textures/flatlist/ovr_stm/_win/w02_yuka_pipe.bmp.ctxr,textures/flatlist/ovr_stm/_win,w02_yuka_pipe.bmp.ctxr,w02_yuka_pipe.bmp,ctxr,1398528,182a2c14d35c2b24d95539e2fed40281e8b0007c
textures/flatlist/ovr_stm/_win/w02_yuka_rail.bmp.ctxr,textures/flatlist/ovr_stm/_win,w02_yuka_rail.bmp.ctxr,w02_yuka_rail.bmp,ctxr,44064,7a445f4ac79d294aca2990d9afe3cb8967f0d1c8
textures/flatlist/ovr_stm/_win/w02_yuka_s.bmp.ctxr,textures/flatlist/ovr_stm/_win,w02_yuka_s.bmp.ctxr,w02_yuka_s.bmp,ctxr,175168,23acb247603ef2017d1704682a7babcc462d7dd9
textures/flatlist/ovr_stm/_win/w02_y_light_f1b.bmp.ctxr,textures/flatlist/ovr_stm/_win,w02_y_light_f1b.bmp.ctxr,w02_y_light_f1b.bmp,ctxr,5592864,c22806a3313bff2ad68a4d13ee5b797c2ff0061e
textures/flatlist/ovr_stm/_win/w03a2_flb00a.bmp.ctxr,textures/flatlist/ovr_stm/_win,w03a2_flb00a.bmp.ctxr,w03a2_flb00a.bmp,ctxr,699488,39702b17c7333f449b074e007bb9755920ad8f39
textures/flatlist/ovr_stm/_win/w03a2_flb00b.bmp.ctxr,textures/flatlist/ovr_stm/_win,w03a2_flb00b.bmp.ctxr,w03a2_flb00b.bmp,ctxr,1398528,669ecfcb71c14a60254cd7fa8b5a39f1aead7009
textures/flatlist/ovr_stm/_win/w03a_fl00.bmp.ctxr,textures/flatlist/ovr_stm/_win,w03a_fl00.bmp.ctxr,w03a_fl00.bmp,ctxr,1398528,6a4d098d172b0cba125cb3d37bea3eb53c5923fe
textures/flatlist/ovr_stm/_win/w03a_fl01d.bmp.ctxr,textures/flatlist/ovr_stm/_win,w03a_fl01d.bmp.ctxr,w03a_fl01d.bmp,ctxr,349952,919ee7332ca5051b10987c2614a3a928b19ca68d
textures/flatlist/ovr_stm/_win/w03a_pp02.bmp.ctxr,textures/flatlist/ovr_stm/_win,w03a_pp02.bmp.ctxr,w03a_pp02.bmp,ctxr,699520,22cef081b1e09f5c5ba83409e56a36b2673e464b
textures/flatlist/ovr_stm/_win/w03a_pp05.bmp.ctxr,textures/flatlist/ovr_stm/_win,w03a_pp05.bmp.ctxr,w03a_pp05.bmp,ctxr,699520,8cf5984b32a241fa82241ff207caefc82814acfb
textures/flatlist/ovr_stm/_win/w03a_w00.bmp.ctxr,textures/flatlist/ovr_stm/_win,w03a_w00.bmp.ctxr,w03a_w00.bmp,ctxr,699520,63033f7f66943f03f2e30f11719d4e4b397ed28a
textures/flatlist/ovr_stm/_win/w03a_w01c.bmp_66800e791c274078bbd7078d4207524e.ctxr,textures/flatlist/ovr_stm/_win,w03a_w01c.bmp_66800e791c274078bbd7078d4207524e.ctxr,w03a_w01c.bmp_66800e791c274078bbd7078d4207524e,ctxr,2796672,1d55c9a08ce7661e2b5eb6c13a617e69223bb51d
textures/flatlist/ovr_stm/_win/w03a_w01d.bmp_9d316246ca7cc692494bbcf73b78f12f.ctxr,textures/flatlist/ovr_stm/_win,w03a_w01d.bmp_9d316246ca7cc692494bbcf73b78f12f.ctxr,w03a_w01d.bmp_9d316246ca7cc692494bbcf73b78f12f,ctxr,1398560,c63f18ae73a172bf9b0d406b187aae834279d05c
textures/flatlist/ovr_stm/_win/w03a_w04.bmp.ctxr,textures/flatlist/ovr_stm/_win,w03a_w04.bmp.ctxr,w03a_w04.bmp,ctxr,1398560,2c14af683e04d5229fd0587d14076d00b783659b
textures/flatlist/ovr_stm/_win/w03a_w04a.bmp.ctxr,textures/flatlist/ovr_stm/_win,w03a_w04a.bmp.ctxr,w03a_w04a.bmp,ctxr,1398560,1142791ecb1e0419fd0282ffa1efb687c377cf0e
textures/flatlist/ovr_stm/_win/w03b_dr00.bmp.ctxr,textures/flatlist/ovr_stm/_win,w03b_dr00.bmp.ctxr,w03b_dr00.bmp,ctxr,699488,2fddac09b489ef56f88874b95752e7b286f8ae22
textures/flatlist/ovr_stm/_win/w03b_dr00a.bmp.ctxr,textures/flatlist/ovr_stm/_win,w03b_dr00a.bmp.ctxr,w03b_dr00a.bmp,ctxr,699488,995701581a99e49e1cf0539252a0beb2bb9594d0
textures/flatlist/ovr_stm/_win/w03b_fl01.bmp.ctxr,textures/flatlist/ovr_stm/_win,w03b_fl01.bmp.ctxr,w03b_fl01.bmp,ctxr,5592864,9ddbd62967e3d86acf34ece0f5b46b15cc05986f
textures/flatlist/ovr_stm/_win/w03b_fl01a.bmp.ctxr,textures/flatlist/ovr_stm/_win,w03b_fl01a.bmp.ctxr,w03b_fl01a.bmp,ctxr,5592864,9bf4a171fd1af8366b0a4f0e0af8029a040e0456
textures/flatlist/ovr_stm/_win/w03b_fl02.bmp.ctxr,textures/flatlist/ovr_stm/_win,w03b_fl02.bmp.ctxr,w03b_fl02.bmp,ctxr,2796672,148057648d631727b716cd74f9b5bf0910589441
textures/flatlist/ovr_stm/_win/w03b_fl02.bmp_ecc5dba2548560f42c6a73e07c3b1ae7.ctxr,textures/flatlist/ovr_stm/_win,w03b_fl02.bmp_ecc5dba2548560f42c6a73e07c3b1ae7.ctxr,w03b_fl02.bmp_ecc5dba2548560f42c6a73e07c3b1ae7,ctxr,5592864,96bcd02f139933bfc9eb6e95b746634d21e904c6
textures/flatlist/ovr_stm/_win/w03b_fl03.bmp.ctxr,textures/flatlist/ovr_stm/_win,w03b_fl03.bmp.ctxr,w03b_fl03.bmp,ctxr,2796672,36ecb7f6d3bbf7be0b429986b92f42ee96fd96f5
textures/flatlist/ovr_stm/_win/w03b_fl03.bmp_8e8030f332ab93b222ccbdff4920382f.ctxr,textures/flatlist/ovr_stm/_win,w03b_fl03.bmp_8e8030f332ab93b222ccbdff4920382f.ctxr,w03b_fl03.bmp_8e8030f332ab93b222ccbdff4920382f,ctxr,5592864,fc420648ce52cb8426fdcda39cd914c4b676a555
textures/flatlist/ovr_stm/_win/w03b_fl03a.bmp.ctxr,textures/flatlist/ovr_stm/_win,w03b_fl03a.bmp.ctxr,w03b_fl03a.bmp,ctxr,349952,ab188e7f84160bd5560b405e1166975ea15cf3a9
textures/flatlist/ovr_stm/_win/w03b_fl04.bmp.ctxr,textures/flatlist/ovr_stm/_win,w03b_fl04.bmp.ctxr,w03b_fl04.bmp,ctxr,2796672,6060bcee12d255cf226a64b11e92777085af8712
textures/flatlist/ovr_stm/_win/w03b_fl05.bmp.ctxr,textures/flatlist/ovr_stm/_win,w03b_fl05.bmp.ctxr,w03b_fl05.bmp,ctxr,2796672,5e51370050381f7523aeaaecfb69f071f483d6b2
textures/flatlist/ovr_stm/_win/w03b_fl06.bmp.ctxr,textures/flatlist/ovr_stm/_win,w03b_fl06.bmp.ctxr,w03b_fl06.bmp,ctxr,2796672,5d2167558406083e8928360fd6916647cef4b8aa
textures/flatlist/ovr_stm/_win/w03b_ha00.bmp.ctxr,textures/flatlist/ovr_stm/_win,w03b_ha00.bmp.ctxr,w03b_ha00.bmp,ctxr,699520,ed1180a02207d92ec40290f0c159f04a159109bb
textures/flatlist/ovr_stm/_win/w03b_rfb00.bmp.ctxr,textures/flatlist/ovr_stm/_win,w03b_rfb00.bmp.ctxr,w03b_rfb00.bmp,ctxr,349984,869132610a1cacff05e00f096b5e302c913b9c84
textures/flatlist/ovr_stm/_win/w03b_rfb01.bmp.ctxr,textures/flatlist/ovr_stm/_win,w03b_rfb01.bmp.ctxr,w03b_rfb01.bmp,ctxr,175200,0c026f262f65f880b9d9f217141c3ff428899505
textures/flatlist/ovr_stm/_win/w03b_rfb04.bmp.ctxr,textures/flatlist/ovr_stm/_win,w03b_rfb04.bmp.ctxr,w03b_rfb04.bmp,ctxr,1398560,efc1f22572a5b632febc2ed0f54894e054533c29
textures/flatlist/ovr_stm/_win/w03b_w02a.bmp.ctxr,textures/flatlist/ovr_stm/_win,w03b_w02a.bmp.ctxr,w03b_w02a.bmp,ctxr,1398528,92601469e959a1cefd92c649f23756db95fabe75
textures/flatlist/ovr_stm/_win/w03b_w02b.bmp.ctxr,textures/flatlist/ovr_stm/_win,w03b_w02b.bmp.ctxr,w03b_w02b.bmp,ctxr,699488,ea517cb7ed9898e2626cf771391958cdfd983986
textures/flatlist/ovr_stm/_win/w03b_w03a.bmp.ctxr,textures/flatlist/ovr_stm/_win,w03b_w03a.bmp.ctxr,w03b_w03a.bmp,ctxr,699488,c713e18c993ec05c12da8572c4b5d3bf79cced45
textures/flatlist/ovr_stm/_win/w03b_w04a.bmp.ctxr,textures/flatlist/ovr_stm/_win,w03b_w04a.bmp.ctxr,w03b_w04a.bmp,ctxr,1398528,154bcd96f1cd8de266f2cb01b12563f7e529a5ec
textures/flatlist/ovr_stm/_win/w03c_flb00a.bmp.ctxr,textures/flatlist/ovr_stm/_win,w03c_flb00a.bmp.ctxr,w03c_flb00a.bmp,ctxr,699488,983038b6863ef4f8e44e4c4ffb16261f09f66d83
textures/flatlist/ovr_stm/_win/w03c_flb00b.bmp.ctxr,textures/flatlist/ovr_stm/_win,w03c_flb00b.bmp.ctxr,w03c_flb00b.bmp,ctxr,1398528,0b2567fe65046a02721cc85045ee92736a365067
textures/flatlist/ovr_stm/_win/w03c_flb00c.bmp.ctxr,textures/flatlist/ovr_stm/_win,w03c_flb00c.bmp.ctxr,w03c_flb00c.bmp,ctxr,1398528,4b3845abb7a602effba5d29de74abd47531f927a
textures/flatlist/ovr_stm/_win/w03c_flb00d.bmp.ctxr,textures/flatlist/ovr_stm/_win,w03c_flb00d.bmp.ctxr,w03c_flb00d.bmp,ctxr,699488,181542c50dc10d047d82be572a5b8f356a05c03e
textures/flatlist/ovr_stm/_win/w03c_flb00e.bmp.ctxr,textures/flatlist/ovr_stm/_win,w03c_flb00e.bmp.ctxr,w03c_flb00e.bmp,ctxr,699488,7e3a26ac0e2d850ca6af561309d39fcdfaeefbba
textures/flatlist/ovr_stm/_win/w03c_flb02.bmp.ctxr,textures/flatlist/ovr_stm/_win,w03c_flb02.bmp.ctxr,w03c_flb02.bmp,ctxr,2796672,3f7918044ac356031a0aa98ff5e06ef1f6ef7f35
textures/flatlist/ovr_stm/_win/w03c_flb03a.bmp.ctxr,textures/flatlist/ovr_stm/_win,w03c_flb03a.bmp.ctxr,w03c_flb03a.bmp,ctxr,1398560,e117c3adb3f1e7989e292af6ba2815c33d805ad6
textures/flatlist/ovr_stm/_win/w03c_flb03b.bmp.ctxr,textures/flatlist/ovr_stm/_win,w03c_flb03b.bmp.ctxr,w03c_flb03b.bmp,ctxr,1398560,7ca1a008b8b5d5f5b7dcdf4f0777051ed21c38f7
textures/flatlist/ovr_stm/_win/w03c_flb03c.bmp.ctxr,textures/flatlist/ovr_stm/_win,w03c_flb03c.bmp.ctxr,w03c_flb03c.bmp,ctxr,1398560,18449f48fd66f60906184dd397f26185772b5c53
textures/flatlist/ovr_stm/_win/w03c_rfc01a.bmp.ctxr,textures/flatlist/ovr_stm/_win,w03c_rfc01a.bmp.ctxr,w03c_rfc01a.bmp,ctxr,349920,15d464caf9ac1ac3aef90fefba796e614fdd4482
textures/flatlist/ovr_stm/_win/w03c_wc00.bmp.ctxr,textures/flatlist/ovr_stm/_win,w03c_wc00.bmp.ctxr,w03c_wc00.bmp,ctxr,699488,9dbe96f01030484c6a1472a6e84feeb71385d604
textures/flatlist/ovr_stm/_win/w03_cat_pipe.bmp.ctxr,textures/flatlist/ovr_stm/_win,w03_cat_pipe.bmp.ctxr,w03_cat_pipe.bmp,ctxr,349952,c76ebeb6c7b05a35cf8e8c85fa5e9f79503c427f
textures/flatlist/ovr_stm/_win/w03_cat_sasae_ura.bmp.ctxr,textures/flatlist/ovr_stm/_win,w03_cat_sasae_ura.bmp.ctxr,w03_cat_sasae_ura.bmp,ctxr,1398560,f673abcff9e120be9d31e6ba5da391aabb6fb8b8
textures/flatlist/ovr_stm/_win/w04a1_hashira_face_bottom.bmp.ctxr,textures/flatlist/ovr_stm/_win,w04a1_hashira_face_bottom.bmp.ctxr,w04a1_hashira_face_bottom.bmp,ctxr,1398560,6147876e928bd052949ecb0faf7d3543b2997960
textures/flatlist/ovr_stm/_win/w04a1_hashira_side.bmp.ctxr,textures/flatlist/ovr_stm/_win,w04a1_hashira_side.bmp.ctxr,w04a1_hashira_side.bmp,ctxr,5592864,1d80109726c5b5556680e08370b99fcb12648c50
textures/flatlist/ovr_stm/_win/w04a1_hashira_side2.bmp.ctxr,textures/flatlist/ovr_stm/_win,w04a1_hashira_side2.bmp.ctxr,w04a1_hashira_side2.bmp,ctxr,699488,c845dbf5019388018f06b5f2002e14a88be9ab67
textures/flatlist/ovr_stm/_win/w04a3_cam_base.bmp.ctxr,textures/flatlist/ovr_stm/_win,w04a3_cam_base.bmp.ctxr,w04a3_cam_base.bmp,ctxr,349984,1ec5fff5bf249164b2b7777617e87aa3d64c1b4f
textures/flatlist/ovr_stm/_win/w04a3_cam_body.bmp.ctxr,textures/flatlist/ovr_stm/_win,w04a3_cam_body.bmp.ctxr,w04a3_cam_body.bmp,ctxr,1398528,8ff4a6fe4fe8bdb356237e416711d8e812f3f234
textures/flatlist/ovr_stm/_win/w04a3_cam_body3.bmp.ctxr,textures/flatlist/ovr_stm/_win,w04a3_cam_body3.bmp.ctxr,w04a3_cam_body3.bmp,ctxr,349920,3e9c5a8322b7df8947ed1e4f0497795154d8f9fd
textures/flatlist/ovr_stm/_win/w04a3_contena.bmp.ctxr,textures/flatlist/ovr_stm/_win,w04a3_contena.bmp.ctxr,w04a3_contena.bmp,ctxr,2796672,29da89dd22d6a5ba05dd5e5b873a711a05e56542
textures/flatlist/ovr_stm/_win/w04a3_contena_top.bmp.ctxr,textures/flatlist/ovr_stm/_win,w04a3_contena_top.bmp.ctxr,w04a3_contena_top.bmp,ctxr,1398528,cff515ae15f973007aaa658249e8504d0607cf24
textures/flatlist/ovr_stm/_win/w04a3_lift_side1.bmp.ctxr,textures/flatlist/ovr_stm/_win,w04a3_lift_side1.bmp.ctxr,w04a3_lift_side1.bmp,ctxr,699488,c086270acbcc07769a197289339eb190e6ff355d
textures/flatlist/ovr_stm/_win/w04a3_lift_ura.bmp.ctxr,textures/flatlist/ovr_stm/_win,w04a3_lift_ura.bmp.ctxr,w04a3_lift_ura.bmp,ctxr,1398560,fad4d93bf16562266195b56535adb71b864d94dc
textures/flatlist/ovr_stm/_win/w04a3_mecha_dai.bmp.ctxr,textures/flatlist/ovr_stm/_win,w04a3_mecha_dai.bmp.ctxr,w04a3_mecha_dai.bmp,ctxr,2796672,21ad26fa316f569806d939b940044f9ffef1f7b0
textures/flatlist/ovr_stm/_win/w04a3_mecha_dai_ura.bmp.ctxr,textures/flatlist/ovr_stm/_win,w04a3_mecha_dai_ura.bmp.ctxr,w04a3_mecha_dai_ura.bmp,ctxr,1398528,765b9ca5ebdb012d9f9f207c08721ca79d166708
textures/flatlist/ovr_stm/_win/w04a3_mecha_hashi_face.bmp.ctxr,textures/flatlist/ovr_stm/_win,w04a3_mecha_hashi_face.bmp.ctxr,w04a3_mecha_hashi_face.bmp,ctxr,1398560,439710ace9384c539e279780abdcb6caad210bd1
textures/flatlist/ovr_stm/_win/w04a3_tanmatu_tower_face.bmp.ctxr,textures/flatlist/ovr_stm/_win,w04a3_tanmatu_tower_face.bmp.ctxr,w04a3_tanmatu_tower_face.bmp,ctxr,1398560,ac3f2be8d229319931ed8ceb6959260c57343e85
textures/flatlist/ovr_stm/_win/w04a3_tanmatu_tower_side.bmp.ctxr,textures/flatlist/ovr_stm/_win,w04a3_tanmatu_tower_side.bmp.ctxr,w04a3_tanmatu_tower_side.bmp,ctxr,699520,3a8e923dedf799e5ab341f9601a990070dd7bd26
textures/flatlist/ovr_stm/_win/w04a_box.bmp.ctxr,textures/flatlist/ovr_stm/_win,w04a_box.bmp.ctxr,w04a_box.bmp,ctxr,2796672,e3222193d5fec60234462b606a6e7142c11eb450
textures/flatlist/ovr_stm/_win/w04a_box_face.bmp.ctxr,textures/flatlist/ovr_stm/_win,w04a_box_face.bmp.ctxr,w04a_box_face.bmp,ctxr,2796672,6557f1dbc97669abedb49663d016cc24bf4726a1
textures/flatlist/ovr_stm/_win/w04a_box_side.bmp.ctxr,textures/flatlist/ovr_stm/_win,w04a_box_side.bmp.ctxr,w04a_box_side.bmp,ctxr,1398528,ed3a90a503959982e2e4b42a63c17dfa247365c1
textures/flatlist/ovr_stm/_win/w04a_door.bmp.ctxr,textures/flatlist/ovr_stm/_win,w04a_door.bmp.ctxr,w04a_door.bmp,ctxr,2796672,6dd4794a2a10971b9ebf77e0166bced9e93ab022
textures/flatlist/ovr_stm/_win/w04a_floor1.bmp.ctxr,textures/flatlist/ovr_stm/_win,w04a_floor1.bmp.ctxr,w04a_floor1.bmp,ctxr,11185312,33b96d84ff3020906bb1687ba3a2e2305c607603
textures/flatlist/ovr_stm/_win/w04a_floor2.bmp.ctxr,textures/flatlist/ovr_stm/_win,w04a_floor2.bmp.ctxr,w04a_floor2.bmp,ctxr,5592896,78090e14d952c7ad2821343cfb5069e2871253f3
textures/flatlist/ovr_stm/_win/w04a_floor2_center.bmp.ctxr,textures/flatlist/ovr_stm/_win,w04a_floor2_center.bmp.ctxr,w04a_floor2_center.bmp,ctxr,1398528,3e3188c9b7ca08294a314ae4cd39df6430c06b07
textures/flatlist/ovr_stm/_win/w04a_floor4.bmp.ctxr,textures/flatlist/ovr_stm/_win,w04a_floor4.bmp.ctxr,w04a_floor4.bmp,ctxr,5592864,9aca2f0cb8a44514bb56ae79b1675f4c8fa324b3
textures/flatlist/ovr_stm/_win/w04a_floor5.bmp.ctxr,textures/flatlist/ovr_stm/_win,w04a_floor5.bmp.ctxr,w04a_floor5.bmp,ctxr,1398528,6e98502f3b293410d35c8bd91a6433999817ef93
textures/flatlist/ovr_stm/_win/w04a_floor_hatch.bmp.ctxr,textures/flatlist/ovr_stm/_win,w04a_floor_hatch.bmp.ctxr,w04a_floor_hatch.bmp,ctxr,2796672,1e51cbe7388a59086d8d92138250914ce01ca605
textures/flatlist/ovr_stm/_win/w04a_floor_tuuro.bmp.ctxr,textures/flatlist/ovr_stm/_win,w04a_floor_tuuro.bmp.ctxr,w04a_floor_tuuro.bmp,ctxr,699488,ffb2a3a3cd1843884faa634fdbeed56fa460404b
textures/flatlist/ovr_stm/_win/w04a_hatch.bmp.ctxr,textures/flatlist/ovr_stm/_win,w04a_hatch.bmp.ctxr,w04a_hatch.bmp,ctxr,699488,4c9b49218db75369c1bb835f366949b8e603795f
textures/flatlist/ovr_stm/_win/w04a_mecha_04.bmp.ctxr,textures/flatlist/ovr_stm/_win,w04a_mecha_04.bmp.ctxr,w04a_mecha_04.bmp,ctxr,2796672,a673ab6a857e4cdee2b2cd158db9f18d2990dc2a
textures/flatlist/ovr_stm/_win/w04a_mecha_top2.bmp.ctxr,textures/flatlist/ovr_stm/_win,w04a_mecha_top2.bmp.ctxr,w04a_mecha_top2.bmp,ctxr,1398528,a12123675ad58d142831a1d14ac994cf4371d170
textures/flatlist/ovr_stm/_win/w04a_spk2_face.bmp.ctxr,textures/flatlist/ovr_stm/_win,w04a_spk2_face.bmp.ctxr,w04a_spk2_face.bmp,ctxr,699488,320e6125bd8abb12a79687f6a25ae6be0d274475
textures/flatlist/ovr_stm/_win/w04a_wall1.bmp.ctxr,textures/flatlist/ovr_stm/_win,w04a_wall1.bmp.ctxr,w04a_wall1.bmp,ctxr,5592864,ec7dd20e593436409af8b369226d35a7d76b5d27
textures/flatlist/ovr_stm/_win/w04a_wall2.bmp.ctxr,textures/flatlist/ovr_stm/_win,w04a_wall2.bmp.ctxr,w04a_wall2.bmp,ctxr,5592864,d63e8b0d6d8f0604b39bf9694da2acfff84027d9
textures/flatlist/ovr_stm/_win/w04a_wall_tuuro.bmp.ctxr,textures/flatlist/ovr_stm/_win,w04a_wall_tuuro.bmp.ctxr,w04a_wall_tuuro.bmp,ctxr,699488,c077f251cb7f69ccf358667500217206e6f76367
textures/flatlist/ovr_stm/_win/w04_demo_scr_back.bmp.ctxr,textures/flatlist/ovr_stm/_win,w04_demo_scr_back.bmp.ctxr,w04_demo_scr_back.bmp,ctxr,1398528,10d02ad36eea59167f9b21203a9cc0928204bdd4
textures/flatlist/ovr_stm/_win/w04_demo_scr_parts_01.bmp.ctxr,textures/flatlist/ovr_stm/_win,w04_demo_scr_parts_01.bmp.ctxr,w04_demo_scr_parts_01.bmp,ctxr,699488,87016474502b47e40233421316064884dfd57ce9
textures/flatlist/ovr_stm/_win/w04_demo_scr_parts_02.bmp.ctxr,textures/flatlist/ovr_stm/_win,w04_demo_scr_parts_02.bmp.ctxr,w04_demo_scr_parts_02.bmp,ctxr,699488,6ea8efe22b1d1b1bcc8af5db2d7aa8251561f9db
textures/flatlist/ovr_stm/_win/w04_demo_scr_parts_03.bmp.ctxr,textures/flatlist/ovr_stm/_win,w04_demo_scr_parts_03.bmp.ctxr,w04_demo_scr_parts_03.bmp,ctxr,699488,ac42134348faaaaeb389df54431594ed4f2a0ae2
textures/flatlist/ovr_stm/_win/w04_demo_scr_parts_bottom.bmp.ctxr,textures/flatlist/ovr_stm/_win,w04_demo_scr_parts_bottom.bmp.ctxr,w04_demo_scr_parts_bottom.bmp,ctxr,699488,6744f2cafff003f03b7d403b25800b07a9e9d022
textures/flatlist/ovr_stm/_win/w04_demo_scr_parts_left.bmp.ctxr,textures/flatlist/ovr_stm/_win,w04_demo_scr_parts_left.bmp.ctxr,w04_demo_scr_parts_left.bmp,ctxr,699488,65230ad4aca402e1995e0533f5fe9ea8e432b770
textures/flatlist/ovr_stm/_win/w04_eisha2_back.bmp.ctxr,textures/flatlist/ovr_stm/_win,w04_eisha2_back.bmp.ctxr,w04_eisha2_back.bmp,ctxr,349920,00122424ab95a82135ec8bd43b9d67a517c7fd6d
textures/flatlist/ovr_stm/_win/w04_eisha2_top.bmp.ctxr,textures/flatlist/ovr_stm/_win,w04_eisha2_top.bmp.ctxr,w04_eisha2_top.bmp,ctxr,2796672,be6842b0c6fc035a93c60a54c22cfac9dc328f74
textures/flatlist/ovr_stm/_win/w04_yuka.bmp.ctxr,textures/flatlist/ovr_stm/_win,w04_yuka.bmp.ctxr,w04_yuka.bmp,ctxr,1398560,b490080acbe491c4ca53fe31b4c7083488e2f757
textures/flatlist/ovr_stm/_win/w04_yuka_02.bmp.ctxr,textures/flatlist/ovr_stm/_win,w04_yuka_02.bmp.ctxr,w04_yuka_02.bmp,ctxr,349920,cca1cdcaca5e5420afb9e363a7dc56e648654789
textures/flatlist/ovr_stm/_win/w10b_fence_03_alp_ovl.bmp.ctxr,textures/flatlist/ovr_stm/_win,w10b_fence_03_alp_ovl.bmp.ctxr,w10b_fence_03_alp_ovl.bmp,ctxr,11185312,3abebb4f8d5adb3bef869ca250b96f26275935a5
textures/flatlist/ovr_stm/_win/w10c_ashi00.bmp.ctxr,textures/flatlist/ovr_stm/_win,w10c_ashi00.bmp.ctxr,w10c_ashi00.bmp,ctxr,1398560,3e7345f334963cb74c9c8aaa1c41abd833e9035a
textures/flatlist/ovr_stm/_win/w10c_ent01.bmp.ctxr,textures/flatlist/ovr_stm/_win,w10c_ent01.bmp.ctxr,w10c_ent01.bmp,ctxr,699520,cfee4bad68bff1fbbfd842faf463beae780d1b08
textures/flatlist/ovr_stm/_win/w10c_entfl00.bmp.ctxr,textures/flatlist/ovr_stm/_win,w10c_entfl00.bmp.ctxr,w10c_entfl00.bmp,ctxr,1398528,2a1b58321f01bdd475b330e3d6ec263abb3bfaf9
textures/flatlist/ovr_stm/_win/w10c_entfl01.bmp.ctxr,textures/flatlist/ovr_stm/_win,w10c_entfl01.bmp.ctxr,w10c_entfl01.bmp,ctxr,1398528,5aa8a29b74621ddfc0dcc3acbc5438d674f716c2
textures/flatlist/ovr_stm/_win/w10c_entw00.bmp_ebada4c5fb0cf21b95c03d700bd34525.ctxr,textures/flatlist/ovr_stm/_win,w10c_entw00.bmp_ebada4c5fb0cf21b95c03d700bd34525.ctxr,w10c_entw00.bmp_ebada4c5fb0cf21b95c03d700bd34525,ctxr,2796672,9e3395f12a5261eb10af0febce09758d22d2161c
textures/flatlist/ovr_stm/_win/w10c_entw01.bmp.ctxr,textures/flatlist/ovr_stm/_win,w10c_entw01.bmp.ctxr,w10c_entw01.bmp,ctxr,1398560,7e7547a0d9156a65ca6889bbe4f50a89ed28431c
textures/flatlist/ovr_stm/_win/w10c_fl00a.bmp_f090db2c7d27de5ceaf7849bea3f7689.ctxr,textures/flatlist/ovr_stm/_win,w10c_fl00a.bmp_f090db2c7d27de5ceaf7849bea3f7689.ctxr,w10c_fl00a.bmp_f090db2c7d27de5ceaf7849bea3f7689,ctxr,1398528,abe9de991c463df7e87774550197f91c9df7ae22
textures/flatlist/ovr_stm/_win/w10c_fl00b.bmp_4783af139eb8448160dc9fa885bd7451.ctxr,textures/flatlist/ovr_stm/_win,w10c_fl00b.bmp_4783af139eb8448160dc9fa885bd7451.ctxr,w10c_fl00b.bmp_4783af139eb8448160dc9fa885bd7451,ctxr,699488,ff0a346e0dd39bb0f77575b2d6bf3c8f37da9216
textures/flatlist/ovr_stm/_win/w10c_fl00c.bmp_79d5f05b0c8f02fa5ea3d8344309a532.ctxr,textures/flatlist/ovr_stm/_win,w10c_fl00c.bmp_79d5f05b0c8f02fa5ea3d8344309a532.ctxr,w10c_fl00c.bmp_79d5f05b0c8f02fa5ea3d8344309a532,ctxr,699488,6c3545076e32d32517a33f2a443d559be3b9b6c9
textures/flatlist/ovr_stm/_win/w10c_fl00d.bmp.ctxr,textures/flatlist/ovr_stm/_win,w10c_fl00d.bmp.ctxr,w10c_fl00d.bmp,ctxr,175200,b05b2e8b83ef17dedc44f7b8f0a872259611c211
textures/flatlist/ovr_stm/_win/w10c_fl01.bmp_89b1600a0752b90e97de0d507585a5be.ctxr,textures/flatlist/ovr_stm/_win,w10c_fl01.bmp_89b1600a0752b90e97de0d507585a5be.ctxr,w10c_fl01.bmp_89b1600a0752b90e97de0d507585a5be,ctxr,1398528,1442ab29530dbb4d0b2b69f62256f1fe525ddc71
textures/flatlist/ovr_stm/_win/w10c_fl01_brk.bmp.ctxr,textures/flatlist/ovr_stm/_win,w10c_fl01_brk.bmp.ctxr,w10c_fl01_brk.bmp,ctxr,2796672,0c7acefe3c73ce1d420de20384926533d20945d0
textures/flatlist/ovr_stm/_win/w10c_fl02.bmp.ctxr,textures/flatlist/ovr_stm/_win,w10c_fl02.bmp.ctxr,w10c_fl02.bmp,ctxr,2796672,73c227661bc41d4b235712b802ec2be8ead26c11
textures/flatlist/ovr_stm/_win/w10c_fl03.bmp.ctxr,textures/flatlist/ovr_stm/_win,w10c_fl03.bmp.ctxr,w10c_fl03.bmp,ctxr,1398528,03cea4448257b34f0eda02d5e8f651bb34487c6d
textures/flatlist/ovr_stm/_win/w10c_fl03a.bmp.ctxr,textures/flatlist/ovr_stm/_win,w10c_fl03a.bmp.ctxr,w10c_fl03a.bmp,ctxr,1398528,ce08242e51fcbe0a32080c626fb3b7aa563e0147
textures/flatlist/ovr_stm/_win/w10c_flu00a.bmp.ctxr,textures/flatlist/ovr_stm/_win,w10c_flu00a.bmp.ctxr,w10c_flu00a.bmp,ctxr,1398528,626277f5f1ad0335d52694ec4e809bac61021e8b
textures/flatlist/ovr_stm/_win/w10c_pp01.bmp.ctxr,textures/flatlist/ovr_stm/_win,w10c_pp01.bmp.ctxr,w10c_pp01.bmp,ctxr,1398560,5b550ea6e89e0340ee61fa459ac9ddb55a69615d
textures/flatlist/ovr_stm/_win/w10c_pp01.bmp_ffdb967870ba68b15bb0414af2582240.ctxr,textures/flatlist/ovr_stm/_win,w10c_pp01.bmp_ffdb967870ba68b15bb0414af2582240.ctxr,w10c_pp01.bmp_ffdb967870ba68b15bb0414af2582240,ctxr,1398560,d964813a4c60cfafa03ddc00442ff8320431544d
textures/flatlist/ovr_stm/_win/w10c_pp01a.bmp.ctxr,textures/flatlist/ovr_stm/_win,w10c_pp01a.bmp.ctxr,w10c_pp01a.bmp,ctxr,1398560,c80173732f10faa93fa3575c77a45d71a1dd4e2c
textures/flatlist/ovr_stm/_win/w10c_pp04.bmp_6c02c0734669b3b2af844bfb2a6f8caf.ctxr,textures/flatlist/ovr_stm/_win,w10c_pp04.bmp_6c02c0734669b3b2af844bfb2a6f8caf.ctxr,w10c_pp04.bmp_6c02c0734669b3b2af844bfb2a6f8caf,ctxr,1398560,408f6ac42b6b1aae6990162b9984961541912e11
textures/flatlist/ovr_stm/_win/w10c_sk00.bmp_080bd3d56c6e4437c207d0839cc27828.ctxr,textures/flatlist/ovr_stm/_win,w10c_sk00.bmp_080bd3d56c6e4437c207d0839cc27828.ctxr,w10c_sk00.bmp_080bd3d56c6e4437c207d0839cc27828,ctxr,699488,3442b83a13a6f7fa16c955fa4e6a20dd9364b44e
textures/flatlist/ovr_stm/_win/w10c_sk00a.bmp_c23abf4bb26aa9b385f505c9436c87e3.ctxr,textures/flatlist/ovr_stm/_win,w10c_sk00a.bmp_c23abf4bb26aa9b385f505c9436c87e3.ctxr,w10c_sk00a.bmp_c23abf4bb26aa9b385f505c9436c87e3,ctxr,699488,837857ed094bb1790d80b4125c64d0f68f61039b
textures/flatlist/ovr_stm/_win/w10c_sk00b.bmp_d9e12dccb9bcc4cf71139977cbfbc3e7.ctxr,textures/flatlist/ovr_stm/_win,w10c_sk00b.bmp_d9e12dccb9bcc4cf71139977cbfbc3e7.ctxr,w10c_sk00b.bmp_d9e12dccb9bcc4cf71139977cbfbc3e7,ctxr,699488,f699ea684e8d4915e7b80db967cd6c825e2414d8
textures/flatlist/ovr_stm/_win/w10c_sk00c.bmp_4081fb1cac8896c709c768596117ba88.ctxr,textures/flatlist/ovr_stm/_win,w10c_sk00c.bmp_4081fb1cac8896c709c768596117ba88.ctxr,w10c_sk00c.bmp_4081fb1cac8896c709c768596117ba88,ctxr,699488,93943c9aaa357d0820efee3e6e73471a07552677
textures/flatlist/ovr_stm/_win/w10c_sk00d.bmp_a9ee348f02fbca3d69c1ad8a9a23932a.ctxr,textures/flatlist/ovr_stm/_win,w10c_sk00d.bmp_a9ee348f02fbca3d69c1ad8a9a23932a.ctxr,w10c_sk00d.bmp_a9ee348f02fbca3d69c1ad8a9a23932a,ctxr,349920,78f4af85a792878a7ee16c6ac366b121767fa8e7
textures/flatlist/ovr_stm/_win/w10c_sk00e.bmp_0e3bb1fb297f402705e2cad23f68ddf6.ctxr,textures/flatlist/ovr_stm/_win,w10c_sk00e.bmp_0e3bb1fb297f402705e2cad23f68ddf6.ctxr,w10c_sk00e.bmp_0e3bb1fb297f402705e2cad23f68ddf6,ctxr,699488,b97a648af6258d53434edb71326ade2a0e854b8d
textures/flatlist/ovr_stm/_win/w10c_sk01.bmp.ctxr,textures/flatlist/ovr_stm/_win,w10c_sk01.bmp.ctxr,w10c_sk01.bmp,ctxr,699488,16eb8dfc790ea8a53504641c4ebce9ac6e94974e
textures/flatlist/ovr_stm/_win/w10c_sk01.bmp_b38fa6aa2149606ac364f449b0956d51.ctxr,textures/flatlist/ovr_stm/_win,w10c_sk01.bmp_b38fa6aa2149606ac364f449b0956d51.ctxr,w10c_sk01.bmp_b38fa6aa2149606ac364f449b0956d51,ctxr,699488,8d3411ce68c38b5aebffbaff59570b1eadf48a57
textures/flatlist/ovr_stm/_win/w10c_sk01a.bmp_bac7874a3dfb93ad53d87c13aee33f56.ctxr,textures/flatlist/ovr_stm/_win,w10c_sk01a.bmp_bac7874a3dfb93ad53d87c13aee33f56.ctxr,w10c_sk01a.bmp_bac7874a3dfb93ad53d87c13aee33f56,ctxr,699488,a8c7de6c8b1eec3c401230b48671c9b321aa1587
textures/flatlist/ovr_stm/_win/w10c_sk01b.bmp_5dc6834c6bebd925dad973550e4c6fdf.ctxr,textures/flatlist/ovr_stm/_win,w10c_sk01b.bmp_5dc6834c6bebd925dad973550e4c6fdf.ctxr,w10c_sk01b.bmp_5dc6834c6bebd925dad973550e4c6fdf,ctxr,349920,b0b6584a4f28953b104778d51233f9bdcaa5fff2
textures/flatlist/ovr_stm/_win/w10c_sk01c.bmp_a7e8bcc841939628dc2dda275f4d60e0.ctxr,textures/flatlist/ovr_stm/_win,w10c_sk01c.bmp_a7e8bcc841939628dc2dda275f4d60e0.ctxr,w10c_sk01c.bmp_a7e8bcc841939628dc2dda275f4d60e0,ctxr,699488,863dde1a1f94b095ea658485b36e2ff1143f0778
textures/flatlist/ovr_stm/_win/w10c_sk02b.bmp.ctxr,textures/flatlist/ovr_stm/_win,w10c_sk02b.bmp.ctxr,w10c_sk02b.bmp,ctxr,44096,b9f5ca980936b314d84397b8c99f68ad49586584
textures/flatlist/ovr_stm/_win/w10c_sku00.bmp.ctxr,textures/flatlist/ovr_stm/_win,w10c_sku00.bmp.ctxr,w10c_sku00.bmp,ctxr,175200,c5f0e4bc3e90a347e8118b214ed73cefaf9d6fd4
textures/flatlist/ovr_stm/_win/w10c_sku00a.bmp.ctxr,textures/flatlist/ovr_stm/_win,w10c_sku00a.bmp.ctxr,w10c_sku00a.bmp,ctxr,175200,727f8ecb1d94952502d98a0d19b933f9c6a34999
textures/flatlist/ovr_stm/_win/w10c_sku00c.bmp.ctxr,textures/flatlist/ovr_stm/_win,w10c_sku00c.bmp.ctxr,w10c_sku00c.bmp,ctxr,175200,a505de0552d086a3c141b6c30b39f4ada5341aa5
textures/flatlist/ovr_stm/_win/w10c_sku00d.bmp.ctxr,textures/flatlist/ovr_stm/_win,w10c_sku00d.bmp.ctxr,w10c_sku00d.bmp,ctxr,87776,92ecfc0fc2da53ef1b4963f7cc252409bbec8143
textures/flatlist/ovr_stm/_win/w10c_sku01a.bmp.ctxr,textures/flatlist/ovr_stm/_win,w10c_sku01a.bmp.ctxr,w10c_sku01a.bmp,ctxr,175200,f98e2c3ab0a1de12425645cf3055958ce3e1f284
textures/flatlist/ovr_stm/_win/w10c_trapfl01.bmp.ctxr,textures/flatlist/ovr_stm/_win,w10c_trapfl01.bmp.ctxr,w10c_trapfl01.bmp,ctxr,1398528,3809c9161dfae98dc43a28e76756775311732e6d
textures/flatlist/ovr_stm/_win/w10c_w00.bmp.ctxr,textures/flatlist/ovr_stm/_win,w10c_w00.bmp.ctxr,w10c_w00.bmp,ctxr,5592864,7412ceb9f66b210c26afe18e95f2f19ffce99a3f
textures/flatlist/ovr_stm/_win/w10c_w00a.bmp.ctxr,textures/flatlist/ovr_stm/_win,w10c_w00a.bmp.ctxr,w10c_w00a.bmp,ctxr,5592864,773349a31bcd9f595fb44b6f5620ce2c344f1de2
textures/flatlist/ovr_stm/_win/w10c_w00b.bmp.ctxr,textures/flatlist/ovr_stm/_win,w10c_w00b.bmp.ctxr,w10c_w00b.bmp,ctxr,1398528,c43607464b96223584824d47236aeb77c8fc658d
textures/flatlist/ovr_stm/_win/w10c_w00c.bmp_1a2ec7dfc72a4bdfc203becd5d5bccf6.ctxr,textures/flatlist/ovr_stm/_win,w10c_w00c.bmp_1a2ec7dfc72a4bdfc203becd5d5bccf6.ctxr,w10c_w00c.bmp_1a2ec7dfc72a4bdfc203becd5d5bccf6,ctxr,349984,4172a722c5b4fdce5f66d4dc408033e8e267892f
textures/flatlist/ovr_stm/_win/w10c_w00e.bmp.ctxr,textures/flatlist/ovr_stm/_win,w10c_w00e.bmp.ctxr,w10c_w00e.bmp,ctxr,5592864,49a30a963e13e6962be02bda54d776bf52c39577
textures/flatlist/ovr_stm/_win/w10c_w00f2.bmp.ctxr,textures/flatlist/ovr_stm/_win,w10c_w00f2.bmp.ctxr,w10c_w00f2.bmp,ctxr,5592864,0561628815546619410bb285285195ad46bde8a7
textures/flatlist/ovr_stm/_win/w10c_w02.bmp.ctxr,textures/flatlist/ovr_stm/_win,w10c_w02.bmp.ctxr,w10c_w02.bmp,ctxr,349952,70e7612838d09092046cead67a0bcd2865c57a24
textures/flatlist/ovr_stm/_win/w10c_w06b2.bmp.ctxr,textures/flatlist/ovr_stm/_win,w10c_w06b2.bmp.ctxr,w10c_w06b2.bmp,ctxr,5592864,72fed12acaf1b1283ac7130f054f9e64a2a3b23c
textures/flatlist/ovr_stm/_win/w11a0_amiflr1.bmp.ctxr,textures/flatlist/ovr_stm/_win,w11a0_amiflr1.bmp.ctxr,w11a0_amiflr1.bmp,ctxr,1398528,aa9b26e08bf8288a944759d6e5787b3f599aafdb
textures/flatlist/ovr_stm/_win/w11a0_amiflr1_nuke_alp.bmp.ctxr,textures/flatlist/ovr_stm/_win,w11a0_amiflr1_nuke_alp.bmp.ctxr,w11a0_amiflr1_nuke_alp.bmp,ctxr,699488,6be900654d0aec48339d985d12c72db6bbc2944f
textures/flatlist/ovr_stm/_win/w11a0_amiflr2.bmp.ctxr,textures/flatlist/ovr_stm/_win,w11a0_amiflr2.bmp.ctxr,w11a0_amiflr2.bmp,ctxr,699488,1228fa6e87376f498732184f4baf88f4fc64acc4
textures/flatlist/ovr_stm/_win/w11a0_bonbe1.bmp.ctxr,textures/flatlist/ovr_stm/_win,w11a0_bonbe1.bmp.ctxr,w11a0_bonbe1.bmp,ctxr,1398528,0c4372afbc003ffa42f13e26b68d9d75b7125cfb
textures/flatlist/ovr_stm/_win/w11a0_crndesk_f1.bmp.ctxr,textures/flatlist/ovr_stm/_win,w11a0_crndesk_f1.bmp.ctxr,w11a0_crndesk_f1.bmp,ctxr,1398528,a5b448278a014191aa0aef86d0a3ac9cc1c36fee
textures/flatlist/ovr_stm/_win/w11a0_deckwall1.bmp.ctxr,textures/flatlist/ovr_stm/_win,w11a0_deckwall1.bmp.ctxr,w11a0_deckwall1.bmp,ctxr,1398560,e93bfb6dd8ab07a8347788f769f3048d47f81680
textures/flatlist/ovr_stm/_win/w11a0_drwall_panel_r.bmp.ctxr,textures/flatlist/ovr_stm/_win,w11a0_drwall_panel_r.bmp.ctxr,w11a0_drwall_panel_r.bmp,ctxr,699520,bdc810a8c36fb188bc60d1a366c4d50589b79a03
textures/flatlist/ovr_stm/_win/w11a0_duct1.bmp.ctxr,textures/flatlist/ovr_stm/_win,w11a0_duct1.bmp.ctxr,w11a0_duct1.bmp,ctxr,5592896,e4d94c952e3904bfa24801b444411686970c8a08
textures/flatlist/ovr_stm/_win/w11a0_duct1_enter.bmp.ctxr,textures/flatlist/ovr_stm/_win,w11a0_duct1_enter.bmp.ctxr,w11a0_duct1_enter.bmp,ctxr,2796672,0c275238e2fec216960e15e9374b53726dcc12f0
textures/flatlist/ovr_stm/_win/w11a0_duct_fence_alp.bmp.ctxr,textures/flatlist/ovr_stm/_win,w11a0_duct_fence_alp.bmp.ctxr,w11a0_duct_fence_alp.bmp,ctxr,175168,69462d82b030ee054dcfb2ae2e83395167f9bf6d
textures/flatlist/ovr_stm/_win/w11a0_fence1_alp.bmp.ctxr,textures/flatlist/ovr_stm/_win,w11a0_fence1_alp.bmp.ctxr,w11a0_fence1_alp.bmp,ctxr,5592864,491a06d80b59a3e0af9694c386b6cfa67621db5d
textures/flatlist/ovr_stm/_win/w11a0_floor1.bmp.ctxr,textures/flatlist/ovr_stm/_win,w11a0_floor1.bmp.ctxr,w11a0_floor1.bmp,ctxr,5592864,9c30ebf6b7f5ec13a8a0bbfd6fef7cadaa564b11
textures/flatlist/ovr_stm/_win/w11a0_floor1_side.bmp.ctxr,textures/flatlist/ovr_stm/_win,w11a0_floor1_side.bmp.ctxr,w11a0_floor1_side.bmp,ctxr,1398560,ad5c939ea21760149874e64c93a6d27dfae59729
textures/flatlist/ovr_stm/_win/w11a0_gas_cap00.bmp.ctxr,textures/flatlist/ovr_stm/_win,w11a0_gas_cap00.bmp.ctxr,w11a0_gas_cap00.bmp,ctxr,44064,b6a8065fa05d975a9b05f42ce57cdc8109405a89
textures/flatlist/ovr_stm/_win/w11a0_jmst_dai1.bmp.ctxr,textures/flatlist/ovr_stm/_win,w11a0_jmst_dai1.bmp.ctxr,w11a0_jmst_dai1.bmp,ctxr,1398528,527a211b232ea1ade7af012b7af5067c9f756665
textures/flatlist/ovr_stm/_win/w11a0_pillar1.bmp.ctxr,textures/flatlist/ovr_stm/_win,w11a0_pillar1.bmp.ctxr,w11a0_pillar1.bmp,ctxr,2796672,9eddfb271f0d19b0a461418cc0281800cab577c0
textures/flatlist/ovr_stm/_win/w11a0_poolwall1.bmp.ctxr,textures/flatlist/ovr_stm/_win,w11a0_poolwall1.bmp.ctxr,w11a0_poolwall1.bmp,ctxr,1398560,181483c35d8c7756eddbac3bbfb100c666223045
textures/flatlist/ovr_stm/_win/w11a0_poolwall2.bmp.ctxr,textures/flatlist/ovr_stm/_win,w11a0_poolwall2.bmp.ctxr,w11a0_poolwall2.bmp,ctxr,2796672,cff9d9989f3d5a3113afd1010aa166498066d84e
textures/flatlist/ovr_stm/_win/w11a0_pool_entflor1.bmp.ctxr,textures/flatlist/ovr_stm/_win,w11a0_pool_entflor1.bmp.ctxr,w11a0_pool_entflor1.bmp,ctxr,699488,69f12834d4e953efc6f13308577de9a90a26265f
textures/flatlist/ovr_stm/_win/w11a0_poor_tsr1.bmp.ctxr,textures/flatlist/ovr_stm/_win,w11a0_poor_tsr1.bmp.ctxr,w11a0_poor_tsr1.bmp,ctxr,349952,055a17dc7fb4648d8576002a50b6daeb7c0b755c
textures/flatlist/ovr_stm/_win/w11a0_poor_tsr2.bmp.ctxr,textures/flatlist/ovr_stm/_win,w11a0_poor_tsr2.bmp.ctxr,w11a0_poor_tsr2.bmp,ctxr,175200,10dccba85440b10197d3fd9e9b85d3172c747f39
textures/flatlist/ovr_stm/_win/w11a0_southwall1.bmp.ctxr,textures/flatlist/ovr_stm/_win,w11a0_southwall1.bmp.ctxr,w11a0_southwall1.bmp,ctxr,2796672,a4486677fd28ed508bb2df985255d05e94436e36
textures/flatlist/ovr_stm/_win/w11a0_southwall2.bmp.ctxr,textures/flatlist/ovr_stm/_win,w11a0_southwall2.bmp.ctxr,w11a0_southwall2.bmp,ctxr,2796672,8ac550205a2242868e127deb01c98aed62ee4b41
textures/flatlist/ovr_stm/_win/w11a0_southwall_hari1.bmp.ctxr,textures/flatlist/ovr_stm/_win,w11a0_southwall_hari1.bmp.ctxr,w11a0_southwall_hari1.bmp,ctxr,2796672,0ea1f02b636a925db4434fccb48cd8a8eef3bacc
textures/flatlist/ovr_stm/_win/w11a0_step1.bmp.ctxr,textures/flatlist/ovr_stm/_win,w11a0_step1.bmp.ctxr,w11a0_step1.bmp,ctxr,699488,70f8be99e44f4475c6cd3df553c5277e1d074dcc
textures/flatlist/ovr_stm/_win/w11a0_tank1_asi1.bmp.ctxr,textures/flatlist/ovr_stm/_win,w11a0_tank1_asi1.bmp.ctxr,w11a0_tank1_asi1.bmp,ctxr,175168,924b89dcbac414df0862e6e3fa250a23c14220e4
textures/flatlist/ovr_stm/_win/w11a0_tank1_asi2.bmp.ctxr,textures/flatlist/ovr_stm/_win,w11a0_tank1_asi2.bmp.ctxr,w11a0_tank1_asi2.bmp,ctxr,175168,a9286a0f757bd1cb66c4505efeea8d21f3c7c131
textures/flatlist/ovr_stm/_win/w11a0_tank1_ender.bmp.ctxr,textures/flatlist/ovr_stm/_win,w11a0_tank1_ender.bmp.ctxr,w11a0_tank1_ender.bmp,ctxr,87776,c38b27f287e1a0134616d4321a2fe6aafd15db08
textures/flatlist/ovr_stm/_win/w11a0_tank1_s.bmp.ctxr,textures/flatlist/ovr_stm/_win,w11a0_tank1_s.bmp.ctxr,w11a0_tank1_s.bmp,ctxr,1398528,208c741adcfba7f0f57f558f72165a1295835f79
textures/flatlist/ovr_stm/_win/w11a0_temptex1_pipe.bmp.ctxr,textures/flatlist/ovr_stm/_win,w11a0_temptex1_pipe.bmp.ctxr,w11a0_temptex1_pipe.bmp,ctxr,349952,af26da4d78147ac0e601e043f7551431b60c00d3
textures/flatlist/ovr_stm/_win/w11a0_tsr1.bmp.ctxr,textures/flatlist/ovr_stm/_win,w11a0_tsr1.bmp.ctxr,w11a0_tsr1.bmp,ctxr,175200,025668c960ca893458a812775e36cc16bca9b997
textures/flatlist/ovr_stm/_win/w11a0_tsr2.bmp.ctxr,textures/flatlist/ovr_stm/_win,w11a0_tsr2.bmp.ctxr,w11a0_tsr2.bmp,ctxr,87776,4f0a1dba68b0ad81af4c86fc8a8ce006e1cfaadd
textures/flatlist/ovr_stm/_win/w11a0_wall1.bmp.ctxr,textures/flatlist/ovr_stm/_win,w11a0_wall1.bmp.ctxr,w11a0_wall1.bmp,ctxr,5592864,e334471832f7c5f8a2a022d30b136c4da5eb54a8
textures/flatlist/ovr_stm/_win/w11a0_wall2.bmp.ctxr,textures/flatlist/ovr_stm/_win,w11a0_wall2.bmp.ctxr,w11a0_wall2.bmp,ctxr,5592864,f736639d283d3522d28b2889c3d71fe50d5aab3e
textures/flatlist/ovr_stm/_win/w11a1_flr2.bmp.ctxr,textures/flatlist/ovr_stm/_win,w11a1_flr2.bmp.ctxr,w11a1_flr2.bmp,ctxr,1398528,95ad196a708a6509e12b37862c078de3361b5613
textures/flatlist/ovr_stm/_win/w11a1_pillar1.bmp.ctxr,textures/flatlist/ovr_stm/_win,w11a1_pillar1.bmp.ctxr,w11a1_pillar1.bmp,ctxr,1398560,bbe1584865d224cdcb8b7018cfee09994f210c6e
textures/flatlist/ovr_stm/_win/w11a1_pillar1_s.bmp.ctxr,textures/flatlist/ovr_stm/_win,w11a1_pillar1_s.bmp.ctxr,w11a1_pillar1_s.bmp,ctxr,1398560,17f3de792ff437d1302dddb0fb30fde8251a0c21
textures/flatlist/ovr_stm/_win/w11a1_pillar2.bmp.ctxr,textures/flatlist/ovr_stm/_win,w11a1_pillar2.bmp.ctxr,w11a1_pillar2.bmp,ctxr,1398560,534d5bf4c6fa9df2caf7a75b56d89b3aa7cdfc78
textures/flatlist/ovr_stm/_win/w11a1_pillar2_s.bmp.ctxr,textures/flatlist/ovr_stm/_win,w11a1_pillar2_s.bmp.ctxr,w11a1_pillar2_s.bmp,ctxr,1398560,8bd5e90779e521c427029537dbd62b7739adfd39
textures/flatlist/ovr_stm/_win/w11a1_pipe_endbox.bmp.ctxr,textures/flatlist/ovr_stm/_win,w11a1_pipe_endbox.bmp.ctxr,w11a1_pipe_endbox.bmp,ctxr,349920,72f943f02e6d4d079f3b34694c070371f828ecd3
textures/flatlist/ovr_stm/_win/w11a1_wall1.bmp.ctxr,textures/flatlist/ovr_stm/_win,w11a1_wall1.bmp.ctxr,w11a1_wall1.bmp,ctxr,2796672,54ca728eb00ca1ec07961228fc9be24486ef84b0
textures/flatlist/ovr_stm/_win/w11a1_wall2.bmp.ctxr,textures/flatlist/ovr_stm/_win,w11a1_wall2.bmp.ctxr,w11a1_wall2.bmp,ctxr,2796672,825bcc34cfa88792383e7e58c266509024879f05
textures/flatlist/ovr_stm/_win/w11a1_wall3.bmp.ctxr,textures/flatlist/ovr_stm/_win,w11a1_wall3.bmp.ctxr,w11a1_wall3.bmp,ctxr,2796672,60c625b4d1f4275ab4ba4e88fa80973bd5a668d8
textures/flatlist/ovr_stm/_win/w11a2_cable1_st.bmp.ctxr,textures/flatlist/ovr_stm/_win,w11a2_cable1_st.bmp.ctxr,w11a2_cable1_st.bmp,ctxr,349952,26670f4736ce8aab82373675b01354d5319c0fa7
textures/flatlist/ovr_stm/_win/w11a2_ceil1.bmp.ctxr,textures/flatlist/ovr_stm/_win,w11a2_ceil1.bmp.ctxr,w11a2_ceil1.bmp,ctxr,1398528,d4e7f4e10ab0c7fe6a8e66f7259686f16396057f
textures/flatlist/ovr_stm/_win/w11a2_ceillit_hanger1.bmp.ctxr,textures/flatlist/ovr_stm/_win,w11a2_ceillit_hanger1.bmp.ctxr,w11a2_ceillit_hanger1.bmp,ctxr,699520,3255b8f6b23b87a62e4b18ca883f6b506d9e41d5
textures/flatlist/ovr_stm/_win/w11a2_closed_shatter.bmp.ctxr,textures/flatlist/ovr_stm/_win,w11a2_closed_shatter.bmp.ctxr,w11a2_closed_shatter.bmp,ctxr,2796672,4c33f4a2cd15686c9117f4bbcbfce0f1896b7e60
textures/flatlist/ovr_stm/_win/w11a2_drwall1_head.bmp.ctxr,textures/flatlist/ovr_stm/_win,w11a2_drwall1_head.bmp.ctxr,w11a2_drwall1_head.bmp,ctxr,349952,03a1233a12c8035cd778e67fc1b5a2bd09139929
textures/flatlist/ovr_stm/_win/w11a2_elvgate_pillar.bmp.ctxr,textures/flatlist/ovr_stm/_win,w11a2_elvgate_pillar.bmp.ctxr,w11a2_elvgate_pillar.bmp,ctxr,699488,3feb24ba8550fa9a0d8699253645e0c8178ae2e2
textures/flatlist/ovr_stm/_win/w11a2_flr1.bmp.ctxr,textures/flatlist/ovr_stm/_win,w11a2_flr1.bmp.ctxr,w11a2_flr1.bmp,ctxr,5592864,b9e69456774b592ae8d51dcd969aea4a3f57b8dc
textures/flatlist/ovr_stm/_win/w11a2_gate_flr1.bmp.ctxr,textures/flatlist/ovr_stm/_win,w11a2_gate_flr1.bmp.ctxr,w11a2_gate_flr1.bmp,ctxr,699488,1047d42a0c38d55fe32c635ab6661abb68286af5
textures/flatlist/ovr_stm/_win/w11a2_pillar1.bmp.ctxr,textures/flatlist/ovr_stm/_win,w11a2_pillar1.bmp.ctxr,w11a2_pillar1.bmp,ctxr,1398560,0ab093f85409dbc22e37801804f5ddd9f519651d
textures/flatlist/ovr_stm/_win/w11a2_pillar2.bmp.ctxr,textures/flatlist/ovr_stm/_win,w11a2_pillar2.bmp.ctxr,w11a2_pillar2.bmp,ctxr,1398560,17dc4f09588d7f19c6b1b9632590de3b22470522
textures/flatlist/ovr_stm/_win/w11a2_pipe3.bmp.ctxr,textures/flatlist/ovr_stm/_win,w11a2_pipe3.bmp.ctxr,w11a2_pipe3.bmp,ctxr,349952,31b51d393319dd2d89696d87dade3dd1587b4407
textures/flatlist/ovr_stm/_win/w11a2_sunoko.bmp.ctxr,textures/flatlist/ovr_stm/_win,w11a2_sunoko.bmp.ctxr,w11a2_sunoko.bmp,ctxr,1398528,c36a1b2495509be52bc62333692cb36d74319892
textures/flatlist/ovr_stm/_win/w11a2_wall1.bmp.ctxr,textures/flatlist/ovr_stm/_win,w11a2_wall1.bmp.ctxr,w11a2_wall1.bmp,ctxr,5592864,eec2da6babba32dea19cf505e50b049e401d3206
textures/flatlist/ovr_stm/_win/w11a_gas2_02_t.bmp.ctxr,textures/flatlist/ovr_stm/_win,w11a_gas2_02_t.bmp.ctxr,w11a_gas2_02_t.bmp,ctxr,349920,493d4eab90353b51379554fa0442365c98038302
textures/flatlist/ovr_stm/_win/w11a_gas2_03_t.bmp.ctxr,textures/flatlist/ovr_stm/_win,w11a_gas2_03_t.bmp.ctxr,w11a_gas2_03_t.bmp,ctxr,349920,db13dfe816a91141f925a6605c4379718a3ba665
textures/flatlist/ovr_stm/_win/w11a_gas2_04_t.bmp.ctxr,textures/flatlist/ovr_stm/_win,w11a_gas2_04_t.bmp.ctxr,w11a_gas2_04_t.bmp,ctxr,87744,32aa8ddf5179627b05b4e898f3b3e08db85ebc56
textures/flatlist/ovr_stm/_win/w11a_gas_02_t.bmp.ctxr,textures/flatlist/ovr_stm/_win,w11a_gas_02_t.bmp.ctxr,w11a_gas_02_t.bmp,ctxr,349920,3b0ca3d40b101db3b389190c49f22e7d85dbcb53
textures/flatlist/ovr_stm/_win/w11a_litflame_wire_alp.bmp.ctxr,textures/flatlist/ovr_stm/_win,w11a_litflame_wire_alp.bmp.ctxr,w11a_litflame_wire_alp.bmp,ctxr,175200,025433961d6ea0877a2dc8cf56fe46f5f0b1627f
textures/flatlist/ovr_stm/_win/w11a_t_hako_c.bmp.ctxr,textures/flatlist/ovr_stm/_win,w11a_t_hako_c.bmp.ctxr,w11a_t_hako_c.bmp,ctxr,175168,832a48e3f8dec8c1c4313b2fbddb97c0608476c7
textures/flatlist/ovr_stm/_win/w11a_t_hako_d.bmp.ctxr,textures/flatlist/ovr_stm/_win,w11a_t_hako_d.bmp.ctxr,w11a_t_hako_d.bmp,ctxr,1398528,93b9483c756f43b7bdb99737fbb62d53cd713d76
textures/flatlist/ovr_stm/_win/w11a_t_hako_e_2.bmp.ctxr,textures/flatlist/ovr_stm/_win,w11a_t_hako_e_2.bmp.ctxr,w11a_t_hako_e_2.bmp,ctxr,349920,6902afba68683e6bdbcad334b6fbb6efd9bcf8bf
textures/flatlist/ovr_stm/_win/w11a_t_tana2_b.bmp.ctxr,textures/flatlist/ovr_stm/_win,w11a_t_tana2_b.bmp.ctxr,w11a_t_tana2_b.bmp,ctxr,87808,34b8a2f111accb2f0ec3eb510e0ca0c3ef344bed
textures/flatlist/ovr_stm/_win/w11a_t_tana2_c.bmp.ctxr,textures/flatlist/ovr_stm/_win,w11a_t_tana2_c.bmp.ctxr,w11a_t_tana2_c.bmp,ctxr,87808,513607df8d9f662db6c17946a0629d98da4f05f5
textures/flatlist/ovr_stm/_win/w11a_t_tana_a.bmp.ctxr,textures/flatlist/ovr_stm/_win,w11a_t_tana_a.bmp.ctxr,w11a_t_tana_a.bmp,ctxr,1398528,d29dc1abf76a511c641fc4252d56533adf5d07ef
textures/flatlist/ovr_stm/_win/w11b2_ironbox_sf.bmp.ctxr,textures/flatlist/ovr_stm/_win,w11b2_ironbox_sf.bmp.ctxr,w11b2_ironbox_sf.bmp,ctxr,699488,4bdf09117904446b0010194b923ab2f5254ff909
textures/flatlist/ovr_stm/_win/w11c2_lit_ele_box2.bmp.ctxr,textures/flatlist/ovr_stm/_win,w11c2_lit_ele_box2.bmp.ctxr,w11c2_lit_ele_box2.bmp,ctxr,349920,e2992032d5778b0babded7fd9a92a48c07c55f59
textures/flatlist/ovr_stm/_win/w11c2_spipe_temptex1.bmp.ctxr,textures/flatlist/ovr_stm/_win,w11c2_spipe_temptex1.bmp.ctxr,w11c2_spipe_temptex1.bmp,ctxr,349920,58edbe12810dd6bce155a58df557db451bb9b8e6
textures/flatlist/ovr_stm/_win/w11_drum_f1.bmp.ctxr,textures/flatlist/ovr_stm/_win,w11_drum_f1.bmp.ctxr,w11_drum_f1.bmp,ctxr,699488,9d676da4657d08e6e2769fda5b1e3dd75a43cab5
textures/flatlist/ovr_stm/_win/w11_drum_t1.bmp.ctxr,textures/flatlist/ovr_stm/_win,w11_drum_t1.bmp.ctxr,w11_drum_t1.bmp,ctxr,349920,cfb82db6f10a7b3dc091c2bb3c2ce8324702ab0b
textures/flatlist/ovr_stm/_win/w11_explode_drum_f1.bmp.ctxr,textures/flatlist/ovr_stm/_win,w11_explode_drum_f1.bmp.ctxr,w11_explode_drum_f1.bmp,ctxr,699488,cb8588f964153a0fc7ac57b7a42a012b25f456b1
textures/flatlist/ovr_stm/_win/w11_explode_drum_t1.bmp.ctxr,textures/flatlist/ovr_stm/_win,w11_explode_drum_t1.bmp.ctxr,w11_explode_drum_t1.bmp,ctxr,349920,d0cfd04802cf5106f15af2d9aa8443ca20b5d685
textures/flatlist/ovr_stm/_win/w11_sdr_f1.bmp.ctxr,textures/flatlist/ovr_stm/_win,w11_sdr_f1.bmp.ctxr,w11_sdr_f1.bmp,ctxr,699488,f1353dee0e3c3174c080ed1a0f89abf547ae4556
textures/flatlist/ovr_stm/_win/w11_woodbox_all.bmp.ctxr,textures/flatlist/ovr_stm/_win,w11_woodbox_all.bmp.ctxr,w11_woodbox_all.bmp,ctxr,699488,1624ac0282acfa988627649854d4ff5a33c85183
textures/flatlist/ovr_stm/_win/w12a_fl00.bmp.ctxr,textures/flatlist/ovr_stm/_win,w12a_fl00.bmp.ctxr,w12a_fl00.bmp,ctxr,1398528,c816cc01d511220000d76a4fa4c55d4f00fde9ea
textures/flatlist/ovr_stm/_win/w12a_fl00a.bmp.ctxr,textures/flatlist/ovr_stm/_win,w12a_fl00a.bmp.ctxr,w12a_fl00a.bmp,ctxr,1398528,5f94065471924b665f9674bfb596d9bbfc420286
textures/flatlist/ovr_stm/_win/w12a_fl00b.bmp.ctxr,textures/flatlist/ovr_stm/_win,w12a_fl00b.bmp.ctxr,w12a_fl00b.bmp,ctxr,699488,3e7183baa848aca0d12a4404834d44bdf02ea5fc
textures/flatlist/ovr_stm/_win/w12a_fl00c.bmp.ctxr,textures/flatlist/ovr_stm/_win,w12a_fl00c.bmp.ctxr,w12a_fl00c.bmp,ctxr,699488,91c4cb24b3f3fd8df3b2a36a5a1bf2795c7d1866
textures/flatlist/ovr_stm/_win/w12a_fl00d.bmp.ctxr,textures/flatlist/ovr_stm/_win,w12a_fl00d.bmp.ctxr,w12a_fl00d.bmp,ctxr,349920,2aa8db6fec7e82eca24642a7962f6ef7840f9adf
textures/flatlist/ovr_stm/_win/w12a_fl00e.bmp.ctxr,textures/flatlist/ovr_stm/_win,w12a_fl00e.bmp.ctxr,w12a_fl00e.bmp,ctxr,349920,182d6bce9e83badf052d9f719476dc03c9d44536
textures/flatlist/ovr_stm/_win/w12a_fl00f.bmp.ctxr,textures/flatlist/ovr_stm/_win,w12a_fl00f.bmp.ctxr,w12a_fl00f.bmp,ctxr,175200,50715b1880e8eef68b171c263f2f5f0acdf15fc3
textures/flatlist/ovr_stm/_win/w12a_fl00g.bmp.ctxr,textures/flatlist/ovr_stm/_win,w12a_fl00g.bmp.ctxr,w12a_fl00g.bmp,ctxr,699488,89c3830b52b67d2b4a218f8b00d5e2a2997f0e1a
textures/flatlist/ovr_stm/_win/w12a_fl01.bmp.ctxr,textures/flatlist/ovr_stm/_win,w12a_fl01.bmp.ctxr,w12a_fl01.bmp,ctxr,349952,338d64ca8d9340b2dbb92bce52aac49bbc1338e8
textures/flatlist/ovr_stm/_win/w12a_fl01a.bmp.ctxr,textures/flatlist/ovr_stm/_win,w12a_fl01a.bmp.ctxr,w12a_fl01a.bmp,ctxr,349952,5153fa13138d66e8ba0d6c8e0937d2d9ce396c7a
textures/flatlist/ovr_stm/_win/w12a_fl01b.bmp.ctxr,textures/flatlist/ovr_stm/_win,w12a_fl01b.bmp.ctxr,w12a_fl01b.bmp,ctxr,87744,087bd4b97800742252af324fddb7255673fb06cd
textures/flatlist/ovr_stm/_win/w12a_fl01c.bmp.ctxr,textures/flatlist/ovr_stm/_win,w12a_fl01c.bmp.ctxr,w12a_fl01c.bmp,ctxr,175168,56bef5e4ba9d7cf9ddd9526f99ae6d3d5cdc2792
textures/flatlist/ovr_stm/_win/w12a_fl01d.bmp.ctxr,textures/flatlist/ovr_stm/_win,w12a_fl01d.bmp.ctxr,w12a_fl01d.bmp,ctxr,349952,205b98e2d2a619a80e908d69d9f467f02816f44a
textures/flatlist/ovr_stm/_win/w12a_fl05.bmp.ctxr,textures/flatlist/ovr_stm/_win,w12a_fl05.bmp.ctxr,w12a_fl05.bmp,ctxr,699488,ce7b745a06e13e3e76aeb62066680104b2037403
textures/flatlist/ovr_stm/_win/w12a_fl05a.bmp.ctxr,textures/flatlist/ovr_stm/_win,w12a_fl05a.bmp.ctxr,w12a_fl05a.bmp,ctxr,175168,19203cebe3e1e57ab968ae8ada6b990982c688c2
textures/flatlist/ovr_stm/_win/w12a_fl05b.bmp.ctxr,textures/flatlist/ovr_stm/_win,w12a_fl05b.bmp.ctxr,w12a_fl05b.bmp,ctxr,349952,c43cdb9c769648fd5b2a1e69b2b6335796f456b7
textures/flatlist/ovr_stm/_win/w12a_fl05c.bmp.ctxr,textures/flatlist/ovr_stm/_win,w12a_fl05c.bmp.ctxr,w12a_fl05c.bmp,ctxr,699488,2b73ac2d373443a045522ab90b35db37d2e54dab
textures/flatlist/ovr_stm/_win/w12a_fl05d.bmp.ctxr,textures/flatlist/ovr_stm/_win,w12a_fl05d.bmp.ctxr,w12a_fl05d.bmp,ctxr,349920,bcb5fae0c4c068c2098d043e5d994552b13f84c7
textures/flatlist/ovr_stm/_win/w12a_fl05e.bmp.ctxr,textures/flatlist/ovr_stm/_win,w12a_fl05e.bmp.ctxr,w12a_fl05e.bmp,ctxr,349920,a2255492cec744bc843cf565f9719b2f4422568b
textures/flatlist/ovr_stm/_win/w12a_ironbox_sf.bmp.ctxr,textures/flatlist/ovr_stm/_win,w12a_ironbox_sf.bmp.ctxr,w12a_ironbox_sf.bmp,ctxr,699488,fe8a072ba9aad9bbdfdd916c2e70d1c7da32e39a
textures/flatlist/ovr_stm/_win/w12a_rf00a.bmp.ctxr,textures/flatlist/ovr_stm/_win,w12a_rf00a.bmp.ctxr,w12a_rf00a.bmp,ctxr,5592864,7ce00bc5dcec0103e168dbeedc7e4db994bf73a2
textures/flatlist/ovr_stm/_win/w12a_t_hako_d.bmp.ctxr,textures/flatlist/ovr_stm/_win,w12a_t_hako_d.bmp.ctxr,w12a_t_hako_d.bmp,ctxr,1398528,0bc9d61aaee88c932de8252d2fc4a658624cec0a
textures/flatlist/ovr_stm/_win/w12a_w00a.bmp.ctxr,textures/flatlist/ovr_stm/_win,w12a_w00a.bmp.ctxr,w12a_w00a.bmp,ctxr,5592864,d8c56465c3e3e6e8bd0eeb8e8e63a36155e95f2b
textures/flatlist/ovr_stm/_win/w12a_w00b.bmp.ctxr,textures/flatlist/ovr_stm/_win,w12a_w00b.bmp.ctxr,w12a_w00b.bmp,ctxr,5592864,9fdc32ad98d4158aa1513fe7825d18a64ea492b6
textures/flatlist/ovr_stm/_win/w12a_w01a.bmp.ctxr,textures/flatlist/ovr_stm/_win,w12a_w01a.bmp.ctxr,w12a_w01a.bmp,ctxr,349952,a6038dd5e32d84aa5f367783a1672958522233b4
textures/flatlist/ovr_stm/_win/w12a_w01e.bmp.ctxr,textures/flatlist/ovr_stm/_win,w12a_w01e.bmp.ctxr,w12a_w01e.bmp,ctxr,349952,4709a12a09e07f830fc3ccd612e1ce809c99bbba
textures/flatlist/ovr_stm/_win/w12a_w03.bmp_661e3b0b04936b908f29261f775d72d9.ctxr,textures/flatlist/ovr_stm/_win,w12a_w03.bmp_661e3b0b04936b908f29261f775d72d9.ctxr,w12a_w03.bmp_661e3b0b04936b908f29261f775d72d9,ctxr,699488,57ef158ac7d492164e946ed6c3f726a1f5cd0a99
textures/flatlist/ovr_stm/_win/w12b0_enta03.bmp.ctxr,textures/flatlist/ovr_stm/_win,w12b0_enta03.bmp.ctxr,w12b0_enta03.bmp,ctxr,1398560,08f352907ff084c0ecd85b2c8417439d9e1a3268
textures/flatlist/ovr_stm/_win/w12b0_partition_01_alp_ovl.bmp.ctxr,textures/flatlist/ovr_stm/_win,w12b0_partition_01_alp_ovl.bmp.ctxr,w12b0_partition_01_alp_ovl.bmp,ctxr,699488,815e6789dbc304a7b68204a8e225cb6526f7d39d
textures/flatlist/ovr_stm/_win/w12b0_wall_11.bmp.ctxr,textures/flatlist/ovr_stm/_win,w12b0_wall_11.bmp.ctxr,w12b0_wall_11.bmp,ctxr,1398528,e21c2a2bb672eabc915171f8a2885f6fb4e3bc64
textures/flatlist/ovr_stm/_win/w12b0_wall_14.bmp.ctxr,textures/flatlist/ovr_stm/_win,w12b0_wall_14.bmp.ctxr,w12b0_wall_14.bmp,ctxr,1398560,be18466c29c85a48b5c39377ad91fe5828e58fc3
textures/flatlist/ovr_stm/_win/w12b0_wall_16.bmp.ctxr,textures/flatlist/ovr_stm/_win,w12b0_wall_16.bmp.ctxr,w12b0_wall_16.bmp,ctxr,2796672,a1ff483ceaa0d879982e1e5fd0f6fd269656d110
textures/flatlist/ovr_stm/_win/w12b1_floor1_mk.bmp.ctxr,textures/flatlist/ovr_stm/_win,w12b1_floor1_mk.bmp.ctxr,w12b1_floor1_mk.bmp,ctxr,22370112,3783f23c4c9493dde2ea546b987945951d0a279b
textures/flatlist/ovr_stm/_win/w12b1_floor_01.bmp.ctxr,textures/flatlist/ovr_stm/_win,w12b1_floor_01.bmp.ctxr,w12b1_floor_01.bmp,ctxr,1398528,21f2b2bf68915fa7bd590fa4cb96d5ba3e0077fc
textures/flatlist/ovr_stm/_win/w12b1_floor_02mk.bmp.ctxr,textures/flatlist/ovr_stm/_win,w12b1_floor_02mk.bmp.ctxr,w12b1_floor_02mk.bmp,ctxr,699488,ad5a685d74cd812ed962868288b571f3f4d6958c
textures/flatlist/ovr_stm/_win/w12b1_floor_03mk.bmp.ctxr,textures/flatlist/ovr_stm/_win,w12b1_floor_03mk.bmp.ctxr,w12b1_floor_03mk.bmp,ctxr,5592896,3b4a82db15bc3e3021de9c12986d9653003a3ccb
textures/flatlist/ovr_stm/_win/w12b1_floor_04mk.bmp.ctxr,textures/flatlist/ovr_stm/_win,w12b1_floor_04mk.bmp.ctxr,w12b1_floor_04mk.bmp,ctxr,5592896,99442d9024d3d4181da08ee0292afa27ac57e171
textures/flatlist/ovr_stm/_win/w12b1_floor_04_alp_ovl.bmp.ctxr,textures/flatlist/ovr_stm/_win,w12b1_floor_04_alp_ovl.bmp.ctxr,w12b1_floor_04_alp_ovl.bmp,ctxr,175200,625ce0784f5838227ffab0934d0842970bb03e1a
textures/flatlist/ovr_stm/_win/w12b1_floor_06.bmp.ctxr,textures/flatlist/ovr_stm/_win,w12b1_floor_06.bmp.ctxr,w12b1_floor_06.bmp,ctxr,2796672,b9dcabc8b54e4c3dfc23aacf77cb4242396315d6
textures/flatlist/ovr_stm/_win/w12b1_panel_03.bmp.ctxr,textures/flatlist/ovr_stm/_win,w12b1_panel_03.bmp.ctxr,w12b1_panel_03.bmp,ctxr,1398528,de9c7224155e481b2c3de30966db4eee28258a9d
textures/flatlist/ovr_stm/_win/w12b1_panel_04.bmp.ctxr,textures/flatlist/ovr_stm/_win,w12b1_panel_04.bmp.ctxr,w12b1_panel_04.bmp,ctxr,1398560,7d80b650313a0a46d52c3c43e8bc653418b800ad
textures/flatlist/ovr_stm/_win/w12b1_panel_20.bmp.ctxr,textures/flatlist/ovr_stm/_win,w12b1_panel_20.bmp.ctxr,w12b1_panel_20.bmp,ctxr,699488,a1ee38cf83cc3cf5ac999b0faeba51d137e8315e
textures/flatlist/ovr_stm/_win/w12b1_panel_23.bmp.ctxr,textures/flatlist/ovr_stm/_win,w12b1_panel_23.bmp.ctxr,w12b1_panel_23.bmp,ctxr,175168,68a93d582bda19c0e0f4c971433389ca6af856c1
textures/flatlist/ovr_stm/_win/w12b1_step2.bmp.ctxr,textures/flatlist/ovr_stm/_win,w12b1_step2.bmp.ctxr,w12b1_step2.bmp,ctxr,1398528,5527515fb724c92256acd3c8273a30ea868cd32a
textures/flatlist/ovr_stm/_win/w12b1_step_mk.bmp.ctxr,textures/flatlist/ovr_stm/_win,w12b1_step_mk.bmp.ctxr,w12b1_step_mk.bmp,ctxr,349952,1d1afeb9fb1ac8e675f5ed7188f12b0903c9ca5b
textures/flatlist/ovr_stm/_win/w12b1_tank_08mk.bmp.ctxr,textures/flatlist/ovr_stm/_win,w12b1_tank_08mk.bmp.ctxr,w12b1_tank_08mk.bmp,ctxr,1398528,c4172362b444535279d23663239d878ed908d0b7
textures/flatlist/ovr_stm/_win/w12b_box02.bmp.ctxr,textures/flatlist/ovr_stm/_win,w12b_box02.bmp.ctxr,w12b_box02.bmp,ctxr,699488,63979d8d5eb67dd4a05d08778e6b72334dcdbfad
textures/flatlist/ovr_stm/_win/w12b_contorol_box_01.bmp.ctxr,textures/flatlist/ovr_stm/_win,w12b_contorol_box_01.bmp.ctxr,w12b_contorol_box_01.bmp,ctxr,699488,30a4575e68f2582fc0a95db152362554805ee752
textures/flatlist/ovr_stm/_win/w12b_contorol_box_03.bmp.ctxr,textures/flatlist/ovr_stm/_win,w12b_contorol_box_03.bmp.ctxr,w12b_contorol_box_03.bmp,ctxr,699488,39803bb3f43ca8bb85642f618acf7c0fbb674f98
textures/flatlist/ovr_stm/_win/w12b_doorafl00c_alp_ovl.bmp.ctxr,textures/flatlist/ovr_stm/_win,w12b_doorafl00c_alp_ovl.bmp.ctxr,w12b_doorafl00c_alp_ovl.bmp,ctxr,349952,2ee0823ccb816a25f40a0080dc1c431ea6e384c2
textures/flatlist/ovr_stm/_win/w12b_partition.bmp.ctxr,textures/flatlist/ovr_stm/_win,w12b_partition.bmp.ctxr,w12b_partition.bmp,ctxr,1398528,c4b9f107d856f34d25250a4490f86500b6b3b134
textures/flatlist/ovr_stm/_win/w12b_step.bmp.ctxr,textures/flatlist/ovr_stm/_win,w12b_step.bmp.ctxr,w12b_step.bmp,ctxr,349952,2945ecfe76675f5ace7e7ce568b635602308545c
textures/flatlist/ovr_stm/_win/w12b_step_03_alp_ovl.bmp.ctxr,textures/flatlist/ovr_stm/_win,w12b_step_03_alp_ovl.bmp.ctxr,w12b_step_03_alp_ovl.bmp,ctxr,349952,e7b6cb8a4bc4f6b73184db85d3af742144ac17cd
textures/flatlist/ovr_stm/_win/w12_doroppings00_alp_ovl.bmp.ctxr,textures/flatlist/ovr_stm/_win,w12_doroppings00_alp_ovl.bmp.ctxr,w12_doroppings00_alp_ovl.bmp,ctxr,2796672,7f817b53515c6404927b174eca7b5545f99c010f
textures/flatlist/ovr_stm/_win/w13a_fl00.bmp_8bb405078f955b69a05bdc9570cbde30.ctxr,textures/flatlist/ovr_stm/_win,w13a_fl00.bmp_8bb405078f955b69a05bdc9570cbde30.ctxr,w13a_fl00.bmp_8bb405078f955b69a05bdc9570cbde30,ctxr,1398528,2081b81f3f5d23d387f3e690271dfcee09ba0803
textures/flatlist/ovr_stm/_win/w13a_fl01b.bmp.ctxr,textures/flatlist/ovr_stm/_win,w13a_fl01b.bmp.ctxr,w13a_fl01b.bmp,ctxr,1398528,865daac5e0d702f8dd4b92bf9e6767f4e4cd1c68
textures/flatlist/ovr_stm/_win/w13a_fl04a.bmp_a813b6399aa0462f40543da64fc74c3e.ctxr,textures/flatlist/ovr_stm/_win,w13a_fl04a.bmp_a813b6399aa0462f40543da64fc74c3e.ctxr,w13a_fl04a.bmp_a813b6399aa0462f40543da64fc74c3e,ctxr,1398528,a9b838a224a54da9079210adf2f4e0593e1dbd59
textures/flatlist/ovr_stm/_win/w13a_fl05.bmp.ctxr,textures/flatlist/ovr_stm/_win,w13a_fl05.bmp.ctxr,w13a_fl05.bmp,ctxr,699488,7d79d62821d8ba06f4adb6d4a9a4a1a1f699be36
textures/flatlist/ovr_stm/_win/w13a_pp01b.bmp.ctxr,textures/flatlist/ovr_stm/_win,w13a_pp01b.bmp.ctxr,w13a_pp01b.bmp,ctxr,349952,b43df1c83d779f92272024b5c39d0b5c6d61d6b0
textures/flatlist/ovr_stm/_win/w13a_pp04b.bmp.ctxr,textures/flatlist/ovr_stm/_win,w13a_pp04b.bmp.ctxr,w13a_pp04b.bmp,ctxr,175168,f9ea687453aab6e771eb40cb74206699a21ff364
textures/flatlist/ovr_stm/_win/w13a_pp04d.bmp.ctxr,textures/flatlist/ovr_stm/_win,w13a_pp04d.bmp.ctxr,w13a_pp04d.bmp,ctxr,349952,2d676b73acfacda25d8bc7a6a091b03abef60f0d
textures/flatlist/ovr_stm/_win/w13a_sk00a.bmp.ctxr,textures/flatlist/ovr_stm/_win,w13a_sk00a.bmp.ctxr,w13a_sk00a.bmp,ctxr,699488,b2d88409a88e624d724efe17d64fc91beb783224
textures/flatlist/ovr_stm/_win/w13a_w01b.bmp.ctxr,textures/flatlist/ovr_stm/_win,w13a_w01b.bmp.ctxr,w13a_w01b.bmp,ctxr,699488,59226622b870c52f0d1ae40a50e5356db507cefe
textures/flatlist/ovr_stm/_win/w13a_w01j.bmp.ctxr,textures/flatlist/ovr_stm/_win,w13a_w01j.bmp.ctxr,w13a_w01j.bmp,ctxr,699488,21ec8f406af39fbee761556839a551c4c16afa34
textures/flatlist/ovr_stm/_win/w14a0_fl_b01.bmp.ctxr,textures/flatlist/ovr_stm/_win,w14a0_fl_b01.bmp.ctxr,w14a0_fl_b01.bmp,ctxr,1398528,25cf0722ab5911304dcbb8ec03446fed371975b5
textures/flatlist/ovr_stm/_win/w14a0_fl_b02.bmp.ctxr,textures/flatlist/ovr_stm/_win,w14a0_fl_b02.bmp.ctxr,w14a0_fl_b02.bmp,ctxr,1398528,b2f9012a6a0ac7f30d07b3b3bda1728efef1d736
textures/flatlist/ovr_stm/_win/w14a0_fl_b03_alp_ovl.bmp.ctxr,textures/flatlist/ovr_stm/_win,w14a0_fl_b03_alp_ovl.bmp.ctxr,w14a0_fl_b03_alp_ovl.bmp,ctxr,1398528,03fd90143435c4d1b12e8117b126905960724abc
textures/flatlist/ovr_stm/_win/w14a0_fl_b04.bmp.ctxr,textures/flatlist/ovr_stm/_win,w14a0_fl_b04.bmp.ctxr,w14a0_fl_b04.bmp,ctxr,699488,1bac698e9ee395cc29f7a565f7d91c56449c94fd
textures/flatlist/ovr_stm/_win/w14a0_fl_p02.bmp.ctxr,textures/flatlist/ovr_stm/_win,w14a0_fl_p02.bmp.ctxr,w14a0_fl_p02.bmp,ctxr,699488,131626d0ed412af377a9071c5f21619851e708c8
textures/flatlist/ovr_stm/_win/w14a0_fl_r01_6.bmp.ctxr,textures/flatlist/ovr_stm/_win,w14a0_fl_r01_6.bmp.ctxr,w14a0_fl_r01_6.bmp,ctxr,5592864,53bbe91e6f0f80b53fab45096082f0900934d998
textures/flatlist/ovr_stm/_win/w14a0_fl_r02.bmp.ctxr,textures/flatlist/ovr_stm/_win,w14a0_fl_r02.bmp.ctxr,w14a0_fl_r02.bmp,ctxr,699488,abbed3e67fe40c8eeafd50cc477bb2756eff3c72
textures/flatlist/ovr_stm/_win/w14a0_pipe_p01.bmp.ctxr,textures/flatlist/ovr_stm/_win,w14a0_pipe_p01.bmp.ctxr,w14a0_pipe_p01.bmp,ctxr,699520,a23bcdc10d7269527d536617472b060673949ca7
textures/flatlist/ovr_stm/_win/w14a0_wall_a02.bmp_008f67bac10c096740575ea8304493bf.ctxr,textures/flatlist/ovr_stm/_win,w14a0_wall_a02.bmp_008f67bac10c096740575ea8304493bf.ctxr,w14a0_wall_a02.bmp_008f67bac10c096740575ea8304493bf,ctxr,699520,251275e098cd25c0a1d881fb9c4fe69524e6b8a1
textures/flatlist/ovr_stm/_win/w14a0_wall_a03.bmp.ctxr,textures/flatlist/ovr_stm/_win,w14a0_wall_a03.bmp.ctxr,w14a0_wall_a03.bmp,ctxr,5592864,ce507bd8190be440123e360591aaa61938aeb2eb
textures/flatlist/ovr_stm/_win/w14a_fl_a04_alp_ovl.bmp.ctxr,textures/flatlist/ovr_stm/_win,w14a_fl_a04_alp_ovl.bmp.ctxr,w14a_fl_a04_alp_ovl.bmp,ctxr,699488,a03ea304e9e818b14ffca4feb535a9b5cb019c86
textures/flatlist/ovr_stm/_win/w14a_fl_f01.bmp.ctxr,textures/flatlist/ovr_stm/_win,w14a_fl_f01.bmp.ctxr,w14a_fl_f01.bmp,ctxr,2796672,988b7a2d4b7d23b720650e008e9ab20be7bd25df
textures/flatlist/ovr_stm/_win/w14a_fl_f02.bmp.ctxr,textures/flatlist/ovr_stm/_win,w14a_fl_f02.bmp.ctxr,w14a_fl_f02.bmp,ctxr,1398528,30a128183255affa44f4cbec8922e79ef2e96743
textures/flatlist/ovr_stm/_win/w14a_fl_f03.bmp.ctxr,textures/flatlist/ovr_stm/_win,w14a_fl_f03.bmp.ctxr,w14a_fl_f03.bmp,ctxr,699488,8367210824c09a19acfc8e870a1348e8ef894b02
textures/flatlist/ovr_stm/_win/w14a_poster_mog_01.bmp.ctxr,textures/flatlist/ovr_stm/_win,w14a_poster_mog_01.bmp.ctxr,w14a_poster_mog_01.bmp,ctxr,2796672,c70a6746b2bbeb9e96ccdd046a554da6917a9a5b
textures/flatlist/ovr_stm/_win/w14a_roof_c01.bmp.ctxr,textures/flatlist/ovr_stm/_win,w14a_roof_c01.bmp.ctxr,w14a_roof_c01.bmp,ctxr,5592864,e8363319b34557759ed6faf5b230e15cfb2d0d36
textures/flatlist/ovr_stm/_win/w14a_step_a02.bmp.ctxr,textures/flatlist/ovr_stm/_win,w14a_step_a02.bmp.ctxr,w14a_step_a02.bmp,ctxr,349952,05e2fddce085efcf40c54b173097ff71f26bde32
textures/flatlist/ovr_stm/_win/w14a_step_a03.bmp.ctxr,textures/flatlist/ovr_stm/_win,w14a_step_a03.bmp.ctxr,w14a_step_a03.bmp,ctxr,349952,a7ef6094c74583782add3b22bfe1b076de4a931a
textures/flatlist/ovr_stm/_win/w14a_step_b02.bmp.ctxr,textures/flatlist/ovr_stm/_win,w14a_step_b02.bmp.ctxr,w14a_step_b02.bmp,ctxr,349952,724a97d8e47c89cb4cfb320987453e1587923262
textures/flatlist/ovr_stm/_win/w14a_step_b03.bmp.ctxr,textures/flatlist/ovr_stm/_win,w14a_step_b03.bmp.ctxr,w14a_step_b03.bmp,ctxr,349952,e9594ec2c10d68af7e4a98d86bda228b9a744761
textures/flatlist/ovr_stm/_win/w15a_fl01b.bmp_2afc1ae6ae83df2b26b76fc7749613da.ctxr,textures/flatlist/ovr_stm/_win,w15a_fl01b.bmp_2afc1ae6ae83df2b26b76fc7749613da.ctxr,w15a_fl01b.bmp_2afc1ae6ae83df2b26b76fc7749613da,ctxr,1398528,56053f5088ee88f4e231b8adb262fd7c4fc7fb0f
textures/flatlist/ovr_stm/_win/w15a_pp01.bmp.ctxr,textures/flatlist/ovr_stm/_win,w15a_pp01.bmp.ctxr,w15a_pp01.bmp,ctxr,349920,f9fadd1db3669358e5d10adabbdd61997fa35172
textures/flatlist/ovr_stm/_win/w15a_stpbrk00.bmp.ctxr,textures/flatlist/ovr_stm/_win,w15a_stpbrk00.bmp.ctxr,w15a_stpbrk00.bmp,ctxr,349952,820290f9a259bece2872d6b8370748f271730f61
textures/flatlist/ovr_stm/_win/w16a0n_po01.bmp.ctxr,textures/flatlist/ovr_stm/_win,w16a0n_po01.bmp.ctxr,w16a0n_po01.bmp,ctxr,5592864,1154af51857866a6569504fbd34111405387a74c
textures/flatlist/ovr_stm/_win/w16a0n_po02.bmp.ctxr,textures/flatlist/ovr_stm/_win,w16a0n_po02.bmp.ctxr,w16a0n_po02.bmp,ctxr,5592864,81cca513bc1ccb82fd1418e1bc4286ee530fd1b1
textures/flatlist/ovr_stm/_win/w16a0_ref_all.bmp.ctxr,textures/flatlist/ovr_stm/_win,w16a0_ref_all.bmp.ctxr,w16a0_ref_all.bmp,ctxr,11185312,6fe8c2aedfb403f8bf359ff3daaaf256e16ff597
textures/flatlist/ovr_stm/_win/w16a0_wa05.bmp.ctxr,textures/flatlist/ovr_stm/_win,w16a0_wa05.bmp.ctxr,w16a0_wa05.bmp,ctxr,2796672,b0f3df39b0460e5019119df5455270c11b5e595b
textures/flatlist/ovr_stm/_win/w16a2_pos.bmp.ctxr,textures/flatlist/ovr_stm/_win,w16a2_pos.bmp.ctxr,w16a2_pos.bmp,ctxr,5592864,c1e47963284165382628b580251767f5bcefcba5
textures/flatlist/ovr_stm/_win/w16an_fl01.bmp.ctxr,textures/flatlist/ovr_stm/_win,w16an_fl01.bmp.ctxr,w16an_fl01.bmp,ctxr,1398528,114429b6107cd21e077d138c90f13867eb883bed
textures/flatlist/ovr_stm/_win/w16an_fl_t03_bld090_ovl.bmp.ctxr,textures/flatlist/ovr_stm/_win,w16an_fl_t03_bld090_ovl.bmp.ctxr,w16an_fl_t03_bld090_ovl.bmp,ctxr,1398528,01c38e26b9de78eb144c3f8e59f70b0f25d9077d
textures/flatlist/ovr_stm/_win/w16an_ki08.bmp.ctxr,textures/flatlist/ovr_stm/_win,w16an_ki08.bmp.ctxr,w16an_ki08.bmp,ctxr,699488,3485797c7a64b5b95d1e1ca44f7264b22f099f94
textures/flatlist/ovr_stm/_win/w16an_ki08a.bmp.ctxr,textures/flatlist/ovr_stm/_win,w16an_ki08a.bmp.ctxr,w16an_ki08a.bmp,ctxr,349920,5e27a991431e15f0972eea7d70f5ebf40541e15e
textures/flatlist/ovr_stm/_win/w16an_ki08b.bmp.ctxr,textures/flatlist/ovr_stm/_win,w16an_ki08b.bmp.ctxr,w16an_ki08b.bmp,ctxr,349920,15fb465dd5539b2e511332889fe2543eeec9da3b
textures/flatlist/ovr_stm/_win/w16an_ki18a.bmp.ctxr,textures/flatlist/ovr_stm/_win,w16an_ki18a.bmp.ctxr,w16an_ki18a.bmp,ctxr,1398528,0305bbc4e85190bf1ecfdd1638d974d42615354b
textures/flatlist/ovr_stm/_win/w16an_kita01a.bmp.ctxr,textures/flatlist/ovr_stm/_win,w16an_kita01a.bmp.ctxr,w16an_kita01a.bmp,ctxr,349920,db5bb7b4d0ecdafd4b9c97be2b381cc1531900ed
textures/flatlist/ovr_stm/_win/w16an_wa_to03.bmp.ctxr,textures/flatlist/ovr_stm/_win,w16an_wa_to03.bmp.ctxr,w16an_wa_to03.bmp,ctxr,349952,d5d40c2434454e3ab2b2f4e84377913676031501
textures/flatlist/ovr_stm/_win/w16an_wa_to05a.bmp.ctxr,textures/flatlist/ovr_stm/_win,w16an_wa_to05a.bmp.ctxr,w16an_wa_to05a.bmp,ctxr,1398528,bcf5e7efa6c036ababfcc7f7986dab0729225cf4
textures/flatlist/ovr_stm/_win/w16a_wa01.bmp.ctxr,textures/flatlist/ovr_stm/_win,w16a_wa01.bmp.ctxr,w16a_wa01.bmp,ctxr,699520,aba976def714a47920e1e2857b890ef4902a9fb3
textures/flatlist/ovr_stm/_win/w16a_wa02.bmp.ctxr,textures/flatlist/ovr_stm/_win,w16a_wa02.bmp.ctxr,w16a_wa02.bmp,ctxr,2796672,fee6975f66812e226ed8c53bc21b82e46be1f58a
textures/flatlist/ovr_stm/_win/w16a_wa02a.bmp.ctxr,textures/flatlist/ovr_stm/_win,w16a_wa02a.bmp.ctxr,w16a_wa02a.bmp,ctxr,2796672,4901c0f150c2c5b79c1a68f3f4987001298ba1a2
textures/flatlist/ovr_stm/_win/w16a_wa03.bmp.ctxr,textures/flatlist/ovr_stm/_win,w16a_wa03.bmp.ctxr,w16a_wa03.bmp,ctxr,699520,2e5cfc4d58f3150029e4f3487c7f0cf8899e80f2
textures/flatlist/ovr_stm/_win/w16a_wa04_1.bmp.ctxr,textures/flatlist/ovr_stm/_win,w16a_wa04_1.bmp.ctxr,w16a_wa04_1.bmp,ctxr,699520,34593e352432b33e4fe0b8e22a349d7fed225a96
textures/flatlist/ovr_stm/_win/w16a_wa04_3.bmp.ctxr,textures/flatlist/ovr_stm/_win,w16a_wa04_3.bmp.ctxr,w16a_wa04_3.bmp,ctxr,2796672,85408b77755c4f2598cc2ecd3991b033871e9d4d
textures/flatlist/ovr_stm/_win/w16a_wa_to01.bmp.ctxr,textures/flatlist/ovr_stm/_win,w16a_wa_to01.bmp.ctxr,w16a_wa_to01.bmp,ctxr,2796672,7fd1dfc6517f634c9c02924a44906192b7064cc8
textures/flatlist/ovr_stm/_win/w16a_wa_top.bmp.ctxr,textures/flatlist/ovr_stm/_win,w16a_wa_top.bmp.ctxr,w16a_wa_top.bmp,ctxr,87808,d85436f0bd910205e482ad905bf26bcb2392c82f
textures/flatlist/ovr_stm/_win/w18a_2f_flor1.bmp.ctxr,textures/flatlist/ovr_stm/_win,w18a_2f_flor1.bmp.ctxr,w18a_2f_flor1.bmp,ctxr,2796672,6dbab88446f3f72685e0d25a70963ef49e2784e2
textures/flatlist/ovr_stm/_win/w18a_2f_flor2.bmp.ctxr,textures/flatlist/ovr_stm/_win,w18a_2f_flor2.bmp.ctxr,w18a_2f_flor2.bmp,ctxr,1398560,5595714aebf409709e27d6f1a28b3c73dafcfff8
textures/flatlist/ovr_stm/_win/w18a_bridgefloor1.bmp.ctxr,textures/flatlist/ovr_stm/_win,w18a_bridgefloor1.bmp.ctxr,w18a_bridgefloor1.bmp,ctxr,1398528,3488db54ff140109f46179073aa8525c0ea92f4a
textures/flatlist/ovr_stm/_win/w18a_enta00.bmp.ctxr,textures/flatlist/ovr_stm/_win,w18a_enta00.bmp.ctxr,w18a_enta00.bmp,ctxr,699520,db41430b3fbf1e38415366c3be091971d9cab6ce
textures/flatlist/ovr_stm/_win/w18a_enta01.bmp.ctxr,textures/flatlist/ovr_stm/_win,w18a_enta01.bmp.ctxr,w18a_enta01.bmp,ctxr,1398528,cb31d4964dc11d0f9cfc3965d2f65ea65f70e101
textures/flatlist/ovr_stm/_win/w18a_hatch.bmp.ctxr,textures/flatlist/ovr_stm/_win,w18a_hatch.bmp.ctxr,w18a_hatch.bmp,ctxr,699488,9300ee0b23657da795a534cb4f31b32ea1d6dfbf
textures/flatlist/ovr_stm/_win/w18a_poolwall1.bmp.ctxr,textures/flatlist/ovr_stm/_win,w18a_poolwall1.bmp.ctxr,w18a_poolwall1.bmp,ctxr,2796672,8f2127ad4e3e035fdaa48f86c7f7d326321bc436
textures/flatlist/ovr_stm/_win/w18a_poolwall1_fader.bmp.ctxr,textures/flatlist/ovr_stm/_win,w18a_poolwall1_fader.bmp.ctxr,w18a_poolwall1_fader.bmp,ctxr,2796672,a4febe7ed4cd048d9f71d4008a0d6175b064af95
textures/flatlist/ovr_stm/_win/w18a_saku1_ft.bmp.ctxr,textures/flatlist/ovr_stm/_win,w18a_saku1_ft.bmp.ctxr,w18a_saku1_ft.bmp,ctxr,699488,2cc0add3f969434e85297599c3ba8fc3049bf890
textures/flatlist/ovr_stm/_win/w18a_saku1_u.bmp.ctxr,textures/flatlist/ovr_stm/_win,w18a_saku1_u.bmp.ctxr,w18a_saku1_u.bmp,ctxr,699488,7d1a431703f20e2f685ce6cb21b54b8a6701d5af
textures/flatlist/ovr_stm/_win/w18a_saku2_ft.bmp.ctxr,textures/flatlist/ovr_stm/_win,w18a_saku2_ft.bmp.ctxr,w18a_saku2_ft.bmp,ctxr,699488,f306787c1c9b23933800ba9b86efbef62bc0bd73
textures/flatlist/ovr_stm/_win/w18a_tankwall1.bmp.ctxr,textures/flatlist/ovr_stm/_win,w18a_tankwall1.bmp.ctxr,w18a_tankwall1.bmp,ctxr,699488,cda2ac49e19103860fdf1e275e3e81e7b460acf8
textures/flatlist/ovr_stm/_win/w18a_tankwall1_header.bmp.ctxr,textures/flatlist/ovr_stm/_win,w18a_tankwall1_header.bmp.ctxr,w18a_tankwall1_header.bmp,ctxr,175200,50db01a6e958b2bb722e54ab519796187af96083
textures/flatlist/ovr_stm/_win/w18a_tnkfloor1.bmp.ctxr,textures/flatlist/ovr_stm/_win,w18a_tnkfloor1.bmp.ctxr,w18a_tnkfloor1.bmp,ctxr,1398528,6ec479dd98f054f95ffba1e7cfbc63208e68777e
textures/flatlist/ovr_stm/_win/w18a_tnkfloor2.bmp.ctxr,textures/flatlist/ovr_stm/_win,w18a_tnkfloor2.bmp.ctxr,w18a_tnkfloor2.bmp,ctxr,2796672,c3d23651511c0a68cd1b1c753764154c4fb847d8
textures/flatlist/ovr_stm/_win/w18a_tsr_bar1.bmp.ctxr,textures/flatlist/ovr_stm/_win,w18a_tsr_bar1.bmp.ctxr,w18a_tsr_bar1.bmp,ctxr,349952,d582c7fccc739026e3439829910b5f7729299598
textures/flatlist/ovr_stm/_win/w18a_tsr_bar1.bmp_1c58084ea3dd78ff8ba4a3fac8949888.ctxr,textures/flatlist/ovr_stm/_win,w18a_tsr_bar1.bmp_1c58084ea3dd78ff8ba4a3fac8949888.ctxr,w18a_tsr_bar1.bmp_1c58084ea3dd78ff8ba4a3fac8949888,ctxr,349952,b670db059de90f31c24f9fa92c7e22afea413b59
textures/flatlist/ovr_stm/_win/w18a_tsr_jiku1.bmp.ctxr,textures/flatlist/ovr_stm/_win,w18a_tsr_jiku1.bmp.ctxr,w18a_tsr_jiku1.bmp,ctxr,87776,c2be2124e815c0b5e909808be63924b1352af577
textures/flatlist/ovr_stm/_win/w18a_wall1.bmp.ctxr,textures/flatlist/ovr_stm/_win,w18a_wall1.bmp.ctxr,w18a_wall1.bmp,ctxr,5592864,16d042d57296a00420ad9bb0cc4dce68f0665d62
textures/flatlist/ovr_stm/_win/w18a_wall2.bmp.ctxr,textures/flatlist/ovr_stm/_win,w18a_wall2.bmp.ctxr,w18a_wall2.bmp,ctxr,5592864,4166127d1beb89d8fe44dc0212231d84b199679f
textures/flatlist/ovr_stm/_win/w19a_fl00.bmp.ctxr,textures/flatlist/ovr_stm/_win,w19a_fl00.bmp.ctxr,w19a_fl00.bmp,ctxr,1398528,02f0355cfedc02675d3873a983179e7ed32ecda6
textures/flatlist/ovr_stm/_win/w19a_fl00b.bmp.ctxr,textures/flatlist/ovr_stm/_win,w19a_fl00b.bmp.ctxr,w19a_fl00b.bmp,ctxr,699488,9b9709a945cb303577ece881262876994a353b36
textures/flatlist/ovr_stm/_win/w19a_fl01.bmp.ctxr,textures/flatlist/ovr_stm/_win,w19a_fl01.bmp.ctxr,w19a_fl01.bmp,ctxr,1398528,d5aea0c895772c2734f08fac6fe951bba0f47069
textures/flatlist/ovr_stm/_win/w19a_fl02.bmp.ctxr,textures/flatlist/ovr_stm/_win,w19a_fl02.bmp.ctxr,w19a_fl02.bmp,ctxr,2796672,824e7aa504948aed7a2a64586d93d2ae8aad8f98
textures/flatlist/ovr_stm/_win/w19a_fl03a.bmp.ctxr,textures/flatlist/ovr_stm/_win,w19a_fl03a.bmp.ctxr,w19a_fl03a.bmp,ctxr,1398528,910dae6ca920c362426c9688a7caab6f5f4ee302
textures/flatlist/ovr_stm/_win/w19a_stpsdw01.bmp.ctxr,textures/flatlist/ovr_stm/_win,w19a_stpsdw01.bmp.ctxr,w19a_stpsdw01.bmp,ctxr,87776,cba7df6e6583f74378a0a8dec8078b6d88ed6346
textures/flatlist/ovr_stm/_win/w20a0_fl01_mk.bmp.ctxr,textures/flatlist/ovr_stm/_win,w20a0_fl01_mk.bmp.ctxr,w20a0_fl01_mk.bmp,ctxr,1398528,decf415a4294672ff17ca410d19fc668936a90e4
textures/flatlist/ovr_stm/_win/w20a0_gate_head.bmp.ctxr,textures/flatlist/ovr_stm/_win,w20a0_gate_head.bmp.ctxr,w20a0_gate_head.bmp,ctxr,699488,3f8e9bbfbf143a98579444b66d9cff083730ae74
textures/flatlist/ovr_stm/_win/w20a3_room_wall1.bmp.ctxr,textures/flatlist/ovr_stm/_win,w20a3_room_wall1.bmp.ctxr,w20a3_room_wall1.bmp,ctxr,2796672,08a2b24947a733d30550e30edf5bcc5bc611046b
textures/flatlist/ovr_stm/_win/w20a3_room_wall1_lig.bmp.ctxr,textures/flatlist/ovr_stm/_win,w20a3_room_wall1_lig.bmp.ctxr,w20a3_room_wall1_lig.bmp,ctxr,2796672,ae0d56c530d09f6706d26326e341626b3881b607
textures/flatlist/ovr_stm/_win/w20a4n_floor_01.bmp.ctxr,textures/flatlist/ovr_stm/_win,w20a4n_floor_01.bmp.ctxr,w20a4n_floor_01.bmp,ctxr,5592864,69c71986a1048cdfcd3799a8f9a665da8641e6b6
textures/flatlist/ovr_stm/_win/w20a4n_floor_02.bmp.ctxr,textures/flatlist/ovr_stm/_win,w20a4n_floor_02.bmp.ctxr,w20a4n_floor_02.bmp,ctxr,5592864,b0ab03a308c826db222986f44ff6f1e7b4d5d288
textures/flatlist/ovr_stm/_win/w20a4n_floor_oku_01.bmp.ctxr,textures/flatlist/ovr_stm/_win,w20a4n_floor_oku_01.bmp.ctxr,w20a4n_floor_oku_01.bmp,ctxr,2796672,1b53d67fc87be2a2ea51071d74946633a09ff1c8
textures/flatlist/ovr_stm/_win/w20a4n_floor_oku_02.bmp.ctxr,textures/flatlist/ovr_stm/_win,w20a4n_floor_oku_02.bmp.ctxr,w20a4n_floor_oku_02.bmp,ctxr,2796672,5d5d01f83c5b80aa93fcf0721ee6550f176ebe14
textures/flatlist/ovr_stm/_win/w20a4n_floor_oku_02a.bmp.ctxr,textures/flatlist/ovr_stm/_win,w20a4n_floor_oku_02a.bmp.ctxr,w20a4n_floor_oku_02a.bmp,ctxr,699488,121746aa757d816deaaaaa517cee0827b2509485
textures/flatlist/ovr_stm/_win/w20a4n_wall_01.bmp.ctxr,textures/flatlist/ovr_stm/_win,w20a4n_wall_01.bmp.ctxr,w20a4n_wall_01.bmp,ctxr,2796672,51ef57eae4f161a7ae031992b945b584a13ca6b1
textures/flatlist/ovr_stm/_win/w20a4n_wall_03b.bmp.ctxr,textures/flatlist/ovr_stm/_win,w20a4n_wall_03b.bmp.ctxr,w20a4n_wall_03b.bmp,ctxr,699520,a40f1df403f5f4605a56d88ebf900707a26206e2
textures/flatlist/ovr_stm/_win/w20a4n_wall_door_01.bmp.ctxr,textures/flatlist/ovr_stm/_win,w20a4n_wall_door_01.bmp.ctxr,w20a4n_wall_door_01.bmp,ctxr,2796672,5b5bbf49eb9654a555b4477aba22d0b4b7b799f2
textures/flatlist/ovr_stm/_win/w20a_bel01b2.bmp_3e13885a31d01923a72db72c58d9895b.ctxr,textures/flatlist/ovr_stm/_win,w20a_bel01b2.bmp_3e13885a31d01923a72db72c58d9895b.ctxr,w20a_bel01b2.bmp_3e13885a31d01923a72db72c58d9895b,ctxr,699488,5beae7acf6173a58d90d01c8c2f9942f5982ffaa
textures/flatlist/ovr_stm/_win/w20a_bel01b3.bmp_db42b9ae8dd1b8c28ef5f65bfc14d1db.ctxr,textures/flatlist/ovr_stm/_win,w20a_bel01b3.bmp_db42b9ae8dd1b8c28ef5f65bfc14d1db.ctxr,w20a_bel01b3.bmp_db42b9ae8dd1b8c28ef5f65bfc14d1db,ctxr,1398560,3e18e7aa3e89f308921193895e0ade7148a77c57
textures/flatlist/ovr_stm/_win/w20a_hako_b_a.bmp.ctxr,textures/flatlist/ovr_stm/_win,w20a_hako_b_a.bmp.ctxr,w20a_hako_b_a.bmp,ctxr,87744,f72be821e50ec9df167b1450cec4abaf22f42b9e
textures/flatlist/ovr_stm/_win/w20a_hako_b_b.bmp.ctxr,textures/flatlist/ovr_stm/_win,w20a_hako_b_b.bmp.ctxr,w20a_hako_b_b.bmp,ctxr,175168,bf890e2c9ab18d8777566aaf0f4252c7380de96b
textures/flatlist/ovr_stm/_win/w20a_hako_b_c.bmp.ctxr,textures/flatlist/ovr_stm/_win,w20a_hako_b_c.bmp.ctxr,w20a_hako_b_c.bmp,ctxr,175168,bd8be01bb825d2a50fb0c0b601c1b765049b6d1f
textures/flatlist/ovr_stm/_win/w20a_room_wall1.bmp.ctxr,textures/flatlist/ovr_stm/_win,w20a_room_wall1.bmp.ctxr,w20a_room_wall1.bmp,ctxr,2796672,4246cdc049b3394d6b7c58e252bb778b239c1c78
textures/flatlist/ovr_stm/_win/w20a_room_wall1_lig.bmp.ctxr,textures/flatlist/ovr_stm/_win,w20a_room_wall1_lig.bmp.ctxr,w20a_room_wall1_lig.bmp,ctxr,2796672,34d2592a382f8474dab0ef1f43d6dd2dffb192cf
textures/flatlist/ovr_stm/_win/w20a_room_wall2.bmp.ctxr,textures/flatlist/ovr_stm/_win,w20a_room_wall2.bmp.ctxr,w20a_room_wall2.bmp,ctxr,2796672,e86fc830628a86e554d38ba83a838092689e3a81
textures/flatlist/ovr_stm/_win/w20a_room_wall2a.bmp.ctxr,textures/flatlist/ovr_stm/_win,w20a_room_wall2a.bmp.ctxr,w20a_room_wall2a.bmp,ctxr,2796672,4c1b5880f582e7df01bc0e8be20b0f360a901aaa
textures/flatlist/ovr_stm/_win/w20a_room_wall2b.bmp.ctxr,textures/flatlist/ovr_stm/_win,w20a_room_wall2b.bmp.ctxr,w20a_room_wall2b.bmp,ctxr,1398528,4d8773d1e46a79b62fac6908670b6dd64083e0ee
textures/flatlist/ovr_stm/_win/w20a_room_wall2e_a.bmp.ctxr,textures/flatlist/ovr_stm/_win,w20a_room_wall2e_a.bmp.ctxr,w20a_room_wall2e_a.bmp,ctxr,2796672,e9a37c76796a54319caea9baa3aa656bd2bbce87
textures/flatlist/ovr_stm/_win/w20a_room_wall2e_b.bmp.ctxr,textures/flatlist/ovr_stm/_win,w20a_room_wall2e_b.bmp.ctxr,w20a_room_wall2e_b.bmp,ctxr,1398528,832e617ba37cd9486244fdfcb611d04d84acce96
textures/flatlist/ovr_stm/_win/w20a_room_wall3.bmp_59886dd37d992d80a7ff34c7c37ea3df.ctxr,textures/flatlist/ovr_stm/_win,w20a_room_wall3.bmp_59886dd37d992d80a7ff34c7c37ea3df.ctxr,w20a_room_wall3.bmp_59886dd37d992d80a7ff34c7c37ea3df,ctxr,349984,0fafd10be964416c077d589a6327b133c8e97cd1
textures/flatlist/ovr_stm/_win/w20a_room_wall4a.bmp.ctxr,textures/flatlist/ovr_stm/_win,w20a_room_wall4a.bmp.ctxr,w20a_room_wall4a.bmp,ctxr,349952,4fdd13f802098f4974030c309812be3ef3cc9b56
textures/flatlist/ovr_stm/_win/w20a_step_mk.bmp.ctxr,textures/flatlist/ovr_stm/_win,w20a_step_mk.bmp.ctxr,w20a_step_mk.bmp,ctxr,349952,f18e392d6a02681ba2f307039da24b0ed1bfb210
textures/flatlist/ovr_stm/_win/w20b_comp1_fs.bmp.ctxr,textures/flatlist/ovr_stm/_win,w20b_comp1_fs.bmp.ctxr,w20b_comp1_fs.bmp,ctxr,1398528,50aae6a56b24023d0c4a2f089ba3eb58daa6d874
textures/flatlist/ovr_stm/_win/w20b_comp2_fs.bmp.ctxr,textures/flatlist/ovr_stm/_win,w20b_comp2_fs.bmp.ctxr,w20b_comp2_fs.bmp,ctxr,175168,3d57772d879893315f342db91a46d729e3f2eb92
textures/flatlist/ovr_stm/_win/w20b_door_afl00c.bmp.ctxr,textures/flatlist/ovr_stm/_win,w20b_door_afl00c.bmp.ctxr,w20b_door_afl00c.bmp,ctxr,349952,c8ea5ed047623870bdf9718600e69d80a72a1d0f
textures/flatlist/ovr_stm/_win/w20b_saku1_u.bmp.ctxr,textures/flatlist/ovr_stm/_win,w20b_saku1_u.bmp.ctxr,w20b_saku1_u.bmp,ctxr,699488,ababc03a2a5d8e5d450966f0163b39b0129dafec
textures/flatlist/ovr_stm/_win/w20b_stepfoot1.bmp.ctxr,textures/flatlist/ovr_stm/_win,w20b_stepfoot1.bmp.ctxr,w20b_stepfoot1.bmp,ctxr,699520,9ab5b27ccc404f76c7003133327b217f1b9e6156
textures/flatlist/ovr_stm/_win/w20b_step_pillar1.bmp.ctxr,textures/flatlist/ovr_stm/_win,w20b_step_pillar1.bmp.ctxr,w20b_step_pillar1.bmp,ctxr,349952,328d60a4b4b16b19f90ad6a79e4c1850644007ae
textures/flatlist/ovr_stm/_win/w20b_tsr1.bmp.ctxr,textures/flatlist/ovr_stm/_win,w20b_tsr1.bmp.ctxr,w20b_tsr1.bmp,ctxr,175200,3cd33db4bdfee4a38e0d0c9a91ea805492e76514
textures/flatlist/ovr_stm/_win/w21a_h09d.bmp_fdd5b5adc3102646395f448c3354acc6.ctxr,textures/flatlist/ovr_stm/_win,w21a_h09d.bmp_fdd5b5adc3102646395f448c3354acc6.ctxr,w21a_h09d.bmp_fdd5b5adc3102646395f448c3354acc6,ctxr,175200,fe67c66763f3239a7b4188dfe5cc510010271ff0
textures/flatlist/ovr_stm/_win/w24a0_ent01d.bmp.ctxr,textures/flatlist/ovr_stm/_win,w24a0_ent01d.bmp.ctxr,w24a0_ent01d.bmp,ctxr,1398560,99593e7685147c21175946c708ddf4ae68406d6b
textures/flatlist/ovr_stm/_win/w24a0_enta02a.bmp.ctxr,textures/flatlist/ovr_stm/_win,w24a0_enta02a.bmp.ctxr,w24a0_enta02a.bmp,ctxr,175200,c80679cc84122fcfc80f75ef708267a648144b92
textures/flatlist/ovr_stm/_win/w24a0_enta03.bmp.ctxr,textures/flatlist/ovr_stm/_win,w24a0_enta03.bmp.ctxr,w24a0_enta03.bmp,ctxr,1398560,dcf723a02a17aea44bd2136543b95172ac70294b
textures/flatlist/ovr_stm/_win/w24a0_entb00.bmp_6c8a5532d241d23a8784f331456f0989.ctxr,textures/flatlist/ovr_stm/_win,w24a0_entb00.bmp_6c8a5532d241d23a8784f331456f0989.ctxr,w24a0_entb00.bmp_6c8a5532d241d23a8784f331456f0989,ctxr,699520,22c06a195db501484bb12881a89899b86328d933
textures/flatlist/ovr_stm/_win/w24a0_entb02.bmp.ctxr,textures/flatlist/ovr_stm/_win,w24a0_entb02.bmp.ctxr,w24a0_entb02.bmp,ctxr,175200,cd945b4f84cf1bc7cc95d7404dd76d785a2a906a
textures/flatlist/ovr_stm/_win/w24a0_entb02a.bmp.ctxr,textures/flatlist/ovr_stm/_win,w24a0_entb02a.bmp.ctxr,w24a0_entb02a.bmp,ctxr,175200,babd833019409e6e0746bed92fdea5a0a6d7dc73
textures/flatlist/ovr_stm/_win/w24a0_entb03.bmp.ctxr,textures/flatlist/ovr_stm/_win,w24a0_entb03.bmp.ctxr,w24a0_entb03.bmp,ctxr,1398560,bc385a726af935e4e229adcf62e3a9604729d5a3
textures/flatlist/ovr_stm/_win/w24a0_fla01a_alp_ovl.bmp.ctxr,textures/flatlist/ovr_stm/_win,w24a0_fla01a_alp_ovl.bmp.ctxr,w24a0_fla01a_alp_ovl.bmp,ctxr,1398528,2bcdbeb76427a51c52c06f6f2f44ac6f0d4396fd
textures/flatlist/ovr_stm/_win/w24a0_fla02a_alp_ovl.bmp.ctxr,textures/flatlist/ovr_stm/_win,w24a0_fla02a_alp_ovl.bmp.ctxr,w24a0_fla02a_alp_ovl.bmp,ctxr,2796672,1d2f4122e93af93320d935fe50815a70f7ab1be3
textures/flatlist/ovr_stm/_win/w24a0_fla04a_alp_ovl.bmp.ctxr,textures/flatlist/ovr_stm/_win,w24a0_fla04a_alp_ovl.bmp.ctxr,w24a0_fla04a_alp_ovl.bmp,ctxr,699488,31b2404369292dd8aa8bf9a22811bda71dd7fdd0
textures/flatlist/ovr_stm/_win/w24a0_fla04b_alp_ovl.bmp.ctxr,textures/flatlist/ovr_stm/_win,w24a0_fla04b_alp_ovl.bmp.ctxr,w24a0_fla04b_alp_ovl.bmp,ctxr,349952,cfcd50c4d590949de74111806b436cbd54f58e3e
textures/flatlist/ovr_stm/_win/w24a0_fla04c_alp_ovl.bmp.ctxr,textures/flatlist/ovr_stm/_win,w24a0_fla04c_alp_ovl.bmp.ctxr,w24a0_fla04c_alp_ovl.bmp,ctxr,1398528,bcf95421d265343696b60bbbdf7a8adcdbf2eedb
textures/flatlist/ovr_stm/_win/w24a0_fla04d2_alp_ovl.bmp.ctxr,textures/flatlist/ovr_stm/_win,w24a0_fla04d2_alp_ovl.bmp.ctxr,w24a0_fla04d2_alp_ovl.bmp,ctxr,87744,a45c9e6c89994025417867632f1c86260beac987
textures/flatlist/ovr_stm/_win/w24a0_fla04d_alp_ovl.bmp.ctxr,textures/flatlist/ovr_stm/_win,w24a0_fla04d_alp_ovl.bmp.ctxr,w24a0_fla04d_alp_ovl.bmp,ctxr,349952,9de7a4cbf2c2176e0bd8d6520cc55a907e4a4f95
textures/flatlist/ovr_stm/_win/w24a0_fla04e_alp_ovl.bmp.ctxr,textures/flatlist/ovr_stm/_win,w24a0_fla04e_alp_ovl.bmp.ctxr,w24a0_fla04e_alp_ovl.bmp,ctxr,87744,3d78e2eef382a18f1891f695091c6c8eec9a2fab
textures/flatlist/ovr_stm/_win/w24a0_fla04f_alp_ovl.bmp.ctxr,textures/flatlist/ovr_stm/_win,w24a0_fla04f_alp_ovl.bmp.ctxr,w24a0_fla04f_alp_ovl.bmp,ctxr,699520,7d52c91f0fd50dc496f971f223fef63e8cac2b54
textures/flatlist/ovr_stm/_win/w24a0_fla04g_alp_ovl.bmp.ctxr,textures/flatlist/ovr_stm/_win,w24a0_fla04g_alp_ovl.bmp.ctxr,w24a0_fla04g_alp_ovl.bmp,ctxr,175168,b07eba750c163f589b291415a96a97f631cd8ab5
textures/flatlist/ovr_stm/_win/w24a0_fla05a_alp_ovl.bmp.ctxr,textures/flatlist/ovr_stm/_win,w24a0_fla05a_alp_ovl.bmp.ctxr,w24a0_fla05a_alp_ovl.bmp,ctxr,349952,de0ccb04edb0295921dea691587da88938fd45cf
textures/flatlist/ovr_stm/_win/w24a0_fla05_alp_ovl.bmp.ctxr,textures/flatlist/ovr_stm/_win,w24a0_fla05_alp_ovl.bmp.ctxr,w24a0_fla05_alp_ovl.bmp,ctxr,1398528,9a454c0cb96d0155af17b93c603fedd8562a3868
textures/flatlist/ovr_stm/_win/w24a0_fla06a_alp_ovl.bmp.ctxr,textures/flatlist/ovr_stm/_win,w24a0_fla06a_alp_ovl.bmp.ctxr,w24a0_fla06a_alp_ovl.bmp,ctxr,1398528,eb0f51a9d5415916063349ae2745ae6f1cd7e364
textures/flatlist/ovr_stm/_win/w24a0_fld01a.bmp.ctxr,textures/flatlist/ovr_stm/_win,w24a0_fld01a.bmp.ctxr,w24a0_fld01a.bmp,ctxr,175200,3524c049657e12c30aa96e9e57f6fad4f950144c
textures/flatlist/ovr_stm/_win/w24a0_step04.bmp.ctxr,textures/flatlist/ovr_stm/_win,w24a0_step04.bmp.ctxr,w24a0_step04.bmp,ctxr,699488,2ee658337b2191e3af705984c665097986fed233
textures/flatlist/ovr_stm/_win/w24a0_we00a.bmp.ctxr,textures/flatlist/ovr_stm/_win,w24a0_we00a.bmp.ctxr,w24a0_we00a.bmp,ctxr,699520,b39a3c33e5644ca899675caee5ab228b070d3d80
textures/flatlist/ovr_stm/_win/w24a0_wg01.bmp.ctxr,textures/flatlist/ovr_stm/_win,w24a0_wg01.bmp.ctxr,w24a0_wg01.bmp,ctxr,1398560,461352f09ecebe9511866461eb18c175ccf4d56d
textures/flatlist/ovr_stm/_win/w24a0_wg02.bmp.ctxr,textures/flatlist/ovr_stm/_win,w24a0_wg02.bmp.ctxr,w24a0_wg02.bmp,ctxr,349984,370006cf5e703aa5daefef29186be53e094363de
textures/flatlist/ovr_stm/_win/w24a0_wh00.bmp.ctxr,textures/flatlist/ovr_stm/_win,w24a0_wh00.bmp.ctxr,w24a0_wh00.bmp,ctxr,2796672,89ea65bf892a093fed07b44f667a7e8486b43db9
textures/flatlist/ovr_stm/_win/w24a0_wi01.bmp.ctxr,textures/flatlist/ovr_stm/_win,w24a0_wi01.bmp.ctxr,w24a0_wi01.bmp,ctxr,5592864,e5338b7e2c6975664c8cf162e58cf793825d305c
textures/flatlist/ovr_stm/_win/w24a0_wlit01.bmp.ctxr,textures/flatlist/ovr_stm/_win,w24a0_wlit01.bmp.ctxr,w24a0_wlit01.bmp,ctxr,44064,91a390ab070ad1ab0387c297cdc9ea4e83c28b4f
textures/flatlist/ovr_stm/_win/w24a1_eyes_sano.bmp.ctxr,textures/flatlist/ovr_stm/_win,w24a1_eyes_sano.bmp.ctxr,w24a1_eyes_sano.bmp,ctxr,2796672,28b60222aa3f0a87e9b3c9964a397a9b60f3c127
textures/flatlist/ovr_stm/_win/w24a1_fl01.bmp.ctxr,textures/flatlist/ovr_stm/_win,w24a1_fl01.bmp.ctxr,w24a1_fl01.bmp,ctxr,1398528,6024dbe4ca59f1000f732cbc77e23ef5c1b9891e
textures/flatlist/ovr_stm/_win/w24a1_fl03.bmp.ctxr,textures/flatlist/ovr_stm/_win,w24a1_fl03.bmp.ctxr,w24a1_fl03.bmp,ctxr,1398528,61f0752fb0555f04d93efb483621c9d2857a25e0
textures/flatlist/ovr_stm/_win/w24a1_fl03a.bmp.ctxr,textures/flatlist/ovr_stm/_win,w24a1_fl03a.bmp.ctxr,w24a1_fl03a.bmp,ctxr,699488,2f3185670d2322dc9ec178b5c2f24fcae92d74dc
textures/flatlist/ovr_stm/_win/w24a1_fl03b.bmp.ctxr,textures/flatlist/ovr_stm/_win,w24a1_fl03b.bmp.ctxr,w24a1_fl03b.bmp,ctxr,1398528,6606a05cc387cda72ebca8fce0b3243caad472cc
textures/flatlist/ovr_stm/_win/w24a1_w00.bmp.ctxr,textures/flatlist/ovr_stm/_win,w24a1_w00.bmp.ctxr,w24a1_w00.bmp,ctxr,2796672,37fa0ca2ef44c7c88575971e594eeb6c2904d700
textures/flatlist/ovr_stm/_win/w24a1_w00a.bmp.ctxr,textures/flatlist/ovr_stm/_win,w24a1_w00a.bmp.ctxr,w24a1_w00a.bmp,ctxr,1398560,246a4bf2a18def2593846ab1437df3a1da2dda77
textures/flatlist/ovr_stm/_win/w24a_poster_mog_01.bmp.ctxr,textures/flatlist/ovr_stm/_win,w24a_poster_mog_01.bmp.ctxr,w24a_poster_mog_01.bmp,ctxr,2796672,ed890358ca6c813e7a089530ca416dd7f99c96c8
textures/flatlist/ovr_stm/_win/w24a_poster_mog_02.bmp.ctxr,textures/flatlist/ovr_stm/_win,w24a_poster_mog_02.bmp.ctxr,w24a_poster_mog_02.bmp,ctxr,2796672,44b049d497ff1f6b172c0068e87cca23ec516e36
textures/flatlist/ovr_stm/_win/w24a_pp03b.bmp.ctxr,textures/flatlist/ovr_stm/_win,w24a_pp03b.bmp.ctxr,w24a_pp03b.bmp,ctxr,349952,5804f6c415acf2ed3d84c86b061a0b7ab378f038
textures/flatlist/ovr_stm/_win/w24a_pp03c.bmp.ctxr,textures/flatlist/ovr_stm/_win,w24a_pp03c.bmp.ctxr,w24a_pp03c.bmp,ctxr,44064,c12df78a9a8ef30e218dc30d972787e2c3a3746a
textures/flatlist/ovr_stm/_win/w24a_pp03d.bmp.ctxr,textures/flatlist/ovr_stm/_win,w24a_pp03d.bmp.ctxr,w24a_pp03d.bmp,ctxr,349952,11cc5cc139147e73cde0051f04f15a37764fc81f
textures/flatlist/ovr_stm/_win/w24b0_box02.bmp.ctxr,textures/flatlist/ovr_stm/_win,w24b0_box02.bmp.ctxr,w24b0_box02.bmp,ctxr,349920,6b306f73ebe09189e0d5696a0dfe47ae2f2a8889
textures/flatlist/ovr_stm/_win/w24b0_fl02_alp_ovl.bmp.ctxr,textures/flatlist/ovr_stm/_win,w24b0_fl02_alp_ovl.bmp.ctxr,w24b0_fl02_alp_ovl.bmp,ctxr,699520,d68baf800330aaeae3d019cfc635d39ad6c86c22
textures/flatlist/ovr_stm/_win/w24b0_fla05_alp_ovl.bmp.ctxr,textures/flatlist/ovr_stm/_win,w24b0_fla05_alp_ovl.bmp.ctxr,w24b0_fla05_alp_ovl.bmp,ctxr,1398528,062eb96577c78f77fea98229861358eda6e03fcb
textures/flatlist/ovr_stm/_win/w24b0_ms00.bmp.ctxr,textures/flatlist/ovr_stm/_win,w24b0_ms00.bmp.ctxr,w24b0_ms00.bmp,ctxr,699520,1633c19970d45b39ff877f183d0b121ed8fc6eb5
textures/flatlist/ovr_stm/_win/w24b0_ms02.bmp.ctxr,textures/flatlist/ovr_stm/_win,w24b0_ms02.bmp.ctxr,w24b0_ms02.bmp,ctxr,87776,cdb4ccc2d8c34476303a9eec3bf4b9be2cbcab65
textures/flatlist/ovr_stm/_win/w24b0_ms02a.bmp.ctxr,textures/flatlist/ovr_stm/_win,w24b0_ms02a.bmp.ctxr,w24b0_ms02a.bmp,ctxr,349952,bc33466f1c432f6ef37f5cbc2496ff173c0efb49
textures/flatlist/ovr_stm/_win/w24b0_wa00.bmp.ctxr,textures/flatlist/ovr_stm/_win,w24b0_wa00.bmp.ctxr,w24b0_wa00.bmp,ctxr,2796672,f746c123af04e36b67e866d13f9c91dbc592218b
textures/flatlist/ovr_stm/_win/w24b0_wb01.bmp.ctxr,textures/flatlist/ovr_stm/_win,w24b0_wb01.bmp.ctxr,w24b0_wb01.bmp,ctxr,175232,f087f4f723a5491e48881796931aedcf4b539d67
textures/flatlist/ovr_stm/_win/w24b0_we00.bmp.ctxr,textures/flatlist/ovr_stm/_win,w24b0_we00.bmp.ctxr,w24b0_we00.bmp,ctxr,1398560,fae2f0387be14be99592155a1a35d05648472467
textures/flatlist/ovr_stm/_win/w24b0_we00a.bmp.ctxr,textures/flatlist/ovr_stm/_win,w24b0_we00a.bmp.ctxr,w24b0_we00a.bmp,ctxr,1398560,a1bf1c8b581adc3bbe0ff7e2f8421aa69b113b0f
textures/flatlist/ovr_stm/_win/w24b2_fl00.bmp.ctxr,textures/flatlist/ovr_stm/_win,w24b2_fl00.bmp.ctxr,w24b2_fl00.bmp,ctxr,1398528,6675ad8088874e0a3689db8ade0c95818e8f924a
textures/flatlist/ovr_stm/_win/w24b2_fl01.bmp.ctxr,textures/flatlist/ovr_stm/_win,w24b2_fl01.bmp.ctxr,w24b2_fl01.bmp,ctxr,349952,92c5b19af76126b5f7c13ac96f50de74dc004af6
textures/flatlist/ovr_stm/_win/w24b2_po01.bmp.ctxr,textures/flatlist/ovr_stm/_win,w24b2_po01.bmp.ctxr,w24b2_po01.bmp,ctxr,5592864,07e28b65fe49efa389ee9e0e54b2617ea47d89a2
textures/flatlist/ovr_stm/_win/w24b2_po02.bmp.ctxr,textures/flatlist/ovr_stm/_win,w24b2_po02.bmp.ctxr,w24b2_po02.bmp,ctxr,5592864,815c7b1f8fbb595395d296dcad7959ac6bdf3628
textures/flatlist/ovr_stm/_win/w24c0_obj07_a.bmp.ctxr,textures/flatlist/ovr_stm/_win,w24c0_obj07_a.bmp.ctxr,w24c0_obj07_a.bmp,ctxr,349920,2a0a0817ef67aabcd1bd85ab00cc6bf9187e1384
textures/flatlist/ovr_stm/_win/w24c0_obj09a.bmp.ctxr,textures/flatlist/ovr_stm/_win,w24c0_obj09a.bmp.ctxr,w24c0_obj09a.bmp,ctxr,1398528,fdecb5156aa8b1ddbcc2b69f57f0727279d9582b
textures/flatlist/ovr_stm/_win/w24c0_sp01.bmp.ctxr,textures/flatlist/ovr_stm/_win,w24c0_sp01.bmp.ctxr,w24c0_sp01.bmp,ctxr,699488,10799ed597834f1dcd50e87c554cbb951cd2befe
textures/flatlist/ovr_stm/_win/w24c0_sp01aa.bmp.ctxr,textures/flatlist/ovr_stm/_win,w24c0_sp01aa.bmp.ctxr,w24c0_sp01aa.bmp,ctxr,699488,2d7484858891fca790e97510c918bcd129a0931c
textures/flatlist/ovr_stm/_win/w24c0_sp01c1.bmp.ctxr,textures/flatlist/ovr_stm/_win,w24c0_sp01c1.bmp.ctxr,w24c0_sp01c1.bmp,ctxr,349984,76f7babaa2a142d4d8bae7d720a80fe90a171f3d
textures/flatlist/ovr_stm/_win/w24c0_sp02b.bmp.ctxr,textures/flatlist/ovr_stm/_win,w24c0_sp02b.bmp.ctxr,w24c0_sp02b.bmp,ctxr,349984,b2e5fe9a0168adaa1b6d441a772db077c654b452
textures/flatlist/ovr_stm/_win/w24c0_ta06.bmp.ctxr,textures/flatlist/ovr_stm/_win,w24c0_ta06.bmp.ctxr,w24c0_ta06.bmp,ctxr,87808,1b3105dde748fbc8327e74efd63b0f6de29ccafb
textures/flatlist/ovr_stm/_win/w24c0_ta07.bmp.ctxr,textures/flatlist/ovr_stm/_win,w24c0_ta07.bmp.ctxr,w24c0_ta07.bmp,ctxr,699488,d832bf23783bb33e7be3836a662be7b897381559
textures/flatlist/ovr_stm/_win/w24c0_wa01b.bmp.ctxr,textures/flatlist/ovr_stm/_win,w24c0_wa01b.bmp.ctxr,w24c0_wa01b.bmp,ctxr,11185312,06df2f6d991266f4355c0a05a9b200e23f26417a
textures/flatlist/ovr_stm/_win/w24c0_wa01e2_2.bmp.ctxr,textures/flatlist/ovr_stm/_win,w24c0_wa01e2_2.bmp.ctxr,w24c0_wa01e2_2.bmp,ctxr,5592864,735b24f1b8f4488658d522efdc8c190399d1241f
textures/flatlist/ovr_stm/_win/w24c0_wa01e3.bmp.ctxr,textures/flatlist/ovr_stm/_win,w24c0_wa01e3.bmp.ctxr,w24c0_wa01e3.bmp,ctxr,11185312,366cf17fb0cd70b7d02f05894655db1b4bb55ce9
textures/flatlist/ovr_stm/_win/w24d0_w05.bmp.ctxr,textures/flatlist/ovr_stm/_win,w24d0_w05.bmp.ctxr,w24d0_w05.bmp,ctxr,1398560,c067fdc2e0fdc1c30e2b5e5c4db7be6698cd29a1
textures/flatlist/ovr_stm/_win/w25a_fl00a.bmp.ctxr,textures/flatlist/ovr_stm/_win,w25a_fl00a.bmp.ctxr,w25a_fl00a.bmp,ctxr,1398528,7ebbc287c76ac478f9ec4e1318247ab3d94573f9
textures/flatlist/ovr_stm/_win/w25a_fl00b.bmp.ctxr,textures/flatlist/ovr_stm/_win,w25a_fl00b.bmp.ctxr,w25a_fl00b.bmp,ctxr,1398528,14ca95eb9f13765215c405ea2fd7af0b819f9370
textures/flatlist/ovr_stm/_win/w25a_fl00c.bmp.ctxr,textures/flatlist/ovr_stm/_win,w25a_fl00c.bmp.ctxr,w25a_fl00c.bmp,ctxr,699488,a387704a66033f83de42471b20d1c6f7156ed0e9
textures/flatlist/ovr_stm/_win/w25a_fl00d.bmp.ctxr,textures/flatlist/ovr_stm/_win,w25a_fl00d.bmp.ctxr,w25a_fl00d.bmp,ctxr,699488,9ea7a422a5f246844427b475acfd443ba0a0fb98
textures/flatlist/ovr_stm/_win/w25a_fl04.bmp.ctxr,textures/flatlist/ovr_stm/_win,w25a_fl04.bmp.ctxr,w25a_fl04.bmp,ctxr,1398528,ac24f7be75faf6462655279cdba33fc50b80d914
textures/flatlist/ovr_stm/_win/w25a_fl05a.bmp_eab6a76640eebadec634613e41b4f430.ctxr,textures/flatlist/ovr_stm/_win,w25a_fl05a.bmp_eab6a76640eebadec634613e41b4f430.ctxr,w25a_fl05a.bmp_eab6a76640eebadec634613e41b4f430,ctxr,1398528,3e97db3cd926183380df3b071094c3a71af9b908
textures/flatlist/ovr_stm/_win/w25a_flu05a.bmp.ctxr,textures/flatlist/ovr_stm/_win,w25a_flu05a.bmp.ctxr,w25a_flu05a.bmp,ctxr,349920,8a2f8cf97a948e3465a7e321734b3db553bc5c3f
textures/flatlist/ovr_stm/_win/w25a_h00.bmp_c0f8a236f0a27f1b708076773161c3d1.ctxr,textures/flatlist/ovr_stm/_win,w25a_h00.bmp_c0f8a236f0a27f1b708076773161c3d1.ctxr,w25a_h00.bmp_c0f8a236f0a27f1b708076773161c3d1,ctxr,349984,86a3c5358ab1428872c0620e1651b169f460bc40
textures/flatlist/ovr_stm/_win/w25a_h01.bmp.ctxr,textures/flatlist/ovr_stm/_win,w25a_h01.bmp.ctxr,w25a_h01.bmp,ctxr,175200,61723417014f3eebfd5d72ace185ee01c4e6b180
textures/flatlist/ovr_stm/_win/w25a_h03.bmp.ctxr,textures/flatlist/ovr_stm/_win,w25a_h03.bmp.ctxr,w25a_h03.bmp,ctxr,175200,141aa95ff8622d7c572689be5d2f36f52ae895be
textures/flatlist/ovr_stm/_win/w25a_h03a.bmp.ctxr,textures/flatlist/ovr_stm/_win,w25a_h03a.bmp.ctxr,w25a_h03a.bmp,ctxr,175200,9b9f682c28748152343d0a13e438e6b4c4ca3486
textures/flatlist/ovr_stm/_win/w25a_h04a.bmp.ctxr,textures/flatlist/ovr_stm/_win,w25a_h04a.bmp.ctxr,w25a_h04a.bmp,ctxr,349984,7ae5e7146884cffcf821d78e775d1b2f02ad294c
textures/flatlist/ovr_stm/_win/w25a_h04k.bmp.ctxr,textures/flatlist/ovr_stm/_win,w25a_h04k.bmp.ctxr,w25a_h04k.bmp,ctxr,175168,126aabba388a4bd5dd605dd80e5c644f694a4416
textures/flatlist/ovr_stm/_win/w25a_tank00.bmp_607cd5e0bf0f5b379a6262cd93f54ffa.ctxr,textures/flatlist/ovr_stm/_win,w25a_tank00.bmp_607cd5e0bf0f5b379a6262cd93f54ffa.ctxr,w25a_tank00.bmp_607cd5e0bf0f5b379a6262cd93f54ffa,ctxr,1398528,ef7d8ba8ad235ae277055b0c88b04586fb96f86e
textures/flatlist/ovr_stm/_win/w25a_tank00a.bmp.ctxr,textures/flatlist/ovr_stm/_win,w25a_tank00a.bmp.ctxr,w25a_tank00a.bmp,ctxr,349920,4700801e7996b5ade4ffd5cab47680f85b8059d1
textures/flatlist/ovr_stm/_win/w25a_w00.bmp.ctxr,textures/flatlist/ovr_stm/_win,w25a_w00.bmp.ctxr,w25a_w00.bmp,ctxr,5592864,6160cb12931b16eaebe97958e0dd04eadcaab1ee
textures/flatlist/ovr_stm/_win/w25a_w00a.bmp.ctxr,textures/flatlist/ovr_stm/_win,w25a_w00a.bmp.ctxr,w25a_w00a.bmp,ctxr,5592864,8cedc3b48dc8ac85e9095c437b3c391be0f20be3
textures/flatlist/ovr_stm/_win/w25a_wire01a.bmp.ctxr,textures/flatlist/ovr_stm/_win,w25a_wire01a.bmp.ctxr,w25a_wire01a.bmp,ctxr,44064,4221884600517ddd15e60134a3794273cfc0a1c1
textures/flatlist/ovr_stm/_win/w25a_wire01b.bmp.ctxr,textures/flatlist/ovr_stm/_win,w25a_wire01b.bmp.ctxr,w25a_wire01b.bmp,ctxr,11264,9a000092dc43b3e7946f3d402acfec2f7100bc28
textures/flatlist/ovr_stm/_win/w25a_wire01d.bmp.ctxr,textures/flatlist/ovr_stm/_win,w25a_wire01d.bmp.ctxr,w25a_wire01d.bmp,ctxr,44064,4fa3c8dabfb20d28cea50d90b6d8a7e07b0e086a
textures/flatlist/ovr_stm/_win/w25b_fl04b.bmp.ctxr,textures/flatlist/ovr_stm/_win,w25b_fl04b.bmp.ctxr,w25b_fl04b.bmp,ctxr,1398528,0c27febf616fe1d0c6c2217a38a8e79b0484f104
textures/flatlist/ovr_stm/_win/w25b_pp01c.bmp.ctxr,textures/flatlist/ovr_stm/_win,w25b_pp01c.bmp.ctxr,w25b_pp01c.bmp,ctxr,87744,2cb2708b253ebf827f06db5257c9ff8912e508e5
textures/flatlist/ovr_stm/_win/w25b_pp04.bmp.ctxr,textures/flatlist/ovr_stm/_win,w25b_pp04.bmp.ctxr,w25b_pp04.bmp,ctxr,699520,3ae18109c963fc79ca87d1e135da4babad0df908
textures/flatlist/ovr_stm/_win/w25c_fl05a.bmp_5d5c005378747543fddf1e2a161ecf6f.ctxr,textures/flatlist/ovr_stm/_win,w25c_fl05a.bmp_5d5c005378747543fddf1e2a161ecf6f.ctxr,w25c_fl05a.bmp_5d5c005378747543fddf1e2a161ecf6f,ctxr,349920,78194ce31d554fac72720c775091330777155fd9
textures/flatlist/ovr_stm/_win/w25c_obj00.bmp.ctxr,textures/flatlist/ovr_stm/_win,w25c_obj00.bmp.ctxr,w25c_obj00.bmp,ctxr,699488,bb3ac1893d406a269953696be0a63cc0079becc7
textures/flatlist/ovr_stm/_win/w25c_pp04a.bmp.ctxr,textures/flatlist/ovr_stm/_win,w25c_pp04a.bmp.ctxr,w25c_pp04a.bmp,ctxr,175168,bcbb65c3ded5dc289aec2c4df1a969b70b1e57eb
textures/flatlist/ovr_stm/_win/w25c_w00f2.bmp.ctxr,textures/flatlist/ovr_stm/_win,w25c_w00f2.bmp.ctxr,w25c_w00f2.bmp,ctxr,2796672,8efe6c57684a489e5eb6cf8489f06680da8bfee9
textures/flatlist/ovr_stm/_win/w25c_w00f2.bmp_def331845b33cf0d004b8819ab1b47ad.ctxr,textures/flatlist/ovr_stm/_win,w25c_w00f2.bmp_def331845b33cf0d004b8819ab1b47ad.ctxr,w25c_w00f2.bmp_def331845b33cf0d004b8819ab1b47ad,ctxr,2796672,3c3be8ac86b796a5e20e6cfb0cf0c1281c5bc654
textures/flatlist/ovr_stm/_win/w25c_w00f3.bmp.ctxr,textures/flatlist/ovr_stm/_win,w25c_w00f3.bmp.ctxr,w25c_w00f3.bmp,ctxr,1398560,2e6550fe40a7c3e818a1f88b378c66feed626915
textures/flatlist/ovr_stm/_win/w25c_w00f3.bmp_80bb089f15a6b67db42cdc5ba9154cce.ctxr,textures/flatlist/ovr_stm/_win,w25c_w00f3.bmp_80bb089f15a6b67db42cdc5ba9154cce.ctxr,w25c_w00f3.bmp_80bb089f15a6b67db42cdc5ba9154cce,ctxr,1398560,8ae33d8631a42d230ec22cb195f118c0e353195f
textures/flatlist/ovr_stm/_win/w25c_w06b2.bmp_e32e56967b81d8e10f197bc69b626128.ctxr,textures/flatlist/ovr_stm/_win,w25c_w06b2.bmp_e32e56967b81d8e10f197bc69b626128.ctxr,w25c_w06b2.bmp_e32e56967b81d8e10f197bc69b626128,ctxr,2796672,1a0215696709ee0c7152eb8d6cbdb767182226f8
textures/flatlist/ovr_stm/_win/w25c_w06b3.bmp_ccfce4ea287dbf204c2ead5e6bbda70c.ctxr,textures/flatlist/ovr_stm/_win,w25c_w06b3.bmp_ccfce4ea287dbf204c2ead5e6bbda70c.ctxr,w25c_w06b3.bmp_ccfce4ea287dbf204c2ead5e6bbda70c,ctxr,1398560,d3415bb11c61aa6ba33292dcc4ba9fbca78780c7
textures/flatlist/ovr_stm/_win/w28an_ag_light_pipe.bmp.ctxr,textures/flatlist/ovr_stm/_win,w28an_ag_light_pipe.bmp.ctxr,w28an_ag_light_pipe.bmp,ctxr,44096,5760260ea46cd485c63f762d7d53d987d9710b94
textures/flatlist/ovr_stm/_win/w28an_ana_box_01.bmp.ctxr,textures/flatlist/ovr_stm/_win,w28an_ana_box_01.bmp.ctxr,w28an_ana_box_01.bmp,ctxr,175168,e6dd4be96938ff637b63200226ed765eae5ee3b3
textures/flatlist/ovr_stm/_win/w28an_ana_box_02.bmp.ctxr,textures/flatlist/ovr_stm/_win,w28an_ana_box_02.bmp.ctxr,w28an_ana_box_02.bmp,ctxr,22176,23f853f5378b906c6833072e4a5fa2f72f39bd6e
textures/flatlist/ovr_stm/_win/w28an_ana_pipe_02.bmp.ctxr,textures/flatlist/ovr_stm/_win,w28an_ana_pipe_02.bmp.ctxr,w28an_ana_pipe_02.bmp,ctxr,1398560,7874fa42f754f75a01f7f2c09e9c4111dc9f52db
textures/flatlist/ovr_stm/_win/w28an_exit_alp_ovl.bmp.ctxr,textures/flatlist/ovr_stm/_win,w28an_exit_alp_ovl.bmp.ctxr,w28an_exit_alp_ovl.bmp,ctxr,87776,843487719ba98be19f7950a25b0eb8c0469fa050
textures/flatlist/ovr_stm/_win/w28an_floor_oku_02.bmp.ctxr,textures/flatlist/ovr_stm/_win,w28an_floor_oku_02.bmp.ctxr,w28an_floor_oku_02.bmp,ctxr,2796672,7e67747c7b167c34230c89a3c1045e1b32bb6548
textures/flatlist/ovr_stm/_win/w28an_floor_oku_02a.bmp.ctxr,textures/flatlist/ovr_stm/_win,w28an_floor_oku_02a.bmp.ctxr,w28an_floor_oku_02a.bmp,ctxr,699488,c0982f94c4c6d24324d0941a602449c16692fa1c
textures/flatlist/ovr_stm/_win/w28an_mid_box_01.bmp.ctxr,textures/flatlist/ovr_stm/_win,w28an_mid_box_01.bmp.ctxr,w28an_mid_box_01.bmp,ctxr,349952,54313d3fb8d496ebda18f34cde14ee5d894a9958
textures/flatlist/ovr_stm/_win/w28an_mid_door_fukuro.bmp.ctxr,textures/flatlist/ovr_stm/_win,w28an_mid_door_fukuro.bmp.ctxr,w28an_mid_door_fukuro.bmp,ctxr,175200,15d4f8745ced025881ed947791445931cc816479
textures/flatlist/ovr_stm/_win/w28an_mid_door_fukuro_02.bmp.ctxr,textures/flatlist/ovr_stm/_win,w28an_mid_door_fukuro_02.bmp.ctxr,w28an_mid_door_fukuro_02.bmp,ctxr,175200,afb988e00e6086d8a6278c765880d956147e05f1
textures/flatlist/ovr_stm/_win/w28an_mid_door_fukuro_02a.bmp.ctxr,textures/flatlist/ovr_stm/_win,w28an_mid_door_fukuro_02a.bmp.ctxr,w28an_mid_door_fukuro_02a.bmp,ctxr,349952,f45a7bee0416de9dcf9b7cfad75e9e8ee7bd7302
textures/flatlist/ovr_stm/_win/w28an_pipe_01.bmp.ctxr,textures/flatlist/ovr_stm/_win,w28an_pipe_01.bmp.ctxr,w28an_pipe_01.bmp,ctxr,1398560,94e70cb78b38b87356b2762d84454154d651ccf0
textures/flatlist/ovr_stm/_win/w28an_pipe_02.bmp.ctxr,textures/flatlist/ovr_stm/_win,w28an_pipe_02.bmp.ctxr,w28an_pipe_02.bmp,ctxr,1398560,154d4bf52e4d7b89660d85220a62efb7f71f5880
textures/flatlist/ovr_stm/_win/w28an_pp02.bmp.ctxr,textures/flatlist/ovr_stm/_win,w28an_pp02.bmp.ctxr,w28an_pp02.bmp,ctxr,699520,9d6ec2b33d9c19c8d3dece7d7b04c8fab5d71fcb
textures/flatlist/ovr_stm/_win/w28an_rouka_floor_01.bmp.ctxr,textures/flatlist/ovr_stm/_win,w28an_rouka_floor_01.bmp.ctxr,w28an_rouka_floor_01.bmp,ctxr,1398528,761bcdff621085e03a8e0ef93edf4db889adf172
textures/flatlist/ovr_stm/_win/w28an_rouka_floor_02.bmp.ctxr,textures/flatlist/ovr_stm/_win,w28an_rouka_floor_02.bmp.ctxr,w28an_rouka_floor_02.bmp,ctxr,2796672,fa218e757623dec4ab7b84862a41e8342b894705
textures/flatlist/ovr_stm/_win/w28an_tsr_bar1.bmp.ctxr,textures/flatlist/ovr_stm/_win,w28an_tsr_bar1.bmp.ctxr,w28an_tsr_bar1.bmp,ctxr,349952,fe339fedac12bd516bcadbc9e0f70fd7921bcf85
textures/flatlist/ovr_stm/_win/w28an_wall_01.bmp.ctxr,textures/flatlist/ovr_stm/_win,w28an_wall_01.bmp.ctxr,w28an_wall_01.bmp,ctxr,2796672,81b5ab7dc38dee78789134f412906e7971643fb5
textures/flatlist/ovr_stm/_win/w28an_wall_03.bmp.ctxr,textures/flatlist/ovr_stm/_win,w28an_wall_03.bmp.ctxr,w28an_wall_03.bmp,ctxr,1398560,2c933bff0f8caaaa7c33d1713354fb0012d31667
textures/flatlist/ovr_stm/_win/w28an_wall_03b.bmp.ctxr,textures/flatlist/ovr_stm/_win,w28an_wall_03b.bmp.ctxr,w28an_wall_03b.bmp,ctxr,699520,57c8e5cb2178884368fb5ffa6210aae90318fa1d
textures/flatlist/ovr_stm/_win/w28an_wall_center_01.bmp.ctxr,textures/flatlist/ovr_stm/_win,w28an_wall_center_01.bmp.ctxr,w28an_wall_center_01.bmp,ctxr,1398528,d144ea1f40e24ef7f1df8788d7ac8d2e130d458c
textures/flatlist/ovr_stm/_win/w28an_wall_center_03.bmp.ctxr,textures/flatlist/ovr_stm/_win,w28an_wall_center_03.bmp.ctxr,w28an_wall_center_03.bmp,ctxr,2796672,ce0f2edbd18c058dd60064be58c9ddd279194d05
textures/flatlist/ovr_stm/_win/w28an_wall_door_01.bmp.ctxr,textures/flatlist/ovr_stm/_win,w28an_wall_door_01.bmp.ctxr,w28an_wall_door_01.bmp,ctxr,2796672,f1db3e981bf4678121b5b9be0debfd9b90920183
textures/flatlist/ovr_stm/_win/w28an_wall_door_01a.bmp.ctxr,textures/flatlist/ovr_stm/_win,w28an_wall_door_01a.bmp.ctxr,w28an_wall_door_01a.bmp,ctxr,2796672,c651440f47c55b7cae9b0c7174d5e70d1d9d4034
textures/flatlist/ovr_stm/_win/w28an_wall_rouka_02.bmp.ctxr,textures/flatlist/ovr_stm/_win,w28an_wall_rouka_02.bmp.ctxr,w28an_wall_rouka_02.bmp,ctxr,1398560,ecc1268cbda323661b7c72b357020e5e9264888e
textures/flatlist/ovr_stm/_win/w28an_wall_rouka_02b.bmp.ctxr,textures/flatlist/ovr_stm/_win,w28an_wall_rouka_02b.bmp.ctxr,w28an_wall_rouka_02b.bmp,ctxr,699520,b068180c69f217c2bf2ac7d3963713ce581b71c9
textures/flatlist/ovr_stm/_win/w28an_wall_rouka_04.bmp.ctxr,textures/flatlist/ovr_stm/_win,w28an_wall_rouka_04.bmp.ctxr,w28an_wall_rouka_04.bmp,ctxr,1398560,c6b2d0fa7bc66f6f487dd57ca072018fdd0e439d
textures/flatlist/ovr_stm/_win/w28an_wire_01.bmp.ctxr,textures/flatlist/ovr_stm/_win,w28an_wire_01.bmp.ctxr,w28an_wire_01.bmp,ctxr,175232,4e8f845a5c0d31d6f6ba40f099011fbf0a77673d
textures/flatlist/ovr_stm/_win/w28a_ana_hari_03.bmp.ctxr,textures/flatlist/ovr_stm/_win,w28a_ana_hari_03.bmp.ctxr,w28a_ana_hari_03.bmp,ctxr,699520,43d498ba2300eb3d5414ea60b86f89dfddb49a83
textures/flatlist/ovr_stm/_win/w28a_ana_hari_04.bmp.ctxr,textures/flatlist/ovr_stm/_win,w28a_ana_hari_04.bmp.ctxr,w28a_ana_hari_04.bmp,ctxr,349952,547f0ba9580dea1e0225c9960423987f6e13bdbd
textures/flatlist/ovr_stm/_win/w28a_ana_hari_05.bmp.ctxr,textures/flatlist/ovr_stm/_win,w28a_ana_hari_05.bmp.ctxr,w28a_ana_hari_05.bmp,ctxr,699520,e7d45c2563dc8cd06b21bc436868537e6a0d81c6
textures/flatlist/ovr_stm/_win/w28a_ana_light_tome.bmp.ctxr,textures/flatlist/ovr_stm/_win,w28a_ana_light_tome.bmp.ctxr,w28a_ana_light_tome.bmp,ctxr,87776,4830d8638f7e5309ed8bf133ea9878953428204e
textures/flatlist/ovr_stm/_win/w28a_ana_pipe_01.bmp.ctxr,textures/flatlist/ovr_stm/_win,w28a_ana_pipe_01.bmp.ctxr,w28a_ana_pipe_01.bmp,ctxr,699520,a1a00fef019f35f4817a0b3a6eed0bf4a3f64336
textures/flatlist/ovr_stm/_win/w28a_ana_pipe_03.bmp.ctxr,textures/flatlist/ovr_stm/_win,w28a_ana_pipe_03.bmp.ctxr,w28a_ana_pipe_03.bmp,ctxr,699520,fd760288cbf6c843d248fe479a0dc3954fcce8ac
textures/flatlist/ovr_stm/_win/w28a_ana_pipe_tome_01.bmp.ctxr,textures/flatlist/ovr_stm/_win,w28a_ana_pipe_tome_01.bmp.ctxr,w28a_ana_pipe_tome_01.bmp,ctxr,1398528,c5ca80ed145ec20a3e661ae253a027e86cd1ecd0
textures/flatlist/ovr_stm/_win/w28a_ana_pipe_tome_02.bmp.ctxr,textures/flatlist/ovr_stm/_win,w28a_ana_pipe_tome_02.bmp.ctxr,w28a_ana_pipe_tome_02.bmp,ctxr,44064,116482d628218c7285a8c29835633e6cb804e91e
textures/flatlist/ovr_stm/_win/w28a_ana_wall_01.bmp.ctxr,textures/flatlist/ovr_stm/_win,w28a_ana_wall_01.bmp.ctxr,w28a_ana_wall_01.bmp,ctxr,5592864,006b4e872fdaf2c6c700a1670330e43d760070d1
textures/flatlist/ovr_stm/_win/w28a_ana_wall_02.bmp.ctxr,textures/flatlist/ovr_stm/_win,w28a_ana_wall_02.bmp.ctxr,w28a_ana_wall_02.bmp,ctxr,5592864,1dbc3642836c810d0ab5d8204b195514828c9937
textures/flatlist/ovr_stm/_win/w28a_ana_wall_03.bmp.ctxr,textures/flatlist/ovr_stm/_win,w28a_ana_wall_03.bmp.ctxr,w28a_ana_wall_03.bmp,ctxr,5592864,2d5a0bb3c3eebb86ff3f7c7dae44c3aa4fac03ff
textures/flatlist/ovr_stm/_win/w28a_hone_naname.bmp.ctxr,textures/flatlist/ovr_stm/_win,w28a_hone_naname.bmp.ctxr,w28a_hone_naname.bmp,ctxr,175200,13a99ab9dba76c7efda57f5556e88f83d3486f7a
textures/flatlist/ovr_stm/_win/w28a_pipe_tome_002.bmp.ctxr,textures/flatlist/ovr_stm/_win,w28a_pipe_tome_002.bmp.ctxr,w28a_pipe_tome_002.bmp,ctxr,44064,f8e5281f2614cc70188161a8e11159e7e5095c02
textures/flatlist/ovr_stm/_win/w28a_wall_rouka_01.bmp.ctxr,textures/flatlist/ovr_stm/_win,w28a_wall_rouka_01.bmp.ctxr,w28a_wall_rouka_01.bmp,ctxr,2796672,e8f976d74d3e114860eea23d6be7335570b4608d
textures/flatlist/ovr_stm/_win/w31a_box_01.bmp.ctxr,textures/flatlist/ovr_stm/_win,w31a_box_01.bmp.ctxr,w31a_box_01.bmp,ctxr,349920,6cd490e370ef6fb3aa943d40fa0fa9bb6f9284cf
textures/flatlist/ovr_stm/_win/w31a_box_02.bmp.ctxr,textures/flatlist/ovr_stm/_win,w31a_box_02.bmp.ctxr,w31a_box_02.bmp,ctxr,1398528,1a1efdde360d7080953b650dc5bded69bedebdfb
textures/flatlist/ovr_stm/_win/w31a_cir_panel_033.bmp.ctxr,textures/flatlist/ovr_stm/_win,w31a_cir_panel_033.bmp.ctxr,w31a_cir_panel_033.bmp,ctxr,699488,281edc734c4df829b193ace266e524103945b06e
textures/flatlist/ovr_stm/_win/w31a_cir_panel_04.bmp.ctxr,textures/flatlist/ovr_stm/_win,w31a_cir_panel_04.bmp.ctxr,w31a_cir_panel_04.bmp,ctxr,175168,918354589487cfc53e1bda84a20334ff439054a4
textures/flatlist/ovr_stm/_win/w31a_cir_panel_brk_01.bmp.ctxr,textures/flatlist/ovr_stm/_win,w31a_cir_panel_brk_01.bmp.ctxr,w31a_cir_panel_brk_01.bmp,ctxr,2796672,84e0da19be938002f238af9b612ee71abdc9fb57
textures/flatlist/ovr_stm/_win/w31a_cir_panel_brk_02.bmp.ctxr,textures/flatlist/ovr_stm/_win,w31a_cir_panel_brk_02.bmp.ctxr,w31a_cir_panel_brk_02.bmp,ctxr,349920,28cba374fb8fec8f80995327b2254906dfa5c916
textures/flatlist/ovr_stm/_win/w31a_cir_panel_brk_04.bmp.ctxr,textures/flatlist/ovr_stm/_win,w31a_cir_panel_brk_04.bmp.ctxr,w31a_cir_panel_brk_04.bmp,ctxr,175168,222e7c4428ab991089fcf88e1e1b43dc934917ad
textures/flatlist/ovr_stm/_win/w31a_cir_panel_brk_05.bmp.ctxr,textures/flatlist/ovr_stm/_win,w31a_cir_panel_brk_05.bmp.ctxr,w31a_cir_panel_brk_05.bmp,ctxr,175168,de1679c94d2a7b5518e9671ee92ce10cf8823cb2
textures/flatlist/ovr_stm/_win/w31a_denki_01.bmp.ctxr,textures/flatlist/ovr_stm/_win,w31a_denki_01.bmp.ctxr,w31a_denki_01.bmp,ctxr,349952,b78a5fbaa7fc698dfc6a3735153188d184343181
textures/flatlist/ovr_stm/_win/w31a_denki_03.bmp.ctxr,textures/flatlist/ovr_stm/_win,w31a_denki_03.bmp.ctxr,w31a_denki_03.bmp,ctxr,175200,041cea1486a6a06319ae75495aad3a0d9541c4f7
textures/flatlist/ovr_stm/_win/w31a_floor_01.bmp.ctxr,textures/flatlist/ovr_stm/_win,w31a_floor_01.bmp.ctxr,w31a_floor_01.bmp,ctxr,1398528,ea34ae107963ac3c8c06db2a6cf8cb5f29e190cb
textures/flatlist/ovr_stm/_win/w31a_floor_02.bmp.ctxr,textures/flatlist/ovr_stm/_win,w31a_floor_02.bmp.ctxr,w31a_floor_02.bmp,ctxr,1398560,4cf03e7829d42fa5cdbec30bef069ebdb3a4de7e
textures/flatlist/ovr_stm/_win/w31a_floor_03.bmp.ctxr,textures/flatlist/ovr_stm/_win,w31a_floor_03.bmp.ctxr,w31a_floor_03.bmp,ctxr,699488,2602369c58b45e5e77c5a7374a06932bb9a51ae8
textures/flatlist/ovr_stm/_win/w31a_floor_06.bmp.ctxr,textures/flatlist/ovr_stm/_win,w31a_floor_06.bmp.ctxr,w31a_floor_06.bmp,ctxr,2796672,de40ff98bb233c1cadbc36c1472d85e0b455bc36
textures/flatlist/ovr_stm/_win/w31a_floor_08.bmp.ctxr,textures/flatlist/ovr_stm/_win,w31a_floor_08.bmp.ctxr,w31a_floor_08.bmp,ctxr,1398528,cffa74eb307ef27e43ddc74738e1afc34b6f8cde
textures/flatlist/ovr_stm/_win/w31a_floor_10_alp_ovl.bmp.ctxr,textures/flatlist/ovr_stm/_win,w31a_floor_10_alp_ovl.bmp.ctxr,w31a_floor_10_alp_ovl.bmp,ctxr,699488,d1ce6415f198be2f6033333dfccedf4d6b80f4f4
textures/flatlist/ovr_stm/_win/w31a_floor_ovl_bld090.bmp.ctxr,textures/flatlist/ovr_stm/_win,w31a_floor_ovl_bld090.bmp.ctxr,w31a_floor_ovl_bld090.bmp,ctxr,1398528,09f0652da4a4bdc3df258b95cb5a86d9fe6655ea
textures/flatlist/ovr_stm/_win/w31a_mecha_03.bmp.ctxr,textures/flatlist/ovr_stm/_win,w31a_mecha_03.bmp.ctxr,w31a_mecha_03.bmp,ctxr,1398528,8b0cb9dce6eefcc7932f159faa45fab18f8e72ab
textures/flatlist/ovr_stm/_win/w31a_wall_01.bmp.ctxr,textures/flatlist/ovr_stm/_win,w31a_wall_01.bmp.ctxr,w31a_wall_01.bmp,ctxr,1398560,8fa62050eac436331bf5750f20b2a2b601b4a963
textures/flatlist/ovr_stm/_win/w31a_wall_03.bmp.ctxr,textures/flatlist/ovr_stm/_win,w31a_wall_03.bmp.ctxr,w31a_wall_03.bmp,ctxr,2796672,b291bdb2b1b617ac3b7df0d404879b87caf09f7b
textures/flatlist/ovr_stm/_win/w31a_wall_05.bmp.ctxr,textures/flatlist/ovr_stm/_win,w31a_wall_05.bmp.ctxr,w31a_wall_05.bmp,ctxr,1398560,8200223a35edbd4f135670a37a93d9cfe6851dd8
textures/flatlist/ovr_stm/_win/w31a_wall_06.bmp.ctxr,textures/flatlist/ovr_stm/_win,w31a_wall_06.bmp.ctxr,w31a_wall_06.bmp,ctxr,1398528,9af7b233b4a651bbc83cf94a30c59ff4c5562f6a
textures/flatlist/ovr_stm/_win/w31b_door_01.bmp.ctxr,textures/flatlist/ovr_stm/_win,w31b_door_01.bmp.ctxr,w31b_door_01.bmp,ctxr,2796672,dd4202516f5fd0c06eed2bf1ee6f46c2f12ef14b
textures/flatlist/ovr_stm/_win/w31b_dox_01.bmp.ctxr,textures/flatlist/ovr_stm/_win,w31b_dox_01.bmp.ctxr,w31b_dox_01.bmp,ctxr,87744,30c1d82983e9867fe307ff24a8b98e28ed715cf8
textures/flatlist/ovr_stm/_win/w31b_floor_02.bmp.ctxr,textures/flatlist/ovr_stm/_win,w31b_floor_02.bmp.ctxr,w31b_floor_02.bmp,ctxr,1398528,9b6615dfb1d5f31c31ad83854694d2587dd17d68
textures/flatlist/ovr_stm/_win/w31b_panel_alp_ovl_06.bmp.ctxr,textures/flatlist/ovr_stm/_win,w31b_panel_alp_ovl_06.bmp.ctxr,w31b_panel_alp_ovl_06.bmp,ctxr,699488,2175e09b4ee08996400e0d35ac25fe67830a419c
textures/flatlist/ovr_stm/_win/w31b_pipe_05.bmp.ctxr,textures/flatlist/ovr_stm/_win,w31b_pipe_05.bmp.ctxr,w31b_pipe_05.bmp,ctxr,699488,b9b4119c1324134a3c7d412ee783d033a0e94a80
textures/flatlist/ovr_stm/_win/w31b_roof_04.bmp.ctxr,textures/flatlist/ovr_stm/_win,w31b_roof_04.bmp.ctxr,w31b_roof_04.bmp,ctxr,1398528,40068cfdb4f94ef3fc8e71d2ac250f5d0d4f8247
textures/flatlist/ovr_stm/_win/w31b_wall_03.bmp.ctxr,textures/flatlist/ovr_stm/_win,w31b_wall_03.bmp.ctxr,w31b_wall_03.bmp,ctxr,2796672,4708ca871deb8de3d3e098f6cdfc0d47dd3bbe3f
textures/flatlist/ovr_stm/_win/w31c_box_05.bmp.ctxr,textures/flatlist/ovr_stm/_win,w31c_box_05.bmp.ctxr,w31c_box_05.bmp,ctxr,1398560,bc0f8f6c2e9a726c704bdb39e7137110153725c7
textures/flatlist/ovr_stm/_win/w31c_locker_01.bmp.ctxr,textures/flatlist/ovr_stm/_win,w31c_locker_01.bmp.ctxr,w31c_locker_01.bmp,ctxr,1398528,9126893e9684540d4363be0aa6a985293497995b
textures/flatlist/ovr_stm/_win/w31c_locker_04.bmp.ctxr,textures/flatlist/ovr_stm/_win,w31c_locker_04.bmp.ctxr,w31c_locker_04.bmp,ctxr,2796672,bc5015dafca580f0cd6aa8cfa4c1ebee59f472bf
textures/flatlist/ovr_stm/_win/w31c_wall_08.bmp.ctxr,textures/flatlist/ovr_stm/_win,w31c_wall_08.bmp.ctxr,w31c_wall_08.bmp,ctxr,175200,827bafac608f8dd085c5cebb467ca4c43462bab9
textures/flatlist/ovr_stm/_win/w32a_asi00.bmp.ctxr,textures/flatlist/ovr_stm/_win,w32a_asi00.bmp.ctxr,w32a_asi00.bmp,ctxr,2796672,e5007e30a9088eb768b83086fcd3157f3465ca94
textures/flatlist/ovr_stm/_win/w32a_asi00a.bmp.ctxr,textures/flatlist/ovr_stm/_win,w32a_asi00a.bmp.ctxr,w32a_asi00a.bmp,ctxr,2796672,16d39382e90f7b4dde1ae3c787a8818d472a714e
textures/flatlist/ovr_stm/_win/w32a_asi00b.bmp.ctxr,textures/flatlist/ovr_stm/_win,w32a_asi00b.bmp.ctxr,w32a_asi00b.bmp,ctxr,2796672,2b0facd20f0ddd04d75d1017e45c4841d1d2ced4
textures/flatlist/ovr_stm/_win/w32a_asi00c.bmp.ctxr,textures/flatlist/ovr_stm/_win,w32a_asi00c.bmp.ctxr,w32a_asi00c.bmp,ctxr,2796672,1d86f5b50b0318165ded42ca5f95b3e88027a450
textures/flatlist/ovr_stm/_win/w32a_asi00d.bmp.ctxr,textures/flatlist/ovr_stm/_win,w32a_asi00d.bmp.ctxr,w32a_asi00d.bmp,ctxr,2796672,525eef045ead3c7672cfdce7f5317e501e730777
textures/flatlist/ovr_stm/_win/w32a_asi06.bmp.ctxr,textures/flatlist/ovr_stm/_win,w32a_asi06.bmp.ctxr,w32a_asi06.bmp,ctxr,2796672,32910e97f3a6789a446bba3f0019b1706f149b7e
textures/flatlist/ovr_stm/_win/w32a_board04.bmp.ctxr,textures/flatlist/ovr_stm/_win,w32a_board04.bmp.ctxr,w32a_board04.bmp,ctxr,349952,e0e32a8046efb64cc0d3b750ec5ec55b3e5c5c67
textures/flatlist/ovr_stm/_win/w32a_fl01.bmp.ctxr,textures/flatlist/ovr_stm/_win,w32a_fl01.bmp.ctxr,w32a_fl01.bmp,ctxr,1398528,2bf54385693bba28538df9f779926e6228701907
textures/flatlist/ovr_stm/_win/w32a_fl01a.bmp.ctxr,textures/flatlist/ovr_stm/_win,w32a_fl01a.bmp.ctxr,w32a_fl01a.bmp,ctxr,1398528,365437d8c8d2774650205da267fa478b15b2fd8f
textures/flatlist/ovr_stm/_win/w32a_fl01b.bmp.ctxr,textures/flatlist/ovr_stm/_win,w32a_fl01b.bmp.ctxr,w32a_fl01b.bmp,ctxr,1398528,2c3537d0ba924bb6b4c9b66d85a098115a264336
textures/flatlist/ovr_stm/_win/w32a_fl01c.bmp.ctxr,textures/flatlist/ovr_stm/_win,w32a_fl01c.bmp.ctxr,w32a_fl01c.bmp,ctxr,1398528,e3172187976d052431910c4ce38fedc9a9cbf9a1
textures/flatlist/ovr_stm/_win/w32a_fl01e.bmp.ctxr,textures/flatlist/ovr_stm/_win,w32a_fl01e.bmp.ctxr,w32a_fl01e.bmp,ctxr,1398528,7292906a580d859d6a70628294627811876081cd
textures/flatlist/ovr_stm/_win/w32a_pp02.bmp_1740c8007a612689abb7c8a3139f35d1.ctxr,textures/flatlist/ovr_stm/_win,w32a_pp02.bmp_1740c8007a612689abb7c8a3139f35d1.ctxr,w32a_pp02.bmp_1740c8007a612689abb7c8a3139f35d1,ctxr,2796672,7ffa2945c494fb288ac733e880d8b4570538ffbc
textures/flatlist/ovr_stm/_win/w32a_pp02a.bmp_f04b2f338b30c64c7690c44f5e5cbc4f.ctxr,textures/flatlist/ovr_stm/_win,w32a_pp02a.bmp_f04b2f338b30c64c7690c44f5e5cbc4f.ctxr,w32a_pp02a.bmp_f04b2f338b30c64c7690c44f5e5cbc4f,ctxr,1398560,2dec0c6a062ae46b520d15f3391bb2dde042c0ed
textures/flatlist/ovr_stm/_win/w32a_pp03a.bmp_948505e760d2eb64915a2546228b8649.ctxr,textures/flatlist/ovr_stm/_win,w32a_pp03a.bmp_948505e760d2eb64915a2546228b8649.ctxr,w32a_pp03a.bmp_948505e760d2eb64915a2546228b8649,ctxr,1398560,12d0fb9d2c1cffa95d7c9430a52786d51b5cdd56
textures/flatlist/ovr_stm/_win/w32a_sign00.bmp.ctxr,textures/flatlist/ovr_stm/_win,w32a_sign00.bmp.ctxr,w32a_sign00.bmp,ctxr,175200,e7a0461253f667fa98f8629534b01f1c3d72d2e3
textures/flatlist/ovr_stm/_win/w32a_w02.bmp.ctxr,textures/flatlist/ovr_stm/_win,w32a_w02.bmp.ctxr,w32a_w02.bmp,ctxr,699520,d76aede1b89709565eb14a3b2a821561069e7b62
textures/flatlist/ovr_stm/_win/w41a_dr2.bmp.ctxr,textures/flatlist/ovr_stm/_win,w41a_dr2.bmp.ctxr,w41a_dr2.bmp,ctxr,2796672,ab34153cec2ed6da16a8fb23988e217bdcaf1d80
textures/flatlist/ovr_stm/_win/w41a_go_02.bmp.ctxr,textures/flatlist/ovr_stm/_win,w41a_go_02.bmp.ctxr,w41a_go_02.bmp,ctxr,699488,cc164a504b9e27a808ea5eec2a6e618292e67cd1
textures/flatlist/ovr_stm/_win/w41a_go_03.bmp.ctxr,textures/flatlist/ovr_stm/_win,w41a_go_03.bmp.ctxr,w41a_go_03.bmp,ctxr,699488,1aa69b80300bf711e06c8fe93cce98fbd189bec5
textures/flatlist/ovr_stm/_win/w41a_wallsh1_bld090_ovl.bmp.ctxr,textures/flatlist/ovr_stm/_win,w41a_wallsh1_bld090_ovl.bmp.ctxr,w41a_wallsh1_bld090_ovl.bmp,ctxr,5592864,d96e2af33d211e2c2e24eee60afae3f41f3d35f0
textures/flatlist/ovr_stm/_win/w41a_wallsh3_bld090_ovl.bmp.ctxr,textures/flatlist/ovr_stm/_win,w41a_wallsh3_bld090_ovl.bmp.ctxr,w41a_wallsh3_bld090_ovl.bmp,ctxr,2796672,41120a9115d45a11ab80de8af5d80d11893242fd
textures/flatlist/ovr_stm/_win/w41a_wallsh4_bld090_ovl.bmp.ctxr,textures/flatlist/ovr_stm/_win,w41a_wallsh4_bld090_ovl.bmp.ctxr,w41a_wallsh4_bld090_ovl.bmp,ctxr,1398528,83196a3efcd950031b438ba178806a8ba81d1869
textures/flatlist/ovr_stm/_win/w41a_wallsh6_bld090_ovl.bmp.ctxr,textures/flatlist/ovr_stm/_win,w41a_wallsh6_bld090_ovl.bmp.ctxr,w41a_wallsh6_bld090_ovl.bmp,ctxr,2796672,446b53a64dc10f94c4068d0c52c646e2c2a49215
textures/flatlist/ovr_stm/_win/w41a_wallsh7_bld090_ovl.bmp.ctxr,textures/flatlist/ovr_stm/_win,w41a_wallsh7_bld090_ovl.bmp.ctxr,w41a_wallsh7_bld090_ovl.bmp,ctxr,2796672,088d682a3cad68dc1fe6d079ceafda7b0748d7f1
textures/flatlist/ovr_stm/_win/w42a_1f_box_01.bmp_7be7c191af3966ebc5cbc6b019aac0b5.ctxr,textures/flatlist/ovr_stm/_win,w42a_1f_box_01.bmp_7be7c191af3966ebc5cbc6b019aac0b5.ctxr,w42a_1f_box_01.bmp_7be7c191af3966ebc5cbc6b019aac0b5,ctxr,2796672,b68b6f02a2105931d697dafb5780f241b2b93fa2
textures/flatlist/ovr_stm/_win/w42a_1f_box_01_top.bmp_80244e81becddb60d74eb9908adbdbd3.ctxr,textures/flatlist/ovr_stm/_win,w42a_1f_box_01_top.bmp_80244e81becddb60d74eb9908adbdbd3.ctxr,w42a_1f_box_01_top.bmp_80244e81becddb60d74eb9908adbdbd3,ctxr,1398528,0849ed1bcd9cfe6dcad9904be1c4ef1efa9f0aeb
textures/flatlist/ovr_stm/_win/w42a_2f_floor_back_03.bmp.ctxr,textures/flatlist/ovr_stm/_win,w42a_2f_floor_back_03.bmp.ctxr,w42a_2f_floor_back_03.bmp,ctxr,2796672,74e0991007b30d5ccb7c5b79ba30fce8ba1bf150
textures/flatlist/ovr_stm/_win/w42a_bridge_side_01.bmp_489fc0f70f9ed7725e5293ec1ab58638.ctxr,textures/flatlist/ovr_stm/_win,w42a_bridge_side_01.bmp_489fc0f70f9ed7725e5293ec1ab58638.ctxr,w42a_bridge_side_01.bmp_489fc0f70f9ed7725e5293ec1ab58638,ctxr,699520,b6c46a9e7959ffb39a47ab1b8eabbcb70938adb4
textures/flatlist/ovr_stm/_win/w42a_fence_board_01.bmp.ctxr,textures/flatlist/ovr_stm/_win,w42a_fence_board_01.bmp.ctxr,w42a_fence_board_01.bmp,ctxr,175200,a792b987b284a7cae68a2e3bb63aac7bdb76155f
textures/flatlist/ovr_stm/_win/w42a_fence_under_03.bmp.ctxr,textures/flatlist/ovr_stm/_win,w42a_fence_under_03.bmp.ctxr,w42a_fence_under_03.bmp,ctxr,175200,71db87642beea2726fccf5577c762651aad2b2c5
textures/flatlist/ovr_stm/_win/w43a_rouka_floor_01_alp_ovl.bmp.ctxr,textures/flatlist/ovr_stm/_win,w43a_rouka_floor_01_alp_ovl.bmp.ctxr,w43a_rouka_floor_01_alp_ovl.bmp,ctxr,1398528,f64094dfd1e94a14123d1236b6f88a307a2c30fe
textures/flatlist/ovr_stm/_win/w43a_rouka_floor_02_alp_ovl.bmp.ctxr,textures/flatlist/ovr_stm/_win,w43a_rouka_floor_02_alp_ovl.bmp.ctxr,w43a_rouka_floor_02_alp_ovl.bmp,ctxr,1398528,baf1a99e46eb8a2cdc10443bbb3bad7c7771c83c
textures/flatlist/ovr_stm/_win/w43a_rouka_floor_03_alp_ovl.bmp.ctxr,textures/flatlist/ovr_stm/_win,w43a_rouka_floor_03_alp_ovl.bmp.ctxr,w43a_rouka_floor_03_alp_ovl.bmp,ctxr,1398528,db5fba376010d9f9014f70536ded0d1b49666626
textures/flatlist/ovr_stm/_win/w43a_rouka_floor_04_alp_ovl.bmp.ctxr,textures/flatlist/ovr_stm/_win,w43a_rouka_floor_04_alp_ovl.bmp.ctxr,w43a_rouka_floor_04_alp_ovl.bmp,ctxr,1398528,1affb20fb4d337f438d3f88c288e388a49cd1ee9
textures/flatlist/ovr_stm/_win/w43a_rouka_floor_06_alp_ovl.bmp.ctxr,textures/flatlist/ovr_stm/_win,w43a_rouka_floor_06_alp_ovl.bmp.ctxr,w43a_rouka_floor_06_alp_ovl.bmp,ctxr,1398528,7ba88d8399e92e9f9efb7dcc2b5f62a72d73b285
textures/flatlist/ovr_stm/_win/w43a_wall_02_alp_ovl.bmp.ctxr,textures/flatlist/ovr_stm/_win,w43a_wall_02_alp_ovl.bmp.ctxr,w43a_wall_02_alp_ovl.bmp,ctxr,1398528,48c748356d224f6e5e27429e1298f902929893bd
textures/flatlist/ovr_stm/_win/w43a_wall_04_alp_ovl.bmp.ctxr,textures/flatlist/ovr_stm/_win,w43a_wall_04_alp_ovl.bmp.ctxr,w43a_wall_04_alp_ovl.bmp,ctxr,699488,95729f400d8b67de794598771f830c8968bb53ed
textures/flatlist/ovr_stm/_win/w43a_wall_05_alp_ovl.bmp.ctxr,textures/flatlist/ovr_stm/_win,w43a_wall_05_alp_ovl.bmp.ctxr,w43a_wall_05_alp_ovl.bmp,ctxr,1398528,bcf41dc82a32bfb0d25bf0f15514b1075b53b830
textures/flatlist/ovr_stm/_win/w43a_wall_09_alp_ovl.bmp.ctxr,textures/flatlist/ovr_stm/_win,w43a_wall_09_alp_ovl.bmp.ctxr,w43a_wall_09_alp_ovl.bmp,ctxr,1398528,19f3c1ac5c091dfe7dd10b1e6624848f833cea86
textures/flatlist/ovr_stm/_win/w43a_wall_exit_01.bmp.ctxr,textures/flatlist/ovr_stm/_win,w43a_wall_exit_01.bmp.ctxr,w43a_wall_exit_01.bmp,ctxr,5592864,5ea660d7d152a21af75e384401850b075cc07717
textures/flatlist/ovr_stm/_win/w43a_wall_hashi_02_alp_ovl.bmp.ctxr,textures/flatlist/ovr_stm/_win,w43a_wall_hashi_02_alp_ovl.bmp.ctxr,w43a_wall_hashi_02_alp_ovl.bmp,ctxr,1398528,ed116ada214def5ab241befed664ff427698b71d
textures/flatlist/ovr_stm/_win/w43a_wall_hashi_04_alp_ovl.bmp.ctxr,textures/flatlist/ovr_stm/_win,w43a_wall_hashi_04_alp_ovl.bmp.ctxr,w43a_wall_hashi_04_alp_ovl.bmp,ctxr,1398528,3fed9159255f43abade5b4809b9a5a2a80031620
textures/flatlist/ovr_stm/_win/w43a_wall_right_02_alp_ovl.bmp.ctxr,textures/flatlist/ovr_stm/_win,w43a_wall_right_02_alp_ovl.bmp.ctxr,w43a_wall_right_02_alp_ovl.bmp,ctxr,1398528,f2146030453b01fae7ad26e1d7b28062ce9af050
textures/flatlist/ovr_stm/_win/w43a_wall_right_03_alp_ovl.bmp.ctxr,textures/flatlist/ovr_stm/_win,w43a_wall_right_03_alp_ovl.bmp.ctxr,w43a_wall_right_03_alp_ovl.bmp,ctxr,699488,b2f19ae78d7ed2ee465b45d22a73882bb288390f
textures/flatlist/ovr_stm/_win/w43a_wall_right_06_alp_ovl.bmp.ctxr,textures/flatlist/ovr_stm/_win,w43a_wall_right_06_alp_ovl.bmp.ctxr,w43a_wall_right_06_alp_ovl.bmp,ctxr,1398528,cd486e4becf5daa93f4b1328046f954d88a3dfcc
textures/flatlist/ovr_stm/_win/w43a_wall_right_08_alp_ovl.bmp.ctxr,textures/flatlist/ovr_stm/_win,w43a_wall_right_08_alp_ovl.bmp.ctxr,w43a_wall_right_08_alp_ovl.bmp,ctxr,1398528,499567ff79c3303a2219374c9c5a1ae8d06fd3d8
textures/flatlist/ovr_stm/_win/w45a_door_left.bmp.ctxr,textures/flatlist/ovr_stm/_win,w45a_door_left.bmp.ctxr,w45a_door_left.bmp,ctxr,699488,b3b78963ed36abb3f4a7de72182425a346e90cd6
textures/flatlist/ovr_stm/_win/w45a_door_right.bmp.ctxr,textures/flatlist/ovr_stm/_win,w45a_door_right.bmp.ctxr,w45a_door_right.bmp,ctxr,1398528,832d09f0e582b547a52685248857d43993d6be35
textures/flatlist/ovr_stm/_win/w45a_floor_01.bmp.ctxr,textures/flatlist/ovr_stm/_win,w45a_floor_01.bmp.ctxr,w45a_floor_01.bmp,ctxr,22370112,1e996be358d9ffca7c810b410a4f8baf3cbb07ad
textures/flatlist/ovr_stm/_win/w45a_floor_03.bmp.ctxr,textures/flatlist/ovr_stm/_win,w45a_floor_03.bmp.ctxr,w45a_floor_03.bmp,ctxr,22370112,7e1a04fd0570de07df7b57f53b65749425b7cbf3
textures/flatlist/ovr_stm/_win/w61a_bil7_wall1.bmp.ctxr,textures/flatlist/ovr_stm/_win,w61a_bil7_wall1.bmp.ctxr,w61a_bil7_wall1.bmp,ctxr,1398528,ab1259c22a2595575abe0b0b022d465650e5ad8f
textures/flatlist/ovr_stm/_win/w61a_bil7_wall4_brk.bmp.ctxr,textures/flatlist/ovr_stm/_win,w61a_bil7_wall4_brk.bmp.ctxr,w61a_bil7_wall4_brk.bmp,ctxr,2796672,affc14527e4d7a6609d5b9a0f044ea1a834df629
textures/flatlist/ovr_stm/_win/w61a_douro.bmp.ctxr,textures/flatlist/ovr_stm/_win,w61a_douro.bmp.ctxr,w61a_douro.bmp,ctxr,1398528,11a195edba4b2914b53cdb3fc9c31367c95ba4a6
textures/flatlist/ovr_stm/_win/w61a_grn_ami.bmp.ctxr,textures/flatlist/ovr_stm/_win,w61a_grn_ami.bmp.ctxr,w61a_grn_ami.bmp,ctxr,349920,e483872c37243bb593a281fa0cafd881ebd53a1d
textures/flatlist/ovr_stm/_win/w61a_hodou1.bmp.ctxr,textures/flatlist/ovr_stm/_win,w61a_hodou1.bmp.ctxr,w61a_hodou1.bmp,ctxr,1398528,f923a1390df50efda6e8d1fc245b3672593c38ca
textures/flatlist/ovr_stm/_win/w61a_jeorge_dai.bmp.ctxr,textures/flatlist/ovr_stm/_win,w61a_jeorge_dai.bmp.ctxr,w61a_jeorge_dai.bmp,ctxr,349920,527c592637b85e6f5283c57c209b3e4dafe7a1ba
textures/flatlist/ovr_stm/_win/w61a_pillar1.bmp.ctxr,textures/flatlist/ovr_stm/_win,w61a_pillar1.bmp.ctxr,w61a_pillar1.bmp,ctxr,2796672,e499027e750573db0d98fe836bc6edca151fe5e0
textures/flatlist/ovr_stm/_win/w62a_bill_h1.bmp.ctxr,textures/flatlist/ovr_stm/_win,w62a_bill_h1.bmp.ctxr,w62a_bill_h1.bmp,ctxr,2796672,37d6a77851189edd2bf0acc697015e44fd2eec66
textures/flatlist/ovr_stm/_win/walllc1a.bmp.ctxr,textures/flatlist/ovr_stm/_win,walllc1a.bmp.ctxr,walllc1a.bmp,ctxr,2796672,db28bced3e2db0b2abec19aff1475b11f839deac
textures/flatlist/ovr_stm/_win/walllc1a2a.bmp.ctxr,textures/flatlist/ovr_stm/_win,walllc1a2a.bmp.ctxr,walllc1a2a.bmp,ctxr,1398560,0604cb20cb5cd0461d704d57a5fad644b836c5eb
textures/flatlist/ovr_stm/_win/walllc1b.bmp.ctxr,textures/flatlist/ovr_stm/_win,walllc1b.bmp.ctxr,walllc1b.bmp,ctxr,2796672,cc990359cc5ab99dc6e8f8512e90314b37933513
textures/flatlist/ovr_stm/_win/walllc1_sh2.bmp.ctxr,textures/flatlist/ovr_stm/_win,walllc1_sh2.bmp.ctxr,walllc1_sh2.bmp,ctxr,2796672,5011f58e005f3960ec18cff78f972b7ea1427071
textures/flatlist/ovr_stm/_win/wave06.bmp.ctxr,textures/flatlist/ovr_stm/_win,wave06.bmp.ctxr,wave06.bmp,ctxr,1398528,b9ecc1e63fbc5ffe32dc9e04504a16c435970878
textures/flatlist/ovr_stm/_win/wave06long1.bmp.ctxr,textures/flatlist/ovr_stm/_win,wave06long1.bmp.ctxr,wave06long1.bmp,ctxr,1398528,533a35b3393cd7cc0f17c285c03f3f85756acd4b
textures/flatlist/ovr_stm/_win/wc1.bmp.ctxr,textures/flatlist/ovr_stm/_win,wc1.bmp.ctxr,wc1.bmp,ctxr,349952,0b2f8e84de52b4fdd934d44cdcac2711e7392c07
textures/flatlist/ovr_stm/_win/wc1top.bmp.ctxr,textures/flatlist/ovr_stm/_win,wc1top.bmp.ctxr,wc1top.bmp,ctxr,349920,db79f6d82a4dd8153619e21125b80ae650e06873
textures/flatlist/ovr_stm/_win/yukamoto_alp_ovl.bmp.ctxr,textures/flatlist/ovr_stm/_win,yukamoto_alp_ovl.bmp.ctxr,yukamoto_alp_ovl.bmp,ctxr,1398528,e38be4ebf441a2d3d95e848649606c0e46e386e0
textures/flatlist/ovr_stm/_win/yu_ne.bmp.ctxr,textures/flatlist/ovr_stm/_win,yu_ne.bmp.ctxr,yu_ne.bmp,ctxr,1398528,48e9137f4c734f25d87018e5fc23cb4deff52ef0
textures/flatlist/ovr_stm/_win/yu_ne2.bmp.ctxr,textures/flatlist/ovr_stm/_win,yu_ne2.bmp.ctxr,yu_ne2.bmp,ctxr,1398528,9cf3ba2fb76d21a83ce10e01915fcd2053adfe66
textures/flatlist/ovr_stm/_win/zoe_pos_n.bmp.ctxr,textures/flatlist/ovr_stm/_win,zoe_pos_n.bmp.ctxr,zoe_pos_n.bmp,ctxr,5592864,5b17ac72635ccd039e1491bdfb69287458e51625
textures/MGS2-Demastered-Substance-Edition_LICENSE,textures,MGS2-Demastered-Substance-Edition_LICENSE,MGS2-Demastered-Substance-Edition_LICENSE,,1084,50827a9b7585110cb1a082fc9244d637a47fa802
textures/MGS2-Demastered-Substance-Edition_README.md,textures,MGS2-Demastered-Substance-Edition_README.md,MGS2-Demastered-Substance-Edition_README,md,4375,3e8e842512940016fb3d360bc56964fd9929bb5a
