full_path,relative_path_to_file,filename_with_extension,file_stem,extension,filesize,sha1
textures/flatlist/ovr_stm/ovr_eu/_win/door_b00.bmp.ctxr,textures/flatlist/ovr_stm/ovr_eu/_win,door_b00.bmp.ctxr,door_b00.bmp,ctxr,46368,6588d194a631389d14a5f4229daf2c26a5caa168
textures/flatlist/ovr_stm/ovr_eu/_win/d_oil_ref_add_alp_ovl_mod1120.bmp.ctxr,textures/flatlist/ovr_stm/ovr_eu/_win,d_oil_ref_add_alp_ovl_mod1120.bmp.ctxr,d_oil_ref_add_alp_ovl_mod1120.bmp,ctxr,262304,3d37a7d3d3e99a45788bf80f05a77633a87a5c4c
textures/flatlist/ovr_stm/ovr_eu/_win/ghost_pos.bmp.ctxr,textures/flatlist/ovr_stm/ovr_eu/_win,ghost_pos.bmp.ctxr,ghost_pos.bmp,ctxr,139584,b13dac9aff3ffd2a0838f9b1d17ac4c445b92cc9
textures/flatlist/ovr_stm/ovr_eu/_win/iro_boots.bmp.ctxr,textures/flatlist/ovr_stm/ovr_eu/_win,iro_boots.bmp.ctxr,iro_boots.bmp,ctxr,47424,1e1387f06fe509b5ba53bea050449deabde41ffe
textures/flatlist/ovr_stm/ovr_eu/_win/m3l_gou_02msk.bmp.ctxr,textures/flatlist/ovr_stm/ovr_eu/_win,m3l_gou_02msk.bmp.ctxr,m3l_gou_02msk.bmp,ctxr,6432,6beb19837f37d90ffd03b117c7d4a857c8ff8190
textures/flatlist/ovr_stm/ovr_eu/_win/megami.bmp.ctxr,textures/flatlist/ovr_stm/ovr_eu/_win,megami.bmp.ctxr,megami.bmp,ctxr,12224,e72848e2400fd73fc5967517ba43ec9f089282af
textures/flatlist/ovr_stm/ovr_eu/_win/n_oil_ref_add_alp_ovl_mod1120.bmp.ctxr,textures/flatlist/ovr_stm/ovr_eu/_win,n_oil_ref_add_alp_ovl_mod1120.bmp.ctxr,n_oil_ref_add_alp_ovl_mod1120.bmp,ctxr,262304,d514a7c35cfdfab55cd35454a6c72e05c38df1d2
textures/flatlist/ovr_stm/ovr_eu/_win/police_pos.bmp.ctxr,textures/flatlist/ovr_stm/ovr_eu/_win,police_pos.bmp.ctxr,police_pos.bmp,ctxr,147776,245052bae1f35f7d5e6cb98342fe4edea8769e1e
textures/flatlist/ovr_stm/ovr_eu/_win/sel_boots.bmp.ctxr,textures/flatlist/ovr_stm/ovr_eu/_win,sel_boots.bmp.ctxr,sel_boots.bmp,ctxr,47424,5e82ab78ab4bfb46d101b645168fb7239f63a435
textures/flatlist/ovr_stm/ovr_eu/_win/sna_body_ss01dt.bmp.ctxr,textures/flatlist/ovr_stm/ovr_eu/_win,sna_body_ss01dt.bmp.ctxr,sna_body_ss01dt.bmp,ctxr,136864,18fdac748084a147806d50f9a64061f33419bc14
textures/flatlist/ovr_stm/ovr_eu/_win/s_oil_ref_add_alp_ovl_mod1120.bmp.ctxr,textures/flatlist/ovr_stm/ovr_eu/_win,s_oil_ref_add_alp_ovl_mod1120.bmp.ctxr,s_oil_ref_add_alp_ovl_mod1120.bmp,ctxr,262304,7152874fa7595992b04f4334dcb2a68672e641a2
textures/flatlist/ovr_stm/ovr_eu/_win/w00a_pol1.bmp.ctxr,textures/flatlist/ovr_stm/ovr_eu/_win,w00a_pol1.bmp.ctxr,w00a_pol1.bmp,ctxr,6432,65968ac6d2f3769ed10430ca724ffdd372450843
textures/flatlist/ovr_stm/ovr_eu/_win/w01a0_box00.bmp.ctxr,textures/flatlist/ovr_stm/ovr_eu/_win,w01a0_box00.bmp.ctxr,w01a0_box00.bmp,ctxr,6432,9867fecc95d5b00d2751d013f36a1166c008bb43
textures/flatlist/ovr_stm/ovr_eu/_win/w01a0_box002.bmp.ctxr,textures/flatlist/ovr_stm/ovr_eu/_win,w01a0_box002.bmp.ctxr,w01a0_box002.bmp,ctxr,6432,7e2435ff3a430f98f187a8833704ed139503b438
textures/flatlist/ovr_stm/ovr_eu/_win/w01a0_fl00_bld080_ovl.bmp.ctxr,textures/flatlist/ovr_stm/ovr_eu/_win,w01a0_fl00_bld080_ovl.bmp.ctxr,w01a0_fl00_bld080_ovl.bmp,ctxr,92480,1b1bbecaf8ff75b182674d04db01a09103f82a03
textures/flatlist/ovr_stm/ovr_eu/_win/w01a0_fl02_bld080_ovl.bmp.ctxr,textures/flatlist/ovr_stm/ovr_eu/_win,w01a0_fl02_bld080_ovl.bmp.ctxr,w01a0_fl02_bld080_ovl.bmp,ctxr,123200,27deb55d845d53c1c25da58df62f8561f2b18de0
textures/flatlist/ovr_stm/ovr_eu/_win/w01b_wlp03_bld075_ovl.bmp.ctxr,textures/flatlist/ovr_stm/ovr_eu/_win,w01b_wlp03_bld075_ovl.bmp.ctxr,w01b_wlp03_bld075_ovl.bmp,ctxr,18176,4818d44b1c32e1248ce747bd5353c5d7c0648267
textures/flatlist/ovr_stm/ovr_eu/_win/w01c_flp00_bld095_ovl.bmp.ctxr,textures/flatlist/ovr_stm/ovr_eu/_win,w01c_flp00_bld095_ovl.bmp.ctxr,w01c_flp00_bld095_ovl.bmp,ctxr,16000,67491f7581dd0bb080e93013b28792d08e0e81d7
textures/flatlist/ovr_stm/ovr_eu/_win/w03a_pp02.bmp_09b1a01b9996f568e8ca8e878bee4475.ctxr,textures/flatlist/ovr_stm/ovr_eu/_win,w03a_pp02.bmp_09b1a01b9996f568e8ca8e878bee4475.ctxr,w03a_pp02.bmp_09b1a01b9996f568e8ca8e878bee4475,ctxr,87776,bb462d44c65e7a36af7f22186f855f9804aa357a
textures/flatlist/ovr_stm/ovr_eu/_win/w11a2_closed_shatter.bmp.ctxr,textures/flatlist/ovr_stm/ovr_eu/_win,w11a2_closed_shatter.bmp.ctxr,w11a2_closed_shatter.bmp,ctxr,92480,15bc81a943882f20c966d35bfee54c1d52f79f9d
textures/flatlist/ovr_stm/ovr_eu/_win/w11_drum_f1.bmp.ctxr,textures/flatlist/ovr_stm/ovr_eu/_win,w11_drum_f1.bmp.ctxr,w11_drum_f1.bmp,ctxr,27616,b433ab2ad9bac8a82747bebab04d2c80a940832b
textures/flatlist/ovr_stm/ovr_eu/_win/w24a_flag_usa.bmp.ctxr,textures/flatlist/ovr_stm/ovr_eu/_win,w24a_flag_usa.bmp.ctxr,w24a_flag_usa.bmp,ctxr,60416,eef1dc58b6b873cbb0f7116b6b6d8f25fa2c7b2c
textures/flatlist/ovr_stm/ovr_eu/_win/w24c1_rev_disp_01.bmp.ctxr,textures/flatlist/ovr_stm/ovr_eu/_win,w24c1_rev_disp_01.bmp.ctxr,w24c1_rev_disp_01.bmp,ctxr,57696,5669c69ea8755b506120b753db2ac184de6cd566
textures/flatlist/ovr_stm/ovr_eu/_win/w32a_asi00.bmp.ctxr,textures/flatlist/ovr_stm/ovr_eu/_win,w32a_asi00.bmp.ctxr,w32a_asi00.bmp,ctxr,74048,e3c0daac20541e5cc24bce61ce733992c8d99afa
textures/flatlist/ovr_stm/ovr_eu/_win/w43a_wall_right_08_alp_ovl.bmp.ctxr,textures/flatlist/ovr_stm/ovr_eu/_win,w43a_wall_right_08_alp_ovl.bmp.ctxr,w43a_wall_right_08_alp_ovl.bmp,ctxr,61728,c9bad03381fc291c4dd5a7775c8c9e157f530400
textures/flatlist/ovr_stm/ovr_eu/_win/zoe_pos_n.bmp.ctxr,textures/flatlist/ovr_stm/ovr_eu/_win,zoe_pos_n.bmp.ctxr,zoe_pos_n.bmp,ctxr,147776,489e2ea086b824fb03721434b2f2b3b6e32f3371
textures/flatlist/ovr_stm/_win/000062b9.ctxr,textures/flatlist/ovr_stm/_win,000062b9.ctxr,000062b9,ctxr,5760,393d41dbe491409dcc3486b3d5d2dab8e6e7b8c2
textures/flatlist/ovr_stm/_win/00006739.ctxr,textures/flatlist/ovr_stm/_win,00006739.ctxr,00006739,ctxr,5760,db474b721a291f5d81d5d1f6274f6f7f86b7c5d3
textures/flatlist/ovr_stm/_win/000897ee.ctxr,textures/flatlist/ovr_stm/_win,000897ee.ctxr,000897ee,ctxr,786592,0a666b1a4f6a1bd65dee5bd8ca01d41d78063e88
textures/flatlist/ovr_stm/_win/0016cb7f.ctxr,textures/flatlist/ovr_stm/_win,0016cb7f.ctxr,0016cb7f,ctxr,349920,f1c3d79e2d704468200f71cdc057d9f8cbd961be
textures/flatlist/ovr_stm/_win/00180189.ctxr,textures/flatlist/ovr_stm/_win,00180189.ctxr,00180189,ctxr,5760,40336077aa4f799d6cfd0de070bf799cca44989d
textures/flatlist/ovr_stm/_win/00232162.ctxr,textures/flatlist/ovr_stm/_win,00232162.ctxr,00232162,ctxr,55456,f6c2e6b1a58c668ca5f1aab021a4e047f1d5641d
textures/flatlist/ovr_stm/_win/00238df3.ctxr,textures/flatlist/ovr_stm/_win,00238df3.ctxr,00238df3,ctxr,16544,3e0d8455ca8f41a6a3bfffaffd9bfb0dac64fa96
textures/flatlist/ovr_stm/_win/002e7dff.ctxr,textures/flatlist/ovr_stm/_win,002e7dff.ctxr,002e7dff,ctxr,576,7e75ba01555146a2b7da7a976ae2de579b2a7075
textures/flatlist/ovr_stm/_win/003155d8.ctxr,textures/flatlist/ovr_stm/_win,003155d8.ctxr,003155d8,ctxr,16544,29cdca4c0be2cde96c8e6870d51dd2ceec4ada94
textures/flatlist/ovr_stm/_win/003f0404.ctxr,textures/flatlist/ovr_stm/_win,003f0404.ctxr,003f0404,ctxr,349920,b4cb4a89c3568f1517f44652007f0c69deef33a5
textures/flatlist/ovr_stm/_win/004b2a01.ctxr,textures/flatlist/ovr_stm/_win,004b2a01.ctxr,004b2a01,ctxr,349920,afe778983366f8888ae6d37fe5afac13fc53cf2f
textures/flatlist/ovr_stm/_win/004fb78a.ctxr,textures/flatlist/ovr_stm/_win,004fb78a.ctxr,004fb78a,ctxr,917664,81a016d9abbe391a10a498688103f99135ed6f15
textures/flatlist/ovr_stm/_win/004fc78a.ctxr,textures/flatlist/ovr_stm/_win,004fc78a.ctxr,004fc78a,ctxr,917664,c761916c26223db603ca7cd5d8a863bfd6ef4b1b
textures/flatlist/ovr_stm/_win/0050bfc5.ctxr,textures/flatlist/ovr_stm/_win,0050bfc5.ctxr,0050bfc5,ctxr,22176,8ab7afd22ea62a16aa54d3ed89edb7d52f4885b8
textures/flatlist/ovr_stm/_win/005155d8.ctxr,textures/flatlist/ovr_stm/_win,005155d8.ctxr,005155d8,ctxr,16544,e84562a28491dc4620b69e7b330c2e6ef6ba7f24
textures/flatlist/ovr_stm/_win/005255d8.ctxr,textures/flatlist/ovr_stm/_win,005255d8.ctxr,005255d8,ctxr,16544,936dc1a80b5ee47e29d64c4488bac3cbcfc85ee4
textures/flatlist/ovr_stm/_win/005355d8.ctxr,textures/flatlist/ovr_stm/_win,005355d8.ctxr,005355d8,ctxr,16544,b2399aa22d25f8245bf8b228eff2cd73f9de1309
textures/flatlist/ovr_stm/_win/0055b270.ctxr,textures/flatlist/ovr_stm/_win,0055b270.ctxr,0055b270,ctxr,5760,5dbe7fc4263fd4357524468e4e2f4561262e2b35
textures/flatlist/ovr_stm/_win/005be756.ctxr,textures/flatlist/ovr_stm/_win,005be756.ctxr,005be756,ctxr,19360,54166a3d2f7a28f1d49a5395db83b88f7567d27c
textures/flatlist/ovr_stm/_win/006209d0.ctxr,textures/flatlist/ovr_stm/_win,006209d0.ctxr,006209d0,ctxr,55456,4497ccdb51b7ab02b87336f9225b37583521f5fc
textures/flatlist/ovr_stm/_win/006262b9.ctxr,textures/flatlist/ovr_stm/_win,006262b9.ctxr,006262b9,ctxr,22176,af506d4788f9b273b0e019f13c78a53afdadb293
textures/flatlist/ovr_stm/_win/00626739.ctxr,textures/flatlist/ovr_stm/_win,00626739.ctxr,00626739,ctxr,22176,b4ee496b31a8dafe9e614202dc4bb4d759b1d113
textures/flatlist/ovr_stm/_win/0065a618.ctxr,textures/flatlist/ovr_stm/_win,0065a618.ctxr,0065a618,ctxr,1632,d5c992e6f18333df906b87f8f4a1e53c335ef162
textures/flatlist/ovr_stm/_win/00678eb1.ctxr,textures/flatlist/ovr_stm/_win,00678eb1.ctxr,00678eb1,ctxr,460960,4b93167721352d2fc69bf3d763c77f3e19f73d54
textures/flatlist/ovr_stm/_win/00696652.ctxr,textures/flatlist/ovr_stm/_win,00696652.ctxr,00696652,ctxr,891808,2ca78c8283409cfe7bec010dd8bce60639083cd8
textures/flatlist/ovr_stm/_win/006b325b.ctxr,textures/flatlist/ovr_stm/_win,006b325b.ctxr,006b325b,ctxr,460960,80990d6788bb2bbf5d80183744e00dd44ba29522
textures/flatlist/ovr_stm/_win/006b5ae3.ctxr,textures/flatlist/ovr_stm/_win,006b5ae3.ctxr,006b5ae3,ctxr,479392,4f875aa399bcf411418c058964c79865fb29deaa
textures/flatlist/ovr_stm/_win/006c9021.ctxr,textures/flatlist/ovr_stm/_win,006c9021.ctxr,006c9021,ctxr,1664,5d7da860745944867bf159fa5706366d53f4beac
textures/flatlist/ovr_stm/_win/007a0189.ctxr,textures/flatlist/ovr_stm/_win,007a0189.ctxr,007a0189,ctxr,22176,63c4ec40bbc92ab54606268aa49115fa24554f20
textures/flatlist/ovr_stm/_win/0086a618.ctxr,textures/flatlist/ovr_stm/_win,0086a618.ctxr,0086a618,ctxr,1632,84d8082c684b3f53f432f9a6f9496fe45a8f0359
textures/flatlist/ovr_stm/_win/008c21a4.ctxr,textures/flatlist/ovr_stm/_win,008c21a4.ctxr,008c21a4,ctxr,55456,dc2058da5c46f024a9c774273dcf47d7553f3f2f
textures/flatlist/ovr_stm/_win/00919e1e.ctxr,textures/flatlist/ovr_stm/_win,00919e1e.ctxr,00919e1e,ctxr,917664,e09824934e78696fafe6887f86abda1e502a4eea
textures/flatlist/ovr_stm/_win/009720e7.ctxr,textures/flatlist/ovr_stm/_win,009720e7.ctxr,009720e7,ctxr,87744,5f06c490035e63d0c064f25e58027d7cb06ac2c5
textures/flatlist/ovr_stm/_win/009e0995.ctxr,textures/flatlist/ovr_stm/_win,009e0995.ctxr,009e0995,ctxr,55456,ab385326bac77e087c8a3ee2a41aeaaa75f2e9e9
textures/flatlist/ovr_stm/_win/009f0995.ctxr,textures/flatlist/ovr_stm/_win,009f0995.ctxr,009f0995,ctxr,55456,066c14f3c84e43630284f272beaa0ec3e9140b91
textures/flatlist/ovr_stm/_win/009fbc16.ctxr,textures/flatlist/ovr_stm/_win,009fbc16.ctxr,009fbc16,ctxr,1632,6388e9f9dff0379b7c963398a22114a36e04ff65
textures/flatlist/ovr_stm/_win/00a225a6.ctxr,textures/flatlist/ovr_stm/_win,00a225a6.ctxr,00a225a6,ctxr,409760,6a268957e14660ffae3b77113a7a0916c5110107
textures/flatlist/ovr_stm/_win/00a325a6.ctxr,textures/flatlist/ovr_stm/_win,00a325a6.ctxr,00a325a6,ctxr,409760,8077007a96cf282c4e0da50fa429a3c8a3ac2a01
textures/flatlist/ovr_stm/_win/00b7b270.ctxr,textures/flatlist/ovr_stm/_win,00b7b270.ctxr,00b7b270,ctxr,22176,189a67dbe26f829c7ae93237c740030b044bfb8a
textures/flatlist/ovr_stm/_win/00b8cb7a.ctxr,textures/flatlist/ovr_stm/_win,00b8cb7a.ctxr,00b8cb7a,ctxr,87744,46b73233f11e3cd5805fbde4543d6d464d00fb26
textures/flatlist/ovr_stm/_win/00c5a254.ctxr,textures/flatlist/ovr_stm/_win,00c5a254.ctxr,00c5a254,ctxr,704672,2b348f8c98f3c063db8ae51f5d5e31f2aeac0b04
textures/flatlist/ovr_stm/_win/00c87354.ctxr,textures/flatlist/ovr_stm/_win,00c87354.ctxr,00c87354,ctxr,704672,1d2a546f51d69678151c864142e43cf2308e50a8
textures/flatlist/ovr_stm/_win/00cb303d.ctxr,textures/flatlist/ovr_stm/_win,00cb303d.ctxr,00cb303d,ctxr,460960,64581f623dcb69f533d82e83a4f4af5017519895
textures/flatlist/ovr_stm/_win/00cda6c1.ctxr,textures/flatlist/ovr_stm/_win,00cda6c1.ctxr,00cda6c1,ctxr,297376,603f37025bdc7dfdbe979ef78d8cb0a65a6b3499
textures/flatlist/ovr_stm/_win/00dbc1dd.ctxr,textures/flatlist/ovr_stm/_win,00dbc1dd.ctxr,00dbc1dd,ctxr,160,dcfadef9e5736b9f4f5f1435cad9533e87d058a5
textures/flatlist/ovr_stm/_win/00e103ff.ctxr,textures/flatlist/ovr_stm/_win,00e103ff.ctxr,00e103ff,ctxr,87744,1ae7bd1dfff52a88e0be59003b4bb197491b9794
textures/flatlist/ovr_stm/_win/00eb32b4.ctxr,textures/flatlist/ovr_stm/_win,00eb32b4.ctxr,00eb32b4,ctxr,460960,b2fc89f9f199e381367f9c5a2bfd5e3ce50c0d5b
textures/flatlist/ovr_stm/_win/00eb5f92.ctxr,textures/flatlist/ovr_stm/_win,00eb5f92.ctxr,00eb5f92,ctxr,460960,12d7adee23e5ea25818be5c4bb1e821c2be2f8a6
textures/flatlist/ovr_stm/_win/00eb7512.ctxr,textures/flatlist/ovr_stm/_win,00eb7512.ctxr,00eb7512,ctxr,460960,6e54982d64c5c100310e8a4bc592e81db874f029
textures/flatlist/ovr_stm/_win/00ed29fc.ctxr,textures/flatlist/ovr_stm/_win,00ed29fc.ctxr,00ed29fc,ctxr,87744,fc34751b616dda0fa785821ae9df3dd7d73dd366
textures/flatlist/ovr_stm/_win/00edb9fc.ctxr,textures/flatlist/ovr_stm/_win,00edb9fc.ctxr,00edb9fc,ctxr,87744,8ec36dc57da1bc449e00d5b1c68cd6742f52d445
textures/flatlist/ovr_stm/_win/00eebfc4.ctxr,textures/flatlist/ovr_stm/_win,00eebfc4.ctxr,00eebfc4,ctxr,5760,1a1abbe385e21fa8c3f4566b8ce344a358050409
textures/flatlist/ovr_stm/_win/00f520eb.ctxr,textures/flatlist/ovr_stm/_win,00f520eb.ctxr,00f520eb,ctxr,349920,a464441c5956252831cf6c35ebe75f5c0f8f2f74
textures/flatlist/ovr_stm/_win/00fa15d7.ctxr,textures/flatlist/ovr_stm/_win,00fa15d7.ctxr,00fa15d7,ctxr,22176,81e64b7877ee8a9e2396e2b434d6a1fc3f3886bc
textures/flatlist/ovr_stm/_win/00fcb7ac.ctxr,textures/flatlist/ovr_stm/_win,00fcb7ac.ctxr,00fcb7ac,ctxr,817120,9fd5e21cce6351d65cad26c5255ce73fb88aab41
textures/flatlist/ovr_stm/_win/00fcbfac.ctxr,textures/flatlist/ovr_stm/_win,00fcbfac.ctxr,00fcbfac,ctxr,817120,61ea7f1ec23ba5134003c59c1a578a907e14f9c6
textures/flatlist/ovr_stm/_win/0wall1mi.bmp.ctxr,textures/flatlist/ovr_stm/_win,0wall1mi.bmp.ctxr,0wall1mi.bmp,ctxr,23040,a61b40eac855de5933ddf5ad818792a7fece5b92
textures/flatlist/ovr_stm/_win/0wall1mi2.bmp.ctxr,textures/flatlist/ovr_stm/_win,0wall1mi2.bmp.ctxr,0wall1mi2.bmp,ctxr,9152,eb160fde8bf6d4dbe1fbf276e2d364fc4b4ac80a
textures/flatlist/ovr_stm/_win/0wall1sita.bmp.ctxr,textures/flatlist/ovr_stm/_win,0wall1sita.bmp.ctxr,0wall1sita.bmp,ctxr,38560,3ac3777c4012434648afac41ea45420e1af80756
textures/flatlist/ovr_stm/_win/0wall1_2.bmp.ctxr,textures/flatlist/ovr_stm/_win,0wall1_2.bmp.ctxr,0wall1_2.bmp,ctxr,35104,3d4e064e31f169a23fd73423bc2a44d068a39b16
textures/flatlist/ovr_stm/_win/0wall1_60s.bmp.ctxr,textures/flatlist/ovr_stm/_win,0wall1_60s.bmp.ctxr,0wall1_60s.bmp,ctxr,18752,50cd6bd4ae4f5aecd159f5fb28dc4e9614e71717
textures/flatlist/ovr_stm/_win/1wallu2.bmp.ctxr,textures/flatlist/ovr_stm/_win,1wallu2.bmp.ctxr,1wallu2.bmp,ctxr,102720,98b0a572091f913c2b70caff70a3ecb984f522b8
textures/flatlist/ovr_stm/_win/1wallu3.bmp.ctxr,textures/flatlist/ovr_stm/_win,1wallu3.bmp.ctxr,1wallu3.bmp,ctxr,102720,81d2a750906e22982da84c9b53de65f8116b24b0
textures/flatlist/ovr_stm/_win/1wallu4.bmp.ctxr,textures/flatlist/ovr_stm/_win,1wallu4.bmp.ctxr,1wallu4.bmp,ctxr,41312,2c223701c68260f59668fed9e905a19426ed62f0
textures/flatlist/ovr_stm/_win/1wallup.bmp.ctxr,textures/flatlist/ovr_stm/_win,1wallup.bmp.ctxr,1wallup.bmp,ctxr,130016,ff4f53d2540e1a53fee9b6ce0429426e7914ff09
textures/flatlist/ovr_stm/_win/a24d2_pane03_alp.bmp.ctxr,textures/flatlist/ovr_stm/_win,a24d2_pane03_alp.bmp.ctxr,a24d2_pane03_alp.bmp,ctxr,262528,6afb80b0b387b2160f1df8125ae4deb9b58b237c
textures/flatlist/ovr_stm/_win/a24d2_pane04_alp.bmp.ctxr,textures/flatlist/ovr_stm/_win,a24d2_pane04_alp.bmp.ctxr,a24d2_pane04_alp.bmp,ctxr,262528,896d184a37b293df741b9ffcf4b5c7bd3eaa9439
textures/flatlist/ovr_stm/_win/ag_rouka_ent.bmp.ctxr,textures/flatlist/ovr_stm/_win,ag_rouka_ent.bmp.ctxr,ag_rouka_ent.bmp,ctxr,115008,301d79cf63c09b24a99990ab1f17006892e7829e
textures/flatlist/ovr_stm/_win/ag_rouka_floor_01.bmp.ctxr,textures/flatlist/ovr_stm/_win,ag_rouka_floor_01.bmp.ctxr,ag_rouka_floor_01.bmp,ctxr,110912,2e2c97de9c27509af219c88a637f5ff7fb698b6d
textures/flatlist/ovr_stm/_win/ag_rouka_floor_02.bmp.ctxr,textures/flatlist/ovr_stm/_win,ag_rouka_floor_02.bmp.ctxr,ag_rouka_floor_02.bmp,ctxr,124704,75081cb7b71a30544cb49b8f2d4586af43b1b322
textures/flatlist/ovr_stm/_win/ag_rouka_wall_01.bmp.ctxr,textures/flatlist/ovr_stm/_win,ag_rouka_wall_01.bmp.ctxr,ag_rouka_wall_01.bmp,ctxr,86336,0c9156006ed86e5c1d472f6d4dfa168df472448f
textures/flatlist/ovr_stm/_win/ag_rouka_wall_02.bmp.ctxr,textures/flatlist/ovr_stm/_win,ag_rouka_wall_02.bmp.ctxr,ag_rouka_wall_02.bmp,ctxr,118560,55f6f96f9bb742b8ced234d3caf059765a44477c
textures/flatlist/ovr_stm/_win/ag_rouka_wall_03.bmp.ctxr,textures/flatlist/ovr_stm/_win,ag_rouka_wall_03.bmp.ctxr,ag_rouka_wall_03.bmp,ctxr,86336,2983739fb4e0f0c6a0fc164f5029fc9c50e2ecc8
textures/flatlist/ovr_stm/_win/aks_demo_amo.bmp.ctxr,textures/flatlist/ovr_stm/_win,aks_demo_amo.bmp.ctxr,aks_demo_amo.bmp,ctxr,5760,64a4f905fdb0d53a9f3368b07b5337e34124ee61
textures/flatlist/ovr_stm/_win/aks_jyuukou.bmp.ctxr,textures/flatlist/ovr_stm/_win,aks_jyuukou.bmp.ctxr,aks_jyuukou.bmp,ctxr,5760,ddbb5534fcdeb74bf318a2f0db18aabb619ec407
textures/flatlist/ovr_stm/_win/aks_sb_s.bmp.ctxr,textures/flatlist/ovr_stm/_win,aks_sb_s.bmp.ctxr,aks_sb_s.bmp,ctxr,44064,8645d55fc181e5c11673d5bda650124c77aa4797
textures/flatlist/ovr_stm/_win/aks_sb_s.bmp_73f39fdb33d46a0ad4126ed3d411da41.ctxr,textures/flatlist/ovr_stm/_win,aks_sb_s.bmp_73f39fdb33d46a0ad4126ed3d411da41.ctxr,aks_sb_s.bmp_73f39fdb33d46a0ad4126ed3d411da41,ctxr,44064,d6c2d8e124e01d91fc7dde92d21ed1ecdd2cbb75
textures/flatlist/ovr_stm/_win/aks_selecter.bmp.ctxr,textures/flatlist/ovr_stm/_win,aks_selecter.bmp.ctxr,aks_selecter.bmp,ctxr,4384,2ecf20c7c448937aaac57eeb3a673f530b235be0
textures/flatlist/ovr_stm/_win/amg_main1.bmp.ctxr,textures/flatlist/ovr_stm/_win,amg_main1.bmp.ctxr,amg_main1.bmp,ctxr,1398528,1fabc5af1c22f745eca6a5acf54867482d395c14
textures/flatlist/ovr_stm/_win/amg_mizo1_bright.bmp.ctxr,textures/flatlist/ovr_stm/_win,amg_mizo1_bright.bmp.ctxr,amg_mizo1_bright.bmp,ctxr,44096,c230ed6b4f7161db5f9734565f03e6649b2d8001
textures/flatlist/ovr_stm/_win/animal_alp_ovl.bmp.ctxr,textures/flatlist/ovr_stm/_win,animal_alp_ovl.bmp.ctxr,animal_alp_ovl.bmp,ctxr,917664,b64ab566f1b856c94f432e0a29b253e9d5c7e2e4
textures/flatlist/ovr_stm/_win/blt_alp_ovl.bmp.ctxr,textures/flatlist/ovr_stm/_win,blt_alp_ovl.bmp.ctxr,blt_alp_ovl.bmp,ctxr,544,817d9d89a778ed67e9818289691235a5966e05ff
textures/flatlist/ovr_stm/_win/bood.bmp.ctxr,textures/flatlist/ovr_stm/_win,bood.bmp.ctxr,bood.bmp,ctxr,38688,b0bec5712ea794e42fdbd398cc12821a1dc401a7
textures/flatlist/ovr_stm/_win/bood2.bmp.ctxr,textures/flatlist/ovr_stm/_win,bood2.bmp.ctxr,bood2.bmp,ctxr,54048,b78fbe9233492d0e6feb500c6bee262b315244d2
textures/flatlist/ovr_stm/_win/box_10.bmp.ctxr,textures/flatlist/ovr_stm/_win,box_10.bmp.ctxr,box_10.bmp,ctxr,10240,c9a4987189a63135ac7a2355e27ad9eb045cd565
textures/flatlist/ovr_stm/_win/box_11.bmp.ctxr,textures/flatlist/ovr_stm/_win,box_11.bmp.ctxr,box_11.bmp,ctxr,8000,972ac3c5880f0f39c7e22fd113f50f84b49bbe7a
textures/flatlist/ovr_stm/_win/box_16.bmp.ctxr,textures/flatlist/ovr_stm/_win,box_16.bmp.ctxr,box_16.bmp,ctxr,10240,055f3cdbf99914ac29b346432ced5042dbad0d59
textures/flatlist/ovr_stm/_win/box_s_02_side02.bmp.ctxr,textures/flatlist/ovr_stm/_win,box_s_02_side02.bmp.ctxr,box_s_02_side02.bmp,ctxr,3712,fcd0149b263dbb889bc3a50a35f87a33a93212a1
textures/flatlist/ovr_stm/_win/box_s_02_top.bmp.ctxr,textures/flatlist/ovr_stm/_win,box_s_02_top.bmp.ctxr,box_s_02_top.bmp,ctxr,5376,7eadcde79b29876810af2f89cae560a34ef5d7bc
textures/flatlist/ovr_stm/_win/box_s_05_side.bmp.ctxr,textures/flatlist/ovr_stm/_win,box_s_05_side.bmp.ctxr,box_s_05_side.bmp,ctxr,3712,6f40ff4803f0965387f372f47e94059aeb180f71
textures/flatlist/ovr_stm/_win/box_s_05_top.bmp.ctxr,textures/flatlist/ovr_stm/_win,box_s_05_top.bmp.ctxr,box_s_05_top.bmp,ctxr,5376,c884d2fcebcee74ec48573abaa34ac162f0a657d
textures/flatlist/ovr_stm/_win/box_s_07_back.bmp.ctxr,textures/flatlist/ovr_stm/_win,box_s_07_back.bmp.ctxr,box_s_07_back.bmp,ctxr,1792,e0e6d87bfd98c41862c38f9cd614a5da2a837091
textures/flatlist/ovr_stm/_win/box_s_07_side.bmp.ctxr,textures/flatlist/ovr_stm/_win,box_s_07_side.bmp.ctxr,box_s_07_side.bmp,ctxr,2016,9589d75f1f5083195e7c08de45a44c7a366b18a0
textures/flatlist/ovr_stm/_win/box_s_07_top.bmp.ctxr,textures/flatlist/ovr_stm/_win,box_s_07_top.bmp.ctxr,box_s_07_top.bmp,ctxr,3840,19c7853274fc17808aff0855361accc51fcc7066
textures/flatlist/ovr_stm/_win/bsn_a.bmp.ctxr,textures/flatlist/ovr_stm/_win,bsn_a.bmp.ctxr,bsn_a.bmp,ctxr,27776,814b6f1765a9906a5d45f6764dceeac34db0e49d
textures/flatlist/ovr_stm/_win/c4_a_hontai_10.bmp.ctxr,textures/flatlist/ovr_stm/_win,c4_a_hontai_10.bmp.ctxr,c4_a_hontai_10.bmp,ctxr,37152,ffa7b7701523e0dd8367de6a9123279bdaa3c535
textures/flatlist/ovr_stm/_win/cap_arm.bmp.ctxr,textures/flatlist/ovr_stm/_win,cap_arm.bmp.ctxr,cap_arm.bmp,ctxr,36128,3a0303bedc826a564ed4c7ea7e77facb2dbb99d9
textures/flatlist/ovr_stm/_win/cap_arm_l_blood.bmp.ctxr,textures/flatlist/ovr_stm/_win,cap_arm_l_blood.bmp.ctxr,cap_arm_l_blood.bmp,ctxr,36128,a61cfcd1ddfb95559ef2b756972980325f64b00c
textures/flatlist/ovr_stm/_win/cap_arm_r_blood.bmp.ctxr,textures/flatlist/ovr_stm/_win,cap_arm_r_blood.bmp.ctxr,cap_arm_r_blood.bmp,ctxr,31328,9575d822b1aed6cb747064bbbad80d097e4b9904
textures/flatlist/ovr_stm/_win/cap_arm_wrist.bmp.ctxr,textures/flatlist/ovr_stm/_win,cap_arm_wrist.bmp.ctxr,cap_arm_wrist.bmp,ctxr,22176,b59e98968d27f85e5516428e64ec159956474c0e
textures/flatlist/ovr_stm/_win/cap_body.bmp.ctxr,textures/flatlist/ovr_stm/_win,cap_body.bmp.ctxr,cap_body.bmp,ctxr,93184,63dfe7bc48403ab83bdab060bc734097bb4ab17e
textures/flatlist/ovr_stm/_win/cap_body_blood.bmp.ctxr,textures/flatlist/ovr_stm/_win,cap_body_blood.bmp.ctxr,cap_body_blood.bmp,ctxr,93184,fff3cf58a84c765f90af7b8e22a591cc8ace2902
textures/flatlist/ovr_stm/_win/cap_face.bmp.ctxr,textures/flatlist/ovr_stm/_win,cap_face.bmp.ctxr,cap_face.bmp,ctxr,34816,7442783fc276a415193a01aba8eedc9adf2a9e21
textures/flatlist/ovr_stm/_win/cap_face_blood.bmp.ctxr,textures/flatlist/ovr_stm/_win,cap_face_blood.bmp.ctxr,cap_face_blood.bmp,ctxr,88416,b574a363117c4221e5ff2ef1ac84b33019ab70e0
textures/flatlist/ovr_stm/_win/cap_hair.bmp.ctxr,textures/flatlist/ovr_stm/_win,cap_hair.bmp.ctxr,cap_hair.bmp,ctxr,51488,829058100ba0a602da9ba20f858ac80f1b15cec8
textures/flatlist/ovr_stm/_win/cap_hair_blood.bmp.ctxr,textures/flatlist/ovr_stm/_win,cap_hair_blood.bmp.ctxr,cap_hair_blood.bmp,ctxr,42976,e42741c17c94031ba2be9961ad7b05bcdb9404fc
textures/flatlist/ovr_stm/_win/cap_handcuff.bmp.ctxr,textures/flatlist/ovr_stm/_win,cap_handcuff.bmp.ctxr,cap_handcuff.bmp,ctxr,3840,6414ce84a3ab6b209aeac96c3cd56bea83896035
textures/flatlist/ovr_stm/_win/cap_insignia.bmp.ctxr,textures/flatlist/ovr_stm/_win,cap_insignia.bmp.ctxr,cap_insignia.bmp,ctxr,15328,54b490d92220a3a14928ceeb6cb09d9689aa022e
textures/flatlist/ovr_stm/_win/cap_insignia.bmp_430f42a59d786b5f3a33625879eca072.ctxr,textures/flatlist/ovr_stm/_win,cap_insignia.bmp_430f42a59d786b5f3a33625879eca072.ctxr,cap_insignia.bmp_430f42a59d786b5f3a33625879eca072,ctxr,15328,0f7d4d1359f33eb12263362c70977b0c20b4d292
textures/flatlist/ovr_stm/_win/cap_leg.bmp.ctxr,textures/flatlist/ovr_stm/_win,cap_leg.bmp.ctxr,cap_leg.bmp,ctxr,54976,8810e42483c8d0279f78f04e95959ecab20ab763
textures/flatlist/ovr_stm/_win/cap_leg_blood.bmp.ctxr,textures/flatlist/ovr_stm/_win,cap_leg_blood.bmp.ctxr,cap_leg_blood.bmp,ctxr,54976,1e3ba92ee2c6f9e54c9787e3d94873993f2f62cf
textures/flatlist/ovr_stm/_win/cap_shoe.bmp.ctxr,textures/flatlist/ovr_stm/_win,cap_shoe.bmp.ctxr,cap_shoe.bmp,ctxr,24896,7dd48836e7ef8ae96dec6d0a3fb62e4dd1d14cd5
textures/flatlist/ovr_stm/_win/cap_shoe.bmp_419c9cebb9385f6a2d7aefeb9bb59d8f.ctxr,textures/flatlist/ovr_stm/_win,cap_shoe.bmp_419c9cebb9385f6a2d7aefeb9bb59d8f.ctxr,cap_shoe.bmp_419c9cebb9385f6a2d7aefeb9bb59d8f,ctxr,24896,ca79e2d891e830e21aa6acbca76897cefe67f620
textures/flatlist/ovr_stm/_win/cbx_a.bmp.ctxr,textures/flatlist/ovr_stm/_win,cbx_a.bmp.ctxr,cbx_a.bmp,ctxr,76800,b4b2d846118ceb17e24161622541f96fc8e22ff1
textures/flatlist/ovr_stm/_win/cbx_a.bmp_be89fab0e4f647837831c3734a72fc8f.ctxr,textures/flatlist/ovr_stm/_win,cbx_a.bmp_be89fab0e4f647837831c3734a72fc8f.ctxr,cbx_a.bmp_be89fab0e4f647837831c3734a72fc8f,ctxr,76800,4b997f538426d819c77686d6e96ffe0a1aff15ad
textures/flatlist/ovr_stm/_win/cfr_trp_f2.bmp.ctxr,textures/flatlist/ovr_stm/_win,cfr_trp_f2.bmp.ctxr,cfr_trp_f2.bmp,ctxr,27616,ed6d28719a87dbd08b87046782770968542428e7
textures/flatlist/ovr_stm/_win/cfr_wire_alp.bmp.ctxr,textures/flatlist/ovr_stm/_win,cfr_wire_alp.bmp.ctxr,cfr_wire_alp.bmp,ctxr,3712,012f8b969ddcc49fef1d584b0eb335925ce3dace
textures/flatlist/ovr_stm/_win/cgr_head_f.bmp.ctxr,textures/flatlist/ovr_stm/_win,cgr_head_f.bmp.ctxr,cgr_head_f.bmp,ctxr,2304,fd2199f8099fff75c2b920221bee4f1eb5278427
textures/flatlist/ovr_stm/_win/cgr_head_s.bmp.ctxr,textures/flatlist/ovr_stm/_win,cgr_head_s.bmp.ctxr,cgr_head_s.bmp,ctxr,5376,daffb344711a7ca294fd26bcf0eeda558738a69f
textures/flatlist/ovr_stm/_win/cgr_head_t.bmp.ctxr,textures/flatlist/ovr_stm/_win,cgr_head_t.bmp.ctxr,cgr_head_t.bmp,ctxr,2304,5777035161c0495c46a70b1257527b3349e9bc9e
textures/flatlist/ovr_stm/_win/cgr_head_temp.bmp.ctxr,textures/flatlist/ovr_stm/_win,cgr_head_temp.bmp.ctxr,cgr_head_temp.bmp,ctxr,5760,2a5867bd398f00d9a292718365ce6a0074525465
textures/flatlist/ovr_stm/_win/cgr_lever.bmp.ctxr,textures/flatlist/ovr_stm/_win,cgr_lever.bmp.ctxr,cgr_lever.bmp,ctxr,7136,61c79f05b996a97b8977e7f3bdae1186c968ecc0
textures/flatlist/ovr_stm/_win/cgr_pin.bmp.ctxr,textures/flatlist/ovr_stm/_win,cgr_pin.bmp.ctxr,cgr_pin.bmp,ctxr,960,a54be4b9990304ea3bfacee66bbd941950d2d94a
textures/flatlist/ovr_stm/_win/chi01_alp.bmp.ctxr,textures/flatlist/ovr_stm/_win,chi01_alp.bmp.ctxr,chi01_alp.bmp,ctxr,22176,4acd30ad4e1e1c5ee7308768e0adf26b93b198a7
textures/flatlist/ovr_stm/_win/chr1_01.bmp.ctxr,textures/flatlist/ovr_stm/_win,chr1_01.bmp.ctxr,chr1_01.bmp,ctxr,18048,72b97c5571df4f71c0d86a8380158cd546684e2b
textures/flatlist/ovr_stm/_win/chr1_02.bmp.ctxr,textures/flatlist/ovr_stm/_win,chr1_02.bmp.ctxr,chr1_02.bmp,ctxr,8512,28debb0d8dbe1216f3875df1e31b8f213da24041
textures/flatlist/ovr_stm/_win/chr1_02a.bmp.ctxr,textures/flatlist/ovr_stm/_win,chr1_02a.bmp.ctxr,chr1_02a.bmp,ctxr,10560,e81bdf2a60243a420c2077d4c86c2ab0ed9cdbb7
textures/flatlist/ovr_stm/_win/chr1_03.bmp.ctxr,textures/flatlist/ovr_stm/_win,chr1_03.bmp.ctxr,chr1_03.bmp,ctxr,20768,b9d5a0dace6ef16e04d01fbd437627dedccfeed5
textures/flatlist/ovr_stm/_win/chr1_03a.bmp.ctxr,textures/flatlist/ovr_stm/_win,chr1_03a.bmp.ctxr,chr1_03a.bmp,ctxr,20768,6952db21bd420a228d61215614c0c77c2684014e
textures/flatlist/ovr_stm/_win/chr1_04.bmp.ctxr,textures/flatlist/ovr_stm/_win,chr1_04.bmp.ctxr,chr1_04.bmp,ctxr,5760,b2fe560e0831885f34f471c1d3909f93ade1a237
textures/flatlist/ovr_stm/_win/clnd00.bmp.ctxr,textures/flatlist/ovr_stm/_win,clnd00.bmp.ctxr,clnd00.bmp,ctxr,37152,94051d10b15063f5ae5975bfa35ec06d1410cbba
textures/flatlist/ovr_stm/_win/clnd01.bmp.ctxr,textures/flatlist/ovr_stm/_win,clnd01.bmp.ctxr,clnd01.bmp,ctxr,12576,0e8a81852e73f9268d00a5b17abe8bd7d7ad11f3
textures/flatlist/ovr_stm/_win/clnd_cap00.bmp.ctxr,textures/flatlist/ovr_stm/_win,clnd_cap00.bmp.ctxr,clnd_cap00.bmp,ctxr,8512,47c5bf08fd2d02af56d7043bc27edf8e069a8f8c
textures/flatlist/ovr_stm/_win/clnd_cap01.bmp.ctxr,textures/flatlist/ovr_stm/_win,clnd_cap01.bmp.ctxr,clnd_cap01.bmp,ctxr,5760,d82f837d22fe54cf89c5e21394a6d73506bac584
textures/flatlist/ovr_stm/_win/col_red00a.bmp.ctxr,textures/flatlist/ovr_stm/_win,col_red00a.bmp.ctxr,col_red00a.bmp,ctxr,5792,9e25ba77b0c944a5e4520cb7b4fed8ec3c2a7642
textures/flatlist/ovr_stm/_win/crd_fa03.bmp.ctxr,textures/flatlist/ovr_stm/_win,crd_fa03.bmp.ctxr,crd_fa03.bmp,ctxr,33120,9331f62ec7cd01958b099dde07a8b4789a0daba0
textures/flatlist/ovr_stm/_win/crd_pp01a.bmp.ctxr,textures/flatlist/ovr_stm/_win,crd_pp01a.bmp.ctxr,crd_pp01a.bmp,ctxr,22176,9773182130ac96239fa6bddbb90ff66cc5104790
textures/flatlist/ovr_stm/_win/crd_pp02.bmp.ctxr,textures/flatlist/ovr_stm/_win,crd_pp02.bmp.ctxr,crd_pp02.bmp,ctxr,22240,6fc7474b56e7244dc95c05d7f407191787cfb595
textures/flatlist/ovr_stm/_win/crd_pp09.bmp.ctxr,textures/flatlist/ovr_stm/_win,crd_pp09.bmp.ctxr,crd_pp09.bmp,ctxr,22176,dc40bd3110f5523322c3d1c095985adebeb2a5a4
textures/flatlist/ovr_stm/_win/crd_ppb01.bmp.ctxr,textures/flatlist/ovr_stm/_win,crd_ppb01.bmp.ctxr,crd_ppb01.bmp,ctxr,16704,ccb09e620d829e9559a3bdcd897a225f62597c4d
textures/flatlist/ovr_stm/_win/crg_arm_dead_re.bmp.ctxr,textures/flatlist/ovr_stm/_win,crg_arm_dead_re.bmp.ctxr,crg_arm_dead_re.bmp,ctxr,54048,cb4b469493a5f6a815f78c5a2a170d454b188f3a
textures/flatlist/ovr_stm/_win/crg_arm_re_01.bmp.ctxr,textures/flatlist/ovr_stm/_win,crg_arm_re_01.bmp.ctxr,crg_arm_re_01.bmp,ctxr,54048,4a8b45d38da5e650ae5c75e805314a3567ae369e
textures/flatlist/ovr_stm/_win/crg_arm_re_sub_alp_ovl.bmp.ctxr,textures/flatlist/ovr_stm/_win,crg_arm_re_sub_alp_ovl.bmp.ctxr,crg_arm_re_sub_alp_ovl.bmp,ctxr,28960,e392b2e31bc7b5673e288bef4237919cda4fbb48
textures/flatlist/ovr_stm/_win/crg_belt_dead_re.bmp.ctxr,textures/flatlist/ovr_stm/_win,crg_belt_dead_re.bmp.ctxr,crg_belt_dead_re.bmp,ctxr,7936,bd85ca13648a2b766bc61a6dc2047b857d8d16fe
textures/flatlist/ovr_stm/_win/crg_belt_ovl_alp_emap_mod1120.bmp.ctxr,textures/flatlist/ovr_stm/_win,crg_belt_ovl_alp_emap_mod1120.bmp.ctxr,crg_belt_ovl_alp_emap_mod1120.bmp,ctxr,4256,34bb88fa238f0ec842fef3416a4dd8e3ab91a7a4
textures/flatlist/ovr_stm/_win/crg_body_dead.bmp.ctxr,textures/flatlist/ovr_stm/_win,crg_body_dead.bmp.ctxr,crg_body_dead.bmp,ctxr,97600,7178f3442830ffc30f02ede92851c177d0895697
textures/flatlist/ovr_stm/_win/crg_body_dead_re.bmp.ctxr,textures/flatlist/ovr_stm/_win,crg_body_dead_re.bmp.ctxr,crg_body_dead_re.bmp,ctxr,97600,df1a21493548cc2a139ac9e785f7c3f8de59c406
textures/flatlist/ovr_stm/_win/crg_body_down.bmp.ctxr,textures/flatlist/ovr_stm/_win,crg_body_down.bmp.ctxr,crg_body_down.bmp,ctxr,42464,5ffe14699e4cb47b6a691e545dd154184873f75f
textures/flatlist/ovr_stm/_win/crg_body_down_sub_alp_ovl.bmp.ctxr,textures/flatlist/ovr_stm/_win,crg_body_down_sub_alp_ovl.bmp.ctxr,crg_body_down_sub_alp_ovl.bmp,ctxr,31776,1a7f508d7287ea63b71a7ad4fe8930460a78c307
textures/flatlist/ovr_stm/_win/crg_body_ovl_alp_emap_mod1120.bmp.ctxr,textures/flatlist/ovr_stm/_win,crg_body_ovl_alp_emap_mod1120.bmp.ctxr,crg_body_ovl_alp_emap_mod1120.bmp,ctxr,9376,aaf79e255bf9dc9444a1b88bfb6bc7579f3007a4
textures/flatlist/ovr_stm/_win/crg_body_up.bmp.ctxr,textures/flatlist/ovr_stm/_win,crg_body_up.bmp.ctxr,crg_body_up.bmp,ctxr,97600,a2fbba389d5105a6a3b3af94198b0a6c239b9c22
textures/flatlist/ovr_stm/_win/crg_body_up_sub_alp_ovl.bmp.ctxr,textures/flatlist/ovr_stm/_win,crg_body_up_sub_alp_ovl.bmp.ctxr,crg_body_up_sub_alp_ovl.bmp,ctxr,73120,c4aa653659f6df0ba10eecbb8a35b27c233c9408
textures/flatlist/ovr_stm/_win/crg_cap02.bmp.ctxr,textures/flatlist/ovr_stm/_win,crg_cap02.bmp.ctxr,crg_cap02.bmp,ctxr,22176,c63f36fe5b929f29fc6ee4ac379b0acfab352532
textures/flatlist/ovr_stm/_win/crg_cap_eri.bmp.ctxr,textures/flatlist/ovr_stm/_win,crg_cap_eri.bmp.ctxr,crg_cap_eri.bmp,ctxr,54080,f56c8803adac4d2a5324a6c3046a603ccad6de60
textures/flatlist/ovr_stm/_win/crg_cap_eri_sub_alp_ovl.bmp.ctxr,textures/flatlist/ovr_stm/_win,crg_cap_eri_sub_alp_ovl.bmp.ctxr,crg_cap_eri_sub_alp_ovl.bmp,ctxr,40480,a0a52507e3019195a34c1737311a034053096c92
textures/flatlist/ovr_stm/_win/crg_cap_front_shakp.bmp.ctxr,textures/flatlist/ovr_stm/_win,crg_cap_front_shakp.bmp.ctxr,crg_cap_front_shakp.bmp,ctxr,39200,e12665ff0b9110daea8eb2aabcfb351fcc7bd869
textures/flatlist/ovr_stm/_win/crg_cap_front_shakp_sub_alp_ovl.bmp.ctxr,textures/flatlist/ovr_stm/_win,crg_cap_front_shakp_sub_alp_ovl.bmp.ctxr,crg_cap_front_shakp_sub_alp_ovl.bmp,ctxr,29344,4aff02e6075d47067383ed43522c064d43d928cc
textures/flatlist/ovr_stm/_win/crg_cap_side.bmp.ctxr,textures/flatlist/ovr_stm/_win,crg_cap_side.bmp.ctxr,crg_cap_side.bmp,ctxr,71328,e816a6536c2e6b5c35e18699c36e8c869b9e7158
textures/flatlist/ovr_stm/_win/crg_cap_side_sub_alp_ovl.bmp.ctxr,textures/flatlist/ovr_stm/_win,crg_cap_side_sub_alp_ovl.bmp.ctxr,crg_cap_side_sub_alp_ovl.bmp,ctxr,53408,a80650412315da9255616e56d8401d49948945cb
textures/flatlist/ovr_stm/_win/crg_eri3.bmp.ctxr,textures/flatlist/ovr_stm/_win,crg_eri3.bmp.ctxr,crg_eri3.bmp,ctxr,960,69d68eb20121c7f29b509b48d80f190a45123c61
textures/flatlist/ovr_stm/_win/crg_eye.bmp.ctxr,textures/flatlist/ovr_stm/_win,crg_eye.bmp.ctxr,crg_eye.bmp,ctxr,3328,1c98184955f697a1de0410313df5f39fc215c613
textures/flatlist/ovr_stm/_win/crg_face_dead.bmp.ctxr,textures/flatlist/ovr_stm/_win,crg_face_dead.bmp.ctxr,crg_face_dead.bmp,ctxr,283712,c0ef641cc06e841c0d90bef1b83c8c501aece72b
textures/flatlist/ovr_stm/_win/crg_face_dead_re.bmp.ctxr,textures/flatlist/ovr_stm/_win,crg_face_dead_re.bmp.ctxr,crg_face_dead_re.bmp,ctxr,283712,c7b8ab12017886ce9f2b9e1ec87dadc0e9381d99
textures/flatlist/ovr_stm/_win/crg_face_re.bmp.ctxr,textures/flatlist/ovr_stm/_win,crg_face_re.bmp.ctxr,crg_face_re.bmp,ctxr,283712,bc1ec649c6a68cdbcc4ce9d02e7e4ccce6ebf247
textures/flatlist/ovr_stm/_win/crg_face_sub_ovl_alp.bmp.ctxr,textures/flatlist/ovr_stm/_win,crg_face_sub_ovl_alp.bmp.ctxr,crg_face_sub_ovl_alp.bmp,ctxr,51360,1abdfea222e4da9900b14edfe1d734594b9735da
textures/flatlist/ovr_stm/_win/crg_face_sub_ovl_alp.bmp_0df6480b9e73a3dfae765c79bafb775a.ctxr,textures/flatlist/ovr_stm/_win,crg_face_sub_ovl_alp.bmp_0df6480b9e73a3dfae765c79bafb775a.ctxr,crg_face_sub_ovl_alp.bmp_0df6480b9e73a3dfae765c79bafb775a,ctxr,51360,0c5f9b736a8e8b26ec9a3f5f5c912a2247170bff
textures/flatlist/ovr_stm/_win/crg_hair_l.bmp.ctxr,textures/flatlist/ovr_stm/_win,crg_hair_l.bmp.ctxr,crg_hair_l.bmp,ctxr,68608,72b138eddfd5822050f821b654c69750a0a870fc
textures/flatlist/ovr_stm/_win/crg_hair_r.bmp.ctxr,textures/flatlist/ovr_stm/_win,crg_hair_r.bmp.ctxr,crg_hair_r.bmp,ctxr,68608,674de3e721e63ee953a914a6dfbb736f1ee96399
textures/flatlist/ovr_stm/_win/crg_hand_ovl_mod1120_alp_emap.bmp.ctxr,textures/flatlist/ovr_stm/_win,crg_hand_ovl_mod1120_alp_emap.bmp.ctxr,crg_hand_ovl_mod1120_alp_emap.bmp,ctxr,4256,6cdf69824681e79cac9d6347c73aec99cfe8041c
textures/flatlist/ovr_stm/_win/crg_hand_re.bmp.ctxr,textures/flatlist/ovr_stm/_win,crg_hand_re.bmp.ctxr,crg_hand_re.bmp,ctxr,42976,fc6f28bfc7b63f58a207d255f68c37d863c195b1
textures/flatlist/ovr_stm/_win/crg_hand_re_sub_alp_ovl.bmp.ctxr,textures/flatlist/ovr_stm/_win,crg_hand_re_sub_alp_ovl.bmp.ctxr,crg_hand_re_sub_alp_ovl.bmp,ctxr,32160,6f014311ff9688929bade2fd161d9f8c06a99f17
textures/flatlist/ovr_stm/_win/crg_hi_hf00.bmp.ctxr,textures/flatlist/ovr_stm/_win,crg_hi_hf00.bmp.ctxr,crg_hi_hf00.bmp,ctxr,40224,3d0ab3f6abb269400940f97df58c98fbd6d9ce6f
textures/flatlist/ovr_stm/_win/crg_hi_hf00_ovl_sub_alp.bmp.ctxr,textures/flatlist/ovr_stm/_win,crg_hi_hf00_ovl_sub_alp.bmp.ctxr,crg_hi_hf00_ovl_sub_alp.bmp,ctxr,30112,e870ee229758335804ea08ef9fa5b3488f52408b
textures/flatlist/ovr_stm/_win/crg_hi_hf01.bmp.ctxr,textures/flatlist/ovr_stm/_win,crg_hi_hf01.bmp.ctxr,crg_hi_hf01.bmp,ctxr,14624,c4747d1ad92f94dd3e86e6e9bfc931c1b07854b7
textures/flatlist/ovr_stm/_win/crg_hi_hf01_sub_alp_ovl.bmp.ctxr,textures/flatlist/ovr_stm/_win,crg_hi_hf01_sub_alp_ovl.bmp.ctxr,crg_hi_hf01_sub_alp_ovl.bmp,ctxr,10912,47d79f9db4729294ac2da9cbc0453fd4ddd5111b
textures/flatlist/ovr_stm/_win/crg_hi_hf02.bmp.ctxr,textures/flatlist/ovr_stm/_win,crg_hi_hf02.bmp.ctxr,crg_hi_hf02.bmp,ctxr,5760,1f98cb651844394ed072343f36b82d7a1f280fa5
textures/flatlist/ovr_stm/_win/crg_hi_hf02_sub_alp_ovl.bmp.ctxr,textures/flatlist/ovr_stm/_win,crg_hi_hf02_sub_alp_ovl.bmp.ctxr,crg_hi_hf02_sub_alp_ovl.bmp,ctxr,4256,84061aa8dac847ae1507b968e6296c01359e80f1
textures/flatlist/ovr_stm/_win/crg_hi_hf03.bmp.ctxr,textures/flatlist/ovr_stm/_win,crg_hi_hf03.bmp.ctxr,crg_hi_hf03.bmp,ctxr,4384,a2760eae6ad5537da74028346caca41609079f46
textures/flatlist/ovr_stm/_win/crg_hi_hf03_sub_alp_ovl.bmp.ctxr,textures/flatlist/ovr_stm/_win,crg_hi_hf03_sub_alp_ovl.bmp.ctxr,crg_hi_hf03_sub_alp_ovl.bmp,ctxr,3232,cf6c80f80b016a19573ffec4b41269feb1552e1c
textures/flatlist/ovr_stm/_win/crg_kata.bmp.ctxr,textures/flatlist/ovr_stm/_win,crg_kata.bmp.ctxr,crg_kata.bmp,ctxr,2336,a2f741c973c1cbb00f71814a898059b3ae68eb9c
textures/flatlist/ovr_stm/_win/crg_kata_dead_re.bmp.ctxr,textures/flatlist/ovr_stm/_win,crg_kata_dead_re.bmp.ctxr,crg_kata_dead_re.bmp,ctxr,2336,349602cd2408b3d98195954a87365d52e47a43d8
textures/flatlist/ovr_stm/_win/crg_kata_sub_alp_ovl.bmp.ctxr,textures/flatlist/ovr_stm/_win,crg_kata_sub_alp_ovl.bmp.ctxr,crg_kata_sub_alp_ovl.bmp,ctxr,1696,a18b3a90742946073af684a7b8a83da5e49078d2
textures/flatlist/ovr_stm/_win/crg_leg_dead_re.bmp.ctxr,textures/flatlist/ovr_stm/_win,crg_leg_dead_re.bmp.ctxr,crg_leg_dead_re.bmp,ctxr,58368,f80ec58acd9507542ede49b1d6b73453f73e7711
textures/flatlist/ovr_stm/_win/crg_leg_re.bmp.ctxr,textures/flatlist/ovr_stm/_win,crg_leg_re.bmp.ctxr,crg_leg_re.bmp,ctxr,58368,75e3975b3bd25dd28c2a31efb4f56cb86b310f52
textures/flatlist/ovr_stm/_win/crg_mouin.bmp.ctxr,textures/flatlist/ovr_stm/_win,crg_mouin.bmp.ctxr,crg_mouin.bmp,ctxr,544,93a801cb5faf202196c74ff08d8658c8ec67bd63
textures/flatlist/ovr_stm/_win/crg_neck2.bmp.ctxr,textures/flatlist/ovr_stm/_win,crg_neck2.bmp.ctxr,crg_neck2.bmp,ctxr,38560,f355da2196613d9acf64b5b6d26812548e206aae
textures/flatlist/ovr_stm/_win/crg_p3_fro.bmp.ctxr,textures/flatlist/ovr_stm/_win,crg_p3_fro.bmp.ctxr,crg_p3_fro.bmp,ctxr,6432,41ad617a2a30fa283280f04a5e3f7d715c488210
textures/flatlist/ovr_stm/_win/crg_p3_side.bmp.ctxr,textures/flatlist/ovr_stm/_win,crg_p3_side.bmp.ctxr,crg_p3_side.bmp,ctxr,832,a7f83b1a752728906c3ab169c705e1f4a2563271
textures/flatlist/ovr_stm/_win/crg_rapelsate_8bit.bmp.ctxr,textures/flatlist/ovr_stm/_win,crg_rapelsate_8bit.bmp.ctxr,crg_rapelsate_8bit.bmp,ctxr,7936,aa0fd13f60b2403e0a9fc908c6f35ae87b65d153
textures/flatlist/ovr_stm/_win/crg_shues.bmp.ctxr,textures/flatlist/ovr_stm/_win,crg_shues.bmp.ctxr,crg_shues.bmp,ctxr,80928,4179d7035b098736a912594d42f4f693cc0a01ae
textures/flatlist/ovr_stm/_win/crg_shues.bmp_19fd13d78ac0caa8f35b065ffa50fd18.ctxr,textures/flatlist/ovr_stm/_win,crg_shues.bmp_19fd13d78ac0caa8f35b065ffa50fd18.ctxr,crg_shues.bmp_19fd13d78ac0caa8f35b065ffa50fd18,ctxr,80928,50eb186521c16f4299bbe99557fc77b65936bc98
textures/flatlist/ovr_stm/_win/crg_shues_sub_ovl_alp.bmp.ctxr,textures/flatlist/ovr_stm/_win,crg_shues_sub_ovl_alp.bmp.ctxr,crg_shues_sub_ovl_alp.bmp,ctxr,60640,6dab5de4f7e06e6868175c5c8906027dd9d2e755
textures/flatlist/ovr_stm/_win/crg_waistbelt.bmp.ctxr,textures/flatlist/ovr_stm/_win,crg_waistbelt.bmp.ctxr,crg_waistbelt.bmp,ctxr,5792,fae515d83d405df6f48c06f3ab483ff5bf29dd3b
textures/flatlist/ovr_stm/_win/ctl_panel01.bmp.ctxr,textures/flatlist/ovr_stm/_win,ctl_panel01.bmp.ctxr,ctl_panel01.bmp,ctxr,145536,99b42d1809a59919ade386c673048fd6d07b2e3d
textures/flatlist/ovr_stm/_win/ctl_panel02.bmp.ctxr,textures/flatlist/ovr_stm/_win,ctl_panel02.bmp.ctxr,ctl_panel02.bmp,ctxr,75744,4eefca23026dacbf26477e3ce8f64787b42ae0eb
textures/flatlist/ovr_stm/_win/cyp_body_hg.bmp.ctxr,textures/flatlist/ovr_stm/_win,cyp_body_hg.bmp.ctxr,cyp_body_hg.bmp,ctxr,65888,1715843b8e81038bcb80888dd274f8a75755d822
textures/flatlist/ovr_stm/_win/cyp_face.bmp.ctxr,textures/flatlist/ovr_stm/_win,cyp_face.bmp.ctxr,cyp_face.bmp,ctxr,22176,d0c182cf0e734749918f8ed184d3ace014775dc7
textures/flatlist/ovr_stm/_win/cyp_head.bmp.ctxr,textures/flatlist/ovr_stm/_win,cyp_head.bmp.ctxr,cyp_head.bmp,ctxr,5376,de530a9419192c354075dff7f6db0c4eb02af6b9
textures/flatlist/ovr_stm/_win/cyp_lens_rgb_alp_ovl.bmp.ctxr,textures/flatlist/ovr_stm/_win,cyp_lens_rgb_alp_ovl.bmp.ctxr,cyp_lens_rgb_alp_ovl.bmp,ctxr,5760,f9ebb32612a9fa373774955a886e8ddf423601ab
textures/flatlist/ovr_stm/_win/cyp_temp_tx.bmp.ctxr,textures/flatlist/ovr_stm/_win,cyp_temp_tx.bmp.ctxr,cyp_temp_tx.bmp,ctxr,22176,12b656f9ebd5e62aaec9f660149157c01f7afc23
textures/flatlist/ovr_stm/_win/d00a_hodou_t1.bmp.ctxr,textures/flatlist/ovr_stm/_win,d00a_hodou_t1.bmp.ctxr,d00a_hodou_t1.bmp,ctxr,142368,3307ae38da2d75fae639f8292eae29c08a7ccd43
textures/flatlist/ovr_stm/_win/dbg_gbox_f.bmp.ctxr,textures/flatlist/ovr_stm/_win,dbg_gbox_f.bmp.ctxr,dbg_gbox_f.bmp,ctxr,22176,46cf329c703b07fd5f066ce80198e197844bd57f
textures/flatlist/ovr_stm/_win/dbg_gbox_s.bmp.ctxr,textures/flatlist/ovr_stm/_win,dbg_gbox_s.bmp.ctxr,dbg_gbox_s.bmp,ctxr,22176,67f7a435aadf67a2ab3d150fa0f46644a4582cb4
textures/flatlist/ovr_stm/_win/dbg_gbox_t.bmp.ctxr,textures/flatlist/ovr_stm/_win,dbg_gbox_t.bmp.ctxr,dbg_gbox_t.bmp,ctxr,22176,9cbde189776af8d6af4f39c0993f05cec42dc8c7
textures/flatlist/ovr_stm/_win/dbx_tnk3_msk.bmp.ctxr,textures/flatlist/ovr_stm/_win,dbx_tnk3_msk.bmp.ctxr,dbx_tnk3_msk.bmp,ctxr,12576,f8175c93e20a0e40af5c0dfc49b70c53c090e0e9
textures/flatlist/ovr_stm/_win/dekisi_alp_ovl.bmp.ctxr,textures/flatlist/ovr_stm/_win,dekisi_alp_ovl.bmp.ctxr,dekisi_alp_ovl.bmp,ctxr,172960,188a760c71d362a85e94b0403ffde772d9b6f90a
textures/flatlist/ovr_stm/_win/demo_usp_supressor.bmp.ctxr,textures/flatlist/ovr_stm/_win,demo_usp_supressor.bmp.ctxr,demo_usp_supressor.bmp,ctxr,33120,0873bb679b67ba5fecc3776157aecb79216b5dfa
textures/flatlist/ovr_stm/_win/dinyukafuta.bmp.ctxr,textures/flatlist/ovr_stm/_win,dinyukafuta.bmp.ctxr,dinyukafuta.bmp,ctxr,43392,3a77f0d044764afb3a6b644f6f56a7272a97eb61
textures/flatlist/ovr_stm/_win/dinyukafuta2.bmp.ctxr,textures/flatlist/ovr_stm/_win,dinyukafuta2.bmp.ctxr,dinyukafuta2.bmp,ctxr,43392,8424e7f03b8195e861b304afe45cd80857f716a5
textures/flatlist/ovr_stm/_win/di_ki_bu.bmp.ctxr,textures/flatlist/ovr_stm/_win,di_ki_bu.bmp.ctxr,di_ki_bu.bmp,ctxr,65184,f7e97af6c242d72c0c40e87ce59a3caa7037502f
textures/flatlist/ovr_stm/_win/di_wall1_da.bmp.ctxr,textures/flatlist/ovr_stm/_win,di_wall1_da.bmp.ctxr,di_wall1_da.bmp,ctxr,44064,48ea2b2f80532b3ba789f691e8bf31e3d04e2672
textures/flatlist/ovr_stm/_win/di_wall1_up.bmp.ctxr,textures/flatlist/ovr_stm/_win,di_wall1_up.bmp.ctxr,di_wall1_up.bmp,ctxr,60416,fc0263e31813f74e3fa307d36522405501f93aea
textures/flatlist/ovr_stm/_win/dmp_sb2.bmp.ctxr,textures/flatlist/ovr_stm/_win,dmp_sb2.bmp.ctxr,dmp_sb2.bmp,ctxr,27616,baa8b27e63134eaf3539d04909594611f0d34061
textures/flatlist/ovr_stm/_win/dmp_sb2_box.bmp.ctxr,textures/flatlist/ovr_stm/_win,dmp_sb2_box.bmp.ctxr,dmp_sb2_box.bmp,ctxr,21792,5dc2f7c17654c49521a33c22a76528989b3d6ea8
textures/flatlist/ovr_stm/_win/dmp_sb_body.bmp.ctxr,textures/flatlist/ovr_stm/_win,dmp_sb_body.bmp.ctxr,dmp_sb_body.bmp,ctxr,46784,d134c4836fe9d0fd6f09f9d427ab3dc69d92053e
textures/flatlist/ovr_stm/_win/dmp_sb_grip.bmp.ctxr,textures/flatlist/ovr_stm/_win,dmp_sb_grip.bmp.ctxr,dmp_sb_grip.bmp,ctxr,15648,cfc677663fc5033a525b54893f643a9bc40e6ca2
textures/flatlist/ovr_stm/_win/dmp_sb_mc.bmp.ctxr,textures/flatlist/ovr_stm/_win,dmp_sb_mc.bmp.ctxr,dmp_sb_mc.bmp,ctxr,12640,0d17c7ecbbaa2fe59da960f4db78ebcdeebbb11d
textures/flatlist/ovr_stm/_win/dmp_sb_mc2.bmp.ctxr,textures/flatlist/ovr_stm/_win,dmp_sb_mc2.bmp.ctxr,dmp_sb_mc2.bmp,ctxr,9536,4b265ccc7ef56319205bf947110e68695e1bf199
textures/flatlist/ovr_stm/_win/dmp_sb_pi.bmp.ctxr,textures/flatlist/ovr_stm/_win,dmp_sb_pi.bmp.ctxr,dmp_sb_pi.bmp,ctxr,5760,ad2957ee93b7ef99ef767c5c12ead6d2993a47c3
textures/flatlist/ovr_stm/_win/door_afl00c.bmp.ctxr,textures/flatlist/ovr_stm/_win,door_afl00c.bmp.ctxr,door_afl00c.bmp,ctxr,12608,7c4b75f0c06a103fc4934b612599688caabd16c5
textures/flatlist/ovr_stm/_win/door_b00.bmp.ctxr,textures/flatlist/ovr_stm/_win,door_b00.bmp.ctxr,door_b00.bmp,ctxr,46368,5d8b2bd0581e490e27f99e877a8d1b282e2a1278
textures/flatlist/ovr_stm/_win/door_bfl00.bmp.ctxr,textures/flatlist/ovr_stm/_win,door_bfl00.bmp.ctxr,door_bfl00.bmp,ctxr,18720,21deda907a5a001be8ec4bab092aaada1ee09860
textures/flatlist/ovr_stm/_win/door_c00.bmp.ctxr,textures/flatlist/ovr_stm/_win,door_c00.bmp.ctxr,door_c00.bmp,ctxr,46368,2396c30541e567c3aa3baaa8ba6c3b8438117406
textures/flatlist/ovr_stm/_win/door_c0017.bmp.ctxr,textures/flatlist/ovr_stm/_win,door_c0017.bmp.ctxr,door_c0017.bmp,ctxr,46368,f7a27f9242cbb6138b14a324d5109434cd797299
textures/flatlist/ovr_stm/_win/door_d00.bmp.ctxr,textures/flatlist/ovr_stm/_win,door_d00.bmp.ctxr,door_d00.bmp,ctxr,46368,53b98fa003810bdb84997cd39e3c4ceba4ab69cd
textures/flatlist/ovr_stm/_win/drlit_02.bmp.ctxr,textures/flatlist/ovr_stm/_win,drlit_02.bmp.ctxr,drlit_02.bmp,ctxr,8512,a5437b47f47f5550392ed132e494a2bafc505195
textures/flatlist/ovr_stm/_win/drlit_02a.bmp.ctxr,textures/flatlist/ovr_stm/_win,drlit_02a.bmp.ctxr,drlit_02a.bmp,ctxr,5792,0f35503c7020dfe328ceb81cbd9ef22564e711ed
textures/flatlist/ovr_stm/_win/drp_00.bmp.ctxr,textures/flatlist/ovr_stm/_win,drp_00.bmp.ctxr,drp_00.bmp,ctxr,20800,6398b216b96ab40ffc3eb9f38bf79a394de1c6fe
textures/flatlist/ovr_stm/_win/drp_00b.bmp.ctxr,textures/flatlist/ovr_stm/_win,drp_00b.bmp.ctxr,drp_00b.bmp,ctxr,20800,1b996f73df86d4f9591059929410e3faf721e3b2
textures/flatlist/ovr_stm/_win/drp_01.bmp.ctxr,textures/flatlist/ovr_stm/_win,drp_01.bmp.ctxr,drp_01.bmp,ctxr,7168,14e104e822d88ab05c7507dd705c716c09320f46
textures/flatlist/ovr_stm/_win/dtdv_side_01.bmp.ctxr,textures/flatlist/ovr_stm/_win,dtdv_side_01.bmp.ctxr,dtdv_side_01.bmp,ctxr,19744,dd65090e9b896deac20291da81997565f263c802
textures/flatlist/ovr_stm/_win/elv1_flr1.bmp.ctxr,textures/flatlist/ovr_stm/_win,elv1_flr1.bmp.ctxr,elv1_flr1.bmp,ctxr,86336,bf1a9761ee4c51edf3db2f5e9c8677a9711aee9a
textures/flatlist/ovr_stm/_win/elvt_floor3.bmp.ctxr,textures/flatlist/ovr_stm/_win,elvt_floor3.bmp.ctxr,elvt_floor3.bmp,ctxr,48096,24886135be3c912af56beff4b08cba6b54a34ae5
textures/flatlist/ovr_stm/_win/elvt_floor4.bmp.ctxr,textures/flatlist/ovr_stm/_win,elvt_floor4.bmp.ctxr,elvt_floor4.bmp,ctxr,24192,3002573e527add34a114700831c86d71811974ac
textures/flatlist/ovr_stm/_win/elvt_floor5.bmp.ctxr,textures/flatlist/ovr_stm/_win,elvt_floor5.bmp.ctxr,elvt_floor5.bmp,ctxr,7104,0aa94ad5d4fc6f4427bc99e6c66386833ff511ab
textures/flatlist/ovr_stm/_win/elvt_nwall3.bmp.ctxr,textures/flatlist/ovr_stm/_win,elvt_nwall3.bmp.ctxr,elvt_nwall3.bmp,ctxr,127296,f3153f5c485d43d2527117462c18af8170ff01bb
textures/flatlist/ovr_stm/_win/ema_died_alp_ovl.bmp.ctxr,textures/flatlist/ovr_stm/_win,ema_died_alp_ovl.bmp.ctxr,ema_died_alp_ovl.bmp,ctxr,172960,cedbe5d4c3ce4b2ef8ebbe730c1440b7e872d80b
textures/flatlist/ovr_stm/_win/emt.bmp.ctxr,textures/flatlist/ovr_stm/_win,emt.bmp.ctxr,emt.bmp,ctxr,23328,56fbac8422fa8fe47bc0240d1784a46c91936dff
textures/flatlist/ovr_stm/_win/eyes_kyoro.bmp.ctxr,textures/flatlist/ovr_stm/_win,eyes_kyoro.bmp.ctxr,eyes_kyoro.bmp,ctxr,86848,8471afb2daac129acb50aea4ac21631445c4f8f3
textures/flatlist/ovr_stm/_win/fall_alp_ovl.bmp.ctxr,textures/flatlist/ovr_stm/_win,fall_alp_ovl.bmp.ctxr,fall_alp_ovl.bmp,ctxr,172960,77b7e33ca7e927d61ef72490f30f020d0e2ad650
textures/flatlist/ovr_stm/_win/fat_allarm.bmp.ctxr,textures/flatlist/ovr_stm/_win,fat_allarm.bmp.ctxr,fat_allarm.bmp,ctxr,50464,0aacbcb520bb4bbba430c6d8b2b750b4a4392128
textures/flatlist/ovr_stm/_win/fat_allarm_st2.bmp.ctxr,textures/flatlist/ovr_stm/_win,fat_allarm_st2.bmp.ctxr,fat_allarm_st2.bmp,ctxr,50464,53c6e1f9b7dc0e237f9c62c1bd3c7848cd83d315
textures/flatlist/ovr_stm/_win/fat_allleg.bmp.ctxr,textures/flatlist/ovr_stm/_win,fat_allleg.bmp.ctxr,fat_allleg.bmp,ctxr,7776,445e2d96b8a2375e3dc945393ba24b692378a18c
textures/flatlist/ovr_stm/_win/fat_allleg_sub_ovl_alp.bmp.ctxr,textures/flatlist/ovr_stm/_win,fat_allleg_sub_ovl_alp.bmp.ctxr,fat_allleg_sub_ovl_alp.bmp,ctxr,21280,370dee0543788bebb6478680f93ea6bc0d1541b9
textures/flatlist/ovr_stm/_win/fat_arm_belt.bmp.ctxr,textures/flatlist/ovr_stm/_win,fat_arm_belt.bmp.ctxr,fat_arm_belt.bmp,ctxr,7456,14da43b9f7f123b1c5ff58a17f568ef581c50acf
textures/flatlist/ovr_stm/_win/fat_arm_sub_ovl_alp.bmp.ctxr,textures/flatlist/ovr_stm/_win,fat_arm_sub_ovl_alp.bmp.ctxr,fat_arm_sub_ovl_alp.bmp,ctxr,49312,39deac5396485535d610b70d4d285921fc344160
textures/flatlist/ovr_stm/_win/fat_belt.bmp.ctxr,textures/flatlist/ovr_stm/_win,fat_belt.bmp.ctxr,fat_belt.bmp,ctxr,14016,25792bba01b03ee0af7a92af051bd8a74ccf7bfe
textures/flatlist/ovr_stm/_win/fat_body3_sub_ovl_alp.bmp.ctxr,textures/flatlist/ovr_stm/_win,fat_body3_sub_ovl_alp.bmp.ctxr,fat_body3_sub_ovl_alp.bmp,ctxr,275360,a2787572c891f3539d7074c91d451cb8596070b6
textures/flatlist/ovr_stm/_win/fat_calf.bmp.ctxr,textures/flatlist/ovr_stm/_win,fat_calf.bmp.ctxr,fat_calf.bmp,ctxr,87744,284980e1f23b0f55075dee261076d01bf42a52c9
textures/flatlist/ovr_stm/_win/fat_calf_sub_alp_ovl.bmp.ctxr,textures/flatlist/ovr_stm/_win,fat_calf_sub_alp_ovl.bmp.ctxr,fat_calf_sub_alp_ovl.bmp,ctxr,262304,f276e76f069e183cb1d66d597b963bc356c12942
textures/flatlist/ovr_stm/_win/fat_ep0_sub_ovl_alp.bmp.ctxr,textures/flatlist/ovr_stm/_win,fat_ep0_sub_ovl_alp.bmp.ctxr,fat_ep0_sub_ovl_alp.bmp,ctxr,25696,95cff24e484482760daf47085a20d286a9e592c3
textures/flatlist/ovr_stm/_win/fat_epron3_ovl_alp_mod1120_emap.bmp.ctxr,textures/flatlist/ovr_stm/_win,fat_epron3_ovl_alp_mod1120_emap.bmp.ctxr,fat_epron3_ovl_alp_mod1120_emap.bmp,ctxr,16544,6c28dcb7f6d3d00d11d4cf9ba28f8cdf5455eaf5
textures/flatlist/ovr_stm/_win/fat_eptes.bmp.ctxr,textures/flatlist/ovr_stm/_win,fat_eptes.bmp.ctxr,fat_eptes.bmp,ctxr,19424,08626470aab638fe697b45f0f37c3dd66d56eb9b
textures/flatlist/ovr_stm/_win/fat_ep_re.bmp.ctxr,textures/flatlist/ovr_stm/_win,fat_ep_re.bmp.ctxr,fat_ep_re.bmp,ctxr,19424,59a487486a8ddcfe978368c73e250a5f09a45d6c
textures/flatlist/ovr_stm/_win/fat_eri_back.bmp.ctxr,textures/flatlist/ovr_stm/_win,fat_eri_back.bmp.ctxr,fat_eri_back.bmp,ctxr,14656,b431a5409896c3fa6ee920c06a8dfb03306e499a
textures/flatlist/ovr_stm/_win/fat_eri_back_sub_alp_ovl.bmp.ctxr,textures/flatlist/ovr_stm/_win,fat_eri_back_sub_alp_ovl.bmp.ctxr,fat_eri_back_sub_alp_ovl.bmp,ctxr,15520,a68689669457784e1932ef84e3afb053d70d758b
textures/flatlist/ovr_stm/_win/fat_eri_front.bmp.ctxr,textures/flatlist/ovr_stm/_win,fat_eri_front.bmp.ctxr,fat_eri_front.bmp,ctxr,5760,7756f653c5eb9995df6714dfab90e84cfb618d58
textures/flatlist/ovr_stm/_win/fat_eri_side.bmp.ctxr,textures/flatlist/ovr_stm/_win,fat_eri_side.bmp.ctxr,fat_eri_side.bmp,ctxr,8480,1a99d5fd5beccbf58814ddee2e17d55b6316d0de
textures/flatlist/ovr_stm/_win/fat_eri_side_in.bmp.ctxr,textures/flatlist/ovr_stm/_win,fat_eri_side_in.bmp.ctxr,fat_eri_side_in.bmp,ctxr,8480,2b69dbf19345430c9788ec9dc1055da6099a2c63
textures/flatlist/ovr_stm/_win/fat_eri_side_sub_alp_ovl.bmp.ctxr,textures/flatlist/ovr_stm/_win,fat_eri_side_sub_alp_ovl.bmp.ctxr,fat_eri_side_sub_alp_ovl.bmp,ctxr,9760,53529b946424875d5b6310f8ffef32355e1288c1
textures/flatlist/ovr_stm/_win/fat_eye.bmp.ctxr,textures/flatlist/ovr_stm/_win,fat_eye.bmp.ctxr,fat_eye.bmp,ctxr,7168,296cfd75c13f11df8e047d2c296017afe8ac3fae
textures/flatlist/ovr_stm/_win/fat_eyes_ovl_sub_alp.bmp.ctxr,textures/flatlist/ovr_stm/_win,fat_eyes_ovl_sub_alp.bmp.ctxr,fat_eyes_ovl_sub_alp.bmp,ctxr,2464,92bcb687d3e9d34f244001bd35d6ac545e381404
textures/flatlist/ovr_stm/_win/fat_eye_re.bmp.ctxr,textures/flatlist/ovr_stm/_win,fat_eye_re.bmp.ctxr,fat_eye_re.bmp,ctxr,4416,52921ec82a979164b6f40e68cf6aeaa80a9ff108
textures/flatlist/ovr_stm/_win/fat_face.bmp.ctxr,textures/flatlist/ovr_stm/_win,fat_face.bmp.ctxr,fat_face.bmp,ctxr,522592,b730eaf0e30325c81d05e3f85d6a545a49a4a5fd
textures/flatlist/ovr_stm/_win/fat_face_bmap.bmp.ctxr,textures/flatlist/ovr_stm/_win,fat_face_bmap.bmp.ctxr,fat_face_bmap.bmp,ctxr,110752,450a63e19ed9008d8ca2a3f48a85e4a22572dfb3
textures/flatlist/ovr_stm/_win/fat_face_re.bmp.ctxr,textures/flatlist/ovr_stm/_win,fat_face_re.bmp.ctxr,fat_face_re.bmp,ctxr,398336,521af1d5e3585e87257c2249126addd1e0aea33f
textures/flatlist/ovr_stm/_win/fat_face_re.bmp_a65902de0116b1a4ce6a1647e832d293.ctxr,textures/flatlist/ovr_stm/_win,fat_face_re.bmp_a65902de0116b1a4ce6a1647e832d293.ctxr,fat_face_re.bmp_a65902de0116b1a4ce6a1647e832d293,ctxr,398336,6b766be2c98c5f5a5105da19905b97e72bc87b69
textures/flatlist/ovr_stm/_win/fat_glg_hlst.bmp.ctxr,textures/flatlist/ovr_stm/_win,fat_glg_hlst.bmp.ctxr,fat_glg_hlst.bmp,ctxr,6432,b1e7f6375e3c62ec875457fd689d89f6f42b5113
textures/flatlist/ovr_stm/_win/fat_glg_hlst_side.bmp.ctxr,textures/flatlist/ovr_stm/_win,fat_glg_hlst_side.bmp.ctxr,fat_glg_hlst_side.bmp,ctxr,2144,483e54e6ad97846b1d40c0129bb2bbd4a9bd4591
textures/flatlist/ovr_stm/_win/fat_hand.bmp.ctxr,textures/flatlist/ovr_stm/_win,fat_hand.bmp.ctxr,fat_hand.bmp,ctxr,33088,2d9adb1001f3ee07f9a97f246613c4a1c2e7208b
textures/flatlist/ovr_stm/_win/fat_hand_alp_ovl_emap_mod1120.bmp.ctxr,textures/flatlist/ovr_stm/_win,fat_hand_alp_ovl_emap_mod1120.bmp.ctxr,fat_hand_alp_ovl_emap_mod1120.bmp,ctxr,1184,2b65581542ab07732bd6768200d42ace8fff4006
textures/flatlist/ovr_stm/_win/fat_hand_sub_alp_ovl.bmp.ctxr,textures/flatlist/ovr_stm/_win,fat_hand_sub_alp_ovl.bmp.ctxr,fat_hand_sub_alp_ovl.bmp,ctxr,24736,d2ba92d6bb1c11f000aa04d74cc01c39a2705b17
textures/flatlist/ovr_stm/_win/fat_hi_finger.bmp.ctxr,textures/flatlist/ovr_stm/_win,fat_hi_finger.bmp.ctxr,fat_hi_finger.bmp,ctxr,5760,60c1551128dc5b78eb0b66474f7952358d7c0705
textures/flatlist/ovr_stm/_win/fat_hi_finger_red.bmp.ctxr,textures/flatlist/ovr_stm/_win,fat_hi_finger_red.bmp.ctxr,fat_hi_finger_red.bmp,ctxr,4384,677f8636319c6217a770276ae9fece7f976cff17
textures/flatlist/ovr_stm/_win/fat_hi_hand1.bmp.ctxr,textures/flatlist/ovr_stm/_win,fat_hi_hand1.bmp.ctxr,fat_hi_hand1.bmp,ctxr,26912,cdc82e4cefe479c6c60d3a17f29b3582cedfd76f
textures/flatlist/ovr_stm/_win/fat_hi_hand1_bmap.bmp.ctxr,textures/flatlist/ovr_stm/_win,fat_hi_hand1_bmap.bmp.ctxr,fat_hi_hand1_bmap.bmp,ctxr,20128,13c57197c9f62eb24a77ff8d7edfffd4d8fc6ed6
textures/flatlist/ovr_stm/_win/fat_hi_hand2.bmp.ctxr,textures/flatlist/ovr_stm/_win,fat_hi_hand2.bmp.ctxr,fat_hi_hand2.bmp,ctxr,14624,a9247360848186426f2e15d5dae0970bef7fe64a
textures/flatlist/ovr_stm/_win/fat_in.bmp.ctxr,textures/flatlist/ovr_stm/_win,fat_in.bmp.ctxr,fat_in.bmp,ctxr,5760,728de228c67f5a2f1d7d7c8246b2ceb9732b9f17
textures/flatlist/ovr_stm/_win/fat_in_eri.bmp.ctxr,textures/flatlist/ovr_stm/_win,fat_in_eri.bmp.ctxr,fat_in_eri.bmp,ctxr,7136,7e00db9d8144a76b26f6eb1e2b1ae5e8e455bb4d
textures/flatlist/ovr_stm/_win/fat_in_eri_tome.bmp.ctxr,textures/flatlist/ovr_stm/_win,fat_in_eri_tome.bmp.ctxr,fat_in_eri_tome.bmp,ctxr,1280,7ed20d065252b14bea67adfe1a3ffd5471050928
textures/flatlist/ovr_stm/_win/fat_larm_belt.bmp.ctxr,textures/flatlist/ovr_stm/_win,fat_larm_belt.bmp.ctxr,fat_larm_belt.bmp,ctxr,9248,f9e6b033f3b26ff7b9dd4e0b683645d7366ecf81
textures/flatlist/ovr_stm/_win/fat_larm_sub_alp_ovl.bmp.ctxr,textures/flatlist/ovr_stm/_win,fat_larm_sub_alp_ovl.bmp.ctxr,fat_larm_sub_alp_ovl.bmp,ctxr,23776,0df1d8e1e1d8a38c90b24e400d00bc52eca6c079
textures/flatlist/ovr_stm/_win/fat_mtg_alp_ovl.bmp.ctxr,textures/flatlist/ovr_stm/_win,fat_mtg_alp_ovl.bmp.ctxr,fat_mtg_alp_ovl.bmp,ctxr,13600,3bcb7a6733e5a799a365aebd94f2104d85e4a378
textures/flatlist/ovr_stm/_win/fat_ooze_blood00_alp_ovl.bmp.ctxr,textures/flatlist/ovr_stm/_win,fat_ooze_blood00_alp_ovl.bmp.ctxr,fat_ooze_blood00_alp_ovl.bmp,ctxr,30336,411df130515fd1b618aa3dcf46f5e19ba6a3bbea
textures/flatlist/ovr_stm/_win/fat_ooze_blood89_alp_ovl.bmp.ctxr,textures/flatlist/ovr_stm/_win,fat_ooze_blood89_alp_ovl.bmp.ctxr,fat_ooze_blood89_alp_ovl.bmp,ctxr,30336,1ffdc04dcb84951fc473ea3c5ac6053e15b55576
textures/flatlist/ovr_stm/_win/fat_pias_alp_ovl.bmp.ctxr,textures/flatlist/ovr_stm/_win,fat_pias_alp_ovl.bmp.ctxr,fat_pias_alp_ovl.bmp,ctxr,1632,3261e40f21ce40f4479b830cb1b3a3424f15b149
textures/flatlist/ovr_stm/_win/fat_pias_alp_ovl.bmp_49150a74dd0fd7cd13ca0f60cd40eca7.ctxr,textures/flatlist/ovr_stm/_win,fat_pias_alp_ovl.bmp_49150a74dd0fd7cd13ca0f60cd40eca7.ctxr,fat_pias_alp_ovl.bmp_49150a74dd0fd7cd13ca0f60cd40eca7,ctxr,1632,79bc4fd736973a7fcc55ecb533e1d53b0b17a9b9
textures/flatlist/ovr_stm/_win/fat_poket00.bmp.ctxr,textures/flatlist/ovr_stm/_win,fat_poket00.bmp.ctxr,fat_poket00.bmp,ctxr,7104,a3fe4157cfd67711657fec47ab3dba4d161065b9
textures/flatlist/ovr_stm/_win/fat_poket00_re.bmp.ctxr,textures/flatlist/ovr_stm/_win,fat_poket00_re.bmp.ctxr,fat_poket00_re.bmp,ctxr,7104,eb4b25c99f17c7c88529ad8fd2f1758781d87716
textures/flatlist/ovr_stm/_win/fat_poket01.bmp.ctxr,textures/flatlist/ovr_stm/_win,fat_poket01.bmp.ctxr,fat_poket01.bmp,ctxr,7104,9d414cb981078e3427bc410d72a3b17a26221007
textures/flatlist/ovr_stm/_win/fat_poket01.bmp_fdadb254bd6a0857d5c232a10b14c8ff.ctxr,textures/flatlist/ovr_stm/_win,fat_poket01.bmp_fdadb254bd6a0857d5c232a10b14c8ff.ctxr,fat_poket01.bmp_fdadb254bd6a0857d5c232a10b14c8ff,ctxr,7104,dd0e7969630a961762a078b44921561aec31308f
textures/flatlist/ovr_stm/_win/fat_radio.bmp.ctxr,textures/flatlist/ovr_stm/_win,fat_radio.bmp.ctxr,fat_radio.bmp,ctxr,5376,0aea10c3b034a5c2713d65814ffee4a913a7a3da
textures/flatlist/ovr_stm/_win/fat_radio_sub_ovl_alp.bmp.ctxr,textures/flatlist/ovr_stm/_win,fat_radio_sub_ovl_alp.bmp.ctxr,fat_radio_sub_ovl_alp.bmp,ctxr,7328,3044e4f470dc132e7e7616dd907766b3533e82f1
textures/flatlist/ovr_stm/_win/fat_rolar.bmp.ctxr,textures/flatlist/ovr_stm/_win,fat_rolar.bmp.ctxr,fat_rolar.bmp,ctxr,43328,3f5cfe7e6d1e02ac1ffd366d43bdaa0e28a8d409
textures/flatlist/ovr_stm/_win/fat_rolar_flame.bmp.ctxr,textures/flatlist/ovr_stm/_win,fat_rolar_flame.bmp.ctxr,fat_rolar_flame.bmp,ctxr,3360,4ac16f654e306a6b4e00ea03cc23a08d21af3392
textures/flatlist/ovr_stm/_win/fat_rolar_hoir.bmp.ctxr,textures/flatlist/ovr_stm/_win,fat_rolar_hoir.bmp.ctxr,fat_rolar_hoir.bmp,ctxr,1632,f543571aaa52cf79a0f5b1f1a6f25749d46554df
textures/flatlist/ovr_stm/_win/fat_shues00_sub_ovl_alp.bmp.ctxr,textures/flatlist/ovr_stm/_win,fat_shues00_sub_ovl_alp.bmp.ctxr,fat_shues00_sub_ovl_alp.bmp,ctxr,32416,10372b9d7ec8fde3f83b1368cea98cddf1b03f7f
textures/flatlist/ovr_stm/_win/fat_shues_ovl_alp_emap_mod1120.bmp.ctxr,textures/flatlist/ovr_stm/_win,fat_shues_ovl_alp_emap_mod1120.bmp.ctxr,fat_shues_ovl_alp_emap_mod1120.bmp,ctxr,16544,10071462c4ea4f64eaa32137a7b8b0491c817c76
textures/flatlist/ovr_stm/_win/fat_strow_alp.bmp.ctxr,textures/flatlist/ovr_stm/_win,fat_strow_alp.bmp.ctxr,fat_strow_alp.bmp,ctxr,2304,41c320f33a814a035ccf3c8781caa5b051c96a7c
textures/flatlist/ovr_stm/_win/fat_strow_col_alp.bmp.ctxr,textures/flatlist/ovr_stm/_win,fat_strow_col_alp.bmp.ctxr,fat_strow_col_alp.bmp,ctxr,2304,50be1610aa4b05ab3862422215d227239d54f269
textures/flatlist/ovr_stm/_win/fat_suits.bmp.ctxr,textures/flatlist/ovr_stm/_win,fat_suits.bmp.ctxr,fat_suits.bmp,ctxr,179520,3cce25f58371fc896fd0efd414494bc400af0c48
textures/flatlist/ovr_stm/_win/fat_suitstes.bmp.ctxr,textures/flatlist/ovr_stm/_win,fat_suitstes.bmp.ctxr,fat_suitstes.bmp,ctxr,179520,a7f362ac623554ce3ca2fc39b6595d732a1bfa60
textures/flatlist/ovr_stm/_win/fat_suits_kat.bmp.ctxr,textures/flatlist/ovr_stm/_win,fat_suits_kat.bmp.ctxr,fat_suits_kat.bmp,ctxr,2336,d8898224a7f69cab8cc7780b3d0d30c7787ca8c3
textures/flatlist/ovr_stm/_win/fat_suits_kat_sub_alp_ovl.bmp.ctxr,textures/flatlist/ovr_stm/_win,fat_suits_kat_sub_alp_ovl.bmp.ctxr,fat_suits_kat_sub_alp_ovl.bmp,ctxr,2208,ab448a4bd3f8bc757fd5ceb0b8d9d063ac8b9dcf
textures/flatlist/ovr_stm/_win/fat_suit_re.bmp.ctxr,textures/flatlist/ovr_stm/_win,fat_suit_re.bmp.ctxr,fat_suit_re.bmp,ctxr,179520,5f195208e869de0f73a85000d3412b4efeee9db2
textures/flatlist/ovr_stm/_win/fat_tang.bmp.ctxr,textures/flatlist/ovr_stm/_win,fat_tang.bmp.ctxr,fat_tang.bmp,ctxr,22176,b731dbfc6cc46fdc8c6cdd531368e8668a451860
textures/flatlist/ovr_stm/_win/fat_teeth_u3.bmp.ctxr,textures/flatlist/ovr_stm/_win,fat_teeth_u3.bmp.ctxr,fat_teeth_u3.bmp,ctxr,4416,219ddb0d531f5232217b002c1a183aea3a37b177
textures/flatlist/ovr_stm/_win/fat_waist.bmp.ctxr,textures/flatlist/ovr_stm/_win,fat_waist.bmp.ctxr,fat_waist.bmp,ctxr,3712,02ef8981221fe4d715356489d70f8b092dd68bb2
textures/flatlist/ovr_stm/_win/fiction_e_alp_ovl.bmp.ctxr,textures/flatlist/ovr_stm/_win,fiction_e_alp_ovl.bmp.ctxr,fiction_e_alp_ovl.bmp,ctxr,786592,e705a1d84c0dfe4aa6a4adb2e125e940310af599
textures/flatlist/ovr_stm/_win/for_arm.bmp.ctxr,textures/flatlist/ovr_stm/_win,for_arm.bmp.ctxr,for_arm.bmp,ctxr,288,3d8cc4c147228522f046656dffc2d2afd4fcf65a
textures/flatlist/ovr_stm/_win/for_belt_shoulder.bmp.ctxr,textures/flatlist/ovr_stm/_win,for_belt_shoulder.bmp.ctxr,for_belt_shoulder.bmp,ctxr,9856,7f9d39dc9984a59e7cd9b2ed01886000626e2240
textures/flatlist/ovr_stm/_win/for_belt_weist.bmp.ctxr,textures/flatlist/ovr_stm/_win,for_belt_weist.bmp.ctxr,for_belt_weist.bmp,ctxr,10592,2abf4b640bafc6a2df5ffb9c26ae005b56079ea0
textures/flatlist/ovr_stm/_win/for_blood_face_ovl_alp.bmp.ctxr,textures/flatlist/ovr_stm/_win,for_blood_face_ovl_alp.bmp.ctxr,for_blood_face_ovl_alp.bmp,ctxr,7168,d1d71dc4050a9e95407cf9e28fb142e965b7de47
textures/flatlist/ovr_stm/_win/for_body_ovl_sub_alp.bmp.ctxr,textures/flatlist/ovr_stm/_win,for_body_ovl_sub_alp.bmp.ctxr,for_body_ovl_sub_alp.bmp,ctxr,88224,af6b4f7c6e400ff96270dbedeadd3fb1821ac0bc
textures/flatlist/ovr_stm/_win/for_body_ss.bmp.ctxr,textures/flatlist/ovr_stm/_win,for_body_ss.bmp.ctxr,for_body_ss.bmp,ctxr,117728,e7b8853feda2b15b0183f2f9894b313b5e803b88
textures/flatlist/ovr_stm/_win/for_boot_bot1.bmp.ctxr,textures/flatlist/ovr_stm/_win,for_boot_bot1.bmp.ctxr,for_boot_bot1.bmp,ctxr,9824,04719a457bb4f9b961089c84cbf3d53c8b6cd1aa
textures/flatlist/ovr_stm/_win/for_boot_bot2.bmp.ctxr,textures/flatlist/ovr_stm/_win,for_boot_bot2.bmp.ctxr,for_boot_bot2.bmp,ctxr,5056,80739f7a85a092fc26aa0b344c581fddec67e8d5
textures/flatlist/ovr_stm/_win/for_b_ovl_mod1120_alp_emap.bmp.ctxr,textures/flatlist/ovr_stm/_win,for_b_ovl_mod1120_alp_emap.bmp.ctxr,for_b_ovl_mod1120_alp_emap.bmp,ctxr,16544,b36a19ddcd1f5e0c885dff5659139a6b49a5d18c
textures/flatlist/ovr_stm/_win/for_coat_body.bmp.ctxr,textures/flatlist/ovr_stm/_win,for_coat_body.bmp.ctxr,for_coat_body.bmp,ctxr,60416,e41b7976929a53a382d130020bdcd194334cd28f
textures/flatlist/ovr_stm/_win/for_coat_eri.bmp.ctxr,textures/flatlist/ovr_stm/_win,for_coat_eri.bmp.ctxr,for_coat_eri.bmp,ctxr,5376,4afe5dd10d61d931e7ed16c0c6178dc08573c232
textures/flatlist/ovr_stm/_win/for_coat_eriin.bmp.ctxr,textures/flatlist/ovr_stm/_win,for_coat_eriin.bmp.ctxr,for_coat_eriin.bmp,ctxr,5376,251d73d5b009592201c0ab1ceffa2b6ba9caea1c
textures/flatlist/ovr_stm/_win/for_coat_sling.bmp.ctxr,textures/flatlist/ovr_stm/_win,for_coat_sling.bmp.ctxr,for_coat_sling.bmp,ctxr,11264,6834bf7d8a3ad274a97a1d65da8d513471c4ca6a
textures/flatlist/ovr_stm/_win/for_coat_sode.bmp.ctxr,textures/flatlist/ovr_stm/_win,for_coat_sode.bmp.ctxr,for_coat_sode.bmp,ctxr,11072,d44fb983718754452e3ab423debebb11a8409b9d
textures/flatlist/ovr_stm/_win/for_col1.bmp.ctxr,textures/flatlist/ovr_stm/_win,for_col1.bmp.ctxr,for_col1.bmp,ctxr,288,1d949f3a5cea179b0bd662b8f8ac0ea0f345a093
textures/flatlist/ovr_stm/_win/for_eye_ovl_sub_alp.bmp.ctxr,textures/flatlist/ovr_stm/_win,for_eye_ovl_sub_alp.bmp.ctxr,for_eye_ovl_sub_alp.bmp,ctxr,5344,758421c91afbda37386d5d5aa829d8a977100e4e
textures/flatlist/ovr_stm/_win/for_face_ovl_sub_alp.bmp.ctxr,textures/flatlist/ovr_stm/_win,for_face_ovl_sub_alp.bmp.ctxr,for_face_ovl_sub_alp.bmp,ctxr,90272,02a173017a569c81e06316f68f3d8d90d6fd274e
textures/flatlist/ovr_stm/_win/for_foot.bmp.ctxr,textures/flatlist/ovr_stm/_win,for_foot.bmp.ctxr,for_foot.bmp,ctxr,16992,3b1a64425e8d13896a359475fffb539193fd6063
textures/flatlist/ovr_stm/_win/for_hair_back.bmp.ctxr,textures/flatlist/ovr_stm/_win,for_hair_back.bmp.ctxr,for_hair_back.bmp,ctxr,87744,e994f4a9efe8885faca96e5f9c16bf1a6747df9c
textures/flatlist/ovr_stm/_win/for_hair_side_ovl_alp.bmp.ctxr,textures/flatlist/ovr_stm/_win,for_hair_side_ovl_alp.bmp.ctxr,for_hair_side_ovl_alp.bmp,ctxr,27648,87aa3560d0855bdfa6eb60f3e531311a089bde68
textures/flatlist/ovr_stm/_win/for_hand.bmp.ctxr,textures/flatlist/ovr_stm/_win,for_hand.bmp.ctxr,for_hand.bmp,ctxr,12224,957ac54c01b41e469b3ceb82dbb1b6331ec5d501
textures/flatlist/ovr_stm/_win/for_hand2.bmp.ctxr,textures/flatlist/ovr_stm/_win,for_hand2.bmp.ctxr,for_hand2.bmp,ctxr,12224,5dff4bd7bbd2fae90e71376b24651cb94a942cce
textures/flatlist/ovr_stm/_win/for_hi_eye.bmp.ctxr,textures/flatlist/ovr_stm/_win,for_hi_eye.bmp.ctxr,for_hi_eye.bmp,ctxr,7168,3f63917fde84777346153b8561d4751f1aeb5ab2
textures/flatlist/ovr_stm/_win/for_hi_face_ss.bmp.ctxr,textures/flatlist/ovr_stm/_win,for_hi_face_ss.bmp.ctxr,for_hi_face_ss.bmp,ctxr,437600,80ff73f3946d3557161337dd5a95b7e9d08dae98
textures/flatlist/ovr_stm/_win/for_hi_finger.bmp.ctxr,textures/flatlist/ovr_stm/_win,for_hi_finger.bmp.ctxr,for_hi_finger.bmp,ctxr,5760,57287793df631f17057aaa1a0c7485f54ceca468
textures/flatlist/ovr_stm/_win/for_hi_finger2.bmp.ctxr,textures/flatlist/ovr_stm/_win,for_hi_finger2.bmp.ctxr,for_hi_finger2.bmp,ctxr,4384,c42adaee14340c026d419d87e8a8f93a6960a7df
textures/flatlist/ovr_stm/_win/for_hi_hand1.bmp.ctxr,textures/flatlist/ovr_stm/_win,for_hi_hand1.bmp.ctxr,for_hi_hand1.bmp,ctxr,26912,fc83ebc5bcaf3bc375cc45dbcabb7d137e78508b
textures/flatlist/ovr_stm/_win/for_hi_hand2.bmp.ctxr,textures/flatlist/ovr_stm/_win,for_hi_hand2.bmp.ctxr,for_hi_hand2.bmp,ctxr,14624,9d0a15fb1d72b4a635471b78cee6b6963a1e226d
textures/flatlist/ovr_stm/_win/for_hi_hand3.bmp.ctxr,textures/flatlist/ovr_stm/_win,for_hi_hand3.bmp.ctxr,for_hi_hand3.bmp,ctxr,7136,a6abba6f3cc39fa117baa0916c88a206f86c5262
textures/flatlist/ovr_stm/_win/for_hi_mtg_alp_ovl.bmp.ctxr,textures/flatlist/ovr_stm/_win,for_hi_mtg_alp_ovl.bmp.ctxr,for_hi_mtg_alp_ovl.bmp,ctxr,19488,a18f1d17a34ee604c0638ae35184c01dfa9843f4
textures/flatlist/ovr_stm/_win/for_hlst_back.bmp.ctxr,textures/flatlist/ovr_stm/_win,for_hlst_back.bmp.ctxr,for_hlst_back.bmp,ctxr,5408,0a2aebea44ca84a2548ad2c0dfd856b94b067f3a
textures/flatlist/ovr_stm/_win/for_hlst_fro.bmp.ctxr,textures/flatlist/ovr_stm/_win,for_hlst_fro.bmp.ctxr,for_hlst_fro.bmp,ctxr,4416,fb66fede16951e0beed290fcce710792ad5da9fc
textures/flatlist/ovr_stm/_win/for_hlst_side.bmp.ctxr,textures/flatlist/ovr_stm/_win,for_hlst_side.bmp.ctxr,for_hlst_side.bmp,ctxr,13984,552cd86f185a2b2d3419db082311cc2d44f3fb14
textures/flatlist/ovr_stm/_win/for_kizu_body_ovl_alp.bmp.ctxr,textures/flatlist/ovr_stm/_win,for_kizu_body_ovl_alp.bmp.ctxr,for_kizu_body_ovl_alp.bmp,ctxr,6240,be79350c6428719797a6814a233c69634206a947
textures/flatlist/ovr_stm/_win/for_leg_ovl_sub_alp.bmp.ctxr,textures/flatlist/ovr_stm/_win,for_leg_ovl_sub_alp.bmp.ctxr,for_leg_ovl_sub_alp.bmp,ctxr,35424,b4e3a375496f3e3109c7b29591b340a397d88490
textures/flatlist/ovr_stm/_win/for_leg_ss.bmp.ctxr,textures/flatlist/ovr_stm/_win,for_leg_ss.bmp.ctxr,for_leg_ss.bmp,ctxr,47296,045decdf7153d574d27757277ed1fe430e7f23d7
textures/flatlist/ovr_stm/_win/for_lnr_sling.bmp.ctxr,textures/flatlist/ovr_stm/_win,for_lnr_sling.bmp.ctxr,for_lnr_sling.bmp,ctxr,480,5b38bcb9e192e9fbef177c7c6fce0f43eeb25718
textures/flatlist/ovr_stm/_win/for_m9_glip.bmp.ctxr,textures/flatlist/ovr_stm/_win,for_m9_glip.bmp.ctxr,for_m9_glip.bmp,ctxr,8000,7d24fa839cac136983c04622b4315dc27f1bf7ac
textures/flatlist/ovr_stm/_win/for_magazine.bmp.ctxr,textures/flatlist/ovr_stm/_win,for_magazine.bmp.ctxr,for_magazine.bmp,ctxr,18720,8250adc9952c9983194585af2f25e462752d3a7e
textures/flatlist/ovr_stm/_win/for_sox_ovl_sub_alp.bmp.ctxr,textures/flatlist/ovr_stm/_win,for_sox_ovl_sub_alp.bmp.ctxr,for_sox_ovl_sub_alp.bmp,ctxr,6304,ee316933b31d1f4577071987e6b8daab4befd7f3
textures/flatlist/ovr_stm/_win/for_s_ovl_mod1120_alp_emap.bmp.ctxr,textures/flatlist/ovr_stm/_win,for_s_ovl_mod1120_alp_emap.bmp.ctxr,for_s_ovl_mod1120_alp_emap.bmp,ctxr,16544,4563668937ac18c040fd08667d3dc524c5a9020f
textures/flatlist/ovr_stm/_win/for_toe.bmp.ctxr,textures/flatlist/ovr_stm/_win,for_toe.bmp.ctxr,for_toe.bmp,ctxr,16992,9f54d82db258580f60a95dc64489754f905cace8
textures/flatlist/ovr_stm/_win/for_t_l_ovl_sub_alp.bmp.ctxr,textures/flatlist/ovr_stm/_win,for_t_l_ovl_sub_alp.bmp.ctxr,for_t_l_ovl_sub_alp.bmp,ctxr,11680,7509ac5d3bdd96bab93b3adeeb4b5ca03b5c70c2
textures/flatlist/ovr_stm/_win/for_t_r_ovl_sub_alp.bmp.ctxr,textures/flatlist/ovr_stm/_win,for_t_r_ovl_sub_alp.bmp.ctxr,for_t_r_ovl_sub_alp.bmp,ctxr,11680,e81b0d5fff7fb9822d10538abcea61adf6b67b6d
textures/flatlist/ovr_stm/_win/fstamp03_alp.bmp.ctxr,textures/flatlist/ovr_stm/_win,fstamp03_alp.bmp.ctxr,fstamp03_alp.bmp,ctxr,6432,1979e79b00e0bd55ace13b19425f2137df8e472e
textures/flatlist/ovr_stm/_win/gas00.bmp.ctxr,textures/flatlist/ovr_stm/_win,gas00.bmp.ctxr,gas00.bmp,ctxr,37152,d94cd19fff953ddabb93fb915dc8c13f23190eb7
textures/flatlist/ovr_stm/_win/gas01.bmp.ctxr,textures/flatlist/ovr_stm/_win,gas01.bmp.ctxr,gas01.bmp,ctxr,12576,a7c3e01d1830e0ad1711ebfa416fb5240803d69a
textures/flatlist/ovr_stm/_win/gas_cap00.bmp.ctxr,textures/flatlist/ovr_stm/_win,gas_cap00.bmp.ctxr,gas_cap00.bmp,ctxr,8512,def66003fd3ad2431c7680c1ca5b4c0456600074
textures/flatlist/ovr_stm/_win/gas_cap01.bmp.ctxr,textures/flatlist/ovr_stm/_win,gas_cap01.bmp.ctxr,gas_cap01.bmp,ctxr,5760,5741d0c830d460314c95d19810d56b030a14fc35
textures/flatlist/ovr_stm/_win/gas_dai02.bmp.ctxr,textures/flatlist/ovr_stm/_win,gas_dai02.bmp.ctxr,gas_dai02.bmp,ctxr,3072,211850716e8a914a845a6557ae918c8a206b59e2
textures/flatlist/ovr_stm/_win/gas_dai02b.bmp.ctxr,textures/flatlist/ovr_stm/_win,gas_dai02b.bmp.ctxr,gas_dai02b.bmp,ctxr,2336,13aa3129529c3560f8c1d72f08508f735bc6d734
textures/flatlist/ovr_stm/_win/gbc_bousi_f.bmp.ctxr,textures/flatlist/ovr_stm/_win,gbc_bousi_f.bmp.ctxr,gbc_bousi_f.bmp,ctxr,12224,818c764b2c4c8a1cfea044693cbadb2359d136c6
textures/flatlist/ovr_stm/_win/gbc_bousi_s2.bmp.ctxr,textures/flatlist/ovr_stm/_win,gbc_bousi_s2.bmp.ctxr,gbc_bousi_s2.bmp,ctxr,34304,afa1f41bd3838c5f58dc624fd36459fba2111836
textures/flatlist/ovr_stm/_win/gbc_deppari.bmp.ctxr,textures/flatlist/ovr_stm/_win,gbc_deppari.bmp.ctxr,gbc_deppari.bmp,ctxr,2624,2d9a78e83bf8efcc152e153ec2756b4bcf1b43da
textures/flatlist/ovr_stm/_win/gbc_kao.bmp.ctxr,textures/flatlist/ovr_stm/_win,gbc_kao.bmp.ctxr,gbc_kao.bmp,ctxr,67904,ef0e602e309b9484cdd972dd8274a410ee715815
textures/flatlist/ovr_stm/_win/gbc_maiku.bmp.ctxr,textures/flatlist/ovr_stm/_win,gbc_maiku.bmp.ctxr,gbc_maiku.bmp,ctxr,7104,4ffe547ad3900b8a833331fdb3f869fcb3e6642e
textures/flatlist/ovr_stm/_win/gbc_tuba.bmp.ctxr,textures/flatlist/ovr_stm/_win,gbc_tuba.bmp.ctxr,gbc_tuba.bmp,ctxr,6240,9ed423a30fafeff01c9c803897be620e4e4011a0
textures/flatlist/ovr_stm/_win/gbc_tusinki.bmp.ctxr,textures/flatlist/ovr_stm/_win,gbc_tusinki.bmp.ctxr,gbc_tusinki.bmp,ctxr,20256,40d509a71f7c8824082bd79b6896692653144032
textures/flatlist/ovr_stm/_win/gbs_ak_sling.bmp.ctxr,textures/flatlist/ovr_stm/_win,gbs_ak_sling.bmp.ctxr,gbs_ak_sling.bmp,ctxr,1120,324e07644887f2c675221d8ca5e1cc07cada7b6c
textures/flatlist/ovr_stm/_win/gbs_arm_ss.bmp.ctxr,textures/flatlist/ovr_stm/_win,gbs_arm_ss.bmp.ctxr,gbs_arm_ss.bmp,ctxr,60000,675ab7bc077c0633dac6255f5368e512d8b261bc
textures/flatlist/ovr_stm/_win/gbs_belt.bmp.ctxr,textures/flatlist/ovr_stm/_win,gbs_belt.bmp.ctxr,gbs_belt.bmp,ctxr,1280,053eb0b33ec998f61bfd328b480b03d4316ab4ba
textures/flatlist/ovr_stm/_win/gbs_body_ss.bmp.ctxr,textures/flatlist/ovr_stm/_win,gbs_body_ss.bmp.ctxr,gbs_body_ss.bmp,ctxr,128672,ef565d2dd854c79db8203ce04337b141272f0230
textures/flatlist/ovr_stm/_win/gbs_boot_bot1.bmp.ctxr,textures/flatlist/ovr_stm/_win,gbs_boot_bot1.bmp.ctxr,gbs_boot_bot1.bmp,ctxr,9824,04e7716d196b13817193c261881fa3f3b42e6f8f
textures/flatlist/ovr_stm/_win/gbs_boot_bot2.bmp.ctxr,textures/flatlist/ovr_stm/_win,gbs_boot_bot2.bmp.ctxr,gbs_boot_bot2.bmp,ctxr,5056,cb0a9ace4ae3c2c2d4d493b1dafaac92ac245a15
textures/flatlist/ovr_stm/_win/gbs_boot_ss.bmp.ctxr,textures/flatlist/ovr_stm/_win,gbs_boot_ss.bmp.ctxr,gbs_boot_ss.bmp,ctxr,22176,3e1144dab3d83719a144757e092188c84a9e3aa4
textures/flatlist/ovr_stm/_win/gbs_bp1.bmp.ctxr,textures/flatlist/ovr_stm/_win,gbs_bp1.bmp.ctxr,gbs_bp1.bmp,ctxr,30144,172cd5b1f860db642e183ac69da0ae56d7dea397
textures/flatlist/ovr_stm/_win/gbs_bp2.bmp.ctxr,textures/flatlist/ovr_stm/_win,gbs_bp2.bmp.ctxr,gbs_bp2.bmp,ctxr,4096,a3db4150f452e7fc7b0150fca8eba5a83f6083fe
textures/flatlist/ovr_stm/_win/gbs_eri.bmp.ctxr,textures/flatlist/ovr_stm/_win,gbs_eri.bmp.ctxr,gbs_eri.bmp,ctxr,6688,b35cd98ebb9b18e74c99f1362150ede0c211a16d
textures/flatlist/ovr_stm/_win/gbs_eye_def.bmp.ctxr,textures/flatlist/ovr_stm/_win,gbs_eye_def.bmp.ctxr,gbs_eye_def.bmp,ctxr,2304,fb05f47cccc9e74b51c0e42639141a928765b016
textures/flatlist/ovr_stm/_win/gbs_eye_white.bmp.ctxr,textures/flatlist/ovr_stm/_win,gbs_eye_white.bmp.ctxr,gbs_eye_white.bmp,ctxr,2304,31fa07f74623f7df478551970380a4ad022d9efb
textures/flatlist/ovr_stm/_win/gbs_face.bmp.ctxr,textures/flatlist/ovr_stm/_win,gbs_face.bmp.ctxr,gbs_face.bmp,ctxr,15776,a4b6dfd96f9f421345b737d5a0ba5a1f57b23fd2
textures/flatlist/ovr_stm/_win/gbs_head_back.bmp.ctxr,textures/flatlist/ovr_stm/_win,gbs_head_back.bmp.ctxr,gbs_head_back.bmp,ctxr,2304,c1bca728d392896819b0ee586f0ed912bbd594c5
textures/flatlist/ovr_stm/_win/gbs_head_side.bmp.ctxr,textures/flatlist/ovr_stm/_win,gbs_head_side.bmp.ctxr,gbs_head_side.bmp,ctxr,8480,c6fd422b84774e8e77e7a23daa5c6b80de851e5e
textures/flatlist/ovr_stm/_win/gbs_head_top.bmp.ctxr,textures/flatlist/ovr_stm/_win,gbs_head_top.bmp.ctxr,gbs_head_top.bmp,ctxr,16000,76425d3524153f4e892ed1ab9f3596e2784c8335
textures/flatlist/ovr_stm/_win/gbs_leg_ss.bmp.ctxr,textures/flatlist/ovr_stm/_win,gbs_leg_ss.bmp.ctxr,gbs_leg_ss.bmp,ctxr,93184,9eec580cea3c2b80dc957a8015b686e57dbc4767
textures/flatlist/ovr_stm/_win/gbs_p2_back.bmp.ctxr,textures/flatlist/ovr_stm/_win,gbs_p2_back.bmp.ctxr,gbs_p2_back.bmp,ctxr,5056,a37ea632b25e97ab10a0f958102ef16874f6b31b
textures/flatlist/ovr_stm/_win/gbs_p2_fro.bmp.ctxr,textures/flatlist/ovr_stm/_win,gbs_p2_fro.bmp.ctxr,gbs_p2_fro.bmp,ctxr,5056,ef731d97ec8bee3cd631265e98508bd5c5fc6d4f
textures/flatlist/ovr_stm/_win/gbs_p2_side.bmp.ctxr,textures/flatlist/ovr_stm/_win,gbs_p2_side.bmp.ctxr,gbs_p2_side.bmp,ctxr,832,d0ffe917f103e6f1b9ce93731376ec49b2d4f7aa
textures/flatlist/ovr_stm/_win/gbs_p4_fro.bmp.ctxr,textures/flatlist/ovr_stm/_win,gbs_p4_fro.bmp.ctxr,gbs_p4_fro.bmp,ctxr,6432,a8f28af2973ce7f47347e0d28f38ae7bc9a6aa1c
textures/flatlist/ovr_stm/_win/gbs_p4_side.bmp.ctxr,textures/flatlist/ovr_stm/_win,gbs_p4_side.bmp.ctxr,gbs_p4_side.bmp,ctxr,2144,3d370014a884ffe79316996c4bf84db758c7cd1e
textures/flatlist/ovr_stm/_win/gbs_toe2.bmp.ctxr,textures/flatlist/ovr_stm/_win,gbs_toe2.bmp.ctxr,gbs_toe2.bmp,ctxr,10592,6852df4b6bc583e552eec21ee8d41ae8e8ef3722
textures/flatlist/ovr_stm/_win/gcyp_amo_f1.bmp.ctxr,textures/flatlist/ovr_stm/_win,gcyp_amo_f1.bmp.ctxr,gcyp_amo_f1.bmp,ctxr,3040,d7f24b80a8b39154b6b72736d6dc830b9c6d7267
textures/flatlist/ovr_stm/_win/gcyp_bodykim.bmp.ctxr,textures/flatlist/ovr_stm/_win,gcyp_bodykim.bmp.ctxr,gcyp_bodykim.bmp,ctxr,10528,eecab6dc8f7dc8c1a9924698e8bd01291bb13120
textures/flatlist/ovr_stm/_win/ghost_pos.bmp.ctxr,textures/flatlist/ovr_stm/_win,ghost_pos.bmp.ctxr,ghost_pos.bmp,ctxr,139584,46cbd81cb76496723e1a8fb1ddde27bedb4749e6
textures/flatlist/ovr_stm/_win/gps_arm_ss2.bmp.ctxr,textures/flatlist/ovr_stm/_win,gps_arm_ss2.bmp.ctxr,gps_arm_ss2.bmp,ctxr,53600,944448e99aa239744178fca24ae873a132e91345
textures/flatlist/ovr_stm/_win/gps_body_ss.bmp.ctxr,textures/flatlist/ovr_stm/_win,gps_body_ss.bmp.ctxr,gps_body_ss.bmp,ctxr,128672,2ad2328688c5975761899930b62bdd8bb7a99863
textures/flatlist/ovr_stm/_win/gps_boot_ss.bmp.ctxr,textures/flatlist/ovr_stm/_win,gps_boot_ss.bmp.ctxr,gps_boot_ss.bmp,ctxr,18048,a015f01e094b056e7b2423c874266c5e941da5da
textures/flatlist/ovr_stm/_win/gps_crest_l_ovl_alp.bmp.ctxr,textures/flatlist/ovr_stm/_win,gps_crest_l_ovl_alp.bmp.ctxr,gps_crest_l_ovl_alp.bmp,ctxr,4384,6204df07f6d774afad7377ce3b99823474f7aee5
textures/flatlist/ovr_stm/_win/gps_crest_r_ovl_alp.bmp.ctxr,textures/flatlist/ovr_stm/_win,gps_crest_r_ovl_alp.bmp.ctxr,gps_crest_r_ovl_alp.bmp,ctxr,4384,f3fef9a04838cf010d32f59226fcd00aff2410ec
textures/flatlist/ovr_stm/_win/gps_eri.bmp.ctxr,textures/flatlist/ovr_stm/_win,gps_eri.bmp.ctxr,gps_eri.bmp,ctxr,6688,ad6d0ee8d92f29d20838e15c7102ad1d54f09422
textures/flatlist/ovr_stm/_win/gps_eye_close.bmp.ctxr,textures/flatlist/ovr_stm/_win,gps_eye_close.bmp.ctxr,gps_eye_close.bmp,ctxr,2816,0e120b9715c2b7f446738373153fdd515b6b50a5
textures/flatlist/ovr_stm/_win/gps_eye_def.bmp.ctxr,textures/flatlist/ovr_stm/_win,gps_eye_def.bmp.ctxr,gps_eye_def.bmp,ctxr,2816,62b9493b6637277cf2bb5e880f3ac67d41c7e842
textures/flatlist/ovr_stm/_win/gps_eye_open.bmp.ctxr,textures/flatlist/ovr_stm/_win,gps_eye_open.bmp.ctxr,gps_eye_open.bmp,ctxr,2816,0f8eede6dd69efce853bba6988747ecefbce899b
textures/flatlist/ovr_stm/_win/gps_eye_pain.bmp.ctxr,textures/flatlist/ovr_stm/_win,gps_eye_pain.bmp.ctxr,gps_eye_pain.bmp,ctxr,2816,1aa22181dcc12031a3a236ab06cbfcceab6833e5
textures/flatlist/ovr_stm/_win/gps_eye_white.bmp.ctxr,textures/flatlist/ovr_stm/_win,gps_eye_white.bmp.ctxr,gps_eye_white.bmp,ctxr,2816,03fe74b4ec2bf5cffc81069ae897638191dcd101
textures/flatlist/ovr_stm/_win/gps_knife.bmp.ctxr,textures/flatlist/ovr_stm/_win,gps_knife.bmp.ctxr,gps_knife.bmp,ctxr,3232,eec412fabcca6853fd8ae7bf67c08daa64fb8ecb
textures/flatlist/ovr_stm/_win/gps_leg_ss.bmp.ctxr,textures/flatlist/ovr_stm/_win,gps_leg_ss.bmp.ctxr,gps_leg_ss.bmp,ctxr,93184,fdf743319a5694d8ae20aad4c76d7cb08b6f84a0
textures/flatlist/ovr_stm/_win/gps_mask.bmp.ctxr,textures/flatlist/ovr_stm/_win,gps_mask.bmp.ctxr,gps_mask.bmp,ctxr,43328,55eeafa3ee6866bd649b30abb599becdfcaf84f3
textures/flatlist/ovr_stm/_win/gps_poket.bmp.ctxr,textures/flatlist/ovr_stm/_win,gps_poket.bmp.ctxr,gps_poket.bmp,ctxr,7776,b8714799b66bb1ea68e8c4d0cacb62d73fd3db9e
textures/flatlist/ovr_stm/_win/gps_poket2.bmp.ctxr,textures/flatlist/ovr_stm/_win,gps_poket2.bmp.ctxr,gps_poket2.bmp,ctxr,3328,1aa5748ada1e21e5b2e6945df24654316d55a59c
textures/flatlist/ovr_stm/_win/gps_toe2.bmp.ctxr,textures/flatlist/ovr_stm/_win,gps_toe2.bmp.ctxr,gps_toe2.bmp,ctxr,10592,b4bb7612cb2f9fd061f1ac0e6f595e4ebc88a39a
textures/flatlist/ovr_stm/_win/gps_wrist.bmp.ctxr,textures/flatlist/ovr_stm/_win,gps_wrist.bmp.ctxr,gps_wrist.bmp,ctxr,4704,4071f123802932e58799f5ddd57461783c46b080
textures/flatlist/ovr_stm/_win/grn_sb_body.bmp.ctxr,textures/flatlist/ovr_stm/_win,grn_sb_body.bmp.ctxr,grn_sb_body.bmp,ctxr,22848,f7847badcf01164f7f713fa73055fdd1bb3134e7
textures/flatlist/ovr_stm/_win/gwb_ceil01.bmp.ctxr,textures/flatlist/ovr_stm/_win,gwb_ceil01.bmp.ctxr,gwb_ceil01.bmp,ctxr,175168,bc4955ee72167ba49668e3c35c6444b97fe887eb
textures/flatlist/ovr_stm/_win/gwb_fen01_msk.bmp.ctxr,textures/flatlist/ovr_stm/_win,gwb_fen01_msk.bmp.ctxr,gwb_fen01_msk.bmp,ctxr,87776,dbaaaa873bc47c519d7643f2e24a2eae8933c62f
textures/flatlist/ovr_stm/_win/gwb_pole01.bmp.ctxr,textures/flatlist/ovr_stm/_win,gwb_pole01.bmp.ctxr,gwb_pole01.bmp,ctxr,87744,638dee8ab34af22ddade9285f08628cbbbec9148
textures/flatlist/ovr_stm/_win/gwb_pole02.bmp.ctxr,textures/flatlist/ovr_stm/_win,gwb_pole02.bmp.ctxr,gwb_pole02.bmp,ctxr,44064,c5c8986a092451138376b2622cab3e8a397d7277
textures/flatlist/ovr_stm/_win/h6h_body_f1.bmp.ctxr,textures/flatlist/ovr_stm/_win,h6h_body_f1.bmp.ctxr,h6h_body_f1.bmp,ctxr,22176,33283683de04bafce3d48a1c97799ccf631f0e86
textures/flatlist/ovr_stm/_win/h6h_body_s1.bmp.ctxr,textures/flatlist/ovr_stm/_win,h6h_body_s1.bmp.ctxr,h6h_body_s1.bmp,ctxr,164224,d47dc6144c529ff56add9c30ea1abfd95100e4fa
textures/flatlist/ovr_stm/_win/h6h_body_s3.bmp.ctxr,textures/flatlist/ovr_stm/_win,h6h_body_s3.bmp.ctxr,h6h_body_s3.bmp,ctxr,109600,8760809dee48921a8c24ed2b870b967af01e374f
textures/flatlist/ovr_stm/_win/h6h_body_t1.bmp.ctxr,textures/flatlist/ovr_stm/_win,h6h_body_t1.bmp.ctxr,h6h_body_t1.bmp,ctxr,193856,702347d594e89af9f759f91adabde46cd90def8e
textures/flatlist/ovr_stm/_win/h6h_body_u1.bmp.ctxr,textures/flatlist/ovr_stm/_win,h6h_body_u1.bmp.ctxr,h6h_body_u1.bmp,ctxr,87776,ad7b012206ced3c265096a32392957a5fc562179
textures/flatlist/ovr_stm/_win/h6h_duct_hole.bmp.ctxr,textures/flatlist/ovr_stm/_win,h6h_duct_hole.bmp.ctxr,h6h_duct_hole.bmp,ctxr,6432,4935aa51b7025f9b21f5ee3cad82c2764adada85
textures/flatlist/ovr_stm/_win/h6h_duct_s1.bmp.ctxr,textures/flatlist/ovr_stm/_win,h6h_duct_s1.bmp.ctxr,h6h_duct_s1.bmp,ctxr,37152,7c6a6440734955b2fd90305a02db5d0c2c9c40bd
textures/flatlist/ovr_stm/_win/h6h_face_s1.bmp.ctxr,textures/flatlist/ovr_stm/_win,h6h_face_s1.bmp.ctxr,h6h_face_s1.bmp,ctxr,28960,0ec7498cf1e0e41ad46270df50b36cd2ef625235
textures/flatlist/ovr_stm/_win/h6h_intake_s1.bmp.ctxr,textures/flatlist/ovr_stm/_win,h6h_intake_s1.bmp.ctxr,h6h_intake_s1.bmp,ctxr,49472,6a89fd7744e6507c243014e8c0044fec23264ce5
textures/flatlist/ovr_stm/_win/h6h_tailbox1.bmp.ctxr,textures/flatlist/ovr_stm/_win,h6h_tailbox1.bmp.ctxr,h6h_tailbox1.bmp,ctxr,16704,24098201c388a8957b21a867d7c82afc50335585
textures/flatlist/ovr_stm/_win/h6h_tailwing_s1.bmp.ctxr,textures/flatlist/ovr_stm/_win,h6h_tailwing_s1.bmp.ctxr,h6h_tailwing_s1.bmp,ctxr,49472,a99f6c96196c9dcd30177982d1a5c8210ab05439
textures/flatlist/ovr_stm/_win/h6h_tank1_s1.bmp.ctxr,textures/flatlist/ovr_stm/_win,h6h_tank1_s1.bmp.ctxr,h6h_tank1_s1.bmp,ctxr,44064,83b165cd5aae3addc97b517482dbbd0045540a10
textures/flatlist/ovr_stm/_win/h6h_temptex1.bmp.ctxr,textures/flatlist/ovr_stm/_win,h6h_temptex1.bmp.ctxr,h6h_temptex1.bmp,ctxr,22176,cc6e14545af922b8b19b39c81929b52c2d2b654b
textures/flatlist/ovr_stm/_win/h6h_wheel.bmp.ctxr,textures/flatlist/ovr_stm/_win,h6h_wheel.bmp.ctxr,h6h_wheel.bmp,ctxr,5760,4ff87c7f07273265256dbe174a53ac7fb3ee0649
textures/flatlist/ovr_stm/_win/h6h_wheel_shaft.bmp.ctxr,textures/flatlist/ovr_stm/_win,h6h_wheel_shaft.bmp.ctxr,h6h_wheel_shaft.bmp,ctxr,4384,c8b13b2df3cf42309efa7da9b33fc184f160b5e9
textures/flatlist/ovr_stm/_win/hakof1.bmp.ctxr,textures/flatlist/ovr_stm/_win,hakof1.bmp.ctxr,hakof1.bmp,ctxr,12576,13a586f8146cb28019d171f3492b11a55d24f01a
textures/flatlist/ovr_stm/_win/hakos1.bmp.ctxr,textures/flatlist/ovr_stm/_win,hakos1.bmp.ctxr,hakos1.bmp,ctxr,15328,14f18d3dd10df1b396ecf8298fd730d0a73fb34f
textures/flatlist/ovr_stm/_win/hakot1.bmp.ctxr,textures/flatlist/ovr_stm/_win,hakot1.bmp.ctxr,hakot1.bmp,ctxr,15328,8e701a5c49c9e1d582c7cfa7a61d52e331464945
textures/flatlist/ovr_stm/_win/hri2_body_back_cracked.bmp.ctxr,textures/flatlist/ovr_stm/_win,hri2_body_back_cracked.bmp.ctxr,hri2_body_back_cracked.bmp,ctxr,39904,4763f4de8564c1188057aef5c8cfbcc8d51d821f
textures/flatlist/ovr_stm/_win/hri2_body_s1_brk.bmp.ctxr,textures/flatlist/ovr_stm/_win,hri2_body_s1_brk.bmp.ctxr,hri2_body_s1_brk.bmp,ctxr,218848,75a7ab7287e1cb6e276fcdd684408acab653f061
textures/flatlist/ovr_stm/_win/hri2_cnpy02_brk_kato_ovl.bmp.ctxr,textures/flatlist/ovr_stm/_win,hri2_cnpy02_brk_kato_ovl.bmp.ctxr,hri2_cnpy02_brk_kato_ovl.bmp,ctxr,37184,01306e93e6de626e043c646d47157c3b4fbb2264
textures/flatlist/ovr_stm/_win/hri2_cockpit_console_t3.bmp.ctxr,textures/flatlist/ovr_stm/_win,hri2_cockpit_console_t3.bmp.ctxr,hri2_cockpit_console_t3.bmp,ctxr,37888,1a40bca95416f9d1e255d37d3ec9c44d9680289c
textures/flatlist/ovr_stm/_win/hri2_cockpit_sideplate_01.bmp.ctxr,textures/flatlist/ovr_stm/_win,hri2_cockpit_sideplate_01.bmp.ctxr,hri2_cockpit_sideplate_01.bmp,ctxr,8512,4757a45e3526825cbf98108650e2e53897ac7f20
textures/flatlist/ovr_stm/_win/hri2_face_s1_brk.bmp.ctxr,textures/flatlist/ovr_stm/_win,hri2_face_s1_brk.bmp.ctxr,hri2_face_s1_brk.bmp,ctxr,153280,542a64457b0b0fdd0cba7b35b3d46325fe0462f4
textures/flatlist/ovr_stm/_win/hri2_mwing_t1_brk.bmp.ctxr,textures/flatlist/ovr_stm/_win,hri2_mwing_t1_brk.bmp.ctxr,hri2_mwing_t1_brk.bmp,ctxr,143680,b7cd1a2f06af195dc5291123816244745c565853
textures/flatlist/ovr_stm/_win/iro_armblood_alp_ovl.bmp.ctxr,textures/flatlist/ovr_stm/_win,iro_armblood_alp_ovl.bmp.ctxr,iro_armblood_alp_ovl.bmp,ctxr,15648,f594ce0b74ab28149aa0f34225abe53ffdebfdad
textures/flatlist/ovr_stm/_win/iro_arm_l.bmp.ctxr,textures/flatlist/ovr_stm/_win,iro_arm_l.bmp.ctxr,iro_arm_l.bmp,ctxr,41280,f423c5cf89fd2bfda80b25dfab1d59be1d13356f
textures/flatlist/ovr_stm/_win/iro_arm_r.bmp.ctxr,textures/flatlist/ovr_stm/_win,iro_arm_r.bmp.ctxr,iro_arm_r.bmp,ctxr,41280,f9875f23fe3f9ce984a6e6c6e1e473d1a80e86de
textures/flatlist/ovr_stm/_win/iro_arm_ss.bmp.ctxr,textures/flatlist/ovr_stm/_win,iro_arm_ss.bmp.ctxr,iro_arm_ss.bmp,ctxr,8832,f3855448d032f3c8a567be9b6a69906308114c39
textures/flatlist/ovr_stm/_win/iro_bag1.bmp.ctxr,textures/flatlist/ovr_stm/_win,iro_bag1.bmp.ctxr,iro_bag1.bmp,ctxr,8480,8de4c599cf346ad48844842af42ab3946cd7e0ad
textures/flatlist/ovr_stm/_win/iro_bag2.bmp.ctxr,textures/flatlist/ovr_stm/_win,iro_bag2.bmp.ctxr,iro_bag2.bmp,ctxr,19136,b0e12e0041a2af09c99cfc54921a217f9f5ba78d
textures/flatlist/ovr_stm/_win/iro_bag3.bmp.ctxr,textures/flatlist/ovr_stm/_win,iro_bag3.bmp.ctxr,iro_bag3.bmp,ctxr,6240,a1d0e05cd623a8a349647d7a2700ab9065a5e986
textures/flatlist/ovr_stm/_win/iro_bag4.bmp.ctxr,textures/flatlist/ovr_stm/_win,iro_bag4.bmp.ctxr,iro_bag4.bmp,ctxr,5632,9f569284b16b58d41c44857d527f93ed755bacab
textures/flatlist/ovr_stm/_win/iro_bag5.bmp.ctxr,textures/flatlist/ovr_stm/_win,iro_bag5.bmp.ctxr,iro_bag5.bmp,ctxr,1120,bb4073485a91f9dff3b856b2c9bae691a35f6d59
textures/flatlist/ovr_stm/_win/iro_bag6.bmp.ctxr,textures/flatlist/ovr_stm/_win,iro_bag6.bmp.ctxr,iro_bag6.bmp,ctxr,960,5128feeeb20b9984692434f2c50c20412b721409
textures/flatlist/ovr_stm/_win/iro_body.bmp.ctxr,textures/flatlist/ovr_stm/_win,iro_body.bmp.ctxr,iro_body.bmp,ctxr,80928,bd17f2d240739fa03297d801206dafed533ee668
textures/flatlist/ovr_stm/_win/iro_boots.bmp.ctxr,textures/flatlist/ovr_stm/_win,iro_boots.bmp.ctxr,iro_boots.bmp,ctxr,47424,70e90600c0db52aa2f7ecab79c50979d840af5b7
textures/flatlist/ovr_stm/_win/iro_face.bmp.ctxr,textures/flatlist/ovr_stm/_win,iro_face.bmp.ctxr,iro_face.bmp,ctxr,7520,cf338672c1e75e7629f27f8fa2a624338a71fab5
textures/flatlist/ovr_stm/_win/iro_face.bmp_c2887b3a82812f39ba6df6e2295dab8a.ctxr,textures/flatlist/ovr_stm/_win,iro_face.bmp_c2887b3a82812f39ba6df6e2295dab8a.ctxr,iro_face.bmp_c2887b3a82812f39ba6df6e2295dab8a,ctxr,83616,ee702a89f0eb2c95f48bf81227c7fbae4fe4f058
textures/flatlist/ovr_stm/_win/iro_glass_frame.bmp.ctxr,textures/flatlist/ovr_stm/_win,iro_glass_frame.bmp.ctxr,iro_glass_frame.bmp,ctxr,288,ec09985334732bc2684cac3fadae331cedbede6b
textures/flatlist/ovr_stm/_win/iro_glass_sub_ovl_alp.bmp.ctxr,textures/flatlist/ovr_stm/_win,iro_glass_sub_ovl_alp.bmp.ctxr,iro_glass_sub_ovl_alp.bmp,ctxr,4768,0daa67d332543ff7db8884f1b8df94c25010a434
textures/flatlist/ovr_stm/_win/iro_hair01_alp_ovl.bmp.ctxr,textures/flatlist/ovr_stm/_win,iro_hair01_alp_ovl.bmp.ctxr,iro_hair01_alp_ovl.bmp,ctxr,12608,f5d1735653608fcf1d1c06c9dc016cebb5e3adf6
textures/flatlist/ovr_stm/_win/iro_hair02_alp_ovl.bmp.ctxr,textures/flatlist/ovr_stm/_win,iro_hair02_alp_ovl.bmp.ctxr,iro_hair02_alp_ovl.bmp,ctxr,49472,d851939f4f71053440025c770e16d5ea7e69a429
textures/flatlist/ovr_stm/_win/iro_hair_base.bmp.ctxr,textures/flatlist/ovr_stm/_win,iro_hair_base.bmp.ctxr,iro_hair_base.bmp,ctxr,80192,00b2a4ab683f4b329d0ce729b4dbf2d0639fed62
textures/flatlist/ovr_stm/_win/iro_hand.bmp.ctxr,textures/flatlist/ovr_stm/_win,iro_hand.bmp.ctxr,iro_hand.bmp,ctxr,11264,15e70c5e5332be35cee22c58b66375bf8dc70ac7
textures/flatlist/ovr_stm/_win/iro_hand_hi.bmp.ctxr,textures/flatlist/ovr_stm/_win,iro_hand_hi.bmp.ctxr,iro_hand_hi.bmp,ctxr,27616,33c35d0d5a482cd7fdb7d645779c616640ecc729
textures/flatlist/ovr_stm/_win/iro_hi_ela_alp_ovl.bmp.ctxr,textures/flatlist/ovr_stm/_win,iro_hi_ela_alp_ovl.bmp.ctxr,iro_hi_ela_alp_ovl.bmp,ctxr,13600,114df621f70061409e772498de3293a869a6d027
textures/flatlist/ovr_stm/_win/iro_hi_face.bmp.ctxr,textures/flatlist/ovr_stm/_win,iro_hi_face.bmp.ctxr,iro_hi_face.bmp,ctxr,220192,65490dd1a6a5b543c5d80d9322bf0c0013aa1a87
textures/flatlist/ovr_stm/_win/iro_hi_face_bandage.bmp.ctxr,textures/flatlist/ovr_stm/_win,iro_hi_face_bandage.bmp.ctxr,iro_hi_face_bandage.bmp,ctxr,220192,b76dddde0c31a54bdbf43e20913cc2095e487bd2
textures/flatlist/ovr_stm/_win/iro_hi_finger.bmp.ctxr,textures/flatlist/ovr_stm/_win,iro_hi_finger.bmp.ctxr,iro_hi_finger.bmp,ctxr,5760,6cef22379230aaac4e392d9cf3a2a72ab4a0971a
textures/flatlist/ovr_stm/_win/iro_hi_finger2.bmp.ctxr,textures/flatlist/ovr_stm/_win,iro_hi_finger2.bmp.ctxr,iro_hi_finger2.bmp,ctxr,4384,c730e18e95a7da83f76a25e3ec2f42b2a0480ee9
textures/flatlist/ovr_stm/_win/iro_hi_hand1.bmp.ctxr,textures/flatlist/ovr_stm/_win,iro_hi_hand1.bmp.ctxr,iro_hi_hand1.bmp,ctxr,26912,5240c247b10a38f4346a40f15fa2020ff8582773
textures/flatlist/ovr_stm/_win/iro_hi_hand2.bmp.ctxr,textures/flatlist/ovr_stm/_win,iro_hi_hand2.bmp.ctxr,iro_hi_hand2.bmp,ctxr,14624,fc31479095377b42af27d306026dbedb53ee320a
textures/flatlist/ovr_stm/_win/iro_hi_tang.bmp.ctxr,textures/flatlist/ovr_stm/_win,iro_hi_tang.bmp.ctxr,iro_hi_tang.bmp,ctxr,22176,16892f7501193ebfb405f01647c35638630a69ec
textures/flatlist/ovr_stm/_win/iro_hi_teeth.bmp.ctxr,textures/flatlist/ovr_stm/_win,iro_hi_teeth.bmp.ctxr,iro_hi_teeth.bmp,ctxr,16512,b3fcdce6fb2a194f5ee921ba326fc575e7a1145c
textures/flatlist/ovr_stm/_win/iro_mask.bmp.ctxr,textures/flatlist/ovr_stm/_win,iro_mask.bmp.ctxr,iro_mask.bmp,ctxr,43328,8a5216dc08713115a63f1c1d18d86f44e1ad92a4
textures/flatlist/ovr_stm/_win/iro_nail.bmp.ctxr,textures/flatlist/ovr_stm/_win,iro_nail.bmp.ctxr,iro_nail.bmp,ctxr,3040,d90c4d95edd3e9346a5b7fe628d93a1ca123ba13
textures/flatlist/ovr_stm/_win/iro_phones01.bmp.ctxr,textures/flatlist/ovr_stm/_win,iro_phones01.bmp.ctxr,iro_phones01.bmp,ctxr,16512,9b58d0f809166e2e4f507bde2c9be8bc5b23c5bb
textures/flatlist/ovr_stm/_win/iro_phones02_ovl_alp.bmp.ctxr,textures/flatlist/ovr_stm/_win,iro_phones02_ovl_alp.bmp.ctxr,iro_phones02_ovl_alp.bmp,ctxr,3712,6d2d35f78cdfefef2a51fcb83c056723d15568bc
textures/flatlist/ovr_stm/_win/iro_radio.bmp.ctxr,textures/flatlist/ovr_stm/_win,iro_radio.bmp.ctxr,iro_radio.bmp,ctxr,13056,1b4427fcbbcc4a3aabcb37d7bf1c15ccc613fbc3
textures/flatlist/ovr_stm/_win/iro_radio_band_alp_ovl.bmp.ctxr,textures/flatlist/ovr_stm/_win,iro_radio_band_alp_ovl.bmp.ctxr,iro_radio_band_alp_ovl.bmp,ctxr,10528,43004d1f698a992dba3f6747af1720f056cec678
textures/flatlist/ovr_stm/_win/iro_skin.bmp.ctxr,textures/flatlist/ovr_stm/_win,iro_skin.bmp.ctxr,iro_skin.bmp,ctxr,5376,3dcb99441c5717ce4c824b6154d2fde1f4be8d1b
textures/flatlist/ovr_stm/_win/iro_skin_bandage.bmp.ctxr,textures/flatlist/ovr_stm/_win,iro_skin_bandage.bmp.ctxr,iro_skin_bandage.bmp,ctxr,24896,138dbf3960d63a39309b01096aa090d010aea1bc
textures/flatlist/ovr_stm/_win/iro_skin_blood.bmp.ctxr,textures/flatlist/ovr_stm/_win,iro_skin_blood.bmp.ctxr,iro_skin_blood.bmp,ctxr,20768,4c2715bd5e8d430154329301c16a850fe8cb4dfd
textures/flatlist/ovr_stm/_win/iro_sk_face.bmp.ctxr,textures/flatlist/ovr_stm/_win,iro_sk_face.bmp.ctxr,iro_sk_face.bmp,ctxr,12832,72dcaf1e93a1d347e83dc185f4422cc05fda5fdb
textures/flatlist/ovr_stm/_win/iro_snawear.bmp.ctxr,textures/flatlist/ovr_stm/_win,iro_snawear.bmp.ctxr,iro_snawear.bmp,ctxr,3712,654c644928b184563092d24188fa04ab4b4b3912
textures/flatlist/ovr_stm/_win/irs_box_all.bmp.ctxr,textures/flatlist/ovr_stm/_win,irs_box_all.bmp.ctxr,irs_box_all.bmp,ctxr,19424,c1c968fab057aeae22d4a1bf248256a2ea4c0c62
textures/flatlist/ovr_stm/_win/irs_box_back.bmp.ctxr,textures/flatlist/ovr_stm/_win,irs_box_back.bmp.ctxr,irs_box_back.bmp,ctxr,4384,a1affa91082f178d727acfb252c4e548550e7c56
textures/flatlist/ovr_stm/_win/irs_box_break.bmp.ctxr,textures/flatlist/ovr_stm/_win,irs_box_break.bmp.ctxr,irs_box_break.bmp,ctxr,19424,755c88d4c7e939fe285deb350432718c63901f6d
textures/flatlist/ovr_stm/_win/irs_main.bmp.ctxr,textures/flatlist/ovr_stm/_win,irs_main.bmp.ctxr,irs_main.bmp,ctxr,13984,25a2c37a0997163b2553970c954064ac678996d0
textures/flatlist/ovr_stm/_win/irs_u1.bmp.ctxr,textures/flatlist/ovr_stm/_win,irs_u1.bmp.ctxr,irs_u1.bmp,ctxr,9472,1f2e4987fe1575fc57e50cf8df7358de19316b54
textures/flatlist/ovr_stm/_win/jim_rusty_arm_01.bmp.ctxr,textures/flatlist/ovr_stm/_win,jim_rusty_arm_01.bmp.ctxr,jim_rusty_arm_01.bmp,ctxr,11264,75daa25193cc9fe17428c597d66a362b09e84063
textures/flatlist/ovr_stm/_win/jim_rusty_back_01.bmp.ctxr,textures/flatlist/ovr_stm/_win,jim_rusty_back_01.bmp.ctxr,jim_rusty_back_01.bmp,ctxr,8480,a463e90b435d417dd95c0433b52d64dedca21c07
textures/flatlist/ovr_stm/_win/jim_rusty_body_02.bmp.ctxr,textures/flatlist/ovr_stm/_win,jim_rusty_body_02.bmp.ctxr,jim_rusty_body_02.bmp,ctxr,22176,e992f7e19e2c1d5a4b0f6d27c84faf42d029d9c2
textures/flatlist/ovr_stm/_win/jim_rusty_joint_01.bmp.ctxr,textures/flatlist/ovr_stm/_win,jim_rusty_joint_01.bmp.ctxr,jim_rusty_joint_01.bmp,ctxr,12576,c39e9c1226cefdb521696c56147be3e9758d85a2
textures/flatlist/ovr_stm/_win/jim_rusty_met_02.bmp.ctxr,textures/flatlist/ovr_stm/_win,jim_rusty_met_02.bmp.ctxr,jim_rusty_met_02.bmp,ctxr,16704,1730863c6fbac55122ed5f3c1b0eb2d576bf9c11
textures/flatlist/ovr_stm/_win/jim_rusty_win_01.bmp.ctxr,textures/flatlist/ovr_stm/_win,jim_rusty_win_01.bmp.ctxr,jim_rusty_win_01.bmp,ctxr,12576,8e7b2aa35a76daa49e867a5d83b15b45e35f45ad
textures/flatlist/ovr_stm/_win/kaitaic4_c_f1.bmp.ctxr,textures/flatlist/ovr_stm/_win,kaitaic4_c_f1.bmp.ctxr,kaitaic4_c_f1.bmp,ctxr,65888,088720df8e9fa20ab8511d77d96af6542218e653
textures/flatlist/ovr_stm/_win/kcej_logo_alp_ovl.bmp.ctxr,textures/flatlist/ovr_stm/_win,kcej_logo_alp_ovl.bmp.ctxr,kcej_logo_alp_ovl.bmp,ctxr,917664,e740ef61691f09048d5fa54e1a3fbc1af73209dc
textures/flatlist/ovr_stm/_win/kckis_box1.bmp.ctxr,textures/flatlist/ovr_stm/_win,kckis_box1.bmp.ctxr,kckis_box1.bmp,ctxr,22176,933ea6422ce6cd6d405f92cbf921a0554234a1ea
textures/flatlist/ovr_stm/_win/kckis_door_walls1.bmp.ctxr,textures/flatlist/ovr_stm/_win,kckis_door_walls1.bmp.ctxr,kckis_door_walls1.bmp,ctxr,10560,5daa259e8940137a44a8055380ed897ab56d932a
textures/flatlist/ovr_stm/_win/kckis_pipe1.bmp.ctxr,textures/flatlist/ovr_stm/_win,kckis_pipe1.bmp.ctxr,kckis_pipe1.bmp,ctxr,7136,320363c0efcc3e10de24a144470cd36308fcd21c
textures/flatlist/ovr_stm/_win/kckis_wall_s1.bmp.ctxr,textures/flatlist/ovr_stm/_win,kckis_wall_s1.bmp.ctxr,kckis_wall_s1.bmp,ctxr,172384,f8277cf022325183b8f3921e1db5e6c26aa332a7
textures/flatlist/ovr_stm/_win/kck_body1_s.bmp.ctxr,textures/flatlist/ovr_stm/_win,kck_body1_s.bmp.ctxr,kck_body1_s.bmp,ctxr,164192,d72a4fff4ecdcc66cd5e3caf7a78b8ee7241ab50
textures/flatlist/ovr_stm/_win/kck_body1_t.bmp.ctxr,textures/flatlist/ovr_stm/_win,kck_body1_t.bmp.ctxr,kck_body1_t.bmp,ctxr,25888,ceb919f4de3082a1f1979b464659ad8709c4c924
textures/flatlist/ovr_stm/_win/kck_body2.bmp.ctxr,textures/flatlist/ovr_stm/_win,kck_body2.bmp.ctxr,kck_body2.bmp,ctxr,55648,8c332cab1045c68ef275b736c02094f5d02ed8a1
textures/flatlist/ovr_stm/_win/kck_ckpt_chair_back.bmp.ctxr,textures/flatlist/ovr_stm/_win,kck_ckpt_chair_back.bmp.ctxr,kck_ckpt_chair_back.bmp,ctxr,44064,36dc6224df89a257c8bbf65f3605fe116c6bf487
textures/flatlist/ovr_stm/_win/kck_ckpt_chair_face.bmp.ctxr,textures/flatlist/ovr_stm/_win,kck_ckpt_chair_face.bmp.ctxr,kck_ckpt_chair_face.bmp,ctxr,12608,f885a6f5bd83faf638ce1a552057f97ef757a337
textures/flatlist/ovr_stm/_win/kck_ckpt_chair_head.bmp.ctxr,textures/flatlist/ovr_stm/_win,kck_ckpt_chair_head.bmp.ctxr,kck_ckpt_chair_head.bmp,ctxr,3840,533acf3227c98aa83d5115d085e2e0667569b9db
textures/flatlist/ovr_stm/_win/kck_ckpt_door.bmp.ctxr,textures/flatlist/ovr_stm/_win,kck_ckpt_door.bmp.ctxr,kck_ckpt_door.bmp,ctxr,21792,71cc818bf7bdc0d6d7c76566a6abcbf8ec80ba26
textures/flatlist/ovr_stm/_win/kck_glass.bmp.ctxr,textures/flatlist/ovr_stm/_win,kck_glass.bmp.ctxr,kck_glass.bmp,ctxr,17376,8b22f7af4a4d6944ca00baedc9b88b86c96d2b48
textures/flatlist/ovr_stm/_win/kck_mark504.bmp.ctxr,textures/flatlist/ovr_stm/_win,kck_mark504.bmp.ctxr,kck_mark504.bmp,ctxr,38688,12f65b96f3994b5a962ee72ece2add73ee5ac384
textures/flatlist/ovr_stm/_win/kck_mrot_propera.bmp.ctxr,textures/flatlist/ovr_stm/_win,kck_mrot_propera.bmp.ctxr,kck_mrot_propera.bmp,ctxr,5760,8c79ae91342948506ecd9b2600b2ab35f8ca58d7
textures/flatlist/ovr_stm/_win/kck_ropebox.bmp.ctxr,textures/flatlist/ovr_stm/_win,kck_ropebox.bmp.ctxr,kck_ropebox.bmp,ctxr,4384,c88c46f46405bc0adc2daacc981d298504caff0b
textures/flatlist/ovr_stm/_win/kck_twing2_s.bmp.ctxr,textures/flatlist/ovr_stm/_win,kck_twing2_s.bmp.ctxr,kck_twing2_s.bmp,ctxr,7776,f34ada484cfd8e67242e07b73172bf6728995ac9
textures/flatlist/ovr_stm/_win/kck_twing_s.bmp.ctxr,textures/flatlist/ovr_stm/_win,kck_twing_s.bmp.ctxr,kck_twing_s.bmp,ctxr,12224,79c1b7963c3be29dd079dacfabf082eee4ebbbdd
textures/flatlist/ovr_stm/_win/kictobunt.bmp.ctxr,textures/flatlist/ovr_stm/_win,kictobunt.bmp.ctxr,kictobunt.bmp,ctxr,23744,9eed1b63bd5efe2d1f616ca5b43f48723c49ca9d
textures/flatlist/ovr_stm/_win/kictpa1.bmp.ctxr,textures/flatlist/ovr_stm/_win,kictpa1.bmp.ctxr,kictpa1.bmp,ctxr,23328,14cb2ae30c2d1b3fbc4963c4734e07b79e62f1b4
textures/flatlist/ovr_stm/_win/kitabup1.bmp.ctxr,textures/flatlist/ovr_stm/_win,kitabup1.bmp.ctxr,kitabup1.bmp,ctxr,48928,7f955d519e10ce5cb64f7c26a1be31bba63d0085
textures/flatlist/ovr_stm/_win/kitabup2.bmp.ctxr,textures/flatlist/ovr_stm/_win,kitabup2.bmp.ctxr,kitabup2.bmp,ctxr,36128,658c3186f51490d3a7510d35a7725764bb165555
textures/flatlist/ovr_stm/_win/kitabup2a.bmp_02cd1af7fc3c2bc6ac541d04e3c1fc94.ctxr,textures/flatlist/ovr_stm/_win,kitabup2a.bmp_02cd1af7fc3c2bc6ac541d04e3c1fc94.ctxr,kitabup2a.bmp_02cd1af7fc3c2bc6ac541d04e3c1fc94,ctxr,53600,22d40b2d21b9e3af5fa24bdc3d345eb3e58e807e
textures/flatlist/ovr_stm/_win/kitabup2b.bmp.ctxr,textures/flatlist/ovr_stm/_win,kitabup2b.bmp.ctxr,kitabup2b.bmp,ctxr,15648,76317d3f373bf19aa1c7c8562330e03716c3fc66
textures/flatlist/ovr_stm/_win/kitdaif.bmp_f955769afe56243c99ca706b761e63b1.ctxr,textures/flatlist/ovr_stm/_win,kitdaif.bmp_f955769afe56243c99ca706b761e63b1.ctxr,kitdaif.bmp_f955769afe56243c99ca706b761e63b1,ctxr,34432,7e439ebd73d478441700442bb23d9f66b1e1fa43
textures/flatlist/ovr_stm/_win/kitdaif2a.bmp.ctxr,textures/flatlist/ovr_stm/_win,kitdaif2a.bmp.ctxr,kitdaif2a.bmp,ctxr,34432,bb66efda5792484a2d63a9d3caa84f6a7ff5d683
textures/flatlist/ovr_stm/_win/kitflymoto.bmp.ctxr,textures/flatlist/ovr_stm/_win,kitflymoto.bmp.ctxr,kitflymoto.bmp,ctxr,11616,c85b8c677c1642a7631ea1f60c6bf6d681aacc14
textures/flatlist/ovr_stm/_win/kitflymoto_s.bmp.ctxr,textures/flatlist/ovr_stm/_win,kitflymoto_s.bmp.ctxr,kitflymoto_s.bmp,ctxr,11616,271194841954fe962dd299b23b744de4bbedab77
textures/flatlist/ovr_stm/_win/kitgas_t.bmp.ctxr,textures/flatlist/ovr_stm/_win,kitgas_t.bmp.ctxr,kitgas_t.bmp,ctxr,23744,0fff31ce0b64d15bdec8bda6846db3c9c1cea0e9
textures/flatlist/ovr_stm/_win/kitkabf.bmp.ctxr,textures/flatlist/ovr_stm/_win,kitkabf.bmp.ctxr,kitkabf.bmp,ctxr,21792,76bee39932907b2880c8eb813d9f2819d3427810
textures/flatlist/ovr_stm/_win/kitnabd.bmp.ctxr,textures/flatlist/ovr_stm/_win,kitnabd.bmp.ctxr,kitnabd.bmp,ctxr,19456,dff9e55374628d5cbb45ebeb724b1c4e6753ef1d
textures/flatlist/ovr_stm/_win/kitnab_c.bmp.ctxr,textures/flatlist/ovr_stm/_win,kitnab_c.bmp.ctxr,kitnab_c.bmp,ctxr,16992,1ec5083f3335eb707c82b24699467a3253cb5fe6
textures/flatlist/ovr_stm/_win/kitnab_s.bmp.ctxr,textures/flatlist/ovr_stm/_win,kitnab_s.bmp.ctxr,kitnab_s.bmp,ctxr,16992,1356edd98d4226f23c1e79b496feeb885ff18081
textures/flatlist/ovr_stm/_win/kmo_droppings02_alp.bmp.ctxr,textures/flatlist/ovr_stm/_win,kmo_droppings02_alp.bmp.ctxr,kmo_droppings02_alp.bmp,ctxr,87744,0d8f8820fd4f96e32adf09cd0939f7c9c189c4d6
textures/flatlist/ovr_stm/_win/kmo_droppings03_alp.bmp.ctxr,textures/flatlist/ovr_stm/_win,kmo_droppings03_alp.bmp.ctxr,kmo_droppings03_alp.bmp,ctxr,87744,a7d694b33fffa8870d5c6997bb9aaabac47a8100
textures/flatlist/ovr_stm/_win/kmo_droppings04_alp.bmp.ctxr,textures/flatlist/ovr_stm/_win,kmo_droppings04_alp.bmp.ctxr,kmo_droppings04_alp.bmp,ctxr,87744,c97f1b582e8efaa733bcea7d65ed0df468d1a723
textures/flatlist/ovr_stm/_win/k_eye_s_pos.bmp.ctxr,textures/flatlist/ovr_stm/_win,k_eye_s_pos.bmp.ctxr,k_eye_s_pos.bmp,ctxr,139584,cd97ce0cdc0f6fabe6074a546dcc6e8e22506ee6
textures/flatlist/ovr_stm/_win/lifeboat_body_back_01.bmp.ctxr,textures/flatlist/ovr_stm/_win,lifeboat_body_back_01.bmp.ctxr,lifeboat_body_back_01.bmp,ctxr,74048,5f6bbc5e7f5820ee3edfc86996f0dc0306f5bd0c
textures/flatlist/ovr_stm/_win/lifeboat_body_center_01.bmp.ctxr,textures/flatlist/ovr_stm/_win,lifeboat_body_center_01.bmp.ctxr,lifeboat_body_center_01.bmp,ctxr,110912,9aee4906cd6054462877011865166ca32c011eef
textures/flatlist/ovr_stm/_win/lifeboat_body_front_01.bmp.ctxr,textures/flatlist/ovr_stm/_win,lifeboat_body_front_01.bmp.ctxr,lifeboat_body_front_01.bmp,ctxr,49504,0030b1b75131b2d48bf39e7a465bcdec02767eb1
textures/flatlist/ovr_stm/_win/lifeboat_fin_01.bmp.ctxr,textures/flatlist/ovr_stm/_win,lifeboat_fin_01.bmp.ctxr,lifeboat_fin_01.bmp,ctxr,8512,084a84b9c6431db8bb5e7c8391955428510f9d8e
textures/flatlist/ovr_stm/_win/lifeboat_window_back_01.bmp.ctxr,textures/flatlist/ovr_stm/_win,lifeboat_window_back_01.bmp.ctxr,lifeboat_window_back_01.bmp,ctxr,24896,fbfdb63fa852385610573ad8f7f2b45c95013035
textures/flatlist/ovr_stm/_win/lifeboat_window_front.bmp.ctxr,textures/flatlist/ovr_stm/_win,lifeboat_window_front.bmp.ctxr,lifeboat_window_front.bmp,ctxr,8480,8cce6eef65eff0981ab4d2992fc17c1f54ef7bd1
textures/flatlist/ovr_stm/_win/lnr_amo_s1.bmp.ctxr,textures/flatlist/ovr_stm/_win,lnr_amo_s1.bmp.ctxr,lnr_amo_s1.bmp,ctxr,3040,a6d943e6b86fab0f6af02d26b506f1f83ee6d6f5
textures/flatlist/ovr_stm/_win/lnr_body.bmp.ctxr,textures/flatlist/ovr_stm/_win,lnr_body.bmp.ctxr,lnr_body.bmp,ctxr,92480,b2cf5bc416bfb0bf872747cd1a1387ef184ffdf1
textures/flatlist/ovr_stm/_win/lnr_body2.bmp.ctxr,textures/flatlist/ovr_stm/_win,lnr_body2.bmp.ctxr,lnr_body2.bmp,ctxr,8832,d8f70238b1518ff13fa1ac330f7d6942cacfe7d7
textures/flatlist/ovr_stm/_win/lnr_body2_kim.bmp.ctxr,textures/flatlist/ovr_stm/_win,lnr_body2_kim.bmp.ctxr,lnr_body2_kim.bmp,ctxr,8832,e872f6c37bd8069d5ca4215da91dbef1a52f91a2
textures/flatlist/ovr_stm/_win/lnr_mag_kim.bmp.ctxr,textures/flatlist/ovr_stm/_win,lnr_mag_kim.bmp.ctxr,lnr_mag_kim.bmp,ctxr,3008,aa3e4ef4fcb9c978d4d98b11ff0f13d3e227c5c5
textures/flatlist/ovr_stm/_win/lnr_rail1.bmp.ctxr,textures/flatlist/ovr_stm/_win,lnr_rail1.bmp.ctxr,lnr_rail1.bmp,ctxr,4384,a64267b7eb01f4f528881abe017dce56ea81f678
textures/flatlist/ovr_stm/_win/loc_01_soto.bmp.ctxr,textures/flatlist/ovr_stm/_win,loc_01_soto.bmp.ctxr,loc_01_soto.bmp,ctxr,13984,dae5c4fed081ecb6bef48bd3c94c389ccaf61f4d
textures/flatlist/ovr_stm/_win/loc_door_07.bmp.ctxr,textures/flatlist/ovr_stm/_win,loc_door_07.bmp.ctxr,loc_door_07.bmp,ctxr,49504,2d248b425bb01fcee7c2175a20fd97103ad270e2
textures/flatlist/ovr_stm/_win/m3l_dk2_07.bmp.ctxr,textures/flatlist/ovr_stm/_win,m3l_dk2_07.bmp.ctxr,m3l_dk2_07.bmp,ctxr,86336,31a99bc28ad715f54ac501bd491396eb0f3995d1
textures/flatlist/ovr_stm/_win/m3l_dk2_08.bmp.ctxr,textures/flatlist/ovr_stm/_win,m3l_dk2_08.bmp.ctxr,m3l_dk2_08.bmp,ctxr,36160,9cdc44e936d1d92affbd4ff04b8e49d073c59f38
textures/flatlist/ovr_stm/_win/m3l_flo_06_bld090_ovl.bmp.ctxr,textures/flatlist/ovr_stm/_win,m3l_flo_06_bld090_ovl.bmp.ctxr,m3l_flo_06_bld090_ovl.bmp,ctxr,49472,97a5c7189c527396bf74bdb71a613c15df31d36f
textures/flatlist/ovr_stm/_win/m3l_flo_08_bld090_ovl.bmp.ctxr,textures/flatlist/ovr_stm/_win,m3l_flo_08_bld090_ovl.bmp.ctxr,m3l_flo_08_bld090_ovl.bmp,ctxr,49472,a932a45108d382699c5afe0c75ad0ebb18b668c9
textures/flatlist/ovr_stm/_win/m3l_flo_09_bld090_ovl.bmp.ctxr,textures/flatlist/ovr_stm/_win,m3l_flo_09_bld090_ovl.bmp.ctxr,m3l_flo_09_bld090_ovl.bmp,ctxr,49472,ec62aff63cbaece712755a8da08b01499a2b1457
textures/flatlist/ovr_stm/_win/m3l_flo_medibed_bld090_ovl.bmp.ctxr,textures/flatlist/ovr_stm/_win,m3l_flo_medibed_bld090_ovl.bmp.ctxr,m3l_flo_medibed_bld090_ovl.bmp,ctxr,196960,09caea579a477811a7952b4cabc551018e2cfa63
textures/flatlist/ovr_stm/_win/m3l_gou_02msk.bmp.ctxr,textures/flatlist/ovr_stm/_win,m3l_gou_02msk.bmp.ctxr,m3l_gou_02msk.bmp,ctxr,6432,46517b8ae9d895cbf9219d614689405a4fb1a4e7
textures/flatlist/ovr_stm/_win/m3l_gou_bed2.bmp.ctxr,textures/flatlist/ovr_stm/_win,m3l_gou_bed2.bmp.ctxr,m3l_gou_bed2.bmp,ctxr,57696,6a0449aab6df1fb2e897719488ccb49603db122c
textures/flatlist/ovr_stm/_win/m3l_medi_wallt1.bmp.ctxr,textures/flatlist/ovr_stm/_win,m3l_medi_wallt1.bmp.ctxr,m3l_medi_wallt1.bmp,ctxr,45696,8d2b243c411d0866ba0cf7e7305cbb0cb084915d
textures/flatlist/ovr_stm/_win/m3l_medi_wallu1.bmp.ctxr,textures/flatlist/ovr_stm/_win,m3l_medi_wallu1.bmp.ctxr,m3l_medi_wallu1.bmp,ctxr,74336,6ff13466733c84917d4da3f5b523dde7e442dc62
textures/flatlist/ovr_stm/_win/m3l_par_under1.bmp.ctxr,textures/flatlist/ovr_stm/_win,m3l_par_under1.bmp.ctxr,m3l_par_under1.bmp,ctxr,24896,1cab272ab0a8818d5bae548eb1ddb8f41099ca48
textures/flatlist/ovr_stm/_win/m3l_par_wall4.bmp.ctxr,textures/flatlist/ovr_stm/_win,m3l_par_wall4.bmp.ctxr,m3l_par_wall4.bmp,ctxr,98656,37db59d61e17837a07b765aa7bc699bb92637eb4
textures/flatlist/ovr_stm/_win/m3l_ten_03.bmp.ctxr,textures/flatlist/ovr_stm/_win,m3l_ten_03.bmp.ctxr,m3l_ten_03.bmp,ctxr,87744,0dc3f9ea8b6e7eac2813a0442086ec3ac3864f88
textures/flatlist/ovr_stm/_win/m4a_all_t.bmp.ctxr,textures/flatlist/ovr_stm/_win,m4a_all_t.bmp.ctxr,m4a_all_t.bmp,ctxr,43360,8152dceab48aa5c8a7d8c6feed01f4aa5b78d949
textures/flatlist/ovr_stm/_win/m4a_gl_unit.bmp.ctxr,textures/flatlist/ovr_stm/_win,m4a_gl_unit.bmp.ctxr,m4a_gl_unit.bmp,ctxr,6432,9b665c4fbe07d421ebd2cfa1527f9549cfb2f9b9
textures/flatlist/ovr_stm/_win/m4a_gl_unit_2_01.bmp.ctxr,textures/flatlist/ovr_stm/_win,m4a_gl_unit_2_01.bmp.ctxr,m4a_gl_unit_2_01.bmp,ctxr,24896,17f0a9be29996cb8d541311ce80fdaadd7367299
textures/flatlist/ovr_stm/_win/m4a_light.bmp_5758ef839d43e13183cf3678664d0e6e.ctxr,textures/flatlist/ovr_stm/_win,m4a_light.bmp_5758ef839d43e13183cf3678664d0e6e.ctxr,m4a_light.bmp_5758ef839d43e13183cf3678664d0e6e,ctxr,1664,f9c108c6341d685f9a2fc6ca8cac5ccfc719f88b
textures/flatlist/ovr_stm/_win/m4a_s2.bmp.ctxr,textures/flatlist/ovr_stm/_win,m4a_s2.bmp.ctxr,m4a_s2.bmp,ctxr,2816,ab8b477ce489ed5778c3a61fb7e2754184434dd6
textures/flatlist/ovr_stm/_win/m4a_sb_s1.bmp.ctxr,textures/flatlist/ovr_stm/_win,m4a_sb_s1.bmp.ctxr,m4a_sb_s1.bmp,ctxr,44064,48d0217793e10c6067369ac81cf677b53160add0
textures/flatlist/ovr_stm/_win/m4a_sb_sight_msk.bmp.ctxr,textures/flatlist/ovr_stm/_win,m4a_sb_sight_msk.bmp.ctxr,m4a_sb_sight_msk.bmp,ctxr,1632,a483c0f83b75833d31566cc70852c0ea194f6840
textures/flatlist/ovr_stm/_win/m4a_scope.bmp.ctxr,textures/flatlist/ovr_stm/_win,m4a_scope.bmp.ctxr,m4a_scope.bmp,ctxr,2304,0e63e217ab7ad5f35631125b1025530e6dfa07b0
textures/flatlist/ovr_stm/_win/m4a_t_msk.bmp.ctxr,textures/flatlist/ovr_stm/_win,m4a_t_msk.bmp.ctxr,m4a_t_msk.bmp,ctxr,3040,4dbcfb60eb1d6e9039345770fe2a6be4efcfbef0
textures/flatlist/ovr_stm/_win/m4grn_bul_high.bmp.ctxr,textures/flatlist/ovr_stm/_win,m4grn_bul_high.bmp.ctxr,m4grn_bul_high.bmp,ctxr,5760,9fef6d5499e5ebbc4df059a04a8f2f36953a9ae3
textures/flatlist/ovr_stm/_win/m4grn_emb.bmp.ctxr,textures/flatlist/ovr_stm/_win,m4grn_emb.bmp.ctxr,m4grn_emb.bmp,ctxr,3040,ad49de6b346b364cc7bf44ff09af36920443dce1
textures/flatlist/ovr_stm/_win/m92_all.bmp.ctxr,textures/flatlist/ovr_stm/_win,m92_all.bmp.ctxr,m92_all.bmp,ctxr,8800,66b5fef1893d92d31f6be48e745fd1dcb9291576
textures/flatlist/ovr_stm/_win/m92_bul3.bmp.ctxr,textures/flatlist/ovr_stm/_win,m92_bul3.bmp.ctxr,m92_bul3.bmp,ctxr,5792,3899ce43cd78d66ceb1ca34939a3d885966ef232
textures/flatlist/ovr_stm/_win/m92_jyuukou.bmp.ctxr,textures/flatlist/ovr_stm/_win,m92_jyuukou.bmp.ctxr,m92_jyuukou.bmp,ctxr,5760,0927f1545be22dca5a47f7a78e510f4283a19162
textures/flatlist/ovr_stm/_win/m92_laserpointer.bmp.ctxr,textures/flatlist/ovr_stm/_win,m92_laserpointer.bmp.ctxr,m92_laserpointer.bmp,ctxr,3712,9a78276ea82a68157d19bc65d66212ea230624d2
textures/flatlist/ovr_stm/_win/m92_laserpoint_f1.bmp.ctxr,textures/flatlist/ovr_stm/_win,m92_laserpoint_f1.bmp.ctxr,m92_laserpoint_f1.bmp,ctxr,1632,55c220d19ce1a5d2754805b5db1c64e863e92601
textures/flatlist/ovr_stm/_win/m92_magazine.bmp.ctxr,textures/flatlist/ovr_stm/_win,m92_magazine.bmp.ctxr,m92_magazine.bmp,ctxr,7424,a8328be88439b80abf03d98a10a5a2102f85ba5e
textures/flatlist/ovr_stm/_win/m92_pointer.bmp.ctxr,textures/flatlist/ovr_stm/_win,m92_pointer.bmp.ctxr,m92_pointer.bmp,ctxr,8480,c7702ae3304c53282747a3ea9bbe357cd54e6567
textures/flatlist/ovr_stm/_win/m92_sb_all.bmp.ctxr,textures/flatlist/ovr_stm/_win,m92_sb_all.bmp.ctxr,m92_sb_all.bmp,ctxr,41280,c1cca7a9300e9d648fcd8cb0b42dafbcd1a66907
textures/flatlist/ovr_stm/_win/m92_sb_all.bmp_934c22e984e448da6c9f91fc36e0c08e.ctxr,textures/flatlist/ovr_stm/_win,m92_sb_all.bmp_934c22e984e448da6c9f91fc36e0c08e.ctxr,m92_sb_all.bmp_934c22e984e448da6c9f91fc36e0c08e,ctxr,41280,4a5bd73fac719be28e15453ad1a1b6f2e5d9b65f
textures/flatlist/ovr_stm/_win/m92_snk_all.bmp.ctxr,textures/flatlist/ovr_stm/_win,m92_snk_all.bmp.ctxr,m92_snk_all.bmp,ctxr,8800,5b66a16649b1cdaabe0b415662e608484eebbbbd
textures/flatlist/ovr_stm/_win/mark_05.bmp.ctxr,textures/flatlist/ovr_stm/_win,mark_05.bmp.ctxr,mark_05.bmp,ctxr,30368,bfce9277e03da1f92d0dfad3bba6e3c7846a4dcf
textures/flatlist/ovr_stm/_win/mog_loc2.bmp.ctxr,textures/flatlist/ovr_stm/_win,mog_loc2.bmp.ctxr,mog_loc2.bmp,ctxr,41760,22bfd2a038c691986f2f10e0c3918ac8d90d5a0e
textures/flatlist/ovr_stm/_win/mog_loc2_inner.bmp.ctxr,textures/flatlist/ovr_stm/_win,mog_loc2_inner.bmp.ctxr,mog_loc2_inner.bmp,ctxr,59680,ac603c7fcc73dbf3861ed1c3063f7c4359ab3367
textures/flatlist/ovr_stm/_win/mog_loc2_inner.bmp_d7f08e98a624c2d19b0451eccba4fc48.ctxr,textures/flatlist/ovr_stm/_win,mog_loc2_inner.bmp_d7f08e98a624c2d19b0451eccba4fc48.ctxr,mog_loc2_inner.bmp_d7f08e98a624c2d19b0451eccba4fc48,ctxr,59680,2a82ffc4bc24b0539b9a0d00d74d4cb451dfb7b7
textures/flatlist/ovr_stm/_win/mog_loc2_top1.bmp.ctxr,textures/flatlist/ovr_stm/_win,mog_loc2_top1.bmp.ctxr,mog_loc2_top1.bmp,ctxr,14144,6fff81e1ffa95fd54a4eeab4446435b907b699a5
textures/flatlist/ovr_stm/_win/mrl_waist_pack.bmp.ctxr,textures/flatlist/ovr_stm/_win,mrl_waist_pack.bmp.ctxr,mrl_waist_pack.bmp,ctxr,18112,09578baa4efb30ae30e07da8c1fba6f393c2c00a
textures/flatlist/ovr_stm/_win/museum_de_alp_ovl.bmp.ctxr,textures/flatlist/ovr_stm/_win,museum_de_alp_ovl.bmp.ctxr,museum_de_alp_ovl.bmp,ctxr,786592,0d6a883f1b41d27ddd4082a77a1e569200297b68
textures/flatlist/ovr_stm/_win/museum_es_alp_ovl.bmp.ctxr,textures/flatlist/ovr_stm/_win,museum_es_alp_ovl.bmp.ctxr,museum_es_alp_ovl.bmp,ctxr,786592,00b3a5aab3ea100499237b55a109389f7256932e
textures/flatlist/ovr_stm/_win/museum_e_alp_ovl.bmp.ctxr,textures/flatlist/ovr_stm/_win,museum_e_alp_ovl.bmp.ctxr,museum_e_alp_ovl.bmp,ctxr,786592,15c16c7e78f920fdaf7f5e9831107df9169f3388
textures/flatlist/ovr_stm/_win/museum_fr_alp_ovl.bmp.ctxr,textures/flatlist/ovr_stm/_win,museum_fr_alp_ovl.bmp.ctxr,museum_fr_alp_ovl.bmp,ctxr,786592,badb4c85722e524624caadecc44b51c1010f0be4
textures/flatlist/ovr_stm/_win/museum_it_alp_ovl.bmp.ctxr,textures/flatlist/ovr_stm/_win,museum_it_alp_ovl.bmp.ctxr,museum_it_alp_ovl.bmp,ctxr,786592,f53092ca3e7d1b92eb996a8f906c09edb4316c21
textures/flatlist/ovr_stm/_win/museum_j_alp_ovl.bmp.ctxr,textures/flatlist/ovr_stm/_win,museum_j_alp_ovl.bmp.ctxr,museum_j_alp_ovl.bmp,ctxr,786592,aabb789f382d7a800dbe3d4d87fd68140e518d2e
textures/flatlist/ovr_stm/_win/nkt_body1.bmp.ctxr,textures/flatlist/ovr_stm/_win,nkt_body1.bmp.ctxr,nkt_body1.bmp,ctxr,11296,4d2302993dcccde75422d02817719f2ff879382d
textures/flatlist/ovr_stm/_win/nkt_box.bmp.ctxr,textures/flatlist/ovr_stm/_win,nkt_box.bmp.ctxr,nkt_box.bmp,ctxr,18720,4918a6720858cc3005ee32249d0df83278376a51
textures/flatlist/ovr_stm/_win/nkt_cam.bmp.ctxr,textures/flatlist/ovr_stm/_win,nkt_cam.bmp.ctxr,nkt_cam.bmp,ctxr,2304,bdab9980482ee213cca1b5d9d26c623247c0c383
textures/flatlist/ovr_stm/_win/nkt_grips.bmp.ctxr,textures/flatlist/ovr_stm/_win,nkt_grips.bmp.ctxr,nkt_grips.bmp,ctxr,2304,df5ad3d3e86039355f3fe976f52115c40c92f228
textures/flatlist/ovr_stm/_win/nkt_msl_body.bmp.ctxr,textures/flatlist/ovr_stm/_win,nkt_msl_body.bmp.ctxr,nkt_msl_body.bmp,ctxr,3040,e338707e092e67680fd50388ff87d603d2129582
textures/flatlist/ovr_stm/_win/nkt_msl_body.bmp_783bdf47a2cd4bcfd8edb391e2c88da4.ctxr,textures/flatlist/ovr_stm/_win,nkt_msl_body.bmp_783bdf47a2cd4bcfd8edb391e2c88da4.ctxr,nkt_msl_body.bmp_783bdf47a2cd4bcfd8edb391e2c88da4,ctxr,3040,9699e24b410d6dd727e8d547926390b05643b594
textures/flatlist/ovr_stm/_win/nkt_msl_fb.bmp.ctxr,textures/flatlist/ovr_stm/_win,nkt_msl_fb.bmp.ctxr,nkt_msl_fb.bmp,ctxr,960,56be72fbbbf4c684be3bd4de5e96ebd4e728fd90
textures/flatlist/ovr_stm/_win/nkt_temp_tx.bmp.ctxr,textures/flatlist/ovr_stm/_win,nkt_temp_tx.bmp.ctxr,nkt_temp_tx.bmp,ctxr,8480,06cfcb9811f0f0dd804c9253cdee90998a5e14df
textures/flatlist/ovr_stm/_win/odai_a01a_ldr00.bmp.ctxr,textures/flatlist/ovr_stm/_win,odai_a01a_ldr00.bmp.ctxr,odai_a01a_ldr00.bmp,ctxr,62368,d1629ce47fec61aaeae04fb4ff74542a08acdbc2
textures/flatlist/ovr_stm/_win/odai_a01a_ldr00a.bmp.ctxr,textures/flatlist/ovr_stm/_win,odai_a01a_ldr00a.bmp.ctxr,odai_a01a_ldr00a.bmp,ctxr,62368,311bde3ddf3ae72b3de88b86717d687c1456cba8
textures/flatlist/ovr_stm/_win/odai_a01a_ldr01.bmp.ctxr,textures/flatlist/ovr_stm/_win,odai_a01a_ldr01.bmp.ctxr,odai_a01a_ldr01.bmp,ctxr,62368,7e354b5deae7ed08cfcfc57e087ce3184c7aa77d
textures/flatlist/ovr_stm/_win/odai_a01a_ldr01a.bmp.ctxr,textures/flatlist/ovr_stm/_win,odai_a01a_ldr01a.bmp.ctxr,odai_a01a_ldr01a.bmp,ctxr,62368,6a080aafb1856236600dd28a17d7655fa097bce8
textures/flatlist/ovr_stm/_win/odai_a01a_ldr02.bmp.ctxr,textures/flatlist/ovr_stm/_win,odai_a01a_ldr02.bmp.ctxr,odai_a01a_ldr02.bmp,ctxr,62368,767436b1ff27372d01d57114ac86861237b704f9
textures/flatlist/ovr_stm/_win/odai_a01a_ldr03.bmp.ctxr,textures/flatlist/ovr_stm/_win,odai_a01a_ldr03.bmp.ctxr,odai_a01a_ldr03.bmp,ctxr,62368,abe7ea0e6ae5ae1709e0c9141f6ac13f093efe30
textures/flatlist/ovr_stm/_win/odai_a01a_ldr03a.bmp.ctxr,textures/flatlist/ovr_stm/_win,odai_a01a_ldr03a.bmp.ctxr,odai_a01a_ldr03a.bmp,ctxr,62368,eb9be2b5c74f1c0c8c62148cb190e7dc7641d665
textures/flatlist/ovr_stm/_win/odai_a01a_ldr04.bmp.ctxr,textures/flatlist/ovr_stm/_win,odai_a01a_ldr04.bmp.ctxr,odai_a01a_ldr04.bmp,ctxr,62368,0dc058e7a301ed7d91aeeadf4236a164474ea69d
textures/flatlist/ovr_stm/_win/odai_a01a_ldr04a.bmp.ctxr,textures/flatlist/ovr_stm/_win,odai_a01a_ldr04a.bmp.ctxr,odai_a01a_ldr04a.bmp,ctxr,62368,9896d2b046735e469e36877f2f272545e18312eb
textures/flatlist/ovr_stm/_win/odai_a24a_ldr00.bmp.ctxr,textures/flatlist/ovr_stm/_win,odai_a24a_ldr00.bmp.ctxr,odai_a24a_ldr00.bmp,ctxr,62368,e5cfe5fcada5607ceb6c43d8679fc39b6b600a0d
textures/flatlist/ovr_stm/_win/odai_a24a_ldr01.bmp.ctxr,textures/flatlist/ovr_stm/_win,odai_a24a_ldr01.bmp.ctxr,odai_a24a_ldr01.bmp,ctxr,62368,7a6de8b1452ab700ac568ce8b9887c9b1405a6be
textures/flatlist/ovr_stm/_win/odai_a24a_ldr02.bmp.ctxr,textures/flatlist/ovr_stm/_win,odai_a24a_ldr02.bmp.ctxr,odai_a24a_ldr02.bmp,ctxr,62368,d4426a7cfe6c11e914354a6ee73bc11e0790deed
textures/flatlist/ovr_stm/_win/odai_a24d2_pane03.bmp.ctxr,textures/flatlist/ovr_stm/_win,odai_a24d2_pane03.bmp.ctxr,odai_a24d2_pane03.bmp,ctxr,62368,66535b5693cf2bd80c3f24f5e9c527fddc6f339f
textures/flatlist/ovr_stm/_win/odai_a24d2_pane04.bmp.ctxr,textures/flatlist/ovr_stm/_win,odai_a24d2_pane04.bmp.ctxr,odai_a24d2_pane04.bmp,ctxr,62368,35b712acfd195b2417502250c0d1151e617185d1
textures/flatlist/ovr_stm/_win/org_arm3.bmp.ctxr,textures/flatlist/ovr_stm/_win,org_arm3.bmp.ctxr,org_arm3.bmp,ctxr,50464,f577a499086c24ae62a9854ac3d6b7779147b383
textures/flatlist/ovr_stm/_win/org_arm4.bmp.ctxr,textures/flatlist/ovr_stm/_win,org_arm4.bmp.ctxr,org_arm4.bmp,ctxr,24928,50d7eb86596af705e434e9fb72ada91d0ce49025
textures/flatlist/ovr_stm/_win/org_arm_2.bmp.ctxr,textures/flatlist/ovr_stm/_win,org_arm_2.bmp.ctxr,org_arm_2.bmp,ctxr,28960,18c47ad5834d588fbbc26e59ef6f7ff1ba74a611
textures/flatlist/ovr_stm/_win/org_band2_alp_ovl.bmp.ctxr,textures/flatlist/ovr_stm/_win,org_band2_alp_ovl.bmp.ctxr,org_band2_alp_ovl.bmp,ctxr,20768,8e074dc2c618954f7a1dea1039783b14f9e20035
textures/flatlist/ovr_stm/_win/org_band_alp_ovl.bmp.ctxr,textures/flatlist/ovr_stm/_win,org_band_alp_ovl.bmp.ctxr,org_band_alp_ovl.bmp,ctxr,20768,d0278ef2e8234229506a85c04142b62c4140a57a
textures/flatlist/ovr_stm/_win/org_belt_ovl_mod1120_alp_emap.bmp.ctxr,textures/flatlist/ovr_stm/_win,org_belt_ovl_mod1120_alp_emap.bmp.ctxr,org_belt_ovl_mod1120_alp_emap.bmp,ctxr,4256,33f394cf4236d2b3fed8c4b03bc92c1837801bf0
textures/flatlist/ovr_stm/_win/org_body2_alp_ovl_sub.bmp.ctxr,textures/flatlist/ovr_stm/_win,org_body2_alp_ovl_sub.bmp.ctxr,org_body2_alp_ovl_sub.bmp,ctxr,111264,b88e934ad60187daf5abe565b1e3c6e6de69def9
textures/flatlist/ovr_stm/_win/org_boot.bmp.ctxr,textures/flatlist/ovr_stm/_win,org_boot.bmp.ctxr,org_boot.bmp,ctxr,27936,88fef93e2513ee9e7b2b8e70ee95ffb030e22dcc
textures/flatlist/ovr_stm/_win/org_boot_bt1.bmp.ctxr,textures/flatlist/ovr_stm/_win,org_boot_bt1.bmp.ctxr,org_boot_bt1.bmp,ctxr,14656,4ced72c797edf03906a1a335ce47b6f5dddb6fb5
textures/flatlist/ovr_stm/_win/org_b_ovl_mod1120_alp_emap.bmp.ctxr,textures/flatlist/ovr_stm/_win,org_b_ovl_mod1120_alp_emap.bmp.ctxr,org_b_ovl_mod1120_alp_emap.bmp,ctxr,12704,e5552186f0cbbe65182fda1a02bcfbec40b13f01
textures/flatlist/ovr_stm/_win/org_chest.bmp.ctxr,textures/flatlist/ovr_stm/_win,org_chest.bmp.ctxr,org_chest.bmp,ctxr,148448,220e507d05106a1cfbed287f8beab567f9c1ab2c
textures/flatlist/ovr_stm/_win/org_dt00_mouin.bmp.ctxr,textures/flatlist/ovr_stm/_win,org_dt00_mouin.bmp.ctxr,org_dt00_mouin.bmp,ctxr,5792,c474111df4ec72f1ab04671c327e4cc14c09ee6a
textures/flatlist/ovr_stm/_win/org_dt02_mouin.bmp.ctxr,textures/flatlist/ovr_stm/_win,org_dt02_mouin.bmp.ctxr,org_dt02_mouin.bmp,ctxr,4416,80d281db629c13c536db3e074df7d20aaffa89a4
textures/flatlist/ovr_stm/_win/org_dt04_mouin.bmp.ctxr,textures/flatlist/ovr_stm/_win,org_dt04_mouin.bmp.ctxr,org_dt04_mouin.bmp,ctxr,4416,cd568e4a0c7098a2f2877bd1968b8c8cb2edd41c
textures/flatlist/ovr_stm/_win/org_ear.bmp.ctxr,textures/flatlist/ovr_stm/_win,org_ear.bmp.ctxr,org_ear.bmp,ctxr,10528,4c500178457cad9e2186ac9430cafb541ebdf83d
textures/flatlist/ovr_stm/_win/org_ear_ovl_sub_alp.bmp.ctxr,textures/flatlist/ovr_stm/_win,org_ear_ovl_sub_alp.bmp.ctxr,org_ear_ovl_sub_alp.bmp,ctxr,7840,e4f01f2c0497421a0f3e7b6c02e07a11cf0d0b1a
textures/flatlist/ovr_stm/_win/org_eye.bmp.ctxr,textures/flatlist/ovr_stm/_win,org_eye.bmp.ctxr,org_eye.bmp,ctxr,3328,e0f4f88a071e0f0e29bd3c8d588348aba4555475
textures/flatlist/ovr_stm/_win/org_face.bmp.ctxr,textures/flatlist/ovr_stm/_win,org_face.bmp.ctxr,org_face.bmp,ctxr,593728,8e6ac93a1f05d54569b779024c9f31794465ebbf
textures/flatlist/ovr_stm/_win/org_face_sub_alp_ovl.bmp.ctxr,textures/flatlist/ovr_stm/_win,org_face_sub_alp_ovl.bmp.ctxr,org_face_sub_alp_ovl.bmp,ctxr,113376,e1c6b8f95be748f92a2ec2a7f1975d1394f0b740
textures/flatlist/ovr_stm/_win/org_foot_ovl_sub_alp.bmp.ctxr,textures/flatlist/ovr_stm/_win,org_foot_ovl_sub_alp.bmp.ctxr,org_foot_ovl_sub_alp.bmp,ctxr,20896,ac6fe6ab5acbe84cdfbd9d1d082e014daefc2aff
textures/flatlist/ovr_stm/_win/org_hair_alp_ovl.bmp.ctxr,textures/flatlist/ovr_stm/_win,org_hair_alp_ovl.bmp.ctxr,org_hair_alp_ovl.bmp,ctxr,543040,7510afc76a7a3ac83757b9c14992a0604a40c8a3
textures/flatlist/ovr_stm/_win/org_hand_all4.bmp.ctxr,textures/flatlist/ovr_stm/_win,org_hand_all4.bmp.ctxr,org_hand_all4.bmp,ctxr,42976,89b3113a4146af0ae14e0e5e275d12b9442603c2
textures/flatlist/ovr_stm/_win/org_hand_ovl_mod1120_alp_emap.bmp.ctxr,textures/flatlist/ovr_stm/_win,org_hand_ovl_mod1120_alp_emap.bmp.ctxr,org_hand_ovl_mod1120_alp_emap.bmp,ctxr,4256,981957fd3a1d40270017a07b96d662af6d4efd5c
textures/flatlist/ovr_stm/_win/org_hatfront.bmp.ctxr,textures/flatlist/ovr_stm/_win,org_hatfront.bmp.ctxr,org_hatfront.bmp,ctxr,16704,e92bb7c6514d6ff86d893dad57792c3889419eaf
textures/flatlist/ovr_stm/_win/org_hatsaide.bmp.ctxr,textures/flatlist/ovr_stm/_win,org_hatsaide.bmp.ctxr,org_hatsaide.bmp,ctxr,19040,1207d49afb5d5fb59d0cb4fd4610b143c266cf30
textures/flatlist/ovr_stm/_win/org_hatup.bmp.ctxr,textures/flatlist/ovr_stm/_win,org_hatup.bmp.ctxr,org_hatup.bmp,ctxr,41600,f4a2f1a37ce354bd05d66cf31d14d44b407db2de
textures/flatlist/ovr_stm/_win/org_hi_finger.bmp.ctxr,textures/flatlist/ovr_stm/_win,org_hi_finger.bmp.ctxr,org_hi_finger.bmp,ctxr,5760,3fdb8679b58a3f00e3564475452dc8aab9e551c7
textures/flatlist/ovr_stm/_win/org_hi_finger2.bmp.ctxr,textures/flatlist/ovr_stm/_win,org_hi_finger2.bmp.ctxr,org_hi_finger2.bmp,ctxr,4384,77676287d8b2351bb4e499e1c62dff21afe5dc2d
textures/flatlist/ovr_stm/_win/org_hi_hand2.bmp.ctxr,textures/flatlist/ovr_stm/_win,org_hi_hand2.bmp.ctxr,org_hi_hand2.bmp,ctxr,14624,f779fd39df57183530891f79b2495117c4e505d7
textures/flatlist/ovr_stm/_win/org_hi_hands.bmp.ctxr,textures/flatlist/ovr_stm/_win,org_hi_hands.bmp.ctxr,org_hi_hands.bmp,ctxr,40224,7f8d27704095a3885bcec12ef1964bf21107acd7
textures/flatlist/ovr_stm/_win/org_leg00.bmp.ctxr,textures/flatlist/ovr_stm/_win,org_leg00.bmp.ctxr,org_leg00.bmp,ctxr,93184,7ab2c6db89b101c19926d1d2548b88db02b6458b
textures/flatlist/ovr_stm/_win/org_mil_hair_alp_ovl.bmp.ctxr,textures/flatlist/ovr_stm/_win,org_mil_hair_alp_ovl.bmp.ctxr,org_mil_hair_alp_ovl.bmp,ctxr,174432,aad0fa5f453e9f3633bd2fd73d5b3d4996429f22
textures/flatlist/ovr_stm/_win/org_mil_re_face.bmp.ctxr,textures/flatlist/ovr_stm/_win,org_mil_re_face.bmp.ctxr,org_mil_re_face.bmp,ctxr,151232,545a7131f534fd317ec5c0b8b03ce4a98db320dd
textures/flatlist/ovr_stm/_win/org_mouin_all.bmp.ctxr,textures/flatlist/ovr_stm/_win,org_mouin_all.bmp.ctxr,org_mouin_all.bmp,ctxr,576,e23019bb141d85f6cd65df7a6d773bf10a07fe60
textures/flatlist/ovr_stm/_win/org_rapelsate.bmp.ctxr,textures/flatlist/ovr_stm/_win,org_rapelsate.bmp.ctxr,org_rapelsate.bmp,ctxr,13984,bd50712aafe5735ef69714a4732f2f53e2b8c533
textures/flatlist/ovr_stm/_win/org_sknc_all.bmp.ctxr,textures/flatlist/ovr_stm/_win,org_sknc_all.bmp.ctxr,org_sknc_all.bmp,ctxr,2624,c1ae61e007bf6fc84ce5e8cb88faa97e24927604
textures/flatlist/ovr_stm/_win/org_ut01_mouin.bmp.ctxr,textures/flatlist/ovr_stm/_win,org_ut01_mouin.bmp.ctxr,org_ut01_mouin.bmp,ctxr,4416,f9eb51ddaa7a667915f010744c62b155e8b6bffa
textures/flatlist/ovr_stm/_win/org_ut02_mouin.bmp.ctxr,textures/flatlist/ovr_stm/_win,org_ut02_mouin.bmp.ctxr,org_ut02_mouin.bmp,ctxr,4416,4bf935b647c58cc458dc203341dc93f99afdb3fa
textures/flatlist/ovr_stm/_win/org_waist.bmp.ctxr,textures/flatlist/ovr_stm/_win,org_waist.bmp.ctxr,org_waist.bmp,ctxr,92544,bf5761de7df25ee2fbf690f54598bee42af991da
textures/flatlist/ovr_stm/_win/org_year.bmp.ctxr,textures/flatlist/ovr_stm/_win,org_year.bmp.ctxr,org_year.bmp,ctxr,3040,19e827f2ab01e44a661dc388e6f335fd160624e6
textures/flatlist/ovr_stm/_win/org__arm_ovl_sub_alp.bmp.ctxr,textures/flatlist/ovr_stm/_win,org__arm_ovl_sub_alp.bmp.ctxr,org__arm_ovl_sub_alp.bmp,ctxr,37792,0a440e3af8a1068f85712e01854bb11a88e23d4b
textures/flatlist/ovr_stm/_win/org__should_ovl_sub_alp.bmp.ctxr,textures/flatlist/ovr_stm/_win,org__should_ovl_sub_alp.bmp.ctxr,org__should_ovl_sub_alp.bmp,ctxr,18592,69c2de4720509857d2ef47af8b5a60c6d308b1e5
textures/flatlist/ovr_stm/_win/org__waki_ovl_sub_alp.bmp.ctxr,textures/flatlist/ovr_stm/_win,org__waki_ovl_sub_alp.bmp.ctxr,org__waki_ovl_sub_alp.bmp,ctxr,21664,ae0e662ff5a238d9ee6a9c08e7e6a8bc60e43d1b
textures/flatlist/ovr_stm/_win/orn_arm_dt01.bmp.ctxr,textures/flatlist/ovr_stm/_win,orn_arm_dt01.bmp.ctxr,orn_arm_dt01.bmp,ctxr,4384,079c72162452aa81ae725aaca3eb6e17cd5638e8
textures/flatlist/ovr_stm/_win/orn_arm_dt02.bmp.ctxr,textures/flatlist/ovr_stm/_win,orn_arm_dt02.bmp.ctxr,orn_arm_dt02.bmp,ctxr,13056,7a1e027f2802f47f449fe562172f8d719324061a
textures/flatlist/ovr_stm/_win/orn_arm_dt03.bmp.ctxr,textures/flatlist/ovr_stm/_win,orn_arm_dt03.bmp.ctxr,orn_arm_dt03.bmp,ctxr,6432,8e95c93f162782ff3666d4d99ea4462e62dc11d1
textures/flatlist/ovr_stm/_win/orn_arm_dt04.bmp.ctxr,textures/flatlist/ovr_stm/_win,orn_arm_dt04.bmp.ctxr,orn_arm_dt04.bmp,ctxr,6432,09eb730ceff5f71d8c25211d6ddfb22ff2828442
textures/flatlist/ovr_stm/_win/orn_backbone_dt01.bmp.ctxr,textures/flatlist/ovr_stm/_win,orn_backbone_dt01.bmp.ctxr,orn_backbone_dt01.bmp,ctxr,5760,6ea593cdc98f2d5460bb1a825f4004d8decfec6c
textures/flatlist/ovr_stm/_win/orn_backbone_dt02.bmp.ctxr,textures/flatlist/ovr_stm/_win,orn_backbone_dt02.bmp.ctxr,orn_backbone_dt02.bmp,ctxr,9152,c806b8a5b2ab515dc663e6f7054b18aa72499240
textures/flatlist/ovr_stm/_win/orn_backbone_dt03.bmp.ctxr,textures/flatlist/ovr_stm/_win,orn_backbone_dt03.bmp.ctxr,orn_backbone_dt03.bmp,ctxr,5760,2a75de8db554a089e622e1f0a6cd4f5c7e2f447c
textures/flatlist/ovr_stm/_win/orn_body_dt01.bmp.ctxr,textures/flatlist/ovr_stm/_win,orn_body_dt01.bmp.ctxr,orn_body_dt01.bmp,ctxr,82240,3f00109d9e64166d1ef3e266af5258228e36f3da
textures/flatlist/ovr_stm/_win/orn_elbow_dt01.bmp.ctxr,textures/flatlist/ovr_stm/_win,orn_elbow_dt01.bmp.ctxr,orn_elbow_dt01.bmp,ctxr,3040,4c90d31858fb5fdc5da88ecc675285c99dbbad6c
textures/flatlist/ovr_stm/_win/orn_finger_dt00.bmp.ctxr,textures/flatlist/ovr_stm/_win,orn_finger_dt00.bmp.ctxr,orn_finger_dt00.bmp,ctxr,2368,d7711fbbb598657af9cb188c0b6b44f377f16f8f
textures/flatlist/ovr_stm/_win/orn_finger_dt01.bmp.ctxr,textures/flatlist/ovr_stm/_win,orn_finger_dt01.bmp.ctxr,orn_finger_dt01.bmp,ctxr,2368,53fff4f067f460600a90679c9ad93987926104d7
textures/flatlist/ovr_stm/_win/orn_finger_dt02.bmp.ctxr,textures/flatlist/ovr_stm/_win,orn_finger_dt02.bmp.ctxr,orn_finger_dt02.bmp,ctxr,3040,30879c07c00da1052348b8ef0f14bf374fe09326
textures/flatlist/ovr_stm/_win/orn_foot_dt00.bmp.ctxr,textures/flatlist/ovr_stm/_win,orn_foot_dt00.bmp.ctxr,orn_foot_dt00.bmp,ctxr,4864,904d01384a0eecaa2443547e8565859cdf49f8c7
textures/flatlist/ovr_stm/_win/orn_foot_dt01.bmp.ctxr,textures/flatlist/ovr_stm/_win,orn_foot_dt01.bmp.ctxr,orn_foot_dt01.bmp,ctxr,5792,084872cb5e5e5bbbbc4d56fb09c6763057af9cd2
textures/flatlist/ovr_stm/_win/orn_foot_dt02.bmp.ctxr,textures/flatlist/ovr_stm/_win,orn_foot_dt02.bmp.ctxr,orn_foot_dt02.bmp,ctxr,5760,7993105e6cee3692205386a8af9ca962c4b833b7
textures/flatlist/ovr_stm/_win/orn_foot_dt03.bmp.ctxr,textures/flatlist/ovr_stm/_win,orn_foot_dt03.bmp.ctxr,orn_foot_dt03.bmp,ctxr,5376,917e3ee421db1221314167a16a310368cd307cd2
textures/flatlist/ovr_stm/_win/orn_hand_dt00.bmp.ctxr,textures/flatlist/ovr_stm/_win,orn_hand_dt00.bmp.ctxr,orn_hand_dt00.bmp,ctxr,2304,363ae5bd2646af480ce454bc895d61731ff40e14
textures/flatlist/ovr_stm/_win/orn_hand_dt01.bmp.ctxr,textures/flatlist/ovr_stm/_win,orn_hand_dt01.bmp.ctxr,orn_hand_dt01.bmp,ctxr,4544,1d900456f9c02989cf6d205ed43392dac5396dc5
textures/flatlist/ovr_stm/_win/orn_hand_dt02.bmp.ctxr,textures/flatlist/ovr_stm/_win,orn_hand_dt02.bmp.ctxr,orn_hand_dt02.bmp,ctxr,4384,1e742eb6595a5d4ca60583f102f2a40704e9a1e8
textures/flatlist/ovr_stm/_win/orn_head_met.bmp.ctxr,textures/flatlist/ovr_stm/_win,orn_head_met.bmp.ctxr,orn_head_met.bmp,ctxr,55264,3780cc01a6f44c44cd26e162234a8ac8f94225a6
textures/flatlist/ovr_stm/_win/orn_head_met_alp.bmp.ctxr,textures/flatlist/ovr_stm/_win,orn_head_met_alp.bmp.ctxr,orn_head_met_alp.bmp,ctxr,55264,26a176daf6759ddffddcacaa2000aaf0259b41b1
textures/flatlist/ovr_stm/_win/orn_head_met_sub_alp_ovl.bmp.ctxr,textures/flatlist/ovr_stm/_win,orn_head_met_sub_alp_ovl.bmp.ctxr,orn_head_met_sub_alp_ovl.bmp,ctxr,41376,01199e7b2c32da98c58436109b2dfe0a5ff0ba59
textures/flatlist/ovr_stm/_win/orn_helmet_dt01.bmp.ctxr,textures/flatlist/ovr_stm/_win,orn_helmet_dt01.bmp.ctxr,orn_helmet_dt01.bmp,ctxr,55264,1416fffff05f87555a00573e45883f414ce66bee
textures/flatlist/ovr_stm/_win/orn_helmet_dt01_sub_alp_ovl.bmp.ctxr,textures/flatlist/ovr_stm/_win,orn_helmet_dt01_sub_alp_ovl.bmp.ctxr,orn_helmet_dt01_sub_alp_ovl.bmp,ctxr,41376,58c2457d2e6f990a8180f09c49721c1da56e17a7
textures/flatlist/ovr_stm/_win/orn_helmet_dt02.bmp.ctxr,textures/flatlist/ovr_stm/_win,orn_helmet_dt02.bmp.ctxr,orn_helmet_dt02.bmp,ctxr,23520,1f36ad2132550c7947bb15d29e2c28ba22b24e1f
textures/flatlist/ovr_stm/_win/orn_knee_dt01.bmp.ctxr,textures/flatlist/ovr_stm/_win,orn_knee_dt01.bmp.ctxr,orn_knee_dt01.bmp,ctxr,5760,0cd4a9a3a77ce26fc8229c1bde29fbe49b6708bd
textures/flatlist/ovr_stm/_win/orn_leg_dt00.bmp.ctxr,textures/flatlist/ovr_stm/_win,orn_leg_dt00.bmp.ctxr,orn_leg_dt00.bmp,ctxr,27616,0a2e814acd97cd379a676e70035a27dbd8ff1fea
textures/flatlist/ovr_stm/_win/orn_leg_dt01.bmp.ctxr,textures/flatlist/ovr_stm/_win,orn_leg_dt01.bmp.ctxr,orn_leg_dt01.bmp,ctxr,22176,71a8bd22f04b9c37c00729509b614f96afdcc96d
textures/flatlist/ovr_stm/_win/orn_leg_dt02.bmp.ctxr,textures/flatlist/ovr_stm/_win,orn_leg_dt02.bmp.ctxr,orn_leg_dt02.bmp,ctxr,7104,45130c5fed8e5675001939c5f0680689bcc78303
textures/flatlist/ovr_stm/_win/orn_leg_dt03.bmp.ctxr,textures/flatlist/ovr_stm/_win,orn_leg_dt03.bmp.ctxr,orn_leg_dt03.bmp,ctxr,13984,3c966fefc318aadb22a883fb24852b6e4cfa77cb
textures/flatlist/ovr_stm/_win/orn_leg_dt04.bmp.ctxr,textures/flatlist/ovr_stm/_win,orn_leg_dt04.bmp.ctxr,orn_leg_dt04.bmp,ctxr,6432,af8b99afae27ecdc7d2c0d51f9e1e1d5abce7532
textures/flatlist/ovr_stm/_win/orn_neck_dt01.bmp.ctxr,textures/flatlist/ovr_stm/_win,orn_neck_dt01.bmp.ctxr,orn_neck_dt01.bmp,ctxr,13984,569ebfefbc9b4212105590a213a7e5a897d01522
textures/flatlist/ovr_stm/_win/orn_should_dt01.bmp.ctxr,textures/flatlist/ovr_stm/_win,orn_should_dt01.bmp.ctxr,orn_should_dt01.bmp,ctxr,16704,8b68acbb49d6611b18639495055da3d4dd17f86d
textures/flatlist/ovr_stm/_win/orn_should_dt02.bmp.ctxr,textures/flatlist/ovr_stm/_win,orn_should_dt02.bmp.ctxr,orn_should_dt02.bmp,ctxr,11264,50aceb5039f0aa8e23b20b2970109eede4136b3d
textures/flatlist/ovr_stm/_win/orn_sld_cover_alp.bmp.ctxr,textures/flatlist/ovr_stm/_win,orn_sld_cover_alp.bmp.ctxr,orn_sld_cover_alp.bmp,ctxr,55264,7dbcde676ac3d346c2c84c860883744c9944a5a1
textures/flatlist/ovr_stm/_win/orn_sld_mitsubishi_alp.bmp.ctxr,textures/flatlist/ovr_stm/_win,orn_sld_mitsubishi_alp.bmp.ctxr,orn_sld_mitsubishi_alp.bmp,ctxr,4384,958b4911b7e3937711a4fc821021356020916aff
textures/flatlist/ovr_stm/_win/orn_sld_noiz_alp.bmp.ctxr,textures/flatlist/ovr_stm/_win,orn_sld_noiz_alp.bmp.ctxr,orn_sld_noiz_alp.bmp,ctxr,110240,3a4da0ef9132057aa2a48448a344394694419b57
textures/flatlist/ovr_stm/_win/orp_arm_moji.bmp.ctxr,textures/flatlist/ovr_stm/_win,orp_arm_moji.bmp.ctxr,orp_arm_moji.bmp,ctxr,36128,6dc4ba7a1ab6bbe14d7e27be5044cb84c28355ab
textures/flatlist/ovr_stm/_win/orp_band.bmp.ctxr,textures/flatlist/ovr_stm/_win,orp_band.bmp.ctxr,orp_band.bmp,ctxr,3040,4f5bab9e65d10747ffefdd1a1a93ea2fd56f375c
textures/flatlist/ovr_stm/_win/orp_band2.bmp.ctxr,textures/flatlist/ovr_stm/_win,orp_band2.bmp.ctxr,orp_band2.bmp,ctxr,3904,5e08f3afd38929a0b03641dfdc91a1d26808436f
textures/flatlist/ovr_stm/_win/orp_band3.bmp.ctxr,textures/flatlist/ovr_stm/_win,orp_band3.bmp.ctxr,orp_band3.bmp,ctxr,4384,ea155aff34f3e5acf2b5cddaf6a9e748579a9cb4
textures/flatlist/ovr_stm/_win/orp_boot11.bmp.ctxr,textures/flatlist/ovr_stm/_win,orp_boot11.bmp.ctxr,orp_boot11.bmp,ctxr,44096,1d97583adc6678eb8f04da4210f899af2e6e77a7
textures/flatlist/ovr_stm/_win/orp_boot11.bmp_41f82e6a30bb7b02db79623a7af71771.ctxr,textures/flatlist/ovr_stm/_win,orp_boot11.bmp_41f82e6a30bb7b02db79623a7af71771.ctxr,orp_boot11.bmp_41f82e6a30bb7b02db79623a7af71771,ctxr,44096,64c37a848c1a38f0ecb372813a20d9708f59fe2a
textures/flatlist/ovr_stm/_win/orp_boot_bot00.bmp.ctxr,textures/flatlist/ovr_stm/_win,orp_boot_bot00.bmp.ctxr,orp_boot_bot00.bmp,ctxr,13984,45c1e5dc54e8545c8f5fb31e5a52d7d926380020
textures/flatlist/ovr_stm/_win/orp_chest_j_meisai_re.bmp.ctxr,textures/flatlist/ovr_stm/_win,orp_chest_j_meisai_re.bmp.ctxr,orp_chest_j_meisai_re.bmp,ctxr,134144,c3b762f6c7f7dd039e14916129ddc06bacffe95f
textures/flatlist/ovr_stm/_win/orp_chest_j_meisai_re.bmp_957a88ed297ab2639c6e89e823337953.ctxr,textures/flatlist/ovr_stm/_win,orp_chest_j_meisai_re.bmp_957a88ed297ab2639c6e89e823337953.ctxr,orp_chest_j_meisai_re.bmp_957a88ed297ab2639c6e89e823337953,ctxr,134144,2697e5fa526043e85161693d543de6cf5974def8
textures/flatlist/ovr_stm/_win/orp_chest_s_re.bmp.ctxr,textures/flatlist/ovr_stm/_win,orp_chest_s_re.bmp.ctxr,orp_chest_s_re.bmp,ctxr,35104,d8d74f260027ca10099a9c65522fb1c3d07c7eb0
textures/flatlist/ovr_stm/_win/orp_chest_s_re.bmp_b6cbd75d2c45b5510f58574f6b202217.ctxr,textures/flatlist/ovr_stm/_win,orp_chest_s_re.bmp_b6cbd75d2c45b5510f58574f6b202217.ctxr,orp_chest_s_re.bmp_b6cbd75d2c45b5510f58574f6b202217,ctxr,35104,ff56383c193052f344ea6419e850c86033de94e6
textures/flatlist/ovr_stm/_win/orp_eri2_meisai_re.bmp.ctxr,textures/flatlist/ovr_stm/_win,orp_eri2_meisai_re.bmp.ctxr,orp_eri2_meisai_re.bmp,ctxr,12608,f46f555fa83affbabd5dd0d819b483f73bf7b736
textures/flatlist/ovr_stm/_win/orp_eri2_meisai_re.bmp_bc88fb1e44ae3c046de504850142dc06.ctxr,textures/flatlist/ovr_stm/_win,orp_eri2_meisai_re.bmp_bc88fb1e44ae3c046de504850142dc06.ctxr,orp_eri2_meisai_re.bmp_bc88fb1e44ae3c046de504850142dc06,ctxr,12608,6afba62534be6cb42a708e8dc08550b6c2eaf280
textures/flatlist/ovr_stm/_win/orp_eri_meisai_re.bmp.ctxr,textures/flatlist/ovr_stm/_win,orp_eri_meisai_re.bmp.ctxr,orp_eri_meisai_re.bmp,ctxr,12608,08a281d69ec9b923ec83da4787b940a9cd81ab8d
textures/flatlist/ovr_stm/_win/orp_face_dd.bmp.ctxr,textures/flatlist/ovr_stm/_win,orp_face_dd.bmp.ctxr,orp_face_dd.bmp,ctxr,198112,ff473df5aafedadc889caf76d228e06b004a7d9e
textures/flatlist/ovr_stm/_win/orp_face_re.bmp.ctxr,textures/flatlist/ovr_stm/_win,orp_face_re.bmp.ctxr,orp_face_re.bmp,ctxr,198112,ee10e2f66953e1cf9e8d2aa2ed7993ac0122acf9
textures/flatlist/ovr_stm/_win/orp_face_retach.bmp.ctxr,textures/flatlist/ovr_stm/_win,orp_face_retach.bmp.ctxr,orp_face_retach.bmp,ctxr,198112,64ebb499b15baf6a0aa82cdeff9c3eb374cbd814
textures/flatlist/ovr_stm/_win/orp_face_retach.bmp_0e6325221940c6ed91356bbf364e91c4.ctxr,textures/flatlist/ovr_stm/_win,orp_face_retach.bmp_0e6325221940c6ed91356bbf364e91c4.ctxr,orp_face_retach.bmp_0e6325221940c6ed91356bbf364e91c4,ctxr,198112,8de356f57fc3ee66c9a56b00def0bbddd4f9f5e0
textures/flatlist/ovr_stm/_win/orp_face_retach.bmp_52c9c67e50e94dbb4dab8c0eb4360a13.ctxr,textures/flatlist/ovr_stm/_win,orp_face_retach.bmp_52c9c67e50e94dbb4dab8c0eb4360a13.ctxr,orp_face_retach.bmp_52c9c67e50e94dbb4dab8c0eb4360a13,ctxr,198112,3382e679dbd032a0d4b9f1bb2155b3974967c09c
textures/flatlist/ovr_stm/_win/orp_hair_alp_ovl_dd.bmp.ctxr,textures/flatlist/ovr_stm/_win,orp_hair_alp_ovl_dd.bmp.ctxr,orp_hair_alp_ovl_dd.bmp,ctxr,319840,39387f389d939cbfa653fc1ba64c2fcc5d5b0d41
textures/flatlist/ovr_stm/_win/orp_hair_alp_ovl_new.bmp.ctxr,textures/flatlist/ovr_stm/_win,orp_hair_alp_ovl_new.bmp.ctxr,orp_hair_alp_ovl_new.bmp,ctxr,319840,67d91532c05b7a714a9b5011dc545a1702f1cb76
textures/flatlist/ovr_stm/_win/orp_hair_alp_ovl_re03.bmp.ctxr,textures/flatlist/ovr_stm/_win,orp_hair_alp_ovl_re03.bmp.ctxr,orp_hair_alp_ovl_re03.bmp,ctxr,319840,6b763cf32114068be412f5647d1e6baecad1cc5c
textures/flatlist/ovr_stm/_win/orp_hand_sam.bmp.ctxr,textures/flatlist/ovr_stm/_win,orp_hand_sam.bmp.ctxr,orp_hand_sam.bmp,ctxr,3712,1324aac33f959fd1e14357949701b0d6322bb454
textures/flatlist/ovr_stm/_win/orp_hand_top.bmp.ctxr,textures/flatlist/ovr_stm/_win,orp_hand_top.bmp.ctxr,orp_hand_top.bmp,ctxr,13088,298e9b1d3215dd1cfe39b672723ea3f1b6402453
textures/flatlist/ovr_stm/_win/orp_hf00_st.bmp.ctxr,textures/flatlist/ovr_stm/_win,orp_hf00_st.bmp.ctxr,orp_hf00_st.bmp,ctxr,3712,f19504ba5439d042b7719c6bb3b36dae08e99b2c
textures/flatlist/ovr_stm/_win/orp_hf01_st.bmp.ctxr,textures/flatlist/ovr_stm/_win,orp_hf01_st.bmp.ctxr,orp_hf01_st.bmp,ctxr,10016,7ab0eebcd91c953a21d0ccc16607842bcf99388c
textures/flatlist/ovr_stm/_win/orp_hf02_st.bmp.ctxr,textures/flatlist/ovr_stm/_win,orp_hf02_st.bmp.ctxr,orp_hf02_st.bmp,ctxr,17376,f1bf40bb9f171171ce20753709b1ea3ed142a9ed
textures/flatlist/ovr_stm/_win/orp_hi_eye.bmp.ctxr,textures/flatlist/ovr_stm/_win,orp_hi_eye.bmp.ctxr,orp_hi_eye.bmp,ctxr,7168,72d46edcde5d143a1abc2756ed4a1661f954cf2d
textures/flatlist/ovr_stm/_win/orp_hi_finger.bmp.ctxr,textures/flatlist/ovr_stm/_win,orp_hi_finger.bmp.ctxr,orp_hi_finger.bmp,ctxr,5760,9cb926b79bbc210259da9ff3e11a8ee64c0c13a2
textures/flatlist/ovr_stm/_win/orp_hi_finger_red.bmp.ctxr,textures/flatlist/ovr_stm/_win,orp_hi_finger_red.bmp.ctxr,orp_hi_finger_red.bmp,ctxr,4384,aae35ecbb547f0f9ad1cf4fc43948e3ab381e2d3
textures/flatlist/ovr_stm/_win/orp_kata_meisai_re.bmp.ctxr,textures/flatlist/ovr_stm/_win,orp_kata_meisai_re.bmp.ctxr,orp_kata_meisai_re.bmp,ctxr,4032,702e4a15f94d1ed0cddd21efaaffa95fb6aad53a
textures/flatlist/ovr_stm/_win/orp_larm_j_meisai_re.bmp.ctxr,textures/flatlist/ovr_stm/_win,orp_larm_j_meisai_re.bmp.ctxr,orp_larm_j_meisai_re.bmp,ctxr,39424,503f0d817cb35b60c3ca2f19cab0fdc590b573e5
textures/flatlist/ovr_stm/_win/orp_pamtsu2_meisai_re.bmp.ctxr,textures/flatlist/ovr_stm/_win,orp_pamtsu2_meisai_re.bmp.ctxr,orp_pamtsu2_meisai_re.bmp,ctxr,57664,36c831c642aee085a79fe9375548bee0d30e590b
textures/flatlist/ovr_stm/_win/orp_pamtsu_meisai_re.bmp.ctxr,textures/flatlist/ovr_stm/_win,orp_pamtsu_meisai_re.bmp.ctxr,orp_pamtsu_meisai_re.bmp,ctxr,57664,a372498be046a178d4abae81cffb19dfaf907fd3
textures/flatlist/ovr_stm/_win/orp_rarm_j_meisai_re.bmp.ctxr,textures/flatlist/ovr_stm/_win,orp_rarm_j_meisai_re.bmp.ctxr,orp_rarm_j_meisai_re.bmp,ctxr,39424,a0c1d202749671b94088c0d427ae123477641c2a
textures/flatlist/ovr_stm/_win/orp_waist.bmp.ctxr,textures/flatlist/ovr_stm/_win,orp_waist.bmp.ctxr,orp_waist.bmp,ctxr,6688,7626f107da2bfee31de6fe8138789727d70c8e89
textures/flatlist/ovr_stm/_win/p90_amo.bmp.ctxr,textures/flatlist/ovr_stm/_win,p90_amo.bmp.ctxr,p90_amo.bmp,ctxr,4384,0b78b3ab7b19494fc8ed0e529b008e9301a6fcaf
textures/flatlist/ovr_stm/_win/p90_amo_natsu.bmp.ctxr,textures/flatlist/ovr_stm/_win,p90_amo_natsu.bmp.ctxr,p90_amo_natsu.bmp,ctxr,38560,1d20c85788208f20eca1d70712983ac241c28a41
textures/flatlist/ovr_stm/_win/p90_main_natsu.bmp.ctxr,textures/flatlist/ovr_stm/_win,p90_main_natsu.bmp.ctxr,p90_main_natsu.bmp,ctxr,16704,0296e60acb947a09518814c0776da7e6bc75da82
textures/flatlist/ovr_stm/_win/pdray_face_s2.bmp.ctxr,textures/flatlist/ovr_stm/_win,pdray_face_s2.bmp.ctxr,pdray_face_s2.bmp,ctxr,70016,2d9cc70b719a3a4681ec47a42fba57bc90ce1c25
textures/flatlist/ovr_stm/_win/pit_arm.bmp.ctxr,textures/flatlist/ovr_stm/_win,pit_arm.bmp.ctxr,pit_arm.bmp,ctxr,74048,10580eafe3dfff07a3dd49dc78fef94f0fd43b94
textures/flatlist/ovr_stm/_win/pit_arm004.bmp.ctxr,textures/flatlist/ovr_stm/_win,pit_arm004.bmp.ctxr,pit_arm004.bmp,ctxr,74048,7ec422e4b0d03d3d4c027971716ae3b5f36eb27d
textures/flatlist/ovr_stm/_win/pit_arm_big_mark_l.bmp.ctxr,textures/flatlist/ovr_stm/_win,pit_arm_big_mark_l.bmp.ctxr,pit_arm_big_mark_l.bmp,ctxr,20768,c0036a50b4f5e69b9a4eaf2a57e24f7b9ff3d15f
textures/flatlist/ovr_stm/_win/pit_arm_big_mark_r.bmp.ctxr,textures/flatlist/ovr_stm/_win,pit_arm_big_mark_r.bmp.ctxr,pit_arm_big_mark_r.bmp,ctxr,20768,4dc3276db70fba38a9a70dcb3893819aa620d0d9
textures/flatlist/ovr_stm/_win/pit_arm_markl.bmp.ctxr,textures/flatlist/ovr_stm/_win,pit_arm_markl.bmp.ctxr,pit_arm_markl.bmp,ctxr,67904,d783d3faa0baed7598267f9a224b720c628fa7ed
textures/flatlist/ovr_stm/_win/pit_arm_markr.bmp.ctxr,textures/flatlist/ovr_stm/_win,pit_arm_markr.bmp.ctxr,pit_arm_markr.bmp,ctxr,67904,08103742ecc351ec350a0a35bf14e1330c06492d
textures/flatlist/ovr_stm/_win/pit_boms_big.bmp.ctxr,textures/flatlist/ovr_stm/_win,pit_boms_big.bmp.ctxr,pit_boms_big.bmp,ctxr,18048,2dc40fdeb8e060c74564c5ba0921316fe0fe8ee1
textures/flatlist/ovr_stm/_win/pit_eye.bmp.ctxr,textures/flatlist/ovr_stm/_win,pit_eye.bmp.ctxr,pit_eye.bmp,ctxr,7168,07fd10d6e119cdaf6aa5e76d2a0a84251f33fed3
textures/flatlist/ovr_stm/_win/pit_eye_d.bmp.ctxr,textures/flatlist/ovr_stm/_win,pit_eye_d.bmp.ctxr,pit_eye_d.bmp,ctxr,7168,e3c5fdf5830db98cf6a2d3215babdbf9ef5ef658
textures/flatlist/ovr_stm/_win/pit_face2_ovl_sub_alp.bmp.ctxr,textures/flatlist/ovr_stm/_win,pit_face2_ovl_sub_alp.bmp.ctxr,pit_face2_ovl_sub_alp.bmp,ctxr,74784,6fcff63ff712949a8a0530d228c6952c2c3ea7e6
textures/flatlist/ovr_stm/_win/pit_food_c.bmp.ctxr,textures/flatlist/ovr_stm/_win,pit_food_c.bmp.ctxr,pit_food_c.bmp,ctxr,16704,6deaebc332a7b9bd06f01b91131cdc0cae85320e
textures/flatlist/ovr_stm/_win/pit_food_c.bmp_34cbc68775c7cff51c1749b7d1398731.ctxr,textures/flatlist/ovr_stm/_win,pit_food_c.bmp_34cbc68775c7cff51c1749b7d1398731.ctxr,pit_food_c.bmp_34cbc68775c7cff51c1749b7d1398731,ctxr,16704,c4824d2151f0cf05521485d9d56da4e5b81a2a35
textures/flatlist/ovr_stm/_win/pit_food_s.bmp.ctxr,textures/flatlist/ovr_stm/_win,pit_food_s.bmp.ctxr,pit_food_s.bmp,ctxr,24896,437822ea6fd03bf9dd8ad7e476d6a1e7a18b90dc
textures/flatlist/ovr_stm/_win/pit_food_s.bmp_c5532a65e21a91fcf9dcfee4619c7e9a.ctxr,textures/flatlist/ovr_stm/_win,pit_food_s.bmp_c5532a65e21a91fcf9dcfee4619c7e9a.ctxr,pit_food_s.bmp_c5532a65e21a91fcf9dcfee4619c7e9a,ctxr,24896,c391b4132df86a44b1351dad15f532291c705471
textures/flatlist/ovr_stm/_win/pit_legl.bmp.ctxr,textures/flatlist/ovr_stm/_win,pit_legl.bmp.ctxr,pit_legl.bmp,ctxr,54976,f8d5901e3d2a3575e89e60be42d035f228838486
textures/flatlist/ovr_stm/_win/pit_legl_re00.bmp.ctxr,textures/flatlist/ovr_stm/_win,pit_legl_re00.bmp.ctxr,pit_legl_re00.bmp,ctxr,54976,21874751870c49c39016bfa80eb2dc99dcfbc8c3
textures/flatlist/ovr_stm/_win/pit_neccktie.bmp.ctxr,textures/flatlist/ovr_stm/_win,pit_neccktie.bmp.ctxr,pit_neccktie.bmp,ctxr,5760,b5afba6f5e650349699db1ead9d3b46964d4899c
textures/flatlist/ovr_stm/_win/pit_nypd_big.bmp.ctxr,textures/flatlist/ovr_stm/_win,pit_nypd_big.bmp.ctxr,pit_nypd_big.bmp,ctxr,25888,8dc9d3e981b8c114190b87bd52af47d2a4db9393
textures/flatlist/ovr_stm/_win/pit_shatu00.bmp.ctxr,textures/flatlist/ovr_stm/_win,pit_shatu00.bmp.ctxr,pit_shatu00.bmp,ctxr,12576,86df4051cc8c646840e4c5c689be7522ecaeb1dc
textures/flatlist/ovr_stm/_win/pit_shatu001.bmp.ctxr,textures/flatlist/ovr_stm/_win,pit_shatu001.bmp.ctxr,pit_shatu001.bmp,ctxr,12576,a5274fe7e4d22cdc3f5887d91dc14fdb5e2b7470
textures/flatlist/ovr_stm/_win/pit_shatu01.bmp.ctxr,textures/flatlist/ovr_stm/_win,pit_shatu01.bmp.ctxr,pit_shatu01.bmp,ctxr,12576,16264b04a0af50c94386f731e3be31e98be68cff
textures/flatlist/ovr_stm/_win/pit_shatu_dd.bmp.ctxr,textures/flatlist/ovr_stm/_win,pit_shatu_dd.bmp.ctxr,pit_shatu_dd.bmp,ctxr,5792,eddc3633690407bd710eb8c02103d1ef5c1efe77
textures/flatlist/ovr_stm/_win/pit_shoese.bmp.ctxr,textures/flatlist/ovr_stm/_win,pit_shoese.bmp.ctxr,pit_shoese.bmp,ctxr,13984,dc0064dd0f9b30947506af0c433bdebf6529e849
textures/flatlist/ovr_stm/_win/pit_shoese_000.bmp.ctxr,textures/flatlist/ovr_stm/_win,pit_shoese_000.bmp.ctxr,pit_shoese_000.bmp,ctxr,8480,79d2e8f8eba59b975b055f4e18d19b1af1720242
textures/flatlist/ovr_stm/_win/pit_shoese_under.bmp.ctxr,textures/flatlist/ovr_stm/_win,pit_shoese_under.bmp.ctxr,pit_shoese_under.bmp,ctxr,5376,ef0f0b1dfb24a95f2d796e29b72f121db309d8eb
textures/flatlist/ovr_stm/_win/pit_steki00.bmp.ctxr,textures/flatlist/ovr_stm/_win,pit_steki00.bmp.ctxr,pit_steki00.bmp,ctxr,5760,4a9b36c235d738c4e7985668d9e573a30acd7040
textures/flatlist/ovr_stm/_win/pit_steki01.bmp.ctxr,textures/flatlist/ovr_stm/_win,pit_steki01.bmp.ctxr,pit_steki01.bmp,ctxr,5760,1c39b5b7282449eec1a78b535e7fff9926292a62
textures/flatlist/ovr_stm/_win/plant_bomb2_alp_ovl.bmp.ctxr,textures/flatlist/ovr_stm/_win,plant_bomb2_alp_ovl.bmp.ctxr,plant_bomb2_alp_ovl.bmp,ctxr,230720,31764ed94d0841a9568d7920593bd5ff20fa8e4c
textures/flatlist/ovr_stm/_win/plant_bomb_alp_ovl.bmp.ctxr,textures/flatlist/ovr_stm/_win,plant_bomb_alp_ovl.bmp.ctxr,plant_bomb_alp_ovl.bmp,ctxr,230720,0c631a4bb66ec63bdebb497a8fab819afbe40bd5
textures/flatlist/ovr_stm/_win/pl_box_d.bmp.ctxr,textures/flatlist/ovr_stm/_win,pl_box_d.bmp.ctxr,pl_box_d.bmp,ctxr,24896,7101a974a7c7685f7787d6b661a79520a9028782
textures/flatlist/ovr_stm/_win/police_pos.bmp.ctxr,textures/flatlist/ovr_stm/_win,police_pos.bmp.ctxr,police_pos.bmp,ctxr,147776,1a413b69985266c5823561d1173ba3f8d1ad4ef4
textures/flatlist/ovr_stm/_win/postcard01.bmp.ctxr,textures/flatlist/ovr_stm/_win,postcard01.bmp.ctxr,postcard01.bmp,ctxr,18720,d50a3caf8f108dd771fe226c0475f2bd4e664b0a
textures/flatlist/ovr_stm/_win/pos_abe_01.bmp.ctxr,textures/flatlist/ovr_stm/_win,pos_abe_01.bmp.ctxr,pos_abe_01.bmp,ctxr,251584,388a3967f8e0d9ae4a80379ba048c9242330e3e2
textures/flatlist/ovr_stm/_win/pos_ishida_02.bmp.ctxr,textures/flatlist/ovr_stm/_win,pos_ishida_02.bmp.ctxr,pos_ishida_02.bmp,ctxr,251584,e2cab88e9b6a77678c716b4178dfaf28e64add58
textures/flatlist/ovr_stm/_win/pos_ishida_03.bmp.ctxr,textures/flatlist/ovr_stm/_win,pos_ishida_03.bmp.ctxr,pos_ishida_03.bmp,ctxr,251584,813ddac85d662ebe2ca223d89139291784274e20
textures/flatlist/ovr_stm/_win/pos_kazuki_01.bmp.ctxr,textures/flatlist/ovr_stm/_win,pos_kazuki_01.bmp.ctxr,pos_kazuki_01.bmp,ctxr,251584,177c2bfd9037018fd1d82dd32cda1d3d05459af0
textures/flatlist/ovr_stm/_win/pos_kazuki_02.bmp.ctxr,textures/flatlist/ovr_stm/_win,pos_kazuki_02.bmp.ctxr,pos_kazuki_02.bmp,ctxr,251584,377779f7ac849bca8d39a7b56e6afaede381ab0b
textures/flatlist/ovr_stm/_win/pos_nakagawa_02.bmp.ctxr,textures/flatlist/ovr_stm/_win,pos_nakagawa_02.bmp.ctxr,pos_nakagawa_02.bmp,ctxr,251584,2cac25a188e9cee77b85470496ee58965a9954db
textures/flatlist/ovr_stm/_win/pos_nakagawa_03.bmp.ctxr,textures/flatlist/ovr_stm/_win,pos_nakagawa_03.bmp.ctxr,pos_nakagawa_03.bmp,ctxr,251584,24e459326ca4a4b7e2da218d2bb62b1e8fdd4b25
textures/flatlist/ovr_stm/_win/pos_yasuda_03.bmp.ctxr,textures/flatlist/ovr_stm/_win,pos_yasuda_03.bmp.ctxr,pos_yasuda_03.bmp,ctxr,251584,20b3d4479199b95302b111a881b7815d61745e09
textures/flatlist/ovr_stm/_win/ptr_face03.bmp.ctxr,textures/flatlist/ovr_stm/_win,ptr_face03.bmp.ctxr,ptr_face03.bmp,ctxr,398336,47458cc5580065ad5a3d9edca5d39dbf378ec325
textures/flatlist/ovr_stm/_win/ptr_face03.bmp_b289bdfbbb58e30a73b2a6a2b3ba988b.ctxr,textures/flatlist/ovr_stm/_win,ptr_face03.bmp_b289bdfbbb58e30a73b2a6a2b3ba988b.ctxr,ptr_face03.bmp_b289bdfbbb58e30a73b2a6a2b3ba988b,ctxr,398336,cbf0009b0854da75f340d555fc099357a3d6ef11
textures/flatlist/ovr_stm/_win/ptr_face_dead.bmp.ctxr,textures/flatlist/ovr_stm/_win,ptr_face_dead.bmp.ctxr,ptr_face_dead.bmp,ctxr,398336,004ed32b42affa64ab3bd29e43888d1b930eca3a
textures/flatlist/ovr_stm/_win/ptr_hand.bmp.ctxr,textures/flatlist/ovr_stm/_win,ptr_hand.bmp.ctxr,ptr_hand.bmp,ctxr,33088,215e7c56a31052f697f62e28c026cdd7831f78d4
textures/flatlist/ovr_stm/_win/ptr_hand_re.bmp.ctxr,textures/flatlist/ovr_stm/_win,ptr_hand_re.bmp.ctxr,ptr_hand_re.bmp,ctxr,33088,eb8bcec4abb7777a9d5ffcbdb3ef3711a3323116
textures/flatlist/ovr_stm/_win/ptr_hi_finger.bmp.ctxr,textures/flatlist/ovr_stm/_win,ptr_hi_finger.bmp.ctxr,ptr_hi_finger.bmp,ctxr,5760,02a8b9ec2d39120707a7758dfce1c8565ffbdb0d
textures/flatlist/ovr_stm/_win/ptr_hi_finger_red.bmp.ctxr,textures/flatlist/ovr_stm/_win,ptr_hi_finger_red.bmp.ctxr,ptr_hi_finger_red.bmp,ctxr,4384,179de3bd41f917883d78c9e7becf364ec858e494
textures/flatlist/ovr_stm/_win/ptr_hi_hand000.bmp.ctxr,textures/flatlist/ovr_stm/_win,ptr_hi_hand000.bmp.ctxr,ptr_hi_hand000.bmp,ctxr,26912,395738d9ef081142c0ceed49332dd1d7170228e4
textures/flatlist/ovr_stm/_win/ptr_hi_hand01.bmp.ctxr,textures/flatlist/ovr_stm/_win,ptr_hi_hand01.bmp.ctxr,ptr_hi_hand01.bmp,ctxr,14624,c3d63464932a41e6adecd06e48a1a6aa87f47beb
textures/flatlist/ovr_stm/_win/ptr_jaket_nypd.bmp.ctxr,textures/flatlist/ovr_stm/_win,ptr_jaket_nypd.bmp.ctxr,ptr_jaket_nypd.bmp,ctxr,139584,7cdd03866e197b66f05653d96dbd2eb3b8a41bfa
textures/flatlist/ovr_stm/_win/ptr_jaket_nypd_dead.bmp.ctxr,textures/flatlist/ovr_stm/_win,ptr_jaket_nypd_dead.bmp.ctxr,ptr_jaket_nypd_dead.bmp,ctxr,139584,2f808351de75e0579d6ab22e70a33ed21a7e1dcc
textures/flatlist/ovr_stm/_win/ptr_jaket_nypd_new.bmp.ctxr,textures/flatlist/ovr_stm/_win,ptr_jaket_nypd_new.bmp.ctxr,ptr_jaket_nypd_new.bmp,ctxr,139584,e5a4ac9fc999f3091c3e251b55e6e98039935db6
textures/flatlist/ovr_stm/_win/ptr_mtg_alp_ovl.bmp.ctxr,textures/flatlist/ovr_stm/_win,ptr_mtg_alp_ovl.bmp.ctxr,ptr_mtg_alp_ovl.bmp,ctxr,13600,9f063bcf12a1fb0b57b45cb17b3ebe184fe3a2c9
textures/flatlist/ovr_stm/_win/ptr_tooth_d1.bmp.ctxr,textures/flatlist/ovr_stm/_win,ptr_tooth_d1.bmp.ctxr,ptr_tooth_d1.bmp,ctxr,5792,c2a41b4a74a3cb645c6e309318bdb854d8d58c9b
textures/flatlist/ovr_stm/_win/ptr_tooth_d2.bmp.ctxr,textures/flatlist/ovr_stm/_win,ptr_tooth_d2.bmp.ctxr,ptr_tooth_d2.bmp,ctxr,4416,edd1b6b50887f66b20ff688e6f37961875f4a8f9
textures/flatlist/ovr_stm/_win/ptr_tooth_d3.bmp.ctxr,textures/flatlist/ovr_stm/_win,ptr_tooth_d3.bmp.ctxr,ptr_tooth_d3.bmp,ctxr,3072,bce435f576f065135055d478feddf576cbb4ada5
textures/flatlist/ovr_stm/_win/ptr_tooth_d4.bmp.ctxr,textures/flatlist/ovr_stm/_win,ptr_tooth_d4.bmp.ctxr,ptr_tooth_d4.bmp,ctxr,1792,1edc5876d2d23c54a4dceb77f7a8757cb5c26072
textures/flatlist/ovr_stm/_win/ptr_tooth_u1.bmp.ctxr,textures/flatlist/ovr_stm/_win,ptr_tooth_u1.bmp.ctxr,ptr_tooth_u1.bmp,ctxr,4416,85e84f59935c21e2e83a27a5e323c620902bee82
textures/flatlist/ovr_stm/_win/ptr_tooth_u2.bmp.ctxr,textures/flatlist/ovr_stm/_win,ptr_tooth_u2.bmp.ctxr,ptr_tooth_u2.bmp,ctxr,4416,5be148c3873284a4b57b1465e344bbbff3307527
textures/flatlist/ovr_stm/_win/ptr_tooth_u3.bmp.ctxr,textures/flatlist/ovr_stm/_win,ptr_tooth_u3.bmp.ctxr,ptr_tooth_u3.bmp,ctxr,4416,119bc10d4720a43108904cc590ea25ed5fc5680d
textures/flatlist/ovr_stm/_win/ptr_tooth_u4.bmp.ctxr,textures/flatlist/ovr_stm/_win,ptr_tooth_u4.bmp.ctxr,ptr_tooth_u4.bmp,ctxr,4416,b3b66f06ab62f561eed2c44e60c00e3204c23cc1
textures/flatlist/ovr_stm/_win/pump.bmp.ctxr,textures/flatlist/ovr_stm/_win,pump.bmp.ctxr,pump.bmp,ctxr,12576,488d73a8fcc55753a8989820a21a2feb1c3ce27b
textures/flatlist/ovr_stm/_win/pumpin.bmp_d158ec1bae8868a7fb57a3d368a5647f.ctxr,textures/flatlist/ovr_stm/_win,pumpin.bmp_d158ec1bae8868a7fb57a3d368a5647f.ctxr,pumpin.bmp_d158ec1bae8868a7fb57a3d368a5647f,ctxr,14624,682d2517049f28291f70f9b39bce39b2e2caf1a7
textures/flatlist/ovr_stm/_win/rad_musen1.bmp.ctxr,textures/flatlist/ovr_stm/_win,rad_musen1.bmp.ctxr,rad_musen1.bmp,ctxr,4544,8b08f86b633ec97add2ce8a7c9016a5867de28cf
textures/flatlist/ovr_stm/_win/rad_musen3.bmp.ctxr,textures/flatlist/ovr_stm/_win,rad_musen3.bmp.ctxr,rad_musen3.bmp,ctxr,2848,d4d4f27f6fcb6d64b49f24cb0e0caaa74c7a53f8
textures/flatlist/ovr_stm/_win/rad_musen4.bmp.ctxr,textures/flatlist/ovr_stm/_win,rad_musen4.bmp.ctxr,rad_musen4.bmp,ctxr,4544,46a1a16062e25a7df1ca5ccc9ae78eae15f9eedb
textures/flatlist/ovr_stm/_win/rai_all_ibox.bmp.ctxr,textures/flatlist/ovr_stm/_win,rai_all_ibox.bmp.ctxr,rai_all_ibox.bmp,ctxr,49504,c91d8c56166c4b8b2c3c4ca3d1787cbc43873eef
textures/flatlist/ovr_stm/_win/rai_gun_back.bmp.ctxr,textures/flatlist/ovr_stm/_win,rai_gun_back.bmp.ctxr,rai_gun_back.bmp,ctxr,4032,1148a01f015d357a256e8214c77aaa8b248a7afa
textures/flatlist/ovr_stm/_win/rai_gun_fro.bmp.ctxr,textures/flatlist/ovr_stm/_win,rai_gun_fro.bmp.ctxr,rai_gun_fro.bmp,ctxr,5792,bf606c7ba534306503a6de86fcfc89fd21cdfefe
textures/flatlist/ovr_stm/_win/rai_gun_side.bmp.ctxr,textures/flatlist/ovr_stm/_win,rai_gun_side.bmp.ctxr,rai_gun_side.bmp,ctxr,11264,897f34effc9c1ef3599857efefb1b682ee291d29
textures/flatlist/ovr_stm/_win/rai_gun_side2.bmp.ctxr,textures/flatlist/ovr_stm/_win,rai_gun_side2.bmp.ctxr,rai_gun_side2.bmp,ctxr,11264,fdaf2978237b8aa6fe5e071cb25ef8944eb4b75c
textures/flatlist/ovr_stm/_win/rai_gun_top.bmp.ctxr,textures/flatlist/ovr_stm/_win,rai_gun_top.bmp.ctxr,rai_gun_top.bmp,ctxr,2336,7f106766949e2ca8e94d99a53c125090383fab39
textures/flatlist/ovr_stm/_win/ray_add_alp.bmp.ctxr,textures/flatlist/ovr_stm/_win,ray_add_alp.bmp.ctxr,ray_add_alp.bmp,ctxr,15616,a7f2e37f6b8783ac3135abfb3f07642246c8688c
textures/flatlist/ovr_stm/_win/ray_armpit_meca2.bmp.ctxr,textures/flatlist/ovr_stm/_win,ray_armpit_meca2.bmp.ctxr,ray_armpit_meca2.bmp,ctxr,11264,1dab25b3b0d83d53d9bd11756852c2712235a53c
textures/flatlist/ovr_stm/_win/ray_armpit_meca2_new.bmp.ctxr,textures/flatlist/ovr_stm/_win,ray_armpit_meca2_new.bmp.ctxr,ray_armpit_meca2_new.bmp,ctxr,11264,49bf31691d8fd8ca4fc003194e165c640c04d55f
textures/flatlist/ovr_stm/_win/ray_armpit_t1.bmp.ctxr,textures/flatlist/ovr_stm/_win,ray_armpit_t1.bmp.ctxr,ray_armpit_t1.bmp,ctxr,33120,6a72dd5a903c1d5d8a318151288c62da009d2443
textures/flatlist/ovr_stm/_win/ray_armpit_u1.bmp.ctxr,textures/flatlist/ovr_stm/_win,ray_armpit_u1.bmp.ctxr,ray_armpit_u1.bmp,ctxr,44064,0f4bce950ea277bf70e3210da84591520b547429
textures/flatlist/ovr_stm/_win/ray_arm_t1.bmp.ctxr,textures/flatlist/ovr_stm/_win,ray_arm_t1.bmp.ctxr,ray_arm_t1.bmp,ctxr,202432,5a962abfa1737240e63528ab000d7e38522268a6
textures/flatlist/ovr_stm/_win/ray_arm_t1_sub_alp_ovl.bmp.ctxr,textures/flatlist/ovr_stm/_win,ray_arm_t1_sub_alp_ovl.bmp.ctxr,ray_arm_t1_sub_alp_ovl.bmp,ctxr,151712,91aaa5216dd1dc28db7015cac682ee5ae6ba7d7c
textures/flatlist/ovr_stm/_win/ray_arm_u1.bmp.ctxr,textures/flatlist/ovr_stm/_win,ray_arm_u1.bmp.ctxr,ray_arm_u1.bmp,ctxr,11264,a61bee84442c1e4b9a2396893d8ee860403b5cfa
textures/flatlist/ovr_stm/_win/ray_arm_u1s.bmp.ctxr,textures/flatlist/ovr_stm/_win,ray_arm_u1s.bmp.ctxr,ray_arm_u1s.bmp,ctxr,3040,4296d9aff27bdfeabc947230552677be39ef5fcb
textures/flatlist/ovr_stm/_win/ray_arm_u_finall.bmp.ctxr,textures/flatlist/ovr_stm/_win,ray_arm_u_finall.bmp.ctxr,ray_arm_u_finall.bmp,ctxr,33088,4e6bb8c3efaa5dc184d8677ef3c86e8122e79c9e
textures/flatlist/ovr_stm/_win/ray_backpack_t1.bmp.ctxr,textures/flatlist/ovr_stm/_win,ray_backpack_t1.bmp.ctxr,ray_backpack_t1.bmp,ctxr,90464,0505b4061ee6ec2e854b9c90265a3fd0c40c051a
textures/flatlist/ovr_stm/_win/ray_bm_01.bmp.ctxr,textures/flatlist/ovr_stm/_win,ray_bm_01.bmp.ctxr,ray_bm_01.bmp,ctxr,25888,4c095ac34d825d143c662de8b8e75091e37da453
textures/flatlist/ovr_stm/_win/ray_body_s1.bmp.ctxr,textures/flatlist/ovr_stm/_win,ray_body_s1.bmp.ctxr,ray_body_s1.bmp,ctxr,273440,8cbe1b5e165b36636b9923b6047879006397a317
textures/flatlist/ovr_stm/_win/ray_canopy.bmp.ctxr,textures/flatlist/ovr_stm/_win,ray_canopy.bmp.ctxr,ray_canopy.bmp,ctxr,5760,b94e1fc66585650e6288e28abda32dde8e6fc6ad
textures/flatlist/ovr_stm/_win/ray_canopy.bmp_69536e0cc16b5504c7afe3237c9f388a.ctxr,textures/flatlist/ovr_stm/_win,ray_canopy.bmp_69536e0cc16b5504c7afe3237c9f388a.ctxr,ray_canopy.bmp_69536e0cc16b5504c7afe3237c9f388a,ctxr,22176,11518283541a053cb09944d4d76025dae783613b
textures/flatlist/ovr_stm/_win/ray_canopy_edge.bmp.ctxr,textures/flatlist/ovr_stm/_win,ray_canopy_edge.bmp.ctxr,ray_canopy_edge.bmp,ctxr,4416,ea49b9f2f3982a3307f4ba551bab05049eee1a32
textures/flatlist/ovr_stm/_win/ray_canopy_ovl_mod1120_emap.bmp.ctxr,textures/flatlist/ovr_stm/_win,ray_canopy_ovl_mod1120_emap.bmp.ctxr,ray_canopy_ovl_mod1120_emap.bmp,ctxr,16544,d8bf42cdb981dfa672a8dbd4ede2957704eb25b2
textures/flatlist/ovr_stm/_win/ray_canopy_sub_ovl_alp.bmp.ctxr,textures/flatlist/ovr_stm/_win,ray_canopy_sub_ovl_alp.bmp.ctxr,ray_canopy_sub_ovl_alp.bmp,ctxr,4256,0e54b2afa3462fc037993d9c622e1c45e07e908d
textures/flatlist/ovr_stm/_win/ray_canopy_sub_ovl_alp.bmp_262887ad5d1a24632bc26b95450cb515.ctxr,textures/flatlist/ovr_stm/_win,ray_canopy_sub_ovl_alp.bmp_262887ad5d1a24632bc26b95450cb515.ctxr,ray_canopy_sub_ovl_alp.bmp_262887ad5d1a24632bc26b95450cb515,ctxr,16544,75accdad6d8d07d2a9238be0ecc19f3f7014ccae
textures/flatlist/ovr_stm/_win/ray_chest_f1.bmp.ctxr,textures/flatlist/ovr_stm/_win,ray_chest_f1.bmp.ctxr,ray_chest_f1.bmp,ctxr,76800,4f64f310a793fb95e4adc04a8ae1715fb902c8c5
textures/flatlist/ovr_stm/_win/ray_chin1_u.bmp.ctxr,textures/flatlist/ovr_stm/_win,ray_chin1_u.bmp.ctxr,ray_chin1_u.bmp,ctxr,34432,0c2719393c2daf07dfe4fb8f2e69188129ca40bb
textures/flatlist/ovr_stm/_win/ray_chin2_u.bmp.ctxr,textures/flatlist/ovr_stm/_win,ray_chin2_u.bmp.ctxr,ray_chin2_u.bmp,ctxr,11264,fed105cf4a4650288248f247e62da4fb370d5670
textures/flatlist/ovr_stm/_win/ray_chin_t1.bmp.ctxr,textures/flatlist/ovr_stm/_win,ray_chin_t1.bmp.ctxr,ray_chin_t1.bmp,ctxr,22176,99c211cdabc86cdc45abfec1284b02a54dd5f41f
textures/flatlist/ovr_stm/_win/ray_eye.bmp.ctxr,textures/flatlist/ovr_stm/_win,ray_eye.bmp.ctxr,ray_eye.bmp,ctxr,4384,a7d939b52258cebbfb6b9137f0078bc05eb6c5d9
textures/flatlist/ovr_stm/_win/ray_eye_bonbori_alp.bmp.ctxr,textures/flatlist/ovr_stm/_win,ray_eye_bonbori_alp.bmp.ctxr,ray_eye_bonbori_alp.bmp,ctxr,5760,2437f8c65801214260c71c2af6527e5cecb4ef21
textures/flatlist/ovr_stm/_win/ray_eye_pera.bmp.ctxr,textures/flatlist/ovr_stm/_win,ray_eye_pera.bmp.ctxr,ray_eye_pera.bmp,ctxr,4384,b37e8cab62e17ed9b8a904f3dfa8d8a571b4eded
textures/flatlist/ovr_stm/_win/ray_face_b1.bmp.ctxr,textures/flatlist/ovr_stm/_win,ray_face_b1.bmp.ctxr,ray_face_b1.bmp,ctxr,4384,75151c2fadd638cee4f65db78d187ee2d6ef118e
textures/flatlist/ovr_stm/_win/ray_face_s1.bmp.ctxr,textures/flatlist/ovr_stm/_win,ray_face_s1.bmp.ctxr,ray_face_s1.bmp,ctxr,43520,1c291b72e9702946316f7e0668aea516861900a0
textures/flatlist/ovr_stm/_win/ray_face_s1_sub_alp_ovl.bmp.ctxr,textures/flatlist/ovr_stm/_win,ray_face_s1_sub_alp_ovl.bmp.ctxr,ray_face_s1_sub_alp_ovl.bmp,ctxr,32544,cb77b8449b37d221d71ed81dd634ea4878daae38
textures/flatlist/ovr_stm/_win/ray_face_s2.bmp.ctxr,textures/flatlist/ovr_stm/_win,ray_face_s2.bmp.ctxr,ray_face_s2.bmp,ctxr,70016,2e487f59e677cf568fc9052608322b1a4f73d90c
textures/flatlist/ovr_stm/_win/ray_face_s2_sub_alp_ovl.bmp.ctxr,textures/flatlist/ovr_stm/_win,ray_face_s2_sub_alp_ovl.bmp.ctxr,ray_face_s2_sub_alp_ovl.bmp,ctxr,52448,f1eafc67543c3cc7116e83c2b9b95aee1581867d
textures/flatlist/ovr_stm/_win/ray_face_t1.bmp.ctxr,textures/flatlist/ovr_stm/_win,ray_face_t1.bmp.ctxr,ray_face_t1.bmp,ctxr,74880,6719a04b5a81184ff790831397e6152190ede93e
textures/flatlist/ovr_stm/_win/ray_face_t1_sub_alp_ovl.bmp.ctxr,textures/flatlist/ovr_stm/_win,ray_face_t1_sub_alp_ovl.bmp.ctxr,ray_face_t1_sub_alp_ovl.bmp,ctxr,56096,39761b66a81bf12c03a99877608727fb22f4d258
textures/flatlist/ovr_stm/_win/ray_forearm_t1.bmp.ctxr,textures/flatlist/ovr_stm/_win,ray_forearm_t1.bmp.ctxr,ray_forearm_t1.bmp,ctxr,68608,c344f2d8dcb53600949078a67aa6c506fd95a1c3
textures/flatlist/ovr_stm/_win/ray_hand_u1.bmp.ctxr,textures/flatlist/ovr_stm/_win,ray_hand_u1.bmp.ctxr,ray_hand_u1.bmp,ctxr,13984,61709c16dc548debfeecc1682afa6c9c1e83c2d2
textures/flatlist/ovr_stm/_win/ray_hip_f1.bmp.ctxr,textures/flatlist/ovr_stm/_win,ray_hip_f1.bmp.ctxr,ray_hip_f1.bmp,ctxr,33088,2af7c6ba9485874fae7a95d2959b78907dc93f4b
textures/flatlist/ovr_stm/_win/ray_leg1_s1.bmp.ctxr,textures/flatlist/ovr_stm/_win,ray_leg1_s1.bmp.ctxr,ray_leg1_s1.bmp,ctxr,102720,beea4fb277f5aad88325bab67697bd2cd4f37b6b
textures/flatlist/ovr_stm/_win/ray_leg1_s1_sub_alp_ovl.bmp.ctxr,textures/flatlist/ovr_stm/_win,ray_leg1_s1_sub_alp_ovl.bmp.ctxr,ray_leg1_s1_sub_alp_ovl.bmp,ctxr,76960,300c70107df15dba89d44eba9450a8dc52a9d3c3
textures/flatlist/ovr_stm/_win/ray_leg2_s1.bmp.ctxr,textures/flatlist/ovr_stm/_win,ray_leg2_s1.bmp.ctxr,ray_leg2_s1.bmp,ctxr,188064,af05dd27317998f4a954698474d01da5f3e9d10b
textures/flatlist/ovr_stm/_win/ray_lip_out.bmp.ctxr,textures/flatlist/ovr_stm/_win,ray_lip_out.bmp.ctxr,ray_lip_out.bmp,ctxr,7424,99b37d763e063b21d79f015d1a884c6e18afb9db
textures/flatlist/ovr_stm/_win/ray_lip_out_sub_alp_ovl.bmp.ctxr,textures/flatlist/ovr_stm/_win,ray_lip_out_sub_alp_ovl.bmp.ctxr,ray_lip_out_sub_alp_ovl.bmp,ctxr,5536,268774da783e5ac52278ffbdd629ab41178e295c
textures/flatlist/ovr_stm/_win/ray_mouth_temptex.bmp.ctxr,textures/flatlist/ovr_stm/_win,ray_mouth_temptex.bmp.ctxr,ray_mouth_temptex.bmp,ctxr,22176,5ab79a58f50492d865b4ce554b7a0774aa88a536
textures/flatlist/ovr_stm/_win/ray_muzzle.bmp.ctxr,textures/flatlist/ovr_stm/_win,ray_muzzle.bmp.ctxr,ray_muzzle.bmp,ctxr,8480,219723e07c84939caf80276d40ac8a2b98cd7155
textures/flatlist/ovr_stm/_win/ray_muzzle_iner.bmp.ctxr,textures/flatlist/ovr_stm/_win,ray_muzzle_iner.bmp.ctxr,ray_muzzle_iner.bmp,ctxr,5760,cb5110974c019788be23291941b70ceecd4b8135
textures/flatlist/ovr_stm/_win/ray_neck_circle.bmp.ctxr,textures/flatlist/ovr_stm/_win,ray_neck_circle.bmp.ctxr,ray_neck_circle.bmp,ctxr,5760,f2d490e43a9b7d803eddd1367cba1d458715c716
textures/flatlist/ovr_stm/_win/ray_shoulder_circle.bmp.ctxr,textures/flatlist/ovr_stm/_win,ray_shoulder_circle.bmp.ctxr,ray_shoulder_circle.bmp,ctxr,16992,ff0cd5e23c543c495e92d759dca4357cbcf47d92
textures/flatlist/ovr_stm/_win/ray_shoulder_f1.bmp.ctxr,textures/flatlist/ovr_stm/_win,ray_shoulder_f1.bmp.ctxr,ray_shoulder_f1.bmp,ctxr,87744,9f20635aeb04007d98a14aefdd6e3ca2cdccd88c
textures/flatlist/ovr_stm/_win/ray_tail_s1x.bmp.ctxr,textures/flatlist/ovr_stm/_win,ray_tail_s1x.bmp.ctxr,ray_tail_s1x.bmp,ctxr,49504,8372edf6a778525541769fec2d73e629c17d89ce
textures/flatlist/ovr_stm/_win/ray_tail_s1x_sub_alp_ovl.bmp.ctxr,textures/flatlist/ovr_stm/_win,ray_tail_s1x_sub_alp_ovl.bmp.ctxr,ray_tail_s1x_sub_alp_ovl.bmp,ctxr,37024,60afd49f1c6cec9c0f63497de74ce29067823161
textures/flatlist/ovr_stm/_win/ray_tail_s2.bmp.ctxr,textures/flatlist/ovr_stm/_win,ray_tail_s2.bmp.ctxr,ray_tail_s2.bmp,ctxr,27616,2808d4d82debcbf370d5bba2bbb158c036ea115b
textures/flatlist/ovr_stm/_win/ray_temptex1.bmp.ctxr,textures/flatlist/ovr_stm/_win,ray_temptex1.bmp.ctxr,ray_temptex1.bmp,ctxr,22176,9c276942e44481c8ea1768d6b800e518990eced0
textures/flatlist/ovr_stm/_win/ray_temptex1_sub_alp_ovl.bmp.ctxr,textures/flatlist/ovr_stm/_win,ray_temptex1_sub_alp_ovl.bmp.ctxr,ray_temptex1_sub_alp_ovl.bmp,ctxr,16544,6e6348e7bfe9af1b80923d20730fdee0ab467d0f
textures/flatlist/ovr_stm/_win/ray_thigh_b1.bmp.ctxr,textures/flatlist/ovr_stm/_win,ray_thigh_b1.bmp.ctxr,ray_thigh_b1.bmp,ctxr,16704,86acb5d47e889ed6fa1248b8b9abd68925eb1bdc
textures/flatlist/ovr_stm/_win/ray_thigh_b1_sub_alp_ovl.bmp.ctxr,textures/flatlist/ovr_stm/_win,ray_thigh_b1_sub_alp_ovl.bmp.ctxr,ray_thigh_b1_sub_alp_ovl.bmp,ctxr,12448,4a634746562733c8f90288c27102ae9f902e1147
textures/flatlist/ovr_stm/_win/ray_thigh_circle.bmp.ctxr,textures/flatlist/ovr_stm/_win,ray_thigh_circle.bmp.ctxr,ray_thigh_circle.bmp,ctxr,12576,361299a77a712ba055817be6e5fd20389add3493
textures/flatlist/ovr_stm/_win/ray_thigh_t1.bmp.ctxr,textures/flatlist/ovr_stm/_win,ray_thigh_t1.bmp.ctxr,ray_thigh_t1.bmp,ctxr,502784,1445a5e1e30c5a07fa7172a37e6781c39730e91e
textures/flatlist/ovr_stm/_win/ray_thigh_t1_sub_ovl_alp.bmp.ctxr,textures/flatlist/ovr_stm/_win,ray_thigh_t1_sub_ovl_alp.bmp.ctxr,ray_thigh_t1_sub_ovl_alp.bmp,ctxr,376992,5453cc1b7ddf8d7ead037b2f9c47852f5efc0b4c
textures/flatlist/ovr_stm/_win/ray_thigh_u1.bmp.ctxr,textures/flatlist/ovr_stm/_win,ray_thigh_u1.bmp.ctxr,ray_thigh_u1.bmp,ctxr,43360,bfce3f7313bf27b452749438f00aedb516545102
textures/flatlist/ovr_stm/_win/ray_tooth.bmp.ctxr,textures/flatlist/ovr_stm/_win,ray_tooth.bmp.ctxr,ray_tooth.bmp,ctxr,13984,3b9c2750e4d9e9c91bec7e94ea050b9b768ad470
textures/flatlist/ovr_stm/_win/ray_waist_b1x.bmp.ctxr,textures/flatlist/ovr_stm/_win,ray_waist_b1x.bmp.ctxr,ray_waist_b1x.bmp,ctxr,33120,56f9528d6dd632367dfdd7620d4f4cf657ffaf82
textures/flatlist/ovr_stm/_win/ray_waist_b1x_sub_alp_ovl.bmp.ctxr,textures/flatlist/ovr_stm/_win,ray_waist_b1x_sub_alp_ovl.bmp.ctxr,ray_waist_b1x_sub_alp_ovl.bmp,ctxr,24736,913f6b63714dc42ede7884446151c1b36d1bcf4a
textures/flatlist/ovr_stm/_win/ray_waist_s1.bmp.ctxr,textures/flatlist/ovr_stm/_win,ray_waist_s1.bmp.ctxr,ray_waist_s1.bmp,ctxr,65888,121affb7a2890bfe6bb2c8d4fa2907702988c3a8
textures/flatlist/ovr_stm/_win/ray_waist_s1_sub_alp_ovl.bmp.ctxr,textures/flatlist/ovr_stm/_win,ray_waist_s1_sub_alp_ovl.bmp.ctxr,ray_waist_s1_sub_alp_ovl.bmp,ctxr,49312,db960ec47fbba0c97fd1f0e9bd4572c19a5f434f
textures/flatlist/ovr_stm/_win/rgb_amo.bmp.ctxr,textures/flatlist/ovr_stm/_win,rgb_amo.bmp.ctxr,rgb_amo.bmp,ctxr,5760,706a5dbbf6f8e645541ce7955492ad3b1f2edf8c
textures/flatlist/ovr_stm/_win/rgb_amo_cartridge2.bmp.ctxr,textures/flatlist/ovr_stm/_win,rgb_amo_cartridge2.bmp.ctxr,rgb_amo_cartridge2.bmp,ctxr,8480,e43ddc4a72248b4923823f947af6795a248f2dbd
textures/flatlist/ovr_stm/_win/rgb_sb_body.bmp.ctxr,textures/flatlist/ovr_stm/_win,rgb_sb_body.bmp.ctxr,rgb_sb_body.bmp,ctxr,41312,1020496a319442b14b2923cc81e5b6efafa9bcfa
textures/flatlist/ovr_stm/_win/rgb_sb_body.bmp_2f0d86d85ea774f8976cc6b4aac67670.ctxr,textures/flatlist/ovr_stm/_win,rgb_sb_body.bmp_2f0d86d85ea774f8976cc6b4aac67670.ctxr,rgb_sb_body.bmp_2f0d86d85ea774f8976cc6b4aac67670,ctxr,41312,515197f1b660aa77f17a13feb49b7c063d954987
textures/flatlist/ovr_stm/_win/rgb_sb_muzzle.bmp.ctxr,textures/flatlist/ovr_stm/_win,rgb_sb_muzzle.bmp.ctxr,rgb_sb_muzzle.bmp,ctxr,5952,75f01f793ff5e4fe9df8ac4467303d127ad69769
textures/flatlist/ovr_stm/_win/rgb_sb_muzzle.bmp_cd50a1055e9aaf1f63580648e71f4e0e.ctxr,textures/flatlist/ovr_stm/_win,rgb_sb_muzzle.bmp_cd50a1055e9aaf1f63580648e71f4e0e.ctxr,rgb_sb_muzzle.bmp_cd50a1055e9aaf1f63580648e71f4e0e,ctxr,5952,6661d81c81f8bc236f0af40f5c52237608061608
textures/flatlist/ovr_stm/_win/ros_arm2mc.bmp.ctxr,textures/flatlist/ovr_stm/_win,ros_arm2mc.bmp.ctxr,ros_arm2mc.bmp,ctxr,44704,9b8052a387e40719b6a635befaaae3e53cee7211
textures/flatlist/ovr_stm/_win/ros_armmc.bmp.ctxr,textures/flatlist/ovr_stm/_win,ros_armmc.bmp.ctxr,ros_armmc.bmp,ctxr,18208,7610c05e17deadd001b17c0ac90a39a90cc15447
textures/flatlist/ovr_stm/_win/ros_armmc_sub_alp_ovl.bmp.ctxr,textures/flatlist/ovr_stm/_win,ros_armmc_sub_alp_ovl.bmp.ctxr,ros_armmc_sub_alp_ovl.bmp,ctxr,13600,56b8e3b63b2319f7d0c9707a19205799b7fa5237
textures/flatlist/ovr_stm/_win/ros_bodymc.bmp.ctxr,textures/flatlist/ovr_stm/_win,ros_bodymc.bmp.ctxr,ros_bodymc.bmp,ctxr,117728,dd4d56871eeb459c140ddcb9f6672adaa81f6af5
textures/flatlist/ovr_stm/_win/ros_clip.bmp.ctxr,textures/flatlist/ovr_stm/_win,ros_clip.bmp.ctxr,ros_clip.bmp,ctxr,960,ac99e1ce512de06da6732b6664843f32e4025093
textures/flatlist/ovr_stm/_win/ros_emc_ovl_mod1120_alp_emap.bmp.ctxr,textures/flatlist/ovr_stm/_win,ros_emc_ovl_mod1120_alp_emap.bmp.ctxr,ros_emc_ovl_mod1120_alp_emap.bmp,ctxr,25760,0ff34ad35c4425dc6733eeb95ed5046ca616ce01
textures/flatlist/ovr_stm/_win/ros_fmc_ovl_mod1120_alp_emap.bmp.ctxr,textures/flatlist/ovr_stm/_win,ros_fmc_ovl_mod1120_alp_emap.bmp.ctxr,ros_fmc_ovl_mod1120_alp_emap.bmp,ctxr,9376,46dc13c2a46c4bb3f740b4a6343c3f02a4301c0c
textures/flatlist/ovr_stm/_win/ros_hair_p2mc.bmp.ctxr,textures/flatlist/ovr_stm/_win,ros_hair_p2mc.bmp.ctxr,ros_hair_p2mc.bmp,ctxr,115488,9059c34f3d6570e25b7f075b920b19e31606d64c
textures/flatlist/ovr_stm/_win/ros_hair_p2mc_ovl_sub_alp.bmp.ctxr,textures/flatlist/ovr_stm/_win,ros_hair_p2mc_ovl_sub_alp.bmp.ctxr,ros_hair_p2mc_ovl_sub_alp.bmp,ctxr,86560,f44d867a1892b8f5ba054cdbe2fe4611a05a93e6
textures/flatlist/ovr_stm/_win/ros_hair_p4mc.bmp.ctxr,textures/flatlist/ovr_stm/_win,ros_hair_p4mc.bmp.ctxr,ros_hair_p4mc.bmp,ctxr,74944,65c23ad956b84272a7bf787cb2c51d1f9eafa3d7
textures/flatlist/ovr_stm/_win/ros_hair_p4mc_sub_ovl_alp.bmp.ctxr,textures/flatlist/ovr_stm/_win,ros_hair_p4mc_sub_ovl_alp.bmp.ctxr,ros_hair_p4mc_sub_ovl_alp.bmp,ctxr,56160,a714cd23ef87f1cd421077b538ae65bf0b4eb721
textures/flatlist/ovr_stm/_win/ros_hair_p6mc_alp_ovl.bmp.ctxr,textures/flatlist/ovr_stm/_win,ros_hair_p6mc_alp_ovl.bmp.ctxr,ros_hair_p6mc_alp_ovl.bmp,ctxr,84608,06fa40cb6e5540219e1259f35c11e314098e2a9e
textures/flatlist/ovr_stm/_win/ros_handmc.bmp.ctxr,textures/flatlist/ovr_stm/_win,ros_handmc.bmp.ctxr,ros_handmc.bmp,ctxr,31680,17cb1987c702611c25f25a1b33964e9889b549e1
textures/flatlist/ovr_stm/_win/ros_handmc_ovl_sub_alp.bmp.ctxr,textures/flatlist/ovr_stm/_win,ros_handmc_ovl_sub_alp.bmp.ctxr,ros_handmc_ovl_sub_alp.bmp,ctxr,23712,13d3ebaf143006c5a12a74ab98cea66b9543257a
textures/flatlist/ovr_stm/_win/ros_hi_eyemc.bmp.ctxr,textures/flatlist/ovr_stm/_win,ros_hi_eyemc.bmp.ctxr,ros_hi_eyemc.bmp,ctxr,7168,58eabd20811a0a59abe83bd17fe360dd47ba8757
textures/flatlist/ovr_stm/_win/ros_hi_eyemc_ovl_sub_alp.bmp.ctxr,textures/flatlist/ovr_stm/_win,ros_hi_eyemc_ovl_sub_alp.bmp.ctxr,ros_hi_eyemc_ovl_sub_alp.bmp,ctxr,5344,a479b7b648cd220ffb88fcb14593a3a05a94f4f4
textures/flatlist/ovr_stm/_win/ros_hi_eyermc.bmp.ctxr,textures/flatlist/ovr_stm/_win,ros_hi_eyermc.bmp.ctxr,ros_hi_eyermc.bmp,ctxr,7168,9d1e19b7b828008312f66a8f62bcfbf22114b029
textures/flatlist/ovr_stm/_win/ros_hi_eyermc_ovl_sub_alp.bmp.ctxr,textures/flatlist/ovr_stm/_win,ros_hi_eyermc_ovl_sub_alp.bmp.ctxr,ros_hi_eyermc_ovl_sub_alp.bmp,ctxr,5344,3ad073686e94514e9b6d8846c9fab2c4d17c7dd9
textures/flatlist/ovr_stm/_win/ros_hi_facemc.bmp.ctxr,textures/flatlist/ovr_stm/_win,ros_hi_facemc.bmp.ctxr,ros_hi_facemc.bmp,ctxr,326432,da6e477f88ac7964aec92966f8eb1a7f72d54b67
textures/flatlist/ovr_stm/_win/ros_hi_facemc_ovl_sub_alp.bmp.ctxr,textures/flatlist/ovr_stm/_win,ros_hi_facemc_ovl_sub_alp.bmp.ctxr,ros_hi_facemc_ovl_sub_alp.bmp,ctxr,244768,84bc1cb1e8af9a4f93ac00dd52ae9a7f699eca6a
textures/flatlist/ovr_stm/_win/ros_hi_face_rmc.bmp.ctxr,textures/flatlist/ovr_stm/_win,ros_hi_face_rmc.bmp.ctxr,ros_hi_face_rmc.bmp,ctxr,326432,e4025fadb2fe12ed82dd1d0101d993f4f23dc371
textures/flatlist/ovr_stm/_win/ros_hi_mtg_rmc_alp_ovl.bmp.ctxr,textures/flatlist/ovr_stm/_win,ros_hi_mtg_rmc_alp_ovl.bmp.ctxr,ros_hi_mtg_rmc_alp_ovl.bmp,ctxr,19488,4ea492fb6b0f5ccd58c1f295c93e7d4a27ba5daf
textures/flatlist/ovr_stm/_win/ros_hi_tang01dt.bmp.ctxr,textures/flatlist/ovr_stm/_win,ros_hi_tang01dt.bmp.ctxr,ros_hi_tang01dt.bmp,ctxr,5760,483742d6691de773a402e553188c908dfc95ef91
textures/flatlist/ovr_stm/_win/ros_hi_teeth_d.bmp.ctxr,textures/flatlist/ovr_stm/_win,ros_hi_teeth_d.bmp.ctxr,ros_hi_teeth_d.bmp,ctxr,9472,a9d70d239f80cf2628f8baa7f5d4cff69d5c84ff
textures/flatlist/ovr_stm/_win/ros_hi_teeth_u.bmp.ctxr,textures/flatlist/ovr_stm/_win,ros_hi_teeth_u.bmp.ctxr,ros_hi_teeth_u.bmp,ctxr,9472,f6aaf5f03d3fc8b56504ec70d2a97928123fdfd4
textures/flatlist/ovr_stm/_win/ros_hmc_ovl_mod1120_alp_emap.bmp.ctxr,textures/flatlist/ovr_stm/_win,ros_hmc_ovl_mod1120_alp_emap.bmp.ctxr,ros_hmc_ovl_mod1120_alp_emap.bmp,ctxr,25760,29476e66824cf2d4590c635ec7ef4f5183e90afa
textures/flatlist/ovr_stm/_win/ros_id.bmp.ctxr,textures/flatlist/ovr_stm/_win,ros_id.bmp.ctxr,ros_id.bmp,ctxr,36544,f145a9a047a638444892ee0f06c5a1f31c98167c
textures/flatlist/ovr_stm/_win/ros_pants.bmp.ctxr,textures/flatlist/ovr_stm/_win,ros_pants.bmp.ctxr,ros_pants.bmp,ctxr,64128,7373a5bcd1a1bc77619ed8b197a41f4eb0dd65dd
textures/flatlist/ovr_stm/_win/ros_shirts2mc.bmp.ctxr,textures/flatlist/ovr_stm/_win,ros_shirts2mc.bmp.ctxr,ros_shirts2mc.bmp,ctxr,10528,5ed99dcf7bce9ef90ecfc03f1cbaf15069134da4
textures/flatlist/ovr_stm/_win/ros_shirtsmc.bmp.ctxr,textures/flatlist/ovr_stm/_win,ros_shirtsmc.bmp.ctxr,ros_shirtsmc.bmp,ctxr,21632,f65bfa789a4f2e82a98634c0f6d49f3bfe4894ff
textures/flatlist/ovr_stm/_win/ros_shoes.bmp.ctxr,textures/flatlist/ovr_stm/_win,ros_shoes.bmp.ctxr,ros_shoes.bmp,ctxr,19488,dcb9491d30b8fa7329022bbc307f8112a0f79f33
textures/flatlist/ovr_stm/_win/saa_all_kimu.bmp.ctxr,textures/flatlist/ovr_stm/_win,saa_all_kimu.bmp.ctxr,saa_all_kimu.bmp,ctxr,44064,3cba04a67e5d3d8c89a33d71cbd11beae794fdcb
textures/flatlist/ovr_stm/_win/sbm_back_01.bmp.ctxr,textures/flatlist/ovr_stm/_win,sbm_back_01.bmp.ctxr,sbm_back_01.bmp,ctxr,147776,742540bb95143e543febd0d1e58311ea5f0e1bb2
textures/flatlist/ovr_stm/_win/sbm_body_01.bmp.ctxr,textures/flatlist/ovr_stm/_win,sbm_body_01.bmp.ctxr,sbm_body_01.bmp,ctxr,196960,919efb6f4306dd23ebddd97165203f906641d7a8
textures/flatlist/ovr_stm/_win/sbm_camera_01.bmp.ctxr,textures/flatlist/ovr_stm/_win,sbm_camera_01.bmp.ctxr,sbm_camera_01.bmp,ctxr,2304,e9cf40e7306e0012e46fd8faaea6833ee3b36fc7
textures/flatlist/ovr_stm/_win/sbm_head_02.bmp.ctxr,textures/flatlist/ovr_stm/_win,sbm_head_02.bmp.ctxr,sbm_head_02.bmp,ctxr,98656,6e0ff812951766b5f18383497e33ea8b6cec2842
textures/flatlist/ovr_stm/_win/sbm_pera_cover_01.bmp.ctxr,textures/flatlist/ovr_stm/_win,sbm_pera_cover_01.bmp.ctxr,sbm_pera_cover_01.bmp,ctxr,6432,6d6e17b62535893f0e741344b34b5847f3f1e29e
textures/flatlist/ovr_stm/_win/sbm_stick_01.bmp.ctxr,textures/flatlist/ovr_stm/_win,sbm_stick_01.bmp.ctxr,sbm_stick_01.bmp,ctxr,2336,e0a1225d683726c8ada659bbdf87bf0959a15130
textures/flatlist/ovr_stm/_win/sbm_tank_01.bmp.ctxr,textures/flatlist/ovr_stm/_win,sbm_tank_01.bmp.ctxr,sbm_tank_01.bmp,ctxr,16736,f5c161a0c03c1ab1e986ebb64076184de574a59b
textures/flatlist/ovr_stm/_win/sbm_wing_01.bmp.ctxr,textures/flatlist/ovr_stm/_win,sbm_wing_01.bmp.ctxr,sbm_wing_01.bmp,ctxr,6432,b1469cd71c4b313a995931a72f61ca6f624c07e9
textures/flatlist/ovr_stm/_win/scm_sb_hammer.bmp.ctxr,textures/flatlist/ovr_stm/_win,scm_sb_hammer.bmp.ctxr,scm_sb_hammer.bmp,ctxr,1664,a2105156c23a9e5566cf92c328af4b2a63000a0b
textures/flatlist/ovr_stm/_win/scm_sb_s.bmp.ctxr,textures/flatlist/ovr_stm/_win,scm_sb_s.bmp.ctxr,scm_sb_s.bmp,ctxr,25888,932f93eb4b3b5dab3196f06eeb035af65a3e09a8
textures/flatlist/ovr_stm/_win/scm_sb_sp.bmp.ctxr,textures/flatlist/ovr_stm/_win,scm_sb_sp.bmp.ctxr,scm_sb_sp.bmp,ctxr,7136,e2b780a052267c21743653a2edb7b92da4d38783
textures/flatlist/ovr_stm/_win/scm_sb_temp.bmp.ctxr,textures/flatlist/ovr_stm/_win,scm_sb_temp.bmp.ctxr,scm_sb_temp.bmp,ctxr,13568,f36c198aeb33a79ee3e3c51b440f32b2e816b011
textures/flatlist/ovr_stm/_win/sel_arm_l.bmp.ctxr,textures/flatlist/ovr_stm/_win,sel_arm_l.bmp.ctxr,sel_arm_l.bmp,ctxr,41280,ad5c99b8d60ad0501cf5904c446aa3d75232ade1
textures/flatlist/ovr_stm/_win/sel_arm_lblood.bmp.ctxr,textures/flatlist/ovr_stm/_win,sel_arm_lblood.bmp.ctxr,sel_arm_lblood.bmp,ctxr,41280,43eb72f6eadea09903cb3d791b46fc196bcc4e4b
textures/flatlist/ovr_stm/_win/sel_arm_r.bmp.ctxr,textures/flatlist/ovr_stm/_win,sel_arm_r.bmp.ctxr,sel_arm_r.bmp,ctxr,41280,f0b96bdec29326a620077d99a6beb647c677cb40
textures/flatlist/ovr_stm/_win/sel_arm_rblood.bmp.ctxr,textures/flatlist/ovr_stm/_win,sel_arm_rblood.bmp.ctxr,sel_arm_rblood.bmp,ctxr,41280,279c0820779b9a2f4b180fe0fd51b18636d2bacf
textures/flatlist/ovr_stm/_win/sel_arm_rblood2.bmp.ctxr,textures/flatlist/ovr_stm/_win,sel_arm_rblood2.bmp.ctxr,sel_arm_rblood2.bmp,ctxr,41280,71cdffdf446a5f31006704112daab5b3137f5647
textures/flatlist/ovr_stm/_win/sel_bag1blood.bmp.ctxr,textures/flatlist/ovr_stm/_win,sel_bag1blood.bmp.ctxr,sel_bag1blood.bmp,ctxr,8480,6c3eb119ca94c576dab833267e5e9bedc1f04816
textures/flatlist/ovr_stm/_win/sel_bag2.bmp.ctxr,textures/flatlist/ovr_stm/_win,sel_bag2.bmp.ctxr,sel_bag2.bmp,ctxr,14624,50ea2360ea956be730dbadcdf952d51a403e146b
textures/flatlist/ovr_stm/_win/sel_bag2blood.bmp.ctxr,textures/flatlist/ovr_stm/_win,sel_bag2blood.bmp.ctxr,sel_bag2blood.bmp,ctxr,14624,9b68f9ed6ac423bec40f3e77d7095fd89451f9ed
textures/flatlist/ovr_stm/_win/sel_bag3.bmp.ctxr,textures/flatlist/ovr_stm/_win,sel_bag3.bmp.ctxr,sel_bag3.bmp,ctxr,13568,daa8009417932c7198d9bb4c59e29539853ca381
textures/flatlist/ovr_stm/_win/sel_bag3blood.bmp.ctxr,textures/flatlist/ovr_stm/_win,sel_bag3blood.bmp.ctxr,sel_bag3blood.bmp,ctxr,13568,5368c47e57ebbe41b35b854c4985a2e0107819f6
textures/flatlist/ovr_stm/_win/sel_bag4.bmp.ctxr,textures/flatlist/ovr_stm/_win,sel_bag4.bmp.ctxr,sel_bag4.bmp,ctxr,11552,2022589be3a41235f4ffa740881c1332e76d01b7
textures/flatlist/ovr_stm/_win/sel_bag4blood.bmp.ctxr,textures/flatlist/ovr_stm/_win,sel_bag4blood.bmp.ctxr,sel_bag4blood.bmp,ctxr,11552,3f9bb0c4fe5202945f7407fbba42c7844b619b78
textures/flatlist/ovr_stm/_win/sel_belt.bmp.ctxr,textures/flatlist/ovr_stm/_win,sel_belt.bmp.ctxr,sel_belt.bmp,ctxr,11808,ff4c9c1542d71a59780d02bd6f9e9e1c10b84f4f
textures/flatlist/ovr_stm/_win/sel_body.bmp.ctxr,textures/flatlist/ovr_stm/_win,sel_body.bmp.ctxr,sel_body.bmp,ctxr,80928,00883126a95942912b1c0ec6712060bd82f96571
textures/flatlist/ovr_stm/_win/sel_bodyblood.bmp.ctxr,textures/flatlist/ovr_stm/_win,sel_bodyblood.bmp.ctxr,sel_bodyblood.bmp,ctxr,80928,f0db5301b3d869b244e52f675a97dd375e94fa33
textures/flatlist/ovr_stm/_win/sel_bodyblood2.bmp.ctxr,textures/flatlist/ovr_stm/_win,sel_bodyblood2.bmp.ctxr,sel_bodyblood2.bmp,ctxr,80928,5503499245d0b7cfa2dfc9dd984879e217f97b82
textures/flatlist/ovr_stm/_win/sel_bodyblood3.bmp.ctxr,textures/flatlist/ovr_stm/_win,sel_bodyblood3.bmp.ctxr,sel_bodyblood3.bmp,ctxr,80928,b5351abbe979ba3eda445c78651068aad0cff9b5
textures/flatlist/ovr_stm/_win/sel_boots.bmp.ctxr,textures/flatlist/ovr_stm/_win,sel_boots.bmp.ctxr,sel_boots.bmp,ctxr,47424,cea8d2c7493fe244af8475e282743e625cb38401
textures/flatlist/ovr_stm/_win/sel_eyebig_blood.bmp.ctxr,textures/flatlist/ovr_stm/_win,sel_eyebig_blood.bmp.ctxr,sel_eyebig_blood.bmp,ctxr,9856,ee9b38578d2d65d0f636c3e473308425787e7dd7
textures/flatlist/ovr_stm/_win/sel_eyebig_surp.bmp.ctxr,textures/flatlist/ovr_stm/_win,sel_eyebig_surp.bmp.ctxr,sel_eyebig_surp.bmp,ctxr,9856,27604735e67348c92ae7e44d2ffe8965c31a0b10
textures/flatlist/ovr_stm/_win/sel_eyelittle0.bmp.ctxr,textures/flatlist/ovr_stm/_win,sel_eyelittle0.bmp.ctxr,sel_eyelittle0.bmp,ctxr,4928,51d74dbd02a18be370220cfb42757274515bcbe4
textures/flatlist/ovr_stm/_win/sel_eyelittle1.bmp.ctxr,textures/flatlist/ovr_stm/_win,sel_eyelittle1.bmp.ctxr,sel_eyelittle1.bmp,ctxr,4928,503e7de5bfbba180223f375b4f587a6cfd77a710
textures/flatlist/ovr_stm/_win/sel_eye_a0.bmp.ctxr,textures/flatlist/ovr_stm/_win,sel_eye_a0.bmp.ctxr,sel_eye_a0.bmp,ctxr,4928,0a404ba19396c7d30ddc76dce6723a67a41c2f83
textures/flatlist/ovr_stm/_win/sel_eye_a1.bmp.ctxr,textures/flatlist/ovr_stm/_win,sel_eye_a1.bmp.ctxr,sel_eye_a1.bmp,ctxr,4928,da4477e90ebbd4367e2be731742c7fce3b141a86
textures/flatlist/ovr_stm/_win/sel_eye_b0.bmp.ctxr,textures/flatlist/ovr_stm/_win,sel_eye_b0.bmp.ctxr,sel_eye_b0.bmp,ctxr,4928,154968b86b8173ccab54fce991fac99057b06e7e
textures/flatlist/ovr_stm/_win/sel_eye_b1.bmp.ctxr,textures/flatlist/ovr_stm/_win,sel_eye_b1.bmp.ctxr,sel_eye_b1.bmp,ctxr,4928,e849b8a96087a88da5666f98d63e8737865f916e
textures/flatlist/ovr_stm/_win/sel_eye_b1_blood.bmp.ctxr,textures/flatlist/ovr_stm/_win,sel_eye_b1_blood.bmp.ctxr,sel_eye_b1_blood.bmp,ctxr,4928,2d9d29d5d751d06f431a6ccf420625b66c4f13f5
textures/flatlist/ovr_stm/_win/sel_eye_c0.bmp.ctxr,textures/flatlist/ovr_stm/_win,sel_eye_c0.bmp.ctxr,sel_eye_c0.bmp,ctxr,4928,c78b2b568519f9c38363fc5f8baab51c9a2a717a
textures/flatlist/ovr_stm/_win/sel_eye_c1.bmp.ctxr,textures/flatlist/ovr_stm/_win,sel_eye_c1.bmp.ctxr,sel_eye_c1.bmp,ctxr,4928,96076e2c86ec58ba0854c12604b035cc1fe1c46f
textures/flatlist/ovr_stm/_win/sel_eye_d0.bmp.ctxr,textures/flatlist/ovr_stm/_win,sel_eye_d0.bmp.ctxr,sel_eye_d0.bmp,ctxr,4928,40d7bcbcded6528d75a6b9386f7a2676973ef7ae
textures/flatlist/ovr_stm/_win/sel_eye_d1.bmp.ctxr,textures/flatlist/ovr_stm/_win,sel_eye_d1.bmp.ctxr,sel_eye_d1.bmp,ctxr,4928,98aebc497bf90ffff48f06745f885ecbc9878b36
textures/flatlist/ovr_stm/_win/sel_eye_e0.bmp.ctxr,textures/flatlist/ovr_stm/_win,sel_eye_e0.bmp.ctxr,sel_eye_e0.bmp,ctxr,4928,b4073fdcf65de93b77af1b3ec6b1f7a8d116ced1
textures/flatlist/ovr_stm/_win/sel_eye_e1.bmp.ctxr,textures/flatlist/ovr_stm/_win,sel_eye_e1.bmp.ctxr,sel_eye_e1.bmp,ctxr,4928,cae72b0a5085dfe02adaa228fdc7b950fad1154b
textures/flatlist/ovr_stm/_win/sel_folder.bmp.ctxr,textures/flatlist/ovr_stm/_win,sel_folder.bmp.ctxr,sel_folder.bmp,ctxr,29280,a0dda08e13f885c751c6885e1585872d85bd5727
textures/flatlist/ovr_stm/_win/sel_hand.bmp.ctxr,textures/flatlist/ovr_stm/_win,sel_hand.bmp.ctxr,sel_hand.bmp,ctxr,30720,e5a0eba771daa6a3e0567a9dcab7fd30b422809f
textures/flatlist/ovr_stm/_win/sel_leg.bmp.ctxr,textures/flatlist/ovr_stm/_win,sel_leg.bmp.ctxr,sel_leg.bmp,ctxr,91872,23c89a9b87d096884cb4dbe4466cafb6d5bd2704
textures/flatlist/ovr_stm/_win/sel_legblood2.bmp.ctxr,textures/flatlist/ovr_stm/_win,sel_legblood2.bmp.ctxr,sel_legblood2.bmp,ctxr,91872,e6ae1a507bc6bb3b0ddee3c0cf233a2ac8fddb71
textures/flatlist/ovr_stm/_win/sel_mask.bmp.ctxr,textures/flatlist/ovr_stm/_win,sel_mask.bmp.ctxr,sel_mask.bmp,ctxr,43328,f62154d00b1f93bb5e6abf8bbf1ad7b2cd3ff4b7
textures/flatlist/ovr_stm/_win/sel_mask_blood2.bmp.ctxr,textures/flatlist/ovr_stm/_win,sel_mask_blood2.bmp.ctxr,sel_mask_blood2.bmp,ctxr,43328,568e19905033f3bc3d94ac18dc5b99cddb7dbe26
textures/flatlist/ovr_stm/_win/sel_mask_blood3.bmp.ctxr,textures/flatlist/ovr_stm/_win,sel_mask_blood3.bmp.ctxr,sel_mask_blood3.bmp,ctxr,43328,bb1659b7c0f2efbd67604c2f0fad124a4e241c0a
textures/flatlist/ovr_stm/_win/sel_sling1_alp_ovl.bmp.ctxr,textures/flatlist/ovr_stm/_win,sel_sling1_alp_ovl.bmp.ctxr,sel_sling1_alp_ovl.bmp,ctxr,960,393101b73116ed4cecf04fa698b91c81168c5873
textures/flatlist/ovr_stm/_win/sel_sling2_alp_ovl.bmp.ctxr,textures/flatlist/ovr_stm/_win,sel_sling2_alp_ovl.bmp.ctxr,sel_sling2_alp_ovl.bmp,ctxr,960,3ea596083ef3dd5e6488d1ee114c29ffcc7bddd6
textures/flatlist/ovr_stm/_win/sel_sling3.bmp.ctxr,textures/flatlist/ovr_stm/_win,sel_sling3.bmp.ctxr,sel_sling3.bmp,ctxr,576,babe9b51dee6c28e4c3d853f73fb1a538ab677d7
textures/flatlist/ovr_stm/_win/sen2.bmp.ctxr,textures/flatlist/ovr_stm/_win,sen2.bmp.ctxr,sen2.bmp,ctxr,41760,e2a93b37e744f235bae8f1d052733e917a82f234
textures/flatlist/ovr_stm/_win/shuukanshi_01.bmp.ctxr,textures/flatlist/ovr_stm/_win,shuukanshi_01.bmp.ctxr,shuukanshi_01.bmp,ctxr,37152,3aba187c9923673dbf9e065301a87943067ab419
textures/flatlist/ovr_stm/_win/sna_arm_ss.bmp.ctxr,textures/flatlist/ovr_stm/_win,sna_arm_ss.bmp.ctxr,sna_arm_ss.bmp,ctxr,51488,1d954b10532e77ca43d1f9e2b5f6d1e5802a2619
textures/flatlist/ovr_stm/_win/sna_bandana_msk.bmp.ctxr,textures/flatlist/ovr_stm/_win,sna_bandana_msk.bmp.ctxr,sna_bandana_msk.bmp,ctxr,8512,abab504225228a8b2c74e928618b8f1ec15abaa8
textures/flatlist/ovr_stm/_win/sna_belt_leg.bmp.ctxr,textures/flatlist/ovr_stm/_win,sna_belt_leg.bmp.ctxr,sna_belt_leg.bmp,ctxr,3552,90f7dee3db80413d5bf251365ccf4a2d41da2d9f
textures/flatlist/ovr_stm/_win/sna_body_ss01dt.bmp.ctxr,textures/flatlist/ovr_stm/_win,sna_body_ss01dt.bmp.ctxr,sna_body_ss01dt.bmp,ctxr,136864,9a98b5c13b57f387205112a5869a9237b02f06d7
textures/flatlist/ovr_stm/_win/sna_foot01dt.bmp.ctxr,textures/flatlist/ovr_stm/_win,sna_foot01dt.bmp.ctxr,sna_foot01dt.bmp,ctxr,10240,cd515535fedc7ea6573b99f4af1ba35570805a44
textures/flatlist/ovr_stm/_win/sna_hair1_alp_ovl.bmp.ctxr,textures/flatlist/ovr_stm/_win,sna_hair1_alp_ovl.bmp.ctxr,sna_hair1_alp_ovl.bmp,ctxr,55456,c3f03f6ea60d9e9f733185ed5248e29d19383c5f
textures/flatlist/ovr_stm/_win/sna_hair2dt_alp_ovl.bmp.ctxr,textures/flatlist/ovr_stm/_win,sna_hair2dt_alp_ovl.bmp.ctxr,sna_hair2dt_alp_ovl.bmp,ctxr,87744,2828e648c8d125f2a3edbd984067abf091f4c14d
textures/flatlist/ovr_stm/_win/sna_hair3.bmp.ctxr,textures/flatlist/ovr_stm/_win,sna_hair3.bmp.ctxr,sna_hair3.bmp,ctxr,11264,1b2c7457553cd1f02d7fa76b5bd9848d51ddfce4
textures/flatlist/ovr_stm/_win/sna_hand1dt.bmp.ctxr,textures/flatlist/ovr_stm/_win,sna_hand1dt.bmp.ctxr,sna_hand1dt.bmp,ctxr,11264,35f839a7d2cc7c67ef60fadc16d15651d05963fe
textures/flatlist/ovr_stm/_win/sna_hand2.bmp.ctxr,textures/flatlist/ovr_stm/_win,sna_hand2.bmp.ctxr,sna_hand2.bmp,ctxr,576,3f26bcf9ed010af5a1a527632932b4721a6d5d03
textures/flatlist/ovr_stm/_win/sna_hi_bdn01dt.bmp.ctxr,textures/flatlist/ovr_stm/_win,sna_hi_bdn01dt.bmp.ctxr,sna_hi_bdn01dt.bmp,ctxr,21152,055eb4223dc1184cf1bc59ac0186164eb38e2835
textures/flatlist/ovr_stm/_win/sna_hi_ela01_alp_ovl.bmp.ctxr,textures/flatlist/ovr_stm/_win,sna_hi_ela01_alp_ovl.bmp.ctxr,sna_hi_ela01_alp_ovl.bmp,ctxr,13600,3f4f83c26e84f7a6ad5c754ec3b5cc1d8f6ef514
textures/flatlist/ovr_stm/_win/sna_hi_eye01dt.bmp.ctxr,textures/flatlist/ovr_stm/_win,sna_hi_eye01dt.bmp.ctxr,sna_hi_eye01dt.bmp,ctxr,2304,6ee772ff8713a4e29577459308e85571541ddcf5
textures/flatlist/ovr_stm/_win/sna_hi_face01dt.bmp.ctxr,textures/flatlist/ovr_stm/_win,sna_hi_face01dt.bmp.ctxr,sna_hi_face01dt.bmp,ctxr,333504,2cd800938eaba8b2639f4c739f88394d84a1de94
textures/flatlist/ovr_stm/_win/sna_leg_r01dt.bmp.ctxr,textures/flatlist/ovr_stm/_win,sna_leg_r01dt.bmp.ctxr,sna_leg_r01dt.bmp,ctxr,16512,0cdb32da90ff3742051ecbd6a6f0b13ee85204b7
textures/flatlist/ovr_stm/_win/sna_leg_ss.bmp.ctxr,textures/flatlist/ovr_stm/_win,sna_leg_ss.bmp.ctxr,sna_leg_ss.bmp,ctxr,52224,26bf741e7ad5bbf3d2d77e7f176c76d4366852d1
textures/flatlist/ovr_stm/_win/sna_m9_glip.bmp.ctxr,textures/flatlist/ovr_stm/_win,sna_m9_glip.bmp.ctxr,sna_m9_glip.bmp,ctxr,8000,ab4daea353abb7ff471db8346cdb7a42f5edcb18
textures/flatlist/ovr_stm/_win/sna_p1dt.bmp.ctxr,textures/flatlist/ovr_stm/_win,sna_p1dt.bmp.ctxr,sna_p1dt.bmp,ctxr,11040,cbcdeabe9df665503721f1cb93d60ba58ce2d148
textures/flatlist/ovr_stm/_win/sna_shoul01dt.bmp.ctxr,textures/flatlist/ovr_stm/_win,sna_shoul01dt.bmp.ctxr,sna_shoul01dt.bmp,ctxr,24928,9c9d95604bf9db6bca757a3ba4796c2b58c3c36a
textures/flatlist/ovr_stm/_win/sna_toe01dt.bmp.ctxr,textures/flatlist/ovr_stm/_win,sna_toe01dt.bmp.ctxr,sna_toe01dt.bmp,ctxr,16992,b75a94a2c63ca9e7a02219f113e5ed4b80c0726b
textures/flatlist/ovr_stm/_win/sofa00.bmp.ctxr,textures/flatlist/ovr_stm/_win,sofa00.bmp.ctxr,sofa00.bmp,ctxr,33088,48ab20bd2bf0bb55f2be5821c58011bb3de12d8a
textures/flatlist/ovr_stm/_win/sofa01.bmp.ctxr,textures/flatlist/ovr_stm/_win,sofa01.bmp.ctxr,sofa01.bmp,ctxr,22176,b9cfd6009c499cfdc81bee02d19b959c63f8739c
textures/flatlist/ovr_stm/_win/sohakopfr.bmp.ctxr,textures/flatlist/ovr_stm/_win,sohakopfr.bmp.ctxr,sohakopfr.bmp,ctxr,17184,dadcee124284c0be7eb33a4cb5b24900a9ec258a
textures/flatlist/ovr_stm/_win/sohakopsideup.bmp.ctxr,textures/flatlist/ovr_stm/_win,sohakopsideup.bmp.ctxr,sohakopsideup.bmp,ctxr,10560,a27904dca34f00980ba9fe2ca16019903cad0237
textures/flatlist/ovr_stm/_win/sol_hige_alp_ovl.bmp.ctxr,textures/flatlist/ovr_stm/_win,sol_hige_alp_ovl.bmp.ctxr,sol_hige_alp_ovl.bmp,ctxr,11072,c6ee2165247ecee9f3fe354dc4abd840c372fac2
textures/flatlist/ovr_stm/_win/sol_hi_face02_ovl_sub_alp.bmp.ctxr,textures/flatlist/ovr_stm/_win,sol_hi_face02_ovl_sub_alp.bmp.ctxr,sol_hi_face02_ovl_sub_alp.bmp,ctxr,272160,d2e749e28df626aca287673fed0991999a182204
textures/flatlist/ovr_stm/_win/sol_hi_face02_tmp.bmp.ctxr,textures/flatlist/ovr_stm/_win,sol_hi_face02_tmp.bmp.ctxr,sol_hi_face02_tmp.bmp,ctxr,363008,086fdc882a53cfd88df92e0d133025b26cae35f0
textures/flatlist/ovr_stm/_win/sol_hi_face_d1_ovl_sub_alp.bmp.ctxr,textures/flatlist/ovr_stm/_win,sol_hi_face_d1_ovl_sub_alp.bmp.ctxr,sol_hi_face_d1_ovl_sub_alp.bmp,ctxr,468640,25cfb107106e58330be3ce19a9053608ede0f93e
textures/flatlist/ovr_stm/_win/sol_hi_face_d2_ovl_sub_alp.bmp.ctxr,textures/flatlist/ovr_stm/_win,sol_hi_face_d2_ovl_sub_alp.bmp.ctxr,sol_hi_face_d2_ovl_sub_alp.bmp,ctxr,67360,42ea1f1cbb3d2002b89bab5f3d8f11155a494589
textures/flatlist/ovr_stm/_win/sol_hi_face_dt01.bmp.ctxr,textures/flatlist/ovr_stm/_win,sol_hi_face_dt01.bmp.ctxr,sol_hi_face_dt01.bmp,ctxr,624960,fa4be30e447c4854f2d86980926c0feaecb9d834
textures/flatlist/ovr_stm/_win/sol_hi_face_dt02.bmp.ctxr,textures/flatlist/ovr_stm/_win,sol_hi_face_dt02.bmp.ctxr,sol_hi_face_dt02.bmp,ctxr,89920,296b940f5a53213021f5da75944b7d2165a42071
textures/flatlist/ovr_stm/_win/sol_hri_arm01.bmp.ctxr,textures/flatlist/ovr_stm/_win,sol_hri_arm01.bmp.ctxr,sol_hri_arm01.bmp,ctxr,49344,0682a19af4feb10dcfa2cf0113743a8967d8f281
textures/flatlist/ovr_stm/_win/sol_hri_belt01.bmp.ctxr,textures/flatlist/ovr_stm/_win,sol_hri_belt01.bmp.ctxr,sol_hri_belt01.bmp,ctxr,2144,b8bf7ec267600191dc3192304fe3b6045333f969
textures/flatlist/ovr_stm/_win/sol_hri_body01.bmp.ctxr,textures/flatlist/ovr_stm/_win,sol_hri_body01.bmp.ctxr,sol_hri_body01.bmp,ctxr,43840,5f354ccb718a61d8e6beaa747dc74fa683123787
textures/flatlist/ovr_stm/_win/sol_hri_body02.bmp.ctxr,textures/flatlist/ovr_stm/_win,sol_hri_body02.bmp.ctxr,sol_hri_body02.bmp,ctxr,39904,f8677b9d060466b2c513c69168ad970050100769
textures/flatlist/ovr_stm/_win/sol_hri_face01.bmp.ctxr,textures/flatlist/ovr_stm/_win,sol_hri_face01.bmp.ctxr,sol_hri_face01.bmp,ctxr,57152,0c75bcd1ad44ff6a2b490042ec21a3d2e72b7ee7
textures/flatlist/ovr_stm/_win/sol_hri_hair01.bmp.ctxr,textures/flatlist/ovr_stm/_win,sol_hri_hair01.bmp.ctxr,sol_hri_hair01.bmp,ctxr,42432,02be365436b539ab5b256b645e57e8c4d3d01e7a
textures/flatlist/ovr_stm/_win/sol_hri_leg01.bmp.ctxr,textures/flatlist/ovr_stm/_win,sol_hri_leg01.bmp.ctxr,sol_hri_leg01.bmp,ctxr,32544,86f319c505652a54eef1943f2ff957851550a4fc
textures/flatlist/ovr_stm/_win/sol_hri_muscle01.bmp.ctxr,textures/flatlist/ovr_stm/_win,sol_hri_muscle01.bmp.ctxr,sol_hri_muscle01.bmp,ctxr,22176,8bf5988d5fa6bb630c3aff53b404b56a1af02aea
textures/flatlist/ovr_stm/_win/sol_hri_neck01.bmp.ctxr,textures/flatlist/ovr_stm/_win,sol_hri_neck01.bmp.ctxr,sol_hri_neck01.bmp,ctxr,4384,4b40b6e0b917c5ead41282eb631b59292b9cafd8
textures/flatlist/ovr_stm/_win/sol_hri_shoulder01.bmp.ctxr,textures/flatlist/ovr_stm/_win,sol_hri_shoulder01.bmp.ctxr,sol_hri_shoulder01.bmp,ctxr,19424,0560ae3405aab6634d25ce27a192291f65445cbe
textures/flatlist/ovr_stm/_win/sol_leg_2_n.bmp.ctxr,textures/flatlist/ovr_stm/_win,sol_leg_2_n.bmp.ctxr,sol_leg_2_n.bmp,ctxr,37536,ea32549436edfb07ba346e0a19ff17ec58cbd139
textures/flatlist/ovr_stm/_win/sol_leg_dt01.bmp.ctxr,textures/flatlist/ovr_stm/_win,sol_leg_dt01.bmp.ctxr,sol_leg_dt01.bmp,ctxr,69408,4c7a712f6ffbb8740cdd3b55062696be0687aae5
textures/flatlist/ovr_stm/_win/sol_leg_dt02.bmp.ctxr,textures/flatlist/ovr_stm/_win,sol_leg_dt02.bmp.ctxr,sol_leg_dt02.bmp,ctxr,10240,56ae4498b8141217dfa140e8109eb79f9267e8f0
textures/flatlist/ovr_stm/_win/sol_leg_dt03.bmp.ctxr,textures/flatlist/ovr_stm/_win,sol_leg_dt03.bmp.ctxr,sol_leg_dt03.bmp,ctxr,37536,a17f3ee42a1154f85f80b57845cc8a6462c295f1
textures/flatlist/ovr_stm/_win/sol_leg_dt04.bmp.ctxr,textures/flatlist/ovr_stm/_win,sol_leg_dt04.bmp.ctxr,sol_leg_dt04.bmp,ctxr,19904,55a7f40064a6c4f1201e51d94eb993ebfecb6eb6
textures/flatlist/ovr_stm/_win/sol_leg_dt05.bmp.ctxr,textures/flatlist/ovr_stm/_win,sol_leg_dt05.bmp.ctxr,sol_leg_dt05.bmp,ctxr,7104,dfa02a717567b7f6b85a502600857f340622c4d2
textures/flatlist/ovr_stm/_win/sol_leg_n_1.bmp.ctxr,textures/flatlist/ovr_stm/_win,sol_leg_n_1.bmp.ctxr,sol_leg_n_1.bmp,ctxr,69408,2ac0b13858cf94d4933a0855de28ac45cb14df9b
textures/flatlist/ovr_stm/_win/sol_leg_pad_n.bmp.ctxr,textures/flatlist/ovr_stm/_win,sol_leg_pad_n.bmp.ctxr,sol_leg_pad_n.bmp,ctxr,10240,564e46b8546adef8ab248a6958453b108997b22e
textures/flatlist/ovr_stm/_win/sol_leg_sune_n.bmp.ctxr,textures/flatlist/ovr_stm/_win,sol_leg_sune_n.bmp.ctxr,sol_leg_sune_n.bmp,ctxr,19904,2426df7abc4bd5aab5dbf8653949320740536e73
textures/flatlist/ovr_stm/_win/sol_mant_n_alp_ovl.bmp.ctxr,textures/flatlist/ovr_stm/_win,sol_mant_n_alp_ovl.bmp.ctxr,sol_mant_n_alp_ovl.bmp,ctxr,161600,77ce7cb73eed8a6ebb89252572a7702a644fe6e0
textures/flatlist/ovr_stm/_win/sol_mant_n_ovl_sub_alp.bmp.ctxr,textures/flatlist/ovr_stm/_win,sol_mant_n_ovl_sub_alp.bmp.ctxr,sol_mant_n_ovl_sub_alp.bmp,ctxr,121120,3731b5d81d4c37a1912727677cb694b8173e07f3
textures/flatlist/ovr_stm/_win/sol_mayu_alp_ovl.bmp.ctxr,textures/flatlist/ovr_stm/_win,sol_mayu_alp_ovl.bmp.ctxr,sol_mayu_alp_ovl.bmp,ctxr,7936,f663451bd4506e7301af91c373c20dc9e0cec492
textures/flatlist/ovr_stm/_win/sol_neck_i_dt.bmp.ctxr,textures/flatlist/ovr_stm/_win,sol_neck_i_dt.bmp.ctxr,sol_neck_i_dt.bmp,ctxr,8800,7d0febd78ac2109d7ddb3742eab31a520af035c0
textures/flatlist/ovr_stm/_win/sol_ovl_mod1120_alp_emap.bmp.ctxr,textures/flatlist/ovr_stm/_win,sol_ovl_mod1120_alp_emap.bmp.ctxr,sol_ovl_mod1120_alp_emap.bmp,ctxr,25760,af66f9dacadaf74b0562165bd5c565519a8216db
textures/flatlist/ovr_stm/_win/sol_sarm_chest.bmp.ctxr,textures/flatlist/ovr_stm/_win,sol_sarm_chest.bmp.ctxr,sol_sarm_chest.bmp,ctxr,32256,0718f9b8d362c7384b79f1fd739838dd5c9439a8
textures/flatlist/ovr_stm/_win/sol_sarm_chest_moji_ovl_alp.bmp.ctxr,textures/flatlist/ovr_stm/_win,sol_sarm_chest_moji_ovl_alp.bmp.ctxr,sol_sarm_chest_moji_ovl_alp.bmp,ctxr,7424,f76070e6d1bdbb98006d0b4416273c779302ad46
textures/flatlist/ovr_stm/_win/sol_sarm_chest_ovl_sub_alp.bmp.ctxr,textures/flatlist/ovr_stm/_win,sol_sarm_chest_ovl_sub_alp.bmp.ctxr,sol_sarm_chest_ovl_sub_alp.bmp,ctxr,24160,4f828a1239547c8fa6c6a85a9dd9bed3788168ed
textures/flatlist/ovr_stm/_win/sol_sarm_top.bmp.ctxr,textures/flatlist/ovr_stm/_win,sol_sarm_top.bmp.ctxr,sol_sarm_top.bmp,ctxr,22176,c115b212d79c1801e3fd69e7b0f4d586721b272a
textures/flatlist/ovr_stm/_win/sol_sarm_tube1.bmp.ctxr,textures/flatlist/ovr_stm/_win,sol_sarm_tube1.bmp.ctxr,sol_sarm_tube1.bmp,ctxr,22848,f117af840a05956a74667fcf0a15bd0aa0f2e095
textures/flatlist/ovr_stm/_win/sol_sarm_tube1_ovl_sub_alp.bmp.ctxr,textures/flatlist/ovr_stm/_win,sol_sarm_tube1_ovl_sub_alp.bmp.ctxr,sol_sarm_tube1_ovl_sub_alp.bmp,ctxr,17056,34e49560276b680be3f7a33f2b2373417a5cf42c
textures/flatlist/ovr_stm/_win/sol_sarm_tube2.bmp.ctxr,textures/flatlist/ovr_stm/_win,sol_sarm_tube2.bmp.ctxr,sol_sarm_tube2.bmp,ctxr,34080,b82ff67e172330a894ef05b62c8d9417e9bded5b
textures/flatlist/ovr_stm/_win/sol_sarm_tube2_ovl_sub_alp.bmp.ctxr,textures/flatlist/ovr_stm/_win,sol_sarm_tube2_ovl_sub_alp.bmp.ctxr,sol_sarm_tube2_ovl_sub_alp.bmp,ctxr,25504,c3f645569e34853dddc176e97320522da866cfc4
textures/flatlist/ovr_stm/_win/sol_sarm_tube3.bmp.ctxr,textures/flatlist/ovr_stm/_win,sol_sarm_tube3.bmp.ctxr,sol_sarm_tube3.bmp,ctxr,11584,72690da38ac247e5fa3cc8236113263cc3a594de
textures/flatlist/ovr_stm/_win/sol_sarm_tube4.bmp.ctxr,textures/flatlist/ovr_stm/_win,sol_sarm_tube4.bmp.ctxr,sol_sarm_tube4.bmp,ctxr,26560,9fdc972b493a7cbf679e567df77ef87ea4f60b97
textures/flatlist/ovr_stm/_win/sol_sarm_tube4_ovl_sub_alp.bmp.ctxr,textures/flatlist/ovr_stm/_win,sol_sarm_tube4_ovl_sub_alp.bmp.ctxr,sol_sarm_tube4_ovl_sub_alp.bmp,ctxr,19872,51b4584ab7f668de2de314279366d71529b3ee1e
textures/flatlist/ovr_stm/_win/sol_sarm_tume.bmp.ctxr,textures/flatlist/ovr_stm/_win,sol_sarm_tume.bmp.ctxr,sol_sarm_tume.bmp,ctxr,3040,c32aa4f02dcc8a4ea2249757708f107566d4cca3
textures/flatlist/ovr_stm/_win/sol_sa_bone_dt.bmp.ctxr,textures/flatlist/ovr_stm/_win,sol_sa_bone_dt.bmp.ctxr,sol_sa_bone_dt.bmp,ctxr,12608,b348c724e3f74bae997fcfecc3102d4790bad680
textures/flatlist/ovr_stm/_win/sol_sa_chest_dt.bmp.ctxr,textures/flatlist/ovr_stm/_win,sol_sa_chest_dt.bmp.ctxr,sol_sa_chest_dt.bmp,ctxr,32256,1759f5d06f14bd2e331c37bb73105bd32fa0c2e2
textures/flatlist/ovr_stm/_win/sol_sa_chest_dt_ovl_sub_alp.bmp.ctxr,textures/flatlist/ovr_stm/_win,sol_sa_chest_dt_ovl_sub_alp.bmp.ctxr,sol_sa_chest_dt_ovl_sub_alp.bmp,ctxr,24160,5c5cbab30006d7c35ea8babf647e978916702448
textures/flatlist/ovr_stm/_win/sol_sa_claw_dt.bmp.ctxr,textures/flatlist/ovr_stm/_win,sol_sa_claw_dt.bmp.ctxr,sol_sa_claw_dt.bmp,ctxr,3040,2b2036d842bae243a7c21654cbd529ca9470a17e
textures/flatlist/ovr_stm/_win/sol_sa_ovl_mod1120_alp_emap.bmp.ctxr,textures/flatlist/ovr_stm/_win,sol_sa_ovl_mod1120_alp_emap.bmp.ctxr,sol_sa_ovl_mod1120_alp_emap.bmp,ctxr,4256,6756403ace11d16a3703829391d1a9739050867a
textures/flatlist/ovr_stm/_win/sol_sa_top_dt01.bmp.ctxr,textures/flatlist/ovr_stm/_win,sol_sa_top_dt01.bmp.ctxr,sol_sa_top_dt01.bmp,ctxr,22176,42906c446db2591e7758d6167ad293f504d8a5a9
textures/flatlist/ovr_stm/_win/sol_sa_tube_dt01.bmp.ctxr,textures/flatlist/ovr_stm/_win,sol_sa_tube_dt01.bmp.ctxr,sol_sa_tube_dt01.bmp,ctxr,22848,1284b363b9a0f9bee8c44dadba5e1f20a23bdeca
textures/flatlist/ovr_stm/_win/sol_sa_tube_dt02.bmp.ctxr,textures/flatlist/ovr_stm/_win,sol_sa_tube_dt02.bmp.ctxr,sol_sa_tube_dt02.bmp,ctxr,34080,fe98ef9348f3104e3e809b27ae2ca4feafac3fce
textures/flatlist/ovr_stm/_win/sol_sa_tu_dt01_ovl_sub_alp.bmp.ctxr,textures/flatlist/ovr_stm/_win,sol_sa_tu_dt01_ovl_sub_alp.bmp.ctxr,sol_sa_tu_dt01_ovl_sub_alp.bmp,ctxr,17056,a6dce3a1cb162a84a67fe199a8f7e69e4d338a46
textures/flatlist/ovr_stm/_win/sol_sa_tu_dt03_ovl_sub_alp.bmp.ctxr,textures/flatlist/ovr_stm/_win,sol_sa_tu_dt03_ovl_sub_alp.bmp.ctxr,sol_sa_tu_dt03_ovl_sub_alp.bmp,ctxr,10016,d2ef7026d563118a0cddea5af873e25cf5b3e138
textures/flatlist/ovr_stm/_win/sol_sa_tu_dt04_ovl_sub_alp.bmp.ctxr,textures/flatlist/ovr_stm/_win,sol_sa_tu_dt04_ovl_sub_alp.bmp.ctxr,sol_sa_tu_dt04_ovl_sub_alp.bmp,ctxr,39584,95124b3b9e3e2148cb4c189b735980c495dc8ed7
textures/flatlist/ovr_stm/_win/sol_shoes1_n.bmp.ctxr,textures/flatlist/ovr_stm/_win,sol_shoes1_n.bmp.ctxr,sol_shoes1_n.bmp,ctxr,5376,efbd85b9580cf9583a691885b5b3a4b8f346d7a8
textures/flatlist/ovr_stm/_win/sol_shoes1_n_ovl_sub_alp.bmp.ctxr,textures/flatlist/ovr_stm/_win,sol_shoes1_n_ovl_sub_alp.bmp.ctxr,sol_shoes1_n_ovl_sub_alp.bmp,ctxr,4000,3eb76283c248c574b7306ab35ca8d5deea162d44
textures/flatlist/ovr_stm/_win/sol_shoes2_n.bmp.ctxr,textures/flatlist/ovr_stm/_win,sol_shoes2_n.bmp.ctxr,sol_shoes2_n.bmp,ctxr,4544,a9f3ae36e34e9808ffa4a6621649a2a63148a22a
textures/flatlist/ovr_stm/_win/sol_shoes2_n_ovl_sub_alp.bmp.ctxr,textures/flatlist/ovr_stm/_win,sol_shoes2_n_ovl_sub_alp.bmp.ctxr,sol_shoes2_n_ovl_sub_alp.bmp,ctxr,3360,25baef4314041c0203f6abb3839610cb67bc0499
textures/flatlist/ovr_stm/_win/sol_shoulder_dt.bmp.ctxr,textures/flatlist/ovr_stm/_win,sol_shoulder_dt.bmp.ctxr,sol_shoulder_dt.bmp,ctxr,45088,99025f56a48d32875e1c42ffae38c0a93f62051b
textures/flatlist/ovr_stm/_win/sol_shoulder_dt_ovl_sub_alp.bmp.ctxr,textures/flatlist/ovr_stm/_win,sol_shoulder_dt_ovl_sub_alp.bmp.ctxr,sol_shoulder_dt_ovl_sub_alp.bmp,ctxr,33760,e6405f164ed6e99c33ddd3b0c11d7e504a2f7522
textures/flatlist/ovr_stm/_win/sol_shoulder_n_1.bmp.ctxr,textures/flatlist/ovr_stm/_win,sol_shoulder_n_1.bmp.ctxr,sol_shoulder_n_1.bmp,ctxr,45088,6bb6c8587ce2bfc10efda947fddd237803305248
textures/flatlist/ovr_stm/_win/sol_shoulder_n_ovl_sub_alp.bmp.ctxr,textures/flatlist/ovr_stm/_win,sol_shoulder_n_ovl_sub_alp.bmp.ctxr,sol_shoulder_n_ovl_sub_alp.bmp,ctxr,33760,6e185b8ffa93360e9d945cb05340d5aca1283996
textures/flatlist/ovr_stm/_win/sol_usa.bmp.ctxr,textures/flatlist/ovr_stm/_win,sol_usa.bmp.ctxr,sol_usa.bmp,ctxr,1952,22a6a07bd389742b6b56feecb9cbdaf0dad38839
textures/flatlist/ovr_stm/_win/sopelem_body_01.bmp.ctxr,textures/flatlist/ovr_stm/_win,sopelem_body_01.bmp.ctxr,sopelem_body_01.bmp,ctxr,3040,3958d5d4b02b2c8b12c795fb375456b540425859
textures/flatlist/ovr_stm/_win/sopelem_renz_01.bmp.ctxr,textures/flatlist/ovr_stm/_win,sopelem_renz_01.bmp.ctxr,sopelem_renz_01.bmp,ctxr,2368,963a4a29849416d8677873512f5e1b6105824f95
textures/flatlist/ovr_stm/_win/soyunaka.bmp.ctxr,textures/flatlist/ovr_stm/_win,soyunaka.bmp.ctxr,soyunaka.bmp,ctxr,20800,a5dad7f15629b1c3b874c8d9c8169621bfc8b8d6
textures/flatlist/ovr_stm/_win/soyunatate.bmp.ctxr,textures/flatlist/ovr_stm/_win,soyunatate.bmp.ctxr,soyunatate.bmp,ctxr,57728,b18bdd9e787bcf59a8cd6e063916cdaae52359aa
textures/flatlist/ovr_stm/_win/soyunatateh.bmp.ctxr,textures/flatlist/ovr_stm/_win,soyunatateh.bmp.ctxr,soyunatateh.bmp,ctxr,27168,ab7e4a8be93a1c946121d14728ca543814817375
textures/flatlist/ovr_stm/_win/soyutop2.bmp.ctxr,textures/flatlist/ovr_stm/_win,soyutop2.bmp.ctxr,soyutop2.bmp,ctxr,136864,6e511e645adc4d2eb30181cb4a84f3ff0acda2a3
textures/flatlist/ovr_stm/_win/soyutop2h.bmp.ctxr,textures/flatlist/ovr_stm/_win,soyutop2h.bmp.ctxr,soyutop2h.bmp,ctxr,136864,5fed0d5f44246a33c7a3fd9f92fc72b9e4e89982
textures/flatlist/ovr_stm/_win/soyutop2hw.bmp.ctxr,textures/flatlist/ovr_stm/_win,soyutop2hw.bmp.ctxr,soyutop2hw.bmp,ctxr,136864,ebf0d4aed030e3b5ef40280f50491401bb2141ab
textures/flatlist/ovr_stm/_win/soyutoph.bmp.ctxr,textures/flatlist/ovr_stm/_win,soyutoph.bmp.ctxr,soyutoph.bmp,ctxr,153920,a8c65d9720a942a3e4801d231fb6b81b7784841f
textures/flatlist/ovr_stm/_win/so_bean_lig.bmp.ctxr,textures/flatlist/ovr_stm/_win,so_bean_lig.bmp.ctxr,so_bean_lig.bmp,ctxr,37152,1dcc8333e0efb79462fc9a839ce2232ec33f9424
textures/flatlist/ovr_stm/_win/so_bean_sh.bmp.ctxr,textures/flatlist/ovr_stm/_win,so_bean_sh.bmp.ctxr,so_bean_sh.bmp,ctxr,37152,1249824fecfbc11a01999148134b9fea8e06be0d
textures/flatlist/ovr_stm/_win/so_hakokt.bmp.ctxr,textures/flatlist/ovr_stm/_win,so_hakokt.bmp.ctxr,so_hakokt.bmp,ctxr,49472,44e0c0574675387e64fd1a8e89d1d7af1c2be5a6
textures/flatlist/ovr_stm/_win/so_hako_f.bmp.ctxr,textures/flatlist/ovr_stm/_win,so_hako_f.bmp.ctxr,so_hako_f.bmp,ctxr,87744,1be564b061d488736099d47926dce089266779e9
textures/flatlist/ovr_stm/_win/so_hako_ki_f_u.bmp.ctxr,textures/flatlist/ovr_stm/_win,so_hako_ki_f_u.bmp.ctxr,so_hako_ki_f_u.bmp,ctxr,49472,7f65a283c1841e1c2f160559031c9a5e6c300e8e
textures/flatlist/ovr_stm/_win/so_hako_s.bmp.ctxr,textures/flatlist/ovr_stm/_win,so_hako_s.bmp.ctxr,so_hako_s.bmp,ctxr,87744,d4cc6756588677ac286b5419bd8f47bb5e4b9a8c
textures/flatlist/ovr_stm/_win/so_hako_t.bmp.ctxr,textures/flatlist/ovr_stm/_win,so_hako_t.bmp.ctxr,so_hako_t.bmp,ctxr,87744,8d334fb12b7de8cf3515ef634c56544d366049d7
textures/flatlist/ovr_stm/_win/so_ta_t2.bmp.ctxr,textures/flatlist/ovr_stm/_win,so_ta_t2.bmp.ctxr,so_ta_t2.bmp,ctxr,22368,6cd196f0fb5b1c14ab99ac44f8aae7b897e88beb
textures/flatlist/ovr_stm/_win/so_wa1.bmp.ctxr,textures/flatlist/ovr_stm/_win,so_wa1.bmp.ctxr,so_wa1.bmp,ctxr,119072,90dbfd1f82b4eb35e5471b0f6c1e033eacc63e60
textures/flatlist/ovr_stm/_win/so_wa2.bmp.ctxr,textures/flatlist/ovr_stm/_win,so_wa2.bmp.ctxr,so_wa2.bmp,ctxr,119072,7f86dd2dcdbc443147db63417986a458067028ef
textures/flatlist/ovr_stm/_win/so_wa2ne2.bmp.ctxr,textures/flatlist/ovr_stm/_win,so_wa2ne2.bmp.ctxr,so_wa2ne2.bmp,ctxr,24928,4688e891e2c1370b129658b4221b1efc668af10c
textures/flatlist/ovr_stm/_win/so_wi_waku_f.bmp_2a4da7ecf84ff2feb3de4ff20c66c0c4.ctxr,textures/flatlist/ovr_stm/_win,so_wi_waku_f.bmp_2a4da7ecf84ff2feb3de4ff20c66c0c4.ctxr,so_wi_waku_f.bmp_2a4da7ecf84ff2feb3de4ff20c66c0c4,ctxr,22240,4ea821a5baa13c77f36a6282d915013d1613e25d
textures/flatlist/ovr_stm/_win/stg_grip.bmp.ctxr,textures/flatlist/ovr_stm/_win,stg_grip.bmp.ctxr,stg_grip.bmp,ctxr,7968,23153313f734be194521b30650aa11e3668a6ee5
textures/flatlist/ovr_stm/_win/stg_msl_s.bmp.ctxr,textures/flatlist/ovr_stm/_win,stg_msl_s.bmp.ctxr,stg_msl_s.bmp,ctxr,5152,308d64a81fd9917f4ca6a3f438ec28c5819b9ab6
textures/flatlist/ovr_stm/_win/stg_sight.bmp.ctxr,textures/flatlist/ovr_stm/_win,stg_sight.bmp.ctxr,stg_sight.bmp,ctxr,8704,66c632c3b348da41b8068efc61c541d5fc2093ae
textures/flatlist/ovr_stm/_win/stg_s_sb.bmp.ctxr,textures/flatlist/ovr_stm/_win,stg_s_sb.bmp.ctxr,stg_s_sb.bmp,ctxr,24928,bf34205912f78891d2bedeef05c2d4b3da4cceab
textures/flatlist/ovr_stm/_win/stg_temp.bmp.ctxr,textures/flatlist/ovr_stm/_win,stg_temp.bmp.ctxr,stg_temp.bmp,ctxr,6240,2749eb6f131f8a1e7ccdd7106c94877419b86af8
textures/flatlist/ovr_stm/_win/svc_body01.bmp.ctxr,textures/flatlist/ovr_stm/_win,svc_body01.bmp.ctxr,svc_body01.bmp,ctxr,15776,8a366d7c1bc34e843232a9f7a81c7342c544dba5
textures/flatlist/ovr_stm/_win/tnc_fl.bmp.ctxr,textures/flatlist/ovr_stm/_win,tnc_fl.bmp.ctxr,tnc_fl.bmp,ctxr,17376,02ce5373b679ec165a338a75e1918e52e0ddbeb5
textures/flatlist/ovr_stm/_win/tnc_fl_r.bmp.ctxr,textures/flatlist/ovr_stm/_win,tnc_fl_r.bmp.ctxr,tnc_fl_r.bmp,ctxr,17376,885ba0483f57a4ade6be87dff0c164463465e251
textures/flatlist/ovr_stm/_win/tnc_obj_faceneck00.bmp.ctxr,textures/flatlist/ovr_stm/_win,tnc_obj_faceneck00.bmp.ctxr,tnc_obj_faceneck00.bmp,ctxr,82240,41feeb92d9bb72fdbd6b18318cb816b8973eda1c
textures/flatlist/ovr_stm/_win/tnc_re_faceneck.bmp.ctxr,textures/flatlist/ovr_stm/_win,tnc_re_faceneck.bmp.ctxr,tnc_re_faceneck.bmp,ctxr,82240,3673f06f3f994f77825c488b82029bb272e46fd0
textures/flatlist/ovr_stm/_win/tnc_re_faceneck_dead.bmp.ctxr,textures/flatlist/ovr_stm/_win,tnc_re_faceneck_dead.bmp.ctxr,tnc_re_faceneck_dead.bmp,ctxr,82240,d6ba8e264bd9cdde498b003345e02bcd131e95ae
textures/flatlist/ovr_stm/_win/tnc_re_faceneck_dead.bmp_0e551a799467218ab1818640b8ee2d96.ctxr,textures/flatlist/ovr_stm/_win,tnc_re_faceneck_dead.bmp_0e551a799467218ab1818640b8ee2d96.ctxr,tnc_re_faceneck_dead.bmp_0e551a799467218ab1818640b8ee2d96,ctxr,82240,6efbf8a7750e5a93ff9320232d212943c14934a9
textures/flatlist/ovr_stm/_win/tnc_r_faceneck02dt.bmp.ctxr,textures/flatlist/ovr_stm/_win,tnc_r_faceneck02dt.bmp.ctxr,tnc_r_faceneck02dt.bmp,ctxr,82240,822259a2cb5aa0b597cec3eee7779b374c55ae92
textures/flatlist/ovr_stm/_win/usa_arm01dt.bmp.ctxr,textures/flatlist/ovr_stm/_win,usa_arm01dt.bmp.ctxr,usa_arm01dt.bmp,ctxr,40896,22947af0caa194e461e9a3f19a6aa0e37c68204e
textures/flatlist/ovr_stm/_win/usa_arm02dt.bmp.ctxr,textures/flatlist/ovr_stm/_win,usa_arm02dt.bmp.ctxr,usa_arm02dt.bmp,ctxr,4640,3b34585b3bfaae59d120d3f9b17869286f1c574c
textures/flatlist/ovr_stm/_win/usa_arm03dt.bmp.ctxr,textures/flatlist/ovr_stm/_win,usa_arm03dt.bmp.ctxr,usa_arm03dt.bmp,ctxr,6816,a4775fbbf6f17ae995c0e18ee6665b8b107c92e7
textures/flatlist/ovr_stm/_win/usa_armor01dt.bmp.ctxr,textures/flatlist/ovr_stm/_win,usa_armor01dt.bmp.ctxr,usa_armor01dt.bmp,ctxr,69440,7bc31889bb7d7c1bf0abd965afb148be1635895d
textures/flatlist/ovr_stm/_win/usa_armor_neck01dt.bmp.ctxr,textures/flatlist/ovr_stm/_win,usa_armor_neck01dt.bmp.ctxr,usa_armor_neck01dt.bmp,ctxr,4928,5336698398287c26ecd36c1d0b529078a836f7cf
textures/flatlist/ovr_stm/_win/usa_armor_pad01dt.bmp.ctxr,textures/flatlist/ovr_stm/_win,usa_armor_pad01dt.bmp.ctxr,usa_armor_pad01dt.bmp,ctxr,4864,00b7c7918d4c3b92fe33e68bcb336cf861c53d37
textures/flatlist/ovr_stm/_win/usa_ashi.bmp.ctxr,textures/flatlist/ovr_stm/_win,usa_ashi.bmp.ctxr,usa_ashi.bmp,ctxr,120640,e1a15b70a51c2ebfdfbbb03ad0b36f5a14bc6201
textures/flatlist/ovr_stm/_win/usa_belt.bmp.ctxr,textures/flatlist/ovr_stm/_win,usa_belt.bmp.ctxr,usa_belt.bmp,ctxr,6176,3de292c3e1717e39f5044dd9dd92aba4e871c8c0
textures/flatlist/ovr_stm/_win/usa_belt01dt.bmp.ctxr,textures/flatlist/ovr_stm/_win,usa_belt01dt.bmp.ctxr,usa_belt01dt.bmp,ctxr,6176,3f0f571f1fa119e12b18201b95fba5b758586835
textures/flatlist/ovr_stm/_win/usa_belt02dt.bmp.ctxr,textures/flatlist/ovr_stm/_win,usa_belt02dt.bmp.ctxr,usa_belt02dt.bmp,ctxr,6176,7ae59f8672804d31e8b8e62409de4fc42b14a998
textures/flatlist/ovr_stm/_win/usa_belt_back.bmp.ctxr,textures/flatlist/ovr_stm/_win,usa_belt_back.bmp.ctxr,usa_belt_back.bmp,ctxr,6176,6ec519eca9c451b0a429025af75a5ff7fa2689f8
textures/flatlist/ovr_stm/_win/usa_belt_back01dt.bmp.ctxr,textures/flatlist/ovr_stm/_win,usa_belt_back01dt.bmp.ctxr,usa_belt_back01dt.bmp,ctxr,6176,6517c6f27649c5a29f7744c3a0968ff593b070bc
textures/flatlist/ovr_stm/_win/usa_boots.bmp.ctxr,textures/flatlist/ovr_stm/_win,usa_boots.bmp.ctxr,usa_boots.bmp,ctxr,13408,62ce2fa5f600f44309a1bffc3f7277d70becde48
textures/flatlist/ovr_stm/_win/usa_boots01dt.bmp.ctxr,textures/flatlist/ovr_stm/_win,usa_boots01dt.bmp.ctxr,usa_boots01dt.bmp,ctxr,13408,96fd3934be171837a5758ff410c1a65efccbcc19
textures/flatlist/ovr_stm/_win/usa_cap.bmp.ctxr,textures/flatlist/ovr_stm/_win,usa_cap.bmp.ctxr,usa_cap.bmp,ctxr,5760,bc50285ec7ba47ac5e096c10336c1e758d66d0d1
textures/flatlist/ovr_stm/_win/usa_face_bk.bmp.ctxr,textures/flatlist/ovr_stm/_win,usa_face_bk.bmp.ctxr,usa_face_bk.bmp,ctxr,94176,84c043d91b0b756557abbca29b02bdcee324f5a3
textures/flatlist/ovr_stm/_win/usa_face_bk01dt.bmp.ctxr,textures/flatlist/ovr_stm/_win,usa_face_bk01dt.bmp.ctxr,usa_face_bk01dt.bmp,ctxr,94176,dbfe20a29dcc0c14f8bafacdd01671fd02ee6d62
textures/flatlist/ovr_stm/_win/usa_face_c01dt.bmp.ctxr,textures/flatlist/ovr_stm/_win,usa_face_c01dt.bmp.ctxr,usa_face_c01dt.bmp,ctxr,94176,7f7fba6fa7f4e993df231f4a2b1c5cf1c5d33d95
textures/flatlist/ovr_stm/_win/usa_face_d.bmp.ctxr,textures/flatlist/ovr_stm/_win,usa_face_d.bmp.ctxr,usa_face_d.bmp,ctxr,94176,56d5173b915ec00f978602624918e8a9e8ef60bf
textures/flatlist/ovr_stm/_win/usa_face_d01dt.bmp.ctxr,textures/flatlist/ovr_stm/_win,usa_face_d01dt.bmp.ctxr,usa_face_d01dt.bmp,ctxr,94176,1c497f6a9ab321f2b2459ab6164239d7c3fa4208
textures/flatlist/ovr_stm/_win/usa_face_d02dt.bmp.ctxr,textures/flatlist/ovr_stm/_win,usa_face_d02dt.bmp.ctxr,usa_face_d02dt.bmp,ctxr,94176,fa9dbbee96c1b55094589de3afbcf936a6cff3a7
textures/flatlist/ovr_stm/_win/usa_face_f01dt.bmp.ctxr,textures/flatlist/ovr_stm/_win,usa_face_f01dt.bmp.ctxr,usa_face_f01dt.bmp,ctxr,94176,1b4ea4ffdc01e260296ad1a3f90d4ffc7f5911f7
textures/flatlist/ovr_stm/_win/usa_helmet01dt.bmp.ctxr,textures/flatlist/ovr_stm/_win,usa_helmet01dt.bmp.ctxr,usa_helmet01dt.bmp,ctxr,6240,1db5c90aa78818a17df05995cb2417c7c50112dd
textures/flatlist/ovr_stm/_win/usa_helmet_inside.bmp.ctxr,textures/flatlist/ovr_stm/_win,usa_helmet_inside.bmp.ctxr,usa_helmet_inside.bmp,ctxr,1504,c8c71421952313ee8ef9b31b5071b43472db0cc4
textures/flatlist/ovr_stm/_win/usa_leg01dt.bmp.ctxr,textures/flatlist/ovr_stm/_win,usa_leg01dt.bmp.ctxr,usa_leg01dt.bmp,ctxr,120640,a329217977e0e5e06f1414369f6c2da471faa08f
textures/flatlist/ovr_stm/_win/usa_leg02dt.bmp.ctxr,textures/flatlist/ovr_stm/_win,usa_leg02dt.bmp.ctxr,usa_leg02dt.bmp,ctxr,120640,6d96e6765ea7173d2b037aa5557ab448cbc6bc77
textures/flatlist/ovr_stm/_win/usa_met01dt_ovl_sub_alp.bmp.ctxr,textures/flatlist/ovr_stm/_win,usa_met01dt_ovl_sub_alp.bmp.ctxr,usa_met01dt_ovl_sub_alp.bmp,ctxr,4640,cb4e03784b6a9b369721224b131ad567eeb08406
textures/flatlist/ovr_stm/_win/usa_met_belt01dt.bmp.ctxr,textures/flatlist/ovr_stm/_win,usa_met_belt01dt.bmp.ctxr,usa_met_belt01dt.bmp,ctxr,2656,70d927e33053e3d2d6f44d4786cac3a445d5212c
textures/flatlist/ovr_stm/_win/usa_pack01dt.bmp.ctxr,textures/flatlist/ovr_stm/_win,usa_pack01dt.bmp.ctxr,usa_pack01dt.bmp,ctxr,10528,6ffece73e872ba28e46c8648676a9f5a01491669
textures/flatlist/ovr_stm/_win/usa_phone01dt.bmp.ctxr,textures/flatlist/ovr_stm/_win,usa_phone01dt.bmp.ctxr,usa_phone01dt.bmp,ctxr,4544,102cf46892c09317e6e5102a64ef6865955c6a97
textures/flatlist/ovr_stm/_win/usa_phone02dt_ovl_alp.bmp.ctxr,textures/flatlist/ovr_stm/_win,usa_phone02dt_ovl_alp.bmp.ctxr,usa_phone02dt_ovl_alp.bmp,ctxr,3680,d7a71218e0c2d5478872c7c9157a7a0370977612
textures/flatlist/ovr_stm/_win/usa_phone03dt.bmp.ctxr,textures/flatlist/ovr_stm/_win,usa_phone03dt.bmp.ctxr,usa_phone03dt.bmp,ctxr,11392,a239b58e9dacf8b9350796fca71988f55a8c9139
textures/flatlist/ovr_stm/_win/usa_ude_all.bmp.ctxr,textures/flatlist/ovr_stm/_win,usa_ude_all.bmp.ctxr,usa_ude_all.bmp,ctxr,40896,d3ec82a394b90efd9584e771b21de8808bbc9651
textures/flatlist/ovr_stm/_win/usa_ude_makuri.bmp.ctxr,textures/flatlist/ovr_stm/_win,usa_ude_makuri.bmp.ctxr,usa_ude_makuri.bmp,ctxr,4640,54f662fc820628e1a4a4680f2e9b0243be6c4164
textures/flatlist/ovr_stm/_win/usm_chest01dt.bmp.ctxr,textures/flatlist/ovr_stm/_win,usm_chest01dt.bmp.ctxr,usm_chest01dt.bmp,ctxr,71680,dad0bdd212d32db278524aef183031702facf121
textures/flatlist/ovr_stm/_win/usm_chest02dt.bmp.ctxr,textures/flatlist/ovr_stm/_win,usm_chest02dt.bmp.ctxr,usm_chest02dt.bmp,ctxr,71680,76265c4829ee7cbb80b455a53fbf8866bcaf80fb
textures/flatlist/ovr_stm/_win/usm_chest_back01dt.bmp.ctxr,textures/flatlist/ovr_stm/_win,usm_chest_back01dt.bmp.ctxr,usm_chest_back01dt.bmp,ctxr,69408,73d534db43718d47a6c80f7e8d7cdc445f947ade
textures/flatlist/ovr_stm/_win/usm_chest_back02dt.bmp.ctxr,textures/flatlist/ovr_stm/_win,usm_chest_back02dt.bmp.ctxr,usm_chest_back02dt.bmp,ctxr,69408,dd725034ca7922410b7c3ef3b71fe8a6d9a3e8f6
textures/flatlist/ovr_stm/_win/usm_chest_back_belt.bmp.ctxr,textures/flatlist/ovr_stm/_win,usm_chest_back_belt.bmp.ctxr,usm_chest_back_belt.bmp,ctxr,69408,d3448327fd2eca47b2e075a4dc2fe18f7968f2e2
textures/flatlist/ovr_stm/_win/usm_chest_belt.bmp.ctxr,textures/flatlist/ovr_stm/_win,usm_chest_belt.bmp.ctxr,usm_chest_belt.bmp,ctxr,71680,7384a21fd12d98a62a496193af28e60c2ae82119
textures/flatlist/ovr_stm/_win/usm_eri01dt.bmp.ctxr,textures/flatlist/ovr_stm/_win,usm_eri01dt.bmp.ctxr,usm_eri01dt.bmp,ctxr,2336,29eb9ba3176ae6e44541c53bf2226b094ff00890
textures/flatlist/ovr_stm/_win/usm_eri_inside2.bmp.ctxr,textures/flatlist/ovr_stm/_win,usm_eri_inside2.bmp.ctxr,usm_eri_inside2.bmp,ctxr,2336,ce1207bbbf3de11081e0735f2a50d88eb85f3d3b
textures/flatlist/ovr_stm/_win/usm_t_shirt.bmp.ctxr,textures/flatlist/ovr_stm/_win,usm_t_shirt.bmp.ctxr,usm_t_shirt.bmp,ctxr,9504,3762c606be54154a78bb5295cde858595a4d69af
textures/flatlist/ovr_stm/_win/usp_magazine.bmp.ctxr,textures/flatlist/ovr_stm/_win,usp_magazine.bmp.ctxr,usp_magazine.bmp,ctxr,11264,539abe267849f1430f064adce1b7f891ab717f06
textures/flatlist/ovr_stm/_win/usp_sb_all.bmp.ctxr,textures/flatlist/ovr_stm/_win,usp_sb_all.bmp.ctxr,usp_sb_all.bmp,ctxr,30336,50f3c2c48e505da8a37ba2880e6d6eaaadf0dfa4
textures/flatlist/ovr_stm/_win/usp_sb_all.bmp_cdb943d53c81d48a3e26a8100d3c47be.ctxr,textures/flatlist/ovr_stm/_win,usp_sb_all.bmp_cdb943d53c81d48a3e26a8100d3c47be.ctxr,usp_sb_all.bmp_cdb943d53c81d48a3e26a8100d3c47be,ctxr,30336,a74f6f31091b24c1af5705d219d77b5cb0511344
textures/flatlist/ovr_stm/_win/usp_sb_all2.bmp.ctxr,textures/flatlist/ovr_stm/_win,usp_sb_all2.bmp.ctxr,usp_sb_all2.bmp,ctxr,7104,b2dce3b21b0b5851bb09d14c238a34c38591cd5b
textures/flatlist/ovr_stm/_win/val_amo1.bmp.ctxr,textures/flatlist/ovr_stm/_win,val_amo1.bmp.ctxr,val_amo1.bmp,ctxr,26240,7793bb89229aacf007189b2ab22b8655d8a8f69e
textures/flatlist/ovr_stm/_win/ved_rope_lit.bmp.ctxr,textures/flatlist/ovr_stm/_win,ved_rope_lit.bmp.ctxr,ved_rope_lit.bmp,ctxr,8544,1ce6ea7622f1a48cfc796b7c21c779e5b4b16baf
textures/flatlist/ovr_stm/_win/vkf_big_mt.bmp.ctxr,textures/flatlist/ovr_stm/_win,vkf_big_mt.bmp.ctxr,vkf_big_mt.bmp,ctxr,3712,f6670badb0c00bae8a02626ac789a71be4c27900
textures/flatlist/ovr_stm/_win/w00ak_00b_wall1.bmp.ctxr,textures/flatlist/ovr_stm/_win,w00ak_00b_wall1.bmp.ctxr,w00ak_00b_wall1.bmp,ctxr,49472,c6559fda449ec22219da19ea4b486f0c38e28a99
textures/flatlist/ovr_stm/_win/w00ak_blc_t4.bmp.ctxr,textures/flatlist/ovr_stm/_win,w00ak_blc_t4.bmp.ctxr,w00ak_blc_t4.bmp,ctxr,24896,cae8a78eac2580f0ac2f8bd0b2b6e768dcd4cd50
textures/flatlist/ovr_stm/_win/w00ak_crane_floor.bmp.ctxr,textures/flatlist/ovr_stm/_win,w00ak_crane_floor.bmp.ctxr,w00ak_crane_floor.bmp,ctxr,24896,bf8805df7a226108904d7167cfa3e10bc6710daa
textures/flatlist/ovr_stm/_win/w00ak_dck_flr1.bmp.ctxr,textures/flatlist/ovr_stm/_win,w00ak_dck_flr1.bmp.ctxr,w00ak_dck_flr1.bmp,ctxr,109568,100ea171d641711a42d4abe4e17d9c5253728860
textures/flatlist/ovr_stm/_win/w00ak_flr1_alp_ovl.bmp.ctxr,textures/flatlist/ovr_stm/_win,w00ak_flr1_alp_ovl.bmp.ctxr,w00ak_flr1_alp_ovl.bmp,ctxr,87744,d039f8c1bec0db82a7c32dae22fd2e46ceda3593
textures/flatlist/ovr_stm/_win/w00ak_gateflor1_alp_ovl.bmp.ctxr,textures/flatlist/ovr_stm/_win,w00ak_gateflor1_alp_ovl.bmp.ctxr,w00ak_gateflor1_alp_ovl.bmp,ctxr,87744,3cc1e1829b8d618ee20f4b84edd0f400d0d52b62
textures/flatlist/ovr_stm/_win/w00ak_roll1.bmp.ctxr,textures/flatlist/ovr_stm/_win,w00ak_roll1.bmp.ctxr,w00ak_roll1.bmp,ctxr,24896,ae0a7baef16c51d04b06d998a110fec12e527f89
textures/flatlist/ovr_stm/_win/w00ak_roll2.bmp.ctxr,textures/flatlist/ovr_stm/_win,w00ak_roll2.bmp.ctxr,w00ak_roll2.bmp,ctxr,8512,7510523ace9bc014f990558b7bc8ccb7d3cb1134
textures/flatlist/ovr_stm/_win/w00ak_roll_s1.bmp.ctxr,textures/flatlist/ovr_stm/_win,w00ak_roll_s1.bmp.ctxr,w00ak_roll_s1.bmp,ctxr,16992,65732aa8f8f638c8d4afd2294752ddd5952b912b
textures/flatlist/ovr_stm/_win/w00ak_ue1.bmp.ctxr,textures/flatlist/ovr_stm/_win,w00ak_ue1.bmp.ctxr,w00ak_ue1.bmp,ctxr,207904,ca73a65e0ec5c119b7d74578a06661e3f51da83d
textures/flatlist/ovr_stm/_win/w00ak_wnc_b1.bmp.ctxr,textures/flatlist/ovr_stm/_win,w00ak_wnc_b1.bmp.ctxr,w00ak_wnc_b1.bmp,ctxr,7136,4864c8aa761cb28a26e09a96f4c2d9acd8d28ead
textures/flatlist/ovr_stm/_win/w00ak_wnc_b2.bmp.ctxr,textures/flatlist/ovr_stm/_win,w00ak_wnc_b2.bmp.ctxr,w00ak_wnc_b2.bmp,ctxr,6432,e33a9e8bf434cc38290677e2d8381c22d6912c8e
textures/flatlist/ovr_stm/_win/w00ak_wnc_f1.bmp.ctxr,textures/flatlist/ovr_stm/_win,w00ak_wnc_f1.bmp.ctxr,w00ak_wnc_f1.bmp,ctxr,6432,1567d8a0c26523eecbb070790bfe181181d7f754
textures/flatlist/ovr_stm/_win/w00ak_wnc_s1.bmp.ctxr,textures/flatlist/ovr_stm/_win,w00ak_wnc_s1.bmp.ctxr,w00ak_wnc_s1.bmp,ctxr,37152,c29da51d0b006eb81985a4555b9d2bff29d21fd4
textures/flatlist/ovr_stm/_win/w00ak_wnc_s3.bmp.ctxr,textures/flatlist/ovr_stm/_win,w00ak_wnc_s3.bmp.ctxr,w00ak_wnc_s3.bmp,ctxr,46400,69786cb270b464feb3fdbd88184318ba99dbae6d
textures/flatlist/ovr_stm/_win/w00ak_wnc_s4.bmp.ctxr,textures/flatlist/ovr_stm/_win,w00ak_wnc_s4.bmp.ctxr,w00ak_wnc_s4.bmp,ctxr,12576,ebfffa775eb7ccfa3de8fe10669d6d68e3063e44
textures/flatlist/ovr_stm/_win/w00ak_wnc_t1.bmp.ctxr,textures/flatlist/ovr_stm/_win,w00ak_wnc_t1.bmp.ctxr,w00ak_wnc_t1.bmp,ctxr,4384,27f4b92f1da754e53a53eafd4c8cdd7e1f717369
textures/flatlist/ovr_stm/_win/w00a_frt1.bmp.ctxr,textures/flatlist/ovr_stm/_win,w00a_frt1.bmp.ctxr,w00a_frt1.bmp,ctxr,131424,7a9bef63c7a2f7616d219357e5998082de59eec1
textures/flatlist/ovr_stm/_win/w00a_os1.bmp.ctxr,textures/flatlist/ovr_stm/_win,w00a_os1.bmp.ctxr,w00a_os1.bmp,ctxr,12576,41cb20326e5c4d40255373e4386dd04a6f150ee6
textures/flatlist/ovr_stm/_win/w00a_pl3.bmp.ctxr,textures/flatlist/ovr_stm/_win,w00a_pl3.bmp.ctxr,w00a_pl3.bmp,ctxr,4416,3f33a5b4558c32f1e9dbd029fbde8ac058d1a715
textures/flatlist/ovr_stm/_win/w00a_rb2a.bmp.ctxr,textures/flatlist/ovr_stm/_win,w00a_rb2a.bmp.ctxr,w00a_rb2a.bmp,ctxr,3040,7165385e74873f6bfbfc1751257c547703e1f840
textures/flatlist/ovr_stm/_win/w00a_rtn0.bmp.ctxr,textures/flatlist/ovr_stm/_win,w00a_rtn0.bmp.ctxr,w00a_rtn0.bmp,ctxr,4384,0907258da95703dc22c2fcbd0cd50fbb3c659d46
textures/flatlist/ovr_stm/_win/w00a_sn1_msk.bmp.ctxr,textures/flatlist/ovr_stm/_win,w00a_sn1_msk.bmp.ctxr,w00a_sn1_msk.bmp,ctxr,9824,2fb79d860920136d66e5edd6e61028194595d41e
textures/flatlist/ovr_stm/_win/w00a_sn2.bmp.ctxr,textures/flatlist/ovr_stm/_win,w00a_sn2.bmp.ctxr,w00a_sn2.bmp,ctxr,12576,fbd0f17b9e18524306225a83691f53b20f8d11c2
textures/flatlist/ovr_stm/_win/w00a_w1.bmp.ctxr,textures/flatlist/ovr_stm/_win,w00a_w1.bmp.ctxr,w00a_w1.bmp,ctxr,37184,26e02b544e50f1d08564b602db7f8f56c454b328
textures/flatlist/ovr_stm/_win/w00a_wd_p1_msk.bmp.ctxr,textures/flatlist/ovr_stm/_win,w00a_wd_p1_msk.bmp.ctxr,w00a_wd_p1_msk.bmp,ctxr,8480,fd857614f58d70c88d17bc555ed920f6eb3cf9c5
textures/flatlist/ovr_stm/_win/w00a_wd_p2_msk.bmp.ctxr,textures/flatlist/ovr_stm/_win,w00a_wd_p2_msk.bmp.ctxr,w00a_wd_p2_msk.bmp,ctxr,8480,ebb671aadb46940f8e7d28f0d9e87096316cb371
textures/flatlist/ovr_stm/_win/w00a_wd_p3_msk.bmp.ctxr,textures/flatlist/ovr_stm/_win,w00a_wd_p3_msk.bmp.ctxr,w00a_wd_p3_msk.bmp,ctxr,8480,0dc3adf2d90fe07b643996b0b279d15717e3c49d
textures/flatlist/ovr_stm/_win/w00a_wd_p4_msk.bmp.ctxr,textures/flatlist/ovr_stm/_win,w00a_wd_p4_msk.bmp.ctxr,w00a_wd_p4_msk.bmp,ctxr,8480,59d052bbc9b7dc6da3ff8665547ec5aa964d5135
textures/flatlist/ovr_stm/_win/w00brk_00a_frontwall2.bmp.ctxr,textures/flatlist/ovr_stm/_win,w00brk_00a_frontwall2.bmp.ctxr,w00brk_00a_frontwall2.bmp,ctxr,87744,224c0a309baeab86d9da55a8dfa75dc601561ac8
textures/flatlist/ovr_stm/_win/w00brk_flor_danmen1.bmp.ctxr,textures/flatlist/ovr_stm/_win,w00brk_flor_danmen1.bmp.ctxr,w00brk_flor_danmen1.bmp,ctxr,44096,fb1c81844fdaf8f32ad885771f0032f7d08226ae
textures/flatlist/ovr_stm/_win/w00brk_f_flor1.bmp.ctxr,textures/flatlist/ovr_stm/_win,w00brk_f_flor1.bmp.ctxr,w00brk_f_flor1.bmp,ctxr,349920,664800ec96af13eb3df41fd86adfd1f14f87e5c9
textures/flatlist/ovr_stm/_win/w00brk_pipe_s1.bmp.ctxr,textures/flatlist/ovr_stm/_win,w00brk_pipe_s1.bmp.ctxr,w00brk_pipe_s1.bmp,ctxr,44096,0b91869fb2dfa482f0c3e9c872bd8eac3b46a42a
textures/flatlist/ovr_stm/_win/w00brk_table_floor1.bmp.ctxr,textures/flatlist/ovr_stm/_win,w00brk_table_floor1.bmp.ctxr,w00brk_table_floor1.bmp,ctxr,158752,b18dc4ad722ec69e1f7286f57cf9016ff4bc4466
textures/flatlist/ovr_stm/_win/w00b_antisna_saku_msk.bmp.ctxr,textures/flatlist/ovr_stm/_win,w00b_antisna_saku_msk.bmp.ctxr,w00b_antisna_saku_msk.bmp,ctxr,33120,9c06e7c3c843e2e44b8b078fcd1717104fbfc05e
textures/flatlist/ovr_stm/_win/w00b_bridge_wall1.bmp.ctxr,textures/flatlist/ovr_stm/_win,w00b_bridge_wall1.bmp.ctxr,w00b_bridge_wall1.bmp,ctxr,49504,c58100cf66b4abd90dc027e084d8f4c475e140d7
textures/flatlist/ovr_stm/_win/w00b_bridge_wall1_fade.bmp.ctxr,textures/flatlist/ovr_stm/_win,w00b_bridge_wall1_fade.bmp.ctxr,w00b_bridge_wall1_fade.bmp,ctxr,24896,13f9ec2850525022fee6981dc7cedf2aba86dd2c
textures/flatlist/ovr_stm/_win/w00b_cloth_new.bmp.ctxr,textures/flatlist/ovr_stm/_win,w00b_cloth_new.bmp.ctxr,w00b_cloth_new.bmp,ctxr,240672,20710eead09787326108a0a805194699471874d7
textures/flatlist/ovr_stm/_win/w00b_crane_post_s.bmp.ctxr,textures/flatlist/ovr_stm/_win,w00b_crane_post_s.bmp.ctxr,w00b_crane_post_s.bmp,ctxr,26944,550f54bbb462ad4ba4ee1faebe3702d1e92d349d
textures/flatlist/ovr_stm/_win/w00b_fannel1.bmp.ctxr,textures/flatlist/ovr_stm/_win,w00b_fannel1.bmp.ctxr,w00b_fannel1.bmp,ctxr,65888,db4f3e5bd914e7b40c50f0c4b3650e2f17265af4
textures/flatlist/ovr_stm/_win/w00b_flr1_alp_ovl.bmp.ctxr,textures/flatlist/ovr_stm/_win,w00b_flr1_alp_ovl.bmp.ctxr,w00b_flr1_alp_ovl.bmp,ctxr,87744,5ad28d87f34732ac0cbf02344e79b0b3aeb34685
textures/flatlist/ovr_stm/_win/w00b_flr2_alp_ovl.bmp.ctxr,textures/flatlist/ovr_stm/_win,w00b_flr2_alp_ovl.bmp.ctxr,w00b_flr2_alp_ovl.bmp,ctxr,184640,649014242bd96c598a5a73d150d71ad3edb644ce
textures/flatlist/ovr_stm/_win/w00b_huge_light_f1.bmp.ctxr,textures/flatlist/ovr_stm/_win,w00b_huge_light_f1.bmp.ctxr,w00b_huge_light_f1.bmp,ctxr,12576,314145cfab9dbda2bcec378e08ffd138a344f49b
textures/flatlist/ovr_stm/_win/w00b_huge_light_s.bmp.ctxr,textures/flatlist/ovr_stm/_win,w00b_huge_light_s.bmp.ctxr,w00b_huge_light_s.bmp,ctxr,22176,879e90654bb15fbec64ffad69e0cac98b61a84d4
textures/flatlist/ovr_stm/_win/w00b_irs_pipe.bmp.ctxr,textures/flatlist/ovr_stm/_win,w00b_irs_pipe.bmp.ctxr,w00b_irs_pipe.bmp,ctxr,5408,08b7d5b9006e090f1a07863958a02f5b87733515
textures/flatlist/ovr_stm/_win/w00b_irs_wood1.bmp.ctxr,textures/flatlist/ovr_stm/_win,w00b_irs_wood1.bmp.ctxr,w00b_irs_wood1.bmp,ctxr,24928,83762bd3edbe215d981bbab6fe0010861a1a6248
textures/flatlist/ovr_stm/_win/w00b_irs_wood2.bmp.ctxr,textures/flatlist/ovr_stm/_win,w00b_irs_wood2.bmp.ctxr,w00b_irs_wood2.bmp,ctxr,57696,18ff50aaff9a8eaf61d76c97f8358bed0ef01d4a
textures/flatlist/ovr_stm/_win/w00b_mushroom.bmp_5e3a7780abfc18549f6a4b034fef18bc.ctxr,textures/flatlist/ovr_stm/_win,w00b_mushroom.bmp_5e3a7780abfc18549f6a4b034fef18bc.ctxr,w00b_mushroom.bmp_5e3a7780abfc18549f6a4b034fef18bc,ctxr,33088,d667f5c2dbcf4e7835abd77931d61252ae870a3f
textures/flatlist/ovr_stm/_win/w00b_poll1.bmp.ctxr,textures/flatlist/ovr_stm/_win,w00b_poll1.bmp.ctxr,w00b_poll1.bmp,ctxr,16736,85adbc3795d71ea38fb641e10ccb0c38c14b70bc
textures/flatlist/ovr_stm/_win/w00b_raderdome.bmp.ctxr,textures/flatlist/ovr_stm/_win,w00b_raderdome.bmp.ctxr,w00b_raderdome.bmp,ctxr,22176,631e952131fb933e3edf3f3f2116dd5f653110e6
textures/flatlist/ovr_stm/_win/w00b_sonar1.bmp.ctxr,textures/flatlist/ovr_stm/_win,w00b_sonar1.bmp.ctxr,w00b_sonar1.bmp,ctxr,12576,e8e201913e9aa6c85622102bdef15854d024af7b
textures/flatlist/ovr_stm/_win/w00b_sonar2_msk.bmp.ctxr,textures/flatlist/ovr_stm/_win,w00b_sonar2_msk.bmp.ctxr,w00b_sonar2_msk.bmp,ctxr,38528,3df9d18ad4972b9d8297940299c2d49dba798675
textures/flatlist/ovr_stm/_win/w00b_step2wing_t.bmp.ctxr,textures/flatlist/ovr_stm/_win,w00b_step2wing_t.bmp.ctxr,w00b_step2wing_t.bmp,ctxr,16704,d24b2c40a1a03392634ddb726eee53194e3460c8
textures/flatlist/ovr_stm/_win/w00b_step2wing_t2.bmp.ctxr,textures/flatlist/ovr_stm/_win,w00b_step2wing_t2.bmp.ctxr,w00b_step2wing_t2.bmp,ctxr,33088,dd239371babde295dd3e8ed2bdd47db1f8eb2f2b
textures/flatlist/ovr_stm/_win/w00b_tower_deck_s1psd.bmp.ctxr,textures/flatlist/ovr_stm/_win,w00b_tower_deck_s1psd.bmp.ctxr,w00b_tower_deck_s1psd.bmp,ctxr,10560,0a08c19fb0039ed091071bceb71e2486ff4a5aa4
textures/flatlist/ovr_stm/_win/w00b_tower_deck_t1.bmp.ctxr,textures/flatlist/ovr_stm/_win,w00b_tower_deck_t1.bmp.ctxr,w00b_tower_deck_t1.bmp,ctxr,115008,4dc13d26255e3da015763073fc9b361fdeeded6f
textures/flatlist/ovr_stm/_win/w00b_tower_s1.bmp.ctxr,textures/flatlist/ovr_stm/_win,w00b_tower_s1.bmp.ctxr,w00b_tower_s1.bmp,ctxr,41280,f97e170272d55b098814bff7ec4dde35d9ba8833
textures/flatlist/ovr_stm/_win/w00b_tower_s2.bmp.ctxr,textures/flatlist/ovr_stm/_win,w00b_tower_s2.bmp.ctxr,w00b_tower_s2.bmp,ctxr,33088,a7c2f19ca6440b04b7c3a81c98d1394ea1f15523
textures/flatlist/ovr_stm/_win/w00b_tower_saku1.bmp.ctxr,textures/flatlist/ovr_stm/_win,w00b_tower_saku1.bmp.ctxr,w00b_tower_saku1.bmp,ctxr,33088,1eb18586451f0acf84867f5fa1bc2765cb2ac09a
textures/flatlist/ovr_stm/_win/w00b_tower_saku2.bmp.ctxr,textures/flatlist/ovr_stm/_win,w00b_tower_saku2.bmp.ctxr,w00b_tower_saku2.bmp,ctxr,33088,db387da5720fdf7e9f7b5f2a5f6f4cdb2642e3cd
textures/flatlist/ovr_stm/_win/w00b_wall1.bmp.ctxr,textures/flatlist/ovr_stm/_win,w00b_wall1.bmp.ctxr,w00b_wall1.bmp,ctxr,110912,6678490f530b911e814cd1a46393c00c44bbef04
textures/flatlist/ovr_stm/_win/w00b_wbox_s.bmp.ctxr,textures/flatlist/ovr_stm/_win,w00b_wbox_s.bmp.ctxr,w00b_wbox_s.bmp,ctxr,22176,586e06099fa7acc8d91cebb7aa86f561f4f03902
textures/flatlist/ovr_stm/_win/w00b_wbox_t.bmp.ctxr,textures/flatlist/ovr_stm/_win,w00b_wbox_t.bmp.ctxr,w00b_wbox_t.bmp,ctxr,22176,dc159de502102692da7b3ba5052cc6d8cfaacd94
textures/flatlist/ovr_stm/_win/w00b_wingflr1_alp_ovl.bmp.ctxr,textures/flatlist/ovr_stm/_win,w00b_wingflr1_alp_ovl.bmp.ctxr,w00b_wingflr1_alp_ovl.bmp,ctxr,349920,0b44e99fddc085ae4b360a627ccb8608701990d9
textures/flatlist/ovr_stm/_win/w00b_wingtower_fs.bmp.ctxr,textures/flatlist/ovr_stm/_win,w00b_wingtower_fs.bmp.ctxr,w00b_wingtower_fs.bmp,ctxr,44864,cbc9283a1b1fc3b6be80b1f83efa6eb11e6c324e
textures/flatlist/ovr_stm/_win/w00b_wingwall1.bmp.ctxr,textures/flatlist/ovr_stm/_win,w00b_wingwall1.bmp.ctxr,w00b_wingwall1.bmp,ctxr,37184,5ec64dc75498050cd0b3da1f94a8fb1c8e11903f
textures/flatlist/ovr_stm/_win/w00c_stp_f1msk.bmp.ctxr,textures/flatlist/ovr_stm/_win,w00c_stp_f1msk.bmp.ctxr,w00c_stp_f1msk.bmp,ctxr,5792,81bd9d2d460797d8bb9f4eb1e3f644e73c13005b
textures/flatlist/ovr_stm/_win/w00c_tower_wing_msk.bmp.ctxr,textures/flatlist/ovr_stm/_win,w00c_tower_wing_msk.bmp.ctxr,w00c_tower_wing_msk.bmp,ctxr,52544,3739640a9b73f4bfb2f379018aee0b7f3b2f0193
textures/flatlist/ovr_stm/_win/w00k_drw1.bmp.ctxr,textures/flatlist/ovr_stm/_win,w00k_drw1.bmp.ctxr,w00k_drw1.bmp,ctxr,74048,e27941202a64d19dd2ee86bd1a2395a121a2d84a
textures/flatlist/ovr_stm/_win/w00m_block.bmp.ctxr,textures/flatlist/ovr_stm/_win,w00m_block.bmp.ctxr,w00m_block.bmp,ctxr,992,375987231cdbc5e0f0b441232e095ce800b635c9
textures/flatlist/ovr_stm/_win/w00m_block_side.bmp.ctxr,textures/flatlist/ovr_stm/_win,w00m_block_side.bmp.ctxr,w00m_block_side.bmp,ctxr,736,706325f145d2f911c505d6414babfe6baf1bc72c
textures/flatlist/ovr_stm/_win/w00m_ikari_face.bmp.ctxr,textures/flatlist/ovr_stm/_win,w00m_ikari_face.bmp.ctxr,w00m_ikari_face.bmp,ctxr,1504,6b192f12e9326f20c3cb33a4ff308fefc9bb2c04
textures/flatlist/ovr_stm/_win/w00m_ikari_kabe.bmp.ctxr,textures/flatlist/ovr_stm/_win,w00m_ikari_kabe.bmp.ctxr,w00m_ikari_kabe.bmp,ctxr,5376,54d11a6af74d722938325dea95c56873f450d3c9
textures/flatlist/ovr_stm/_win/w00m_ikari_sotowaku.bmp.ctxr,textures/flatlist/ovr_stm/_win,w00m_ikari_sotowaku.bmp.ctxr,w00m_ikari_sotowaku.bmp,ctxr,992,d9b8e52bc40246371d2f5b7d5f9b74f1829ffa02
textures/flatlist/ovr_stm/_win/w00m_mushroom_face.bmp.ctxr,textures/flatlist/ovr_stm/_win,w00m_mushroom_face.bmp.ctxr,w00m_mushroom_face.bmp,ctxr,5632,4746d63982ec4a29889104e4e952e3bd5801743e
textures/flatlist/ovr_stm/_win/w00m_mush_huta_face.bmp.ctxr,textures/flatlist/ovr_stm/_win,w00m_mush_huta_face.bmp.ctxr,w00m_mush_huta_face.bmp,ctxr,4384,297ce551da446dc7964c9c72efd2f31b4d59492f
textures/flatlist/ovr_stm/_win/w00m_mush_huta_top3.bmp.ctxr,textures/flatlist/ovr_stm/_win,w00m_mush_huta_top3.bmp.ctxr,w00m_mush_huta_top3.bmp,ctxr,5056,c005ac693bfa8b0e00bb406aedabee9b31121e77
textures/flatlist/ovr_stm/_win/w00m_winch_face4.bmp.ctxr,textures/flatlist/ovr_stm/_win,w00m_winch_face4.bmp.ctxr,w00m_winch_face4.bmp,ctxr,4864,a9c91383548ce28b3ed6c891456f49ff70237c9e
textures/flatlist/ovr_stm/_win/w00m_winch_face4.bmp_66d35506ebb6b42785de008e8285c263.ctxr,textures/flatlist/ovr_stm/_win,w00m_winch_face4.bmp_66d35506ebb6b42785de008e8285c263.ctxr,w00m_winch_face4.bmp_66d35506ebb6b42785de008e8285c263,ctxr,4864,a5760278b91e807a5e04a4dec503b777d0a61910
textures/flatlist/ovr_stm/_win/w00m_winch_top2.bmp.ctxr,textures/flatlist/ovr_stm/_win,w00m_winch_top2.bmp.ctxr,w00m_winch_top2.bmp,ctxr,2624,5d555b6a7e259052450f75c240108336e4567021
textures/flatlist/ovr_stm/_win/w00_sky_add_alp.bmp.ctxr,textures/flatlist/ovr_stm/_win,w00_sky_add_alp.bmp.ctxr,w00_sky_add_alp.bmp,ctxr,87744,511653d7df1b5a7820c2597e340669dac7c86229
textures/flatlist/ovr_stm/_win/w00_stp_t1.bmp.ctxr,textures/flatlist/ovr_stm/_win,w00_stp_t1.bmp.ctxr,w00_stp_t1.bmp,ctxr,5792,3fc505de1339b367a74ecdd07984d2a458a1de7c
textures/flatlist/ovr_stm/_win/w01a0lc_loc2.bmp.ctxr,textures/flatlist/ovr_stm/_win,w01a0lc_loc2.bmp.ctxr,w01a0lc_loc2.bmp,ctxr,148256,361796c3c15836e8f6e5774ca303bb749c5e853e
textures/flatlist/ovr_stm/_win/w01a0_box00.bmp.ctxr,textures/flatlist/ovr_stm/_win,w01a0_box00.bmp.ctxr,w01a0_box00.bmp,ctxr,6432,693e68f661d23c8657ae8700331658d11114727b
textures/flatlist/ovr_stm/_win/w01a0_box002.bmp.ctxr,textures/flatlist/ovr_stm/_win,w01a0_box002.bmp.ctxr,w01a0_box002.bmp,ctxr,6432,01110360d95fc3291be6f1a1aa8c610130729a61
textures/flatlist/ovr_stm/_win/w01a0_box00a.bmp.ctxr,textures/flatlist/ovr_stm/_win,w01a0_box00a.bmp.ctxr,w01a0_box00a.bmp,ctxr,4384,f6075bba04893a03b46cfca2dc949ca89a8e6874
textures/flatlist/ovr_stm/_win/w01a0_box00c.bmp.ctxr,textures/flatlist/ovr_stm/_win,w01a0_box00c.bmp.ctxr,w01a0_box00c.bmp,ctxr,3040,e9502c8dd4a0a488db1e29222fd6c33b78a33e96
textures/flatlist/ovr_stm/_win/w01a0_box01.bmp.ctxr,textures/flatlist/ovr_stm/_win,w01a0_box01.bmp.ctxr,w01a0_box01.bmp,ctxr,15328,56d74cb5cdd732620c5954824c85f16854f4d725
textures/flatlist/ovr_stm/_win/w01a0_box01a.bmp.ctxr,textures/flatlist/ovr_stm/_win,w01a0_box01a.bmp.ctxr,w01a0_box01a.bmp,ctxr,5792,e074c880555d8508afcd3fb7682bbdbfc5ad63a3
textures/flatlist/ovr_stm/_win/w01a0_box02.bmp.ctxr,textures/flatlist/ovr_stm/_win,w01a0_box02.bmp.ctxr,w01a0_box02.bmp,ctxr,7104,9f621097c1f720c57917a81f3486a5b38bedb55a
textures/flatlist/ovr_stm/_win/w01a0_box03.bmp.ctxr,textures/flatlist/ovr_stm/_win,w01a0_box03.bmp.ctxr,w01a0_box03.bmp,ctxr,7104,8c3765199a31861edbd90fe23001540ae40b364a
textures/flatlist/ovr_stm/_win/w01a0_box06.bmp.ctxr,textures/flatlist/ovr_stm/_win,w01a0_box06.bmp.ctxr,w01a0_box06.bmp,ctxr,7104,3dcce4a822473f747ab18d774cefa0cc880a4a9a
textures/flatlist/ovr_stm/_win/w01a0_box07.bmp.ctxr,textures/flatlist/ovr_stm/_win,w01a0_box07.bmp.ctxr,w01a0_box07.bmp,ctxr,8480,d341c0fc3e1f3691078246921b82d192fdf4f57d
textures/flatlist/ovr_stm/_win/w01a0_box08.bmp.ctxr,textures/flatlist/ovr_stm/_win,w01a0_box08.bmp.ctxr,w01a0_box08.bmp,ctxr,9472,0c0b487031903b84ec7427120a35bd3467cecc69
textures/flatlist/ovr_stm/_win/w01a0_cfl06d.bmp.ctxr,textures/flatlist/ovr_stm/_win,w01a0_cfl06d.bmp.ctxr,w01a0_cfl06d.bmp,ctxr,18720,a585d751af0cc0007322222380d0ce284bc9c79d
textures/flatlist/ovr_stm/_win/w01a0_cfl06e.bmp.ctxr,textures/flatlist/ovr_stm/_win,w01a0_cfl06e.bmp.ctxr,w01a0_cfl06e.bmp,ctxr,18720,549c03018b1c3253e72659804128c9db68f96e6c
textures/flatlist/ovr_stm/_win/w01a0_dr00a.bmp.ctxr,textures/flatlist/ovr_stm/_win,w01a0_dr00a.bmp.ctxr,w01a0_dr00a.bmp,ctxr,24896,d7397d52201d19b5a567fa1e22b005691ad35abb
textures/flatlist/ovr_stm/_win/w01a0_ent01.bmp.ctxr,textures/flatlist/ovr_stm/_win,w01a0_ent01.bmp.ctxr,w01a0_ent01.bmp,ctxr,14016,cd115e75ee344011713a7da2642c4b025dc5784d
textures/flatlist/ovr_stm/_win/w01a0_ent01a.bmp.ctxr,textures/flatlist/ovr_stm/_win,w01a0_ent01a.bmp.ctxr,w01a0_ent01a.bmp,ctxr,14016,0482e156c628c22cf37f2d50863e8de5dc6b1e17
textures/flatlist/ovr_stm/_win/w01a0_ent04.bmp.ctxr,textures/flatlist/ovr_stm/_win,w01a0_ent04.bmp.ctxr,w01a0_ent04.bmp,ctxr,5792,f307428c15ad67273ba663ea059cdfae8025e182
textures/flatlist/ovr_stm/_win/w01a0_fl00_bld080_ovl.bmp.ctxr,textures/flatlist/ovr_stm/_win,w01a0_fl00_bld080_ovl.bmp.ctxr,w01a0_fl00_bld080_ovl.bmp,ctxr,92480,983bbc5bb9f59378ba5b526350c427d01fe03c54
textures/flatlist/ovr_stm/_win/w01a0_fl02a_alp_ovl.bmp.ctxr,textures/flatlist/ovr_stm/_win,w01a0_fl02a_alp_ovl.bmp.ctxr,w01a0_fl02a_alp_ovl.bmp,ctxr,123200,04cb69b9dd91d6eb5d408651adb2bf24abfafd8d
textures/flatlist/ovr_stm/_win/w01a0_fl02_bld080_ovl.bmp.ctxr,textures/flatlist/ovr_stm/_win,w01a0_fl02_bld080_ovl.bmp.ctxr,w01a0_fl02_bld080_ovl.bmp,ctxr,123200,0f89cfb7e50909cc1c1f4530a473f9b24bb15582
textures/flatlist/ovr_stm/_win/w01a0_fl03.bmp.ctxr,textures/flatlist/ovr_stm/_win,w01a0_fl03.bmp.ctxr,w01a0_fl03.bmp,ctxr,5152,8567fd587fe023efa7c2707055848e6eaeb6461f
textures/flatlist/ovr_stm/_win/w01a0_fl04.bmp.ctxr,textures/flatlist/ovr_stm/_win,w01a0_fl04.bmp.ctxr,w01a0_fl04.bmp,ctxr,49472,b4e3669b70dd6e3ab8555dc9cae4e6755f0c5966
textures/flatlist/ovr_stm/_win/w01a0_fl04a.bmp.ctxr,textures/flatlist/ovr_stm/_win,w01a0_fl04a.bmp.ctxr,w01a0_fl04a.bmp,ctxr,49472,e0a2467f1d668f45a9826bfd40a0c2eeea324a80
textures/flatlist/ovr_stm/_win/w01a0_fl05c.bmp.ctxr,textures/flatlist/ovr_stm/_win,w01a0_fl05c.bmp.ctxr,w01a0_fl05c.bmp,ctxr,24896,852e45630f24579c3466e7d2ea0a57ee97788f63
textures/flatlist/ovr_stm/_win/w01a0_fl05d.bmp.ctxr,textures/flatlist/ovr_stm/_win,w01a0_fl05d.bmp.ctxr,w01a0_fl05d.bmp,ctxr,39200,d22ae253c7669d31e1adbd5c470175627a68c233
textures/flatlist/ovr_stm/_win/w01a0_fl06.bmp.ctxr,textures/flatlist/ovr_stm/_win,w01a0_fl06.bmp.ctxr,w01a0_fl06.bmp,ctxr,39200,36a97c7017e401043aa851fac842bc0c73ec7daf
textures/flatlist/ovr_stm/_win/w01a0_fl06a.bmp.ctxr,textures/flatlist/ovr_stm/_win,w01a0_fl06a.bmp.ctxr,w01a0_fl06a.bmp,ctxr,24896,d97435d1581a6489be090c9e1e94a0cf22c5e987
textures/flatlist/ovr_stm/_win/w01a0_fl06b.bmp.ctxr,textures/flatlist/ovr_stm/_win,w01a0_fl06b.bmp.ctxr,w01a0_fl06b.bmp,ctxr,37152,679a96e790d247067251e3828858036197bb4a35
textures/flatlist/ovr_stm/_win/w01a0_fl06f.bmp.ctxr,textures/flatlist/ovr_stm/_win,w01a0_fl06f.bmp.ctxr,w01a0_fl06f.bmp,ctxr,39200,3ccf9cca743a59972d3807f29c2e8415842f27b4
textures/flatlist/ovr_stm/_win/w01a0_fl06h.bmp.ctxr,textures/flatlist/ovr_stm/_win,w01a0_fl06h.bmp.ctxr,w01a0_fl06h.bmp,ctxr,39200,5d00f8e09e8efacf2cf02cfdd48230ae233e1cbd
textures/flatlist/ovr_stm/_win/w01a0_pp00.bmp.ctxr,textures/flatlist/ovr_stm/_win,w01a0_pp00.bmp.ctxr,w01a0_pp00.bmp,ctxr,33120,e3ec322a56f8d4ea1b277217351d25b5693aa61b
textures/flatlist/ovr_stm/_win/w01a0_pp00a.bmp.ctxr,textures/flatlist/ovr_stm/_win,w01a0_pp00a.bmp.ctxr,w01a0_pp00a.bmp,ctxr,33120,a16b9d41e75fde8eb96e46994aef2542bb0f07a3
textures/flatlist/ovr_stm/_win/w01a0_pp01.bmp_c4f68f448cb866fd05ff299f47307e75.ctxr,textures/flatlist/ovr_stm/_win,w01a0_pp01.bmp_c4f68f448cb866fd05ff299f47307e75.ctxr,w01a0_pp01.bmp_c4f68f448cb866fd05ff299f47307e75,ctxr,33120,3d28f432d1450892aee6fbf1673cc8dd685810b3
textures/flatlist/ovr_stm/_win/w01a0_pp02a.bmp.ctxr,textures/flatlist/ovr_stm/_win,w01a0_pp02a.bmp.ctxr,w01a0_pp02a.bmp,ctxr,33120,ef53a3a4e8dc060691dd240da5b348372f500d76
textures/flatlist/ovr_stm/_win/w01a0_pp03.bmp.ctxr,textures/flatlist/ovr_stm/_win,w01a0_pp03.bmp.ctxr,w01a0_pp03.bmp,ctxr,65888,36cae577be4e473fcd7023ac3a2d43b275cfdaad
textures/flatlist/ovr_stm/_win/w01a0_ppb00.bmp.ctxr,textures/flatlist/ovr_stm/_win,w01a0_ppb00.bmp.ctxr,w01a0_ppb00.bmp,ctxr,5792,457befe6b84b60caea2cb72dd3d19bd1f84240ef
textures/flatlist/ovr_stm/_win/w01a0_rf00.bmp.ctxr,textures/flatlist/ovr_stm/_win,w01a0_rf00.bmp.ctxr,w01a0_rf00.bmp,ctxr,11264,badea1a47d98b9f8fd8e9ce73d0bd2a6b05c5949
textures/flatlist/ovr_stm/_win/w01a0_rf02.bmp.ctxr,textures/flatlist/ovr_stm/_win,w01a0_rf02.bmp.ctxr,w01a0_rf02.bmp,ctxr,18720,2cf7611a50420a5a24b69b0b5f42027b0bb854ca
textures/flatlist/ovr_stm/_win/w01a0_rf03.bmp.ctxr,textures/flatlist/ovr_stm/_win,w01a0_rf03.bmp.ctxr,w01a0_rf03.bmp,ctxr,16704,b913b19b597df7a0056ef2eb69f318b646da1121
textures/flatlist/ovr_stm/_win/w01a0_rf03a.bmp.ctxr,textures/flatlist/ovr_stm/_win,w01a0_rf03a.bmp.ctxr,w01a0_rf03a.bmp,ctxr,33088,f1d96b7a88c3fcf41d3eb70423245190db945165
textures/flatlist/ovr_stm/_win/w01a0_rf05.bmp.ctxr,textures/flatlist/ovr_stm/_win,w01a0_rf05.bmp.ctxr,w01a0_rf05.bmp,ctxr,31008,0357efaf32c4ccea8e5dcfeb280a35ab281aaa75
textures/flatlist/ovr_stm/_win/w01a0_w00.bmp.ctxr,textures/flatlist/ovr_stm/_win,w01a0_w00.bmp.ctxr,w01a0_w00.bmp,ctxr,262528,afb168f46f8423962825b9a5c5dbdd729b24387c
textures/flatlist/ovr_stm/_win/w01a0_w01.bmp.ctxr,textures/flatlist/ovr_stm/_win,w01a0_w01.bmp.ctxr,w01a0_w01.bmp,ctxr,188768,768d3001ef201319684715b9ea90972083ce55b7
textures/flatlist/ovr_stm/_win/w01a0_w01a.bmp.ctxr,textures/flatlist/ovr_stm/_win,w01a0_w01a.bmp.ctxr,w01a0_w01a.bmp,ctxr,65888,f9d012f0af0b3df1c17607a1ed079b0da6752d78
textures/flatlist/ovr_stm/_win/w01a0_w04.bmp.ctxr,textures/flatlist/ovr_stm/_win,w01a0_w04.bmp.ctxr,w01a0_w04.bmp,ctxr,106816,2ec5d9682e089de9beb41877e61285acf6d3be1b
textures/flatlist/ovr_stm/_win/w01a0_w04a.bmp.ctxr,textures/flatlist/ovr_stm/_win,w01a0_w04a.bmp.ctxr,w01a0_w04a.bmp,ctxr,106816,97a4bc5f1ce13e89840d4c5ccd25abd031bab596
textures/flatlist/ovr_stm/_win/w01a0_w05.bmp.ctxr,textures/flatlist/ovr_stm/_win,w01a0_w05.bmp.ctxr,w01a0_w05.bmp,ctxr,24928,453763b0e8069252ce4383fc93b25dfe21ac4ef9
textures/flatlist/ovr_stm/_win/w01a0_w06.bmp.ctxr,textures/flatlist/ovr_stm/_win,w01a0_w06.bmp.ctxr,w01a0_w06.bmp,ctxr,33120,289e4b3fe10a2b5e5e4e21b0067eb1493298cee7
textures/flatlist/ovr_stm/_win/w01a0_w07.bmp.ctxr,textures/flatlist/ovr_stm/_win,w01a0_w07.bmp.ctxr,w01a0_w07.bmp,ctxr,78144,24dd6730eb9634165b5d671edd9efe40b8b6125e
textures/flatlist/ovr_stm/_win/w01a0_w08.bmp.ctxr,textures/flatlist/ovr_stm/_win,w01a0_w08.bmp.ctxr,w01a0_w08.bmp,ctxr,94528,1d2ab80b6cab54ac7e2810bec905a60ff7f08770
textures/flatlist/ovr_stm/_win/w01a0_w09e.bmp.ctxr,textures/flatlist/ovr_stm/_win,w01a0_w09e.bmp.ctxr,w01a0_w09e.bmp,ctxr,53568,20c7e288f58896456e8a91f77abff34845f0d162
textures/flatlist/ovr_stm/_win/w01a0_w09f.bmp.ctxr,textures/flatlist/ovr_stm/_win,w01a0_w09f.bmp.ctxr,w01a0_w09f.bmp,ctxr,41280,17ea23c89d0cad8bb93b8bafe53ae38bd56bc55c
textures/flatlist/ovr_stm/_win/w01a0_w09g.bmp.ctxr,textures/flatlist/ovr_stm/_win,w01a0_w09g.bmp.ctxr,w01a0_w09g.bmp,ctxr,38688,144f634649f635fd1a32947c22ef5fbe6be73036
textures/flatlist/ovr_stm/_win/w01a0_w10ad.bmp.ctxr,textures/flatlist/ovr_stm/_win,w01a0_w10ad.bmp.ctxr,w01a0_w10ad.bmp,ctxr,45408,811dc3d582bd306a4dbc37f7bb25c9f0cfe1a1ec
textures/flatlist/ovr_stm/_win/w01a0_w10bd.bmp.ctxr,textures/flatlist/ovr_stm/_win,w01a0_w10bd.bmp.ctxr,w01a0_w10bd.bmp,ctxr,67904,58ea4c50c097f4d50f26f7f792782cc22e4cad4b
textures/flatlist/ovr_stm/_win/w01a0_w10bu.bmp.ctxr,textures/flatlist/ovr_stm/_win,w01a0_w10bu.bmp.ctxr,w01a0_w10bu.bmp,ctxr,22848,a2e3c50ea101afaacb2d0dfa522792a9ec5da113
textures/flatlist/ovr_stm/_win/w01a0_w10cd.bmp.ctxr,textures/flatlist/ovr_stm/_win,w01a0_w10cd.bmp.ctxr,w01a0_w10cd.bmp,ctxr,67904,388747ad90ed2e8d611a91702f795cd7fd9b3d9b
textures/flatlist/ovr_stm/_win/w01a0_w10cu.bmp.ctxr,textures/flatlist/ovr_stm/_win,w01a0_w10cu.bmp.ctxr,w01a0_w10cu.bmp,ctxr,22848,1cbfa3f7308982e66639f13efcca1a9cc50f1d68
textures/flatlist/ovr_stm/_win/w01a0_w10dd.bmp.ctxr,textures/flatlist/ovr_stm/_win,w01a0_w10dd.bmp.ctxr,w01a0_w10dd.bmp,ctxr,45408,f0bbd9259a8e22599b0fb714e5d7e417dd7564e1
textures/flatlist/ovr_stm/_win/w01a0_w10du.bmp.ctxr,textures/flatlist/ovr_stm/_win,w01a0_w10du.bmp.ctxr,w01a0_w10du.bmp,ctxr,15328,278228259e09ff762a43f29ef94d42fe2845d595
textures/flatlist/ovr_stm/_win/w01a0_w10e.bmp.ctxr,textures/flatlist/ovr_stm/_win,w01a0_w10e.bmp.ctxr,w01a0_w10e.bmp,ctxr,30368,ec480d1b6b30b330cd375c8bdabc7f515bf1e70b
textures/flatlist/ovr_stm/_win/w01a0_w10f.bmp.ctxr,textures/flatlist/ovr_stm/_win,w01a0_w10f.bmp.ctxr,w01a0_w10f.bmp,ctxr,16736,da34ba2f2bad92b60271cfa56483cea6725778f0
textures/flatlist/ovr_stm/_win/w01a0_w11.bmp.ctxr,textures/flatlist/ovr_stm/_win,w01a0_w11.bmp.ctxr,w01a0_w11.bmp,ctxr,22848,d09e8f0fd447063a91b5988d276cf36479dff233
textures/flatlist/ovr_stm/_win/w01a0_w14a.bmp.ctxr,textures/flatlist/ovr_stm/_win,w01a0_w14a.bmp.ctxr,w01a0_w14a.bmp,ctxr,102720,7106d988175cb95152438f18a28a098295ca6c2d
textures/flatlist/ovr_stm/_win/w01a0_w15.bmp.ctxr,textures/flatlist/ovr_stm/_win,w01a0_w15.bmp.ctxr,w01a0_w15.bmp,ctxr,33120,000ecb53831a2b446b97c1a3c637d8b925307129
textures/flatlist/ovr_stm/_win/w01a0_w15a.bmp.ctxr,textures/flatlist/ovr_stm/_win,w01a0_w15a.bmp.ctxr,w01a0_w15a.bmp,ctxr,20800,e75045ce7e58e0366afd453a0096c491277602ff
textures/flatlist/ovr_stm/_win/w01a0_w15b.bmp.ctxr,textures/flatlist/ovr_stm/_win,w01a0_w15b.bmp.ctxr,w01a0_w15b.bmp,ctxr,86336,512d23f3094996660dab93cde8ba4fae2df324a6
textures/flatlist/ovr_stm/_win/w01a0_w16.bmp.ctxr,textures/flatlist/ovr_stm/_win,w01a0_w16.bmp.ctxr,w01a0_w16.bmp,ctxr,98656,e7bd0f86e8d983b0bfdcf767b5f47286366baab6
textures/flatlist/ovr_stm/_win/w01a0_wh00b.bmp.ctxr,textures/flatlist/ovr_stm/_win,w01a0_wh00b.bmp.ctxr,w01a0_wh00b.bmp,ctxr,22880,7170c716279c3b9f102c870215f71241551bedc1
textures/flatlist/ovr_stm/_win/w01a0_wh01.bmp.ctxr,textures/flatlist/ovr_stm/_win,w01a0_wh01.bmp.ctxr,w01a0_wh01.bmp,ctxr,20800,b02628b841a2f737c93f2cfaa398458ec9a91e3f
textures/flatlist/ovr_stm/_win/w01a0_wh02.bmp.ctxr,textures/flatlist/ovr_stm/_win,w01a0_wh02.bmp.ctxr,w01a0_wh02.bmp,ctxr,20800,789dc4534e31e59e0f7332866e90bcc5e4468a99
textures/flatlist/ovr_stm/_win/w01a1_cfl00a.bmp.ctxr,textures/flatlist/ovr_stm/_win,w01a1_cfl00a.bmp.ctxr,w01a1_cfl00a.bmp,ctxr,96576,7834bd63728af778d951e064b9b5f3d02ee76f4c
textures/flatlist/ovr_stm/_win/w01a1_cfl01_bld095_ovl.bmp.ctxr,textures/flatlist/ovr_stm/_win,w01a1_cfl01_bld095_ovl.bmp.ctxr,w01a1_cfl01_bld095_ovl.bmp,ctxr,16000,2e25f9fbe9f88146442c8d3157259930af753ee3
textures/flatlist/ovr_stm/_win/w01a1_cw00.bmp.ctxr,textures/flatlist/ovr_stm/_win,w01a1_cw00.bmp.ctxr,w01a1_cw00.bmp,ctxr,131424,7910e3a90c929c3742f3240d70425adaef3fca16
textures/flatlist/ovr_stm/_win/w01a1_cw00a.bmp.ctxr,textures/flatlist/ovr_stm/_win,w01a1_cw00a.bmp.ctxr,w01a1_cw00a.bmp,ctxr,102720,15ad63a24bb4598b595f3c9a54fada61c22a6290
textures/flatlist/ovr_stm/_win/w01a1_cw00b.bmp.ctxr,textures/flatlist/ovr_stm/_win,w01a1_cw00b.bmp.ctxr,w01a1_cw00b.bmp,ctxr,65888,6f571f97dc2e7653b410efb129ce4bbf24bf47da
textures/flatlist/ovr_stm/_win/w01a1_cw01a.bmp.ctxr,textures/flatlist/ovr_stm/_win,w01a1_cw01a.bmp.ctxr,w01a1_cw01a.bmp,ctxr,192832,ea28114b81139fd76ce933fd6502d269aea6a447
textures/flatlist/ovr_stm/_win/w01a1_cw01b.bmp.ctxr,textures/flatlist/ovr_stm/_win,w01a1_cw01b.bmp.ctxr,w01a1_cw01b.bmp,ctxr,262528,e61a2cd8833cdd4271630a35471eb282ee1cf29d
textures/flatlist/ovr_stm/_win/w01a1_cw01c.bmp.ctxr,textures/flatlist/ovr_stm/_win,w01a1_cw01c.bmp.ctxr,w01a1_cw01c.bmp,ctxr,106816,4bdb58acd1bc1798d69bdb2e695ddaef255657cd
textures/flatlist/ovr_stm/_win/w01a1_cw02.bmp.ctxr,textures/flatlist/ovr_stm/_win,w01a1_cw02.bmp.ctxr,w01a1_cw02.bmp,ctxr,33120,7b881bfbb0bd37a6431f96f400657fdc3accdfde
textures/flatlist/ovr_stm/_win/w01a1_cw02a.bmp.ctxr,textures/flatlist/ovr_stm/_win,w01a1_cw02a.bmp.ctxr,w01a1_cw02a.bmp,ctxr,61760,c9348fb5f25009e42893da58588ccb7481a03980
textures/flatlist/ovr_stm/_win/w01a1_glswl00.bmp.ctxr,textures/flatlist/ovr_stm/_win,w01a1_glswl00.bmp.ctxr,w01a1_glswl00.bmp,ctxr,16704,cfefc3628e5b65af0d39effd7ddaa246b3cdcc36
textures/flatlist/ovr_stm/_win/w01a1_glswl01.bmp.ctxr,textures/flatlist/ovr_stm/_win,w01a1_glswl01.bmp.ctxr,w01a1_glswl01.bmp,ctxr,22208,09689a1ea5005d4d95497ebdf17472e60c9c1582
textures/flatlist/ovr_stm/_win/w01a1_glswl02.bmp.ctxr,textures/flatlist/ovr_stm/_win,w01a1_glswl02.bmp.ctxr,w01a1_glswl02.bmp,ctxr,33120,ddab002578ca223f022987a88b4dcba264db87de
textures/flatlist/ovr_stm/_win/w01a1_rfc00.bmp.ctxr,textures/flatlist/ovr_stm/_win,w01a1_rfc00.bmp.ctxr,w01a1_rfc00.bmp,ctxr,33088,17d03e633e061d68e6d8c3a98d263b686f2044d9
textures/flatlist/ovr_stm/_win/w01a1_tb00.bmp.ctxr,textures/flatlist/ovr_stm/_win,w01a1_tb00.bmp.ctxr,w01a1_tb00.bmp,ctxr,3040,722527125f2376e5cdba7a37ddb5730200f39b79
textures/flatlist/ovr_stm/_win/w01a1_tb01.bmp.ctxr,textures/flatlist/ovr_stm/_win,w01a1_tb01.bmp.ctxr,w01a1_tb01.bmp,ctxr,22176,cda0d2c677103eb5b51b742a864036cde9004f82
textures/flatlist/ovr_stm/_win/w01a1_wb00_bld090_ovl.bmp.ctxr,textures/flatlist/ovr_stm/_win,w01a1_wb00_bld090_ovl.bmp.ctxr,w01a1_wb00_bld090_ovl.bmp,ctxr,16704,a721dd71bbfd84a67514fb49c8b1013a54e2a056
textures/flatlist/ovr_stm/_win/w01a1_wb02_bld090_ovl.bmp.ctxr,textures/flatlist/ovr_stm/_win,w01a1_wb02_bld090_ovl.bmp.ctxr,w01a1_wb02_bld090_ovl.bmp,ctxr,24896,ac89280ccab2658231de1de1726cd260709c3b81
textures/flatlist/ovr_stm/_win/w01a1_wb03.bmp.ctxr,textures/flatlist/ovr_stm/_win,w01a1_wb03.bmp.ctxr,w01a1_wb03.bmp,ctxr,12608,a077af1ec57470dddad8e02c63fd0d272415e451
textures/flatlist/ovr_stm/_win/w01a1_wb03b.bmp.ctxr,textures/flatlist/ovr_stm/_win,w01a1_wb03b.bmp.ctxr,w01a1_wb03b.bmp,ctxr,12608,d6ade59708d8da2c8db6a0707406b5b9785848c7
textures/flatlist/ovr_stm/_win/w01a1_wlp00.bmp.ctxr,textures/flatlist/ovr_stm/_win,w01a1_wlp00.bmp.ctxr,w01a1_wlp00.bmp,ctxr,16704,b7e703e956c6b887c293cdc04467ec5a9d98b5e9
textures/flatlist/ovr_stm/_win/w01a1_wlp01.bmp.ctxr,textures/flatlist/ovr_stm/_win,w01a1_wlp01.bmp.ctxr,w01a1_wlp01.bmp,ctxr,18720,d54588b3944bf1e9342c47efa987a04767eed03c
textures/flatlist/ovr_stm/_win/w01a1_wlu00.bmp.ctxr,textures/flatlist/ovr_stm/_win,w01a1_wlu00.bmp.ctxr,w01a1_wlu00.bmp,ctxr,22240,6263ec7164d6a707606934c41bcdf74b52ee2b51
textures/flatlist/ovr_stm/_win/w01alc_gmen3.bmp.ctxr,textures/flatlist/ovr_stm/_win,w01alc_gmen3.bmp.ctxr,w01alc_gmen3.bmp,ctxr,165184,89c4f7bdad4bc094f72e1b6aa96a609f59cac109
textures/flatlist/ovr_stm/_win/w01alc_tes1.bmp.ctxr,textures/flatlist/ovr_stm/_win,w01alc_tes1.bmp.ctxr,w01alc_tes1.bmp,ctxr,251584,86582e33a0fc8a2909a1b8ca0db7e79666753f1a
textures/flatlist/ovr_stm/_win/w01alc_tes2.bmp.ctxr,textures/flatlist/ovr_stm/_win,w01alc_tes2.bmp.ctxr,w01alc_tes2.bmp,ctxr,251584,86ec92bd27f59ccfc070527a053d0e2e20b76c9d
textures/flatlist/ovr_stm/_win/w01alc_tes3.bmp.ctxr,textures/flatlist/ovr_stm/_win,w01alc_tes3.bmp.ctxr,w01alc_tes3.bmp,ctxr,251584,a459e0a2804686e19ec21cb61e58031da39d638a
textures/flatlist/ovr_stm/_win/w01a_barc_02.bmp.ctxr,textures/flatlist/ovr_stm/_win,w01a_barc_02.bmp.ctxr,w01a_barc_02.bmp,ctxr,33120,25089503d7669dde90b1e5d5d035b38ad2d00e88
textures/flatlist/ovr_stm/_win/w01a_bardr00.bmp.ctxr,textures/flatlist/ovr_stm/_win,w01a_bardr00.bmp.ctxr,w01a_bardr00.bmp,ctxr,12576,5b124e42d118c90650b793445f6b2f36acdca647
textures/flatlist/ovr_stm/_win/w01a_barwl02.bmp.ctxr,textures/flatlist/ovr_stm/_win,w01a_barwl02.bmp.ctxr,w01a_barwl02.bmp,ctxr,16704,222ee05be7f028875eda3cc558fb16aeda87b235
textures/flatlist/ovr_stm/_win/w01a_chrb00.bmp.ctxr,textures/flatlist/ovr_stm/_win,w01a_chrb00.bmp.ctxr,w01a_chrb00.bmp,ctxr,22176,94d52796b66c00a76f58c463864f0649a9b37f8a
textures/flatlist/ovr_stm/_win/w01a_chrb01.bmp.ctxr,textures/flatlist/ovr_stm/_win,w01a_chrb01.bmp.ctxr,w01a_chrb01.bmp,ctxr,8512,795a1d09ea9e732d0e9a10b2d66ef1d2316dd70d
textures/flatlist/ovr_stm/_win/w01a_dr04a.bmp.ctxr,textures/flatlist/ovr_stm/_win,w01a_dr04a.bmp.ctxr,w01a_dr04a.bmp,ctxr,44064,a46ae7b8e4bbd1eb0b3f6b9b6458d01582d5c66b
textures/flatlist/ovr_stm/_win/w01a_fl00a_bld090_ovl.bmp.ctxr,textures/flatlist/ovr_stm/_win,w01a_fl00a_bld090_ovl.bmp.ctxr,w01a_fl00a_bld090_ovl.bmp,ctxr,271648,5be80f4fb964ad1726758ce96dcf0f70370b8222
textures/flatlist/ovr_stm/_win/w01a_fl00b_bld090_ovl.bmp.ctxr,textures/flatlist/ovr_stm/_win,w01a_fl00b_bld090_ovl.bmp.ctxr,w01a_fl00b_bld090_ovl.bmp,ctxr,123200,fa38f54ea20a07b9f87a9576432a1825949f6f44
textures/flatlist/ovr_stm/_win/w01a_fl00c_bld090_ovl.bmp.ctxr,textures/flatlist/ovr_stm/_win,w01a_fl00c_bld090_ovl.bmp.ctxr,w01a_fl00c_bld090_ovl.bmp,ctxr,203808,b08af15107cd07f165ab0d3dd9e9af76daec4e18
textures/flatlist/ovr_stm/_win/w01a_fl00d_bld090_ovl.bmp.ctxr,textures/flatlist/ovr_stm/_win,w01a_fl00d_bld090_ovl.bmp.ctxr,w01a_fl00d_bld090_ovl.bmp,ctxr,190272,3aeff568bb3f3c3af8f9f3cfc94be625468f8386
textures/flatlist/ovr_stm/_win/w01a_fl00e_bld090_ovl.bmp.ctxr,textures/flatlist/ovr_stm/_win,w01a_fl00e_bld090_ovl.bmp.ctxr,w01a_fl00e_bld090_ovl.bmp,ctxr,92480,29e65b0a14c008496f2673e686e0edd782e52c9c
textures/flatlist/ovr_stm/_win/w01a_fl00f_bld090_ovl.bmp.ctxr,textures/flatlist/ovr_stm/_win,w01a_fl00f_bld090_ovl.bmp.ctxr,w01a_fl00f_bld090_ovl.bmp,ctxr,86336,9bbb25c4915e7744b084aa7f4248d8202a98b21c
textures/flatlist/ovr_stm/_win/w01a_fl00g_bld090_ovl.bmp.ctxr,textures/flatlist/ovr_stm/_win,w01a_fl00g_bld090_ovl.bmp.ctxr,w01a_fl00g_bld090_ovl.bmp,ctxr,172192,3fa4be9052f64dccd43c0e4c5d60ea9be85b6925
textures/flatlist/ovr_stm/_win/w01a_fl00h_bld090_ovl.bmp.ctxr,textures/flatlist/ovr_stm/_win,w01a_fl00h_bld090_ovl.bmp.ctxr,w01a_fl00h_bld090_ovl.bmp,ctxr,78144,d935994fc5e76fdb12fa5e6eed1630de91b3b429
textures/flatlist/ovr_stm/_win/w01a_fl00i_bld090_ovl.bmp.ctxr,textures/flatlist/ovr_stm/_win,w01a_fl00i_bld090_ovl.bmp.ctxr,w01a_fl00i_bld090_ovl.bmp,ctxr,175456,d2a5fcaf17fe33f49a738f723496103d7ed5fc86
textures/flatlist/ovr_stm/_win/w01a_fl02a_bld090_ovl.bmp.ctxr,textures/flatlist/ovr_stm/_win,w01a_fl02a_bld090_ovl.bmp.ctxr,w01a_fl02a_bld090_ovl.bmp,ctxr,230720,bee4ac28325630694ff8d2a2374daf7beb74181b
textures/flatlist/ovr_stm/_win/w01a_fl02b_bld090_ovl.bmp.ctxr,textures/flatlist/ovr_stm/_win,w01a_fl02b_bld090_ovl.bmp.ctxr,w01a_fl02b_bld090_ovl.bmp,ctxr,118048,05f85f98bd5cad829bb8ea0152a0c9db78333883
textures/flatlist/ovr_stm/_win/w01a_fl02c_bld090_ovl.bmp.ctxr,textures/flatlist/ovr_stm/_win,w01a_fl02c_bld090_ovl.bmp.ctxr,w01a_fl02c_bld090_ovl.bmp,ctxr,115488,92c5a05ab61441520191d959a871193b8ca2690f
textures/flatlist/ovr_stm/_win/w01a_fl02d_bld090_ovl.bmp.ctxr,textures/flatlist/ovr_stm/_win,w01a_fl02d_bld090_ovl.bmp.ctxr,w01a_fl02d_bld090_ovl.bmp,ctxr,61728,7a9e59d9595349b76cb0504f2578d7c1932aa368
textures/flatlist/ovr_stm/_win/w01a_fl02e_bld090_ovl.bmp.ctxr,textures/flatlist/ovr_stm/_win,w01a_fl02e_bld090_ovl.bmp.ctxr,w01a_fl02e_bld090_ovl.bmp,ctxr,77120,b3d9176646d8fc610ddeaf6e462c45420f99dd28
textures/flatlist/ovr_stm/_win/w01a_stp00b.bmp.ctxr,textures/flatlist/ovr_stm/_win,w01a_stp00b.bmp.ctxr,w01a_stp00b.bmp,ctxr,5760,8e4ba7cfe001b6401c92c19c13bf69f910b1fddc
textures/flatlist/ovr_stm/_win/w01a_w16b.bmp.ctxr,textures/flatlist/ovr_stm/_win,w01a_w16b.bmp.ctxr,w01a_w16b.bmp,ctxr,123200,382fcff688b4828bf14854adb5a4a4eb5d23dadc
textures/flatlist/ovr_stm/_win/w01b0_wa05d.bmp.ctxr,textures/flatlist/ovr_stm/_win,w01b0_wa05d.bmp.ctxr,w01b0_wa05d.bmp,ctxr,43360,f0e9048e6071a5eddaa97beeb584f57265843dbb
textures/flatlist/ovr_stm/_win/w01b_flb00_bld080_ovl.bmp.ctxr,textures/flatlist/ovr_stm/_win,w01b_flb00_bld080_ovl.bmp.ctxr,w01b_flb00_bld080_ovl.bmp,ctxr,244064,bd3fa3085c5061154d96708b29aed11532a8a958
textures/flatlist/ovr_stm/_win/w01b_flc00.bmp.ctxr,textures/flatlist/ovr_stm/_win,w01b_flc00.bmp.ctxr,w01b_flc00.bmp,ctxr,98656,47966495a889e9bf70c2efa069be60b49bed9d62
textures/flatlist/ovr_stm/_win/w01b_flc00b.bmp.ctxr,textures/flatlist/ovr_stm/_win,w01b_flc00b.bmp.ctxr,w01b_flc00b.bmp,ctxr,8512,aa10493e4a62eb740f388ef89cc7ce53c2952f0c
textures/flatlist/ovr_stm/_win/w01b_flc00c.bmp.ctxr,textures/flatlist/ovr_stm/_win,w01b_flc00c.bmp.ctxr,w01b_flc00c.bmp,ctxr,28960,ff59865ea4665d9d2919e6e0b0b3e830be3e21d4
textures/flatlist/ovr_stm/_win/w01b_flc00d.bmp.ctxr,textures/flatlist/ovr_stm/_win,w01b_flc00d.bmp.ctxr,w01b_flc00d.bmp,ctxr,28960,a164599f97a7dc5af574b6a39020705381d78db6
textures/flatlist/ovr_stm/_win/w01b_rfa00.bmp.ctxr,textures/flatlist/ovr_stm/_win,w01b_rfa00.bmp.ctxr,w01b_rfa00.bmp,ctxr,31008,deb51a10c6ab4a772236a9dfcf29fe7985dd3cb9
textures/flatlist/ovr_stm/_win/w01b_rfa00a.bmp.ctxr,textures/flatlist/ovr_stm/_win,w01b_rfa00a.bmp.ctxr,w01b_rfa00a.bmp,ctxr,31008,df8ef0a5cbc5c8acb49d3407a0087db7a4e62b61
textures/flatlist/ovr_stm/_win/w01b_rfa02a.bmp.ctxr,textures/flatlist/ovr_stm/_win,w01b_rfa02a.bmp.ctxr,w01b_rfa02a.bmp,ctxr,43328,88c22a8faf232f6f2e9c40f2d2c1e53d9922a139
textures/flatlist/ovr_stm/_win/w01b_rfa04a.bmp.ctxr,textures/flatlist/ovr_stm/_win,w01b_rfa04a.bmp.ctxr,w01b_rfa04a.bmp,ctxr,16736,b70f616ff3eb03075d367ae299abed25e4ce82d1
textures/flatlist/ovr_stm/_win/w01b_wa05e.bmp.ctxr,textures/flatlist/ovr_stm/_win,w01b_wa05e.bmp.ctxr,w01b_wa05e.bmp,ctxr,22208,52834d6b32f815f904d1358eac53112757e87a9b
textures/flatlist/ovr_stm/_win/w01b_wa06a_bld080_ovl.bmp.ctxr,textures/flatlist/ovr_stm/_win,w01b_wa06a_bld080_ovl.bmp.ctxr,w01b_wa06a_bld080_ovl.bmp,ctxr,37184,2bbf35bb246d3ce56e0a90d688383c6fd71836bc
textures/flatlist/ovr_stm/_win/w01b_wa06b_bld080_ovl.bmp.ctxr,textures/flatlist/ovr_stm/_win,w01b_wa06b_bld080_ovl.bmp.ctxr,w01b_wa06b_bld080_ovl.bmp,ctxr,31040,4ec34838719bd3b00c998593a6431008de4d49ac
textures/flatlist/ovr_stm/_win/w01b_wa06_bld080_ovl.bmp.ctxr,textures/flatlist/ovr_stm/_win,w01b_wa06_bld080_ovl.bmp.ctxr,w01b_wa06_bld080_ovl.bmp,ctxr,31040,6514dcb9bd9a712c12354fb1a2205c87f8f83b89
textures/flatlist/ovr_stm/_win/w01b_wb00a.bmp.ctxr,textures/flatlist/ovr_stm/_win,w01b_wb00a.bmp.ctxr,w01b_wb00a.bmp,ctxr,61760,1aa2786589bde0796e462e28594365f5d7968dcb
textures/flatlist/ovr_stm/_win/w01b_wb00b.bmp.ctxr,textures/flatlist/ovr_stm/_win,w01b_wb00b.bmp.ctxr,w01b_wb00b.bmp,ctxr,61760,56eef6f580166fbaa7396ba9bc97a6f4688e1dbe
textures/flatlist/ovr_stm/_win/w01b_wb03.bmp_6ef77a2ce547246938dd483099ada51f.ctxr,textures/flatlist/ovr_stm/_win,w01b_wb03.bmp_6ef77a2ce547246938dd483099ada51f.ctxr,w01b_wb03.bmp_6ef77a2ce547246938dd483099ada51f,ctxr,19424,36e278b63a0c6acaf043fdc22a9b23b186790ffe
textures/flatlist/ovr_stm/_win/w01b_wc00j.bmp.ctxr,textures/flatlist/ovr_stm/_win,w01b_wc00j.bmp.ctxr,w01b_wc00j.bmp,ctxr,19424,db330c6558d317604a6ca690e76e65862eaca6bd
textures/flatlist/ovr_stm/_win/w01b_wc00k.bmp.ctxr,textures/flatlist/ovr_stm/_win,w01b_wc00k.bmp.ctxr,w01b_wc00k.bmp,ctxr,19424,dcdd13cd98e5b6ce04cc29fa2c4677f91bc0f79f
textures/flatlist/ovr_stm/_win/w01b_wc01a.bmp.ctxr,textures/flatlist/ovr_stm/_win,w01b_wc01a.bmp.ctxr,w01b_wc01a.bmp,ctxr,42624,624fcc906d527d623f3633984de37f1e8145ef11
textures/flatlist/ovr_stm/_win/w01b_wc01b.bmp.ctxr,textures/flatlist/ovr_stm/_win,w01b_wc01b.bmp.ctxr,w01b_wc01b.bmp,ctxr,19424,2a41584a1919e849229c37035ff0d2bef4386884
textures/flatlist/ovr_stm/_win/w01b_wc05a.bmp.ctxr,textures/flatlist/ovr_stm/_win,w01b_wc05a.bmp.ctxr,w01b_wc05a.bmp,ctxr,42624,0ccc37ef9fe83097f3f54a4f701192cf65165d3a
textures/flatlist/ovr_stm/_win/w01b_wc05b.bmp.ctxr,textures/flatlist/ovr_stm/_win,w01b_wc05b.bmp.ctxr,w01b_wc05b.bmp,ctxr,19424,d03f64f15ff2832f16e433dc6637e6ed87632caf
textures/flatlist/ovr_stm/_win/w01b_wc07.bmp.ctxr,textures/flatlist/ovr_stm/_win,w01b_wc07.bmp.ctxr,w01b_wc07.bmp,ctxr,123200,7fe7991c02145240f3d3fe73e383ea5e5c0149ab
textures/flatlist/ovr_stm/_win/w01b_wc11a.bmp.ctxr,textures/flatlist/ovr_stm/_win,w01b_wc11a.bmp.ctxr,w01b_wc11a.bmp,ctxr,42624,6f4843fc8188d1291318485517d5ea90b4bb03bb
textures/flatlist/ovr_stm/_win/w01b_wc11b.bmp.ctxr,textures/flatlist/ovr_stm/_win,w01b_wc11b.bmp.ctxr,w01b_wc11b.bmp,ctxr,19424,59fc1953257b9908ae04f07172f66ccaec765a61
textures/flatlist/ovr_stm/_win/w01b_wc12a.bmp.ctxr,textures/flatlist/ovr_stm/_win,w01b_wc12a.bmp.ctxr,w01b_wc12a.bmp,ctxr,42624,5969fd0eae6f018e0241d637ccec08d54f4b126e
textures/flatlist/ovr_stm/_win/w01b_wc12b.bmp.ctxr,textures/flatlist/ovr_stm/_win,w01b_wc12b.bmp.ctxr,w01b_wc12b.bmp,ctxr,19424,cf9a25a94655bd063ad9839fed0c5df8c30583fa
textures/flatlist/ovr_stm/_win/w01b_wc13a.bmp.ctxr,textures/flatlist/ovr_stm/_win,w01b_wc13a.bmp.ctxr,w01b_wc13a.bmp,ctxr,44064,4d6f97584f94b7de7719f7787d3b7602a49cce91
textures/flatlist/ovr_stm/_win/w01b_wlp03_bld075_ovl.bmp.ctxr,textures/flatlist/ovr_stm/_win,w01b_wlp03_bld075_ovl.bmp.ctxr,w01b_wlp03_bld075_ovl.bmp,ctxr,18176,3efc0d1e2172931bb33583d8832adb9276511463
textures/flatlist/ovr_stm/_win/w01c_ami_alp_ovl.bmp.ctxr,textures/flatlist/ovr_stm/_win,w01c_ami_alp_ovl.bmp.ctxr,w01c_ami_alp_ovl.bmp,ctxr,11264,57c533872e941a3fca4610bc5a91ab512beafeae
textures/flatlist/ovr_stm/_win/w01c_ana00.bmp.ctxr,textures/flatlist/ovr_stm/_win,w01c_ana00.bmp.ctxr,w01c_ana00.bmp,ctxr,55648,7287de11a5804236c4f7c729cd5b15f187485a80
textures/flatlist/ovr_stm/_win/w01c_box00.bmp.ctxr,textures/flatlist/ovr_stm/_win,w01c_box00.bmp.ctxr,w01c_box00.bmp,ctxr,27616,c1e1caaffbc627d50c8a121952561aba126464f7
textures/flatlist/ovr_stm/_win/w01c_box00a.bmp.ctxr,textures/flatlist/ovr_stm/_win,w01c_box00a.bmp.ctxr,w01c_box00a.bmp,ctxr,5792,2f5184b3d603904b9ab0d4dd1a93104e30cafcea
textures/flatlist/ovr_stm/_win/w01c_box00b.bmp.ctxr,textures/flatlist/ovr_stm/_win,w01c_box00b.bmp.ctxr,w01c_box00b.bmp,ctxr,7136,15c435e9ad576b8614d7a7eb36a6ec8c904cfc70
textures/flatlist/ovr_stm/_win/w01c_ent01d.bmp.ctxr,textures/flatlist/ovr_stm/_win,w01c_ent01d.bmp.ctxr,w01c_ent01d.bmp,ctxr,14016,fb0d7ee2112e6182586fdc0b93dae76f83cd88c3
textures/flatlist/ovr_stm/_win/w01c_flp00_bld095_ovl.bmp.ctxr,textures/flatlist/ovr_stm/_win,w01c_flp00_bld095_ovl.bmp.ctxr,w01c_flp00_bld095_ovl.bmp,ctxr,16000,b7938e5f5a016a72abf4a71489fb9d9e6b2e0757
textures/flatlist/ovr_stm/_win/w01c_pnl00.bmp.ctxr,textures/flatlist/ovr_stm/_win,w01c_pnl00.bmp.ctxr,w01c_pnl00.bmp,ctxr,24192,28c8ce9a477c3df6a73b38117200c504e4267517
textures/flatlist/ovr_stm/_win/w01c_pp01.bmp.ctxr,textures/flatlist/ovr_stm/_win,w01c_pp01.bmp.ctxr,w01c_pp01.bmp,ctxr,33120,c64bb5475ae7b20babc043e0681fc2bed47e95a5
textures/flatlist/ovr_stm/_win/w01c_pp01a.bmp.ctxr,textures/flatlist/ovr_stm/_win,w01c_pp01a.bmp.ctxr,w01c_pp01a.bmp,ctxr,24896,11ae1eb149e0a25dfad23e1540d5822bb9d180c6
textures/flatlist/ovr_stm/_win/w01c_pp02.bmp.ctxr,textures/flatlist/ovr_stm/_win,w01c_pp02.bmp.ctxr,w01c_pp02.bmp,ctxr,24896,414112fd87bf4fed8c7507394ff7587a954acef4
textures/flatlist/ovr_stm/_win/w01c_rf01.bmp.ctxr,textures/flatlist/ovr_stm/_win,w01c_rf01.bmp.ctxr,w01c_rf01.bmp,ctxr,33088,d49712061cf4789ce03d6cbc974e7d5e04e512ba
textures/flatlist/ovr_stm/_win/w01c_rf01a.bmp.ctxr,textures/flatlist/ovr_stm/_win,w01c_rf01a.bmp.ctxr,w01c_rf01a.bmp,ctxr,24896,a9591638f669128e72632c34d863123050012279
textures/flatlist/ovr_stm/_win/w01c_rfb00.bmp.ctxr,textures/flatlist/ovr_stm/_win,w01c_rfb00.bmp.ctxr,w01c_rfb00.bmp,ctxr,22176,70ef5124443e6abe3fd610a2a61e69299d9a9863
textures/flatlist/ovr_stm/_win/w01c_rfb04.bmp.ctxr,textures/flatlist/ovr_stm/_win,w01c_rfb04.bmp.ctxr,w01c_rfb04.bmp,ctxr,129344,0a066cee119ce2848d1604583e9a2943e1be9d90
textures/flatlist/ovr_stm/_win/w01c_rfc00.bmp.ctxr,textures/flatlist/ovr_stm/_win,w01c_rfc00.bmp.ctxr,w01c_rfc00.bmp,ctxr,175168,8283dfe46840ce14dca6648d5efb67f07cab39a1
textures/flatlist/ovr_stm/_win/w01c_wa04.bmp.ctxr,textures/flatlist/ovr_stm/_win,w01c_wa04.bmp.ctxr,w01c_wa04.bmp,ctxr,33088,74239ede0200f3363ca2a0158c90e20a50319c01
textures/flatlist/ovr_stm/_win/w01c_wb02.bmp.ctxr,textures/flatlist/ovr_stm/_win,w01c_wb02.bmp.ctxr,w01c_wb02.bmp,ctxr,44064,8dfd9615d46504651a1983a59f6f9ef513e5787e
textures/flatlist/ovr_stm/_win/w01c_wb02a.bmp.ctxr,textures/flatlist/ovr_stm/_win,w01c_wb02a.bmp.ctxr,w01c_wb02a.bmp,ctxr,44064,aa9e6b51c20c6db2e641d9357f5eb5f7174a65ab
textures/flatlist/ovr_stm/_win/w01c_wb03a.bmp.ctxr,textures/flatlist/ovr_stm/_win,w01c_wb03a.bmp.ctxr,w01c_wb03a.bmp,ctxr,73216,3228cd2df50823c75a09b246c748abb8467be2cd
textures/flatlist/ovr_stm/_win/w01c_wb03e.bmp.ctxr,textures/flatlist/ovr_stm/_win,w01c_wb03e.bmp.ctxr,w01c_wb03e.bmp,ctxr,103968,d43f2e40976e1137354f133fdbb62195e2f419d0
textures/flatlist/ovr_stm/_win/w01c_wb03e2.bmp.ctxr,textures/flatlist/ovr_stm/_win,w01c_wb03e2.bmp.ctxr,w01c_wb03e2.bmp,ctxr,74048,df271e635cd37b7fe224ef6ed45a6150c2ba9ac3
textures/flatlist/ovr_stm/_win/w01c_wlp01a.bmp.ctxr,textures/flatlist/ovr_stm/_win,w01c_wlp01a.bmp.ctxr,w01c_wlp01a.bmp,ctxr,11296,95d7d8cc5e0607dac2ee3b13a87bbf1014bfdf9d
textures/flatlist/ovr_stm/_win/w01d1_dr00.bmp.ctxr,textures/flatlist/ovr_stm/_win,w01d1_dr00.bmp.ctxr,w01d1_dr00.bmp,ctxr,46368,fb3fe61b831a8006b38d050abd3b657e1b224329
textures/flatlist/ovr_stm/_win/w01d1_flc00a.bmp.ctxr,textures/flatlist/ovr_stm/_win,w01d1_flc00a.bmp.ctxr,w01d1_flc00a.bmp,ctxr,39200,13c8b758d9e933cacc6bfcdec3c914d5e2ff16b2
textures/flatlist/ovr_stm/_win/w01d1_flc00b.bmp.ctxr,textures/flatlist/ovr_stm/_win,w01d1_flc00b.bmp.ctxr,w01d1_flc00b.bmp,ctxr,37184,a22eaaf686c8d495a03fc6bf1a9b3db9f0e8f718
textures/flatlist/ovr_stm/_win/w01d1_rfb00.bmp.ctxr,textures/flatlist/ovr_stm/_win,w01d1_rfb00.bmp.ctxr,w01d1_rfb00.bmp,ctxr,39200,7d7540b8c36b33824745c4e5cdc78da2c452a810
textures/flatlist/ovr_stm/_win/w01d1_rfb01.bmp.ctxr,textures/flatlist/ovr_stm/_win,w01d1_rfb01.bmp.ctxr,w01d1_rfb01.bmp,ctxr,33088,a4376a53fd402ce54164c59f5a59ff82c4286b6f
textures/flatlist/ovr_stm/_win/w01d1_wb00.bmp.ctxr,textures/flatlist/ovr_stm/_win,w01d1_wb00.bmp.ctxr,w01d1_wb00.bmp,ctxr,92480,52c247324d7d8ae66e78eaa0523946e13c8b1cf7
textures/flatlist/ovr_stm/_win/w01d1_wb00b.bmp.ctxr,textures/flatlist/ovr_stm/_win,w01d1_wb00b.bmp.ctxr,w01d1_wb00b.bmp,ctxr,46400,ab2cb430199ebdfb564b0e3f56354521da3ac7a7
textures/flatlist/ovr_stm/_win/w01d_soko_flour_new.bmp.ctxr,textures/flatlist/ovr_stm/_win,w01d_soko_flour_new.bmp.ctxr,w01d_soko_flour_new.bmp,ctxr,282944,5ead2f98b115b3f707bc1a69a92a2815bafc398c
textures/flatlist/ovr_stm/_win/w01e_com01_b.bmp.ctxr,textures/flatlist/ovr_stm/_win,w01e_com01_b.bmp.ctxr,w01e_com01_b.bmp,ctxr,28960,5cbc412c19f9b9fffe0bb2037a325043cd63c081
textures/flatlist/ovr_stm/_win/w01e_com01_s.bmp.ctxr,textures/flatlist/ovr_stm/_win,w01e_com01_s.bmp.ctxr,w01e_com01_s.bmp,ctxr,14656,a6b0312ed1a8f6fb63ce3693e902b27d2deba093
textures/flatlist/ovr_stm/_win/w01e_com02_f.bmp.ctxr,textures/flatlist/ovr_stm/_win,w01e_com02_f.bmp.ctxr,w01e_com02_f.bmp,ctxr,44064,4bf802fb1277ff102ec3df4b084641bc0a610307
textures/flatlist/ovr_stm/_win/w01e_com02_t.bmp_8ba0dcecf451a0857ea0e90f903b3946.ctxr,textures/flatlist/ovr_stm/_win,w01e_com02_t.bmp_8ba0dcecf451a0857ea0e90f903b3946.ctxr,w01e_com02_t.bmp_8ba0dcecf451a0857ea0e90f903b3946,ctxr,34464,bb270827cc64be2df707913ba32a0c0a63e6f844
textures/flatlist/ovr_stm/_win/w01e_com03_s.bmp.ctxr,textures/flatlist/ovr_stm/_win,w01e_com03_s.bmp.ctxr,w01e_com03_s.bmp,ctxr,14656,9ba1c96ecdf7942669924911b2a84f984c65a160
textures/flatlist/ovr_stm/_win/w01e_com04_f.bmp.ctxr,textures/flatlist/ovr_stm/_win,w01e_com04_f.bmp.ctxr,w01e_com04_f.bmp,ctxr,51520,77be813338d79d806830f111b08fa6852823e272
textures/flatlist/ovr_stm/_win/w01e_comp3_blkplate.bmp.ctxr,textures/flatlist/ovr_stm/_win,w01e_comp3_blkplate.bmp.ctxr,w01e_comp3_blkplate.bmp,ctxr,22208,935209dfe3f67e21f4dbb53b0eb53ce78fd0b583
textures/flatlist/ovr_stm/_win/w01e_comp3_f.bmp.ctxr,textures/flatlist/ovr_stm/_win,w01e_comp3_f.bmp.ctxr,w01e_comp3_f.bmp,ctxr,44064,cd21963649f3527173d0370caf598038753fa009
textures/flatlist/ovr_stm/_win/w01e_comp3_s.bmp.ctxr,textures/flatlist/ovr_stm/_win,w01e_comp3_s.bmp.ctxr,w01e_comp3_s.bmp,ctxr,14656,852383fdd88d8085efe4eadc5c0193dd22479ccc
textures/flatlist/ovr_stm/_win/w01e_deck_t2_alp_ovl.bmp.ctxr,textures/flatlist/ovr_stm/_win,w01e_deck_t2_alp_ovl.bmp.ctxr,w01e_deck_t2_alp_ovl.bmp,ctxr,44064,3951bab9a9e7b336472a95e3e434efa1fd84d6f7
textures/flatlist/ovr_stm/_win/w01e_drwl_b.bmp.ctxr,textures/flatlist/ovr_stm/_win,w01e_drwl_b.bmp.ctxr,w01e_drwl_b.bmp,ctxr,46368,0eb29d78ab3f8135814ec36788f81f5a9fc817f9
textures/flatlist/ovr_stm/_win/w01e_floor1_alp_ovl.bmp.ctxr,textures/flatlist/ovr_stm/_win,w01e_floor1_alp_ovl.bmp.ctxr,w01e_floor1_alp_ovl.bmp,ctxr,87744,7642d381b14ffa4eb9ffbad475b5fec35a891c2f
textures/flatlist/ovr_stm/_win/w01e_floor2_alp_ovl.bmp.ctxr,textures/flatlist/ovr_stm/_win,w01e_floor2_alp_ovl.bmp.ctxr,w01e_floor2_alp_ovl.bmp,ctxr,33088,afb10cf23895586395aede6ea713400bac7fb9f9
textures/flatlist/ovr_stm/_win/w01e_meter01.bmp.ctxr,textures/flatlist/ovr_stm/_win,w01e_meter01.bmp.ctxr,w01e_meter01.bmp,ctxr,13984,c50e9cf19ab9b0cb3687fc8febe25ff429649304
textures/flatlist/ovr_stm/_win/w01e_panel02.bmp.ctxr,textures/flatlist/ovr_stm/_win,w01e_panel02.bmp.ctxr,w01e_panel02.bmp,ctxr,7776,fb0038a6d8b99abc6c5acfaa66301b31abab2ea3
textures/flatlist/ovr_stm/_win/w01e_panel2_bld80_ovl.bmp.ctxr,textures/flatlist/ovr_stm/_win,w01e_panel2_bld80_ovl.bmp.ctxr,w01e_panel2_bld80_ovl.bmp,ctxr,246112,8a6155b9c15730003cb8a51c76eeb5f16cdd58f6
textures/flatlist/ovr_stm/_win/w01e_panel_bld80_ovl.bmp.ctxr,textures/flatlist/ovr_stm/_win,w01e_panel_bld80_ovl.bmp.ctxr,w01e_panel_bld80_ovl.bmp,ctxr,31680,e825a26e2bf46a60109cf3b6b2cce7993c3dc459
textures/flatlist/ovr_stm/_win/w01e_rf01_bld80_ovl.bmp_86291923fbc81da8d810fe8a4f98600d.ctxr,textures/flatlist/ovr_stm/_win,w01e_rf01_bld80_ovl.bmp_86291923fbc81da8d810fe8a4f98600d.ctxr,w01e_rf01_bld80_ovl.bmp_86291923fbc81da8d810fe8a4f98600d,ctxr,87744,d46b42feefa17a8b3357dd0c4dc7d03e6c5bc9d7
textures/flatlist/ovr_stm/_win/w01e_rf_obj01.bmp_8aa481574227a8f769b24d7af4556fb5.ctxr,textures/flatlist/ovr_stm/_win,w01e_rf_obj01.bmp_8aa481574227a8f769b24d7af4556fb5.ctxr,w01e_rf_obj01.bmp_8aa481574227a8f769b24d7af4556fb5,ctxr,12576,bc73f4159a12279bc289e7b27f3181459c425d44
textures/flatlist/ovr_stm/_win/w01e_rouka_rf.bmp.ctxr,textures/flatlist/ovr_stm/_win,w01e_rouka_rf.bmp.ctxr,w01e_rouka_rf.bmp,ctxr,22176,03eb78b246e764d7a4b133792453f13299b5115e
textures/flatlist/ovr_stm/_win/w01e_rouka_rf_fade.bmp.ctxr,textures/flatlist/ovr_stm/_win,w01e_rouka_rf_fade.bmp.ctxr,w01e_rouka_rf_fade.bmp,ctxr,22176,f0783db07836b622de2b2ec715059633314c3c0f
textures/flatlist/ovr_stm/_win/w01e_rouka_wall1.bmp.ctxr,textures/flatlist/ovr_stm/_win,w01e_rouka_wall1.bmp.ctxr,w01e_rouka_wall1.bmp,ctxr,131424,d793425ddd95d4e0a2cd747674fa06687c7c9c83
textures/flatlist/ovr_stm/_win/w01e_rouka_wall2_fade.bmp.ctxr,textures/flatlist/ovr_stm/_win,w01e_rouka_wall2_fade.bmp.ctxr,w01e_rouka_wall2_fade.bmp,ctxr,612032,c5c1a24dd53e7b2050789399b1b8be6a78ba5417
textures/flatlist/ovr_stm/_win/w01e_speaker01.bmp.ctxr,textures/flatlist/ovr_stm/_win,w01e_speaker01.bmp.ctxr,w01e_speaker01.bmp,ctxr,8480,ad1a0c93c4e715af31b978c68119768dbfff52f0
textures/flatlist/ovr_stm/_win/w01e_tsr00.bmp.ctxr,textures/flatlist/ovr_stm/_win,w01e_tsr00.bmp.ctxr,w01e_tsr00.bmp,ctxr,11296,591f1a8bad95aeb9e4dcf85e32fd974f3ddfa6f8
textures/flatlist/ovr_stm/_win/w01e_tsr01.bmp.ctxr,textures/flatlist/ovr_stm/_win,w01e_tsr01.bmp.ctxr,w01e_tsr01.bmp,ctxr,960,feebda12767dd74e55a6e5c0ac66056d0d6fd412
textures/flatlist/ovr_stm/_win/w01e_wall01.bmp.ctxr,textures/flatlist/ovr_stm/_win,w01e_wall01.bmp.ctxr,w01e_wall01.bmp,ctxr,49504,99241d9837cadb9b01993e23461a4022259c202c
textures/flatlist/ovr_stm/_win/w01e_wall02.bmp.ctxr,textures/flatlist/ovr_stm/_win,w01e_wall02.bmp.ctxr,w01e_wall02.bmp,ctxr,131424,571b7686309d5e031aff220714cca39cffc1e2e5
textures/flatlist/ovr_stm/_win/w01e_wndflame01.bmp.ctxr,textures/flatlist/ovr_stm/_win,w01e_wndflame01.bmp.ctxr,w01e_wndflame01.bmp,ctxr,12608,0d78291fa01dcb0ac9f15b51ac90c94f2f0e1874
textures/flatlist/ovr_stm/_win/w01e_wndwall01.bmp.ctxr,textures/flatlist/ovr_stm/_win,w01e_wndwall01.bmp.ctxr,w01e_wndwall01.bmp,ctxr,44064,90a67b85974d86d33f9120723423e8f40acc1d2f
textures/flatlist/ovr_stm/_win/w01e_wndwall02.bmp.ctxr,textures/flatlist/ovr_stm/_win,w01e_wndwall02.bmp.ctxr,w01e_wndwall02.bmp,ctxr,24896,36d054cb0e2aa1c549ca793274e11c74c54b2aa0
textures/flatlist/ovr_stm/_win/w01f_bark03.bmp.ctxr,textures/flatlist/ovr_stm/_win,w01f_bark03.bmp.ctxr,w01f_bark03.bmp,ctxr,33120,d929f2ceba6c42651aa6cb99320af22a323454c0
textures/flatlist/ovr_stm/_win/w01f_barw03b.bmp.ctxr,textures/flatlist/ovr_stm/_win,w01f_barw03b.bmp.ctxr,w01f_barw03b.bmp,ctxr,33120,b92dbe3fb6962cfd5eae7f5a93b357d56fe646f1
textures/flatlist/ovr_stm/_win/w01f_bk07.bmp.ctxr,textures/flatlist/ovr_stm/_win,w01f_bk07.bmp.ctxr,w01f_bk07.bmp,ctxr,16704,9bead8cc6d4de36fd0360f5ebf2149cc68132770
textures/flatlist/ovr_stm/_win/w01f_menu.bmp.ctxr,textures/flatlist/ovr_stm/_win,w01f_menu.bmp.ctxr,w01f_menu.bmp,ctxr,16704,a98164fc617cfeb9131550bbf1404bcfccd6ae5f
textures/flatlist/ovr_stm/_win/w01f_pos00.bmp.ctxr,textures/flatlist/ovr_stm/_win,w01f_pos00.bmp.ctxr,w01f_pos00.bmp,ctxr,123200,aa9c63fa1af73f29d899c67fdc5d33f717924ce2
textures/flatlist/ovr_stm/_win/w01f_tvtb02.bmp.ctxr,textures/flatlist/ovr_stm/_win,w01f_tvtb02.bmp.ctxr,w01f_tvtb02.bmp,ctxr,20768,e224924d988d7d92d2484c5a6f3b4cf5afaa6c80
textures/flatlist/ovr_stm/_win/w01_dr00.bmp.ctxr,textures/flatlist/ovr_stm/_win,w01_dr00.bmp.ctxr,w01_dr00.bmp,ctxr,46368,f7cb3b84cd6571577021b0a878efa13ea5d11bf2
textures/flatlist/ovr_stm/_win/w01_dr01.bmp.ctxr,textures/flatlist/ovr_stm/_win,w01_dr01.bmp.ctxr,w01_dr01.bmp,ctxr,46368,5415d0363b416db547b332ebb5884ab44c7e3a1a
textures/flatlist/ovr_stm/_win/w01_dr01u.bmp.ctxr,textures/flatlist/ovr_stm/_win,w01_dr01u.bmp.ctxr,w01_dr01u.bmp,ctxr,46368,13a076ef9bccbb321b1ff99ba2fd910276cececc
textures/flatlist/ovr_stm/_win/w02a_door.bmp.ctxr,textures/flatlist/ovr_stm/_win,w02a_door.bmp.ctxr,w02a_door.bmp,ctxr,97600,a2425c53706f2b6e8c44b4dc375c63f5c0d22636
textures/flatlist/ovr_stm/_win/w02a_suimitu_dr.bmp.ctxr,textures/flatlist/ovr_stm/_win,w02a_suimitu_dr.bmp.ctxr,w02a_suimitu_dr.bmp,ctxr,51488,843a9001c94499848fa64807a76d308a74640c7f
textures/flatlist/ovr_stm/_win/w02_1f_hashira_01.bmp.ctxr,textures/flatlist/ovr_stm/_win,w02_1f_hashira_01.bmp.ctxr,w02_1f_hashira_01.bmp,ctxr,5664,5a0a7aa7d931b6f17d9994bf9ed35567f83f8f7f
textures/flatlist/ovr_stm/_win/w02_1f_hashira_02.bmp.ctxr,textures/flatlist/ovr_stm/_win,w02_1f_hashira_02.bmp.ctxr,w02_1f_hashira_02.bmp,ctxr,6432,db7e5322b0bea6a27a78a996f7451ef935bc484a
textures/flatlist/ovr_stm/_win/w02_box_1.bmp.ctxr,textures/flatlist/ovr_stm/_win,w02_box_1.bmp.ctxr,w02_box_1.bmp,ctxr,37152,eaea94e07ed4090ed678697e5055d75ebc9c299e
textures/flatlist/ovr_stm/_win/w02_box_2.bmp.ctxr,textures/flatlist/ovr_stm/_win,w02_box_2.bmp.ctxr,w02_box_2.bmp,ctxr,18720,22ce3188f04e8b1861cf522fdbcccd9c9126de05
textures/flatlist/ovr_stm/_win/w02_box_3.bmp.ctxr,textures/flatlist/ovr_stm/_win,w02_box_3.bmp.ctxr,w02_box_3.bmp,ctxr,12576,7e8da68fead3789ce70d6f0c4411e1ac57af9dfa
textures/flatlist/ovr_stm/_win/w02_box_new.bmp.ctxr,textures/flatlist/ovr_stm/_win,w02_box_new.bmp.ctxr,w02_box_new.bmp,ctxr,49472,334b9f3bc025cd77acf5c07ee8cac39795cd797b
textures/flatlist/ovr_stm/_win/w02_box_new_up.bmp.ctxr,textures/flatlist/ovr_stm/_win,w02_box_new_up.bmp.ctxr,w02_box_new_up.bmp,ctxr,49472,78789f064c22d540af617ce9f51153b1d4991ed9
textures/flatlist/ovr_stm/_win/w02_eng_big.bmp.ctxr,textures/flatlist/ovr_stm/_win,w02_eng_big.bmp.ctxr,w02_eng_big.bmp,ctxr,123200,a07560e2b5be1467eced28f43f4ca6e2424493a0
textures/flatlist/ovr_stm/_win/w02_eng_prg_base.bmp.ctxr,textures/flatlist/ovr_stm/_win,w02_eng_prg_base.bmp.ctxr,w02_eng_prg_base.bmp,ctxr,37152,3127bcb99a00f2a4d31aca074d6167b951f75266
textures/flatlist/ovr_stm/_win/w02_eng_prg_base5.bmp.ctxr,textures/flatlist/ovr_stm/_win,w02_eng_prg_base5.bmp.ctxr,w02_eng_prg_base5.bmp,ctxr,32544,23825c19db55ebcca78c3bc11abd470fb48724f6
textures/flatlist/ovr_stm/_win/w02_eng_prg_base6.bmp.ctxr,textures/flatlist/ovr_stm/_win,w02_eng_prg_base6.bmp.ctxr,w02_eng_prg_base6.bmp,ctxr,64832,e64617334e23341b85002ed2c228bc5fe7218e98
textures/flatlist/ovr_stm/_win/w02_eng_prg_body.bmp.ctxr,textures/flatlist/ovr_stm/_win,w02_eng_prg_body.bmp.ctxr,w02_eng_prg_body.bmp,ctxr,92480,3ac916f0b5eb327b78df77eed5e39d45f7d56824
textures/flatlist/ovr_stm/_win/w02_eng_prg_head_side.bmp.ctxr,textures/flatlist/ovr_stm/_win,w02_eng_prg_head_side.bmp.ctxr,w02_eng_prg_head_side.bmp,ctxr,8800,7180a54bae24a3603358c2ab31400e339eeee0ba
textures/flatlist/ovr_stm/_win/w02_eng_prg_pipe1.bmp.ctxr,textures/flatlist/ovr_stm/_win,w02_eng_prg_pipe1.bmp.ctxr,w02_eng_prg_pipe1.bmp,ctxr,8544,0414144daca43761c0cac874fd032bed6c2816ec
textures/flatlist/ovr_stm/_win/w02_eng_prg_pipe2.bmp.ctxr,textures/flatlist/ovr_stm/_win,w02_eng_prg_pipe2.bmp.ctxr,w02_eng_prg_pipe2.bmp,ctxr,11296,7d0f4eb495627999da75de8ebb5b1e9a1cd42e3e
textures/flatlist/ovr_stm/_win/w02_eng_prg_top2.bmp.ctxr,textures/flatlist/ovr_stm/_win,w02_eng_prg_top2.bmp.ctxr,w02_eng_prg_top2.bmp,ctxr,4864,cfe6d876c9ae67add27af24a1c36ca6061a9a725
textures/flatlist/ovr_stm/_win/w02_eng_prg_top_side.bmp.ctxr,textures/flatlist/ovr_stm/_win,w02_eng_prg_top_side.bmp.ctxr,w02_eng_prg_top_side.bmp,ctxr,7424,6d4b42a8a3d3e57d06041db589ebfdc3471f9233
textures/flatlist/ovr_stm/_win/w02_kabe_4.bmp.ctxr,textures/flatlist/ovr_stm/_win,w02_kabe_4.bmp.ctxr,w02_kabe_4.bmp,ctxr,139584,bbbab4a99391ea2b71408cefa59798f45d8067d8
textures/flatlist/ovr_stm/_win/w02_kabe_big.bmp.ctxr,textures/flatlist/ovr_stm/_win,w02_kabe_big.bmp.ctxr,w02_kabe_big.bmp,ctxr,246080,b2d2bcb06c7799736dfd4889cca650acf092f431
textures/flatlist/ovr_stm/_win/w02_kabe_big2.bmp.ctxr,textures/flatlist/ovr_stm/_win,w02_kabe_big2.bmp.ctxr,w02_kabe_big2.bmp,ctxr,246080,5749ca400db9a8d1232ec5cce3a03dace6889b12
textures/flatlist/ovr_stm/_win/w02_kabe_big4.bmp.ctxr,textures/flatlist/ovr_stm/_win,w02_kabe_big4.bmp.ctxr,w02_kabe_big4.bmp,ctxr,135488,d473dd29fe2a96b5758a73e620582ff0683961a7
textures/flatlist/ovr_stm/_win/w02_kabe_duct.bmp.ctxr,textures/flatlist/ovr_stm/_win,w02_kabe_duct.bmp.ctxr,w02_kabe_duct.bmp,ctxr,9504,1415462c442bd2f9467f14ebb0ff69b7cb0bad2f
textures/flatlist/ovr_stm/_win/w02_kabe_fire3.bmp.ctxr,textures/flatlist/ovr_stm/_win,w02_kabe_fire3.bmp.ctxr,w02_kabe_fire3.bmp,ctxr,84800,7b6d171b4580b415017160c37f8c6de77a11fe85
textures/flatlist/ovr_stm/_win/w02_kabe_hashira.bmp.ctxr,textures/flatlist/ovr_stm/_win,w02_kabe_hashira.bmp.ctxr,w02_kabe_hashira.bmp,ctxr,86336,2d8e678efe919cee6acdb1327d18087545d67c1e
textures/flatlist/ovr_stm/_win/w02_kabe_light.bmp.ctxr,textures/flatlist/ovr_stm/_win,w02_kabe_light.bmp.ctxr,w02_kabe_light.bmp,ctxr,129344,6c5df56744543252f0ba70f74ea629f61855a0c0
textures/flatlist/ovr_stm/_win/w02_kabe_light2.bmp.ctxr,textures/flatlist/ovr_stm/_win,w02_kabe_light2.bmp.ctxr,w02_kabe_light2.bmp,ctxr,98656,084a783b39719c829d4981ed12253c117f716286
textures/flatlist/ovr_stm/_win/w02_kabe_light4.bmp.ctxr,textures/flatlist/ovr_stm/_win,w02_kabe_light4.bmp.ctxr,w02_kabe_light4.bmp,ctxr,147776,5ed4a726da257ac7392cbe27467ea766478195c1
textures/flatlist/ovr_stm/_win/w02_kabe_light5.bmp.ctxr,textures/flatlist/ovr_stm/_win,w02_kabe_light5.bmp.ctxr,w02_kabe_light5.bmp,ctxr,235840,f7d7e78776c2cc6828d4823657431e882b83b962
textures/flatlist/ovr_stm/_win/w02_kabe_metal.bmp.ctxr,textures/flatlist/ovr_stm/_win,w02_kabe_metal.bmp.ctxr,w02_kabe_metal.bmp,ctxr,49504,d1337f7e0471a2d29282b72ea1361f060d8845fa
textures/flatlist/ovr_stm/_win/w02_kabe_pipe3.bmp.ctxr,textures/flatlist/ovr_stm/_win,w02_kabe_pipe3.bmp.ctxr,w02_kabe_pipe3.bmp,ctxr,49504,ffff0e4807f37568c6292a1bf5fbe8d88aba4ae3
textures/flatlist/ovr_stm/_win/w02_kaidan_hashira.bmp.ctxr,textures/flatlist/ovr_stm/_win,w02_kaidan_hashira.bmp.ctxr,w02_kaidan_hashira.bmp,ctxr,2144,ee7bc578c9ea65af24ad2ef662d8b07a49595932
textures/flatlist/ovr_stm/_win/w02_kaidan_side4.bmp.ctxr,textures/flatlist/ovr_stm/_win,w02_kaidan_side4.bmp.ctxr,w02_kaidan_side4.bmp,ctxr,992,1109886069925aeb995c182694e399dc527527a5
textures/flatlist/ovr_stm/_win/w02_kaidan_step_top.bmp.ctxr,textures/flatlist/ovr_stm/_win,w02_kaidan_step_top.bmp.ctxr,w02_kaidan_step_top.bmp,ctxr,12576,c47ac827a3e22cf572fd046f25f4bb72135a7755
textures/flatlist/ovr_stm/_win/w02_kai_side.bmp.ctxr,textures/flatlist/ovr_stm/_win,w02_kai_side.bmp.ctxr,w02_kai_side.bmp,ctxr,6240,01fa22ab640763105d40657288bd199f09564df9
textures/flatlist/ovr_stm/_win/w02_obj_box.bmp.ctxr,textures/flatlist/ovr_stm/_win,w02_obj_box.bmp.ctxr,w02_obj_box.bmp,ctxr,35104,d57a764b93b03cbc753016b98b0fa10fe3f5172d
textures/flatlist/ovr_stm/_win/w02_obj_fire.bmp.ctxr,textures/flatlist/ovr_stm/_win,w02_obj_fire.bmp.ctxr,w02_obj_fire.bmp,ctxr,27936,fe3996dcc9242b475dc451fbc1ac64dd9853b8a7
textures/flatlist/ovr_stm/_win/w02_pipe_box.bmp.ctxr,textures/flatlist/ovr_stm/_win,w02_pipe_box.bmp.ctxr,w02_pipe_box.bmp,ctxr,24896,8596920fcaa2c91a1db4eb547822d184156bd259
textures/flatlist/ovr_stm/_win/w02_roof1.bmp.ctxr,textures/flatlist/ovr_stm/_win,w02_roof1.bmp.ctxr,w02_roof1.bmp,ctxr,87744,4fa462923300421c6e3acec2f272c77b761569a4
textures/flatlist/ovr_stm/_win/w02_roof2.bmp.ctxr,textures/flatlist/ovr_stm/_win,w02_roof2.bmp.ctxr,w02_roof2.bmp,ctxr,44064,bd6707b15729e203f588ad80e0a79b5ae8b3a2c0
textures/flatlist/ovr_stm/_win/w02_saku_ita.bmp.ctxr,textures/flatlist/ovr_stm/_win,w02_saku_ita.bmp.ctxr,w02_saku_ita.bmp,ctxr,15808,e5807c87ac27f43cd7c82ad067f785f33298709e
textures/flatlist/ovr_stm/_win/w02_saku_itas.bmp.ctxr,textures/flatlist/ovr_stm/_win,w02_saku_itas.bmp.ctxr,w02_saku_itas.bmp,ctxr,6816,d510afd4fd23731c52f68fac8c5a0a33c7dc269b
textures/flatlist/ovr_stm/_win/w02_sr_box.bmp.ctxr,textures/flatlist/ovr_stm/_win,w02_sr_box.bmp.ctxr,w02_sr_box.bmp,ctxr,59424,e29ccd17b3628ef7d13240c52904889fa3d66e66
textures/flatlist/ovr_stm/_win/w02_sr_box_com.bmp.ctxr,textures/flatlist/ovr_stm/_win,w02_sr_box_com.bmp.ctxr,w02_sr_box_com.bmp,ctxr,19424,32670b23bc2f2e94726205a31ad3c1bb82ae66cd
textures/flatlist/ovr_stm/_win/w02_sr_box_side.bmp.ctxr,textures/flatlist/ovr_stm/_win,w02_sr_box_side.bmp.ctxr,w02_sr_box_side.bmp,ctxr,12576,ad743001bc954d14c87912d62cbf708ff0e77be6
textures/flatlist/ovr_stm/_win/w02_sr_code_top.bmp.ctxr,textures/flatlist/ovr_stm/_win,w02_sr_code_top.bmp.ctxr,w02_sr_code_top.bmp,ctxr,11264,d5ca50c691cf13f8a2bad0642666b56a439d5213
textures/flatlist/ovr_stm/_win/w02_sr_contena1.bmp.ctxr,textures/flatlist/ovr_stm/_win,w02_sr_contena1.bmp.ctxr,w02_sr_contena1.bmp,ctxr,24896,deac6acf6463907ac5bb2756fd9e19512c2460dd
textures/flatlist/ovr_stm/_win/w02_sr_contena2.bmp.ctxr,textures/flatlist/ovr_stm/_win,w02_sr_contena2.bmp.ctxr,w02_sr_contena2.bmp,ctxr,24896,2aab02f90b276ca81c6be8a55c116dabf6df31d5
textures/flatlist/ovr_stm/_win/w02_sr_contena3.bmp.ctxr,textures/flatlist/ovr_stm/_win,w02_sr_contena3.bmp.ctxr,w02_sr_contena3.bmp,ctxr,12576,f8940358f793721f06b8e50873629116114e57a2
textures/flatlist/ovr_stm/_win/w02_sr_contena4.bmp.ctxr,textures/flatlist/ovr_stm/_win,w02_sr_contena4.bmp.ctxr,w02_sr_contena4.bmp,ctxr,12576,391e321c495e8580b0ebbcebe7c25d565e2bc198
textures/flatlist/ovr_stm/_win/w02_sr_contena5.bmp.ctxr,textures/flatlist/ovr_stm/_win,w02_sr_contena5.bmp.ctxr,w02_sr_contena5.bmp,ctxr,12576,c01859d6e2909cdf995f9683c180a73710e7765c
textures/flatlist/ovr_stm/_win/w02_sr_door2_full.bmp.ctxr,textures/flatlist/ovr_stm/_win,w02_sr_door2_full.bmp.ctxr,w02_sr_door2_full.bmp,ctxr,98656,c943e4e5d566b625e28254a341d21d8c8fd3dd1a
textures/flatlist/ovr_stm/_win/w02_sr_door_parts0.bmp_cb699f431ffc5acaf47f2e26b678eccd.ctxr,textures/flatlist/ovr_stm/_win,w02_sr_door_parts0.bmp_cb699f431ffc5acaf47f2e26b678eccd.ctxr,w02_sr_door_parts0.bmp_cb699f431ffc5acaf47f2e26b678eccd,ctxr,27936,20d93e3adf1e72933f5049deed1fd8bf449982cb
textures/flatlist/ovr_stm/_win/w02_sr_door_parts1.bmp.ctxr,textures/flatlist/ovr_stm/_win,w02_sr_door_parts1.bmp.ctxr,w02_sr_door_parts1.bmp,ctxr,49504,d2565853a8609c8cf26f88109aeac9e98e8878e6
textures/flatlist/ovr_stm/_win/w02_sr_door_rail.bmp.ctxr,textures/flatlist/ovr_stm/_win,w02_sr_door_rail.bmp.ctxr,w02_sr_door_rail.bmp,ctxr,28992,aca1329b738a3fa5301f5630b85e25779496e98c
textures/flatlist/ovr_stm/_win/w02_sr_fire.bmp.ctxr,textures/flatlist/ovr_stm/_win,w02_sr_fire.bmp.ctxr,w02_sr_fire.bmp,ctxr,8704,73c7bcad03d15b23626633ad08732a796e05c4c6
textures/flatlist/ovr_stm/_win/w02_sr_kabe.bmp.ctxr,textures/flatlist/ovr_stm/_win,w02_sr_kabe.bmp.ctxr,w02_sr_kabe.bmp,ctxr,295264,5dd67ca10bf91065a93d9175fb007709b391af12
textures/flatlist/ovr_stm/_win/w02_sr_panel2.bmp.ctxr,textures/flatlist/ovr_stm/_win,w02_sr_panel2.bmp.ctxr,w02_sr_panel2.bmp,ctxr,82240,08ee098387d4658511962b2e8f4af2457035485c
textures/flatlist/ovr_stm/_win/w02_sr_pnl_b1.bmp.ctxr,textures/flatlist/ovr_stm/_win,w02_sr_pnl_b1.bmp.ctxr,w02_sr_pnl_b1.bmp,ctxr,9472,c4f025a2726e694f46e02037925c6e6b72f17299
textures/flatlist/ovr_stm/_win/w02_sr_roof.bmp.ctxr,textures/flatlist/ovr_stm/_win,w02_sr_roof.bmp.ctxr,w02_sr_roof.bmp,ctxr,49472,fcdf8b5dbffc42552c71ffd0e2d48976b2255734
textures/flatlist/ovr_stm/_win/w02_sr_roof2.bmp.ctxr,textures/flatlist/ovr_stm/_win,w02_sr_roof2.bmp.ctxr,w02_sr_roof2.bmp,ctxr,37152,e8ae7f9d6bd472c32780a89a5632cf9da93a5ff1
textures/flatlist/ovr_stm/_win/w02_sr_roof3.bmp_d344ae9df9a1fddfbccf5e3b51634b41.ctxr,textures/flatlist/ovr_stm/_win,w02_sr_roof3.bmp_d344ae9df9a1fddfbccf5e3b51634b41.ctxr,w02_sr_roof3.bmp_d344ae9df9a1fddfbccf5e3b51634b41,ctxr,49472,88ab96837da4a513a7755f8ccb3c5843a36e1cff
textures/flatlist/ovr_stm/_win/w02_sr_yuka.bmp.ctxr,textures/flatlist/ovr_stm/_win,w02_sr_yuka.bmp.ctxr,w02_sr_yuka.bmp,ctxr,230752,c00480f1368750d3c58eae478c235172617da6c1
textures/flatlist/ovr_stm/_win/w02_sr_yuka2.bmp.ctxr,textures/flatlist/ovr_stm/_win,w02_sr_yuka2.bmp.ctxr,w02_sr_yuka2.bmp,ctxr,123200,a7471b9a18fe2c43c511dc9e3d944815db222125
textures/flatlist/ovr_stm/_win/w02_sr_yuka4.bmp.ctxr,textures/flatlist/ovr_stm/_win,w02_sr_yuka4.bmp.ctxr,w02_sr_yuka4.bmp,ctxr,24896,d96c3dd706a1fc91fc2594919e31ffff9796f0a6
textures/flatlist/ovr_stm/_win/w02_sr_yuka6.bmp.ctxr,textures/flatlist/ovr_stm/_win,w02_sr_yuka6.bmp.ctxr,w02_sr_yuka6.bmp,ctxr,322848,c93e3bdc9b3e37e8b39ac18cd7053d3b1668d1b9
textures/flatlist/ovr_stm/_win/w02_sr_yuka7.bmp.ctxr,textures/flatlist/ovr_stm/_win,w02_sr_yuka7.bmp.ctxr,w02_sr_yuka7.bmp,ctxr,49472,45f17dfd76108aa2c4fa371534c9ec438ca52d2d
textures/flatlist/ovr_stm/_win/w02_wall_door1.bmp.ctxr,textures/flatlist/ovr_stm/_win,w02_wall_door1.bmp.ctxr,w02_wall_door1.bmp,ctxr,46368,69c3de673da398e96b653fb3a599ba65d5b1d3a4
textures/flatlist/ovr_stm/_win/w02_yuka3.bmp.ctxr,textures/flatlist/ovr_stm/_win,w02_yuka3.bmp.ctxr,w02_yuka3.bmp,ctxr,22176,299d7d18f8bb19aec6d96c82995e13ca8eeb15ff
textures/flatlist/ovr_stm/_win/w02_yukaf_s.bmp.ctxr,textures/flatlist/ovr_stm/_win,w02_yukaf_s.bmp.ctxr,w02_yukaf_s.bmp,ctxr,12576,ad63d5169a06a81620959a1d2b7d6d1af326e8b2
textures/flatlist/ovr_stm/_win/w02_yukaf_s2.bmp.ctxr,textures/flatlist/ovr_stm/_win,w02_yukaf_s2.bmp.ctxr,w02_yukaf_s2.bmp,ctxr,12576,49ab618e456a60cfdb04f544995358ba8f187388
textures/flatlist/ovr_stm/_win/w02_yuka_f.bmp.ctxr,textures/flatlist/ovr_stm/_win,w02_yuka_f.bmp.ctxr,w02_yuka_f.bmp,ctxr,24896,ef46fb6016fb1ef8a61c0692d732a2bfca46fc70
textures/flatlist/ovr_stm/_win/w02_yuka_f4.bmp.ctxr,textures/flatlist/ovr_stm/_win,w02_yuka_f4.bmp.ctxr,w02_yuka_f4.bmp,ctxr,24896,53ac9fd108018f180892ab913a3ed809f2d4310d
textures/flatlist/ovr_stm/_win/w02_yuka_pipe.bmp.ctxr,textures/flatlist/ovr_stm/_win,w02_yuka_pipe.bmp.ctxr,w02_yuka_pipe.bmp,ctxr,49472,1130599c20601a17ba4b6bfd5e1f155dc2c263c6
textures/flatlist/ovr_stm/_win/w02_yuka_rail.bmp.ctxr,textures/flatlist/ovr_stm/_win,w02_yuka_rail.bmp.ctxr,w02_yuka_rail.bmp,ctxr,2304,fa0030bf19854456d2c9d94fde7c8d08e710f503
textures/flatlist/ovr_stm/_win/w02_yuka_s.bmp.ctxr,textures/flatlist/ovr_stm/_win,w02_yuka_s.bmp.ctxr,w02_yuka_s.bmp,ctxr,11264,df8f05eebc65fa1c75b5c3a7dc1f0887f199a7ee
textures/flatlist/ovr_stm/_win/w02_y_light_f1b.bmp.ctxr,textures/flatlist/ovr_stm/_win,w02_y_light_f1b.bmp.ctxr,w02_y_light_f1b.bmp,ctxr,196960,20b64926cdab68ff2a4e37fdf36b7ce8407e12e8
textures/flatlist/ovr_stm/_win/w03a2_flb00a.bmp.ctxr,textures/flatlist/ovr_stm/_win,w03a2_flb00a.bmp.ctxr,w03a2_flb00a.bmp,ctxr,28960,76772b787cd7410e07f7fcbfe6cc7a924942ab2a
textures/flatlist/ovr_stm/_win/w03a2_flb00b.bmp.ctxr,textures/flatlist/ovr_stm/_win,w03a2_flb00b.bmp.ctxr,w03a2_flb00b.bmp,ctxr,37888,75360dbf0f4328335d99b87cb6441b446c6295fc
textures/flatlist/ovr_stm/_win/w03a_fl00.bmp.ctxr,textures/flatlist/ovr_stm/_win,w03a_fl00.bmp.ctxr,w03a_fl00.bmp,ctxr,57664,e5f3497565190b2cdfb7dcc629f482ec679cb956
textures/flatlist/ovr_stm/_win/w03a_fl01d.bmp.ctxr,textures/flatlist/ovr_stm/_win,w03a_fl01d.bmp.ctxr,w03a_fl01d.bmp,ctxr,10976,7e4441ac787da5047cf236be5279eebc65ba42e4
textures/flatlist/ovr_stm/_win/w03a_pp02.bmp.ctxr,textures/flatlist/ovr_stm/_win,w03a_pp02.bmp.ctxr,w03a_pp02.bmp,ctxr,31040,be25c41663605044673939e57e864ecada46d0e6
textures/flatlist/ovr_stm/_win/w03a_pp05.bmp.ctxr,textures/flatlist/ovr_stm/_win,w03a_pp05.bmp.ctxr,w03a_pp05.bmp,ctxr,38560,82dd4b47ecaa2b6046c447c01118faedc6b4a88e
textures/flatlist/ovr_stm/_win/w03a_w00.bmp.ctxr,textures/flatlist/ovr_stm/_win,w03a_w00.bmp.ctxr,w03a_w00.bmp,ctxr,24928,3efa6a7653695782aee974c142c9638f87b053b8
textures/flatlist/ovr_stm/_win/w03a_w01c.bmp_66800e791c274078bbd7078d4207524e.ctxr,textures/flatlist/ovr_stm/_win,w03a_w01c.bmp_66800e791c274078bbd7078d4207524e.ctxr,w03a_w01c.bmp_66800e791c274078bbd7078d4207524e,ctxr,74048,eae82338920d2d647adcce2a837d1d43efb29ecb
textures/flatlist/ovr_stm/_win/w03a_w01d.bmp_9d316246ca7cc692494bbcf73b78f12f.ctxr,textures/flatlist/ovr_stm/_win,w03a_w01d.bmp_9d316246ca7cc692494bbcf73b78f12f.ctxr,w03a_w01d.bmp_9d316246ca7cc692494bbcf73b78f12f,ctxr,46400,244261fe5c94a4a980b39ef2f2a0f2cd7aed4519
textures/flatlist/ovr_stm/_win/w03a_w04.bmp.ctxr,textures/flatlist/ovr_stm/_win,w03a_w04.bmp.ctxr,w03a_w04.bmp,ctxr,49504,a5ffd70c152d484b0832d6f5133928978fb12909
textures/flatlist/ovr_stm/_win/w03a_w04a.bmp.ctxr,textures/flatlist/ovr_stm/_win,w03a_w04a.bmp.ctxr,w03a_w04a.bmp,ctxr,49504,5f0eecba681966c7fffbeeacc0a23c24874a26a5
textures/flatlist/ovr_stm/_win/w03b_dr00.bmp.ctxr,textures/flatlist/ovr_stm/_win,w03b_dr00.bmp.ctxr,w03b_dr00.bmp,ctxr,44064,60abc5b0aad43d5ea1039dca0cd5f71c0690b4af
textures/flatlist/ovr_stm/_win/w03b_dr00a.bmp.ctxr,textures/flatlist/ovr_stm/_win,w03b_dr00a.bmp.ctxr,w03b_dr00a.bmp,ctxr,24896,205e49d7030d42bbf4aef339d5da6ecc79bb8176
textures/flatlist/ovr_stm/_win/w03b_fl01.bmp.ctxr,textures/flatlist/ovr_stm/_win,w03b_fl01.bmp.ctxr,w03b_fl01.bmp,ctxr,147776,b35b194438f18942909e7d417844fcfa15f98b07
textures/flatlist/ovr_stm/_win/w03b_fl01a.bmp.ctxr,textures/flatlist/ovr_stm/_win,w03b_fl01a.bmp.ctxr,w03b_fl01a.bmp,ctxr,147776,615510b638f138ca3ba2cc5d0aac51d896656466
textures/flatlist/ovr_stm/_win/w03b_fl02.bmp.ctxr,textures/flatlist/ovr_stm/_win,w03b_fl02.bmp.ctxr,w03b_fl02.bmp,ctxr,69952,984b25e8de671a8bb171343e7a26a8ed27b6221a
textures/flatlist/ovr_stm/_win/w03b_fl02.bmp_ecc5dba2548560f42c6a73e07c3b1ae7.ctxr,textures/flatlist/ovr_stm/_win,w03b_fl02.bmp_ecc5dba2548560f42c6a73e07c3b1ae7.ctxr,w03b_fl02.bmp_ecc5dba2548560f42c6a73e07c3b1ae7,ctxr,172384,31719a0f2345414046011d18d93c1fe568dde58f
textures/flatlist/ovr_stm/_win/w03b_fl03.bmp.ctxr,textures/flatlist/ovr_stm/_win,w03b_fl03.bmp.ctxr,w03b_fl03.bmp,ctxr,69952,09c18bc16590525ee6325197f1df229a1c86d441
textures/flatlist/ovr_stm/_win/w03b_fl03.bmp_8e8030f332ab93b222ccbdff4920382f.ctxr,textures/flatlist/ovr_stm/_win,w03b_fl03.bmp_8e8030f332ab93b222ccbdff4920382f.ctxr,w03b_fl03.bmp_8e8030f332ab93b222ccbdff4920382f,ctxr,147776,4788834566b60d8600eea49ba19a92b90db20a71
textures/flatlist/ovr_stm/_win/w03b_fl03a.bmp.ctxr,textures/flatlist/ovr_stm/_win,w03b_fl03a.bmp.ctxr,w03b_fl03a.bmp,ctxr,14656,f595f04f603352166821ff831a4c116097644661
textures/flatlist/ovr_stm/_win/w03b_fl04.bmp.ctxr,textures/flatlist/ovr_stm/_win,w03b_fl04.bmp.ctxr,w03b_fl04.bmp,ctxr,69952,7c4a1975f7915f930340e8023604abee4a43ca3d
textures/flatlist/ovr_stm/_win/w03b_fl05.bmp.ctxr,textures/flatlist/ovr_stm/_win,w03b_fl05.bmp.ctxr,w03b_fl05.bmp,ctxr,84448,359fa0834e782937ecf2ed7d0844d49026655d69
textures/flatlist/ovr_stm/_win/w03b_fl06.bmp.ctxr,textures/flatlist/ovr_stm/_win,w03b_fl06.bmp.ctxr,w03b_fl06.bmp,ctxr,84448,28395049834c943013ed074191bbc3a03f8a0d42
textures/flatlist/ovr_stm/_win/w03b_ha00.bmp.ctxr,textures/flatlist/ovr_stm/_win,w03b_ha00.bmp.ctxr,w03b_ha00.bmp,ctxr,27648,d09dd3ee70cbda2de1f8cc9f7ef08d6a2099034d
textures/flatlist/ovr_stm/_win/w03b_rfb00.bmp.ctxr,textures/flatlist/ovr_stm/_win,w03b_rfb00.bmp.ctxr,w03b_rfb00.bmp,ctxr,12640,cf3c95ad3f8e5c127a6ca651efa2a9da38857495
textures/flatlist/ovr_stm/_win/w03b_rfb01.bmp.ctxr,textures/flatlist/ovr_stm/_win,w03b_rfb01.bmp.ctxr,w03b_rfb01.bmp,ctxr,11296,2db831eb2ebf39adaa2076af62eba5d958c36bbd
textures/flatlist/ovr_stm/_win/w03b_rfb04.bmp.ctxr,textures/flatlist/ovr_stm/_win,w03b_rfb04.bmp.ctxr,w03b_rfb04.bmp,ctxr,49504,b48d078f6fee09d8e0b84b4214052892f1ee036b
textures/flatlist/ovr_stm/_win/w03b_w02a.bmp.ctxr,textures/flatlist/ovr_stm/_win,w03b_w02a.bmp.ctxr,w03b_w02a.bmp,ctxr,37152,56053d5acc80b7eb53ff0f011ab762cb358bce71
textures/flatlist/ovr_stm/_win/w03b_w02b.bmp.ctxr,textures/flatlist/ovr_stm/_win,w03b_w02b.bmp.ctxr,w03b_w02b.bmp,ctxr,23328,8f505570ad7415389ecbfa6f07082d109075923e
textures/flatlist/ovr_stm/_win/w03b_w03a.bmp.ctxr,textures/flatlist/ovr_stm/_win,w03b_w03a.bmp.ctxr,w03b_w03a.bmp,ctxr,31008,dc024dd502fca75c221d68ac408c9b1be54c1def
textures/flatlist/ovr_stm/_win/w03b_w04a.bmp.ctxr,textures/flatlist/ovr_stm/_win,w03b_w04a.bmp.ctxr,w03b_w04a.bmp,ctxr,37152,c74a7aa4b1ae44a82cd1e724d73cc2286ee0be68
textures/flatlist/ovr_stm/_win/w03c_flb00a.bmp.ctxr,textures/flatlist/ovr_stm/_win,w03c_flb00a.bmp.ctxr,w03c_flb00a.bmp,ctxr,28960,5c853a638d8b3014e577f32187ebc514e069693e
textures/flatlist/ovr_stm/_win/w03c_flb00b.bmp.ctxr,textures/flatlist/ovr_stm/_win,w03c_flb00b.bmp.ctxr,w03c_flb00b.bmp,ctxr,37888,afd606d86b180500e4dd4c63f1185b4fe37f0bbc
textures/flatlist/ovr_stm/_win/w03c_flb00c.bmp.ctxr,textures/flatlist/ovr_stm/_win,w03c_flb00c.bmp.ctxr,w03c_flb00c.bmp,ctxr,37888,1ef94a35ffdf2fc8aa8b0c18e0a7c74c3fd9468e
textures/flatlist/ovr_stm/_win/w03c_flb00d.bmp.ctxr,textures/flatlist/ovr_stm/_win,w03c_flb00d.bmp.ctxr,w03c_flb00d.bmp,ctxr,28960,1b93d9467f02af783b3de224f40e45c0967db290
textures/flatlist/ovr_stm/_win/w03c_flb00e.bmp.ctxr,textures/flatlist/ovr_stm/_win,w03c_flb00e.bmp.ctxr,w03c_flb00e.bmp,ctxr,28960,c9fe265958f275b0201a051521aac3babf19754a
textures/flatlist/ovr_stm/_win/w03c_flb02.bmp.ctxr,textures/flatlist/ovr_stm/_win,w03c_flb02.bmp.ctxr,w03c_flb02.bmp,ctxr,95520,bfc218597c4b239b701fd33c60d232224c7839ae
textures/flatlist/ovr_stm/_win/w03c_flb03a.bmp.ctxr,textures/flatlist/ovr_stm/_win,w03c_flb03a.bmp.ctxr,w03c_flb03a.bmp,ctxr,49504,20df70dd2152e272e23ba71c26b44b9d9dccc5de
textures/flatlist/ovr_stm/_win/w03c_flb03b.bmp.ctxr,textures/flatlist/ovr_stm/_win,w03c_flb03b.bmp.ctxr,w03c_flb03b.bmp,ctxr,49504,b9918fda67a9d3b98d8a8ddbe202abac13ae9f49
textures/flatlist/ovr_stm/_win/w03c_flb03c.bmp.ctxr,textures/flatlist/ovr_stm/_win,w03c_flb03c.bmp.ctxr,w03c_flb03c.bmp,ctxr,49504,57c011c454616946a20d94f5da84b5061f08dffb
textures/flatlist/ovr_stm/_win/w03c_rfc01a.bmp.ctxr,textures/flatlist/ovr_stm/_win,w03c_rfc01a.bmp.ctxr,w03c_rfc01a.bmp,ctxr,14624,9f06b4d1aee32dab8d997c7d7a12783315119b89
textures/flatlist/ovr_stm/_win/w03c_wc00.bmp.ctxr,textures/flatlist/ovr_stm/_win,w03c_wc00.bmp.ctxr,w03c_wc00.bmp,ctxr,28960,c7798c63b222c2121febec85f1724ea187d23a99
textures/flatlist/ovr_stm/_win/w03_cat_pipe.bmp.ctxr,textures/flatlist/ovr_stm/_win,w03_cat_pipe.bmp.ctxr,w03_cat_pipe.bmp,ctxr,9504,5c329cba4f97fbfd66c834d1846006fd553d12dc
textures/flatlist/ovr_stm/_win/w03_cat_sasae_ura.bmp.ctxr,textures/flatlist/ovr_stm/_win,w03_cat_sasae_ura.bmp.ctxr,w03_cat_sasae_ura.bmp,ctxr,45408,f53e0620466d655676a82c847bd14ad139fac68c
textures/flatlist/ovr_stm/_win/w04a1_hashira_face_bottom.bmp.ctxr,textures/flatlist/ovr_stm/_win,w04a1_hashira_face_bottom.bmp.ctxr,w04a1_hashira_face_bottom.bmp,ctxr,47456,7b181313d0a23b1a35b501eb927286ba20dd2b7b
textures/flatlist/ovr_stm/_win/w04a1_hashira_side.bmp.ctxr,textures/flatlist/ovr_stm/_win,w04a1_hashira_side.bmp.ctxr,w04a1_hashira_side.bmp,ctxr,147776,32f112fee46caa59a894774ef46ed7317308f8fc
textures/flatlist/ovr_stm/_win/w04a1_hashira_side2.bmp.ctxr,textures/flatlist/ovr_stm/_win,w04a1_hashira_side2.bmp.ctxr,w04a1_hashira_side2.bmp,ctxr,31008,53254a8290dce6c8c857ada5f55c38fb297e8d97
textures/flatlist/ovr_stm/_win/w04a3_cam_base.bmp.ctxr,textures/flatlist/ovr_stm/_win,w04a3_cam_base.bmp.ctxr,w04a3_cam_base.bmp,ctxr,13632,8cdd44f14acc6f3f9c7dae7a3f4d0ca678d6d3ba
textures/flatlist/ovr_stm/_win/w04a3_cam_body.bmp.ctxr,textures/flatlist/ovr_stm/_win,w04a3_cam_body.bmp.ctxr,w04a3_cam_body.bmp,ctxr,41280,30be985958aaece456945405a7cf2980b87eb1e7
textures/flatlist/ovr_stm/_win/w04a3_cam_body3.bmp.ctxr,textures/flatlist/ovr_stm/_win,w04a3_cam_body3.bmp.ctxr,w04a3_cam_body3.bmp,ctxr,10528,945c7b032255b0ffae99deff20b759d15e2ab529
textures/flatlist/ovr_stm/_win/w04a3_contena.bmp.ctxr,textures/flatlist/ovr_stm/_win,w04a3_contena.bmp.ctxr,w04a3_contena.bmp,ctxr,98656,08e720cee0efa57ebca53e176acaa0582ce4e2d7
textures/flatlist/ovr_stm/_win/w04a3_contena_top.bmp.ctxr,textures/flatlist/ovr_stm/_win,w04a3_contena_top.bmp.ctxr,w04a3_contena_top.bmp,ctxr,46368,0de52cc2f3e117aff8d9dad9bfa21f97df6b7395
textures/flatlist/ovr_stm/_win/w04a3_lift_side1.bmp.ctxr,textures/flatlist/ovr_stm/_win,w04a3_lift_side1.bmp.ctxr,w04a3_lift_side1.bmp,ctxr,18720,cf55b3c1ab2d3137c98f062e2536de241770660e
textures/flatlist/ovr_stm/_win/w04a3_lift_ura.bmp.ctxr,textures/flatlist/ovr_stm/_win,w04a3_lift_ura.bmp.ctxr,w04a3_lift_ura.bmp,ctxr,48448,a7bccc5397024e21da805ea5a3da015b0b8bd13c
textures/flatlist/ovr_stm/_win/w04a3_mecha_dai.bmp.ctxr,textures/flatlist/ovr_stm/_win,w04a3_mecha_dai.bmp.ctxr,w04a3_mecha_dai.bmp,ctxr,80928,b3e7dcf0637c3cdf27004ab6de3f3c1f4027f3c7
textures/flatlist/ovr_stm/_win/w04a3_mecha_dai_ura.bmp.ctxr,textures/flatlist/ovr_stm/_win,w04a3_mecha_dai_ura.bmp.ctxr,w04a3_mecha_dai_ura.bmp,ctxr,49472,f14fc5c21080a31ffb55c8e758e1a2f9c917a62c
textures/flatlist/ovr_stm/_win/w04a3_mecha_hashi_face.bmp.ctxr,textures/flatlist/ovr_stm/_win,w04a3_mecha_hashi_face.bmp.ctxr,w04a3_mecha_hashi_face.bmp,ctxr,46400,7f21a7d538958de34df286213eb2797be04cb5fb
textures/flatlist/ovr_stm/_win/w04a3_tanmatu_tower_face.bmp.ctxr,textures/flatlist/ovr_stm/_win,w04a3_tanmatu_tower_face.bmp.ctxr,w04a3_tanmatu_tower_face.bmp,ctxr,42304,90d61136df4f54b8362ce14906342339460bed60
textures/flatlist/ovr_stm/_win/w04a3_tanmatu_tower_side.bmp.ctxr,textures/flatlist/ovr_stm/_win,w04a3_tanmatu_tower_side.bmp.ctxr,w04a3_tanmatu_tower_side.bmp,ctxr,22880,e753784bea635a9894c8e2f84095b6be26b0a06e
textures/flatlist/ovr_stm/_win/w04a_box.bmp.ctxr,textures/flatlist/ovr_stm/_win,w04a_box.bmp.ctxr,w04a_box.bmp,ctxr,80192,186b65da63448af3b09512657446120cfcb87b97
textures/flatlist/ovr_stm/_win/w04a_box_face.bmp.ctxr,textures/flatlist/ovr_stm/_win,w04a_box_face.bmp.ctxr,w04a_box_face.bmp,ctxr,138528,68a88203741b9566f4d7d13d791dc850dc1ff44d
textures/flatlist/ovr_stm/_win/w04a_box_side.bmp.ctxr,textures/flatlist/ovr_stm/_win,w04a_box_side.bmp.ctxr,w04a_box_side.bmp,ctxr,27936,31b1344e7661997757de47ee693cfaf24525a589
textures/flatlist/ovr_stm/_win/w04a_door.bmp.ctxr,textures/flatlist/ovr_stm/_win,w04a_door.bmp.ctxr,w04a_door.bmp,ctxr,95008,78f1d02214a040c22a1e014320d00ad0a47d3961
textures/flatlist/ovr_stm/_win/w04a_floor1.bmp.ctxr,textures/flatlist/ovr_stm/_win,w04a_floor1.bmp.ctxr,w04a_floor1.bmp,ctxr,359776,acfac108c1830b1a54b98485a4a159dbe3abb6d9
textures/flatlist/ovr_stm/_win/w04a_floor2.bmp.ctxr,textures/flatlist/ovr_stm/_win,w04a_floor2.bmp.ctxr,w04a_floor2.bmp,ctxr,147808,27aa450f073c53c927997705ad2cbb98fabe85d9
textures/flatlist/ovr_stm/_win/w04a_floor2_center.bmp.ctxr,textures/flatlist/ovr_stm/_win,w04a_floor2_center.bmp.ctxr,w04a_floor2_center.bmp,ctxr,77088,e3913afb0cd4dc1dd26ccccfde1604098fbf0fd5
textures/flatlist/ovr_stm/_win/w04a_floor4.bmp.ctxr,textures/flatlist/ovr_stm/_win,w04a_floor4.bmp.ctxr,w04a_floor4.bmp,ctxr,147776,8e2792e4c26f815ac30869caa0380793c8549d07
textures/flatlist/ovr_stm/_win/w04a_floor5.bmp.ctxr,textures/flatlist/ovr_stm/_win,w04a_floor5.bmp.ctxr,w04a_floor5.bmp,ctxr,49472,eb9650d7c8fea9dfd4708300061a6dca4c3eea19
textures/flatlist/ovr_stm/_win/w04a_floor_hatch.bmp.ctxr,textures/flatlist/ovr_stm/_win,w04a_floor_hatch.bmp.ctxr,w04a_floor_hatch.bmp,ctxr,74048,2e9237804ba03a553d374f963357060614c0b3e1
textures/flatlist/ovr_stm/_win/w04a_floor_tuuro.bmp.ctxr,textures/flatlist/ovr_stm/_win,w04a_floor_tuuro.bmp.ctxr,w04a_floor_tuuro.bmp,ctxr,24896,a5099b55aa825ea5302f5cf75f611ce52f3940f5
textures/flatlist/ovr_stm/_win/w04a_hatch.bmp.ctxr,textures/flatlist/ovr_stm/_win,w04a_hatch.bmp.ctxr,w04a_hatch.bmp,ctxr,32544,2e638c587aba2bf531b0bd250d759b4e728c536e
textures/flatlist/ovr_stm/_win/w04a_mecha_04.bmp.ctxr,textures/flatlist/ovr_stm/_win,w04a_mecha_04.bmp.ctxr,w04a_mecha_04.bmp,ctxr,78624,00148779188dd8c0d8913bfb510660f047415800
textures/flatlist/ovr_stm/_win/w04a_mecha_top2.bmp.ctxr,textures/flatlist/ovr_stm/_win,w04a_mecha_top2.bmp.ctxr,w04a_mecha_top2.bmp,ctxr,27936,6e6b7d88e78eb8be48bf5ea992eda122f19b9c15
textures/flatlist/ovr_stm/_win/w04a_spk2_face.bmp.ctxr,textures/flatlist/ovr_stm/_win,w04a_spk2_face.bmp.ctxr,w04a_spk2_face.bmp,ctxr,22848,ccc3102f059ce7da9c561d6ccb5d42ad42ae1bd9
textures/flatlist/ovr_stm/_win/w04a_wall1.bmp.ctxr,textures/flatlist/ovr_stm/_win,w04a_wall1.bmp.ctxr,w04a_wall1.bmp,ctxr,246080,495f6dfa084a2d1b8140d0355fb4657ccdbd7f3d
textures/flatlist/ovr_stm/_win/w04a_wall2.bmp.ctxr,textures/flatlist/ovr_stm/_win,w04a_wall2.bmp.ctxr,w04a_wall2.bmp,ctxr,196960,c667c726a97988519364a1f2f2de1b3bf1669f10
textures/flatlist/ovr_stm/_win/w04a_wall_tuuro.bmp.ctxr,textures/flatlist/ovr_stm/_win,w04a_wall_tuuro.bmp.ctxr,w04a_wall_tuuro.bmp,ctxr,41280,6d49f473b249a90030827d6390bc5cfb95b90ad4
textures/flatlist/ovr_stm/_win/w04_demo_scr_back.bmp.ctxr,textures/flatlist/ovr_stm/_win,w04_demo_scr_back.bmp.ctxr,w04_demo_scr_back.bmp,ctxr,65888,9097d184687e440174ab89fb97730355596997f3
textures/flatlist/ovr_stm/_win/w04_demo_scr_parts_01.bmp.ctxr,textures/flatlist/ovr_stm/_win,w04_demo_scr_parts_01.bmp.ctxr,w04_demo_scr_parts_01.bmp,ctxr,18720,80f6ca67ca81813dc9ef9cefc3c9f8b62fd35987
textures/flatlist/ovr_stm/_win/w04_demo_scr_parts_02.bmp.ctxr,textures/flatlist/ovr_stm/_win,w04_demo_scr_parts_02.bmp.ctxr,w04_demo_scr_parts_02.bmp,ctxr,16416,ffc59c231bc94830c0537dfcbce65ec5045c5185
textures/flatlist/ovr_stm/_win/w04_demo_scr_parts_03.bmp.ctxr,textures/flatlist/ovr_stm/_win,w04_demo_scr_parts_03.bmp.ctxr,w04_demo_scr_parts_03.bmp,ctxr,18720,6001928eb6b1c0cdaf27e1cbb12b3d9a1af71522
textures/flatlist/ovr_stm/_win/w04_demo_scr_parts_bottom.bmp.ctxr,textures/flatlist/ovr_stm/_win,w04_demo_scr_parts_bottom.bmp.ctxr,w04_demo_scr_parts_bottom.bmp,ctxr,21792,4244a986ac1859e62b39350177be4f5b8d34978d
textures/flatlist/ovr_stm/_win/w04_demo_scr_parts_left.bmp.ctxr,textures/flatlist/ovr_stm/_win,w04_demo_scr_parts_left.bmp.ctxr,w04_demo_scr_parts_left.bmp,ctxr,38528,8141dcb88441f9db583679d6f5e4356975f7b215
textures/flatlist/ovr_stm/_win/w04_eisha2_back.bmp.ctxr,textures/flatlist/ovr_stm/_win,w04_eisha2_back.bmp.ctxr,w04_eisha2_back.bmp,ctxr,22176,42cf45fe0e943e04480a773a4849c5f95cd7eb91
textures/flatlist/ovr_stm/_win/w04_eisha2_top.bmp.ctxr,textures/flatlist/ovr_stm/_win,w04_eisha2_top.bmp.ctxr,w04_eisha2_top.bmp,ctxr,98656,da6325e5397093b582ce5a067e8e565eb326a3d7
textures/flatlist/ovr_stm/_win/w04_yuka.bmp.ctxr,textures/flatlist/ovr_stm/_win,w04_yuka.bmp.ctxr,w04_yuka.bmp,ctxr,77120,361cc50a12c7a1a3c1b7b1cfe02e25ff284ba05d
textures/flatlist/ovr_stm/_win/w04_yuka_02.bmp.ctxr,textures/flatlist/ovr_stm/_win,w04_yuka_02.bmp.ctxr,w04_yuka_02.bmp,ctxr,12576,b3ad9c2a1b305e31c1e7fe2fd01f39387509ebe9
textures/flatlist/ovr_stm/_win/w10b_fence_03_alp_ovl.bmp.ctxr,textures/flatlist/ovr_stm/_win,w10b_fence_03_alp_ovl.bmp.ctxr,w10b_fence_03_alp_ovl.bmp,ctxr,699488,852a6983103a69a2e31e2248b8a610a643e98070
textures/flatlist/ovr_stm/_win/w10c_ashi00.bmp.ctxr,textures/flatlist/ovr_stm/_win,w10c_ashi00.bmp.ctxr,w10c_ashi00.bmp,ctxr,61760,6efbce9e5c6753d3f15298d1d292c2d8eafc9729
textures/flatlist/ovr_stm/_win/w10c_ent01.bmp.ctxr,textures/flatlist/ovr_stm/_win,w10c_ent01.bmp.ctxr,w10c_ent01.bmp,ctxr,24928,b494e10f9d80b028483a6b1c0f96cbcc94d8122d
textures/flatlist/ovr_stm/_win/w10c_entfl00.bmp.ctxr,textures/flatlist/ovr_stm/_win,w10c_entfl00.bmp.ctxr,w10c_entfl00.bmp,ctxr,49472,490cca77bfd94c2dc0919ed23b282145164a44aa
textures/flatlist/ovr_stm/_win/w10c_entfl01.bmp.ctxr,textures/flatlist/ovr_stm/_win,w10c_entfl01.bmp.ctxr,w10c_entfl01.bmp,ctxr,57664,03e57f94983b0651916374c91df343cc1fa789ba
textures/flatlist/ovr_stm/_win/w10c_entw00.bmp_ebada4c5fb0cf21b95c03d700bd34525.ctxr,textures/flatlist/ovr_stm/_win,w10c_entw00.bmp_ebada4c5fb0cf21b95c03d700bd34525.ctxr,w10c_entw00.bmp_ebada4c5fb0cf21b95c03d700bd34525,ctxr,98656,bddcd42247f67f31c218d21d27fcb14feeac5ecc
textures/flatlist/ovr_stm/_win/w10c_entw01.bmp.ctxr,textures/flatlist/ovr_stm/_win,w10c_entw01.bmp.ctxr,w10c_entw01.bmp,ctxr,49504,408857f3783ef7c560d0445860ee4f8df26e4563
textures/flatlist/ovr_stm/_win/w10c_fl00a.bmp_f090db2c7d27de5ceaf7849bea3f7689.ctxr,textures/flatlist/ovr_stm/_win,w10c_fl00a.bmp_f090db2c7d27de5ceaf7849bea3f7689.ctxr,w10c_fl00a.bmp_f090db2c7d27de5ceaf7849bea3f7689,ctxr,49472,8668e3a8efdbcb65edfd4a5d2bed03102abd044b
textures/flatlist/ovr_stm/_win/w10c_fl00b.bmp_4783af139eb8448160dc9fa885bd7451.ctxr,textures/flatlist/ovr_stm/_win,w10c_fl00b.bmp_4783af139eb8448160dc9fa885bd7451.ctxr,w10c_fl00b.bmp_4783af139eb8448160dc9fa885bd7451,ctxr,24896,c1b0345612ac96538657e1cffe5cafbbe47b24dc
textures/flatlist/ovr_stm/_win/w10c_fl00c.bmp_79d5f05b0c8f02fa5ea3d8344309a532.ctxr,textures/flatlist/ovr_stm/_win,w10c_fl00c.bmp_79d5f05b0c8f02fa5ea3d8344309a532.ctxr,w10c_fl00c.bmp_79d5f05b0c8f02fa5ea3d8344309a532,ctxr,24896,e7d3c9eb970d89fb570a4d1d4bd9bb1125288b8d
textures/flatlist/ovr_stm/_win/w10c_fl00d.bmp.ctxr,textures/flatlist/ovr_stm/_win,w10c_fl00d.bmp.ctxr,w10c_fl00d.bmp,ctxr,6464,648d5d410168a939df04362afcbdf10358897b76
textures/flatlist/ovr_stm/_win/w10c_fl01.bmp_89b1600a0752b90e97de0d507585a5be.ctxr,textures/flatlist/ovr_stm/_win,w10c_fl01.bmp_89b1600a0752b90e97de0d507585a5be.ctxr,w10c_fl01.bmp_89b1600a0752b90e97de0d507585a5be,ctxr,49472,f33180e87f483b085f69f5b84fd93bcb83f12f4c
textures/flatlist/ovr_stm/_win/w10c_fl01_brk.bmp.ctxr,textures/flatlist/ovr_stm/_win,w10c_fl01_brk.bmp.ctxr,w10c_fl01_brk.bmp,ctxr,74048,1cc3f4ff75470df8cb41b297f3d8ee903732ed0f
textures/flatlist/ovr_stm/_win/w10c_fl02.bmp.ctxr,textures/flatlist/ovr_stm/_win,w10c_fl02.bmp.ctxr,w10c_fl02.bmp,ctxr,98656,5d62e3ef77a296a359e55d1c1416b51ded341307
textures/flatlist/ovr_stm/_win/w10c_fl03.bmp.ctxr,textures/flatlist/ovr_stm/_win,w10c_fl03.bmp.ctxr,w10c_fl03.bmp,ctxr,49472,aa435ee16c0d03b2c4fcf681b5948999dfaa0429
textures/flatlist/ovr_stm/_win/w10c_fl03a.bmp.ctxr,textures/flatlist/ovr_stm/_win,w10c_fl03a.bmp.ctxr,w10c_fl03a.bmp,ctxr,49472,3eda6c951d55f5bafbd7a6c00ea2c1df8c9593ab
textures/flatlist/ovr_stm/_win/w10c_flu00a.bmp.ctxr,textures/flatlist/ovr_stm/_win,w10c_flu00a.bmp.ctxr,w10c_flu00a.bmp,ctxr,49472,cfaf555112b31a90605b1a9419d9efc2f8595fe9
textures/flatlist/ovr_stm/_win/w10c_pp01.bmp.ctxr,textures/flatlist/ovr_stm/_win,w10c_pp01.bmp.ctxr,w10c_pp01.bmp,ctxr,65888,326ac461c7817e69693731e6b16ce5b3d7ce870a
textures/flatlist/ovr_stm/_win/w10c_pp01.bmp_ffdb967870ba68b15bb0414af2582240.ctxr,textures/flatlist/ovr_stm/_win,w10c_pp01.bmp_ffdb967870ba68b15bb0414af2582240.ctxr,w10c_pp01.bmp_ffdb967870ba68b15bb0414af2582240,ctxr,65888,0510e3e0bddf49811a7176e7d06b97cfb2edfbd4
textures/flatlist/ovr_stm/_win/w10c_pp01a.bmp.ctxr,textures/flatlist/ovr_stm/_win,w10c_pp01a.bmp.ctxr,w10c_pp01a.bmp,ctxr,65888,d64a4ed040c27790ebd108088996cfffc1c8380a
textures/flatlist/ovr_stm/_win/w10c_pp04.bmp_6c02c0734669b3b2af844bfb2a6f8caf.ctxr,textures/flatlist/ovr_stm/_win,w10c_pp04.bmp_6c02c0734669b3b2af844bfb2a6f8caf.ctxr,w10c_pp04.bmp_6c02c0734669b3b2af844bfb2a6f8caf,ctxr,49504,00744f19e7a6b33dfc2bb752815bde3ac9da1b93
textures/flatlist/ovr_stm/_win/w10c_sk00.bmp_080bd3d56c6e4437c207d0839cc27828.ctxr,textures/flatlist/ovr_stm/_win,w10c_sk00.bmp_080bd3d56c6e4437c207d0839cc27828.ctxr,w10c_sk00.bmp_080bd3d56c6e4437c207d0839cc27828,ctxr,31008,eb9169c7f07c83bc6ce34a6ec11679552cf2bf74
textures/flatlist/ovr_stm/_win/w10c_sk00a.bmp_c23abf4bb26aa9b385f505c9436c87e3.ctxr,textures/flatlist/ovr_stm/_win,w10c_sk00a.bmp_c23abf4bb26aa9b385f505c9436c87e3.ctxr,w10c_sk00a.bmp_c23abf4bb26aa9b385f505c9436c87e3,ctxr,31008,5d9ada27ba426eb2ac85312d49d948a47e6cf114
textures/flatlist/ovr_stm/_win/w10c_sk00b.bmp_d9e12dccb9bcc4cf71139977cbfbc3e7.ctxr,textures/flatlist/ovr_stm/_win,w10c_sk00b.bmp_d9e12dccb9bcc4cf71139977cbfbc3e7.ctxr,w10c_sk00b.bmp_d9e12dccb9bcc4cf71139977cbfbc3e7,ctxr,31008,d17f82c4176d7f1e1c76d75173d617186c07385e
textures/flatlist/ovr_stm/_win/w10c_sk00c.bmp_4081fb1cac8896c709c768596117ba88.ctxr,textures/flatlist/ovr_stm/_win,w10c_sk00c.bmp_4081fb1cac8896c709c768596117ba88.ctxr,w10c_sk00c.bmp_4081fb1cac8896c709c768596117ba88,ctxr,31008,efe1aff94072420241df45c61513194a6a3a234c
textures/flatlist/ovr_stm/_win/w10c_sk00d.bmp_a9ee348f02fbca3d69c1ad8a9a23932a.ctxr,textures/flatlist/ovr_stm/_win,w10c_sk00d.bmp_a9ee348f02fbca3d69c1ad8a9a23932a.ctxr,w10c_sk00d.bmp_a9ee348f02fbca3d69c1ad8a9a23932a,ctxr,18176,6cafc6c5e1c83cc024633268eb0bcd6d1b2a4dec
textures/flatlist/ovr_stm/_win/w10c_sk00e.bmp_0e3bb1fb297f402705e2cad23f68ddf6.ctxr,textures/flatlist/ovr_stm/_win,w10c_sk00e.bmp_0e3bb1fb297f402705e2cad23f68ddf6.ctxr,w10c_sk00e.bmp_0e3bb1fb297f402705e2cad23f68ddf6,ctxr,31008,cc0539571f50e6d08d02a33f80478c2f7e4de303
textures/flatlist/ovr_stm/_win/w10c_sk01.bmp.ctxr,textures/flatlist/ovr_stm/_win,w10c_sk01.bmp.ctxr,w10c_sk01.bmp,ctxr,31008,c0a27ca00c3ff869042710b8abde8a6bdf1b0e15
textures/flatlist/ovr_stm/_win/w10c_sk01.bmp_b38fa6aa2149606ac364f449b0956d51.ctxr,textures/flatlist/ovr_stm/_win,w10c_sk01.bmp_b38fa6aa2149606ac364f449b0956d51.ctxr,w10c_sk01.bmp_b38fa6aa2149606ac364f449b0956d51,ctxr,31008,cb269086c37696c7789173146b684091fcda7b92
textures/flatlist/ovr_stm/_win/w10c_sk01a.bmp_bac7874a3dfb93ad53d87c13aee33f56.ctxr,textures/flatlist/ovr_stm/_win,w10c_sk01a.bmp_bac7874a3dfb93ad53d87c13aee33f56.ctxr,w10c_sk01a.bmp_bac7874a3dfb93ad53d87c13aee33f56,ctxr,31008,3737ca6c01d26d2734418d7f60fcdb92799e745f
textures/flatlist/ovr_stm/_win/w10c_sk01b.bmp_5dc6834c6bebd925dad973550e4c6fdf.ctxr,textures/flatlist/ovr_stm/_win,w10c_sk01b.bmp_5dc6834c6bebd925dad973550e4c6fdf.ctxr,w10c_sk01b.bmp_5dc6834c6bebd925dad973550e4c6fdf,ctxr,18176,4ef03ff391f64fd62e00a6b8bd93e90b939fb272
textures/flatlist/ovr_stm/_win/w10c_sk01c.bmp_a7e8bcc841939628dc2dda275f4d60e0.ctxr,textures/flatlist/ovr_stm/_win,w10c_sk01c.bmp_a7e8bcc841939628dc2dda275f4d60e0.ctxr,w10c_sk01c.bmp_a7e8bcc841939628dc2dda275f4d60e0,ctxr,31008,0603c9dba7a94d982da50125b067895e812b7569
textures/flatlist/ovr_stm/_win/w10c_sk02b.bmp.ctxr,textures/flatlist/ovr_stm/_win,w10c_sk02b.bmp.ctxr,w10c_sk02b.bmp,ctxr,3072,8f803261f81d55478d8b9374b77b61e51313fdc9
textures/flatlist/ovr_stm/_win/w10c_sku00.bmp.ctxr,textures/flatlist/ovr_stm/_win,w10c_sku00.bmp.ctxr,w10c_sku00.bmp,ctxr,6464,996f83abf2dbbae1761757dabe9bc7268a22f0ff
textures/flatlist/ovr_stm/_win/w10c_sku00a.bmp.ctxr,textures/flatlist/ovr_stm/_win,w10c_sku00a.bmp.ctxr,w10c_sku00a.bmp,ctxr,6464,3d37fd6d9d2e76e45c58a56894efb4e1783c2beb
textures/flatlist/ovr_stm/_win/w10c_sku00c.bmp.ctxr,textures/flatlist/ovr_stm/_win,w10c_sku00c.bmp.ctxr,w10c_sku00c.bmp,ctxr,6464,b76d5ad8edbdc439300b12ddec7ef0e8d9b6be42
textures/flatlist/ovr_stm/_win/w10c_sku00d.bmp.ctxr,textures/flatlist/ovr_stm/_win,w10c_sku00d.bmp.ctxr,w10c_sku00d.bmp,ctxr,3872,9636382183b0df73abc6818f0cda994dd75713c8
textures/flatlist/ovr_stm/_win/w10c_sku01a.bmp.ctxr,textures/flatlist/ovr_stm/_win,w10c_sku01a.bmp.ctxr,w10c_sku01a.bmp,ctxr,6464,608df856e926c7cafc4c152f76c0c87e79a28e86
textures/flatlist/ovr_stm/_win/w10c_trapfl01.bmp.ctxr,textures/flatlist/ovr_stm/_win,w10c_trapfl01.bmp.ctxr,w10c_trapfl01.bmp,ctxr,49472,918d8c0a445365ad1d5c6ea50343e8606bacdf87
textures/flatlist/ovr_stm/_win/w10c_w00.bmp.ctxr,textures/flatlist/ovr_stm/_win,w10c_w00.bmp.ctxr,w10c_w00.bmp,ctxr,184640,fc097a3b547c0a6a1559b6070078f48c9b0f0b09
textures/flatlist/ovr_stm/_win/w10c_w00a.bmp.ctxr,textures/flatlist/ovr_stm/_win,w10c_w00a.bmp.ctxr,w10c_w00a.bmp,ctxr,184640,bae32b8ca8bfc32fc2639b9ba8a568d24eb24770
textures/flatlist/ovr_stm/_win/w10c_w00b.bmp.ctxr,textures/flatlist/ovr_stm/_win,w10c_w00b.bmp.ctxr,w10c_w00b.bmp,ctxr,49472,3701f90cb17dfb2c9a5c6f76fd2ab033aec31276
textures/flatlist/ovr_stm/_win/w10c_w00c.bmp_1a2ec7dfc72a4bdfc203becd5d5bccf6.ctxr,textures/flatlist/ovr_stm/_win,w10c_w00c.bmp_1a2ec7dfc72a4bdfc203becd5d5bccf6.ctxr,w10c_w00c.bmp_1a2ec7dfc72a4bdfc203becd5d5bccf6,ctxr,12640,8a0bc68b6cf615f689a172e16368ca9459cf2eb5
textures/flatlist/ovr_stm/_win/w10c_w00e.bmp.ctxr,textures/flatlist/ovr_stm/_win,w10c_w00e.bmp.ctxr,w10c_w00e.bmp,ctxr,184640,0b66e93291b916adbd09575f9972a1612da96243
textures/flatlist/ovr_stm/_win/w10c_w00f2.bmp.ctxr,textures/flatlist/ovr_stm/_win,w10c_w00f2.bmp.ctxr,w10c_w00f2.bmp,ctxr,184640,8d790bf1ee52cfc2d2b50397139fa6ddacc9882d
textures/flatlist/ovr_stm/_win/w10c_w02.bmp.ctxr,textures/flatlist/ovr_stm/_win,w10c_w02.bmp.ctxr,w10c_w02.bmp,ctxr,12608,31c812a8e9347ec3eb2b718beb99dfa878dcdce9
textures/flatlist/ovr_stm/_win/w10c_w06b2.bmp.ctxr,textures/flatlist/ovr_stm/_win,w10c_w06b2.bmp.ctxr,w10c_w06b2.bmp,ctxr,129344,75c3e8d0453261909d1917d5c5d9e856fd5e6c48
textures/flatlist/ovr_stm/_win/w11a0_amiflr1.bmp.ctxr,textures/flatlist/ovr_stm/_win,w11a0_amiflr1.bmp.ctxr,w11a0_amiflr1.bmp,ctxr,87744,534a77c6a2b18b1afded4e1e66bd7c752968f891
textures/flatlist/ovr_stm/_win/w11a0_amiflr1_nuke_alp.bmp.ctxr,textures/flatlist/ovr_stm/_win,w11a0_amiflr1_nuke_alp.bmp.ctxr,w11a0_amiflr1_nuke_alp.bmp,ctxr,31008,c7449af7ff6853b61419773579beed01a1ccee93
textures/flatlist/ovr_stm/_win/w11a0_amiflr2.bmp.ctxr,textures/flatlist/ovr_stm/_win,w11a0_amiflr2.bmp.ctxr,w11a0_amiflr2.bmp,ctxr,33120,b85f12535544d6ada2cc465cf1df75c866e1ee31
textures/flatlist/ovr_stm/_win/w11a0_bonbe1.bmp.ctxr,textures/flatlist/ovr_stm/_win,w11a0_bonbe1.bmp.ctxr,w11a0_bonbe1.bmp,ctxr,37152,7749e3c654bc213b0176155fbb099256bac1ea5c
textures/flatlist/ovr_stm/_win/w11a0_crndesk_f1.bmp.ctxr,textures/flatlist/ovr_stm/_win,w11a0_crndesk_f1.bmp.ctxr,w11a0_crndesk_f1.bmp,ctxr,51488,d502d70527b4e15a6af6e286b23f9e003d2cb6c9
textures/flatlist/ovr_stm/_win/w11a0_deckwall1.bmp.ctxr,textures/flatlist/ovr_stm/_win,w11a0_deckwall1.bmp.ctxr,w11a0_deckwall1.bmp,ctxr,37184,ac16523883cd21bf8137c7dd2bbdb2c4f257d3e5
textures/flatlist/ovr_stm/_win/w11a0_drwall_panel_r.bmp.ctxr,textures/flatlist/ovr_stm/_win,w11a0_drwall_panel_r.bmp.ctxr,w11a0_drwall_panel_r.bmp,ctxr,18752,9b1f4a819c049a7ffd4a8285b67f748a6b2878f8
textures/flatlist/ovr_stm/_win/w11a0_duct1.bmp.ctxr,textures/flatlist/ovr_stm/_win,w11a0_duct1.bmp.ctxr,w11a0_duct1.bmp,ctxr,164224,52337597bc4637e6e75cffe4f0ef40e1dcff9d78
textures/flatlist/ovr_stm/_win/w11a0_duct1_enter.bmp.ctxr,textures/flatlist/ovr_stm/_win,w11a0_duct1_enter.bmp.ctxr,w11a0_duct1_enter.bmp,ctxr,67904,d8e4e36f9fce097a0b26802510ac85f8aadac4da
textures/flatlist/ovr_stm/_win/w11a0_duct_fence_alp.bmp.ctxr,textures/flatlist/ovr_stm/_win,w11a0_duct_fence_alp.bmp.ctxr,w11a0_duct_fence_alp.bmp,ctxr,11264,99cb9aa7b186780d349a7dff083c481add363ae8
textures/flatlist/ovr_stm/_win/w11a0_fence1_alp.bmp.ctxr,textures/flatlist/ovr_stm/_win,w11a0_fence1_alp.bmp.ctxr,w11a0_fence1_alp.bmp,ctxr,172384,78ea2210933996c50aff36956ce5c569474472a1
textures/flatlist/ovr_stm/_win/w11a0_floor1.bmp.ctxr,textures/flatlist/ovr_stm/_win,w11a0_floor1.bmp.ctxr,w11a0_floor1.bmp,ctxr,165536,b14e1170ec58bee51c09654d43429fadb39a43ce
textures/flatlist/ovr_stm/_win/w11a0_floor1_side.bmp.ctxr,textures/flatlist/ovr_stm/_win,w11a0_floor1_side.bmp.ctxr,w11a0_floor1_side.bmp,ctxr,41632,d66ff8197ac9285b34f50aecb72ad152d44b3b05
textures/flatlist/ovr_stm/_win/w11a0_gas_cap00.bmp.ctxr,textures/flatlist/ovr_stm/_win,w11a0_gas_cap00.bmp.ctxr,w11a0_gas_cap00.bmp,ctxr,2336,a2d663fe9853e4fa90e9f1764623fc75070f490a
textures/flatlist/ovr_stm/_win/w11a0_jmst_dai1.bmp.ctxr,textures/flatlist/ovr_stm/_win,w11a0_jmst_dai1.bmp.ctxr,w11a0_jmst_dai1.bmp,ctxr,31008,a0896aacb5c2a723e6af2d4422ee2db4c701aeb9
textures/flatlist/ovr_stm/_win/w11a0_pillar1.bmp.ctxr,textures/flatlist/ovr_stm/_win,w11a0_pillar1.bmp.ctxr,w11a0_pillar1.bmp,ctxr,74048,dd246eccf1685fb5ecb9ebb99e2ff14fb238c5d4
textures/flatlist/ovr_stm/_win/w11a0_poolwall1.bmp.ctxr,textures/flatlist/ovr_stm/_win,w11a0_poolwall1.bmp.ctxr,w11a0_poolwall1.bmp,ctxr,27968,b3f33ec771d086124d1af03ca2dfed97d14badc5
textures/flatlist/ovr_stm/_win/w11a0_poolwall2.bmp.ctxr,textures/flatlist/ovr_stm/_win,w11a0_poolwall2.bmp.ctxr,w11a0_poolwall2.bmp,ctxr,98656,4fccffc95ed2012d46e31fbb0e13f36a5f81741c
textures/flatlist/ovr_stm/_win/w11a0_pool_entflor1.bmp.ctxr,textures/flatlist/ovr_stm/_win,w11a0_pool_entflor1.bmp.ctxr,w11a0_pool_entflor1.bmp,ctxr,24896,30c7ec2baa0bdd7a805c879bf84a8f198d4535d8
textures/flatlist/ovr_stm/_win/w11a0_poor_tsr1.bmp.ctxr,textures/flatlist/ovr_stm/_win,w11a0_poor_tsr1.bmp.ctxr,w11a0_poor_tsr1.bmp,ctxr,16736,5cfc3fae9b2c06db5fcf88a0c60a39c295ae2067
textures/flatlist/ovr_stm/_win/w11a0_poor_tsr2.bmp.ctxr,textures/flatlist/ovr_stm/_win,w11a0_poor_tsr2.bmp.ctxr,w11a0_poor_tsr2.bmp,ctxr,6464,2cc022228a11c9c92bd5149e853009ba755a8993
textures/flatlist/ovr_stm/_win/w11a0_southwall1.bmp.ctxr,textures/flatlist/ovr_stm/_win,w11a0_southwall1.bmp.ctxr,w11a0_southwall1.bmp,ctxr,123200,3d15038ba6faaa88a40b20f30d240ed66a83e962
textures/flatlist/ovr_stm/_win/w11a0_southwall2.bmp.ctxr,textures/flatlist/ovr_stm/_win,w11a0_southwall2.bmp.ctxr,w11a0_southwall2.bmp,ctxr,98656,f52feca47bb55032070c98567843c67e564a8103
textures/flatlist/ovr_stm/_win/w11a0_southwall_hari1.bmp.ctxr,textures/flatlist/ovr_stm/_win,w11a0_southwall_hari1.bmp.ctxr,w11a0_southwall_hari1.bmp,ctxr,60224,d115c21b5563125ebf2f0dd8a25f3df0d6d17901
textures/flatlist/ovr_stm/_win/w11a0_step1.bmp.ctxr,textures/flatlist/ovr_stm/_win,w11a0_step1.bmp.ctxr,w11a0_step1.bmp,ctxr,31008,0dc45c1d91fc00bf805e97ac350586daeb3e51e8
textures/flatlist/ovr_stm/_win/w11a0_tank1_asi1.bmp.ctxr,textures/flatlist/ovr_stm/_win,w11a0_tank1_asi1.bmp.ctxr,w11a0_tank1_asi1.bmp,ctxr,8512,7cdf188112aa8608c9eb4899d0eaa1b54398449a
textures/flatlist/ovr_stm/_win/w11a0_tank1_asi2.bmp.ctxr,textures/flatlist/ovr_stm/_win,w11a0_tank1_asi2.bmp.ctxr,w11a0_tank1_asi2.bmp,ctxr,8512,ddd3cf9859760e901dcbadb06f79c5e95591d562
textures/flatlist/ovr_stm/_win/w11a0_tank1_ender.bmp.ctxr,textures/flatlist/ovr_stm/_win,w11a0_tank1_ender.bmp.ctxr,w11a0_tank1_ender.bmp,ctxr,5792,ce34b00b37569bad27cc046c85575d7147f3556c
textures/flatlist/ovr_stm/_win/w11a0_tank1_s.bmp.ctxr,textures/flatlist/ovr_stm/_win,w11a0_tank1_s.bmp.ctxr,w11a0_tank1_s.bmp,ctxr,49472,feb5f79327cba3f2391ea8ce54a1a72724992323
textures/flatlist/ovr_stm/_win/w11a0_temptex1_pipe.bmp.ctxr,textures/flatlist/ovr_stm/_win,w11a0_temptex1_pipe.bmp.ctxr,w11a0_temptex1_pipe.bmp,ctxr,22208,28e36553a71632a13a3bde39b4e8f1a7fee94c9d
textures/flatlist/ovr_stm/_win/w11a0_tsr1.bmp.ctxr,textures/flatlist/ovr_stm/_win,w11a0_tsr1.bmp.ctxr,w11a0_tsr1.bmp,ctxr,8544,2fbad43bdabb8ca7c63c350cc639c1daeac29a47
textures/flatlist/ovr_stm/_win/w11a0_tsr2.bmp.ctxr,textures/flatlist/ovr_stm/_win,w11a0_tsr2.bmp.ctxr,w11a0_tsr2.bmp,ctxr,4416,e57f8c53f1bb6b1ef50963aedf421fab60d2cfb8
textures/flatlist/ovr_stm/_win/w11a0_wall1.bmp.ctxr,textures/flatlist/ovr_stm/_win,w11a0_wall1.bmp.ctxr,w11a0_wall1.bmp,ctxr,160064,0dfa4254f379da287c13ef4ace2fa200b4e7bf2c
textures/flatlist/ovr_stm/_win/w11a0_wall2.bmp.ctxr,textures/flatlist/ovr_stm/_win,w11a0_wall2.bmp.ctxr,w11a0_wall2.bmp,ctxr,160064,1b4eae68aa951ca1df101d601ff6eff2507d7061
textures/flatlist/ovr_stm/_win/w11a1_flr2.bmp.ctxr,textures/flatlist/ovr_stm/_win,w11a1_flr2.bmp.ctxr,w11a1_flr2.bmp,ctxr,61728,756814f0a096cc78253df1aa42227ec45a4092b4
textures/flatlist/ovr_stm/_win/w11a1_pillar1.bmp.ctxr,textures/flatlist/ovr_stm/_win,w11a1_pillar1.bmp.ctxr,w11a1_pillar1.bmp,ctxr,37184,968cf834f09ca1d176c01c930d51126632dd9400
textures/flatlist/ovr_stm/_win/w11a1_pillar1_s.bmp.ctxr,textures/flatlist/ovr_stm/_win,w11a1_pillar1_s.bmp.ctxr,w11a1_pillar1_s.bmp,ctxr,37184,6f1afa42dfc699f154791350ba0a5645bdcbe403
textures/flatlist/ovr_stm/_win/w11a1_pillar2.bmp.ctxr,textures/flatlist/ovr_stm/_win,w11a1_pillar2.bmp.ctxr,w11a1_pillar2.bmp,ctxr,37184,1214a6bb6f339077d60b800453572a5625c6dcf8
textures/flatlist/ovr_stm/_win/w11a1_pillar2_s.bmp.ctxr,textures/flatlist/ovr_stm/_win,w11a1_pillar2_s.bmp.ctxr,w11a1_pillar2_s.bmp,ctxr,37184,12a387244c9dac1af9e1fc20190030f63e68ab91
textures/flatlist/ovr_stm/_win/w11a1_pipe_endbox.bmp.ctxr,textures/flatlist/ovr_stm/_win,w11a1_pipe_endbox.bmp.ctxr,w11a1_pipe_endbox.bmp,ctxr,12608,928fafa156199fc3e479f9fc7f0d88f363d9fb5b
textures/flatlist/ovr_stm/_win/w11a1_wall1.bmp.ctxr,textures/flatlist/ovr_stm/_win,w11a1_wall1.bmp.ctxr,w11a1_wall1.bmp,ctxr,74048,060c694b1aab23da005720e696807235962497d7
textures/flatlist/ovr_stm/_win/w11a1_wall2.bmp.ctxr,textures/flatlist/ovr_stm/_win,w11a1_wall2.bmp.ctxr,w11a1_wall2.bmp,ctxr,74048,1a9a63401d9515c14b8a8841c62dad3323e301cd
textures/flatlist/ovr_stm/_win/w11a1_wall3.bmp.ctxr,textures/flatlist/ovr_stm/_win,w11a1_wall3.bmp.ctxr,w11a1_wall3.bmp,ctxr,74048,55ca1cb2d9ee6e487879c97d24b75ccb639e3046
textures/flatlist/ovr_stm/_win/w11a2_cable1_st.bmp.ctxr,textures/flatlist/ovr_stm/_win,w11a2_cable1_st.bmp.ctxr,w11a2_cable1_st.bmp,ctxr,20768,c7ed98e4f06e930260e1707778417a58bff62cf8
textures/flatlist/ovr_stm/_win/w11a2_ceil1.bmp.ctxr,textures/flatlist/ovr_stm/_win,w11a2_ceil1.bmp.ctxr,w11a2_ceil1.bmp,ctxr,65888,5e947d68b720df0df05ed957997d11fc12a576e0
textures/flatlist/ovr_stm/_win/w11a2_ceillit_hanger1.bmp.ctxr,textures/flatlist/ovr_stm/_win,w11a2_ceillit_hanger1.bmp.ctxr,w11a2_ceillit_hanger1.bmp,ctxr,15680,73f493467cf0c73468925d91c22c6f20d30f617a
textures/flatlist/ovr_stm/_win/w11a2_closed_shatter.bmp.ctxr,textures/flatlist/ovr_stm/_win,w11a2_closed_shatter.bmp.ctxr,w11a2_closed_shatter.bmp,ctxr,92480,8bc8e021b2cbf7b4ef313be9a475bde901f9736f
textures/flatlist/ovr_stm/_win/w11a2_drwall1_head.bmp.ctxr,textures/flatlist/ovr_stm/_win,w11a2_drwall1_head.bmp.ctxr,w11a2_drwall1_head.bmp,ctxr,12608,0109b29558bbe9b3f9c082ad55ad42f54f63d41e
textures/flatlist/ovr_stm/_win/w11a2_elvgate_pillar.bmp.ctxr,textures/flatlist/ovr_stm/_win,w11a2_elvgate_pillar.bmp.ctxr,w11a2_elvgate_pillar.bmp,ctxr,33120,7887157db0788abf8e925bc84a89734ca781dfc9
textures/flatlist/ovr_stm/_win/w11a2_flr1.bmp.ctxr,textures/flatlist/ovr_stm/_win,w11a2_flr1.bmp.ctxr,w11a2_flr1.bmp,ctxr,221536,bc6f2423af2777471fb20c89597c24b99f3435ca
textures/flatlist/ovr_stm/_win/w11a2_gate_flr1.bmp.ctxr,textures/flatlist/ovr_stm/_win,w11a2_gate_flr1.bmp.ctxr,w11a2_gate_flr1.bmp,ctxr,18720,bce89b19bcb1fc72af71391ecf65ac6b73d801db
textures/flatlist/ovr_stm/_win/w11a2_pillar1.bmp.ctxr,textures/flatlist/ovr_stm/_win,w11a2_pillar1.bmp.ctxr,w11a2_pillar1.bmp,ctxr,82240,38dff75c477c8a20da05027a98216f372a474f48
textures/flatlist/ovr_stm/_win/w11a2_pillar2.bmp.ctxr,textures/flatlist/ovr_stm/_win,w11a2_pillar2.bmp.ctxr,w11a2_pillar2.bmp,ctxr,82240,355e5afeddc1c02dbc5a5b840d8130493fa19fc2
textures/flatlist/ovr_stm/_win/w11a2_pipe3.bmp.ctxr,textures/flatlist/ovr_stm/_win,w11a2_pipe3.bmp.ctxr,w11a2_pipe3.bmp,ctxr,16736,5ec22bc7a10821deebf9db3117d797a0730828a5
textures/flatlist/ovr_stm/_win/w11a2_sunoko.bmp.ctxr,textures/flatlist/ovr_stm/_win,w11a2_sunoko.bmp.ctxr,w11a2_sunoko.bmp,ctxr,49472,69aa9053bc775419a68418808874ece8cc1d03d2
textures/flatlist/ovr_stm/_win/w11a2_wall1.bmp.ctxr,textures/flatlist/ovr_stm/_win,w11a2_wall1.bmp.ctxr,w11a2_wall1.bmp,ctxr,184640,c2e4c5ea9cbdd6ff2735eb2725e4d496f1ee06de
textures/flatlist/ovr_stm/_win/w11a_gas2_02_t.bmp.ctxr,textures/flatlist/ovr_stm/_win,w11a_gas2_02_t.bmp.ctxr,w11a_gas2_02_t.bmp,ctxr,16704,a9e4d483129d3c71d83b3769ba02ba58cba974fb
textures/flatlist/ovr_stm/_win/w11a_gas2_03_t.bmp.ctxr,textures/flatlist/ovr_stm/_win,w11a_gas2_03_t.bmp.ctxr,w11a_gas2_03_t.bmp,ctxr,16704,5dd453a04100655207a9b6444fa15a73e6db1220
textures/flatlist/ovr_stm/_win/w11a_gas2_04_t.bmp.ctxr,textures/flatlist/ovr_stm/_win,w11a_gas2_04_t.bmp.ctxr,w11a_gas2_04_t.bmp,ctxr,3328,4a786deee3b119eb9956e26ec5ff4bfafe21e681
textures/flatlist/ovr_stm/_win/w11a_gas_02_t.bmp.ctxr,textures/flatlist/ovr_stm/_win,w11a_gas_02_t.bmp.ctxr,w11a_gas_02_t.bmp,ctxr,16704,30f46e5a033a5018503f335df28c4ffd4f85a497
textures/flatlist/ovr_stm/_win/w11a_litflame_wire_alp.bmp.ctxr,textures/flatlist/ovr_stm/_win,w11a_litflame_wire_alp.bmp.ctxr,w11a_litflame_wire_alp.bmp,ctxr,11296,e8d4f796556312c87b2484166576149da5254fa5
textures/flatlist/ovr_stm/_win/w11a_t_hako_c.bmp.ctxr,textures/flatlist/ovr_stm/_win,w11a_t_hako_c.bmp.ctxr,w11a_t_hako_c.bmp,ctxr,7104,df9c3bb59a7fb1d7509402e2d79dcc22d58be93e
textures/flatlist/ovr_stm/_win/w11a_t_hako_d.bmp.ctxr,textures/flatlist/ovr_stm/_win,w11a_t_hako_d.bmp.ctxr,w11a_t_hako_d.bmp,ctxr,71968,3a2ac382dfa842ba8f8a118b27ec422414213bb9
textures/flatlist/ovr_stm/_win/w11a_t_hako_e_2.bmp.ctxr,textures/flatlist/ovr_stm/_win,w11a_t_hako_e_2.bmp.ctxr,w11a_t_hako_e_2.bmp,ctxr,8800,c8c51e47713f46bd18c16bc228a034f1238b0f4c
textures/flatlist/ovr_stm/_win/w11a_t_tana2_b.bmp.ctxr,textures/flatlist/ovr_stm/_win,w11a_t_tana2_b.bmp.ctxr,w11a_t_tana2_b.bmp,ctxr,5824,b98dcc2391b875c9929b5ba1681af8798eb9bb16
textures/flatlist/ovr_stm/_win/w11a_t_tana2_c.bmp.ctxr,textures/flatlist/ovr_stm/_win,w11a_t_tana2_c.bmp.ctxr,w11a_t_tana2_c.bmp,ctxr,5824,7b0fa94974e4695706b619dae1bcd3f650c580b7
textures/flatlist/ovr_stm/_win/w11a_t_tana_a.bmp.ctxr,textures/flatlist/ovr_stm/_win,w11a_t_tana_a.bmp.ctxr,w11a_t_tana_a.bmp,ctxr,65888,c110f514cff25a9ce469e7bd40a67cb1d5a638b3
textures/flatlist/ovr_stm/_win/w11b2_ironbox_sf.bmp.ctxr,textures/flatlist/ovr_stm/_win,w11b2_ironbox_sf.bmp.ctxr,w11b2_ironbox_sf.bmp,ctxr,44064,035fa6052698d290f5559acff6226781bf014fa8
textures/flatlist/ovr_stm/_win/w11c2_lit_ele_box2.bmp.ctxr,textures/flatlist/ovr_stm/_win,w11c2_lit_ele_box2.bmp.ctxr,w11c2_lit_ele_box2.bmp,ctxr,12576,e6eb17d096b84f7a83ffbc98ab591a055598113f
textures/flatlist/ovr_stm/_win/w11c2_spipe_temptex1.bmp.ctxr,textures/flatlist/ovr_stm/_win,w11c2_spipe_temptex1.bmp.ctxr,w11c2_spipe_temptex1.bmp,ctxr,22176,e714dd1b7407aa52144b0eb3363ac5fe9d09277a
textures/flatlist/ovr_stm/_win/w11_drum_f1.bmp.ctxr,textures/flatlist/ovr_stm/_win,w11_drum_f1.bmp.ctxr,w11_drum_f1.bmp,ctxr,27616,09f1d14107d4eaab4669d70b8bf4a21306199d95
textures/flatlist/ovr_stm/_win/w11_drum_t1.bmp.ctxr,textures/flatlist/ovr_stm/_win,w11_drum_t1.bmp.ctxr,w11_drum_t1.bmp,ctxr,12576,5a846b276617908a24a98373f3d8d4aa9d35927d
textures/flatlist/ovr_stm/_win/w11_explode_drum_f1.bmp.ctxr,textures/flatlist/ovr_stm/_win,w11_explode_drum_f1.bmp.ctxr,w11_explode_drum_f1.bmp,ctxr,27616,0804876a0b939c78cca48df3d824d79f89bf41a9
textures/flatlist/ovr_stm/_win/w11_explode_drum_t1.bmp.ctxr,textures/flatlist/ovr_stm/_win,w11_explode_drum_t1.bmp.ctxr,w11_explode_drum_t1.bmp,ctxr,12576,befe1ce3edf5c4ee317ac333961b9513529043ed
textures/flatlist/ovr_stm/_win/w11_sdr_f1.bmp.ctxr,textures/flatlist/ovr_stm/_win,w11_sdr_f1.bmp.ctxr,w11_sdr_f1.bmp,ctxr,24896,e867187b7cfc96306b0fd685067d30083151568d
textures/flatlist/ovr_stm/_win/w11_woodbox_all.bmp.ctxr,textures/flatlist/ovr_stm/_win,w11_woodbox_all.bmp.ctxr,w11_woodbox_all.bmp,ctxr,44064,b35f4b3ff8232d445062473a65c5e4867837aec0
textures/flatlist/ovr_stm/_win/w12a_fl00.bmp.ctxr,textures/flatlist/ovr_stm/_win,w12a_fl00.bmp.ctxr,w12a_fl00.bmp,ctxr,49472,1fd72466ecf8fc158780cb50e8844e4cfb726704
textures/flatlist/ovr_stm/_win/w12a_fl00a.bmp.ctxr,textures/flatlist/ovr_stm/_win,w12a_fl00a.bmp.ctxr,w12a_fl00a.bmp,ctxr,37152,5881d3c1c846a9378924400c94cf53fed1c637f5
textures/flatlist/ovr_stm/_win/w12a_fl00b.bmp.ctxr,textures/flatlist/ovr_stm/_win,w12a_fl00b.bmp.ctxr,w12a_fl00b.bmp,ctxr,33088,d47e7c76925976cd307aed48326f772619b2e17d
textures/flatlist/ovr_stm/_win/w12a_fl00c.bmp.ctxr,textures/flatlist/ovr_stm/_win,w12a_fl00c.bmp.ctxr,w12a_fl00c.bmp,ctxr,24896,b284ff4e15efb5793da298e611dddb0461b4b77c
textures/flatlist/ovr_stm/_win/w12a_fl00d.bmp.ctxr,textures/flatlist/ovr_stm/_win,w12a_fl00d.bmp.ctxr,w12a_fl00d.bmp,ctxr,16704,f899b2ae874a693349c901d394532778d4ea3117
textures/flatlist/ovr_stm/_win/w12a_fl00e.bmp.ctxr,textures/flatlist/ovr_stm/_win,w12a_fl00e.bmp.ctxr,w12a_fl00e.bmp,ctxr,16704,337acfe422543de129190f33cd3cadc9ff5ae675
textures/flatlist/ovr_stm/_win/w12a_fl00f.bmp.ctxr,textures/flatlist/ovr_stm/_win,w12a_fl00f.bmp.ctxr,w12a_fl00f.bmp,ctxr,6464,0ec239b7c0d88e4037472cd80b219998a35fbf9d
textures/flatlist/ovr_stm/_win/w12a_fl00g.bmp.ctxr,textures/flatlist/ovr_stm/_win,w12a_fl00g.bmp.ctxr,w12a_fl00g.bmp,ctxr,24896,d6424297a3debc76e9bf5c76abf20c4be7128faa
textures/flatlist/ovr_stm/_win/w12a_fl01.bmp.ctxr,textures/flatlist/ovr_stm/_win,w12a_fl01.bmp.ctxr,w12a_fl01.bmp,ctxr,12608,71a249d27ceba57ff9f279ec5e640d0e989e7580
textures/flatlist/ovr_stm/_win/w12a_fl01a.bmp.ctxr,textures/flatlist/ovr_stm/_win,w12a_fl01a.bmp.ctxr,w12a_fl01a.bmp,ctxr,9504,280786189e1c89c7399fea72ac28b373268b0e4a
textures/flatlist/ovr_stm/_win/w12a_fl01b.bmp.ctxr,textures/flatlist/ovr_stm/_win,w12a_fl01b.bmp.ctxr,w12a_fl01b.bmp,ctxr,3328,3413848ea5a0edaced1da952c94e5265e2421588
textures/flatlist/ovr_stm/_win/w12a_fl01c.bmp.ctxr,textures/flatlist/ovr_stm/_win,w12a_fl01c.bmp.ctxr,w12a_fl01c.bmp,ctxr,6432,7302015bcfc5ca81919c8f29346973fb07743ab2
textures/flatlist/ovr_stm/_win/w12a_fl01d.bmp.ctxr,textures/flatlist/ovr_stm/_win,w12a_fl01d.bmp.ctxr,w12a_fl01d.bmp,ctxr,12608,6b1689fc392567ad73c450819ec26e933e4e9a1d
textures/flatlist/ovr_stm/_win/w12a_fl05.bmp.ctxr,textures/flatlist/ovr_stm/_win,w12a_fl05.bmp.ctxr,w12a_fl05.bmp,ctxr,33088,73b929cdd5c5cdb6eb858b532d1ad09d4b6d223d
textures/flatlist/ovr_stm/_win/w12a_fl05a.bmp.ctxr,textures/flatlist/ovr_stm/_win,w12a_fl05a.bmp.ctxr,w12a_fl05a.bmp,ctxr,9856,36029382e92ea0c7198395230647c348d6a0b0ee
textures/flatlist/ovr_stm/_win/w12a_fl05b.bmp.ctxr,textures/flatlist/ovr_stm/_win,w12a_fl05b.bmp.ctxr,w12a_fl05b.bmp,ctxr,13440,4758417f68aeec48f8ce2c4a49ee92afed717f07
textures/flatlist/ovr_stm/_win/w12a_fl05c.bmp.ctxr,textures/flatlist/ovr_stm/_win,w12a_fl05c.bmp.ctxr,w12a_fl05c.bmp,ctxr,28448,0e29b7ef3c2870e47ec2fb3e0f191707f6ae63ce
textures/flatlist/ovr_stm/_win/w12a_fl05d.bmp.ctxr,textures/flatlist/ovr_stm/_win,w12a_fl05d.bmp.ctxr,w12a_fl05d.bmp,ctxr,20768,666ab026b8045927958a4d87f7a1152395f8b0ee
textures/flatlist/ovr_stm/_win/w12a_fl05e.bmp.ctxr,textures/flatlist/ovr_stm/_win,w12a_fl05e.bmp.ctxr,w12a_fl05e.bmp,ctxr,20768,3a9c028a2afd5b8d5de66e2af7118f370b62b9fc
textures/flatlist/ovr_stm/_win/w12a_ironbox_sf.bmp.ctxr,textures/flatlist/ovr_stm/_win,w12a_ironbox_sf.bmp.ctxr,w12a_ironbox_sf.bmp,ctxr,44064,92456b778eb778c34c609314da2eb4c198b52d8f
textures/flatlist/ovr_stm/_win/w12a_rf00a.bmp.ctxr,textures/flatlist/ovr_stm/_win,w12a_rf00a.bmp.ctxr,w12a_rf00a.bmp,ctxr,229760,a68e80dacac92a5511eefa95f8a3a9f565d4cb4b
textures/flatlist/ovr_stm/_win/w12a_t_hako_d.bmp.ctxr,textures/flatlist/ovr_stm/_win,w12a_t_hako_d.bmp.ctxr,w12a_t_hako_d.bmp,ctxr,71968,0168aab613bfa32fc06b16568a02d5aa0abf468c
textures/flatlist/ovr_stm/_win/w12a_w00a.bmp.ctxr,textures/flatlist/ovr_stm/_win,w12a_w00a.bmp.ctxr,w12a_w00a.bmp,ctxr,143680,b764348605c47f259db25fd35897e0745c477112
textures/flatlist/ovr_stm/_win/w12a_w00b.bmp.ctxr,textures/flatlist/ovr_stm/_win,w12a_w00b.bmp.ctxr,w12a_w00b.bmp,ctxr,143680,a5186d42c048bef31cdb8a5e62e2863909e8ac3c
textures/flatlist/ovr_stm/_win/w12a_w01a.bmp.ctxr,textures/flatlist/ovr_stm/_win,w12a_w01a.bmp.ctxr,w12a_w01a.bmp,ctxr,22208,abc3bc869f516365f939da37bfe462089672317c
textures/flatlist/ovr_stm/_win/w12a_w01e.bmp.ctxr,textures/flatlist/ovr_stm/_win,w12a_w01e.bmp.ctxr,w12a_w01e.bmp,ctxr,16736,414751272b4685d654de09035b4693ad59758a44
textures/flatlist/ovr_stm/_win/w12a_w03.bmp_661e3b0b04936b908f29261f775d72d9.ctxr,textures/flatlist/ovr_stm/_win,w12a_w03.bmp_661e3b0b04936b908f29261f775d72d9.ctxr,w12a_w03.bmp_661e3b0b04936b908f29261f775d72d9,ctxr,24896,2624f8c3d13f7c18a0a52b6742281c1b1e984994
textures/flatlist/ovr_stm/_win/w12b0_enta03.bmp.ctxr,textures/flatlist/ovr_stm/_win,w12b0_enta03.bmp.ctxr,w12b0_enta03.bmp,ctxr,31040,2328bd79529eef475b78383e0f652b84aa6c1d6f
textures/flatlist/ovr_stm/_win/w12b0_partition_01_alp_ovl.bmp.ctxr,textures/flatlist/ovr_stm/_win,w12b0_partition_01_alp_ovl.bmp.ctxr,w12b0_partition_01_alp_ovl.bmp,ctxr,30144,2408690c0e22b2f22210db8335168fe187ec4367
textures/flatlist/ovr_stm/_win/w12b0_wall_11.bmp.ctxr,textures/flatlist/ovr_stm/_win,w12b0_wall_11.bmp.ctxr,w12b0_wall_11.bmp,ctxr,61728,26ae32933585b597b3941a3d4c9d7ac2ee7cd693
textures/flatlist/ovr_stm/_win/w12b0_wall_14.bmp.ctxr,textures/flatlist/ovr_stm/_win,w12b0_wall_14.bmp.ctxr,w12b0_wall_14.bmp,ctxr,49504,412f883b3be8eb39ae80dfe5e68e58bad10342e2
textures/flatlist/ovr_stm/_win/w12b0_wall_16.bmp.ctxr,textures/flatlist/ovr_stm/_win,w12b0_wall_16.bmp.ctxr,w12b0_wall_16.bmp,ctxr,115008,f5ad78b5d9e67817787aeeb37395f54cee40ec9a
textures/flatlist/ovr_stm/_win/w12b1_floor1_mk.bmp.ctxr,textures/flatlist/ovr_stm/_win,w12b1_floor1_mk.bmp.ctxr,w12b1_floor1_mk.bmp,ctxr,553280,5e61c64eab8a5ea5874a52953194b96c336c4391
textures/flatlist/ovr_stm/_win/w12b1_floor_01.bmp.ctxr,textures/flatlist/ovr_stm/_win,w12b1_floor_01.bmp.ctxr,w12b1_floor_01.bmp,ctxr,49472,f729d5d712e0d685df3406fe583711258080d33e
textures/flatlist/ovr_stm/_win/w12b1_floor_02mk.bmp.ctxr,textures/flatlist/ovr_stm/_win,w12b1_floor_02mk.bmp.ctxr,w12b1_floor_02mk.bmp,ctxr,26912,c68c99887da00909d1e49c33584aba3203dab096
textures/flatlist/ovr_stm/_win/w12b1_floor_03mk.bmp.ctxr,textures/flatlist/ovr_stm/_win,w12b1_floor_03mk.bmp.ctxr,w12b1_floor_03mk.bmp,ctxr,110944,7ce124b0391512d32a646ec6a8b9782238fb925a
textures/flatlist/ovr_stm/_win/w12b1_floor_04mk.bmp.ctxr,textures/flatlist/ovr_stm/_win,w12b1_floor_04mk.bmp.ctxr,w12b1_floor_04mk.bmp,ctxr,110944,5c355c323916951a897978b64d0fab72be3f6bf0
textures/flatlist/ovr_stm/_win/w12b1_floor_04_alp_ovl.bmp.ctxr,textures/flatlist/ovr_stm/_win,w12b1_floor_04_alp_ovl.bmp.ctxr,w12b1_floor_04_alp_ovl.bmp,ctxr,4896,84dd1ce0a64dbd7afc396afa19c49619e71e0265
textures/flatlist/ovr_stm/_win/w12b1_floor_06.bmp.ctxr,textures/flatlist/ovr_stm/_win,w12b1_floor_06.bmp.ctxr,w12b1_floor_06.bmp,ctxr,98656,8024fc38815289af8a0bc47a02902a5471c820c1
textures/flatlist/ovr_stm/_win/w12b1_panel_03.bmp.ctxr,textures/flatlist/ovr_stm/_win,w12b1_panel_03.bmp.ctxr,w12b1_panel_03.bmp,ctxr,37152,671d90e981e39d824a51f3c685cdbceea3aba877
textures/flatlist/ovr_stm/_win/w12b1_panel_04.bmp.ctxr,textures/flatlist/ovr_stm/_win,w12b1_panel_04.bmp.ctxr,w12b1_panel_04.bmp,ctxr,37184,2457dd32254d2583a3f3f2824b3563016446aa89
textures/flatlist/ovr_stm/_win/w12b1_panel_20.bmp.ctxr,textures/flatlist/ovr_stm/_win,w12b1_panel_20.bmp.ctxr,w12b1_panel_20.bmp,ctxr,20768,252e35f153f8ae5a318921eb4c480db41a6c49e7
textures/flatlist/ovr_stm/_win/w12b1_panel_23.bmp.ctxr,textures/flatlist/ovr_stm/_win,w12b1_panel_23.bmp.ctxr,w12b1_panel_23.bmp,ctxr,6432,fdb53d97754654f6756bb5197e75ffbd9b521501
textures/flatlist/ovr_stm/_win/w12b1_step2.bmp.ctxr,textures/flatlist/ovr_stm/_win,w12b1_step2.bmp.ctxr,w12b1_step2.bmp,ctxr,27936,f4014fbc264782deafbdffbb1800e5021cae96dc
textures/flatlist/ovr_stm/_win/w12b1_step_mk.bmp.ctxr,textures/flatlist/ovr_stm/_win,w12b1_step_mk.bmp.ctxr,w12b1_step_mk.bmp,ctxr,9504,88e12493fb617b745534c3a92444c6ee9e88ea50
textures/flatlist/ovr_stm/_win/w12b1_tank_08mk.bmp.ctxr,textures/flatlist/ovr_stm/_win,w12b1_tank_08mk.bmp.ctxr,w12b1_tank_08mk.bmp,ctxr,31008,38ed055b151444b044c882d12d38a654aa138907
textures/flatlist/ovr_stm/_win/w12b_box02.bmp.ctxr,textures/flatlist/ovr_stm/_win,w12b_box02.bmp.ctxr,w12b_box02.bmp,ctxr,44064,f45df10bb41138208502601278edd7b8d1786698
textures/flatlist/ovr_stm/_win/w12b_contorol_box_01.bmp.ctxr,textures/flatlist/ovr_stm/_win,w12b_contorol_box_01.bmp.ctxr,w12b_contorol_box_01.bmp,ctxr,24608,63a9e64a3f3e4b548bdb46919fd45df1f49343c7
textures/flatlist/ovr_stm/_win/w12b_contorol_box_03.bmp.ctxr,textures/flatlist/ovr_stm/_win,w12b_contorol_box_03.bmp.ctxr,w12b_contorol_box_03.bmp,ctxr,20576,793a30e8798a30fafe571b68746712562164e51d
textures/flatlist/ovr_stm/_win/w12b_doorafl00c_alp_ovl.bmp.ctxr,textures/flatlist/ovr_stm/_win,w12b_doorafl00c_alp_ovl.bmp.ctxr,w12b_doorafl00c_alp_ovl.bmp,ctxr,15648,a5cfb17e17de9b145f884c053190fe76785e21fd
textures/flatlist/ovr_stm/_win/w12b_partition.bmp.ctxr,textures/flatlist/ovr_stm/_win,w12b_partition.bmp.ctxr,w12b_partition.bmp,ctxr,40800,f73d55d395d27ab23d312ea9dcd1ae004fb21695
textures/flatlist/ovr_stm/_win/w12b_step.bmp.ctxr,textures/flatlist/ovr_stm/_win,w12b_step.bmp.ctxr,w12b_step.bmp,ctxr,9504,e8a27241aa4bf98e1230e730cc72d6697cac9858
textures/flatlist/ovr_stm/_win/w12b_step_03_alp_ovl.bmp.ctxr,textures/flatlist/ovr_stm/_win,w12b_step_03_alp_ovl.bmp.ctxr,w12b_step_03_alp_ovl.bmp,ctxr,9504,b801b7f1f13759dd59876eaa3de6c8d1c71e5e05
textures/flatlist/ovr_stm/_win/w12_doroppings00_alp_ovl.bmp.ctxr,textures/flatlist/ovr_stm/_win,w12_doroppings00_alp_ovl.bmp.ctxr,w12_doroppings00_alp_ovl.bmp,ctxr,83232,30d31b7361518b1ef3f11a254f05b7cf53efba8a
textures/flatlist/ovr_stm/_win/w13a_fl00.bmp_8bb405078f955b69a05bdc9570cbde30.ctxr,textures/flatlist/ovr_stm/_win,w13a_fl00.bmp_8bb405078f955b69a05bdc9570cbde30.ctxr,w13a_fl00.bmp_8bb405078f955b69a05bdc9570cbde30,ctxr,49472,53fb3480d72e3fec60aaeaae42dbd698cb3822ee
textures/flatlist/ovr_stm/_win/w13a_fl01b.bmp.ctxr,textures/flatlist/ovr_stm/_win,w13a_fl01b.bmp.ctxr,w13a_fl01b.bmp,ctxr,49472,97c4c9c6423c5fddc080c3ccd1217f41c125c4bb
textures/flatlist/ovr_stm/_win/w13a_fl04a.bmp_a813b6399aa0462f40543da64fc74c3e.ctxr,textures/flatlist/ovr_stm/_win,w13a_fl04a.bmp_a813b6399aa0462f40543da64fc74c3e.ctxr,w13a_fl04a.bmp_a813b6399aa0462f40543da64fc74c3e,ctxr,49472,0fed6d64a71749065f6a68a9ac0e3263f21d45cd
textures/flatlist/ovr_stm/_win/w13a_fl05.bmp.ctxr,textures/flatlist/ovr_stm/_win,w13a_fl05.bmp.ctxr,w13a_fl05.bmp,ctxr,33088,b70ab8afeff0af6473037261871b15e1398c8930
textures/flatlist/ovr_stm/_win/w13a_pp01b.bmp.ctxr,textures/flatlist/ovr_stm/_win,w13a_pp01b.bmp.ctxr,w13a_pp01b.bmp,ctxr,12608,63718973b9f81879a17df82fddc0dc16ed071dd6
textures/flatlist/ovr_stm/_win/w13a_pp04b.bmp.ctxr,textures/flatlist/ovr_stm/_win,w13a_pp04b.bmp.ctxr,w13a_pp04b.bmp,ctxr,8512,2608b85404c18840aa1701ad65f0dbc5d8edc912
textures/flatlist/ovr_stm/_win/w13a_pp04d.bmp.ctxr,textures/flatlist/ovr_stm/_win,w13a_pp04d.bmp.ctxr,w13a_pp04d.bmp,ctxr,11584,db375bee905deedb10ba9d8c2631f572b2526547
textures/flatlist/ovr_stm/_win/w13a_sk00a.bmp.ctxr,textures/flatlist/ovr_stm/_win,w13a_sk00a.bmp.ctxr,w13a_sk00a.bmp,ctxr,31008,46b49a92300cbc821d0d64c862f6e3b01d70448c
textures/flatlist/ovr_stm/_win/w13a_w01b.bmp.ctxr,textures/flatlist/ovr_stm/_win,w13a_w01b.bmp.ctxr,w13a_w01b.bmp,ctxr,20768,3c51b96236ee808a335bb93fb0e96374a4375f06
textures/flatlist/ovr_stm/_win/w13a_w01j.bmp.ctxr,textures/flatlist/ovr_stm/_win,w13a_w01j.bmp.ctxr,w13a_w01j.bmp,ctxr,20768,4cd6f5b5752b076dd829dfac119c730b86e9b5b8
textures/flatlist/ovr_stm/_win/w14a0_fl_b01.bmp.ctxr,textures/flatlist/ovr_stm/_win,w14a0_fl_b01.bmp.ctxr,w14a0_fl_b01.bmp,ctxr,46368,bd28b0df81ce6f9bd75f275e931571394fd72483
textures/flatlist/ovr_stm/_win/w14a0_fl_b02.bmp.ctxr,textures/flatlist/ovr_stm/_win,w14a0_fl_b02.bmp.ctxr,w14a0_fl_b02.bmp,ctxr,46368,c0d570b976821a940384b6e76bef07c06141e69c
textures/flatlist/ovr_stm/_win/w14a0_fl_b03_alp_ovl.bmp.ctxr,textures/flatlist/ovr_stm/_win,w14a0_fl_b03_alp_ovl.bmp.ctxr,w14a0_fl_b03_alp_ovl.bmp,ctxr,46368,3cc507b04a53a3e5e38bcc2a9417c2926b1035fb
textures/flatlist/ovr_stm/_win/w14a0_fl_b04.bmp.ctxr,textures/flatlist/ovr_stm/_win,w14a0_fl_b04.bmp.ctxr,w14a0_fl_b04.bmp,ctxr,15648,1bdd0e113e666a710d6c5dc48b45400faf710fa6
textures/flatlist/ovr_stm/_win/w14a0_fl_p02.bmp.ctxr,textures/flatlist/ovr_stm/_win,w14a0_fl_p02.bmp.ctxr,w14a0_fl_p02.bmp,ctxr,18720,2d5b43c2c8422439b39ff1569fdde1e808e1a1fa
textures/flatlist/ovr_stm/_win/w14a0_fl_r01_6.bmp.ctxr,textures/flatlist/ovr_stm/_win,w14a0_fl_r01_6.bmp.ctxr,w14a0_fl_r01_6.bmp,ctxr,150496,2edc215078868fbf843a4fdc163a268245034ca9
textures/flatlist/ovr_stm/_win/w14a0_fl_r02.bmp.ctxr,textures/flatlist/ovr_stm/_win,w14a0_fl_r02.bmp.ctxr,w14a0_fl_r02.bmp,ctxr,25888,8e995edfae9984b5ae046fb268b2d944f5cd80ff
textures/flatlist/ovr_stm/_win/w14a0_pipe_p01.bmp.ctxr,textures/flatlist/ovr_stm/_win,w14a0_pipe_p01.bmp.ctxr,w14a0_pipe_p01.bmp,ctxr,24928,0f5230156919f5a05dcfaceeb368b83df38cdcd9
textures/flatlist/ovr_stm/_win/w14a0_wall_a02.bmp_008f67bac10c096740575ea8304493bf.ctxr,textures/flatlist/ovr_stm/_win,w14a0_wall_a02.bmp_008f67bac10c096740575ea8304493bf.ctxr,w14a0_wall_a02.bmp_008f67bac10c096740575ea8304493bf,ctxr,24928,c9ab06adccfe90709129e0fcfa2bdc8e2f498898
textures/flatlist/ovr_stm/_win/w14a0_wall_a03.bmp.ctxr,textures/flatlist/ovr_stm/_win,w14a0_wall_a03.bmp.ctxr,w14a0_wall_a03.bmp,ctxr,147776,50709e24f8f4c3f81129a37694809faf5060bf3f
textures/flatlist/ovr_stm/_win/w14a_fl_a04_alp_ovl.bmp.ctxr,textures/flatlist/ovr_stm/_win,w14a_fl_a04_alp_ovl.bmp.ctxr,w14a_fl_a04_alp_ovl.bmp,ctxr,18720,a97a40aa5f5a39c72aa1cc60e42bc4380db687f8
textures/flatlist/ovr_stm/_win/w14a_fl_f01.bmp.ctxr,textures/flatlist/ovr_stm/_win,w14a_fl_f01.bmp.ctxr,w14a_fl_f01.bmp,ctxr,86336,4eef5a7134a63723048949c1cb368250700c9a61
textures/flatlist/ovr_stm/_win/w14a_fl_f02.bmp.ctxr,textures/flatlist/ovr_stm/_win,w14a_fl_f02.bmp.ctxr,w14a_fl_f02.bmp,ctxr,61728,2a102cb5f2ecfe45aa99b56d7e53ded0c5609e54
textures/flatlist/ovr_stm/_win/w14a_fl_f03.bmp.ctxr,textures/flatlist/ovr_stm/_win,w14a_fl_f03.bmp.ctxr,w14a_fl_f03.bmp,ctxr,31008,963d7a1fa31ee95656e2d9f9202d050904a3a4ce
textures/flatlist/ovr_stm/_win/w14a_poster_mog_01.bmp.ctxr,textures/flatlist/ovr_stm/_win,w14a_poster_mog_01.bmp.ctxr,w14a_poster_mog_01.bmp,ctxr,86848,0610158ebd600db6dfe25b697ce4c8207f47f88c
textures/flatlist/ovr_stm/_win/w14a_roof_c01.bmp.ctxr,textures/flatlist/ovr_stm/_win,w14a_roof_c01.bmp.ctxr,w14a_roof_c01.bmp,ctxr,147776,d27a83c6e1efe41975b269109f3a9ac8fc97af5b
textures/flatlist/ovr_stm/_win/w14a_step_a02.bmp.ctxr,textures/flatlist/ovr_stm/_win,w14a_step_a02.bmp.ctxr,w14a_step_a02.bmp,ctxr,9504,b500a281b08a58143c8e92a9a8a49a75bcdecd53
textures/flatlist/ovr_stm/_win/w14a_step_a03.bmp.ctxr,textures/flatlist/ovr_stm/_win,w14a_step_a03.bmp.ctxr,w14a_step_a03.bmp,ctxr,9504,366aeabf02e0e50f00dcc822ff8c01691c693c21
textures/flatlist/ovr_stm/_win/w14a_step_b02.bmp.ctxr,textures/flatlist/ovr_stm/_win,w14a_step_b02.bmp.ctxr,w14a_step_b02.bmp,ctxr,9504,0b8cc9a5d6b01c6f52424434b3a30d3ae2b314b7
textures/flatlist/ovr_stm/_win/w14a_step_b03.bmp.ctxr,textures/flatlist/ovr_stm/_win,w14a_step_b03.bmp.ctxr,w14a_step_b03.bmp,ctxr,9504,b7e73862c0e05cb49042c27a4c748137161c2086
textures/flatlist/ovr_stm/_win/w15a_fl01b.bmp_2afc1ae6ae83df2b26b76fc7749613da.ctxr,textures/flatlist/ovr_stm/_win,w15a_fl01b.bmp_2afc1ae6ae83df2b26b76fc7749613da.ctxr,w15a_fl01b.bmp_2afc1ae6ae83df2b26b76fc7749613da,ctxr,49472,bebe83f88635ca53bd9129921f25a306e62d3f4c
textures/flatlist/ovr_stm/_win/w15a_pp01.bmp.ctxr,textures/flatlist/ovr_stm/_win,w15a_pp01.bmp.ctxr,w15a_pp01.bmp,ctxr,16704,10d80011e367d8bbcc36bd2cd12bf6bdfa0e4696
textures/flatlist/ovr_stm/_win/w15a_stpbrk00.bmp.ctxr,textures/flatlist/ovr_stm/_win,w15a_stpbrk00.bmp.ctxr,w15a_stpbrk00.bmp,ctxr,15328,4f97e3412a80d4d351c530cbd3aad8e859957f65
textures/flatlist/ovr_stm/_win/w16a0n_po01.bmp.ctxr,textures/flatlist/ovr_stm/_win,w16a0n_po01.bmp.ctxr,w16a0n_po01.bmp,ctxr,147776,aee6b958a4fb49de9826ba2ce9cca4c07640ba07
textures/flatlist/ovr_stm/_win/w16a0n_po02.bmp.ctxr,textures/flatlist/ovr_stm/_win,w16a0n_po02.bmp.ctxr,w16a0n_po02.bmp,ctxr,147776,5605725e7b2c04defc1a5dbf809ba107fe9a3cc4
textures/flatlist/ovr_stm/_win/w16a0_ref_all.bmp.ctxr,textures/flatlist/ovr_stm/_win,w16a0_ref_all.bmp.ctxr,w16a0_ref_all.bmp,ctxr,308224,a459dc890ac0294a277d6706684c21a067a9be34
textures/flatlist/ovr_stm/_win/w16a0_wa05.bmp.ctxr,textures/flatlist/ovr_stm/_win,w16a0_wa05.bmp.ctxr,w16a0_wa05.bmp,ctxr,131424,1a37a0f7aa331199de8ad9cb6fb6000158493966
textures/flatlist/ovr_stm/_win/w16a2_pos.bmp.ctxr,textures/flatlist/ovr_stm/_win,w16a2_pos.bmp.ctxr,w16a2_pos.bmp,ctxr,251584,3be63c71029995c7d553c9f4e9db7aeeeaf92971
textures/flatlist/ovr_stm/_win/w16an_fl01.bmp.ctxr,textures/flatlist/ovr_stm/_win,w16an_fl01.bmp.ctxr,w16an_fl01.bmp,ctxr,27936,25b798050592b111346aa2bd10defbf451c1d492
textures/flatlist/ovr_stm/_win/w16an_fl_t03_bld090_ovl.bmp.ctxr,textures/flatlist/ovr_stm/_win,w16an_fl_t03_bld090_ovl.bmp.ctxr,w16an_fl_t03_bld090_ovl.bmp,ctxr,34432,c7a7c96cb1a34aaf020f3de8da075530a15b36fd
textures/flatlist/ovr_stm/_win/w16an_ki08.bmp.ctxr,textures/flatlist/ovr_stm/_win,w16an_ki08.bmp.ctxr,w16an_ki08.bmp,ctxr,28960,bf6c4acc502beba46d1ca3e0515063e9e6bf13c2
textures/flatlist/ovr_stm/_win/w16an_ki08a.bmp.ctxr,textures/flatlist/ovr_stm/_win,w16an_ki08a.bmp.ctxr,w16an_ki08a.bmp,ctxr,14624,39527be20fbb855ae6ebea436cc88d8f7966342f
textures/flatlist/ovr_stm/_win/w16an_ki08b.bmp.ctxr,textures/flatlist/ovr_stm/_win,w16an_ki08b.bmp.ctxr,w16an_ki08b.bmp,ctxr,16992,7dfbce68e98851214d100c5a4a7f8efdfc3d3bf4
textures/flatlist/ovr_stm/_win/w16an_ki18a.bmp.ctxr,textures/flatlist/ovr_stm/_win,w16an_ki18a.bmp.ctxr,w16an_ki18a.bmp,ctxr,67200,0de5f5aa086c4913464b572d3d4cb8469b7cca23
textures/flatlist/ovr_stm/_win/w16an_kita01a.bmp.ctxr,textures/flatlist/ovr_stm/_win,w16an_kita01a.bmp.ctxr,w16an_kita01a.bmp,ctxr,18176,4f97fb65f83cf5baaf37ee49eee1eff9245c8254
textures/flatlist/ovr_stm/_win/w16an_wa_to03.bmp.ctxr,textures/flatlist/ovr_stm/_win,w16an_wa_to03.bmp.ctxr,w16an_wa_to03.bmp,ctxr,11936,39667c21052e12a00e3b3b1ceb53738ecebe7eb7
textures/flatlist/ovr_stm/_win/w16an_wa_to05a.bmp.ctxr,textures/flatlist/ovr_stm/_win,w16an_wa_to05a.bmp.ctxr,w16an_wa_to05a.bmp,ctxr,54976,f5f36682a4faff35b34cb5768d62b1d39601b7a9
textures/flatlist/ovr_stm/_win/w16a_wa01.bmp.ctxr,textures/flatlist/ovr_stm/_win,w16a_wa01.bmp.ctxr,w16a_wa01.bmp,ctxr,27168,22a33dcf8279474a2d1bfa833acb84750de9a98a
textures/flatlist/ovr_stm/_win/w16a_wa02.bmp.ctxr,textures/flatlist/ovr_stm/_win,w16a_wa02.bmp.ctxr,w16a_wa02.bmp,ctxr,115008,84a3b761889c56586033ac1936a73ee7286afda1
textures/flatlist/ovr_stm/_win/w16a_wa02a.bmp.ctxr,textures/flatlist/ovr_stm/_win,w16a_wa02a.bmp.ctxr,w16a_wa02a.bmp,ctxr,115008,c0de03ddc2e869c8a8832109eda21133ec55ee66
textures/flatlist/ovr_stm/_win/w16a_wa03.bmp.ctxr,textures/flatlist/ovr_stm/_win,w16a_wa03.bmp.ctxr,w16a_wa03.bmp,ctxr,37856,0047669e080c3c08fceede801acdba3d3fbeb209
textures/flatlist/ovr_stm/_win/w16a_wa04_1.bmp.ctxr,textures/flatlist/ovr_stm/_win,w16a_wa04_1.bmp.ctxr,w16a_wa04_1.bmp,ctxr,28992,d2969786a21a0c28aedf7caa69c3970d706938ad
textures/flatlist/ovr_stm/_win/w16a_wa04_3.bmp.ctxr,textures/flatlist/ovr_stm/_win,w16a_wa04_3.bmp.ctxr,w16a_wa04_3.bmp,ctxr,98656,da1497e6351837a7db641d143eaf6cc3dce92b54
textures/flatlist/ovr_stm/_win/w16a_wa_to01.bmp.ctxr,textures/flatlist/ovr_stm/_win,w16a_wa_to01.bmp.ctxr,w16a_wa_to01.bmp,ctxr,98656,c3a4a3d159697d76dc37bf5fbb29a62b8cf994de
textures/flatlist/ovr_stm/_win/w16a_wa_top.bmp.ctxr,textures/flatlist/ovr_stm/_win,w16a_wa_top.bmp.ctxr,w16a_wa_top.bmp,ctxr,5824,4051e02fc00c0d83807a245c72228d9368887224
textures/flatlist/ovr_stm/_win/w18a_2f_flor1.bmp.ctxr,textures/flatlist/ovr_stm/_win,w18a_2f_flor1.bmp.ctxr,w18a_2f_flor1.bmp,ctxr,106816,a0517db9f9fb78fdb5cbb5702656fad94cf6de40
textures/flatlist/ovr_stm/_win/w18a_2f_flor2.bmp.ctxr,textures/flatlist/ovr_stm/_win,w18a_2f_flor2.bmp.ctxr,w18a_2f_flor2.bmp,ctxr,53568,54f4e9bff0041ddf596323e49719335e21954b44
textures/flatlist/ovr_stm/_win/w18a_bridgefloor1.bmp.ctxr,textures/flatlist/ovr_stm/_win,w18a_bridgefloor1.bmp.ctxr,w18a_bridgefloor1.bmp,ctxr,49472,76b73e144f5b605ef7ff22483883b814b88fb4cd
textures/flatlist/ovr_stm/_win/w18a_enta00.bmp.ctxr,textures/flatlist/ovr_stm/_win,w18a_enta00.bmp.ctxr,w18a_enta00.bmp,ctxr,24928,48ad66e2f3b296b76478d152f7380038673b35f3
textures/flatlist/ovr_stm/_win/w18a_enta01.bmp.ctxr,textures/flatlist/ovr_stm/_win,w18a_enta01.bmp.ctxr,w18a_enta01.bmp,ctxr,27936,5f18f187f9ea309f8e1327f7e8815b6c80b10f5e
textures/flatlist/ovr_stm/_win/w18a_hatch.bmp.ctxr,textures/flatlist/ovr_stm/_win,w18a_hatch.bmp.ctxr,w18a_hatch.bmp,ctxr,32544,5cae792367da3c43d3e2058f08e7f5edadcfad10
textures/flatlist/ovr_stm/_win/w18a_poolwall1.bmp.ctxr,textures/flatlist/ovr_stm/_win,w18a_poolwall1.bmp.ctxr,w18a_poolwall1.bmp,ctxr,131424,aed32924e494dd8bf0fd13ab8653095b0f5caf4e
textures/flatlist/ovr_stm/_win/w18a_poolwall1_fader.bmp.ctxr,textures/flatlist/ovr_stm/_win,w18a_poolwall1_fader.bmp.ctxr,w18a_poolwall1_fader.bmp,ctxr,131424,56ec2dee4370d0c50be8566e8c98b20db0a51156
textures/flatlist/ovr_stm/_win/w18a_saku1_ft.bmp.ctxr,textures/flatlist/ovr_stm/_win,w18a_saku1_ft.bmp.ctxr,w18a_saku1_ft.bmp,ctxr,33088,f000ff81a09b9d0dca96096cc5367402229d45d4
textures/flatlist/ovr_stm/_win/w18a_saku1_u.bmp.ctxr,textures/flatlist/ovr_stm/_win,w18a_saku1_u.bmp.ctxr,w18a_saku1_u.bmp,ctxr,33088,ec218d50fab7502625b30592e0f91d971cb86caa
textures/flatlist/ovr_stm/_win/w18a_saku2_ft.bmp.ctxr,textures/flatlist/ovr_stm/_win,w18a_saku2_ft.bmp.ctxr,w18a_saku2_ft.bmp,ctxr,33088,6ea3f576a097b3e99a45884136e85de808be6401
textures/flatlist/ovr_stm/_win/w18a_tankwall1.bmp.ctxr,textures/flatlist/ovr_stm/_win,w18a_tankwall1.bmp.ctxr,w18a_tankwall1.bmp,ctxr,28960,dca588f82124065ee506b4de9ff863991b1daac5
textures/flatlist/ovr_stm/_win/w18a_tankwall1_header.bmp.ctxr,textures/flatlist/ovr_stm/_win,w18a_tankwall1_header.bmp.ctxr,w18a_tankwall1_header.bmp,ctxr,8512,3a37bc17b1c1832a27fdc7f7d26deaa9119badc8
textures/flatlist/ovr_stm/_win/w18a_tnkfloor1.bmp.ctxr,textures/flatlist/ovr_stm/_win,w18a_tnkfloor1.bmp.ctxr,w18a_tnkfloor1.bmp,ctxr,49472,cfc0b85de696e9f4df1605fc7f6ddf6839851225
textures/flatlist/ovr_stm/_win/w18a_tnkfloor2.bmp.ctxr,textures/flatlist/ovr_stm/_win,w18a_tnkfloor2.bmp.ctxr,w18a_tnkfloor2.bmp,ctxr,86336,e41c9414c780469a5375cd30cd950a67326daed4
textures/flatlist/ovr_stm/_win/w18a_tsr_bar1.bmp.ctxr,textures/flatlist/ovr_stm/_win,w18a_tsr_bar1.bmp.ctxr,w18a_tsr_bar1.bmp,ctxr,16704,e1904e925581f24af23fdf63ab8451dd39504c33
textures/flatlist/ovr_stm/_win/w18a_tsr_bar1.bmp_1c58084ea3dd78ff8ba4a3fac8949888.ctxr,textures/flatlist/ovr_stm/_win,w18a_tsr_bar1.bmp_1c58084ea3dd78ff8ba4a3fac8949888.ctxr,w18a_tsr_bar1.bmp_1c58084ea3dd78ff8ba4a3fac8949888,ctxr,16704,24b7f6e74ca195d7b86b7ce0e305dd59331e4a58
textures/flatlist/ovr_stm/_win/w18a_tsr_jiku1.bmp.ctxr,textures/flatlist/ovr_stm/_win,w18a_tsr_jiku1.bmp.ctxr,w18a_tsr_jiku1.bmp,ctxr,4384,aeeef694bab63e86a26bf338eb840747724639ab
textures/flatlist/ovr_stm/_win/w18a_wall1.bmp.ctxr,textures/flatlist/ovr_stm/_win,w18a_wall1.bmp.ctxr,w18a_wall1.bmp,ctxr,215360,20491d771e009f291f9cd8722ecbc384b0489943
textures/flatlist/ovr_stm/_win/w18a_wall2.bmp.ctxr,textures/flatlist/ovr_stm/_win,w18a_wall2.bmp.ctxr,w18a_wall2.bmp,ctxr,129344,ac5c955a1220a5580a870adbc5bee94e2195637e
textures/flatlist/ovr_stm/_win/w19a_fl00.bmp.ctxr,textures/flatlist/ovr_stm/_win,w19a_fl00.bmp.ctxr,w19a_fl00.bmp,ctxr,49472,8e2b0b1859eff65c3943c4ec402c500c685e1eb4
textures/flatlist/ovr_stm/_win/w19a_fl00b.bmp.ctxr,textures/flatlist/ovr_stm/_win,w19a_fl00b.bmp.ctxr,w19a_fl00b.bmp,ctxr,24896,5a294868cae58e6e0c9b937e56fe6d4912a7e3fc
textures/flatlist/ovr_stm/_win/w19a_fl01.bmp.ctxr,textures/flatlist/ovr_stm/_win,w19a_fl01.bmp.ctxr,w19a_fl01.bmp,ctxr,49472,435d9010aa2a1af5f177e411948faf7c95f73a60
textures/flatlist/ovr_stm/_win/w19a_fl02.bmp.ctxr,textures/flatlist/ovr_stm/_win,w19a_fl02.bmp.ctxr,w19a_fl02.bmp,ctxr,74048,1290b33ad4dd9f5bbf7ab973c3cc905cb99e423c
textures/flatlist/ovr_stm/_win/w19a_fl03a.bmp.ctxr,textures/flatlist/ovr_stm/_win,w19a_fl03a.bmp.ctxr,w19a_fl03a.bmp,ctxr,27936,86ba2a0417e0f57dfb90731fb0682bf15bbdbcbc
textures/flatlist/ovr_stm/_win/w19a_stpsdw01.bmp.ctxr,textures/flatlist/ovr_stm/_win,w19a_stpsdw01.bmp.ctxr,w19a_stpsdw01.bmp,ctxr,5792,10743d9f8fca162684fa7cf4efc1abd6d0b951eb
textures/flatlist/ovr_stm/_win/w20a0_fl01_mk.bmp.ctxr,textures/flatlist/ovr_stm/_win,w20a0_fl01_mk.bmp.ctxr,w20a0_fl01_mk.bmp,ctxr,87744,f78b437b09147d7bceb6eb60240891d5083567f6
textures/flatlist/ovr_stm/_win/w20a0_gate_head.bmp.ctxr,textures/flatlist/ovr_stm/_win,w20a0_gate_head.bmp.ctxr,w20a0_gate_head.bmp,ctxr,18720,f9decc4b850197681a3fe64741ef48543e2bfef6
textures/flatlist/ovr_stm/_win/w20a3_room_wall1.bmp.ctxr,textures/flatlist/ovr_stm/_win,w20a3_room_wall1.bmp.ctxr,w20a3_room_wall1.bmp,ctxr,74048,e64e88b46ecb58e4e05f4466f1a21d5ab72d2dd7
textures/flatlist/ovr_stm/_win/w20a3_room_wall1_lig.bmp.ctxr,textures/flatlist/ovr_stm/_win,w20a3_room_wall1_lig.bmp.ctxr,w20a3_room_wall1_lig.bmp,ctxr,74048,8cf3abbd03b52f308b4d8763d64ea91ea3f5f728
textures/flatlist/ovr_stm/_win/w20a4n_floor_01.bmp.ctxr,textures/flatlist/ovr_stm/_win,w20a4n_floor_01.bmp.ctxr,w20a4n_floor_01.bmp,ctxr,147776,90915a449462ee0a21ad805b89ab697d09294c58
textures/flatlist/ovr_stm/_win/w20a4n_floor_02.bmp.ctxr,textures/flatlist/ovr_stm/_win,w20a4n_floor_02.bmp.ctxr,w20a4n_floor_02.bmp,ctxr,147776,086f014cc8240799e3606d55924c437fa1625226
textures/flatlist/ovr_stm/_win/w20a4n_floor_oku_01.bmp.ctxr,textures/flatlist/ovr_stm/_win,w20a4n_floor_oku_01.bmp.ctxr,w20a4n_floor_oku_01.bmp,ctxr,123200,332e289b9c3ee0359d3f21df5db8d69bc8960972
textures/flatlist/ovr_stm/_win/w20a4n_floor_oku_02.bmp.ctxr,textures/flatlist/ovr_stm/_win,w20a4n_floor_oku_02.bmp.ctxr,w20a4n_floor_oku_02.bmp,ctxr,106816,369de3c270197e3b9088b87818cd2811103ed820
textures/flatlist/ovr_stm/_win/w20a4n_floor_oku_02a.bmp.ctxr,textures/flatlist/ovr_stm/_win,w20a4n_floor_oku_02a.bmp.ctxr,w20a4n_floor_oku_02a.bmp,ctxr,44064,6ac58230b58cc8b9be61d3aaec676ef85a367170
textures/flatlist/ovr_stm/_win/w20a4n_wall_01.bmp.ctxr,textures/flatlist/ovr_stm/_win,w20a4n_wall_01.bmp.ctxr,w20a4n_wall_01.bmp,ctxr,115008,3a78fd1e2ba54b3f11ac655b7a660852f39b0157
textures/flatlist/ovr_stm/_win/w20a4n_wall_03b.bmp.ctxr,textures/flatlist/ovr_stm/_win,w20a4n_wall_03b.bmp.ctxr,w20a4n_wall_03b.bmp,ctxr,33120,f7ae74da550d2cd6e427cfe2ec8793871ba91d28
textures/flatlist/ovr_stm/_win/w20a4n_wall_door_01.bmp.ctxr,textures/flatlist/ovr_stm/_win,w20a4n_wall_door_01.bmp.ctxr,w20a4n_wall_door_01.bmp,ctxr,69952,3ee8ed8d85dedbadb8cdc2cd689706c75392aa44
textures/flatlist/ovr_stm/_win/w20a_bel01b2.bmp_3e13885a31d01923a72db72c58d9895b.ctxr,textures/flatlist/ovr_stm/_win,w20a_bel01b2.bmp_3e13885a31d01923a72db72c58d9895b.ctxr,w20a_bel01b2.bmp_3e13885a31d01923a72db72c58d9895b,ctxr,14816,257550c43af0e00ad25ce91bd5852b2e12b6de2f
textures/flatlist/ovr_stm/_win/w20a_bel01b3.bmp_db42b9ae8dd1b8c28ef5f65bfc14d1db.ctxr,textures/flatlist/ovr_stm/_win,w20a_bel01b3.bmp_db42b9ae8dd1b8c28ef5f65bfc14d1db.ctxr,w20a_bel01b3.bmp_db42b9ae8dd1b8c28ef5f65bfc14d1db,ctxr,39232,654bf470f63ca2a14517b299725f9653f9496050
textures/flatlist/ovr_stm/_win/w20a_hako_b_a.bmp.ctxr,textures/flatlist/ovr_stm/_win,w20a_hako_b_a.bmp.ctxr,w20a_hako_b_a.bmp,ctxr,5760,29bf093d9de1bf6cf8f5aad01738b14a26c73c25
textures/flatlist/ovr_stm/_win/w20a_hako_b_b.bmp.ctxr,textures/flatlist/ovr_stm/_win,w20a_hako_b_b.bmp.ctxr,w20a_hako_b_b.bmp,ctxr,11264,cd446a54d6953d95930833355a90c024a69fc478
textures/flatlist/ovr_stm/_win/w20a_hako_b_c.bmp.ctxr,textures/flatlist/ovr_stm/_win,w20a_hako_b_c.bmp.ctxr,w20a_hako_b_c.bmp,ctxr,11264,885cbd29a626eaf84594b343126e6879a382d708
textures/flatlist/ovr_stm/_win/w20a_room_wall1.bmp.ctxr,textures/flatlist/ovr_stm/_win,w20a_room_wall1.bmp.ctxr,w20a_room_wall1.bmp,ctxr,74048,128d794a2896ff584d0c75c0f0a9f8b449384e8f
textures/flatlist/ovr_stm/_win/w20a_room_wall1_lig.bmp.ctxr,textures/flatlist/ovr_stm/_win,w20a_room_wall1_lig.bmp.ctxr,w20a_room_wall1_lig.bmp,ctxr,74048,a3198c22258320608e8db31a52ff38add0a776c3
textures/flatlist/ovr_stm/_win/w20a_room_wall2.bmp.ctxr,textures/flatlist/ovr_stm/_win,w20a_room_wall2.bmp.ctxr,w20a_room_wall2.bmp,ctxr,74048,72d1551e2d147e44d2f6a5018e9f028adab824bc
textures/flatlist/ovr_stm/_win/w20a_room_wall2a.bmp.ctxr,textures/flatlist/ovr_stm/_win,w20a_room_wall2a.bmp.ctxr,w20a_room_wall2a.bmp,ctxr,55648,c97231944a565c606ed27205452a450836834093
textures/flatlist/ovr_stm/_win/w20a_room_wall2b.bmp.ctxr,textures/flatlist/ovr_stm/_win,w20a_room_wall2b.bmp.ctxr,w20a_room_wall2b.bmp,ctxr,31008,e37492ad9eed038d7c6181fc2847e33ef8c9a9b9
textures/flatlist/ovr_stm/_win/w20a_room_wall2e_a.bmp.ctxr,textures/flatlist/ovr_stm/_win,w20a_room_wall2e_a.bmp.ctxr,w20a_room_wall2e_a.bmp,ctxr,55648,43c61d0c87545dc1088018cf616b4350ded2201c
textures/flatlist/ovr_stm/_win/w20a_room_wall2e_b.bmp.ctxr,textures/flatlist/ovr_stm/_win,w20a_room_wall2e_b.bmp.ctxr,w20a_room_wall2e_b.bmp,ctxr,31008,f81f123fb6e9ac44cf5bc6cfc15e0d6331a814c3
textures/flatlist/ovr_stm/_win/w20a_room_wall3.bmp_59886dd37d992d80a7ff34c7c37ea3df.ctxr,textures/flatlist/ovr_stm/_win,w20a_room_wall3.bmp_59886dd37d992d80a7ff34c7c37ea3df.ctxr,w20a_room_wall3.bmp_59886dd37d992d80a7ff34c7c37ea3df,ctxr,16736,599a2f05a071acf2089e07dd5c8acec249a48708
textures/flatlist/ovr_stm/_win/w20a_room_wall4a.bmp.ctxr,textures/flatlist/ovr_stm/_win,w20a_room_wall4a.bmp.ctxr,w20a_room_wall4a.bmp,ctxr,13088,174b7a4ebe25d2850a89e94f7d1a29f8441b6a4e
textures/flatlist/ovr_stm/_win/w20a_step_mk.bmp.ctxr,textures/flatlist/ovr_stm/_win,w20a_step_mk.bmp.ctxr,w20a_step_mk.bmp,ctxr,9504,2bd458b71d1f1481daaef17dd4a1dea9315f5975
textures/flatlist/ovr_stm/_win/w20b_comp1_fs.bmp.ctxr,textures/flatlist/ovr_stm/_win,w20b_comp1_fs.bmp.ctxr,w20b_comp1_fs.bmp,ctxr,34080,f2f7dc79b8d40ce1999668d00afb081c1ebc5e10
textures/flatlist/ovr_stm/_win/w20b_comp2_fs.bmp.ctxr,textures/flatlist/ovr_stm/_win,w20b_comp2_fs.bmp.ctxr,w20b_comp2_fs.bmp,ctxr,11264,1cc777625cb7f9c459e36522a749e8427e99770f
textures/flatlist/ovr_stm/_win/w20b_door_afl00c.bmp.ctxr,textures/flatlist/ovr_stm/_win,w20b_door_afl00c.bmp.ctxr,w20b_door_afl00c.bmp,ctxr,12608,a8956e9d7ea4c30a9a73162099ca4831cdb43f1e
textures/flatlist/ovr_stm/_win/w20b_saku1_u.bmp.ctxr,textures/flatlist/ovr_stm/_win,w20b_saku1_u.bmp.ctxr,w20b_saku1_u.bmp,ctxr,31008,a716b813cdf0b3b327f6a4fa47085f84049c361f
textures/flatlist/ovr_stm/_win/w20b_stepfoot1.bmp.ctxr,textures/flatlist/ovr_stm/_win,w20b_stepfoot1.bmp.ctxr,w20b_stepfoot1.bmp,ctxr,33120,45a922c07247d941511db96feb27128c230d2fac
textures/flatlist/ovr_stm/_win/w20b_step_pillar1.bmp.ctxr,textures/flatlist/ovr_stm/_win,w20b_step_pillar1.bmp.ctxr,w20b_step_pillar1.bmp,ctxr,9504,8b609325ce9abd7df48aec512a6f0c0a3663f164
textures/flatlist/ovr_stm/_win/w20b_tsr1.bmp.ctxr,textures/flatlist/ovr_stm/_win,w20b_tsr1.bmp.ctxr,w20b_tsr1.bmp,ctxr,6464,120c1bdea200d3882593240c1109d80e1bdc45a8
textures/flatlist/ovr_stm/_win/w21a_h09d.bmp_fdd5b5adc3102646395f448c3354acc6.ctxr,textures/flatlist/ovr_stm/_win,w21a_h09d.bmp_fdd5b5adc3102646395f448c3354acc6.ctxr,w21a_h09d.bmp_fdd5b5adc3102646395f448c3354acc6,ctxr,6464,45aae58c00cb2a85b4b04988ec2b0077a70b49f4
textures/flatlist/ovr_stm/_win/w24a0_ent01d.bmp.ctxr,textures/flatlist/ovr_stm/_win,w24a0_ent01d.bmp.ctxr,w24a0_ent01d.bmp,ctxr,49504,65887c7224d8b12f68256c65ddea45740acd55f4
textures/flatlist/ovr_stm/_win/w24a0_enta02a.bmp.ctxr,textures/flatlist/ovr_stm/_win,w24a0_enta02a.bmp.ctxr,w24a0_enta02a.bmp,ctxr,10560,e6df0a1eb4c62d86ca482fd64fb0448efe6093fb
textures/flatlist/ovr_stm/_win/w24a0_enta03.bmp.ctxr,textures/flatlist/ovr_stm/_win,w24a0_enta03.bmp.ctxr,w24a0_enta03.bmp,ctxr,41312,875ea894f1ea49091e18e3e6b3b1960df2160020
textures/flatlist/ovr_stm/_win/w24a0_entb00.bmp_6c8a5532d241d23a8784f331456f0989.ctxr,textures/flatlist/ovr_stm/_win,w24a0_entb00.bmp_6c8a5532d241d23a8784f331456f0989.ctxr,w24a0_entb00.bmp_6c8a5532d241d23a8784f331456f0989,ctxr,24928,e7c281b7ab8449ac09aae22724e743b8c76f3506
textures/flatlist/ovr_stm/_win/w24a0_entb02.bmp.ctxr,textures/flatlist/ovr_stm/_win,w24a0_entb02.bmp.ctxr,w24a0_entb02.bmp,ctxr,10560,3b40567155ce45b2b7fccb9acd408f914b0c54a0
textures/flatlist/ovr_stm/_win/w24a0_entb02a.bmp.ctxr,textures/flatlist/ovr_stm/_win,w24a0_entb02a.bmp.ctxr,w24a0_entb02a.bmp,ctxr,10560,c05fee6fea653c49573fb440df64cd234e4d760a
textures/flatlist/ovr_stm/_win/w24a0_entb03.bmp.ctxr,textures/flatlist/ovr_stm/_win,w24a0_entb03.bmp.ctxr,w24a0_entb03.bmp,ctxr,49504,74eb7d0c7b518fd0cea30ce7fd7fd8a28381097d
textures/flatlist/ovr_stm/_win/w24a0_fla01a_alp_ovl.bmp.ctxr,textures/flatlist/ovr_stm/_win,w24a0_fla01a_alp_ovl.bmp.ctxr,w24a0_fla01a_alp_ovl.bmp,ctxr,46368,9ed4dfa616dd829fb1ce560f350a5fdc4908dbe2
textures/flatlist/ovr_stm/_win/w24a0_fla02a_alp_ovl.bmp.ctxr,textures/flatlist/ovr_stm/_win,w24a0_fla02a_alp_ovl.bmp.ctxr,w24a0_fla02a_alp_ovl.bmp,ctxr,55648,3d7ef3b3e524f29793e88e02a9c1c0c85e250bc4
textures/flatlist/ovr_stm/_win/w24a0_fla04a_alp_ovl.bmp.ctxr,textures/flatlist/ovr_stm/_win,w24a0_fla04a_alp_ovl.bmp.ctxr,w24a0_fla04a_alp_ovl.bmp,ctxr,18720,e75a8d59c45ec30845e7d3c9c97e87b2c9fa5a1a
textures/flatlist/ovr_stm/_win/w24a0_fla04b_alp_ovl.bmp.ctxr,textures/flatlist/ovr_stm/_win,w24a0_fla04b_alp_ovl.bmp.ctxr,w24a0_fla04b_alp_ovl.bmp,ctxr,11808,d91c685ed9022c5abe178e65cbd329d2f9da93b7
textures/flatlist/ovr_stm/_win/w24a0_fla04c_alp_ovl.bmp.ctxr,textures/flatlist/ovr_stm/_win,w24a0_fla04c_alp_ovl.bmp.ctxr,w24a0_fla04c_alp_ovl.bmp,ctxr,41760,7e3a7e3ce6509ae0335e0a4c4865db50af639d12
textures/flatlist/ovr_stm/_win/w24a0_fla04d2_alp_ovl.bmp.ctxr,textures/flatlist/ovr_stm/_win,w24a0_fla04d2_alp_ovl.bmp.ctxr,w24a0_fla04d2_alp_ovl.bmp,ctxr,3712,e63d2d855e9f327daf62d4d2669367b74798079a
textures/flatlist/ovr_stm/_win/w24a0_fla04d_alp_ovl.bmp.ctxr,textures/flatlist/ovr_stm/_win,w24a0_fla04d_alp_ovl.bmp.ctxr,w24a0_fla04d_alp_ovl.bmp,ctxr,11808,8e1714206289602b79fe4b01a51f0deb87077dbb
textures/flatlist/ovr_stm/_win/w24a0_fla04e_alp_ovl.bmp.ctxr,textures/flatlist/ovr_stm/_win,w24a0_fla04e_alp_ovl.bmp.ctxr,w24a0_fla04e_alp_ovl.bmp,ctxr,2816,5d901ff5568b3984384809eb8ccc8c7ca355f953
textures/flatlist/ovr_stm/_win/w24a0_fla04f_alp_ovl.bmp.ctxr,textures/flatlist/ovr_stm/_win,w24a0_fla04f_alp_ovl.bmp.ctxr,w24a0_fla04f_alp_ovl.bmp,ctxr,16960,e6f86623a11c0825d2fd26fb4e4c2d5e3ee7d23e
textures/flatlist/ovr_stm/_win/w24a0_fla04g_alp_ovl.bmp.ctxr,textures/flatlist/ovr_stm/_win,w24a0_fla04g_alp_ovl.bmp.ctxr,w24a0_fla04g_alp_ovl.bmp,ctxr,5376,d826f1d44da6039f63ed5a3527402ed759323497
textures/flatlist/ovr_stm/_win/w24a0_fla05a_alp_ovl.bmp.ctxr,textures/flatlist/ovr_stm/_win,w24a0_fla05a_alp_ovl.bmp.ctxr,w24a0_fla05a_alp_ovl.bmp,ctxr,10560,4539ba97bc37830a56d7d9fe55d50de0142db86c
textures/flatlist/ovr_stm/_win/w24a0_fla05_alp_ovl.bmp.ctxr,textures/flatlist/ovr_stm/_win,w24a0_fla05_alp_ovl.bmp.ctxr,w24a0_fla05_alp_ovl.bmp,ctxr,37152,6458962c3a301af1ef974c7aed35c6b6365dbbce
textures/flatlist/ovr_stm/_win/w24a0_fla06a_alp_ovl.bmp.ctxr,textures/flatlist/ovr_stm/_win,w24a0_fla06a_alp_ovl.bmp.ctxr,w24a0_fla06a_alp_ovl.bmp,ctxr,27936,2284940e131af986da9b98d6f3a36c2317222b83
textures/flatlist/ovr_stm/_win/w24a0_fld01a.bmp.ctxr,textures/flatlist/ovr_stm/_win,w24a0_fld01a.bmp.ctxr,w24a0_fld01a.bmp,ctxr,6464,6e5bd983adfcfbf3e25e359a1dee32427eefb482
textures/flatlist/ovr_stm/_win/w24a0_step04.bmp.ctxr,textures/flatlist/ovr_stm/_win,w24a0_step04.bmp.ctxr,w24a0_step04.bmp,ctxr,27936,6b0b860c52430068e4d375ca852acb28b58dab60
textures/flatlist/ovr_stm/_win/w24a0_we00a.bmp.ctxr,textures/flatlist/ovr_stm/_win,w24a0_we00a.bmp.ctxr,w24a0_we00a.bmp,ctxr,33120,66e5ce9f947305bf23cfa6faf7e1475a1696976a
textures/flatlist/ovr_stm/_win/w24a0_wg01.bmp.ctxr,textures/flatlist/ovr_stm/_win,w24a0_wg01.bmp.ctxr,w24a0_wg01.bmp,ctxr,49504,e123c49020ffd0530461a525294c838a149302a9
textures/flatlist/ovr_stm/_win/w24a0_wg02.bmp.ctxr,textures/flatlist/ovr_stm/_win,w24a0_wg02.bmp.ctxr,w24a0_wg02.bmp,ctxr,16736,3d8b9753826fa3e1dc385c0495625b545e3eb3e9
textures/flatlist/ovr_stm/_win/w24a0_wh00.bmp.ctxr,textures/flatlist/ovr_stm/_win,w24a0_wh00.bmp.ctxr,w24a0_wh00.bmp,ctxr,80192,af8225b9d2781310bb1dd96e503d7bdf5db449ce
textures/flatlist/ovr_stm/_win/w24a0_wi01.bmp.ctxr,textures/flatlist/ovr_stm/_win,w24a0_wi01.bmp.ctxr,w24a0_wi01.bmp,ctxr,147776,5a8661d634c64f25a6b505c091b33a0bee6842af
textures/flatlist/ovr_stm/_win/w24a0_wlit01.bmp.ctxr,textures/flatlist/ovr_stm/_win,w24a0_wlit01.bmp.ctxr,w24a0_wlit01.bmp,ctxr,2304,e76cfcbd53aa5a059c4cc53e08d6cca1558360f5
textures/flatlist/ovr_stm/_win/w24a1_eyes_sano.bmp.ctxr,textures/flatlist/ovr_stm/_win,w24a1_eyes_sano.bmp.ctxr,w24a1_eyes_sano.bmp,ctxr,110912,7a32abd051d62e584b7e4de4c1cafbc38e4b81ae
textures/flatlist/ovr_stm/_win/w24a1_fl01.bmp.ctxr,textures/flatlist/ovr_stm/_win,w24a1_fl01.bmp.ctxr,w24a1_fl01.bmp,ctxr,61728,b78b68615f225553571ad10abb5247dff036fb4b
textures/flatlist/ovr_stm/_win/w24a1_fl03.bmp.ctxr,textures/flatlist/ovr_stm/_win,w24a1_fl03.bmp.ctxr,w24a1_fl03.bmp,ctxr,49472,1952ea84de12e18834ae86f220ea7c9ebb7f1d85
textures/flatlist/ovr_stm/_win/w24a1_fl03a.bmp.ctxr,textures/flatlist/ovr_stm/_win,w24a1_fl03a.bmp.ctxr,w24a1_fl03a.bmp,ctxr,24896,bca8c9f64c5087df641f9bd7cdf1e7b67ee487c3
textures/flatlist/ovr_stm/_win/w24a1_fl03b.bmp.ctxr,textures/flatlist/ovr_stm/_win,w24a1_fl03b.bmp.ctxr,w24a1_fl03b.bmp,ctxr,49472,0bdcc0a7a5dbcd5759ef9fd21671189d24e60a79
textures/flatlist/ovr_stm/_win/w24a1_w00.bmp.ctxr,textures/flatlist/ovr_stm/_win,w24a1_w00.bmp.ctxr,w24a1_w00.bmp,ctxr,98656,edd46e7f4f68f967798ea29b25fb2ca6691c5cb4
textures/flatlist/ovr_stm/_win/w24a1_w00a.bmp.ctxr,textures/flatlist/ovr_stm/_win,w24a1_w00a.bmp.ctxr,w24a1_w00a.bmp,ctxr,49504,981b532ac3be6413dbafbbb5a2058c8f0e856142
textures/flatlist/ovr_stm/_win/w24a_poster_mog_01.bmp.ctxr,textures/flatlist/ovr_stm/_win,w24a_poster_mog_01.bmp.ctxr,w24a_poster_mog_01.bmp,ctxr,110912,5e2f0379f1f933bc5dc4affc53b0601396c6ec86
textures/flatlist/ovr_stm/_win/w24a_poster_mog_02.bmp.ctxr,textures/flatlist/ovr_stm/_win,w24a_poster_mog_02.bmp.ctxr,w24a_poster_mog_02.bmp,ctxr,86848,e8af2dbbbe077c3826372b79c9c356e564c1e34d
textures/flatlist/ovr_stm/_win/w24a_pp03b.bmp.ctxr,textures/flatlist/ovr_stm/_win,w24a_pp03b.bmp.ctxr,w24a_pp03b.bmp,ctxr,16736,4a6663bdcc557822afe0f453c8b5d00c4e43fc2f
textures/flatlist/ovr_stm/_win/w24a_pp03c.bmp.ctxr,textures/flatlist/ovr_stm/_win,w24a_pp03c.bmp.ctxr,w24a_pp03c.bmp,ctxr,2304,d4f64a4a06a69633125e6349bd07ce90eda4d579
textures/flatlist/ovr_stm/_win/w24a_pp03d.bmp.ctxr,textures/flatlist/ovr_stm/_win,w24a_pp03d.bmp.ctxr,w24a_pp03d.bmp,ctxr,10560,3712252723202d8ae2a933e6d34a7c3e868ddcf9
textures/flatlist/ovr_stm/_win/w24b0_box02.bmp.ctxr,textures/flatlist/ovr_stm/_win,w24b0_box02.bmp.ctxr,w24b0_box02.bmp,ctxr,13984,920d24be29f058902195ea9a7bfc4ecdcc27f133
textures/flatlist/ovr_stm/_win/w24b0_fl02_alp_ovl.bmp.ctxr,textures/flatlist/ovr_stm/_win,w24b0_fl02_alp_ovl.bmp.ctxr,w24b0_fl02_alp_ovl.bmp,ctxr,21824,b5d2def2c14265ff35aaefae7e6c2914ceb56c01
textures/flatlist/ovr_stm/_win/w24b0_fla05_alp_ovl.bmp.ctxr,textures/flatlist/ovr_stm/_win,w24b0_fla05_alp_ovl.bmp.ctxr,w24b0_fla05_alp_ovl.bmp,ctxr,27936,adc42010caf5781817de13b9674eed3478f54f26
textures/flatlist/ovr_stm/_win/w24b0_ms00.bmp.ctxr,textures/flatlist/ovr_stm/_win,w24b0_ms00.bmp.ctxr,w24b0_ms00.bmp,ctxr,27648,7df450cfb67133e4b2b628639de71c9705eced9b
textures/flatlist/ovr_stm/_win/w24b0_ms02.bmp.ctxr,textures/flatlist/ovr_stm/_win,w24b0_ms02.bmp.ctxr,w24b0_ms02.bmp,ctxr,4384,0e06962524d08eaad78029517dd685b8cb66cfd2
textures/flatlist/ovr_stm/_win/w24b0_ms02a.bmp.ctxr,textures/flatlist/ovr_stm/_win,w24b0_ms02a.bmp.ctxr,w24b0_ms02a.bmp,ctxr,12608,6e20554e12aa1173bf28e622a59f1b5da1a0a56d
textures/flatlist/ovr_stm/_win/w24b0_wa00.bmp.ctxr,textures/flatlist/ovr_stm/_win,w24b0_wa00.bmp.ctxr,w24b0_wa00.bmp,ctxr,98656,96f352dafbe111eb7ace3626f2f381b2a4541c20
textures/flatlist/ovr_stm/_win/w24b0_wb01.bmp.ctxr,textures/flatlist/ovr_stm/_win,w24b0_wb01.bmp.ctxr,w24b0_wb01.bmp,ctxr,8544,4dc78bc72e0c8add1d9bf20901cc3d51fabb9061
textures/flatlist/ovr_stm/_win/w24b0_we00.bmp.ctxr,textures/flatlist/ovr_stm/_win,w24b0_we00.bmp.ctxr,w24b0_we00.bmp,ctxr,49504,810c28e7271d5a439146871bb4f4bdd1b67a8a55
textures/flatlist/ovr_stm/_win/w24b0_we00a.bmp.ctxr,textures/flatlist/ovr_stm/_win,w24b0_we00a.bmp.ctxr,w24b0_we00a.bmp,ctxr,49504,a5566af2b22a418746742d8e07ec0622004b4331
textures/flatlist/ovr_stm/_win/w24b2_fl00.bmp.ctxr,textures/flatlist/ovr_stm/_win,w24b2_fl00.bmp.ctxr,w24b2_fl00.bmp,ctxr,87744,e1c2aa9798f0935ba02fab3c0952f5b6c964cf6f
textures/flatlist/ovr_stm/_win/w24b2_fl01.bmp.ctxr,textures/flatlist/ovr_stm/_win,w24b2_fl01.bmp.ctxr,w24b2_fl01.bmp,ctxr,9504,377746ab183fb67ac0a03802c862a69b061802be
textures/flatlist/ovr_stm/_win/w24b2_po01.bmp.ctxr,textures/flatlist/ovr_stm/_win,w24b2_po01.bmp.ctxr,w24b2_po01.bmp,ctxr,147776,1cca32dea40cc854575000f15f0b49128ae96396
textures/flatlist/ovr_stm/_win/w24b2_po02.bmp.ctxr,textures/flatlist/ovr_stm/_win,w24b2_po02.bmp.ctxr,w24b2_po02.bmp,ctxr,147776,bad864cf5b6b408b6c0db0f6376f12ae9abe1cea
textures/flatlist/ovr_stm/_win/w24c0_obj07_a.bmp.ctxr,textures/flatlist/ovr_stm/_win,w24c0_obj07_a.bmp.ctxr,w24c0_obj07_a.bmp,ctxr,8800,997e222fa374dcd0a9273d625d715f49e608f6cc
textures/flatlist/ovr_stm/_win/w24c0_obj09a.bmp.ctxr,textures/flatlist/ovr_stm/_win,w24c0_obj09a.bmp.ctxr,w24c0_obj09a.bmp,ctxr,43328,a4992fac99957d83b50eef7a96f3abe3f9dc0217
textures/flatlist/ovr_stm/_win/w24c0_sp01.bmp.ctxr,textures/flatlist/ovr_stm/_win,w24c0_sp01.bmp.ctxr,w24c0_sp01.bmp,ctxr,23328,f46474c5f1924bfa382b4de28283bb5aed56ab5f
textures/flatlist/ovr_stm/_win/w24c0_sp01aa.bmp.ctxr,textures/flatlist/ovr_stm/_win,w24c0_sp01aa.bmp.ctxr,w24c0_sp01aa.bmp,ctxr,24928,77195a81ae8e98fb5c5c6ab11f8cf3729d6ca497
textures/flatlist/ovr_stm/_win/w24c0_sp01c1.bmp.ctxr,textures/flatlist/ovr_stm/_win,w24c0_sp01c1.bmp.ctxr,w24c0_sp01c1.bmp,ctxr,11104,8cf9e615e357cb82045eb9bc905d61b6450db140
textures/flatlist/ovr_stm/_win/w24c0_sp02b.bmp.ctxr,textures/flatlist/ovr_stm/_win,w24c0_sp02b.bmp.ctxr,w24c0_sp02b.bmp,ctxr,11104,aba51a5718350a7a6647793cca6dae4fdae069b3
textures/flatlist/ovr_stm/_win/w24c0_ta06.bmp.ctxr,textures/flatlist/ovr_stm/_win,w24c0_ta06.bmp.ctxr,w24c0_ta06.bmp,ctxr,5824,8e32c776cc82d49f7a915400b6a51fde350e0f05
textures/flatlist/ovr_stm/_win/w24c0_ta07.bmp.ctxr,textures/flatlist/ovr_stm/_win,w24c0_ta07.bmp.ctxr,w24c0_ta07.bmp,ctxr,35808,6f1928d56658060a2e33685716d2bd253596606f
textures/flatlist/ovr_stm/_win/w24c0_wa01b.bmp.ctxr,textures/flatlist/ovr_stm/_win,w24c0_wa01b.bmp.ctxr,w24c0_wa01b.bmp,ctxr,270688,14c9de3f909ac6547d043dec128595877aa8e220
textures/flatlist/ovr_stm/_win/w24c0_wa01e2_2.bmp.ctxr,textures/flatlist/ovr_stm/_win,w24c0_wa01e2_2.bmp.ctxr,w24c0_wa01e2_2.bmp,ctxr,101696,bdd390cb067e9bb7ffa040a07f8af00f29c1a751
textures/flatlist/ovr_stm/_win/w24c0_wa01e3.bmp.ctxr,textures/flatlist/ovr_stm/_win,w24c0_wa01e3.bmp.ctxr,w24c0_wa01e3.bmp,ctxr,200256,aa5b76563456c00f956a955bb0cbd302d6994da3
textures/flatlist/ovr_stm/_win/w24c_overguy_alp_ovl.bmp.ctxr,textures/flatlist/ovr_stm/_win,w24c_overguy_alp_ovl.bmp.ctxr,w24c_overguy_alp_ovl.bmp,ctxr,172960,93c6bb7ff1cd8139ab835287977068a1f5ee0c7c
textures/flatlist/ovr_stm/_win/w24c_over_mrs_alp_ovl.bmp.ctxr,textures/flatlist/ovr_stm/_win,w24c_over_mrs_alp_ovl.bmp.ctxr,w24c_over_mrs_alp_ovl.bmp,ctxr,172960,c0bf7cdf72033673d2db186ac99a141a474c93ce
textures/flatlist/ovr_stm/_win/w24c_over_oba_alp_ovl.bmp.ctxr,textures/flatlist/ovr_stm/_win,w24c_over_oba_alp_ovl.bmp.ctxr,w24c_over_oba_alp_ovl.bmp,ctxr,172960,2081f5b8855e407037805700ed39bca01c1b5733
textures/flatlist/ovr_stm/_win/w24d0_w05.bmp.ctxr,textures/flatlist/ovr_stm/_win,w24d0_w05.bmp.ctxr,w24d0_w05.bmp,ctxr,49504,13b68743a48844440b6d516b92798769cec095f9
textures/flatlist/ovr_stm/_win/w25a_fl00a.bmp.ctxr,textures/flatlist/ovr_stm/_win,w25a_fl00a.bmp.ctxr,w25a_fl00a.bmp,ctxr,49472,fae766df6036abeee1e80d384632fc99cfa388f0
textures/flatlist/ovr_stm/_win/w25a_fl00b.bmp.ctxr,textures/flatlist/ovr_stm/_win,w25a_fl00b.bmp.ctxr,w25a_fl00b.bmp,ctxr,37152,4fd7ad4df2b7e43b996d0e34216e5940c5b1fb20
textures/flatlist/ovr_stm/_win/w25a_fl00c.bmp.ctxr,textures/flatlist/ovr_stm/_win,w25a_fl00c.bmp.ctxr,w25a_fl00c.bmp,ctxr,24896,2ce57509383b39b2f3665bf73c47640b3fd18483
textures/flatlist/ovr_stm/_win/w25a_fl00d.bmp.ctxr,textures/flatlist/ovr_stm/_win,w25a_fl00d.bmp.ctxr,w25a_fl00d.bmp,ctxr,24896,c5eaa9b421329257c4fc83ca4d7b67d7de2412ae
textures/flatlist/ovr_stm/_win/w25a_fl04.bmp.ctxr,textures/flatlist/ovr_stm/_win,w25a_fl04.bmp.ctxr,w25a_fl04.bmp,ctxr,49472,795df73256da17e25ef3349a91b5f8f6daab68f4
textures/flatlist/ovr_stm/_win/w25a_fl05a.bmp_eab6a76640eebadec634613e41b4f430.ctxr,textures/flatlist/ovr_stm/_win,w25a_fl05a.bmp_eab6a76640eebadec634613e41b4f430.ctxr,w25a_fl05a.bmp_eab6a76640eebadec634613e41b4f430,ctxr,49472,9e24f26c7287fa29971fca9850ef55f058994a32
textures/flatlist/ovr_stm/_win/w25a_flu05a.bmp.ctxr,textures/flatlist/ovr_stm/_win,w25a_flu05a.bmp.ctxr,w25a_flu05a.bmp,ctxr,12576,05644b4819e25997f103f81eb275de93db0647ab
textures/flatlist/ovr_stm/_win/w25a_h00.bmp_c0f8a236f0a27f1b708076773161c3d1.ctxr,textures/flatlist/ovr_stm/_win,w25a_h00.bmp_c0f8a236f0a27f1b708076773161c3d1.ctxr,w25a_h00.bmp_c0f8a236f0a27f1b708076773161c3d1,ctxr,11616,e1107e19c23497b50d972252ef1f650e28f14cf7
textures/flatlist/ovr_stm/_win/w25a_h01.bmp.ctxr,textures/flatlist/ovr_stm/_win,w25a_h01.bmp.ctxr,w25a_h01.bmp,ctxr,8512,6d29391c72cfbc1f8ea66138be962550ec4e5f59
textures/flatlist/ovr_stm/_win/w25a_h03.bmp.ctxr,textures/flatlist/ovr_stm/_win,w25a_h03.bmp.ctxr,w25a_h03.bmp,ctxr,6464,fa5be52b7671ff3eba847b942b885375939a83b4
textures/flatlist/ovr_stm/_win/w25a_h03a.bmp.ctxr,textures/flatlist/ovr_stm/_win,w25a_h03a.bmp.ctxr,w25a_h03a.bmp,ctxr,8512,f32c6a5293e21074edf18f23fd43a369caf81f82
textures/flatlist/ovr_stm/_win/w25a_h04a.bmp.ctxr,textures/flatlist/ovr_stm/_win,w25a_h04a.bmp.ctxr,w25a_h04a.bmp,ctxr,22240,14ebd5ac592629001aa49eb91e3a1a287549db44
textures/flatlist/ovr_stm/_win/w25a_h04k.bmp.ctxr,textures/flatlist/ovr_stm/_win,w25a_h04k.bmp.ctxr,w25a_h04k.bmp,ctxr,7424,b0e074599d4a855005ad6ccb137b2ffa3e84417d
textures/flatlist/ovr_stm/_win/w25a_tank00.bmp_607cd5e0bf0f5b379a6262cd93f54ffa.ctxr,textures/flatlist/ovr_stm/_win,w25a_tank00.bmp_607cd5e0bf0f5b379a6262cd93f54ffa.ctxr,w25a_tank00.bmp_607cd5e0bf0f5b379a6262cd93f54ffa,ctxr,76800,f84e2a4fd5292d548c41dfcb3467733d273d7909
textures/flatlist/ovr_stm/_win/w25a_tank00a.bmp.ctxr,textures/flatlist/ovr_stm/_win,w25a_tank00a.bmp.ctxr,w25a_tank00a.bmp,ctxr,12576,6851543ea2171460a90224ed97877f849771608a
textures/flatlist/ovr_stm/_win/w25a_w00.bmp.ctxr,textures/flatlist/ovr_stm/_win,w25a_w00.bmp.ctxr,w25a_w00.bmp,ctxr,166208,061b2b05b16c67594ecc58acaa9b577755fbf747
textures/flatlist/ovr_stm/_win/w25a_w00a.bmp.ctxr,textures/flatlist/ovr_stm/_win,w25a_w00a.bmp.ctxr,w25a_w00a.bmp,ctxr,166208,83696f14e6ea6e830cb01f2d71ea055325e6fb36
textures/flatlist/ovr_stm/_win/w25a_wire01a.bmp.ctxr,textures/flatlist/ovr_stm/_win,w25a_wire01a.bmp.ctxr,w25a_wire01a.bmp,ctxr,2304,53dae6c11bb6a0503931f46759d216a44f7b75ba
textures/flatlist/ovr_stm/_win/w25a_wire01b.bmp.ctxr,textures/flatlist/ovr_stm/_win,w25a_wire01b.bmp.ctxr,w25a_wire01b.bmp,ctxr,960,a7bbb05d50518fe3a1cb98765a7b184b2acfbba2
textures/flatlist/ovr_stm/_win/w25a_wire01d.bmp.ctxr,textures/flatlist/ovr_stm/_win,w25a_wire01d.bmp.ctxr,w25a_wire01d.bmp,ctxr,1792,8175e6f2f5b6fb09256fe68acb91d667be230991
textures/flatlist/ovr_stm/_win/w25b_fl04b.bmp.ctxr,textures/flatlist/ovr_stm/_win,w25b_fl04b.bmp.ctxr,w25b_fl04b.bmp,ctxr,37152,83b8a816241aafd04e0aa41157dfcb694335d07d
textures/flatlist/ovr_stm/_win/w25b_pp01c.bmp.ctxr,textures/flatlist/ovr_stm/_win,w25b_pp01c.bmp.ctxr,w25b_pp01c.bmp,ctxr,3328,08f63a95bf035ffe2d02766c04342ece5042c004
textures/flatlist/ovr_stm/_win/w25b_pp04.bmp.ctxr,textures/flatlist/ovr_stm/_win,w25b_pp04.bmp.ctxr,w25b_pp04.bmp,ctxr,27648,9bd4fa71cbee24b1000c761ec80cc3ad3a2eacad
textures/flatlist/ovr_stm/_win/w25c_fl05a.bmp_5d5c005378747543fddf1e2a161ecf6f.ctxr,textures/flatlist/ovr_stm/_win,w25c_fl05a.bmp_5d5c005378747543fddf1e2a161ecf6f.ctxr,w25c_fl05a.bmp_5d5c005378747543fddf1e2a161ecf6f,ctxr,12576,bfedbfe4239bffed53850a8d715f75ab03235395
textures/flatlist/ovr_stm/_win/w25c_obj00.bmp.ctxr,textures/flatlist/ovr_stm/_win,w25c_obj00.bmp.ctxr,w25c_obj00.bmp,ctxr,22848,d9f08e3b8192a66e7a2ba1283978a8ffc0178450
textures/flatlist/ovr_stm/_win/w25c_pp04a.bmp.ctxr,textures/flatlist/ovr_stm/_win,w25c_pp04a.bmp.ctxr,w25c_pp04a.bmp,ctxr,8512,63b277d5a41b701229007a88eda9a66723fbb432
textures/flatlist/ovr_stm/_win/w25c_w00f2.bmp.ctxr,textures/flatlist/ovr_stm/_win,w25c_w00f2.bmp.ctxr,w25c_w00f2.bmp,ctxr,123200,361f6fdd4037fd8ddd732aaadd22a9ebd073b6eb
textures/flatlist/ovr_stm/_win/w25c_w00f2.bmp_def331845b33cf0d004b8819ab1b47ad.ctxr,textures/flatlist/ovr_stm/_win,w25c_w00f2.bmp_def331845b33cf0d004b8819ab1b47ad.ctxr,w25c_w00f2.bmp_def331845b33cf0d004b8819ab1b47ad,ctxr,123200,2796d69f430337005f43b456ef7a10c78fc6bc45
textures/flatlist/ovr_stm/_win/w25c_w00f3.bmp.ctxr,textures/flatlist/ovr_stm/_win,w25c_w00f3.bmp.ctxr,w25c_w00f3.bmp,ctxr,82240,722227a86d572ef96e998dd51bebda0ae267cca1
textures/flatlist/ovr_stm/_win/w25c_w00f3.bmp_80bb089f15a6b67db42cdc5ba9154cce.ctxr,textures/flatlist/ovr_stm/_win,w25c_w00f3.bmp_80bb089f15a6b67db42cdc5ba9154cce.ctxr,w25c_w00f3.bmp_80bb089f15a6b67db42cdc5ba9154cce,ctxr,82240,cd4bda79ccbcc3ea9b18db37f2ac8c18515f87b6
textures/flatlist/ovr_stm/_win/w25c_w06b2.bmp_e32e56967b81d8e10f197bc69b626128.ctxr,textures/flatlist/ovr_stm/_win,w25c_w06b2.bmp_e32e56967b81d8e10f197bc69b626128.ctxr,w25c_w06b2.bmp_e32e56967b81d8e10f197bc69b626128,ctxr,86336,12ac466f5dd6f2150cd1fd04e0696f7db39046ff
textures/flatlist/ovr_stm/_win/w25c_w06b3.bmp_ccfce4ea287dbf204c2ead5e6bbda70c.ctxr,textures/flatlist/ovr_stm/_win,w25c_w06b3.bmp_ccfce4ea287dbf204c2ead5e6bbda70c.ctxr,w25c_w06b3.bmp_ccfce4ea287dbf204c2ead5e6bbda70c,ctxr,57696,c6d3db64b0fc7ef01d3f094f983c31cd833ec43f
textures/flatlist/ovr_stm/_win/w28an_ag_light_pipe.bmp.ctxr,textures/flatlist/ovr_stm/_win,w28an_ag_light_pipe.bmp.ctxr,w28an_ag_light_pipe.bmp,ctxr,2336,7f84162fe7bb3b3127c7d6705fd8762aa676d11b
textures/flatlist/ovr_stm/_win/w28an_ana_box_01.bmp.ctxr,textures/flatlist/ovr_stm/_win,w28an_ana_box_01.bmp.ctxr,w28an_ana_box_01.bmp,ctxr,6432,c0ed82247f622942f0018635fadd328ff8933b95
textures/flatlist/ovr_stm/_win/w28an_ana_box_02.bmp.ctxr,textures/flatlist/ovr_stm/_win,w28an_ana_box_02.bmp.ctxr,w28an_ana_box_02.bmp,ctxr,1632,66194a615cde71f35637ae85ad63c2420808c9b1
textures/flatlist/ovr_stm/_win/w28an_ana_pipe_02.bmp.ctxr,textures/flatlist/ovr_stm/_win,w28an_ana_pipe_02.bmp.ctxr,w28an_ana_pipe_02.bmp,ctxr,49504,07894e3a0e819d5ece2a54aaadbbbbb0188a6820
textures/flatlist/ovr_stm/_win/w28an_exit_alp_ovl.bmp.ctxr,textures/flatlist/ovr_stm/_win,w28an_exit_alp_ovl.bmp.ctxr,w28an_exit_alp_ovl.bmp,ctxr,4384,21f401ef1d75ebf029bda8fa1174711e7eb2c4c1
textures/flatlist/ovr_stm/_win/w28an_floor_oku_02.bmp.ctxr,textures/flatlist/ovr_stm/_win,w28an_floor_oku_02.bmp.ctxr,w28an_floor_oku_02.bmp,ctxr,106816,79adeb16bee5818937bb8564e1966a92cb037526
textures/flatlist/ovr_stm/_win/w28an_floor_oku_02a.bmp.ctxr,textures/flatlist/ovr_stm/_win,w28an_floor_oku_02a.bmp.ctxr,w28an_floor_oku_02a.bmp,ctxr,44064,c12c97b4eb12e2ba839b76c174fca5fc5ed3a3bd
textures/flatlist/ovr_stm/_win/w28an_mid_box_01.bmp.ctxr,textures/flatlist/ovr_stm/_win,w28an_mid_box_01.bmp.ctxr,w28an_mid_box_01.bmp,ctxr,9504,4a5214ada74a80fcf5725c56cb5a4c7fa6dd1775
textures/flatlist/ovr_stm/_win/w28an_mid_door_fukuro.bmp.ctxr,textures/flatlist/ovr_stm/_win,w28an_mid_door_fukuro.bmp.ctxr,w28an_mid_door_fukuro.bmp,ctxr,10560,7b4532f5859bbad44005d78017cf23d5805e7908
textures/flatlist/ovr_stm/_win/w28an_mid_door_fukuro_02.bmp.ctxr,textures/flatlist/ovr_stm/_win,w28an_mid_door_fukuro_02.bmp.ctxr,w28an_mid_door_fukuro_02.bmp,ctxr,6464,391afbf6bf62c13b62ab2054795a1741bad79232
textures/flatlist/ovr_stm/_win/w28an_mid_door_fukuro_02a.bmp.ctxr,textures/flatlist/ovr_stm/_win,w28an_mid_door_fukuro_02a.bmp.ctxr,w28an_mid_door_fukuro_02a.bmp,ctxr,9504,a2836e3efafc1e8c8accd72488c06e4fcb7c25c2
textures/flatlist/ovr_stm/_win/w28an_pipe_01.bmp.ctxr,textures/flatlist/ovr_stm/_win,w28an_pipe_01.bmp.ctxr,w28an_pipe_01.bmp,ctxr,62432,de5f493bf1cc0a016a0c9f4f8dcebdfc44017f20
textures/flatlist/ovr_stm/_win/w28an_pipe_02.bmp.ctxr,textures/flatlist/ovr_stm/_win,w28an_pipe_02.bmp.ctxr,w28an_pipe_02.bmp,ctxr,49504,309f3738505e58d2e5b5d270efcf479b80c9dcdf
textures/flatlist/ovr_stm/_win/w28an_pp02.bmp.ctxr,textures/flatlist/ovr_stm/_win,w28an_pp02.bmp.ctxr,w28an_pp02.bmp,ctxr,18752,985f60f94d2f12ac68c48621349debd94feb2c4b
textures/flatlist/ovr_stm/_win/w28an_rouka_floor_01.bmp.ctxr,textures/flatlist/ovr_stm/_win,w28an_rouka_floor_01.bmp.ctxr,w28an_rouka_floor_01.bmp,ctxr,61728,6df347c792c0aba7ba9ae7ae97ce414e69677e35
textures/flatlist/ovr_stm/_win/w28an_rouka_floor_02.bmp.ctxr,textures/flatlist/ovr_stm/_win,w28an_rouka_floor_02.bmp.ctxr,w28an_rouka_floor_02.bmp,ctxr,84800,5f7890d8186c1f9d59812701e5421f1b7545ab23
textures/flatlist/ovr_stm/_win/w28an_tsr_bar1.bmp.ctxr,textures/flatlist/ovr_stm/_win,w28an_tsr_bar1.bmp.ctxr,w28an_tsr_bar1.bmp,ctxr,16704,6b24f18c0e4dea0114e7349cb2d1dcc091830f1f
textures/flatlist/ovr_stm/_win/w28an_wall_01.bmp.ctxr,textures/flatlist/ovr_stm/_win,w28an_wall_01.bmp.ctxr,w28an_wall_01.bmp,ctxr,129344,4b6c357757210a415c92f4a8600fdcd8564dac69
textures/flatlist/ovr_stm/_win/w28an_wall_03.bmp.ctxr,textures/flatlist/ovr_stm/_win,w28an_wall_03.bmp.ctxr,w28an_wall_03.bmp,ctxr,69440,edd90da170aeb45015869c1ba803889dfbcac7d3
textures/flatlist/ovr_stm/_win/w28an_wall_03b.bmp.ctxr,textures/flatlist/ovr_stm/_win,w28an_wall_03b.bmp.ctxr,w28an_wall_03b.bmp,ctxr,37184,b20b6afcc560fdc2e2b7f5b177a3d5388c8c2360
textures/flatlist/ovr_stm/_win/w28an_wall_center_01.bmp.ctxr,textures/flatlist/ovr_stm/_win,w28an_wall_center_01.bmp.ctxr,w28an_wall_center_01.bmp,ctxr,69408,126e02e04ea8c65c937f573f7e029940603bc6fc
textures/flatlist/ovr_stm/_win/w28an_wall_center_03.bmp.ctxr,textures/flatlist/ovr_stm/_win,w28an_wall_center_03.bmp.ctxr,w28an_wall_center_03.bmp,ctxr,110912,d451be7fab02ece005c8f7047dab4880f32eae43
textures/flatlist/ovr_stm/_win/w28an_wall_door_01.bmp.ctxr,textures/flatlist/ovr_stm/_win,w28an_wall_door_01.bmp.ctxr,w28an_wall_door_01.bmp,ctxr,78624,11afd2be08596458dc4173057857b9f89bc4a979
textures/flatlist/ovr_stm/_win/w28an_wall_door_01a.bmp.ctxr,textures/flatlist/ovr_stm/_win,w28an_wall_door_01a.bmp.ctxr,w28an_wall_door_01a.bmp,ctxr,52544,b956fe44411e02f335b492e732f305bd482d8364
textures/flatlist/ovr_stm/_win/w28an_wall_rouka_02.bmp.ctxr,textures/flatlist/ovr_stm/_win,w28an_wall_rouka_02.bmp.ctxr,w28an_wall_rouka_02.bmp,ctxr,41312,6ad987704656ee1c478c9109ea05c401826ddeb9
textures/flatlist/ovr_stm/_win/w28an_wall_rouka_02b.bmp.ctxr,textures/flatlist/ovr_stm/_win,w28an_wall_rouka_02b.bmp.ctxr,w28an_wall_rouka_02b.bmp,ctxr,21824,cc0b702c074d424eb347af6a33cf7d35ce91e9f1
textures/flatlist/ovr_stm/_win/w28an_wall_rouka_04.bmp.ctxr,textures/flatlist/ovr_stm/_win,w28an_wall_rouka_04.bmp.ctxr,w28an_wall_rouka_04.bmp,ctxr,61760,4d7656c8462872e13fdf5d74e958a65e1247e64d
textures/flatlist/ovr_stm/_win/w28an_wire_01.bmp.ctxr,textures/flatlist/ovr_stm/_win,w28an_wire_01.bmp.ctxr,w28an_wire_01.bmp,ctxr,8544,5391550aefb1619c4cfbc96baeb2c4607d45d6e6
textures/flatlist/ovr_stm/_win/w28a_ana_hari_03.bmp.ctxr,textures/flatlist/ovr_stm/_win,w28a_ana_hari_03.bmp.ctxr,w28a_ana_hari_03.bmp,ctxr,23360,620849564579247088017a96701eaa930c1d69bf
textures/flatlist/ovr_stm/_win/w28a_ana_hari_04.bmp.ctxr,textures/flatlist/ovr_stm/_win,w28a_ana_hari_04.bmp.ctxr,w28a_ana_hari_04.bmp,ctxr,13440,69ff0da811402a5e512949c5aa21599dd39301ec
textures/flatlist/ovr_stm/_win/w28a_ana_hari_05.bmp.ctxr,textures/flatlist/ovr_stm/_win,w28a_ana_hari_05.bmp.ctxr,w28a_ana_hari_05.bmp,ctxr,28992,55914db2cfa91797db67663f9017e18085fb06d5
textures/flatlist/ovr_stm/_win/w28a_ana_light_tome.bmp.ctxr,textures/flatlist/ovr_stm/_win,w28a_ana_light_tome.bmp.ctxr,w28a_ana_light_tome.bmp,ctxr,4704,ba64bccd34ca5883057a999544d09796d64b4636
textures/flatlist/ovr_stm/_win/w28a_ana_pipe_01.bmp.ctxr,textures/flatlist/ovr_stm/_win,w28a_ana_pipe_01.bmp.ctxr,w28a_ana_pipe_01.bmp,ctxr,33152,ea9c484d2c5a12fbc29d8cfc6043896f7d4c14fc
textures/flatlist/ovr_stm/_win/w28a_ana_pipe_03.bmp.ctxr,textures/flatlist/ovr_stm/_win,w28a_ana_pipe_03.bmp.ctxr,w28a_ana_pipe_03.bmp,ctxr,24928,59fd5a1189edea908e23a9db4583f465e69275cd
textures/flatlist/ovr_stm/_win/w28a_ana_pipe_tome_01.bmp.ctxr,textures/flatlist/ovr_stm/_win,w28a_ana_pipe_tome_01.bmp.ctxr,w28a_ana_pipe_tome_01.bmp,ctxr,32544,8ee3dc76a3eb81df2ac27318eb6dc9b61f13c802
textures/flatlist/ovr_stm/_win/w28a_ana_pipe_tome_02.bmp.ctxr,textures/flatlist/ovr_stm/_win,w28a_ana_pipe_tome_02.bmp.ctxr,w28a_ana_pipe_tome_02.bmp,ctxr,1792,1efa3f599265d9c629c3ed946836f29e24740cdc
textures/flatlist/ovr_stm/_win/w28a_ana_wall_01.bmp.ctxr,textures/flatlist/ovr_stm/_win,w28a_ana_wall_01.bmp.ctxr,w28a_ana_wall_01.bmp,ctxr,156960,d5d31d0b8f4f83cd5afb3f38b0e74158af0232d6
textures/flatlist/ovr_stm/_win/w28a_ana_wall_02.bmp.ctxr,textures/flatlist/ovr_stm/_win,w28a_ana_wall_02.bmp.ctxr,w28a_ana_wall_02.bmp,ctxr,180032,f0b2bd279fda4428985a549ea34d931b38754413
textures/flatlist/ovr_stm/_win/w28a_ana_wall_03.bmp.ctxr,textures/flatlist/ovr_stm/_win,w28a_ana_wall_03.bmp.ctxr,w28a_ana_wall_03.bmp,ctxr,135488,820eb5c9c63dbe08327b7955b049e7e502cad7f1
textures/flatlist/ovr_stm/_win/w28a_hone_naname.bmp.ctxr,textures/flatlist/ovr_stm/_win,w28a_hone_naname.bmp.ctxr,w28a_hone_naname.bmp,ctxr,6464,6305081f0db1783454f7bda6f5d9921af8b9db8b
textures/flatlist/ovr_stm/_win/w28a_pipe_tome_002.bmp.ctxr,textures/flatlist/ovr_stm/_win,w28a_pipe_tome_002.bmp.ctxr,w28a_pipe_tome_002.bmp,ctxr,1792,a699bfcad246ee00bda7852476ddfbc65de44ae0
textures/flatlist/ovr_stm/_win/w28a_wall_rouka_01.bmp.ctxr,textures/flatlist/ovr_stm/_win,w28a_wall_rouka_01.bmp.ctxr,w28a_wall_rouka_01.bmp,ctxr,98656,c752550388bb44f72ab98326997b53f9b8893b62
textures/flatlist/ovr_stm/_win/w31a_box_01.bmp.ctxr,textures/flatlist/ovr_stm/_win,w31a_box_01.bmp.ctxr,w31a_box_01.bmp,ctxr,12576,9adee399b84abd38cb74e7befe04feb81b7b309f
textures/flatlist/ovr_stm/_win/w31a_box_02.bmp.ctxr,textures/flatlist/ovr_stm/_win,w31a_box_02.bmp.ctxr,w31a_box_02.bmp,ctxr,37152,c3c829e3b58d777784524e10972a0a17fbe4241d
textures/flatlist/ovr_stm/_win/w31a_cir_panel_033.bmp.ctxr,textures/flatlist/ovr_stm/_win,w31a_cir_panel_033.bmp.ctxr,w31a_cir_panel_033.bmp,ctxr,26912,ef84799836284f543e4eeff5785a3ded80e92da7
textures/flatlist/ovr_stm/_win/w31a_cir_panel_04.bmp.ctxr,textures/flatlist/ovr_stm/_win,w31a_cir_panel_04.bmp.ctxr,w31a_cir_panel_04.bmp,ctxr,7936,9849745190159279704157e7c5fd6535fd54ebff
textures/flatlist/ovr_stm/_win/w31a_cir_panel_brk_01.bmp.ctxr,textures/flatlist/ovr_stm/_win,w31a_cir_panel_brk_01.bmp.ctxr,w31a_cir_panel_brk_01.bmp,ctxr,80192,e96f178a93180ddecf27132c6e780ba5c09bcdf2
textures/flatlist/ovr_stm/_win/w31a_cir_panel_brk_02.bmp.ctxr,textures/flatlist/ovr_stm/_win,w31a_cir_panel_brk_02.bmp.ctxr,w31a_cir_panel_brk_02.bmp,ctxr,12576,69c4490a68ea3743f992beee7b456ebc6cc5ae58
textures/flatlist/ovr_stm/_win/w31a_cir_panel_brk_04.bmp.ctxr,textures/flatlist/ovr_stm/_win,w31a_cir_panel_brk_04.bmp.ctxr,w31a_cir_panel_brk_04.bmp,ctxr,7936,9e0703c95ef59ca98afa97bde70b09db4e202841
textures/flatlist/ovr_stm/_win/w31a_cir_panel_brk_05.bmp.ctxr,textures/flatlist/ovr_stm/_win,w31a_cir_panel_brk_05.bmp.ctxr,w31a_cir_panel_brk_05.bmp,ctxr,7936,97e825142c97700334bd1ecfe1b64a80883f36db
textures/flatlist/ovr_stm/_win/w31a_denki_01.bmp.ctxr,textures/flatlist/ovr_stm/_win,w31a_denki_01.bmp.ctxr,w31a_denki_01.bmp,ctxr,12256,68b76eaa24150d6f3edb2e3fd407e1cb0f11c777
textures/flatlist/ovr_stm/_win/w31a_denki_03.bmp.ctxr,textures/flatlist/ovr_stm/_win,w31a_denki_03.bmp.ctxr,w31a_denki_03.bmp,ctxr,7680,8f3140e121a27444728f0c67b7b5269fd92d7c74
textures/flatlist/ovr_stm/_win/w31a_floor_01.bmp.ctxr,textures/flatlist/ovr_stm/_win,w31a_floor_01.bmp.ctxr,w31a_floor_01.bmp,ctxr,69408,9aa249b009db4396e61fdc87653e1859ee75764a
textures/flatlist/ovr_stm/_win/w31a_floor_02.bmp.ctxr,textures/flatlist/ovr_stm/_win,w31a_floor_02.bmp.ctxr,w31a_floor_02.bmp,ctxr,27968,1abc1daf42cc11676f4fc015c3d1a8a08b0d5f05
textures/flatlist/ovr_stm/_win/w31a_floor_03.bmp.ctxr,textures/flatlist/ovr_stm/_win,w31a_floor_03.bmp.ctxr,w31a_floor_03.bmp,ctxr,31008,29f3a6d5f35c5b123eaf448318ff34455e3326a7
textures/flatlist/ovr_stm/_win/w31a_floor_06.bmp.ctxr,textures/flatlist/ovr_stm/_win,w31a_floor_06.bmp.ctxr,w31a_floor_06.bmp,ctxr,64832,5dae4f4f1d3ffa866f0895efc7248580dcd3de2c
textures/flatlist/ovr_stm/_win/w31a_floor_08.bmp.ctxr,textures/flatlist/ovr_stm/_win,w31a_floor_08.bmp.ctxr,w31a_floor_08.bmp,ctxr,60192,a68a2217bb1d89a90e37672f6b3e0d05a4d906f0
textures/flatlist/ovr_stm/_win/w31a_floor_10_alp_ovl.bmp.ctxr,textures/flatlist/ovr_stm/_win,w31a_floor_10_alp_ovl.bmp.ctxr,w31a_floor_10_alp_ovl.bmp,ctxr,24896,10fa3f4f24b55d66e3b6be5f8319e3b8af1d1ac6
textures/flatlist/ovr_stm/_win/w31a_floor_ovl_bld090.bmp.ctxr,textures/flatlist/ovr_stm/_win,w31a_floor_ovl_bld090.bmp.ctxr,w31a_floor_ovl_bld090.bmp,ctxr,87744,da42f4d5d29a283e9a57053915c9a986c3d31591
textures/flatlist/ovr_stm/_win/w31a_mecha_03.bmp.ctxr,textures/flatlist/ovr_stm/_win,w31a_mecha_03.bmp.ctxr,w31a_mecha_03.bmp,ctxr,62464,cd89b4f4e020b1b3085482f8918f534ada4e0d50
textures/flatlist/ovr_stm/_win/w31a_wall_01.bmp.ctxr,textures/flatlist/ovr_stm/_win,w31a_wall_01.bmp.ctxr,w31a_wall_01.bmp,ctxr,57696,5fd7d06fdc1679041663e7e9cb53b836d4e3fbe6
textures/flatlist/ovr_stm/_win/w31a_wall_03.bmp.ctxr,textures/flatlist/ovr_stm/_win,w31a_wall_03.bmp.ctxr,w31a_wall_03.bmp,ctxr,64832,d988675dcd2974c9ae16242865610ea85420114d
textures/flatlist/ovr_stm/_win/w31a_wall_05.bmp.ctxr,textures/flatlist/ovr_stm/_win,w31a_wall_05.bmp.ctxr,w31a_wall_05.bmp,ctxr,49504,945758b800a272e18e9e9eeed3ad2db4ac8c1968
textures/flatlist/ovr_stm/_win/w31a_wall_06.bmp.ctxr,textures/flatlist/ovr_stm/_win,w31a_wall_06.bmp.ctxr,w31a_wall_06.bmp,ctxr,49472,d58a6fa5eb406c0e8c671b8b4e621238b21f3e99
textures/flatlist/ovr_stm/_win/w31b_door_01.bmp.ctxr,textures/flatlist/ovr_stm/_win,w31b_door_01.bmp.ctxr,w31b_door_01.bmp,ctxr,107808,6413808717c32acb772b26210b0f533ef077e171
textures/flatlist/ovr_stm/_win/w31b_dox_01.bmp.ctxr,textures/flatlist/ovr_stm/_win,w31b_dox_01.bmp.ctxr,w31b_dox_01.bmp,ctxr,3232,18a7fc2e8626ec718894f9aa2fa721d8ca12d592
textures/flatlist/ovr_stm/_win/w31b_floor_02.bmp.ctxr,textures/flatlist/ovr_stm/_win,w31b_floor_02.bmp.ctxr,w31b_floor_02.bmp,ctxr,49472,e4a25a096a28924a31be5f602c8ea89e3b32802b
textures/flatlist/ovr_stm/_win/w31b_panel_alp_ovl_06.bmp.ctxr,textures/flatlist/ovr_stm/_win,w31b_panel_alp_ovl_06.bmp.ctxr,w31b_panel_alp_ovl_06.bmp,ctxr,18720,055fa8c6a31c00f6bfb2cab9270d1b25651400e4
textures/flatlist/ovr_stm/_win/w31b_pipe_05.bmp.ctxr,textures/flatlist/ovr_stm/_win,w31b_pipe_05.bmp.ctxr,w31b_pipe_05.bmp,ctxr,23328,240502c5b4fc3bbd9ef05cf0c46eda4002db176b
textures/flatlist/ovr_stm/_win/w31b_roof_04.bmp.ctxr,textures/flatlist/ovr_stm/_win,w31b_roof_04.bmp.ctxr,w31b_roof_04.bmp,ctxr,61728,cf0c75dcf842963e4368404f53036c00fcca231c
textures/flatlist/ovr_stm/_win/w31b_wall_03.bmp.ctxr,textures/flatlist/ovr_stm/_win,w31b_wall_03.bmp.ctxr,w31b_wall_03.bmp,ctxr,98656,445f44ff7c06e3f1e5817ea3313646e4d8bf0628
textures/flatlist/ovr_stm/_win/w31c_box_05.bmp.ctxr,textures/flatlist/ovr_stm/_win,w31c_box_05.bmp.ctxr,w31c_box_05.bmp,ctxr,65888,3fc90fe58f80f3c1754b1da7edab3ba9b3333fd4
textures/flatlist/ovr_stm/_win/w31c_locker_01.bmp.ctxr,textures/flatlist/ovr_stm/_win,w31c_locker_01.bmp.ctxr,w31c_locker_01.bmp,ctxr,53536,28bea898040e14c2c71bd99748a398e3f25ba1eb
textures/flatlist/ovr_stm/_win/w31c_locker_04.bmp.ctxr,textures/flatlist/ovr_stm/_win,w31c_locker_04.bmp.ctxr,w31c_locker_04.bmp,ctxr,77952,b98f06429a4ac92882a5d9fe67e94fadb0a27cf4
textures/flatlist/ovr_stm/_win/w31c_wall_08.bmp.ctxr,textures/flatlist/ovr_stm/_win,w31c_wall_08.bmp.ctxr,w31c_wall_08.bmp,ctxr,7968,66a7fc1215bfe3452611f388119a0d0ccd543aa5
textures/flatlist/ovr_stm/_win/w32a_asi00.bmp.ctxr,textures/flatlist/ovr_stm/_win,w32a_asi00.bmp.ctxr,w32a_asi00.bmp,ctxr,74048,6183bbc239bb4b1db44eff05c0aa732f42e5a6d5
textures/flatlist/ovr_stm/_win/w32a_asi00a.bmp.ctxr,textures/flatlist/ovr_stm/_win,w32a_asi00a.bmp.ctxr,w32a_asi00a.bmp,ctxr,74048,75c2fe3ea12efe92c98651cecc6fa56b6f2defb6
textures/flatlist/ovr_stm/_win/w32a_asi00b.bmp.ctxr,textures/flatlist/ovr_stm/_win,w32a_asi00b.bmp.ctxr,w32a_asi00b.bmp,ctxr,74048,03c202cefc923828e57d9073df57aeabe50514e1
textures/flatlist/ovr_stm/_win/w32a_asi00c.bmp.ctxr,textures/flatlist/ovr_stm/_win,w32a_asi00c.bmp.ctxr,w32a_asi00c.bmp,ctxr,74048,2a6fd4772672e3f93361970acf684da9ea509901
textures/flatlist/ovr_stm/_win/w32a_asi00d.bmp.ctxr,textures/flatlist/ovr_stm/_win,w32a_asi00d.bmp.ctxr,w32a_asi00d.bmp,ctxr,74048,608b9ee248d9fb5e10dfeb9576dfd59873617eb4
textures/flatlist/ovr_stm/_win/w32a_asi06.bmp.ctxr,textures/flatlist/ovr_stm/_win,w32a_asi06.bmp.ctxr,w32a_asi06.bmp,ctxr,98688,3de43f4f9a25992cba50c97c12026934ff135435
textures/flatlist/ovr_stm/_win/w32a_board04.bmp.ctxr,textures/flatlist/ovr_stm/_win,w32a_board04.bmp.ctxr,w32a_board04.bmp,ctxr,22208,4a17e339f2274aa91e4338e08097b6f1d61b05ce
textures/flatlist/ovr_stm/_win/w32a_fl01.bmp.ctxr,textures/flatlist/ovr_stm/_win,w32a_fl01.bmp.ctxr,w32a_fl01.bmp,ctxr,60416,4ac215a499bd97017f8e49e530a058fb06e02fc3
textures/flatlist/ovr_stm/_win/w32a_fl01a.bmp.ctxr,textures/flatlist/ovr_stm/_win,w32a_fl01a.bmp.ctxr,w32a_fl01a.bmp,ctxr,60416,1417615ef1fd15c727b955cba52c5ab97c456169
textures/flatlist/ovr_stm/_win/w32a_fl01b.bmp.ctxr,textures/flatlist/ovr_stm/_win,w32a_fl01b.bmp.ctxr,w32a_fl01b.bmp,ctxr,60416,7a7fd6408e39c8d2b8db284d160c28de3380d1d8
textures/flatlist/ovr_stm/_win/w32a_fl01c.bmp.ctxr,textures/flatlist/ovr_stm/_win,w32a_fl01c.bmp.ctxr,w32a_fl01c.bmp,ctxr,60416,c74d160194026a21ac46b73be692043310693ee5
textures/flatlist/ovr_stm/_win/w32a_fl01e.bmp.ctxr,textures/flatlist/ovr_stm/_win,w32a_fl01e.bmp.ctxr,w32a_fl01e.bmp,ctxr,60416,5810417f8931c08f057ac806dad6ab14d4b8d4f3
textures/flatlist/ovr_stm/_win/w32a_pp02.bmp_1740c8007a612689abb7c8a3139f35d1.ctxr,textures/flatlist/ovr_stm/_win,w32a_pp02.bmp_1740c8007a612689abb7c8a3139f35d1.ctxr,w32a_pp02.bmp_1740c8007a612689abb7c8a3139f35d1,ctxr,74048,6a2dcfd4d56adb551f979460560af7cb0ea3a7c7
textures/flatlist/ovr_stm/_win/w32a_pp02a.bmp_f04b2f338b30c64c7690c44f5e5cbc4f.ctxr,textures/flatlist/ovr_stm/_win,w32a_pp02a.bmp_f04b2f338b30c64c7690c44f5e5cbc4f.ctxr,w32a_pp02a.bmp_f04b2f338b30c64c7690c44f5e5cbc4f,ctxr,65888,facca097b45f7d8384ee25df809aff8ac528b44c
textures/flatlist/ovr_stm/_win/w32a_pp03a.bmp_948505e760d2eb64915a2546228b8649.ctxr,textures/flatlist/ovr_stm/_win,w32a_pp03a.bmp_948505e760d2eb64915a2546228b8649.ctxr,w32a_pp03a.bmp_948505e760d2eb64915a2546228b8649,ctxr,65920,f33f69ac2de01af8bb58d85783040c5a5aa58810
textures/flatlist/ovr_stm/_win/w32a_sign00.bmp.ctxr,textures/flatlist/ovr_stm/_win,w32a_sign00.bmp.ctxr,w32a_sign00.bmp,ctxr,7808,483324007f8296c343a02a27037fad06cf7f710b
textures/flatlist/ovr_stm/_win/w32a_w02.bmp.ctxr,textures/flatlist/ovr_stm/_win,w32a_w02.bmp.ctxr,w32a_w02.bmp,ctxr,20800,190f4c84b6a2065ec1fd12c3416592d44816f400
textures/flatlist/ovr_stm/_win/w41a_dr2.bmp.ctxr,textures/flatlist/ovr_stm/_win,w41a_dr2.bmp.ctxr,w41a_dr2.bmp,ctxr,58368,0679bd52e66ba97bdf539b440b5eeb5ef16e15d9
textures/flatlist/ovr_stm/_win/w41a_go_02.bmp.ctxr,textures/flatlist/ovr_stm/_win,w41a_go_02.bmp.ctxr,w41a_go_02.bmp,ctxr,21792,dcfe3606803a726dbd5e59536009fc8faf01b364
textures/flatlist/ovr_stm/_win/w41a_go_03.bmp.ctxr,textures/flatlist/ovr_stm/_win,w41a_go_03.bmp.ctxr,w41a_go_03.bmp,ctxr,20256,b6631194e8c56cf12de5adbecab5649b71f1c04a
textures/flatlist/ovr_stm/_win/w41a_wallsh1_bld090_ovl.bmp.ctxr,textures/flatlist/ovr_stm/_win,w41a_wallsh1_bld090_ovl.bmp.ctxr,w41a_wallsh1_bld090_ovl.bmp,ctxr,160064,17b2f386eda3ad6c8f5655613ef65e3483bc545b
textures/flatlist/ovr_stm/_win/w41a_wallsh3_bld090_ovl.bmp.ctxr,textures/flatlist/ovr_stm/_win,w41a_wallsh3_bld090_ovl.bmp.ctxr,w41a_wallsh3_bld090_ovl.bmp,ctxr,98656,3321cfe3e69ad95e8982b89d2a2e19b2e77e4214
textures/flatlist/ovr_stm/_win/w41a_wallsh4_bld090_ovl.bmp.ctxr,textures/flatlist/ovr_stm/_win,w41a_wallsh4_bld090_ovl.bmp.ctxr,w41a_wallsh4_bld090_ovl.bmp,ctxr,49472,8ffb54ed5b2d86118e535276bfb6d830c16c3dfb
textures/flatlist/ovr_stm/_win/w41a_wallsh6_bld090_ovl.bmp.ctxr,textures/flatlist/ovr_stm/_win,w41a_wallsh6_bld090_ovl.bmp.ctxr,w41a_wallsh6_bld090_ovl.bmp,ctxr,98656,53790505750ee7afbd29b2c7fa1e3eee31476b58
textures/flatlist/ovr_stm/_win/w41a_wallsh7_bld090_ovl.bmp.ctxr,textures/flatlist/ovr_stm/_win,w41a_wallsh7_bld090_ovl.bmp.ctxr,w41a_wallsh7_bld090_ovl.bmp,ctxr,98656,a7212c7096c065b3b5f1bb871e1107e65965997c
textures/flatlist/ovr_stm/_win/w42a_1f_box_01.bmp_7be7c191af3966ebc5cbc6b019aac0b5.ctxr,textures/flatlist/ovr_stm/_win,w42a_1f_box_01.bmp_7be7c191af3966ebc5cbc6b019aac0b5.ctxr,w42a_1f_box_01.bmp_7be7c191af3966ebc5cbc6b019aac0b5,ctxr,100672,e8b7afe0c75da79f5f873fc913295f3948b5aab5
textures/flatlist/ovr_stm/_win/w42a_1f_box_01_top.bmp_80244e81becddb60d74eb9908adbdbd3.ctxr,textures/flatlist/ovr_stm/_win,w42a_1f_box_01_top.bmp_80244e81becddb60d74eb9908adbdbd3.ctxr,w42a_1f_box_01_top.bmp_80244e81becddb60d74eb9908adbdbd3,ctxr,53600,748cce92525d6465b29e433a54dbf6b838eca8fd
textures/flatlist/ovr_stm/_win/w42a_2f_floor_back_03.bmp.ctxr,textures/flatlist/ovr_stm/_win,w42a_2f_floor_back_03.bmp.ctxr,w42a_2f_floor_back_03.bmp,ctxr,55648,021f66ef0a50c90a640c6f6cfc54aebace6bf16b
textures/flatlist/ovr_stm/_win/w42a_bridge_side_01.bmp_489fc0f70f9ed7725e5293ec1ab58638.ctxr,textures/flatlist/ovr_stm/_win,w42a_bridge_side_01.bmp_489fc0f70f9ed7725e5293ec1ab58638.ctxr,w42a_bridge_side_01.bmp_489fc0f70f9ed7725e5293ec1ab58638,ctxr,25408,b9d57a026cb7a1815c4bebcfdafb177dc857c572
textures/flatlist/ovr_stm/_win/w42a_fence_board_01.bmp.ctxr,textures/flatlist/ovr_stm/_win,w42a_fence_board_01.bmp.ctxr,w42a_fence_board_01.bmp,ctxr,9184,4d5fea176409f6dc8d793df5ec4857f15d86bec1
textures/flatlist/ovr_stm/_win/w42a_fence_under_03.bmp.ctxr,textures/flatlist/ovr_stm/_win,w42a_fence_under_03.bmp.ctxr,w42a_fence_under_03.bmp,ctxr,9856,673c5330e38e9cd0192a84e7819b1ee84552a810
textures/flatlist/ovr_stm/_win/w43a_rouka_floor_01_alp_ovl.bmp.ctxr,textures/flatlist/ovr_stm/_win,w43a_rouka_floor_01_alp_ovl.bmp.ctxr,w43a_rouka_floor_01_alp_ovl.bmp,ctxr,49472,d14ec7ccabfb958a894f543c9513184c9df4b160
textures/flatlist/ovr_stm/_win/w43a_rouka_floor_02_alp_ovl.bmp.ctxr,textures/flatlist/ovr_stm/_win,w43a_rouka_floor_02_alp_ovl.bmp.ctxr,w43a_rouka_floor_02_alp_ovl.bmp,ctxr,49472,1484e7dae79c7c926d91dc2576061fd9d52209ed
textures/flatlist/ovr_stm/_win/w43a_rouka_floor_03_alp_ovl.bmp.ctxr,textures/flatlist/ovr_stm/_win,w43a_rouka_floor_03_alp_ovl.bmp.ctxr,w43a_rouka_floor_03_alp_ovl.bmp,ctxr,49472,df9b548acc7d80857c9ece62bd9a28e8a7630b67
textures/flatlist/ovr_stm/_win/w43a_rouka_floor_04_alp_ovl.bmp.ctxr,textures/flatlist/ovr_stm/_win,w43a_rouka_floor_04_alp_ovl.bmp.ctxr,w43a_rouka_floor_04_alp_ovl.bmp,ctxr,37152,42725f71fb97883ba7a1ba5ea17c4b0eb0405363
textures/flatlist/ovr_stm/_win/w43a_rouka_floor_06_alp_ovl.bmp.ctxr,textures/flatlist/ovr_stm/_win,w43a_rouka_floor_06_alp_ovl.bmp.ctxr,w43a_rouka_floor_06_alp_ovl.bmp,ctxr,49472,a9fe898fa1e77cfac28e1a53ba844569e7fea9e4
textures/flatlist/ovr_stm/_win/w43a_wall_02_alp_ovl.bmp.ctxr,textures/flatlist/ovr_stm/_win,w43a_wall_02_alp_ovl.bmp.ctxr,w43a_wall_02_alp_ovl.bmp,ctxr,61728,f2de893b7928e69f89052e3b796f219009fee06d
textures/flatlist/ovr_stm/_win/w43a_wall_04_alp_ovl.bmp.ctxr,textures/flatlist/ovr_stm/_win,w43a_wall_04_alp_ovl.bmp.ctxr,w43a_wall_04_alp_ovl.bmp,ctxr,20768,6635c4198845e4f77703f4d2d2b4b8deb65cc9c4
textures/flatlist/ovr_stm/_win/w43a_wall_05_alp_ovl.bmp.ctxr,textures/flatlist/ovr_stm/_win,w43a_wall_05_alp_ovl.bmp.ctxr,w43a_wall_05_alp_ovl.bmp,ctxr,61728,de98a7bc23af4a3aece1d11990c21f9743c52891
textures/flatlist/ovr_stm/_win/w43a_wall_09_alp_ovl.bmp.ctxr,textures/flatlist/ovr_stm/_win,w43a_wall_09_alp_ovl.bmp.ctxr,w43a_wall_09_alp_ovl.bmp,ctxr,61728,71ee6e5e62fc2b2a55ad2a572cfb12589bd0f117
textures/flatlist/ovr_stm/_win/w43a_wall_exit_01.bmp.ctxr,textures/flatlist/ovr_stm/_win,w43a_wall_exit_01.bmp.ctxr,w43a_wall_exit_01.bmp,ctxr,196960,3d4bb7b1b29ce4326cbbcc65e77996e12a40f9d7
textures/flatlist/ovr_stm/_win/w43a_wall_hashi_02_alp_ovl.bmp.ctxr,textures/flatlist/ovr_stm/_win,w43a_wall_hashi_02_alp_ovl.bmp.ctxr,w43a_wall_hashi_02_alp_ovl.bmp,ctxr,61728,3e6d6f9c91a85412a976624ed229dfdde2b1b8c4
textures/flatlist/ovr_stm/_win/w43a_wall_hashi_04_alp_ovl.bmp.ctxr,textures/flatlist/ovr_stm/_win,w43a_wall_hashi_04_alp_ovl.bmp.ctxr,w43a_wall_hashi_04_alp_ovl.bmp,ctxr,61728,e9cbc24822d9ab4662a5ac9c1b09008e394693d0
textures/flatlist/ovr_stm/_win/w43a_wall_right_02_alp_ovl.bmp.ctxr,textures/flatlist/ovr_stm/_win,w43a_wall_right_02_alp_ovl.bmp.ctxr,w43a_wall_right_02_alp_ovl.bmp,ctxr,61728,16cb8581c350bc3a231b9f43728a01d4d44ad4e7
textures/flatlist/ovr_stm/_win/w43a_wall_right_03_alp_ovl.bmp.ctxr,textures/flatlist/ovr_stm/_win,w43a_wall_right_03_alp_ovl.bmp.ctxr,w43a_wall_right_03_alp_ovl.bmp,ctxr,20768,23554ac1f1edce891e09bbe2c1bba38cd4c22458
textures/flatlist/ovr_stm/_win/w43a_wall_right_06_alp_ovl.bmp.ctxr,textures/flatlist/ovr_stm/_win,w43a_wall_right_06_alp_ovl.bmp.ctxr,w43a_wall_right_06_alp_ovl.bmp,ctxr,61728,d791da99f70d530166fa58e252b4d68932b2c316
textures/flatlist/ovr_stm/_win/w43a_wall_right_08_alp_ovl.bmp.ctxr,textures/flatlist/ovr_stm/_win,w43a_wall_right_08_alp_ovl.bmp.ctxr,w43a_wall_right_08_alp_ovl.bmp,ctxr,61728,e193c9f90539be773adbad7b26eb4d2414c60960
textures/flatlist/ovr_stm/_win/w45a_door_left.bmp.ctxr,textures/flatlist/ovr_stm/_win,w45a_door_left.bmp.ctxr,w45a_door_left.bmp,ctxr,23328,973765021e35612f1a31c46b802f18373a5ef71e
textures/flatlist/ovr_stm/_win/w45a_door_right.bmp.ctxr,textures/flatlist/ovr_stm/_win,w45a_door_right.bmp.ctxr,w45a_door_right.bmp,ctxr,43840,e4e5c63df6dc61b2d9c0030a80fda09266080452
textures/flatlist/ovr_stm/_win/w45a_floor_01.bmp.ctxr,textures/flatlist/ovr_stm/_win,w45a_floor_01.bmp.ctxr,w45a_floor_01.bmp,ctxr,602432,7b9ed073e42e065c7eb985cb26cb02ee8d363e68
textures/flatlist/ovr_stm/_win/w45a_floor_03.bmp.ctxr,textures/flatlist/ovr_stm/_win,w45a_floor_03.bmp.ctxr,w45a_floor_03.bmp,ctxr,602432,ad6784a1c8f8aa1544284662a3566ff1f855f9fd
textures/flatlist/ovr_stm/_win/w61a_bil7_wall1.bmp.ctxr,textures/flatlist/ovr_stm/_win,w61a_bil7_wall1.bmp.ctxr,w61a_bil7_wall1.bmp,ctxr,41280,77d9e8926d4059974694f376ecfe9ce7c0a58b58
textures/flatlist/ovr_stm/_win/w61a_bil7_wall4_brk.bmp.ctxr,textures/flatlist/ovr_stm/_win,w61a_bil7_wall4_brk.bmp.ctxr,w61a_bil7_wall4_brk.bmp,ctxr,82240,55954e1e6770d5b0ce0ef9f79f36c6eb55307382
textures/flatlist/ovr_stm/_win/w61a_douro.bmp.ctxr,textures/flatlist/ovr_stm/_win,w61a_douro.bmp.ctxr,w61a_douro.bmp,ctxr,87744,1f1263a64bfa0e61b93ce7e0bc58a974be257c4e
textures/flatlist/ovr_stm/_win/w61a_grn_ami.bmp.ctxr,textures/flatlist/ovr_stm/_win,w61a_grn_ami.bmp.ctxr,w61a_grn_ami.bmp,ctxr,12576,c3d36b372814b254107b66a77c1429443d785ba6
textures/flatlist/ovr_stm/_win/w61a_hodou1.bmp.ctxr,textures/flatlist/ovr_stm/_win,w61a_hodou1.bmp.ctxr,w61a_hodou1.bmp,ctxr,87744,57732e1c7bb64b123d9547b588dc031014f8f03f
textures/flatlist/ovr_stm/_win/w61a_jeorge_dai.bmp.ctxr,textures/flatlist/ovr_stm/_win,w61a_jeorge_dai.bmp.ctxr,w61a_jeorge_dai.bmp,ctxr,16704,87396b7517dabd82d410c3baee70c9b2ea8873d0
textures/flatlist/ovr_stm/_win/w61a_pillar1.bmp.ctxr,textures/flatlist/ovr_stm/_win,w61a_pillar1.bmp.ctxr,w61a_pillar1.bmp,ctxr,136896,b9a2fdb0a72c88713ed25de42603908e1b392a94
textures/flatlist/ovr_stm/_win/w62a_bill_h1.bmp.ctxr,textures/flatlist/ovr_stm/_win,w62a_bill_h1.bmp.ctxr,w62a_bill_h1.bmp,ctxr,131456,369aaf03b3c3b2da427ca3165d34977e94e93e91
textures/flatlist/ovr_stm/_win/walllc1a.bmp.ctxr,textures/flatlist/ovr_stm/_win,walllc1a.bmp.ctxr,walllc1a.bmp,ctxr,77120,ebbc37f96dd6ae56fc26bc3b0a18e9e71e8dc050
textures/flatlist/ovr_stm/_win/walllc1a2a.bmp.ctxr,textures/flatlist/ovr_stm/_win,walllc1a2a.bmp.ctxr,walllc1a2a.bmp,ctxr,59040,d073460fc9b21230ece0c3f8c6f59dc14b1ee5bf
textures/flatlist/ovr_stm/_win/walllc1b.bmp.ctxr,textures/flatlist/ovr_stm/_win,walllc1b.bmp.ctxr,walllc1b.bmp,ctxr,66368,a01e41724d940c1464cc4c3b9b43979b79baabbb
textures/flatlist/ovr_stm/_win/walllc1_sh2.bmp.ctxr,textures/flatlist/ovr_stm/_win,walllc1_sh2.bmp.ctxr,walllc1_sh2.bmp,ctxr,66368,6bd3f9010c55990215243758c7e218c0710d87a7
textures/flatlist/ovr_stm/_win/wave06.bmp.ctxr,textures/flatlist/ovr_stm/_win,wave06.bmp.ctxr,wave06.bmp,ctxr,87744,462936faf5c1ef1fd1166dddd4504c46e6120297
textures/flatlist/ovr_stm/_win/wave06long1.bmp.ctxr,textures/flatlist/ovr_stm/_win,wave06long1.bmp.ctxr,wave06long1.bmp,ctxr,87744,a58495c06ddd3014787f2d5ef0543acbd471bfc0
textures/flatlist/ovr_stm/_win/wc1.bmp.ctxr,textures/flatlist/ovr_stm/_win,wc1.bmp.ctxr,wc1.bmp,ctxr,14656,860d1fa4467a883967a888fef037a9a074e7ef8d
textures/flatlist/ovr_stm/_win/wc1top.bmp.ctxr,textures/flatlist/ovr_stm/_win,wc1top.bmp.ctxr,wc1top.bmp,ctxr,19456,0e88a813b903f1aa7cb4d09914f91fc5d73825f9
textures/flatlist/ovr_stm/_win/yukamoto_alp_ovl.bmp.ctxr,textures/flatlist/ovr_stm/_win,yukamoto_alp_ovl.bmp.ctxr,yukamoto_alp_ovl.bmp,ctxr,87744,f674862c96d8629bdbae6807fdc9c848b33dce0d
textures/flatlist/ovr_stm/_win/yu_ne.bmp.ctxr,textures/flatlist/ovr_stm/_win,yu_ne.bmp.ctxr,yu_ne.bmp,ctxr,87744,7e2ba87f866267af5c599a0c355d74d2ae73910c
textures/flatlist/ovr_stm/_win/yu_ne2.bmp.ctxr,textures/flatlist/ovr_stm/_win,yu_ne2.bmp.ctxr,yu_ne2.bmp,ctxr,87744,521ee60b4aa2bf6a927e97509578b24dd7c91981
textures/flatlist/ovr_stm/_win/zoe_pos_n.bmp.ctxr,textures/flatlist/ovr_stm/_win,zoe_pos_n.bmp.ctxr,zoe_pos_n.bmp,ctxr,147776,b148d4bd00814711111f575c5c7e3b30ac75c931
textures/MGS2-Demastered-Substance-Edition_LICENSE,textures,MGS2-Demastered-Substance-Edition_LICENSE,MGS2-Demastered-Substance-Edition_LICENSE,,1084,50827a9b7585110cb1a082fc9244d637a47fa802
textures/MGS2-Demastered-Substance-Edition_README.md,textures,MGS2-Demastered-Substance-Edition_README.md,MGS2-Demastered-Substance-Edition_README,md,4712,f2254b5805ff05d2462c9fe1a1fed4c4fad530b7
