filename,before_hash,ctxr_hash,mipmaps,origin_folder,opacity_stripped,upscaled,upscaler_version,upscaler_type,ctxr3_converted,non_upscaled_version
00004ad1,b93f6e608b29d7f2d23be9999ead26005635371f,47e5dc2d9977c00204c34d318813e136d72e63d0,false,ps2 textures\HAS ALPHA\bp_remade\no_mip_fixes\ui,false,false,0,none,true,1
0000c4dd,dec10d7d7febc70929ad5c52105f4bd5fc5e466f,882316907bd3ea433906d747babccf63fa0b5fbc,false,ps2 textures\HAS ALPHA\bp_remade\no_mip_fixes\ui,false,false,0,none,true,1
0000c4dd_d0bf2476e36b7e6db64e892154845abf,dc45f0a37611025b189bea53c381a285efa4291b,749ef34f5907979836e3a2fca48028cc12da80d7,false,ps2 textures\HAS ALPHA\bp_remade\no_mip_fixes\ui,false,false,0,none,true,1
0000f06e,f631c0be788c2bf0c2d0658e60a0371150438197,b201ab9c417d4add369a02a888525a85fd52d471,false,ps2 textures\HAS ALPHA\bp_remade\no_mip_fixes\ui,false,false,0,none,true,1
00012016,04c10e41272c64574632a5a72599176381bb2a10,11e6cd49e4e060e6a769f344034281f4da406574,false,ps2 textures\HAS ALPHA\bp_remade\no_mip_fixes\ui,false,false,0,none,true,1
00022016,0bbaa4937ed1bdafe67235529aaa6b7723b1556a,3dec806eb52385e4fe72dac711f056b3a0cb6549,false,ps2 textures\HAS ALPHA\bp_remade\no_mip_fixes\ui,false,false,0,none,true,1
00024ad1,e5aa6fbe3eddf144c215f0a9c0ed8216e3fb4894,d9c07c7ff7d8227310d3e173c878b51022337496,false,ps2 textures\HAS ALPHA\bp_remade\no_mip_fixes\ui,false,false,0,none,true,1
0002936b,0249acf9d0dbcadb944f66b56c0a073658d82ba2,6b129ab8b8c438096fd6e636aa3174cd510d493f,false,ps2 textures\HAS ALPHA\bp_remade\no_mip_fixes\ui,false,false,0,none,true,1
0002cca2,50559aff150b41e7f92eba23c5ce023c4c0ebc24,1f0cfc4280d04c4cb7347e0f01550a1ce051c696,false,ps2 textures\HAS ALPHA\bp_remade\no_mip_fixes\ui,false,false,0,none,true,1
00032016,30f5387dfd00f7618c4883d2b26d01e8aaba9e05,df45535014bb584f714023cc6df33a772a7e3243,false,ps2 textures\HAS ALPHA\bp_remade\no_mip_fixes\ui,false,false,0,none,true,1
000382c8,295c0890fbedc82ded389a749a8eb485b4b512b1,406a84bf257d312eaff71ccf5fcbca6147bd2b1f,false,ps2 textures\HAS ALPHA\bp_remade\no_mip_fixes\ui,false,false,0,none,true,1
0003c3de,c8db8d68b8382f26bb01d0ce2f848a10152efe88,594d396b181cbd3e6a84adc4e6b12c74219813d0,false,ps2 textures\HAS ALPHA\bp_remade\no_mip_fixes\ui,false,false,0,none,true,1
0003c3de_59747dd0818a4f3d78cd7938115b9093,aea0aa102d7610bbfc5295965de1f29eb7e36bc8,8e1902f21a92b36ab305e7ce25e00d5078596c05,false,ps2 textures\HAS ALPHA\bp_remade\no_mip_fixes\ui,false,false,0,none,true,1
00042016,ae54216a07e593caf2710756fe77ece0c6bf1238,f453618ffb51a8b08a8db26a9bc58f85ac1f9334,false,ps2 textures\HAS ALPHA\bp_remade\no_mip_fixes\ui,false,false,0,none,true,1
000430f2,1e5f2e27e65e07c2c477dd501d61e4fdbb8fd1fc,813e4f39b40c8ac8f2d3578122a5d35b6506f114,false,ps2 textures\HAS ALPHA\bp_remade\no_mip_fixes\ui,false,false,0,none,true,1
00052016,02299d544d568ecd737a8c6c782cbc56489778fe,9f671315306f19e3625b03d9b2ef9425934a4331,false,ps2 textures\HAS ALPHA\bp_remade\no_mip_fixes\ui,false,false,0,none,true,1
00058f79,70d3e99def6846979900c9746d645537811824ec,d34d4f51526e3548b56c3c9fe2aeb6f2af45c7e1,false,ps2 textures\HAS ALPHA\bp_remade\no_mip_fixes\ui,false,false,0,none,true,1
00062016,790781f0399f463c61e48218921f36edb37ab488,f9eba541a12185c0f23a3f5becc40a66b997fea4,false,ps2 textures\HAS ALPHA\bp_remade\no_mip_fixes\ui,false,false,0,none,true,1
00065bbe,48b22048ba557dba9197064871832c0b644ee3d5,446eb9ec536218120743437e39e733551c946441,false,ps2 textures\HAS ALPHA\bp_remade\no_mip_fixes\ui,false,false,0,none,true,1
00068f79,46b8180d902c4f85d5f556d12771af4eda2628ed,69b73cbba37702dfeb348f7354453aec243ae5c3,false,ps2 textures\HAS ALPHA\bp_remade\no_mip_fixes\ui,false,false,0,none,true,1
00072016,adad8d42ca9df79a24b6a84b3aaf844d83c43e08,f16571e358360f45a5d2854208be817a5446ac49,false,ps2 textures\HAS ALPHA\bp_remade\no_mip_fixes\ui,false,false,0,none,true,1
00075bbe,38558a187765f34ac43de4b7de782a96ce9ecd12,87083f3dc58da6e6ec71757972f2943f1b65bafb,false,ps2 textures\HAS ALPHA\bp_remade\no_mip_fixes\ui,false,false,0,none,true,1
00078f79,c6394ecd282af4794a37bfeac0fdf42a0bfc0def,aca5dd5deb07f923b943ba1d601f0683f9fba227,false,ps2 textures\HAS ALPHA\bp_remade\no_mip_fixes\ui,false,false,0,none,true,1
0007bc34,e0d0d9438e8284d8bdbf09d8c5932952559b655e,c28bf00b9069d4ba6fd01690c0e38e49df9a03d4,false,ps2 textures\HAS ALPHA\bp_remade\no_mip_fixes\ui,false,false,0,none,true,1
00082016,124cdfdbb180729cf7c2fa50678493511f9c4ac8,cb2404a8f32168ad34774b233bae5f6e93e7e444,false,ps2 textures\HAS ALPHA\bp_remade\no_mip_fixes\ui,false,false,0,none,true,1
00085bbe,f3298e9234252021d88497edcad417b827778c87,61ec4476496e30aa29007d6b73233362e5af36fa,false,ps2 textures\HAS ALPHA\bp_remade\no_mip_fixes\ui,false,false,0,none,true,1
00085d1e,9b02554ef6b35adbca8e8cb695ea7c3111161c9e,1a23a7eca25539f09c3b0db76c5f796ee33870c8,false,ps2 textures\HAS ALPHA\bp_remade\no_mip_fixes\ui,false,false,0,none,true,1
000897ee,ed6bcbfaeeb8352636388283bfc66cf160f329ed,70e347b441fe2bde6b04bcc349bf8335b17da05f,false,ps2 textures\opaque\bp_remade\no_mip_fixes\ui,true,false,0,none,true,1
0008bc34,b3dbe37d7c1fec175bf5806e508b84416e2100b6,383666df6820ce08e3c232ed6d568493da2d64f0,false,ps2 textures\HAS ALPHA\bp_remade\no_mip_fixes\ui,false,false,0,none,true,1
00096be0,662bfd7f063605f31f9ee06f31e55fc9147b06ee,1b581401ba8728b3558fe06171f52e20adf87e4c,false,ps2 textures\HAS ALPHA\bp_remade\no_mip_fixes\ui,false,false,0,none,true,1
0009bc34,f440b028952b70270ae2c9a2f0732eb1db49fe8e,bdf0e969f20068974336125039e0af96a0fa848f,false,ps2 textures\HAS ALPHA\bp_remade\no_mip_fixes\ui,false,false,0,none,true,1
0009eb6f,d8f64c8986ce7298b3be876a7a88aa11b725874b,a8e8448d270124a768b78db9d4443f50dd1cee1f,false,ps2 textures\HAS ALPHA\bp_remade\no_mip_fixes\ui,false,false,0,none,true,1
0009f56f,1289ea115c4b81e3a4c36f118d9879a8577a89a8,00138813e22acc713d037f426f0f1a1a9910044d,false,ps2 textures\HAS ALPHA\bp_remade\no_mip_fixes\ui,false,false,0,none,true,1
0009f66f,4afd03307324c257af43499268cbedc75f84bed6,ce7df2879f1738a3c12ec799a2f1add8cb4d66b2,false,ps2 textures\HAS ALPHA\bp_remade\no_mip_fixes\ui,false,false,0,none,true,1
000a8fc0,a7a4a12a46d7e52c782cd31b1055a8b2ec5fa0cd,c1d48139c4018cd8dfbb5aeb5ba8d1a175035a30,false,ps2 textures\HAS ALPHA\bp_remade\no_mip_fixes\ui,false,false,0,none,true,1
000aa7de,60dac922e6028ef3d08b36c59ce9325c76c04cf4,a63c414df8376480d5f3a8c046980ea544eafbf4,false,ps2 textures\HAS ALPHA\bp_remade\no_mip_fixes\ui,false,false,0,none,true,1
000b7011,66240e0f80c6f297a07cd32f5cf9daee724edf17,94ff56ea87759af5d0fb1f85382ce73f4ca08ed1,false,ps2 textures\HAS ALPHA\bp_remade\no_mip_fixes\ui,false,false,0,none,true,1
000c59bf,2e971d21fd5f8c671f0813d375c8875d8c06676d,849f2f565208e9cabac9d1f912c4611a4038b05e,false,ps2 textures\HAS ALPHA\bp_remade\no_mip_fixes\ui,false,false,0,none,true,1
000cc716,6c25e479e521864013df0655524121f2f3ac9a93,0aadf7f72bbcedabb3f5cd8a3640964ca7ef5590,false,ps2 textures\HAS ALPHA\bp_remade\no_mip_fixes\ui,false,false,0,none,true,1
000ccd6b,0d9f30a63b1f8c80bdb17f2dad3c084f851a5169,34f3c286fbf5a05e6d2d36e7368f18ab0d0f14b0,false,ps2 textures\HAS ALPHA\bp_remade\no_mip_fixes\ui,false,false,0,none,true,1
000e1a61,22753650b4128e48180b2c9db9a500e188ea18ce,3f370e25bdcfe5e3db4ed417b569a6b85f383223,false,ps2 textures\HAS ALPHA\bp_remade\no_mip_fixes\ui,false,false,0,none,true,1
000ebe38,1e75516390549b5463e2f0d79c90f7ff22bad8c5,46c02b4608349154f0daaa0e0d2daa452201e5f3,false,ps2 textures\HAS ALPHA\bp_remade\no_mip_fixes\ui,false,false,0,none,true,1
00100d1b,c86c98e4e2f3a8a400f24251ef022344162de17d,2ba6528b6f8207f9fbbb8455e16e1a842d9f2e4e,false,ps2 textures\HAS ALPHA\bp_remade\no_mip_fixes\ui,false,false,0,none,true,1
001087b3,31cd1b960e5441ac24134ccf4c08480de10c81c6,bb961a524016870e97272431402994499bdbc814,false,ps2 textures\HAS ALPHA\bp_remade\no_mip_fixes\ui,false,false,0,none,true,1
0010e123,bb17262181975962672dbefb51774279b62f4a3b,dd2f611df96e19b10e5d5fc53dd6319eaff44a0c,false,ps2 textures\HAS ALPHA\bp_remade\no_mip_fixes\ui,false,false,0,none,true,1
001187b3,7ebb8df012cba7a65d94798bfb9ee17ed9fc7129,46fe5678ba1f5c886e6ea73550275914e44acc1a,false,ps2 textures\HAS ALPHA\bp_remade\no_mip_fixes\ui,false,false,0,none,true,1
0012e9ed,cfdd329f39fb125a85f4de5014a0d2fc72df3e2d,5fbf658393474e3812b6c383547672c55c85ddd5,false,ps2 textures\HAS ALPHA\bp_remade\no_mip_fixes\ui,false,false,0,none,true,1
0013486e,db74f9ed1dc378014c9e4d6f16e8163026c628fc,9bf60e30096c5a9b886fd3373839885b506620f5,false,ps2 textures\HAS ALPHA\bp_remade\no_mip_fixes\ui,false,false,0,none,true,1
0013547f,cbf34abe6d986ac44dca5ac57ef570bfd42a4ab8,c45f5e5a6f450f2e472cdcf34cbbe904f494a7ef,false,ps2 textures\HAS ALPHA\bp_remade\no_mip_fixes\ui,false,false,0,none,true,1
0014547f,ef7b776c7d4da2d2103d91338fcd8fd9e99bd3bd,5ed6a71501d6d349cd2e96250d26c3af04e5754c,false,ps2 textures\HAS ALPHA\bp_remade\no_mip_fixes\ui,false,false,0,none,true,1
001463f1,1157d99d8a4554fcbd4807e4d5fbb57333169e96,04a40e00da7959531cec5d7f1720f2838bcd093f,false,ps2 textures\HAS ALPHA\bp_remade\no_mip_fixes\ui,false,false,0,none,true,1
0015547f,7bebe087d59408b30cbd369ac30ff07ef1bb71f8,55aa1cf09ecc8bb1d1e27f8229fb09b045fa8e9c,false,ps2 textures\HAS ALPHA\bp_remade\no_mip_fixes\ui,false,false,0,none,true,1
00158927,29fa75f2c33c35b59c3cb7cda091dac50fe2beaf,5b6a8f66f9456b03987977152a20c7888678d33b,false,ps2 textures\HAS ALPHA\bp_remade\no_mip_fixes\ui,false,false,0,none,true,1
0016852b,5a3de1b698cf1e6437c5fe9f379300d7dcf82f83,3f2b910e86652fa20f4e29c399697be028a89c36,false,ps2 textures\HAS ALPHA\bp_remade\no_mip_fixes\ui,false,false,0,none,true,1
0016bbf5,662fd5fdfc90265be9f043552b2a247232de6c01,a5f86c332e76ff61558672bc278b5faf6c6d13a4,false,ps2 textures\HAS ALPHA\bp_remade\no_mip_fixes\ui,false,false,0,none,true,1
0017bbf5,68832cc7fdf01010056b3a1cffe86feb5d9ed6b8,5e8fa3f3d08095650e3fe9b9be0320f5fec47300,false,ps2 textures\HAS ALPHA\bp_remade\no_mip_fixes\ui,false,false,0,none,true,1
001a8739,ed0ddf60cd67d3cc764d14f4afa16e11db19c46e,ef8d1dc5ef3ec30d01544a84c22e63eccdec8baf,false,ps2 textures\HAS ALPHA\bp_remade\no_mip_fixes\ui,false,false,0,none,true,1
001a8739_9b95ed97d41ce0c9da24766f77e0bf35,0f18ded3bb43ccdc7383ca957186c1ea399116ea,e2d175849b4f6c6a00959e52e6a66893dba7989e,false,ps2 textures\HAS ALPHA\bp_remade\no_mip_fixes\ui,false,false,0,none,true,1
001bb358,d5ea1c7df9805dd1d6d9b3eb9e65ebc6d5f744c4,aa70b9578bd2602479f4f8df443930c99f72abd0,false,ps2 textures\HAS ALPHA\bp_remade\no_mip_fixes\ui,false,false,0,none,true,1
001cd071,4288d33293669e86afa61249150dd44e66c79b0d,4ae512b25ea7c5085ce66f4dbb96a402fdd04f53,false,ps2 textures\HAS ALPHA\bp_remade\no_mip_fixes\ui,false,false,0,none,true,1
001f2016,a5cf3f37ef7b3277537d16b1e7d6284427e9f6ef,d838d4d7badaea15fb5e8a31973d6c94a974e376,false,ps2 textures\HAS ALPHA\bp_remade\no_mip_fixes\ui,false,false,0,none,true,1
00202016,b13ceccc5c472f988310eb9a486ec7cfc19e1464,4f3a5a0ceb52ac0e0c7c51588357a64f5fa77748,false,ps2 textures\HAS ALPHA\bp_remade\no_mip_fixes\ui,false,false,0,none,true,1
00207af5,48d1b1b7dde3573bb59c747b2b82d81bfb35714c,42d3aac3a30c35b9f5239073b5bf69d283c5ea8f,false,ps2 textures\HAS ALPHA\bp_remade\no_mip_fixes\ui,false,false,0,none,true,1
0020c7c1,c24d6eb6120b02552a188e48383723726fd90b18,f99df0a7c65dfec40e7bb1fda70bd8c108dafd8f,false,ps2 textures\HAS ALPHA\bp_remade\no_mip_fixes\ui,false,false,0,none,true,1
0020e3c2,625ad6a61e45aedf82d9d8c6e9e735b305b8bdff,689f50698d9bafc389ad30134289d32b9ed691b5,false,ps2 textures\HAS ALPHA\bp_remade\no_mip_fixes\ui,false,false,0,none,true,1
0020fb52,2e6e0af7e7490c2627314dfa9648542adecfc88c,fc1a29636321ebd7950a16582238782c4db54746,false,ps2 textures\HAS ALPHA\bp_remade\no_mip_fixes\ui,false,false,0,none,true,1
00212016,790ddb93527b2b06383ecc49ed4953f3638da5b8,9e32ddc359f3048bf219d801304c728a5996d78a,false,ps2 textures\HAS ALPHA\bp_remade\no_mip_fixes\ui,false,false,0,none,true,1
0021e3c2,9ade6993391493cff9c529d65c76a04dcd3b7d81,707535b13dfa9c5549f0b137023a9a213ffbb450,false,ps2 textures\HAS ALPHA\bp_remade\no_mip_fixes\ui,false,false,0,none,true,1
00222016,6ac44fbf09d593ce19590e02ada8da6520f83e77,3f11241a9fe17e9f5e905349ed695d3f02f257bf,false,ps2 textures\HAS ALPHA\bp_remade\no_mip_fixes\ui,false,false,0,none,true,1
0022e3c2,a4d35252892559938b70164790b2da8d77006aec,833b788742961f9e4352f1793b72b6e8b58d1bc4,false,ps2 textures\HAS ALPHA\bp_remade\no_mip_fixes\ui,false,false,0,none,true,1
00232016,5c46c80bf3f3c993e76d16a85b02d050dca95a87,ee56dc7d1b67485cbba15154c48e0b2b441ac8ae,false,ps2 textures\HAS ALPHA\bp_remade\no_mip_fixes\ui,false,false,0,none,true,1
00232162,8d3f1f5a0f56b71449bb919a1d26805ff2820834,13a878d06dde905712510361988b9fd19f6e22a6,false,ps2 textures\opaque\bp_remade\no_mip_fixes\ui,true,false,0,none,true,1
00238df3,34e81cc901d80f8086d8c551ed76e3f8cb939d17,2b8c33cee70dc9ddaf3a1bc2905aad46c15c683c,false,ps2 textures\opaque\bp_remade\no_mip_fixes\ui,true,false,0,none,true,1
0023ace3,7c2743d30e6f8b6bea3d44830f7c5537f2366903,2fce8a8e099ecca1c16e622e8d140c6fc11e290b,false,ps2 textures\HAS ALPHA\bp_remade\no_mip_fixes\ui,false,false,0,none,true,1
00242016,3bf79d7a192591d9bd9de61bba3495d02ed8bb4a,3dcdcd57fb79c4a5c8d9c3b767317f70a929d5aa,false,ps2 textures\HAS ALPHA\bp_remade\no_mip_fixes\ui,false,false,0,none,true,1
00248df3,c1e49657ed06ecc564efa2f002c5e4c053ed2c2c,fb813de658f0e6eeaa5ae85d5b23bf786f8bbd8f,false,ps2 textures\tri with alpha\bp_remade\no_mip_fixes\ui,false,false,0,none,true,1
002515dc,3c495ac091cf468533ebb7de8b827f14a5d9cc45,cc0fbf13dd2e39a1cdde0b99bbf3869d895175eb,false,ps2 textures\HAS ALPHA\bp_remade\no_mip_fixes\ui,false,false,0,none,true,1
00252016,afde11265d54b7f99731f25ca864e4e132c064c7,5fac2684dfee7d202cb9cf42f433d6468ae4f3d1,false,ps2 textures\HAS ALPHA\bp_remade\no_mip_fixes\ui,false,false,0,none,true,1
00253181,448431f3d989c44f98fccc34559bc9085af98e22,5fefe6f1882b6fa86568f9deb3a7618b56fd31e4,false,ps2 textures\HAS ALPHA\bp_remade\no_mip_fixes\ui,false,false,0,none,true,1
00262016,4d71fb3b243d299105e5ea9a1f0ddd65313fc4fb,906f69970d08c8ce23066c9127bbc53615601a17,false,ps2 textures\HAS ALPHA\bp_remade\no_mip_fixes\ui,false,false,0,none,true,1
0026f2fc,f96c774f8ff6538ebc8c80dcb279a6ea398ba071,6979727ff38d741e3fe7c42c92f994b1ac761fcd,false,ps2 textures\HAS ALPHA\bp_remade\no_mip_fixes\ui,false,false,0,none,true,1
00272016,9259f6ef1bcc5c91135c8b18d2673c38212db596,d7f61eb7237ce4270499352292ccdbc040f89716,false,ps2 textures\HAS ALPHA\bp_remade\no_mip_fixes\ui,false,false,0,none,true,1
00273921,1fe171d1ca8e8e1d31ab0e753cc98908d375f9c0,9e062817afc73896c2620d459ef6d38e96b5d508,false,ps2 textures\HAS ALPHA\bp_remade\no_mip_fixes\ui,false,false,0,none,true,1
0027ccec,3d2095764d36478f4691f5b2ba8e783155d7d157,b6c31a8665cb52ccd3303c239dc9df9cb5594ee9,false,ps2 textures\HAS ALPHA\bp_remade\no_mip_fixes\ui,false,false,0,none,true,1
002be6b0,972a3b381fac0540e2078dca5bd9607435410241,a4e40f372c40d0c176549509aaa202b1e4935f12,false,ps2 textures\HAS ALPHA\bp_remade\no_mip_fixes\ui,false,false,0,none,true,1
002c9415,746a22c136046983cbd07f5ab288eedb6bd7d807,ee7b0a0b432d19252afe558b580abfba0b481657,false,ps2 textures\HAS ALPHA\bp_remade\no_mip_fixes\ui,false,false,0,none,true,1
002ca269,f7bf53276183fb306ad6371d93bcf8b5d98b0450,2e8e84e933ac72b5cbc416a96c40511a0fe0a7d5,false,ps2 textures\HAS ALPHA\bp_remade\no_mip_fixes\ui,false,false,0,none,true,1
002ceb42,0defb284884f7201f5f77fff4bc728cadbe20e17,89663462826b3fcfd10b07e2bd5bfe05b149d049,false,ps2 textures\HAS ALPHA\bp_remade\no_mip_fixes\ui,false,false,0,none,true,1
002d83df,bf187ef0be7cbef03751247d3a8ad009f3e4dc2e,22edc159a9b3576c87f7465c0755350c534370df,false,ps2 textures\HAS ALPHA\bp_remade\no_mip_fixes\ui,false,false,0,none,true,1
002d83df_d6d6e25cebf411fbdc10afdc75e6c763,5d7fdebdc569c55d3f442d63cdec17339e0a1801,64c866619066f0353f4fa779fe778d7bbadbc112,false,ps2 textures\HAS ALPHA\bp_remade\no_mip_fixes\ui,false,false,0,none,true,1
002d83e0,57bd6b64add77948b93e5ee820c358ca24f4aa57,37547fcce8c834c4897fe3346fddcaf0a8aaa0a9,false,ps2 textures\HAS ALPHA\bp_remade\no_mip_fixes\ui,false,false,0,none,true,1
002d83e0_fe14aedf8aead9e025a71608da78f12d,2c389de4eb95dec0f11ab83ae0a4bdca6acebabf,274d55f6f8ac3755f5b549b70404c05c54ca3ae1,false,ps2 textures\HAS ALPHA\bp_remade\no_mip_fixes\ui,false,false,0,none,true,1
002d83e1,3c1f30c2267b07e9b42e7e72fed0798ce53a3c07,763c6e61c618777db6d2f017918b0b2f144104f7,false,ps2 textures\HAS ALPHA\bp_remade\no_mip_fixes\ui,false,false,0,none,true,1
002d83e2,0a92593e94f693738d5c988332d996c7ed54bdef,5713a236ebaa3c76ef4c6ec22a2e98bafa9abeb8,false,ps2 textures\HAS ALPHA\bp_remade\no_mip_fixes\ui,false,false,0,none,true,1
002d83e3,f24017f8c5b9b7d934d0c59d8040beaf1495119f,c1addfdcdc752213726bfe04fd84923d9e46ae99,false,ps2 textures\HAS ALPHA\bp_remade\no_mip_fixes\ui,false,false,0,none,true,1
002d83e4,23d4a548944b9aa72f035004cd24505040da63a4,31f508459e85ba393fdf94a1a17593d3ee7c1ef8,false,ps2 textures\HAS ALPHA\bp_remade\no_mip_fixes\ui,false,false,0,none,true,1
002d83e5,3cac7e8de539fce159a5b3729f173994325a2077,1dbe69e82f3c7eb30641e0b27305423e8fe8ee24,false,ps2 textures\HAS ALPHA\bp_remade\no_mip_fixes\ui,false,false,0,none,true,1
002e7dde,5997f43fb04b593ded7ff582d8210d433e6b1231,f6c168140c23ad01d6690802a414f9d100d8cec5,false,ps2 textures\HAS ALPHA\bp_remade\no_mip_fixes\ui,false,false,0,none,true,1
002e7ddf,ff7902bd3dabcf1a4480c4079e1060e7f97cc86a,3b18f3694852a479419905a573879e543fb0c19c,false,ps2 textures\HAS ALPHA\bp_remade\no_mip_fixes\ui,false,false,0,none,true,1
002e7de0,c9512045aa65490ccb4bad27aaf4bbe22fa21193,85cb9ac3cb3855ef040ef4850a5f08d9073a564f,false,ps2 textures\HAS ALPHA\bp_remade\no_mip_fixes\ui,false,false,0,none,true,1
002e7de3,6b8e198a32bd94e3f38d166afb338aa3025c2a20,b755be0851baa7ea27468e74cee46c22792885b0,false,ps2 textures\HAS ALPHA\bp_remade\no_mip_fixes\ui,false,false,0,none,true,1
002e7de4,760c570f64199ea408f3397851d4473b830dc4bf,4cd3be95093f94652455d152d1bb4e8ae1bf77c6,false,ps2 textures\HAS ALPHA\bp_remade\no_mip_fixes\ui,false,false,0,none,true,1
002e7de5,880e1e7815156990223449340ef7c7c2fab6a917,7d39540f09551cf9f5f2d473a174504d10a63247,false,ps2 textures\HAS ALPHA\bp_remade\no_mip_fixes\ui,false,false,0,none,true,1
002e8486,47908f70358752ee9d5767f1df8d7b4f1263a4cc,78cc236ac615b8d5fecc08383684bf72e63c0d0f,false,ps2 textures\HAS ALPHA\bp_remade\no_mip_fixes\ui,false,false,0,none,true,1
002eb6f9,b7349ac825c25cf828f99d227f46e23e3a243327,57127d8f7e02c1f812140b5c2c1a727ebabc428d,false,ps2 textures\HAS ALPHA\bp_remade\no_mip_fixes\ui,false,false,0,none,true,1
002f0bd0,bd1078c4ee0a2c1c3111e68f81542f917b736596,a2ee7826a230bc05d13fd3e1401ca4b882900922,false,ps2 textures\HAS ALPHA\bp_remade\no_mip_fixes\ui,false,false,0,none,true,1
002f1bd0,0b40c764ae67fe24783237bdcdad1b86dd153ae2,2072a026e0de9c63518d9414e7282aaa396fbce5,false,ps2 textures\HAS ALPHA\bp_remade\no_mip_fixes\ui,false,false,0,none,true,1
002f2bd0,79af85240bfd15e7b8e2719cbd8e132f3518c817,a37bb185de5a564297eeae85858f1f536899d516,false,ps2 textures\HAS ALPHA\bp_remade\no_mip_fixes\ui,false,false,0,none,true,1
002f3bd0,914900647c0f3500ab7686803464b4611c85b42e,536762b4d4f7d7fe1826e9ef3b506272d8906525,false,ps2 textures\HAS ALPHA\bp_remade\no_mip_fixes\ui,false,false,0,none,true,1
002f4bd0,99a75f02a69b8c026ec41c2a945818de1ebdb830,5d874ff6f2c563668d2fdde7efc5b2173f5f4938,false,ps2 textures\HAS ALPHA\bp_remade\no_mip_fixes\ui,false,false,0,none,true,1
002f5bd0,677e2da07941d94d7754253cdd9e34b75d933b04,90eb76a38586e1288bbaff70314d10c1b992dad9,false,ps2 textures\HAS ALPHA\bp_remade\no_mip_fixes\ui,false,false,0,none,true,1
002f6bd0,48417864828026ef001591b5e3774c92c9c0565d,97c7989b4ae37891ff0f5bdc7e58130349f17f54,false,ps2 textures\HAS ALPHA\bp_remade\no_mip_fixes\ui,false,false,0,none,true,1
002f7bd0,0476cf8aa59016c7c071c987e528df296613961e,54cfce669455fdc36910ce5a073f10444fe97a82,false,ps2 textures\HAS ALPHA\bp_remade\no_mip_fixes\ui,false,false,0,none,true,1
002f8bd0,0c0242db75e367f303304d409f509e3130c18a7a,865a85678c8c9f1315f6644efd982e06f273ba2f,false,ps2 textures\HAS ALPHA\bp_remade\no_mip_fixes\ui,false,false,0,none,true,1
00304ad1,35903f11ce5e2c6f6c5b9fdbaf7eb3610f476d75,e848242a5a972612fe5aa9c1c6824c13a9bf3f04,false,ps2 textures\HAS ALPHA\bp_remade\no_mip_fixes\ui,false,false,0,none,true,1
0030e529,fc3ac829b5b39a7f01e1f556df45a6de394b6e7e,5ee28291b1fa2d42a4d856ce2730a1dc45c80964,false,ps2 textures\HAS ALPHA\bp_remade\no_mip_fixes\ui,false,false,0,none,true,1
0030f164,376fc11a08f483d0941a0fc172f62ff8c6b4b5f2,57460034a032856c62d1b66a3f5bca074096604e,false,ps2 textures\HAS ALPHA\bp_remade\no_mip_fixes\ui,false,false,0,none,true,1
0030fbd0,c744d75b9c6f5c179bd9c0e2ef5bfb1bd8a5085d,706ec6d70d7dae8fbadb7790af6ea1e296741895,false,ps2 textures\HAS ALPHA\bp_remade\no_mip_fixes\ui,false,false,0,none,true,1
00310ae2,290cd8444e303e4c6c1e7521c8e3181fbcd50b6b,53a060903d613c1ef8ecd7beb7709f3e3d814f19,false,ps2 textures\HAS ALPHA\bp_remade\no_mip_fixes\ui,false,false,0,none,true,1
00310bd0,a6bdf3499473ea5874761bafcbd8a47bfcb8ae9d,8bd78ece654ddebb9289ea7401152dceb190c808,false,ps2 textures\HAS ALPHA\bp_remade\no_mip_fixes\ui,false,false,0,none,true,1
00311bd0,17ad5eba75ac72f00aa68e134c47ac4dcfe03cce,42641f1c7e67be52d2bc94e1b2c2506bcbd57109,false,ps2 textures\HAS ALPHA\bp_remade\no_mip_fixes\ui,false,false,0,none,true,1
00312bd0,4fbb719fa39582f617fba36c1874ebf9f2f781b7,0392119a24ff51538dd19f913e9677350cc84afa,false,ps2 textures\HAS ALPHA\bp_remade\no_mip_fixes\ui,false,false,0,none,true,1
00313bd0,a222a07995008e459b4e473f8b84c466f0ec2d41,1272b2bfa09400e8db991e295d13d219eedfb452,false,ps2 textures\HAS ALPHA\bp_remade\no_mip_fixes\ui,false,false,0,none,true,1
00314bd0,db81f581164d0a427919027a1ab004479343b071,72ef42f2954a0aa5ad7ca5746a5395f5dee54298,false,ps2 textures\HAS ALPHA\bp_remade\no_mip_fixes\ui,false,false,0,none,true,1
003155d8,0d491f7d48107b84e374611c7ce0656eb539bc8e,f2efe32f527425e6b652849a97b05d9a5e869743,false,ps2 textures\opaque\bp_remade\no_mip_fixes\ui,true,false,0,none,true,1
00315bd0,8d1c17627b65c5f129d401dedd0ddc8998746b31,d52799e4d2b01ff14daffb510ef78674777168ca,false,ps2 textures\HAS ALPHA\bp_remade\no_mip_fixes\ui,false,false,0,none,true,1
00316bd0,9057276a72e87daefb91c5d7ee225231cd46342d,fcfe6b70d8ce8a5d437f60c1ca201995ce7ba037,false,ps2 textures\HAS ALPHA\bp_remade\no_mip_fixes\ui,false,false,0,none,true,1
00317bd0,2b0115e17f00a7fdbe2ac659c008aed1d8dd8dd2,61bf43d23f9a08cab1719e4a09dd430335f6a4cd,false,ps2 textures\HAS ALPHA\bp_remade\no_mip_fixes\ui,false,false,0,none,true,1
00318bd0,2052abd09423cc6458c552c9d7af78711fc771b1,d560f0a303c04cd7ee2a41003d256a745493fc7f,false,ps2 textures\HAS ALPHA\bp_remade\no_mip_fixes\ui,false,false,0,none,true,1
0031ead8,eb821fc59e6e25fdcc9b8bead3ed62e425febc78,1837d70186c79945672becfbbc86a7f4482021cd,false,ps2 textures\HAS ALPHA\bp_remade\no_mip_fixes\ui,false,false,0,none,true,1
00324ad1,77ca9097232e13372ae8cd7756d2bddb11288d0c,f3b495db4263dbf2997ec7517cc579f18b52ceb2,false,ps2 textures\HAS ALPHA\bp_remade\no_mip_fixes\ui,false,false,0,none,true,1
0032ead8,8d9f9501df9778fc87cc396b5009b2b567436d6b,f1d0504fddb8fdb83b259ba971b8159f8bf521b8,false,ps2 textures\HAS ALPHA\bp_remade\no_mip_fixes\ui,false,false,0,none,true,1
0032fbd0,111ceed0fc2250d2e66c27a05543b94b380b3f6a,e5d9e07facb04a91066b14002e046a838c03b37d,false,ps2 textures\HAS ALPHA\bp_remade\no_mip_fixes\ui,false,false,0,none,true,1
00330bd0,b8d9c26ef75c868f4a86206b19e83f5131b6f48e,d93f60708e4ab9be1e12e0e9d1515cd160ffb142,false,ps2 textures\HAS ALPHA\bp_remade\no_mip_fixes\ui,false,false,0,none,true,1
00331bd0,02870588b8b7b306d99d90f1619cafbd3596bd63,2f3926c7b6aa7d670b850bb0650f13820d4c99fc,false,ps2 textures\HAS ALPHA\bp_remade\no_mip_fixes\ui,false,false,0,none,true,1
00332bd0,6e7d27647195d477f050bed0be903a5328b07946,ab8b89e75a14a707d6fbc1b882518e5c00ddd828,false,ps2 textures\HAS ALPHA\bp_remade\no_mip_fixes\ui,false,false,0,none,true,1
00333bd0,c88fdfea05325050209b8e4101317e5d3293d9e8,13237f8bbc6c20ade6d087d30aad70d8f80c54c7,false,ps2 textures\HAS ALPHA\bp_remade\no_mip_fixes\ui,false,false,0,none,true,1
00334bd0,b818a43b504c10e1bd61ae5562b527cb9ba82ba5,2802e3fe7455b35dd57b70954af1e7b9bdbd3aec,false,ps2 textures\HAS ALPHA\bp_remade\no_mip_fixes\ui,false,false,0,none,true,1
00335bd0,35b1144b7a65152de12dba5f02bd39c16178dd11,57c6ca5fac1c5965ab4341d317b5db3e41eba3d6,false,ps2 textures\HAS ALPHA\bp_remade\no_mip_fixes\ui,false,false,0,none,true,1
00336bd0,7e8e7ec9798a6431174149af2c7fa47ff9e6f903,d57f5f84e7c6599a7773f13bd64cbfd84529ea24,false,ps2 textures\HAS ALPHA\bp_remade\no_mip_fixes\ui,false,false,0,none,true,1
00337bd0,0d94800b6c1253b3c3f8061dd50de23c12003010,895da07e0ca015766d7d3111dabc58e24530b971,false,ps2 textures\HAS ALPHA\bp_remade\no_mip_fixes\ui,false,false,0,none,true,1
00338bd0,9fad81ccc5759a58afe652b49a60ac8842291cc3,235dceba612f6acb26745d6cb64fa061c7dbd4e6,false,ps2 textures\HAS ALPHA\bp_remade\no_mip_fixes\ui,false,false,0,none,true,1
00344ad1,26a05cea0cc913788acacc33dd680e48dfeb260f,0586226d1eed17dbd48d80ef3435eff44c82df6b,false,ps2 textures\HAS ALPHA\bp_remade\no_mip_fixes\ui,false,false,0,none,true,1
0034852b,48a38addb4c957d1d03742fa7b75bb2f5010222b,818d247502872af9fe5cdc8d5a2aa462999f170d,false,ps2 textures\HAS ALPHA\bp_remade\no_mip_fixes\ui,false,false,0,none,true,1
0034fbd0,d0579c960c221873a103a32cabf72aa8ee496abd,5f1dcc0e20cb24bafd486c602e487f77279e33b3,false,ps2 textures\HAS ALPHA\bp_remade\no_mip_fixes\ui,false,false,0,none,true,1
00350bd0,f1ec5f659ac0d0f5916e80a98fe35d15181e4690,724030910d2bd42a64ef3442d4a67f802a7801d7,false,ps2 textures\HAS ALPHA\bp_remade\no_mip_fixes\ui,false,false,0,none,true,1
00352bd0,d8f4d470a65a50f71844f7f6c2d072b69a0acdb1,67fd673061b89042fe74bd720ae21e862199ece8,false,ps2 textures\HAS ALPHA\bp_remade\no_mip_fixes\ui,false,false,0,none,true,1
00353bd0,d3030401113a905f68ea90f7d48bd6bb2130ef44,8680ec2cd4f2cdf91b0e30df78af7bd8bebabae1,false,ps2 textures\HAS ALPHA\bp_remade\no_mip_fixes\ui,false,false,0,none,true,1
00354bd0,8d765492a5b770029708786784d1f4560f72bbac,3e55060117a94df1dac8da45e114b21e049aae6f,false,ps2 textures\HAS ALPHA\bp_remade\no_mip_fixes\ui,false,false,0,none,true,1
00355bd0,25d4f956f845aa561e85fce5c0c7db3848e7ae93,337d67c606d483ca0f7337a2b5a10517556ffa58,false,ps2 textures\HAS ALPHA\bp_remade\no_mip_fixes\ui,false,false,0,none,true,1
00356bd0,f00343f67df489094fe7c16e0872236886b751d6,058282f9f19b5018089cae17da923caa22a8e40b,false,ps2 textures\HAS ALPHA\bp_remade\no_mip_fixes\ui,false,false,0,none,true,1
00357bd0,87d3d08f0c4f0b6781018b279a2b38782e18cb3d,3af78f2edaa2bb948f1149eccaa0ec011910bda9,false,ps2 textures\HAS ALPHA\bp_remade\no_mip_fixes\ui,false,false,0,none,true,1
00358bd0,9393f83093f70770f387d95644b11e9475013a38,5ada62a5f7894680f2efa6c0701dba6149a3f344,false,ps2 textures\HAS ALPHA\bp_remade\no_mip_fixes\ui,false,false,0,none,true,1
00364ad1,45f9b1b5eb61955be6d5b3adbc75f9ac39dd0c57,b2b2a1a3d7a80199f4982aa1480afdf3448be3ea,false,ps2 textures\HAS ALPHA\bp_remade\no_mip_fixes\ui,false,false,0,none,true,1
00367807,750ae73cf86e7cb316ea13eb851ca8b47e2f7a54,dee3a627a2e73131de3697315668e33db4d90bc7,false,ps2 textures\HAS ALPHA\bp_remade\no_mip_fixes\ui,false,false,0,none,true,1
0036ea81,b5dc7cb1436a133a7d59835139f490dc8bb0177f,a435a7c1495829a5236f5cf13e0d78ad885b19a1,false,ps2 textures\HAS ALPHA\bp_remade\no_mip_fixes\ui,false,false,0,none,true,1
0036fbd0,68de64843f599597ef555db9dc51695627c3b896,6a9c99808be0d6c9c65b6f8f8b6cecceb71a302d,false,ps2 textures\HAS ALPHA\bp_remade\no_mip_fixes\ui,false,false,0,none,true,1
00370bd0,7cfeedaa7ad214f2bf849171af549d3cde5a37e7,9760ce6287e004fbfc63c3390db895431d01f304,false,ps2 textures\HAS ALPHA\bp_remade\no_mip_fixes\ui,false,false,0,none,true,1
00371bd0,362f6e3cf28e52aee95c5465858d837358a380bf,4fd1f73fcbe7b86d28151a0ca6c8af38eba7451a,false,ps2 textures\HAS ALPHA\bp_remade\no_mip_fixes\ui,false,false,0,none,true,1
00372bd0,1aa4bed5398c1e42d9cc3577361b044743bfd519,5ca00e8363eeb04dd2626fe0ec01f17b8a5236e8,false,ps2 textures\HAS ALPHA\bp_remade\no_mip_fixes\ui,false,false,0,none,true,1
00373bd0,d864fafe16c0c42fd1a11ab4e41a5ac68b61b525,fc8b59ab10e113261395bf5d9cf9150f1e1132b3,false,ps2 textures\HAS ALPHA\bp_remade\no_mip_fixes\ui,false,false,0,none,true,1
00374bd0,98507c09fcc7bd319aa781c38cb2c035ce30a635,b2ef4411d5e3c8d0acf7988074c3b6736cd9b460,false,ps2 textures\HAS ALPHA\bp_remade\no_mip_fixes\ui,false,false,0,none,true,1
0037502a,36dee060c75b484d6d26866bc1cd3d47aaf2fef2,f3f981fdfec2068db78166510ea0b8d9ba70e72a,false,ps2 textures\HAS ALPHA\bp_remade\no_mip_fixes\ui,false,false,0,none,true,1
0037513a,d13dc517eee9040040e70fd5cfe2131dc7461a8f,d87aeefc432bb58ad64c744a3e8800e1cc81abc5,false,ps2 textures\HAS ALPHA\bp_remade\no_mip_fixes\ui,false,false,0,none,true,1
00375bd0,091704c629b1a0439e341b9132a2a83aca96e950,44add3758b6001201a87e461111ef16a79a98b7c,false,ps2 textures\HAS ALPHA\bp_remade\no_mip_fixes\ui,false,false,0,none,true,1
00376bd0,e2aa0e3c7ed226d46b406440243e61e0affe3d63,d087227004d79db49b00acf2e3a554185ea8d6af,false,ps2 textures\HAS ALPHA\bp_remade\no_mip_fixes\ui,false,false,0,none,true,1
00380922,88f80de9dbf000d5410df5ee3289825a30342420,2890944ebdd0661a2afe4eb22e9f6231eb37078b,false,ps2 textures\HAS ALPHA\bp_remade\no_mip_fixes\ui,false,false,0,none,true,1
00384ad1,4feb526e10cbf55975a81cb04154389523ea90c4,c815f0b6fdf23987410ed0f6d89710abcaa7d455,false,ps2 textures\HAS ALPHA\bp_remade\no_mip_fixes\ui,false,false,0,none,true,1
0038e7a7,4cddea15564de2e8869b97961b5411a147067f16,0d2c6fe170b33e03ef16704fd2e2e471e2ead3ee,false,ps2 textures\HAS ALPHA\bp_remade\no_mip_fixes\ui,false,false,0,none,true,1
0038f08e,fb255f4b6b6297ada84832d809ee4010ebc06063,2202f84ae7b5645e33f28160ba0791eeefa99d39,false,ps2 textures\HAS ALPHA\bp_remade\no_mip_fixes\ui,false,false,0,none,true,1
0038f2a7,52b1e910d6d3e237caca5fbf8a777b62e555673e,1cd78628b4d644a54c0ac4fe87d3ce8fae11ed9a,false,ps2 textures\HAS ALPHA\bp_remade\no_mip_fixes\ui,false,false,0,none,true,1
0038f2a7_09a2e59f677ae755c7156ae89bea86a9,027b914bb5e297772210bf8d6f3d49257b0297a8,9356e8fd4ed6dd2a428e1c57e7da84e15a2796ee,false,ps2 textures\HAS ALPHA\bp_remade\no_mip_fixes\ui,false,false,0,none,true,1
0038f2a7_506b55e6b21d5eaec73ca5aa5ffb9a36,da933d823d61e84cf5e516ac3cb54d19dc4b837f,317cf058d86132f0f5c365aa0699111774079743,false,ps2 textures\HAS ALPHA\bp_remade\no_mip_fixes\ui,false,false,0,none,true,1
0038f2a7_be3ef19531b3a85625ef614280f2874c,92be88bda9c8423b763b27e3b6d99687ada08e3f,701188f47e9d3be07839cc4be5a70ff11d01b39b,false,ps2 textures\HAS ALPHA\bp_remade\no_mip_fixes\ui,false,false,0,none,true,1
003997fd,60aa4b0457a1b8633c44d4ac8304a9fe4e2221f1,ac4120315bdaf401a9406a648b2509c21399d8a1,false,ps2 textures\HAS ALPHA\bp_remade\no_mip_fixes\ui,false,false,0,none,true,1
003997fd_58fcdefef3f7eda79d7e4a9f65f040ed,0d540b9a17df6a8e4bbedd99a966f601dfea42a8,da314a09477f300350215168ce2d53324ae7d61f,false,ps2 textures\HAS ALPHA\bp_remade\no_mip_fixes\ui,false,false,0,none,true,1
0039af8a,2cd8568b3f0544d2f8cb09e4797237d302341ba2,0cc662a4d2dda8ad1dce03d256da69efd63f0f29,false,ps2 textures\HAS ALPHA\bp_remade\no_mip_fixes\ui,false,false,0,none,true,1
003a4ad1,52f9a8730db359d69e34ad65338633f7e6a4bd52,0ec684f1b7fae2a76bdb82a2a1282790ab6faa0a,false,ps2 textures\HAS ALPHA\bp_remade\no_mip_fixes\ui,false,false,0,none,true,1
003aa501,9264f615458d5e57a88426eece77f11863b89682,aacf936347424c7c00c5dc81e21694ad7b6f3e1f,false,ps2 textures\HAS ALPHA\bp_remade\no_mip_fixes\ui,false,false,0,none,true,1
003c4ad1,355b85ba0506135bad77d05f368cb65b72c425af,538bbf036ec390297ca1691318db3291f3d5dc1a,false,ps2 textures\HAS ALPHA\bp_remade\no_mip_fixes\ui,false,false,0,none,true,1
003c8502,e5cc0441ae85bd10e6d5726537891cf091940cab,e19446e8b28b698c5fde63d3ae0a2a5b7ed9bc00,false,ps2 textures\HAS ALPHA\bp_remade\no_mip_fixes\ui,false,false,0,none,true,1
003d8502,2da8ed3a0565a5006cca4505df2565d5d8080967,c289319597efb2b89e435f7ef53db110ff9e78c6,false,ps2 textures\HAS ALPHA\bp_remade\no_mip_fixes\ui,false,false,0,none,true,1
003e4ad1,530229da750b54c77f2445345a174c54003349d2,2ea77e853438b3f0b4cf98afde30070f0d75ef6a,false,ps2 textures\HAS ALPHA\bp_remade\no_mip_fixes\ui,false,false,0,none,true,1
003e8502,0055f1263176b109fbcefa08183b6bf57e1fd9e1,bb877f1d30561f5fc7245557f7c3e0a1fa53a8aa,false,ps2 textures\HAS ALPHA\bp_remade\no_mip_fixes\ui,false,false,0,none,true,1
003e9364,8c82129ee8ffb37877469205a0ba1972e801c6cf,d77218f6032478cf961e825873840e150bd6ff4e,false,ps2 textures\HAS ALPHA\bp_remade\no_mip_fixes\ui,false,false,0,none,true,1
003f8502,b6725db7eec077b5ab76e4d63b851b10ae737620,8f6df41e4b588cb634d059835bd4a67c8d1b6b44,false,ps2 textures\HAS ALPHA\bp_remade\no_mip_fixes\ui,false,false,0,none,true,1
003fc7c9,ef8e37aa85269bc37179443c193c8083bad32c15,858d2446cd34b23300585aa1f400af9e637ef210,false,ps2 textures\HAS ALPHA\bp_remade\no_mip_fixes\ui,false,false,0,none,true,1
00404ad1,dfecb91b15703370bde0251cfe5721238bcfaf7d,63546cb159b2ab5c9db2330917b0409afa94613b,false,ps2 textures\HAS ALPHA\bp_remade\no_mip_fixes\ui,false,false,0,none,true,1
00408502,08d5c66d1dcdddc0bf20917736fd2fbb3049ca7d,b08e6abe7e12b3009251e3eafaef5fee47dfd826,false,ps2 textures\HAS ALPHA\bp_remade\no_mip_fixes\ui,false,false,0,none,true,1
0040cd15,3c9e898f56b181509ff555cf1c53309115a01bab,7a7084ccf3579b100ead7e3cf3eef0d3aa559c6a,false,ps2 textures\HAS ALPHA\bp_remade\no_mip_fixes\ui,false,false,0,none,true,1
0040eac3,9c52dd1dc49ac91fea7c41ab0d65bc1a46e03f54,656165fb68412ded3f1e97bdc076fbd91dbe3623,false,ps2 textures\HAS ALPHA\bp_remade\no_mip_fixes\ui,false,false,0,none,true,1
00418502,0b176635961eff8817a9ed3ccf331c0decf9f433,fa7fa75cf20cead2ea676128b5434f498631f5e9,false,ps2 textures\HAS ALPHA\bp_remade\no_mip_fixes\ui,false,false,0,none,true,1
0041eac3,1a3362a738f615d522a31067d2e443eddd7d62eb,4bdcd76804e27922612b0429e24a1a304ae45733,false,ps2 textures\HAS ALPHA\bp_remade\no_mip_fixes\ui,false,false,0,none,true,1
00424ad1,d09a51051c8ff36de488b34943cf32d4ee5d3894,6476150b7154a6287882e993a66a9b1884357d59,false,ps2 textures\HAS ALPHA\bp_remade\no_mip_fixes\ui,false,false,0,none,true,1
00427069,e13c1cffa104509970d9b977cc5709de4a1b890e,3265e4729da0a9929b7aadd73cae62e08640759b,false,ps2 textures\HAS ALPHA\bp_remade\no_mip_fixes\ui,false,false,0,none,true,1
00428502,bd3996f463e17b520b438ac8154a2e6429de0f88,1b5848588e1c88b035038e21abc8f8e365619e18,false,ps2 textures\HAS ALPHA\bp_remade\no_mip_fixes\ui,false,false,0,none,true,1
0042eac3,78765cdf68a7cf6096f44b85dc2adc7d868d6515,5b2a37a3f50afd385fb943c193a1fb3f9d1b62d0,false,ps2 textures\HAS ALPHA\bp_remade\no_mip_fixes\ui,false,false,0,none,true,1
0043eac3,e7c944403e92c5f9c1d5ea1c5e5a5f6d46ec4784,8e6ef133ba6dfaf42b122774a1c6223d76b04e08,false,ps2 textures\HAS ALPHA\bp_remade\no_mip_fixes\ui,false,false,0,none,true,1
00443f1d,36dad3d2a7cf851a4c6f9bfa0d9de92f0a3cf005,9a45067fe174955043696d891f068b3481a2695a,false,ps2 textures\HAS ALPHA\bp_remade\no_mip_fixes\ui,false,false,0,none,true,1
00445c5a,0b69df31862197a0c9e95cd3059a6ed8df1dcb9f,f2f3ae10ee924c432d22517b3ff568fe21446e3d,false,ps2 textures\HAS ALPHA\bp_remade\no_mip_fixes\ui,false,false,0,none,true,1
00453f1d,552c3ff967cc69fc4ca986fad3132dce8ce2b05c,c025c18c62c678a2406ea90c7a893c3668f1f493,false,ps2 textures\HAS ALPHA\bp_remade\no_mip_fixes\ui,false,false,0,none,true,1
00459114,9bc46756e5f9e603dac443dfcba0b9cb7aeed489,51879a2e3ffb598757c42a0648fda0cdfc54804b,false,ps2 textures\HAS ALPHA\bp_remade\no_mip_fixes\ui,false,false,0,none,true,1
004613c2,2ff4669acb41996aadbcd8b91082fa7f23c03a25,51f695ff85743429bd946903eefedf59eb18fa98,false,ps2 textures\HAS ALPHA\bp_remade\no_mip_fixes\ui,false,false,0,none,true,1
00463f1d,19103abe4646de4492f3298e35f5c92a724e8e50,3b01ef7c629262936e983bf73df571fede4ced30,false,ps2 textures\HAS ALPHA\bp_remade\no_mip_fixes\ui,false,false,0,none,true,1
00469114,4a0ce7368d3ce4f406ead2c762e69387eeda1b17,4107a05256c89cd0687bced79d0db41bf69aefa8,false,ps2 textures\HAS ALPHA\bp_remade\no_mip_fixes\ui,false,false,0,none,true,1
004750b0,4d3ec6e3b51f26abb3dc2d1e640e239fb4877457,3c3ea8e43dd119b81c0ad81f40af866f7c45df2c,false,ps2 textures\HAS ALPHA\bp_remade\no_mip_fixes\ui,false,false,0,none,true,1
004750b0_b04d2410ad3d8dfa5e0f135d4c15d11e,bf4cccd8fec8994dbf5ecbd38be78aeb4aa7a7ed,783939ccc06384b5bb7e51886983511b7ff05548,false,ps2 textures\HAS ALPHA\bp_remade\no_mip_fixes\ui,false,false,0,none,true,1
004767e5,59bda6964a0a1ffe60e74745cbc5a3db64951288,6805c6d8260edb05250682ed2ca58cd33445ac34,false,ps2 textures\HAS ALPHA\bp_remade\no_mip_fixes\ui,false,false,0,none,true,1
00479114,58ef0a56289b690277c967637b969b816f943c5f,f7fa5c135c22165ba772c1aef659ba43b4e3c83d,false,ps2 textures\HAS ALPHA\bp_remade\no_mip_fixes\ui,false,false,0,none,true,1
00481d9d,da79a674ce8598ee1b06abff4110c08522163162,f25c297367c4c1ea1412e635049009a3f6709b08,false,ps2 textures\HAS ALPHA\bp_remade\no_mip_fixes\ui,false,false,0,none,true,1
004867e5,43eb0559033f018475b7787c776817379c62e313,6cd2ed3a5b2565bec7508e5d34f1f61df0c8d01e,false,ps2 textures\HAS ALPHA\bp_remade\no_mip_fixes\ui,false,false,0,none,true,1
00491714,097b361c6874af9a240d196248fbb6ae2260fe1b,6fa6fa1ebd3be61ec04080cd26f0b2f45a1b670a,false,ps2 textures\HAS ALPHA\bp_remade\no_mip_fixes\ui,false,false,0,none,true,1
00491d9d,c4526714f2640ca1d1c86214e790240603805135,f1bb9dd3f8df35d239de91401224674b474fbaa7,false,ps2 textures\HAS ALPHA\bp_remade\no_mip_fixes\ui,false,false,0,none,true,1
004967e5,6ef19f30d968aad30132c454d53d8562fd21bc95,0f292559ef170b07730d3ea5ef0c2973721b781a,false,ps2 textures\HAS ALPHA\bp_remade\no_mip_fixes\ui,false,false,0,none,true,1
004a67e5,e70927342a383948760259a81702ffd4d4ddf3db,dd4daddcc3158418b07607adcca04ee96d53c3fe,false,ps2 textures\HAS ALPHA\bp_remade\no_mip_fixes\ui,false,false,0,none,true,1
004acd8a,71aad5c28263c7091ea0045e0ff1f18a40906461,4020d8a0ecd4823fc2432a1cf6fac4965dbf6bd7,false,ps2 textures\HAS ALPHA\bp_remade\no_mip_fixes\ui,false,false,0,none,true,1
004b67e5,e2561af10605df3d097060dc372a75e291065e93,db7912b9024def912803ebaad8c3f308be71ad67,false,ps2 textures\HAS ALPHA\bp_remade\no_mip_fixes\ui,false,false,0,none,true,1
004c1d9d,5c09358c1c62af5ded53486de4465b58752b830a,16fdfa82a84f1c94687f1ef473a80c2aff0df3f8,false,ps2 textures\HAS ALPHA\bp_remade\no_mip_fixes\ui,false,false,0,none,true,1
004c67e5,540dd84d3cfcbe08191cb224d07c1f35602c2d0a,89443f8df9e0b1ff54adba2dee0911fa8d9ea0ea,false,ps2 textures\HAS ALPHA\bp_remade\no_mip_fixes\ui,false,false,0,none,true,1
004c943d,f104553a9b87b1f9b6a27436c2728528306a01cd,35c609b2cb9b0c24ead4595cc900eb6a6f6a08bb,false,ps2 textures\HAS ALPHA\bp_remade\no_mip_fixes\ui,false,false,0,none,true,1
004c9773,535af8f238de7492aca2abf1fcf429bb8c43bc44,4df5501d1f020b58c77d8636375b70e529c489b2,false,ps2 textures\HAS ALPHA\bp_remade\no_mip_fixes\ui,false,false,0,none,true,1
004cf0ba,a75b204d999a8e66828a1bd06ebe4211bc3ba1e1,eed7be3a7cf86c701c9bcb05abf0e1e61d4c5b29,false,ps2 textures\HAS ALPHA\bp_remade\no_mip_fixes\ui,false,false,0,none,true,1
004d1d9d,bfbc568f58c02bd9e1b5b992db1d1b0a296502e1,f126b10d686e22cd358b76b7863e3b8f975b40f7,false,ps2 textures\HAS ALPHA\bp_remade\no_mip_fixes\ui,false,false,0,none,true,1
004d3971,0c4160e77ffa160b9a217b546347cc92479e58e8,b34c199156c3b66a769aac7caa4eba4550a13fac,false,ps2 textures\HAS ALPHA\bp_remade\no_mip_fixes\ui,false,false,0,none,true,1
004e6292,767a860f253d3d42de6db598d101624634d4780f,bcd9e503db40359c22dbeec4a8122f992e11d99c,false,ps2 textures\HAS ALPHA\bp_remade\no_mip_fixes\ui,false,false,0,none,true,1
004f1d9d,533f302c9319c2fe57453bb6915bd4d71620620b,e41cbd82f2feef351658a6dbe75473a8e34065b2,false,ps2 textures\HAS ALPHA\bp_remade\no_mip_fixes\ui,false,false,0,none,true,1
004f1d9d_86994cb2425e706d85d38eb0d74da538,c43b80eccecf6856d7af33b760bad4bb7c5de94d,793260727fb74ea997b2d46dc64171adbf5dc7d2,false,ps2 textures\HAS ALPHA\bp_remade\no_mip_fixes\ui,false,false,0,none,true,1
004fb78a,715e843d697b00af8ea77ef71a8cadf42e0ca5d7,81a016d9abbe391a10a498688103f99135ed6f15,false,ps2 textures\opaque\bp_remade\no_mip_fixes\ui,true,false,0,none,false,1
004fc78a,38bc961c9936d96fcd3a97fdf47341b6bbe31db3,c761916c26223db603ca7cd5d8a863bfd6ef4b1b,false,ps2 textures\opaque\bp_remade\no_mip_fixes\ui,true,false,0,none,false,1
00501d9d,42c1f98db0aa11b57b43a477077d020b1bfe513e,c3af534830ae5f2f85f7012646753fc2b80c12d4,false,ps2 textures\HAS ALPHA\bp_remade\no_mip_fixes\ui,false,false,0,none,true,1
00501d9d_1914ca0e502000992f2d09f0b7a86868,2e3c5d8d72bb347995bdee2c4f69c8cca15763c7,cf9ee61aed24041d008e2558edc1ae4c94e2a6a3,false,ps2 textures\HAS ALPHA\bp_remade\no_mip_fixes\ui,false,false,0,none,true,1
005155d8,d0d31a82cf7684e6ab3f76a4f25e725d2ad98bee,770b79c71fe6121a7098a8f5f8978e35911d8c1b,false,ps2 textures\opaque\bp_remade\no_mip_fixes\ui,true,false,0,none,true,1
005255d8,b82cf262b8f14f3210877f82009363a1aa6c95ce,c6b20ac9bb6dba91621e7688017bf3e340f9436e,false,ps2 textures\opaque\bp_remade\no_mip_fixes\ui,true,false,0,none,true,1
0052f1a8,71c04a50c4532d9faa88e982f2fd02ba637f6ace,4b6f7e0dc30cb28dff7173a4f4ae6f5cecc62106,false,ps2 textures\HAS ALPHA\bp_remade\no_mip_fixes\ui,false,false,0,none,true,1
005355d8,2ca186c6d9e3e1461337876ec476311486a7886b,1de3c0fc6ea6898eff5b6293dc98f0f5cdcdd740,false,ps2 textures\opaque\bp_remade\no_mip_fixes\ui,true,false,0,none,true,1
0053852b,c678101ce9c3703255864a562bd5b9b4f55588cf,89c59ce9ec63c1b2ccc18de6a0a3058d6c64c3e8,false,ps2 textures\HAS ALPHA\bp_remade\no_mip_fixes\ui,false,false,0,none,true,1
005480d6,9f266c5df4c5c39168ee827d51ee63510db910d3,f93943dc2aa2c185462c7f4ab9540f1b1649b0de,false,ps2 textures\HAS ALPHA\bp_remade\no_mip_fixes\ui,false,false,0,none,true,1
0055e1c2,d7d0acdcc30a51cf59921a3506247aad090526e3,fa73f5c23e93a0ea0f338789226d095233f9576a,false,ps2 textures\HAS ALPHA\bp_remade\no_mip_fixes\ui,false,false,0,none,true,1
0056e1c2,f6892a43e8192500bb4fb311ad815ca9c5a11652,e39c70d9079d29d479773099ad4c7dd64e25529e,false,ps2 textures\HAS ALPHA\bp_remade\no_mip_fixes\ui,false,false,0,none,true,1
00585d21,6e24aa11c3b4b1818188e10338c53490aa09160f,8600a8658fa484e5ea1305e32d97a1837a736120,false,ps2 textures\HAS ALPHA\bp_remade\no_mip_fixes\ui,false,false,0,none,true,1
0059975e,f3e55f7c1cf40ecf9e81265ba8e9de88b8994597,d63781e56f6561841f2b80677e185e064ed23da1,false,ps2 textures\HAS ALPHA\bp_remade\no_mip_fixes\ui,false,false,0,none,true,1
005be756,55cfe6caf4997bd3723db5d322030f6a9b27b0fe,38a86505ca0b2e389f0fdb5b83ed05b6e3a4be77,false,ps2 textures\opaque\bp_remade\no_mip_fixes\ui,true,false,0,none,true,1
005d4f23,f687cc12b7799f4ba027c4581a4890bfbf500d7b,024c0dd17ca3ec16fc3363471560a56f7e9e0897,false,ps2 textures\HAS ALPHA\bp_remade\no_mip_fixes\ui,false,false,0,none,true,1
005d4f23_b39e4e9a25db3103157377fb4b8b0fec,5dd304c77e2f45a4a032e9b3313f60efff7a17b1,49fe379b67c6f49b9c4c41cd4bea359c53d66ecf,false,ps2 textures\HAS ALPHA\bp_remade\no_mip_fixes\ui,false,false,0,none,true,1
005d8f6f,284ad111eb82589827764663dae9b04484d32335,d495afde79c4eec8abc36c3f9f0a4c5d8c145b60,false,ps2 textures\HAS ALPHA\bp_remade\no_mip_fixes\ui,false,false,0,none,true,1
005db736,a6d95f5cafe42644a70a538772f2973be2f70ab3,40bb8777c0656681ee4001af1fce26e5589cec3c,false,ps2 textures\HAS ALPHA\bp_remade\no_mip_fixes\ui,false,false,0,none,true,1
005ef82e,91411a12871651a811538da6bf9981816e83960c,7fec522279ebc58026f663b6603367a835e83c6e,false,ps2 textures\HAS ALPHA\bp_remade\no_mip_fixes\ui,false,false,0,none,true,1
005fbe37,310411f0c7fbf2e5f260eaf525fe7db0967faeda,c5e007dd395984714f30e544707bb035d6309b84,false,ps2 textures\HAS ALPHA\bp_remade\no_mip_fixes\ui,false,false,0,none,true,1
005ff82e,c6d029ad1f3e99528bcaab7da58bab1a42562759,91639f0a7df60ca91c4fdf5609f9a2ec2e61fe50,false,ps2 textures\HAS ALPHA\bp_remade\no_mip_fixes\ui,false,false,0,none,true,1
005ff82e_177b36c205877f0112c491da63538970,9ecac08e44ae8503418f84da6657dc11315acd11,c7c175d5dc724ff0c186091567e866ed39507405,false,ps2 textures\HAS ALPHA\bp_remade\no_mip_fixes\ui,false,false,0,none,true,1
0060f82e,9c5375802df9f98951f2dcad526791b63c6e24c0,184e96ad57b5b4b9859d479d30209a4794477128,false,ps2 textures\HAS ALPHA\bp_remade\no_mip_fixes\ui,false,false,0,none,true,1
0060f82e_0264bded5e12e838c3912158a2f4d769,6baec4a519661f2e2fd60056aa478cbbd65d7702,f6ab007acabc496efbc951b71e989a4f0ba659c2,false,ps2 textures\HAS ALPHA\bp_remade\no_mip_fixes\ui,false,false,0,none,true,1
0061f82e,43b21ffca53900f8fcada66d53618edc2833e879,3490fee4c915c5dc13c0b347e40f067c9b95dda5,false,ps2 textures\HAS ALPHA\bp_remade\no_mip_fixes\ui,false,false,0,none,true,1
0061f82e_ca18611ab4a038674f959c4e94e7aede,eaa1e7a75aaed3163a3282c3988927e90bc6b9d5,703049ed6a2da1aef61c8e8ccd688820c7525095,false,ps2 textures\HAS ALPHA\bp_remade\no_mip_fixes\ui,false,false,0,none,true,1
006209d0,cdfd49473c398a972bea292fdeae678abd0ffa98,af1c44b78047a0fbc9908a7495032a16ee48908f,false,ps2 textures\opaque\bp_remade\no_mip_fixes\ui,true,false,0,none,true,1
0062f82e,810ac65024acd157343d25e6ea8e4887d26e5fdc,554feeac51dd35584444878cd8279876ffab1ec6,false,ps2 textures\HAS ALPHA\bp_remade\no_mip_fixes\ui,false,false,0,none,true,1
0062f82e_3db2c3061fabc2281c2dd6b4130eedb9,f515072f2fe657b124178169a633ea6f455793c0,b3aa731b90811af2934973c9947035b40b959cf1,false,ps2 textures\HAS ALPHA\bp_remade\no_mip_fixes\ui,false,false,0,none,true,1
0063f82e,1ddc8433b5a48b59fabb0e5021561e8e4831f4e1,5508d219f9bc06f05dcf0afb830d6b1d52fc1dcb,false,ps2 textures\HAS ALPHA\bp_remade\no_mip_fixes\ui,false,false,0,none,true,1
0063f82e_52b985aaa92b3207cd49053dffbf523d,f0faed249eaff2c0b2021971977301482a8e8aa1,4448d36cddee157c210fd0661ee4a383abe5c3d7,false,ps2 textures\HAS ALPHA\bp_remade\no_mip_fixes\ui,false,false,0,none,true,1
00645d05,212f856c09a38eff38bbe42f2652f7523795d631,329aa950ebbca1295d6d6850c619a5c432494be8,false,ps2 textures\HAS ALPHA\bp_remade\no_mip_fixes\ui,false,false,0,none,true,1
0064f82e,3aa585c756246e9cd83c03b1c7cbaff1d5f57525,2f69b426b41a3a6a8e9f0a3ffddb6a5567690de1,false,ps2 textures\HAS ALPHA\bp_remade\no_mip_fixes\ui,false,false,0,none,true,1
0064f82e_923078466946a3acdea05dbf22e0f6e7,9e3b50c8e05caa3aab8b640fe449e8608be099d7,416b9f764bb7a1c289c02694d8878f0f2439db11,false,ps2 textures\HAS ALPHA\bp_remade\no_mip_fixes\ui,false,false,0,none,true,1
006597ed,8dd79b3c3889c9225a0df989a8a8eb55e3c60e7d,75ae9349f44159a155a16f9f9505f255fcd66850,false,ps2 textures\HAS ALPHA\bp_remade\no_mip_fixes\ui,false,false,0,none,true,1
0065f82e_599e1a822c915823a768daf1f6ee7174,af9e4306edd97499d2e8651a9b34d365c289db2a,cd91a4ad89b3e751afcaf9d9314a5a0dbe48c222,false,ps2 textures\HAS ALPHA\bp_remade\no_mip_fixes\ui,false,false,0,none,true,1
00667ab6_ef3811ba64502191909b0210b17b8b02,04b921ed352da940f71dfc935b9071db92e22f5a,221c610274d542d68fa5a1e78c2909705b1fc168,false,ps2 textures\HAS ALPHA\bp_remade\no_mip_fixes\ui,false,false,0,none,true,1
006697ed,7db065ea461812d1a275c622ffea1276ecffedc4,3160c1e36fbfc908770ea4555cd29b36b235a75b,false,ps2 textures\HAS ALPHA\bp_remade\no_mip_fixes\ui,false,false,0,none,true,1
0066a618,21ea6a29a8122c7bad561271200a98d58a0bca4f,94956aaa17a347d87bc8e20a43dc8b1d193092d6,false,ps2 textures\HAS ALPHA\bp_remade\no_mip_fixes\ui,false,false,0,none,true,1
0066a618_476d380161520ae923d8f74ede9a2e8d,af9fcd1276b4a3dd3975d35aee639b69f21ccfe2,e1934a75e7d9519bb4e08bf35139af53ebaeeff0,false,ps2 textures\HAS ALPHA\bp_remade\no_mip_fixes\ui,false,false,0,none,true,1
0066f82e_e37d08b66c98c80f675d8c6d9a2cebdb,e353a2995273f810ca77736dd269ab4c2f15fb89,9d57ab0f469fa8ff4182c3dd04ec58c720b38a88,false,ps2 textures\HAS ALPHA\bp_remade\no_mip_fixes\ui,false,false,0,none,true,1
00671d9d,7f3b033708e9badf57abb7b90105649f18f62074,b12f689365239d774ccf7414b275fcf4140d3ace,false,ps2 textures\HAS ALPHA\bp_remade\no_mip_fixes\ui,false,false,0,none,true,1
00675c5a,9f24ccd32605db1052e353a7d8ff65c0466dc596,0549f6048fd11ed626931d8fa54e709e9adac762,false,ps2 textures\HAS ALPHA\bp_remade\no_mip_fixes\ui,false,false,0,none,true,1
00678eb1,8225919515966dc8249c004e8e88e59edcb8edda,85371502c2ef1ec67e34d5963af0325801869e47,false,ps2 textures\opaque\bp_remade\no_mip_fixes\ui,true,false,0,none,true,1
0067a618,692886b91335292ff2be9ace632bda12faae05b8,7e4a60d6b38e8a8c667a3f472df56d2e284d42eb,false,ps2 textures\HAS ALPHA\bp_remade\no_mip_fixes\ui,false,false,0,none,true,1
00681d9d,376d01502a92d2db18477a979785575a89be1958,0ebf60240d71b490d3f0b31edc96056e1c3ade99,false,ps2 textures\HAS ALPHA\bp_remade\no_mip_fixes\ui,false,false,0,none,true,1
00689021,20c85e9197314fce30ee433120a44a77729bdb74,015cffa39eb0867ada59c66200be2fc0f36229ca,false,ps2 textures\HAS ALPHA\bp_remade\no_mip_fixes\ui,false,false,0,none,true,1
0068a618,bf229d1297c4d50e6d06416540fecf0c2f740368,11c981e0b95ad6069b19a3300cfb8668c4e18012,false,ps2 textures\HAS ALPHA\bp_remade\no_mip_fixes\ui,false,false,0,none,true,1
0068a618_ba9ef0a583a2d517886f9b6c53e96e92,e3866c188412561be7d121dc75bd23b9dc65e8e8,facf7601e33d90e9ee7204056c23d1ad48a8015c,false,ps2 textures\HAS ALPHA\bp_remade\no_mip_fixes\ui,false,false,0,none,true,1
00691d9d,c5f90d016a9e76a3546f862c069a65a4690a6aee,8776a31f419c4b62475075b98ca824eae3d8f490,false,ps2 textures\HAS ALPHA\bp_remade\no_mip_fixes\ui,false,false,0,none,true,1
00696652,a100776a7d74c3d57af13a32c55eed7d5bc5c5d4,ab1d955a9042c1f804c95eeb3a5eaebf7ef9830d,false,ps2 textures\opaque\bp_remade\no_mip_fixes\ui,true,false,0,none,false,1
00699021,373c8d0eb707a97af478180f9c9566b723e77529,3cafa0100156601da2c832e4732c553a824d6138,false,ps2 textures\HAS ALPHA\bp_remade\no_mip_fixes\ui,false,false,0,none,true,1
006997ed_b20d65f1089467ce6fec4d3a8c8134c8,1b8b56ee2a1150b866aea0093586af70dc85dd4e,83d45db08bbb834ca250a254f78e6cca22db26f2,false,ps2 textures\HAS ALPHA\bp_remade\no_mip_fixes\ui,false,false,0,none,true,1
0069e496,c70bae8a5f86c9f69da17d9d5ea4d6f3fa0d152a,a0ca1333b8c6eae063b9fa7eee3d97b0d9879386,false,ps2 textures\HAS ALPHA\bp_remade\no_mip_fixes\ui,false,false,0,none,true,1
006a97ed,e5822a56bd1aac654923065984d468526b8a3ec6,0f1c64c2c7a6d587c998c26f90145322c1366e33,false,ps2 textures\HAS ALPHA\bp_remade\no_mip_fixes\ui,false,false,0,none,true,1
006a9dfd,c8a9e8dfe2097caa040b19d1f43eab4da5e70ed1,062c20aadfcb34dc99d2207ab92dfb17466b4607,false,ps2 textures\HAS ALPHA\bp_remade\no_mip_fixes\ui,false,false,0,none,true,1
006aa618,00b50a854a561b72d69e6f82758a95dc2a31ba4c,226feec85ab84347e84b9eadb6e26fa13fc7c937,false,ps2 textures\HAS ALPHA\bp_remade\no_mip_fixes\ui,false,false,0,none,true,1
006aa618_5e5881ab87a4498b100e3983cca31058,1bfcfb1d924deb8a9b4380ab7b761b11bad4d42c,118b526604525746f924a03656b4c1b9fc286c7f,false,ps2 textures\HAS ALPHA\bp_remade\no_mip_fixes\ui,false,false,0,none,true,1
006af2ba,bc9d541872b39bc35a34a5d16fa595b732d5f751,1a41cf7214f9e389c278a17d6aaaf1790bbffb0d,false,ps2 textures\HAS ALPHA\bp_remade\no_mip_fixes\ui,false,false,0,none,true,1
006af2bb,832b312b8a833e46a0179695ba3e8d57cfe7bbb3,25a984fd8630f21d36a8ab26b984d4eca591f776,false,ps2 textures\HAS ALPHA\bp_remade\no_mip_fixes\ui,false,false,0,none,true,1
006b325b,840bd05e113def2cc5f22b59acbdad874ad8546f,80990d6788bb2bbf5d80183744e00dd44ba29522,false,ps2 textures\opaque\bp_remade\no_mip_fixes\ui,true,false,0,none,false,1
006b508f,c74e1cfcc6195541dbadfd55a2850dc2bbf8e2b0,10faea2ebc7ab573de432dcde387d42a791c9d45,false,ps2 textures\HAS ALPHA\bp_remade\no_mip_fixes\ui,false,false,0,none,true,1
006b5ae3,1f7e3e8a5405675523e8d90c8cc092599be72587,4f875aa399bcf411418c058964c79865fb29deaa,false,ps2 textures\opaque\bp_remade\no_mip_fixes\ui,true,false,0,none,false,1
006b9021,8d865749b7c8acaae0bb69235ca38255bec369ed,84abbf766fab2b3dbbaeeeffc8481a201f955f44,false,ps2 textures\HAS ALPHA\bp_remade\no_mip_fixes\ui,false,false,0,none,true,1
006b97ed,b91bd116e34a2760de2fa7919d4b3b29ebf76a59,f6824641d6c965b9906f6a9bfff5b041837e51b1,false,ps2 textures\HAS ALPHA\bp_remade\no_mip_fixes\ui,false,false,0,none,true,1
006ba618,fb6d4d1e18972dbde62135b786d4a6647191639c,0f4924a86f166b23f8d723d511af87eef3b40e2c,false,ps2 textures\HAS ALPHA\bp_remade\no_mip_fixes\ui,false,false,0,none,true,1
006bcf85,d6ea83119dc050b5bf1d753d8a19ce5200929271,0b5351316d4c85d72e1bbf4de7a840cccb348325,false,ps2 textures\HAS ALPHA\bp_remade\no_mip_fixes\ui,false,false,0,none,true,1
006bcf85_3bbce8b6d10a47883f9038737995145a,a1ba0d020317a739b10f5af8a87bac3ae676f916,9be6f34caa2fc2faad715e64f81a01aa40e55ea9,false,ps2 textures\HAS ALPHA\bp_remade\no_mip_fixes\ui,false,false,0,none,true,1
006bf7fe,b5c68563b8c5e1187096fee0a07cad2a452bd7ee,b978b1d3986c52fc3de406e01e5a7adb69d935bd,false,ps2 textures\HAS ALPHA\bp_remade\no_mip_fixes\ui,false,false,0,none,true,1
006c556d,6040084dbb3e631de014f520eb80687f849df304,c118364a6f66e6d9c28fc10e723242c89c90f4b5,false,ps2 textures\HAS ALPHA\bp_remade\no_mip_fixes\ui,false,false,0,none,true,1
006c97ed,2b5b9092f34a5f88c3b12c0853ddb0035a4c38ee,22325b1685ba7eb1542fa29e31108f4cf551e994,false,ps2 textures\HAS ALPHA\bp_remade\no_mip_fixes\ui,false,false,0,none,true,1
006caeb5,deb32dc4708adc1f94dd0d121041c53625725b90,7563358be5da6bd5a6fc7743df392d0854f90882,false,ps2 textures\HAS ALPHA\bp_remade\no_mip_fixes\ui,false,false,0,none,true,1
006cc7ed,497ac63e1880b97aa92b61389f926de5008687ba,57ab12b1c7616ff8deb8a1bc98c88924b980dc9c,false,ps2 textures\HAS ALPHA\bp_remade\no_mip_fixes\ui,false,false,0,none,true,1
006d556d,f4021e595f7b2859caccf55866355368f3262f2b,6ed213d0bc8f64b23af00405c9e2365680379424,false,ps2 textures\HAS ALPHA\bp_remade\no_mip_fixes\ui,false,false,0,none,true,1
006d9021,e61d755b2bc2f3af2d2304c474a9e405e544c826,83cd55a190b6c88b8b03500e264939645d3e91ad,false,ps2 textures\HAS ALPHA\bp_remade\no_mip_fixes\ui,false,false,0,none,true,1
006daeb5,f4bc152c16add0f221055e9dca2aadb80a06b119,0a7d5b9ef80a15676321a5cd13a2c3108bceb453,false,ps2 textures\HAS ALPHA\bp_remade\no_mip_fixes\ui,false,false,0,none,true,1
006e6ff1,3d5df1d18a4f17fef94dcd7dca23c8303428a4d6,723266493f1d11f99fe10de67efb156bf8eb72f0,false,ps2 textures\HAS ALPHA\bp_remade\no_mip_fixes\ui,false,false,0,none,true,1
006e99ea,85b2761b8e272401b4b174262f848fefb145b68c,9d940c7edc14c4e3673fbe8f14a1a06f7c8296e0,false,ps2 textures\HAS ALPHA\bp_remade\no_mip_fixes\ui,false,false,0,none,true,1
006eaeb5,2de49c3a1befab426405c9440e6d1f8faed846e2,91f07a4fb9cb3903998b29bbe90c841e42d95f4e,false,ps2 textures\HAS ALPHA\bp_remade\no_mip_fixes\ui,false,false,0,none,true,1
006f2b75,448dc386338f2471a31d03839b7624b92061dcec,a8b2cca896f37c508031c61cb8413054d20df0bc,false,ps2 textures\HAS ALPHA\bp_remade\no_mip_fixes\ui,false,false,0,none,true,1
006f6ff1,8f776e1da10dcc0fe2610be93553b445eb6d8d1a,24701124233d40b44a05b39bcf9fe82f7e6a2349,false,ps2 textures\HAS ALPHA\bp_remade\no_mip_fixes\ui,false,false,0,none,true,1
006f7421,833ce1688db1fb46de04eb305fcdd23821257b71,b94cd0a89758485f0b2a133d972828fec19b62f9,false,ps2 textures\HAS ALPHA\bp_remade\no_mip_fixes\ui,false,false,0,none,true,1
006faeb5,11670e5c6a79805bbb386a5875db5a243c723553,7dd93f5bd8890803570036f73779add1179b45bc,false,ps2 textures\HAS ALPHA\bp_remade\no_mip_fixes\ui,false,false,0,none,true,1
00704ad1,0eae78cd55fa760b34d8e63f7bfb98b51132da57,7174ee18a011080e0fcfdd04b23fa78692900a7d,false,ps2 textures\HAS ALPHA\bp_remade\no_mip_fixes\ui,false,false,0,none,true,1
00706ff1,0a0b08f6c4002b8b9232798e6d777451c829f709,26bc3bd9d725f0070468ddbcb4f454f33e91b997,false,ps2 textures\HAS ALPHA\bp_remade\no_mip_fixes\ui,false,false,0,none,true,1
0070aeb5,4a5f36529fef6e35315ad8d1086106a7070e2689,97cbfba2fff794adb6ddea819c719cee2873814b,false,ps2 textures\HAS ALPHA\bp_remade\no_mip_fixes\ui,false,false,0,none,true,1
00710601,a433968b66ec6163c731b5a8cd1b586568e87a87,d1851df019e9b9c6541084faa1a1f935831d99c9,false,ps2 textures\HAS ALPHA\bp_remade\no_mip_fixes\ui,false,false,0,none,true,1
00716ff1,e19132e03c5529ceabca7cb8c876f29aee9a0c79,5d10f381e46aeaeb8fd95688997e8de7d7c58c61,false,ps2 textures\HAS ALPHA\bp_remade\no_mip_fixes\ui,false,false,0,none,true,1
0072466d,739923db57513713cfe82a65ea3fcfeefd98a11e,dd5ea988c130d2dd496e8371df99ebfd4859b056,false,ps2 textures\HAS ALPHA\bp_remade\no_mip_fixes\ui,false,false,0,none,true,1
007246ed,e8c510c8a5ffcd1c20cb6409cd17397bcfd3b2ee,48517154d9e78e45f491e861db9414cda2360e3f,false,ps2 textures\HAS ALPHA\bp_remade\no_mip_fixes\ui,false,false,0,none,true,1
0072476d,7742a7155f0260cdaf742b464ab41555b5b8caa1,409a43bb92e34058a8a1fc7d5ad82529cfff2ffb,false,ps2 textures\HAS ALPHA\bp_remade\no_mip_fixes\ui,false,false,0,none,true,1
00724ad1,144fda9f12b94e626df1508c0a4fac492e7f3553,8b26d03d9b2558da6b539610d78335638197abc2,false,ps2 textures\HAS ALPHA\bp_remade\no_mip_fixes\ui,false,false,0,none,true,1
007255d8,67f1e6350febdbff0c57c21675268f4e0277b3df,30aafd2e099f287a92e2a82e89628fdf7939ae73,false,ps2 textures\tri with alpha\bp_remade\no_mip_fixes\ui,false,false,0,none,true,1
00726ff1,5f4d0400030cb6d58d7bb7de4a4bd756ab348a1f,65b269d0eef244c3cd5f7949555d110496167fb8,false,ps2 textures\HAS ALPHA\bp_remade\no_mip_fixes\ui,false,false,0,none,true,1
00736ff1,fd92f22562181c0cd12b9fbb7e2df3ff47febe55,233fb818b4fda19d07f27954c8ab692320d6c5d0,false,ps2 textures\HAS ALPHA\bp_remade\no_mip_fixes\ui,false,false,0,none,true,1
0073ecb6,a30962f1614ecd10381f2bce899a7d09d06d4305,72cc983c184783f7223799c3ea385b4d0ae942f9,false,ps2 textures\HAS ALPHA\bp_remade\no_mip_fixes\ui,false,false,0,none,true,1
00744ad1,cc6757d417a86578f988764dbdc50e09001f84f0,c2cccaf8ba67d16a39953f979de98ac82087d3a9,false,ps2 textures\HAS ALPHA\bp_remade\no_mip_fixes\ui,false,false,0,none,true,1
00746ff1,9456a4bc76bf00c0ecb478f155e53d6c7aa088fe,538fc9cf7e13602c43f231bb3b16f8d84a5ed90e,false,ps2 textures\HAS ALPHA\bp_remade\no_mip_fixes\ui,false,false,0,none,true,1
00749dfd,81c7863f8c37cf868e24243bb2315f1633f9492d,1a73aeba88d302a34b5395c224b1312783fca420,false,ps2 textures\HAS ALPHA\bp_remade\no_mip_fixes\ui,false,false,0,none,true,1
007559f0,6b94a41f53204583ca53f9d8a3bfb08ea22d5849,e74aeecc247a76fbd7ee38832d6b1c67b888d8cf,false,ps2 textures\HAS ALPHA\bp_remade\no_mip_fixes\ui,false,false,0,none,true,1
00758632,11979d94cf25292625816c715eb412542d59ac0c,2e57c0e1beddf7765cf18de81f40163d1844014c,false,ps2 textures\HAS ALPHA\bp_remade\no_mip_fixes\ui,false,false,0,none,true,1
00764ad1,9afeea0f23c75285bf6cbb373bb05262e57cad06,9ca8ff3b86c2c76273ecc644ad1363da4d989130,false,ps2 textures\HAS ALPHA\bp_remade\no_mip_fixes\ui,false,false,0,none,true,1
007655d8,ef24e32177952e7cba8a22202368ba6055c27736,ba12659e287dda81496947dde9dae0104cfa3345,false,ps2 textures\tri with alpha\bp_remade\no_mip_fixes\ui,false,false,0,none,true,1
0076ad61,2cc5d259460506db469875c71fb480bc7fae2c7f,43f8a77ffe6613e4099cac9a2269e108ebbdf1ba,false,ps2 textures\HAS ALPHA\bp_remade\no_mip_fixes\ui,false,false,0,none,true,1
0076cd21,c4ae84de59bbfa288540c8e11e411b42020fb3e2,e5967f815cc43ef885b85055780f47786fec740c,false,ps2 textures\HAS ALPHA\bp_remade\no_mip_fixes\ui,false,false,0,none,true,1
00774c18,b7023835f3828ab9b8a4d5ad8df7ad95688256e1,b70bd75087683c1ac74d8a01b313fbca718a7635,false,ps2 textures\HAS ALPHA\bp_remade\no_mip_fixes\ui,false,false,0,none,true,1
00784ad1,655eca1f4b2452b8fc32b649dd25717423f6361c,073c063247d268eaa692520a7681178070718af8,false,ps2 textures\HAS ALPHA\bp_remade\no_mip_fixes\ui,false,false,0,none,true,1
0078980c,694d8fd07e0531297df073936129bed29bb5ab4c,69c029151fb5c568ed6c851ba2145efe7d077550,false,ps2 textures\HAS ALPHA\bp_remade\no_mip_fixes\ui,false,false,0,none,true,1
0078adc6,7a5cfd8548b5f4fa50ba6e20f478d37942cfcb08,3ba6c25e3404dab438c17c9f6f8bff20838557e0,false,ps2 textures\HAS ALPHA\bp_remade\no_mip_fixes\ui,false,false,0,none,true,1
007a4ad1,820740dcb8b33dfa46831949f0d25506397405b0,4329822e7148148bfee64be94162f9826a49264f,false,ps2 textures\HAS ALPHA\bp_remade\no_mip_fixes\ui,false,false,0,none,true,1
007a9dfd,a54f2fa0824e661d11b2fba34db5db7da3013ca3,e76a9b37524c60ba84c4ffd47b7dbff58191d61d,false,ps2 textures\HAS ALPHA\bp_remade\no_mip_fixes\ui,false,false,0,none,true,1
007b651a,34375b990a1769ce7ce19c1d87a15d2aa3d362ce,a11cecdcb4230321df1e40244a342a859d3cdc62,false,ps2 textures\HAS ALPHA\bp_remade\no_mip_fixes\ui,false,false,0,none,true,1
007bb259,9a46f9d46bab1cb4170f32d18d6999bbde5263cf,59ff0fa9e6aecaaeaf4dd16a380f36902d926934,false,ps2 textures\HAS ALPHA\bp_remade\no_mip_fixes\ui,false,false,0,none,true,1
007be718,a01ce144a70b81de5fe37c13302776d78011ea21,caeda4ae64629c45ef4ff1779343c6507fc1a4f8,false,ps2 textures\HAS ALPHA\bp_remade\no_mip_fixes\ui,false,false,0,none,true,1
007c4ad1,d1bd9d4a72d3f1789caef5521f5f66fe2a216d23,2decd8f1e6771b980f3ee2c591d5b6ee79c6ffeb,false,ps2 textures\HAS ALPHA\bp_remade\no_mip_fixes\ui,false,false,0,none,true,1
007c9dfd,1556bde13f12325b2748496c7a69a9b39b646595,8d6aa169ac481a18419b3cd40fe28a8e0671e7cb,false,ps2 textures\HAS ALPHA\bp_remade\no_mip_fixes\ui,false,false,0,none,true,1
007e4ad1,6eae98d3c568608a5bd50a2765e69b5f077f2d4e,ea6dc8566b4faeab3d5c8ad382a130141271f128,false,ps2 textures\HAS ALPHA\bp_remade\no_mip_fixes\ui,false,false,0,none,true,1
007f0488,00910d8719fe6be26c686e4e4185f781532ee92a,2c02643ba8920e77ca0c8ead4c9cb13d022a13d6,false,ps2 textures\HAS ALPHA\bp_remade\no_mip_fixes\ui,false,false,0,none,true,1
007f6817,6df4baa60f8ee07677def015c135a891fae39da8,36ed9f717aa0b07e508fea65b9898f58363f7de2,false,ps2 textures\HAS ALPHA\bp_remade\no_mip_fixes\ui,false,false,0,none,true,1
00804ad1,0810ffd4072b094c199d6c1e3f2f110614836b31,cea6b6e90d622ac81fa967a25c4d758ef96d5a4c,false,ps2 textures\HAS ALPHA\bp_remade\no_mip_fixes\ui,false,false,0,none,true,1
00818625,9cabc8d42d294e744b224ea05fa09919d8763131,e4e68c2f38e763895b18d9820d4a5a0d89551c31,false,ps2 textures\HAS ALPHA\bp_remade\no_mip_fixes\ui,false,false,0,none,true,1
0081f6b5,8cad373bb2a4b2c106eabb40d95a58bffa27951f,d165acabd2d8db62f0c58a1d3b21f9e0193f4644,false,ps2 textures\HAS ALPHA\bp_remade\no_mip_fixes\ui,false,false,0,none,true,1
00824ad1,b856735f357f2367a8e5a89eaf5b806177ad69d3,520f133ab842a1430fb9d1067f0de8579cc87e08,false,ps2 textures\HAS ALPHA\bp_remade\no_mip_fixes\ui,false,false,0,none,true,1
00829016,104f8245304fa1756b8e4ca5234f871e2bdc6d4c,c44dba8c9e1699ccc8e76f143418560056a441a9,false,ps2 textures\HAS ALPHA\bp_remade\no_mip_fixes\ui,false,false,0,none,true,1
0083fa46,48c7086c6fe05f7ba58e60d9ed584a5391f91442,77cc7275d125d73d23ac94ca96130227901710bb,false,ps2 textures\HAS ALPHA\bp_remade\no_mip_fixes\ui,false,false,0,none,true,1
0085a618,54dedeb1d65f1d4f10a551d7af415dea4410123b,c3b68db00cc0ab84f4d9b74e58a57d8a13efd913,false,ps2 textures\HAS ALPHA\bp_remade\no_mip_fixes\ui,false,false,0,none,true,1
00885728,1373d6a378cd87da61e2a437ff149b855e14000d,63775a112856908b41dfac11e8cc3d039c604a92,false,ps2 textures\HAS ALPHA\bp_remade\no_mip_fixes\ui,false,false,0,none,true,1
0088b898,53c13a0ab8e364997e5f8f544fd74cff0fc8c8b3,ab44170c7c34f3d6a4b4e75dc779c9687a1536c9,false,ps2 textures\HAS ALPHA\bp_remade\no_mip_fixes\ui,false,false,0,none,true,1
0088c589,5103dadd92435fe181f65d8d7ecba1f7babf85ea,bd3c6150c78e7add6ea9a577c57d19aeecde8aa3,false,ps2 textures\HAS ALPHA\bp_remade\no_mip_fixes\ui,false,false,0,none,true,1
00892df9,ab8451785fdc2f44174701c25ed17aa4a1866be5,6bb8fda28e07f5e1ed7edf5627c0bf148270c1ab,false,ps2 textures\HAS ALPHA\bp_remade\no_mip_fixes\ui,false,false,0,none,true,1
00895b43,ac852fe5f74b11fc3de9845d0f139b38ef58aadf,2275894dc672bdd3ddb6904057e82838f7d264ab,false,ps2 textures\HAS ALPHA\bp_remade\no_mip_fixes\ui,false,false,0,none,true,1
008a2128,71505587b99611ec9625651b96dd35308d3a5f5d,ae65b3b5c7edb55bf3d3a136f5f55a480f77ad84,false,ps2 textures\HAS ALPHA\bp_remade\no_mip_fixes\ui,false,false,0,none,true,1
008a8469,3461801dcf8b4bdde45700b6d07b95853cdfee80,e67a3b8bd290843ee39ff07f8a9709aba31a1710,false,ps2 textures\HAS ALPHA\bp_remade\no_mip_fixes\ui,false,false,0,none,true,1
008aa618,35a9fc84907e7190d842a6c2d50b11238648be51,9c2430e022c6341f154ac748fa4e0bb48915c56b,false,ps2 textures\HAS ALPHA\bp_remade\no_mip_fixes\ui,false,false,0,none,true,1
008c21a4,632e1cb682bc831f8fa65ea17cd274340b38e33e,347c9423da85ce0fa389585e95eef95dedec2a49,false,ps2 textures\opaque\bp_remade\no_mip_fixes\ui,true,false,0,none,true,1
008c9a00,2c5af4133492a4f84d11557ea28b5bd50be09991,446da3da03e8919e4cd25469002d397ab56bb692,false,ps2 textures\HAS ALPHA\bp_remade\no_mip_fixes\ui,false,false,0,none,true,1
008cc589,56bdcb5b68704cf415162aa883e3fb142ad7d18a,07e0c1579cd57e3427ef44d7b08635bc18fdc43f,false,ps2 textures\HAS ALPHA\bp_remade\no_mip_fixes\ui,false,false,0,none,true,1
008d752c,6cdbe78e6ff5a4c5c79b5ce918dd002ea7cd53e2,d77153d96f497d0d1b27e31f0b2e69c814ebfd9f,false,ps2 textures\HAS ALPHA\bp_remade\no_mip_fixes\ui,false,false,0,none,true,1
008db9df,a3ec4d1c0004d60de9a57c2eeefbf650333b4b8b,09ac616b397263ca5326855a18cdc47b76706812,false,ps2 textures\HAS ALPHA\bp_remade\no_mip_fixes\ui,false,false,0,none,true,1
008dbe37,e314720620ea1f9ba1106a1ef3e4e381c8ce55dc,b0f6110853b34600ee1b76606f946248226b5736,false,ps2 textures\HAS ALPHA\bp_remade\no_mip_fixes\ui,false,false,0,none,true,1
00919e1e,0f77ec60e1c5d65a4786897435e355f55fb35233,dfe138da4c8039c144f57a1e1fb31ffa1f254af6,false,ps2 textures\opaque\bp_remade\no_mip_fixes\ui,true,false,0,none,true,1
0091a721,5107a6534772563a12159b5ba3aa1768afb18b78,ce04f054e87a284885c03b2c5943df7cae29a9e4,false,ps2 textures\HAS ALPHA\bp_remade\no_mip_fixes\ui,false,false,0,none,true,1
0092f25f,346938946da2e935217c1b4c6f7260042e183f47,da870050b304da905aaf7382000817fc672d8661,false,ps2 textures\HAS ALPHA\bp_remade\no_mip_fixes\ui,false,false,0,none,true,1
00938001,a0f60746ab4b84095fe64ddb62af579a0e34ca28,20c8b664eab61a0d48c06c5485b3f1707fa1800c,false,ps2 textures\HAS ALPHA\bp_remade\no_mip_fixes\ui,false,false,0,none,true,1
0093cba3,27ac5364a19ebdf701dba68ea2a6e2495624982e,c89fca2cee1c47dba0d4d7b9daf2f131b2996d21,false,ps2 textures\HAS ALPHA\bp_remade\no_mip_fixes\ui,false,false,0,none,true,1
0094533a,d3bd51baed8e0321d6942626060813d22a1ffa75,84f86344346a91fdbcaf0c7e975b4c29aba973c1,false,ps2 textures\HAS ALPHA\bp_remade\no_mip_fixes\ui,false,false,0,none,true,1
0094c618,ed061398bf4cd9b07526b07efc7596129cf46e94,7c6aa7bae4f58cfe17f1a7c78b7baec311aa1d2a,false,ps2 textures\HAS ALPHA\bp_remade\no_mip_fixes\ui,false,false,0,none,true,1
0094c618_302caf9734786b4cc1f4a66a958a6df1,a1f9f10c3048cdb27944cfa11238e1ed2cd036b9,1c24c1a6e006d8b5b8e786e889374ed3832e4168,false,ps2 textures\HAS ALPHA\bp_remade\no_mip_fixes\ui,false,false,0,none,true,1
0095cb32,7671325d6ecc192393d66aaab8304407073c208f,05628715c8b02d326854bc4a07d3d0a61c2c9792,false,ps2 textures\HAS ALPHA\bp_remade\no_mip_fixes\ui,false,false,0,none,true,1
00985407,178e494a7023319a3efc49054c0f7bafca119284,b848e6135169d5be8faa72ddf2ccf1b889620b97,false,ps2 textures\HAS ALPHA\bp_remade\no_mip_fixes\ui,false,false,0,none,true,1
0098f24a,72fed957ea07ebeb5da14f1d375a79319086d8a5,273ab581b74b44efca86034e8c3490803b952089,false,ps2 textures\HAS ALPHA\bp_remade\no_mip_fixes\ui,false,false,0,none,true,1
0099a618,9e8d2b73c84f49bd0407b0211b7f78638993219d,ad0b31fc0d0a38515db56d6676455c806e09bfa0,false,ps2 textures\HAS ALPHA\bp_remade\no_mip_fixes\ui,false,false,0,none,true,1
009ac0bf,993e2c33fb17794138e2d9cec3ef0fc890ba42e1,d1cc5392d77f24cfe66bcd9f0d21854801427e00,false,ps2 textures\HAS ALPHA\bp_remade\no_mip_fixes\ui,false,false,0,none,true,1
009bc0bf,f1dd9190960289ab89853df6cb3718bf1a290cab,3771e9f3853d058cad4d7657144bc8ee622b28d2,false,ps2 textures\HAS ALPHA\bp_remade\no_mip_fixes\ui,false,false,0,none,true,1
009cc0bf,5541913e5c5d9cfb7129af84596565c4159a55db,f71a70385845c6202adc024a0c1f338c132ecba8,false,ps2 textures\tri with alpha\bp_remade\no_mip_fixes\ui,false,false,0,none,true,1
009dbc16,e740c3278eace5d92d9eb0ed2bc059c3868ff0dc,57a2c4edb242ff1b2fd4ace1ff57b56dcc26b72a,false,ps2 textures\HAS ALPHA\bp_remade\no_mip_fixes\ui,false,false,0,none,true,1
009df079,1998f7804a412f4daeade6e103b2c651e0d715df,e99c1814aac3de7626a65e33f4406f22c1cb8bb8,false,ps2 textures\HAS ALPHA\bp_remade\no_mip_fixes\ui,false,false,0,none,true,1
009e0995,ab6618e6ce583e0c639719599d4c95859b4a9973,6c52837e7a1d1eeb187b56cb8299923a11801c91,false,ps2 textures\opaque\bp_remade\no_mip_fixes\ui,true,false,0,none,true,1
009eafa1,0d066f4ce8c566e250c873a1841a6dd868565d74,57f68741aec66a620a12e972445829bd6453dbb0,false,ps2 textures\HAS ALPHA\bp_remade\no_mip_fixes\ui,false,false,0,none,true,1
009ebc16,010c94c5e2834ac59c7ca2f7cf14b9b31dabb5df,53064461d4376fae4cd93ca791654156029bdc2f,false,ps2 textures\HAS ALPHA\bp_remade\no_mip_fixes\ui,false,false,0,none,true,1
009f0995,b97659309dfefda1e09aa856cd52463cbf422a0c,06f0b670c6e327bd0ff9647b907e26845667cccf,false,ps2 textures\opaque\bp_remade\no_mip_fixes\ui,true,false,0,none,true,1
009f2fba,1d79e4e7ab8f06f36d10eb15607409b3d2d36055,1cfe38fcef26766db4ea90bcefa7ee38b9ab776f,false,ps2 textures\HAS ALPHA\bp_remade\no_mip_fixes\ui,false,false,0,none,true,1
009fa21b,6940c671679eeb5a5857c9d1c807c6549ed334c6,55a268760b2bfd2b1ffda0b6bdf3c4bdc87428d2,false,ps2 textures\HAS ALPHA\bp_remade\no_mip_fixes\ui,false,false,0,none,true,1
009fafa1,3d9e3d9e940859d07d67c50652bc9baaa6476ab0,1569cff42809201dc44e25f28fb70dd504a10bd5,false,ps2 textures\HAS ALPHA\bp_remade\no_mip_fixes\ui,false,false,0,none,true,1
00a093d7,15d08c49ce2ed2f2f0f0333b2d3e4a881702f47d,09e7f75ef19bfd9ed42f04e79d1f557c064daf71,false,ps2 textures\HAS ALPHA\bp_remade\no_mip_fixes\ui,false,false,0,none,true,1
00a0bc16,1168793961cc1d7d4130866a39f606c892200964,eb61a28afbb9457f86c40ddfe2756b1441a75fcf,false,ps2 textures\HAS ALPHA\bp_remade\no_mip_fixes\ui,false,false,0,none,true,1
00a127a1,ed1871bc325ae20eb7146851ab57083b50bcee41,5b6549873597aef6bff065be9db203f5657a5ebe,false,ps2 textures\HAS ALPHA\bp_remade\no_mip_fixes\ui,false,false,0,none,true,1
00a1bc16,fc12fd22c4486d6acf9484461bee6990735ceddb,2d0bf4dbf28c81db011b57aff130d920240e923d,false,ps2 textures\HAS ALPHA\bp_remade\no_mip_fixes\ui,false,false,0,none,true,1
00a225a6,1a00f946bf2b28277e08b4cb2ef5db805ecdde79,9b00b04e8076b34051a43916d44eecfca9046433,false,ps2 textures\opaque\bp_remade\no_mip_fixes\ui,true,false,0,none,true,1
00a325a6,0280fb380827ba6f5e3ddd99c93829add7eea7df,23b9dd68a46614d048bec6bd15d60a7a4f40291f,false,ps2 textures\opaque\bp_remade\no_mip_fixes\ui,true,false,0,none,true,1
00a628ba,5f7beded603d7f638d3fd540fd887dca4c6da2df,37af73d51830c2a3d39ff27783258dba41f1cc58,false,ps2 textures\HAS ALPHA\bp_remade\no_mip_fixes\ui,false,false,0,none,true,1
00a69783,1bba72f4581293b2971e2b21b1944965dce08dad,15df33ffcd97a2284115d58cd0718277d9d2d159,false,ps2 textures\HAS ALPHA\bp_remade\no_mip_fixes\ui,false,false,0,none,true,1
00a891e2,656a04822c111104c292b843dcd6dd20844cdd64,8a4fdb45e4f2588b56e8fd917b291bfba2298c7b,false,ps2 textures\HAS ALPHA\bp_remade\no_mip_fixes\ui,false,false,0,none,true,1
00a936cb,59dfef37d82d25f87bc6551eac0b91458d7c47ba,a41b2df88b94f13a22d7c15e4f346467222dfa09,false,ps2 textures\HAS ALPHA\bp_remade\no_mip_fixes\ui,false,false,0,none,true,1
00acbe37,b3cc88c5a6e976ebf8b3431de5e433037d465b8a,21be249edbb55522c549930dd33afb6381c36354,false,ps2 textures\HAS ALPHA\bp_remade\no_mip_fixes\ui,false,false,0,none,true,1
00ad7f33,e6476dfc17a47f7d0d076a9cd98eafdab77fa350,90d9f8da661c9602c59cc06389ed9f2aecac0c51,false,ps2 textures\HAS ALPHA\bp_remade\no_mip_fixes\ui,false,false,0,none,true,1
00adb42a,370396bb2cfe8a8d50a6486d426249222a48d731,e3c62217e8949b2f2bbd6e8ecd1b9c89761e8302,false,ps2 textures\HAS ALPHA\bp_remade\no_mip_fixes\ui,false,false,0,none,true,1
00aeebfc,454cb4f061c8a3679831f5a9c64f0bf9abe91abb,7b8f00e97dbb23a1e6f3b6cf03715c9601e16153,false,ps2 textures\HAS ALPHA\bp_remade\no_mip_fixes\ui,false,false,0,none,true,1
00af9412,58be0c738d81d51f5480be28167aa9e99d39d5ca,12b4fc0920d6d8efb9bda42b4fe3cd855f2bcb14,false,ps2 textures\HAS ALPHA\bp_remade\no_mip_fixes\ui,false,false,0,none,true,1
00afab44,bff392eb55f6f84ac0dc14fd8eab0b9d67757980,f9432c1eac3275292840de7f430e77db8bec277f,false,ps2 textures\HAS ALPHA\bp_remade\no_mip_fixes\ui,false,false,0,none,true,1
00afbbc9,d0d31861131f25d35e0f2f97ef02ebdd9b47fdfe,3ff37dc01befa828fad1135c7d696581ca89ad9a,false,ps2 textures\HAS ALPHA\bp_remade\no_mip_fixes\ui,false,false,0,none,true,1
00b02021,6daf57e205e826e917c17037403ef13c76540ccc,b1ae7f3163a6db8d62555fd945101f664d6d28b5,false,ps2 textures\HAS ALPHA\bp_remade\no_mip_fixes\ui,false,false,0,none,true,1
00b04ad1,d35ba474a4b267d286bddd687c460e0981ee78bd,1e600c8e1adbdb43e9e216f6b772ec9c9befbbf3,false,ps2 textures\HAS ALPHA\bp_remade\no_mip_fixes\ui,false,false,0,none,true,1
00b087b2,5c736f2477c5b65aa42037ffac71d5e14eef689b,f79b90c317cd33808300ae3a41ee2f1edf9c4061,false,ps2 textures\HAS ALPHA\bp_remade\no_mip_fixes\ui,false,false,0,none,true,1
00b12021,cb315ca66589d65b80fdab45c9264a0cc205ff0c,86bdeeb985cbde15390afda93ec58109aafaa3d1,false,ps2 textures\HAS ALPHA\bp_remade\no_mip_fixes\ui,false,false,0,none,true,1
00b22021,6b1f27cb3dcf094c5c83e4ea4dc952d23076fe8e,2e4d44e4a5334c576fb125b3b0068bc8f30846e7,false,ps2 textures\HAS ALPHA\bp_remade\no_mip_fixes\ui,false,false,0,none,true,1
00b24ad1,8b4521dc2ff31a2ef865aa8883b489db847f2cb4,53c12b8adf41130668424703b384ad3e8b741a08,false,ps2 textures\HAS ALPHA\bp_remade\no_mip_fixes\ui,false,false,0,none,true,1
00b25d10,c2b8b85d484e70724b059bf7ba1faa8f7b8a87f2,dd7acad4c3c6b04786a1f4f4e360555c8bc2fb8a,false,ps2 textures\HAS ALPHA\bp_remade\no_mip_fixes\ui,false,false,0,none,true,1
00b32021,5c4e16e45136f2f4cc7c354557c2591645262c25,425d3c7713aef95f00a26ff24ac77c8fab318106,false,ps2 textures\HAS ALPHA\bp_remade\no_mip_fixes\ui,false,false,0,none,true,1
00b33503,69b40654c74f8aa3de729e4e623d4b8337b75b93,3ffa04bf59841939cd64d84be6b49b3b8129bf74,false,ps2 textures\HAS ALPHA\bp_remade\no_mip_fixes\ui,false,false,0,none,true,1
00b3cb78,fb31ffa497b42f82bbf53893e0ec78ccfb73b298,b4a3e8f724aed3fd7bb6d7e1355da20a41d34a9a,false,ps2 textures\HAS ALPHA\bp_remade\no_mip_fixes\ui,false,false,0,none,true,1
00b42021,8caa63e9e9ef6938d973ee6b67856d4e6d1d74b5,55d24597f3a718132b259bba12a2d551f877e36d,false,ps2 textures\HAS ALPHA\bp_remade\no_mip_fixes\ui,false,false,0,none,true,1
00b60372,4e89217e2ee53d7357e894975cc55fbf9ae39b60,41b9fa9a41b6805fea16dfa287c4f53a1b9e57bf,false,ps2 textures\HAS ALPHA\bp_remade\no_mip_fixes\ui,false,false,0,none,true,1
00b64ad1,67903723d8e289dd8662749bef5467209f3bfce4,6b4274448b03ab84fd2703cecd04b7711a370419,false,ps2 textures\HAS ALPHA\bp_remade\no_mip_fixes\ui,false,false,0,none,true,1
00b6ea23,d74596016017a2ee5a50b89346e8749d173bfd87,a16c2f686442db4d1e351d0743259a26824aeb39,false,ps2 textures\HAS ALPHA\bp_remade\no_mip_fixes\ui,false,false,0,none,true,1
00b6eb2c,b2872b74dce80ae5ec6ff7e5aa2d97df4c1ee103,5ce9c2f720af0b8f6b67d9d2ad5df36037cccab3,false,ps2 textures\HAS ALPHA\bp_remade\no_mip_fixes\ui,false,false,0,none,true,1
00b84ad1,4ea91f9387026f389a8adbc586994e3960fbdefd,d7e3ee118599df1e67ba816335ddfd4747b3fb58,false,ps2 textures\HAS ALPHA\bp_remade\no_mip_fixes\ui,false,false,0,none,true,1
00b89205,d2705fee3a7ff8234e8f539d640cb7a20b9ab3bf,221634a05c2c53849b77315e22bb438aa5c8fae6,false,ps2 textures\HAS ALPHA\bp_remade\no_mip_fixes\ui,false,false,0,none,true,1
00b99205,11c372d9770459ff3501f12c8193d338ed5534cc,bd70f7e0179b0e3651c34f64464d9840f1e11a4e,false,ps2 textures\HAS ALPHA\bp_remade\no_mip_fixes\ui,false,false,0,none,true,1
00ba4ad1,a8722e5b862b54afa23e01ea3fe533b18c1475b9,0f90c8a25c72d58730ff376a38ff4ca8e77a32af,false,ps2 textures\HAS ALPHA\bp_remade\no_mip_fixes\ui,false,false,0,none,true,1
00ba619d,ee772c2acc5e4e13a1dd63d6089196595203a492,66447da72107dd43e9a29383937938bcc8373969,false,ps2 textures\HAS ALPHA\bp_remade\no_mip_fixes\ui,false,false,0,none,true,1
00ba9205,fb8ec063eedba44a2c7e0be4ea6f68a8e963e848,96347735f1ca2dda9f819cdc1524e42f826ebce6,false,ps2 textures\HAS ALPHA\bp_remade\no_mip_fixes\ui,false,false,0,none,true,1
00bb9205,aba4c793829b831f885d30e18c64f14333fc52f7,fd0ab95a07a1f1ff678ed65ca3e86706b50af0ab,false,ps2 textures\HAS ALPHA\bp_remade\no_mip_fixes\ui,false,false,0,none,true,1
00bc4ad1,476f7c48cd3e4feba745ec6de12f7742768caa06,5d66612c90661fd33984d6a05d926e6b80b43424,false,ps2 textures\HAS ALPHA\bp_remade\no_mip_fixes\ui,false,false,0,none,true,1
00be4ad1,5b2b5060eca23b22b05ada2393caf8ce1aa55e76,7ce7a7e5caa4e656fd5e0be8f2716f60c6e635b3,false,ps2 textures\HAS ALPHA\bp_remade\no_mip_fixes\ui,false,false,0,none,true,1
00be80b9,fa7dca50e23c9fb926b0a1b2db88780ab4a36b0d,325ef2eea57500abf2924bf29fdfc3ec29c96e18,false,ps2 textures\HAS ALPHA\bp_remade\no_mip_fixes\ui,false,false,0,none,true,1
00bf085a,4b76255b0eb6350f0d17592c543079bbb1bb7d9d,403629969f8b195456f83762a8422bb064b4a5e4,false,ps2 textures\HAS ALPHA\bp_remade\no_mip_fixes\ui,false,false,0,none,true,1
00bfbb06,60e5c87fd675be3bd35b26075dc51d7b93251bd3,52e9b6b35707e0cd368e53175b0c6348b5dc6ca5,false,ps2 textures\HAS ALPHA\bp_remade\no_mip_fixes\ui,false,false,0,none,true,1
00c04ad1,89a39766778356fd7f5e8300534e19ed3427ba9d,a957998dc3af0cb474855104952ff98630905068,false,ps2 textures\HAS ALPHA\bp_remade\no_mip_fixes\ui,false,false,0,none,true,1
00c24ad1,dc24562650c5f866c7132194e71466a46d911c4d,c3870d127b9f727f0dc59875db76b347bb2b6574,false,ps2 textures\HAS ALPHA\bp_remade\no_mip_fixes\ui,false,false,0,none,true,1
00c2df96,1cd2cd7cb63c9f3e64d559f886f7464c1ce8aca7,9837acaaae490337f8bce0755872ccefe9261961,false,ps2 textures\HAS ALPHA\bp_remade\no_mip_fixes\ui,false,false,0,none,true,1
00c3e4f6,f370c875468c598f829d6b59f46d55c8cd6a9699,0c3eac81dbd1c468f90a494a36183a5bba717009,false,ps2 textures\HAS ALPHA\bp_remade\no_mip_fixes\ui,false,false,0,none,true,1
00c45897,ca011068e0a71e36052a6c94bc1d2c427996ca6c,925c9d8130e502a6e50a2782fab64b41876af070,false,ps2 textures\HAS ALPHA\bp_remade\no_mip_fixes\ui,false,false,0,none,true,1
00c489c5,84c7fd1b463528e942c1584840989a8d087ab858,c5be4c252ec02289cdf513c968b69e9fb5159fb8,false,ps2 textures\HAS ALPHA\bp_remade\no_mip_fixes\ui,false,false,0,none,true,1
00c4b02d,7383b4361ab7b36abb4f040cd1e5180bc2e17b48,ca71cfde89e13c0a576de03a4f0637a659a50389,false,ps2 textures\HAS ALPHA\bp_remade\no_mip_fixes\ui,false,false,0,none,true,1
00c59475,34905933b1c19ce5688be21ce800af396c1d2d61,0928f5df594d89956f5c5e386cf9fa17a3ce876c,false,ps2 textures\HAS ALPHA\bp_remade\no_mip_fixes\ui,false,false,0,none,true,1
00c5a254,ab7f6869513cb19f50cf8f43b30ee10f23104674,98d755540f59f2f3576c29d18519e15d4614fd29,false,ps2 textures\opaque\bp_remade\no_mip_fixes\ui,true,false,0,none,true,1
00c5a3fd,bf744d7a54965dd09c69b059a1a74b73a0521608,e3072ba44328e6cf1e7c07f755375222071933c6,false,ps2 textures\HAS ALPHA\bp_remade\no_mip_fixes\ui,false,false,0,none,true,1
00c6157c,f5ee4de26de6b26d7047f75326c7c7aa4ef80374,2f11bdae50c1b2ee2068d503890fee58f8714df7,false,ps2 textures\HAS ALPHA\bp_remade\no_mip_fixes\ui,false,false,0,none,true,1
00c6e6ab,3ba04779066b58968e1dc738145c49fc362317b2,74929c692674a0a1f618ca55ecc9e779a69c3d0f,false,ps2 textures\HAS ALPHA\bp_remade\no_mip_fixes\ui,false,false,0,none,true,1
00c6feb6,12d0818fc22043254234fc155d87b1557868720b,8eaf1cfe004f1bcf4b7ec2e7e5de4ad6e9e9603e,false,ps2 textures\HAS ALPHA\bp_remade\no_mip_fixes\ui,false,false,0,none,true,1
00c6fef1,eecf2db4131078c7617690049b8346ef6b1f70fe,66c9eae4808c749769a96f8dd764e4deaa2f7f7b,false,ps2 textures\HAS ALPHA\bp_remade\no_mip_fixes\ui,false,false,0,none,true,1
00c7d5a7,d3aef1847d2f60898e41f0d0a0738d43153a91cb,0facf29b8aba179dd5bba8cefaf3cd674bd67115,false,ps2 textures\HAS ALPHA\bp_remade\no_mip_fixes\ui,false,false,0,none,true,1
00c87354,5a49fc96f12f506d3be3df56489b1f7b5a2f3fd5,227455800b3dea8baf97ed96d2a01673eb14d57b,false,ps2 textures\opaque\bp_remade\no_mip_fixes\ui,true,false,0,none,true,1
00c8e1b5,14da04dd3c1daa0e4f42aa7286a449a34af0c9b9,58dc9dc3a9b1f3a41d7defd7e73d24a89755bcf3,false,ps2 textures\HAS ALPHA\bp_remade\no_mip_fixes\ui,false,false,0,none,true,1
00c9e1b5,81556cdf30f72d6a2a90316a0b73886afee9d055,18ce276ffb55cbde92aaa71e25a8c9724a5520cc,false,ps2 textures\HAS ALPHA\bp_remade\no_mip_fixes\ui,false,false,0,none,true,1
00ca3f11,ce71e77a5bbbf2667e6f9b5b9abdb2993b1e5e58,45c892b7564ad3d0a714d5659737aa787da0d002,false,ps2 textures\HAS ALPHA\bp_remade\no_mip_fixes\ui,false,false,0,none,true,1
00cada49,e489d799fa0c2d2427004e1806b6e73c3f43c107,a9a37de86a2aa1a408d9776a3464472ef3a205c2,false,ps2 textures\HAS ALPHA\bp_remade\no_mip_fixes\ui,false,false,0,none,true,1
00cb303d,7381099335ef27a2d4cf17c5096f1dbb71e68ef0,64581f623dcb69f533d82e83a4f4af5017519895,false,ps2 textures\opaque\bp_remade\no_mip_fixes\ui,true,false,0,none,false,1
00cb3f11,089508e53a6a0ba5e64f3185a7a854c90e6890bc,c6a3bad51ebbcfb295c2cc61b3df50d72251d2dc,false,ps2 textures\HAS ALPHA\bp_remade\no_mip_fixes\ui,false,false,0,none,true,1
00cc15b7,1697712d70a2ca3614a4e05a8e6f17376646a262,0fce070249195f950d8173f8eac9ad174687723b,false,ps2 textures\HAS ALPHA\bp_remade\no_mip_fixes\ui,false,false,0,none,true,1
00ccb0a6,2ea1ec4b79bed1214c764079fd4b62dda10d15f1,ac7f1e69ebb7d27d846d247330325545218c2819,false,ps2 textures\HAS ALPHA\bp_remade\no_mip_fixes\ui,false,false,0,none,true,1
00cd360c,648520dfa458e05a2da9cf5fd7d03c7e16fd1f4c,953d8f6a257c642f70757b23366e31b1308d6417,false,ps2 textures\HAS ALPHA\bp_remade\no_mip_fixes\ui,false,false,0,none,true,1
00cd868e,e2df9f8b5bba258b6cf94e9a34607aee3a41eb88,298a2b738c4070428fb8d24426aa526a7df771fa,false,ps2 textures\HAS ALPHA\bp_remade\no_mip_fixes\ui,false,false,0,none,true,1
00cda6c1,ac9daf2f883d1f7893c23c0f664a624213c9ea71,fe2c5775baaf8f09a128b9ac3959dd314214ac8b,false,ps2 textures\opaque\bp_remade\no_mip_fixes\ui,true,false,0,none,false,1
00cdb0a6,8ac22692e97fe816528b45ded7c016d9b7dad042,7a7b31ec65b61c6d47a3822d47e3fcf88ccf0adf,false,ps2 textures\HAS ALPHA\bp_remade\no_mip_fixes\ui,false,false,0,none,true,1
00cdeba7,151d7e43b72d154148c58bf9b032e632ee8a6211,5c4993817b80d485cc91872a2d680d48bd9fa470,false,ps2 textures\HAS ALPHA\bp_remade\no_mip_fixes\ui,false,false,0,none,true,1
00ce999d,9a93567bbf9bc9c0e04cf57ae6d828d79cb37432,0de0324e328a6f6047164684770ffaa2404f9155,false,ps2 textures\HAS ALPHA\bp_remade\no_mip_fixes\ui,false,false,0,none,true,1
00ceb0a6,2f262ca2efd169894fad388937e287b94ea5859c,e403fa4c688cd5ad2e84802e39fd98555b1405e3,false,ps2 textures\HAS ALPHA\bp_remade\no_mip_fixes\ui,false,false,0,none,true,1
00ceeba7,b8b3cf7fa21c2cd009a709f759c50a228706c0c2,2ba74dda3765979e7c75752ca9540f6cfe0879e9,false,ps2 textures\HAS ALPHA\bp_remade\no_mip_fixes\ui,false,false,0,none,true,1
00cfb0a6,37ac6c5a5937bf911075ca60674780870226475b,82f43ffa6bfe797ebd8cde3c8895c8009d26a2a1,false,ps2 textures\HAS ALPHA\bp_remade\no_mip_fixes\ui,false,false,0,none,true,1
00cfe11e,fb3cb0cf51e2901394c345d5d8475ec2bce99e12,58f2cbbe8be633f6c2d3076eb54b02e7203d6da2,false,ps2 textures\HAS ALPHA\bp_remade\no_mip_fixes\ui,false,false,0,none,true,1
00cfeba7,7b86e4f2eaf7942174e7742385091c403fb2423e,10e95724d5caacb7566975575f94bbd388dca8f5,false,ps2 textures\HAS ALPHA\bp_remade\no_mip_fixes\ui,false,false,0,none,true,1
00d0b0a6,f0a2ccf9f467d4454c477df5c43fc623561ac4c0,cf1e7808df8d6c123734349a8f3553657a9b3a69,false,ps2 textures\HAS ALPHA\bp_remade\no_mip_fixes\ui,false,false,0,none,true,1
00d0eba7,952230879dcfdf80aaf35de92f8796afa1820f5a,857c01984b2d5c5c1c9b1b9a1ae851693f90cf08,false,ps2 textures\HAS ALPHA\bp_remade\no_mip_fixes\ui,false,false,0,none,true,1
00d1b0a6,a07d0a996e17b0bce9b5f604250da0525c0a2974,e104ee4e26a9e624e2d4ad9582fa25a5c7ae3381,false,ps2 textures\HAS ALPHA\bp_remade\no_mip_fixes\ui,false,false,0,none,true,1
00d1eba7,538e9beda3fbfe191a3366d2dc6012d31227e996,370df21b7a7d6ecec55da6c70478e845769c07be,false,ps2 textures\HAS ALPHA\bp_remade\no_mip_fixes\ui,false,false,0,none,true,1
00d27f22,d216d5540b5351e35f3834f48e87fb8867d1420a,6b217bdee6b3df0d4e70bc2f85546b0f9cfdf6fd,false,ps2 textures\HAS ALPHA\bp_remade\no_mip_fixes\ui,false,false,0,none,true,1
00d37f22,ed921a49d6d59e821d221f762d68165acb6f3a59,ba6cffc0bb4c29794371c0f9db11bd106bbe782c,false,ps2 textures\HAS ALPHA\bp_remade\no_mip_fixes\ui,false,false,0,none,true,1
00d4e124,549b949e8cb2c10e6e02edde9ab7dc75bfd03e94,cb7bbaa219598442ee78de295d304be09ad92a2e,false,ps2 textures\HAS ALPHA\bp_remade\no_mip_fixes\ui,false,false,0,none,true,1
00d57f22,3956ed454d026e22885cc99cc2b65955608a0c47,c3db4dc77be2b2e876377ea120b302224060c7fa,false,ps2 textures\HAS ALPHA\bp_remade\no_mip_fixes\ui,false,false,0,none,true,1
00d7a5d6,e8aefeab6cf4b049038e48d8f6883b4d8bd9a6d6,fcd749e24ed466219ee00300c7acf77830323102,false,ps2 textures\HAS ALPHA\bp_remade\no_mip_fixes\ui,false,false,0,none,true,1
00d84d77,f31d786271c66b93e8194a88a61e6d5ea5f56f8c,ccf2bb1762d3a7a4f034c7a265358bc2c6b11d04,false,ps2 textures\HAS ALPHA\bp_remade\no_mip_fixes\ui,false,false,0,none,true,1
00d85d25,33f459e34cf054c61f49f2e044098760c0468cef,c357d8173b2f2f6e5c265746c5385ea24fb7a186,false,ps2 textures\HAS ALPHA\bp_remade\no_mip_fixes\ui,false,false,0,none,true,1
00da15e3,d35953c665c1505834cd20c46f73e621016bf8aa,a3d01f423946f40401f951acce80f6a08d626de9,false,ps2 textures\HAS ALPHA\bp_remade\no_mip_fixes\ui,false,false,0,none,true,1
00dbc1dd,9b1a5617691a9338461fed2ce65fdc6d1dd8e3d2,dcfadef9e5736b9f4f5f1435cad9533e87d058a5,false,ps2 textures\opaque\bp_remade\no_mip_fixes\ui,true,false,0,none,false,1
00dc7290,64f1e31ddb9bb155f271f168428556ba1f65d225,920e89de25e3ea1a050546e0557d2f82d90536f5,false,ps2 textures\HAS ALPHA\bp_remade\no_mip_fixes\ui,false,false,0,none,true,1
00dcd5c6,d8320f4b02189cc345b8b5f641da81bed1a9b28d,ffe41850356255d0580902a926edc70fe991068c,false,ps2 textures\HAS ALPHA\bp_remade\no_mip_fixes\ui,false,false,0,none,true,1
00dd93f9,0cbad0a64892b096c97b78fd207d77a3d431211c,3620a950a20dc4633586e92421cef5264df21291,false,ps2 textures\HAS ALPHA\bp_remade\no_mip_fixes\ui,false,false,0,none,true,1
00de6344,601ba6abcfeb315ad4cce01c1a726888d52b6996,354f0016d6ffde5e98080b732ddb7d6a36cdd8ab,false,ps2 textures\HAS ALPHA\bp_remade\no_mip_fixes\ui,false,false,0,none,true,1
00de6f30,1ac768f5c2e09799e23f7366b03522dd7c9c2e44,3bd4505b776f638a0c0b5bf0f86946fa94cabc03,false,ps2 textures\HAS ALPHA\bp_remade\no_mip_fixes\ui,false,false,0,none,true,1
00e0bf95,db3cba91379ebab15e1dd0f9f468b8311b6f5443,4276afdec198d5e534a0c7d0106e30789ef2ef51,false,ps2 textures\HAS ALPHA\bp_remade\no_mip_fixes\ui,false,false,0,none,true,1
00e20d51,6195056e42e49106f1df601924c96a5a9ad8e7de,dd6eaf9339daa7ae5de298106a9511cbca4249b9,false,ps2 textures\HAS ALPHA\bp_remade\no_mip_fixes\ui,false,false,0,none,true,1
00e22d51,764401bb0f7159c165ec3d88cf71772f0b810e9a,6af0924cb35ae17094d1f0a9a53bc0d4f70cd269,false,ps2 textures\HAS ALPHA\bp_remade\no_mip_fixes\ui,false,false,0,none,true,1
00e3d071,a7c5cf001798768cc602983cc91c8fc583fa345c,92ee028d02f91ca1779faf5900e74a0b849eaa2e,false,ps2 textures\HAS ALPHA\bp_remade\no_mip_fixes\ui,false,false,0,none,true,1
00e4b51b,cfa424faae275c1cc5bebf48bc847608885e5b77,0b71f898a0a258071beca3abfd89b0e8e7985cd9,false,ps2 textures\HAS ALPHA\bp_remade\no_mip_fixes\ui,false,false,0,none,true,1
00e4d0de,3fb9886b1711404ac657035f2f65693f89dd68c8,b8272b0cb68cd04de1caee6d586b2da58105f50f,false,ps2 textures\HAS ALPHA\bp_remade\no_mip_fixes\ui,false,false,0,none,true,1
00e4d0de_41da87e72c01ef976b914cd59eef1df9,5bfec01877ac45459c0bef90d6ebd9399d86a135,090aa000cb12accecd27a027592d99e8ad20218c,false,ps2 textures\HAS ALPHA\bp_remade\no_mip_fixes\ui,false,false,0,none,true,1
00e7ddd3,1b14847c38eca6c9cecb3d74d42194782bb848dd,e78c5563d494964f736ba1a50f1080a880da434c,false,ps2 textures\HAS ALPHA\bp_remade\no_mip_fixes\ui,false,false,0,none,true,1
00e8533f,2b8fe4d20c152852529d5d9882ea23667f216998,4b2e955166b6e5a61eaacd6d763f83d291694791,false,ps2 textures\tri with alpha\bp_remade\no_mip_fixes\ui,false,false,0,none,true,1
00e8533f_c9656c04a66db3d24c7fb50dd516a45e,2e28990606548af736bd627294164588e92caefe,46da51ad405d3f0124a0790ac0046a56cdabcf2a,false,ps2 textures\HAS ALPHA\bp_remade\no_mip_fixes\ui,false,false,0,none,true,1
00e9800a,6d46ada939823af8e6f8484678adb3cd31244659,3b8dde5f3c787bcacb2fa5f6a7324569d95634d4,false,ps2 textures\HAS ALPHA\bp_remade\no_mip_fixes\ui,false,false,0,none,true,1
00eb32b4,e974b191a415a471935632ba1095887597e92ef0,b2fc89f9f199e381367f9c5a2bfd5e3ce50c0d5b,false,ps2 textures\opaque\bp_remade\no_mip_fixes\ui,true,false,0,none,false,1
00eb5f92,4992aaa27706e72ffecf312bf67fd49a339916d2,12d7adee23e5ea25818be5c4bb1e821c2be2f8a6,false,ps2 textures\opaque\bp_remade\no_mip_fixes\ui,true,false,0,none,false,1
00eb7512,16b7f55c86dee3cbd3eb12d79451305f65f5cc73,6e54982d64c5c100310e8a4bc592e81db874f029,false,ps2 textures\opaque\bp_remade\no_mip_fixes\ui,true,false,0,none,false,1
00ec73af,29d17d58533b786370e84ed333de26a328796b70,4beeb0c659f97aef7e7b6b978b29b982e3d95333,false,ps2 textures\HAS ALPHA\bp_remade\no_mip_fixes\ui,false,false,0,none,true,1
00eca640,14aed798bf56c9b9a22f642f05f283bcacf389e4,9400c15819868d60db7aca727b594309edf190a7,false,ps2 textures\HAS ALPHA\bp_remade\no_mip_fixes\ui,false,false,0,none,true,1
00edb58b,35a2ccdb84d96596d833fed890672957c7dfdcd8,eb94c99f17f3a6c2ac030c62fefc7d98e47c7748,false,ps2 textures\HAS ALPHA\bp_remade\no_mip_fixes\ui,false,false,0,none,true,1
00efa150,7cabdb4bedc7f4b45aaa0c099ce4778d7c7e710a,d2bf921c7743c523e603b22bd3a40b90a5e61027,false,ps2 textures\HAS ALPHA\bp_remade\no_mip_fixes\ui,false,false,0,none,true,1
00f04ad1,53bbf5c0225c658aa211b77ec0bfa471baa4be76,2a26289b57d010a4fcb0673a7adb512654c7ef78,false,ps2 textures\HAS ALPHA\bp_remade\no_mip_fixes\ui,false,false,0,none,true,1
00f0852a,d0a1c08559cb7aed6f3536dad71b581dce23ed59,a9cbcded29c2e6bf1ea016061513c2c65ee1fdec,false,ps2 textures\HAS ALPHA\bp_remade\no_mip_fixes\ui,false,false,0,none,true,1
00f08bb3,5944d56e1775d67e8144b3fb1e598534dc066770,87d8a56ca19fdea36ffe597bec5919cb06e6fc4d,false,ps2 textures\HAS ALPHA\bp_remade\no_mip_fixes\ui,false,false,0,none,true,1
00f0b18b,099497306c5f519742c0520431fbeb0d06a67626,6585a7478a2c163574fc0b71cf47e92f76079f16,false,ps2 textures\HAS ALPHA\bp_remade\no_mip_fixes\ui,false,false,0,none,true,1
00f24ad0,56b56144200d3d49bdb8370836f157e88fa2753c,741196ae637c02a6ce09a6290748feacc74b5d9f,false,ps2 textures\HAS ALPHA\bp_remade\no_mip_fixes\ui,false,false,0,none,true,1
00f24ad1,0c6a81cb74e5caf81d424321883fc806c4d58706,6182834bff322ffa5624496d70f5280713de65db,false,ps2 textures\HAS ALPHA\bp_remade\no_mip_fixes\ui,false,false,0,none,true,1
00f40e09,cff5f7377d5640bba4dc076cee85a720bba3af0f,d51becffaa6ff9892065142bf2ace9a0b3f7271b,false,ps2 textures\HAS ALPHA\bp_remade\no_mip_fixes\ui,false,false,0,none,true,1
00f41462,7cfb95154489ba3d28d658a4ae1b2234807d875f,41ee4787e80ff18a3a83d81dfa90acd0bd69aa46,false,ps2 textures\HAS ALPHA\bp_remade\no_mip_fixes\ui,false,false,0,none,true,1
00f44ad0,38288f57f5dd3389a7e1014acb622a0fb292cee4,76cf4836197335b9ba48e338c8033eec1618bf35,false,ps2 textures\HAS ALPHA\bp_remade\no_mip_fixes\ui,false,false,0,none,true,1
00f44ad1,992e9e9fc5f35f69433423febca929a16d960f54,c5dabc591d8599dece1197be66b52c7e4e65c367,false,ps2 textures\HAS ALPHA\bp_remade\no_mip_fixes\ui,false,false,0,none,true,1
00f4b0a9,56b31d02bc1d72bd42f98a38a78892ec3263420c,ae005e85f04b93d42e1c833fd9d5ef427875dcb5,false,ps2 textures\HAS ALPHA\bp_remade\no_mip_fixes\ui,false,false,0,none,true,1
00f4e3ec,6878e96ccdd24beb7044d3ef43ce3b854aad719c,8fe7fa55bc3d0c341c8bda3bd894db1ea9342de1,false,ps2 textures\HAS ALPHA\bp_remade\no_mip_fixes\ui,false,false,0,none,true,1
00f51462,65daf43ecc81914107a443b08f5c3da98862345a,ac5305d9e462ed8a2d80ce83b195fbf6ca40bc2f,false,ps2 textures\HAS ALPHA\bp_remade\no_mip_fixes\ui,false,false,0,none,true,1
00f52511,12f4e136151cc6fb2e1bbc4783066673bb7dc1f2,d10a8b8a639f9df58d0f44f0c548dae180ccf110,false,ps2 textures\HAS ALPHA\bp_remade\no_mip_fixes\ui,false,false,0,none,true,1
00f64ad0,cf86f58cec89f945e4a0abae01f333d479a2beed,ba5440d7ee8883c903d5307fb1be47ad2b7bc2c3,false,ps2 textures\HAS ALPHA\bp_remade\no_mip_fixes\ui,false,false,0,none,true,1
00f64ad1,6c969e1ca8305ae53c394255fc08fba2d4f05528,4029e2d99f8f052c7d0e60a7e36b5330bae7fce0,false,ps2 textures\HAS ALPHA\bp_remade\no_mip_fixes\ui,false,false,0,none,true,1
00f8237e,f27961f37fc081064abb534f15606ca2279f2d97,dd827b3c9ec52e03d93d2a5ae8950e58932378b2,false,ps2 textures\HAS ALPHA\bp_remade\no_mip_fixes\ui,false,false,0,none,true,1
00f84320,0793cdb6327fec64c83c781f4c66a6a1df1695bc,c1d0c8652d63d6fd364c60cb761e0019190cfe1c,false,ps2 textures\HAS ALPHA\bp_remade\no_mip_fixes\ui,false,false,0,none,true,1
00f84ad0,999cdf18278238b931cc246c6d6af0e7004309c7,200f8c5162318121483664536ef71d30500d7d73,false,ps2 textures\HAS ALPHA\bp_remade\no_mip_fixes\ui,false,false,0,none,true,1
00f84ad1,5100d501cfb98b0b534077486ad6611ee0e91165,33253e40d20bdae7cc61adf0e32319f0a918f49c,false,ps2 textures\HAS ALPHA\bp_remade\no_mip_fixes\ui,false,false,0,none,true,1
00f8852a,0548d41e7292f913965c19349c6544eccc7746cc,0dbb799d7ac22a942593ecdbf75170fec921cc87,false,ps2 textures\HAS ALPHA\bp_remade\no_mip_fixes\ui,false,false,0,none,true,1
00f94320,a96aaf424ac5d196dceefe03790565f8eef7c480,f0cd0a60e16e56404a716e5c631924ac2854fbcd,false,ps2 textures\HAS ALPHA\bp_remade\no_mip_fixes\ui,false,false,0,none,true,1
00f995ec,84f7bcda49298571548317098444067bff2fef3b,5e39ac7c7b806fc71cb506d8424b61624c64e6fb,false,ps2 textures\HAS ALPHA\bp_remade\no_mip_fixes\ui,false,false,0,none,true,1
00fa4ad0,d064ce784edd7ba38026e2f8e9e4907528deb6b2,63c0ac78c548510ef783a9a8ddb3dfea0ac35a52,false,ps2 textures\HAS ALPHA\bp_remade\no_mip_fixes\ui,false,false,0,none,true,1
00fa4ad1,856292332f5292b21269169c6f1ced9d7a28ca24,fca3c137a41d1662037a6c226bffbdc6816e039e,false,ps2 textures\HAS ALPHA\bp_remade\no_mip_fixes\ui,false,false,0,none,true,1
00fad318,58e9706b47bb18abb69aefbe075139c7a8042d6c,a88934fadd1169a145b21a2f9a9f35407009e1c7,false,ps2 textures\HAS ALPHA\bp_remade\no_mip_fixes\ui,false,false,0,none,true,1
00fb2383,8387803819471e984c6a28866710e405a8bda374,5e3f367e4152a5107c7ce9f8a72486c1051696aa,false,ps2 textures\HAS ALPHA\bp_remade\no_mip_fixes\ui,false,false,0,none,true,1
00fb5e0d,62b57e5f3cef67e36589fc78d99d190d92e05a4c,611ef4d055a7e068dac478a8c064e3be3ea3713f,false,ps2 textures\HAS ALPHA\bp_remade\no_mip_fixes\ui,false,false,0,none,true,1
00fb5e0d_3a2f9c020f2b36a95c909e29cb3e4aae,e4eb868285e6517321bc9bd115f6e35fa0609a65,2f236df46306099b8ffcf6e78dd545c8e7c291b0,false,ps2 textures\tri with alpha\bp_remade\no_mip_fixes\ui,false,false,0,none,true,1
00fc4ad0,1ed9b5d502b4de61fa43dcbc61ffb575afaa732c,a378a6c8885fb6bf0cd4cfc327efa247f9212c52,false,ps2 textures\HAS ALPHA\bp_remade\no_mip_fixes\ui,false,false,0,none,true,1
00fc4ad1,3153e06f70a33e7fc77ec79c9ea2a2093e0fddd5,1c3786fc182105a4371e0cd2434ee724adf75685,false,ps2 textures\HAS ALPHA\bp_remade\no_mip_fixes\ui,false,false,0,none,true,1
00fcb7ac,37640cee69515a16a1af9f04c5550909d13d9fb4,5026ef4fe1d0aecb6f13a9232c9877987e91ca8a,false,ps2 textures\opaque\bp_remade\no_mip_fixes\ui,true,false,0,none,true,1
00fcbfac,06990c053a14b6c8296b13965b3188db6020d563,e6773b7ff1990f67f30cb97ba7cad1de71ead847,false,ps2 textures\opaque\bp_remade\no_mip_fixes\ui,true,false,0,none,true,1
00fe04ea,62b97a52ce810ccb852825458911e1cce95fd38b,a656118c47b977af610b9db1060fe002b03da154,false,ps2 textures\HAS ALPHA\bp_remade\no_mip_fixes\ui,false,false,0,none,true,1
00fe4ad0,5f660ddb517652471d150f9312d550a53ee99185,1d1da408d14fe8a0d9e86d2eb97d0e02193ee6b2,false,ps2 textures\HAS ALPHA\bp_remade\no_mip_fixes\ui,false,false,0,none,true,1
00fe4ad1,8cca9e4c8444357db74e84099553125eee76202d,0b1c11c70f82b0095fb7951d134c5f7f49e0593f,false,ps2 textures\HAS ALPHA\bp_remade\no_mip_fixes\ui,false,false,0,none,true,1
00fe564d,212b3e1d09c1f9867f85b95ebdcc4ce8936fa06b,22890af7a2882d227d749c15623f5e7e5e7cf0e9,false,ps2 textures\HAS ALPHA\bp_remade\no_mip_fixes\ui,false,false,0,none,true,1
00ff04ea,cbe67e1277b38772dee91b9fc39bbde122a73849,961c56583c99dc5eb04786686e6935675811aeeb,false,ps2 textures\HAS ALPHA\bp_remade\no_mip_fixes\ui,false,false,0,none,true,1
1_chuou_1f_alp_ovl.bmp,542c61fbdec4dcb9f5117a1f9ecb60704be3233b,fa4639faf3ea28e8e9f6dbcce2af5b7b8204e523,false,ps2 textures\HAS ALPHA\bp_remade\no_mip_fixes\ui,false,false,0,none,true,1
1_chuou_b1_alp_ovl.bmp,c207278b239c70cbfa4283b456d3447cad4b7d54,d0b4b4c4ca86f3029ac64195fb83afbdb6bfb8fd,false,ps2 textures\HAS ALPHA\bp_remade\no_mip_fixes\ui,false,false,0,none,true,1
1_chuou_b2_densan_alp_ovl.bmp,cb494543284f0c5eff18c9ff9cb5ad7aa748cf88,aa5c9174570e4a3df46498d066bc1c2052f511db,false,ps2 textures\HAS ALPHA\bp_remade\no_mip_fixes\ui,false,false,0,none,true,1
1f_live_alp_ovl.bmp,27e74e38b9a77d232da0f6960a8c70a93bace854,8b74f1fb038564eb7da8dbcca2e81ad0f9deae2d,false,ps2 textures\HAS ALPHA\bp_remade\no_mip_fixes\ui,false,false,0,none,true,1
1f_live_left_alp_ovl.bmp,6d8e1071074241c74d7d9802c282b70a0f561cc0,079f180ffebc034f2bb13fb9896a4ae6560365b3,false,ps2 textures\HAS ALPHA\bp_remade\no_mip_fixes\ui,false,false,0,none,true,1
1f_live_right_alp_ovl.bmp,d60e05aa0be3eda64d897d234f28314f09cdb406,2bf4f3d1895eefbdcd3447db3150d5ea44dda908,false,ps2 textures\HAS ALPHA\bp_remade\no_mip_fixes\ui,false,false,0,none,true,1
24c_over_alp_ovl.bmp,5a20b641ca7bc35acbd8f043df8dafb93a60dec0,2f582e290c31a04042ae2750bfb12d3191b95cda,false,ps2 textures\HAS ALPHA\bp_remade\no_mip_fixes\ui,false,false,0,none,true,1
2_chuou_1f_kuki_alp_ovl.bmp,6c99f25574bbb1426a340b04815648f711a3b478,4916718b7ef71b3d1e69a5d7742be8dc53a2e135,false,ps2 textures\HAS ALPHA\bp_remade\no_mip_fixes\ui,false,false,0,none,true,1
2_chuou_b1_roka_01_alp_ovl.bmp,9f30b03e41cb76cd1ec2c95b910debfd61bde204,9c776a472334ec37eb2b0c29db67d69d8f0306da,false,ps2 textures\HAS ALPHA\bp_remade\no_mip_fixes\ui,false,false,0,none,true,1
2f_live_alp_ovl.bmp,908b0e78eaa18c7b98d0de3a5152a402e82d666e,3b6c64306a74737e53c42e519851390dcc07fb2b,false,ps2 textures\HAS ALPHA\bp_remade\no_mip_fixes\ui,false,false,0,none,true,1
2f_live_left_alp_ovl.bmp,85394aad2fea5e9b740fb04246f1825b874d6921,e75cd12bc4fb6b5c53f12a814043945db4ddb4bf,false,ps2 textures\HAS ALPHA\bp_remade\no_mip_fixes\ui,false,false,0,none,true,1
2f_live_right_alp_ovl.bmp,4f85eccbf3d481c9ef3f0b7645da6f3641293263,b6f8f4a56eda30326e9200bb53a331ce0b404b91,false,ps2 textures\HAS ALPHA\bp_remade\no_mip_fixes\ui,false,false,0,none,true,1
3f_live_alp_ovl.bmp,6e6cb1ff924e7d1b6f657d29c4fce099f156767d,fc29c012bca18b62ef7982fc20cdb6bba5a83be9,false,ps2 textures\HAS ALPHA\bp_remade\no_mip_fixes\ui,false,false,0,none,true,1
3f_live_left_alp_ovl.bmp,682756f3d2edc7239ad9c733e1885f5281de230e,42786b9088bac3ced7eedc6865a13f32203c520c,false,ps2 textures\HAS ALPHA\bp_remade\no_mip_fixes\ui,false,false,0,none,true,1
4f_live_alp_ovl.bmp,b37c5b545326a6311815ed1be1e6e60711a91b57,ab80cf18a3d4d78d5ed3e4ca4992d8e76dfb65a3,false,ps2 textures\HAS ALPHA\bp_remade\no_mip_fixes\ui,false,false,0,none,true,1
5f_souda_alp_ovl.bmp,1cf16c055fd4c80e147ea44ea17a9f4fa0a584e9,46ca50d2681d9419404faba0a02aa71ed4bab40e,false,ps2 textures\HAS ALPHA\bp_remade\no_mip_fixes\ui,false,false,0,none,true,1
a_kaitei_alp_ovl.bmp,4e55e6ff98af7d82c640fd6f2637d7e75c36fe61,06d82bc78c6b93cb5f9d4827af6bfb4eda10c8e8,false,ps2 textures\HAS ALPHA\bp_remade\no_mip_fixes\ui,false,false,0,none,true,1
a_okujou_alp_ovl.bmp,96cf829c1f9d8c68f90cff480f3d7bccce4a2909,c96efe1e0114d4fcfd016328cd1515126d5cd79a,false,ps2 textures\HAS ALPHA\bp_remade\no_mip_fixes\ui,false,false,0,none,true,1
a_pump_alp_ovl.bmp,61ac70524125d716e76435270c6a65dc6bbdd5c5,437a8a3d6afc3f1dc0cf055ee16b411ad9ca6aed,false,ps2 textures\HAS ALPHA\bp_remade\no_mip_fixes\ui,false,false,0,none,true,1
ab_alp_ovl.bmp,5090871e6d0be94679cf2b27d70b43eeb9917163,a415c573f0855e56168d61668530185ee0915c1c,false,ps2 textures\HAS ALPHA\bp_remade\no_mip_fixes\ui,false,false,0,none,true,1
ab_renraku_alp_ovl.bmp,473800bb916dbf9b88997a3071465372384ec17e,ac7e593e693355f9976793d4fdf49f87fc4ba5e5,false,ps2 textures\HAS ALPHA\bp_remade\no_mip_fixes\ui,false,false,0,none,true,1
acd_alp_ovl.bmp,da87af53edc5a9682b0b372fcbf26272d299ffae,6e00a119cbc7f66b8d2a7c430b7d4ee30b19d316,false,ps2 textures\HAS ALPHA\bp_remade\no_mip_fixes\ui,false,false,0,none,true,1
act_telop10_alp_ovl.bmp,f5355c3b2768dd2c77f4fb44e133ab64fd38c714,adc1951852cd64721d98b6f6d392a476440ce265,false,ps2 textures\HAS ALPHA\bp_remade\no_mip_fixes\ui,false,false,0,none,true,1
act_telop11_alp_ovl.bmp,637048aecc45a0c998b9f8a9db303d6dcdd73c69,1747b8a6c46f84b0c971e03cae3de457effab90a,false,ps2 textures\HAS ALPHA\bp_remade\no_mip_fixes\ui,false,false,0,none,true,1
act_telop2_alp_ovl.bmp,17f7079d0ee72806cbf2cc8ad4d08d2e94955822,da38133ebe0c27fddbf3956ce1d0b4e8ba9c652f,false,ps2 textures\HAS ALPHA\bp_remade\no_mip_fixes\ui,false,false,0,none,true,1
act_telop3_alp_ovl.bmp,404f1cbbb4360dc225e45c153038fa279814d124,f1287a10555737e32dbe7e5aa71d19f8f86cee6a,false,ps2 textures\HAS ALPHA\bp_remade\no_mip_fixes\ui,false,false,0,none,true,1
act_telop4_alp_ovl.bmp,57c52ceb3a82ecab83d1ea9dffc4eba4dbea52e3,cbdd1a5eb392793ce349dd2542aefb12928e90eb,false,ps2 textures\HAS ALPHA\bp_remade\no_mip_fixes\ui,false,false,0,none,true,1
act_telop5_alp_ovl.bmp_e350349959b1556776f7b5d2e07689fc,496087c622d6a069f753849f25a725fb0d3220a1,df6293625a32df728cd37652eef5829e95359054,false,ps2 textures\HAS ALPHA\bp_remade\no_mip_fixes\ui,false,false,0,none,true,1
act_telop6_alp_ovl.bmp,a4c7bf0021714c9dae8e4f4d4f8012eb6a158604,3990e670e605643aa2a80b1f0eaf60aa5a67b73c,false,ps2 textures\HAS ALPHA\bp_remade\no_mip_fixes\ui,false,false,0,none,true,1
act_telop8_alp_ovl.bmp,396ff7b44ad9b1ebd228edfc53c9467aa73c2015,c5c6d78650a673f798721825bd59b19681ab9380,false,ps2 textures\HAS ALPHA\bp_remade\no_mip_fixes\ui,false,false,0,none,true,1
act_telop9_alp_ovl.bmp,1adeeb3110b162415003b3a60f7eca3ad4b0ab7d,7bbdabf77b1458446494e2772b1d25d7d170915f,false,ps2 textures\HAS ALPHA\bp_remade\no_mip_fixes\ui,false,false,0,none,true,1
ag_ascending_alp_ovl.bmp,cc585bb6448c959c48ae8278d3d4375410e5d4e9,72e8501992801ab846825b4889db8fa1820a71ac,false,ps2 textures\HAS ALPHA\bp_remade\no_mip_fixes\ui,false,false,0,none,true,1
ag_jejunum_alp_ovl.bmp,eb2761c64dc366a59c5a5f2db419b8d55dd7aeb8,278d41a1f2d920d5293c78c615f6a762c7485eed,false,ps2 textures\HAS ALPHA\bp_remade\no_mip_fixes\ui,false,false,0,none,true,1
ag_rectum_alp_ovl.bmp,f0623fb22316b33ef0e5750f139b8a27fd912436,305d3bd3c95f45e623b03c066291cbd8386000b3,false,ps2 textures\HAS ALPHA\bp_remade\no_mip_fixes\ui,false,false,0,none,true,1
ag_sigmoid_alp_ovl.bmp,fb49109966609f176ca819e81ec1e0a6276254ba,a79927eba07ef4946ed5a54de0ae715100198248,false,ps2 textures\HAS ALPHA\bp_remade\no_mip_fixes\ui,false,false,0,none,true,1
ag_stmach_alp_ovl.bmp,fb0b89527c1cf679757594e0149b2f5f16cab263,586b4c4a7900788b6e3354ecc851cdf0a4c6df1e,false,ps2 textures\HAS ALPHA\bp_remade\no_mip_fixes\ui,false,false,0,none,true,1
aks_alp_ovl.bmp,3cb1d5d27e55e6fabdb3af795665f5a18555bbbd,92e80b1eec51212dfe0f1f67caf903f28f0f1242,false,ps2 textures\HAS ALPHA\bp_remade\no_mip_fixes\ui,false,false,0,none,true,1
aks_sp2_alp_ovl.bmp,e08e93d14ee116259182d58efb808c023505e044,794ee47dab0006829ccd6c4747c59e3d9c9dae8a,false,ps2 textures\HAS ALPHA\bp_remade\no_mip_fixes\ui,false,false,0,none,true,1
aks_sp_alp_ovl.bmp,10e814069b772cad9893f1d6d2d19d9e254eec1c,bed206fdc3c28cfc65453a35a9fbe2400af6d60b,false,ps2 textures\HAS ALPHA\bp_remade\no_mip_fixes\ui,false,false,0,none,true,1
alt_alp_ovl.bmp,7acfe88a24b56ccb08be2470456f21eaa5b927b6,33223745f096e6578e9878067af019b07c312c5d,false,ps2 textures\HAS ALPHA\bp_remade\no_mip_fixes\ui,false,false,0,none,true,1
alt_b_alp_ovl.bmp,61953cf4e2738c49f1447abc7c7b65f20e85ed0b,3f34994e8fc1d951765a4a8d2f7ccf35edd01dfc,false,ps2 textures\HAS ALPHA\bp_remade\no_mip_fixes\ui,false,false,0,none,true,1
animal_alp_ovl.bmp,11a5400e34fd501c1796238192c86657deca3da8,f72ef158812350048a0f4ce6c5672f1926b446f8,false,ps2 textures\opaque\bp_remade\no_mip_fixes\ui,true,false,0,none,true,1
aoyama_alp_ovl.bmp,36015d05061d0c5ac6e6f23a7f50736f538792b6,ad4d339480f9dd8772d3a014175fd84ab940a2e9,false,ps2 textures\HAS ALPHA\bp_remade\no_mip_fixes\ui,false,false,0,none,true,1
aps_alp_ovl.bmp,9ca8a5dc5e5ee89336c0fd9d96b9f74cd3d65394,ff8689bafb13a2641d079e13eb452f3d097f3a79,false,ps2 textures\HAS ALPHA\bp_remade\no_mip_fixes\ui,false,false,0,none,true,1
azabu_alp_ovl.bmp,46453afd0bc198ada7cff0626d596df7354e82c5,1a6938b15aaf902cca304979ebbcb62ed944e487,false,ps2 textures\HAS ALPHA\bp_remade\no_mip_fixes\ui,false,false,0,none,true,1
b_henden_alp_ovl.bmp,4cd16c16817c731ef78dea6b4842d3e978784706,fbcf21b49f65e0fd836266832b175cc0a00599b7,false,ps2 textures\HAS ALPHA\bp_remade\no_mip_fixes\ui,false,false,0,none,true,1
bc_renraku_alp_ovl.bmp,b1fb4420d2965a2222f2a1bbfa49f51441640a39,31be2e0e5f57a54992f229b5d0217a070c5474ce,false,ps2 textures\HAS ALPHA\bp_remade\no_mip_fixes\ui,false,false,0,none,true,1
blt_alp_ovl.bmp,5c584e1011adbde70671df4c44933dfedfe7ad76,3e1151f6d5157a2b36237095c22ca51de46ed67e,false,ps2 textures\HAS ALPHA\bp_remade\no_mip_fixes\ui,false,false,0,none,true,1
bnd_alp_ovl.bmp,cdaa14841ca01151764d62a03143c5ac38af9d08,d4e8a6af023e7e20ac05f291ddfccaa194926b72,false,ps2 textures\tri with alpha\bp_remade\no_mip_fixes\ui,false,false,0,none,false,1
bsn1_alp_ovl.bmp,abf113554168e945a55538b962696fea6aa368af,b1ef2e336c6cd022ae24055a0ac9ad8b4bb644d6,false,ps2 textures\HAS ALPHA\bp_remade\no_mip_fixes\ui,false,false,0,none,true,1
bsn2_alp_ovl.bmp,46c78679f8732f2742cea492c5ebb83636d1206e,f58cd7c774219f10b2c8e72953b4027a5f5f97c4,false,ps2 textures\HAS ALPHA\bp_remade\no_mip_fixes\ui,false,false,0,none,true,1
c_shokudou_alp_ovl.bmp,a346bc648d0ad01592bd87b5878d70b19b861993,6cc85aef4537eb51251cb15216d03a057d931c49,false,ps2 textures\HAS ALPHA\bp_remade\no_mip_fixes\ui,false,false,0,none,true,1
camera_alp_ovl.bmp,8efab63df4261c670a391233bfead4d0aeaff8bd,59434555dad4805a0f5bb2db726c9fcd946c8988,false,ps2 textures\HAS ALPHA\bp_remade\no_mip_fixes\ui,false,false,0,none,true,1
cau_alp_ovl.bmp,55f87f5c5a0aa20748f5e981af2a1fa4991fb4c1,c77ee7d16e77c13f8df1d948e361ee1b2cf06e95,false,ps2 textures\HAS ALPHA\bp_remade\no_mip_fixes\ui,false,false,0,none,true,1
cbox_dry_alp_ovl.bmp,afe05c97d3c3e144ad9cda1dcac8b48e99d65064,5b6a0c68b4cd2934ab6e567cef0bcd49bf666e74,false,ps2 textures\tri with alpha\bp_remade\no_mip_fixes\ui,false,false,0,none,false,1
cbox_wet_alp_ovl.bmp,68234e86d142a22082c10a883fb09dfd48c2cc75,69b199f9e29eae03fee05d745bc31ee79a5be9e2,false,ps2 textures\tri with alpha\bp_remade\no_mip_fixes\ui,false,false,0,none,false,1
cbx_a_alp_ovl.bmp,62ea388bf0e6c799d7af69baff2c9cc4cd52e40a,697818b80f0c714a9bd8ebce10cc2ecc74855471,false,ps2 textures\HAS ALPHA\bp_remade\no_mip_fixes\ui,false,false,0,none,true,1
cbx_b_alp_ovl.bmp,c951578b30e582e22266049f0022403670193401,4df96d79d9d722aaa04086e96c45217fc89b740c,false,ps2 textures\HAS ALPHA\bp_remade\no_mip_fixes\ui,false,false,0,none,true,1
cbx_c_alp_ovl.bmp,582071cf963f43f7056e068cf75cdc1bf2488c75,cfedb87b6b9dc12e62d2d272875881668af02d40,false,ps2 textures\tri with alpha\bp_remade\no_mip_fixes\ui,false,false,0,none,false,1
cbx_d_alp_ovl.bmp,eed0c42c72bfef1a2ffc02ad8d0e3512cc5d71b0,f1f929ca6ff4552dd6c5afe1198d7e62db664a4c,false,ps2 textures\HAS ALPHA\bp_remade\no_mip_fixes\ui,false,false,0,none,true,1
cbx_e_alp_ovl.bmp,d6bda1b9c64e7091766444313abd12d236277d14,10f489c6459d40b69e2c86f4be4fb0054b5173a7,false,ps2 textures\HAS ALPHA\bp_remade\no_mip_fixes\ui,false,false,0,none,true,1
cbx_f_alp_ovl.bmp,5af42a9ac82065ab538ce79a27c288ac3e5982a4,58268087fd068154c34bd364c38f0aadda0bebec,false,ps2 textures\HAS ALPHA\bp_remade\no_mip_fixes\ui,false,false,0,none,true,1
cd_renraku_alp_ovl.bmp,3a6cde7a73b38b8220791a49501ed92ad0dc11f8,15a6d0001afa9e1b7a8f58df60acbf126bb73e47,false,ps2 textures\HAS ALPHA\bp_remade\no_mip_fixes\ui,false,false,0,none,true,1
cfr_alp_ovl.bmp,7ba29bc390ef124ba30191cfe7dec273d90e3b09,67adcfe0163d579efb36ca6b113eca5441d1c586,false,ps2 textures\HAS ALPHA\bp_remade\no_mip_fixes\ui,false,false,0,none,true,1
chaff_alp_ovl.bmp,6afa8d52df065ba146e0cabb4ea7ee751a585d7a,0f539247cc97d51f160fc905c69175764d9f023f,false,ps2 textures\HAS ALPHA\bp_remade\no_mip_fixes\ui,false,false,0,none,true,1
class1_alp_ovl.bmp,2a4751041230825860c03936dfa1b21342447b51,10723db299dc20752eed4ae0ac9ece9ecdcc73fc,false,ps2 textures\HAS ALPHA\bp_remade\no_mip_fixes\ui,false,false,0,none,true,1
class2_alp_ovl.bmp,fa18fcba04c51d4df9e549135ee479cef5dc6559,ec62f1f36238360056b02aeacd5d332051d52c48,false,ps2 textures\HAS ALPHA\bp_remade\no_mip_fixes\ui,false,false,0,none,true,1
class3_alp_ovl.bmp,acbacc5833d6cea075ab701ba39477232697e268,a8e51f7000aab73e48fb6928a141777714149938,false,ps2 textures\HAS ALPHA\bp_remade\no_mip_fixes\ui,false,false,0,none,true,1
clr_alp_ovl.bmp,b1ab38370fea6eb84622e5b74e80edf7ab929556,b3be32a17ea53168b1916936021471f683c4d4c3,false,ps2 textures\HAS ALPHA\bp_remade\no_mip_fixes\ui,false,false,0,none,true,1
cls_alp_ovl.bmp,4df7a9073f5d3834f3f5033c5a40ebc25a8d95a5,d0e7023f1e80cd246374812be6b297de33e1c6c6,false,ps2 textures\HAS ALPHA\bp_remade\no_mip_fixes\ui,false,false,0,none,true,1
cray_alp_ovl.bmp,3c808a3f518cc3a3bc92f160fb12491a88587434,719b594a00345da2bbac602acc0a1513ab21af8a,false,ps2 textures\HAS ALPHA\bp_remade\no_mip_fixes\ui,false,false,0,none,true,1
d_chinden_alp_ovl.bmp,916ac0bdeae856c996f768248ca15cd3f3bc675e,5458cf17230e6d495be00098317002282d10428b,false,ps2 textures\HAS ALPHA\bp_remade\no_mip_fixes\ui,false,false,0,none,true,1
de_renraku_alp_ovl.bmp,f7442c68e92e151c43943a15cee763a4422289f8,9b78d5dd0af9243c16dbb888d0706bd11d2b5649,false,ps2 textures\HAS ALPHA\bp_remade\no_mip_fixes\ui,false,false,0,none,true,1
dekisi_alp_ovl.bmp,70c93bd4957acae36db9c97fce9f71f08c43393f,59f0c6f0e24f873ecd08e57c19b1e926e784f0ff,false,ps2 textures\opaque\bp_remade\no_mip_fixes\ui,true,false,0,none,true,1
dg_renraku_alp_ovl.bmp,a71aa9fe3de15b39165dc8a7b5d67109c47a391a,c5df5058338af26c635d2fa921b5ba1fb1640553,false,ps2 textures\HAS ALPHA\bp_remade\no_mip_fixes\ui,false,false,0,none,true,1
dmp_alp_ovl.bmp,97c6a61648186cf7687b5d81f3b182f0a2f15ae3,e203decd8192a80b1814014d614b6e775d347b29,false,ps2 textures\HAS ALPHA\bp_remade\no_mip_fixes\ui,false,false,0,none,true,1
dog_alp_ovl.bmp,4cd22d09c001fb44ae52878c238dd28753b1e987,4bf7446e1f45a41f21f5376e854b24f17a37efd1,false,ps2 textures\HAS ALPHA\bp_remade\no_mip_fixes\ui,false,false,0,none,true,1
e_heliport_alp_ovl.bmp,9184182e637ad6daf18467aa3e93d2130533e857,f710ada36f7dedaf446db86d8954f5b4c36cb57d,false,ps2 textures\HAS ALPHA\bp_remade\no_mip_fixes\ui,false,false,0,none,true,1
e_shuhai_1f_alp_ovl.bmp,b7d485048276ca5b36f5bf3152aa91fbe91a7b30,75a4385fe9a8027f5b922ad96619b93f1a6ccf5b,false,ps2 textures\HAS ALPHA\bp_remade\no_mip_fixes\ui,false,false,0,none,true,1
e_shuhai_2f_alp_ovl.bmp,860f36483ae285ef676db9a0233d7e83f70a1e87,af387060831ffde8955dbbd0c006c3f9cbc5deab,false,ps2 textures\HAS ALPHA\bp_remade\no_mip_fixes\ui,false,false,0,none,true,1
e_shuhai_b1_alp_ovl.bmp,6a264bb437ae3d4af7f90faf042e77216c941f95,2a9eb31ee8f7df6f55a3ffbb8cf9b56090d90860,false,ps2 textures\HAS ALPHA\bp_remade\no_mip_fixes\ui,false,false,0,none,true,1
ef_renraku_alp_ovl.bmp,cef308cc5b3ac2430fe2b9d1d83a753a1d42c1fc,f046c02b5660b3b4f61af3eba3fa28fb361c7b13,false,ps2 textures\HAS ALPHA\bp_remade\no_mip_fixes\ui,false,false,0,none,true,1
ema_died_alp_ovl.bmp,e8eadd6ca4b8992fd775eeb2e532abc547536ea2,d2bb7abf26732cc436ebbe7b2a41c3d092cfb7c5,false,ps2 textures\opaque\bp_remade\no_mip_fixes\ui,true,false,0,none,true,1
empty_alp_ovl.bmp,6ff055772db47600c9d83af6c064c44f43c9ed00,59dd1f9c05da5229252fe18e62f0a3fbb0aafa5c,false,ps2 textures\HAS ALPHA\bp_remade\no_mip_fixes\ui,false,false,0,none,true,1
eva_alp_ovl.bmp,cff40595f0ef2cb5c3b07d27a2787f239192a6aa,217c7c0fbc9f4d4039b484c1d7eee2e483e9c18d,false,ps2 textures\HAS ALPHA\bp_remade\no_mip_fixes\ui,false,false,0,none,true,1
exit_alp_add_ovl.bmp,3f64f9aa56c3c8388373998e7533d42cec64c2b8,fcfacd90d1308f2c51f535e2905ddffab620f6ba,false,ps2 textures\HAS ALPHA\bp_remade\no_mip_fixes\ui,false,false,0,none,true,1
exit_alp_ovl.bmp,66db79389138dc7231f28fcc6f4e35b37d8b7ed3,440d97a4fe01956c2467fa320db3d9aa0c86d1bf,false,ps2 textures\HAS ALPHA\bp_remade\no_mip_fixes\ui,false,false,0,none,true,1
exit_alp_ovl.bmp_2e80fcdf52d4e88c977557d852b3bb00,85a11262d12cd5684d2b389add1154a3baaebb3e,f6c96089eff49ed38ffbc446ce880410ca18fb4c,false,ps2 textures\HAS ALPHA\bp_remade\no_mip_fixes\ui,false,false,0,none,true,1
exit_alp_ovl.bmp_6caebe23bde6080a351ba6c3fd17f622,204c6ab7d52ef35e7c71b62da2c5fc492e78ed30,4749d7ed5cff64bbf68adf6cb713947125e99ffd,false,ps2 textures\HAS ALPHA\bp_remade\no_mip_fixes\ui,false,false,0,none,true,1
exit_alp_ovl.bmp_794456ba9bbbfd3e16cf3cf4157c6d56,e03199833c1de9c063585a506097fb959cc243d8,c1dec10a0b473e740df5a014c867c37af2c08c07,false,ps2 textures\HAS ALPHA\bp_remade\no_mip_fixes\ui,false,false,0,none,true,1
exit_alp_ovl.bmp_7f9196f232454b86ef93cc3591f1f2ab,a8f68a27dd1ac236ecccf9e89a5863a01332956f,7c4373e46d124e14f0391652feb91c1b26d0bad1,false,ps2 textures\HAS ALPHA\bp_remade\no_mip_fixes\ui,false,false,0,none,true,1
f_souko_alp_ovl.bmp,5b7eac52a1e6a660a33d12f9e079343071896785,662c4401ecae75fdad7d05d95bb15fb08c4a3b94,false,ps2 textures\HAS ALPHA\bp_remade\no_mip_fixes\ui,false,false,0,none,true,1
f_souko_b1_alp_ovl.bmp,eaf3aaefd35b2f0f5209cfb368057ef701f78617,941dddb353859214aa7ce8924e0289a932cb6ff4,false,ps2 textures\HAS ALPHA\bp_remade\no_mip_fixes\ui,false,false,0,none,true,1
fa_renraku_alp_ovl.bmp,31711818aebdd75a548abee656862357fa321d2b,2f51e3502542b06dcb1e8512fa98717f826a8269,false,ps2 textures\HAS ALPHA\bp_remade\no_mip_fixes\ui,false,false,0,none,true,1
fake_exit_alp_ovl.bmp,03544f8fd26cd47213d6f0099c116a07ee683822,8e3bfe3280020233c1f12384b2b97d2b103d03cd,false,ps2 textures\HAS ALPHA\bp_remade\no_mip_fixes\ui,false,false,0,none,true,1
fall_alp_ovl.bmp,186254412b8c7ca3703158b3f6b7a09ecfc9293a,0fa4f38ac25d43366c4714f0acccc9760b203d00,false,ps2 textures\opaque\bp_remade\no_mip_fixes\ui,true,false,0,none,true,1
fiction_e_alp_ovl.bmp,16f568aae75747082a5d40fca775a17362dd50dd,6472e904fae311e8a953ffd292f427f2b2a69ca6,false,ps2 textures\opaque\bp_remade\no_mip_fixes\ui,true,false,0,none,true,1
fms_alp_ovl.bmp_afd64baad5879a54d69dceeb416e0963,7b7d21cbffb0864d67ff3b8e0f3868220e46457c,65886ad85c49b5def00fd7c102d2325cc965cea7,false,ps2 textures\tri with alpha\bp_remade\no_mip_fixes\ui,false,false,0,none,false,1
funabashi_alp_ovl.bmp,ad96c7b691890e64a52dfced4e5f5cedc9135db0,de2042260298db4e18c0633a7ac3ac9ebd6b30ca,false,ps2 textures\HAS ALPHA\bp_remade\no_mip_fixes\ui,false,false,0,none,true,1
gol1_alp_ovl.bmp,e01afd4fec9e0fab7193bd3300e1eb3b287908c5,3ac254423af026e097589343ae0eedbbe2c352f1,false,ps2 textures\HAS ALPHA\bp_remade\no_mip_fixes\ui,false,false,0,none,true,1
gol2_alp_ovl.bmp,95edcd78fdcd2e33d7e26218ee6d3f04161fed88,a6972dfe0ae93a703a0b98fd3bb0c9f721ffb1af,false,ps2 textures\HAS ALPHA\bp_remade\no_mip_fixes\ui,false,false,0,none,true,1
gre_alp_ovl.bmp,cad14bb389529814c14178cca0e9c5cbd66e5b20,49238da3a4f1266a0705b6f4a4f236604474b2b4,false,ps2 textures\HAS ALPHA\bp_remade\no_mip_fixes\ui,false,false,0,none,true,1
hfb2_alp_ovl.bmp,57bc7bafbca9c5dea4b1dc17434a0ff27e0a0850,c23d44cf4cdae45d93148b3959c13741f824cf3a,false,ps2 textures\HAS ALPHA\bp_remade\no_mip_fixes\ui,false,false,0,none,true,1
hfb_alp_ovl.bmp,e5fa201c5bd0d2bb8fe5f0915920dc9b4077e51d,321769069497ef3a12bb5a389a4ecfade34f4194,false,ps2 textures\HAS ALPHA\bp_remade\no_mip_fixes\ui,false,false,0,none,true,1
htl_alp_ovl.bmp,75f3fdb428995121a74413ad26ff7e66eb1ea577,93186ac714755cc8e4016b12f8ce11d53ac9795b,false,ps2 textures\HAS ALPHA\bp_remade\no_mip_fixes\ui,false,false,0,none,true,1
jam_alp_ovl.bmp,f711bf77fa20b8798ced60c60013ead786352a82,4e6bc2e3d96629dca04675325d360a91f4edda64,false,ps2 textures\HAS ALPHA\bp_remade\no_mip_fixes\ui,false,false,0,none,true,1
kanpan_02_left_alp_ovl.bmp,13628b4504778d2465c5544576eaadc1524b049b,2cedd13ec6fd90ebcb91be0e69da8c9499aec443,false,ps2 textures\HAS ALPHA\bp_remade\no_mip_fixes\ui,false,false,0,none,true,1
kanpan_02_right_alp_ovl.bmp,4520a3a59c11ae85e91f6240afeead0698701a58,dff5322e6fba35b665c74ad12a09787b260640fb,false,ps2 textures\HAS ALPHA\bp_remade\no_mip_fixes\ui,false,false,0,none,true,1
kanpan_alp_ovl.bmp,3d0c86ee5756944076bf1bc8610c048980850bbe,8b70c9db397d5bcdc34a222513c6c063dccd8274,false,ps2 textures\HAS ALPHA\bp_remade\no_mip_fixes\ui,false,false,0,none,true,1
kanpan_left_alp_ovl.bmp,bade7a86487e7cf046c7de8632dba66eca3f31b9,46ab464b069c878fbb7c52d7ca43f3b421fcabad,false,ps2 textures\HAS ALPHA\bp_remade\no_mip_fixes\ui,false,false,0,none,true,1
kanpan_right_alp_ovl.bmp,643a9a69c9086efb0ad627fd629f55e9ca405243,4e07c26b0adc5fe23ee801eef0e4631254e86ead,false,ps2 textures\HAS ALPHA\bp_remade\no_mip_fixes\ui,false,false,0,none,true,1
kcej_logo_alp_ovl.bmp,d70942f1708ef5d8f05395b1cef21ae03174920c,62118fb9ddaf950be3a9580ad04034c466c6230a,false,ps2 textures\opaque\bp_remade\no_mip_fixes\ui,true,false,0,none,true,1
kikan_alp_ovl.bmp,c2d0cd29bb0c3e4d5b3792a024e38472c791c581,c8cc3d74b0373943d57935ebe7e6484beb0c82d9,false,ps2 textures\HAS ALPHA\bp_remade\no_mip_fixes\ui,false,false,0,none,true,1
kikan_ent_left_alp_ovl.bmp,10aec5d59475f402b6989c287b3950915764d45b,8920891da85f7480e3b9a876edaede81b39879ce,false,ps2 textures\HAS ALPHA\bp_remade\no_mip_fixes\ui,false,false,0,none,true,1
kikan_ent_right_alp_ovl.bmp,d6ad73b1ef93bb9a539b3953695307d7abbbbf4e,f675767e449aac0031449acd3a24839fa07f254c,false,ps2 textures\HAS ALPHA\bp_remade\no_mip_fixes\ui,false,false,0,none,true,1
kikan_left_alp_ovl.bmp,9c688345e46419afcc6e0c83aef40c3e9914b907,84801a37826e0bce38aa84fe9d3716eb210f1e14,false,ps2 textures\HAS ALPHA\bp_remade\no_mip_fixes\ui,false,false,0,none,true,1
kikan_right_alp_ovl.bmp,2ece381555df4d5bc1f26493a84118ad799a92d5,046875fcb1f3f9a49b5024f216dc7045a4503fc8,false,ps2 textures\HAS ALPHA\bp_remade\no_mip_fixes\ui,false,false,0,none,true,1
kl_renraku_alp_ovl.bmp,0820feed0653ed9e4ad015a0af02143c8d1c3108,02cbc2318eb602eef5852bad4a46b0ffb269639e,false,ps2 textures\HAS ALPHA\bp_remade\no_mip_fixes\ui,false,false,0,none,true,1
l_gaishu_alp_ovl.bmp,4c0ff328f5a31322f5ad3d11c49bc24b6f37853f,739c564cf87e2890a177e843873a9546b2d4d594,false,ps2 textures\HAS ALPHA\bp_remade\no_mip_fixes\ui,false,false,0,none,true,1
l_oilfence_alp_ovl.bmp,325473075688c3a24ebeaa5c2ef7b38bee5a84ad,fe2ead019caf2d4edbfd1fb59aa125bc623b2774,false,ps2 textures\HAS ALPHA\bp_remade\no_mip_fixes\ui,false,false,0,none,true,1
l_osui_alp_ovl.bmp,f8b70ad6cb07841127a2960a874449bfeca65ede,8d3e3a9c6be3a6547c5f74ebfdb1f397a2923a02,false,ps2 textures\HAS ALPHA\bp_remade\no_mip_fixes\ui,false,false,0,none,true,1
m4a_nm_alp_ovl.bmp,b9039ab309f57b8cc09f2cc86d89abfc347b2cea,fb888a6a894f8b0fea7c1c72dc2072c3984d27ab,false,ps2 textures\HAS ALPHA\bp_remade\no_mip_fixes\ui,false,false,0,none,true,1
m9_alp_ovl.bmp,5583d131fc2554b7a6b65abafa31ab3008ed3e0c,8077c346f669f3c25463b49d4464ff077ef5d199,false,ps2 textures\HAS ALPHA\bp_remade\no_mip_fixes\ui,false,false,0,none,true,1
mag_alp_ovl.bmp,d05fc9761a8f9bc03afa536180849e4206721293,6cdb4ec9e3a5a2dc521786eee54d3fdceb871a93,false,ps2 textures\HAS ALPHA\bp_remade\no_mip_fixes\ui,false,false,0,none,true,1
medi_alp_ovl.bmp,d41b16a57fa7767e3e0a3288382285fcf39f58c2,59a6118be22427f5bc0b6a4b54b5f056d0fe3633,false,ps2 textures\HAS ALPHA\bp_remade\no_mip_fixes\ui,false,false,0,none,true,1
mnd_alp_ovl.bmp,cd2b04e054291a657be86d8e9b797ee96bf3314a,4a3532262bf7bf333c08ea497f55b9ee0d30d562,false,ps2 textures\HAS ALPHA\bp_remade\no_mip_fixes\ui,false,false,0,none,true,1
mod_alp_ovl.bmp,047c2215cea945572613840e101931598c8fe78b,ab852bc8b5e44f8acb990c93b2684dd107d1a20e,false,ps2 textures\HAS ALPHA\bp_remade\no_mip_fixes\ui,false,false,0,none,true,1
museum_de_alp_ovl.bmp,f1914199d5fa351bc9354f5377d8c6359dbfd989,0d6a883f1b41d27ddd4082a77a1e569200297b68,false,ps2 textures\opaque\bp_remade\no_mip_fixes\ui,true,false,0,none,false,1
museum_e_alp_ovl.bmp,b2dfc49f2fd115674db43b1090ddf424ac7cc163,15c16c7e78f920fdaf7f5e9831107df9169f3388,false,ps2 textures\opaque\bp_remade\no_mip_fixes\ui,true,false,0,none,false,1
museum_es_alp_ovl.bmp,37e7407b0c9f6a524e2ce65c893cb74d2acf6818,00b3a5aab3ea100499237b55a109389f7256932e,false,ps2 textures\opaque\bp_remade\no_mip_fixes\ui,true,false,0,none,false,1
museum_fr_alp_ovl.bmp,7c222f2388761d64f43a1312df42ab15e1bfa2e0,badb4c85722e524624caadecc44b51c1010f0be4,false,ps2 textures\opaque\bp_remade\no_mip_fixes\ui,true,false,0,none,false,1
museum_it_alp_ovl.bmp,d859a178c958c3acc6f3cd9d373d97f194d1a47e,f53092ca3e7d1b92eb996a8f906c09edb4316c21,false,ps2 textures\opaque\bp_remade\no_mip_fixes\ui,true,false,0,none,false,1
museum_j_alp_ovl.bmp,8605892e1ea006d764548ea864c0a92ba4890f8f,aabb789f382d7a800dbe3d4d87fd68140e518d2e,false,ps2 textures\opaque\bp_remade\no_mip_fixes\ui,true,false,0,none,false,1
newyork_alp_ovl.bmp,f2cc67a67db38384a6b44fe25437b555d6067187,b313957a2e67119e87b17e3a1a66657ca7beb7e3,false,ps2 textures\HAS ALPHA\bp_remade\no_mip_fixes\ui,false,false,0,none,true,1
ngl_alp_ovl.bmp,e6b75b2ca3e5acdcccba923b757af050337dbdc9,350e2d182a9255fe327efe988c6c576c7c926f10,false,ps2 textures\tri with alpha\bp_remade\no_mip_fixes\ui,false,false,0,none,false,1
niki_alp_ovl.bmp,975a80de7ed7a46a375451930a7ce2bb8c7ff531,53a8bc617f67fcfae2fadcb50e41c3771f0e3842,false,ps2 textures\HAS ALPHA\bp_remade\no_mip_fixes\ui,false,false,0,none,true,1
nom_b_alp_ovl.bmp,297948b6ac2f7177f6a4bd84557edfdb150400ec,5bfb077fb8f6c3d7c00cd7921fcdb4d1af5b4379,false,ps2 textures\HAS ALPHA\bp_remade\no_mip_fixes\ui,false,false,0,none,true,1
odai_a01a_ldr00.bmp,71a1d936e087e3557088d2b78db9e8629c82f328,b0a3fcb8aa6956abc3a8e418de05178d0a6ccbf2,false,ps2 textures\opaque\bp_remade\no_mip_fixes\ui,true,false,0,none,true,1
odai_a01a_ldr00a.bmp,8379efa51d3fac4c5f3d3e0c06800490f915e9e5,56c824b688b201a3a36bd7f479c73998ebd6457f,false,ps2 textures\opaque\bp_remade\no_mip_fixes\ui,true,false,0,none,true,1
odai_a01a_ldr01.bmp,e52d1cce419bd3e8cce6d84f41a9d3077781c5fe,4809def21131a60f7ed1708eb1a36db8f7f0daa9,false,ps2 textures\opaque\bp_remade\no_mip_fixes\ui,true,false,0,none,true,1
odai_a01a_ldr01a.bmp,4878bc1c9038f08c07fc71921bd5240716ead1cb,fe1ffe97a76cd36d90057f36a32bddc9381013e7,false,ps2 textures\opaque\bp_remade\no_mip_fixes\ui,true,false,0,none,true,1
odai_a01a_ldr02.bmp,3b3b44fe8a5b5a6f591d1ad33c780a178762ae3e,0e94e16dd42242fdaf98328bed2f4e324400cdf0,false,ps2 textures\opaque\bp_remade\no_mip_fixes\ui,true,false,0,none,true,1
odai_a01a_ldr03.bmp,f5c505088748a88483a70c7287f8cfbebb43bcef,864e95cd50631d3869b6254f172a9ef01c3d7329,false,ps2 textures\opaque\bp_remade\no_mip_fixes\ui,true,false,0,none,true,1
odai_a01a_ldr03a.bmp,9103825ff04bc3c75b4d0a2a2f618f26c2b80f98,148fe0221a2d6db13a6ff2b8116a784820a49d0a,false,ps2 textures\opaque\bp_remade\no_mip_fixes\ui,true,false,0,none,true,1
odai_a01a_ldr04.bmp,93aee85e7ec440106d31f9727187e046f249a03d,3f5e5c6bd24d0ed4951b348aceece46c2cf48ff2,false,ps2 textures\opaque\bp_remade\no_mip_fixes\ui,true,false,0,none,true,1
odai_a01a_ldr04a.bmp,b38ad286a21e43374bfdfa826932b433f247040b,21082d288dd09c1e6efcda4c7bd7c146071ed313,false,ps2 textures\opaque\bp_remade\no_mip_fixes\ui,true,false,0,none,true,1
odai_a24a_ldr00.bmp,2b16eef59f22b8f48a9c57784c0ba8ac1f72b517,e21a6129934f003a18726fbe2780a6971c0f8fc0,false,ps2 textures\opaque\bp_remade\no_mip_fixes\ui,true,false,0,none,true,1
odai_a24a_ldr01.bmp,ad79eecee8fb8880c8f352aec79991f815611032,9c8dd6a489c956a0cea770873438892788ba7d57,false,ps2 textures\opaque\bp_remade\no_mip_fixes\ui,true,false,0,none,true,1
odai_a24a_ldr02.bmp,c1cfe61af5280347f9fb277c63b5f1537012febb,38ac28178049c05c415fd61a254ebdc4237cb6e2,false,ps2 textures\opaque\bp_remade\no_mip_fixes\ui,true,false,0,none,true,1
odai_a24d2_pane03.bmp,facdc99fbbb0173ad595b528aa4e4c925a54f874,a78c228fa43af06a15acfdbcd98fb10304afa903,false,ps2 textures\opaque\bp_remade\no_mip_fixes\ui,true,false,0,none,true,1
odai_a24d2_pane04.bmp,372ebd49ca43a68c1f106a2f922364eac28335b0,40e81bb135f3b7bd70b06bd58c9570659807f7bb,false,ps2 textures\opaque\bp_remade\no_mip_fixes\ui,true,false,0,none,true,1
psg2_alp_ovl.bmp,5727b65e084a2df3603d5b226b1f56f04a9e5b4f,2c6ea1439635551499bc1149f4eacc1726ac918c,false,ps2 textures\HAS ALPHA\bp_remade\no_mip_fixes\ui,false,false,0,none,true,1
psg_alp_ovl.bmp,913080bd930634d3a4a2315c1fc87d387f8eeeba,47f2530fccb831c70294d1252ad0ce9c39d66462,false,ps2 textures\HAS ALPHA\bp_remade\no_mip_fixes\ui,false,false,0,none,true,1
ration_alp_ovl.bmp,e766898efd37ca6e34eaef5ef09ec71428f8dfb9,0a06b081dbf3df58d2287224b7af94a1b0cb6364,false,ps2 textures\HAS ALPHA\bp_remade\no_mip_fixes\ui,false,false,0,none,true,1
refre_alp_ovl.bmp,4021e964954e6c36b6f2b3e86442ce955a78d199,e012bbd11ee51873437388def470d66f9ba661ea,false,ps2 textures\HAS ALPHA\bp_remade\no_mip_fixes\ui,false,false,0,none,true,1
refre_right_alp_ovl.bmp,7c8a1d9160bccb436e77b0d35dc02a282abc999b,c3149fb97409b0470ee2934a60b5227a86874739,false,ps2 textures\HAS ALPHA\bp_remade\no_mip_fixes\ui,false,false,0,none,true,1
rgb_alp_ovl.bmp,001485b5a5d7a9b8cb0d3670626559eb23f64d13,aca198108419892b36ea1571eac472367ea342f5,false,ps2 textures\HAS ALPHA\bp_remade\no_mip_fixes\ui,false,false,0,none,true,1
sam_alp_ovl.bmp,54b4da7cf8b7b0036a03cb5e0948dfff971652d7,1471114da4909f730975f82ffe8ed4d8c54feadc,false,ps2 textures\HAS ALPHA\bp_remade\no_mip_fixes\ui,false,false,0,none,true,1
scm2_alp_ovl.bmp,f8ff2ccfa0f981ef5a1300b573afb2e0ec2e83ae,2eea51332ab0132a3e0ab26c8ece1e3132da5230,false,ps2 textures\HAS ALPHA\bp_remade\no_mip_fixes\ui,false,false,0,none,true,1
scm_alp_ovl.bmp,192b0ca44dfcd22f77e0939895b90dce1f526ff3,ec2bcf97c21073a8350f16ce3bd3a2065358e6ae,false,ps2 textures\HAS ALPHA\bp_remade\no_mip_fixes\ui,false,false,0,none,true,1
scm_sp2_alp_ovl.bmp,338b1047c81e5e99ca0fb7b5e665b2c5afb55490,28a8e0f7ead7da74dfdf040ded743291eeb6d4b8,false,ps2 textures\HAS ALPHA\bp_remade\no_mip_fixes\ui,false,false,0,none,true,1
scope_alp_ovl.bmp,09103e8c70b85482fb221f929c79e5088ce4c1f5,94afe977ae0bcf8adafe4b56816711d505f49e5d,false,ps2 textures\HAS ALPHA\bp_remade\no_mip_fixes\ui,false,false,0,none,true,1
senbi_kanpan_alp_ovl.bmp,f91ccb3a7226b5ea3e2ff67a99a319b23482123c,d9af3d57fdb1e9115d0a7e566ee6cce8c5344ec0,false,ps2 textures\HAS ALPHA\bp_remade\no_mip_fixes\ui,false,false,0,none,true,1
senbi_kanpan_left_alp_ovl.bmp,6a05e21a537a8baacdce235e41c99091635d3531,b0fb0e3db486b67439326193915537b96a3cbb62,false,ps2 textures\HAS ALPHA\bp_remade\no_mip_fixes\ui,false,false,0,none,true,1
senbi_kanpan_right_alp_ovl.bmp,33f24be9f3e76127e7a8cbfc454c2ef0f0963aab,5b25fd043978d82ff9d25ef6f050bcae9d46fb4c,false,ps2 textures\HAS ALPHA\bp_remade\no_mip_fixes\ui,false,false,0,none,true,1
sensou_02_alp_ovl.bmp,6bc07284b1460e77e18c51586641db6c85cc7daf,17e062db51b3dbf56414648c3c28540aa1add8e9,false,ps2 textures\HAS ALPHA\bp_remade\no_mip_fixes\ui,false,false,0,none,true,1
sensou_03_alp_ovl.bmp,50f14821a52d345240694f7f69d005b2df32b8ee,5a9dbe7836961c22811fa1d48adac950b39beb22,false,ps2 textures\HAS ALPHA\bp_remade\no_mip_fixes\ui,false,false,0,none,true,1
shv_alp_ovl.bmp,fd05af882879dfccc3e57ac9eae2484d34c47012,c3b6cce08bfe2cfbc4fb5a92e06d32afabdc9161,false,ps2 textures\HAS ALPHA\bp_remade\no_mip_fixes\ui,false,false,0,none,true,1
smoke_alp_ovl.bmp,9af8168952a21af54bacb726f12e367cb9adc0d0,98ff9d2d22be3dcdb29f847aa62ce13bcf8c2d50,false,ps2 textures\HAS ALPHA\bp_remade\no_mip_fixes\ui,false,false,0,none,true,1
sp_alp_ovl.bmp,9565809362f948cf3ace3db583e0b40f8cff6ada,eb3ae6ce23448a41f23174df4298b44296bb79f5,false,ps2 textures\HAS ALPHA\bp_remade\no_mip_fixes\ui,false,false,0,none,true,1
sr00e_alp_ovl.bmp,ae9520e5816bf74af2889d250d9408d202a43905,ed2b8cb037fa76a57b4b63722404bf5281d03ce7,false,ps2 textures\HAS ALPHA\bp_remade\no_mip_fixes\ui,false,false,0,none,true,1
sr01j_alp_ovl.bmp_71b551295ba518fae4283bd712544a6d,65caa0b031dfed8aa806fdecc11ebb6b1edc1c87,5c61f1a4af85b97e7a138186738f6af3ced752a6,false,ps2 textures\HAS ALPHA\bp_remade\no_mip_fixes\ui,false,false,0,none,true,1
sr02j_alp_ovl.bmp_4a09a9b88e5c9d0cf6da451edf0dbec7,194d44f550ede1c6f6bca1ef543590c1ab79e21f,d81a76da7ef4bfd911f4dbcb986ce11d0bde546e,false,ps2 textures\HAS ALPHA\bp_remade\no_mip_fixes\ui,false,false,0,none,true,1
sr04e_alp_ovl.bmp,3eeed7f1217f3668102d3f0355b205d29ace4cca,6c50012885330057c5172e3e8dde8a5d4258e149,false,ps2 textures\HAS ALPHA\bp_remade\no_mip_fixes\ui,false,false,0,none,true,1
sr04e_alp_ovl.bmp_7df013dc1a4acc27c98bdd79b9268942,9c8f3c83be8d005ca877dbaebb68eb2d6498ff3c,6c8314449cbcdc912e614025a27ac45acc9a6053,false,ps2 textures\HAS ALPHA\bp_remade\no_mip_fixes\ui,false,false,0,none,true,1
sr04j_alp_ovl.bmp_1383a677978c887d8f593c2469a8401a,7a31c8b57aa64c261c1d864a54da54f25019e9a1,8c8c81ffdb97e652b35cf898abd95120c05c8a28,false,ps2 textures\HAS ALPHA\bp_remade\no_mip_fixes\ui,false,false,0,none,true,1
sr05e_alp_ovl.bmp,347b722e414734ec78ee43a694628521c351f355,8319c62068e3ecaa452bb22fd294e404e6c821a4,false,ps2 textures\HAS ALPHA\bp_remade\no_mip_fixes\ui,false,false,0,none,true,1
sr05e_alp_ovl.bmp_fa8e2b5b866afff71bcedae16df8e3df,0535508106b30443416feb0190a7af53a70b71d6,40b1d5663a686add50caa5fc7172ce20194226f6,false,ps2 textures\HAS ALPHA\bp_remade\no_mip_fixes\ui,false,false,0,none,true,1
sr05j_alp_ovl.bmp_bf1906e485ccafe1c218be12a5453562,45ef53575887b799967a454a9c5979566d923973,525253bc11c8d072ab198ba7a8a066629a5f94ac,false,ps2 textures\HAS ALPHA\bp_remade\no_mip_fixes\ui,false,false,0,none,true,1
sr06e_alp_ovl.bmp,8bd7a156ebbb4eca093bea0ef8b3f9ddaa530218,5a44237073f52c1d01c437bd9da51e04bfdbc6b0,false,ps2 textures\HAS ALPHA\bp_remade\no_mip_fixes\ui,false,false,0,none,true,1
sr06e_alp_ovl.bmp_93ce3028cb41917a7f5a86e1a5cef339,f62a6520e86f9ccfeed99f4ac68b81d92e127702,ca1c68af2626af8ac50e32fe4e6335a42892f165,false,ps2 textures\HAS ALPHA\bp_remade\no_mip_fixes\ui,false,false,0,none,true,1
sr06j_alp_ovl.bmp_3930ac3de40a80d7335f659d8d3b18df,72ab4edecedd1f776ba1bf50e85f9993e37bd773,afa9704a0f192509d26163322acb8ef43cf9108f,false,ps2 textures\HAS ALPHA\bp_remade\no_mip_fixes\ui,false,false,0,none,true,1
sr07e_alp_ovl.bmp,6b1d1fb5f16ea38c0bcaa49fa237358d546b0e1f,aba20c903fbd511da04f0b10f68b4f3ad7756c2c,false,ps2 textures\HAS ALPHA\bp_remade\no_mip_fixes\ui,false,false,0,none,true,1
sr07e_alp_ovl.bmp_1facc522d39aa7af4c8f475392ce56fb,5e43f99cbf23288db192f74616dc0e1e0e4ba3aa,c6ffa74f0eb1e8d3c35a31357f60b7ca3dd2d0f7,false,ps2 textures\HAS ALPHA\bp_remade\no_mip_fixes\ui,false,false,0,none,true,1
sr07j_alp_ovl.bmp_df4abf9598b5e1aaa1c931ea907a758a,33720a6884f026a09dd648894a750e0cdec5e2e3,50761877f6fe19fab530de41b3f6d5941b98fe67,false,ps2 textures\HAS ALPHA\bp_remade\no_mip_fixes\ui,false,false,0,none,true,1
sr08e_alp_ovl.bmp,9fba369ea60bca9b4063fbfc6febfc7b2eba5178,d5a2965f1b7e4ccea44e6bf24689086fab13bb20,false,ps2 textures\HAS ALPHA\bp_remade\no_mip_fixes\ui,false,false,0,none,true,1
sr08e_alp_ovl.bmp_94c5b46b1b4c4dd69ab4b85ecd7d43fe,8fa102c4098667812abd517469bdd6e9d16759d3,725f7778962697bca9f473b41ddaefc65382e8a3,false,ps2 textures\HAS ALPHA\bp_remade\no_mip_fixes\ui,false,false,0,none,true,1
sr08j_alp_ovl.bmp_501fe309963ffa2693e775abe15afe45,9dfd09eb4b024378ee477e369da11a9aa2ca86c9,cd8d86477601de7a8b1d1c9ef7ceefe5dab43de7,false,ps2 textures\HAS ALPHA\bp_remade\no_mip_fixes\ui,false,false,0,none,true,1
sr09e_alp_ovl.bmp,e99499643d4d52ce93b47c58fc010627eca6168c,f98d3ad5f58ed52294c7f04b3a9d979c9e7c76d1,false,ps2 textures\HAS ALPHA\bp_remade\no_mip_fixes\ui,false,false,0,none,true,1
sr09e_alp_ovl.bmp_2bec0cf6e2d48a41d9297cf01513f45c,a92e1fb06ece41cb7cd70cc014e952a67e03ce5b,a0eb4f6d2c5413856a8fa83c8210ad6375158d9a,false,ps2 textures\HAS ALPHA\bp_remade\no_mip_fixes\ui,false,false,0,none,true,1
sr10e_alp_ovl.bmp,546dbcd1f223474e54d67b4b4ac2b8f838d04dc4,8fea0a93b27ed998c24c0bd51fba46401644a673,false,ps2 textures\HAS ALPHA\bp_remade\no_mip_fixes\ui,false,false,0,none,true,1
sr10e_alp_ovl.bmp_1927c59b5a429c24eac1732749ce574a,7b3b94ae98237b70224dc5dd7e1314fd43d61a0d,6351657409d3fa213f37287cb6b6c2b65970e415,false,ps2 textures\HAS ALPHA\bp_remade\no_mip_fixes\ui,false,false,0,none,true,1
sr11e_alp_ovl.bmp,7206f1e1a1155409529f11a72368c4fb1745618c,2635f1f85255496a90e7ed8e5e05657f5860fca2,false,ps2 textures\HAS ALPHA\bp_remade\no_mip_fixes\ui,false,false,0,none,true,1
sr11e_alp_ovl.bmp_cb0dce75f41243b62d86315f2154df35,30a1feb636d4d0240584b0a90da771409bb9a8b0,588c3878dd2fd15dea909837e5e722c2d2707a9e,false,ps2 textures\HAS ALPHA\bp_remade\no_mip_fixes\ui,false,false,0,none,true,1
sr11j_alp_ovl.bmp_d403a96582282e98da76e6194a8a4c58,4caafdde911244b2214920ff325a73575207c596,4d837a56dba0d7927f0c07a4eb5331533d0b5eef,false,ps2 textures\HAS ALPHA\bp_remade\no_mip_fixes\ui,false,false,0,none,true,1
sr12e_alp_ovl.bmp,1f924908d8651c440e72a64867d8b59dae9a36c6,052b2107d25ee89c7a868e723450eae47ffae2d1,false,ps2 textures\HAS ALPHA\bp_remade\no_mip_fixes\ui,false,false,0,none,true,1
sr12e_alp_ovl.bmp_49da83a2fc34ffff91d496c4100267ab,4b94bc1a123f76aedeb2a2e5130995ac1e310434,d837aa1158537987b7334139d122929603faf1d1,false,ps2 textures\HAS ALPHA\bp_remade\no_mip_fixes\ui,false,false,0,none,true,1
sr12j_alp_ovl.bmp_17fe60f718f515850942f8f66ba0be2a,27cc330d1c9a6ed864c577372b5860db4ed8c589,a8699ef399867ce13e62b49b218099c2ca9516ce,false,ps2 textures\HAS ALPHA\bp_remade\no_mip_fixes\ui,false,false,0,none,true,1
sr13e_alp_ovl.bmp,5f6a195519f337f88b6249eb33f4ec8903e94db8,c72db0d082abf4fa335798b73eb0a84039a0ff2f,false,ps2 textures\HAS ALPHA\bp_remade\no_mip_fixes\ui,false,false,0,none,true,1
sr13e_alp_ovl.bmp_8e5d765a189254623f05bef061d0db1a,1f0233b9e5b500c78a574458a940608d61a84045,a4e257932347f485b3afc12cd854aaedd80b1b22,false,ps2 textures\HAS ALPHA\bp_remade\no_mip_fixes\ui,false,false,0,none,true,1
sr14e_alp_ovl.bmp,aa02bec65d3cf436d870f058933d205e5de9cdea,354d8d937d3c8b43f54721e5feed0d4df4944a63,false,ps2 textures\HAS ALPHA\bp_remade\no_mip_fixes\ui,false,false,0,none,true,1
sr14e_alp_ovl.bmp_ea172754f17f49457f2f04ae2319add2,06ae37da693c37ad1e84ed671d7d005fe354b9bf,267b9a4ac6aa1ba35ecd0c0b06c9fb7f66434cb7,false,ps2 textures\HAS ALPHA\bp_remade\no_mip_fixes\ui,false,false,0,none,true,1
sr14j_alp_ovl.bmp_104b15f9971860fa4c6923382baf1463,a04f33003971733885b0f95dacfb028d9199b828,8f355faf5987f171762a890babcc30222ec65fdb,false,ps2 textures\HAS ALPHA\bp_remade\no_mip_fixes\ui,false,false,0,none,true,1
sr14j_bg_alp_ovl.bmp,ec4618d8dd9694692a39fe632227e281ff062cd6,c59d51b0012bc532db4d46fac62006f47130bd64,false,ps2 textures\HAS ALPHA\bp_remade\no_mip_fixes\ui,false,false,0,none,true,1
sr16e_alp_ovl.bmp,3dc448703e294ce6438f00e4c5d9a2528ec91f85,bc443a41973ac804b16336eafdcfd19219801d76,false,ps2 textures\HAS ALPHA\bp_remade\no_mip_fixes\ui,false,false,0,none,true,1
sr17e_alp_ovl.bmp,7c62060edc2ae073fc32e37d4743b57bd249ca7a,577f5c2bbd06c82398528bd7e76d74664c1667f4,false,ps2 textures\HAS ALPHA\bp_remade\no_mip_fixes\ui,false,false,0,none,true,1
sr18e_alp_ovl.bmp,e3207eb985da7280d87f06421616a1c7a39cfab4,a006d06983ce9ebe75c5dbf0538c4c7b320d627d,false,ps2 textures\HAS ALPHA\bp_remade\no_mip_fixes\ui,false,false,0,none,true,1
sr18e_alp_ovl.bmp_472bed0a443e29c45de18a81421d2ee0,8c544f178d09aa99245ad3e7fb9f8b819fe9111f,dada68e9c2f27e8daeaa2c14bead4302adc6c260,false,ps2 textures\HAS ALPHA\bp_remade\no_mip_fixes\ui,false,false,0,none,true,1
sr18j_alp_ovl.bmp,95db2cbe8ef9ff121e4ce11747d72ad32bbd4c00,0174d56ae4665f5514fc13f597a040433c039aef,false,ps2 textures\tri with alpha\bp_remade\no_mip_fixes\ui,false,false,0,none,false,1
sr19e_alp_ovl.bmp,b66e94d3ca315b1278d70b51b9bd6c03d05c2503,19b322d13a385d36bcd6500f3ede0a834dc6e9b7,false,ps2 textures\HAS ALPHA\bp_remade\no_mip_fixes\ui,false,false,0,none,true,1
sr19j_alp_ovl.bmp,4d58d02b3e357084ffece23539458bd5a2bba057,c1613ebc96f44df612b0dd4577598856cb859aca,false,ps2 textures\tri with alpha\bp_remade\no_mip_fixes\ui,false,false,0,none,false,1
sr20e_alp_ovl.bmp,2624c2dc2919c6ecf1706964da6654dfa79747dd,56b590dba24787d2892800f37cc75c06adff122b,false,ps2 textures\HAS ALPHA\bp_remade\no_mip_fixes\ui,false,false,0,none,true,1
sr21e_alp_ovl.bmp,3a9da0565c53f5fd5fb7194543624c718ed7474e,3949cf455e5471a4ac52a5d3c623c7e504e337c1,false,ps2 textures\HAS ALPHA\bp_remade\no_mip_fixes\ui,false,false,0,none,true,1
sr22e_alp_ovl.bmp,58e2830219a4038dd8ab03acd30107931f76b1c3,8f50ab7a704910600353fbb8a74ee2f5bab60bc2,false,ps2 textures\HAS ALPHA\bp_remade\no_mip_fixes\ui,false,false,0,none,true,1
sr23e_alp_ovl.bmp,a8c3b4af307cc3c0ddf7b0ff866cc7dd5fa439f0,4a04bc63ddcc7cb72fb27db0601f11f5d44d2b9c,false,ps2 textures\HAS ALPHA\bp_remade\no_mip_fixes\ui,false,false,0,none,true,1
sr24e_alp_ovl.bmp,26f59683e2a0f4affa6d3240e08108721eedcb52,4eaecfd7d265119e1a0e1ac9ec873c558996fda2,false,ps2 textures\HAS ALPHA\bp_remade\no_mip_fixes\ui,false,false,0,none,true,1
sr25e_alp_ovl.bmp,2b7882e7ae21f3b58069bc7dc6c98e6c7f0c10e6,82ca01e2185e5dda023740631e63cb3787bf400c,false,ps2 textures\HAS ALPHA\bp_remade\no_mip_fixes\ui,false,false,0,none,true,1
stin_alp_ovl.bmp,28198493cc019d5ec923ac922a4b32f1ffaf16ef,3b42ca28831f7d8fb43220fbd9acdd3133c5adfa,false,ps2 textures\HAS ALPHA\bp_remade\no_mip_fixes\ui,false,false,0,none,true,1
stun_alp_ovl.bmp,dc269e4ac06dbdcbd3ddca5c52391ed4e6b60dc1,6381cb9e33261f76b9cd9691577a10da2190f6aa,false,ps2 textures\HAS ALPHA\bp_remade\no_mip_fixes\ui,false,false,0,none,true,1
styp_alp_ovl.bmp,2ff8cc2c7ac9ffdf61f358dfa47a17c1499a0616,ff866b847b538eb48fd197bb866e8fad04e175da,false,ps2 textures\HAS ALPHA\bp_remade\no_mip_fixes\ui,false,false,0,none,true,1
tag1_alp_ovl.bmp,3f9c7ddc18ec416af58a60cac80366c443dc9a57,4fc987b5b3a0a77b2a4107b345830cd892473c6b,false,ps2 textures\HAS ALPHA\bp_remade\no_mip_fixes\ui,false,false,0,none,true,1
tag2_alp_ovl.bmp,396c590bb004e15d78378a42b20c28e8e09f0a2b,290efe78ef12ef3f9b7fe43939dcd6803f682e50,false,ps2 textures\HAS ALPHA\bp_remade\no_mip_fixes\ui,false,false,0,none,true,1
tag3_alp_ovl.bmp,1187e40e7f007cb5beef70c3c92aae92cb2a6ac4,966635f88a3882ebd3504941dc02a7fa386da672,false,ps2 textures\HAS ALPHA\bp_remade\no_mip_fixes\ui,false,false,0,none,true,1
tgl_alp_ovl.bmp,0471dfc6bb7cc3c1f8f1e0059d613505fc4f3484,e9a997a3c70f7837330c4b7d5aa335f8b379c8f0,false,ps2 textures\HAS ALPHA\bp_remade\no_mip_fixes\ui,false,false,0,none,true,1
title_logo_blue_alp_ovl.bmp,0f66926fbfd78b10e9516c1cf047460a90d014eb,6ffef55dc97e88370c77a3d9a9a77335f7aba143,false,ps2 textures\HAS ALPHA\bp_remade\no_mip_fixes\ui,false,false,0,none,true,1
title_logo_mono_alp_ovl.bmp,7cd0bccc4c68d07408efc465d20768fed7df83ee,f13996de4a5d4fb460034c8a8ae7c8eac90886e7,false,ps2 textures\HAS ALPHA\bp_remade\no_mip_fixes\ui,false,false,0,none,true,1
title_mgs2_alp_ovl.bmp,075ee85eaa26064cba7d8c2810b3642d69d6bc4f,f8946ed67e08d083da1563caf7f01dc3e24d8f3d,false,ps2 textures\HAS ALPHA\bp_remade\no_mip_fixes\ui,false,false,0,none,true,1
usp_alp_ovl.bmp,898fd4daebe7c0ea87cc94df0ca2b2da5d3131ba,6ac722fe9d410a793979e6fd4ab39694e594af1e,false,ps2 textures\HAS ALPHA\bp_remade\no_mip_fixes\ui,false,false,0,none,true,1
usp_sp2_alp_ovl.bmp,995dcb3547b11ec09b75a9b48c0787ea851f1bae,bd03de6f073f95cc4abf45f653fea30fa8c27d9e,false,ps2 textures\HAS ALPHA\bp_remade\no_mip_fixes\ui,false,false,0,none,true,1
usp_sp_alp_ovl.bmp,9a1c4572e9722d87ce1c2761ca9c9b2a5e95a840,13abcdec10f1e9a5d2318e9f6e0fcdbf7008f0f8,false,ps2 textures\HAS ALPHA\bp_remade\no_mip_fixes\ui,false,false,0,none,true,1
w24c_over_mrs_alp_ovl.bmp,40472321652c2472314b54a8e408840e543cb900,2ae80cdd6d91ab9b07262163c6c25a7235f1473c,false,ps2 textures\opaque\bp_remade\no_mip_fixes\ui,true,false,0,none,true,1
w24c_over_oba_alp_ovl.bmp,6e706d1c265df0d92f987eb2b0a7709881b609fd,77ce3b6cade0a3003daa3ae0c72571671a2e76c3,false,ps2 textures\opaque\bp_remade\no_mip_fixes\ui,true,false,0,none,true,1
w24c_overguy_alp_ovl.bmp,37e473e82bb2b9655a88cd9ddf52f8b41a078d9a,4b8ba8c8a84e92aadac06e321e9160d828c8ee1a,false,ps2 textures\opaque\bp_remade\no_mip_fixes\ui,true,false,0,none,true,1
wig1_alp_ovl.bmp,f155187812dd6f0c6c178c968dd85a394ba6b1e4,51fea204de08ba500689ed439457869d7bf9ab67,false,ps2 textures\HAS ALPHA\bp_remade\no_mip_fixes\ui,false,false,0,none,true,1
wig2_alp_ovl.bmp,d01183a9f948331135c75be7694912436f7ba148,92b6cc8bb5e2519cbae14941761e794c2e70d035,false,ps2 textures\HAS ALPHA\bp_remade\no_mip_fixes\ui,false,false,0,none,true,1
wpb_alp_ovl.bmp,b6e5258c9248e74f803446b86be62b659f4db346,7aad28a31a85a4d2ac06c3114d522e031249ce5f,false,ps2 textures\HAS ALPHA\bp_remade\no_mip_fixes\ui,false,false,0,none,true,1
