filename,before_hash,ctxr_hash,mipmaps,origin_folder,opacity_stripped,upscaled,upscaler_version,upscaler_type,non_upscaled_version,ctxr3_converted,npot_resized
00004ad1,7ea09e598918973c71a39e3b260b5f4cde312a5e,c5bcf3cfaa4d958e1aac95d5fcf487e4c6a330dd,true,ps2 textures\HAS ALPHA\bp_remade\no_mip_fixes\ui,false,true,5,remarci_4x,0,false,false
0000c4dd,b086c7eb68fd82ccb8f67dc63ad3eb91443d162b,4e9aa69d98f1d5a8cf08e935cea039aee5e73985,true,ps2 textures\HAS ALPHA\bp_remade\no_mip_fixes\ui,false,true,5,remarci_4x,0,false,false
0000c4dd_d0bf2476e36b7e6db64e892154845abf,c3e68e7776fd3c548299ed1dc285f3e9eb3678ef,94fcbd6e1108e1ff9a38a8b37c03b441042dc829,true,ps2 textures\HAS ALPHA\bp_remade\no_mip_fixes\ui,false,true,5,remarci_4x,0,false,false
0000f06e,de0655de816cf602a7bb8c7990ea9e2b28d89ee0,002ec148606fdaddd9885941dd06ef315b743f29,true,ps2 textures\HAS ALPHA\bp_remade\no_mip_fixes\ui,false,true,5,remarci_4x,0,false,false
00012016,cf382aefe1c42776529d5c84ae89d27a03601cf8,e7b5d4b398c7690d02d24aa1acdbbcb4d73eb21b,true,ps2 textures\HAS ALPHA\bp_remade\no_mip_fixes\ui,false,true,5,remarci_4x,0,false,false
00022016,40a9a87df767ec1e3cf8a7e34bd94958460641ba,1773cafe3e315e09fafd11112ba9e0217c2e45cc,true,ps2 textures\HAS ALPHA\bp_remade\no_mip_fixes\ui,false,true,5,remarci_4x,0,false,false
00024ad1,345769608daaf688d3cfee2df0ac12eb694d2e24,ee2771ba20bd34e6799852fa10231103b3ff7b58,true,ps2 textures\HAS ALPHA\bp_remade\no_mip_fixes\ui,false,true,5,remarci_4x,0,false,false
0002936b,402db28faee65b71b691fca0b37465f1c30322e4,69b1e55baef3242bb4494246b77b9b03546f6772,true,ps2 textures\HAS ALPHA\bp_remade\no_mip_fixes\ui,false,true,5,remarci_4x,0,false,false
0002cca2,ce62ff34ddef3efc00b75c386f450b76a391162c,02253b82813505d3b6020c0e936a71e4e161bee3,true,ps2 textures\HAS ALPHA\bp_remade\no_mip_fixes\ui,false,true,5,remarci_4x,0,false,false
00032016,735de49ea0f02e4da2eefc9d549cfffb6719b318,1c2440b8e3e2cd4e4c94d8c9439ecb1a85602531,true,ps2 textures\HAS ALPHA\bp_remade\no_mip_fixes\ui,false,true,5,remarci_4x,0,false,false
000382c8,d9e08757018c5a27d02e3b4109bef614a1b02a1e,e3cef6ec940433d2d8441a540ae5a1a76504972a,true,ps2 textures\HAS ALPHA\bp_remade\no_mip_fixes\ui,false,true,5,remarci_4x,0,false,false
000385a3,693be16e9d5ae72c59b1f3132a5c7e37aec6a9e6,f8739fcb3453ee1c60573811021e88ad5816f988,true,ps2 textures\HAS ALPHA\bp_remade\no_mip_fixes\ui,false,true,5,remarci_4x,0,false,false
0003c3de,592841db4086094b604d6c08ca2f90811c704063,da2b1898426f79f94e1fcef545e42fcff54f6c7b,true,ps2 textures\HAS ALPHA\bp_remade\no_mip_fixes\ui,false,true,5,remarci_4x,0,false,false
0003c3de_59747dd0818a4f3d78cd7938115b9093,d5eb4b7815e704659a82c9e8d69c91a5066259e7,ad2861fb98d537ffd80603b8384900ea3955b717,true,ps2 textures\HAS ALPHA\bp_remade\no_mip_fixes\ui,false,true,5,remarci_4x,0,false,false
00042016,ccf0535bb2e4cb13206ef010e2dc2949bacefce1,410f4d5ff91fe21349bbf1eec1b7db439bcd98fc,true,ps2 textures\HAS ALPHA\bp_remade\no_mip_fixes\ui,false,true,5,remarci_4x,0,false,false
000430f2,e6a9d90fa473637f9f373782e41c99a74c0b6ab8,ba0f0278c448e70627764cef7e1d8b46d3034e31,true,ps2 textures\HAS ALPHA\bp_remade\no_mip_fixes\ui,false,true,5,remarci_4x,0,false,false
00052016,624e91cdf6b40cd1ba09a9647a4addc945bd0c67,bb61db9a7156afa80bfb87924ead265e968449d4,true,ps2 textures\HAS ALPHA\bp_remade\no_mip_fixes\ui,false,true,5,remarci_4x,0,false,false
00058f79,6e795adefdb848e968e3ac1ae9230d6d96a4aa9c,8f49b61350a69bcc2be64ad703b2e8c979ab85ab,true,ps2 textures\HAS ALPHA\bp_remade\no_mip_fixes\ui,false,true,5,remarci_4x,0,false,false
00062016,e4e96386c023113e8faf6e8c22ddba1f70bb6123,e6bbd553afb0ebd867c1634321cd053383988e30,true,ps2 textures\HAS ALPHA\bp_remade\no_mip_fixes\ui,false,true,5,remarci_4x,0,false,false
00065bbe,5cb6ecc1b0d20f94d5a817da121d44eae90227ae,fa1838b32302b2a476b6dae08a1d7d30dd00bdf9,true,ps2 textures\HAS ALPHA\bp_remade\no_mip_fixes\ui,false,true,5,remarci_4x,0,false,false
00068f79,887baa63bdc95e477eb1d600c79bf1aa959904a9,393bff5a8a8c0ddb7dad79a36e953d157c4ba43f,true,ps2 textures\HAS ALPHA\bp_remade\no_mip_fixes\ui,false,true,5,remarci_4x,0,false,false
00072016,102e02116aec10313ceef75ee8b79a9fe8e88399,814ead54841e001d00323d695b3bf2782ba55239,true,ps2 textures\HAS ALPHA\bp_remade\no_mip_fixes\ui,false,true,5,remarci_4x,0,false,false
00075bbe,097c3b1323c31070df37ac5a7c56e8afe78ef02d,19de27492c3d343f52415d85b4e6fb1c3e4dbc67,true,ps2 textures\HAS ALPHA\bp_remade\no_mip_fixes\ui,false,true,5,remarci_4x,0,false,false
00078f79,05553e66fe72cfb0095828866005d83c72fec9c4,7fad2077f3037a1efb46caf21a204387fcfff86f,true,ps2 textures\HAS ALPHA\bp_remade\no_mip_fixes\ui,false,true,5,remarci_4x,0,false,false
0007bc34,9f30d492e4e9faf7cd0c3633796397798f6d2c4e,3c2269938891426195b11ae2eaa81dfb10f7f665,true,ps2 textures\HAS ALPHA\bp_remade\no_mip_fixes\ui,false,true,5,remarci_4x,0,false,false
00082016,664d61b35ed6ba539e95b9b1404d1c1c9f565809,c29c7aa0da86a92a2dd7b4bcdce2b774dcfb6111,true,ps2 textures\HAS ALPHA\bp_remade\no_mip_fixes\ui,false,true,5,remarci_4x,0,false,false
00085bbe,8c1bd1e5b31349a341d31df31a1ac4be5f3ea956,5ecc04c97076991d399b379b30171dc67a0b2ea6,true,ps2 textures\HAS ALPHA\bp_remade\no_mip_fixes\ui,false,true,5,remarci_4x,0,false,false
00085d1e,244e99924c7f184a61372b948cf1abbc27e0c348,f547a0b2ecde5fd48d9c55b64cab5fb30ca2f7d2,true,ps2 textures\HAS ALPHA\bp_remade\no_mip_fixes\ui,false,true,5,remarci_4x,0,false,false
000897ee,e9eccb9d5fe049b56c0505349d97002102e70843,23a5cac7f1592d332c79180ebc0aa8eb96849a36,true,ps2 textures\opaque\bp_remade\no_mip_fixes\ui,true,true,5,remarci_4x,0,false,false
0008bc34,57f90e7a33b920ac8f778125dcd5ea2b9d6582fa,6c14b9112b609dfdb3da3331cad2a10aed2292e5,true,ps2 textures\HAS ALPHA\bp_remade\no_mip_fixes\ui,false,true,5,remarci_4x,0,false,false
00096be0,34b11f2401defaf159d6a983f99870cca8576608,d333419dcc31276e424934d34bd72e103f8e3a1f,true,ps2 textures\HAS ALPHA\bp_remade\no_mip_fixes\ui,false,true,5,remarci_4x,0,false,false
0009bc34,c68cd2b9ee0a8f85984570a53f2c1a284660228d,f76792df67166074d62d96bc197599cfe533382c,true,ps2 textures\HAS ALPHA\bp_remade\no_mip_fixes\ui,false,true,5,remarci_4x,0,false,false
0009bc34_b930b4499997afc4e26e408ea169f9c7,ba34283c172431fa75f69d68824c7d23d92fb6c2,368d27499cfad468b84082288ff1362021fc520f,true,ps2 textures\HAS ALPHA\bp_remade\no_mip_fixes\ui,false,true,5,remarci_4x,0,false,false
0009eb6f,c7e0e1e170519bdd9752ff2d56e5ff1c2127a0a7,42e8eeae58b88b072d7a9376262e31aac886ce63,true,ps2 textures\HAS ALPHA\bp_remade\no_mip_fixes\ui,false,true,5,remarci_4x,0,false,false
0009f56f,f9e3ff551af2cc49ba1340b8a3f9f3344dcd98a6,f7542e010a3aca25c0e75348784d05fd393ff1ab,true,ps2 textures\HAS ALPHA\bp_remade\no_mip_fixes\ui,false,true,5,remarci_4x,0,false,false
0009f66f,7a4d4765c2482be0ba9efc7cee6ef161b4b1324a,d34a6f7486fa90fe16dfcbfe066a8370ef33c054,true,ps2 textures\HAS ALPHA\bp_remade\no_mip_fixes\ui,false,true,5,remarci_4x,0,false,false
000a8fc0,bb718059f4ca40d8c1d3c0aa1e5d6c2e46734fe2,aa9e75c3c2976ef37ce7b982cc08c05cf1b1bb30,true,ps2 textures\HAS ALPHA\bp_remade\no_mip_fixes\ui,false,true,5,remarci_4x,0,false,false
000aa7de,96b11a8f2e642f179d64e842ee9b438486c1d326,ff3cab8f24332555b01042a4fcf561884654f250,true,ps2 textures\HAS ALPHA\bp_remade\no_mip_fixes\ui,false,true,5,remarci_4x,0,false,false
000b7011,366ef3eec6614981801e312093ba1cc0cd26c5c8,3c7458fa18dcd157cae84a08e648005abf473c31,true,ps2 textures\HAS ALPHA\bp_remade\no_mip_fixes\ui,false,true,5,remarci_4x,0,false,false
000c59bf,bd9326bbcfe764228c69ebd1b901e27ecabf9602,1351a575734fa0b43b590ac00f28bd13c31e698c,true,ps2 textures\HAS ALPHA\bp_remade\no_mip_fixes\ui,false,true,5,remarci_4x,0,false,false
000cc716,3030c254d447f730007957c68655e66478cbb6f1,9136774ed5fe780b93473e79d95c23159de050a9,true,ps2 textures\HAS ALPHA\bp_remade\no_mip_fixes\ui,false,true,5,remarci_4x,0,false,false
000ccd6b,a300bc507439c0baed63c69b48c048204f81747e,4f60a19e6392c452208d2fcd68815caa00a2fdf1,true,ps2 textures\HAS ALPHA\bp_remade\no_mip_fixes\ui,false,true,5,remarci_4x,0,false,false
000e1a61,ad12c246c97c04dcd35a2a0f0b95ceef322b0182,def9ab661bb702c1da7511d95ece5c996b52bd68,true,ps2 textures\HAS ALPHA\bp_remade\no_mip_fixes\ui,false,true,5,remarci_4x,0,false,false
000ebe38,b94378a9419d762a69b534033c912e2cb3fceb90,319ab45fa42bc1f38be9746a2f3064f98c83bda1,true,ps2 textures\HAS ALPHA\bp_remade\no_mip_fixes\ui,false,true,5,remarci_4x,0,false,false
000f0073,64d0fec990058659342244f30fb4d3d214f92da3,d80f4f156c399a90e46179e181a4bf32be7ed7c6,true,ps2 textures\HAS ALPHA\bp_remade\no_mip_fixes\ui,false,true,5,remarci_4x,0,false,false
000fe672,4cce4fbb2845289de32d511d7fc1d0d2b0678665,0f78869389f2e01b8564677dc545155b6ab4f927,true,ps2 textures\HAS ALPHA\bp_remade\no_mip_fixes\ui,false,true,5,remarci_4x,0,false,false
000fe6f2,451cd9b58613d7ce155b90760edc8c4770c8dd69,5099134bf9fd96d8f47aeb2891b464caf2eadedd,true,ps2 textures\HAS ALPHA\bp_remade\no_mip_fixes\ui,false,true,5,remarci_4x,0,false,false
000fe772,1b938303123e4794071828bd332376a0e5bb8a87,89616ab3cbfc959eb6a3049a0acd3b86dfd89c6a,true,ps2 textures\HAS ALPHA\bp_remade\no_mip_fixes\ui,false,true,5,remarci_4x,0,false,false
00100d1b,353367fc8b93498d93671910ebd888697e37d042,14540b5055396e3318db463eeac3aa20092c8f7e,true,ps2 textures\HAS ALPHA\bp_remade\no_mip_fixes\ui,false,true,5,remarci_4x,0,false,false
001087b3,b07ae41b737cc0872ca777d601ad80f45df32421,32fcd15890d38c5fab025f29a75a40e59870363a,true,ps2 textures\HAS ALPHA\bp_remade\no_mip_fixes\ui,false,true,5,remarci_4x,0,false,false
0010e123,bf4accc7ecac5979ebeaba83464946f483c0c1dd,16b7857aedf1a64a4fec59c4de68f57658875eb7,true,ps2 textures\HAS ALPHA\bp_remade\no_mip_fixes\ui,false,true,5,remarci_4x,0,false,false
001187b3,b8c3e67c3e0d7059005ac15fab8f0fdf2766ab64,630d88cc5cfcafeb2ffd47a6d795dfe2808cbc45,true,ps2 textures\HAS ALPHA\bp_remade\no_mip_fixes\ui,false,true,5,remarci_4x,0,false,false
0012e9ed,0523dccc9b25b9d3cf6be469a508536e08ce5333,22ca2e0de183acf73d7281758e468a6453165b55,true,ps2 textures\HAS ALPHA\bp_remade\no_mip_fixes\ui,false,true,5,remarci_4x,0,false,false
0013486e,b76188609a9ab537ab4e33532f9da54822f2de9a,683059702545f0fd667c49553a1d264b64db6a91,true,ps2 textures\HAS ALPHA\bp_remade\no_mip_fixes\ui,false,true,5,remarci_4x,0,false,false
0013547f,ff02a0b3ded777d46fdbb091c6d03d32f76bbd2b,ba72cca88e7558c36001d1bca21ad81b900db63b,true,ps2 textures\HAS ALPHA\bp_remade\no_mip_fixes\ui,false,true,5,remarci_4x,0,false,false
0014547f,961fdcf8b5b4a0874b26c53063d7fa44105252dc,d81259044dee5faf02f0653528c23bc6a3d4fff0,true,ps2 textures\HAS ALPHA\bp_remade\no_mip_fixes\ui,false,true,5,remarci_4x,0,false,false
001463f1,3f3c115616c259361690f5b4b6864f8a97401a42,8530ef31b1981034f46f7bb5c18beea0edf56941,true,ps2 textures\HAS ALPHA\bp_remade\no_mip_fixes\ui,false,true,5,remarci_4x,0,false,false
0015547f,aa05db19b0dd4aaea8ff29452c98176135117e37,6365300194e6bedd8a2ead42b82a5f7cfe1ea20b,true,ps2 textures\HAS ALPHA\bp_remade\no_mip_fixes\ui,false,true,5,remarci_4x,0,false,false
00158927,e31f4fe74029195d192e6efb565c881d89808e93,358dff38e3927b64fc116b23d8203811ee3b4584,true,ps2 textures\HAS ALPHA\bp_remade\no_mip_fixes\ui,false,true,5,remarci_4x,0,false,false
0016852b,f0e8c672fe8138f32d505a5b4b7e73bc882033fb,873b1e315b8e0ecac52eef4d3558b85658bcefed,true,ps2 textures\HAS ALPHA\bp_remade\no_mip_fixes\ui,false,true,5,remarci_4x,0,false,false
0016bbf5,19984e84964a5b4f618a1e40d9fc54aaffa99b78,0e7ba0ee87d1997e020a63db9cfc3970eb136808,true,ps2 textures\HAS ALPHA\bp_remade\no_mip_fixes\ui,false,true,5,remarci_4x,0,false,false
0017bbf5,6de6113750464559da1bf92c54ce64356b17bbb5,c33926440d4613bc9622af0e886642a16aafdfd8,true,ps2 textures\HAS ALPHA\bp_remade\no_mip_fixes\ui,false,true,5,remarci_4x,0,false,false
001a8739,aca4bc4cccc5f3e859ac82b916a900520a571ce5,667894d7af223afc97b4671e10727f077d017161,true,ps2 textures\HAS ALPHA\bp_remade\no_mip_fixes\ui,false,true,5,remarci_4x,0,false,false
001a8739_9b95ed97d41ce0c9da24766f77e0bf35,b099b6149b6edb45d2610c22efbd3679e19c604e,34286f74ba3f298f3948332dfbf907c354e8f58e,true,ps2 textures\HAS ALPHA\bp_remade\no_mip_fixes\ui,false,true,5,remarci_4x,0,false,false
001bb358,e262e5fbc2ffd96cf2f4b1f6870b89daa122727a,5e1e024a4c7f24387224875459859c81a973974e,true,ps2 textures\HAS ALPHA\bp_remade\no_mip_fixes\ui,false,true,5,remarci_4x,0,false,false
001cd071,25bebda1e98b05b912241bdbec287380debe6897,98845139a91ecdb85feb1ef7c3ff4990709fa932,true,ps2 textures\HAS ALPHA\bp_remade\no_mip_fixes\ui,false,true,5,remarci_4x,0,false,false
001f2016,38cb82ff46c9afed332dd90a902a1e6401d9c852,f42e5cbe173f3f42963d18c0f7e1a388daa568b4,true,ps2 textures\HAS ALPHA\bp_remade\no_mip_fixes\ui,false,true,5,remarci_4x,0,false,false
00202016,44468a4ae566abb287abcbe5f1e1f19f5ef4171c,7a36b5a9d62fba9d3e433addeaf8daa2968f6625,true,ps2 textures\HAS ALPHA\bp_remade\no_mip_fixes\ui,false,true,5,remarci_4x,0,false,false
00207af5,71b327b8fded18f06866328cc9f72e959e28935f,b31626f3b47887474f0cdc2e92c1bd72de5baae4,true,ps2 textures\HAS ALPHA\bp_remade\no_mip_fixes\ui,false,true,5,remarci_4x,0,false,false
0020c7c1,2647e6ab3448277ff67af4b3406e50ac33e34295,a780b77c0db344e9c0f0e6179a6b278196172560,true,ps2 textures\HAS ALPHA\bp_remade\no_mip_fixes\ui,false,true,5,remarci_4x,0,false,false
0020e3c2,5337725e2c5492e129314ef386f996b669a3b542,e8755fcee720989f3a66eabced9c5953187f0bab,true,ps2 textures\HAS ALPHA\bp_remade\no_mip_fixes\ui,false,true,5,remarci_4x,0,false,false
0020fb52,b14eccb5c7b8494ee2a17fbbe2ad68000a8f38c5,d15ca2f530a4bf7deb7d07d02c357e336748494e,true,ps2 textures\HAS ALPHA\bp_remade\no_mip_fixes\ui,false,true,5,remarci_4x,0,false,false
00212016,53c5275ae71313283b1471df34008118e4dca5d0,a9aa88b2dce2ff5c3fd176d2546ced1049202309,true,ps2 textures\HAS ALPHA\bp_remade\no_mip_fixes\ui,false,true,5,remarci_4x,0,false,false
0021e3c2,26973733bd712f86e9638e81455dfa60c3e5f9cd,e2af2aa1c9f915c4d345fac577a94f8364bcb4d3,true,ps2 textures\HAS ALPHA\bp_remade\no_mip_fixes\ui,false,true,5,remarci_4x,0,false,false
00222016,b22a0a32454e4fe57ee6d939b4d56cc5a362ab38,6211f0c120a01a6926df24ae7de160a5a8fcabae,true,ps2 textures\HAS ALPHA\bp_remade\no_mip_fixes\ui,false,true,5,remarci_4x,0,false,false
0022e3c2,6442eed1e1007fc36db2db6a6626718ef677cb3f,37fe9ba26e7680aee8d7a972ee837e60d77b3df7,true,ps2 textures\HAS ALPHA\bp_remade\no_mip_fixes\ui,false,true,5,remarci_4x,0,false,false
00232016,aa6cb181b5134f3e38f2fdd6157dcf4d995aef34,0e81e2eac21656aac19cf72392df74a9e94b9860,true,ps2 textures\HAS ALPHA\bp_remade\no_mip_fixes\ui,false,true,5,remarci_4x,0,false,false
00232162,373f52c7ea7bc67a36ee01216399c49066ccd678,888ca3348a91883e08a7cbf893c8e763077a5255,true,ps2 textures\opaque\bp_remade\no_mip_fixes\ui,true,true,5,remarci_4x,0,false,false
002387da,e0b343a029bd9ccb89248adff4b9d95cfd9819f8,b30bc5c745641fe6dd9fbee2da606a0286c85cd1,true,ps2 textures\HAS ALPHA\bp_remade\no_mip_fixes\ui,false,true,5,remarci_4x,0,false,false
00238df3,64b04afac0d9c72346d6657bd8536ae68f6ea835,1c57e04ff5362e9be0ce6a0d4d432e3ac4046c85,true,ps2 textures\opaque\bp_remade\no_mip_fixes\ui,true,true,5,remarci_4x,0,false,false
0023ace3,7b6def0bc3bd9b91ccefb5eef3b683140a21576f,f6e1844f95ae9eecda6e46d2b23a79b52328fd6d,true,ps2 textures\HAS ALPHA\bp_remade\no_mip_fixes\ui,false,true,5,remarci_4x,0,false,false
00242016,bcf38f01f2aaf26b1a9181bb05ab729985e654b2,fecc1d6d8798e2fec986668cd6b970cefa2efeeb,true,ps2 textures\HAS ALPHA\bp_remade\no_mip_fixes\ui,false,true,5,remarci_4x,0,false,false
00248df3,daf5262d2fb2b6188ac186a3e3dbaff52b5a99ca,df4d59796a8bc0553e6f0da82e984e88bfdfc83a,true,ps2 textures\HAS ALPHA\bp_remade\no_mip_fixes\ui,false,true,5,remarci_4x,0,false,false
002515dc,901ee8577efcef8a5675800710efd560a0117a92,ef6501c69e1058a85ff160617b3a1fc164574a38,true,ps2 textures\HAS ALPHA\bp_remade\no_mip_fixes\ui,false,true,5,remarci_4x,0,false,false
00252016,6571c10d0348cae8352fb335116bf51f7d7bf640,a4c1ae17edd171c0a247d5acc0bf3c96938211d0,true,ps2 textures\HAS ALPHA\bp_remade\no_mip_fixes\ui,false,true,5,remarci_4x,0,false,false
00253181,ffcc1d11bda380a3317cb6c2989c6678547a646b,d99cf04a0384bb15d13280c4c9b615ee950c1009,true,ps2 textures\HAS ALPHA\bp_remade\no_mip_fixes\ui,false,true,5,remarci_4x,0,false,false
00262016,5984fd0462af65409582810a89c94b6713f44789,5c89a1d360553d631885452c13fbfd91867b6c01,true,ps2 textures\HAS ALPHA\bp_remade\no_mip_fixes\ui,false,true,5,remarci_4x,0,false,false
00265522,68a17ae7bc722fcb37ba397a4e96ab47a5be0650,d30dafd7748f2afbd1cf1bfb1b433b1b1af8ae18,true,ps2 textures\HAS ALPHA\bp_remade\no_mip_fixes\ui,false,true,5,remarci_4x,0,false,false
0026f2fc,1ae57e1a8db6de5c452854d9233f31159b34a037,f8753f66d51a51c999f56018900492c88a45cdbb,true,ps2 textures\HAS ALPHA\bp_remade\no_mip_fixes\ui,false,true,5,remarci_4x,0,false,false
00272016,0d21aa101e7e52d4083096917f6a7cc039d7cdcc,f5a5980bf9dbeb0c4f40526fd163f561a0457eea,true,ps2 textures\HAS ALPHA\bp_remade\no_mip_fixes\ui,false,true,5,remarci_4x,0,false,false
00273921,043edfe288adbc131c60169d58bcbbacf9b67e26,1ad594eca333525a8f9c65022fbeab32182c02ad,true,ps2 textures\HAS ALPHA\bp_remade\no_mip_fixes\ui,false,true,5,remarci_4x,0,false,false
0027ccec,5dd0333ff3a803e19d25a874723da20714450467,d99fc21c4447cf1e2b067d99164bf4b6c3392cc5,true,ps2 textures\HAS ALPHA\bp_remade\no_mip_fixes\ui,false,true,5,remarci_4x,0,false,false
002be6b0,6e12c2f1e5200af2ee192618b9dc4b55951e0382,dab5addd43ac7eee0b265d42b84f3ca79b825ca0,true,ps2 textures\HAS ALPHA\bp_remade\no_mip_fixes\ui,false,true,5,remarci_4x,0,false,false
002c9415,da22023d474b607e30bb4c9f10b67b98a3f8e258,ad6f3c1e7429ae8e1828206cc401b2e68ba973b1,true,ps2 textures\HAS ALPHA\bp_remade\no_mip_fixes\ui,false,true,5,remarci_4x,0,false,false
002ca269,db2830c367e8dd5341bb2e490dd4d8683b1ed9b2,ac8c6fe6118b6fdc13b2aa2097ad8e689d7dfbc1,true,ps2 textures\HAS ALPHA\bp_remade\no_mip_fixes\ui,false,true,5,remarci_4x,0,false,false
002ca269_3ad823d6b15d2e0656bc022f9ae4d1ed,2a77e6fdffe974cec4d9f61ba58be689281c194a,9872085134365d4f13492cbbc6c2199b4da3622f,true,ps2 textures\HAS ALPHA\bp_remade\no_mip_fixes\ui,false,true,5,remarci_4x,0,false,false
002ceb42,8c461ca6652cd4ea656e60033e8c30da95b5f22c,022f3c74a305e12504e1b7408c798c17bd80f6d5,true,ps2 textures\HAS ALPHA\bp_remade\no_mip_fixes\ui,false,true,5,remarci_4x,0,false,false
002d83df,f554b4a42b5dd0508e370be6f7eff939b9f33cfb,9ad1cad5f039502593db20131e9eb8216e2d0785,true,ps2 textures\HAS ALPHA\bp_remade\no_mip_fixes\ui,false,true,5,remarci_4x,0,false,false
002d83df_d6d6e25cebf411fbdc10afdc75e6c763,0370976776f469634d8cbdced070ea376e68d982,e3e74aa20af9bae7e1b08a3567e472bac17460ef,true,ps2 textures\HAS ALPHA\bp_remade\no_mip_fixes\ui,false,true,5,remarci_4x,0,false,false
002d83e0,ebb04af1c365734939d706df9cf128af05ee6b0a,40a5387a2d2bddd8b4173b211d2fdbf9a683d155,true,ps2 textures\HAS ALPHA\bp_remade\no_mip_fixes\ui,false,true,5,remarci_4x,0,false,false
002d83e0_fe14aedf8aead9e025a71608da78f12d,4f1732a4b2b1848c4faf23471f59334d6d93097c,8b6c8c914c930fe19cc12f9ad3edcc671e4eeb48,true,ps2 textures\HAS ALPHA\bp_remade\no_mip_fixes\ui,false,true,5,remarci_4x,0,false,false
002d83e1,5e2c8d9be45b5a637a96a00ab128c2bd27e88eba,d5d368f5aac4fead08f4b9252a96eabc0b105ea7,true,ps2 textures\HAS ALPHA\bp_remade\no_mip_fixes\ui,false,true,5,remarci_4x,0,false,false
002d83e2,6d8e0fa772ec6270362b9c71bd4d8e159d3731cd,00b21e462e915a8cf8d3e62240246bae21388f52,true,ps2 textures\HAS ALPHA\bp_remade\no_mip_fixes\ui,false,true,5,remarci_4x,0,false,false
002d83e3,65da671ecc02483c41cdf3a46e99880d24d0c2f1,64fcbe0408f8f246148fa1721b4c4b64ad098153,true,ps2 textures\HAS ALPHA\bp_remade\no_mip_fixes\ui,false,true,5,remarci_4x,0,false,false
002d83e4,60bf45566136e9b87cb72af576f1198a63d7a9c0,83e19c38a0ac6390048dff6c918690dfdd8575fe,true,ps2 textures\HAS ALPHA\bp_remade\no_mip_fixes\ui,false,true,5,remarci_4x,0,false,false
002d83e5,741ab52c14809156aca3a3a594db24f75a641fdd,83db416e5e382fc3e6d05f9a97da64b44eb8bd9d,true,ps2 textures\HAS ALPHA\bp_remade\no_mip_fixes\ui,false,true,5,remarci_4x,0,false,false
002db10a,4954ebb1fb9f6e20f1a85232c5abb03625b7f333,fa7ab3f710f4bfc79cf4e8a9f44cddca252f8326,true,ps2 textures\opaque\bp_remade\no_mip_fixes\ui,true,true,5,remarci_4x,0,false,false
002e7dde,18667914191666178fdb8c6c3914e2bc56653800,27ad7be9e5772f452a7fe4a0e660681e398c4979,true,ps2 textures\HAS ALPHA\bp_remade\no_mip_fixes\ui,false,true,5,remarci_4x,0,false,false
002e7ddf,4ba4156a69df41211f4ccd171265e8a8b2f62f36,113be2b49dc6043f7ed7c2b1b6e80d91e521ea8b,true,ps2 textures\HAS ALPHA\bp_remade\no_mip_fixes\ui,false,true,5,remarci_4x,0,false,false
002e7de0,3f571bf66aa995831b89e44e47dc24a5a5823860,2eebe0a201409170e07c3583fc45fda8fb64ed21,true,ps2 textures\HAS ALPHA\bp_remade\no_mip_fixes\ui,false,true,5,remarci_4x,0,false,false
002e7de3,57bcdcf90bf2e2db2b3c3cb7a3c051a4333cba09,1fc9f06871139fe5c8e111ed6a0c8efd6cb656ee,true,ps2 textures\HAS ALPHA\bp_remade\no_mip_fixes\ui,false,true,5,remarci_4x,0,false,false
002e7de4,718fb353e020898f1df8b28f603caad8e33ca59e,0661cfb0dc3fd255fa5ad47e0f645087e66553fd,true,ps2 textures\HAS ALPHA\bp_remade\no_mip_fixes\ui,false,true,5,remarci_4x,0,false,false
002e7de5,a9eb000b18ddca1c81b5c5f9b5ccd3fde8b64599,63ed68d81f5b9a12ee6f6b65482ca3d7078cbed7,true,ps2 textures\HAS ALPHA\bp_remade\no_mip_fixes\ui,false,true,5,remarci_4x,0,false,false
002e7dff,77f40ba716469ba20ecdb48783d8a8b29127d207,b0ce3de71f8f4d3dfd1069441d8d1c91b871d31d,true,ps2 textures\HAS ALPHA\bp_remade\no_mip_fixes\ui,false,true,5,remarci_4x,0,false,false
002e8486,ff716b8d28fe4191f1c8a2af963978d0c696ea85,4d8d6a2aa5edd51afce6bdfd3941deee05aa13ee,true,ps2 textures\HAS ALPHA\bp_remade\no_mip_fixes\ui,false,true,5,remarci_4x,0,false,false
002eb6f9,318995767ef044b6d959ca184eed9e831a18ce13,65a9f2ed371b924712f59454952f882ea25240cd,true,ps2 textures\HAS ALPHA\bp_remade\no_mip_fixes\ui,false,true,5,remarci_4x,0,false,false
002ee672,c51368e517e8baf47426191baab0ddf3a5b6f413,acf0bc1ef65da80a1554cbc9c762b5cf250bb920,true,ps2 textures\HAS ALPHA\bp_remade\no_mip_fixes\ui,false,true,5,remarci_4x,0,false,false
002ee6f2,91806b67b8cf884b5790bbb1210f215f27293b24,f81ed5659642786e6dad494e2013f17ef6de27d1,true,ps2 textures\HAS ALPHA\bp_remade\no_mip_fixes\ui,false,true,5,remarci_4x,0,false,false
002ee772,3fe8b1c95e3ce12c412e3ca85ede9b6f188c6f45,b01b497c5a1808d1e911dd80d6307bf8dfa241e7,true,ps2 textures\HAS ALPHA\bp_remade\no_mip_fixes\ui,false,true,5,remarci_4x,0,false,false
002f0bd0,40b2d11666666c9047235d1b26127307d1a55cef,d1c9f65ef5ae22a971912f0779cedb31261ea42c,true,ps2 textures\HAS ALPHA\bp_remade\no_mip_fixes\ui,false,true,5,remarci_4x,0,false,false
002f1bd0,ca0436bd08192126ba5024a1db037ceeda8be4c3,58f40396e19650586ccd4be844b89f765c0036aa,true,ps2 textures\HAS ALPHA\bp_remade\no_mip_fixes\ui,false,true,5,remarci_4x,0,false,false
002f2bd0,e0150acaf63188cfc7f7356c3bbf8d0cc71e8457,91fe6a9a94616d12b5b29ac7092ebc4969b5b43b,true,ps2 textures\HAS ALPHA\bp_remade\no_mip_fixes\ui,false,true,5,remarci_4x,0,false,false
002f3bd0,c5f8465baee0de156f47b7be395922f586ee0d17,631314c340df10b8f86d24e6accdb3909439ea27,true,ps2 textures\HAS ALPHA\bp_remade\no_mip_fixes\ui,false,true,5,remarci_4x,0,false,false
002f4bd0,fffba6c0653d6e4b107a4c14e74cd368e16b8155,1d1726185bf808f648d44b0792333d1687cd3063,true,ps2 textures\HAS ALPHA\bp_remade\no_mip_fixes\ui,false,true,5,remarci_4x,0,false,false
002f5bd0,95738fa1d2be1ed2b32df1911c7abd7463b1ee0a,c7f5d47b690179e93c1d24afb334deff87e3c8b0,true,ps2 textures\HAS ALPHA\bp_remade\no_mip_fixes\ui,false,true,5,remarci_4x,0,false,false
002f6bd0,73e613afe2d9e7a2e103ecd251b5af8914c081ef,89a1eec2c05b913addd8d00ce236a9bb76af0580,true,ps2 textures\HAS ALPHA\bp_remade\no_mip_fixes\ui,false,true,5,remarci_4x,0,false,false
002f7bd0,00a823736037ee3011ded355431363678a8001ff,21dc778a1f392f3e88c16eddbe754ac77a91fe19,true,ps2 textures\HAS ALPHA\bp_remade\no_mip_fixes\ui,false,true,5,remarci_4x,0,false,false
002f8bd0,867f5e869732e9285a77de660f0685e8abec4438,f283c273d140f8b5876fa94ea2346116d8b17e95,true,ps2 textures\HAS ALPHA\bp_remade\no_mip_fixes\ui,false,true,5,remarci_4x,0,false,false
002fc581,23b5e7bfcf3618644f0eed22ebd6bad88ba900c7,57bd946e9ba245c6e71db471917aa218a3788895,true,ps2 textures\HAS ALPHA\bp_remade\no_mip_fixes\ui,false,true,5,remarci_4x,0,false,false
00304ad1,9ed1247e1cc50daaab09f14752a1b04eaadd0ed0,30c6d7f7252cf49b94495b1e68ef76bc09f27b2f,true,ps2 textures\HAS ALPHA\bp_remade\no_mip_fixes\ui,false,true,5,remarci_4x,0,false,false
00304bad,ce97a3e1ea2794a0f427fd96318a60c43f39e52f,4dfee6856914dbbacd61b3ad330a5167a1b196ec,true,ps2 textures\HAS ALPHA\bp_remade\no_mip_fixes\ui,false,true,5,remarci_4x,0,false,false
0030e529,62035631b1fde5a2801cb87f54034126acf84586,fadff4238364ebb02c84314f5722c5ebfcd21cf2,true,ps2 textures\HAS ALPHA\bp_remade\no_mip_fixes\ui,false,true,5,remarci_4x,0,false,false
0030f164,49e54029f65f94b02d8e185ebf0837b39e0a1473,03bee6b9b5e43d565593d55d2e847707e4298811,true,ps2 textures\HAS ALPHA\bp_remade\no_mip_fixes\ui,false,true,5,remarci_4x,0,false,false
0030fbd0,1e9c23bcb0765dbe81ba76bc8a09a40ee743ffe9,af60c26c144756ba1a24177c342deb1b0a4f44f4,true,ps2 textures\HAS ALPHA\bp_remade\no_mip_fixes\ui,false,true,5,remarci_4x,0,false,false
00310ae2,f54b2612df0466a65827afb9ad1a9799a5d5d107,e2b16d8333c96cb172445197adf32f431bf9dcb6,true,ps2 textures\HAS ALPHA\bp_remade\no_mip_fixes\ui,false,true,5,remarci_4x,0,false,false
00310bd0,89d87e581900c821fa2fd58ba90f3a5ab9e9079e,11bf50f5c871c0af9367b26d269ff1de1777f90d,true,ps2 textures\HAS ALPHA\bp_remade\no_mip_fixes\ui,false,true,5,remarci_4x,0,false,false
00311bd0,233a4f4bf1fe412eb3ef95a79b372c1dc7421386,e6ed4a31ae4a599315908a19410f8679e9377d7d,true,ps2 textures\HAS ALPHA\bp_remade\no_mip_fixes\ui,false,true,5,remarci_4x,0,false,false
00312bd0,615d7c5e8766843be52188ee31c863b0ce128b64,ef7cc5b6a19900fb71a659c3780ace3c478730b5,true,ps2 textures\HAS ALPHA\bp_remade\no_mip_fixes\ui,false,true,5,remarci_4x,0,false,false
00313bd0,ad4b6919331845c4ec0c0fa9b0cfa9bd3253c1aa,df803b5b01c6ceabc8bc8c11333cf4536734e61c,true,ps2 textures\HAS ALPHA\bp_remade\no_mip_fixes\ui,false,true,5,remarci_4x,0,false,false
00314bd0,04557cb11a28119301e01f2a924b2bd23d962318,582e015b3222077a083d9c7331bc62769d1a129e,true,ps2 textures\HAS ALPHA\bp_remade\no_mip_fixes\ui,false,true,5,remarci_4x,0,false,false
003155d8,3033343720771dd6d56aea1a1248901f4a7fd5dd,beef4876aae36ca0a50e527413b0a3ce80524cde,true,ps2 textures\opaque\bp_remade\no_mip_fixes\ui,true,true,5,remarci_4x,0,false,false
00315bd0,983bc973154acd022f11204a2b8b3d962dd59d59,03d7465ba2069ca4fb600ce43e0064b634522a8e,true,ps2 textures\HAS ALPHA\bp_remade\no_mip_fixes\ui,false,true,5,remarci_4x,0,false,false
00316bd0,0fb1d10663e6c36a96392316496011d1631c8348,1f88916214cfc518c559930805780d8a5bed58b6,true,ps2 textures\HAS ALPHA\bp_remade\no_mip_fixes\ui,false,true,5,remarci_4x,0,false,false
00317bd0,5d46656207eab7a16135468748eb0715fe7c9df1,483c2cdc0e520a41bf30cc4df895182b536e25b3,true,ps2 textures\HAS ALPHA\bp_remade\no_mip_fixes\ui,false,true,5,remarci_4x,0,false,false
00318bd0,d095083fb32a2dca85d4c7aeb542a5eb70741d8c,e4ea67cac7ba88dac13ada428ac0e1bd9a53a5e4,true,ps2 textures\HAS ALPHA\bp_remade\no_mip_fixes\ui,false,true,5,remarci_4x,0,false,false
0031ead8,d431f9716c11017ba774abafe7df317032699fae,a3fb753c9bf407512e246fa9fc2f68fbd71440f0,true,ps2 textures\HAS ALPHA\bp_remade\no_mip_fixes\ui,false,true,5,remarci_4x,0,false,false
00324ad1,aed49c305a18c9ef73dee9a9c17ebbc337e41e33,655796c085fb0e640fcca034e7d8b12864f7d525,true,ps2 textures\HAS ALPHA\bp_remade\no_mip_fixes\ui,false,true,5,remarci_4x,0,false,false
0032ead8,209c7bcc60afa00791e610a18709f4d27f60b6c5,94fa3ffa7f75aa584e604c50a823f80393d2fd69,true,ps2 textures\HAS ALPHA\bp_remade\no_mip_fixes\ui,false,true,5,remarci_4x,0,false,false
0032fbd0,8653b095535cba417838cf132349b19f521b1f19,6fc3e7c3a7b3083f72888732f86a66bd71061782,true,ps2 textures\HAS ALPHA\bp_remade\no_mip_fixes\ui,false,true,5,remarci_4x,0,false,false
00330bd0,f22563fa024f13234386f4c48948767178a62494,9a372c25635c229007cd757e18f82f3f180f0af8,true,ps2 textures\HAS ALPHA\bp_remade\no_mip_fixes\ui,false,true,5,remarci_4x,0,false,false
00331bd0,229449a6095ba846a2fd72cf9618374759b3a017,2a2e477525528aa637d279926bd165ebe122b160,true,ps2 textures\HAS ALPHA\bp_remade\no_mip_fixes\ui,false,true,5,remarci_4x,0,false,false
00332bd0,a496990d94ff566cca1619be11256d7385a78177,b8a73c60e9a1d5c8cad0bdd97e905d572f9fc16e,true,ps2 textures\HAS ALPHA\bp_remade\no_mip_fixes\ui,false,true,5,remarci_4x,0,false,false
00333bd0,b3c6a8bf762f5d511f59a056992da198a6e861b3,7b2e204e8975a03a5faad028f2285b27da0ce34f,true,ps2 textures\HAS ALPHA\bp_remade\no_mip_fixes\ui,false,true,5,remarci_4x,0,false,false
00334bd0,8e0d336553a5803e905a1076326e7fb4a602d4e3,e94d06a5621f44036e3061e244f5a05400e4eb60,true,ps2 textures\HAS ALPHA\bp_remade\no_mip_fixes\ui,false,true,5,remarci_4x,0,false,false
00335bd0,c893250ae3a15935618dbb44c5243f297f737bdc,f4af1dc4cfc9c3e1c8c70010de2013287ee218bb,true,ps2 textures\HAS ALPHA\bp_remade\no_mip_fixes\ui,false,true,5,remarci_4x,0,false,false
00336bd0,ece1b7512f3e11fbce011326881c5f67d04df71f,63af1e3bc6a96224fce15c2cd39f4abd5ed46c9c,true,ps2 textures\HAS ALPHA\bp_remade\no_mip_fixes\ui,false,true,5,remarci_4x,0,false,false
00337bd0,48dcc9a8bdf0e7aa09fa88a8d282bad26539649e,f4de6c868a4e908e20552616203bae642aebe73c,true,ps2 textures\HAS ALPHA\bp_remade\no_mip_fixes\ui,false,true,5,remarci_4x,0,false,false
00338bd0,e5665e9e6b5657d134d817a242f913edd4ccbfa2,0e81be88f50b5af18d582be3ec89dc239f4933b5,true,ps2 textures\HAS ALPHA\bp_remade\no_mip_fixes\ui,false,true,5,remarci_4x,0,false,false
00344ad1,c9c86ef91442b6f11e8601427c2689e57a7ae5b1,818cac89f375e0d36b0ca6a1a3078b873d466cd2,true,ps2 textures\HAS ALPHA\bp_remade\no_mip_fixes\ui,false,true,5,remarci_4x,0,false,false
0034852b,9baa725bd514456fd328c662aa3f79cb8a2b19ae,0d7a7915da4faa118f90a3e7827e535b745a9fae,true,ps2 textures\HAS ALPHA\bp_remade\no_mip_fixes\ui,false,true,5,remarci_4x,0,false,false
0034fbd0,dd70ff270bcfac002a799fba095e636f406e0470,c62e5b676bfd72f0fc4d42701be9db2d9594348b,true,ps2 textures\HAS ALPHA\bp_remade\no_mip_fixes\ui,false,true,5,remarci_4x,0,false,false
00350bd0,845ab4498898c67b7b30e4ce597ab6236505b30e,1aaae6950616ae52b743693206c354ddeaad5501,true,ps2 textures\HAS ALPHA\bp_remade\no_mip_fixes\ui,false,true,5,remarci_4x,0,false,false
00351bd0,e42fda520902c67494266a09cbe9e0dfac541c0e,70b882d72c61dcd1f1908853cf0dbeb3c09276f8,true,ps2 textures\HAS ALPHA\bp_remade\no_mip_fixes\ui,false,true,5,remarci_4x,0,false,false
00352bd0,14f37bf4fe06ac2b3a1cbd9fc310426f74c362b4,c053dc3828a94a80b1946fccecb24cb53ce6babc,true,ps2 textures\HAS ALPHA\bp_remade\no_mip_fixes\ui,false,true,5,remarci_4x,0,false,false
00353bd0,657f8043dd39a6fc7c99ddb9d7a0a6861fcf5a0b,d1eb108d4f6844427df0b7957c065b87109ccebb,true,ps2 textures\HAS ALPHA\bp_remade\no_mip_fixes\ui,false,true,5,remarci_4x,0,false,false
00354bd0,daeaaf2dc805bd62efa349957830a38003707d54,afe866e73cf9fa9a614b4d517fb46d05b67306b5,true,ps2 textures\HAS ALPHA\bp_remade\no_mip_fixes\ui,false,true,5,remarci_4x,0,false,false
00355bd0,2dcb45b7376fe0ef8d8e56809d859cdaff8642dc,6d6b6db837af12fa5a6ed0e4e3e930d92bac047e,true,ps2 textures\HAS ALPHA\bp_remade\no_mip_fixes\ui,false,true,5,remarci_4x,0,false,false
00356bd0,dc0c489f0383aa24e0f958b116a7b3595d2ab8e4,ef638ed0fd8ba60fe9fdd809376b2526f3954cc8,true,ps2 textures\HAS ALPHA\bp_remade\no_mip_fixes\ui,false,true,5,remarci_4x,0,false,false
00357bd0,09cab58d5c8a1d38b9a4db9c7270796d598c3d1e,651abc43c52315dbdc9fdca573902b6860b51aa1,true,ps2 textures\HAS ALPHA\bp_remade\no_mip_fixes\ui,false,true,5,remarci_4x,0,false,false
003587ad,6daf028e87b5b0a8e303c46be6bb312cd3a30a7b,b672a5d72fc9e2a5f48303227c4ee26f23a455ad,true,ps2 textures\HAS ALPHA\bp_remade\no_mip_fixes\ui,false,true,5,remarci_4x,0,false,false
00358bd0,1e5e02eecf95de4165de1d87d9206bb1138ddc92,a0b3f48aa7676042d8c567995e02dd638db3a0e4,true,ps2 textures\HAS ALPHA\bp_remade\no_mip_fixes\ui,false,true,5,remarci_4x,0,false,false
00364ad1,603f4bd52f6527dd518b0eeee1cbf33dfc1f5ad6,6041a2f9997c10e7f742647506f979ea1404123a,true,ps2 textures\HAS ALPHA\bp_remade\no_mip_fixes\ui,false,true,5,remarci_4x,0,false,false
00367807,ee93a737b26d1bdc5d9d7b86ae56284b77cf6d86,346032764076bd8efd5f80c459e32f1337376792,true,ps2 textures\HAS ALPHA\bp_remade\no_mip_fixes\ui,false,true,5,remarci_4x,0,false,false
0036ea81,5d7e5b68c8a0d22a47dc458c0916253a21b3d353,5b7519ecab596aa70f0b42166ce76bc21b7d734a,true,ps2 textures\HAS ALPHA\bp_remade\no_mip_fixes\ui,false,true,5,remarci_4x,0,false,false
0036fbd0,08fd4f420ab7264b38dec64f828363ee8e1683f9,284cea886c0733fea000e5cf84c9ee59fe12a0cf,true,ps2 textures\HAS ALPHA\bp_remade\no_mip_fixes\ui,false,true,5,remarci_4x,0,false,false
00370bd0,80732523e30ebf00fc52cdf3ec3dd5c847c2b16a,028be95880caf69284c7ddacf4f44db22363d9ca,true,ps2 textures\HAS ALPHA\bp_remade\no_mip_fixes\ui,false,true,5,remarci_4x,0,false,false
00371bd0,f8cb2f78ab4dadf613710740a4937e7427584deb,72ca8e88ab59c78281555f2eb5674454ad9ad67b,true,ps2 textures\HAS ALPHA\bp_remade\no_mip_fixes\ui,false,true,5,remarci_4x,0,false,false
00372bd0,5b25c48dc55aad6f350d28513755579f68b83047,8b5f3b66b84b477f211a8dda1d0c8cef938f4c53,true,ps2 textures\HAS ALPHA\bp_remade\no_mip_fixes\ui,false,true,5,remarci_4x,0,false,false
00373bd0,7a388cd16046ec40473485f607b0e2389b948adf,efb9000e8d25f563d80921bbe3e8e4ca3ed66de0,true,ps2 textures\HAS ALPHA\bp_remade\no_mip_fixes\ui,false,true,5,remarci_4x,0,false,false
00374bd0,472fac980cc111d67dcfeee80b2e3766e72fb5fc,d882793991f22993ad94fe62c9a670ae32a82b5c,true,ps2 textures\HAS ALPHA\bp_remade\no_mip_fixes\ui,false,true,5,remarci_4x,0,false,false
0037502a,78d4fca6b184e7c8b32e2aacadeaf3a0ddba360a,003e46a08f038d10b8c6b8a74571d270d3df4281,true,ps2 textures\HAS ALPHA\bp_remade\no_mip_fixes\ui,false,true,5,remarci_4x,0,false,false
0037513a,8471d102435d460e5e75f96b98a0cc08b3cc7649,a98b1994f654b340eca8eaa7c8fee097898b6cc7,true,ps2 textures\HAS ALPHA\bp_remade\no_mip_fixes\ui,false,true,5,remarci_4x,0,false,false
00375bd0,0ccf656c21dfcddcb999429164a5636db5b3e711,d0e06b41e7e8b6e7970577958cca39557c2fa68c,true,ps2 textures\HAS ALPHA\bp_remade\no_mip_fixes\ui,false,true,5,remarci_4x,0,false,false
00376bd0,e2e04b8eb046b169edc5f06e2177f22825cdff9c,efb2a0c1d7b4b820525ee7dcef5cbcf5cb2d0cdb,true,ps2 textures\HAS ALPHA\bp_remade\no_mip_fixes\ui,false,true,5,remarci_4x,0,false,false
00380922,60b970ae80bf6a8de62c43436c33a121d5031b8c,6d19c7de68dbd1a5d7d5253ddbf668e2f38cbe0c,true,ps2 textures\HAS ALPHA\bp_remade\no_mip_fixes\ui,false,true,5,remarci_4x,0,false,false
00384ad1,f368442b8ff9d26f8671b0e28fe47af03946e766,e571b9fa32f25786fabe5a4cb8485930318b396c,true,ps2 textures\HAS ALPHA\bp_remade\no_mip_fixes\ui,false,true,5,remarci_4x,0,false,false
0038e7a7,99e687776e388260f2cdbaeffbb91f19c0425d2a,61e89d62ad12aaa19c7b22dce4fac070bf420946,true,ps2 textures\HAS ALPHA\bp_remade\no_mip_fixes\ui,false,true,5,remarci_4x,0,false,false
0038f08e,f3fd4d4ff941f0f25bfb91800f178067798117d6,883084675813c7457eb8660692244883da94aad6,true,ps2 textures\HAS ALPHA\bp_remade\no_mip_fixes\ui,false,true,5,remarci_4x,0,false,false
0038f2a7,7a1f54c4b310204cb5e28ef4b9c56fe96a040421,693785fa8d2df6386c6a3453d5f98c4a97ede054,true,ps2 textures\HAS ALPHA\bp_remade\no_mip_fixes\ui,false,true,5,remarci_4x,0,false,false
0038f2a7_09a2e59f677ae755c7156ae89bea86a9,730ea3ec913465ebb50097eef51cefabd4607d4b,0d0d7aac2359901321d0fc1cdbf18d7f3d436a75,true,ps2 textures\HAS ALPHA\bp_remade\no_mip_fixes\ui,false,true,5,remarci_4x,0,false,false
0038f2a7_506b55e6b21d5eaec73ca5aa5ffb9a36,ef7cfe3e3671156a6485d56581382139422a34c3,bb0f2fefea6b76ccbff0911806867da94a3673ef,true,ps2 textures\HAS ALPHA\bp_remade\no_mip_fixes\ui,false,true,5,remarci_4x,0,false,false
0038f2a7_be3ef19531b3a85625ef614280f2874c,813dbcf7c88ee79b9d5057db5e4a32f915611441,9841d2fb01642cb867941f6a68df745a8f32ad45,true,ps2 textures\HAS ALPHA\bp_remade\no_mip_fixes\ui,false,true,5,remarci_4x,0,false,false
003954fa,01ee300d50e8a171e48a1796ec9770badcd3a45f,7e8a9ce069136190fd38d119bbc66f8d94420cdc,true,ps2 textures\HAS ALPHA\bp_remade\no_mip_fixes\ui,false,true,5,remarci_4x,0,false,false
003997fd,fc6fba8c1230940aab62e6112db7ade102b04176,dc58ca13b3a6dd293d570dd6fac1117e211c9ef0,true,ps2 textures\HAS ALPHA\bp_remade\no_mip_fixes\ui,false,true,5,remarci_4x,0,false,false
003997fd_58fcdefef3f7eda79d7e4a9f65f040ed,7e0cfa1d55a730fb6fcc0590b0cba2ef5edb75cd,b946a6441f0ec8874c7e7f96c8f31a8c4d50b0dd,true,ps2 textures\HAS ALPHA\bp_remade\no_mip_fixes\ui,false,true,5,remarci_4x,0,false,false
0039af8a,1f0cabe6c54fc14aee440ce11d93273f625ce5eb,1ff50e5172276d601bc48f652d57ee9299e7bf07,true,ps2 textures\HAS ALPHA\bp_remade\no_mip_fixes\ui,false,true,5,remarci_4x,0,false,false
003a4ad1,c639df28ce5a7747c9175cf0295a4e93acbb5102,3822bf68d33201d3dd35efec9a1f64663c655c71,true,ps2 textures\HAS ALPHA\bp_remade\no_mip_fixes\ui,false,true,5,remarci_4x,0,false,false
003a8d29,556f39aa66d76b8d78cfa430887f9d1af16f0288,f5e96093b0153d658936c07a192f25f6d0ea6fa1,true,ps2 textures\HAS ALPHA\bp_remade\no_mip_fixes\ui,false,true,5,remarci_4x,0,false,false
003aa501,cb799f0b2d16762e893bab89a9dda5587ed19228,f676dc62670dce5eb2b115a7355be8a8c14e9040,true,ps2 textures\HAS ALPHA\bp_remade\no_mip_fixes\ui,false,true,5,remarci_4x,0,false,false
003c4ad1,5d09d8fdb9fbb3d993df13a6bb1037908885ef52,5a90352d73f97e70843ce94e1292c91d931322d8,true,ps2 textures\HAS ALPHA\bp_remade\no_mip_fixes\ui,false,true,5,remarci_4x,0,false,false
003c8502,f02e55afb9580a9986a9cdeeec95a55290f15210,8d1f309b3cd44b76e0db4d700dd19f85b6a506a1,true,ps2 textures\HAS ALPHA\bp_remade\no_mip_fixes\ui,false,true,5,remarci_4x,0,false,false
003d8502,9fdef2e823d1d1ee29ab026b6d9a4cf14ba483ac,4234ab16fe02ddc560961182b48efc12528093ce,true,ps2 textures\HAS ALPHA\bp_remade\no_mip_fixes\ui,false,true,5,remarci_4x,0,false,false
003e4ad1,8f1a2b2ebcc6b8c2455e1e3c001573d24e87807f,bb72a3ffa663b58b288b514d629966171df4ccbe,true,ps2 textures\HAS ALPHA\bp_remade\no_mip_fixes\ui,false,true,5,remarci_4x,0,false,false
003e8502,94a980ff474671a3cef19863ae8a55fd716fdc5e,5f84184237e63886bf4ae7b3d75c50b38c93a249,true,ps2 textures\HAS ALPHA\bp_remade\no_mip_fixes\ui,false,true,5,remarci_4x,0,false,false
003e9364,ca86c4d32f9a8c21933ef793ab967dfd0df8774d,10352e019e1910325a5c367c662d6f4ee9006fa3,true,ps2 textures\HAS ALPHA\bp_remade\no_mip_fixes\ui,false,true,5,remarci_4x,0,false,false
003f8502,fa205d607f9e8b1bda22feda4fc5f78a91483905,faa18f6e414f4d28e9d03b78bafd1e577d76aad7,true,ps2 textures\HAS ALPHA\bp_remade\no_mip_fixes\ui,false,true,5,remarci_4x,0,false,false
003fc7c9,a95085f9de1d7f1cd8cbc4164d218b5a6794748b,c537f9d10888e028148a9fda302f29e4ea547a97,true,ps2 textures\HAS ALPHA\bp_remade\no_mip_fixes\ui,false,true,5,remarci_4x,0,false,false
00404ad1,213399e239bea889c79ca918a3779399b904b832,a030833883a14a8d70d93564c371bf1ee53e09d5,true,ps2 textures\HAS ALPHA\bp_remade\no_mip_fixes\ui,false,true,5,remarci_4x,0,false,false
00408502,c9b53a46366b30916abec909b58d2d300fb0687f,a8f43349607f3de72ed7876c965969c63cd38725,true,ps2 textures\HAS ALPHA\bp_remade\no_mip_fixes\ui,false,true,5,remarci_4x,0,false,false
0040cd15,ab2ac25fe7d6ca779d7d26496e47e723d4a4ce9b,b4d65d6833c49b29e4ae54df9499479c03ad7cfa,true,ps2 textures\HAS ALPHA\bp_remade\no_mip_fixes\ui,false,true,5,remarci_4x,0,false,false
0040eac3,f5f1e2e8bcb37aea7f4baeeb8c8006c3959bd68b,b005e9f6a66186f434789a641aad558f94d10a8f,true,ps2 textures\HAS ALPHA\bp_remade\no_mip_fixes\ui,false,true,5,remarci_4x,0,false,false
00418502,6cad66803786eaa1903f7594481307c34849d3b2,26bc0dbb189290e59f6a34f821a68f0a03d0bfbd,true,ps2 textures\HAS ALPHA\bp_remade\no_mip_fixes\ui,false,true,5,remarci_4x,0,false,false
0041eac3,27bddcc85bd997316ab6ac2076a35a6ac3851173,a5af98c2b696abefc4d4885e7691cd0395fba881,true,ps2 textures\HAS ALPHA\bp_remade\no_mip_fixes\ui,false,true,5,remarci_4x,0,false,false
00424ad1,bdda331a45e2d5d34fa5d5c6ff8ec704fd3d7056,4604e733c4b541bd8a457df9a86dc5413371e055,true,ps2 textures\HAS ALPHA\bp_remade\no_mip_fixes\ui,false,true,5,remarci_4x,0,false,false
00427069,5b8755b13ebce3f421fe6e9fd30a4fd412086621,589393c2b27a16e0f6bda9a9ff0e3f53ef1ca661,true,ps2 textures\HAS ALPHA\bp_remade\no_mip_fixes\ui,false,true,5,remarci_4x,0,false,false
00428502,59168c3ad12bca2509509a29fcb769a38792ab18,2e253a80c7e569fc8e629888f00d9d630f4af5ac,true,ps2 textures\HAS ALPHA\bp_remade\no_mip_fixes\ui,false,true,5,remarci_4x,0,false,false
0042eac3,e168edba033d0fec1aa01130bfe313a65636313a,5108e00796888e8508484eed064acc33d3bdf30e,true,ps2 textures\HAS ALPHA\bp_remade\no_mip_fixes\ui,false,true,5,remarci_4x,0,false,false
0043eac3,5736ad9bb29bb7d6213aa4e9fba1c495bd750be5,f58752168df5bd597f7db387e3fa642bc776904f,true,ps2 textures\HAS ALPHA\bp_remade\no_mip_fixes\ui,false,true,5,remarci_4x,0,false,false
00443f1d,684e054e47f647b065429f8d13c244107dc76608,d8e48783deaf9723f4353f9adfbd7342df52aea9,true,ps2 textures\HAS ALPHA\bp_remade\no_mip_fixes\ui,false,true,5,remarci_4x,0,false,false
00445c5a,3ba7006bbf3c58201aab97b56851954717938187,89321723a66d031ecafa5732aea8074d4e460ad1,true,ps2 textures\HAS ALPHA\bp_remade\no_mip_fixes\ui,false,true,5,remarci_4x,0,false,false
00453f1d,7a409498e570981facc39eb06a26d4be93c43709,dc22a07f1d8e8c7c9957e4ce6094711c9b363fdb,true,ps2 textures\HAS ALPHA\bp_remade\no_mip_fixes\ui,false,true,5,remarci_4x,0,false,false
004579c8,95447c1de709460c3d3db3635bb2752ccf78aa77,341f7f610d3e260a27fd22c733cf23715faa9887,true,ps2 textures\HAS ALPHA\bp_remade\no_mip_fixes\ui,false,true,5,remarci_4x,0,false,false
00459114,e17191a4550650da82f5976d7f66b9443d60fa54,fd414502137eb66c44f0df582945a8cbc64b1a9c,true,ps2 textures\HAS ALPHA\bp_remade\no_mip_fixes\ui,false,true,5,remarci_4x,0,false,false
004613c2,b741f4d927236b2f516ead20a638990a30febc77,b227b01742b015b7472294515e59a4dd0affcc5d,true,ps2 textures\HAS ALPHA\bp_remade\no_mip_fixes\ui,false,true,5,remarci_4x,0,false,false
00463f1d,fd7301ea46263e001db7f5e30bfa5800be6780fb,76208e0e8643aa1860b7202bc5b88f5e43a87e7c,true,ps2 textures\HAS ALPHA\bp_remade\no_mip_fixes\ui,false,true,5,remarci_4x,0,false,false
00469114,80a2574f996438ac39b3ac3f2678cc84d176e584,efa3a373f6f82b2f9d261d2f3826116e10b6f4a0,true,ps2 textures\HAS ALPHA\bp_remade\no_mip_fixes\ui,false,true,5,remarci_4x,0,false,false
00470ccd,663207a83e2a39dfff2ada336c5466b71b513c79,acce3e5407a71ddab1a4819bf4032c1da79e6373,true,ps2 textures\HAS ALPHA\bp_remade\no_mip_fixes\ui,false,true,5,remarci_4x,0,false,false
00470d4d,81c2ab90f57fbe9dbe7fc9bf213d043232260a19,5f79396f36d609ddcb46d2b122e10749c6bfa009,true,ps2 textures\HAS ALPHA\bp_remade\no_mip_fixes\ui,false,true,5,remarci_4x,0,false,false
00470dcd,b3a3d0379607dfb38bc32505e40ae935f7831d70,8d2325f93e17e239f57affd77f47cfe9e29aac1c,true,ps2 textures\HAS ALPHA\bp_remade\no_mip_fixes\ui,false,true,5,remarci_4x,0,false,false
004750b0,299fac6893fdfd0149ba969936759f6c7d36e466,596e370e01960e9689c089bfcf944bee2a4ab579,true,ps2 textures\HAS ALPHA\bp_remade\no_mip_fixes\ui,false,true,5,remarci_4x,0,false,false
004750b0_b04d2410ad3d8dfa5e0f135d4c15d11e,6d8efceaa0d4b674d6a49b6c398e04843f396316,343240f22e16b497addec2bee01fae7525ad60ae,true,ps2 textures\HAS ALPHA\bp_remade\no_mip_fixes\ui,false,true,5,remarci_4x,0,false,false
004767e5,8db46344a174d97886b4590f0d0921b21edb033b,474a8c914e80c2b18f9e933d780326d5c8f3b212,true,ps2 textures\HAS ALPHA\bp_remade\no_mip_fixes\ui,false,true,5,remarci_4x,0,false,false
00479114,9f9d23fa93c1087fd87c7e98fd0868be1547d6e1,b1eae2508aba58cc7c3d6855049749114ff63047,true,ps2 textures\HAS ALPHA\bp_remade\no_mip_fixes\ui,false,true,5,remarci_4x,0,false,false
00481d9d,329031edc09c8ae78ac78dcb70d7b0155c4e716b,7503bd2c5f05bb812011c52c962d1592a8a77095,true,ps2 textures\HAS ALPHA\bp_remade\no_mip_fixes\ui,false,true,5,remarci_4x,0,false,false
004827bc,413b5af4d4bf766dd1a1733d21628dc61e73b707,ace58531afc799221e77f4135c308e751e08f5ec,true,ps2 textures\HAS ALPHA\bp_remade\no_mip_fixes\ui,false,true,5,remarci_4x,0,false,false
0048283c,a68f8b0178e9a040438d078ea61226ca679ff102,a51faf9afdb0011ae81e22b63570a17870cd7a23,true,ps2 textures\HAS ALPHA\bp_remade\no_mip_fixes\ui,false,true,5,remarci_4x,0,false,false
004828bc,12889e9b64638141934d8bfe374db2285d9a0a7d,8d06dae103a3ce3d08966b4d59c64dbdf68df72a,true,ps2 textures\HAS ALPHA\bp_remade\no_mip_fixes\ui,false,true,5,remarci_4x,0,false,false
0048293c,395b236eeb2fde8b340618696bdf733c609b18c1,26939569cca56f10b1edfd0f1135f9f130f34c1a,true,ps2 textures\HAS ALPHA\bp_remade\no_mip_fixes\ui,false,true,5,remarci_4x,0,false,false
004829bc,47110c39535c2f9d38087a28687721d347acb685,e6075e3cc32ef1a8a34f87d652c95930267a167d,true,ps2 textures\HAS ALPHA\bp_remade\no_mip_fixes\ui,false,true,5,remarci_4x,0,false,false
00482abc,56356585f59b8bbfd449a1183ca0c151f043c017,159b1dbeef5ffa49bc2638eb75af58135b3b6af1,true,ps2 textures\HAS ALPHA\bp_remade\no_mip_fixes\ui,false,true,5,remarci_4x,0,false,false
00482b3c,fed862e90d1815a7d7d88afe6717ef6f4291ec45,3cb560007577ce0443c0a6989cf36e1f67108056,true,ps2 textures\HAS ALPHA\bp_remade\no_mip_fixes\ui,false,true,5,remarci_4x,0,false,false
004836bc,8d35916d18783a005cd6d3cd41058067d52568be,e4c29a0ae1d0d608f2a962f23042bffe1d72ca04,true,ps2 textures\HAS ALPHA\bp_remade\no_mip_fixes\ui,false,true,5,remarci_4x,0,false,false
0048373c,9ad4084c0f9cefa5c50745cb387cad3e6534441e,d1986abc095c770d7395fdb7941d3b73d359edbc,true,ps2 textures\HAS ALPHA\bp_remade\no_mip_fixes\ui,false,true,5,remarci_4x,0,false,false
004867e5,4779ccf2e34bbf45f3dccdd23450a1f24265b390,dec614c708e6193d5e47d915c66e0f8dba2c5ce8,true,ps2 textures\HAS ALPHA\bp_remade\no_mip_fixes\ui,false,true,5,remarci_4x,0,false,false
00487b63,4b0fa929b32962efeb9489edf213973aea8f4c99,d802a6ba52e1d9ee73df498b567000bb19eb18ee,true,ps2 textures\HAS ALPHA\bp_remade\no_mip_fixes\ui,false,true,5,remarci_4x,0,false,false
00491714,0deb3c6b641b857efe04cbcc8dc1a3f67798e20c,a90314b081224625b5f32d61379947b423fe27a8,true,ps2 textures\HAS ALPHA\bp_remade\no_mip_fixes\ui,false,true,5,remarci_4x,0,false,false
00491d9d,96e38cd5a6987b22ae6133e414f361974998239c,40b530d867f3c6c216886e7489546265424577fd,true,ps2 textures\HAS ALPHA\bp_remade\no_mip_fixes\ui,false,true,5,remarci_4x,0,false,false
004967e5,d1f83e867b5c7d828c038a6ced5b2d5b8f9f7227,b3357de67c0d5a0931b6a8ef904a283de4c7459d,true,ps2 textures\HAS ALPHA\bp_remade\no_mip_fixes\ui,false,true,5,remarci_4x,0,false,false
00497b63,e8b53a15dacd0cfd7e6a7d32f88d3bb3aa28ee25,26b5192470e4b0d0f487f6b0366d3f993175007a,true,ps2 textures\HAS ALPHA\bp_remade\no_mip_fixes\ui,false,true,5,remarci_4x,0,false,false
004a67e5,fe8bfd1a4af8ae70d9381ad1b63d2c086aaf67c1,8ed865166f34bf1a666081c0b07875e372ffa37a,true,ps2 textures\HAS ALPHA\bp_remade\no_mip_fixes\ui,false,true,5,remarci_4x,0,false,false
004a7b63,7c1eb6561cb8bdd68bdb66d82b7c138746300c50,b5f33ee7e57f62448f0845a5c54c5176478ee687,true,ps2 textures\HAS ALPHA\bp_remade\no_mip_fixes\ui,false,true,5,remarci_4x,0,false,false
004acd8a,c27e65a693af0219efb1e1023d40f89b6d98b3ee,7e1f659f7013cf4c3f64df33545f263065672e7e,true,ps2 textures\HAS ALPHA\bp_remade\no_mip_fixes\ui,false,true,5,remarci_4x,0,false,false
004b67e5,b45a4dafbec1002f68d9ad55db3adf44ea4721a7,81f8d8abf14270e4bdb44898263440f188aa6112,true,ps2 textures\HAS ALPHA\bp_remade\no_mip_fixes\ui,false,true,5,remarci_4x,0,false,false
004b7b63,b15373c01a5d61cec0d586a9f2af23ece88439e6,14c8db1f1e3235b2da1c9de52710c9e4c21e6762,true,ps2 textures\HAS ALPHA\bp_remade\no_mip_fixes\ui,false,true,5,remarci_4x,0,false,false
004c1d9d,ec071200b2041a5d8513f5db6f752b64eddcca16,89ac3b0825a1cf77b217a21200f58c81a7b28b1f,true,ps2 textures\HAS ALPHA\bp_remade\no_mip_fixes\ui,false,true,5,remarci_4x,0,false,false
004c67e5,163dcb88cef6010283019c7a332fed79ed0d8fab,51d2c8be197eb1829701055cb31fa1bc79806fab,true,ps2 textures\HAS ALPHA\bp_remade\no_mip_fixes\ui,false,true,5,remarci_4x,0,false,false
004c943d,c29f5b5d3b784280b2f9636eb659a0947344453e,0210a5c034b946993471d2a6fad74dcc84bfc976,true,ps2 textures\HAS ALPHA\bp_remade\no_mip_fixes\ui,false,true,5,remarci_4x,0,false,false
004c9773,94fdcd1d89c2ec4d168c9060551a8ba506534c9b,8268a1f7e07e2d5eacdd7be97d43d2f13259126c,true,ps2 textures\HAS ALPHA\bp_remade\no_mip_fixes\ui,false,true,5,remarci_4x,0,false,false
004cb10a,39ea5231aad70cab3eaf09b485f854108819597d,a01b441cf1a9d77ac0513e48917bb4304da13853,true,ps2 textures\opaque\bp_remade\no_mip_fixes\ui,true,true,5,remarci_4x,0,false,false
004cf0ba,e58ab6b85fb2f41203f2e329e899036ebba4a530,27aefb536f4e25967d62f0264e374174dfd5c7af,true,ps2 textures\HAS ALPHA\bp_remade\no_mip_fixes\ui,false,true,5,remarci_4x,0,false,false
004d1d9d,188c538daca360371e8f40ef6833d406b0bc2a84,7d5f02bab22aaa48788eaafd6b298a346e6cc78d,true,ps2 textures\HAS ALPHA\bp_remade\no_mip_fixes\ui,false,true,5,remarci_4x,0,false,false
004d3971,27ce6e0e8477bf48802dd0464f721e3d40e51205,9bd7e769b89e93d5530465b2516516a86e30a13e,true,ps2 textures\HAS ALPHA\bp_remade\no_mip_fixes\ui,false,true,5,remarci_4x,0,false,false
004dd2d1,3c91b040d8925c7f539ba13a7a1260fdac8b9b56,133e1ff7bf9a8d315c06bd2bfdb3c5964344cfe9,true,ps2 textures\HAS ALPHA\bp_remade\no_mip_fixes\ui,false,true,5,remarci_4x,0,false,false
004e6292,a03685a95ee8784a2518d591210f4f25aa48d8c6,a8f8fcfba25e4c135d5bd0f2bcf784e45a92101c,true,ps2 textures\HAS ALPHA\bp_remade\no_mip_fixes\ui,false,true,5,remarci_4x,0,false,false
004e93c9,4510a63963c7748aadf5dc44d97e1a00ff3faa33,915c63d991f6a537b648f3a3fa55da6c993aebae,true,ps2 textures\HAS ALPHA\bp_remade\no_mip_fixes\ui,false,true,5,remarci_4x,0,false,false
004f1d9d,6d7c53edb59f2482da2a2c5d847a3f8b4323b8de,9ab713637d0efa1a97d56410d68ac522deb8edf2,true,ps2 textures\HAS ALPHA\bp_remade\no_mip_fixes\ui,false,true,5,remarci_4x,0,false,false
004f1d9d_86994cb2425e706d85d38eb0d74da538,f881e230378d70d2719b694ba781fa9ab706a6f5,bda44ddb3940b303873b8a0e9229c09bbac98626,true,ps2 textures\HAS ALPHA\bp_remade\no_mip_fixes\ui,false,true,5,remarci_4x,0,false,false
00501d9d,16ce2761bef2dca32a6ea260d0f34bdf47442a2b,963eae46dc6793b2244b283331047a13d88a3d57,true,ps2 textures\HAS ALPHA\bp_remade\no_mip_fixes\ui,false,true,5,remarci_4x,0,false,false
00501d9d_1914ca0e502000992f2d09f0b7a86868,7e74c61414d153832d4608996cd5807661f448d3,0e0b3288b2d95e263c6acfb00975c8da1530bec9,true,ps2 textures\HAS ALPHA\bp_remade\no_mip_fixes\ui,false,true,5,remarci_4x,0,false,false
005155d8,73939febef7c2454a9721976fa7b1182504401e2,b9f706a04b2c4f4e59dc5d357f44f0277995ef1b,true,ps2 textures\opaque\bp_remade\no_mip_fixes\ui,true,true,5,remarci_4x,0,false,false
005255d8,81693501d60f7c090cb187e107ccd4e097b4913d,131a09abeeef79a02b5248eb8e2d4384e9fbabb2,true,ps2 textures\opaque\bp_remade\no_mip_fixes\ui,true,true,5,remarci_4x,0,false,false
0052f1a8,fdc2230e452e4535e41db144454cd0dc919670fd,1c75912736556b605104d5e24b5c7aa9eecb3912,true,ps2 textures\HAS ALPHA\bp_remade\no_mip_fixes\ui,false,true,5,remarci_4x,0,false,false
005355d8,b069518c58c8dfb81f60a2e2559bb6606a0b7c5e,e467bfb3fd042ea4b5fc82f21d5f62ffd0e2cd81,true,ps2 textures\opaque\bp_remade\no_mip_fixes\ui,true,true,5,remarci_4x,0,false,false
0053852b,9851a2dda0a8514aba0ba8623b64cabe05e23376,bb6bdcbf9f0bffaeb3690e04d00ab6997b410783,true,ps2 textures\HAS ALPHA\bp_remade\no_mip_fixes\ui,false,true,5,remarci_4x,0,false,false
0053d14e,ac6ba1317c5f0214878570540eaa6c4992b8bab5,d3bf785a6d9180939d721e8f08d15926742e5b3b,true,ps2 textures\HAS ALPHA\bp_remade\no_mip_fixes\ui,false,true,5,remarci_4x,0,false,false
0053d891,04f1c4cf50448685a7e408faad68abe0e17985ba,59fe4f7e6e4cc5400d4b5768679e0198373dddeb,true,ps2 textures\HAS ALPHA\bp_remade\no_mip_fixes\ui,false,true,5,remarci_4x,0,false,false
005480d6,f58f50c18011f5d14f6be24eb572129926e0eccb,1562b03e31a3da616f0faac0d981d79719d667a3,true,ps2 textures\HAS ALPHA\bp_remade\no_mip_fixes\ui,false,true,5,remarci_4x,0,false,false
0055e1c2,cd6801b13711a26a643de393aaf96db8090c4e49,e11fc14fb92c12ddcd6f59d7b6519eec5f805d98,true,ps2 textures\HAS ALPHA\bp_remade\no_mip_fixes\ui,false,true,5,remarci_4x,0,false,false
0056e1c2,21840784dec1b5f8ecdcd0621348408c8c02deaa,157668283bfc5f01758d1dd2ef3323848647f9b1,true,ps2 textures\HAS ALPHA\bp_remade\no_mip_fixes\ui,false,true,5,remarci_4x,0,false,false
00585d21,6476a3ac08951ef231b0b3590ac45c20c3fc90a0,bdb91ffc4c38fcd51d6f660aafcf22fe9997e56c,true,ps2 textures\HAS ALPHA\bp_remade\no_mip_fixes\ui,false,true,5,remarci_4x,0,false,false
0059975e,fb16d4cc2ff7c39e0ae7fa2dbe6fd085c5d27ec0,3cc93225bb389f755263abbea580b460448f8542,true,ps2 textures\HAS ALPHA\bp_remade\no_mip_fixes\ui,false,true,5,remarci_4x,0,false,false
005be756,16d99445f62a6b0c07d7336b8459c0648164a621,4e94052f90b3361f242819551f9a81c7224a0f08,true,ps2 textures\opaque\bp_remade\no_mip_fixes\ui,true,true,5,remarci_4x,0,false,false
005d4f23,9fab1476251a5a12cfbeba2fe0613ebe36ac5f84,ca5ca5320b1875f6a57dba5af71d879f4930c4ce,true,ps2 textures\HAS ALPHA\bp_remade\no_mip_fixes\ui,false,true,5,remarci_4x,0,false,false
005d4f23_b39e4e9a25db3103157377fb4b8b0fec,bd71b501059383e12539b9b0e1dc024f9c693cd0,07ab6907ee98385881519e444620024f8537f287,true,ps2 textures\HAS ALPHA\bp_remade\no_mip_fixes\ui,false,true,5,remarci_4x,0,false,false
005d8f6f,703f22c9a3905cc2a15653ddb5c95dbba0e207fe,56c19cb715bd9d574ff3810bb8cedf3296e30c2f,true,ps2 textures\HAS ALPHA\bp_remade\no_mip_fixes\ui,false,true,5,remarci_4x,0,false,false
005db736,96f15d9cf0413f75345d727f34cec54b5f82a3d9,e2d8d626f24a3641f334ed3f008943bbabc04350,true,ps2 textures\HAS ALPHA\bp_remade\no_mip_fixes\ui,false,true,5,remarci_4x,0,false,false
005ef82e,61ca556e59cf78b843428eae5595067082f2cca4,466f6394ba83852dceee5122580a7ea9f2f27e92,true,ps2 textures\HAS ALPHA\bp_remade\no_mip_fixes\ui,false,true,5,remarci_4x,0,false,false
005fbe37,eb452aa1653f805d1969916149b50d008b767b38,f6b438e9e1330f5add0b914216016c9fb52b9d3f,true,ps2 textures\HAS ALPHA\bp_remade\no_mip_fixes\ui,false,true,5,remarci_4x,0,false,false
005ff82e,15c5664476fd72dce16825b72d49c06cf615a499,500d1f05e8c74ef486f825100a42f0ce5ea9573d,true,ps2 textures\HAS ALPHA\bp_remade\no_mip_fixes\ui,false,true,5,remarci_4x,0,false,false
005ff82e_177b36c205877f0112c491da63538970,907c602d24e0710327a8f9e42ac7272be5e41ad7,02a413769b6fd3098acc55d12fa3a2a5654c8db9,true,ps2 textures\HAS ALPHA\bp_remade\no_mip_fixes\ui,false,true,5,remarci_4x,0,false,false
005ff82e_f97787dc7fe63e42e80355f33d14a0d4,c0559dc0f8555c22b04024108a2d7717f5444cf7,c66889613a11e563f5cba4fe415cdb6ce4cfb18a,true,ps2 textures\HAS ALPHA\bp_remade\no_mip_fixes\ui,false,true,5,remarci_4x,0,false,false
0060f82e,704c2886c997197c3723cb6e73ea6a0c665e327e,84504edac46ee9e9d5c6066808dfaad5aeb90258,true,ps2 textures\HAS ALPHA\bp_remade\no_mip_fixes\ui,false,true,5,remarci_4x,0,false,false
0060f82e_0264bded5e12e838c3912158a2f4d769,608f0d03846fb1075261f447bff83a35b3b78ebd,c79e857b82fde5d27aec19fb4b66b5349a0deb87,true,ps2 textures\HAS ALPHA\bp_remade\no_mip_fixes\ui,false,true,5,remarci_4x,0,false,false
0060f82e_374e8e111c7b80fe71fb8546dc332f00,a20a17095c94e3e147b9ac6a89d0b3fa43b3f6a7,f8137c2ef7ef570222b5eb4f49a545ba3c8d0a96,true,ps2 textures\HAS ALPHA\bp_remade\no_mip_fixes\ui,false,true,5,remarci_4x,0,false,false
0061f82e,60fb920a5cc42b315d113a3b354e756b16a9ab2a,612924a16ceddae6659e8e1430cf048f47871131,true,ps2 textures\HAS ALPHA\bp_remade\no_mip_fixes\ui,false,true,5,remarci_4x,0,false,false
0061f82e_56a2e72ba853ea67570ccd655ca9d447,ca2a63889e39fd56bbdedfcc54620dc6657cf17a,cc95098acdb741be30400b5dee9635e7d2c0c51c,true,ps2 textures\HAS ALPHA\bp_remade\no_mip_fixes\ui,false,true,5,remarci_4x,0,false,false
0061f82e_ca18611ab4a038674f959c4e94e7aede,87859fc2ccb495efbd49852798682f9cf995d716,fdf29dc53876fb7a5cdf03f7da434ac84c266647,true,ps2 textures\HAS ALPHA\bp_remade\no_mip_fixes\ui,false,true,5,remarci_4x,0,false,false
006209d0,84eacbfe96916d6467138579e9f9bf87781a57ad,99c55638895590905369723691ab51ae8a412c8d,true,ps2 textures\opaque\bp_remade\no_mip_fixes\ui,true,true,5,remarci_4x,0,false,false
0062f82e,5de2487866d1f674c347c24f0013a5c11c3f9c11,2f09a16171742d8d3ec66a14f9a9085cc87bde08,true,ps2 textures\HAS ALPHA\bp_remade\no_mip_fixes\ui,false,true,5,remarci_4x,0,false,false
0062f82e_3db2c3061fabc2281c2dd6b4130eedb9,00c1079b0d701b2774ac6d1804f02c652fe48bf5,c9fbf146d1cd7a462ea1be133b37714d45deec38,true,ps2 textures\HAS ALPHA\bp_remade\no_mip_fixes\ui,false,true,5,remarci_4x,0,false,false
0062f82e_ca73d55a3d70d5450a3ed37eb948cb64,2b3af5010aeb8014152a6184645e4701a0833fb8,0b626713cce02595a85cd4041805957d355ae659,true,ps2 textures\HAS ALPHA\bp_remade\no_mip_fixes\ui,false,true,5,remarci_4x,0,false,false
0063f82e,a735fe310c6e9913395e969073774c0a8ca66e5a,9019283be2a105f65665786c576b571c9a16df87,true,ps2 textures\HAS ALPHA\bp_remade\no_mip_fixes\ui,false,true,5,remarci_4x,0,false,false
0063f82e_0d434fbe975ba169dfc89ffe2f3f2a27,2ffed43e6b559691bb7c6ebd8ce0de586acf473f,f35131dcf611f768de792c40c3268e7f274761d0,true,ps2 textures\HAS ALPHA\bp_remade\no_mip_fixes\ui,false,true,5,remarci_4x,0,false,false
0063f82e_52b985aaa92b3207cd49053dffbf523d,f74f5576007067f4126731af77b7315a50d22e6f,5d437f6e03c02cb0a4f83588d05929170b953cf0,true,ps2 textures\HAS ALPHA\bp_remade\no_mip_fixes\ui,false,true,5,remarci_4x,0,false,false
00645d05,bed055baed7cfe51fe5d8135d7343dea4fed7225,fa58d86d543634b205822e2b7150c20e6363d5ad,true,ps2 textures\HAS ALPHA\bp_remade\no_mip_fixes\ui,false,true,5,remarci_4x,0,false,false
0064f82e,ff61847c117e6eb3689cdecba86277507345f5bd,434b42eaee886165198c274177245537703b158c,true,ps2 textures\HAS ALPHA\bp_remade\no_mip_fixes\ui,false,true,5,remarci_4x,0,false,false
0064f82e_923078466946a3acdea05dbf22e0f6e7,5b022a17e83c8e98329cf417c66920d3a5390702,78944528c1b48e47ecf68765dba462d349959e02,true,ps2 textures\HAS ALPHA\bp_remade\no_mip_fixes\ui,false,true,5,remarci_4x,0,false,false
0064f82e_db973ad91fc30e3c42f866a3eb7d4d74,120d07e86b8781cb150d832a825c33ddbc3c8213,177712f60bf6c16bc68b645a453e32cadb173b87,true,ps2 textures\HAS ALPHA\bp_remade\no_mip_fixes\ui,false,true,5,remarci_4x,0,false,false
006597ed,0a756626e22cea113f8cd1e38640b8c0ad8e4a06,4cffb566fdf11a2030ae6c9069ae0439d289f475,true,ps2 textures\HAS ALPHA\bp_remade\no_mip_fixes\ui,false,true,5,remarci_4x,0,false,false
0065a618,86f90444c46c868d3660b76cd52d70562f7e44cc,5007d4bf26b43db6a78df28ca5f25567e2b96e23,true,ps2 textures\HAS ALPHA\bp_remade\no_mip_fixes\ui,false,true,5,remarci_4x,0,false,false
0065f82e,3b6b46950245c89bb29dca4bd2f97a1affeaa485,5c604c66ac807ee9139020b0d3c78b089b66e283,true,ps2 textures\HAS ALPHA\bp_remade\no_mip_fixes\ui,false,true,5,remarci_4x,0,false,false
0065f82e_599e1a822c915823a768daf1f6ee7174,5ab8f3eb031c2a2255de3f955825a38680df85df,ccaf9f958118ebee3c5f3409b998889070fd2b46,true,ps2 textures\HAS ALPHA\bp_remade\no_mip_fixes\ui,false,true,5,remarci_4x,0,false,false
00667ab6,464295762261b565876992f48218e4dde63182a8,990a6a9e5967c87995984a00868f44f688d24274,true,ps2 textures\HAS ALPHA\bp_remade\no_mip_fixes\ui,false,true,5,remarci_4x,0,false,false
00667ab6_ef3811ba64502191909b0210b17b8b02,d465e8452b06f44db3c6ad524d8baaf59bcd4591,f817abc477d11235c226ad9c683e41dd92a7ecaf,true,ps2 textures\HAS ALPHA\bp_remade\no_mip_fixes\ui,false,true,5,remarci_4x,0,false,false
006697ed,4f0164a1e41be39e24656dc90e4dbc740b4c6aa0,019fd94f7b7cd886bdb848c342a07ff9f525b694,true,ps2 textures\HAS ALPHA\bp_remade\no_mip_fixes\ui,false,true,5,remarci_4x,0,false,false
0066a618,5dfe30afd250b0df253328c57a8f4cccd7f7b924,5856e400195af3dad7b72f1be511a28247cbb937,true,ps2 textures\HAS ALPHA\bp_remade\no_mip_fixes\ui,false,true,5,remarci_4x,0,false,false
0066a618_476d380161520ae923d8f74ede9a2e8d,ad3009dc07abb384f74fdc80dbb746951983bab3,44921444a9187d4969e8249ea889bac0a378076f,true,ps2 textures\HAS ALPHA\bp_remade\no_mip_fixes\ui,false,true,5,remarci_4x,0,false,false
0066f82e,6e6ec1e77f01963549867dae67a8051f645601d3,24883ef00048a36d00544ad734228528d65d1684,true,ps2 textures\HAS ALPHA\bp_remade\no_mip_fixes\ui,false,true,5,remarci_4x,0,false,false
0066f82e_e37d08b66c98c80f675d8c6d9a2cebdb,a5a58491239bf94516c69e56f96767d95f5a6d21,654951f286f4b60117dca23b64f5b7676d2bb4de,true,ps2 textures\HAS ALPHA\bp_remade\no_mip_fixes\ui,false,true,5,remarci_4x,0,false,false
00671d9d,547580508fcc46f1c6a93ef243440d41efafa1da,9240545819cbc1101faa81d65dd18940b420d52a,true,ps2 textures\HAS ALPHA\bp_remade\no_mip_fixes\ui,false,true,5,remarci_4x,0,false,false
00675c5a,384ada3e4bad22ca79b5827ac27f7b12c458ad21,146126f1b4747bc33ad169c3befcae4de6698e3b,true,ps2 textures\HAS ALPHA\bp_remade\no_mip_fixes\ui,false,true,5,remarci_4x,0,false,false
00678eb1,3a056857887c8bf087f3db48021cda1cf14f6e1f,a35c44d24f947a6048ea4f2a0d37a8b432c94f60,false,ps2 textures\opaque\bp_remade\no_mip_fixes\ui,true,false,0,none,5,true,false
006797ed,b2ea0d2eb8fc090a2f0ba9de22a925b2ffe67aff,25c5d79adab9e42ac6ebc3fb7a4d0bba9b5aed96,true,ps2 textures\HAS ALPHA\bp_remade\no_mip_fixes\ui,false,true,5,remarci_4x,0,false,false
006797ed_78cb3fd6e3dcae58893fa3ca96da3211,f37e6d9f4cbaa70f989090081e6bf6b1e1e1ca77,0c40999829f4f1599dfbe5e340bad7b74c4b9325,true,ps2 textures\HAS ALPHA\bp_remade\no_mip_fixes\ui,false,true,5,remarci_4x,0,false,false
0067a618,db4fbce06d942330df8c76622608ebcb15c4483c,22aa662c8430c73280577b581d55fae41ecf16cd,true,ps2 textures\HAS ALPHA\bp_remade\no_mip_fixes\ui,false,true,5,remarci_4x,0,false,false
00681d9d,d802b72811144a047329ac1eac18b265621ce201,5aa0f8d7e5bf5f41694edddf1574b128172ec8e0,true,ps2 textures\HAS ALPHA\bp_remade\no_mip_fixes\ui,false,true,5,remarci_4x,0,false,false
00689021,499b4781a6fb163e9cf1f2a6a8911428010d9c13,062962b0f919f2767be3b9d0b34e8da6838a6f03,true,ps2 textures\HAS ALPHA\bp_remade\no_mip_fixes\ui,false,true,5,remarci_4x,0,false,false
006893ec,6834d447a8a317e68675017fb2f2d4bd58774f84,ea7fcc343d376800fea5305d5c9b5104f28fc62a,true,ps2 textures\HAS ALPHA\bp_remade\no_mip_fixes\ui,false,true,5,remarci_4x,0,false,false
006897ed,fe7c1edeae8e9a58329c3e35625503443bddd5a7,e6d55bb729fafeea2aeeb1d1691dbced19b050d6,true,ps2 textures\HAS ALPHA\bp_remade\no_mip_fixes\ui,false,true,5,remarci_4x,0,false,false
006897ed_b5a6bb72c760a236a2c84a220920037b,663e64820b7f873e606c499985cf8aa29fca5156,9ff5f0c233a005d2a07f756d216f06e8c875228f,true,ps2 textures\HAS ALPHA\bp_remade\no_mip_fixes\ui,false,true,5,remarci_4x,0,false,false
0068a618,9f713b60a14e00fbf3ef93d483d78ef61476c8f0,50e0b30045dbc39012055200aebb4eade5132f9c,true,ps2 textures\HAS ALPHA\bp_remade\no_mip_fixes\ui,false,true,5,remarci_4x,0,false,false
0068a618_ba9ef0a583a2d517886f9b6c53e96e92,ced9beeedeb00612a2472c7693b7bc7015a7f6d0,6518ee952861da87601fc177c054ac314297b47b,true,ps2 textures\HAS ALPHA\bp_remade\no_mip_fixes\ui,false,true,5,remarci_4x,0,false,false
00691d9d,887bc27cd62503e39acce47737b880f246c74d16,981b44585fb290ad2b112ddf7a9e4a3bfb16ef8f,true,ps2 textures\HAS ALPHA\bp_remade\no_mip_fixes\ui,false,true,5,remarci_4x,0,false,false
00699021,2e96adcf413e14bb9f8b55e12b34496a9a24870b,8445c7898cacebb53f7f76e26d19fdcd925104e7,true,ps2 textures\HAS ALPHA\bp_remade\no_mip_fixes\ui,false,true,5,remarci_4x,0,false,false
006997ed,e7cdb3b9505f13e2347904e1758e671ee736292b,15f37fc262a0d2cff28969edab10fc6d0ff98c51,true,ps2 textures\HAS ALPHA\bp_remade\no_mip_fixes\ui,false,true,5,remarci_4x,0,false,false
006997ed_b20d65f1089467ce6fec4d3a8c8134c8,4acc110e95bfd87b5ce68631873d16b4e598696d,264ad07239148da22303ed4096ff612e872ac994,true,ps2 textures\HAS ALPHA\bp_remade\no_mip_fixes\ui,false,true,5,remarci_4x,0,false,false
0069e496,4691d396e893d879759c3e8f6d2317f40dffb379,ea685c5abcd57de7269ea3a2a78cdac677b096d1,true,ps2 textures\HAS ALPHA\bp_remade\no_mip_fixes\ui,false,true,5,remarci_4x,0,false,false
006a97ed,0fdef993d4cdde05f27987e32a95c9bfec78f8eb,97433ae136719adc22d5df5742599efa55299ad9,true,ps2 textures\HAS ALPHA\bp_remade\no_mip_fixes\ui,false,true,5,remarci_4x,0,false,false
006a9dfd,b2e16df7801d67f41144cf2f4dd49d5f1ed205fd,25be3861e66cdc5c2033f23dc3460841f8d849e4,true,ps2 textures\HAS ALPHA\bp_remade\no_mip_fixes\ui,false,true,5,remarci_4x,0,false,false
006aa618,6e0ea3c2edc18b0e2d537195f5b16010cf4b43c2,5602aedbf2bc1ebe602351802e6f0b23ac151a88,true,ps2 textures\HAS ALPHA\bp_remade\no_mip_fixes\ui,false,true,5,remarci_4x,0,false,false
006aa618_5e5881ab87a4498b100e3983cca31058,b8d4a2453649cd2a69b5297e17034f812911f6cb,89153454ddd9b737ca47dde4f6eb817f05838efb,true,ps2 textures\HAS ALPHA\bp_remade\no_mip_fixes\ui,false,true,5,remarci_4x,0,false,false
006af2ba,17735de3c1ab3a6896ef3ba20f60929a7ce26581,d4a65b6fbb82cacfc390fabf184d05b70b44d773,true,ps2 textures\HAS ALPHA\bp_remade\no_mip_fixes\ui,false,true,5,remarci_4x,0,false,false
006af2bb,31143d4c627404f60ee2acfcb926abd9e83c1e71,dc6f108f2171235b0791a168dd17023f1f4224f0,true,ps2 textures\HAS ALPHA\bp_remade\no_mip_fixes\ui,false,true,5,remarci_4x,0,false,false
006b325b,4311072e9c06fa308b0da0dbd2bd73b1ceb8c77d,f924ef327a8177799b827f0d2fa0fdc907fca0a9,true,ps2 textures\opaque\bp_remade\no_mip_fixes\ui,true,true,5,remarci_4x,0,false,false
006b508f,9f6396458f49c95d1dfd2deda6ffffd4da4dcedb,b8f9b16a722e0b6687ed28ff44e14c1fc550ecbb,true,ps2 textures\HAS ALPHA\bp_remade\no_mip_fixes\ui,false,true,5,remarci_4x,0,false,false
006b5ae3,48e76d2755b7196ea2a99e8a37af9553b403efc2,a7a48b81b9168acfcd7baf0b59c6ea1b232b3d1e,true,ps2 textures\opaque\bp_remade\no_mip_fixes\ui,true,true,5,remarci_4x,0,false,false
006b9021,279473f9d55dc312f6e4f350d536987c07fe5264,e8354827d3af18266ac457af50c10dd15d16ebec,true,ps2 textures\HAS ALPHA\bp_remade\no_mip_fixes\ui,false,true,5,remarci_4x,0,false,false
006b97ed,41a8dffe3e89f47b26f39a967acf259a96671f19,17765825a091a0227eb32474a65e38928e38254d,true,ps2 textures\HAS ALPHA\bp_remade\no_mip_fixes\ui,false,true,5,remarci_4x,0,false,false
006ba618,47880ce02028e9174ca3f8a08ee3c4b647463c1d,7981dabae17554eccbe03021cf348a63550d75c5,true,ps2 textures\HAS ALPHA\bp_remade\no_mip_fixes\ui,false,true,5,remarci_4x,0,false,false
006baeb5,b67fc48bb99f4b1d0f11c75b9147a9046a99c8cd,acbb425e1afe793034e0075bbd132a22ab562581,true,ps2 textures\HAS ALPHA\bp_remade\no_mip_fixes\ui,false,true,5,remarci_4x,0,false,false
006bcf85,359c721b990561f67c07a2df236228837d186fc3,55e8311c547d331f39269305b6fcecb3c1a71edd,true,ps2 textures\HAS ALPHA\bp_remade\no_mip_fixes\ui,false,true,5,remarci_4x,0,false,false
006bcf85_3bbce8b6d10a47883f9038737995145a,b4fc8c5593e3ed5a215966d260ab9f51f861a20a,8eee13a7059ff1d97cc83a98f95ecfe54aadcd6b,true,ps2 textures\HAS ALPHA\bp_remade\no_mip_fixes\ui,false,true,5,remarci_4x,0,false,false
006bf7fe,1e416b67aa842cd198e5a61623efab8ca26c8299,04b021cd9876660f5623e816632d1e89eece5b70,true,ps2 textures\HAS ALPHA\bp_remade\no_mip_fixes\ui,false,true,5,remarci_4x,0,false,false
006c556d,67fef0ba21f28db0f6812ca20082b421dc6854a6,026b83fce50b1efb7120d67232b633d240c30057,true,ps2 textures\HAS ALPHA\bp_remade\no_mip_fixes\ui,false,true,5,remarci_4x,0,false,false
006c9021,eb3f3ca02e078b916147808147a445b1a34adc5f,3f0ecc545b77c21346a89f466ba9db2d2c49cc3d,true,ps2 textures\HAS ALPHA\bp_remade\no_mip_fixes\ui,false,true,5,remarci_4x,0,false,false
006c97ed,04cf39789b2aaa80ec6576e9cb2df2b022fe0df2,a494c8bb3bfd0b7a9a67c1bc46ede3d1ab7c28af,true,ps2 textures\HAS ALPHA\bp_remade\no_mip_fixes\ui,false,true,5,remarci_4x,0,false,false
006caeb5,5857f7cd32883b8febc857c7f3d375da3126b0b4,e50cf33316df0442dff6f1ee55785b85df2a310e,true,ps2 textures\HAS ALPHA\bp_remade\no_mip_fixes\ui,false,true,5,remarci_4x,0,false,false
006cc7ed,b495da31550088d23875f0ee972c4b3b9387116c,4d669cd57056d606fe6a0f0ba42a028c4ff0df1a,true,ps2 textures\HAS ALPHA\bp_remade\no_mip_fixes\ui,false,true,5,remarci_4x,0,false,false
006d556d,4947ea0a1f5470dd9432125446dec078d086814d,61db23ea56abdd8c84708c12ff62942654c62fc6,true,ps2 textures\HAS ALPHA\bp_remade\no_mip_fixes\ui,false,true,5,remarci_4x,0,false,false
006d9021,a228a96bae4282dfeae50c1ca625aad6ef1aecfb,152b3d1e43e6d1c5c29190858a19afd443fbe9c5,true,ps2 textures\HAS ALPHA\bp_remade\no_mip_fixes\ui,false,true,5,remarci_4x,0,false,false
006d97ed,e49f7a7aecdc56a721cc5ac5b34d84ea2fdea0d9,30c14fd81e2486943919909e6ae5764c81ca4695,true,ps2 textures\HAS ALPHA\bp_remade\no_mip_fixes\ui,false,true,5,remarci_4x,0,false,false
006daeb5,f4158685a5a033533bd4a3f50b793f632bcdc7ad,77625744b1eb5844c896ae7223a255d9acb26594,true,ps2 textures\HAS ALPHA\bp_remade\no_mip_fixes\ui,false,true,5,remarci_4x,0,false,false
006e6ff1,a9b7fe4a550842192517f1229aeeec1ccdde82a6,07d552f6f7d41d8d4dca839aa710853eff4448c4,true,ps2 textures\HAS ALPHA\bp_remade\no_mip_fixes\ui,false,true,5,remarci_4x,0,false,false
006e99ea,bdb4b497ee15ab4905fa5ce51a897cac169160ee,80c46dda414d32542bd7846a87d86e890dfb0882,true,ps2 textures\HAS ALPHA\bp_remade\no_mip_fixes\ui,false,true,5,remarci_4x,0,false,false
006eaeb5,5336e28c1f220e01b72d30df4ea35a4c9a9b32fe,376cdf0f88bd34cffb09bf27a28c65efa4a6181e,true,ps2 textures\HAS ALPHA\bp_remade\no_mip_fixes\ui,false,true,5,remarci_4x,0,false,false
006f2b75,a9aae15670e7ec180312b985eddf62fd180a3aba,8c5499903102494e87baea2580317903109094e4,true,ps2 textures\HAS ALPHA\bp_remade\no_mip_fixes\ui,false,true,5,remarci_4x,0,false,false
006f6ff1,ffffb4bc78fb9ae3f98cebf7193a90aabab0c723,7ae3ca7137f14ab374bc32ffa82cbe2a7ccac619,true,ps2 textures\HAS ALPHA\bp_remade\no_mip_fixes\ui,false,true,5,remarci_4x,0,false,false
006f7421,628be38c8ddf8634ecb28bf19d0fbd23a0c73957,ab3a0cc332000ba70d7e4510486141883121ed2c,true,ps2 textures\HAS ALPHA\bp_remade\no_mip_fixes\ui,false,true,5,remarci_4x,0,false,false
006faeb5,40587bc8e75e385d011136c03596375ec2c9e5ed,34f9e76f35af9a2f99d794faa3592061ff34f1c1,true,ps2 textures\HAS ALPHA\bp_remade\no_mip_fixes\ui,false,true,5,remarci_4x,0,false,false
00704ad1,0ae39a4827298894d4f58cf8eec2949cc3fb741f,e242e53059b19cd3d74aec918ac8bdf0b18f2053,true,ps2 textures\HAS ALPHA\bp_remade\no_mip_fixes\ui,false,true,5,remarci_4x,0,false,false
00706ff1,d3f257b771e466bbb331ac16ebbd2c47e6f72747,b85c6d0f3b58e48c8ff079120d596b4b3aa76999,true,ps2 textures\HAS ALPHA\bp_remade\no_mip_fixes\ui,false,true,5,remarci_4x,0,false,false
0070aeb5,0a511f3be9532fcea386dc5b583c8d774e2793d8,cf7a3d31274a6189227544d77f108af1adaf1d6f,true,ps2 textures\HAS ALPHA\bp_remade\no_mip_fixes\ui,false,true,5,remarci_4x,0,false,false
00710601,35c8c6a744ee5951ad05c29166604a47c02dff1b,cd309dbfa4afd08528cb879120d606cfe7f4fc7d,true,ps2 textures\HAS ALPHA\bp_remade\no_mip_fixes\ui,false,true,5,remarci_4x,0,false,false
00716ff1,ca66b6b0e7b4e4c0ce1ca023bff9a3456e80422f,96d66be3398251741612d50fdef9c1f7a61bb904,true,ps2 textures\HAS ALPHA\bp_remade\no_mip_fixes\ui,false,true,5,remarci_4x,0,false,false
0071852b,9df1bfb5fd3b94f5ddb84c41561f5b9fdf483e7d,e4486cccb2cf780b664125277ddec64870d6034c,true,ps2 textures\HAS ALPHA\bp_remade\no_mip_fixes\ui,false,true,5,remarci_4x,0,false,false
0072466d,bfedc47b97c6a80067337c49c922f1cc9ad0ca0c,5e8c20b9c2accca4adb71446cb6794278873e6c4,true,ps2 textures\HAS ALPHA\bp_remade\no_mip_fixes\ui,false,true,5,remarci_4x,0,false,false
007246ed,af794943dda49cee1dc604494fa304319cb05657,20348de2d94f46b417f3f7788a6bf91284aeca0f,true,ps2 textures\HAS ALPHA\bp_remade\no_mip_fixes\ui,false,true,5,remarci_4x,0,false,false
0072476d,b32b9514d741a7ace784495b1902ec02a6d21839,d11d8d11f4c03225014d3a6f7c4dfa7b90cc40c9,true,ps2 textures\HAS ALPHA\bp_remade\no_mip_fixes\ui,false,true,5,remarci_4x,0,false,false
00724ad1,eff3e0d88cdefef8f265f84b7d7e823d51b5cd4a,6987447c56f2957ceeb8d22aa83aa4eb22596d6b,true,ps2 textures\HAS ALPHA\bp_remade\no_mip_fixes\ui,false,true,5,remarci_4x,0,false,false
007255d8,b832b091f5f01b71fc094c34fd409d56043dc42c,771905d0b4c479b9c90f65a011dd70aee66ac41f,true,ps2 textures\HAS ALPHA\bp_remade\no_mip_fixes\ui,false,true,5,remarci_4x,0,false,false
00726ff1,91c9d5bb69be776d223e4cc33b7f22923928de58,c2b6cb66aa94c7165f592d52a517269e5349514e,true,ps2 textures\HAS ALPHA\bp_remade\no_mip_fixes\ui,false,true,5,remarci_4x,0,false,false
00736ff1,2917ba5c3a52b4187ba735a79b8989aa6ec8fd4f,cae14ed9615b3b725a9a63a5246179ccf3b577c7,true,ps2 textures\HAS ALPHA\bp_remade\no_mip_fixes\ui,false,true,5,remarci_4x,0,false,false
0073ecb6,332c31352c00aecb4d8886d84a71403f9d6b640d,459bc06c81857717349347fa8535c6c66edeec64,true,ps2 textures\HAS ALPHA\bp_remade\no_mip_fixes\ui,false,true,5,remarci_4x,0,false,false
00744ad1,22f9ddda673b91b40781ed990df606c08e870eb9,a5c31b267f433365a20d0b72d728d73a755e5b1b,true,ps2 textures\HAS ALPHA\bp_remade\no_mip_fixes\ui,false,true,5,remarci_4x,0,false,false
00746ff1,d08a3a6759d550a890983e43b95cea491b8a5699,9fd98c68aa318bbf2872e9f1ace4c2096855d793,true,ps2 textures\HAS ALPHA\bp_remade\no_mip_fixes\ui,false,true,5,remarci_4x,0,false,false
00749dfd,51d8b0b632d891f0a5dd1274b8e3134eece17032,468c7072d6a7649e664ed0dd21b43fd1c2a3b14d,true,ps2 textures\HAS ALPHA\bp_remade\no_mip_fixes\ui,false,true,5,remarci_4x,0,false,false
00750ccd,6e2a4e9a4c5aaf7d832bbb5e0f52284a9fb4b66e,9f5dbf5d6d38d712cd718e51aa35f4f5878b9012,true,ps2 textures\HAS ALPHA\bp_remade\no_mip_fixes\ui,false,true,5,remarci_4x,0,false,false
00750d4d,fa172211d0a6167a406169008915097a11e0931c,e4a9f1f681b5785ddd6708fa3545e8d10f9f908b,true,ps2 textures\HAS ALPHA\bp_remade\no_mip_fixes\ui,false,true,5,remarci_4x,0,false,false
00750dcd,09c1e691529951b1a472d697030b82b729c57ced,28137d9d141492f9cf4d706c3b4fb7d4f8e5fd41,true,ps2 textures\HAS ALPHA\bp_remade\no_mip_fixes\ui,false,true,5,remarci_4x,0,false,false
007559f0,5e994a88b604645cad4fd3177811226c2163b6fc,074c52c02f05a9a04fc4cd7baec16f865e6c9373,true,ps2 textures\HAS ALPHA\bp_remade\no_mip_fixes\ui,false,true,5,remarci_4x,0,false,false
00758632,bf6756b5e5f1c3f34be44f9bb13a60beabb57000,3efe65b8ddeb28014b105c2e9cb052c6640d19ad,true,ps2 textures\HAS ALPHA\bp_remade\no_mip_fixes\ui,false,true,5,remarci_4x,0,false,false
007627bc,deef97c773390a65f2df6667b95274ac2ad2f910,2ea9eeb819b08c6ca4c9aa51af280a61d3562876,true,ps2 textures\HAS ALPHA\bp_remade\no_mip_fixes\ui,false,true,5,remarci_4x,0,false,false
0076283c,63ed354a0f33645ffe6be683299a3fd6f1baee59,36eac74ae5d92c34c882df65bdf67d745c3a6fa3,true,ps2 textures\HAS ALPHA\bp_remade\no_mip_fixes\ui,false,true,5,remarci_4x,0,false,false
007628bc,145c073bac37aadbad5a177ee2ce4742d83b7e6a,9b7832d43c82a1ca20267aede7dcbd5b32c0e6cf,true,ps2 textures\HAS ALPHA\bp_remade\no_mip_fixes\ui,false,true,5,remarci_4x,0,false,false
0076293c,d610a85e2a803121cce10b95e91cf7ec35f725d8,c11179ea9fa491adf6a20ad7eabd826a840f2529,true,ps2 textures\HAS ALPHA\bp_remade\no_mip_fixes\ui,false,true,5,remarci_4x,0,false,false
007629bc,e8089c6116118140ffaf8609bbeb74d4bdb72c25,0cbb6df2fa1261be948bee35c478e49420e06617,true,ps2 textures\HAS ALPHA\bp_remade\no_mip_fixes\ui,false,true,5,remarci_4x,0,false,false
00762abc,6153c305f5288ba6084fb1493e32a311aa672768,5b67e2098d03b8c22a8a68d785a9458621dfa438,true,ps2 textures\HAS ALPHA\bp_remade\no_mip_fixes\ui,false,true,5,remarci_4x,0,false,false
00762b3c,afefc12019ce7daac90e4e7867a3946a7da3ea81,4723b7ed72a3bb517ce8f971d5e61d82ab0fbb39,true,ps2 textures\HAS ALPHA\bp_remade\no_mip_fixes\ui,false,true,5,remarci_4x,0,false,false
007636bc,7c197557e4d36023573073be681f758a4fbc98b5,a7a1901d46c885b542a779e22deb3d90dc323be8,true,ps2 textures\HAS ALPHA\bp_remade\no_mip_fixes\ui,false,true,5,remarci_4x,0,false,false
0076373c,585719429aef3b4ccae8df00bd36cd46477f1c99,fd1e4d7af1278d54aa83c3f74e786248196b3b4f,true,ps2 textures\HAS ALPHA\bp_remade\no_mip_fixes\ui,false,true,5,remarci_4x,0,false,false
00764ad1,cd056d54945f14290c889f54b3385e5364d6cb41,d0ca6f45714f10396cb6ea6b068c55ba105df49a,true,ps2 textures\HAS ALPHA\bp_remade\no_mip_fixes\ui,false,true,5,remarci_4x,0,false,false
007655d8,a427208a12dec1cb19aa903bdd98d9599fa34c21,4817e024d06ec21791a3deb51f24848628840c90,true,ps2 textures\HAS ALPHA\bp_remade\no_mip_fixes\ui,false,true,5,remarci_4x,0,false,false
0076ad61,ac311423f11913a3abf28f72419c9769824f418d,fa9b6c5cbae9ff1a8f208a1dc40a5354f6d440c7,true,ps2 textures\HAS ALPHA\bp_remade\no_mip_fixes\ui,false,true,5,remarci_4x,0,false,false
0076ad61_791fdad64710d9802f4adcf5d0f3db51,eb17af2a3ad0136fcca6172e30de41d39bde3956,9d0d72291e90dbbdcc4f5d4b8ddd0a7d878dc444,true,ps2 textures\HAS ALPHA\bp_remade\no_mip_fixes\ui,false,true,5,remarci_4x,0,false,false
0076cd21,8d3315141bc543c627ce2d20bb25b31c4c3c8460,b13d5c461c0e3832790c92c3259fc35e9d03ffe3,true,ps2 textures\HAS ALPHA\bp_remade\no_mip_fixes\ui,false,true,5,remarci_4x,0,false,false
00774c18,48c1f0a36c0e9775beda5282fb553988af550b0f,00074382af75de6d9d8670cc60621887ed8c7023,true,ps2 textures\HAS ALPHA\bp_remade\no_mip_fixes\ui,false,true,5,remarci_4x,0,false,false
00784ad1,8a012b7df550b08de3d371cb8081c242a5a9c5a5,fb32b2dcf90ab78a389c62a45b278714b779875b,true,ps2 textures\HAS ALPHA\bp_remade\no_mip_fixes\ui,false,true,5,remarci_4x,0,false,false
0078980c,ec62e1010da8134a5868d28a941217dabf8d768b,fa1b58b3535503bca875b527b84ccc21c2070ddc,true,ps2 textures\HAS ALPHA\bp_remade\no_mip_fixes\ui,false,true,5,remarci_4x,0,false,false
0078adc6,2100a9b9fd4069481a04ee5235f26f4b252a7bec,2a74c471d28d9dd82369ed9dc4dc9ec9f924c597,true,ps2 textures\HAS ALPHA\bp_remade\no_mip_fixes\ui,false,true,5,remarci_4x,0,false,false
0079852b,c0300db21649bdcded05f0f7337b214fd8d264f1,b4c30673127b2ce109b8c79a4b96d77063e2cc57,true,ps2 textures\HAS ALPHA\bp_remade\no_mip_fixes\ui,false,true,5,remarci_4x,0,false,false
007995dc,18c222e9aa1d34b7b3de826cef65dbc6c17115e2,85ec1b7c55eaef057e7c8c4e600d5ce76c19661e,true,ps2 textures\HAS ALPHA\bp_remade\no_mip_fixes\ui,false,true,5,remarci_4x,0,false,false
007a4ad1,745294deb34af6fbb601a7dff0cf5b9bba65cb35,2bccc8eec9eb052e67cc6d1a2975406676935d59,true,ps2 textures\HAS ALPHA\bp_remade\no_mip_fixes\ui,false,true,5,remarci_4x,0,false,false
007a9dfd,2a54f4f179b3d81c89bf7b23c38a04f619f89362,6af7a9bea7b1473c369d1ec6ed4eb2cfb82b159d,true,ps2 textures\HAS ALPHA\bp_remade\no_mip_fixes\ui,false,true,5,remarci_4x,0,false,false
007b651a,fc931a796f1d9794ae751ef2c247475d3cc235f5,fbf85e8a47d70e5a1a198f1b23501aaf9b112971,true,ps2 textures\HAS ALPHA\bp_remade\no_mip_fixes\ui,false,true,5,remarci_4x,0,false,false
007bb259,aa72a8f41edad7596ba1668b29f6747a6ba90067,92685b1f6dd72a216fec8b734a0a1ae5c0ba3aa3,true,ps2 textures\HAS ALPHA\bp_remade\no_mip_fixes\ui,false,true,5,remarci_4x,0,false,false
007be718,42eb2c986776418e21879e21f3e163d3fc9716c7,f6b1189623c5afa753ac9a7b06007984ff5ced6a,true,ps2 textures\HAS ALPHA\bp_remade\no_mip_fixes\ui,false,true,5,remarci_4x,0,false,false
007c4ad1,4322adfcc88c3b44e7400b36004294e76cbce240,7ed20baaf85feb6c07453bd8fab5b19354b32b56,true,ps2 textures\HAS ALPHA\bp_remade\no_mip_fixes\ui,false,true,5,remarci_4x,0,false,false
007c9dfd,aaec41276bad9cc7b2905cd0e0737c6d4898aec6,e6fbe9ad4ed2849a87613f957b8e2ac38af79d7c,true,ps2 textures\HAS ALPHA\bp_remade\no_mip_fixes\ui,false,true,5,remarci_4x,0,false,false
007e4ad1,145fad23e3ef9f4df843546458fe7941b182191b,17c2c78833c8e683771d6a3b988ea0e8bfcbb22f,true,ps2 textures\HAS ALPHA\bp_remade\no_mip_fixes\ui,false,true,5,remarci_4x,0,false,false
007f0488,e4940a52a9e36964d5114eadac1ddbdf8808dc4e,6370e4e4be43d0d70662f8504d0aa37f25ee6574,true,ps2 textures\HAS ALPHA\bp_remade\no_mip_fixes\ui,false,true,5,remarci_4x,0,false,false
007f6817,495d332c2d9c040a4f393b2db9ef52569f4f5edb,639f30604bd697065bbebd694093c86191d6da4f,true,ps2 textures\HAS ALPHA\bp_remade\no_mip_fixes\ui,false,true,5,remarci_4x,0,false,false
00804ad1,5fe53f7749ae34d05b5c281e91b95298e72742a7,7c0625d1130eeb30acf754b7ae4c757eb5102832,true,ps2 textures\HAS ALPHA\bp_remade\no_mip_fixes\ui,false,true,5,remarci_4x,0,false,false
00814bac,ba363b0101eb82447133d2a7ef60aaddde10a1fb,4b22d1bc0c1cfa000d8b68d72d2bc4d4d85f5018,true,ps2 textures\HAS ALPHA\bp_remade\no_mip_fixes\ui,false,true,5,remarci_4x,0,false,false
00818625,ad347b86d8eeb5dcf6f8e77d8acb4709969146c0,c6a47c1e6c5272ae315bd3aca054ddedccdb26bc,true,ps2 textures\HAS ALPHA\bp_remade\no_mip_fixes\ui,false,true,5,remarci_4x,0,false,false
0081f6b5,eee72c5c767e5dc5263a8245e0adf7dab699e67d,b4e72d0f03577ccd1b23839c36020ad474305a26,true,ps2 textures\HAS ALPHA\bp_remade\no_mip_fixes\ui,false,true,5,remarci_4x,0,false,false
00824ad1,7ea6c61f81013db1976552ade724c37d2b76bcdb,3f8845ec2c2273d70519275d23f0e1fc3896739a,true,ps2 textures\HAS ALPHA\bp_remade\no_mip_fixes\ui,false,true,5,remarci_4x,0,false,false
00829016,747e568692f4aaa2d7179dcf0ad8e34724eafe06,5a3aeb258a9fac5a0664f631b687a6c26f311625,true,ps2 textures\HAS ALPHA\bp_remade\no_mip_fixes\ui,false,true,5,remarci_4x,0,false,false
008387e2,f84b1dcf8034d40fde9ed3bdb62776cabd5a78e3,a2383bbc1235cf6027a22477a1fb7cceff4f0511,true,ps2 textures\HAS ALPHA\bp_remade\no_mip_fixes\ui,false,true,5,remarci_4x,0,false,false
0083fa46,b44ea9e73f3f22204e40f6281243b9df008b8eef,1c1d1cf53956ddce656f7da15a3281abf3667c5d,true,ps2 textures\HAS ALPHA\bp_remade\no_mip_fixes\ui,false,true,5,remarci_4x,0,false,false
00857db6,4f4009f3714b6b73ea22a4fcb71e0cb2849e1e47,e06f35c14486ba8c1dfde6dc1a050ecd8f8660b8,true,ps2 textures\HAS ALPHA\bp_remade\no_mip_fixes\ui,false,true,5,remarci_4x,0,false,false
0085a618,703ce8e5ebb79ae09efa1b621f5a9e8b79182435,1f522209fc5238fcf42a146cfe47a98fcaa780bb,true,ps2 textures\HAS ALPHA\bp_remade\no_mip_fixes\ui,false,true,5,remarci_4x,0,false,false
0086a618,a0705088e3d7aca0d1764628f225cbdf65c4801e,83e17bea00f362aa243e816ca8b77608e79e0b03,true,ps2 textures\HAS ALPHA\bp_remade\no_mip_fixes\ui,false,true,5,remarci_4x,0,false,false
00885728,ab572b281bbd9bad1cc40a840e80e6d674520d6f,3c9e1e7a03c03ee5aa0abd15d8124dc7e8b81714,true,ps2 textures\HAS ALPHA\bp_remade\no_mip_fixes\ui,false,true,5,remarci_4x,0,false,false
0088b898,d00d4de064bf3597bb133fca913d612eacd19dd1,749c41007b5353f921aa2a46af8097b0ad066f7b,true,ps2 textures\HAS ALPHA\bp_remade\no_mip_fixes\ui,false,true,5,remarci_4x,0,false,false
0088c589,e59325a80d9c7a5bcd9191209725a3eb0da0bea3,737fd2404bab9b8c37e969bec72d5fe158d3ca10,true,ps2 textures\HAS ALPHA\bp_remade\no_mip_fixes\ui,false,true,5,remarci_4x,0,false,false
00892df9,a513ea934796ec478792b5ba8b868d8b84fd0941,bf4d52b0865c3a8d9f24642460693de08a7050a6,true,ps2 textures\HAS ALPHA\bp_remade\no_mip_fixes\ui,false,true,5,remarci_4x,0,false,false
00895b43,e8109adeca758aaae714c3bd6ee8a3336184a816,29c8943686f78fa83a0dd5c68ff00f6771dc5ed0,true,ps2 textures\HAS ALPHA\bp_remade\no_mip_fixes\ui,false,true,5,remarci_4x,0,false,false
0089a618,23ad83570cec0fccd166d235d9124a320db28e86,1390582c1a7000d8daf8005fc51f1e6f86ac2f12,true,ps2 textures\HAS ALPHA\bp_remade\no_mip_fixes\ui,false,true,5,remarci_4x,0,false,false
008a2128,8ce0224c2a21594e34075bc8b1f93b49867d3ab0,e39f4c8bb9898331a38269c08a63bd0d80b9cee9,true,ps2 textures\HAS ALPHA\bp_remade\no_mip_fixes\ui,false,true,5,remarci_4x,0,false,false
008a8469,38f218145ebbf5842a9cbc5c6f429b8178878feb,10772a1dd0a4c644283a5249434a2d80bf1cb5f7,true,ps2 textures\HAS ALPHA\bp_remade\no_mip_fixes\ui,false,true,5,remarci_4x,0,false,false
008aa618,bbe963532bdf409f3f62813593997ca7ee4e05a8,4c56cde0afcecccd8a126990b538d2cb995b741a,true,ps2 textures\HAS ALPHA\bp_remade\no_mip_fixes\ui,false,true,5,remarci_4x,0,false,false
008c21a4,910b4b925682db6278d807e07faccc7a9088f4ed,2e0e1789d9aa92c2488c6a7379d3c837895a8dc3,true,ps2 textures\opaque\bp_remade\no_mip_fixes\ui,true,true,5,remarci_4x,0,false,false
008c4aba,6d64259036ee78044d74393459fd33eac8931e77,665977ec21e4f970a83cfcdda6853cfd5326799d,true,ps2 textures\HAS ALPHA\bp_remade\no_mip_fixes\ui,false,true,5,remarci_4x,0,false,false
008c9a00,3d90d1a29167d6d7ba6fb43d2559c4d0b02941c2,fc1bff78bcf30f56a25daa32cbe9ec025ffe439d,true,ps2 textures\HAS ALPHA\bp_remade\no_mip_fixes\ui,false,true,5,remarci_4x,0,false,false
008cbb54,f6aa887c471cac98fc2027e26b74aa0e5c74dce4,c40f4aeff2a0592faeaa17b37fa2b6007752dda4,true,ps2 textures\HAS ALPHA\bp_remade\no_mip_fixes\ui,false,true,5,remarci_4x,0,false,false
008cc589,9f8d22a8caeb259e5d2f5a7b6004a7bf1d07f860,fd6eed699af5875aafb17e2a204d1817de10d7f2,true,ps2 textures\HAS ALPHA\bp_remade\no_mip_fixes\ui,false,true,5,remarci_4x,0,false,false
008d752c,254a64046fa46011abde596b723c7afc4f84927f,422c647202f98ee2bae942b49833022db78c6990,true,ps2 textures\HAS ALPHA\bp_remade\no_mip_fixes\ui,false,true,5,remarci_4x,0,false,false
008db9df,912bf6a88f04d1ba0ed88b0f59c866085ff85214,085b430a5476363e6217dde2139ca92ff120570e,true,ps2 textures\HAS ALPHA\bp_remade\no_mip_fixes\ui,false,true,5,remarci_4x,0,false,false
008dbe37,07e3494603c03bc2ec595a919bf0cc57ebeb015b,b41fcf6ea8b291cad6ec7b7a7e757315e8999743,true,ps2 textures\HAS ALPHA\bp_remade\no_mip_fixes\ui,false,true,5,remarci_4x,0,false,false
0090e672,eea0a5b821f4a1414ee0ac82c4a3f7986f144928,2e11b527c295f217af862abdb22c39e05ef9e0b8,true,ps2 textures\HAS ALPHA\bp_remade\no_mip_fixes\ui,false,true,5,remarci_4x,0,false,false
0090e772,5098fca47681c5dedaac453b55e535a7ab8ccbfa,e41d616a773591970506b4460b826dcede5cb452,true,ps2 textures\HAS ALPHA\bp_remade\no_mip_fixes\ui,false,true,5,remarci_4x,0,false,false
0091a721,dcbcf8ab4167188d241345415b553d3b3808ce07,9892e28155e5c82b3ed3f7f71020db4885c86dc8,true,ps2 textures\HAS ALPHA\bp_remade\no_mip_fixes\ui,false,true,5,remarci_4x,0,false,false
00925410,41e44766e259c36029e0ae9ffd0b9a2a9611c909,079a64e5f96c40459cfb9dbececa6b1538f121e0,true,ps2 textures\HAS ALPHA\bp_remade\no_mip_fixes\ui,false,true,5,remarci_4x,0,false,false
0092ec26,2607af3b7b8b34cf7bbc853124b72998a8231641,ffd5175010247c74c92e1694b0a306cd13e43858,true,ps2 textures\HAS ALPHA\bp_remade\no_mip_fixes\ui,false,true,5,remarci_4x,0,false,false
0092f25f,8acda400e5d795ff82d735613945b2cbb0cd231e,67c620d7188182b24b9cdd0826d045400552aeb7,true,ps2 textures\HAS ALPHA\bp_remade\no_mip_fixes\ui,false,true,5,remarci_4x,0,false,false
00938001,c63e17f7d72f7629675f09c326cc2119ad95d85b,08f6aac95e66cdaf3254be068805839ddb9de8b7,true,ps2 textures\HAS ALPHA\bp_remade\no_mip_fixes\ui,false,true,5,remarci_4x,0,false,false
0093cba3,b10cbe27056b20cdd70ce5d3428e967461b137cf,7181718a5c80b1cbac121cb54bbf79594ced36f4,true,ps2 textures\HAS ALPHA\bp_remade\no_mip_fixes\ui,false,true,5,remarci_4x,0,false,false
00940ccd,24f2b91ffb0683d96b9a880512315ffe92711942,aa16fa82f92cb688de99effea5d184b3141fd8bb,true,ps2 textures\HAS ALPHA\bp_remade\no_mip_fixes\ui,false,true,5,remarci_4x,0,false,false
00940d4d,724e87946c253609ad50cdf6c51446a2702af1ab,f9ea909544ccae433399e1acf569e9ef48846f39,true,ps2 textures\HAS ALPHA\bp_remade\no_mip_fixes\ui,false,true,5,remarci_4x,0,false,false
00940dcd,61ea4a0747edacc73a96448bd8555edca9f93b71,59fbead947bd682b2eb3053c07721680d68c74bf,true,ps2 textures\HAS ALPHA\bp_remade\no_mip_fixes\ui,false,true,5,remarci_4x,0,false,false
0094533a,5bf0e42a3818f47197744ddcb83c565eedc9a561,c9d309f1848ec922699b989763e896fffb84de46,true,ps2 textures\HAS ALPHA\bp_remade\no_mip_fixes\ui,false,true,5,remarci_4x,0,false,false
0094b8a4,56428eb36a86d0f25b2f86756bc9cfca7ebdd0b4,41444a38aafaf3c0d4d2196e932e8a405ce94b26,true,ps2 textures\HAS ALPHA\bp_remade\no_mip_fixes\ui,false,true,5,remarci_4x,0,false,false
0094c618,fad88987b00eb0541fa34474997d20d9deee0373,2132f0d1d3f280f1d1b4b02d834617f823bcdfe4,true,ps2 textures\HAS ALPHA\bp_remade\no_mip_fixes\ui,false,true,5,remarci_4x,0,false,false
0094c618_302caf9734786b4cc1f4a66a958a6df1,8813a1dd5bd63f9987e2073f51501ba79fd09755,458440328a0436f7a9ecf2c817759373aadc9443,true,ps2 textures\HAS ALPHA\bp_remade\no_mip_fixes\ui,false,true,5,remarci_4x,0,false,false
009527bc,f45a8e7b1648cef71fb631e0cc76ee3750b290c0,54f1798abd9cfcbff24782fa8efdb7273fd8977e,true,ps2 textures\HAS ALPHA\bp_remade\no_mip_fixes\ui,false,true,5,remarci_4x,0,false,false
0095283c,cf51e9236ed3c67c86fc798fffe9f41728f27486,c15283358b3b042f27877fe4aa88a80c88933dc0,true,ps2 textures\HAS ALPHA\bp_remade\no_mip_fixes\ui,false,true,5,remarci_4x,0,false,false
009528bc,fdfff0b738af39dbcdc3049f9bec65585c482cc1,8f66244c15096ad560c7f3560bb548a74beb4f81,true,ps2 textures\HAS ALPHA\bp_remade\no_mip_fixes\ui,false,true,5,remarci_4x,0,false,false
0095293c,f80abf45fa9db15a1b8839f5e81f26eee2dd9314,91ecfe816580a5d64467ae1cab5fdf60a8493140,true,ps2 textures\HAS ALPHA\bp_remade\no_mip_fixes\ui,false,true,5,remarci_4x,0,false,false
009529bc,974d47d28ec891899f8afbae0a5c561021ea42b5,ecf14215668d846a880354d0a9f5125baa2a5c8d,true,ps2 textures\HAS ALPHA\bp_remade\no_mip_fixes\ui,false,true,5,remarci_4x,0,false,false
00952abc,b338155f08f15ad0c9206b94650fa1c49b18e64b,bf8c824beedd3a29160a673cdf47cf340503582b,true,ps2 textures\HAS ALPHA\bp_remade\no_mip_fixes\ui,false,true,5,remarci_4x,0,false,false
00952b3c,67a5416fd6b91f7c37c6127155d4acbac79f5365,1e2bc0cd8f576cf5ccd26a08b59d513792e676a3,true,ps2 textures\HAS ALPHA\bp_remade\no_mip_fixes\ui,false,true,5,remarci_4x,0,false,false
009536bc,52ad1cd9e81fa66c2173f14dbda5bd63f3296087,c462ef47b78a4df2913254469d0ec487d590051f,true,ps2 textures\HAS ALPHA\bp_remade\no_mip_fixes\ui,false,true,5,remarci_4x,0,false,false
0095373c,7811d2601c5b7cd6c3dfe2dec2253168411f0170,29ab3c6b9c3094a741f7574eecc5549c7c3219fe,true,ps2 textures\HAS ALPHA\bp_remade\no_mip_fixes\ui,false,true,5,remarci_4x,0,false,false
0095cb32,1ebd1852cf007f4dafd2a73d0d220fab8409b798,9d112e3f1dc8680f514fce4d68bb1d4a2743b64b,true,ps2 textures\HAS ALPHA\bp_remade\no_mip_fixes\ui,false,true,5,remarci_4x,0,false,false
0096e12a,fadb6560b3f99a05d51de2ce2f826a26de8faf8e,27bd4f3fabe97afeb3c18e1ebe3f6d361d9bbe3d,true,ps2 textures\HAS ALPHA\bp_remade\no_mip_fixes\ui,false,true,5,remarci_4x,0,false,false
00985407,60661f76225edd444fc7f55da01916c0268dfd45,e3c91856cded2a2c58f5a8c9f1803e6881049c24,true,ps2 textures\HAS ALPHA\bp_remade\no_mip_fixes\ui,false,true,5,remarci_4x,0,false,false
0098f24a,321a2cbdf3c6c789ddff34c8703bc1586168f88d,9a7d78a5755065d13b4d9b4cf4da526c4b26a932,true,ps2 textures\HAS ALPHA\bp_remade\no_mip_fixes\ui,false,true,5,remarci_4x,0,false,false
0099a618,58badbaf445b769ff662054bcf3438e603678876,d4bd8b67e936afd3fbbe146bd6b135d8c7d4faed,true,ps2 textures\HAS ALPHA\bp_remade\no_mip_fixes\ui,false,true,5,remarci_4x,0,false,false
0099b8a4,6c4b066a70544f907e215cf680d7e2682b91b52d,20350f3a7982fcef2e392f6adab9b2ca0f748941,true,ps2 textures\HAS ALPHA\bp_remade\no_mip_fixes\ui,false,true,5,remarci_4x,0,false,false
009ac0bf,a7a876fdddc55206ec8629e8bdd6ed58d518c470,a17327187421fc9fe2897fc5e184e103ffb58800,true,ps2 textures\HAS ALPHA\bp_remade\no_mip_fixes\ui,false,true,5,remarci_4x,0,false,false
009bc0bf,5aded067e13c9a14ff8883338e108e3f2c7c3f17,27e8084dc0aaade23ce75f9c1819ba2b226e47eb,true,ps2 textures\HAS ALPHA\bp_remade\no_mip_fixes\ui,false,true,5,remarci_4x,0,false,false
009cc0bf,eb09c395ebabf484c18313631577baf30313aaf2,6fd0fb66586cc494ba96a3e5ca03fec0b694de34,true,ps2 textures\HAS ALPHA\bp_remade\no_mip_fixes\ui,false,true,5,remarci_4x,0,false,false
009dbc16,34d70cf2fe029daec5e97a014f0ebca86e73a7ec,fdfc408e83fb68c82c226fc322f8cc04da58a592,true,ps2 textures\HAS ALPHA\bp_remade\no_mip_fixes\ui,false,true,5,remarci_4x,0,false,false
009df079,6a9e2401839807a99ac380608e1dca24c8f376ba,8db1f649e2d8a4ea7b6858860083561f1d7b80c5,true,ps2 textures\HAS ALPHA\bp_remade\no_mip_fixes\ui,false,true,5,remarci_4x,0,false,false
009e0995,89f844f69ea91d6687d2a8e961d91a60713a2f14,0e34d39bab0fb02669410f7de31eb3259c0df7ac,true,ps2 textures\opaque\bp_remade\no_mip_fixes\ui,true,true,5,remarci_4x,0,false,false
009eafa1,c4ac552bad0ce82f3c8f39580e3104c163117081,e51eeb5776ffdcfb63d8f24ab99910dc0a3509f5,true,ps2 textures\HAS ALPHA\bp_remade\no_mip_fixes\ui,false,true,5,remarci_4x,0,false,false
009ebc16,b96b9bc2f4ffc2f1b6a274dff854d5237c8e4c21,3104897dfa318571e3ad447d2c340def854b2822,true,ps2 textures\HAS ALPHA\bp_remade\no_mip_fixes\ui,false,true,5,remarci_4x,0,false,false
009f0995,b71c0f65f342824ea590050eb8649ce3898add5d,2922bb4430fb3ee422dc9acbcb454891e496e5e8,true,ps2 textures\opaque\bp_remade\no_mip_fixes\ui,true,true,5,remarci_4x,0,false,false
009f2fba,49cb622920df27363669e1d1ca98e0119261dd7d,dc952dd93745d4953edaa0d87dc23c7983eb8bb0,true,ps2 textures\HAS ALPHA\bp_remade\no_mip_fixes\ui,false,true,5,remarci_4x,0,false,false
009fa21b,fcb12fb87a7de1291379cc7873fa3831870e47a6,10fe9ea53b000f6abc8ff3a7758bc31072cea23c,true,ps2 textures\HAS ALPHA\bp_remade\no_mip_fixes\ui,false,true,5,remarci_4x,0,false,false
009fafa1,40d1fe0f4b84904318e461612ef79b4d05b7005c,a89c9bba714bb4109311f5d7468fac730598ffac,true,ps2 textures\HAS ALPHA\bp_remade\no_mip_fixes\ui,false,true,5,remarci_4x,0,false,false
009fbc16,ca21a8731140d7af20a8544c9616681517f593e0,9e35019429a3bec17ff6ebe3b38441f570601d88,true,ps2 textures\HAS ALPHA\bp_remade\no_mip_fixes\ui,false,true,5,remarci_4x,0,false,false
00a093d7,353c25e38fd54d8127fb6fe141503c4f6853e5f4,bb6d13a317939b8788a4e3344afaf0636fb6bfee,true,ps2 textures\HAS ALPHA\bp_remade\no_mip_fixes\ui,false,true,5,remarci_4x,0,false,false
00a0bc16,0fd071d6a3846bf19dd49145af8d197aecee02c8,b2f3956f8581677d56e344473159fd2e804ff75f,true,ps2 textures\HAS ALPHA\bp_remade\no_mip_fixes\ui,false,true,5,remarci_4x,0,false,false
00a127a1,d7d5b1ee222359d2fca654e4d0bfe98435598460,3c1986fcd459afbd1c7de94a43177bc9a27bb89f,true,ps2 textures\HAS ALPHA\bp_remade\no_mip_fixes\ui,false,true,5,remarci_4x,0,false,false
00a1bc16,6458b1ce9bff646c4e0ab2b0b1e041a086abfa3a,a2ff6fa2b12f7eb43b6c09463883da1dea196039,true,ps2 textures\HAS ALPHA\bp_remade\no_mip_fixes\ui,false,true,5,remarci_4x,0,false,false
00a225a6,6ec3f4132048aab1e6f521d9ffcc8870beaa8c6d,5fa0dad95e7af260aabba7fc19b1f6c72991a9bd,true,ps2 textures\opaque\bp_remade\no_mip_fixes\ui,true,true,5,remarci_4x,0,false,false
00a325a6,7bfe722f1d7414d76fbc658e71fbb8f8181c3e0c,8e2e21ea1306249fea42d40820110569a459b4d9,true,ps2 textures\opaque\bp_remade\no_mip_fixes\ui,true,true,5,remarci_4x,0,false,false
00a415a4,4608f804c54969dba560abc28cfbc96b1352320a,8e2ba0d48d5fa226529c6b9a1f8541478cd45071,true,ps2 textures\HAS ALPHA\bp_remade\no_mip_fixes\ui,false,true,5,remarci_4x,0,false,false
00a4b8a4,6f8d4c603626e7edb1b7f5e85d05eee11d3cfbec,6ec6fbc20afa7eeae8f7b18c282ad528f415bf41,true,ps2 textures\HAS ALPHA\bp_remade\no_mip_fixes\ui,false,true,5,remarci_4x,0,false,false
00a628ba,54c2f7ce9d500e924742255f86db95e3dad3901f,2a176897f214c4a30d4d1d6b1515e6788e6606b2,true,ps2 textures\HAS ALPHA\bp_remade\no_mip_fixes\ui,false,true,5,remarci_4x,0,false,false
00a69783,a1a0484491c0cf534472f582c44e96c1b57c92ba,dcaa783e285fd63f72af04cde0530e540df6e309,true,ps2 textures\HAS ALPHA\bp_remade\no_mip_fixes\ui,false,true,5,remarci_4x,0,false,false
00a891e2,e320589d159aeb2fcbbf14cf6f63ae56712f3c62,7e3eea63e00702615a78317d464b307552436333,true,ps2 textures\HAS ALPHA\bp_remade\no_mip_fixes\ui,false,true,5,remarci_4x,0,false,false
00a936cb,eb7a23626742a74ebea429e826ba129b93b64049,d0c397663a7f60068a7e181018e46fb9fa32036d,true,ps2 textures\HAS ALPHA\bp_remade\no_mip_fixes\ui,false,true,5,remarci_4x,0,false,false
00aa83e6,59f6047565bff99cd605f7288a7a0e2da02f0f03,1b7d1d1b5a85d06d28ab62e52cfd0186b38365f8,true,ps2 textures\HAS ALPHA\bp_remade\no_mip_fixes\ui,false,true,5,remarci_4x,0,false,false
00acbe37,69b12de8d1f4082941c2ec75c6bce7ff49937f93,9c34c0b67ba30ec1f075a0946858b23d1f760b64,true,ps2 textures\HAS ALPHA\bp_remade\no_mip_fixes\ui,false,true,5,remarci_4x,0,false,false
00ad7f33,edf66b3c35b9336e9f380a3d8fb1724f625d2a9b,1787d4603c29c74384eb2eed161ea05d7723c46c,true,ps2 textures\HAS ALPHA\bp_remade\no_mip_fixes\ui,false,true,5,remarci_4x,0,false,false
00adb42a,64a3f63eb22ed7a143e380645a421c0f7a7a4407,a0837e39bb15b3fd955a6378f7178e8172cb2f92,true,ps2 textures\HAS ALPHA\bp_remade\no_mip_fixes\ui,false,true,5,remarci_4x,0,false,false
00aeb10a,ac233cd898a4de90ef510ec38a2c00083125efe2,0f32cdc9dfe441634e9d052d8df9566d679e80ed,true,ps2 textures\opaque\bp_remade\no_mip_fixes\ui,true,true,5,remarci_4x,0,false,false
00aeebfc,89312b8fe13e72187aa1309d535d4421cd562170,83ff3ca6855c036644b228dd65dd40c2c29aa49c,true,ps2 textures\HAS ALPHA\bp_remade\no_mip_fixes\ui,false,true,5,remarci_4x,0,false,false
00af4bac,88eba80e77a174e1b70f4b38a5b5d60cdf045dca,8195960f2ea920a711b081ae2da9ecc483d8981e,true,ps2 textures\HAS ALPHA\bp_remade\no_mip_fixes\ui,false,true,5,remarci_4x,0,false,false
00af9412,7415bce5f4639a6f0b0fd7d7c38d0a4ecf50fd46,5cb6f5ef5b3e0eac350d0cc7099f490a256974a8,true,ps2 textures\HAS ALPHA\bp_remade\no_mip_fixes\ui,false,true,5,remarci_4x,0,false,false
00afab44,a9d7ca66dc05fbc8dfb80742265569f3703dfbc5,52b5f3b316051b17077c75942dfba2639942d14a,true,ps2 textures\HAS ALPHA\bp_remade\no_mip_fixes\ui,false,true,5,remarci_4x,0,false,false
00afb274,5ec375e9fa05411a2ceb702ff9c2397b91a0d6ec,93e79f17acfd446d261f9c7e0bf7ca7926743c6d,true,ps2 textures\HAS ALPHA\bp_remade\no_mip_fixes\ui,false,true,5,remarci_4x,0,false,false
00afbbc9,59760347415461827d2bfed84a14bb09eeee2663,ea0e93ae410506fce9f438ea2f195ac623807109,true,ps2 textures\HAS ALPHA\bp_remade\no_mip_fixes\ui,false,true,5,remarci_4x,0,false,false
00b02021,d129305deeff52429e2e3e34ff6c6b0b657b2eef,7a6a9f5792be6d337ab69ca81ba8ad735370303d,true,ps2 textures\HAS ALPHA\bp_remade\no_mip_fixes\ui,false,true,5,remarci_4x,0,false,false
00b04ad1,613e5bbce85f83e8c082015929c791ae986caa94,3b9a12ef66acdae05b04cefe8c0e19c1df1a73ee,true,ps2 textures\HAS ALPHA\bp_remade\no_mip_fixes\ui,false,true,5,remarci_4x,0,false,false
00b087b2,e4f23f436eab70baf8fa2f709291b92ff0433525,2e5eadbfc1c624127553086a5675269028ba25f5,true,ps2 textures\HAS ALPHA\bp_remade\no_mip_fixes\ui,false,true,5,remarci_4x,0,false,false
00b12021,9fd7196b6587f14b049fa8e0d148b311336e3e95,5f2f8a74d7dd99dbd99f7ed0e403ae1e70bd4148,true,ps2 textures\HAS ALPHA\bp_remade\no_mip_fixes\ui,false,true,5,remarci_4x,0,false,false
00b15410,9017db7ebe4a7dd97802124fd2f5ab50e12500bb,9c4b0322acd28670913c168c4fd1fe33f7f8aa2c,true,ps2 textures\HAS ALPHA\bp_remade\no_mip_fixes\ui,false,true,5,remarci_4x,0,false,false
00b22021,9be1add6b0228bd27d4d2d8653679be215a35d1e,16e2e4c71cbbef34f7ec06539f48c81fb968c734,true,ps2 textures\HAS ALPHA\bp_remade\no_mip_fixes\ui,false,true,5,remarci_4x,0,false,false
00b24ad1,e0a65db82ad042c226fd44bd7d847b313d7b8b80,e5a93f2bccdd238ce2b28ab1fd6a28edad920fd5,true,ps2 textures\HAS ALPHA\bp_remade\no_mip_fixes\ui,false,true,5,remarci_4x,0,false,false
00b25d10,8835de6876601ea1b84a75edcc21a4a561f0981f,15e9bebc4aedd83dbe34bed4d0f8bfc374664459,true,ps2 textures\HAS ALPHA\bp_remade\no_mip_fixes\ui,false,true,5,remarci_4x,0,false,false
00b32021,efd7c23ad0dfc3c94973cea786c85d65a3d2c474,8a024bb7b92f8dcecae79e6adf8f1a72b2473a76,true,ps2 textures\HAS ALPHA\bp_remade\no_mip_fixes\ui,false,true,5,remarci_4x,0,false,false
00b33503,ef4022909edd41aac8e2db3b7a1587d22d09fc25,1805e90e57d89ed1075d46d537ab47a7b82e4de7,true,ps2 textures\HAS ALPHA\bp_remade\no_mip_fixes\ui,false,true,5,remarci_4x,0,false,false
00b3cb78,495f46a1dc6a5271c8b232b97629da1ea8b4a0b5,f58a2419c5b473bc4ba65753c0058fcc115c00bf,true,ps2 textures\HAS ALPHA\bp_remade\no_mip_fixes\ui,false,true,5,remarci_4x,0,false,false
00b42021,47d2a6a7eb3ae95fe79de1cd7659649bb18af07f,d4db91d5ccbc8649011bb67e3de5d14dc45a34e6,true,ps2 textures\HAS ALPHA\bp_remade\no_mip_fixes\ui,false,true,5,remarci_4x,0,false,false
00b44ad1,f3a6ba96cdc25d1275bddc5284ec08c8b3eafb78,fdb4f0487b1fbc1808dca0cfc41c4583fdd3c54a,true,ps2 textures\HAS ALPHA\bp_remade\no_mip_fixes\ui,false,true,5,remarci_4x,0,false,false
00b64ad1,2b1cf8cc5f933e0824564a482812363df46003be,06580707bde1cc5a5a447c0aaa612f0e2796732b,true,ps2 textures\HAS ALPHA\bp_remade\no_mip_fixes\ui,false,true,5,remarci_4x,0,false,false
00b6ea23,f44b5071b8baa1b8ba314461f6ac0fe138521c6f,26ba737ed61f7413a4a1b459f787c7e8147f5d88,true,ps2 textures\HAS ALPHA\bp_remade\no_mip_fixes\ui,false,true,5,remarci_4x,0,false,false
00b6eb2c,ab371c65e30a8334f963230bde1ce0645c1c9f6b,d52675667ef10d22e151b13776fe55e6da1d7b63,true,ps2 textures\HAS ALPHA\bp_remade\no_mip_fixes\ui,false,true,5,remarci_4x,0,false,false
00b84ad1,793f8bee264b71fd9110bb12fb7ecabbddaea248,755e89d6d9d88d66446663c0fc67584e74084dfc,true,ps2 textures\HAS ALPHA\bp_remade\no_mip_fixes\ui,false,true,5,remarci_4x,0,false,false
00b89205,9ce44f249543b1f15d3534410f3fff95656aa867,2c46fe5132a77f19d9555f6a113e7302cc4f3cfa,true,ps2 textures\HAS ALPHA\bp_remade\no_mip_fixes\ui,false,true,5,remarci_4x,0,false,false
00b99205,42bedeaa1efd0233c5c48dda801e8136d0b9225e,e0c61178d67bbcbccaa86a423dd2ad1dc0172ac9,true,ps2 textures\HAS ALPHA\bp_remade\no_mip_fixes\ui,false,true,5,remarci_4x,0,false,false
00ba4ad1,9077fdfccb047d0cd2494eba756fd82d99ec5cb5,0916b1ecb77a77bc3804a15dd2e70333d2741c5b,true,ps2 textures\HAS ALPHA\bp_remade\no_mip_fixes\ui,false,true,5,remarci_4x,0,false,false
00ba619d,f3a131b87da1500f3efdb5401609be175989accd,0b8df5139f64183b75f2572e37a8d6d89dd8afc2,true,ps2 textures\HAS ALPHA\bp_remade\no_mip_fixes\ui,false,true,5,remarci_4x,0,false,false
00ba9205,ec9e6af929a865fadd2e9aee8abb3a707adaa239,f9af5dfdf25f438ffe344a02996fa9da5a2bd575,true,ps2 textures\HAS ALPHA\bp_remade\no_mip_fixes\ui,false,true,5,remarci_4x,0,false,false
00bb5e27,5a72a02b73bec79339a709c724bcc1c3246fba09,f62b6a033918739ba3e85a76b3fa0962da485fa4,true,ps2 textures\HAS ALPHA\bp_remade\no_mip_fixes\ui,false,true,5,remarci_4x,0,false,false
00bb9205,d4e324d7990851717c5b6925044b35e771f69e87,76fb2cb41df62a19375e600e3866058e375fd428,true,ps2 textures\HAS ALPHA\bp_remade\no_mip_fixes\ui,false,true,5,remarci_4x,0,false,false
00bc4ad1,61c8c8db1acda183de545ce19a5b9354f3e1934a,2ae0fdbe6503c1d76a1a5aaf78a187bf11198443,true,ps2 textures\HAS ALPHA\bp_remade\no_mip_fixes\ui,false,true,5,remarci_4x,0,false,false
00bc9205,9a6d3dbcb235f16391d86688184268141639c1a3,82acf2407bdf8603180b170153845da79ed12423,true,ps2 textures\HAS ALPHA\bp_remade\no_mip_fixes\ui,false,true,5,remarci_4x,0,false,false
00be4ad1,88c5dcb8a861779e8f1d59fa35beb6e6e7d1b70a,0939e73121054d2980e3e7271125d2f878164787,true,ps2 textures\HAS ALPHA\bp_remade\no_mip_fixes\ui,false,true,5,remarci_4x,0,false,false
00be80b9,108f5d0c30eb8435d9906a84f104307fa6af3a17,4ea45db3bce87bab99cae29b4b23f047968f7444,true,ps2 textures\HAS ALPHA\bp_remade\no_mip_fixes\ui,false,true,5,remarci_4x,0,false,false
00bf085a,898f9c344076ef9fc176b8d0b84af2fab33c01a9,cdb428e4a82ba2b6f700ebe5d842c224a9e5472a,true,ps2 textures\HAS ALPHA\bp_remade\no_mip_fixes\ui,false,true,5,remarci_4x,0,false,false
00bfbb06,1bd13383a949ca5aa36fd2378b7c763448bc1e4e,b2547ae5044d562d51fe0342f445a59ec469a290,true,ps2 textures\HAS ALPHA\bp_remade\no_mip_fixes\ui,false,true,5,remarci_4x,0,false,false
00c04ad1,e6a1763bcac1260b5fc173d771c99e7857e167c1,8e13282450c78c145e02a34eefd16c0a9e5e038e,true,ps2 textures\HAS ALPHA\bp_remade\no_mip_fixes\ui,false,true,5,remarci_4x,0,false,false
00c10972,16ab4a92bd75e28187905d8c228e93193051ae7b,c1d576ce519167988aeb8fd041777388606b46b7,true,ps2 textures\HAS ALPHA\bp_remade\no_mip_fixes\ui,false,true,5,remarci_4x,0,false,false
00c12eaf,e82b07079eb525564afaf7377e6153955232fabb,2ff22e7855671a361a10aedafb16c956c24ea7cc,true,ps2 textures\HAS ALPHA\bp_remade\no_mip_fixes\ui,false,true,5,remarci_4x,0,false,false
00c24ad1,982be74a15cf2c6e69a5c5b5d6f601b0bfb34826,fed7cc36574c2d44f302574191c9b86c52a36de4,true,ps2 textures\HAS ALPHA\bp_remade\no_mip_fixes\ui,false,true,5,remarci_4x,0,false,false
00c2df96,83275223d8c288aba9f10fef7b16837c285fcd79,fbc88264b180691fc01d5fa389dfb7cc9d12c912,true,ps2 textures\HAS ALPHA\bp_remade\no_mip_fixes\ui,false,true,5,remarci_4x,0,false,false
00c3e4f6,45d3d8cffadace889988f903536d8e524e04a10f,cbc5a8c27179b1160112d0dd5c53f7e5dca6494b,true,ps2 textures\HAS ALPHA\bp_remade\no_mip_fixes\ui,false,true,5,remarci_4x,0,false,false
00c45897,4e9ec1c84d11a076ed7fc7390fd73893d1c555a7,be0089d36fb1d745fe8dbd3067fac28591264c46,true,ps2 textures\HAS ALPHA\bp_remade\no_mip_fixes\ui,false,true,5,remarci_4x,0,false,false
00c489c5,d5cf3b11ca740ca823a878d1550981b7fff37c99,6fca257bac68e8adf643a0cdf315536d1929104c,true,ps2 textures\HAS ALPHA\bp_remade\no_mip_fixes\ui,false,true,5,remarci_4x,0,false,false
00c4b02d,9f78287ed23626aaf149d906a0a679af887e77b0,f01e89d8bb14340eec3e11f9c884fa1314321557,true,ps2 textures\HAS ALPHA\bp_remade\no_mip_fixes\ui,false,true,5,remarci_4x,0,false,false
00c4c778,75078383c7547de16eff987e60698bac8a8842ad,d685000ea0b7d7117baf569ff279ddfc251535b7,true,ps2 textures\HAS ALPHA\bp_remade\no_mip_fixes\ui,false,true,5,remarci_4x,0,false,false
00c59475,c2962cd7092796dd51ccb393521212d52800cfce,2711e5daa8125f7626e4426ca5d1df84f8885473,true,ps2 textures\HAS ALPHA\bp_remade\no_mip_fixes\ui,false,true,5,remarci_4x,0,false,false
00c5a254,ade7c5be7631e2d1629ae5cfa6d59ec891bdd68d,aa3962efc3ee9a2940819eca6e2e396b5a500b5b,true,ps2 textures\opaque\bp_remade\no_mip_fixes\ui,true,true,5,remarci_4x,0,false,false
00c5a3fd,4a1aa8258ad1a30d7e5805edb4d50531a7c32dbc,be5afaf896c31063ed22e57c1fb5ef3ba80d89eb,true,ps2 textures\HAS ALPHA\bp_remade\no_mip_fixes\ui,false,true,5,remarci_4x,0,false,false
00c6157c,4e375345dc59ec5dd128cb9106b6c0bf220a06f8,f6340b4f9e42635298c27eb7d1e7b9e6ab7482ef,true,ps2 textures\HAS ALPHA\bp_remade\no_mip_fixes\ui,false,true,5,remarci_4x,0,false,false
00c687d4,22caf819dd56e4aa9cf633b35e3eec1d555afe49,50f81c9b35d4e6eddabd83077da7b2dd02088e95,true,ps2 textures\HAS ALPHA\bp_remade\no_mip_fixes\ui,false,true,5,remarci_4x,0,false,false
00c6e6ab,b673c005ab7a73c49a3cc845d83118df9dd2302e,6fb0fc406e842c409f27679897cb735d7b717ba8,true,ps2 textures\HAS ALPHA\bp_remade\no_mip_fixes\ui,false,true,5,remarci_4x,0,false,false
00c6feb6,2abc15a7636dab6b70d1ab39690116d0af24832e,d4d9f3ac6f26c63881c9e35033399baea3976ec7,true,ps2 textures\HAS ALPHA\bp_remade\no_mip_fixes\ui,false,true,5,remarci_4x,0,false,false
00c6fef1,154321fed682b634bf97d3fe52a633d776c65039,a8ebe87cce3c79611e7908decc306b1236934bc6,true,ps2 textures\HAS ALPHA\bp_remade\no_mip_fixes\ui,false,true,5,remarci_4x,0,false,false
00c7d5a7,290f16afa116bb0343da73f2b4b9372c74a9a68b,8f7529803fe33a399dda67ce26ce50358446a7be,true,ps2 textures\HAS ALPHA\bp_remade\no_mip_fixes\ui,false,true,5,remarci_4x,0,false,false
00c87354,df19842f591ba30826a562afea5a8112894a396b,dd743ea00ca5fce01bd11f223a782a01d27d4e15,true,ps2 textures\opaque\bp_remade\no_mip_fixes\ui,true,true,5,remarci_4x,0,false,false
00c8e1b5,198b1737391600f12d3394a12dcb4925aa38dc0e,62d1aba2c64d8c430327677936786ed41fc84088,true,ps2 textures\HAS ALPHA\bp_remade\no_mip_fixes\ui,false,true,5,remarci_4x,0,false,false
00c9e1b5,bb47effb7554daac4218c521bcf82d1bb6cbc34b,f13137def6aa94987783882bda63fa5c075d4012,true,ps2 textures\HAS ALPHA\bp_remade\no_mip_fixes\ui,false,true,5,remarci_4x,0,false,false
00ca1816,5fa2c9e597ba532e4a73fae33ea5b49d00e0a023,32bf125e6d71f6587ce4e6c2fa9162efca6486a7,true,ps2 textures\HAS ALPHA\bp_remade\no_mip_fixes\ui,false,true,5,remarci_4x,0,false,false
00ca3f11,3f450ace07f7d4725f7f5245ebf334aa0c981493,87672ad54f6f57b115338acac3c7979d1c63227e,true,ps2 textures\HAS ALPHA\bp_remade\no_mip_fixes\ui,false,true,5,remarci_4x,0,false,false
00cada49,e78ef0463293a46a86928ed7e1d6ceee207bb6d1,e1b98d12c1e5e0822ec22ac606ddc41905da6d24,true,ps2 textures\HAS ALPHA\bp_remade\no_mip_fixes\ui,false,true,5,remarci_4x,0,false,false
00cb303d,11630b53eb3c2689dd32c5cdfa5a4bcf2d2dc419,81e8fb42363337eb4cc72f7640a7a2d69639b518,true,ps2 textures\opaque\bp_remade\no_mip_fixes\ui,true,true,5,remarci_4x,0,false,false
00cb3f11,718c7b749713f3a052ed97cf0e14afbc913ed3bc,3c5df4add39051b088539c48c48821f70747a3f5,true,ps2 textures\HAS ALPHA\bp_remade\no_mip_fixes\ui,false,true,5,remarci_4x,0,false,false
00cc15b7,18541785135bb21133096305c05d50da1c738853,17c2bee3aef70ece74a6dace05559cde0d673416,true,ps2 textures\HAS ALPHA\bp_remade\no_mip_fixes\ui,false,true,5,remarci_4x,0,false,false
00ccb0a6,bd53b25629b81405e29edbc1466feda97f76797e,c4b218976710ec8e6a367b2176789ad19f07ba24,true,ps2 textures\HAS ALPHA\bp_remade\no_mip_fixes\ui,false,true,5,remarci_4x,0,false,false
00cd360c,3c7884bf44d4ffd17b68a48361432c442f8113cd,11f6651032e177b9fe22407f5c69dd65b7f6fa96,true,ps2 textures\HAS ALPHA\bp_remade\no_mip_fixes\ui,false,true,5,remarci_4x,0,false,false
00cd868e,78d75c4e689b223c972d0a4498ba9d2fe6b01804,5842b62b61f41408eea89699ea370108420c6ee3,true,ps2 textures\HAS ALPHA\bp_remade\no_mip_fixes\ui,false,true,5,remarci_4x,0,false,false
00cda6c1,ff6ab3d2508c6e083cc97c76f90bc145835cbf7b,93d42446e3181985071f4bb6167c4fdb200c0de3,true,ps2 textures\opaque\bp_remade\no_mip_fixes\ui,true,true,5,remarci_4x,0,false,false
00cdb0a6,10e9a7572a11a1637d59c2f0fa854e20d7033dfc,8cecb4ebedf480743e203078d8f11aae858f0a3c,true,ps2 textures\HAS ALPHA\bp_remade\no_mip_fixes\ui,false,true,5,remarci_4x,0,false,false
00cdeba7,d107f72e3f8fec09fa179a1e18800761b441a3f3,011bbdc5eeeb6cd6dc1b1f884ffd36d91d9802a3,true,ps2 textures\HAS ALPHA\bp_remade\no_mip_fixes\ui,false,true,5,remarci_4x,0,false,false
00ce4bac,2687978e60d617814cf5f66a631893c330ea12d9,acbe11631f7e17e4cbe6662e49098d7b70bf3434,true,ps2 textures\HAS ALPHA\bp_remade\no_mip_fixes\ui,false,true,5,remarci_4x,0,false,false
00ce999d,e7965bfdeb1d8df0b49a3e6c7d98fe67af8eabf8,17782c8c892859107269ff4c73288a3bb1942ebc,true,ps2 textures\HAS ALPHA\bp_remade\no_mip_fixes\ui,false,true,5,remarci_4x,0,false,false
00ceb0a6,c16d3ad56f15d4fda7af1d9b1f45ea8765fbf599,7e5bf7c03412be777abe847f1284dae7d8a44601,true,ps2 textures\HAS ALPHA\bp_remade\no_mip_fixes\ui,false,true,5,remarci_4x,0,false,false
00ceeba7,4cfbee894b2d21a1ed11bb9ce153fe3488440710,92c8f3594cb2d8e28b66a91d4b0835d6eb053870,true,ps2 textures\HAS ALPHA\bp_remade\no_mip_fixes\ui,false,true,5,remarci_4x,0,false,false
00cf1e6a,7af824a4bb09201b0862548d9bfa02a2ff09eaaa,90265456c2b0f3e0807ecc47368b369de3640cc8,true,ps2 textures\HAS ALPHA\bp_remade\no_mip_fixes\ui,false,true,5,remarci_4x,0,false,false
00cfb0a6,86db5975e23607f2939a459d9fa424f85f4c9b69,8c8fa5f865945c8408c2458c6da8e131f74c52ed,true,ps2 textures\HAS ALPHA\bp_remade\no_mip_fixes\ui,false,true,5,remarci_4x,0,false,false
00cfe11e,1b6f95df2950a8515fd2c574b73e21a12b7aa900,13be52fb913388fc81d89157006b6d17894ac365,true,ps2 textures\HAS ALPHA\bp_remade\no_mip_fixes\ui,false,true,5,remarci_4x,0,false,false
00cfeba7,70b8d4e6278ef567eee28193d80f5c112a898c07,76a10f2f10fc86e1faf92ee833225cfcbb262df6,true,ps2 textures\HAS ALPHA\bp_remade\no_mip_fixes\ui,false,true,5,remarci_4x,0,false,false
00d0b0a6,80b21b5c44f8fead3b0c77e47c516a850d02ebbe,bf22ed3ae0bf6b7e2dc70a03dcc1f1ed36ecce50,true,ps2 textures\HAS ALPHA\bp_remade\no_mip_fixes\ui,false,true,5,remarci_4x,0,false,false
00d0eba7,5441d95c2c4e74e0f57ff7f6c8af8cb6f91373ef,9343f9967dd6d533130f6822bc03da39e1bf2b1b,true,ps2 textures\HAS ALPHA\bp_remade\no_mip_fixes\ui,false,true,5,remarci_4x,0,false,false
00d1b0a6,cb357b94fd8c3375e3e09530ac202515f588a95a,00e7e6a8d3a799e16f231c5febadfc33c7874690,true,ps2 textures\HAS ALPHA\bp_remade\no_mip_fixes\ui,false,true,5,remarci_4x,0,false,false
00d1eba7,db69733c17ac5e8e185b8aca441ad83a2a820173,eae89e69549ad4159b6b2585bfbcf92ff8d81765,true,ps2 textures\HAS ALPHA\bp_remade\no_mip_fixes\ui,false,true,5,remarci_4x,0,false,false
00d27f22,c87eddfb5facc5e3d730e525e8e3b11c8f6edb20,6b217bdee6b3df0d4e70bc2f85546b0f9cfdf6fd,false,ps2 textures\HAS ALPHA\bp_remade\no_mip_fixes\ui,false,false,0,none,5,true,false
00d37f22,4484c374262d7cab16b60014a2467e7b78161873,ba6cffc0bb4c29794371c0f9db11bd106bbe782c,false,ps2 textures\HAS ALPHA\bp_remade\no_mip_fixes\ui,false,false,0,none,5,true,false
00d47f22,cab8928b12ce55ce95f1757dec9a19b791610659,ebfe371f22d4666244f2dab822af1ee5fbb267bf,false,ps2 textures\HAS ALPHA\bp_remade\no_mip_fixes\ui,false,false,0,none,5,true,false
00d4e124,bb4ce33b55b9589f45e04091af22375d92ccde9f,09031d607baa34338ff197f93a79fc50a630a323,true,ps2 textures\HAS ALPHA\bp_remade\no_mip_fixes\ui,false,true,5,remarci_4x,0,false,false
00d57f22,ce983a8bc5f121bf8c87d2f334c1ae629ba54209,c3db4dc77be2b2e876377ea120b302224060c7fa,false,ps2 textures\HAS ALPHA\bp_remade\no_mip_fixes\ui,false,false,0,none,5,true,false
00d5b0e4,0c77880949ed8bc49683758246353caaa2cc0aca,7c2245aadf006852c751944719e5f448ce785b59,true,ps2 textures\HAS ALPHA\bp_remade\no_mip_fixes\ui,false,true,5,remarci_4x,0,false,false
00d7a5d6,68cc22ca695b6df9e93a62d0e51b9033fbeac1da,70ea66f79c7e19dd420915799e53b8cc72da1b80,true,ps2 textures\HAS ALPHA\bp_remade\no_mip_fixes\ui,false,true,5,remarci_4x,0,false,false
00d7a5d6_543420bb4ab393b8a988314352eaca9c,3b602965971ed079f5d700d255c48a109b2f4a6b,316bb94b54dc5feca0e4567d9bb2c1bb838328e1,true,ps2 textures\HAS ALPHA\bp_remade\no_mip_fixes\ui,false,true,5,remarci_4x,0,false,false
00d84d77,356bf9cb22c32b54e92c0fd32e0e5e56c4aaa098,052cf710a65248574e73b8f441ae4f26d0018368,true,ps2 textures\HAS ALPHA\bp_remade\no_mip_fixes\ui,false,true,5,remarci_4x,0,false,false
00d85d25,342a6d2746ef3d21191ba399a47c1dc5434eefae,e1e5f45ec244d4b2dc230942ff25d8785a1626bb,true,ps2 textures\HAS ALPHA\bp_remade\no_mip_fixes\ui,false,true,5,remarci_4x,0,false,false
00d97e9d,c24da51bf0bd8a5f1631f6bc5a63f5a720e4e207,357f5e7108d42d34f4735fbbd78ad0563e34b22b,true,ps2 textures\HAS ALPHA\bp_remade\no_mip_fixes\ui,false,true,5,remarci_4x,0,false,false
00da15e3,062e2d636634ad187ee8545fe34227b55360231b,be306a3bf0e25608acc83bfa60e394e0d2707ac5,true,ps2 textures\HAS ALPHA\bp_remade\no_mip_fixes\ui,false,true,5,remarci_4x,0,false,false
00da6b5a,36ffaab7b929055834d611a8db23f0f6f7ec0178,b12318f9f4d8a36b58b369f657482a380a8e7825,true,ps2 textures\HAS ALPHA\bp_remade\no_mip_fixes\ui,false,true,5,remarci_4x,0,false,false
00dbc1dd,486b22856de7ae5c85a92bbe4e369871d4a8351c,28ade0b64de74ff85ca8bea51660ba165e56def4,false,ps2 textures\opaque\bp_remade\no_mip_fixes\ui,true,false,0,none,5,true,false
00dc7290,a51413d21c5c53f502cf6587164ffb3478be54d2,bb161624988cde1a042ad4766dc21ebef1840078,true,ps2 textures\HAS ALPHA\bp_remade\no_mip_fixes\ui,false,true,5,remarci_4x,0,false,false
00dcd5c6,ba23eb40359a2cbafdc250abae30fedb74c5a54b,f75c4107846c88971e14bdecc9fc36e5aed5495c,true,ps2 textures\HAS ALPHA\bp_remade\no_mip_fixes\ui,false,true,5,remarci_4x,0,false,false
00dd93f9,9b8e856a219aa4d899ceab4bb10e181976371468,92045c5d91022485d38f8f51c020420628624613,true,ps2 textures\HAS ALPHA\bp_remade\no_mip_fixes\ui,false,true,5,remarci_4x,0,false,false
00de6344,4639c1adafc2d1c11fcd775092a6280b7c184a93,ea906d605b023d55612906086c91f2a8be16de8b,true,ps2 textures\HAS ALPHA\bp_remade\no_mip_fixes\ui,false,true,5,remarci_4x,0,false,false
00de6f30,4f71c2e4ccb5bcdf847cc1772e5cccc09103a5c6,88abf8b79cbc52605cf5009aadd9ef59629a9465,true,ps2 textures\HAS ALPHA\bp_remade\no_mip_fixes\ui,false,true,5,remarci_4x,0,false,false
00e0bf95,08fa194cd011fecdf0fe87be0242a6a7ee765ec7,e95e49dfd85432e018cd9f9ce8a19f1df9417065,true,ps2 textures\HAS ALPHA\bp_remade\no_mip_fixes\ui,false,true,5,remarci_4x,0,false,false
00e1e671,31847132933c97b53765270ad7205da24e7e835c,ec08355f88a0aa5fb6a0175267a33205f3ec16ab,true,ps2 textures\HAS ALPHA\bp_remade\no_mip_fixes\ui,false,true,5,remarci_4x,0,false,false
00e1e6f1,56d15c1459c6e1890c2094329856e623c1ee3f9e,be04ed5ecdf40e1b3ebb7a78274aba51a3c567c5,true,ps2 textures\HAS ALPHA\bp_remade\no_mip_fixes\ui,false,true,5,remarci_4x,0,false,false
00e1e771,16c5cb7d2bc0b15e77ba7d9f2c63e86a51bf4e67,b5da9430d93c9058152a7022cf4eee772a103366,true,ps2 textures\HAS ALPHA\bp_remade\no_mip_fixes\ui,false,true,5,remarci_4x,0,false,false
00e20d51,0d861693cf2e7d70f662864d59bdef85fe4f5a01,ceb9dbf84b59a0e4d01cb8a542976889ba4846eb,true,ps2 textures\HAS ALPHA\bp_remade\no_mip_fixes\ui,false,true,5,remarci_4x,0,false,false
00e22d51,94438de85aacb16559e5968558139fdf54658d32,27067f1cff7ffdbb9e227f2d117729fa4469403f,true,ps2 textures\HAS ALPHA\bp_remade\no_mip_fixes\ui,false,true,5,remarci_4x,0,false,false
00e3d071,2b2dc4dce155c5e6d2373ddb3f2b57bc81d830e4,491c005b18f5f5a85703fe971f9cb37bdf7465a3,true,ps2 textures\HAS ALPHA\bp_remade\no_mip_fixes\ui,false,true,5,remarci_4x,0,false,false
00e4b51b,72761f4b66d171ddce05452223d956384e88c77d,7e9e9ed2b2b5dd8d09e381886ad91d9fa65df5f9,true,ps2 textures\HAS ALPHA\bp_remade\no_mip_fixes\ui,false,true,5,remarci_4x,0,false,false
00e4d0de,772653b22646810e2636ffc80f0e1a1544a6df38,15640fb211b8db080ce2f3c994d4b93eb3e731de,true,ps2 textures\HAS ALPHA\bp_remade\no_mip_fixes\ui,false,true,5,remarci_4x,0,false,false
00e4d0de_41da87e72c01ef976b914cd59eef1df9,ed9577ecdbc02799314a7aba01f07ff2e1c5ba60,5a3582a0def42f00063402f26883b1371c8e3f0e,true,ps2 textures\HAS ALPHA\bp_remade\no_mip_fixes\ui,false,true,5,remarci_4x,0,false,false
00e7ddd3,c9fcf8a5827d95951a60c6deb1c194bc1dd38242,f744e4f72d2b951dd7b36d81df3da1e28e5b03a1,true,ps2 textures\HAS ALPHA\bp_remade\no_mip_fixes\ui,false,true,5,remarci_4x,0,false,false
00e8533f,5373929e8afdc2699fd979112e6133d5164cee48,193a832986a3688d1707486dfc46cc8095fcbbeb,true,ps2 textures\HAS ALPHA\bp_remade\no_mip_fixes\ui,false,true,5,remarci_4x,0,false,false
00e8533f_c9656c04a66db3d24c7fb50dd516a45e,0b6221c64fca502aae16933a496012fd411bfd49,f8265216121a7493dee7c53f4b208e9f637f2d20,true,ps2 textures\HAS ALPHA\bp_remade\no_mip_fixes\ui,false,true,5,remarci_4x,0,false,false
00e9800a,2758b1743ed4145f19b0ccab5f5ecb985befc815,26787dff2821bc925bd3d0eb24579e38812a1c19,true,ps2 textures\HAS ALPHA\bp_remade\no_mip_fixes\ui,false,true,5,remarci_4x,0,false,false
00e9c58b,9e0fcb6487b38c9800a24ec70e11cf33855e6af8,e84361918925daefdbe32d69fd506ddd64264838,true,ps2 textures\HAS ALPHA\bp_remade\no_mip_fixes\ui,false,true,5,remarci_4x,0,false,false
00eb32b4,de258e9d861d517db7ed1c757e28d3e20364c09b,7871951107a29c715b74d459d88ae9dd23306ce8,true,ps2 textures\opaque\bp_remade\no_mip_fixes\ui,true,true,5,remarci_4x,0,false,false
00eb5f92,9f66cbcd5341336da259095de4b6d808a34147a2,92e59f2274e8c80c8b95caa50667d9913a7f817c,true,ps2 textures\opaque\bp_remade\no_mip_fixes\ui,true,true,5,remarci_4x,0,false,false
00eb7512,d2a3fb1028461b1c46a06baa9a3a97ce8afab4be,8a24e976277de4da59cdcc6ee7500f1af4ad0fd7,true,ps2 textures\opaque\bp_remade\no_mip_fixes\ui,true,true,5,remarci_4x,0,false,false
00ec6105,27900b7f6a0f3053dd8c85a73135c8fbcd699878,dda4c27dcb1b0b79c7ea710abc550f90626e2bdf,true,ps2 textures\HAS ALPHA\bp_remade\no_mip_fixes\ui,false,true,5,remarci_4x,0,false,false
00ec6151,2fee0a0d22db76c5bb3366f8891267c4a8744a11,66ecab4b400811c74588033eda8f52398730aed6,true,ps2 textures\HAS ALPHA\bp_remade\no_mip_fixes\ui,false,true,5,remarci_4x,0,false,false
00ec628d,bb37ac98862d60cec37298442514e3d5221488d7,7163e25350924bb0f307f721e414a214c2fde8aa,true,ps2 textures\HAS ALPHA\bp_remade\no_mip_fixes\ui,false,true,5,remarci_4x,0,false,false
00ec677d,d29bae0d890b9762eae7bfe8e6ec7b0b1f718d37,e935b110289487a373534ebd6507fb1ba656649a,true,ps2 textures\HAS ALPHA\bp_remade\no_mip_fixes\ui,false,true,5,remarci_4x,0,false,false
00ec73af,02f7808bbca0cdc242bc29c9b51b70411ca01f82,30c4d16e993c348e1ccdb2693f3ade21e3bd571d,true,ps2 textures\HAS ALPHA\bp_remade\no_mip_fixes\ui,false,true,5,remarci_4x,0,false,false
00eca640,e882afabce270081487a065fc67c160d3cfc9511,ce952f4580302e7a19082b1208626fc34af9cd68,true,ps2 textures\HAS ALPHA\bp_remade\no_mip_fixes\ui,false,true,5,remarci_4x,0,false,false
00ed6105,9273f4654c72992ff0889a9f1357c1d9dde48774,497c3345b5150bc4614b527f34840edc9b0a1593,true,ps2 textures\HAS ALPHA\bp_remade\no_mip_fixes\ui,false,true,5,remarci_4x,0,false,false
00ed6151,70b7a44719f439f8d2fd081f0c2de94bd13ec3e8,210c59969764a5ab433296371a33de2394b61e6a,true,ps2 textures\HAS ALPHA\bp_remade\no_mip_fixes\ui,false,true,5,remarci_4x,0,false,false
00ed628d,279c1cd509900fbd5f42fc83d7126c33111fd10c,d592e5e2823ee2e991d2c8273cbc1a8682757c4c,true,ps2 textures\HAS ALPHA\bp_remade\no_mip_fixes\ui,false,true,5,remarci_4x,0,false,false
00ed677d,183bc513b9f6b91f42638a914a9d29b1e8451e89,50eeaf73209c583e410acbb35b1d533e1886e10f,true,ps2 textures\HAS ALPHA\bp_remade\no_mip_fixes\ui,false,true,5,remarci_4x,0,false,false
00edb58b,0900f484acf942ef91fcf4f42f3125a0dbc717f5,8e98968e7e79e2bc9cc78d2d48446d9e85c20d45,true,ps2 textures\HAS ALPHA\bp_remade\no_mip_fixes\ui,false,true,5,remarci_4x,0,false,false
00efa150,b18d5544060c8b6fa7080e36994a995823524709,3a43fdaf94a7496895dc46c49aab93ae4f85118e,true,ps2 textures\HAS ALPHA\bp_remade\no_mip_fixes\ui,false,true,5,remarci_4x,0,false,false
00f04ad1,01ce98ca8c5a278f3f65f28e2ee62c3d3aa27d2e,3b6b373c1b13de755c4ebd8cab86eb2dd7267578,true,ps2 textures\HAS ALPHA\bp_remade\no_mip_fixes\ui,false,true,5,remarci_4x,0,false,false
00f0852a,9fbcfff5303bec70d05a1944d61ccdb41b70fbee,97483ea008cf508d10194e6bc003c7bec3d1c5dc,true,ps2 textures\HAS ALPHA\bp_remade\no_mip_fixes\ui,false,true,5,remarci_4x,0,false,false
00f08bb3,e58880cd5fff164e51e40a25d183e4937d87c94d,67b1e8716a8640e4d296421b48d46912f5fbe681,true,ps2 textures\HAS ALPHA\bp_remade\no_mip_fixes\ui,false,true,5,remarci_4x,0,false,false
00f0b18b,500630463377fbaee48aeb27b7d191985d013f1e,5e83c6be8a2e891d383e9bfaa96746c784fbe0d7,true,ps2 textures\HAS ALPHA\bp_remade\no_mip_fixes\ui,false,true,5,remarci_4x,0,false,false
00f24ad0,6cbd486482ba54b9ae20362466cbe091a0d2197d,0c73b950697a5be3bfbff192b94dbd4938e2b589,true,ps2 textures\HAS ALPHA\bp_remade\no_mip_fixes\ui,false,true,5,remarci_4x,0,false,false
00f24ad1,6b0a8c2c03b7f8801bff84fbfac24b01d10353d7,9fe1bd07723568fe31f9ba46cd86e495c1d2b86e,true,ps2 textures\HAS ALPHA\bp_remade\no_mip_fixes\ui,false,true,5,remarci_4x,0,false,false
00f40e09,e3e204d550af5ed0382a3219d751f1521f997860,c8164cf11847615468638bad0bb47736d3e2d61c,true,ps2 textures\HAS ALPHA\bp_remade\no_mip_fixes\ui,false,true,5,remarci_4x,0,false,false
00f41462,50a9e0c2ba7c237a6b5206e137c489341a858866,e6b44e21574dc41f2b782bebda402e8019fc8956,true,ps2 textures\HAS ALPHA\bp_remade\no_mip_fixes\ui,false,true,5,remarci_4x,0,false,false
00f44ad0,4b6bdc7b68ce8f14408a0ec3ce255eddd682a6d5,75c828f2bfd785032964999f9489f3ebe0b2d9e6,true,ps2 textures\HAS ALPHA\bp_remade\no_mip_fixes\ui,false,true,5,remarci_4x,0,false,false
00f44ad1,ab921136b082ae0c6b46976508269d16cbde8200,7b9cb9f662089c250c160715136f4d532c1a2375,true,ps2 textures\HAS ALPHA\bp_remade\no_mip_fixes\ui,false,true,5,remarci_4x,0,false,false
00f4b0a9,27f8c9aa754cb48be2d4b5095acd9b3b54a44d5b,a55bf7947000a78c1ac44992a23deb0b020f6cf9,true,ps2 textures\HAS ALPHA\bp_remade\no_mip_fixes\ui,false,true,5,remarci_4x,0,false,false
00f4e3ec,7c9b2c3f7d1d0ce086c26756afbc792435033574,f3fabd3d6495ddb4fb1fdbd8d206ad9aa505bb48,true,ps2 textures\HAS ALPHA\bp_remade\no_mip_fixes\ui,false,true,5,remarci_4x,0,false,false
00f51462,d5fd124eff7fc23947f287844b133449fa2f7e26,cb8eead886a8886f99ab45cdb84fa51dc42afdfb,true,ps2 textures\HAS ALPHA\bp_remade\no_mip_fixes\ui,false,true,5,remarci_4x,0,false,false
00f52511,7ae719274dcfa5cacbe94b0739e242a9bba13aa8,6ee4df3dc197c75589a4b81e03d9f3025880dfa4,true,ps2 textures\HAS ALPHA\bp_remade\no_mip_fixes\ui,false,true,5,remarci_4x,0,false,false
00f60ccd,342d033d626060e962f22760470d0f738ee897e7,25247e55a8e0f4fd60f596da55b1bb33229fa810,true,ps2 textures\HAS ALPHA\bp_remade\no_mip_fixes\ui,false,true,5,remarci_4x,0,false,false
00f60dcd,b1752554bbd892ef11ca24bf15b860042c779a03,d4f0792c092260775de032c7fd4ecb3e363d0cd1,true,ps2 textures\HAS ALPHA\bp_remade\no_mip_fixes\ui,false,true,5,remarci_4x,0,false,false
00f64ad0,f43bf5accd33b22fe9cbb4ee20400a953c1b1238,8954052aa5cb022403d3aa4dc35f367684ca416c,true,ps2 textures\HAS ALPHA\bp_remade\no_mip_fixes\ui,false,true,5,remarci_4x,0,false,false
00f64ad1,12e794e68bafb356e6bae52f121f2d69653f5070,239a38175825350ac6c4c1c2ec25bd71691d9851,true,ps2 textures\HAS ALPHA\bp_remade\no_mip_fixes\ui,false,true,5,remarci_4x,0,false,false
00f65e24,0cf74280eedd934a35b88b550c7680d9696c81ea,d7aa16cba6986ee5d387aa3a8a152e8b9a9813d4,true,ps2 textures\HAS ALPHA\bp_remade\no_mip_fixes\ui,false,true,5,remarci_4x,0,false,false
00f727bc,40fc01d772523aeffe941564a1790d92fc612702,3ac25a97876a3c4f422d8f102c4dcd9d0f0844c5,true,ps2 textures\HAS ALPHA\bp_remade\no_mip_fixes\ui,false,true,5,remarci_4x,0,false,false
00f7283c,a75622db01a3507f0bed6b17f9833852beeb90bc,fc111e9aeb989bf5e7aaf8251d989bf9e6cea2da,true,ps2 textures\HAS ALPHA\bp_remade\no_mip_fixes\ui,false,true,5,remarci_4x,0,false,false
00f728bc,13bbb2a228136b1e09c33c2618a0450e7f37be0f,ce456ea498ec56e77c0ef3e22ea9b618e2ff3879,true,ps2 textures\HAS ALPHA\bp_remade\no_mip_fixes\ui,false,true,5,remarci_4x,0,false,false
00f7293c,b5a0ce4ee9f50bea5074d8c46e5a0c10fdf0cf3c,2dfaf01e5fb04bce04f3ce9f08c55b48eb749063,true,ps2 textures\HAS ALPHA\bp_remade\no_mip_fixes\ui,false,true,5,remarci_4x,0,false,false
00f729bc,f8995c18646e78d2e1249a63654bae8b1938ef49,f9e9633445917c1abe051d52a77eb1b33c5decfb,true,ps2 textures\HAS ALPHA\bp_remade\no_mip_fixes\ui,false,true,5,remarci_4x,0,false,false
00f72abc,23e14701fde6fea1aad6840c798da479026191b1,1878824c538f7af44a6df24f3ed62cb80d367559,true,ps2 textures\HAS ALPHA\bp_remade\no_mip_fixes\ui,false,true,5,remarci_4x,0,false,false
00f72b3c,6e79fd45ef41876ff5b06fd16572fa2753b3c379,8b35636ee2e852d7740a3b9b70443437e2473c89,true,ps2 textures\HAS ALPHA\bp_remade\no_mip_fixes\ui,false,true,5,remarci_4x,0,false,false
00f736bc,d30c40e23e58a3f827d95a58433000c27b720e48,7315255cee298d474432bf877f162f4f050b78c5,true,ps2 textures\HAS ALPHA\bp_remade\no_mip_fixes\ui,false,true,5,remarci_4x,0,false,false
00f7373c,7e7f045d5f5d439c53b6c4cb1f304b746969f138,ae0102a906cd964e3d962621fb9901616049bec2,true,ps2 textures\HAS ALPHA\bp_remade\no_mip_fixes\ui,false,true,5,remarci_4x,0,false,false
00f8237e,eeb308e90d7d07fdc70515ff70c089c5c17b6dc9,f2f8796680bce0310d7f61707085ff762464551a,true,ps2 textures\HAS ALPHA\bp_remade\no_mip_fixes\ui,false,true,5,remarci_4x,0,false,false
00f84320,eabe425dc10c500487632785de245c3e9e7a9a30,e895db0c06b1340fad5f9cfd67d3d6dfc7b4205b,true,ps2 textures\HAS ALPHA\bp_remade\no_mip_fixes\ui,false,true,5,remarci_4x,0,false,false
00f84ad0,099e32544d87c952fb473aac5bceded4600b244f,b2a3b42f3b18892b9f1e2346988da45855a3a607,true,ps2 textures\HAS ALPHA\bp_remade\no_mip_fixes\ui,false,true,5,remarci_4x,0,false,false
00f84ad1,eae64c90324657eaac44b40b9738aa61d49a7a00,15e2d9d3a6e0b292c7862badff141339582f753e,true,ps2 textures\HAS ALPHA\bp_remade\no_mip_fixes\ui,false,true,5,remarci_4x,0,false,false
00f8852a,1463a0dc25050e48bee46386688ab35f1a222d8a,8d361a28cd99dc909973d3a5793336631a6aecec,true,ps2 textures\HAS ALPHA\bp_remade\no_mip_fixes\ui,false,true,5,remarci_4x,0,false,false
00f94320,f1e144bd994abe2af27df028c937b32d6f3bf92f,7972f2b4c739d52a0381422e0e570f23cce33d1a,true,ps2 textures\HAS ALPHA\bp_remade\no_mip_fixes\ui,false,true,5,remarci_4x,0,false,false
00f995ec,fec1d610d20a17767c1e215f4bb36276d95681cb,85bfda8aef9db5fc053dd242814c8f9b1da69a81,true,ps2 textures\HAS ALPHA\bp_remade\no_mip_fixes\ui,false,true,5,remarci_4x,0,false,false
00fa15d7,ede13a06177be126d5d8d378149113e78c1d0bfa,1a6e583cd18d2b8da3478545b5c68cfce997c0e8,true,ps2 textures\HAS ALPHA\bp_remade\no_mip_fixes\ui,false,true,5,remarci_4x,0,false,false
00fa4ad0,fbd01c925034a029d7dfeed2145d17fd3fcd2eaf,da44e9a2421ed0c26caedb78f00ff8dc02345bc3,true,ps2 textures\HAS ALPHA\bp_remade\no_mip_fixes\ui,false,true,5,remarci_4x,0,false,false
00fa4ad1,dc25e61274f9ebd136c565a1f2a8611612125197,89b1e73ddde3b1c48813a04e8eb7048660c2cac7,true,ps2 textures\HAS ALPHA\bp_remade\no_mip_fixes\ui,false,true,5,remarci_4x,0,false,false
00fad318,6ed6f2b75f127b55f2426731d690abcac77ecc09,1d3fe66100d5142a180412f746524177b424e7ec,true,ps2 textures\HAS ALPHA\bp_remade\no_mip_fixes\ui,false,true,5,remarci_4x,0,false,false
00fb2383,35e88b8b0225006838585a1aad85b41bd005ec7a,49e2b1d871892c25b447c7dc09aa7103f1a33ade,true,ps2 textures\HAS ALPHA\bp_remade\no_mip_fixes\ui,false,true,5,remarci_4x,0,false,false
00fb5e0d,af92a54b0ba148b8c8d4b7cb9607517f59f506be,b4621f751ee508f43309296469fbbcd48fc66f18,true,ps2 textures\HAS ALPHA\bp_remade\no_mip_fixes\ui,false,true,5,remarci_4x,0,false,false
00fb5e0d_3a2f9c020f2b36a95c909e29cb3e4aae,09dfa9d6264915502af8cfd4d41a5c34493dcf90,58cc1627639d51dde5d533ad53f7d650108a1cde,true,ps2 textures\HAS ALPHA\bp_remade\no_mip_fixes\ui,false,true,5,remarci_4x,0,false,false
00fb5e0d_a4c6847d4b922f6cd44f7d23a8727f2c,936ee9ca2c65360f5f735a7f4d021b8abbae5742,df20dbfda455f6924ff661ef3328c74e0083acd0,true,ps2 textures\opaque\bp_remade\no_mip_fixes\ui,true,true,5,remarci_4x,0,false,false
00fc4ad0,43c266b40feb20e3961444621480e10611368e76,3ef2ebd1872f8e88928bc07aee98c069869b4c92,true,ps2 textures\HAS ALPHA\bp_remade\no_mip_fixes\ui,false,true,5,remarci_4x,0,false,false
00fc4ad1,80a50f2e2427ef50adc563430a43a1010a80a369,08fe44a377a03685faae700d3b8b165825f0cd6c,true,ps2 textures\HAS ALPHA\bp_remade\no_mip_fixes\ui,false,true,5,remarci_4x,0,false,false
00fe04ea,f47b11399618049ffa97c17511c7e2dbf0a93bfb,99e7bc1288138b863f168d51e09732d5b5058671,true,ps2 textures\HAS ALPHA\bp_remade\no_mip_fixes\ui,false,true,5,remarci_4x,0,false,false
00fe4ad0,ce0a1fe17d106cb79113597cbb37e61534e94c68,7db5579eb24530fdffe8ff650b35b698bcb5c476,true,ps2 textures\HAS ALPHA\bp_remade\no_mip_fixes\ui,false,true,5,remarci_4x,0,false,false
00fe4ad1,b32b457033230a0b633e9fca02f5ab1967236699,ff9830b82d493e7b89909a960cee28dba566f29a,true,ps2 textures\HAS ALPHA\bp_remade\no_mip_fixes\ui,false,true,5,remarci_4x,0,false,false
00fe564d,d43c42de4c59d8ec28531ad0cf21f87c1379e68d,40e40d9fa876697b3d07da7de5f7d8b308081db0,true,ps2 textures\HAS ALPHA\bp_remade\no_mip_fixes\ui,false,true,5,remarci_4x,0,false,false
00ff04ea,aade853c3fea945357b13be93e923635038b4d0f,1743c2aa4590144aecaca1fd67a8690589459500,true,ps2 textures\HAS ALPHA\bp_remade\no_mip_fixes\ui,false,true,5,remarci_4x,0,false,false
00ffb109,27c5c4645c5fd6632ea1bb32682763e3653debcb,52d9fe6a51150c706da0ece26b4bda73293dc5b9,true,ps2 textures\opaque\bp_remade\no_mip_fixes\ui,true,true,5,remarci_4x,0,false,false
1_chuou_1f_alp_ovl.bmp,7a1c7f383e195e1016e6807de2e5aa74e26165d9,fa4639faf3ea28e8e9f6dbcce2af5b7b8204e523,false,ps2 textures\HAS ALPHA\bp_remade\no_mip_fixes\ui,false,false,0,none,5,true,false
1_chuou_b1_alp_ovl.bmp,c97841b2298c66c3caea24a8b08d1acccec79099,d0b4b4c4ca86f3029ac64195fb83afbdb6bfb8fd,false,ps2 textures\HAS ALPHA\bp_remade\no_mip_fixes\ui,false,false,0,none,5,true,false
1_chuou_b1_shukai_alp_ovl.bmp,23f61dade3e4651253fe51c9e3518fbb92f10ffe,bb4c512465f071b05bb67bb666bd9b8034778901,false,ps2 textures\HAS ALPHA\bp_remade\no_mip_fixes\ui,false,false,0,none,5,true,false
1_chuou_b2_densan_alp_ovl.bmp,d8da55005688195c2a358d1a251c274e85cf575c,aa5c9174570e4a3df46498d066bc1c2052f511db,false,ps2 textures\HAS ALPHA\bp_remade\no_mip_fixes\ui,false,false,0,none,5,true,false
1f_live_alp_ovl.bmp,d655fedf5c3be716db9a11676ee4f97bee43e279,8b74f1fb038564eb7da8dbcca2e81ad0f9deae2d,false,ps2 textures\HAS ALPHA\bp_remade\no_mip_fixes\ui,false,false,0,none,5,true,false
1f_live_left_alp_ovl.bmp,b8b190916ee92507570a9e490942f0546725718c,079f180ffebc034f2bb13fb9896a4ae6560365b3,false,ps2 textures\HAS ALPHA\bp_remade\no_mip_fixes\ui,false,false,0,none,5,true,false
1f_live_right_alp_ovl.bmp,51657d9c23b56c3c2ffead4e01dc55c1d7620fa3,2bf4f3d1895eefbdcd3447db3150d5ea44dda908,false,ps2 textures\HAS ALPHA\bp_remade\no_mip_fixes\ui,false,false,0,none,5,true,false
24c_over_alp_ovl.bmp,e46eb389cb8733fbef74ce7598a2def092ed3349,71376b6a7e127bb61a95a21a6093a8d6aebb2174,true,ps2 textures\HAS ALPHA\bp_remade\no_mip_fixes\ui,false,true,5,remarci_4x,0,false,false
2_chuou_1f_kuki_alp_ovl.bmp,499d54a82aeb0a1ebcdde55687f714c4001c32f3,4916718b7ef71b3d1e69a5d7742be8dc53a2e135,false,ps2 textures\HAS ALPHA\bp_remade\no_mip_fixes\ui,false,false,0,none,5,true,false
2_chuou_b1_roka_01_alp_ovl.bmp,8128c6b141541beabb5389a1008eb6ff14ee499c,9c776a472334ec37eb2b0c29db67d69d8f0306da,false,ps2 textures\HAS ALPHA\bp_remade\no_mip_fixes\ui,false,false,0,none,5,true,false
2_chuou_b1_roka_02_alp_ovl.bmp,a1be0641be2c2e96ae3139fc34f6f080c23cda10,db45b2f5e0c1ddfe7775b6263723e65455244fda,false,ps2 textures\HAS ALPHA\bp_remade\no_mip_fixes\ui,false,false,0,none,5,true,false
2f_live_alp_ovl.bmp,9d679da2ea3a31b4ec5d20acb59de9397bc79c64,3b6c64306a74737e53c42e519851390dcc07fb2b,false,ps2 textures\HAS ALPHA\bp_remade\no_mip_fixes\ui,false,false,0,none,5,true,false
2f_live_left_alp_ovl.bmp,e854f5abd6e750f64654f166c75870820936683d,e75cd12bc4fb6b5c53f12a814043945db4ddb4bf,false,ps2 textures\HAS ALPHA\bp_remade\no_mip_fixes\ui,false,false,0,none,5,true,false
2f_live_right_alp_ovl.bmp,85afb8fd04cdebfd170dbf91f41e036e122c535f,b6f8f4a56eda30326e9200bb53a331ce0b404b91,false,ps2 textures\HAS ALPHA\bp_remade\no_mip_fixes\ui,false,false,0,none,5,true,false
3f_live_alp_ovl.bmp,af7ad0e35777f52f4378433c3f7b01684fd4882c,fc29c012bca18b62ef7982fc20cdb6bba5a83be9,false,ps2 textures\HAS ALPHA\bp_remade\no_mip_fixes\ui,false,false,0,none,5,true,false
3f_live_left_alp_ovl.bmp,3678d85ad37529e82a749276556ed07135115d6f,42786b9088bac3ced7eedc6865a13f32203c520c,false,ps2 textures\HAS ALPHA\bp_remade\no_mip_fixes\ui,false,false,0,none,5,true,false
4f_live_alp_ovl.bmp,206dbbb3eb68c07843e311e70dff9e99cf41c839,ab80cf18a3d4d78d5ed3e4ca4992d8e76dfb65a3,false,ps2 textures\HAS ALPHA\bp_remade\no_mip_fixes\ui,false,false,0,none,5,true,false
5f_souda_alp_ovl.bmp,d10f6b6ec5fc7a349ba7395b81aa0eed2659d97b,46ca50d2681d9419404faba0a02aa71ed4bab40e,false,ps2 textures\HAS ALPHA\bp_remade\no_mip_fixes\ui,false,false,0,none,5,true,false
a_kaitei_alp_ovl.bmp,ca7e9dc7d3e4d543e2ce50acd7e76ba3f708c89b,06d82bc78c6b93cb5f9d4827af6bfb4eda10c8e8,false,ps2 textures\HAS ALPHA\bp_remade\no_mip_fixes\ui,false,false,0,none,5,true,false
a_okujou_alp_ovl.bmp,0eaa841d21d6a3a0ec268be987ecbd99077601c6,c96efe1e0114d4fcfd016328cd1515126d5cd79a,false,ps2 textures\HAS ALPHA\bp_remade\no_mip_fixes\ui,false,false,0,none,5,true,false
a_pump_alp_ovl.bmp,7314522269877be5ad98f4f4c8e8d7268e2eee4e,437a8a3d6afc3f1dc0cf055ee16b411ad9ca6aed,false,ps2 textures\HAS ALPHA\bp_remade\no_mip_fixes\ui,false,false,0,none,5,true,false
ab_alp_ovl.bmp,e8346313cddff8ac63fbc8f3c2ba2b3841e2317d,d1a2c9090df68868a73c268d518221b6751ad01a,true,ps2 textures\HAS ALPHA\bp_remade\no_mip_fixes\ui,false,true,5,remarci_4x,0,false,false
ab_renraku_alp_ovl.bmp,30638af98d8b91b00352247f64219acb4ba541c6,ac7e593e693355f9976793d4fdf49f87fc4ba5e5,false,ps2 textures\HAS ALPHA\bp_remade\no_mip_fixes\ui,false,false,0,none,5,true,false
acd_alp_ovl.bmp,6c31ae5796b93a9593d360a1be985e3196210e08,de32720a9d1099c83f51833f1c3f476354bb7981,true,ps2 textures\HAS ALPHA\bp_remade\no_mip_fixes\ui,false,true,5,remarci_4x,0,false,false
act_telop02_jp_alp_ovl.bmp,fc770c355f2747ca818b85f96cb6866bb5c92554,4861ec8224afb50a065d76b81c3cd6530a83b6ed,true,ps2 textures\HAS ALPHA\bp_remade\no_mip_fixes\ui,false,true,5,remarci_4x,0,false,false
act_telop03_jp_alp_ovl.bmp,cf01b79692710fa507e9700a9a22baa28ec97cf9,556da747ce591eb076e1193407b01d4ef2bec7ca,true,ps2 textures\HAS ALPHA\bp_remade\no_mip_fixes\ui,false,true,5,remarci_4x,0,false,false
act_telop04_jp_alp_ovl.bmp,a6cfd85e860b5cdcaeb97b9c7cc94369d6c35a7a,e1472b3a4bd30dedf37c68255c8b6876b29d2ecd,true,ps2 textures\HAS ALPHA\bp_remade\no_mip_fixes\ui,false,true,5,remarci_4x,0,false,false
act_telop05_jp_alp_ovl.bmp,a7ace7bc13e2d7e110e2e84177ab91f62e6c0e64,944b548dccfcc5c58d300ea18ced6fdda7fda9b3,true,ps2 textures\HAS ALPHA\bp_remade\no_mip_fixes\ui,false,true,5,remarci_4x,0,false,false
act_telop06_jp_alp_ovl.bmp,afdef4c0fd2f90572266ec661bd24a8b25190c8d,22a0cde55b59a9b91a78c63cc1f1e0adb0191d3f,true,ps2 textures\HAS ALPHA\bp_remade\no_mip_fixes\ui,false,true,5,remarci_4x,0,false,false
act_telop08_jp_alp_ovl.bmp,44184900639a4d94b387e4781f518c11ce254229,516367dd8a335f46dacdee083aa5b417ac4a8933,true,ps2 textures\HAS ALPHA\bp_remade\no_mip_fixes\ui,false,true,5,remarci_4x,0,false,false
act_telop09_jp_alp_ovl.bmp,38b014a75d0edb5cccbd64b5cd662d860a8241d1,8dd1f7b56879d7577f0dd79292b1fd06ef88dc0a,true,ps2 textures\HAS ALPHA\bp_remade\no_mip_fixes\ui,false,true,5,remarci_4x,0,false,false
act_telop10_alp_ovl.bmp,bbb0df5d49e1ca95f2adef06670c73b30fc5054a,703af78b2da5e883f313a6a36bed88cff7444551,true,ps2 textures\HAS ALPHA\bp_remade\no_mip_fixes\ui,false,true,5,remarci_4x,0,false,false
act_telop10_jp_alp_ovl.bmp,49828e46bd5ba25b95953e8dc4b43f092fea6f8d,8de6686778666445e0b2560f8a554ca244bf2426,true,ps2 textures\HAS ALPHA\bp_remade\no_mip_fixes\ui,false,true,5,remarci_4x,0,false,false
act_telop11_alp_ovl.bmp,dee0832c1c2d932d4c47d953a2fd57fc96809a22,7b67172e22f121eeb7d7ab0a0e1677cd741043ee,true,ps2 textures\HAS ALPHA\bp_remade\no_mip_fixes\ui,false,true,5,remarci_4x,0,false,false
act_telop11_jp_alp_ovl.bmp,20e61d4db63e4752a60934de951b5855ef7615ff,81342e5bafcfa91dc006db7c71089b3d3a5d938c,true,ps2 textures\HAS ALPHA\bp_remade\no_mip_fixes\ui,false,true,5,remarci_4x,0,false,false
act_telop1_alp_ovl.bmp,15607c84da2894738580324de3a5d0d3d4d72df4,e529e77412be8c8e0efbc585c8d9e168b1268a7b,true,ps2 textures\HAS ALPHA\bp_remade\no_mip_fixes\ui,false,true,5,remarci_4x,0,false,false
act_telop2_alp_ovl.bmp,61c4586ecad6aece0bff8618d6433fd134acbc9b,e79659983bc73c67074a890c61af6762955efdba,true,ps2 textures\HAS ALPHA\bp_remade\no_mip_fixes\ui,false,true,5,remarci_4x,0,false,false
act_telop3_alp_ovl.bmp,beba4fa4e1727aa2145342981408410f7b120f93,3437a873ab793e25cadf4a5a40b4a0c78d50a0a2,true,ps2 textures\HAS ALPHA\bp_remade\no_mip_fixes\ui,false,true,5,remarci_4x,0,false,false
act_telop4_alp_ovl.bmp,e82cafbb9daa8d08c66d157e8f6d7821b731c978,c1f4ec6cebe4f4eddb74a1221726b4e2982850f4,true,ps2 textures\HAS ALPHA\bp_remade\no_mip_fixes\ui,false,true,5,remarci_4x,0,false,false
act_telop5_alp_ovl.bmp,fec0481213902971719ca44ae0962dee41bb8b22,0950e19978e902941adf9fcadd61c8a8c15f42b0,true,ps2 textures\HAS ALPHA\bp_remade\no_mip_fixes\ui,false,true,5,remarci_4x,0,false,false
act_telop5_alp_ovl.bmp_e350349959b1556776f7b5d2e07689fc,eda27df6e2ba6d8b30a0606f3ec5e02b4bc5fb29,c629c7a056d8dad3d87f3229ba76239941a92f9a,true,ps2 textures\HAS ALPHA\bp_remade\no_mip_fixes\ui,false,true,5,remarci_4x,0,false,false
act_telop6_alp_ovl.bmp,58a9103424519409787e9440f9678a4d3ff846db,62c87a8e9d237932b9d768fc146d482bca0de5a5,true,ps2 textures\HAS ALPHA\bp_remade\no_mip_fixes\ui,false,true,5,remarci_4x,0,false,false
act_telop7_alp_ovl.bmp,41ec27caa93926984fc78e895843d134dfe452f8,3edfdc0644061f5ab9ed570afcc18f08095f7877,true,ps2 textures\HAS ALPHA\bp_remade\no_mip_fixes\ui,false,true,5,remarci_4x,0,false,false
act_telop8_alp_ovl.bmp,abe45f2b2fb16e2e78d901feaa7f1084695aa14c,44fe0f5450eda64160c031e864ed1489ac7ddf07,true,ps2 textures\HAS ALPHA\bp_remade\no_mip_fixes\ui,false,true,5,remarci_4x,0,false,false
act_telop9_alp_ovl.bmp,d6f150ca2461c62a18bc6d670cfa9cd1776f9269,85382a59139f376157ca0ac388c0ad6252ed39cb,true,ps2 textures\HAS ALPHA\bp_remade\no_mip_fixes\ui,false,true,5,remarci_4x,0,false,false
ag_ascending_alp_ovl.bmp,173d244ae11ad907e506433a0456b7c5d983ff66,72e8501992801ab846825b4889db8fa1820a71ac,false,ps2 textures\HAS ALPHA\bp_remade\no_mip_fixes\ui,false,false,0,none,5,true,false
ag_ileum_alp_ovl.bmp,0f4616c790fda9b7a123b2d005a10d452d1fc192,67aa13e98dfac318938756e8605f131dea061f01,false,ps2 textures\HAS ALPHA\bp_remade\no_mip_fixes\ui,false,false,0,none,5,true,false
ag_jejunum_alp_ovl.bmp,f86caced8779ddca7485183966fdfc1ac1301074,278d41a1f2d920d5293c78c615f6a762c7485eed,false,ps2 textures\HAS ALPHA\bp_remade\no_mip_fixes\ui,false,false,0,none,5,true,false
ag_rectum_alp_ovl.bmp,17ac1ac2865b23a934e3365020b5739780f15e8e,305d3bd3c95f45e623b03c066291cbd8386000b3,false,ps2 textures\HAS ALPHA\bp_remade\no_mip_fixes\ui,false,false,0,none,5,true,false
ag_sigmoid_alp_ovl.bmp,1fa91d63f2726527308f69fd1fc0b7ea866a34ba,a79927eba07ef4946ed5a54de0ae715100198248,false,ps2 textures\HAS ALPHA\bp_remade\no_mip_fixes\ui,false,false,0,none,5,true,false
ag_stmach_alp_ovl.bmp,4451acc75cf8258b69e07094274260dd73b7bce8,586b4c4a7900788b6e3354ecc851cdf0a4c6df1e,false,ps2 textures\HAS ALPHA\bp_remade\no_mip_fixes\ui,false,false,0,none,5,true,false
aks_alp_ovl.bmp,9226dbe4b3dfbf9352bd1e4f34ddb0eb57285c56,3e5cadd1dc1a1473c8b1569ad41b311604c050df,true,ps2 textures\HAS ALPHA\bp_remade\no_mip_fixes\ui,false,true,5,remarci_4x,0,false,false
aks_sp2_alp_ovl.bmp,94c3b4022db0a15f6ea664e27148df41d1d032f8,9043aeffd9e2a87dbe4aaf04f6a92a315c4851af,true,ps2 textures\HAS ALPHA\bp_remade\no_mip_fixes\ui,false,true,5,remarci_4x,0,false,false
aks_sp_alp_ovl.bmp,1412cb6dcc1575057c55abfa202bd910ef2e3bb6,1246c2e9ac20c716d9816d185ea1de6fce71f8af,true,ps2 textures\HAS ALPHA\bp_remade\no_mip_fixes\ui,false,true,5,remarci_4x,0,false,false
alt_alp_ovl.bmp,cd40f0d33e3fcd037c398cc87806821ca145e41e,39665f568cc3c2f994d6795e9deed18b25ccff67,true,ps2 textures\HAS ALPHA\bp_remade\no_mip_fixes\ui,false,true,5,remarci_4x,0,false,false
alt_b_alp_ovl.bmp,d29bc56d8a7d1000d8d2fbf9aa9fe8e2a22ae0d9,fa28858ed2d032440d94b401896f11ad37ff7309,true,ps2 textures\HAS ALPHA\bp_remade\no_mip_fixes\ui,false,true,5,remarci_4x,0,false,false
animal_alp_ovl.bmp,22092c1a8c2e2c08d3422e901e9ced2710ae33b3,9dc4f5247662afcab4bc5fce203264f24b49323b,false,ps2 textures\opaque\bp_remade\no_mip_fixes\ui,true,false,0,none,5,true,false
aoyama_alp_ovl.bmp,a304a28c1788f666268c41487c92dde8b24ae256,ad4d339480f9dd8772d3a014175fd84ab940a2e9,false,ps2 textures\HAS ALPHA\bp_remade\no_mip_fixes\ui,false,false,0,none,5,true,false
aps_alp_ovl.bmp,34dd6ef03e4ae7ed3c054a59489411a290410f9e,2959fdf4f0cd1c734cbc18fe7c26adc8d1343129,true,ps2 textures\HAS ALPHA\bp_remade\no_mip_fixes\ui,false,true,5,remarci_4x,0,false,false
azabu_alp_ovl.bmp,a3e4f036c58c37af809438b8b43cb1dbf8c29e86,1a6938b15aaf902cca304979ebbcb62ed944e487,false,ps2 textures\HAS ALPHA\bp_remade\no_mip_fixes\ui,false,false,0,none,5,true,false
b_henden_alp_ovl.bmp,dfd94ecd6239e575a0529efc76df2a3a2fe54cd3,fbcf21b49f65e0fd836266832b175cc0a00599b7,false,ps2 textures\HAS ALPHA\bp_remade\no_mip_fixes\ui,false,false,0,none,5,true,false
bam_alp_ovl.bmp,821f742c5ddd890d82b855b17462188a8aa7c018,84b1b86a27a98c8a0fcad9c482cd5b1d0baf194d,true,ps2 textures\HAS ALPHA\bp_remade\no_mip_fixes\ui,false,true,5,remarci_4x,0,false,false
bc_renraku_alp_ovl.bmp,5183ca03023f0de1f6ca73049c754e2e9f3b7fc0,31be2e0e5f57a54992f229b5d0217a070c5474ce,false,ps2 textures\HAS ALPHA\bp_remade\no_mip_fixes\ui,false,false,0,none,5,true,false
blt_alp_ovl.bmp,54e969afea4c3d2a4539460736ffef26f12abfee,dd9fc3671bfb66c61c57e68c9536a930ea15caf5,true,ps2 textures\HAS ALPHA\bp_remade\no_mip_fixes\ui,false,true,5,remarci_4x,0,false,false
bnd_alp_ovl.bmp,ee1972049a085bafbf5882464d6f77aecc7e7cd6,9b4c1c980d230c4170dbd39b7546febdd458bc45,true,ps2 textures\HAS ALPHA\bp_remade\no_mip_fixes\ui,false,true,5,remarci_4x,0,false,false
bsn1_alp_ovl.bmp,a44b3d8ae13a0d73b19bcadb2ee072dd41f4247a,2f99df62e6650ed1d613ecf6e57f26c3b784f2e2,true,ps2 textures\HAS ALPHA\bp_remade\no_mip_fixes\ui,false,true,5,remarci_4x,0,false,false
bsn2_alp_ovl.bmp,47b1a8cbf5906f89ab27a34a9dec553f20ce4fdc,913494991855612b133c079ba1fe98969ffdbead,true,ps2 textures\HAS ALPHA\bp_remade\no_mip_fixes\ui,false,true,5,remarci_4x,0,false,false
c_shokudou_alp_ovl.bmp,55bc399c7190b7665373667e885386ed526e3a97,6cc85aef4537eb51251cb15216d03a057d931c49,false,ps2 textures\HAS ALPHA\bp_remade\no_mip_fixes\ui,false,false,0,none,5,true,false
camera_alp_ovl.bmp,9b5dc8d04544407e298ff411e19f1f82a5f9a104,8d66e19d9f794fc27dd2233bccb0beef9dcb8c5c,true,ps2 textures\HAS ALPHA\bp_remade\no_mip_fixes\ui,false,true,5,remarci_4x,0,false,false
cau_alp_ovl.bmp,cc07d6abbc51742148c1f295b6e7e20caae95620,c0e1b017a1d1e33e234a3e016c8cc0dc38ffbfeb,true,ps2 textures\HAS ALPHA\bp_remade\no_mip_fixes\ui,false,true,5,remarci_4x,0,false,false
cbox_dry_alp_ovl.bmp,a8efbc789db220d0c97825a3d45cd79595434873,130597a5455c8c02f3c05f1a3f85e591e6ce2c99,true,ps2 textures\HAS ALPHA\bp_remade\no_mip_fixes\ui,false,true,5,remarci_4x,0,false,false
cbox_wet_alp_ovl.bmp,0083848aa43bf126958677a456bce9ad9b707ba5,376cfac133f6c13fd2e33de408f1b2738ebbf79b,true,ps2 textures\HAS ALPHA\bp_remade\no_mip_fixes\ui,false,true,5,remarci_4x,0,false,false
cbx_a_alp_ovl.bmp,60993c4ffab9ff3f37fbedf73bdd1294b331801c,babf116d001d8e1a2a1a6d5f64112a10de502e14,true,ps2 textures\HAS ALPHA\bp_remade\no_mip_fixes\ui,false,true,5,remarci_4x,0,false,false
cbx_b_alp_ovl.bmp,b4be5c86f9ce814242ff5d32bc06b9f6658cd397,5f35dd61f6e31d80cfacc132c79d24411f386be5,true,ps2 textures\HAS ALPHA\bp_remade\no_mip_fixes\ui,false,true,5,remarci_4x,0,false,false
cbx_c_alp_ovl.bmp,b34ec31364908e5cccddc6d2931e2613e9c6459e,91f7f8ac2dc97ac851848cba4917d04f9e510c7d,true,ps2 textures\HAS ALPHA\bp_remade\no_mip_fixes\ui,false,true,5,remarci_4x,0,false,false
cbx_d_alp_ovl.bmp,48a992dfa99d31fefac7e0944ae54a6e576206d2,76f9c6b9223d9855b508f294605b55dd754f31a9,true,ps2 textures\HAS ALPHA\bp_remade\no_mip_fixes\ui,false,true,5,remarci_4x,0,false,false
cbx_e_alp_ovl.bmp,fc048ad1f22d0d9a1d5a5cde1503940cd286bd57,d4dde8c987f49770fd9f99cb8438c5e4fcb2f261,true,ps2 textures\HAS ALPHA\bp_remade\no_mip_fixes\ui,false,true,5,remarci_4x,0,false,false
cbx_f_alp_ovl.bmp,b982a0a6f18497b89310cecfaebbeea4ac125914,03a6160cd89a2aa3a0ec84ef6fce6edd2cca40d8,true,ps2 textures\HAS ALPHA\bp_remade\no_mip_fixes\ui,false,true,5,remarci_4x,0,false,false
cd_renraku_alp_ovl.bmp,3da6168f93285bc93ec626328f117ab665ced0a8,15a6d0001afa9e1b7a8f58df60acbf126bb73e47,false,ps2 textures\HAS ALPHA\bp_remade\no_mip_fixes\ui,false,false,0,none,5,true,false
cfr_alp_ovl.bmp,839240d9bef41d9f900ca9194cbbbe6094f82189,7cd891888038dbcfda28ffbcf0995ff6f50cbd03,true,ps2 textures\HAS ALPHA\bp_remade\no_mip_fixes\ui,false,true,5,remarci_4x,0,false,false
chaff_alp_ovl.bmp,e056d59cbbe53f7f6fa0e2f4c922e7928a84adac,446fdd8680793a4b11750e981985156d924585f0,true,ps2 textures\HAS ALPHA\bp_remade\no_mip_fixes\ui,false,true,5,remarci_4x,0,false,false
class1_alp_ovl.bmp,47552b9b3726ba9bcc9b989b4e20bbb588297ec7,a40757206975ca83a34e193058f355b1d68928cb,true,ps2 textures\HAS ALPHA\bp_remade\no_mip_fixes\ui,false,true,5,remarci_4x,0,false,false
class2_alp_ovl.bmp,c7170ccdb9716d2eb63e686bf60109755b6b39af,aec1fde86bd7aa51365883be6d9780b848af1592,true,ps2 textures\HAS ALPHA\bp_remade\no_mip_fixes\ui,false,true,5,remarci_4x,0,false,false
class3_alp_ovl.bmp,d979a7f749c6e5c7818dd61f60a2b511ec25c48e,3c39a290df26262a2361d02bd080ba120390d0f3,true,ps2 textures\HAS ALPHA\bp_remade\no_mip_fixes\ui,false,true,5,remarci_4x,0,false,false
clr_alp_ovl.bmp,5fb820052ad43987c004f06090fd50efe9610772,f75f42515aeaea171ac8925e059aba6bf7ff7afe,true,ps2 textures\HAS ALPHA\bp_remade\no_mip_fixes\ui,false,true,5,remarci_4x,0,false,false
cls_alp_ovl.bmp,196e2e2e3770924c289868842f992dadf754d103,91d49ec9dee31cf9d86f49de9505c08ce413f454,true,ps2 textures\HAS ALPHA\bp_remade\no_mip_fixes\ui,false,true,5,remarci_4x,0,false,false
cray_alp_ovl.bmp,36ddcdf393c8ed9fd51ac35a8e08800587b0c75e,bd1a6c71f40d0ff085a8152b92d66ce89ce70492,true,ps2 textures\HAS ALPHA\bp_remade\no_mip_fixes\ui,false,true,5,remarci_4x,0,false,false
d_chinden_alp_ovl.bmp,592f81e414ed5155177a1c25d92a9511e57f6299,5458cf17230e6d495be00098317002282d10428b,false,ps2 textures\HAS ALPHA\bp_remade\no_mip_fixes\ui,false,false,0,none,5,true,false
de_renraku_alp_ovl.bmp,0978d88585221ec7c993316fc5b707d837a3fb08,9b78d5dd0af9243c16dbb888d0706bd11d2b5649,false,ps2 textures\HAS ALPHA\bp_remade\no_mip_fixes\ui,false,false,0,none,5,true,false
dekisi_alp_ovl.bmp,d328a33615f70b502f1940d462c296d2ed945992,4f07f226ecc4bc669f0edc4d5bb3004c9323c3e7,true,ps2 textures\opaque\bp_remade\no_mip_fixes\ui,true,true,5,remarci_4x,0,false,false
densou_font_alp_ovl.bmp,3086a1cce4b9bd49fa46585388ac5a11b26aada3,2d38701eaeb4a778f1e7377375a8774382a43d3b,true,ps2 textures\HAS ALPHA\bp_remade\no_mip_fixes\ui,false,true,5,remarci_4x,0,false,false
dg_renraku_alp_ovl.bmp,27a4cfcb7f6a1882d55c030e134d87ca1bfb3e7b,c5df5058338af26c635d2fa921b5ba1fb1640553,false,ps2 textures\HAS ALPHA\bp_remade\no_mip_fixes\ui,false,false,0,none,5,true,false
dmp_alp_ovl.bmp,d963916a81ea113939af661dcfd57fae7b72d8ea,b0096d31c8ff51e45993c7a0043ddd8c94ec920d,true,ps2 textures\HAS ALPHA\bp_remade\no_mip_fixes\ui,false,true,5,remarci_4x,0,false,false
dog_alp_ovl.bmp,e627ccac6ec9946ff68788a4523739bba0546b00,f12833b5ae92350fefbd12d33084bfb171f006ab,true,ps2 textures\HAS ALPHA\bp_remade\no_mip_fixes\ui,false,true,5,remarci_4x,0,false,false
e_heliport_alp_ovl.bmp,cb116bd4aa1ef5c1a09c6fd2c0bb5bbfdbc90fb7,f710ada36f7dedaf446db86d8954f5b4c36cb57d,false,ps2 textures\HAS ALPHA\bp_remade\no_mip_fixes\ui,false,false,0,none,5,true,false
e_shuhai_1f_alp_ovl.bmp,9b64b3d957e4687870b7d270851c9ad8f659ef47,75a4385fe9a8027f5b922ad96619b93f1a6ccf5b,false,ps2 textures\HAS ALPHA\bp_remade\no_mip_fixes\ui,false,false,0,none,5,true,false
e_shuhai_2f_alp_ovl.bmp,34abecf90580db486445b1bd9b8a5e510451b99b,af387060831ffde8955dbbd0c006c3f9cbc5deab,false,ps2 textures\HAS ALPHA\bp_remade\no_mip_fixes\ui,false,false,0,none,5,true,false
e_shuhai_alp_ovl.bmp,e2d52ee1a59d9127844f0bc97dc5bb22237603cd,940f3fbfaf4c9ca57331a15bd2756757ca38b655,false,ps2 textures\HAS ALPHA\bp_remade\no_mip_fixes\ui,false,false,0,none,5,true,false
e_shuhai_b1_alp_ovl.bmp,db2270b9bab906c07797e006032629f980194098,2a9eb31ee8f7df6f55a3ffbb8cf9b56090d90860,false,ps2 textures\HAS ALPHA\bp_remade\no_mip_fixes\ui,false,false,0,none,5,true,false
ef_renraku_alp_ovl.bmp,0e120ec9c5ade71af12688fff8f2931f9874a2dd,f046c02b5660b3b4f61af3eba3fa28fb361c7b13,false,ps2 textures\HAS ALPHA\bp_remade\no_mip_fixes\ui,false,false,0,none,5,true,false
ema_died_alp_ovl.bmp,c594e79fa41d2b24449a624fb9efdd4a5e84f7b3,95c34d96df77a3724ff5f63b5e24fb7028cd9d46,true,ps2 textures\opaque\bp_remade\no_mip_fixes\ui,true,true,5,remarci_4x,0,false,false
empty_alp_ovl.bmp,65cda874c1576db13c4f5847095bceb619e9f908,3b50ed7e43956d928767328aa6208ac670a9a458,true,ps2 textures\HAS ALPHA\bp_remade\no_mip_fixes\ui,false,true,5,remarci_4x,0,false,false
eva_alp_ovl.bmp,aa543a12481babab57610107c9cb6d9706b2a8ef,5b1a2635224494e3fb76cb4e6bff0b078e47600f,true,ps2 textures\HAS ALPHA\bp_remade\no_mip_fixes\ui,false,true,5,remarci_4x,0,false,false
exit_alp_add_ovl.bmp,8738ded87b68635bec40ef5ad7fc109d87bb3419,c281efac968055265d204d9ec25cc557c330d177,true,ps2 textures\HAS ALPHA\bp_remade\no_mip_fixes\ui,false,true,5,remarci_4x,0,false,false
exit_alp_ovl.bmp,f95d7d3841cc87057941544f26d03c99cba3a525,98be9d5af4a38766c5b309dea21931eecda05b2f,true,ps2 textures\HAS ALPHA\bp_remade\no_mip_fixes\ui,false,true,5,remarci_4x,0,false,false
exit_alp_ovl.bmp_2e80fcdf52d4e88c977557d852b3bb00,b26c2be478cc9aff5ee1731c3c6575a54ec7e667,c23e2fdaa1b785dc7b8dc07bf13d6e0aa59f344a,true,ps2 textures\HAS ALPHA\bp_remade\no_mip_fixes\ui,false,true,5,remarci_4x,0,false,false
exit_alp_ovl.bmp_6caebe23bde6080a351ba6c3fd17f622,d803694063b11bebe67b0bb5a173aac82aadaf25,a8e65e66a2ed3be7e966bb1b58a5b9dc253033db,true,ps2 textures\HAS ALPHA\bp_remade\no_mip_fixes\ui,false,true,5,remarci_4x,0,false,false
exit_alp_ovl.bmp_794456ba9bbbfd3e16cf3cf4157c6d56,33a7d467d94ce9ed98b6216fb9bd8a4b053dbc62,826c8a75ec041f01978f05e2f919601e3a1ebb65,true,ps2 textures\HAS ALPHA\bp_remade\no_mip_fixes\ui,false,true,5,remarci_4x,0,false,false
exit_alp_ovl.bmp_7f9196f232454b86ef93cc3591f1f2ab,cc7b2ecfaecd6240e03a5a239717b097cc192f6f,fabdc01374669abca0dc19b1408a238f3e6d9098,true,ps2 textures\HAS ALPHA\bp_remade\no_mip_fixes\ui,false,true,5,remarci_4x,0,false,false
f_souko_1f_alp_ovl.bmp,a908dca9dcb6d343f5cd6d12f15d60db291e9f85,662c4401ecae75fdad7d05d95bb15fb08c4a3b94,false,ps2 textures\HAS ALPHA\bp_remade\no_mip_fixes\ui,false,false,0,none,5,true,false
f_souko_alp_ovl.bmp,6d1277e9c28a01fcd4d033deb99b83dfcd62e8cc,e11e1a4c74d30eed7a6420ba68758ad7b224ca7c,false,ps2 textures\HAS ALPHA\bp_remade\no_mip_fixes\ui,false,false,0,none,5,true,false
f_souko_b1_alp_ovl.bmp,6decfb7ff1f474c99b8abb7274005af5602b166b,941dddb353859214aa7ce8924e0289a932cb6ff4,false,ps2 textures\HAS ALPHA\bp_remade\no_mip_fixes\ui,false,false,0,none,5,true,false
fa_renraku_alp_ovl.bmp,126d3369fa813ac91d13d5c784133b58ef945d3a,2f51e3502542b06dcb1e8512fa98717f826a8269,false,ps2 textures\HAS ALPHA\bp_remade\no_mip_fixes\ui,false,false,0,none,5,true,false
fake_exit_alp_ovl.bmp,81de3bc3705370af5c18e05c180ba327dc5ae36b,69648b23d3c6dea3e5efb438b8687ab6f2c40bf6,true,ps2 textures\HAS ALPHA\bp_remade\no_mip_fixes\ui,false,true,5,remarci_4x,0,false,false
fall_alp_ovl.bmp,f2818c1695eea16d4ce14ddc85e30cfc6fb3fff9,ea04afd2e360cad9c4070628564e49879ba9a22c,true,ps2 textures\opaque\bp_remade\no_mip_fixes\ui,true,true,5,remarci_4x,0,false,false
federal_alp_ovl.bmp,7499332cf1084d9dbac0e524870013a3fce28893,e74cc4516377f60d9b80b4e22c5fb2c0af3cce01,true,ps2 textures\HAS ALPHA\bp_remade\no_mip_fixes\ui,false,true,5,remarci_4x,0,false,false
fiction_e_alp_ovl.bmp,946236ab1428af589bafaaf10b5d4f89789eb30d,8026b39109e5e12d58837fe432e29de7ac708f9d,false,ps2 textures\opaque\bp_remade\no_mip_fixes\ui,true,false,0,none,5,true,false
fiction_j_alp_ovl.bmp,90366ac56d918c5cd27b1f744a0b41183607cf47,ea389e0ac49ef366965d7fbbe1eb568467026cad,true,ps2 textures\opaque\bp_remade\no_mip_fixes\ui,true,true,5,remarci_4x,0,false,false
fms_alp_ovl.bmp_afd64baad5879a54d69dceeb416e0963,88b9eec091f3db9a7c8e12119e26634d8c6c1aba,ac65a982b9a34016dad7ac257ce070b7d1269771,true,ps2 textures\HAS ALPHA\bp_remade\no_mip_fixes\ui,false,true,5,remarci_4x,0,false,false
font_alp_ovl.bmp,1698f1cdeb8e61ce9750b9574bcb9a2153aad22f,f5b65c1fcd6fc74b053041b7a05ed92e226bab9a,true,ps2 textures\HAS ALPHA\bp_remade\no_mip_fixes\ui,false,true,5,remarci_4x,0,false,false
font_mini_alp_ovl.bmp,2ab83f6b1ff9f7c8edde45ad79c2cb4c0f667b18,3c26995ce664e66852f3cad04e1d591b6e9e9650,true,ps2 textures\HAS ALPHA\bp_remade\no_mip_fixes\ui,false,true,5,remarci_4x,0,false,false
funa_alp_ovl.bmp,ef7cf413faa9ebedf81d96db5fbc28c8d3284fa9,d1dcec00979748d9cb82b7dc6423761a38f1f5c4,true,ps2 textures\HAS ALPHA\bp_remade\no_mip_fixes\ui,false,true,5,remarci_4x,0,false,false
funabashi_alp_ovl.bmp,baa4d175fc0404c4c44140705e867c592692c171,de2042260298db4e18c0633a7ac3ac9ebd6b30ca,false,ps2 textures\HAS ALPHA\bp_remade\no_mip_fixes\ui,false,false,0,none,5,true,false
gol1_alp_ovl.bmp,c1e0ba839b0d8a092d07b3782001a629db98cb52,cea2ed9b45409238888f92e26951759cf2a5d28c,true,ps2 textures\HAS ALPHA\bp_remade\no_mip_fixes\ui,false,true,5,remarci_4x,0,false,false
gol2_alp_ovl.bmp,d05c8229c5ab250bd1981ca84f49a789af5d9770,8ebf0d9692f053f93dd95f88c5df238588454206,true,ps2 textures\HAS ALPHA\bp_remade\no_mip_fixes\ui,false,true,5,remarci_4x,0,false,false
gre_alp_ovl.bmp,4ed80cf2db3a1bc12789560115be23789c00727c,b3d3b3f87fde688cc283d009e01705064d430617,true,ps2 textures\HAS ALPHA\bp_remade\no_mip_fixes\ui,false,true,5,remarci_4x,0,false,false
hfb2_alp_ovl.bmp,0083e8c8533218726b1e7be11d15404e72773053,0b072ff7d1ca3c0c52e0600fa3f09c7f54a7e1ba,true,ps2 textures\HAS ALPHA\bp_remade\no_mip_fixes\ui,false,true,5,remarci_4x,0,false,false
hfb_alp_ovl.bmp,20b1e32378d7918c000604e46dad39860f07bce0,10a01e2beeee09c280999022a73129963fc4d457,true,ps2 textures\HAS ALPHA\bp_remade\no_mip_fixes\ui,false,true,5,remarci_4x,0,false,false
htl_alp_ovl.bmp,8223b4d7b8e5ebc26b52c00abe007bd6e91ee81f,ddafd0702a53e5ff061393da248175973febb3a1,true,ps2 textures\HAS ALPHA\bp_remade\no_mip_fixes\ui,false,true,5,remarci_4x,0,false,false
jam_alp_ovl.bmp,ca69f46835a58c9accc6e8f8f4e11a6515992cd9,a8ca697bfe36825cfde140c410a40cab8d6b3742,true,ps2 textures\HAS ALPHA\bp_remade\no_mip_fixes\ui,false,true,5,remarci_4x,0,false,false
kanpan_02_left_alp_ovl.bmp,7845ace77587f3ed506ab4bd14933216232e0de6,2cedd13ec6fd90ebcb91be0e69da8c9499aec443,false,ps2 textures\HAS ALPHA\bp_remade\no_mip_fixes\ui,false,false,0,none,5,true,false
kanpan_02_right_alp_ovl.bmp,3a8ad03e3405caf799cbac7839a7802ff5a329c2,dff5322e6fba35b665c74ad12a09787b260640fb,false,ps2 textures\HAS ALPHA\bp_remade\no_mip_fixes\ui,false,false,0,none,5,true,false
kanpan_alp_ovl.bmp,573bfe6d740df4b76d0fa0fb2ba70ffc8aebc281,8b70c9db397d5bcdc34a222513c6c063dccd8274,false,ps2 textures\HAS ALPHA\bp_remade\no_mip_fixes\ui,false,false,0,none,5,true,false
kanpan_left_alp_ovl.bmp,a2bb23fa9a71800b029c11e2bafc17517eb70be1,46ab464b069c878fbb7c52d7ca43f3b421fcabad,false,ps2 textures\HAS ALPHA\bp_remade\no_mip_fixes\ui,false,false,0,none,5,true,false
kanpan_right_alp_ovl.bmp,3da645a1c64673b3364635104fb9b6fba14c84e5,4e07c26b0adc5fe23ee801eef0e4631254e86ead,false,ps2 textures\HAS ALPHA\bp_remade\no_mip_fixes\ui,false,false,0,none,5,true,false
kikan_alp_ovl.bmp,f115d1efe3345ce35671ee87b852d5dbb5163d53,c8cc3d74b0373943d57935ebe7e6484beb0c82d9,false,ps2 textures\HAS ALPHA\bp_remade\no_mip_fixes\ui,false,false,0,none,5,true,false
kikan_ent_left_alp_ovl.bmp,dba8463abbf32aa806b235a01425e5a143711d0d,8920891da85f7480e3b9a876edaede81b39879ce,false,ps2 textures\HAS ALPHA\bp_remade\no_mip_fixes\ui,false,false,0,none,5,true,false
kikan_ent_right_alp_ovl.bmp,908f2d4801bf1440023862c4f0f46d75324c9b4b,f675767e449aac0031449acd3a24839fa07f254c,false,ps2 textures\HAS ALPHA\bp_remade\no_mip_fixes\ui,false,false,0,none,5,true,false
kikan_left_alp_ovl.bmp,fa80b30ef55ef02d3df66f97e4fb3742d10556f6,84801a37826e0bce38aa84fe9d3716eb210f1e14,false,ps2 textures\HAS ALPHA\bp_remade\no_mip_fixes\ui,false,false,0,none,5,true,false
kikan_right_alp_ovl.bmp,24d67576dc7a9f643c9e91c9c776f8c5655edea4,046875fcb1f3f9a49b5024f216dc7045a4503fc8,false,ps2 textures\HAS ALPHA\bp_remade\no_mip_fixes\ui,false,false,0,none,5,true,false
kl_renraku_alp_ovl.bmp,335f2b2f8328b0f40536f7a8a8227c422b6e9c46,02cbc2318eb602eef5852bad4a46b0ffb269639e,false,ps2 textures\HAS ALPHA\bp_remade\no_mip_fixes\ui,false,false,0,none,5,true,false
l_gaishu_alp_ovl.bmp,142363a957f019819bc5dafe36b99fc526fd06a1,739c564cf87e2890a177e843873a9546b2d4d594,false,ps2 textures\HAS ALPHA\bp_remade\no_mip_fixes\ui,false,false,0,none,5,true,false
l_oilfence_alp_ovl.bmp,1e3d92d754d1b9597c184e1c61abaf2dff4f37f3,fe2ead019caf2d4edbfd1fb59aa125bc623b2774,false,ps2 textures\HAS ALPHA\bp_remade\no_mip_fixes\ui,false,false,0,none,5,true,false
l_osui_alp_ovl.bmp,dfdc79822ba178739aad28f59a7a842e6840048e,8d3e3a9c6be3a6547c5f74ebfdb1f397a2923a02,false,ps2 textures\HAS ALPHA\bp_remade\no_mip_fixes\ui,false,false,0,none,5,true,false
lg_renraku_alp_ovl.bmp,69b6a4b8148c8376bc1cc014623fd9eebf1fd4e5,a19228a1d6594cb6dfe8cdbc36713fca7693fb11,false,ps2 textures\HAS ALPHA\bp_remade\no_mip_fixes\ui,false,false,0,none,5,true,false
m4a_nm_alp_ovl.bmp,8df1f892e0f776d3596a5b3aab13691e7d13baaa,a905428ff2a2b6d49cdd9566c1303479f0d93882,true,ps2 textures\HAS ALPHA\bp_remade\no_mip_fixes\ui,false,true,5,remarci_4x,0,false,false
m9_alp_ovl.bmp,a5b47cfbca52955a782823a79f3bd1761e2d2822,6b65fa683bac69c5c16aff015cdd36e4a4f1f16a,true,ps2 textures\HAS ALPHA\bp_remade\no_mip_fixes\ui,false,true,5,remarci_4x,0,false,false
mag_alp_ovl.bmp,00b394403aa6bbc77a0c1ef211d1f21a332a4493,a1a42fb2a14d1b7a03464949faf4de4f759b1651,true,ps2 textures\HAS ALPHA\bp_remade\no_mip_fixes\ui,false,true,5,remarci_4x,0,false,false
medi_alp_ovl.bmp,7be667bed21d3ad6b5f1993fef2d0076a9cfe7de,bf984062cfc90786981534760a83619da03382e1,true,ps2 textures\HAS ALPHA\bp_remade\no_mip_fixes\ui,false,true,5,remarci_4x,0,false,false
mnd_alp_ovl.bmp,2fb11372a2e2d7433ed5f4224d806ae24f538a79,1a1a2cfff9f2837c576c506c7cb5cd3c3da4ad1d,true,ps2 textures\HAS ALPHA\bp_remade\no_mip_fixes\ui,false,true,5,remarci_4x,0,false,false
mod_alp_ovl.bmp,f4cbaca36330774fb08fc71dd451dbe31709e2b7,8b3bca4acb2671ff2032fbf48afc68723ffa80a6,true,ps2 textures\HAS ALPHA\bp_remade\no_mip_fixes\ui,false,true,5,remarci_4x,0,false,false
museum_de_alp_ovl.bmp,0993559b22cd74079833c634dd7b5cb93616ce68,12458337855139f237147c15166303e12c37dba6,true,ps2 textures\opaque\bp_remade\no_mip_fixes\ui,true,true,5,remarci_4x,0,false,false
museum_e_alp_ovl.bmp,c87d3f56196ade681576af87113864fdfca12d73,40c159954ffdac8637d159549186595cb603f6a0,true,ps2 textures\opaque\bp_remade\no_mip_fixes\ui,true,true,5,remarci_4x,0,false,false
museum_es_alp_ovl.bmp,9ec16d0ceaabfd5a9b6bd60fc7faddea1fefc4fd,3cacba00a6189c76f65224c9776b741e8b8e6f24,true,ps2 textures\opaque\bp_remade\no_mip_fixes\ui,true,true,5,remarci_4x,0,false,false
museum_fr_alp_ovl.bmp,563899e2702f90c635290443f41caa2755997d14,5f7ea604f2b7c9965839afe5efd29963b2520995,true,ps2 textures\opaque\bp_remade\no_mip_fixes\ui,true,true,5,remarci_4x,0,false,false
museum_it_alp_ovl.bmp,26e2650808ea08ebe71dad2d69693074d8e1a8a8,309c46dfb911c558ae5e228143f941c5d3830477,true,ps2 textures\opaque\bp_remade\no_mip_fixes\ui,true,true,5,remarci_4x,0,false,false
museum_j_alp_ovl.bmp,49ef07749134b95d0791967657d0ed25460ba3ef,fac10a928c231e2c31461c0c1503430fbc0a934e,true,ps2 textures\opaque\bp_remade\no_mip_fixes\ui,true,true,5,remarci_4x,0,false,false
newyork_alp_ovl.bmp,54d6e5d93f1c327cf1030b9da8b2dacefd80b957,b313957a2e67119e87b17e3a1a66657ca7beb7e3,false,ps2 textures\HAS ALPHA\bp_remade\no_mip_fixes\ui,false,false,0,none,5,true,false
ngl_alp_ovl.bmp,eb35d5f5a779974576a59e1a681dca49625bdb60,691f42cc56820cdb2cedbdb5678b473b050be656,true,ps2 textures\HAS ALPHA\bp_remade\no_mip_fixes\ui,false,true,5,remarci_4x,0,false,false
niki_alp_ovl.bmp,243e85ea01c22a5c769c52d251de6c328b12e281,3ca5b8d051b9465ab189eed31b493cfb038ca6d8,true,ps2 textures\HAS ALPHA\bp_remade\no_mip_fixes\ui,false,true,5,remarci_4x,0,false,false
nom_b_alp_ovl.bmp,7deb0eca512cbe75bbd5d2c9897523f6192559c3,d982bc97e5ec6e7d0a68f8a6fcaf89f098721560,true,ps2 textures\HAS ALPHA\bp_remade\no_mip_fixes\ui,false,true,5,remarci_4x,0,false,false
odai_a01a_ldr00.bmp,d26d30baec9521d7bb7b9c91e6214b8f3e4fa324,c2b7a9e1c59ad4936af9aa1416f9d48fe9799d8b,true,ps2 textures\opaque\bp_remade\no_mip_fixes\ui,true,true,5,remarci_4x,0,false,false
odai_a01a_ldr00a.bmp,f1537f2d5da25ab6fab9668b44f4e814b60e05b1,246a2f6f057e7958fbb8b79bfe79e3cb9be2d263,true,ps2 textures\opaque\bp_remade\no_mip_fixes\ui,true,true,5,remarci_4x,0,false,false
odai_a01a_ldr01.bmp,8b7972c91b3a06ad6dbc01d8f5b2ee230ece3ae7,ae49d967556e040025f5faf6a8576d576cf75b32,true,ps2 textures\opaque\bp_remade\no_mip_fixes\ui,true,true,5,remarci_4x,0,false,false
odai_a01a_ldr01a.bmp,21ad5111a4f1e8624a475c6eeaddc5c14344c21a,599607eefc95f9670e73a4ae7b042b19ac380a08,true,ps2 textures\opaque\bp_remade\no_mip_fixes\ui,true,true,5,remarci_4x,0,false,false
odai_a01a_ldr02.bmp,8a5b7b06221d529bafaa394b9c786837a44ad1e9,7f4aff2dc48930a9be80f9f94c875dd5dca163f5,true,ps2 textures\opaque\bp_remade\no_mip_fixes\ui,true,true,5,remarci_4x,0,false,false
odai_a01a_ldr03.bmp,7eac98b43614afdf89dc1d80492ea6fb3e50f126,d5b72ebebf141f356a320cb199f262aaa227132b,true,ps2 textures\opaque\bp_remade\no_mip_fixes\ui,true,true,5,remarci_4x,0,false,false
odai_a01a_ldr03a.bmp,d1cb62c7b51b5cc18f5109942e8a2f92ba8f2343,562ac574eb32f2175e47cf832997de55597cbfe3,true,ps2 textures\opaque\bp_remade\no_mip_fixes\ui,true,true,5,remarci_4x,0,false,false
odai_a01a_ldr04.bmp,a3f96e24b339f3853f8474a85b740224d4a3fb74,835a01c65d0f26cec0790389d609f76201492a2d,true,ps2 textures\opaque\bp_remade\no_mip_fixes\ui,true,true,5,remarci_4x,0,false,false
odai_a01a_ldr04a.bmp,c556ae7e96e3ea507133ff2f0e9c3624c815a0e7,ed0f52061faca10b8c81660c58e77f99d0508e20,true,ps2 textures\opaque\bp_remade\no_mip_fixes\ui,true,true,5,remarci_4x,0,false,false
odai_a24a_ldr00.bmp,31af9ea1a71b4f964c72b46caf76df945217675e,bdf92f777b3e065d2017e6b95eaa256076fa1709,true,ps2 textures\opaque\bp_remade\no_mip_fixes\ui,true,true,5,remarci_4x,0,false,false
odai_a24a_ldr01.bmp,8bddb2d99559aba0558dad0b4b4a2aef496d8607,a71afc30b78dfb38632acb193b120ad763a7f500,true,ps2 textures\opaque\bp_remade\no_mip_fixes\ui,true,true,5,remarci_4x,0,false,false
odai_a24a_ldr02.bmp,23b829eaa44acf8e1407504f1712bef151f65d05,1d4c17f22e07d8d95cedab02d9b0663fadb0fb86,true,ps2 textures\opaque\bp_remade\no_mip_fixes\ui,true,true,5,remarci_4x,0,false,false
odai_a24d2_pane03.bmp,0a6c14b44540b5adecd68fac536bd37691068510,f7f614b0b6a0de9f3f25a6a252818a718a844653,true,ps2 textures\opaque\bp_remade\no_mip_fixes\ui,true,true,5,remarci_4x,0,false,false
odai_a24d2_pane04.bmp,4a7af6ab6a609d4133782cf02a00b10c9fbfc48c,eab7907f2c452fb30f20522892ae31857bef881b,true,ps2 textures\opaque\bp_remade\no_mip_fixes\ui,true,true,5,remarci_4x,0,false,false
psg2_alp_ovl.bmp,ed07eebcf5fa2a9af8e9421cde84f094cd13dc27,ab3d38e29cfd069cbe6ea80600fe94697cf4f945,true,ps2 textures\HAS ALPHA\bp_remade\no_mip_fixes\ui,false,true,5,remarci_4x,0,false,false
psg_alp_ovl.bmp,888e5549f0b2c5f6ada011d580a381d595e756db,81eda67064504b7b835f168e5d8b363f5660ed54,true,ps2 textures\HAS ALPHA\bp_remade\no_mip_fixes\ui,false,true,5,remarci_4x,0,false,false
ration_alp_ovl.bmp,1265388eed6a8488e4d4c438e4612958145701e9,860e17c7ca69dc1a9eb8120cd278be7c6d7b98e4,true,ps2 textures\HAS ALPHA\bp_remade\no_mip_fixes\ui,false,true,5,remarci_4x,0,false,false
refre_alp_ovl.bmp,948f87a888fe423a2c28565667e2435b1cda095a,e012bbd11ee51873437388def470d66f9ba661ea,false,ps2 textures\HAS ALPHA\bp_remade\no_mip_fixes\ui,false,false,0,none,5,true,false
refre_left_alp_ovl.bmp,03d4d44336419045adadd7cde486c44b74718b20,482aa2f0f22149528a4d8ae37f99400c0037e94c,false,ps2 textures\HAS ALPHA\bp_remade\no_mip_fixes\ui,false,false,0,none,5,true,false
refre_right_alp_ovl.bmp,7551d59856c5796bcb331a6639e0f22f7e6ea3f8,c3149fb97409b0470ee2934a60b5227a86874739,false,ps2 textures\HAS ALPHA\bp_remade\no_mip_fixes\ui,false,false,0,none,5,true,false
rgb_alp_ovl.bmp,63d070f2f88f0f1c781fef03c9ea8551e9341fce,c5ce3ee88eb70e98b55dc9f4ca84da8be4bf95df,true,ps2 textures\HAS ALPHA\bp_remade\no_mip_fixes\ui,false,true,5,remarci_4x,0,false,false
sam_alp_ovl.bmp,f4738d9c1e686075021620172d428e8b3cd086d2,03710c50a2cc8b2c1c5f3eba68c1e7fbed4449e5,true,ps2 textures\HAS ALPHA\bp_remade\no_mip_fixes\ui,false,true,5,remarci_4x,0,false,false
scm2_alp_ovl.bmp,3b856c9cd1915ca005d5f6cb8fc4e7cd1862d1e5,b3bea4ab30cbdc930e29ada69b92179e4bc43cba,true,ps2 textures\HAS ALPHA\bp_remade\no_mip_fixes\ui,false,true,5,remarci_4x,0,false,false
scm_alp_ovl.bmp,2584caea1cce56cfd05815213932453aa3b18612,3c220a7fd98ea15f8a42fa2bf9aff372df4cf1ed,true,ps2 textures\HAS ALPHA\bp_remade\no_mip_fixes\ui,false,true,5,remarci_4x,0,false,false
scm_sp2_alp_ovl.bmp,ba13aa548bdab23d00431379a147c1c4d6d01925,76f0cde968fb39362f86a2da4e60d104bb021e6e,true,ps2 textures\HAS ALPHA\bp_remade\no_mip_fixes\ui,false,true,5,remarci_4x,0,false,false
scope_alp_ovl.bmp,0d82edef9b7b5dab78335e3dfb1cbde08c564beb,ecb7840a4d780777e2c11777bc46cc0be1b424e2,true,ps2 textures\HAS ALPHA\bp_remade\no_mip_fixes\ui,false,true,5,remarci_4x,0,false,false
senbi_kanpan_alp_ovl.bmp,68a9bb6620249e0ad4854b8d09026dd0a225d7aa,d9af3d57fdb1e9115d0a7e566ee6cce8c5344ec0,false,ps2 textures\HAS ALPHA\bp_remade\no_mip_fixes\ui,false,false,0,none,5,true,false
senbi_kanpan_left_alp_ovl.bmp,d44be7c32dd5cc955b3f0be986b3c53b470e8b17,b0fb0e3db486b67439326193915537b96a3cbb62,false,ps2 textures\HAS ALPHA\bp_remade\no_mip_fixes\ui,false,false,0,none,5,true,false
senbi_kanpan_right_alp_ovl.bmp,a8d13c3e7b7f552342a3d76c31fadcaf4260cc7f,5b25fd043978d82ff9d25ef6f050bcae9d46fb4c,false,ps2 textures\HAS ALPHA\bp_remade\no_mip_fixes\ui,false,false,0,none,5,true,false
sensou_01_alp_ovl.bmp,ea5c34ab126ec0b0dbf4036393572c304882dec6,dadfae3b4642ab8d3e95dafea144e94b2503595b,false,ps2 textures\HAS ALPHA\bp_remade\no_mip_fixes\ui,false,false,0,none,5,true,false
sensou_02_alp_ovl.bmp,e9696cfc1d40a059742a52b5d2791d6a588f3841,17e062db51b3dbf56414648c3c28540aa1add8e9,false,ps2 textures\HAS ALPHA\bp_remade\no_mip_fixes\ui,false,false,0,none,5,true,false
sensou_03_alp_ovl.bmp,55661b6991092e5fc4fce4dd8ed858fd9bb00e1b,5a9dbe7836961c22811fa1d48adac950b39beb22,false,ps2 textures\HAS ALPHA\bp_remade\no_mip_fixes\ui,false,false,0,none,5,true,false
shv_alp_ovl.bmp,3785365d7a8fdd0bc037aba1eea453227a6e5874,711b22c641278d01a8e6fa75cd0c2c33d42f8eb4,true,ps2 textures\HAS ALPHA\bp_remade\no_mip_fixes\ui,false,true,5,remarci_4x,0,false,false
smoke_alp_ovl.bmp,22933d43a13c6e60d6e912b87cb9f11999d798c8,5a6a0f2f7379a35bc54b4cdac26dea56c14d1e57,true,ps2 textures\HAS ALPHA\bp_remade\no_mip_fixes\ui,false,true,5,remarci_4x,0,false,false
snake_tales_ltitlea_alp_ovl.bmp,f1df53a85ad18a56a046519243a588289b1ed10e,255c4cd3da1e42679d5386328dd9f809b53f6de4,true,ps2 textures\HAS ALPHA\bp_remade\no_mip_fixes\ui,false,true,5,remarci_4x,0,false,false
snake_tales_ltitleb_alp_ovl.bmp,1cd04cbeeee3c469b41489ac59292a745911b1cf,ffeaeb477fa4bb3ae925f311a3b96793c38ccda5,true,ps2 textures\HAS ALPHA\bp_remade\no_mip_fixes\ui,false,true,5,remarci_4x,0,false,false
snake_tales_ltitlec_alp_ovl.bmp,91860fc57a76baa7ff91cc7208d04b51ec4cde0c,b139b17ec3f38b1cd6dffca5d9b3bb91874bc425,true,ps2 textures\HAS ALPHA\bp_remade\no_mip_fixes\ui,false,true,5,remarci_4x,0,false,false
snake_tales_ltitled_alp_ovl.bmp,8b27c07cb6da71a84ffb5661c114950e67cb344c,f2275350fab94cedcc4e481ec58ee55b620d30ca,true,ps2 textures\HAS ALPHA\bp_remade\no_mip_fixes\ui,false,true,5,remarci_4x,0,false,false
snake_tales_ltitlee_alp_ovl.bmp,2fffc9b4625ab338341a7922f232b2e99de18b4c,dad6b27d6576f53d1624d437ce8e0ad3422a539b,true,ps2 textures\HAS ALPHA\bp_remade\no_mip_fixes\ui,false,true,5,remarci_4x,0,false,false
sp_alp_ovl.bmp,b02e1aea58bb0e4ada58e7147754600c1d3999e2,a8f2cf19273da08f12c89098233b13834564f8d1,true,ps2 textures\HAS ALPHA\bp_remade\no_mip_fixes\ui,false,true,5,remarci_4x,0,false,false
sr00e_alp_ovl.bmp,411e899ab9a4cef73c3d74ea4409bf1a00d33423,bfc8a1176d4c247a35faebb49430fe9701132e89,true,ps2 textures\HAS ALPHA\bp_remade\no_mip_fixes\ui,false,true,5,remarci_4x,0,false,false
sr00j_alp_ovl.bmp,a417235b5531458b7887f1b9d4c406d7ba8f22a6,f55590b1814c7bae0e08e6022ce084297421f936,true,ps2 textures\HAS ALPHA\bp_remade\no_mip_fixes\ui,false,true,5,remarci_4x,0,false,false
sr01e_alp_ovl.bmp,e3cfe0f11de60a1ef296e4313d169fa18faf3a61,13bbe5acfa60598c484963db0ad0466a687d64a9,true,ps2 textures\HAS ALPHA\bp_remade\no_mip_fixes\ui,false,true,5,remarci_4x,0,false,false
sr01j_alp_ovl.bmp,3e2c1e11aa6d4ce1403f336145f4167f5f8f7b94,240db6ea34e98f80c8db5ee480b2fbc8607354d3,true,ps2 textures\HAS ALPHA\bp_remade\no_mip_fixes\ui,false,true,5,remarci_4x,0,false,false
sr01j_alp_ovl.bmp_71b551295ba518fae4283bd712544a6d,0331dd2b069960dabd2e49dc3569e58aade2e28d,28cc21a3cb97c446d2d1ab0a33981f2df2128c1c,true,ps2 textures\HAS ALPHA\bp_remade\no_mip_fixes\ui,false,true,5,remarci_4x,0,false,false
sr02e_alp_ovl.bmp,aa41de2e6a410033e15966c90f8a0134b063f51e,1ef2a08b5e2faa86af6fed03e4f59dbbb41b72fe,true,ps2 textures\HAS ALPHA\bp_remade\no_mip_fixes\ui,false,true,5,remarci_4x,0,false,false
sr02j_alp_ovl.bmp,c1cb63e7194336d875327ef821ac721b80c28ea9,3e259a90e2292775a222eebf0584444497548932,true,ps2 textures\HAS ALPHA\bp_remade\no_mip_fixes\ui,false,true,5,remarci_4x,0,false,false
sr02j_alp_ovl.bmp_4a09a9b88e5c9d0cf6da451edf0dbec7,07880cc56af8b9a107683fde81c12c6567821b50,b77ad097865a2e912252c127a221a552e8e839fb,true,ps2 textures\HAS ALPHA\bp_remade\no_mip_fixes\ui,false,true,5,remarci_4x,0,false,false
sr03e_alp_ovl.bmp,f296040a4ca990293e6f498548ca7a558a29dd74,4d089d8908562f532e1b8dfcc364d4fa4a2341c9,true,ps2 textures\HAS ALPHA\bp_remade\no_mip_fixes\ui,false,true,5,remarci_4x,0,false,false
sr03j_alp_ovl.bmp,9bb0263412414c22645f9555698560cf96cdbd9b,008a625c61a57374dfff96956d7852a7d6fbd201,true,ps2 textures\HAS ALPHA\bp_remade\no_mip_fixes\ui,false,true,5,remarci_4x,0,false,false
sr04e_alp_ovl.bmp,e221b1feb4fd134566509cc56c1bd759b8f6b5d5,72b8939e7c3999ba0f0bc9aef442e6b09a331a57,true,ps2 textures\HAS ALPHA\bp_remade\no_mip_fixes\ui,false,true,5,remarci_4x,0,false,false
sr04e_alp_ovl.bmp_7df013dc1a4acc27c98bdd79b9268942,df0d3d3461d00cc5d1c7646d15a931f48920b8f5,d1874e76b10d960423d86dba58d0075869ba6a97,true,ps2 textures\HAS ALPHA\bp_remade\no_mip_fixes\ui,false,true,5,remarci_4x,0,false,false
sr04j_alp_ovl.bmp,a56d1020963466654456f7fbfb1325d530f39c94,df6f0e5bfa2e1f7f0ee66d11c2a2c0ebacd37ce8,true,ps2 textures\HAS ALPHA\bp_remade\no_mip_fixes\ui,false,true,5,remarci_4x,0,false,false
sr04j_alp_ovl.bmp_1383a677978c887d8f593c2469a8401a,ce33ac1a2d567bf1eac0841fff0cf6d56f0173b0,00d9460ef9a182ee9916b01c358e15e9d2a202de,true,ps2 textures\HAS ALPHA\bp_remade\no_mip_fixes\ui,false,true,5,remarci_4x,0,false,false
sr05e_alp_ovl.bmp,da66a3e5673b6c83eb73fbb515008b942d0b26e2,22c90ba69b38eeffacdd7668d1d9307c701ad5f5,true,ps2 textures\HAS ALPHA\bp_remade\no_mip_fixes\ui,false,true,5,remarci_4x,0,false,false
sr05e_alp_ovl.bmp_fa8e2b5b866afff71bcedae16df8e3df,03aca096757a9c551350a05d30e7d0abe20dd91a,934d569357a71c945c175a1ce31e02df66d6a8ed,true,ps2 textures\HAS ALPHA\bp_remade\no_mip_fixes\ui,false,true,5,remarci_4x,0,false,false
sr05j_alp_ovl.bmp,71c71aa8b5c31444dc0aec85fb91c7d763bf2661,451c08110bea893e89aff7eba3c5ee0e5496749c,true,ps2 textures\HAS ALPHA\bp_remade\no_mip_fixes\ui,false,true,5,remarci_4x,0,false,false
sr05j_alp_ovl.bmp_bf1906e485ccafe1c218be12a5453562,3424332b378e8a335184a6ffe01b06f0b670e6a9,fe2341d2952bfac323a4c954194cd80bb5883e4d,true,ps2 textures\HAS ALPHA\bp_remade\no_mip_fixes\ui,false,true,5,remarci_4x,0,false,false
sr06e_alp_ovl.bmp,d04067daff70ae8f838a9f8714ffbac2dffda061,965cebf53a9fd49d631061fc41b9e2d560cf9ccc,true,ps2 textures\HAS ALPHA\bp_remade\no_mip_fixes\ui,false,true,5,remarci_4x,0,false,false
sr06e_alp_ovl.bmp_93ce3028cb41917a7f5a86e1a5cef339,5b78596281ac46dfc4cc61b921f92a810f3ba329,a1270a3a8590977db6a5e245f5ffe177d788466b,true,ps2 textures\HAS ALPHA\bp_remade\no_mip_fixes\ui,false,true,5,remarci_4x,0,false,false
sr06j_alp_ovl.bmp,d049c38b2808afe6fe3c8a2399c1fe0e97771495,f48c8e0d4633365235c1a6546fc242967ff8f2eb,true,ps2 textures\HAS ALPHA\bp_remade\no_mip_fixes\ui,false,true,5,remarci_4x,0,false,false
sr06j_alp_ovl.bmp_3930ac3de40a80d7335f659d8d3b18df,4acc594b8ad8b41918f320feed3c15d6244dee92,dc168da94d621b4c247faa051d59a85eb6162ec6,true,ps2 textures\HAS ALPHA\bp_remade\no_mip_fixes\ui,false,true,5,remarci_4x,0,false,false
sr07e_alp_ovl.bmp,c0600a4a03cb1cb4d6b2456555dece4ad5ed1c4e,ed150a6495196061cc122ec1bd77c65f629744ce,true,ps2 textures\HAS ALPHA\bp_remade\no_mip_fixes\ui,false,true,5,remarci_4x,0,false,false
sr07e_alp_ovl.bmp_1facc522d39aa7af4c8f475392ce56fb,fbbe98d7db18ee885ec5e2cfa798c8a132992616,66d23224c5a062e33917e8cd29e8307161796405,true,ps2 textures\HAS ALPHA\bp_remade\no_mip_fixes\ui,false,true,5,remarci_4x,0,false,false
sr07j_alp_ovl.bmp,1f21be4cedad3a7d4eb927150f16627028f1f9f9,1f6c8e6e97b6917b7b2e537aa98783b7fe3f55db,true,ps2 textures\HAS ALPHA\bp_remade\no_mip_fixes\ui,false,true,5,remarci_4x,0,false,false
sr07j_alp_ovl.bmp_df4abf9598b5e1aaa1c931ea907a758a,b01452b64aee3bdd811f51c23b9ed339e1f2ff10,38bd48600375e9b070fe427983a697e6858e4965,true,ps2 textures\HAS ALPHA\bp_remade\no_mip_fixes\ui,false,true,5,remarci_4x,0,false,false
sr08e_alp_ovl.bmp,f79c896b0e0c74d185c19c8f15069249c546c1b9,ca6417f15c04b5ea34c28439d730e49ac7061413,true,ps2 textures\HAS ALPHA\bp_remade\no_mip_fixes\ui,false,true,5,remarci_4x,0,false,false
sr08e_alp_ovl.bmp_94c5b46b1b4c4dd69ab4b85ecd7d43fe,360efc30d9a18d1d0bbcfc621fcd9d27c1024afb,bfb7f1002cd84d3ab088778961c526ecc3e7fed7,true,ps2 textures\HAS ALPHA\bp_remade\no_mip_fixes\ui,false,true,5,remarci_4x,0,false,false
sr08j_alp_ovl.bmp,2402bafa587d43c4c2f43e64e28c7abf06178e5e,0e6daaa65c8dbe0e9fa5c3d2fd2dda5b78d44482,true,ps2 textures\HAS ALPHA\bp_remade\no_mip_fixes\ui,false,true,5,remarci_4x,0,false,false
sr08j_alp_ovl.bmp_501fe309963ffa2693e775abe15afe45,75662b83ef6b293a5ad4fe3341c92e268243ed09,cae698b38e92b61f08ced2a74aca51879f8ef54d,true,ps2 textures\HAS ALPHA\bp_remade\no_mip_fixes\ui,false,true,5,remarci_4x,0,false,false
sr09e_alp_ovl.bmp,82e19d10a60f533eac63fcde1a5ec9ee9b2da21b,b67fec43407cb7c4fbfcb00bc4c1e90ffeab9a02,true,ps2 textures\HAS ALPHA\bp_remade\no_mip_fixes\ui,false,true,5,remarci_4x,0,false,false
sr09e_alp_ovl.bmp_2bec0cf6e2d48a41d9297cf01513f45c,90a479186acc6a898abc955355bc1d26b3f07268,45e1311b87de9fff4bb54c81948ced693b10f8a0,true,ps2 textures\HAS ALPHA\bp_remade\no_mip_fixes\ui,false,true,5,remarci_4x,0,false,false
sr09j_alp_ovl.bmp,c34fd52d913b9d4bae3ae42469f3211047534abc,d65dc5bc38856542d0f3bdbe90af771396da01be,true,ps2 textures\HAS ALPHA\bp_remade\no_mip_fixes\ui,false,true,5,remarci_4x,0,false,false
sr10e_alp_ovl.bmp,569ae318ce376addb5b21f3d3cfbe774d385793e,81a1efe3937b7ca6fba985fd31de2451e5831a46,true,ps2 textures\HAS ALPHA\bp_remade\no_mip_fixes\ui,false,true,5,remarci_4x,0,false,false
sr10e_alp_ovl.bmp_1927c59b5a429c24eac1732749ce574a,97ac9bc702f371ac4afe28295c02f6e3699348d2,de39d0a642909219c74c588850ab1c6509610a5f,true,ps2 textures\HAS ALPHA\bp_remade\no_mip_fixes\ui,false,true,5,remarci_4x,0,false,false
sr10j_alp_ovl.bmp,14dfdae5f47f97f62e716fa270969cc7f92e063c,7b37aa5f1d8ab8bc6dca22f651526d692c753669,true,ps2 textures\HAS ALPHA\bp_remade\no_mip_fixes\ui,false,true,5,remarci_4x,0,false,false
sr11e_alp_ovl.bmp,3da77de5f420b13a76c7b80b89f461ed82583c41,35f6ddf5f02a1e7d445e9895abe759947f70c9fe,true,ps2 textures\HAS ALPHA\bp_remade\no_mip_fixes\ui,false,true,5,remarci_4x,0,false,false
sr11e_alp_ovl.bmp_cb0dce75f41243b62d86315f2154df35,70b87efe8ff30e41dcf50af726391db6c0977547,642661ffc7d3d6a7a60b716dce313175c1e703a0,true,ps2 textures\HAS ALPHA\bp_remade\no_mip_fixes\ui,false,true,5,remarci_4x,0,false,false
sr11j_alp_ovl.bmp,bd2a52d8017d2be56687e5cf0638dbb127ce2d35,b33c3d11de4170cd7db1521eb3b4db347df49130,true,ps2 textures\HAS ALPHA\bp_remade\no_mip_fixes\ui,false,true,5,remarci_4x,0,false,false
sr11j_alp_ovl.bmp_d403a96582282e98da76e6194a8a4c58,209cd79723517403bf43dec433adb4a98987d2a8,685a6e5e50b89da814df5cde68e2b37bca43149e,true,ps2 textures\HAS ALPHA\bp_remade\no_mip_fixes\ui,false,true,5,remarci_4x,0,false,false
sr12e_alp_ovl.bmp,2113747455d20723db67edee62627b1facebf43b,031d7345aa7e413e0c2c8019fe83d2a3305a369e,true,ps2 textures\HAS ALPHA\bp_remade\no_mip_fixes\ui,false,true,5,remarci_4x,0,false,false
sr12e_alp_ovl.bmp_49da83a2fc34ffff91d496c4100267ab,4c2c9ee260ee39309d7a070b6b283d66ced1f7dc,2da52a55cf1aa7aa4d53e376407cb7a87ce6512b,true,ps2 textures\HAS ALPHA\bp_remade\no_mip_fixes\ui,false,true,5,remarci_4x,0,false,false
sr12j_alp_ovl.bmp,ce71810a0f8cd5c8dceebf773e20476b7cce4d39,66be2803b2d1c5735181d7a8441e1b67fac90ea8,true,ps2 textures\HAS ALPHA\bp_remade\no_mip_fixes\ui,false,true,5,remarci_4x,0,false,false
sr12j_alp_ovl.bmp_17fe60f718f515850942f8f66ba0be2a,b678e7aad9ccd48bf747e9b29ba2d72030b71bd1,5c9eb46ad93f024703adbddbf4f0f2348d029731,true,ps2 textures\HAS ALPHA\bp_remade\no_mip_fixes\ui,false,true,5,remarci_4x,0,false,false
sr13e_alp_ovl.bmp,a8efb4d6bfbf637c177ea941bcbe1f29f3acc1c8,b21c773860a1fde8731a8209de3f7b62807ddf05,true,ps2 textures\HAS ALPHA\bp_remade\no_mip_fixes\ui,false,true,5,remarci_4x,0,false,false
sr13e_alp_ovl.bmp_8e5d765a189254623f05bef061d0db1a,38fbb23a2e46d95435ab6b21213bed65f8b4816e,34b56be6abbbf602c8c8a9b4e2c9fb955df61427,true,ps2 textures\HAS ALPHA\bp_remade\no_mip_fixes\ui,false,true,5,remarci_4x,0,false,false
sr13j_alp_ovl.bmp,50deb0ee7aef639f386fa093802043f98aeeccbe,a6ea06c8092b888752e28f9fbfed47026b97e5e7,true,ps2 textures\HAS ALPHA\bp_remade\no_mip_fixes\ui,false,true,5,remarci_4x,0,false,false
sr14e_alp_ovl.bmp,25db0859de6d86a5f2dba472a3d5e922119fe42c,34e142cf09fa39981aa6cb79f6748293a8eb6863,true,ps2 textures\HAS ALPHA\bp_remade\no_mip_fixes\ui,false,true,5,remarci_4x,0,false,false
sr14e_alp_ovl.bmp_ea172754f17f49457f2f04ae2319add2,4ed7bdf53e838a2765f8128c94ec19bf3333de59,ca0fcd42e595259884cb056d68ffcb698eff0733,true,ps2 textures\HAS ALPHA\bp_remade\no_mip_fixes\ui,false,true,5,remarci_4x,0,false,false
sr14j_alp_ovl.bmp,550c0282c66c5595a3a96094b30c70730c06f09e,56c53b0b41389ba0333b677cb8474268e94f3a32,true,ps2 textures\HAS ALPHA\bp_remade\no_mip_fixes\ui,false,true,5,remarci_4x,0,false,false
sr14j_alp_ovl.bmp_104b15f9971860fa4c6923382baf1463,bddd621d70306e3c0049cc6ef52f93bbc0aad3c7,8497bc28e882096b25c091f96ce52f728141c4aa,true,ps2 textures\HAS ALPHA\bp_remade\no_mip_fixes\ui,false,true,5,remarci_4x,0,false,false
sr14j_bg_alp_ovl.bmp,f2728033f285bf26770a77161cfd60b142932844,38b9cd2dadc97386f65f9dd09a80ae634807e448,true,ps2 textures\HAS ALPHA\bp_remade\no_mip_fixes\ui,false,true,5,remarci_4x,0,false,false
sr16e_alp_ovl.bmp,b65de83b9926976a5e00e0bf2889d1a89f70893e,32dfca4bf307ffedbbd8cf7cfeed9c590cd8b53b,true,ps2 textures\HAS ALPHA\bp_remade\no_mip_fixes\ui,false,true,5,remarci_4x,0,false,false
sr16j_alp_ovl.bmp,df13327bae87b25f303bd94434e75d0f0dd5b47a,3ca6d1fdface401fc10919aa7f48cdb39e78bf21,true,ps2 textures\HAS ALPHA\bp_remade\no_mip_fixes\ui,false,true,5,remarci_4x,0,false,false
sr17e_alp_ovl.bmp,4534ab84f0375b6b7ae7110f500a3847bb422cba,39d9b7959df877d741e1b0a85a8d824a1a45e53d,true,ps2 textures\HAS ALPHA\bp_remade\no_mip_fixes\ui,false,true,5,remarci_4x,0,false,false
sr17j_alp_ovl.bmp,f655dc87d04d4df90e297a79f462391d69d41011,62ad6ff9f1a868954677030926049b79ab51a2f5,true,ps2 textures\HAS ALPHA\bp_remade\no_mip_fixes\ui,false,true,5,remarci_4x,0,false,false
sr18e_alp_ovl.bmp,289a5c8fd3c88ec7784a968d684ecdd6947124ef,bbb5bcf18ac88114d5cc9f8cb281fcab0d2fecf7,true,ps2 textures\HAS ALPHA\bp_remade\no_mip_fixes\ui,false,true,5,remarci_4x,0,false,false
sr18e_alp_ovl.bmp_472bed0a443e29c45de18a81421d2ee0,4a5c37d542f3e6afbf0ab9568ec23481836b4cee,7e67fc559468c9663b71ede23482177ec830a4a3,true,ps2 textures\HAS ALPHA\bp_remade\no_mip_fixes\ui,false,true,5,remarci_4x,0,false,false
sr18j_alp_ovl.bmp,abaefbb296b7b8def4b5ec75d1435a6cca2899c8,8fc81f121354e4f3c69dc9f3154059baad9d1522,true,ps2 textures\HAS ALPHA\bp_remade\no_mip_fixes\ui,false,true,5,remarci_4x,0,false,false
sr19e_alp_ovl.bmp,e73ff3b4dd34da66b2746c4a6856d38687e6c394,31eda8b9b839ed2e16371fbe70483e356df02027,true,ps2 textures\HAS ALPHA\bp_remade\no_mip_fixes\ui,false,true,5,remarci_4x,0,false,false
sr19j_alp_ovl.bmp,4345828c54fd1b0fc312709215c3037dae210809,6d008e9b0baaf955c18c9f09e0b791179068d246,true,ps2 textures\HAS ALPHA\bp_remade\no_mip_fixes\ui,false,true,5,remarci_4x,0,false,false
sr20e_alp_ovl.bmp,cc145a80d6d2801bd86393579db61dd8a1234c8f,15a363c563c88864080813071772756c6f74aa79,true,ps2 textures\HAS ALPHA\bp_remade\no_mip_fixes\ui,false,true,5,remarci_4x,0,false,false
sr20j_alp_ovl.bmp,3891e7f4f86079fdd99b02101bc8a411003f300d,98cedcec0d99f7abf9d96cab8026767daa9f917c,true,ps2 textures\HAS ALPHA\bp_remade\no_mip_fixes\ui,false,true,5,remarci_4x,0,false,false
sr21e_alp_ovl.bmp,6b8f73fe8963d3ec760ced5db77601093b85328a,fe2218cf2bdb59b0c716fb3d0a802bc240b6c204,true,ps2 textures\HAS ALPHA\bp_remade\no_mip_fixes\ui,false,true,5,remarci_4x,0,false,false
sr21j_alp_ovl.bmp,2d78888359aed95bc4ad39f2bd3d24f1a9ed06b7,fb00575c77c0fd3d30a042ea5bb9d94b0664c422,true,ps2 textures\HAS ALPHA\bp_remade\no_mip_fixes\ui,false,true,5,remarci_4x,0,false,false
sr22e_alp_ovl.bmp,db171ece5e7d7918e29daf052d82289ef14bad1d,0a022479b9a3f0bbb4c75790a5442a61098704c0,true,ps2 textures\HAS ALPHA\bp_remade\no_mip_fixes\ui,false,true,5,remarci_4x,0,false,false
sr22j_alp_ovl.bmp,d256aae244694d8363e939b2922006c3967c32df,374168f336b277b92fc1cb1e88966ad6c6e6cea7,true,ps2 textures\HAS ALPHA\bp_remade\no_mip_fixes\ui,false,true,5,remarci_4x,0,false,false
sr23e_alp_ovl.bmp,3c2241f5dfa11762ce1aae72c14244d714b1c9a0,a48ef77c8ea6ac67390893ed00aa390bcac089de,true,ps2 textures\HAS ALPHA\bp_remade\no_mip_fixes\ui,false,true,5,remarci_4x,0,false,false
sr23j_alp_ovl.bmp,aaa70970125fe0c99c028d468fc82a2f2705b7a4,f4d04cda7a389d7248be8a86ac3f2cb34eee5e53,true,ps2 textures\HAS ALPHA\bp_remade\no_mip_fixes\ui,false,true,5,remarci_4x,0,false,false
sr24e_alp_ovl.bmp,febabdb7960620d7f6046ab34e9efa9ad3e0b296,de505d3f9c48353ba98842dce495227e0ba38c1a,true,ps2 textures\HAS ALPHA\bp_remade\no_mip_fixes\ui,false,true,5,remarci_4x,0,false,false
sr24j_alp_ovl.bmp,a5a26c3ab3f33b86baf72b3ddbb3438ef5f86108,9975e03991f0f5ea01ef09fda0a7ecaddf3fefa9,true,ps2 textures\HAS ALPHA\bp_remade\no_mip_fixes\ui,false,true,5,remarci_4x,0,false,false
sr25e_alp_ovl.bmp,c24ae7b57c081845a103654ce195956571f4f92d,73d7b53357b23c1a117bf51671ce6cd0b92a80c9,true,ps2 textures\HAS ALPHA\bp_remade\no_mip_fixes\ui,false,true,5,remarci_4x,0,false,false
sr25j_alp_ovl.bmp,a1ecb9ac96cc07fccfe521cf8a15185dbeb66aef,ee8c91f374952448837441ff74c9151324f4cf5a,true,ps2 textures\HAS ALPHA\bp_remade\no_mip_fixes\ui,false,true,5,remarci_4x,0,false,false
stin_alp_ovl.bmp,0ecc0723ab5b1e26fe80b78365964fb6abcc317e,155bcc3e73f25cb583ea994407aea25dbd53aab6,true,ps2 textures\HAS ALPHA\bp_remade\no_mip_fixes\ui,false,true,5,remarci_4x,0,false,false
stun_alp_ovl.bmp,e3ce07eccaaaf5b8772fa8a298dc4f87c5449df0,162aa96fae3e83f29facda6e13fc2bbbafdb299b,true,ps2 textures\HAS ALPHA\bp_remade\no_mip_fixes\ui,false,true,5,remarci_4x,0,false,false
styp_alp_ovl.bmp,f19128b1aacc86c26ab8545f2b4ea0f1a84036da,441b859cfbf8dc0fcb01e6e4e0d9fc41bb09cd23,true,ps2 textures\HAS ALPHA\bp_remade\no_mip_fixes\ui,false,true,5,remarci_4x,0,false,false
tag1_alp_ovl.bmp,babd7a37b25b4f7d7752e7f0cc7bfd775dd76e36,d53533c0a986217fb674029e653330f3680006ae,true,ps2 textures\HAS ALPHA\bp_remade\no_mip_fixes\ui,false,true,5,remarci_4x,0,false,false
tag2_alp_ovl.bmp,833911d6854eb49b5c71b25abf9f5aebd55d9dfd,271d4bcaf23bfa6a9e7b84da896dd134b1112b01,true,ps2 textures\HAS ALPHA\bp_remade\no_mip_fixes\ui,false,true,5,remarci_4x,0,false,false
tag3_alp_ovl.bmp,435b7319398d68eec8bacd4751f959a828af21e4,7c4383b812fd82b370fc8bbaa994ace284efb17e,true,ps2 textures\HAS ALPHA\bp_remade\no_mip_fixes\ui,false,true,5,remarci_4x,0,false,false
tgl_alp_ovl.bmp,073da422876a6838c20055e0f913bdf5762f12b8,6da8e440cb30c2de5667ba1c3324e5bd03ec7d63,true,ps2 textures\HAS ALPHA\bp_remade\no_mip_fixes\ui,false,true,5,remarci_4x,0,false,false
title_logo_blue_alp_ovl.bmp,d82f50101a69558a7ca4efab9eaf34733b2a5283,a62da2e59b0cdbb1575e2a555095f6331c17ea83,true,ps2 textures\HAS ALPHA\bp_remade\no_mip_fixes\ui,false,true,5,remarci_4x,0,false,false
title_mgs2_alp_ovl.bmp,3f8403fbd5a28effbde0771f9cf23b83b728e5f8,a1b6b9bd7ec1db865d8e7f96831819db4ea8b2c4,true,ps2 textures\HAS ALPHA\bp_remade\no_mip_fixes\ui,false,true,5,remarci_4x,0,false,false
usp_alp_ovl.bmp,43848487d52b81039b859a73fff8865080d9bb0a,42d2f60b8ff97db787de49861d70823f2fa19aa1,true,ps2 textures\HAS ALPHA\bp_remade\no_mip_fixes\ui,false,true,5,remarci_4x,0,false,false
usp_sp2_alp_ovl.bmp,4c1f1741e71269b363b836011bba2f1a7443434f,19932b90889190c6d193cc88fba3caacd1fe3e0a,true,ps2 textures\HAS ALPHA\bp_remade\no_mip_fixes\ui,false,true,5,remarci_4x,0,false,false
usp_sp_alp_ovl.bmp,88c86b916f7550ee2e09e9f72f0652db6f2350ad,f80d01aef5bd1fdc16fd5db99d412e24e4ab0f63,true,ps2 textures\HAS ALPHA\bp_remade\no_mip_fixes\ui,false,true,5,remarci_4x,0,false,false
w24c_over_mrs_alp_ovl.bmp,e430fb5ec5ff07527cb2c51b19140f2fecb994dc,f0e2c0f7e7bd1c9981347d456bba3a39f4b640d9,true,ps2 textures\opaque\bp_remade\no_mip_fixes\ui,true,true,5,remarci_4x,0,false,false
w24c_over_oba_alp_ovl.bmp,360c20a27da6d097a51b782e3e37a72435422deb,0fd8e9867d002f6ee781441e99d4698f32c933be,true,ps2 textures\opaque\bp_remade\no_mip_fixes\ui,true,true,5,remarci_4x,0,false,false
w24c_overguy_alp_ovl.bmp,ceb5927ce21888c80050ce6c210b80dde048e5b9,054afa621e55a4c8fe95146b09e2a70eee25090f,true,ps2 textures\opaque\bp_remade\no_mip_fixes\ui,true,true,5,remarci_4x,0,false,false
wig1_alp_ovl.bmp,dd0b759d726e7ff695b9c04b60882448cf5a1dc0,31369bfb353e193cf6c286c63e3978facba0760f,true,ps2 textures\HAS ALPHA\bp_remade\no_mip_fixes\ui,false,true,5,remarci_4x,0,false,false
wig2_alp_ovl.bmp,44e1885c1129a6d3e0aa423d8e9157c9c15229ab,c699c852e71c3d489b773b286b9038f2928867c5,true,ps2 textures\HAS ALPHA\bp_remade\no_mip_fixes\ui,false,true,5,remarci_4x,0,false,false
wpb_alp_ovl.bmp,af72de54119bc62c23efd26b8b792e6392b4ffea,8ed8bff229527f1e14a0f663da160ace35a102b6,true,ps2 textures\HAS ALPHA\bp_remade\no_mip_fixes\ui,false,true,5,remarci_4x,0,false,false
