filename,before_hash,ctxr_hash,mipmaps,origin_folder,opacity_stripped,upscaled,upscaler_version,upscaler_type,ctxr3_converted,non_upscaled_version,npot_resized
000062b9,2e5148108312e31d43b9d034c53984909b15322d,b5dd80e6031b6fe037746826d0d5eb99ee253b0e,true,ps2 textures\opaque\bp_remade,true,false,0,none,false,5,false
00006739,22e0464927d7cce64103d29d2d15ffef22014e64,9a74cd887b16fa4602e177c299f29791c15fc4bc,true,ps2 textures\opaque\bp_remade,true,false,0,none,false,5,false
0016cb7f,6802d9b51b948a2a1a26d3e021bd1fd501b8845e,5f0bb809240f7c1615178bbb46a3f62a850e1cd3,true,ps2 textures\HAS ALPHA\bp_remade,false,false,0,none,false,5,false
00180189,5c2c0ad8a9b3ae13fc55a1e47eba6f079ce3db93,0930a682d997c16691bd9cc7c896bd57ab21c532,true,ps2 textures\HAS ALPHA\bp_remade,false,false,0,none,false,5,false
003f0404,c9ec93c7ece76992e0516a6a3576a721632541d7,e56bccf355117c1d04969c3fc657d4e256e5b198,true,ps2 textures\HAS ALPHA\bp_remade,false,false,0,none,false,5,false
004b2a01,02a72d4bf0d78e0ed4b9a8bfe84ebaf232c326a5,e75218d05654318910a472c2152c03a44c724907,true,ps2 textures\opaque\bp_remade,true,false,0,none,false,5,false
0050bfc5,86578a74bd9bff36a902d703b2d6e1fcb0c33290,0a9ab54f408fb2d993e7cc7fff8c4e7999aefe54,true,ps2 textures\HAS ALPHA\bp_remade,false,false,0,none,false,5,false
0055b270,90559ea56cddfe94b650c925ac68227467d930f7,8355950d38f5b2259c2e39e7b611570bbf5925d5,true,ps2 textures\HAS ALPHA\bp_remade,false,false,0,none,false,5,false
006262b9,115baef6313ffbc5a9157056381db7f9f7b694d1,97cfc3c3118f826ce28764f98444101296a130a4,true,ps2 textures\opaque\bp_remade,true,false,0,none,false,5,false
00626739,ffda276c6bee13f0cb210ba17f19e8f91c7cbe69,6fad5b6eabf725582fdafb4f154d57bf7ebb7a1f,true,ps2 textures\opaque\bp_remade,true,false,0,none,false,5,false
007a0189,4083d541541b6bc24a1f811f24a2485b015d283c,f2dc5b39e389588da0071f88e44c9a368890e5cc,true,ps2 textures\HAS ALPHA\bp_remade,false,false,0,none,false,5,false
009720e7,15da4b0e566e1327d265816214f939a00f5caa6b,2738488378afcbdd00b119d68ca0b7e5c5ee7ab6,true,ps2 textures\HAS ALPHA\bp_remade,false,false,0,none,false,5,false
00b7b270,bc383e20dd442424cf837f35a81a71c6cfd26d7b,1ff92f1197284eeaf3fb981f23e0c16d155aac15,true,ps2 textures\HAS ALPHA\bp_remade,false,false,0,none,false,5,false
00b8cb7a,a3c7350c932df2397aec329e006674ceef3164cb,d6e72af03ab96a3786e71086bb86b353f389fe99,true,ps2 textures\HAS ALPHA\bp_remade,false,false,0,none,false,5,false
00e103ff,f48dea99268d117271a33b28cf5a4b5e02a7f027,9f08511e6f486e7b7603a08043dc2b550ac0328b,true,ps2 textures\HAS ALPHA\bp_remade,false,false,0,none,false,5,false
00ed29fc,d1dec3f0ef14a2ee0674aa37aaf64a3118e7ce6c,3720cacad2c549017e92f90f890994a1e04c83b4,true,ps2 textures\opaque\bp_remade,true,false,0,none,false,5,false
00edb9fc,a736530da47b53e92e32155515bd30fc57346de7,c0b4e688c6853c2e7f9766c8f5c9ba0a61ff742b,true,ps2 textures\opaque\bp_remade,true,false,0,none,false,5,false
00eebfc4,535e7c41cf3fc0f6a76c185ea16025f10745a429,a28968143d2a86daf76a6832ae9fdb9c98db418d,true,ps2 textures\HAS ALPHA\bp_remade,false,false,0,none,false,5,false
00f520eb,f2aa390256f272db5b8f2f33bf04b7ea8409778c,135b828e7e71a4bb7482d171900bcd09dd0d21dd,true,ps2 textures\HAS ALPHA\bp_remade,false,false,0,none,false,5,false
0wall1_2.bmp,98c00adce66701d21fecc75b43218a9df44969e3,867b872e97f423339df755a200e48e5e6d8b8057,true,ps2 textures\opaque\bp_remade,true,false,0,none,false,5,false
0wall1_60s.bmp,468caccabde15dcaed7740a5e99b5c7e310a4a27,ada6f5454709528b13a98e572c4ea931a0c63d7d,true,ps2 textures\opaque\bp_remade,true,false,0,none,false,5,false
0wall1mi.bmp,fc1a13cfab3449a6472ba884aa277cf131fa6755,cdf523e1f87dceae7985463d323aff15eb255e8c,true,ps2 textures\opaque\bp_remade,true,false,0,none,false,5,false
0wall1mi2.bmp,0685d56dc787086cb52432342f6ee30b42fd3ac8,f2e147b66dc6f02c5846ded7ec68c2f389fc54f9,true,ps2 textures\opaque\bp_remade,true,false,0,none,false,5,false
0wall1sita.bmp,7ca660b915b1f25d3a3860ec08f5f35dd565282b,96608cbb41d92ba173996d4f81012e5801bf2cfe,true,ps2 textures\opaque\bp_remade,true,false,0,none,false,5,false
1wallu2.bmp,728d297418d950bdcbacab15f1319bfa1f900e74,1bcf3cf1e4f4bc8463294566d252207b42b799f3,true,ps2 textures\opaque\bp_remade,true,false,0,none,false,5,false
1wallu3.bmp,804dd0399b6d502b724bf06bc61a444b23050264,2df0eddfd6c1815e4f926450ee4e45cbc3d035e1,true,ps2 textures\opaque\bp_remade,true,false,0,none,false,5,false
1wallu4.bmp,d74ad891dc06822511a4d1d32194fdf27de99c49,5c8ecefad902b65aabdf164024248ed4bd8f51ea,true,ps2 textures\opaque\bp_remade,true,false,0,none,false,5,false
1wallup.bmp,8b7c49f1cb2d227228287651fd3df31de1204c5a,e207d8250f5ad2a6999fd91abe3f6e417a05d455,true,ps2 textures\opaque\bp_remade,true,false,0,none,false,5,false
a24d2_pane03_alp.bmp,b19f5278b0e69113bf463107d83e7ec9c91d1082,592c75f176f507b2d4ddd336f5d6500393824299,true,ps2 textures\opaque\bp_remade,true,false,0,none,false,5,false
a24d2_pane04_alp.bmp,1ec58d7194e02df4ed250e277bd5e102178130a4,88fef3251f49b02ebdc426d984e032654695d461,true,ps2 textures\opaque\bp_remade,true,false,0,none,false,5,false
ag_rouka_ent.bmp,2c08408d02031a227ef0533964302f2560c27609,86023f02bbdc1f347fe1dad84a21069fe29a4a37,true,ps2 textures\opaque\bp_remade,true,false,0,none,false,5,false
ag_rouka_floor_01.bmp,1069374ed124d1ce29d43749fd49854d6fcccac9,446785238ceafbf020852a42948f5d62cc2b1de8,true,ps2 textures\opaque\bp_remade,true,false,0,none,false,5,false
ag_rouka_floor_02.bmp,a6f7c32e4e4db8fbdad981e51b5f3d4fc11a08f3,3e20baf254393507bab4d94b07c06acfaac02cbb,true,ps2 textures\opaque\bp_remade,true,false,0,none,false,5,false
ag_rouka_wall_01.bmp,1dbfd2f0da692cc1e0158e13fa6bc0d015049188,6937f465ed24b0c770d47ab623098bcde6fd7247,true,ps2 textures\opaque\bp_remade,true,false,0,none,false,5,false
ag_rouka_wall_02.bmp,4fbecae82e57b4f7dd7b8945349313bcac573414,45f15b617fadf092f4252b992d9a8275d15c104c,true,ps2 textures\opaque\bp_remade,true,false,0,none,false,5,false
ag_rouka_wall_03.bmp,bcebb7ffd75672093d43a7acf2d1ea239918f37b,a3e324f91bff85d3d28c2e831f37c55f2285374d,true,ps2 textures\opaque\bp_remade,true,false,0,none,false,5,false
aks_demo_amo.bmp,8b2ece486d0ffe475b45baa6bd27d39463312fb5,965c1498d2fc69d7883631b524aa4b398ec37cd4,true,ps2 textures\opaque\bp_remade,true,false,0,none,false,5,false
aks_jyuukou.bmp,c55415765b06911c981067a62f946c7591a56e87,2d2a2b3bd3e68e38a76b9c9e6ba021683d77266d,true,ps2 textures\opaque\bp_remade,true,false,0,none,false,5,false
aks_sb_s.bmp,4d744ef08515b4b3117afad4418c50ba510cbb52,e680c2c1e9488a65b84c3402bc5260383257bc83,true,ps2 textures\opaque\bp_remade,true,false,0,none,false,5,false
aks_sb_s.bmp_73f39fdb33d46a0ad4126ed3d411da41,572f467e87f496b324cc9b73e331f421732c4a2b,82d08750900089dfbbdebe8e8cf58f4b4f0861d1,true,ps2 textures\opaque\bp_remade,true,false,0,none,false,5,false
aks_selecter.bmp,9d4c9d10012d0753c9704c7ca176a1d55d4eb709,68c3a8dc23b9a8a562c7763b8d352e56cb58f981,true,ps2 textures\opaque\bp_remade,true,false,0,none,false,5,false
amg_main1.bmp,1f3fa7b5147369eec429e64dfe8614e8a2759516,03580b10b1dcd5b6a22930a5ad0e6726527a117f,true,ps2 textures\opaque\bp_remade,true,false,0,none,false,5,false
amg_mizo1_bright.bmp,85df4bbd629eda09754523965da34b1d420bec67,8fd5efb752a534f73d2a5fc716dd7b024c1404e3,true,ps2 textures\opaque\bp_remade,true,false,0,none,false,5,false
bood.bmp,2c3d1c59447006e5e30e341ee15986d96e6466ca,692d77e932682a3b8ed0d268af7acf018a9d6ce3,true,ps2 textures\opaque\bp_remade,true,false,0,none,false,5,false
bood2.bmp,5e8839a0080557ef650dde18fb1fefda4aaa5398,28504c7563eee1626a08c4dfdb202ad03a621ee9,true,ps2 textures\opaque\bp_remade,true,false,0,none,false,5,false
box_10.bmp,50f97afe02e7822080597a9ddfaa4ffc51dd39fd,932d48f055da3bb8e9afd5b8906cbd043ebd76a8,true,ps2 textures\opaque\bp_remade,true,false,0,none,false,5,false
box_11.bmp,e85a6ca8cd7d54ef2a6dfc41b6871c1414db96a8,824dfb8d714fa9f5f6b053968a0f5d8d971c4873,true,ps2 textures\opaque\bp_remade,true,false,0,none,false,5,false
box_16.bmp,ded92f607a0b4e8ba4f8eacd2d2c2798d8d5e060,03aa4151da6c46e8edc8e0b379371f099ee2819b,true,ps2 textures\opaque\bp_remade,true,false,0,none,false,5,false
box_s_02_side02.bmp,a71a1381b9cb72262062ab1a02dc917fd14200f0,c4e9201da8326a3613e8f488e6d64959ca38b149,true,ps2 textures\opaque\bp_remade,true,false,0,none,false,5,false
box_s_02_top.bmp,e89e6775b80014373765f9d4cabcb1e541c82917,ca4648b53cf4fdb82787cd41b7a1bc4d0d028540,true,ps2 textures\opaque\bp_remade,true,false,0,none,false,5,false
box_s_05_side.bmp,d7998440f5c64fe1547b5c1fd7a68b71a638e0ed,8450b8af1df8f81a458eb25f12269f06451dfec4,true,ps2 textures\opaque\bp_remade,true,false,0,none,false,5,false
box_s_05_top.bmp,9f268e7d3f8ba16ba5e388655182343e1c2e4da2,6d8bc3df511711ae58ff881105c6200d2e356617,true,ps2 textures\opaque\bp_remade,true,false,0,none,false,5,false
box_s_07_back.bmp,4a41d68f8274f602ab4ea6cf301dd28466739260,b01a7b55d1f4dc94c032711b1a77f4f45fc6cfc1,true,ps2 textures\opaque\bp_remade,true,false,0,none,false,5,false
box_s_07_side.bmp,93d5286e769c7a963d1a0cf052ec69f1aa199ad5,57a7ac87384f8e0fdd8ef317157fb8422e84a0c1,true,ps2 textures\opaque\bp_remade,true,false,0,none,false,5,false
box_s_07_top.bmp,320d93d8c64a8d2475717342ab61caec01c9be13,af1e8a1f2db48e5b168c23a4c047616a9e1caf9f,true,ps2 textures\opaque\bp_remade,true,false,0,none,false,5,false
bsn_a.bmp,f3c6370a9e6469ecd49eaa9860999d98dcb936ee,620dc36db927201040706df5ee18692672da12db,true,ps2 textures\opaque\bp_remade,true,false,0,none,false,5,false
c4_a_hontai_10.bmp,b35a3d605aa16343b66bbbc43381c8501e867022,84e95624992f798ba64ead8a5eb22ed09cec3bca,true,ps2 textures\opaque\bp_remade,true,false,0,none,false,5,false
cap_arm.bmp,a17416f741da8d00165a162727ac8cc5588dc923,3f9daaf15ec50ebaee7aad0087b55df2da05586f,true,ps2 textures\opaque\bp_remade,true,false,0,none,false,5,false
cap_arm_l_blood.bmp,e2bfb62f80cace0afe6a974c42239a2e8611a133,6f6d225deb8d1c8aeb87be51425f7f79275af203,true,ps2 textures\opaque\bp_remade,true,false,0,none,false,5,false
cap_arm_r_blood.bmp,12bc1cc6a4a5bf44dea7621129603f8527ff1821,4cbb16b405b6b9ab86e96968c8094efa44f5a9ef,true,ps2 textures\opaque\bp_remade,true,false,0,none,false,5,false
cap_arm_wrist.bmp,d2652c4d2118f7a36e68d94e6ef9148faed896b8,58ac9bede61e5ce630db6fde3ee92e281752d56e,true,ps2 textures\opaque\bp_remade,true,false,0,none,false,5,false
cap_body.bmp,c0d2b0895bbb174bf3fe602b39b5cadb8fa9946f,5c75f97627ba695b152bac0210055e3a8953ca79,true,ps2 textures\opaque\bp_remade,true,false,0,none,false,5,false
cap_body_blood.bmp,39f472d6846e0d6189bbb327e0ef7550efa25770,c1720751b8e71217b4d1ecea77ad8aeadaa5fa67,true,ps2 textures\opaque\bp_remade,true,false,0,none,false,5,false
cap_face.bmp,4c1fa985899edd10f3fc8a3491fb1e1020fdc9e5,2c81a8ca5949d990ee1e4bbd67ed72424401ff3c,true,ps2 textures\opaque\bp_remade,true,false,0,none,false,5,false
cap_face_blood.bmp,eb4e5a27632969e2ed0d3d221e10ddd270c0dc2e,263e0d531b27cf79362aba218047a7ebf45b402b,true,ps2 textures\opaque\bp_remade,true,false,0,none,false,5,false
cap_hair.bmp,8ef6bcca2589d39d8ca201ffd8cdd360eb03b9d2,f068d277b2382ad23b6aa93ec2423d4598993e48,true,ps2 textures\opaque\bp_remade,true,false,0,none,false,5,false
cap_hair_blood.bmp,ed2e652eb8c482cf3c4471144e765432feb12801,56d455e3881f59414b716b74bd71818271665384,true,ps2 textures\opaque\bp_remade,true,false,0,none,false,5,false
cap_handcuff.bmp,f03cc4cfeed30aef0658b9de92cebfbb98c6e8bd,9747732a93d3b89796271df7a2ba0d9257e48fe6,true,ps2 textures\opaque\bp_remade,true,false,0,none,false,5,false
cap_insignia.bmp,bb7096a90b6ee3ebc5f91f07bcf495aaf48c1ec5,bc0be1cbd5d4bdcb89eb6bee1f50371472653f6b,true,ps2 textures\opaque\bp_remade,true,false,0,none,false,5,false
cap_insignia.bmp_430f42a59d786b5f3a33625879eca072,71cffa20a559b71eb66b9bed06e1657038d7a4e0,571799c137d5c704735dda35e82d64734e9dcce1,true,ps2 textures\opaque\bp_remade,true,false,0,none,false,5,false
cap_leg.bmp,b1fcf3879028da3987e9aa6ead18622ebdb1c3d3,5cffa1adfbfa3065e1915068ed4c6d782e6bb3a5,true,ps2 textures\opaque\bp_remade,true,false,0,none,false,5,false
cap_leg_blood.bmp,c6e879df4a9e469d3234cae7f1561625e5e9dbf5,691819e91a217169d6b511f17a5a0f93313ce65f,true,ps2 textures\opaque\bp_remade,true,false,0,none,false,5,false
cap_shoe.bmp,2f3da39878dd496beaeb9c612cdc18f0c8177342,f9edc9390421683d5a33fb4623bef9c5e92020ce,true,ps2 textures\opaque\bp_remade,true,false,0,none,false,5,false
cap_shoe.bmp_419c9cebb9385f6a2d7aefeb9bb59d8f,03ed37208090a282873f866c2d8bcceaaba2213b,3b7599065eddc65b4c288479ca7f3fccea12e61a,true,ps2 textures\opaque\bp_remade,true,false,0,none,false,5,false
cbx_a.bmp,ffe8f0d6f0a749a147d3cae8beb3c56cce5a2088,73154e403eb9cfa0b9520f998b3c77b27f71f515,true,ps2 textures\opaque\bp_remade,true,false,0,none,false,5,false
cbx_a.bmp_be89fab0e4f647837831c3734a72fc8f,a2b7a04a8c08bdbbb01a9fde9e87fb3bcf11cf2d,af788ae5707c541b97e35540c39ca17a6e5679c7,true,ps2 textures\opaque\bp_remade,true,false,0,none,false,5,false
cfr_trp_f2.bmp,0fd1a05460b6eae559210677cd59f36746441096,e22271d695896fcbe41f97760a38d859aeb0cbf3,true,ps2 textures\opaque\bp_remade,true,false,0,none,false,5,false
cfr_wire_alp.bmp,e22d3f3252dadd419e64ca2c2663ba80fad0f832,c3fa42f2bb55259545429fa5ec16a0e29f867a2a,true,ps2 textures\HAS ALPHA\bp_remade,false,false,0,none,false,5,false
cgr_head_f.bmp,12e25422d1aa11ac06be11edd3433fdbaa76bffb,62011dc5f5434f4f1a87fe0843e062ab97ac9b20,true,ps2 textures\opaque\bp_remade,true,false,0,none,false,5,false
cgr_head_s.bmp,2067efa3753cfe12a099678b8a0b12e289f469c0,d02bb1cdbed3e08f6b459eabdf2e2a9b695daf36,true,ps2 textures\opaque\bp_remade,true,false,0,none,false,5,false
cgr_head_t.bmp,bed84ddc28aa55678810dee1185f6c2400486ad2,1121ae29861e1022850711ad649a4ac4a0620589,true,ps2 textures\opaque\bp_remade,true,false,0,none,false,5,false
cgr_head_temp.bmp,3d2d7339272780e6346025c7be916d3ac03c294e,ed86083b12554f5eb7d8addfd5065166166dbd24,true,ps2 textures\opaque\bp_remade,true,false,0,none,false,5,false
cgr_lever.bmp,3549b85fc974958ee3784f52964238514d70de04,ee2b14be6601139e30e9f0561099fafc9e2007e1,true,ps2 textures\opaque\bp_remade,true,false,0,none,false,5,false
cgr_pin.bmp,b3974cf173fe801c2243901cc092461a047da0e2,7b462d3f6bf883af5af507164d221773ab4cc725,true,ps2 textures\opaque\bp_remade,true,false,0,none,false,5,false
chi01_alp.bmp,92d5d4102ecfcb00c8ed6576b110562724d3443c,5b345abf93e652ef226629558dbaff004061aa8b,true,ps2 textures\HAS ALPHA\bp_remade,false,false,0,none,false,5,false
chr1_01.bmp,25b42e47faf3f65f98218d0db57b9ed2430c4b6d,2bf96605ceb9a4691c767fe9c23eec661080d0e4,true,ps2 textures\opaque\bp_remade,true,false,0,none,false,5,false
chr1_02.bmp,cc94c0742bf35c792d5fb2d31c4d7599dd236d99,cc979044fa1ecc8d5e73d510345077fe69f12936,true,ps2 textures\opaque\bp_remade,true,false,0,none,false,5,false
chr1_02a.bmp,ba3132d799171047fda9da25f2e49e0035ddef75,aaf5cd23d192b5ad3c9eb172a10a5e7fe0b3d7df,true,ps2 textures\opaque\bp_remade,true,false,0,none,false,5,false
chr1_03.bmp,abac51213a534676eaeead57e4e0900195f86b7d,118e3f1a23fbed133592bb88966ff48b479f6df3,true,ps2 textures\opaque\bp_remade,true,false,0,none,false,5,false
chr1_03a.bmp,67867ffc10ae3d5129aeba63dcbb6cef05c17217,e4a6c0b211ce05dae8b35cc8fee44696cf5cd3b6,true,ps2 textures\opaque\bp_remade,true,false,0,none,false,5,false
chr1_04.bmp,fc13bfdea9c02448a54bbd435befc06dbefa65f9,357702a5cd408168b871fa0ed05d3f0e703fd966,true,ps2 textures\opaque\bp_remade,true,false,0,none,false,5,false
clnd00.bmp,8e89f7723cb1301a7f242f4e253836c1502a0591,97e3335e99693aa15bbc2d12dc0d00650a47444a,true,ps2 textures\opaque\bp_remade,true,false,0,none,false,5,false
clnd01.bmp,0b2a39aad01efbebd4572d63118b30faa2f976ce,e5ead784cfd9d4e429b863e9db39d363146aec7b,true,ps2 textures\opaque\bp_remade,true,false,0,none,false,5,false
clnd_cap00.bmp,72b343398b2c3fd95566c30d21850fe473765acc,528479cb10b31a7c472a809d2b2de8bf15a50bac,true,ps2 textures\opaque\bp_remade,true,false,0,none,false,5,false
clnd_cap01.bmp,ecb653bdd5ae4038008bfc1faa5825fb119a9041,5eb3b0981d289b9204a5e7e73bc424da7a2f05fe,true,ps2 textures\opaque\bp_remade,true,false,0,none,false,5,false
col_red00a.bmp,770942504c335191a489e4087e81d7e0ae8c9052,d6c0ecd7a4c9c6d8dbb8e47be28ff690c5faccc0,true,ps2 textures\opaque\bp_remade,true,false,0,none,false,5,false
crd_fa03.bmp,d0c6fc64e556a25546ccab1aa9ce2460e3d78b76,064caca036a139549cef04c2a71d471873720f28,true,ps2 textures\opaque\bp_remade,true,false,0,none,false,5,false
crd_pp01a.bmp,d20d4757ded6909a50a49f2fde1395e801ab4f07,0a5d2fab28ace6a35c9734228a630ef9b6014a0d,true,ps2 textures\opaque\bp_remade,true,false,0,none,false,5,false
crd_pp02.bmp,22ac3770983c86ee63e7c34d267c8b0e67d2c916,6810bcb5c8c3cdbb7d41c8b2ec80fce028cafae1,true,ps2 textures\opaque\bp_remade,true,false,0,none,false,5,false
crd_pp09.bmp,4ef8d86dde48320d33554ba5df459a61bf113417,804a33ecbda795ab2f6130b152910ab4655cb763,true,ps2 textures\opaque\bp_remade,true,false,0,none,false,5,false
crd_ppb01.bmp,b2b2305eaf1e2ea3ac729dff4ff238cdbcea0206,22d5b82ca2d327dc4343be2b9332658e2b07ac9e,true,ps2 textures\opaque\bp_remade,true,false,0,none,false,5,false
crg_arm_dead_re.bmp,542fd4ff61d3f5b9fb2227f07555b45475654128,e9ec618d34aa19a8a5984c8bee4e0155d0963918,true,ps2 textures\opaque\bp_remade,true,false,0,none,false,5,false
crg_arm_re_01.bmp,4e53e20e91acbc5c8a2322c19ffd261728f471b4,2ae9d83c0f8f686d893904be52cfcd8019817850,true,ps2 textures\opaque\bp_remade,true,false,0,none,false,5,false
crg_arm_re_sub_alp_ovl.bmp,7e296a05b2ca2d30868089eea0195bd5672a0e1f,9d9baacd5b0839cfd56815e0d033bcb0b29b3db1,false,ps2 textures\HAS ALPHA\bp_remade\no_mip_fixes,false,false,0,none,false,5,false
crg_belt_dead_re.bmp,c23cc6b182651c442a8e9250909ecb6dd923473f,8d19342853310c38f0edc6632c95014d6dba8d3c,true,ps2 textures\opaque\bp_remade,true,false,0,none,false,5,false
crg_belt_ovl_alp_emap_mod1120.bmp,bb38c9e010ed5de67be85ae6df1e510d90cd6b3d,a63aaa6cbbe3a51aebadc714f7dc2d7f9ba43047,true,ps2 textures\opaque\bp_remade,true,false,0,none,false,5,false
crg_body_dead.bmp,d29da81afda1bc31418a58c70a6075aabf9f9b0f,139e4e13b71c813a71e18ffba26c0ec8b4fb8cd5,true,ps2 textures\opaque\bp_remade,true,false,0,none,false,5,false
crg_body_dead_re.bmp,5583c24bc081dcadbf149f28378d297225ceaad9,8c9a6a2d84a60f9e31ad64b296668aa75122894e,true,ps2 textures\opaque\bp_remade,true,false,0,none,false,5,false
crg_body_down.bmp,4f468d6638ef8e2f4da47cadb2aa377da6780e96,baacf2df7395865ee81c90daa25668d8a78f28b7,true,ps2 textures\opaque\bp_remade,true,false,0,none,false,5,false
crg_body_down_sub_alp_ovl.bmp,5c1f08b99b90f1f18bd443951737eb587922958b,f7c374d6c2b779fbb06bcf03239ef8377ee5dc2e,false,ps2 textures\HAS ALPHA\bp_remade\no_mip_fixes,false,false,0,none,false,5,false
crg_body_ovl_alp_emap_mod1120.bmp,f0d890d59e4316053f7b31c88445d230d6a71099,9f7752a8f52c64459c635424c3bf15e923a1bfcf,true,ps2 textures\opaque\bp_remade,true,false,0,none,false,5,false
crg_body_up.bmp,626acad595dc868a33c11a7af0a2834c7d2387b9,25592a30ca1d449ffe5e25f365e6f3d7bba29786,true,ps2 textures\opaque\bp_remade,true,false,0,none,false,5,false
crg_body_up_sub_alp_ovl.bmp,cf2f611952897a74c1cff4f8195e0a54dda61274,9be9246c7ee2cd8d7e8bc1e98ea769c478907314,false,ps2 textures\HAS ALPHA\bp_remade\no_mip_fixes,false,false,0,none,false,5,false
crg_cap02.bmp,e44a6531159ae18a5a07b9dd9a0fe95de8f8b818,6fae7e19f1911fa842b3175f4ee1b0ced5717bba,true,ps2 textures\opaque\bp_remade,true,false,0,none,false,5,false
crg_cap_eri.bmp,559518fcc46204dcc6a64e22012906109191c644,327f84d9938ebc23f8882b45fcc17b37e7e4974c,true,ps2 textures\opaque\bp_remade,true,false,0,none,false,5,false
crg_cap_eri_sub_alp_ovl.bmp,ed0cc9ec05e1a746e3edc94c56125f59f279928f,c15dea84b2853a50b44d3b830707a4fecbfadc4f,false,ps2 textures\HAS ALPHA\bp_remade\no_mip_fixes,false,false,0,none,false,5,false
crg_cap_front_shakp.bmp,93c5c1caf43a2273a3ca32bc0357537f1bcc5708,c2e4c7a5b1d70d9cd76ea64f1ff2a510b1cb366c,true,ps2 textures\opaque\bp_remade,true,false,0,none,false,5,false
crg_cap_front_shakp_sub_alp_ovl.bmp,19c33066ca25e8d8bbb9e76c72aa5832349fc06a,1bf7615ff5138d021b98e0961e0003585de332ad,false,ps2 textures\HAS ALPHA\bp_remade\no_mip_fixes,false,false,0,none,false,5,false
crg_cap_side.bmp,909e0e1e8cd510dc68c023cf28439ab56dfefe4c,9af1b3e458e90cf1d489bfe82f298716d5f8c9aa,true,ps2 textures\opaque\bp_remade,true,false,0,none,false,5,false
crg_cap_side_sub_alp_ovl.bmp,edc29022b95a1a0a018146f7083715a9ba585954,6af7e31002ca33c29af079bea4709ee06befc837,false,ps2 textures\HAS ALPHA\bp_remade\no_mip_fixes,false,false,0,none,false,5,false
crg_eri3.bmp,7bf49bad2880f9ce66258d7a07a1944fc751d852,a0d64fa6deb741215aaa709647c353c4d6d08012,true,ps2 textures\opaque\bp_remade,true,false,0,none,false,5,false
crg_eye.bmp,fcdf80e17fb0069af25fb2a772cdc4697485430b,de18663101359a756a4622a98975ffb2d82dd920,true,ps2 textures\opaque\bp_remade,true,false,0,none,false,5,false
crg_face_dead.bmp,467f8a5e6b0e78b509aa05f3644e38d2853de3a3,e5069bee865eaeae6cec6ec67118ee98d1af5e86,true,ps2 textures\opaque\bp_remade,true,false,0,none,false,5,false
crg_face_dead_re.bmp,37337b50a31b490a7ec14ffb27f867d59b09823a,de8fca82f9b0478653c70845a41b6d36fe3fc823,true,ps2 textures\opaque\bp_remade,true,false,0,none,false,5,false
crg_face_re.bmp,1819e5c6e453358eca3c69ffc1cc3b939cd87f26,6b521a7f59e2dd4f07464a1364a521d7d892a785,true,ps2 textures\opaque\bp_remade,true,false,0,none,false,5,false
crg_face_sub_ovl_alp.bmp,adf3181ba86b87ff881c705d3344323e1164eabe,b851aee7ac140a6f0d5c0f6e6389dbdc3cf36fbf,false,ps2 textures\HAS ALPHA\bp_remade\no_mip_fixes,false,false,0,none,false,5,false
crg_face_sub_ovl_alp.bmp_0df6480b9e73a3dfae765c79bafb775a,196e8a0b7e0f539d64cf94fa9a27fcaca7843180,83e71d627b328e594cb5672f6a6d14638ae3b4c8,false,ps2 textures\HAS ALPHA\bp_remade\no_mip_fixes,false,false,0,none,false,5,false
crg_hair_l.bmp,166e58f8e033314a450cc2fa5bad188db6b909bc,f3713e75bc8ae1f96f8de4b20a91ff57291cae0c,true,ps2 textures\opaque\bp_remade,true,false,0,none,false,5,false
crg_hair_r.bmp,08a9797523b63bdea1de3efe8b49c6284f23561f,1423be36be23bb9faec3c94d8231f273795f6401,true,ps2 textures\opaque\bp_remade,true,false,0,none,false,5,false
crg_hand_ovl_mod1120_alp_emap.bmp,2a316d49adc286e24c03668fd1d8b2a9357ef7a5,6a6fc701d0ef371b6c1da6905fef4974d4042f45,true,ps2 textures\opaque\bp_remade,true,false,0,none,false,5,false
crg_hand_re.bmp,f07ec0bfc148f6e08eda9ee186bef0aa9e817bb4,99ec003487c80e738c4cc51f35de1991537d3d78,true,ps2 textures\opaque\bp_remade,true,false,0,none,false,5,false
crg_hand_re_sub_alp_ovl.bmp,12413d77b7ca4425d8a052e48a001786fb445dcc,c066902d5c9230a4f4edbeaa6c72dad9563e3949,false,ps2 textures\HAS ALPHA\bp_remade\no_mip_fixes,false,false,0,none,false,5,false
crg_hi_hf00.bmp,1d349aa82d25669c03889e68732636a69bd0200f,9407baee603c34a7ffeeccbe9d28a1fd507b647a,true,ps2 textures\opaque\bp_remade,true,false,0,none,false,5,false
crg_hi_hf00_ovl_sub_alp.bmp,3a234c8add4e3ec95e1d00b6d5ce3f8120f0a6f8,f93fda23088d0c9e3aeac70b9db99f7f48089502,false,ps2 textures\HAS ALPHA\bp_remade\no_mip_fixes,false,false,0,none,false,5,false
crg_hi_hf01.bmp,50d8563c5ac341b3c78316bc7054d85c053ed66c,e0fb4c4c53354d6fd36544df7406dd020913c178,true,ps2 textures\opaque\bp_remade,true,false,0,none,false,5,false
crg_hi_hf01_sub_alp_ovl.bmp,934025fc595edd72e4882882d40dcf5048b554bd,be05f2fb7553e2c0e4f4a333a9c24084311adc6b,false,ps2 textures\HAS ALPHA\bp_remade\no_mip_fixes,false,false,0,none,false,5,false
crg_hi_hf02.bmp,9e9f12614a69c39501bb7a0be97864e3788f5067,27785077b03b32f6487fa75a33375916b2412053,true,ps2 textures\opaque\bp_remade,true,false,0,none,false,5,false
crg_hi_hf02_sub_alp_ovl.bmp,72e0d37228303b2c45003d4e393db7cb0e9db24f,aad008280ed514e92c4538d35437e0f9b7482e75,false,ps2 textures\HAS ALPHA\bp_remade\no_mip_fixes,false,false,0,none,false,5,false
crg_hi_hf03.bmp,9a1fdbb567b66c7b767c03b21918e1b38eece30c,ff42fe820d90534095cdf52b5389f57eeb768efe,true,ps2 textures\opaque\bp_remade,true,false,0,none,false,5,false
crg_hi_hf03_sub_alp_ovl.bmp,69e956965a5906da26efe415240a37932421478d,da52242ce230b5dac47f5a8df50295e09aec1a4d,false,ps2 textures\HAS ALPHA\bp_remade\no_mip_fixes,false,false,0,none,false,5,false
crg_kata.bmp,1fcb11aac8542e10dce688b9cf9e5120df08f015,687af3b483d6d9ede182ad04364245c42830cc18,true,ps2 textures\opaque\bp_remade,true,false,0,none,false,5,false
crg_kata_dead_re.bmp,b5e1a9140d3c6a4d6b2f1e3a4758bf11dee38cb3,d576782cb920a123a15a855384ec1bdcb464b3dd,true,ps2 textures\opaque\bp_remade,true,false,0,none,false,5,false
crg_kata_sub_alp_ovl.bmp,49ade17e95451a1606e09fd167cbe139d1649929,c1343a7e410cd627f5e5fa3118f77701043952bd,false,ps2 textures\HAS ALPHA\bp_remade\no_mip_fixes,false,false,0,none,false,5,false
crg_leg_dead_re.bmp,58c365d481a284122ffdd1f8751fc8e014d3fbae,c582814a41f1f82fe4de6eff4d8cb7c39401e723,true,ps2 textures\opaque\bp_remade,true,false,0,none,false,5,false
crg_leg_re.bmp,da60cd966f0fcdad0a8d431a9f2e7dab153432d2,94efc7dc1cda6b8070ed5f30113bc00d0575536b,true,ps2 textures\opaque\bp_remade,true,false,0,none,false,5,false
crg_mouin.bmp,b5359c6f8413f44e37f1c19acc70b1f579aa731a,afd672eeedd6832baeee326e7f65e7063624fed6,true,ps2 textures\opaque\bp_remade,true,false,0,none,false,5,false
crg_neck2.bmp,9b6858c16c6595519e2a9442fd06028a516274d2,6c3b808bef852c9f221270864e026fba15835647,true,ps2 textures\opaque\bp_remade,true,false,0,none,false,5,false
crg_p3_fro.bmp,03fa1b7d3f4c449c2951dd4cb4b5f116cfb7606e,3e5f43b0be4b390de404f9393f721c812d1eb84f,true,ps2 textures\opaque\bp_remade,true,false,0,none,false,5,false
crg_p3_side.bmp,735d655577062a74a6db8b5eccd67b90301511fa,101df122c717df686a7fa55460b063917987d76c,true,ps2 textures\opaque\bp_remade,true,false,0,none,false,5,false
crg_rapelsate_8bit.bmp,dab4bbe9edbc69ed50e31b1f2b9e01e87e995971,29515a155cf3693663ee4e4ccae949aae737cb5e,true,ps2 textures\opaque\bp_remade,true,false,0,none,false,5,false
crg_shues.bmp,badb948823bcfee2dbeb8eff9568094865dde6ee,8a73c4f4249885c4c9969012ce404a5ac6a54252,true,ps2 textures\opaque\bp_remade,true,false,0,none,false,5,false
crg_shues.bmp_19fd13d78ac0caa8f35b065ffa50fd18,76657cc3c8e843c3e9edfacb4d455222413a84f9,b4df2d7e1929622464a7b2a7aa82534a2d48db3f,true,ps2 textures\opaque\bp_remade,true,false,0,none,false,5,false
crg_shues_sub_ovl_alp.bmp,7e24515b79612968ea5584256b657ba7af6e9408,e9afb8703e51280768e1bf375328be87a4b74d65,false,ps2 textures\HAS ALPHA\bp_remade\no_mip_fixes,false,false,0,none,false,5,false
crg_waistbelt.bmp,6e9663fb81f02b78b00dd03267ddec06010ca63c,8eaf88357a4949cadd21d30237fd74a434cf1e59,true,ps2 textures\opaque\bp_remade,true,false,0,none,false,5,false
ctl_panel01.bmp,999dcd555ec23e86dec2d614537ede25b734365a,9802032eba4a216f4247b443716521b1ebb0c5da,true,ps2 textures\opaque\bp_remade,true,false,0,none,false,5,false
ctl_panel02.bmp,da3874c789947661731a5a8f2f3a7e9dcd673ad3,2972db256b358db2a2891a7b5b242623af7d8afb,true,ps2 textures\opaque\bp_remade,true,false,0,none,false,5,false
cyp_body_hg.bmp,435d488496da09402b6fa992d77b7e6d4082f4d5,f0ccf28e717edb1721d512cf6e349a84b9327485,true,ps2 textures\opaque\bp_remade,true,false,0,none,false,5,false
cyp_face.bmp,542cfc186fef5eb516683d9f3445ba731cb06738,afdee9d9e685a897c3fd01348d38d3c7bb1fabe1,true,ps2 textures\opaque\bp_remade,true,false,0,none,false,5,false
cyp_head.bmp,fcaa39ae424f0c55f3c7a21a0cc05a51af920508,5c926fcb6ed56456ac7fab4c978e3d58d9e77c40,true,ps2 textures\opaque\bp_remade,true,false,0,none,false,5,false
cyp_lens_rgb_alp_ovl.bmp,730957fbf7aa42a235d27660bc978b2001418aa1,276077eae1eafc7c607dd2541cd1a3853d6c29e0,true,ps2 textures\HAS ALPHA\bp_remade,false,false,0,none,false,5,false
cyp_temp_tx.bmp,efd806260b3f98245e11a9bf644ca45f98555c1e,d73db4581f65b5092a486cd854ba62a99c98a265,true,ps2 textures\opaque\bp_remade,true,false,0,none,false,5,false
d00a_hodou_t1.bmp,d38d3bffd750fc9099bf5f3e9beedb38c0f1784d,64154e5dc4a1d59d4f6781b1a96cae80294e52b5,true,ps2 textures\opaque\bp_remade,true,false,0,none,false,5,false
dbg_gbox_f.bmp,b68c0a94970a099f930ebbd68ba7b4f901a8d9df,8a901d82179c151308b3340ed20940d84d49540c,true,ps2 textures\opaque\bp_remade,true,false,0,none,false,5,false
dbg_gbox_s.bmp,dfa57deb12355a5bfd58672d3c2223ae675c7d07,a866a95654942d6177851c1dc406b79b3ecbf8ad,true,ps2 textures\opaque\bp_remade,true,false,0,none,false,5,false
dbg_gbox_t.bmp,1a2117929429de9d6f4edb81ad02f20ca2689f77,2fdcd5b2cd5cb60d7e378e633696f68e7650c613,true,ps2 textures\opaque\bp_remade,true,false,0,none,false,5,false
dbx_tnk3_msk.bmp,47a7690bdc13cad1ea85b27c0fd2cf98830a774d,8b7a8b130a3b2ef3508cb862a12af021fe247fbe,true,ps2 textures\HAS ALPHA\bp_remade,false,false,0,none,false,5,false
demo_usp_supressor.bmp,961df9db287f0e744e12f5885b845f105c31094d,3e9ee6aafd8e11998a50c7450ec55071c8fdd4c1,true,ps2 textures\opaque\bp_remade,true,false,0,none,false,5,false
di_ki_bu.bmp,9b8f60b990acb5bbee4e75d3b0c7127844f70d14,d1dca6336796f482064ff9de0f3555633d482b83,true,ps2 textures\opaque\bp_remade,true,false,0,none,false,5,false
di_wall1_da.bmp,612e7b03e998936651a1a397ac08849be41b3cd2,41780f9cd7764de6a43d81af0e92577092674fbe,true,ps2 textures\opaque\bp_remade,true,false,0,none,false,5,false
di_wall1_up.bmp,f59a79c7f6e04e790f77f1b1728d7c94eada48a5,ca0d758c43d2061c52198ef6cddbf2eb7860ecf5,true,ps2 textures\opaque\bp_remade,true,false,0,none,false,5,false
dinyukafuta.bmp,7c96a5e7333c97d8e5288f21bc99bd1ba97617f4,b5eb45fbf8d816c7b35b39d36205d2917ad591a6,true,ps2 textures\opaque\bp_remade,true,false,0,none,false,5,false
dinyukafuta2.bmp,a1b31f4e49f8c27feb30018307431bc935a7f716,0c77864e405309832cadd043c2d7c44d462d5735,true,ps2 textures\opaque\bp_remade,true,false,0,none,false,5,false
dmp_sb2.bmp,7d16f86674a5fb8366dabf32a038da80abc4a7cc,bbe5931959a516e5b159dacf4d1826322155ee9d,true,ps2 textures\opaque\bp_remade,true,false,0,none,false,5,false
dmp_sb2_box.bmp,30cbd345ea95c61050bcccd7b5c2d26428c3ca52,cf963816d212d31b959686227c08e3b9b4d62897,true,ps2 textures\opaque\bp_remade,true,false,0,none,false,5,false
dmp_sb_body.bmp,5e7503a7173354431b6fc7783529b65493f7565e,b7b7b407151f734b169dada2aec2f73ce0a6a789,true,ps2 textures\opaque\bp_remade,true,false,0,none,false,5,false
dmp_sb_grip.bmp,101c2236e330990e61add46701fcca1b6a7e66ac,557b437b203b3ab0dfac6779c5b2d10a59ff712c,true,ps2 textures\opaque\bp_remade,true,false,0,none,false,5,false
dmp_sb_mc.bmp,6325cef303691625650da9507461b6044f830635,bc908f4ef2756ec92ef6fd66d272bc7687606650,true,ps2 textures\opaque\bp_remade,true,false,0,none,false,5,false
dmp_sb_mc2.bmp,68d54de4112e5c553ae338e0085c7d9036be4895,48bbd98ca04113c1982cf5724a70a7a8da7ee2fb,true,ps2 textures\opaque\bp_remade,true,false,0,none,false,5,false
dmp_sb_pi.bmp,9f2239bb87a1e230f75e9d87bf6bb09dc9012e07,388a2a4f0f3a6071bcaba6a32251666d1c0d3180,true,ps2 textures\opaque\bp_remade,true,false,0,none,false,5,false
door_afl00c.bmp,2fab8a6fdaba483cb44ad31788fa1c5fd820cdec,4e443f25111ff34c25754f0ba21024da0de978db,true,ps2 textures\opaque\bp_remade,true,false,0,none,false,5,false
door_b00.bmp,beda68811c4bc0a370a93c7a1a578d50175d1dae,ff3e67a68c15f3f8a6c8147eabcb2f01845acaae,true,ps2 textures\opaque\bp_remade,true,false,0,none,false,5,false
door_bfl00.bmp,70e790b3740449a3825bfdab61dd014cc15aa64c,d1de2817bb844de5c821c657f22bf736c5de5a5e,true,ps2 textures\opaque\bp_remade,true,false,0,none,false,5,false
door_c00.bmp,4ba91fc2562fbb547e43d1925f092f9846822184,bd9e85e11c61da9655dcd7bc008b377352590588,true,ps2 textures\opaque\bp_remade,true,false,0,none,false,5,false
door_c0017.bmp,d79a701c0859f07ba466dbdf0f485c319cb9b84a,e59af32bab6cc4262c00f70eff0ab23e0b63a0b2,true,ps2 textures\opaque\bp_remade,true,false,0,none,false,5,false
door_d00.bmp,650ff61808de762800e0fd1f5a92dd832a2c3a13,db8641d5f12202ae6f7688dc6f58554542f2b246,true,ps2 textures\opaque\bp_remade,true,false,0,none,false,5,false
drlit_02.bmp,1178864a8a202ff685720624c982d50fe31917cf,5c615d070576bbd050cefb9adadf9e36cc05cf20,true,ps2 textures\opaque\bp_remade,true,false,0,none,false,5,false
drlit_02a.bmp,84456529576718a15b17c95f1e4bdf71c13fc06d,ca695e2e10a998e0453c36a65c0cc2efe60a5e08,true,ps2 textures\opaque\bp_remade,true,false,0,none,false,5,false
drp_00.bmp,79047533f4bbb8aeac79366ea27f43a438e1b5a5,bf6db98c6833fc89d067ce572f7cb1d39a85a3d6,true,ps2 textures\opaque\bp_remade,true,false,0,none,false,5,false
drp_00b.bmp,879cfdf23fa370697f25d5565803d785d7dbd0b7,3c36d86f721680b39f6827874569401fc8f65ca4,true,ps2 textures\opaque\bp_remade,true,false,0,none,false,5,false
drp_01.bmp,615804c9e2968b31ffbc9cbf2da89bddadb65175,11bbe037f4ec60dada95719749d5cbc290b5fd8d,true,ps2 textures\opaque\bp_remade,true,false,0,none,false,5,false
dtdv_side_01.bmp,dec54b37a7afeea1036fe600ee9c0725e6b79158,d7c1562204a06d36b7950d1bfa5e65ddc4e3955c,true,ps2 textures\opaque\bp_remade,true,false,0,none,false,5,false
elv1_flr1.bmp,c1b700b4dfe22e6b71394542dbf2dbc77fba2af8,da86ebac8cab16e5d374afe5976ab5a5f662470e,true,ps2 textures\opaque\bp_remade,true,false,0,none,false,5,false
elvt_floor3.bmp,06e9b6c9a867b60de9ac9d7ed3980f57ca97a181,e4dc309ba52a95f24b829e9286ba336bdf4fcb47,true,ps2 textures\opaque\bp_remade,true,false,0,none,false,5,false
elvt_floor4.bmp,93a0d624321f9639a1b4a850930c6ae3a485cae2,429034a2617642f82022554c32fc362c13fe7993,true,ps2 textures\opaque\bp_remade,true,false,0,none,false,5,false
elvt_floor5.bmp,2049b865a818254e8a42c463bcb49dc929d2e803,116d78584a55c1a05ccdf24bb63f306541240e94,true,ps2 textures\opaque\bp_remade,true,false,0,none,false,5,false
elvt_nwall3.bmp,64edd673b11608d77142af07a455d1d535ebbf4a,45b239a4969387a26024fc2ddf28d5979f4e17c3,true,ps2 textures\opaque\bp_remade,true,false,0,none,false,5,false
emt.bmp,11f47f1e122c03ad643b4ea18eb71a126b49c7b3,74f621819c614141626e2bba5531a9e12a1d15c7,true,ps2 textures\opaque\bp_remade,true,false,0,none,false,5,false
eyes_kyoro.bmp,6b9b2cd2106fef35c35f7ddbbd8823a6cc99bdc3,e8be6e43b7928e7eed174774a442ad98398634d0,true,ps2 textures\opaque\bp_remade,true,false,0,none,false,5,false
fat_allarm.bmp,72ad486b5c0e41cb8c520f2920543cb8a6dc1a00,e406469e22c85b841bf5c61ce5a763d803fa25fa,true,ps2 textures\opaque\bp_remade,true,false,0,none,false,5,false
fat_allarm_st2.bmp,7fca08744684bfd1334081a536ca2f14081f288a,78a4aee67a885750dcca561cde6c84bdd8f84ca3,true,ps2 textures\opaque\bp_remade,true,false,0,none,false,5,false
fat_allleg.bmp,fa70c653a803e80ba32f6d517c2be76fec2f1313,a653294bcd3d5ef5e21f74e51c585b54f6d0eddb,true,ps2 textures\opaque\bp_remade,true,false,0,none,false,5,false
fat_allleg_sub_ovl_alp.bmp,c6e178c7e874b24771e236cdfdd5de1c91843018,67aa9ddee2a4139dbed84ab116e7d460ba9c6fc8,false,ps2 textures\HAS ALPHA\bp_remade\no_mip_fixes,false,false,0,none,false,5,false
fat_arm_belt.bmp,ac1d571e16c50badf3e74ea37e29e9290ffbd07c,d2ddcf0b4991357d9c28a1688d6270ec99dffa23,true,ps2 textures\opaque\bp_remade,true,false,0,none,false,5,false
fat_arm_sub_ovl_alp.bmp,c0de578d44bcd1edd54ee6cae5ee12f73382b1b8,de9fb6b28bb85538a1691070558f1e2f99e46403,false,ps2 textures\HAS ALPHA\bp_remade\no_mip_fixes,false,false,0,none,false,5,false
fat_belt.bmp,35c132d3fbd19deb27c614012a9bcad6c34498f3,21d9a164336b1c66c2969c31a07d44af0b42c387,true,ps2 textures\opaque\bp_remade,true,false,0,none,false,5,false
fat_body3_sub_ovl_alp.bmp,449302c609d65962f7642d8d4c5ac3f5250f2189,62ff284bd91a06689b0456914401df5e5b3687a0,false,ps2 textures\HAS ALPHA\bp_remade\no_mip_fixes,false,false,0,none,false,5,false
fat_calf.bmp,6a379fad56183e9c24bdfaa2c2454e7b9a490aec,3de475b90358c0560f8ab64231d3991f7b97315a,true,ps2 textures\opaque\bp_remade,true,false,0,none,false,5,false
fat_calf_sub_alp_ovl.bmp,86434abac36ff8b6cdd5a3d0899e9dc1f2278836,b9222b5eaee81bd5c7ef965ebb360cd946ad6665,false,ps2 textures\HAS ALPHA\bp_remade\no_mip_fixes,false,false,0,none,false,5,false
fat_ep0_sub_ovl_alp.bmp,7b4fcef861bdfe776752841b4f7d1f6ea008b5f4,d6c89d2d1f32d4b1eb571d6a0d3ce679b1564707,false,ps2 textures\HAS ALPHA\bp_remade\no_mip_fixes,false,false,0,none,false,5,false
fat_ep_re.bmp,f77eb9b76ed5d2dd62f4b39ad80fe0e5f1c87036,6399e435fce76721072c894eeef2c9909411c007,true,ps2 textures\opaque\bp_remade,true,false,0,none,false,5,false
fat_epron3_ovl_alp_mod1120_emap.bmp,8ba865e22677426779a46184a05f337914473f08,4a1e9c46d4099f07ca9717045152b51c06ca5541,true,ps2 textures\opaque\bp_remade,true,false,0,none,false,5,false
fat_eptes.bmp,8ee42279350cbc26c44288225467bcafecd28e37,f71b8ff747f029d5e2417b861857ccf0be0bde59,true,ps2 textures\opaque\bp_remade,true,false,0,none,false,5,false
fat_eri_back.bmp,c93d8b6b34551abbd423f7ab9b5fbbb1ddcbf7af,da20e7edf4841381f9bbd69ccc12f4cfc6b0de05,true,ps2 textures\opaque\bp_remade,true,false,0,none,false,5,false
fat_eri_back_sub_alp_ovl.bmp,16c1f05806ed11d21db75f9529f548e783d1304c,de899124e32fa68ee2da19f571931d8e74a51f65,false,ps2 textures\HAS ALPHA\bp_remade\no_mip_fixes,false,false,0,none,false,5,false
fat_eri_front.bmp,1dee7aacfba2fc781f26b7cdd6b58f13d5c8e6cd,effbc9cf8d6f54a8ba574e16ae87e972925e4aec,true,ps2 textures\opaque\bp_remade,true,false,0,none,false,5,false
fat_eri_side.bmp,c1fd95c0d75ce1830c0ff2b8f27dd60a0ac2e59d,7c25a36f0ac92b9fab2144336698fd9ac9a853bd,true,ps2 textures\opaque\bp_remade,true,false,0,none,false,5,false
fat_eri_side_in.bmp,4b174f7db862c08059df4acb8b489a7951d94b40,5cd25f64d73f793fb3ab8fa7fb2b428b9fd2dcba,true,ps2 textures\opaque\bp_remade,true,false,0,none,false,5,false
fat_eri_side_sub_alp_ovl.bmp,02c64b9cf8dc47fc91971399056af5e6bc1b1ffb,2d41a7ffb78e6e07a868a9f651600251c83ca37f,false,ps2 textures\HAS ALPHA\bp_remade\no_mip_fixes,false,false,0,none,false,5,false
fat_eye.bmp,307efc74fe927bd5d23757d1a07336cdb4040eb9,bafc2ec15747900d31e75ff22f16226eac039088,true,ps2 textures\opaque\bp_remade,true,false,0,none,false,5,false
fat_eye_re.bmp,8887a2907b215ea92e5646ab2832fc2574e9914a,1ac34501235c69b99471734c1ab49916318e7972,true,ps2 textures\opaque\bp_remade,true,false,0,none,false,5,false
fat_eyes_ovl_sub_alp.bmp,8b7f004dd4778160930412bde951ccc7b1b815fa,5af2d1f9170f12dffe652339f02d149bafc9d82e,false,ps2 textures\HAS ALPHA\bp_remade\no_mip_fixes,false,false,0,none,false,5,false
fat_face.bmp,1a24c16481489e08f06eed70bb95440f552800c7,6959c071a1dd8c0dbe3d22ee311908e784ef07a2,true,ps2 textures\opaque\bp_remade,true,false,0,none,false,5,false
fat_face_bmap.bmp,5cebe13382476d7f620359405ca40484e6124056,b4cc07fdb20f123fe7f02519e65c936aaafceeed,false,ps2 textures\opaque\bp_remade\no_mip_fixes,true,false,0,none,false,5,false
fat_face_re.bmp,99d3f65ba94d166e02944614c0c2bfed0c1d8ccd,797530a1e1a02152a1b159b516f8ce095eb8d8cb,true,ps2 textures\opaque\bp_remade,true,false,0,none,false,5,false
fat_face_re.bmp_a65902de0116b1a4ce6a1647e832d293,04772807f2483bafad27bbefe79995af81506657,1ed1060532d0065d9207d0c5a1271336442b4114,true,ps2 textures\opaque\bp_remade,true,false,0,none,false,5,false
fat_glg_hlst.bmp,206b8c512be0b1c5eb4c54166b3b1c45da874809,b2c9953649d2f55a547e5941b87f18b1480fd207,true,ps2 textures\opaque\bp_remade,true,false,0,none,false,5,false
fat_glg_hlst_side.bmp,20b21f7f8218211a0f8d239125711b8f1daa145d,364ff99a9043af0875d9d3fdfdd21010de277c4b,true,ps2 textures\opaque\bp_remade,true,false,0,none,false,5,false
fat_hand.bmp,a9cedc5ded2f066c49cd62fa06bcfedf66d4a9ce,f14240cf765ae2b35f56d7275ed1fda0983c8297,true,ps2 textures\opaque\bp_remade,true,false,0,none,false,5,false
fat_hand_alp_ovl_emap_mod1120.bmp,1b87a3d81fcee4d7c0371726ddd9da62e1399f2b,ea6ad529e92a79adbfb30ae026ec1ab9623f1c10,true,ps2 textures\opaque\bp_remade,true,false,0,none,false,5,false
fat_hand_sub_alp_ovl.bmp,f14cf69bded2e6db1c54bbfa182add8d90b22d4e,d48b8ca1c41f937a372d90686ecd1941be5ca46c,false,ps2 textures\HAS ALPHA\bp_remade\no_mip_fixes,false,false,0,none,false,5,false
fat_hi_finger.bmp,e7bd4fc33d7b0b7fd1899e13eaad1b21e461ce65,7dceb9191375082c13ab950337f8739fbaafe2f6,true,ps2 textures\opaque\bp_remade,true,false,0,none,false,5,false
fat_hi_finger_red.bmp,37684d3cf51c2e68446737323342863df31e045c,a7106b36cb128454a22caa2ab879323ab6201f5e,true,ps2 textures\opaque\bp_remade,true,false,0,none,false,5,false
fat_hi_hand1.bmp,69c0e84fe666816b27e83019df1663fabaa32578,a46719c554cb76d4c855f5063ce8aca96de3f8c7,true,ps2 textures\opaque\bp_remade,true,false,0,none,false,5,false
fat_hi_hand1_bmap.bmp,292de3057d938c02433bbd48d44bfe54e415a37f,9668a97828a919e9aac20168e7f339c6cb52ea0a,false,ps2 textures\opaque\bp_remade\no_mip_fixes,true,false,0,none,false,5,false
fat_hi_hand2.bmp,36d4865b8c593efb7d171bdef5b496c5f03c4f3c,bdf05f0e46db84ccb2d2299bd693e216afd8df13,true,ps2 textures\opaque\bp_remade,true,false,0,none,false,5,false
fat_in.bmp,ff2823bdaf3b9ee6482eb414616ebcd9179880b3,00213e014954f03dd445c193e3a988094c5c7980,true,ps2 textures\opaque\bp_remade,true,false,0,none,false,5,false
fat_in_eri.bmp,402832082f9dd26af47afa21a8086fac5fcb224a,1fddd69ce57e01c42e8ce12cf0e124f24f0c3b6a,true,ps2 textures\opaque\bp_remade,true,false,0,none,false,5,false
fat_in_eri_tome.bmp,d822f1afb3d11d334b9b92ba0c561ebbb80ba0a7,a8785fb70ea463374ec11d8e2fa76d1456a388e7,true,ps2 textures\opaque\bp_remade,true,false,0,none,false,5,false
fat_larm_belt.bmp,85890c69501444dfb086fdf771f73b26afba4432,3af85c50c9ed15f2e2eefad3e0e8dab2204893f4,true,ps2 textures\opaque\bp_remade,true,false,0,none,false,5,false
fat_larm_sub_alp_ovl.bmp,29a09a52567e60f2c14bb84b9d05909b261b8142,1ae59e8a214d74c7267ab81bbc4d897f76821f9d,false,ps2 textures\HAS ALPHA\bp_remade\no_mip_fixes,false,false,0,none,false,5,false
fat_mtg_alp_ovl.bmp,5cca22fcc90b7c475d918a38194a585d93675e93,712f29a67e361c6714930ba494268767e68f6f2a,true,ps2 textures\HAS ALPHA\bp_remade,false,false,0,none,false,5,false
fat_ooze_blood00_alp_ovl.bmp,4e2c13ec2bbe3bed466f00cb982cca456dd32012,dca9e3e0647ff0b1f175cd8367eb40a6d2f9cc06,true,ps2 textures\HAS ALPHA\bp_remade,false,false,0,none,false,5,false
fat_ooze_blood89_alp_ovl.bmp,d6df1c6c2e2d94862ca03bad3733996c2dbd072f,07259f03c1b96eb1633fe7adaff7da9aa719ddef,true,ps2 textures\HAS ALPHA\bp_remade,false,false,0,none,false,5,false
fat_pias_alp_ovl.bmp,2a1b04782658b77ee8ff21c83f5f61b43a637ce1,c84a441c112e8d1102199f717c196ff8137f7dc4,true,ps2 textures\HAS ALPHA\bp_remade,false,false,0,none,false,5,false
fat_pias_alp_ovl.bmp_49150a74dd0fd7cd13ca0f60cd40eca7,1fe9fb4381d4bc6626167d915cc1c4e814b92e1e,ed70244708837caf0c1969b6c414aecc046d4374,true,ps2 textures\HAS ALPHA\bp_remade,false,false,0,none,false,5,false
fat_poket00.bmp,43036dea3c3a2bbab1b9e4be8970dc048ba7697d,625d8849c3cd8d005de9d88d35f1018fdbff924f,true,ps2 textures\opaque\bp_remade,true,false,0,none,false,5,false
fat_poket00_re.bmp,3c25506d1c5b4f700df79709e06e73e741517646,aa43e3af58f20ebd548df04c0e9767ef18c0798f,true,ps2 textures\opaque\bp_remade,true,false,0,none,false,5,false
fat_poket01.bmp,afa764de3399baed48814b6fad1545203b284cae,fe17363d77151c000e83bebb123947175eb20fc9,true,ps2 textures\opaque\bp_remade,true,false,0,none,false,5,false
fat_poket01.bmp_fdadb254bd6a0857d5c232a10b14c8ff,80ca8d790454f558f579f2fbb0bc9a146aec52a5,f57473bf89e5942ccbbadf5f6b4d180821a80eb9,true,ps2 textures\opaque\bp_remade,true,false,0,none,false,5,false
fat_radio.bmp,a0b9b3a6e3e3b01c10ae5925b072ef5485686acc,ace71b0f081a57fbe1a743e35d1807eb7c89e11c,true,ps2 textures\opaque\bp_remade,true,false,0,none,false,5,false
fat_radio_sub_ovl_alp.bmp,2be68a010381658d955cb9d506f589e2051f3425,473ce5435015f096813364fe6eca4f6c14b1d9a0,false,ps2 textures\HAS ALPHA\bp_remade\no_mip_fixes,false,false,0,none,false,5,false
fat_rolar.bmp,34d290d78df9a944290208fa8306ece5fe42bf0b,e2efaf84bdaae7ed11820bc12e9a5741f1a448bb,true,ps2 textures\opaque\bp_remade,true,false,0,none,false,5,false
fat_rolar_flame.bmp,542eb7a9de535b3bab943165435558a48b515686,036f41a522e59d8f3c41177eefc63abacaf82281,true,ps2 textures\opaque\bp_remade,true,false,0,none,false,5,false
fat_rolar_hoir.bmp,ca1c8435d7dc9139531675d7e8d9d21de191df18,86d2a2199e89ffcd0fd8faa6541b23a8d19f0ebb,true,ps2 textures\opaque\bp_remade,true,false,0,none,false,5,false
fat_shues00_sub_ovl_alp.bmp,124c1898ddbbd4dbe53c9190818ae8e672c131ef,516dff713bd248fed1a61dc2d661f1a7c7f49ff6,false,ps2 textures\HAS ALPHA\bp_remade\no_mip_fixes,false,false,0,none,false,5,false
fat_shues_ovl_alp_emap_mod1120.bmp,4c82851f38b774662ab0bf2077e82b3a0492ac6c,27b7618d44eee24ec489c4b004f8185b15f4f39e,true,ps2 textures\HAS ALPHA\bp_remade,false,false,0,none,false,5,false
fat_strow_alp.bmp,0eb83c959d7b65be4cc460e52590df55385f675e,0e8d889f0216096819b314025410964b3ef0d9d6,true,ps2 textures\HAS ALPHA\bp_remade,false,false,0,none,false,5,false
fat_strow_col_alp.bmp,fbcff839f01b471ec122aff2d038a2bcdee4f3c6,9275ac66af14d456a97f944a4aeef9856dd6ae1d,true,ps2 textures\HAS ALPHA\bp_remade,false,false,0,none,false,5,false
fat_suit_re.bmp,ae23898be8bb6cb3742351fea38c09bc631837b8,8e664501ba581813976267c6771f4de0d0f7e686,true,ps2 textures\opaque\bp_remade,true,false,0,none,false,5,false
fat_suits.bmp,43cd4079010667a958f68ac3d5ec0a55b24b698c,3807410654fd8eb7f525874ba8128509aa0d280c,true,ps2 textures\opaque\bp_remade,true,false,0,none,false,5,false
fat_suits_kat.bmp,4946d853a481a13c04a235eaa78d1f455e33cc57,96a4cdcc49dae03159d561da9eb2f17dfa4c803e,true,ps2 textures\opaque\bp_remade,true,false,0,none,false,5,false
fat_suits_kat_sub_alp_ovl.bmp,90109df8bbf7e28b93aa2ad99bf405c7e80df8ee,55ffcfc9b76aa088cae5920b8166c95720af068c,false,ps2 textures\HAS ALPHA\bp_remade\no_mip_fixes,false,false,0,none,false,5,false
fat_suitstes.bmp,40848176ef4040ea317afabe0fb7736e0a8a4fcf,b258d4b0d551366dd1a047ea37aa9ec8c434541b,true,ps2 textures\opaque\bp_remade,true,false,0,none,false,5,false
fat_tang.bmp,1c13ecddc73ac41afe89f30adf0ffabbf7652797,8900c6bd30cf7542bb28e7f58909037c272d604f,true,ps2 textures\opaque\bp_remade,true,false,0,none,false,5,false
fat_teeth_u3.bmp,cdc7317f2612b1c40fced097cc7a495df64cd7fe,9908b346b76f24a5def9f2baaf4d85f5e628ac54,true,ps2 textures\opaque\bp_remade,true,false,0,none,false,5,false
fat_waist.bmp,dab5ad2dc9514b31e82a427d6b39e00ead8751cf,303f9669884c4cf918c2f492ca7f1125201c6689,true,ps2 textures\opaque\bp_remade,true,false,0,none,false,5,false
for_arm.bmp,ea923359bae29bf0fa936312ec7a699321906c5d,bc03b2b968b7a67210fad7ec4150b69156debfa3,true,ps2 textures\opaque\bp_remade,true,false,0,none,false,5,false
for_b_ovl_mod1120_alp_emap.bmp,47e18a2ba1a7f4053fab6d04c71b13163773e261,7f71efebfd595cbae0861a139ba97f8e0c03cd4b,true,ps2 textures\opaque\bp_remade,true,false,0,none,false,5,false
for_belt_shoulder.bmp,89dae5aa9036a0453d529ad00c85c3e5915fc3b4,fd629597db734621a1a75bf47590ef5b0d329943,true,ps2 textures\opaque\bp_remade,true,false,0,none,false,5,false
for_belt_weist.bmp,b16abb5cfb161a9628f102c097654557d4679fda,8db55f2a2b6e4cf359eb6d960a33ec8ecf084321,true,ps2 textures\opaque\bp_remade,true,false,0,none,false,5,false
for_blood_face_ovl_alp.bmp,a21f3043701384a82bc88add8c7e5702c65c1bd0,c106d3c3b48a271d1115dcfcecc71132981f6089,true,ps2 textures\HAS ALPHA\bp_remade,false,false,0,none,false,5,false
for_body_ovl_sub_alp.bmp,d4154071085fee976a877a685abe1caca606ef88,cbcc7dad67953d3d71619c4097248eed03e70e90,false,ps2 textures\HAS ALPHA\bp_remade\no_mip_fixes,false,false,0,none,false,5,false
for_body_ss.bmp,6033964ebc0a63e7aed28cd5fad951f367bfedb4,7bf74896de2449d97e276c62fcac8e4b9bb8f88b,true,ps2 textures\opaque\bp_remade,true,false,0,none,false,5,false
for_boot_bot1.bmp,72341d5b4123ca31a70f9dd78db0838d9ac16cd0,f16b433ae9a9470b4f2404a661f00ee42ff877c1,true,ps2 textures\opaque\bp_remade,true,false,0,none,false,5,false
for_boot_bot2.bmp,64bfad285235a93d97ec601b23005c66cdebc774,6205c66f161f027300751549790479ddb506ff35,true,ps2 textures\opaque\bp_remade,true,false,0,none,false,5,false
for_coat_body.bmp,c32002b202bdb0a0d69bfce6a4c60183f6f2cef8,cc43d878877788e51086517d0608fd13b513fc8e,true,ps2 textures\opaque\bp_remade,true,false,0,none,false,5,false
for_coat_eri.bmp,6a042dac7ebb1a84be5095455b4647d6a177fab8,b8b2124a467c269148d4841a374e007d8ffb7e5a,true,ps2 textures\opaque\bp_remade,true,false,0,none,false,5,false
for_coat_eriin.bmp,248a544da9c959a7e6c217dbbccbfb179cc317ff,2a733e919289080859cd5d348c7331d288d56c09,true,ps2 textures\opaque\bp_remade,true,false,0,none,false,5,false
for_coat_sling.bmp,13b434779d93d47a63381b3f09e015a67044f0a2,8e9b38c41851edd3f3e3ae28d5975759d650c0e7,true,ps2 textures\opaque\bp_remade,true,false,0,none,false,5,false
for_coat_sode.bmp,483ba55107ed7929f8864801a200352299fc4930,817ab797a904489e309f92a0f0c4a126f74f93c3,true,ps2 textures\opaque\bp_remade,true,false,0,none,false,5,false
for_col1.bmp,067b453053ab2e8839ce34c9387eb8979dd90562,6bf77717270097f51ed6f73397be347a9562a17c,true,ps2 textures\opaque\bp_remade,true,false,0,none,false,5,false
for_eye_ovl_sub_alp.bmp,2899310896b23507cbde3d281b7fde234b3b18dc,db0210c87fcb006d5c2ac26b7e0aa09bb1271a53,false,ps2 textures\HAS ALPHA\bp_remade\no_mip_fixes,false,false,0,none,false,5,false
for_face_ovl_sub_alp.bmp,0a3b1cf130c29bae5a07dece93049c35233e5c91,f486586b15260d2a3b304e64622188dc27db2e76,false,ps2 textures\HAS ALPHA\bp_remade\no_mip_fixes,false,false,0,none,false,5,false
for_foot.bmp,01d5413079368a592ec3c6261a549fa6d5b3b994,95a03f62c87f29e8b4a78a28ef6cdf1ee9278a06,true,ps2 textures\opaque\bp_remade,true,false,0,none,false,5,false
for_hair_back.bmp,aac71df87c79511388596e08d661dfb1abd0368a,c6fa15b3ee878418fe83cb4f779857b27e6bc3f1,true,ps2 textures\opaque\bp_remade,true,false,0,none,false,5,false
for_hair_side_ovl_alp.bmp,eba4472c8164dfc7135b5eb75af0319c1c73234e,abe81c463b3e480737b7daf71d998d7355bcaebe,true,ps2 textures\HAS ALPHA\bp_remade,false,false,0,none,false,5,false
for_hand.bmp,466b6c5d853f83bd0f78abf9f3be5c2e22bf4c00,20a1879435a3e2e4228644ab41b3b0687a40c4bc,true,ps2 textures\opaque\bp_remade,true,false,0,none,false,5,false
for_hand2.bmp,7614674a5b27fada11dbc89b6aa2b8f0df411d8d,52e58c499eec14fed971fcbbd50c7d6fe6991b91,true,ps2 textures\opaque\bp_remade,true,false,0,none,false,5,false
for_hi_eye.bmp,358c704c400780523f191b65b101e95a763bbc8c,ff909a05f7515658955e02242e5fe28265704629,true,ps2 textures\opaque\bp_remade,true,false,0,none,false,5,false
for_hi_face_ss.bmp,8810d2e5bfe60b2a47ca51d72c6e2800af539726,a68fed5b11b17917a9caaf9f108f8bfe52d5da96,true,ps2 textures\opaque\bp_remade,true,false,0,none,false,5,false
for_hi_finger.bmp,8539888b0fa4f53cb2ab5d731f4f9587427e06a1,d4e36adf4efdb8c7d924028f99b22607237e7270,true,ps2 textures\opaque\bp_remade,true,false,0,none,false,5,false
for_hi_finger2.bmp,7c8a0c7f5e7bd97ef2a76608c3a88136908d6868,c51cfe3640291f42d085b8387167f32265cdfa3f,true,ps2 textures\opaque\bp_remade,true,false,0,none,false,5,false
for_hi_hand1.bmp,a014ff2610a28ff343597c68dc6a8056e4653958,1a40ae63599f5badb069375996097ce486094cb7,true,ps2 textures\opaque\bp_remade,true,false,0,none,false,5,false
for_hi_hand2.bmp,1612e1d9ae838e59faf002818b80b665f269e54e,3aae4700fd38b7b8f258e91740de47ab1fb3612f,true,ps2 textures\opaque\bp_remade,true,false,0,none,false,5,false
for_hi_hand3.bmp,d41507d59dd511e739458fc41fd7012b670f19e4,a8b898acca172e62446c6f55762b634bd27327b6,true,ps2 textures\opaque\bp_remade,true,false,0,none,false,5,false
for_hi_mtg_alp_ovl.bmp,3c1f222b477f1d6fbe36c418cbb689ae327b887e,2bed3605fb52262e4f540f45a05f59e8c1664af6,true,ps2 textures\HAS ALPHA\bp_remade,false,false,0,none,false,5,false
for_hlst_back.bmp,8fbf5c6b1a280e28350c155e3f34b90926c407df,b22ea7f6a83f014141d32596d4a82ee3fd09186e,true,ps2 textures\opaque\bp_remade,true,false,0,none,false,5,false
for_hlst_fro.bmp,1954baa29cc68749cf773b08141ac7a9c00da190,f58b44a3037f258f1a2a65e8863f0590be149cff,true,ps2 textures\opaque\bp_remade,true,false,0,none,false,5,false
for_hlst_side.bmp,6b6bf16d3f4481631d84382d16dc814be5ad9ced,41e902d33916379bd95744336e7b471dcf91cf7b,true,ps2 textures\opaque\bp_remade,true,false,0,none,false,5,false
for_kizu_body_ovl_alp.bmp,cdf1354d4748b850b141c632e558dd5b9504e236,5f6c078e3ee5f625329aeda4ba562a61629af3ff,true,ps2 textures\HAS ALPHA\bp_remade,false,false,0,none,false,5,false
for_leg_ovl_sub_alp.bmp,fb943c68a3514d8a600ebba6908643a18cf08974,aaeee5c6878d298916fde72e2bd49568f6496feb,false,ps2 textures\HAS ALPHA\bp_remade\no_mip_fixes,false,false,0,none,false,5,false
for_leg_ss.bmp,a37c9843926be576ad8a014cc2ba747274818e26,335b32ec6c69c035c18691ceb06289aa5f61785a,true,ps2 textures\opaque\bp_remade,true,false,0,none,false,5,false
for_lnr_sling.bmp,1698598531932a6303d1031e1fbbd6df5e47ab78,f31f47aff5596f570978516d6e849bdb6a4c34a5,true,ps2 textures\opaque\bp_remade,true,false,0,none,false,5,false
for_m9_glip.bmp,d3646942009bc15f05a645a5b0c4f0ed4f08bf2a,10873c183a3fec4d6c35d0eeee4ce4047bc5d1e3,true,ps2 textures\opaque\bp_remade,true,false,0,none,false,5,false
for_magazine.bmp,fdefa234f26c0141d7c8029ed41311e8aa231454,4466076ac7a8264cb76df5830ba640184dfea454,true,ps2 textures\opaque\bp_remade,true,false,0,none,false,5,false
for_s_ovl_mod1120_alp_emap.bmp,69ffa017511f0fb58123da10dfa79133ffc095d5,244ce19a15fa20932df4111f44d6a3d7e2c0db62,true,ps2 textures\opaque\bp_remade,true,false,0,none,false,5,false
for_sox_ovl_sub_alp.bmp,35cb241cae715ef1ac1ffd966470330bfc55cae7,5a9d2d3ae8e6c026672c73a2340ac79f218f52af,false,ps2 textures\HAS ALPHA\bp_remade\no_mip_fixes,false,false,0,none,false,5,false
for_t_l_ovl_sub_alp.bmp,b8b8b6d92da0637ee32c3f173583176229e06d61,4eb297652915c2ee7b154b07555aa0f87f39c552,false,ps2 textures\HAS ALPHA\bp_remade\no_mip_fixes,false,false,0,none,false,5,false
for_t_r_ovl_sub_alp.bmp,40ae7482bbfda611580cfb4c171d69abc25c3c6c,8c615fc1a3978312ddbc9d7f549fe6316900b7ef,false,ps2 textures\HAS ALPHA\bp_remade\no_mip_fixes,false,false,0,none,false,5,false
for_toe.bmp,8192a034b2858d0d10a71db98232c23281204117,af59026e8963baf166fcaef492a6643d867e5c40,true,ps2 textures\opaque\bp_remade,true,false,0,none,false,5,false
fstamp03_alp.bmp,8bb09eef83a94714751597756551ceabc335e8b9,834820df50948965880e5464a85df1ecb1c349c1,true,ps2 textures\HAS ALPHA\bp_remade,false,false,0,none,false,5,false
gas00.bmp,690cfbc2ac3e2f7f86ef926c27cc512c1d8f9346,43516bb950f0bc1584e5a4535fe9e52779c6013f,true,ps2 textures\opaque\bp_remade,true,false,0,none,false,5,false
gas01.bmp,7721629fc3ac09ef3f8fce176e40bfcd7f0df937,cad1bd4351ed5be2fc41b95bbc7bfe5ff46874ac,true,ps2 textures\opaque\bp_remade,true,false,0,none,false,5,false
gas_cap00.bmp,c20831313dfdf7a7c6f5ef947a96ba401eb6a0fa,9e1cb340e3d691f0f0680bb7567bac1a505a5368,true,ps2 textures\opaque\bp_remade,true,false,0,none,false,5,false
gas_cap01.bmp,4038add2affe2b1cdfdb5628d3716695bc82e186,76ba6d78e500aac0af2a31ed42153a764ac3bcca,true,ps2 textures\opaque\bp_remade,true,false,0,none,false,5,false
gas_dai02.bmp,79b555545dd7a1f181dd0ab9c5d107e1fe85d39c,2b1da771af5382d39d944bb780574fbe3f3aee16,true,ps2 textures\opaque\bp_remade,true,false,0,none,false,5,false
gas_dai02b.bmp,27d0445b9e72770e7a783a368e456527d2e6b19a,9d61a13af250fdeebfb3138a26ad3cb32ef6ea9e,true,ps2 textures\opaque\bp_remade,true,false,0,none,false,5,false
gbc_bousi_f.bmp,3cd2e264aca40dd0b745e7d3fe723fedfce7aae0,7f88babbe16beb2e219fad97557c967bd11e1889,true,ps2 textures\opaque\bp_remade,true,false,0,none,false,5,false
gbc_bousi_s2.bmp,710eea9e34187cc076f4d3748f8d42165c54ed8f,118ee6fc4ec0c8dee2645ccf59aa35e9a9d01970,true,ps2 textures\opaque\bp_remade,true,false,0,none,false,5,false
gbc_deppari.bmp,edd62eea6d44bf1bf825c1ab48b3a925412a1c9d,8ea88df595db016b6177cacc8dc0c65486b4b450,true,ps2 textures\opaque\bp_remade,true,false,0,none,false,5,false
gbc_kao.bmp,30983824f474536954261a9adbf64dab1091ff24,e287f746951e3d787cabd2d5f66258b7140eafbc,true,ps2 textures\opaque\bp_remade,true,false,0,none,false,5,false
gbc_maiku.bmp,ea9e194bda7a65bf50d5de30efc534aa5ee611b5,853142342330683dd96b64ae32d25ee6bf62e249,true,ps2 textures\opaque\bp_remade,true,false,0,none,false,5,false
gbc_tuba.bmp,3ea79705b109cb4c55d85e4101d71243f151206d,93fda5b0577b3da1e88c88a88351f200103d219c,true,ps2 textures\opaque\bp_remade,true,false,0,none,false,5,false
gbc_tusinki.bmp,71565d586540278f175be28455152311196a3369,c337f3d1c0e6c078c8e77fca6ffd49f6ffc9afbc,true,ps2 textures\opaque\bp_remade,true,false,0,none,false,5,false
gbs_ak_sling.bmp,d525b4a8a101f3af870fa00d2a0b085aeaa53256,2100d668ffd878557823c0cafc0dfe989511adda,true,ps2 textures\opaque\bp_remade,true,false,0,none,false,5,false
gbs_arm_ss.bmp,57bc121e04dce7303c7a27529fffeb79593fe4f7,852e74f4e81fdc5f95cb0707fd20feec89269349,true,ps2 textures\opaque\bp_remade,true,false,0,none,false,5,false
gbs_belt.bmp,97f015b3c1c35025d0f50a1c5d19e5ccf3ae6b0a,d462cc221a791e3c16959dc2e0bdebd33417e510,true,ps2 textures\opaque\bp_remade,true,false,0,none,false,5,false
gbs_body_ss.bmp,8c5f33acba7eafcf137f367e82132ad0f65d2fe6,12af9f682dc72c04c15658ff4434c32af5bb1f15,true,ps2 textures\opaque\bp_remade,true,false,0,none,false,5,false
gbs_boot_bot1.bmp,2d889250ebdddb502c52c15c6ff9f51176b6a5e0,fe3751c39ab509225d0575087357fa5359446789,true,ps2 textures\opaque\bp_remade,true,false,0,none,false,5,false
gbs_boot_bot2.bmp,84a9f3a518f3db6c848297b584cfb782d3a1fc97,de1a9a87ccef199f54d251fa13458fe9a53c7f59,true,ps2 textures\opaque\bp_remade,true,false,0,none,false,5,false
gbs_boot_ss.bmp,83bb7e23078e67f44b3161fc69cbcd79339742e6,8e1aa725502f568152121cb12c95da6e1f377434,true,ps2 textures\opaque\bp_remade,true,false,0,none,false,5,false
gbs_bp1.bmp,44230a77c3f5743644157ca9ba48d2b71ac6a05e,78c99bb3c716bbfeb9989dc40b7e4931ac5e4424,true,ps2 textures\opaque\bp_remade,true,false,0,none,false,5,false
gbs_bp2.bmp,86959ce19ca31e4cd735af2ed5c9d95c33f56783,9d74395efd38a37d539ac5332386c5d5a5a01491,true,ps2 textures\opaque\bp_remade,true,false,0,none,false,5,false
gbs_eri.bmp,2f6910ed33504e20f8eb495ae0f07e90a86b5de8,cd82026eaa067ec5e62c3208ed23e8bda088be3d,true,ps2 textures\opaque\bp_remade,true,false,0,none,false,5,false
gbs_eye_def.bmp,32ef99234607796cdb7da7762a6c62f7ccdd02c8,d5da03c7d7467cf2a556fd300e15cd6166decdac,true,ps2 textures\opaque\bp_remade,true,false,0,none,false,5,false
gbs_eye_white.bmp,3afb89f58b82c2903d355da155d4c66599f15495,ed498c60ed46eeecb08952ba3f1133ded3e7bfef,true,ps2 textures\opaque\bp_remade,true,false,0,none,false,5,false
gbs_face.bmp,b7b49d9d580dde882559d7ebf141b6e390c41d49,8dd382d592721db2f4b507fdc46768eb291d48a7,true,ps2 textures\opaque\bp_remade,true,false,0,none,false,5,false
gbs_head_back.bmp,f9dc1f173e67358c94f0e9e1026e238c5c941d06,ad82e81730fce62fdfd4e6ac5c9f89d9daa40dc1,true,ps2 textures\opaque\bp_remade,true,false,0,none,false,5,false
gbs_head_side.bmp,46ff9dd1075b7573b24bb0f33e41ebbe79b3991b,aeff657a249450f525fdbe8e78b2957dcf30c05e,true,ps2 textures\opaque\bp_remade,true,false,0,none,false,5,false
gbs_head_top.bmp,bc3025070be0a380be8eb9c026b2a8d43174423f,3fa92df35bdd35a4317efe9b531b612cc244610c,true,ps2 textures\opaque\bp_remade,true,false,0,none,false,5,false
gbs_leg_ss.bmp,20f4b9d57e78f240fbc5dd5b6a8af6d245e039e5,e128cff087ad077ada41e170c77154d0f10f9af0,true,ps2 textures\opaque\bp_remade,true,false,0,none,false,5,false
gbs_p2_back.bmp,b34a52d337645662ef298663dc98e7f60a2f6aba,2b775eec20d7b4a715848f42f69ca2f614ecd8bf,true,ps2 textures\opaque\bp_remade,true,false,0,none,false,5,false
gbs_p2_fro.bmp,06f1267c242370d9a021dca9b0eedc0f4eae1019,fcd1aed04aa118c5da6b5bb4be287ea2895eef89,true,ps2 textures\opaque\bp_remade,true,false,0,none,false,5,false
gbs_p2_side.bmp,b47604ddfe8d8697f27ab3a11159e5f28a46bb39,f9b1b489817071f38544e7d3658e22765d9e04ed,true,ps2 textures\opaque\bp_remade,true,false,0,none,false,5,false
gbs_p4_fro.bmp,72b3b6730fa82d1d3985f2725fe67317df20c9b8,376af61272b68e26915eec58778b3b715f57c2a0,true,ps2 textures\opaque\bp_remade,true,false,0,none,false,5,false
gbs_p4_side.bmp,f4f333d1c79a25e8d889899377c7e2a736f8ead7,d73c67d5af90b2ca0c5bee4a32b25c07744e6772,true,ps2 textures\opaque\bp_remade,true,false,0,none,false,5,false
gbs_toe2.bmp,3fd72520c36613840ed2ade2756149da87ced315,c57067720e2aae5dc2a69c4d126cb2ac4d54d38c,true,ps2 textures\opaque\bp_remade,true,false,0,none,false,5,false
gcyp_amo_f1.bmp,f06ae3c9252d3a370fbba81bc20fcf6159f59702,760f687df9dc258ec259de08ece425cfab86fcae,true,ps2 textures\opaque\bp_remade,true,false,0,none,false,5,false
gcyp_bodykim.bmp,f9958400143a8578c394a2e9a33f55ea27a22704,82c18ef71fc9e29075ea5cbef2e5ab10b6053b91,true,ps2 textures\opaque\bp_remade,true,false,0,none,false,5,false
ghost_pos.bmp,588d146de14af300e40c4ed8a4465d466cdd48d3,be6649b49796615f6a0b016815fea789e787f249,true,ps2 textures\opaque\bp_remade,true,false,0,none,false,5,false
gps_arm_ss2.bmp,f4aa8b76770013f94d5152445af696ac4493db76,a839d705640805ca6c712473f7bb9b7a7f6fb4c0,true,ps2 textures\opaque\bp_remade,true,false,0,none,false,5,false
gps_body_ss.bmp,52ff93ffe456bcfbfcb0a0a3add16f4588a1e51e,3677b36cc753b1d86d55472b9f6c5e1a435dd8de,true,ps2 textures\opaque\bp_remade,true,false,0,none,false,5,false
gps_boot_ss.bmp,e1d0230263be0f2b8826a085a82945b3cace6142,8899bf8cd9e8dbb334820f5f0ddf627012f96e73,true,ps2 textures\opaque\bp_remade,true,false,0,none,false,5,false
gps_crest_l_ovl_alp.bmp,ea75e10010983d7f2445bf02e0383adb15e42ede,5a27bf6f1b086874906e94c1c79f28b7bc7489ef,true,ps2 textures\HAS ALPHA\bp_remade,false,false,0,none,false,5,false
gps_crest_r_ovl_alp.bmp,88df116b8bc2ef863c3ce03bf441b7c5f3b00ab4,51d4e7e8d425a0ba4471c1138aee6e168ee02c16,true,ps2 textures\HAS ALPHA\bp_remade,false,false,0,none,false,5,false
gps_eri.bmp,a3b927930ff9152954cd1096f3eb55937d5b150e,7ebe2205d812fd09c2022efe551fd01c186cbe94,true,ps2 textures\opaque\bp_remade,true,false,0,none,false,5,false
gps_eye_close.bmp,358ef5515317b20d5ab2a1357e1bc265da04031f,abdb0b4f2d761dab32a9d28d32756608d63d4ddb,true,ps2 textures\opaque\bp_remade,true,false,0,none,false,5,false
gps_eye_def.bmp,4a23ff07b1bd97da1dec8034d357b78db2669539,aac239b77e036b14ea76f1fe9645a2b0461f77a7,true,ps2 textures\opaque\bp_remade,true,false,0,none,false,5,false
gps_eye_open.bmp,0ff335f369ceaacaf5244d8f1ca5fe955f0c1f07,7a7e1762837b10b4bf7513ad8dde60ccc5dfe562,true,ps2 textures\opaque\bp_remade,true,false,0,none,false,5,false
gps_eye_pain.bmp,5cc82a1438d511ee52b14b5a40806aa68285a673,63500195424db867ea78c33fe5a3423ef75fef6a,true,ps2 textures\opaque\bp_remade,true,false,0,none,false,5,false
gps_eye_white.bmp,d7b72928946c64bbd1662dbf2afc0005ff3115fa,0d3f59ff157e3fa7f1f8c824068929589dec4342,true,ps2 textures\opaque\bp_remade,true,false,0,none,false,5,false
gps_knife.bmp,60e128e04f94e9c96bb527678f9f8aa7a8f09ac6,0303dbb40774ac880c265f6f9e17f8308e87c757,true,ps2 textures\opaque\bp_remade,true,false,0,none,false,5,false
gps_leg_ss.bmp,1ce72a5adc0dd705b8a9218917ef17d02ff81aaa,382a5448be917db55f26026c6becaf8b82d1f4e3,true,ps2 textures\opaque\bp_remade,true,false,0,none,false,5,false
gps_mask.bmp,f08e4e7e7b5ea1b961f09876739d992d01deced2,36215844f4a1cc147704c0dd5cef79aa676fd495,true,ps2 textures\opaque\bp_remade,true,false,0,none,false,5,false
gps_poket.bmp,4ef2bc6b9c9484ac31a62fa69d2e98b022d12b83,4008e844c961c0f3faeb31508645a7589f0e3386,true,ps2 textures\opaque\bp_remade,true,false,0,none,false,5,false
gps_poket2.bmp,da5f432b57e9e2dd967248d4559b628ee9cde503,584f40405e2d2b77f2aae0b983dbb9c752a64b1b,true,ps2 textures\opaque\bp_remade,true,false,0,none,false,5,false
gps_toe2.bmp,ced1562b30a399c6fa46f3a51e115b907ed89119,846949c8cdcf42f80d22323e35482ac0434d61a1,true,ps2 textures\opaque\bp_remade,true,false,0,none,false,5,false
gps_wrist.bmp,181dd2b231d5a52124e846eb55c58e5b2958ef9c,12b105c939c32b9d3e2f762d460f15591761be7d,true,ps2 textures\opaque\bp_remade,true,false,0,none,false,5,false
grn_sb_body.bmp,abc1d5a2128eb8029808ebd11ce35bdebaf41698,701ed74bfce271d0c28d2853a5b9c5ba109b83ca,true,ps2 textures\opaque\bp_remade,true,false,0,none,false,5,false
gwb_ceil01.bmp,f21926b855f5b0db081812e6e5a655ce1de9c485,2fb0cefb8f654f86220870f3039bfe0ff406d166,true,ps2 textures\opaque\bp_remade,true,false,0,none,false,5,false
gwb_fen01_msk.bmp,65cefddf800cdfa487ad0b40dcff4f6d50fc8810,b3a8c25dfd6de20fab719aca438584add6edaf11,true,ps2 textures\HAS ALPHA\bp_remade,false,false,0,none,false,5,false
gwb_pole01.bmp,f96923840ec79c07fa53cb314c0608f2919290df,58984633f4231dcadab5fd5a4240501a5677c2fc,true,ps2 textures\opaque\bp_remade,true,false,0,none,false,5,false
gwb_pole02.bmp,23ff605aab0f36b919e3a0fe04d9f33d8c2b7b18,13f90d24482c60e1f3934a14cc043839dff9c7ae,true,ps2 textures\opaque\bp_remade,true,false,0,none,false,5,false
h6h_body_f1.bmp,d56b36ded30bb8dce6b37b073219fa9fc200742c,7a988e7657dae3102ca3f179fdb5ca830f5a3f09,true,ps2 textures\opaque\bp_remade,true,false,0,none,false,5,false
h6h_body_s1.bmp,4d1112e6c6459161198f44dee848a3101fb0ab7b,40a55a6b8fec35bbe26781e5c78890cfebd9108e,true,ps2 textures\opaque\bp_remade,true,false,0,none,false,5,false
h6h_body_s3.bmp,2a37b7e6d5e4a26817e90c894372dd08284e9059,eb0c7fe775b9acb387bf8627544190853bc0316f,true,ps2 textures\opaque\bp_remade,true,false,0,none,false,5,false
h6h_body_t1.bmp,050d66f128db651ca2e4f1959b7cb0be8d7fa760,288a50624788e09522fd76b9d9bcbb5dfa1cca23,true,ps2 textures\opaque\bp_remade,true,false,0,none,false,5,false
h6h_body_u1.bmp,514e6c707af629ab95ae0efb6b6af5b3568ad1a1,64ff676085238939832741159a522f4c84c3febd,true,ps2 textures\opaque\bp_remade,true,false,0,none,false,5,false
h6h_duct_hole.bmp,462035e5ed3887d1e4993fae394562a8f19e26c9,bae54906dfcd257ed59d3ac92729976099cbdf69,true,ps2 textures\opaque\bp_remade,true,false,0,none,false,5,false
h6h_duct_s1.bmp,f487c593f75e1424577afdd1e163cf652006a979,898ea3b8a39688921e31eb4aadbfa2fd4f5b6742,true,ps2 textures\opaque\bp_remade,true,false,0,none,false,5,false
h6h_face_s1.bmp,9bfcfa3cd893ad7629897ff9882922c498e84157,5e586d80d56f1ae97216c98aa5ee81dec10405bf,true,ps2 textures\opaque\bp_remade,true,false,0,none,false,5,false
h6h_intake_s1.bmp,6601fb25245acfa819cff4b53dd89ee0ea9ab2ad,6824cd58c60bac0bcc1c7ca478c862cf0f04bd57,true,ps2 textures\opaque\bp_remade,true,false,0,none,false,5,false
h6h_tailbox1.bmp,16167a7f2224e566089a2a49ea13c4ba473cbcdb,fd93536ad049cbd1a39b484fa3a29ddb30d650b9,true,ps2 textures\opaque\bp_remade,true,false,0,none,false,5,false
h6h_tailwing_s1.bmp,1f252ef07e727ef3b63fc314fae68fe463d99a6a,6f35fb5bad1cc7d2d5d96a41c3670e34263807b1,true,ps2 textures\opaque\bp_remade,true,false,0,none,false,5,false
h6h_tank1_s1.bmp,d06967faf95d5605a1ca0bc4ea436e354f6edaa5,e57ed3a2cf6c4476a23d9f9fc241ba5157b619c6,true,ps2 textures\opaque\bp_remade,true,false,0,none,false,5,false
h6h_temptex1.bmp,b04a6d77c7acf606ff216d336cb9486d757eeecf,0c8612353c922ca5cbb6202751756b4f3b1326e2,true,ps2 textures\opaque\bp_remade,true,false,0,none,false,5,false
h6h_wheel.bmp,1c66970fe2cc0530fd028e9eed7ad1df3857c695,117f7e59f8aa1aa5fcb48c1b0639a68661bfd56b,true,ps2 textures\opaque\bp_remade,true,false,0,none,false,5,false
h6h_wheel_shaft.bmp,aa9f924718a1385cf147f8d9e231a04b8a15db7f,b788f7e32cf69941bdc13f08328fd90bfa975f23,true,ps2 textures\opaque\bp_remade,true,false,0,none,false,5,false
hakof1.bmp,a9968a03afc849e9642f8cde6c5d3dd986cf3717,3c0d00ccedadd0589dd91d2291b1affb778534b7,true,ps2 textures\opaque\bp_remade,true,false,0,none,false,5,false
hakos1.bmp,c4c205fef588a574310089d7718af5f337b0ee0e,16279d3413a30c1f31989c771db3d874a4e2b04a,true,ps2 textures\opaque\bp_remade,true,false,0,none,false,5,false
hakot1.bmp,456e220774fbb7a21edeb0c6c93e76af9c0a6d39,2dbffe9c7be8489ffda66aa07ee3c1c989c921ce,true,ps2 textures\opaque\bp_remade,true,false,0,none,false,5,false
hri2_body_back_cracked.bmp,37075160b44e39eab97b96df181c006bfc7acc0b,3b96ad1b30af9916c863b8811e12606265598ab9,true,ps2 textures\opaque\bp_remade,true,false,0,none,false,5,false
hri2_body_s1_brk.bmp,ece71e4c4f6b7f773fd352ed249e1b1582cd181f,e3d80c54794408751961e7941d3e68526e4ccdac,true,ps2 textures\opaque\bp_remade,true,false,0,none,false,5,false
hri2_cnpy02_brk_kato_ovl.bmp,84bd1b8bc1b1a9aa3206e0243f0c8f3607a7c3fd,ffa27cb894cda316247f2d97944b142ccc00bab3,true,ps2 textures\opaque\bp_remade,true,false,0,none,false,5,false
hri2_cockpit_console_t3.bmp,ae996910a12033f7d7ed86ca32e8bb5384559bdf,f38ff417c3e720832fa565ae79b6c121e884e4ed,true,ps2 textures\opaque\bp_remade,true,false,0,none,false,5,false
hri2_cockpit_sideplate_01.bmp,b6ca87eb8f1f702e89c519f8c6b5546720e319ae,e09da3dafe651c294bdd695de54645771195bf83,true,ps2 textures\opaque\bp_remade,true,false,0,none,false,5,false
hri2_face_s1_brk.bmp,502146996f6bea7fb362f681345bd42a1c69dc63,ec927836be0286cb256b50f73d85756bb496161f,true,ps2 textures\opaque\bp_remade,true,false,0,none,false,5,false
hri2_mwing_t1_brk.bmp,55cef64e8ca54527c94f9e06305a1fa873052ca4,50b49771e20e368d8ebd919455ad45395315cedb,true,ps2 textures\opaque\bp_remade,true,false,0,none,false,5,false
iro_arm_l.bmp,24327610a6cad8814e97073d598c70c47180dd79,a7f78194f5b45f6be8189e91b264d2489d577e7c,true,ps2 textures\opaque\bp_remade,true,false,0,none,false,5,false
iro_arm_r.bmp,949b9fabe167a6092aee6cdc075a9a9d109b16b8,8f7e18e4f729e23cb6ec33db616ba9fcc696f650,true,ps2 textures\opaque\bp_remade,true,false,0,none,false,5,false
iro_arm_ss.bmp,2b261dbad455efd08126b4a813ea27d22b690737,50e9f3c32399ebc87b1cbc9a9d1de8d95ee02857,true,ps2 textures\opaque\bp_remade,true,false,0,none,false,5,false
iro_armblood_alp_ovl.bmp,ed8ea86a4ee9a86b54ceee8a69eff638bae7a19d,a3e6a038de90bfdec708f5610209122951896b7d,true,ps2 textures\HAS ALPHA\bp_remade,false,false,0,none,false,5,false
iro_bag1.bmp,51aad2e5b01ee2a675dcd506e778150287342277,dd84b731a54eda1eaea7c8de6870a58162a11073,true,ps2 textures\opaque\bp_remade,true,false,0,none,false,5,false
iro_bag2.bmp,aa7bf9a9baad85576e6d6b6eac13ff074edd3831,ab36591ab56f42902e632dd3f9b8d802d8bb65e3,true,ps2 textures\opaque\bp_remade,true,false,0,none,false,5,false
iro_bag3.bmp,85036ff0591bd896f4547ff760124fe3d9a04fe1,ad786da59ceed0679b69d4e839a829d78761d50e,true,ps2 textures\opaque\bp_remade,true,false,0,none,false,5,false
iro_bag4.bmp,ba5415fb4aebb74c58de4d42950284ed12695456,7a02ed3a92b9ddf25c0ec936548adf5875edf172,true,ps2 textures\opaque\bp_remade,true,false,0,none,false,5,false
iro_bag5.bmp,616b951f015496f7132187918919064018758cfc,2dcca725ab855b725ec941def82901be67726625,true,ps2 textures\opaque\bp_remade,true,false,0,none,false,5,false
iro_bag6.bmp,9cd6c183f7cdb430863353003a93b6c57ac88250,6a9456e93785b1652d036be690426da81219589c,true,ps2 textures\opaque\bp_remade,true,false,0,none,false,5,false
iro_body.bmp,732e451b61b61101e65d8bcdfc0af498ecb30f56,9311073243ffcd5301a033d56d6b711799ef4dee,true,ps2 textures\opaque\bp_remade,true,false,0,none,false,5,false
iro_boots.bmp,1e262fcffb5705b514a1a25fe3317b59570d0fa2,930d91b51b058220bcef7846c2784272a577158d,true,ps2 textures\opaque\bp_remade,true,false,0,none,false,5,false
iro_face.bmp,443902b0ac0ea87ae0e20e38e140f6936cfe1060,aaba43549549a4abf7ce87f5b31bd66af6967cff,true,ps2 textures\opaque\bp_remade,true,false,0,none,false,5,false
iro_face.bmp_c2887b3a82812f39ba6df6e2295dab8a,d920ccbcaf3507f52c26adfbbc64123486bb2bf7,9f02f79d58ad9c4fe3447580f8e5299a6d21f0f2,true,ps2 textures\opaque\bp_remade,true,false,0,none,false,5,false
iro_glass_frame.bmp,2f59813603a14aead64f877149b3190612424ff3,5c9dd9595691c55a4f2b8384cedc913c90748a14,true,ps2 textures\opaque\bp_remade,true,false,0,none,false,5,false
iro_glass_sub_ovl_alp.bmp,b6a8008f7d61a837c5452ec69799c86bf312b2bb,c88ba67137cc83e51bbc003c5cb5f9ad3180d166,false,ps2 textures\opaque\bp_remade\no_mip_fixes,true,false,0,none,false,5,false
iro_hair01_alp_ovl.bmp,829ab990f96b1732476353c7c64e92507fd6b67e,a64b8599ce677aa9a23c2ec7ab6ed9f5ddab2273,true,ps2 textures\HAS ALPHA\bp_remade,false,false,0,none,false,5,false
iro_hair02_alp_ovl.bmp,98969ddfe6812ee455952d9c0c47ea4e5ceb3d8b,57c4cb29b4d0215acda102350fa0ea5f0f4c1c15,true,ps2 textures\HAS ALPHA\bp_remade,false,false,0,none,false,5,false
iro_hair_base.bmp,fd0fbcad6d3a8e6955f87452b62c11cf9f472bb3,f8656209fe1d44a806f8040983112db1d7fb3683,true,ps2 textures\opaque\bp_remade,true,false,0,none,false,5,false
iro_hand.bmp,da363ab2e339842a1f5ca6dec2014f469ff017ba,719cf5b60132fb7aec8f32fbe18ad0ef7b019e28,true,ps2 textures\opaque\bp_remade,true,false,0,none,false,5,false
iro_hand_hi.bmp,e2ab15b045ad734644e0527da40f7232f02f5bab,7ab24f570c0be914bee01c7d8e22ac8aa23944b0,true,ps2 textures\opaque\bp_remade,true,false,0,none,false,5,false
iro_hi_ela_alp_ovl.bmp,0a7fdc5a01b15960b86670bc920b3df876a625fa,0325ff0fd26ba8d4251034cfba35a2c340cd948b,true,ps2 textures\HAS ALPHA\bp_remade,false,false,0,none,false,5,false
iro_hi_face.bmp,2dd5d9059ad369f42775b8599127c24da1568d3b,723c1c82dffc3cd3e14c9210710321c10e505019,true,ps2 textures\opaque\bp_remade,true,false,0,none,false,5,false
iro_hi_face_bandage.bmp,a189b26c6e14d6cca721baf8bbb4b3946615f6c9,6478c013ed73f8e3b8fe20b9e63e84dd4aa3b813,true,ps2 textures\opaque\bp_remade,true,false,0,none,false,5,false
iro_hi_finger.bmp,de4fd913fbd965f9f0657c04f3332b7ea104a96f,0026e0aad9756b90eeb6bbaf9797b393bd61d2ef,true,ps2 textures\opaque\bp_remade,true,false,0,none,false,5,false
iro_hi_finger2.bmp,52fba4c7c445cbeb3fada1fdc0cfcf5ae7878363,69d101229a3b7bd4fdf64a90f675112935c6ccee,true,ps2 textures\opaque\bp_remade,true,false,0,none,false,5,false
iro_hi_hand1.bmp,331b1a552a9ba98ebfde6cbf9495127f246e328b,04a583c1d6054244cc5419624a68bb0703a1135f,true,ps2 textures\opaque\bp_remade,true,false,0,none,false,5,false
iro_hi_hand2.bmp,7f64dcc42ab98aacf5a393b297f19a4fd85626b8,b50f7e9698a1d7018b85126eb6ea21e7f1a8bc73,true,ps2 textures\opaque\bp_remade,true,false,0,none,false,5,false
iro_hi_tang.bmp,f0664548f5f4ce916d19e3a3b41d1cc556230c28,1b9700d75671c74d200c3a43bd224b1507b2acda,true,ps2 textures\opaque\bp_remade,true,false,0,none,false,5,false
iro_hi_teeth.bmp,4a03eaed1b5db409edd1e59bc0c387e924b17402,c2b372bf5ced88a1d0f0e98aa11dfa3199681c45,true,ps2 textures\opaque\bp_remade,true,false,0,none,false,5,false
iro_mask.bmp,64d3dd5d6bcc156cdba716fbd9ce8232c460e208,154d44fddf1b0a0652a177ab92925d3c28971ed5,true,ps2 textures\opaque\bp_remade,true,false,0,none,false,5,false
iro_nail.bmp,6730ccb8a3e2f1abaae14fdd49ae6ec8c3a17ecf,065a7c37651d746ae24cc54454d7be74b1ce8e30,true,ps2 textures\opaque\bp_remade,true,false,0,none,false,5,false
iro_phones01.bmp,2141f1bae1ba0f934253a7046ff098b054eae5f9,53b6eb5e6df2d690e85fda945a1438118e0c3578,true,ps2 textures\opaque\bp_remade,true,false,0,none,false,5,false
iro_phones02_ovl_alp.bmp,d4ee5e65e920219271b13a8ec54ba79e58acd442,e42fe204521f84c96cd5af81f6c3e4721c3c7509,true,ps2 textures\HAS ALPHA\bp_remade,false,false,0,none,false,5,false
iro_radio.bmp,ec033828f31fc0509ec9afdcfccd06e735bb1122,46acca382973eaac31bfd78bfa6fb3176f2ee0b8,true,ps2 textures\opaque\bp_remade,true,false,0,none,false,5,false
iro_radio_band_alp_ovl.bmp,66b97a3b3fbe34a17218db9cdbd162c8f6644d93,dce05c8d12cddca480ff7e1ec7bb925431725889,true,ps2 textures\HAS ALPHA\bp_remade,false,false,0,none,false,5,false
iro_sk_face.bmp,e6af99dbae6105995b921c22670440864bd6ceaf,5c9274515d8d84912288dc4ec61500b202270c21,true,ps2 textures\opaque\bp_remade,true,false,0,none,false,5,false
iro_skin.bmp,25e491b8a351b12508eb4e7e16bd01654c7d5a30,d19ee167a92586da72b03c70229dc19eca69959d,true,ps2 textures\opaque\bp_remade,true,false,0,none,false,5,false
iro_skin_bandage.bmp,a814a435978245e53adfd32aeeb46ac67d18974d,a9c9a22b4c73d0bea1d8eaa98466c69272a90cb2,true,ps2 textures\opaque\bp_remade,true,false,0,none,false,5,false
iro_skin_blood.bmp,2074d9d58f232e9c233098f79d20822e8e480249,6ea79f79f21b0768f486aa9fcb6516e699fa95c9,true,ps2 textures\opaque\bp_remade,true,false,0,none,false,5,false
iro_snawear.bmp,280f231439ecf1b7c21b25433b36a5a8580df245,c2dc7b1c4cfa99274e6a30bd56e41a5274714588,true,ps2 textures\opaque\bp_remade,true,false,0,none,false,5,false
irs_box_all.bmp,c1056e4a392bccfc40d2f37483f632c04bfd449e,d2b626c4c2445a07874d1044df91e6ff5aa2fa80,true,ps2 textures\opaque\bp_remade,true,false,0,none,false,5,false
irs_box_back.bmp,8c6330ecb87aa678125c1b96f2ae437022992955,b8282510e9150c79f7149e8aa380e000f7448c5d,true,ps2 textures\opaque\bp_remade,true,false,0,none,false,5,false
irs_box_break.bmp,305cb336db43ee4865f453ebbacde7a2f0bdb645,95b5f78ff9e94a435816b4d2fb748e6a7dfce933,true,ps2 textures\opaque\bp_remade,true,false,0,none,false,5,false
irs_main.bmp,c80293733d2dd899eba5e0e258c656ef4dfa220b,c9aa237d9925f9cc4eb2163a2144c51698b3da25,true,ps2 textures\opaque\bp_remade,true,false,0,none,false,5,false
irs_u1.bmp,fe14412f2aec2d48b996f3ab6b3c6ecac3418e30,abb9747cd597df40c7ffd6449c5eddf46f420ea7,true,ps2 textures\opaque\bp_remade,true,false,0,none,false,5,false
jim_rusty_arm_01.bmp,c253c7ea4dea49ba9717f02120b781c372896502,7f3d4086dc7d275df38dc57f2f5efe4f81cc1335,true,ps2 textures\opaque\bp_remade,true,false,0,none,false,5,false
jim_rusty_back_01.bmp,c5c76cbd7846ac7e4a9fd722d79a2b9d50bb73da,21495ea62bf1cbc4ea8de46a3b9c36cb02195a19,true,ps2 textures\opaque\bp_remade,true,false,0,none,false,5,false
jim_rusty_body_02.bmp,dc2eae2373421debf6d904e0ca6fee065a0b9c8d,2febb7cc576c7e58e8bde1d3542d0bcdb8b6a7ee,true,ps2 textures\opaque\bp_remade,true,false,0,none,false,5,false
jim_rusty_joint_01.bmp,ab56e2713a1f4583f8f93dbbb1723bc67f58f891,6105dcdafa72e6dab709d1ddc2b5c60cf49d09a7,true,ps2 textures\opaque\bp_remade,true,false,0,none,false,5,false
jim_rusty_met_02.bmp,bdc8d36078427e72d9bf77a5e89c1c5b76596a8a,991737295222f23316c6312e55c700234da89173,true,ps2 textures\opaque\bp_remade,true,false,0,none,false,5,false
jim_rusty_win_01.bmp,89194fbebb40d4e9478bebd42bd00bf21fe7af71,2c1dfb9289c81e4de359937e84be493ba9c7152b,true,ps2 textures\opaque\bp_remade,true,false,0,none,false,5,false
k_eye_s_pos.bmp,bd467be3243cd751febf642deb83d5d02154017e,d4a589f6f35f4251c6464c219e0a8a9130b943a5,true,ps2 textures\opaque\bp_remade,true,false,0,none,false,5,false
kaitaic4_c_f1.bmp,b91de71f5d8cc28f888e0f06f7d38ac578e49391,98817c7ee3b62388880f5a3ff57a84a4ec1066c2,true,ps2 textures\opaque\bp_remade,true,false,0,none,false,5,false
kck_body1_s.bmp,5e835b1338862fe5b1fe65f972b343252f76d21e,7c339ca22bccf6ee0848af014826b9c3fec6e5d7,true,ps2 textures\opaque\bp_remade,true,false,0,none,false,5,false
kck_body1_t.bmp,38652b4a3a9b1de0c455915604babd2eb346b410,a8ff31d86eb3b2e53e5970aa08c66a6b0bf03dda,true,ps2 textures\opaque\bp_remade,true,false,0,none,false,5,false
kck_body2.bmp,43a7b2201177702285a73967cce2d8e69c93b58a,cf02ae209bb96f6c0f1a569c3a9483d09f1d0d53,true,ps2 textures\opaque\bp_remade,true,false,0,none,false,5,false
kck_ckpt_chair_back.bmp,c84088bcb416e0a201d546b87f7d901b6867ece4,79738a7cc8094de27fc866d6386879fd4560695c,true,ps2 textures\opaque\bp_remade,true,false,0,none,false,5,false
kck_ckpt_chair_face.bmp,047c9bf92e18384cb0d83c7e1d2ff1e7b894a07c,6a13fc487cc732b7914bb6f390d2c2cceeabbd24,true,ps2 textures\opaque\bp_remade,true,false,0,none,false,5,false
kck_ckpt_chair_head.bmp,372c96e074f18dd1c8b690ebe51f535b34ffd035,7bbe0c5671857805ee1a35bec9bcd6d491d52e3a,true,ps2 textures\opaque\bp_remade,true,false,0,none,false,5,false
kck_ckpt_door.bmp,d95fc82af80d365f833432dc7ad0536047b18a8d,43ad923450c823d4a347f64f84f70cda2db57ed2,true,ps2 textures\opaque\bp_remade,true,false,0,none,false,5,false
kck_glass.bmp,d3d63c180a6c7e002d928e7595f644e5c667b1ea,4a7663284da539c71267e5ed4a05b108de6e1fb0,true,ps2 textures\opaque\bp_remade,true,false,0,none,false,5,false
kck_mark504.bmp,12a4d1534fc1ec3622c84a90cda3e86c68a0b298,14113eb335647ebf9984f90c434fcbda0a642c8c,true,ps2 textures\opaque\bp_remade,true,false,0,none,false,5,false
kck_mrot_propera.bmp,9cce53fbd8c4f5fe4113d8a1b99a01dce403a6c5,723cc92e0c0c43e4071cb27040dcb850b0b1543b,true,ps2 textures\opaque\bp_remade,true,false,0,none,false,5,false
kck_ropebox.bmp,45f421ae9fb112dc26babe1970ebeeb828a82ad5,cee129b2d70e960000bbe9f59fad69698f2705a8,true,ps2 textures\opaque\bp_remade,true,false,0,none,false,5,false
kck_twing2_s.bmp,fe324edbe69aba253f03b0e1acd4c8d1dde5f414,2b624f887955d8df21205adbf35d3f4293fd08ce,true,ps2 textures\opaque\bp_remade,true,false,0,none,false,5,false
kck_twing_s.bmp,51774f89430a4eb2f1356da62e35c4a4d1111941,94d3c02d64c0204ffff3ff1c37f96db1a8613795,true,ps2 textures\opaque\bp_remade,true,false,0,none,false,5,false
kckis_box1.bmp,edd45f8abf247f7575314df3fd8eccfd3127f163,4a5d8e27d1961db3b43e7ead4192e5f9c99b4335,true,ps2 textures\opaque\bp_remade,true,false,0,none,false,5,false
kckis_door_walls1.bmp,a7a2813c99f8c9e4323f8cc2a1806aba60ad9c12,bf845e8c1604becf288fd4cc95ef94002dadc6e0,true,ps2 textures\opaque\bp_remade,true,false,0,none,false,5,false
kckis_pipe1.bmp,87b77c6c47a933733c05c39c54320b002f373f86,9aa69f245f01f9dc3f0a2c9c8c2237dd3a67d6cb,true,ps2 textures\opaque\bp_remade,true,false,0,none,false,5,false
kckis_wall_s1.bmp,668e3c1568afa007d0d304423c1b7c40dfa312ec,009006d002291f36e0d96af0f2419d135f7416e3,true,ps2 textures\opaque\bp_remade,true,false,0,none,false,5,false
kictobunt.bmp,dcc42471a8bb26088bab209782ad02a019cb08ed,ae42b3e5c59eb6fa180f8d2a5a024c25ad5ed59f,true,ps2 textures\opaque\bp_remade,true,false,0,none,false,5,false
kictpa1.bmp,5c5838e24e2483efe893fc32c561ec444282acf2,010ce6229e361247de9df9d49b33545b2133df2f,true,ps2 textures\opaque\bp_remade,true,false,0,none,false,5,false
kitabup1.bmp,d8353a3ada972cc51db33f709f4be99a3bfebdc1,441bc166f16f2f243e47cc7ca455c985558de0d6,true,ps2 textures\opaque\bp_remade,true,false,0,none,false,5,false
kitabup2.bmp,3b5f21afaebc7011c54a4caa7b8991d600690349,bf3f8f7019777b5ff36e6310b3d2c273895b7549,true,ps2 textures\opaque\bp_remade,true,false,0,none,false,5,false
kitabup2a.bmp_02cd1af7fc3c2bc6ac541d04e3c1fc94,0f5261e3098a4c902f1e6918d569ee43ba557ada,11b5a4dbffb573a185be651532a14c2b4ddba62b,true,ps2 textures\opaque\bp_remade,true,false,0,none,false,5,false
kitabup2b.bmp,d22bcf2c45975a86ca5ac303ce8ba9d9c9b8482a,f117eee80d141279f68ae3cd9c5bd0b4d5d86823,true,ps2 textures\opaque\bp_remade,true,false,0,none,false,5,false
kitdaif.bmp_f955769afe56243c99ca706b761e63b1,ee4471fdbd46659afcc64c90695dde3dd9c5c211,6fdb97acca86a512527144c3f89798af0bb18955,true,ps2 textures\opaque\bp_remade,true,false,0,none,false,5,false
kitdaif2a.bmp,58e5352ddc4c22c426f3c979c421edda3b308e54,3fcc5e5e7d19d1c52464e7937419b3f83be060b0,true,ps2 textures\opaque\bp_remade,true,false,0,none,false,5,false
kitflymoto.bmp,f4b11e8da65f429ecf1b4eb55c4af1fa85925c49,aca0a5ccc20ae5a817848f272fbdfbd5bdfb775d,true,ps2 textures\opaque\bp_remade,true,false,0,none,false,5,false
kitflymoto_s.bmp,0f5d4088460f27999a9a34c3ce6eb2b7a5c125a1,0fffd481583ec37dd5121ebab4cc7185dead25cd,true,ps2 textures\opaque\bp_remade,true,false,0,none,false,5,false
kitgas_t.bmp,918628f361983118e7ea7df8b0f4c7f619932fef,794340f4cb07b42889831c99a8a0ef1d261da3fe,true,ps2 textures\opaque\bp_remade,true,false,0,none,false,5,false
kitkabf.bmp,40d4227d2bb698d8f91bd0d5899928f3db21d9f2,6ad61b146db916f16e8db5cdcca70861d2be3ff9,true,ps2 textures\opaque\bp_remade,true,false,0,none,false,5,false
kitnab_c.bmp,92e3b2cdce3ea93aef125041670f68625d04260f,360837189285bfca0d9ca1c5c62a5cb7f400c6a3,true,ps2 textures\opaque\bp_remade,true,false,0,none,false,5,false
kitnab_s.bmp,41cbf57db6a02f11b20994c17e3fcf05888c22d7,213b1efa5a093553119c98462ff0e8a652daae1e,true,ps2 textures\opaque\bp_remade,true,false,0,none,false,5,false
kitnabd.bmp,bd78722f431a64f3bcc4fe08421a08a8bb2b6137,dcffde8c4d3ab788273b02244b6b5c450d24fd85,true,ps2 textures\opaque\bp_remade,true,false,0,none,false,5,false
kmo_droppings01_alp.bmp,5e8c97e46274d6a8a54ee35425837e31c47f4305,77fb8b17bed2f7c47f7adc184500234983b03491,true,ps2 textures\HAS ALPHA\bp_remade,false,false,0,none,false,5,false
kmo_droppings02_alp.bmp,4fd6cafea2e9fa3ff256be651b9af2e91cc910ba,3709eb311421b60b60922e28bf4e77bf6f584b18,true,ps2 textures\HAS ALPHA\bp_remade,false,false,0,none,false,5,false
kmo_droppings03_alp.bmp,c5276e7278e3d53aa2361e60ab1568ff7e5c46bb,972968878d1e2a7b15d831a07ef09ed7598b34b5,true,ps2 textures\HAS ALPHA\bp_remade,false,false,0,none,false,5,false
kmo_droppings04_alp.bmp,7ca625e7f7b63d06385a1a6bd7dc36e513fff40e,26f4274599a79fe4ce8545d5993d40815f3425e7,true,ps2 textures\HAS ALPHA\bp_remade,false,false,0,none,false,5,false
lifeboat_body_back_01.bmp,b478303db5a3be26fecc9fe5c81b79c0ffc7448a,1473ff8baeed5c71620a0bb871915785aef50260,true,ps2 textures\opaque\bp_remade,true,false,0,none,false,5,false
lifeboat_body_center_01.bmp,a8463f9dcbceb4176e2d71301b70d5192d0f7491,3e6bfd819986c44ed8b9b7289e1fb75526e299ea,true,ps2 textures\opaque\bp_remade,true,false,0,none,false,5,false
lifeboat_body_front_01.bmp,d4e1b0810657d89f923e12d44f8035f70859ba8e,729e4b6cf29ad0fd473e9e59ef250b995ba17e4b,true,ps2 textures\opaque\bp_remade,true,false,0,none,false,5,false
lifeboat_fin_01.bmp,0472e35cce8d94a11fadf6995fbe52e8e50f7a4a,ac1a74120ba289003d8145c56a857082952048fa,true,ps2 textures\opaque\bp_remade,true,false,0,none,false,5,false
lifeboat_window_back_01.bmp,902761314c2c09c08ace33cb431e29a4ee34b4c5,9807b62b78e2a1272ed1d001d1a58c5868e682a8,true,ps2 textures\opaque\bp_remade,true,false,0,none,false,5,false
lifeboat_window_front.bmp,7b875c7bc08ebd985f414da5dc793fbd386d3b33,7126858f20808cefcfd8c556123dfc01337ad3a2,true,ps2 textures\opaque\bp_remade,true,false,0,none,false,5,false
lnr_amo_s1.bmp,8483aff9915ead13c1a11259c10ebcb8f9c5fb17,6c17054fad07b2bee6a358f1037cc53483c70f24,true,ps2 textures\opaque\bp_remade,true,false,0,none,false,5,false
lnr_body.bmp,277397d64811546c6a58d9816954b26b64c3b287,914058a661357d9982764e6e41c4d831e03ea3b8,true,ps2 textures\opaque\bp_remade,true,false,0,none,false,5,false
lnr_body2.bmp,f6f1b491a408bcfd168c0d870e7c5af70262ff81,87ca935e38d357040081f0a7681c732c7a9fa73e,true,ps2 textures\opaque\bp_remade,true,false,0,none,false,5,false
lnr_body2_kim.bmp,29aa89124d1b9f771c5b93e7114c36dcacbb4952,87d7afad8ca1df29b86cb2aceb9960289b8fbbc9,true,ps2 textures\opaque\bp_remade,true,false,0,none,false,5,false
lnr_mag_kim.bmp,21994782e9deca7261307bf1984131cec27113ac,73343fd136550606cdee2ce922b5835e316dedd2,true,ps2 textures\opaque\bp_remade,true,false,0,none,false,5,false
lnr_rail1.bmp,a4aaed67a6341724df1c8bc1206473efd78a54a2,73a006ca1038ac99f418c77158bacef5b6f3d49a,true,ps2 textures\opaque\bp_remade,true,false,0,none,false,5,false
loc_01_soto.bmp,68cc1c1b5efb846afb71009c62845a02d79cab41,0b6a0f41fcad2dea7feb2d24dad1de9d9313602b,true,ps2 textures\opaque\bp_remade,true,false,0,none,false,5,false
loc_door_07.bmp,cbfc53215a59754e88a9a6e955be7fb7e0f3944f,b19df1623cddc2cc2d2fe7d3912ecc4758eca7c5,true,ps2 textures\opaque\bp_remade,true,false,0,none,false,5,false
m3l_dk2_07.bmp,5230f0ba84621221814fd73d967195351054829f,083bea28d212aa06aa6b75803256c5b7bc048d29,true,ps2 textures\opaque\bp_remade,true,false,0,none,false,5,false
m3l_dk2_08.bmp,6cec36f34267fdb589ebcaea306c64bd32d64702,b5e10620536aca41e6d9499fe70c04ed9ec15355,true,ps2 textures\opaque\bp_remade,true,false,0,none,false,5,false
m3l_flo_06_bld090_ovl.bmp,e3368b0804ac8ade948027e0b20ccc47cc2c7110,244e20319b5077a4ba8976854ff5fd0d09841814,true,ps2 textures\HAS ALPHA\bp_remade,false,false,0,none,false,5,false
m3l_flo_08_bld090_ovl.bmp,b531a43dbd75eaa118e8a759f51b67cf06e7a409,70890fe758c1dccd65fc1be097ea06b22d306aaf,true,ps2 textures\HAS ALPHA\bp_remade,false,false,0,none,false,5,false
m3l_flo_09_bld090_ovl.bmp,726b393a1e07e16f4bf6f9a39c087232abbe867e,588cb02b1d38652ff189d54b3ab5f4e32c157cb2,true,ps2 textures\HAS ALPHA\bp_remade,false,false,0,none,false,5,false
m3l_flo_medibed_bld090_ovl.bmp,adb8e0001dd0c832410a8c2061823b8c45d9177f,f5b3f3e72820088e5905621d622ec50f9e27fd2c,true,ps2 textures\HAS ALPHA\bp_remade,false,false,0,none,false,5,false
m3l_gou_02msk.bmp,e51a8353371dece6a1942a3ea30f7ca8a25e4702,36bb9b4cd97cc1be867153de012c8be0e1cee838,true,ps2 textures\HAS ALPHA\bp_remade,false,false,0,none,false,5,false
m3l_gou_bed2.bmp,726ea0a2a2ddef383b0e09d0fb0deb4a937010e7,32a673899a08e2daa41aa49407700f219c64e3e4,true,ps2 textures\opaque\bp_remade,true,false,0,none,false,5,false
m3l_medi_wallt1.bmp,94b00164b716e74d77edc0a3c67bb32c25f19e2a,2f1c0d846d3c727b71b641b3811dff93f605c40f,true,ps2 textures\opaque\bp_remade,true,false,0,none,false,5,false
m3l_medi_wallu1.bmp,2eeed35b59c72c9118e64e1d1ab485adf9876fdb,0ecde3320284b41e9076dec714abbc4cd328e7d2,true,ps2 textures\opaque\bp_remade,true,false,0,none,false,5,false
m3l_par_under1.bmp,0c7eb9d073203dfff5198d5e7b5484309f17de4b,f3244338eeea10d4fa132d8884540a5bd3a68426,true,ps2 textures\opaque\bp_remade,true,false,0,none,false,5,false
m3l_par_wall4.bmp,40ff1dd896638e763ff2ad323ff6794f80896afa,038449dc4786c0deb2afb5f994694a9e1a1cab5a,true,ps2 textures\opaque\bp_remade,true,false,0,none,false,5,false
m3l_ten_03.bmp,a78c2e7f1b45027b11b6a49314754cb293925f23,5143f2b5e4e083bcd654fa8139491ee1795ed8a0,true,ps2 textures\opaque\bp_remade,true,false,0,none,false,5,false
m4a_all_t.bmp,b56ca4df2fba0aac313126b9eeff3b2ace6fdb51,a29a9bb36599337cdd647e306b9ab5979b55c385,true,ps2 textures\opaque\bp_remade,true,false,0,none,false,5,false
m4a_gl_unit.bmp,b3fcceaab0ab1a7277d988483e9360fee637cfa8,ce60aff412322ee4be7b65023af6facd2c5ff181,true,ps2 textures\opaque\bp_remade,true,false,0,none,false,5,false
m4a_gl_unit_2_01.bmp,4dfbb1ca48fd6f6148d2bcc03b8c3b8bfc6c269e,aa0d0230621749b74179ca93e6bcf54498ddd244,true,ps2 textures\opaque\bp_remade,true,false,0,none,false,5,false
m4a_light.bmp_5758ef839d43e13183cf3678664d0e6e,82c5cf7c35ccca999b4ac3a4c74bb12fcf37c0f2,ea65d5eda078737f36a5ed5d1c2cadc4052f9295,true,ps2 textures\opaque\bp_remade,true,false,0,none,false,5,false
m4a_s2.bmp,0d9d7cd60589a4c4e36c53b8507f082490340b3b,8c12afef72530629c84ec319a0b8aa48ce6322ee,true,ps2 textures\opaque\bp_remade,true,false,0,none,false,5,false
m4a_sb_s1.bmp,367261b469764a021091076216fb358a130d63c0,f9d19dfe45ee8aad14c1c85ce2dbfa45c4ec872f,true,ps2 textures\opaque\bp_remade,true,false,0,none,false,5,false
m4a_sb_sight_msk.bmp,43b86de5b1c49324c6e59803b39dde46e2f0f652,971c123b3ba11a6a7073d8b57948671022917776,true,ps2 textures\HAS ALPHA\bp_remade,false,false,0,none,false,5,false
m4a_scope.bmp,2a459d93992c2b2d313b4f257d23549480e0a651,5c8750dc85e7c0cf5233e8eed722263d51061e90,true,ps2 textures\opaque\bp_remade,true,false,0,none,false,5,false
m4a_t_msk.bmp,6138d04486deb87b78e6142465baf40be6b6daa1,771ea5906a3d4377b0164106600f746b88c6967b,true,ps2 textures\HAS ALPHA\bp_remade,false,false,0,none,false,5,false
m4grn_bul_high.bmp,75587a7769fdd02fce6b6e51c32cb71f3e117502,001881419688323191c816e221bde91c8ca3228a,true,ps2 textures\opaque\bp_remade,true,false,0,none,false,5,false
m4grn_emb.bmp,6a56885623a4d466739fc65aa5e022ce278073b8,b884d6c684c36a4373adcb5bed80f0373c10b7dc,true,ps2 textures\opaque\bp_remade,true,false,0,none,false,5,false
m92_all.bmp,ed7057f099290a0de9d5c0667088e53a4dcc031e,0a0d1f04fe93622927ed7e8241fcebea94e2722f,true,ps2 textures\opaque\bp_remade,true,false,0,none,false,5,false
m92_bul3.bmp,247638a96cde254ae4948ecf79e335357623f84b,70a775921f5df062ded3e699f79386672fd546e9,true,ps2 textures\opaque\bp_remade,true,false,0,none,false,5,false
m92_jyuukou.bmp,771dee42451f39ccfd98477c6dfc12e80816e90f,976fe4f84b3ee66d35683593de8dc2d3f7498c7a,true,ps2 textures\opaque\bp_remade,true,false,0,none,false,5,false
m92_laserpoint_f1.bmp,d6ff2a468a7b4e9557ba0809331478f8a06a1dd5,1c50789c08e4dd06398aebced9cffd63835d1acb,true,ps2 textures\opaque\bp_remade,true,false,0,none,false,5,false
m92_laserpointer.bmp,4df44db76b02222428b5ffbbbea8a5a697db3998,b5bc57524869b82dc51cc624078096803d5e3b29,true,ps2 textures\opaque\bp_remade,true,false,0,none,false,5,false
m92_magazine.bmp,0107444199e318b0517e27f71703affec9af998f,619fa73ccc24edbb5f00607d90e5cc2701f2291f,true,ps2 textures\opaque\bp_remade,true,false,0,none,false,5,false
m92_pointer.bmp,fb36786b5b544277ca1d06eacf4903ae84a6e803,4e2583f56f2c7f024ac9a339b08e4ec3f858c491,true,ps2 textures\opaque\bp_remade,true,false,0,none,false,5,false
m92_sb_all.bmp,925ec1fc8743f1694aa88bf62b5790dc33bc25ae,286af333f343f65bcb1f81aea8a9add610aac6fd,true,ps2 textures\opaque\bp_remade,true,false,0,none,false,5,false
m92_sb_all.bmp_934c22e984e448da6c9f91fc36e0c08e,8ad8ed73a722948ed7aefd7003c046cb43ec70a9,6448ef8471efd67e9a9563fda360915b0cd0d1c5,true,ps2 textures\opaque\bp_remade,true,false,0,none,false,5,false
m92_snk_all.bmp,fcb90e34afb198acf4a6348bbbdb168f9b9e415d,5a087249419951d8f8cbc2907b3e76de58e98835,true,ps2 textures\opaque\bp_remade,true,false,0,none,false,5,false
mark_05.bmp,1beb7f3e5c44db85760ac71a8290412545480017,d2bad625276d77a432ccdaf7a84fb80a5ec39e52,true,ps2 textures\opaque\bp_remade,true,false,0,none,false,5,false
mog_loc2.bmp,3d60495756b2c598be2b1c0e5e60c4229df6caed,eef1bd05adfd9cefba2f8546424a23512f10da3b,true,ps2 textures\opaque\bp_remade,true,false,0,none,false,5,false
mog_loc2_inner.bmp,42f5b85c9111eea93b0da005e668e45e9edaee9a,df8906d43674242e0df8e36f9779e413f33180e2,true,ps2 textures\opaque\bp_remade,true,false,0,none,false,5,false
mog_loc2_inner.bmp_d7f08e98a624c2d19b0451eccba4fc48,4c6b98b72ffe774fd3785ae6bbb6804fa21ddf01,85994b1084acd35cf4babf21eb1fc4e3ebd63e5d,true,ps2 textures\opaque\bp_remade,true,false,0,none,false,5,false
mog_loc2_top1.bmp,820fbed425a5014c1e64c255e6eaa058ea7042dc,a822f9ddccb85b859a16d87cfb147d2d1c494d17,true,ps2 textures\opaque\bp_remade,true,false,0,none,false,5,false
mrl_waist_pack.bmp,1440c0071b9bd1a5259aeaeb33269185a260522d,45bb49d21482830bf48d089443091bcd1a7c5170,true,ps2 textures\opaque\bp_remade,true,false,0,none,false,5,false
nkt_body1.bmp,db39a0b988ba6963d4408f3a02a0998130c98b16,7c41cccfcd4c8abbb6ebad4c0df45810118a56a0,true,ps2 textures\opaque\bp_remade,true,false,0,none,false,5,false
nkt_box.bmp,8452f612b1104167d5dad3b6d21716a32daa1276,c623a7d53cf8d6808ef5833159bf7baed6d0ad78,true,ps2 textures\opaque\bp_remade,true,false,0,none,false,5,false
nkt_cam.bmp,fbcb1473e3f5b716597d9731b610590c5dd6c365,8c0dca75df08ed9ae8460cf647b1c0c762e382bf,true,ps2 textures\opaque\bp_remade,true,false,0,none,false,5,false
nkt_grips.bmp,dc38310bff6086af86d3f3aaceefcad0b8fcb382,e641ad47c5ff65037ab11e2263ffc1ef3cc5988a,true,ps2 textures\opaque\bp_remade,true,false,0,none,false,5,false
nkt_msl_body.bmp,5b40f03be2416347677d4b545761fe0e8f0f91b9,f7860a698a0d37ba6c264c33ebccbde4b48f0de6,true,ps2 textures\opaque\bp_remade,true,false,0,none,false,5,false
nkt_msl_body.bmp_783bdf47a2cd4bcfd8edb391e2c88da4,ae5070d0ec4d1231865cd92cbc8d9d041defb87b,ca9730b50b5881059c14bb1fd1435b258dc3aca5,true,ps2 textures\opaque\bp_remade,true,false,0,none,false,5,false
nkt_msl_fb.bmp,397b3bee4fff959caedb6cb11b64f6fe1b06f04f,7f6339416a12a593dc5407c184933c8b9a01de21,true,ps2 textures\opaque\bp_remade,true,false,0,none,false,5,false
nkt_temp_tx.bmp,24165a4b495d3d9a0479eed1521855ee5e1a4cc5,6eb90a4b35308558572c443e4b09aa40e35e7832,true,ps2 textures\opaque\bp_remade,true,false,0,none,false,5,false
org__arm_ovl_sub_alp.bmp,58519071033d8cd7e65be8b616fa1d363fc763e2,1ce15ffa2dca6bbd18dd80516b2170675bb60fa7,false,ps2 textures\HAS ALPHA\bp_remade\no_mip_fixes,false,false,0,none,false,5,false
org__should_ovl_sub_alp.bmp,067a07705f2381eb3c213e4480d1a9064035484e,f353bd8fab48c9845ff1dab6f3a7f9ae0696d1a0,false,ps2 textures\HAS ALPHA\bp_remade\no_mip_fixes,false,false,0,none,false,5,false
org__waki_ovl_sub_alp.bmp,c99b5af5e5ae914942de1ebdb51454237cf9632a,27b009075a420e9b5df144146cd3fa870bfad75f,false,ps2 textures\HAS ALPHA\bp_remade\no_mip_fixes,false,false,0,none,false,5,false
org_arm3.bmp,405ba6087a5808bfbc8f579a2c77f3343691ff44,c1556a4124638a41a1e49ab8e1446d64a354a6ec,true,ps2 textures\opaque\bp_remade,true,false,0,none,false,5,false
org_arm4.bmp,5cca02a0b31166f12882adec92b8ff0c9123d3af,c716407b2813e6b77ffc71318db36aa36759117b,true,ps2 textures\opaque\bp_remade,true,false,0,none,false,5,false
org_arm_2.bmp,73cd212010c617db01c64e6c0d7c09ce0f9bf080,7f60be547f12ba9e5168695851f39a15d3399643,true,ps2 textures\opaque\bp_remade,true,false,0,none,false,5,false
org_b_ovl_mod1120_alp_emap.bmp,23c9e22b66578b56f807ddb8d94e21b5803445f2,144a701e0fd9fa3bcb69b0c1a86c0337f10b0415,true,ps2 textures\opaque\bp_remade,true,false,0,none,false,5,false
org_band2_alp_ovl.bmp,cf5b964a5434857333de018ff912cefea947f2fa,ba4d2eaff51d9b4e4ab2bc13d4fc704bd7c4cdfe,true,ps2 textures\HAS ALPHA\bp_remade,false,false,0,none,false,5,false
org_band_alp_ovl.bmp,d9aa22de974d24567988e0ec5ca225a42aa4f5fe,383433b788f627841d7963f639d8a76639513a33,true,ps2 textures\HAS ALPHA\bp_remade,false,false,0,none,false,5,false
org_belt_ovl_mod1120_alp_emap.bmp,bd3772fe3157018be7d90b25eb7b6100b1fd594f,5fd54060ba754e0ca1b76ab0ee169e36a6c41b3d,true,ps2 textures\opaque\bp_remade,true,false,0,none,false,5,false
org_body2_alp_ovl_sub.bmp,a539c5d87e2c706ba5148cb1cf6042f16aaafdfe,30cdefcea7c7e608531cfcc940e2f17786e46e7a,false,ps2 textures\HAS ALPHA\bp_remade\no_mip_fixes,false,false,0,none,false,5,false
org_boot.bmp,a452bf160b8332eda811a3d0953516bcc8202ba4,dd7013d0d0bceddbab2e469e1f2e2afa69a3ddb1,true,ps2 textures\opaque\bp_remade,true,false,0,none,false,5,false
org_boot_bt1.bmp,7fc27c2744dacd059dd43c4a7f0efff581386827,dd647dc506f029084aead82ec2d31885b0af0e72,true,ps2 textures\opaque\bp_remade,true,false,0,none,false,5,false
org_chest.bmp,74a0f70eb0f9aae330aa406c5cefd4edc8e5f278,35e629f054ab68d3dc569b973f99ae96e69834ac,true,ps2 textures\opaque\bp_remade,true,false,0,none,false,5,false
org_dt00_mouin.bmp,7a763fb26e9369cc49e3ded2b1c3d06e1f8b390a,d502f1e645b7c2c8153f586dcd6d5a1c5dda3fe9,true,ps2 textures\opaque\bp_remade,true,false,0,none,false,5,false
org_dt02_mouin.bmp,3f450cc85a7455f3874c92ac780c46c1bebbbe52,a275c28655027bfeff9a9a362b70a77a06626ce5,true,ps2 textures\opaque\bp_remade,true,false,0,none,false,5,false
org_dt04_mouin.bmp,a1da2aefa7b77bb2de2bad3cf7a0567bdc657ecb,daaaf24937eadf28ad6e1b6aad24c1defd247693,true,ps2 textures\opaque\bp_remade,true,false,0,none,false,5,false
org_ear.bmp,05e0da7bd312162d21d88916fadee4eebb5b4c3e,f8cf226bf35aaedb10e2e0c075ec245a73b9c0cc,true,ps2 textures\opaque\bp_remade,true,false,0,none,false,5,false
org_ear_ovl_sub_alp.bmp,81bd5eed4ec38c84a196e449c2cbd9eda6b04507,8370045325798e216bc17a6786a3750437996d67,false,ps2 textures\HAS ALPHA\bp_remade\no_mip_fixes,false,false,0,none,false,5,false
org_eye.bmp,57b3bfc22f0847499a99e04f2a3923a7f35f17f9,186f8b35ee66b961e9e14877269872eaaec791cd,true,ps2 textures\opaque\bp_remade,true,false,0,none,false,5,false
org_face.bmp,d2e38a62e17ed286fecb879882bf69843731c761,89e4012fec0fb26ddf1057a884dbf58042da9812,true,ps2 textures\opaque\bp_remade,true,false,0,none,false,5,false
org_face_sub_alp_ovl.bmp,d0e536ce9d04d56ba3316c018bb310c84324c9bf,2eee536cfbadedd472a27e57ba85a87a987237a4,false,ps2 textures\HAS ALPHA\bp_remade\no_mip_fixes,false,false,0,none,false,5,false
org_foot_ovl_sub_alp.bmp,174de5b3762ef5f0e9b5f3b24b618b904eec7f0a,d5e2b1e480ca9174d0ad7d0342a667723a6d518a,false,ps2 textures\HAS ALPHA\bp_remade\no_mip_fixes,false,false,0,none,false,5,false
org_hair_alp_ovl.bmp,6c6a93a1fff0e860b363f5a0d8ccd284a430eb43,ba66609b8b0fff649f2f152e0705b25eae8efdcf,true,ps2 textures\HAS ALPHA\bp_remade,false,false,0,none,false,5,false
org_hand_all4.bmp,b666e1ef6f2dfd1830fa7e2a6a066161754a0420,2b9f22d16da0bfc59e2878317c77e55734e38851,true,ps2 textures\opaque\bp_remade,true,false,0,none,false,5,false
org_hand_ovl_mod1120_alp_emap.bmp,bb6c97654ebb3be20109e3d819a31b1a3969bc13,ba3bcbacd37775f40ef1ad07f6bfbd9037ab90e6,true,ps2 textures\opaque\bp_remade,true,false,0,none,false,5,false
org_hatfront.bmp,61a1d4b4ad7ba2131bdcd1cdbe2014b3712de32a,8dc68fc2dd000faf372a8bfd5ff97a637961b011,true,ps2 textures\opaque\bp_remade,true,false,0,none,false,5,false
org_hatsaide.bmp,3b7609017009e1c745b2d4bc17ac1fba65a91fb8,1da4ebe109e104feb9ccd50acbf47543a287110d,true,ps2 textures\opaque\bp_remade,true,false,0,none,false,5,false
org_hatup.bmp,e5ba58c018ca0775170ddfb25a6a39f2ab46b2c3,495263061a52df106c97fe147c42656941376583,true,ps2 textures\opaque\bp_remade,true,false,0,none,false,5,false
org_hi_finger.bmp,e7bf64e16591ae022ae77092df5a5f07ad8bfda3,c78c408ed970f5cc11ef109ddf03d938db43563e,true,ps2 textures\opaque\bp_remade,true,false,0,none,false,5,false
org_hi_finger2.bmp,fb3ca0e7ab9d43a7aee45c547ebad610cf66a37c,5396270b8510f006b960732ee1adbaedf38b337a,true,ps2 textures\opaque\bp_remade,true,false,0,none,false,5,false
org_hi_hand2.bmp,50ab9a31fcc95c689be5d59e0e6c9c0231762f27,feb704854bf9945447ae5020f5fd180ac3fd33d2,true,ps2 textures\opaque\bp_remade,true,false,0,none,false,5,false
org_hi_hands.bmp,a68e280e344e7420acba427b3f0418a24da66032,2bba78ce8e87b1262f14b97a3dc03d91926e036c,true,ps2 textures\opaque\bp_remade,true,false,0,none,false,5,false
org_leg00.bmp,82b525b215126c7585b3856da075ac7738c2f7f7,e5d0c98e6a601209e863ad5493b45f6096459182,true,ps2 textures\opaque\bp_remade,true,false,0,none,false,5,false
org_mil_hair_alp_ovl.bmp,d823cad01b35a625f0da2db162fa60ca481bc0cd,bf8a631f9af582cf097682695c652c137eaab1b4,true,ps2 textures\HAS ALPHA\bp_remade,false,false,0,none,false,5,false
org_mil_re_face.bmp,e81a4863af7ab88b52ac5da073efbd3c2b15559c,d94a16dd54901cdbc445113066c2ce73985f632b,true,ps2 textures\opaque\bp_remade,true,false,0,none,false,5,false
org_mouin_all.bmp,748f739e427d83acae57f82679109a8269b9a44a,d68a22d148fed2ad0ad8839f492c1572d63503ef,true,ps2 textures\opaque\bp_remade,true,false,0,none,false,5,false
org_rapelsate.bmp,0e2a2d24d8340f2810546b8624593de7661dfd99,9480034ab9fe51f01aae93a395b7a5751ae20bed,true,ps2 textures\opaque\bp_remade,true,false,0,none,false,5,false
org_sknc_all.bmp,d1cf0dad85d495068ea7fa11fd4c240156b48439,0b4b87304fd88546b520337e8b563f0d546d44c8,true,ps2 textures\opaque\bp_remade,true,false,0,none,false,5,false
org_ut01_mouin.bmp,535f139bc0337a0331787bf2b676f520a28e2ec1,b514bb6eafd9ae0870658b644a29a08c7fb69c28,true,ps2 textures\opaque\bp_remade,true,false,0,none,false,5,false
org_ut02_mouin.bmp,04e208f7d2f343830020fde1f3f72240036016f1,243e441630e30149d4f668b227812d2d5f03795b,true,ps2 textures\opaque\bp_remade,true,false,0,none,false,5,false
org_waist.bmp,822a9f4bc2ef3e4593c05bfd3cc11b8c54fbbd98,16b1fc125a85135ded140530bd7750a6831e25c8,true,ps2 textures\opaque\bp_remade,true,false,0,none,false,5,false
org_year.bmp,bab094eaf45ef2c2892c5af7fe6264146703682a,1fa2521afbdf39ab197663457be0983b6a01400c,true,ps2 textures\opaque\bp_remade,true,false,0,none,false,5,false
orn_arm_dt01.bmp,86e6dd233b49faca46df7f4c32fde9513d75d451,c86b2892a2866edf6f0ca259c5d10164d6cb278e,true,ps2 textures\opaque\bp_remade,true,false,0,none,false,5,false
orn_arm_dt02.bmp,a1d76b5406889cb8e521b7141415f9bdc4b54538,7cd085f5a0d7be5919f5055bf5f69d3b0bf25cbb,true,ps2 textures\opaque\bp_remade,true,false,0,none,false,5,false
orn_arm_dt03.bmp,77b93c2d163f4f66235fe3a61bf8eeff5c11cce3,1e274a6dd2f4a6d3f60c6b9f8567160f0b3eb5f5,true,ps2 textures\opaque\bp_remade,true,false,0,none,false,5,false
orn_arm_dt04.bmp,f2afdb2644245bf120674bca34921af0389b7749,d0949ba15ad58960fbb351d562549794dccc619b,true,ps2 textures\opaque\bp_remade,true,false,0,none,false,5,false
orn_backbone_dt01.bmp,3e87e8d61dbd83f83820aeae69023f6328dc2d6c,984d40bf80db7c0a8a0af459b3b4327bba3e88d8,true,ps2 textures\opaque\bp_remade,true,false,0,none,false,5,false
orn_backbone_dt02.bmp,47268fd31212f587644351479819323cf750b67b,dc31d03e84bf7cddf6d7e332927d4bcca2be899f,true,ps2 textures\opaque\bp_remade,true,false,0,none,false,5,false
orn_backbone_dt03.bmp,6d5e513477b09626af8291a003577cb6ff4c02a8,8cf285988eee2c37d6135b7c083920fe68630450,true,ps2 textures\opaque\bp_remade,true,false,0,none,false,5,false
orn_body_dt01.bmp,b34e0770eb6e1b04db00b5ff1d5ca84e1fbf6b27,ff9953384041c7550b774a63c5d54b5f02a17463,true,ps2 textures\opaque\bp_remade,true,false,0,none,false,5,false
orn_elbow_dt01.bmp,ff42978b498e32c2630de2b28b60336335acbac6,d0c54facc0cc8f8a45aecb11edc973128093b4e3,true,ps2 textures\opaque\bp_remade,true,false,0,none,false,5,false
orn_finger_dt00.bmp,a54659770e9fdaec74fab9151b8ea9dc658b6fe0,24dd1d6b575c91d444ff877a1f925541f7148286,true,ps2 textures\opaque\bp_remade,true,false,0,none,false,5,false
orn_finger_dt01.bmp,86c42127a9f63dcb5e1cf77c2ef4da8bf90529ec,9fdd5bd9040251a9e6008a10fccd4ac490fa24e6,true,ps2 textures\opaque\bp_remade,true,false,0,none,false,5,false
orn_finger_dt02.bmp,f0ffda91dc29bbbaf01b3ec21a010d9772b11dd8,533d53f7b814cfa47c6f18e0ca464c01bdb0df5a,true,ps2 textures\opaque\bp_remade,true,false,0,none,false,5,false
orn_foot_dt00.bmp,0917acf09b6df6d250d9aaf82937234ee3740c6d,86d679eea084c4495a4e4dd034082bd54a02e63e,true,ps2 textures\opaque\bp_remade,true,false,0,none,false,5,false
orn_foot_dt01.bmp,6a36d5e448952efa383b24ca1b54487991be13e6,acc65bbf5c47663801aefe46b8cef9c8490d806f,true,ps2 textures\opaque\bp_remade,true,false,0,none,false,5,false
orn_foot_dt02.bmp,ebf1facae4072b924f47f75d44e90fd32e519b74,312b30c718b9a331fbd4c1ae24876ebaceabf147,true,ps2 textures\opaque\bp_remade,true,false,0,none,false,5,false
orn_foot_dt03.bmp,911f649b59c42b0a6f772b71e6aa3cfe03add801,43ca6de7dc2884bc71c5652eae02cef9640c5cd1,true,ps2 textures\opaque\bp_remade,true,false,0,none,false,5,false
orn_hand_dt00.bmp,2ed8ececdd5d5e2085349347b76771b6ba912524,4683397834b63378138b847850043729fe63b240,true,ps2 textures\opaque\bp_remade,true,false,0,none,false,5,false
orn_hand_dt01.bmp,3bb29439e25b247d9b2c1e9da64d7b2441f4edc9,25082b1c80f8f468541229848ecce8fbed7cc8b4,true,ps2 textures\opaque\bp_remade,true,false,0,none,false,5,false
orn_hand_dt02.bmp,48b15fe96d108e48292b54912a3768b6e9cf8abe,f1cd8529ae53ea5d9316e9ad4c17ba8310c15333,true,ps2 textures\opaque\bp_remade,true,false,0,none,false,5,false
orn_head_met.bmp,89dd2fbe2ba371041151e3bf57c5facdcee4ed99,b84f00fc4028f5f659a6fa8a7defb9b3fe3ebe36,true,ps2 textures\opaque\bp_remade,true,false,0,none,false,5,false
orn_head_met_alp.bmp,9cb2042eb77911b947c5266cda66af27277c7a70,f4e8216688dcd1598a3531ca0bb131df58c58383,true,ps2 textures\HAS ALPHA\bp_remade,false,false,0,none,false,5,false
orn_head_met_sub_alp_ovl.bmp,7530269dea7ebf55a30c5147ef70b092038e5c53,de1e5452f91da9563c4b88563cdee7570c0792a0,false,ps2 textures\HAS ALPHA\bp_remade\no_mip_fixes,false,false,0,none,false,5,false
orn_helmet_dt01.bmp,1656ea87a6a3213decd8a5f8fb3c18bcd69dfdad,ffb60229644bbec3a6ae829e9d6c4ed9b9decf2f,true,ps2 textures\opaque\bp_remade,true,false,0,none,false,5,false
orn_helmet_dt01_sub_alp_ovl.bmp,2d42426bf2be930601ad497762114e6e57391f8e,662db56e960bfb66aceca8fb840f032aa10e4d3c,false,ps2 textures\HAS ALPHA\bp_remade\no_mip_fixes,false,false,0,none,false,5,false
orn_helmet_dt02.bmp,4b322c5aeaed3e9adfdde97318a3b32bd682aefc,79d6c0d4cddce77d9b1f1a995fb7d3a7910a0531,true,ps2 textures\opaque\bp_remade,true,false,0,none,false,5,false
orn_knee_dt01.bmp,991ad4157d84f2866d986c6c0830e354a34759e5,52f7494850b42914e963146c099296715eeeea2f,true,ps2 textures\opaque\bp_remade,true,false,0,none,false,5,false
orn_leg_dt00.bmp,f6ef6c99d9db2f81692be172b74cf5ecb109e885,3785bae616290e5906db7feb7deb27a50ed2dbc2,true,ps2 textures\opaque\bp_remade,true,false,0,none,false,5,false
orn_leg_dt01.bmp,b8c2b7d40689d17ae1f41f263bad5663ddae9c28,c5992c143bff1485e799469ec53cd84957e0fab4,true,ps2 textures\opaque\bp_remade,true,false,0,none,false,5,false
orn_leg_dt02.bmp,bdb103a3ed54bd61592db31416f38357e2160935,34168661940b37d37430f06caab49618b10b2211,true,ps2 textures\opaque\bp_remade,true,false,0,none,false,5,false
orn_leg_dt03.bmp,d328851b1d23df54c0b7bf2a36a0012245b499ac,cbd8ef53053b554eb8aa3672c6d2fe937ee079ff,true,ps2 textures\opaque\bp_remade,true,false,0,none,false,5,false
orn_leg_dt04.bmp,4bfe335c1678a0386b317bf7add729bc82deb188,4305cd557a607730e4ff521b0b1c5aac47ed9a57,true,ps2 textures\opaque\bp_remade,true,false,0,none,false,5,false
orn_neck_dt01.bmp,9b5e0e38d9b7ea3bc982e8c099f1c48b74dee7e3,b8cae4365e5fb7e5dfd613b54e758046efa2e64e,true,ps2 textures\opaque\bp_remade,true,false,0,none,false,5,false
orn_should_dt01.bmp,8dfc818143076ee25edee0e5b0142f279243d905,7be8adb1706ee8039002b4117d38185514422a4d,true,ps2 textures\opaque\bp_remade,true,false,0,none,false,5,false
orn_should_dt02.bmp,cce66f642cf56365779a7330951bdb54757096cb,6af2e74366583ab3619f403fb8fe96df93d15931,true,ps2 textures\opaque\bp_remade,true,false,0,none,false,5,false
orn_sld_cover_alp.bmp,a067b72d074e0068f5a110d25edebfa1366e9252,d90ba1f5618fa5c642a7732d177db8bae2413694,true,ps2 textures\HAS ALPHA\bp_remade,false,false,0,none,false,5,false
orn_sld_mitsubishi_alp.bmp,ab0ada23225f78f739f96bb8d55dd3128dcc8b65,c66a5d0a1d62139ce261f61009b05041c37b765c,true,ps2 textures\HAS ALPHA\bp_remade,false,false,0,none,false,5,false
orn_sld_noiz_alp.bmp,fa83f49d6d5ffc496c764e8e95dce60db2bac783,4529d240bd5bee9e64b7f7308db11c93c610f301,true,ps2 textures\HAS ALPHA\bp_remade,false,false,0,none,false,5,false
orp_arm_moji.bmp,5072ebe1ab513f1f2fa1b378e5e8bb74609b92fb,50af5b410bbb25b24ebdd7609ae8414789c3bee6,true,ps2 textures\opaque\bp_remade,true,false,0,none,false,5,false
orp_band.bmp,88d4ea9cad501790c31a57d3349b7e312edf7a4f,c140e95edb29b03e19f5d0c0b89b975e525b06f0,true,ps2 textures\opaque\bp_remade,true,false,0,none,false,5,false
orp_band2.bmp,00efa9072de638390450054b136e990a97ae570f,8e8503bef5574c76e80cdfddaa3b5c2c378cdee3,true,ps2 textures\opaque\bp_remade,true,false,0,none,false,5,false
orp_band3.bmp,6fb94fd1bec21cde82ddd5641d4e13a752101b45,f877f8645d1f5f802816d80e065066eb3bf781dd,true,ps2 textures\opaque\bp_remade,true,false,0,none,false,5,false
orp_boot11.bmp,343b55e1bef3beca6f116aaea19b9c1c7437d6ba,1211e4dc23fc24ca817581b15cb15699396eb604,true,ps2 textures\opaque\bp_remade,true,false,0,none,false,5,false
orp_boot11.bmp_41f82e6a30bb7b02db79623a7af71771,5bfba771a6b5b30b83153a7896952bd1d7a32644,b9b4f056df020f3064b2e22b2ed91a58b80599fa,true,ps2 textures\opaque\bp_remade,true,false,0,none,false,5,false
orp_boot_bot00.bmp,ddc136354ac93830937445d49fffdc048d86a17f,bf1f2ac503a95ecb53215d66e5c9adaa566db485,true,ps2 textures\opaque\bp_remade,true,false,0,none,false,5,false
orp_chest_j_meisai_re.bmp,95ffe3727e6bdb3388ca393e0c8cad98a54531d4,8a03e284e9cd77ecd6f062ab0a1da0e231cee282,true,ps2 textures\opaque\bp_remade,true,false,0,none,false,5,false
orp_chest_j_meisai_re.bmp_957a88ed297ab2639c6e89e823337953,a9284a272b62b443b0cda18fc4a7313e04fb2696,9db29ab73df3f46f4465cd7d975f7ce92343ac95,true,ps2 textures\opaque\bp_remade,true,false,0,none,false,5,false
orp_chest_s_re.bmp,12fa2c504c063a2f3e96efb32d4b028efa0cdfdd,760fe87153a2076369351e4054beeeb4e7437a97,true,ps2 textures\opaque\bp_remade,true,false,0,none,false,5,false
orp_chest_s_re.bmp_b6cbd75d2c45b5510f58574f6b202217,48d9aad6023ff0b08908fe21adfa2a8f7b396468,e4d6b0c6ded529d9669234deba9b7fee8f276d2f,true,ps2 textures\opaque\bp_remade,true,false,0,none,false,5,false
orp_eri2_meisai_re.bmp,cf315c54ab6af8b751ee0b3a5829ce278b834c68,c3afc11265318a8fd0dc1b3812066d8453e06c8d,true,ps2 textures\opaque\bp_remade,true,false,0,none,false,5,false
orp_eri2_meisai_re.bmp_bc88fb1e44ae3c046de504850142dc06,dd89d572488a4b97643eecf06be6cbd4fefc78bd,1e350968488346d46e38d7d8e3a96d13e0d6f258,true,ps2 textures\opaque\bp_remade,true,false,0,none,false,5,false
orp_eri_meisai_re.bmp,962662c553600ef10fa26fd50ed83c4d6092b514,ff783634d4e0bddf0103ccb59178dfd82f1d9916,true,ps2 textures\opaque\bp_remade,true,false,0,none,false,5,false
orp_face_dd.bmp,d27ccccc50ac9f7376cab1bdce0adceed8ca7b69,b0df48a8fb7f24246af7622d8df6b76c2fc6b19d,true,ps2 textures\opaque\bp_remade,true,false,0,none,false,5,false
orp_face_re.bmp,e9ce865d887f2165806fde486a115a82a5eae5e7,fac75769bf29a2cb5111d9014c1f40e8496a83c6,true,ps2 textures\opaque\bp_remade,true,false,0,none,false,5,false
orp_face_retach.bmp,8e8b438768e59c0a68b035ff67971087595d6b6b,1ed35acc4d65ef087e18ec90f442d74b5b362dbf,true,ps2 textures\opaque\bp_remade,true,false,0,none,false,5,false
orp_face_retach.bmp_0e6325221940c6ed91356bbf364e91c4,e1d012e42a0409304e55a602cc6090381ced97b0,e4ce66352383e481ea8e74b2b81117616b33db8c,true,ps2 textures\opaque\bp_remade,true,false,0,none,false,5,false
orp_face_retach.bmp_52c9c67e50e94dbb4dab8c0eb4360a13,5220cb2d6d5b525c1527f26323835685b69e42eb,fd58001956404b1d62aec46e4ff42a24f801b295,true,ps2 textures\opaque\bp_remade,true,false,0,none,false,5,false
orp_hair_alp_ovl_dd.bmp,d733d91e71716898e9d1c581b69e8a6a686daa0c,eeaab635e5e835c3962c3c6ba09c9d3ab5b5a09d,true,ps2 textures\HAS ALPHA\bp_remade,false,false,0,none,false,5,false
orp_hair_alp_ovl_new.bmp,d06bacf8b748112335221301bbaa193da042a88e,39cc8b67845906309cd9c45e23a78e0995d38cd9,true,ps2 textures\HAS ALPHA\bp_remade,false,false,0,none,false,5,false
orp_hair_alp_ovl_re03.bmp,7128fe94c51b0a263a441d57c68948a9c5c24e12,474fae3d11c8dd162791b8ee9961ec92985a37c0,true,ps2 textures\HAS ALPHA\bp_remade,false,false,0,none,false,5,false
orp_hand_sam.bmp,167c55004ddedee19fc4b61ddb3a7e758601d031,c5cb64b5beb389d1886f93e8695c4f9efdfd2965,true,ps2 textures\opaque\bp_remade,true,false,0,none,false,5,false
orp_hand_top.bmp,3ab8f2ec0e584077b0105955bc6d84e939bad5d6,221561761a18f452d44069ad0a0a43fe2975d989,true,ps2 textures\opaque\bp_remade,true,false,0,none,false,5,false
orp_hf00_st.bmp,671cf9767cb60bfe71dc0fb7400eb8f4e36f139a,9688b63fa04172e07bea91443c26412ce2d89631,true,ps2 textures\opaque\bp_remade,true,false,0,none,false,5,false
orp_hf01_st.bmp,e5225a3c3880f03ca808595f7ccf988846b18dbd,4a03e7364255538f280c024804b5ac64c0027f9d,true,ps2 textures\opaque\bp_remade,true,false,0,none,false,5,false
orp_hf02_st.bmp,87d2eebd49852de001fbbff194a1bc958b1a6bbc,d5f68ca9ff1df3d34b4056fb3e896d60392b647c,true,ps2 textures\opaque\bp_remade,true,false,0,none,false,5,false
orp_hi_eye.bmp,fc9eda0413d0643e590785f9158befa6b24e3f05,1063b6cd97cf0736d7a2e7a337620d34676ea635,true,ps2 textures\opaque\bp_remade,true,false,0,none,false,5,false
orp_hi_finger.bmp,a81c2ab8e6759c8d13db66ddfab99ff18779ce6d,865bdb360883d41aabda788f70dff9f79650ad8d,true,ps2 textures\opaque\bp_remade,true,false,0,none,false,5,false
orp_hi_finger_red.bmp,a12536a527f339a7ff32f4efbe80e7cc818f0291,45a4ca5752e8ba7b5031e46dd62d7f72edd5fb6e,true,ps2 textures\opaque\bp_remade,true,false,0,none,false,5,false
orp_kata_meisai_re.bmp,186b3e20ce4fa829314d2959efb01b1386c63060,f52a70fdd8d77331ddc8f24351e4cc12f5fdfd31,true,ps2 textures\opaque\bp_remade,true,false,0,none,false,5,false
orp_larm_j_meisai_re.bmp,1594b89a9752620dbd416462421794552437436d,cb90530ed953bd88b0b7ad8e63c4e0500590529b,true,ps2 textures\opaque\bp_remade,true,false,0,none,false,5,false
orp_pamtsu2_meisai_re.bmp,a374e4ff187ed8a36c5ecccd95f3251de9b98a91,23af17d53d109537a6e346ffa5a4a62dd163ecfd,true,ps2 textures\opaque\bp_remade,true,false,0,none,false,5,false
orp_pamtsu_meisai_re.bmp,a4c5a2bfc9210f2815e54d6aa75f969d7f483006,9c9b5e16f284b136d98fbf7f84ca6f6b5035902f,true,ps2 textures\opaque\bp_remade,true,false,0,none,false,5,false
orp_rarm_j_meisai_re.bmp,54411dc3f7b3e4b6f3da155ccb68ca7a6056f460,5532600dce4c50f4ca0b3395b728723cf4231ddf,true,ps2 textures\opaque\bp_remade,true,false,0,none,false,5,false
orp_waist.bmp,783bf614f1e1f279ce7645ae5acadb3124bad380,37d4c531b82c21cab6a1864da5fa3a70d632c921,true,ps2 textures\opaque\bp_remade,true,false,0,none,false,5,false
p90_amo.bmp,ea3d9744488504de14f555436541af8b4398605d,97a43c5570ecccb5fca305d61f94e1526324c39c,true,ps2 textures\opaque\bp_remade,true,false,0,none,false,5,false
p90_amo_natsu.bmp,052859bee4f37f11c5cca70a35d0fb0bdcd4681c,f8619b2766246b595ec050827d3741cb1d187172,true,ps2 textures\opaque\bp_remade,true,false,0,none,false,5,false
p90_main_natsu.bmp,e667c612ee91b7304c6b621a56b677419582c33c,950facb0203881336cd84af0bfbc23fcce0febf6,true,ps2 textures\opaque\bp_remade,true,false,0,none,false,5,false
pdray_face_s2.bmp,eec48f94ac6575aecca60448b835546c5bab4e90,b89447ed954dca8ef686e4ede870a6c06886b5ca,true,ps2 textures\opaque\bp_remade,true,false,0,none,false,5,false
pit_arm.bmp,2d9d45f6f24b3e811433da60bf234c0e53bbe4e1,a9a9fd3c5b8ac2a658fb45936234926fcfb0b3b4,true,ps2 textures\opaque\bp_remade,true,false,0,none,false,5,false
pit_arm004.bmp,17ea1f5b2258805e6385e7d95b7ab19bd11dd009,e50b24c7cd773d9aedf1b4f10af437bb1934335f,true,ps2 textures\opaque\bp_remade,true,false,0,none,false,5,false
pit_arm_big_mark_l.bmp,35054b2d47a6f8a72e6284c0acb90ae5ad448a89,b23395759e600393cf9088f71d23db0437a4dfbd,true,ps2 textures\opaque\bp_remade,true,false,0,none,false,5,false
pit_arm_big_mark_r.bmp,18e5472ce58569f1c9fd72e03a219fa188c0bb23,f953d643b8f32ef0179a66599369e7facdb74d0b,true,ps2 textures\opaque\bp_remade,true,false,0,none,false,5,false
pit_arm_markl.bmp,d1446e78c39ce227bcf214f51e52b8280d9bf1c7,d44a623b99136fc8645f859c65359e73e1430e47,true,ps2 textures\opaque\bp_remade,true,false,0,none,false,5,false
pit_arm_markr.bmp,edd90929dcf0478dc7edf349448cb90d11ba1586,9de00e3e852a53e72d1884ede75fcda608ccf17a,true,ps2 textures\opaque\bp_remade,true,false,0,none,false,5,false
pit_boms_big.bmp,1359e0c69079fe1101f28e051ead3d63f7eebf9b,54140c00ef1ef3c2ef326ef4d4640fb3322b046e,true,ps2 textures\opaque\bp_remade,true,false,0,none,false,5,false
pit_eye.bmp,dddef0745cfeae22910bad2754a8e810ff473577,72dcf9a87fcbd62a05c31128ca06b01ca4da342c,true,ps2 textures\opaque\bp_remade,true,false,0,none,false,5,false
pit_eye_d.bmp,286d94cce73130ed6adfff6ab603a56d73c08262,bff8a95ba578f62010781e5a036d734d10a723de,true,ps2 textures\opaque\bp_remade,true,false,0,none,false,5,false
pit_face2_ovl_sub_alp.bmp,0330507fcb5bfff02f03bafe243eab032f6746b8,0bd4a8e15f83dfb2c6008358589cc4215511222d,false,ps2 textures\HAS ALPHA\bp_remade\no_mip_fixes,false,false,0,none,false,5,false
pit_food_c.bmp,05b61bc2a8bfdb1e35f80d1d3c0eadadd9617560,fca70ddec1659707e01c66c7ce7a9a3a6d92f680,true,ps2 textures\opaque\bp_remade,true,false,0,none,false,5,false
pit_food_c.bmp_34cbc68775c7cff51c1749b7d1398731,f8c69c038d8e8eaa079c2852a529220e9ff5fa1a,4fb1f73c57ff9019621b68f2f07d660ce7249dc1,true,ps2 textures\opaque\bp_remade,true,false,0,none,false,5,false
pit_food_s.bmp,ba0b995c2e64609d5317e154fbe54d016382fdf7,6e670b8345164f4b6866bb81921ec3cf2b073d02,true,ps2 textures\opaque\bp_remade,true,false,0,none,false,5,false
pit_food_s.bmp_c5532a65e21a91fcf9dcfee4619c7e9a,7242da65d29fdc20ce8eb0a69450460cc3575df8,2f842bcd7f5cc243ac8e6e5f6be2ed597ed39bfc,true,ps2 textures\opaque\bp_remade,true,false,0,none,false,5,false
pit_legl.bmp,16df36d046f4bcea9d0dc7233b9446856bcff9ce,d561ca0bb20b2119f31bef837f604f04344aa97a,true,ps2 textures\opaque\bp_remade,true,false,0,none,false,5,false
pit_legl_re00.bmp,f9ae18d2d077d2948241ce0a59944e6356144bf0,226c12964aa226044aec64bdeed8deaa37e406cd,true,ps2 textures\opaque\bp_remade,true,false,0,none,false,5,false
pit_neccktie.bmp,638539b8aefa94e506eaa9219bc6cf79110aef02,3fb94924542c73e6397efa8ed510bc7c23b40acc,true,ps2 textures\opaque\bp_remade,true,false,0,none,false,5,false
pit_nypd_big.bmp,708cf3c23768eb36b6d42889b44c0b3f32851b72,80473dc02b9d7cf1a847bb9c31877c82043b28df,true,ps2 textures\opaque\bp_remade,true,false,0,none,false,5,false
pit_shatu00.bmp,935352bb0ffcf00c4630623264a6d73d3194d6e2,2e93c74c2ff42177403feef1af9aee384b2241ad,true,ps2 textures\opaque\bp_remade,true,false,0,none,false,5,false
pit_shatu001.bmp,e234bad777cff3c3712586217b77133be599f859,a1a37e6f3b00f0f47e783cb62bc8996e7743875b,true,ps2 textures\opaque\bp_remade,true,false,0,none,false,5,false
pit_shatu01.bmp,e4fc57993dacc48aa21fade698356ec0d2e3b9d5,dce7d948ec19e7cae160126eae9eaeebcfda47dd,true,ps2 textures\opaque\bp_remade,true,false,0,none,false,5,false
pit_shatu_dd.bmp,0fb860f3784b2d28b831533a8444cd2ceb7efaca,375d3b110b81dc63997069c8bdb753caae6ee6ab,true,ps2 textures\opaque\bp_remade,true,false,0,none,false,5,false
pit_shoese.bmp,c6c67df9c49082964b13e606722b4040086250f4,60124f5ab81f6a56bf0c603d4428305e93ac922a,true,ps2 textures\opaque\bp_remade,true,false,0,none,false,5,false
pit_shoese_000.bmp,7d7779dfec7ff256077ba4b1522acf466d8b6c69,df9c406f06a324b0847d685b02f955e67d09372a,true,ps2 textures\opaque\bp_remade,true,false,0,none,false,5,false
pit_shoese_under.bmp,86879601f57a8404b99bcc8cca38a8f33e74a732,8462b070a9b0e404af9ae246662837e9545697c5,true,ps2 textures\opaque\bp_remade,true,false,0,none,false,5,false
pit_steki00.bmp,44f204ae086e08c645c1983c8494eff1673e0acc,1dc6fec5f40bb06062d7259de29f5054310a77c4,true,ps2 textures\opaque\bp_remade,true,false,0,none,false,5,false
pit_steki01.bmp,469165322c713b3d7088f51615b5c608ac5709fe,fbca85f157312f09989c00a25356804e0d90b54b,true,ps2 textures\opaque\bp_remade,true,false,0,none,false,5,false
pl_box_d.bmp,324c4feb969ccc996d99fe68b6a856db9aeff56b,b6c422ea39b15c57812b5bad46652970aa6444a3,true,ps2 textures\opaque\bp_remade,true,false,0,none,false,5,false
plant_bomb2_alp_ovl.bmp,6b85d38a89c8831f991683c986b8527502fb9ef8,f3794af00363e2b04a1437516f8da36ab0b3f3fc,true,ps2 textures\opaque\bp_remade,true,false,0,none,false,5,false
plant_bomb_alp_ovl.bmp,de5edebab19f93a40d21cb242168c0ec954d5b79,35b129ddd9b9ae8ed17c5ad8388fee851c33ef73,true,ps2 textures\HAS ALPHA\bp_remade,false,false,0,none,false,5,false
police_pos.bmp,eb3413271a96ce945625489b9f62edec510b77a0,7e4ee7d5b722f5fc1ced0d09b402e283ca7169d1,true,ps2 textures\opaque\bp_remade,true,false,0,none,false,5,false
pos_abe_01.bmp,ec215e58b11c9bb62d0b26288cd440ccfd893c4f,9ba64b9beb6b42e19318d87232c75c9283698cb0,true,ps2 textures\opaque\bp_remade,true,false,0,none,false,5,false
pos_ishida_02.bmp,90f1f5a370437f456356671ed7fa4c3588794874,01372c4fba6180753a365d26f5477614e18c9de2,true,ps2 textures\opaque\bp_remade,true,false,0,none,false,5,false
pos_ishida_03.bmp,46af0cf4110e68cd186b069341e1139857431194,986a8310c78b595fcbf5ca015b68f71663c08aac,true,ps2 textures\opaque\bp_remade,true,false,0,none,false,5,false
pos_kazuki_01.bmp,717130509ca88388e50a0a0dda3ffe33dacecc04,da8245b79da84fa1c08627299f3647b69c128ca1,true,ps2 textures\opaque\bp_remade,true,false,0,none,false,5,false
pos_kazuki_02.bmp,e922fbf8c47e9e041ceac5765705bec31720ae00,5e6e9ca8c4a1cb2c97961a5a932bb57594acf93b,true,ps2 textures\opaque\bp_remade,true,false,0,none,false,5,false
pos_nakagawa_02.bmp,6471a2ca80ec582bdee54037fd1b6432abe204de,c3bc4abbf37ba7501160e3676fa9708d5285ba38,true,ps2 textures\opaque\bp_remade,true,false,0,none,false,5,false
pos_nakagawa_03.bmp,3ab693d32c746be1659096bfd755d7b557350a8e,9c6359916c062099bb0f465fe4c1a0ecba42eb02,true,ps2 textures\opaque\bp_remade,true,false,0,none,false,5,false
pos_yasuda_03.bmp,f29e4d6eaa69488cdaa32d9defada732d84806ef,387f6b797402f13710657337bc68ecd46868187d,true,ps2 textures\opaque\bp_remade,true,false,0,none,false,5,false
postcard01.bmp,f04ef1e4d0ce4efe1382086809403c7b948a29de,5c8cd9c3eacd6fec7136cfdc3cca87e96907d9ad,true,ps2 textures\opaque\bp_remade,true,false,0,none,false,5,false
ptr_face03.bmp,57f91f656ed154b034d207884a5a09cb7aba2e4d,3a674d662ab68d2852a456483260d79ebd9591fc,true,ps2 textures\opaque\bp_remade,true,false,0,none,false,5,false
ptr_face03.bmp_b289bdfbbb58e30a73b2a6a2b3ba988b,21f2a57a49a9340d521a0d60c02d4f6e8eae1441,bda5463031c3cedbf2b98b878bf2b356d0a23fad,true,ps2 textures\opaque\bp_remade,true,false,0,none,false,5,false
ptr_face_dead.bmp,96888273a3571355bf7efde4522b87d293d63c72,5482600c8567bb16551e642c0fd936cba824d5e3,true,ps2 textures\opaque\bp_remade,true,false,0,none,false,5,false
ptr_hand.bmp,5030672b964069ad74d3de9463759227425e88c1,1ab57c89d0f8fddfd1f97c1386bd5f7669c9f3cc,true,ps2 textures\opaque\bp_remade,true,false,0,none,false,5,false
ptr_hand_re.bmp,58d8729883513342b86b5c11e571ba96e3708076,5749d48081dc3ed053ddf9633f8e54691846c3e4,true,ps2 textures\opaque\bp_remade,true,false,0,none,false,5,false
ptr_hi_finger.bmp,02daab9cb4e0d49dfd450cbdd35f4a5205f537ca,045e84bd366975b14aa7512a1c56279a5f6d9f8e,true,ps2 textures\opaque\bp_remade,true,false,0,none,false,5,false
ptr_hi_finger_red.bmp,6d593c4ac5ea3bf925626453bc011a11bdc6b459,ff37072f5062f72ecad3fc66ca672df96f5616cb,true,ps2 textures\opaque\bp_remade,true,false,0,none,false,5,false
ptr_hi_hand000.bmp,bef1a10f40bbe310cc7cb41a620756c364edaed8,0fa73b790d8add6797c73a677b62c3862c15aa55,true,ps2 textures\opaque\bp_remade,true,false,0,none,false,5,false
ptr_hi_hand01.bmp,aba5a2c28a78950748e23568bfc88c1ac7d84293,a159b91d3b4aee14aa1aa44e6efc7f8d2bfc2668,true,ps2 textures\opaque\bp_remade,true,false,0,none,false,5,false
ptr_jaket_nypd.bmp,1fe186c34e04a67e23e8f86159de43a18629c1d6,216c0d20c5d325f432eb3a482d358f19ad2bec20,true,ps2 textures\opaque\bp_remade,true,false,0,none,false,5,false
ptr_jaket_nypd_dead.bmp,5c396d28fa8953ebab6faf53435d8bed0f5e8774,790cfd530c5c8e44f161e7f864fefd1adf911d87,true,ps2 textures\opaque\bp_remade,true,false,0,none,false,5,false
ptr_jaket_nypd_new.bmp,3c6536309fe41e3996bdcbca47f2fab94393523c,c8529108a0fa7dd36cacdd8151e349fb3238e305,true,ps2 textures\opaque\bp_remade,true,false,0,none,false,5,false
ptr_mtg_alp_ovl.bmp,77b80c1b06455157d5f0b688748f8409ba51700c,f0e722489fa8a99ef36b9c5f5cad7a1d2bac1ada,true,ps2 textures\HAS ALPHA\bp_remade,false,false,0,none,false,5,false
ptr_tooth_d1.bmp,432a6b42df1c43af99e591ee717b1246dcef8bb4,071d7b735c1537402fb3aa6da090088819aef728,true,ps2 textures\opaque\bp_remade,true,false,0,none,false,5,false
ptr_tooth_d2.bmp,751212170887480c6be9036bbd23e3e33dca812a,2dbb2494d4d6a5caa5f1d222ce0fd7cd01b72f7e,true,ps2 textures\opaque\bp_remade,true,false,0,none,false,5,false
ptr_tooth_d3.bmp,7ae37990ae132a7f4bf2f30b83a84a542f8b30bc,cbb61d0239e46775451997ef6bfe3426e1767701,true,ps2 textures\opaque\bp_remade,true,false,0,none,false,5,false
ptr_tooth_d4.bmp,6660e2eb4f55ab1f69fcaa89c9b83ef6d0df1a96,d04bc28a719c0a7e06871d28c7d016ad50b2f274,true,ps2 textures\opaque\bp_remade,true,false,0,none,false,5,false
ptr_tooth_u1.bmp,ae370ea51a2c3c375e580b497e67c07a44a7e0b8,d60abc81199993a82f2baffcbce1c4b7c12b4913,true,ps2 textures\opaque\bp_remade,true,false,0,none,false,5,false
ptr_tooth_u2.bmp,67c7c5800fe04416b3bd820910eceff60ef71516,6067c500cb3649650d95a9d813bdf1e5558d0d3c,true,ps2 textures\opaque\bp_remade,true,false,0,none,false,5,false
ptr_tooth_u3.bmp,beda2602c82f4a8255bc5f887a12ba061fb6e771,4fc89f2175bb152e355f202315b7e0f4addd17d8,true,ps2 textures\opaque\bp_remade,true,false,0,none,false,5,false
ptr_tooth_u4.bmp,76f2db033676c480389f79289ef89e1296b5d466,5cdceda04d16c07c366fca6654b75e8156d13e96,true,ps2 textures\opaque\bp_remade,true,false,0,none,false,5,false
pump.bmp,5e65adc392a712b7dfa1b519cdbfb87b27462873,37cf35acd98649076ac585153b1811117bd654ef,true,ps2 textures\opaque\bp_remade,true,false,0,none,false,5,false
pumpin.bmp_d158ec1bae8868a7fb57a3d368a5647f,c428b98716c714b7b5f8a800aa849fe1aa6de6f0,1b1ff0f5b8a307571252942f68a1ae8c07243190,true,ps2 textures\opaque\bp_remade,true,false,0,none,false,5,false
rad_musen1.bmp,6b221db8d42133f5c73b7a0c29bc53177075c470,4e11081c72c9905036fd1194e6286d9a084d13a0,true,ps2 textures\opaque\bp_remade,true,false,0,none,false,5,false
rad_musen3.bmp,a32a1df60b93945bbde325e1f461cee100f5ea54,cdf4f6c05ba797aff3e8ff6e1c92e77bf2ed7155,true,ps2 textures\opaque\bp_remade,true,false,0,none,false,5,false
rad_musen4.bmp,6142bcdb6bd707f646abd0bbe747024a88b61007,23db08a3c6b30d3f2f5c12e58255ea8e010811e1,true,ps2 textures\opaque\bp_remade,true,false,0,none,false,5,false
rai_all_ibox.bmp,891209b8ab1b8e775146b40b309af78301353a2a,222cf9717ad7ad308ae4d39ff23c90165d43678c,true,ps2 textures\opaque\bp_remade,true,false,0,none,false,5,false
rai_gun_back.bmp,3fb048b010443a75d0cb5bfc48ec0fe13cb8f0b3,886f95a34de96371bf00fbf936ac53212a72c3a3,true,ps2 textures\opaque\bp_remade,true,false,0,none,false,5,false
rai_gun_fro.bmp,ce205d4e86aca93a59895f91ecf687c4bece6d37,246d9efd347559bd3db126d0cc31ad4daf49c836,true,ps2 textures\opaque\bp_remade,true,false,0,none,false,5,false
rai_gun_side.bmp,f1ea1b4ccf9f2c214b661a9eafb3f50821901acd,f6d74f75818a8d74689ffe186cd74a96f1e4f6ec,true,ps2 textures\opaque\bp_remade,true,false,0,none,false,5,false
rai_gun_side2.bmp,2fdddb3cb1fbe7a9434034665e29a6964594ebfd,fad4b04651c70ba7d44865b230ef564c708d674f,true,ps2 textures\opaque\bp_remade,true,false,0,none,false,5,false
rai_gun_top.bmp,580a621098416ceef0c32a778b2e6e856a268351,aaa69fa6036be19da15a9de21ecb9e9ceb8d0358,true,ps2 textures\opaque\bp_remade,true,false,0,none,false,5,false
ray_add_alp.bmp,6a1804c2fcbe8a0b39f80dd55e5877929cf69e0c,9716638da346657fb4b33019e171c46b03f27b7b,true,ps2 textures\HAS ALPHA\bp_remade,false,false,0,none,false,5,false
ray_arm_t1.bmp,75197c298f9f1c76cdaf8493807f6d6205866b86,9cfc12e124ec1e71d6b9007f34de6570a1c1709a,true,ps2 textures\opaque\bp_remade,true,false,0,none,false,5,false
ray_arm_t1_sub_alp_ovl.bmp,af46821c393178fa4d0a0df3e67e601696e68072,ae615b823eeb2aba83c494d9a2370a524ab6ee36,false,ps2 textures\HAS ALPHA\bp_remade\no_mip_fixes,false,false,0,none,false,5,false
ray_arm_u1.bmp,d1d123fd5103d5d2c62ed45b370405fcf838a861,8410b61971293f11e15ccbbe0bb266cda337465d,true,ps2 textures\opaque\bp_remade,true,false,0,none,false,5,false
ray_arm_u1s.bmp,46bef1dc4919c5ea890f65981c90f42eae9cbbe3,5af8bd44be83966546b3da6352eeef62b9f3e8a4,true,ps2 textures\opaque\bp_remade,true,false,0,none,false,5,false
ray_arm_u_finall.bmp,e79d139e9bce99115d3670afce8f7e056b070e66,b8f26d429ffaf5af8d467ca8d00078a10e66cae4,true,ps2 textures\opaque\bp_remade,true,false,0,none,false,5,false
ray_armpit_meca2.bmp,a405ecc53cb233beb022ece7dd9d20e67d7a405b,698c76b53642d72481d1a6551e36ddea793a24aa,true,ps2 textures\opaque\bp_remade,true,false,0,none,false,5,false
ray_armpit_meca2_new.bmp,7ddf0824e51fdb08403b6d7fd7cfeff67de256cc,cc3055e50bc7a85751abc06eabe28c2aa112920e,true,ps2 textures\opaque\bp_remade,true,false,0,none,false,5,false
ray_armpit_t1.bmp,0f20dcb12bf91187ecf1c374fd668f3d6426c1ce,a734112ac972dde4dc7af789e399f6baf9726048,true,ps2 textures\opaque\bp_remade,true,false,0,none,false,5,false
ray_armpit_u1.bmp,50082d16b2792a211986f8f0bbd3280c6b42e485,acae2dabbe8e8801f40ba0498a613c95e38d35f7,true,ps2 textures\opaque\bp_remade,true,false,0,none,false,5,false
ray_backpack_t1.bmp,c0c424950229bcd7af17e0eccdb68f5c6acff468,51f3ec7797ceee281e9a67f50603601608006877,true,ps2 textures\opaque\bp_remade,true,false,0,none,false,5,false
ray_bm_01.bmp,6510ec677c1adaff8e16c6f3342aa936e3504cb2,b02f23adba575e38288c3dd66ffd714c169b35d5,true,ps2 textures\opaque\bp_remade,true,false,0,none,false,5,false
ray_body_s1.bmp,19fd387926ec1f15b8e8011394ea5f4a01dec84f,3ea89184d78d649e0aee2fc61d8d60d7ae8e7d42,true,ps2 textures\opaque\bp_remade,true,false,0,none,false,5,false
ray_canopy.bmp,d70f88a0126a8f39d499eb423d017e32ef19f868,0015c2e1233b7d27087f477a2bf2bbf8a88d1fdb,true,ps2 textures\opaque\bp_remade,true,false,0,none,false,5,false
ray_canopy.bmp_69536e0cc16b5504c7afe3237c9f388a,f0ad715d522a125deed4863a9f703d846e4e2f66,b515a2a45bfc3638c23c572c5bb6ba8f4002fb2d,true,ps2 textures\opaque\bp_remade,true,false,0,none,false,5,false
ray_canopy_edge.bmp,bfeafb151c4fe3eb7eb4c8f26e97ec74ded1b9bd,bb2d49b20ae18b1f79fa006af76b9f6b43a2e94f,true,ps2 textures\opaque\bp_remade,true,false,0,none,false,5,false
ray_canopy_ovl_mod1120_emap.bmp,e93f17553df9726a14c25d05d7cae9c00684379c,e7e2db3cbc5b9259c8a92a5a2fab19018d2e8607,true,ps2 textures\opaque\bp_remade,true,false,0,none,false,5,false
ray_canopy_sub_ovl_alp.bmp,19ba4907d92bc26b953d29b8fd0bd97c877bb743,58e00ee5fc7f41ef6eeb453968bd906d6bbe25f5,false,ps2 textures\HAS ALPHA\bp_remade\no_mip_fixes,false,false,0,none,false,5,false
ray_canopy_sub_ovl_alp.bmp_262887ad5d1a24632bc26b95450cb515,cb58def80142bca1735e49046ee3276d294569a6,5f131558725035f31acf9ea1c0c110a92140a497,false,ps2 textures\HAS ALPHA\bp_remade\no_mip_fixes,false,false,0,none,false,5,false
ray_chest_f1.bmp,db09934f8260fe94377b3d17e30742ec11fd036b,7f8af2794f8e49d490ae34b1ddcb368757fb8cc5,true,ps2 textures\opaque\bp_remade,true,false,0,none,false,5,false
ray_chin1_u.bmp,fc729f87d911c5ffd5f107c432db8f7b427f1562,320cc228ed5762b4b5094ddf9302e91cab8d12f7,true,ps2 textures\opaque\bp_remade,true,false,0,none,false,5,false
ray_chin2_u.bmp,d86684d446f6d1a2298d6630f013178ca454c14d,cc1373037762073e1ed8dbb8ea2e1e30a6f56a35,true,ps2 textures\opaque\bp_remade,true,false,0,none,false,5,false
ray_chin_t1.bmp,3aa472168e5e57a2e560ab65305ce3fd0d1db0dd,4965f90bf78d9a64249a1e59d26ee6a031b123e8,true,ps2 textures\opaque\bp_remade,true,false,0,none,false,5,false
ray_eye.bmp,61d19794d093fe26997eda13a39f379c202e7b19,95988d964a7be0408c13f24a25b107253a7a8ec8,true,ps2 textures\opaque\bp_remade,true,false,0,none,false,5,false
ray_eye_bonbori_alp.bmp,b652f361de2faf98420e6995799bdeec5dc575bd,7f1d73b23a440a1453e375f7ba5889ad04fc63bd,true,ps2 textures\HAS ALPHA\bp_remade,false,false,0,none,false,5,false
ray_eye_pera.bmp,9352889a889ff0f6478bccbce5588d892586b0e8,563e1a0d6c34a3df3e907bd1665c3b292ff8c278,true,ps2 textures\opaque\bp_remade,true,false,0,none,false,5,false
ray_face_b1.bmp,024846031c5407191c2358a55533a85a5e049a01,d9a653750c9a47ab974e57f5c8941797f9456c91,true,ps2 textures\opaque\bp_remade,true,false,0,none,false,5,false
ray_face_s1.bmp,c54ece98e87acd0df376d614f6c872c9f6c7b84a,cd4d86d1fff5591c5acda17aff39f4288a2bcba3,true,ps2 textures\opaque\bp_remade,true,false,0,none,false,5,false
ray_face_s1_sub_alp_ovl.bmp,694e292d1c65c395d267780920c53dc64ec0ccb3,57de18c31f74659418200aff6d9689cda2ac50b1,false,ps2 textures\HAS ALPHA\bp_remade\no_mip_fixes,false,false,0,none,false,5,false
ray_face_s2.bmp,8035aad408af08c0c5841086221006745c1fbd69,4d6e1a393b0d01693ab1ae35bb8a62eeda13e1db,true,ps2 textures\opaque\bp_remade,true,false,0,none,false,5,false
ray_face_s2_sub_alp_ovl.bmp,20d618c04134711eff7eef6ff356df438cb09a05,6408bd5f53a2775a477ccc0cf0f0db9c8165bcc8,false,ps2 textures\HAS ALPHA\bp_remade\no_mip_fixes,false,false,0,none,false,5,false
ray_face_t1.bmp,78f276b706d8591dfcca3a1895f2b252b291ef3b,1fda8ce67ec6d44e7b02c5c55a4a5040f8ceb6e4,true,ps2 textures\opaque\bp_remade,true,false,0,none,false,5,false
ray_face_t1_sub_alp_ovl.bmp,57b45133978b628e37d5ad93a0ff7f25c5cbf39b,1651ca7d0befb464774bdbb0109baea4b0d04c2f,false,ps2 textures\HAS ALPHA\bp_remade\no_mip_fixes,false,false,0,none,false,5,false
ray_forearm_t1.bmp,999687ca2c8937455c14ac6e17764ae3420edc00,8659649b7e3041dd71e0f50fe270408433fded7e,true,ps2 textures\opaque\bp_remade,true,false,0,none,false,5,false
ray_hand_u1.bmp,9ea3fba733000e8864e0fb4e9b6f568aaa3bc349,b9ade4e5ea4eedc237fe9793202f20ef605a035f,true,ps2 textures\opaque\bp_remade,true,false,0,none,false,5,false
ray_hip_f1.bmp,0da8c84e346c99dc8b6fd7712744247bbf13225c,f050353e66d0577fbadd5b540c9b924c5acc7429,true,ps2 textures\opaque\bp_remade,true,false,0,none,false,5,false
ray_leg1_s1.bmp,0e3ee2c73ffe23d76657a87330a37e8eca0ddb30,51348ad9f362939a23c33b5ff8b068fbb2f5dfa8,true,ps2 textures\opaque\bp_remade,true,false,0,none,false,5,false
ray_leg1_s1_sub_alp_ovl.bmp,a84ecdb1008928574fc8a690ac016d2ff709c72f,60be78b053b7e927a1b2a57421e090f13674645f,false,ps2 textures\HAS ALPHA\bp_remade\no_mip_fixes,false,false,0,none,false,5,false
ray_leg2_s1.bmp,bad8934d1757d56e094b62a94c4b9f450edfeedc,77c28af3296cc89d301e35fa1a1c00e34aa9413a,true,ps2 textures\opaque\bp_remade,true,false,0,none,false,5,false
ray_lip_out.bmp,0224b653f988e5774f29a78c8733af0cf87fa6f0,6c816621255dc9fee11bdb4898fbf6ed90758bd0,true,ps2 textures\opaque\bp_remade,true,false,0,none,false,5,false
ray_lip_out_sub_alp_ovl.bmp,3aa8912c68444922c2204941e5e8a6a5cc5e0da5,c8f2d2fcc0a847ac184a7c4ee539e1d33d89f652,false,ps2 textures\HAS ALPHA\bp_remade\no_mip_fixes,false,false,0,none,false,5,false
ray_mouth_temptex.bmp,90399ca6c044a3c23f6cef3fd52dbec2abc50cb6,4a471d09a772222c4e21df33ceef7574c6d8f66a,true,ps2 textures\opaque\bp_remade,true,false,0,none,false,5,false
ray_muzzle.bmp,da0d52fa419e0b2978562720a66408cf92907578,c2f5cb1838bd26fd20181c9106084e0f38e3704c,true,ps2 textures\opaque\bp_remade,true,false,0,none,false,5,false
ray_muzzle_iner.bmp,f084ad7d896198421e96da678e6651c1006d620d,f84ac8487bdf4adcafe25e0720c7e866c4c456e6,true,ps2 textures\opaque\bp_remade,true,false,0,none,false,5,false
ray_neck_circle.bmp,ebdb8cf558aa4da247761c9caed0b529fd0d9149,c07b3d0ed23e097add50f36c9197f3b4046189e1,true,ps2 textures\opaque\bp_remade,true,false,0,none,false,5,false
ray_shoulder_circle.bmp,17ec0c6fbdd5a65a8255f95782d3c81e5876b7be,4d84b0e02c2cf0bc9619ea17b2618c10fb9b9ec6,true,ps2 textures\opaque\bp_remade,true,false,0,none,false,5,false
ray_shoulder_f1.bmp,29b30a7c9ead2c8069a80bc107b1a35bb41413ee,fc6ea7be7d9dd31a804aa13aeaa3df5b94108728,true,ps2 textures\opaque\bp_remade,true,false,0,none,false,5,false
ray_tail_s1x.bmp,9f91590a25e2794da0d4db00917878adff355a64,112caf2ed6ce4199334fedf6cd8172bb4596c578,true,ps2 textures\opaque\bp_remade,true,false,0,none,false,5,false
ray_tail_s1x_sub_alp_ovl.bmp,4b5789f2f62b61c04b0d8e5eb1b50121d7be5bc5,1a52cc6ea8095247436b57522070d174cddfc914,false,ps2 textures\HAS ALPHA\bp_remade\no_mip_fixes,false,false,0,none,false,5,false
ray_tail_s2.bmp,be52370126a7f8f5fddbda68a4c68393edb84d63,f906474c4fe271f7fe27fbeefcf86c80b78de115,true,ps2 textures\opaque\bp_remade,true,false,0,none,false,5,false
ray_temptex1.bmp,d35b19a85188b1bcfe06ae51021928fdb4b54511,5d2a19853abc137d043091d540058cf80d92a7af,true,ps2 textures\opaque\bp_remade,true,false,0,none,false,5,false
ray_temptex1_sub_alp_ovl.bmp,fbf547ec6be06a48bb66d0d0a21cb7518d9ce947,2335eac3008c3e2ecac302be9c58d474b16031ba,false,ps2 textures\HAS ALPHA\bp_remade\no_mip_fixes,false,false,0,none,false,5,false
ray_thigh_b1.bmp,4dd1e3a389b0d40bd60aeba6df8e849c67f4ce83,e4c43e06ff0a327284b52bb5aba5c402b22e7941,true,ps2 textures\opaque\bp_remade,true,false,0,none,false,5,false
ray_thigh_b1_sub_alp_ovl.bmp,b517708bd0e1eebe9db9de137badcf868c05cdc0,8813d3e44609e99aee067e6da22906f2920ea9c6,false,ps2 textures\HAS ALPHA\bp_remade\no_mip_fixes,false,false,0,none,false,5,false
ray_thigh_circle.bmp,f0aca22baae5cbe09eca4fec6db5ae82678212db,7fcc1a43c1f062f1075d5c54488870b263cff929,true,ps2 textures\opaque\bp_remade,true,false,0,none,false,5,false
ray_thigh_t1.bmp,3cc4b5917f1e4d23ad087497e43b19637f86281b,5517e25f03547a757f062c110e9ec44aa48ca3a4,true,ps2 textures\opaque\bp_remade,true,false,0,none,false,5,false
ray_thigh_t1_sub_ovl_alp.bmp,eec157cd2863982ab8a8a3016eeeabee6f8aa6f8,86ca7ba1d8261d3d0749fc6d5a977fd09ea3c3c4,false,ps2 textures\HAS ALPHA\bp_remade\no_mip_fixes,false,false,0,none,false,5,false
ray_thigh_u1.bmp,eb21099ebef24741cb396e9dba560e735d83e3c9,592059723a4b5ad99887b3522a73237ef22d792a,true,ps2 textures\opaque\bp_remade,true,false,0,none,false,5,false
ray_tooth.bmp,02a98404ff78b88bdb59d9982f83b4ab3cf42dbf,e4e65baee007971b70b0be6f412663af425abae8,true,ps2 textures\opaque\bp_remade,true,false,0,none,false,5,false
ray_waist_b1x.bmp,1c6d81d78d1df08e8b649bd04717f2efeb880809,831ad5283742be2d34db99ae5dc92469e5cf0527,true,ps2 textures\opaque\bp_remade,true,false,0,none,false,5,false
ray_waist_b1x_sub_alp_ovl.bmp,a4e035c7c2b80c0022fbc0ab71765fb6bf0ca2e3,ba890226acf0809e774a17662d5678ef8fc161cc,false,ps2 textures\HAS ALPHA\bp_remade\no_mip_fixes,false,false,0,none,false,5,false
ray_waist_s1.bmp,0fcdb50392ef56b4757d8167a0312205f781dee8,25521cdcaeb34701a322e5f1432940c4cb6e0f1a,true,ps2 textures\opaque\bp_remade,true,false,0,none,false,5,false
ray_waist_s1_sub_alp_ovl.bmp,1fcdfb73a156a439d96d61813040feb14c99a469,4739157046f3ae60f257bb6b75e99ed0be9d3adb,false,ps2 textures\HAS ALPHA\bp_remade\no_mip_fixes,false,false,0,none,false,5,false
rgb_amo.bmp,b5e9837ae0fca968d7f6695edc4df6c995db4618,bd29ecaf24bfe48db3a5030275a60f9108912670,true,ps2 textures\opaque\bp_remade,true,false,0,none,false,5,false
rgb_amo_cartridge2.bmp,8fe86d2bf8ef967daf8ca6dc426603d645a583c8,327463e8c626913f31570ebfbb9815a592a3db06,true,ps2 textures\opaque\bp_remade,true,false,0,none,false,5,false
rgb_sb_body.bmp,a580cae3846e2bc6f9c45c785d124643f194f721,68a69ca005ddaf7182f2f37b8896094b72060d74,true,ps2 textures\opaque\bp_remade,true,false,0,none,false,5,false
rgb_sb_body.bmp_2f0d86d85ea774f8976cc6b4aac67670,8898a86b5e2fd2b0550a393da2681a8b63497461,2bae6a0e9a3f2752b4ef077c913d6b51c3d76e96,true,ps2 textures\opaque\bp_remade,true,false,0,none,false,5,false
rgb_sb_muzzle.bmp,ca0700f68ab52e0ef33cf9af62de6f1964dc70cf,d072ebc0ec703f4a5361f0b66d62756f11a40b01,true,ps2 textures\opaque\bp_remade,true,false,0,none,false,5,false
rgb_sb_muzzle.bmp_cd50a1055e9aaf1f63580648e71f4e0e,a2bf8b4aa729397b7109f3ec813b3451cc7815cc,972917afafb20fb446e3c6c066ac60f8175ae67e,true,ps2 textures\opaque\bp_remade,true,false,0,none,false,5,false
ros_arm2mc.bmp,0aca91f7c49435bcb952b5744e5913e381b230a0,704fcb2fae93d954490ec50315f1c6256dc768e8,true,ps2 textures\opaque\bp_remade,true,false,0,none,false,5,false
ros_armmc.bmp,dcd17fc59dcd45ee40a809de85aa9dc856d94199,0c6a4bb61e50d6b56c540bd137a6687eb5383965,true,ps2 textures\opaque\bp_remade,true,false,0,none,false,5,false
ros_armmc_sub_alp_ovl.bmp,369d4c75a3df932adb56dd7cdd9e9bc1ffd6e4e0,a4d63f43abf52f4f1ca7edc5e7b57cfe6878d500,false,ps2 textures\HAS ALPHA\bp_remade\no_mip_fixes,false,false,0,none,false,5,false
ros_bodymc.bmp,3782a70cb3a7d5bcd7188f8eb7f80206e50ffc1d,003a74b9f2c8f67577d34c37f3ff66000d19cbc0,true,ps2 textures\opaque\bp_remade,true,false,0,none,false,5,false
ros_clip.bmp,9fc52eeb90e22320fddacfeb01e25f783d88bdbc,c7127c0c22ae763d7427f29f345180a4fbcad242,true,ps2 textures\opaque\bp_remade,true,false,0,none,false,5,false
ros_emc_ovl_mod1120_alp_emap.bmp,5df1faedd9f87d2e0574b37efe5f6122a2cf15ab,a8a462ae3428ccaf6c6a1ff794c774046241835a,true,ps2 textures\opaque\bp_remade,true,false,0,none,false,5,false
ros_fmc_ovl_mod1120_alp_emap.bmp,ae7c89427be1c5982ce6fdbcdf30ad53a56362e7,fe8d64e491962cbc154a79bd5814fd9700103345,true,ps2 textures\opaque\bp_remade,true,false,0,none,false,5,false
ros_hair_p2mc.bmp,3349b353229ef832d11afbb00cdd2513df6924f5,f4e970ea9f22f5282c1482007e07a0758e3a6172,true,ps2 textures\opaque\bp_remade,true,false,0,none,false,5,false
ros_hair_p2mc_ovl_sub_alp.bmp,9f6822a81ba6b5742d38a23a983abbc8627521a7,284389d9346da5d46deb43ef11b6b1b6e5fe52e0,false,ps2 textures\HAS ALPHA\bp_remade\no_mip_fixes,false,false,0,none,false,5,false
ros_hair_p4mc.bmp,c71eb1565403b3a54dd4e92762e5b8ba1ff4df70,4b732a3bd0a4976bc0334124385e25975c795767,true,ps2 textures\opaque\bp_remade,true,false,0,none,false,5,false
ros_hair_p4mc_sub_ovl_alp.bmp,37051828e6b236e72a1c2f7272633758fb60ebf3,fd9d3f6889bd2092b3722d612f8694f6a4d0b036,false,ps2 textures\HAS ALPHA\bp_remade\no_mip_fixes,false,false,0,none,false,5,false
ros_hair_p6mc_alp_ovl.bmp,1fdc35d2a39da573ac032a924f3cf6c71cbb2ad2,ce965b1fb013d1baca2197edc464f9e12153d270,true,ps2 textures\HAS ALPHA\bp_remade,false,false,0,none,false,5,false
ros_handmc.bmp,3fab196c7d67b6786129034d6d738f038a718f61,4474eb3efeaa8dbebd55ffe7badafcfc044d4e2a,true,ps2 textures\opaque\bp_remade,true,false,0,none,false,5,false
ros_handmc_ovl_sub_alp.bmp,5257448452d89975d035ed3cc585600356741c9f,47fd998c3ca8ec9fe7c74f5ef2967ada000bd53c,false,ps2 textures\HAS ALPHA\bp_remade\no_mip_fixes,false,false,0,none,false,5,false
ros_hi_eyemc.bmp,a5344a665505b223613300f492c2d8f749ba1d91,3f10d2906f51409bf33407b817ee24aa5585a7f0,true,ps2 textures\opaque\bp_remade,true,false,0,none,false,5,false
ros_hi_eyemc_ovl_sub_alp.bmp,5834ce9a4030aff391e7381772484d7bcd73676c,6722be56b395498315bb02442f719c3acf4a0401,false,ps2 textures\HAS ALPHA\bp_remade\no_mip_fixes,false,false,0,none,false,5,false
ros_hi_eyermc.bmp,c4cc5bb3da48f5508cd89e85e4bc546fa0a2285b,45e2de7f560ebd2e07b2771461d541cf5bcfcf58,true,ps2 textures\opaque\bp_remade,true,false,0,none,false,5,false
ros_hi_eyermc_ovl_sub_alp.bmp,f885aefbe19a174807ceaea9fd8e1f5506ecd963,8393b4ea692db281135c64fc290ae2410c3b2c3b,false,ps2 textures\HAS ALPHA\bp_remade\no_mip_fixes,false,false,0,none,false,5,false
ros_hi_face_rmc.bmp,47e2ac8eb86d9209ae3bb7011dcbffb5da37334a,288a5e7c90906bd7be7f6a449d92309b921dcad1,true,ps2 textures\opaque\bp_remade,true,false,0,none,false,5,false
ros_hi_facemc.bmp,63a1e74ad7bff8f19562d85b1f326ac37c8b50b9,2433ea406de1dbffc4bff6b659b8709b3cc5de85,true,ps2 textures\opaque\bp_remade,true,false,0,none,false,5,false
ros_hi_facemc_ovl_sub_alp.bmp,340a737185aca09a81bfe3a56e0371d599044181,0b28e6bcf77c4cd242460f4201e683fb56689f6b,false,ps2 textures\HAS ALPHA\bp_remade\no_mip_fixes,false,false,0,none,false,5,false
ros_hi_mtg_rmc_alp_ovl.bmp,c0d0086e57ac9b0738d2e4b1cee13754c9b112b8,385505f48d5e578df5675aced8368c31cf958787,true,ps2 textures\HAS ALPHA\bp_remade,false,false,0,none,false,5,false
ros_hi_tang01dt.bmp,e0b0be90c3feba7eefcbffece175068b01823495,92f7e2967d9b1490153740c457f1136dc9d61b6a,true,ps2 textures\opaque\bp_remade,true,false,0,none,false,5,false
ros_hi_teeth_d.bmp,d7b34d030a9f85be529da024b84ebb32f1066353,b8376f2cc9ab993befd55f5424e41cc2b52511b2,true,ps2 textures\opaque\bp_remade,true,false,0,none,false,5,false
ros_hi_teeth_u.bmp,860b62b523d98b120429764dc77b05a4718f2e21,3b73f9791a00b2989de2b87300be29c014433316,true,ps2 textures\opaque\bp_remade,true,false,0,none,false,5,false
ros_hmc_ovl_mod1120_alp_emap.bmp,5db899b02129ea23112e7c834783bbae1ec1c8de,5eddb95225eab9bfcaa9b9bfa1975c2f67d6696a,true,ps2 textures\opaque\bp_remade,true,false,0,none,false,5,false
ros_id.bmp,85a1a6d1ba2bdb98f2f85f60dad7fb51b6170716,cdf85fdc2d717a7fc263c0bb15a8a1399e86713c,true,ps2 textures\opaque\bp_remade,true,false,0,none,false,5,false
ros_pants.bmp,5fae17aab93b48732e9bd47ac3ae2b0c96f0b018,71db7aaf7227d4de4ffb9bf73cbbbb6221548019,true,ps2 textures\opaque\bp_remade,true,false,0,none,false,5,false
ros_shirts2mc.bmp,bf5fb3feddf8a308de709d27e7f13ec21fe6777a,7d995aafa5ed9a38e83e9633eea265ced26844e9,true,ps2 textures\opaque\bp_remade,true,false,0,none,false,5,false
ros_shirtsmc.bmp,1c3703ddc354b86dbc912ca75aca24a714c197d3,3186ad4767e2899299cb712e5f54c359791c3123,true,ps2 textures\opaque\bp_remade,true,false,0,none,false,5,false
ros_shoes.bmp,c51be3b1bbb434a7d3c3fc1249ce8ff03f1c00c6,e9a0f6e991027a2b6f82eb85a1bf6fbdffcf3d6b,true,ps2 textures\opaque\bp_remade,true,false,0,none,false,5,false
saa_all_kimu.bmp,ffc1bbc678dedb42ad2f67a08c03667620c4e363,46f61d8ac4afc8bbd1d1a3b0b3d25fff67ca7811,true,ps2 textures\opaque\bp_remade,true,false,0,none,false,5,false
sbm_back_01.bmp,d4852bab262bf23918384ef91c2b456068a8db38,15909b8609edb7587785682702dead77e500ed67,true,ps2 textures\opaque\bp_remade,true,false,0,none,false,5,false
sbm_body_01.bmp,85c01041a8998d5ed99b87ab28c195bb3ef8f9d9,751150b4a5a5d9c3ce5b3cd3faaa255a261dac82,true,ps2 textures\opaque\bp_remade,true,false,0,none,false,5,false
sbm_camera_01.bmp,80f7078ebf5c05ccc4c83ef6759a86a792e0388b,bdb5b05e3e1c034adab92e9b67a22ee0a98dad41,true,ps2 textures\opaque\bp_remade,true,false,0,none,false,5,false
sbm_head_02.bmp,ac1d4f620af5909c1812a21874f5732cad01b14c,236abff979b3e8ca0ab647f76b79bb19cc837939,true,ps2 textures\opaque\bp_remade,true,false,0,none,false,5,false
sbm_pera_cover_01.bmp,d9a6faadf5e51f6410619fb12c779aac53956c11,aa4f61fdd6d631c156e2b8fcf71eae8a323690e6,true,ps2 textures\opaque\bp_remade,true,false,0,none,false,5,false
sbm_stick_01.bmp,2ef60e5a651bb4949213c1c174ca7862b6a350c1,62ffa6638debc6a4706e5b2d0f74fd3e7bcba94e,true,ps2 textures\opaque\bp_remade,true,false,0,none,false,5,false
sbm_tank_01.bmp,484b0460e3513688bf697d4fbf6a6a57d16ba45b,2bbdc066b561c92e7b171361d804f88e518e9aed,true,ps2 textures\opaque\bp_remade,true,false,0,none,false,5,false
sbm_wing_01.bmp,f286ef540c3c39d92cf4aff75965bc56204fec3a,fad8e48486266d1d8965c208e368793d017e3954,true,ps2 textures\opaque\bp_remade,true,false,0,none,false,5,false
scm_sb_hammer.bmp,bb5592e39831665450a760f5012b44d19960b594,2a76c0dd48f13da8ef9b6533a38d21d0bff09643,true,ps2 textures\opaque\bp_remade,true,false,0,none,false,5,false
scm_sb_s.bmp,2a022149bcf8bb66fb1e56cb47c5567677536900,e5236875ed7d6e7dcb94fe7b76e7cc558794ad9a,true,ps2 textures\opaque\bp_remade,true,false,0,none,false,5,false
scm_sb_sp.bmp,94277f67c0fbfbf15299d6635f73d457ece4e667,ecab10a5d0e1b82c8429dde31bad5e975d76169e,true,ps2 textures\opaque\bp_remade,true,false,0,none,false,5,false
scm_sb_temp.bmp,e9e68406e076fabc389f31ec2a12ccc04c94a9fd,604551a385387d1ef11449344709873d190038dc,true,ps2 textures\opaque\bp_remade,true,false,0,none,false,5,false
sel_arm_l.bmp,7b94e55e02457e83fb91d1fe68c84b21efb7bb79,33eabe015165d23d76dd16a5a8df8603eb40e3b1,true,ps2 textures\opaque\bp_remade,true,false,0,none,false,5,false
sel_arm_lblood.bmp,96f94f385bef343e2a388898f27343140049f1c9,f07d85e84ac5b8247158be6a8af83121667bfe37,true,ps2 textures\opaque\bp_remade,true,false,0,none,false,5,false
sel_arm_r.bmp,a7acea06de6598f58129db64fcc429484d7e8150,010858643082b9caf6643b429a2dfc03bba331ad,true,ps2 textures\opaque\bp_remade,true,false,0,none,false,5,false
sel_arm_rblood.bmp,086d45f7b248e173ec130335386cdca8171c1e0f,5785e6078a3d4c11da646956f9bd6469a97107f1,true,ps2 textures\opaque\bp_remade,true,false,0,none,false,5,false
sel_arm_rblood2.bmp,d39ad0a18d6710b0d772619ca8d107885c1876c5,fc492ec1c1fbd244116ea78d622106df0e7cb8e6,true,ps2 textures\opaque\bp_remade,true,false,0,none,false,5,false
sel_bag1blood.bmp,6f9f61d355d8ad299bc1faec63753676a71d9f1d,59196d5b3f9b29f0d625085e713dce05603ce6f8,true,ps2 textures\opaque\bp_remade,true,false,0,none,false,5,false
sel_bag2.bmp,56f88268eb99df2d32c71a72da928080d4917433,a8abc436372aa0712921e2a9df7215bcf43d17f6,true,ps2 textures\opaque\bp_remade,true,false,0,none,false,5,false
sel_bag2blood.bmp,519d38766e3498e1764d4a6badf726d22eab8475,dbf3dc7d70c871c47a77892acfb5365d022c5628,true,ps2 textures\opaque\bp_remade,true,false,0,none,false,5,false
sel_bag3.bmp,7bda826a721075e0dcae93f2e70affba8f57b357,f551cb1603d7a6d4e14a3a082f8a61b328a5d255,true,ps2 textures\opaque\bp_remade,true,false,0,none,false,5,false
sel_bag3blood.bmp,4955641169b2372bcb5adf3fb3bc6c41c72568d2,e7dd2b99f8a85fda2f4fa719fa5ff1613e438772,true,ps2 textures\opaque\bp_remade,true,false,0,none,false,5,false
sel_bag4.bmp,b7360605e3316b9c4ab7e999d244fc5ee1ef7efa,13ea5ea0f586592d83a49e68ab6cf3799d9033ee,true,ps2 textures\opaque\bp_remade,true,false,0,none,false,5,false
sel_bag4blood.bmp,1c861345e17c465afaddd96819f14d2d0086c853,06870b99be49638472e9ce3ed62ee1b08265f559,true,ps2 textures\opaque\bp_remade,true,false,0,none,false,5,false
sel_belt.bmp,558af493821ba53db545ef46f2215d5aff5b1436,b631845d7b5482e4a26f61e433f1b4790df06a1d,true,ps2 textures\opaque\bp_remade,true,false,0,none,false,5,false
sel_body.bmp,6fd0b882ca9d053f81a63ca5c980b8b4a05b181f,98ef5467ea78e654260420ee0b93d6e2b98322b3,true,ps2 textures\opaque\bp_remade,true,false,0,none,false,5,false
sel_bodyblood.bmp,12816cedd63daa7fc2728434ec43f50923cdc2ba,2e5146da19b48d334a7ffb93b85733f4d4395ae1,true,ps2 textures\opaque\bp_remade,true,false,0,none,false,5,false
sel_bodyblood2.bmp,8a83cd1115fe7af422b25ba0c95e1cfe7c2b02f2,7550fcf4c8b750c153ba0046cdba9a3ca18d546d,true,ps2 textures\opaque\bp_remade,true,false,0,none,false,5,false
sel_bodyblood3.bmp,020234e6f59f8eef4a51c4eb2a6d0cf3b8d76091,8ca8798813d58c7a51576ced81f327690b09fcfd,true,ps2 textures\opaque\bp_remade,true,false,0,none,false,5,false
sel_boots.bmp,e47cd1f634a659f6bb5325e046a98183311490d0,ef85e8331ad6fa76433d977d5d51c638712bb563,true,ps2 textures\opaque\bp_remade,true,false,0,none,false,5,false
sel_eye_a0.bmp,29f9d30c48bd58047a98d799dfd33eb3785e0a16,d7e60f9da083e875ceaa7d38cff51c85bf5a14a0,true,ps2 textures\opaque\bp_remade,true,false,0,none,false,5,false
sel_eye_a1.bmp,d625e546d380d514c7b3e03b39cfca35b620d863,4b1f525bd837b364033243309037bd746c37567c,true,ps2 textures\opaque\bp_remade,true,false,0,none,false,5,false
sel_eye_b0.bmp,6a05db5483086a6685699833784a75c84fb3aee2,618cd594955b33d7fdb625a1c61ffff7bffb9f5d,true,ps2 textures\opaque\bp_remade,true,false,0,none,false,5,false
sel_eye_b1.bmp,70355bd42fe0af412030d493f16f34da94e23517,8bd26cf56f9859a63785392a98723455f72c9684,true,ps2 textures\opaque\bp_remade,true,false,0,none,false,5,false
sel_eye_b1_blood.bmp,2e1c131fc91a32fbe82f52528ab11aae1b7272a0,77f7b95b192b194d0d684000fc3d0e439c5fe4ac,true,ps2 textures\opaque\bp_remade,true,false,0,none,false,5,false
sel_eye_c0.bmp,4737eca99b586ed584f899bd3ca822e672e92110,5444e42a389f0e03eb20872a71c4ead3891aab85,true,ps2 textures\opaque\bp_remade,true,false,0,none,false,5,false
sel_eye_c1.bmp,8e6809627489f5b4b299ec718605974e20752bc7,eec45375ed852d152a48b57b004ba5fcda2382e3,true,ps2 textures\opaque\bp_remade,true,false,0,none,false,5,false
sel_eye_d0.bmp,932c0fef39dad16857155988dca878ff619aa6c0,f9c1cf628861f958ef54777cf18d9bfff10f38a7,true,ps2 textures\opaque\bp_remade,true,false,0,none,false,5,false
sel_eye_d1.bmp,6f8f1ee3f74605819819f6ab7c4bb8b590113a34,8859991dfb6735e77cb2712d0a7b07920296ace8,true,ps2 textures\opaque\bp_remade,true,false,0,none,false,5,false
sel_eye_e0.bmp,721790657c71b3d99ee7aa848aa140811b369b72,bcfa7871e9287020adf6092b6d8b3dbbefcbc543,true,ps2 textures\opaque\bp_remade,true,false,0,none,false,5,false
sel_eye_e1.bmp,1807b5fea74d00527385d8734c92bf2b39a6957e,ba75d67b0d9fc9ee681aefa40f413b41e1d6748b,true,ps2 textures\opaque\bp_remade,true,false,0,none,false,5,false
sel_eyebig_blood.bmp,254a151237aecb7ff5d14b9da9e0a9610eb73c56,d89241fffb2a201c96a2998e85d3790698fe2f3f,true,ps2 textures\opaque\bp_remade,true,false,0,none,false,5,false
sel_eyebig_surp.bmp,6e4ec207a66306e6f7de7348024cdb1c8d8fb3fa,271a95df5be13bf1fcaef78c2a96dfe97d2d7682,true,ps2 textures\opaque\bp_remade,true,false,0,none,false,5,false
sel_eyelittle0.bmp,617f60deece98ff4af54829460c8c151c9ad9075,767133a0cb491920e694a5e73d4e65ba4ea3af03,true,ps2 textures\opaque\bp_remade,true,false,0,none,false,5,false
sel_eyelittle1.bmp,23b8edde48c0ff4dda74716f686ad2c6c9600d74,a84b3be01e36d7a32d6be48d24abc2e117aa7ea2,true,ps2 textures\opaque\bp_remade,true,false,0,none,false,5,false
sel_folder.bmp,15bcd30d3f2a1b171a59046810f11b237bf88b67,aa545d2afbd4287501abeb06f47abe7547083634,true,ps2 textures\opaque\bp_remade,true,false,0,none,false,5,false
sel_hand.bmp,1cbb9a200bd03e6cb0d73a057cd89e7ee465d525,b0ab8919afb0b8aa5ad90b0cb720b5bbd97f064d,true,ps2 textures\opaque\bp_remade,true,false,0,none,false,5,false
sel_leg.bmp,75026c609e577d8017e4e7a58b9df5a2d4c557f2,c50a94b0736beccc7a2a36b9854a14f4890febf7,true,ps2 textures\opaque\bp_remade,true,false,0,none,false,5,false
sel_legblood2.bmp,25147358ef62f43a3ea44d5315426022bc08fcd2,3cbb41bc8a1d5723efb3473978316e2999efffff,true,ps2 textures\opaque\bp_remade,true,false,0,none,false,5,false
sel_mask.bmp,c94cacc80d299e88b38e88e5728ea647bf11a1cb,4d5251aefa37df88e21ca8351f15b30c6034beee,true,ps2 textures\opaque\bp_remade,true,false,0,none,false,5,false
sel_mask_blood2.bmp,cefe4fd6aeded93080d02aa347fa87911febb453,ea0bcede544bc75008ae3feadfaded3aa2de40bd,true,ps2 textures\opaque\bp_remade,true,false,0,none,false,5,false
sel_mask_blood3.bmp,af6e8b477c58b65ff3812cc189e8d9cad3da5329,b973b3f8702b68978777ee541504d71584516984,true,ps2 textures\opaque\bp_remade,true,false,0,none,false,5,false
sel_sling1_alp_ovl.bmp,464a2dfe72aa2c0c86e7d87469924465ee575502,61783df96332eddcca5706a9e910f3d8a3840dbd,true,ps2 textures\HAS ALPHA\bp_remade,false,false,0,none,false,5,false
sel_sling2_alp_ovl.bmp,f39f5269dc836c8c40ef10a4df922738208c4fdc,d79076082946f6be9cc507d8338c09e3116929d9,true,ps2 textures\HAS ALPHA\bp_remade,false,false,0,none,false,5,false
sel_sling3.bmp,3af02d269475cb25bbbc171d4e66ce03c485f9a7,9154ffff5b9b9b6407767bef679349459d119700,true,ps2 textures\opaque\bp_remade,true,false,0,none,false,5,false
sen2.bmp,a47b1d592f774a3eeaff720180474f80daf059a5,f17a2db1af2b5b336cc93964a68e88ff5e9901d1,true,ps2 textures\opaque\bp_remade,true,false,0,none,false,5,false
shuukanshi_01.bmp,bc63c3bf729025a8ce8ab6680a42ae97bb78633c,9ae95cb10bdab93f5fb90ffbfceaec8041e3a426,true,ps2 textures\opaque\bp_remade,true,false,0,none,false,5,false
sna_arm_ss.bmp,f0982914a581cd9e5677430f00b9c69c36b66ff1,6a02cdda3fab193e864d02ec43582cff054cae62,true,ps2 textures\opaque\bp_remade,true,false,0,none,false,5,false
sna_bandana_msk.bmp,527411ba9ec39af487db3dacbfb1f51390001b86,1a07ff3606fe8d744ab89d3f818c7ad1e70a83c0,true,ps2 textures\HAS ALPHA\bp_remade,false,false,0,none,false,5,false
sna_belt_leg.bmp,b76bbddc76a669cd485b0069249bbb6fd81ddfb9,57ab742a1c195ba7c62f8edcd97cb3308a2da36c,true,ps2 textures\opaque\bp_remade,true,false,0,none,false,5,false
sna_body_ss01dt.bmp,9969aceffce765b818bf5d3529e8c1c800fbd27c,4e555d4861ce4a3a78b404de7bc17bc06317c20e,true,ps2 textures\opaque\bp_remade,true,false,0,none,false,5,false
sna_foot01dt.bmp,e49681bf078e4fbc041b2a4aab5aa06d8b6b3e9a,b55e7b764f127be1762a4902ed464a5b09124bee,true,ps2 textures\opaque\bp_remade,true,false,0,none,false,5,false
sna_hair1_alp_ovl.bmp,472327f6c15e72d3d137e17552cbdbbb1a8f1867,52f78ac85d20a046b915afeecd6e98200dba9bfc,true,ps2 textures\HAS ALPHA\bp_remade,false,false,0,none,false,5,false
sna_hair2dt_alp_ovl.bmp,af0ec6e94bbb737060c14bbfca6c9936a4b72e02,0ae4b52b9d3340acb1366f3448df5aae865986f6,true,ps2 textures\HAS ALPHA\bp_remade,false,false,0,none,false,5,false
sna_hair3.bmp,39973b04e3b1fe368ba5c1df17dd012734ce49f2,92ba469d691514e5cd69576f71583fc030d1a314,true,ps2 textures\opaque\bp_remade,true,false,0,none,false,5,false
sna_hand1dt.bmp,1863c7a5ddfa156ccc936302936f82a1b16092b8,74bf2aef778951223181fb6c068a389d85a177a0,true,ps2 textures\opaque\bp_remade,true,false,0,none,false,5,false
sna_hand2.bmp,a41641894a53ff097d68568c2afbda2476e65e04,8479416658ab2577e190f005e66f42a1e8cf07e7,true,ps2 textures\opaque\bp_remade,true,false,0,none,false,5,false
sna_hi_bdn01dt.bmp,8fe0cc2d54cceeff995650275300c0fb83f8256e,d66c922184a0519ca3e3bcc95da9b4271673a430,true,ps2 textures\opaque\bp_remade,true,false,0,none,false,5,false
sna_hi_ela01_alp_ovl.bmp,0f5192ad4f400ef07bd613846272536de5255942,191c1168dc0dea040b391005ff812cb8436f0d5f,true,ps2 textures\HAS ALPHA\bp_remade,false,false,0,none,false,5,false
sna_hi_eye01dt.bmp,139c81c41626158442d7d299cd5209893ca94789,6895b58a9b628bad3e71e906f5c0c94ada9c5b22,true,ps2 textures\opaque\bp_remade,true,false,0,none,false,5,false
sna_hi_face01dt.bmp,4061c3a4a6d3c51ee29fbef44bb5b3a63248e955,48f0ea9e62047470d5fa0c4d225838c6d21ec11c,true,ps2 textures\opaque\bp_remade,true,false,0,none,false,5,false
sna_leg_r01dt.bmp,d513009719ea40f7ac601bcebd7d2784f3df0b0b,a831cf654ac6618dba82c0cb0f6cf0345d4e89e5,true,ps2 textures\opaque\bp_remade,true,false,0,none,false,5,false
sna_leg_ss.bmp,a993070cb8b2dbee42f83484b89a59215287638c,1de9db9a5ee9dcbe5cd8ab3cbebdbd3ec90f9497,true,ps2 textures\opaque\bp_remade,true,false,0,none,false,5,false
sna_m9_glip.bmp,ba8fafbcacedf91b4d06d3004f0fcd79e8e1799e,46e63e2145730fde1484b02da00c7632e06df308,true,ps2 textures\opaque\bp_remade,true,false,0,none,false,5,false
sna_p1dt.bmp,5564833c42615e6fed30ab052a467388e9a4fffa,478eb8befa2ea025399f1bb6c7caad98fc512cbb,true,ps2 textures\opaque\bp_remade,true,false,0,none,false,5,false
sna_shoul01dt.bmp,4cb051c4d520c1fdd09cc145190760ac9dcb0b9d,c54208abcf284c5ff8bf6f7ad83fd4c541bc6fea,true,ps2 textures\opaque\bp_remade,true,false,0,none,false,5,false
sna_toe01dt.bmp,5379be2f9e563685f15daea82474920b29e3786b,0e41b6d4ba765c2087282bfb94f8478e9c1fea5c,true,ps2 textures\opaque\bp_remade,true,false,0,none,false,5,false
so_bean_lig.bmp,6f005535e2b4f412f5d54a27e441e81e6212893f,c559fb5bd453d4bd6c2d475fcd7d64447f58174d,true,ps2 textures\opaque\bp_remade,true,false,0,none,false,5,false
so_bean_sh.bmp,4445718e942b00da9b1f8b57ce810196aea5c83c,1ab5c3517c5bf9167bc0d89f3f6bda6d13c092df,true,ps2 textures\opaque\bp_remade,true,false,0,none,false,5,false
so_hako_f.bmp,6c81ed184e2c16af8e63466e6dd3875b5a3af076,85ce003a6e19142fc47acb2f3911052780bc86fc,true,ps2 textures\opaque\bp_remade,true,false,0,none,false,5,false
so_hako_ki_f_u.bmp,7acf35ce83f9b5aa64e0b7d0cf9265160e0c5173,f9ba2a8957debf7862d8bde36f1d9a54685aa7c0,true,ps2 textures\opaque\bp_remade,true,false,0,none,false,5,false
so_hako_s.bmp,a559b8abd3f122e2713c3010714b45e0ec31a9f6,71af4df2b371221b254ef1b46957a28ccb8815ea,true,ps2 textures\opaque\bp_remade,true,false,0,none,false,5,false
so_hako_t.bmp,e0658dd6c99617bb89ffe5674c28048551d74934,abcbd09fb7d3bdeb983416736052b3847c2dcd66,true,ps2 textures\opaque\bp_remade,true,false,0,none,false,5,false
so_hakokt.bmp,06b2f7ea3b64c716bc9b3d96a746e8845c2ed931,7b0c5e5d4f652529b6e53381b5e1ceeee2537353,true,ps2 textures\opaque\bp_remade,true,false,0,none,false,5,false
so_ta_t2.bmp,58bec3f573ed04b2940a1378c2fe2e99ccd79992,01cf30ce0f734890ded964c13822a2586ee814d9,true,ps2 textures\opaque\bp_remade,true,false,0,none,false,5,false
so_wa1.bmp,5d9ef7cc6e8afcb9897f1c0da668239b02da9c1b,899cefec232ef502497752f10f490e43881572f1,true,ps2 textures\opaque\bp_remade,true,false,0,none,false,5,false
so_wa2.bmp,fd6073bdc50c74ca44881fa8c864dc07614485a6,ad88286663e35b5ff851b91c38c1cd62e749187e,true,ps2 textures\opaque\bp_remade,true,false,0,none,false,5,false
so_wa2ne2.bmp,2d2c40c17ab7d459ae7ed566bac402220bf79815,10f22d4b8f35a7079c051c5ff5bcd0b4d3b5f1cb,true,ps2 textures\opaque\bp_remade,true,false,0,none,false,5,false
so_wi_waku_f.bmp_2a4da7ecf84ff2feb3de4ff20c66c0c4,e63187c35de4780dce14d617cf2a9d8d79d39cfb,aa2e2f121c48ac8c0d4bae955baa24ebc161a5d7,true,ps2 textures\opaque\bp_remade,true,false,0,none,false,5,false
sofa00.bmp,63fff0dcf9669a1a079728c90ee9f1421cf18b14,609707fb0c7191b6b073b54679ea1ebf51a2ada6,true,ps2 textures\opaque\bp_remade,true,false,0,none,false,5,false
sofa01.bmp,b5977eb7d39b06c47d4ae9285d26fc18d46a9145,9e0030eba06c02e62202c07e667f51cf97eefd4f,true,ps2 textures\opaque\bp_remade,true,false,0,none,false,5,false
sohakopfr.bmp,31c335064e67941f82d2f8edb859890c4d66fb69,a9e8eb502d2df6d011e64eea9ca827af59dbbd3c,true,ps2 textures\opaque\bp_remade,true,false,0,none,false,5,false
sohakopsideup.bmp,3a7a7d7908dd2c048bdafe326eec506a2047feed,43e879319a8120a199e14a514a07a66dea7e77bc,true,ps2 textures\opaque\bp_remade,true,false,0,none,false,5,false
sol_hi_face02_ovl_sub_alp.bmp,f433b51f16f493f907f2cb5ef0df79d7f244d499,8fdd69077d3ddf35571d4182326991bf55c04217,false,ps2 textures\HAS ALPHA\bp_remade\no_mip_fixes,false,false,0,none,false,5,false
sol_hi_face02_tmp.bmp,9c2d259428124a32b165f8a3abfe9aec2018dd42,5d1d5f5ad5090d60e415fbf82e75009bf68e30db,true,ps2 textures\opaque\bp_remade,true,false,0,none,false,5,false
sol_hi_face_d1_ovl_sub_alp.bmp,1d77b8f6160b5f9b5c5031481a1f5d9e17f0d7b2,cf83fd0048fd12a250a023dff33778b9bba7a9d6,false,ps2 textures\HAS ALPHA\bp_remade\no_mip_fixes,false,false,0,none,false,5,false
sol_hi_face_d2_ovl_sub_alp.bmp,12b15d6772d76d0e823b0c18d0ad8268284346ee,c9acbc87d7ebb3102db737148ff22fd4c773012b,false,ps2 textures\HAS ALPHA\bp_remade\no_mip_fixes,false,false,0,none,false,5,false
sol_hi_face_dt01.bmp,fb176cf3757135d1808fba7653fd10518eb0194d,b6d9a71637449af6b36eddbfeae0d6aab4f84bd6,true,ps2 textures\opaque\bp_remade,true,false,0,none,false,5,false
sol_hi_face_dt02.bmp,0cf758853314cc51cf5612fd8161a5ee1df4af12,1683e8ba0de8c139f896d3559350bec5a5f1e0b1,true,ps2 textures\opaque\bp_remade,true,false,0,none,false,5,false
sol_hige_alp_ovl.bmp,9d4d9cc0cdb27c9535845d2932f93ef0300aab92,621d78fc7ed654018e18d267e5dadf78a3280e08,true,ps2 textures\HAS ALPHA\bp_remade,false,false,0,none,false,5,false
sol_hri_arm01.bmp,3de583396d6d2cacb718e3a8c256caf8d2a87d67,7913d9d70cc3897afae177ec83e7ed4633fc51cd,true,ps2 textures\opaque\bp_remade,true,false,0,none,false,5,false
sol_hri_belt01.bmp,19f8b4db4d5e09dc6f2b76956e4f4c5dfb603efa,c365c6f03c550371e282ca67d09364eb0ed26272,true,ps2 textures\opaque\bp_remade,true,false,0,none,false,5,false
sol_hri_body01.bmp,71aa48295bd3be8aeeacefb71c7441a3f755eefb,d63fd10954e2c711b1cefa22dafb86ca62483e87,true,ps2 textures\opaque\bp_remade,true,false,0,none,false,5,false
sol_hri_body02.bmp,779636924e9a919d127aafa30c161710eba38de8,53ecb05b3167843c8c03baba714ffca431577680,true,ps2 textures\opaque\bp_remade,true,false,0,none,false,5,false
sol_hri_face01.bmp,63cdd94b6cb00e6e6f2461aa67d5a959835a92bd,68cbe9c78d7f847b6cb4484dca22b12707c01c22,true,ps2 textures\opaque\bp_remade,true,false,0,none,false,5,false
sol_hri_hair01.bmp,e970279fbe1decf78348dacce7bafdf8ac9fb00f,ea1d0abe242157e8ad81b2dd4ebd4198ddda1f3b,true,ps2 textures\opaque\bp_remade,true,false,0,none,false,5,false
sol_hri_leg01.bmp,0d2683d515b2fe932ddc1a91bce5b4f58c70a57e,cf31c3c9f3009ca158fbf32ab03f6843c4ca0752,true,ps2 textures\opaque\bp_remade,true,false,0,none,false,5,false
sol_hri_muscle01.bmp,880c86b014edd94c8fe052a143dd75ceaa2ea738,61bdcbb1ab3caa376ddc83663d8a0e705f1155f1,true,ps2 textures\opaque\bp_remade,true,false,0,none,false,5,false
sol_hri_neck01.bmp,ec7e062c57a054e727e6be4d2fb8d4bc8cbb2a12,376d36a3695fe72732b56e876a26d4af3059c088,true,ps2 textures\opaque\bp_remade,true,false,0,none,false,5,false
sol_hri_shoulder01.bmp,9667ca68115f8d5a207ee285e2511af3bef4d421,a1666207c29ae1921597ee34c7d1084f72e211cc,true,ps2 textures\opaque\bp_remade,true,false,0,none,false,5,false
sol_leg_2_n.bmp,67909a6b2afd18d23b979f1c050ea44138c6c6e5,b8a7d81702f5abbc749650ca12653add8e39efe8,true,ps2 textures\opaque\bp_remade,true,false,0,none,false,5,false
sol_leg_dt01.bmp,f99e0181b7f6b80997e5df172cdf3c89bb7664c7,6af7d23ca02b9565a697b2047f9aa50823d4e742,true,ps2 textures\opaque\bp_remade,true,false,0,none,false,5,false
sol_leg_dt02.bmp,7b963d40e3f1527c5d309f3ad61cafc9c2989339,e4ea7a8340e05d97fad2c960f4e8bbf679b8042d,true,ps2 textures\opaque\bp_remade,true,false,0,none,false,5,false
sol_leg_dt03.bmp,acb3b7131cffed197459a0d8db2d7de0a8eec84e,17176f80ef6a921fd085d8697bb99d25cab42455,true,ps2 textures\opaque\bp_remade,true,false,0,none,false,5,false
sol_leg_dt04.bmp,1fe97da0cc3ead056af5ad558bc647fd961d702f,c8544310bd8056f5f7b1672b932bfa563bb6bd15,true,ps2 textures\opaque\bp_remade,true,false,0,none,false,5,false
sol_leg_dt05.bmp,269befc64770e880dd1a1413fa15f4c143e08537,cee27e90cb9f51e2a1797f4c68d52ce428de1f3d,true,ps2 textures\opaque\bp_remade,true,false,0,none,false,5,false
sol_leg_n_1.bmp,c5e4bb0c7a7e2edffc7918191d6c24ab8e1553d1,9677d544590a18a68a10d7150de7a0d5ad5ee2a5,true,ps2 textures\opaque\bp_remade,true,false,0,none,false,5,false
sol_leg_pad_n.bmp,737d84ad3d66c34131fc2d4b6abd8b48438f9465,4b550d7f1d965cd11fd4c5d97f3db98dbb7c4924,true,ps2 textures\opaque\bp_remade,true,false,0,none,false,5,false
sol_leg_sune_n.bmp,0b8f5aff6f9ea3d4c1ae940e953d72016a278c0a,06a7a8d385250015f34dd15c3b48b822f0aeb773,true,ps2 textures\opaque\bp_remade,true,false,0,none,false,5,false
sol_mant_n_alp_ovl.bmp,186c95c03f840aac39940b7f4808e75acceb3a53,97ee2ff3d606660a378347f591d73cb65d69910c,true,ps2 textures\HAS ALPHA\bp_remade,false,false,0,none,false,5,false
sol_mant_n_ovl_sub_alp.bmp,15e2808be19048f45dc8bb99d4c701fe61631f9d,428244d36ade38bcdd44d4782341bee995006a31,false,ps2 textures\HAS ALPHA\bp_remade\no_mip_fixes,false,false,0,none,false,5,false
sol_mayu_alp_ovl.bmp,5769772a68fb0ead0c8ec34ee003604833f48a7d,2b97c3e7510c7961664044a50fc786a6eab49a10,true,ps2 textures\HAS ALPHA\bp_remade,false,false,0,none,false,5,false
sol_neck_i_dt.bmp,9aa65ca84ae989ac6c809aca2ecb310fde8d27ba,8430f428c28f553a97c509fc48a36a8188ad133a,true,ps2 textures\opaque\bp_remade,true,false,0,none,false,5,false
sol_ovl_mod1120_alp_emap.bmp,7e34c2b752b54fa1295f6b0d43a86925bc6573fb,b6f8644d7087d15ef79980988dd1a52ddfec67f4,true,ps2 textures\opaque\bp_remade,true,false,0,none,false,5,false
sol_sa_bone_dt.bmp,7936c736754ebc0b3d436aae8de8b52057e07927,6249436199c0afc357ad0ac8e1aaf3a1edffed4b,true,ps2 textures\opaque\bp_remade,true,false,0,none,false,5,false
sol_sa_chest_dt.bmp,dadb0099f7537d5024c45d3df7e2b4b872be59f6,a98fb68c021899b733c50f90e87c20722dea79cc,true,ps2 textures\opaque\bp_remade,true,false,0,none,false,5,false
sol_sa_chest_dt_ovl_sub_alp.bmp,2b305b982608306c8decb5ee719d924a8e597acb,5a1c79066eb32d5ffeca3c2d2e010cfb9eaa7b1a,false,ps2 textures\HAS ALPHA\bp_remade\no_mip_fixes,false,false,0,none,false,5,false
sol_sa_claw_dt.bmp,bf528d09b4342b9790253d8cb731c755b4999818,2d294603d7096787732d69a69b9627584cbb7022,true,ps2 textures\opaque\bp_remade,true,false,0,none,false,5,false
sol_sa_ovl_mod1120_alp_emap.bmp,f79f4f0f5e07272391272942772eafc499c3aa53,90bcb6ab30ee6fa6dc4912b2da79b410c8c4e699,true,ps2 textures\opaque\bp_remade,true,false,0,none,false,5,false
sol_sa_top_dt01.bmp,0884d57782579958a1a775e06099fefc267c60ab,527a781907292c1dabafd595d9d3e85dc60f9091,true,ps2 textures\opaque\bp_remade,true,false,0,none,false,5,false
sol_sa_tu_dt01_ovl_sub_alp.bmp,4cfc39496f6f2ef5128beb9a96dfcfb8c5097a26,1ce31ca40c9812e54792ba42210987f6df69f422,false,ps2 textures\HAS ALPHA\bp_remade\no_mip_fixes,false,false,0,none,false,5,false
sol_sa_tu_dt03_ovl_sub_alp.bmp,683d292a3a0b005ee5f040bd117b74be1a3246de,9ac267c420c3adcd12257ecdc2dd10eb7971bd30,false,ps2 textures\HAS ALPHA\bp_remade\no_mip_fixes,false,false,0,none,false,5,false
sol_sa_tu_dt04_ovl_sub_alp.bmp,c75cf9779ce8da04af2018ec1a2abc1ab7718c16,2d68d021f4b3b32cbf5b0518faa5ad220c729740,false,ps2 textures\HAS ALPHA\bp_remade\no_mip_fixes,false,false,0,none,false,5,false
sol_sa_tube_dt01.bmp,92ebeafa2f0077a2c8c4928785f2f2ad1f390a83,22caecb97ffa692dcfa6a3d6fa062cf122944c41,true,ps2 textures\opaque\bp_remade,true,false,0,none,false,5,false
sol_sa_tube_dt02.bmp,c82efb4228ac2906dde4f5881d7c694e14637c06,068d4bb951e95a08de1501c0e3a4e6bccfcb98ba,true,ps2 textures\opaque\bp_remade,true,false,0,none,false,5,false
sol_sarm_chest.bmp,201f6d105f87badc6a28ef5ae5bbd4b45cb30a91,895352d01b536a94805582ffe6d71d8b1625c2c0,true,ps2 textures\opaque\bp_remade,true,false,0,none,false,5,false
sol_sarm_chest_moji_ovl_alp.bmp,0dfd7bf62046b26a3e00bdfcd79998943b071297,c4f2bc559647c9f728993e120462887a07a5720a,true,ps2 textures\HAS ALPHA\bp_remade,false,false,0,none,false,5,false
sol_sarm_chest_ovl_sub_alp.bmp,1887ec5adc33bc46e4196fbfed83b85c7a3ea499,e5e2e8bc71324c262d2ae5cfc159ce0f9737904b,false,ps2 textures\HAS ALPHA\bp_remade\no_mip_fixes,false,false,0,none,false,5,false
sol_sarm_top.bmp,647edc55188d3cc6d0a650e2ab8e0b4c6ff27a20,604c5b40cad8dcd6b7d575d35803dfd7360709ad,true,ps2 textures\opaque\bp_remade,true,false,0,none,false,5,false
sol_sarm_tube1.bmp,e5b8ff2d00c61a98c3b58ebc7e9b37897f69faaa,d0a75ddfda29f6ce06ce9e773f66d9c99d3f9f0f,true,ps2 textures\opaque\bp_remade,true,false,0,none,false,5,false
sol_sarm_tube1_ovl_sub_alp.bmp,abb267a9943a10882696f0f78521068f39d54cf5,c6e6e5f573cbd5ea053d1fed6266f0120a0b75a5,false,ps2 textures\HAS ALPHA\bp_remade\no_mip_fixes,false,false,0,none,false,5,false
sol_sarm_tube2.bmp,d5da15202ec2921d1741e020a6f5cb4e9e8828cc,ab05788203cda6c85384adf856554cebd529369e,true,ps2 textures\opaque\bp_remade,true,false,0,none,false,5,false
sol_sarm_tube2_ovl_sub_alp.bmp,4366e07b16cae37999949300cbd14a5f45fb1b91,0200f23922d2d38dd076e7cb61c9fb90c280c872,false,ps2 textures\HAS ALPHA\bp_remade\no_mip_fixes,false,false,0,none,false,5,false
sol_sarm_tube3.bmp,a9fd136c91614e118072f62e3bd988a289fa9bfe,765b7e00443f89017f5a1b5a8ce06c4b44afc960,true,ps2 textures\opaque\bp_remade,true,false,0,none,false,5,false
sol_sarm_tube4.bmp,ccdd1133adbf87501a6f4c2d7c5cdd241faf6fef,131f285491ee0ca8a708ca3c8d36f9f3c14ec346,true,ps2 textures\opaque\bp_remade,true,false,0,none,false,5,false
sol_sarm_tube4_ovl_sub_alp.bmp,6cceaf22a385bf7e2d8814c2d9358ba32e89b526,54b57b242ca31974b5c7d25318db0f18c15c892f,false,ps2 textures\HAS ALPHA\bp_remade\no_mip_fixes,false,false,0,none,false,5,false
sol_sarm_tume.bmp,a2632f6426318196942ffc53d6fc54f271c4830c,02640382aab3cb92b50ba2c9db5c3017b401173b,true,ps2 textures\opaque\bp_remade,true,false,0,none,false,5,false
sol_shoes1_n.bmp,2ec00b71514d51ddf4ccf2d8a5bacc03e20b8054,550af68332a149d6ae92a7839104d8393863d91d,true,ps2 textures\opaque\bp_remade,true,false,0,none,false,5,false
sol_shoes1_n_ovl_sub_alp.bmp,597dc1764ded91550993adbf2971ba4e2b88259c,6be4bef4b7107617bfd8fbffc6f63664edb2aead,false,ps2 textures\HAS ALPHA\bp_remade\no_mip_fixes,false,false,0,none,false,5,false
sol_shoes2_n.bmp,e7ed167fff6af5e6cfbd5c7af19c111a45b262de,a7dde23077a48c9dbb37462e88b33a8187f4c48f,true,ps2 textures\opaque\bp_remade,true,false,0,none,false,5,false
sol_shoes2_n_ovl_sub_alp.bmp,c17aeceb4d739be0f58b63e21a010b0536662282,520dfa61a6b142b49a261b0633b221b53328c7d4,false,ps2 textures\HAS ALPHA\bp_remade\no_mip_fixes,false,false,0,none,false,5,false
sol_shoulder_dt.bmp,76d58689215812fc5616bb6da084154b33f83c64,67201883b59d88555b50a449821ee181e26adb6d,true,ps2 textures\opaque\bp_remade,true,false,0,none,false,5,false
sol_shoulder_dt_ovl_sub_alp.bmp,60c63eec29c4e37db7c3b79a5625dd6a7f9ce6c4,e3ca4491b242b2428e1f24983421dd3176bd2d0b,false,ps2 textures\HAS ALPHA\bp_remade\no_mip_fixes,false,false,0,none,false,5,false
sol_shoulder_n_1.bmp,0842fe9f93ad006e95becf85e719ca08aa753548,e6f54605a3961573e777af4d2ec6c79500737342,true,ps2 textures\opaque\bp_remade,true,false,0,none,false,5,false
sol_shoulder_n_ovl_sub_alp.bmp,6b83b83c15aa0b59d8c1bd47730707a89f0f070d,b6bdc9e2a85111215f33e9738349cb551f8d5ed5,false,ps2 textures\HAS ALPHA\bp_remade\no_mip_fixes,false,false,0,none,false,5,false
sol_usa.bmp,3b4ce36e800f91557549ff5239b62af0bc9d33a4,7f2453924d61ecd549843646915c0406755ac56d,true,ps2 textures\opaque\bp_remade,true,false,0,none,false,5,false
sopelem_body_01.bmp,850fc470be9c988e57406a5c65098dc49c4f259a,522458cb696e3c1332f09c2b700893975eff69b1,true,ps2 textures\opaque\bp_remade,true,false,0,none,false,5,false
sopelem_renz_01.bmp,345bbd59e490f4c8bca99f31df98151a78ceba5e,0feaad7261864d509cb5ba83801ff82bf888b54e,true,ps2 textures\opaque\bp_remade,true,false,0,none,false,5,false
soyunaka.bmp,6c0bad8e7a562cc42f15f28e7aaac6f4cff7f2d4,de54bc03edcc854125ed2e2c3cf0b4cfc332d505,true,ps2 textures\opaque\bp_remade,true,false,0,none,false,5,false
soyunatate.bmp,2c6cb11fc7ed16ed6fbc92858af7bd052b227c52,03e75ca74532f3ab6940578f2b2eb5404a27fa48,true,ps2 textures\opaque\bp_remade,true,false,0,none,false,5,false
soyunatateh.bmp,70dd8df88b2757e44001e98996e04d5e6133ddc5,8139d8f6662615ef7372b0b165a0e11218fd5439,true,ps2 textures\opaque\bp_remade,true,false,0,none,false,5,false
soyutop2.bmp,ea6d6680d4685df287a34b37493dca41e85b638c,145414fa7e776778fda665713e6e622e46093b6e,true,ps2 textures\opaque\bp_remade,true,false,0,none,false,5,false
soyutop2h.bmp,54f6325021a0fbab97b86eaf6679621694e3a0ca,204e658b58eddaad869efa170aecb074c20605d4,true,ps2 textures\opaque\bp_remade,true,false,0,none,false,5,false
soyutop2hw.bmp,e266a2ca6b64e644c7dff146354c83a3f0a8a6f1,e3044aecbaff473dc5c584517d43c9c30e902dc8,true,ps2 textures\opaque\bp_remade,true,false,0,none,false,5,false
soyutoph.bmp,4bef892ff0f0a7af235148bff6d1a4ed3be8fbca,cf1cdd42751badfa010808f9a7e07360baabe286,true,ps2 textures\opaque\bp_remade,true,false,0,none,false,5,false
stg_grip.bmp,4160ce61a3c05866ef19b84fc9fac685c00a4cc1,411735022ed8bb15379efdaeb564f76a4d45ec4d,true,ps2 textures\opaque\bp_remade,true,false,0,none,false,5,false
stg_msl_s.bmp,0c7af74ff3bce871a842546e1558ac7eefb5a547,73719c1267e54dce32d1a7635c17994ef73a029c,true,ps2 textures\opaque\bp_remade,true,false,0,none,false,5,false
stg_s_sb.bmp,65eff0cf298623080efcef5b1a84d0b9b78fb629,c18f87214dcfd612a911a3ff3ca52bddd47cfbdd,true,ps2 textures\opaque\bp_remade,true,false,0,none,false,5,false
stg_sight.bmp,d45bd79adac33c38e393d81aa1cc087c41cf5f1a,40a276c146966bb5b6656ad341a8ddda6773fba8,true,ps2 textures\opaque\bp_remade,true,false,0,none,false,5,false
stg_temp.bmp,9eb90d94474543b3d01583730ea8d0558ee8c798,da0cc224d9c89a4e0b4d30e48265da70a5713306,true,ps2 textures\opaque\bp_remade,true,false,0,none,false,5,false
svc_body01.bmp,e2c17c22c07439dff9d17e7fbb1c25545f9682e7,4c11170f933020c4bfa2c130daf7bf62dfbaf007,true,ps2 textures\opaque\bp_remade,true,false,0,none,false,5,false
tnc_fl.bmp,9725e104481c1558c9910786467c195c18cce50b,232fd065619194eb8e4257615ae92cf850d20ead,true,ps2 textures\opaque\bp_remade,true,false,0,none,false,5,false
tnc_fl_r.bmp,2d09865626435fedd23f7acb1a9aeb77b6055556,66e9dbc33ce7d6b9f633290348e530d7c3ae69f6,true,ps2 textures\opaque\bp_remade,true,false,0,none,false,5,false
tnc_obj_faceneck00.bmp,a2171354534f4b4cd9472a1139940586d646fa91,1f698a073028745f600fafbd2d6a602f99d41363,true,ps2 textures\opaque\bp_remade,true,false,0,none,false,5,false
tnc_r_faceneck02dt.bmp,db6ce14eca8b39053529318e653b81e9060e8587,2d39626f77d8711fc0fdbec01299e1ab06fe0891,true,ps2 textures\opaque\bp_remade,true,false,0,none,false,5,false
tnc_re_faceneck.bmp,31ce12e35e045f6d634c5b0fae4afb5bff3ffd22,ce515c186377fee58c146ce105b0cedf4685ef23,true,ps2 textures\opaque\bp_remade,true,false,0,none,false,5,false
tnc_re_faceneck_dead.bmp,9ca1ba4beab9221d8105dff1be4bee7a8bba01c5,01b3e802635d7e5fc003195f77621a1a50f0edb6,true,ps2 textures\opaque\bp_remade,true,false,0,none,false,5,false
tnc_re_faceneck_dead.bmp_0e551a799467218ab1818640b8ee2d96,f063536f02af14eb3b68b1348aa16cd4290321ef,8a4fe93559295d4ee8be330b690f8c27f4315e51,true,ps2 textures\opaque\bp_remade,true,false,0,none,false,5,false
usa_arm01dt.bmp,87b001afe06e60dcd7c21d99f23edeab6a18a228,7b4de8b262c8906f89d2f7df5b9cc8caca9f4206,true,ps2 textures\opaque\bp_remade,true,false,0,none,false,5,false
usa_arm02dt.bmp,22882f08581876b899190d578ee2e16060a23f4f,b98f494e1aacfda1611b30cb2f3cd9eba044090c,true,ps2 textures\opaque\bp_remade,true,false,0,none,false,5,false
usa_arm03dt.bmp,9fdc195e9d97bc56377a12a5e4d9d63c6359ad79,6b98255d70ee913dda8a27b6553c5d05e68bfa8e,true,ps2 textures\opaque\bp_remade,true,false,0,none,false,5,false
usa_armor01dt.bmp,b85b1717b041acde99584ff567d9b4e3b0a4b35f,084483cd97942d6bc5d7e095f7627fbae704242f,true,ps2 textures\opaque\bp_remade,true,false,0,none,false,5,false
usa_armor_neck01dt.bmp,437eeb0ccfeff73f0631261fd72e53ac454bd1b9,a12b4afb260721fb3c0f307a987214ccbb3cb2a9,true,ps2 textures\opaque\bp_remade,true,false,0,none,false,5,false
usa_armor_pad01dt.bmp,7f608f07a1720356be2ffcb1a1d29302d4ffec64,a1efc25297d93973526b7b4e2a2c60283c27479e,true,ps2 textures\opaque\bp_remade,true,false,0,none,false,5,false
usa_ashi.bmp,3105853947094714031fcc83cb3bedf629378a25,77aa297928e188b7e136bc710fb41ca78822507d,true,ps2 textures\opaque\bp_remade,true,false,0,none,false,5,false
usa_belt.bmp,01dfceb6dd66ee5f2ab38ec3f574cae6ca5519ce,d127498ab7c34a22bc40069a810174a55daa95a2,true,ps2 textures\opaque\bp_remade,true,false,0,none,false,5,false
usa_belt01dt.bmp,a61cd3fa4cc2ce6ec7c5a4a48e58d94fd9534ee2,68d7b9cc4f553179117f804f6183cf6de4c8d9f6,true,ps2 textures\opaque\bp_remade,true,false,0,none,false,5,false
usa_belt02dt.bmp,90666fb7b3d909c4f476699017ce4dedd4c0b307,e16a1e883f38a13e8b1878ea2c28066a03fc7c96,true,ps2 textures\opaque\bp_remade,true,false,0,none,false,5,false
usa_belt_back.bmp,2a927f23e34c87dd54125cd0a20c6cbfa1836be0,33685e51436111b5e311a5836997046b3690dd3e,true,ps2 textures\opaque\bp_remade,true,false,0,none,false,5,false
usa_belt_back01dt.bmp,99b1739a33230fe0831e5196deeeb76afbaf46f1,35d4a404df526a2343e2d3bc0c7e3730c2f85dfd,true,ps2 textures\opaque\bp_remade,true,false,0,none,false,5,false
usa_boots.bmp,e9c23d6e0e656db3981152e98c1fca762087ca1e,2f44ccbc3ab78c72f673f297e2880937b27f508e,true,ps2 textures\opaque\bp_remade,true,false,0,none,false,5,false
usa_boots01dt.bmp,746fd063d142fecc9c76b40c3efa50fb6661bea4,1e51f5e76e5d2dbc7a0073937ff038443bdb0aa4,true,ps2 textures\opaque\bp_remade,true,false,0,none,false,5,false
usa_cap.bmp,6c443411b8b9e0f8bdf236eb878d099c667ffdd2,50f5624887dcc274701e9dd23d0e6ab91f5a0ca5,true,ps2 textures\opaque\bp_remade,true,false,0,none,false,5,false
usa_face_bk.bmp,a38c82881cda055989b6b358f27c1d546a606950,7a633340412a7dd287e6f2ab83e2bd69a32b27ba,true,ps2 textures\opaque\bp_remade,true,false,0,none,false,5,false
usa_face_bk01dt.bmp,2bb7a11e3be06bbeb94b4a51531b4f9f89e34b11,b722862b9e8259041b10072d247fa60d4de2b061,true,ps2 textures\opaque\bp_remade,true,false,0,none,false,5,false
usa_face_c01dt.bmp,954f50163b4897ce05aa4c300e8e875456d63384,ec58350e41db11b6ce7b5b25d5322eace997d768,true,ps2 textures\opaque\bp_remade,true,false,0,none,false,5,false
usa_face_d.bmp,677c1ee57bfbf346bce313271923f7993ec4f7a8,b97fb944cc5f8410e7da0f3bf695be127aed6b4c,true,ps2 textures\opaque\bp_remade,true,false,0,none,false,5,false
usa_face_d01dt.bmp,3526e54438488563e19e122c5274ec5a6ad76f74,9afb270e5521693c1ab588af1791300f3d9d9537,true,ps2 textures\opaque\bp_remade,true,false,0,none,false,5,false
usa_face_d02dt.bmp,9cdcdf88f271f48442e53a28bfa60154a3f9bdce,961fc8e0239e4136c1e7442effc7eb0237a6f8df,true,ps2 textures\opaque\bp_remade,true,false,0,none,false,5,false
usa_face_f01dt.bmp,b40249e8b29a23536860a93ae126610f2a5ebc73,2f7f4b40880fbf3440de8413e1232c525333c292,true,ps2 textures\opaque\bp_remade,true,false,0,none,false,5,false
usa_helmet01dt.bmp,4a472f4eb6dbdd3b55d0866d8b4371cb78c011b2,ddcbc5bd932ab2f0ac21d0e12181129fe1a61bcc,true,ps2 textures\opaque\bp_remade,true,false,0,none,false,5,false
usa_helmet_inside.bmp,8df71d0853a43c8eaa86e9ffc3d539d609a565e8,09470496125d41c1a4aa688d324505a7b058236b,true,ps2 textures\opaque\bp_remade,true,false,0,none,false,5,false
usa_leg01dt.bmp,a13e6a4db9307d8919bbdc6f87fc1d4feb250abe,d350e249107dc691f704845b7774730fa871f6d5,true,ps2 textures\opaque\bp_remade,true,false,0,none,false,5,false
usa_leg02dt.bmp,290041ed276934d021eea340a14208a9e8fb468a,15c1fc0b57e5fdff9355fc73eeb6de8502afe7d0,true,ps2 textures\opaque\bp_remade,true,false,0,none,false,5,false
usa_met01dt_ovl_sub_alp.bmp,af5af04c34a87294dad53c3beac8804904b327d4,a21ec09d0fc3e95fa8314202592340eadddf397b,false,ps2 textures\HAS ALPHA\bp_remade\no_mip_fixes,false,false,0,none,false,5,false
usa_met_belt01dt.bmp,ee21f87d5570fb61cfc2a3d3a3b6ff9f738ebe92,247f8857009ba2ce0e721b47a4481b619af1af76,true,ps2 textures\opaque\bp_remade,true,false,0,none,false,5,false
usa_met_ovl_sub_alp.bmp,b62a39c636dd4dd88ebba0035f48ddf5dbe9f504,814b9e2ae9d843f676ee380c0f5f224c9cf23e37,false,ps2 textures\HAS ALPHA\bp_remade\no_mip_fixes,false,false,0,none,false,5,false
usa_pack01dt.bmp,fa5ed79310d105ebad58f17cf3b8564b659896b6,0de04330cac7f11aa7a1ae15cea244226cf582f3,true,ps2 textures\opaque\bp_remade,true,false,0,none,false,5,false
usa_phone01dt.bmp,35b0d5c96d2fb7b38f860113add0e7320f45d857,4896ad192d01da9be4cec75de59336202cf535cb,true,ps2 textures\opaque\bp_remade,true,false,0,none,false,5,false
usa_phone02dt_ovl_alp.bmp,b03e2ae23baeac8d74a5ff9d3a7af7fadd2e73e2,f632f24e3560a9c5631e53153804318bd77667ff,true,ps2 textures\HAS ALPHA\bp_remade,false,false,0,none,false,5,false
usa_phone03dt.bmp,40a0db631464cd3499ffc79b1996642cd146a424,79586c874684273b5aa6eb2b2119556eec7f9c91,true,ps2 textures\opaque\bp_remade,true,false,0,none,false,5,false
usa_ude_all.bmp,c54c6649acc2cd4dc92f6bd525b84e7a901832c4,36af68c27770856910f6103503e0a27bdec5751f,true,ps2 textures\opaque\bp_remade,true,false,0,none,false,5,false
usa_ude_makuri.bmp,6d4927eb9878116fb95e5438db96ffa0adf98028,366ef39c1d4140bada1d5d4cb1e199071bf11e03,true,ps2 textures\opaque\bp_remade,true,false,0,none,false,5,false
usm_chest01dt.bmp,7c12160382937bca22605a03104ac428756df351,251b02cbb52d24f5a55a41df782b8802bad03dca,true,ps2 textures\opaque\bp_remade,true,false,0,none,false,5,false
usm_chest02dt.bmp,7a1f5c5add9761c3d0e4d69518134af3dd020039,b82c6cc91eb37dae7cd6c270a4b56d9741464e65,true,ps2 textures\opaque\bp_remade,true,false,0,none,false,5,false
usm_chest_back01dt.bmp,4186e71a9d7b999b59e67928cbbc137610694cfe,521b3cb2f0465233b86cc6f3d90d8ead4ba3f742,true,ps2 textures\opaque\bp_remade,true,false,0,none,false,5,false
usm_chest_back02dt.bmp,2bf92f5068717e040f20fbe4991c3ea2062f3f41,f2c804a8c331b23b5f2890e9bd35df302bf58dba,true,ps2 textures\opaque\bp_remade,true,false,0,none,false,5,false
usm_chest_back_belt.bmp,a9486102ec60d05bcfe1a6802d4c69c22c42f3e6,3ab08bc340377ddf4024b80da5ab53cac2e1c778,true,ps2 textures\opaque\bp_remade,true,false,0,none,false,5,false
usm_chest_belt.bmp,3a3facafe06f9425182c418a24afcfd21aa81952,f253719f260998b9a3c308b5973e084d699de310,true,ps2 textures\opaque\bp_remade,true,false,0,none,false,5,false
usm_eri01dt.bmp,4dfd73bfeb0385c151ab8faebed71438cb8fdb7b,3c1d16a9da9a4e138bbc007e4a263860db8f18a2,true,ps2 textures\opaque\bp_remade,true,false,0,none,false,5,false
usm_eri_inside2.bmp,78954364f96094b2a2295fee81c06dd2d74eaa08,7891b541f8514d337d1a8ea37eef77976744ec8f,true,ps2 textures\opaque\bp_remade,true,false,0,none,false,5,false
usm_t_shirt.bmp,2c16e360cfbfb16ce2bd6a2b71850abd70408d84,c14fe62f62f03a9d2ea72ecabd7edc5a8b67a90c,true,ps2 textures\opaque\bp_remade,true,false,0,none,false,5,false
usp_magazine.bmp,4b3cc9e42d2f51e6e4ef62a46de9940345d89a59,66b5a6c075356b89db0dfaaf3f40679352635936,true,ps2 textures\opaque\bp_remade,true,false,0,none,false,5,false
usp_sb_all.bmp,db5bb3371781eba12482d6fdbecaa2e620e01a4b,ed27708ee6b392383e9e3f4e273717ddb1f29a77,true,ps2 textures\opaque\bp_remade,true,false,0,none,false,5,false
usp_sb_all.bmp_cdb943d53c81d48a3e26a8100d3c47be,170f57bdb9ff933d5bd1527d79ba264e75680c57,5ff21b3815288f3acfac6f2f914b10345e66263b,true,ps2 textures\opaque\bp_remade,true,false,0,none,false,5,false
usp_sb_all2.bmp,07975c39ae8115835c8816d9dc1a6b126b2f5546,e86828f6705fa0f120591b5b899e11ab383eae43,true,ps2 textures\opaque\bp_remade,true,false,0,none,false,5,false
val_amo1.bmp,fa91c3026e14b093b8d40335a4caa900f6d4244c,8a3da71fa38eb2aee7299dd44f22878897552248,true,ps2 textures\opaque\bp_remade,true,false,0,none,false,5,false
ved_rope_lit.bmp,36076241a50c098f5f9a0fa15010e7a3d433b5bf,61c59b4710fd0bb84216f78032f38cf655fa59b5,true,ps2 textures\opaque\bp_remade,true,false,0,none,false,5,false
vkf_big_mt.bmp,51281ac0e388eb1d643e7fb6d943098e55ab7060,bef357aacae0bc769368c9785fa91b0f09d6b671,true,ps2 textures\opaque\bp_remade,true,false,0,none,false,5,false
w00_sky_add_alp.bmp,79130fa40ace7a9014dfde4cf702bc00dbf38fb7,f47cd6b412177c70afadf3256831c8bd437d38b1,true,ps2 textures\HAS ALPHA\bp_remade,false,false,0,none,false,5,false
w00_stp_t1.bmp,3f40f864afc6fecdb16bfb39c374b05e26833501,16523cf1f09d0933eb539e1d0b5be62b46711818,true,ps2 textures\opaque\bp_remade,true,false,0,none,false,5,false
w00a_frt1.bmp,99c636c2f01ce062c7fdbd8d955e461ee2387674,33e78938a5f3d7ae523198a34daf07cc9d8a5169,true,ps2 textures\opaque\bp_remade,true,false,0,none,false,5,false
w00a_os1.bmp,304787af02c5d5af685953efb12787332505735a,52b99fcd0f1425910621fe819566b9a54eb316ca,true,ps2 textures\opaque\bp_remade,true,false,0,none,false,5,false
w00a_pl3.bmp,c74c0e1fe435b2962113b757c4c60c045ad62507,413c5ad19f3f71b66ba6f53be8496a24d26792c5,true,ps2 textures\opaque\bp_remade,true,false,0,none,false,5,false
w00a_rb2a.bmp,221b75d33085ca2830edaade36f756cc92075247,471ac939a2fb215eed77c1c67aa61b95b95f90de,true,ps2 textures\opaque\bp_remade,true,false,0,none,false,5,false
w00a_rtn0.bmp,f6b38d86959a5d4ed659f2b7b62f21a5027d75ff,44d373947ecc035eefcfd9a9e6b5d5b102e8edc8,true,ps2 textures\opaque\bp_remade,true,false,0,none,false,5,false
w00a_sn1_msk.bmp,22f25060bb3b079cbe45e99b773c760d692336c0,7c1daa0b46910bdff5efc2bfbb284c39afc82244,true,ps2 textures\HAS ALPHA\bp_remade,false,false,0,none,false,5,false
w00a_sn2.bmp,e48d34abbb898f14d3f57819f2def13a83e85f7c,ce27a40bf857018161487fc63720c5a572e2d785,true,ps2 textures\opaque\bp_remade,true,false,0,none,false,5,false
w00a_w1.bmp,79908e82019c8027b6fb30d443069126f02587ec,cb5c6948845a03da4da6de56528e4c490643c4b2,true,ps2 textures\opaque\bp_remade,true,false,0,none,false,5,false
w00a_wd_p1_msk.bmp,4d4023d22bf4ca4165a9d12e52edc2581e244d6c,6c6b0ab615cd362f52ab3a014c58944bc2d183af,true,ps2 textures\HAS ALPHA\bp_remade,false,false,0,none,false,5,false
w00a_wd_p2_msk.bmp,86eda0eaea0361214f1278460184856d5dedab91,575020f7de8a1c00727c736c410c463abf4337d2,true,ps2 textures\HAS ALPHA\bp_remade,false,false,0,none,false,5,false
w00a_wd_p3_msk.bmp,09fc1de2cc3040d2c772f4c4a8d2a9037f861813,635bce4b87aa71782a45ed4320ee4e8e6a079daa,true,ps2 textures\HAS ALPHA\bp_remade,false,false,0,none,false,5,false
w00a_wd_p4_msk.bmp,710c80638a289f818ac6fee5edca04c2ee964b40,39cb5f85fb5296b08d9529aacfcb276dd820cc47,true,ps2 textures\HAS ALPHA\bp_remade,false,false,0,none,false,5,false
w00ak_00b_wall1.bmp,44b8589458c21ae903278f6189bc1d37abb8bf0e,350b1c561a7dbf41fad45f736c774da4d6039eac,true,ps2 textures\opaque\bp_remade,true,false,0,none,false,5,false
w00ak_blc_t4.bmp,bc5c7db8d86843cb5ed1b32cc12de92b51028afa,1a145b0311cca6629d3c65f155be15810a3e2f5e,true,ps2 textures\opaque\bp_remade,true,false,0,none,false,5,false
w00ak_crane_floor.bmp,12ecb07b79e0a7ab09d8af1ca1e3f0586f4f8807,fcf33b9b556324856664fadc80c733093881e625,true,ps2 textures\opaque\bp_remade,true,false,0,none,false,5,false
w00ak_dck_flr1.bmp,d233f7e1973e4b97b56b253bad4f47050ac04fa6,2cc65846a53e50b54795edc53e7eb3fe10df1791,true,ps2 textures\opaque\bp_remade,true,false,0,none,false,5,false
w00ak_flr1_alp_ovl.bmp,ea9e7fb719bb969785a7690b6322c7d6289a0bf1,81fba2e5d57bdd31d7d17ece6fd516d70b6a8780,true,ps2 textures\HAS ALPHA\bp_remade,false,false,0,none,false,5,false
w00ak_gateflor1_alp_ovl.bmp,7bfd8df2383370e78a1a9759d312d033228c49a2,9ae0be8568b28366b3007fde37c42003003c5444,true,ps2 textures\HAS ALPHA\bp_remade,false,false,0,none,false,5,false
w00ak_roll1.bmp,62d5b8b767d48bdd457d8b0f60382af80566be07,39941b254ea75cc653682674bcbbc333754cbffe,true,ps2 textures\opaque\bp_remade,true,false,0,none,false,5,false
w00ak_roll2.bmp,9f5f874fdf1c1aa06be40087efac76535ed37d29,a92be95b8b5173e5db0f855cf5efa89ec4ffd44d,true,ps2 textures\opaque\bp_remade,true,false,0,none,false,5,false
w00ak_roll_s1.bmp,3dbc01850ca993392d70b9946472d036aed1f16b,052d47a43ad67dc5eeefda56a781d6b495beea51,true,ps2 textures\opaque\bp_remade,true,false,0,none,false,5,false
w00ak_ue1.bmp,f9583f22bb9522857a33fc3fe4be27df065fa090,43ddbaf7217be2718b9f6af3229adfff15fba657,true,ps2 textures\opaque\bp_remade,true,false,0,none,false,5,false
w00ak_wnc_b1.bmp,0bfefefd756a4a2c1a5fe37ad5c20b1fbe6cc6fd,bc0acdb6fef4aaa4e384198d926a12431ef5e4a7,true,ps2 textures\opaque\bp_remade,true,false,0,none,false,5,false
w00ak_wnc_b2.bmp,f88242df7794fda4c47a024d28c3d0cf0191e232,fa1bc5c813a9da3b497fe266a09032c3f4f82e7c,true,ps2 textures\opaque\bp_remade,true,false,0,none,false,5,false
w00ak_wnc_f1.bmp,eeafe260f44dfad44f117477de8db9acc00c89bf,51ff1b1d9c229757d7fe18ba02c0102b5a0b581c,true,ps2 textures\opaque\bp_remade,true,false,0,none,false,5,false
w00ak_wnc_s1.bmp,b34f7d57456d1475cb3ce67b15e8cdc301addf92,b924dba6b2ae738f30cee835efb0936955c8e490,true,ps2 textures\opaque\bp_remade,true,false,0,none,false,5,false
w00ak_wnc_s3.bmp,1250c6461186b0853dfea2f8a5763172ee4c27fc,6170389388750a954c3778e75a28171fe4f91c58,true,ps2 textures\opaque\bp_remade,true,false,0,none,false,5,false
w00ak_wnc_s4.bmp,08abfc5e0b38dfb622e411b42e74bced189d955e,f52f51421c8e95d3caeb9495b128f7904aebce45,true,ps2 textures\opaque\bp_remade,true,false,0,none,false,5,false
w00ak_wnc_t1.bmp,ff849b7d96c76d760a24553bf66d2eee1493d3b9,d4b7e39e75a8cb2534c21d2050b9e35ef7cd4cd8,true,ps2 textures\opaque\bp_remade,true,false,0,none,false,5,false
w00b_antisna_saku_msk.bmp,9daa31ee42a723ec05adb6279052f9cf17f734d0,cf6d6bf674a70563ea97b6dbaeb5f349b1f1f16c,true,ps2 textures\HAS ALPHA\bp_remade,false,false,0,none,false,5,false
w00b_bridge_wall1.bmp,994929e4df9d5f97767c640f04703a3c3c32f51f,a439e7f5a12465a54942aac9f3a7d15037158a08,true,ps2 textures\opaque\bp_remade,true,false,0,none,false,5,false
w00b_bridge_wall1_fade.bmp,ee554f7a0a44295ae50d3b33ec930f1514443a95,144c3068d1b4a51707043f9a33f767cd588712d1,true,ps2 textures\opaque\bp_remade,true,false,0,none,false,5,false
w00b_cloth_new.bmp,d1d27aad96c21755a3cf764ece705ddd508ac9ff,2fd064d1f09c7beb118778233268ea231ee3cbd0,true,ps2 textures\opaque\bp_remade,true,false,0,none,false,5,false
w00b_crane_post_s.bmp,ffc27c2e37e8b634c662cd284c04c58195f41388,eee4399605fdcc87a96e77ad81fd6417c14f127a,true,ps2 textures\opaque\bp_remade,true,false,0,none,false,5,false
w00b_fannel1.bmp,8c4139d9f1fd1c5d30b57a96364c2901757cea6b,35f0ff563aab90b81080f42e66615f9e58b121b8,true,ps2 textures\opaque\bp_remade,true,false,0,none,false,5,false
w00b_flr1_alp_ovl.bmp,93c2430aa5fdda327b4027c1329ba6d5c52379d3,7e9383ddf00412ec31e723b79a0382f924a36f3a,true,ps2 textures\HAS ALPHA\bp_remade,false,false,0,none,false,5,false
w00b_flr2_alp_ovl.bmp,6dbb8338428910ef1701c5baa96d8ec4ff2b1454,f5a33eaf96b9a79c726af12ab711f6c0a1b9e2f4,true,ps2 textures\HAS ALPHA\bp_remade,false,false,0,none,false,5,false
w00b_huge_light_f1.bmp,e8ce789ec07f3c2dc3a46ad5757c5b0a45f15579,3341c30ddd534aa9058725d14b0f85b8ed7425e8,true,ps2 textures\opaque\bp_remade,true,false,0,none,false,5,false
w00b_huge_light_s.bmp,3fc14a3d4447ecc1d952690ffca0a36d48d2501c,70b40f386c1ce98b2ad2e708af65e4050797cda0,true,ps2 textures\opaque\bp_remade,true,false,0,none,false,5,false
w00b_irs_pipe.bmp,aa1b4ce80977348fee976f27deed4e2092210cba,5a14d8310f4dae39a57b38f90cfc18433ebfe7d0,true,ps2 textures\opaque\bp_remade,true,false,0,none,false,5,false
w00b_irs_wood1.bmp,a855772341ff106253a5e6b173289ba1b816c832,24481bcbe74607695b27ee2c5d84a6f4b8a9cc13,true,ps2 textures\opaque\bp_remade,true,false,0,none,false,5,false
w00b_irs_wood2.bmp,df3ca0a208364690a45bea24f8f21904568c419d,4dfe8906c48bc2e3202e7ff5d098440f91ce5645,true,ps2 textures\opaque\bp_remade,true,false,0,none,false,5,false
w00b_mushroom.bmp_5e3a7780abfc18549f6a4b034fef18bc,99456d840fb535a7c9fb32211be2e9556e4d91b2,163424e59f9b3b17938d419c9fb1711d87ebb839,true,ps2 textures\opaque\bp_remade,true,false,0,none,false,5,false
w00b_poll1.bmp,e1e4ce78cea0cda8de9b1594424960c5a257d013,ff28a8513eb60f1115541e764f6b9281a4313ef9,true,ps2 textures\opaque\bp_remade,true,false,0,none,false,5,false
w00b_raderdome.bmp,19397a91aa363e7eac5f5bad40543024d4b3f649,74126df03d6bb9ba1a0dcf9af9c45257de8797d2,true,ps2 textures\opaque\bp_remade,true,false,0,none,false,5,false
w00b_sonar1.bmp,58d563dc92304096a3b4eaf57cbaa484115a905c,8d07bfe2f85d4e1d711c56cc83005da64f0c8463,true,ps2 textures\opaque\bp_remade,true,false,0,none,false,5,false
w00b_sonar2_msk.bmp,169d60520457efa82eb4bd4642ae3e02aff42bb1,981144ffbfbdeec365c4b19462fd5e1a20b802ed,true,ps2 textures\HAS ALPHA\bp_remade,false,false,0,none,false,5,false
w00b_step2wing_t.bmp,bda55ca59d7c3f9f33c43bf985da51e2507f6510,e09a8014774091593e29020d15e1091fda230159,true,ps2 textures\opaque\bp_remade,true,false,0,none,false,5,false
w00b_step2wing_t2.bmp,17f2774195003f681114e05ae6f69a17f49dbbde,09b39bb67f26752b92458eb340fd8cd7423d7b0e,true,ps2 textures\opaque\bp_remade,true,false,0,none,false,5,false
w00b_tower_deck_s1psd.bmp,da6a0c2d747d259ccb3b7f693beab125381e52bb,f600bfb2935da3cb9b01a00fd02ae7c026307cc6,true,ps2 textures\opaque\bp_remade,true,false,0,none,false,5,false
w00b_tower_deck_t1.bmp,dcae06bade146aaa645cc2c3cb888f31ac28131e,180f97e566c8d9642089deaf102d68283d2a13d6,true,ps2 textures\opaque\bp_remade,true,false,0,none,false,5,false
w00b_tower_s1.bmp,702ddf7301fdcff4e3d04c5ac9cc833188292d72,867401bdce3352d6aef22220a1010aa471970a6a,true,ps2 textures\opaque\bp_remade,true,false,0,none,false,5,false
w00b_tower_s2.bmp,dd59e5680abe4f89a410b3adc6fd28af0351fc19,69af715a040b383626a9442d51ff7396132e25ca,true,ps2 textures\opaque\bp_remade,true,false,0,none,false,5,false
w00b_tower_saku1.bmp,1f426657dda78864690982f2a08271c06f1c24ed,f471f2ea8666a906058b03a3077fe05fac0b47ab,true,ps2 textures\opaque\bp_remade,true,false,0,none,false,5,false
w00b_tower_saku2.bmp,ef8174a2efe4fa29618fa640b9a5b1e5a2c87ae3,d151e3db8aa26e3efa2027f85d55e226678dfc48,true,ps2 textures\opaque\bp_remade,true,false,0,none,false,5,false
w00b_wall1.bmp,1cea39e65d67fec9885aff26152b2e804540d547,70bb002ca4aa7d94a36a1373f0d25593583955f6,true,ps2 textures\opaque\bp_remade,true,false,0,none,false,5,false
w00b_wbox_s.bmp,bac778995722a9e03df7da6dd513d5279e7dbf0b,b20eb506ba5ddcf17a8416e19abadf64f1041966,true,ps2 textures\opaque\bp_remade,true,false,0,none,false,5,false
w00b_wbox_t.bmp,2d7013b016e793956d93900cd1b085b2020bfe99,25d4a39d2a02f53e25b106a9a2e934de0e2abdfb,true,ps2 textures\opaque\bp_remade,true,false,0,none,false,5,false
w00b_wingflr1_alp_ovl.bmp,2f860db65134ffe73e7c521f23d48cde7ca329dc,264a56d49fed69e8eb2ed69973d969e268925b3e,true,ps2 textures\HAS ALPHA\bp_remade,false,false,0,none,false,5,false
w00b_wingtower_fs.bmp,1490ec59342f61ebb575c2579444360da54f72b2,05ac74220882ad566cfcd17a50e3c6f6912df52e,true,ps2 textures\opaque\bp_remade,true,false,0,none,false,5,false
w00b_wingwall1.bmp,f042779abdd4cb446e26eb6f179be00dc6f5b000,dd024296102d16e0f73a44c97dfe903421562022,true,ps2 textures\opaque\bp_remade,true,false,0,none,false,5,false
w00brk_00a_frontwall2.bmp,08c846a4468e84aece1a6341768ad365c2d7f57c,1390e814908b4d35f70e2bd5310579a0efcef6d5,true,ps2 textures\opaque\bp_remade,true,false,0,none,false,5,false
w00brk_f_flor1.bmp,03c2377641f5c6746d781f468530b92a3a9f045c,5aa8e20ca5a777e0e83d5d46db712dd02054be83,true,ps2 textures\opaque\bp_remade,true,false,0,none,false,5,false
w00brk_flor_danmen1.bmp,bf72afa54ab05020a9a2e1e41038a719490fedd6,d57daba3d941e0d8246b80453ffb0b57ba413d09,true,ps2 textures\opaque\bp_remade,true,false,0,none,false,5,false
w00brk_pipe_s1.bmp,ba3bbec5e08d13625b83a91bc5ffbb69b0c6e40f,237927bac8361e71372a0692121f64b3cb2b61b0,true,ps2 textures\opaque\bp_remade,true,false,0,none,false,5,false
w00brk_table_floor1.bmp,0af57824982d178ca050fa9c8f294ec22e4792a7,72b4409eaf7bef620550569c0b4691a589a8b0c2,true,ps2 textures\opaque\bp_remade,true,false,0,none,false,5,false
w00c_stp_f1msk.bmp,e8f12e6871869644ead24619e99d6fde30e3e2aa,a54bc568f549772a07b893ae4215050f2ee8549c,true,ps2 textures\HAS ALPHA\bp_remade,false,false,0,none,false,5,false
w00c_tower_wing_msk.bmp,169d7bf0703c948ff9695c373219cc8c8ea70176,6efe826fd0db5fb4dd4d3ebd10dcc2013e41a172,true,ps2 textures\HAS ALPHA\bp_remade,false,false,0,none,false,5,false
w00k_drw1.bmp,8636fbbc6bff89f53f8f08e79706c04d283e63ae,9d1ae587ddc2cdf54f45faf68a9f45bc6fb7351c,true,ps2 textures\opaque\bp_remade,true,false,0,none,false,5,false
w00m_block.bmp,fe0fdc81f2ccdae25d0a11915c7dda97a37ce528,18359a0c0692aec7e0dad6b0ba2d63b7da3353b1,true,ps2 textures\opaque\bp_remade,true,false,0,none,false,5,false
w00m_block_side.bmp,60a4c8117c6e2d13a1e3cf170800fe9c787564f5,31f445e57d9a2998c59240cc5f655425c99dc7c4,true,ps2 textures\opaque\bp_remade,true,false,0,none,false,5,false
w00m_ikari_face.bmp,f6373eac26c24b868fcf65931afffce4451000cc,b6b78e8143ccfc851f9c3c16e2e6ae845ea73eaa,true,ps2 textures\opaque\bp_remade,true,false,0,none,false,5,false
w00m_ikari_kabe.bmp,894690f74a3a2bf3ddd649c24be5195a09e80e67,f7eff693ad13120e2c133a8c4d2efe0998721d65,true,ps2 textures\opaque\bp_remade,true,false,0,none,false,5,false
w00m_ikari_sotowaku.bmp,215498ad7cead3928c17f6b13fa9195e19718bab,a940e0526f38f54f8a1d0c842433231ac969add9,true,ps2 textures\opaque\bp_remade,true,false,0,none,false,5,false
w00m_mush_huta_face.bmp,9e3351e5a2e0cc48d2e46d0386f00f49f0f1c8dc,582728983b0ef207041e65b118a418a73d816041,true,ps2 textures\opaque\bp_remade,true,false,0,none,false,5,false
w00m_mush_huta_top3.bmp,11aa5bfe4b01ed9e6bb9a7ec491cb973879363b4,6776a811d2e59c92bcd32cb1bf3aac858c5d2dc4,true,ps2 textures\opaque\bp_remade,true,false,0,none,false,5,false
w00m_mushroom_face.bmp,32e815a2dbfdb29f55255bc219c3f52366951dc8,52af8f574464bc44db0261cdc1033ab9f1888f5f,true,ps2 textures\opaque\bp_remade,true,false,0,none,false,5,false
w00m_winch_face4.bmp,e4c896af597b25c882fbedc2a8da6a73e3968ded,ae4c518f5b144cda29d1132cc6564e571200b829,true,ps2 textures\opaque\bp_remade,true,false,0,none,false,5,false
w00m_winch_face4.bmp_66d35506ebb6b42785de008e8285c263,0c0a2ce2e2d88a84925185658b599f2b5665c707,7dc99819c73e821f2f4d4395d76b5bf5a416e39f,true,ps2 textures\opaque\bp_remade,true,false,0,none,false,5,false
w00m_winch_top2.bmp,7e3ad2626395b7d247bac1a54bd06cbf9bdf6b14,d7fb7ef79f9a599b9fa3be2e1cdbb644e7d7b9ae,true,ps2 textures\opaque\bp_remade,true,false,0,none,false,5,false
w01_dr00.bmp,29bf7fd16aeae0afe5dceef378e3af71e6395b8f,50fe9e9a0e4f38991e6d580efcc2aafaea276eaf,true,ps2 textures\opaque\bp_remade,true,false,0,none,false,5,false
w01_dr01.bmp,e6454f3a43cd3c0a2f95e4a0d720a1eb662779d4,6d90b04fc2e28de2b6d0403b6e2375152a3380e3,true,ps2 textures\opaque\bp_remade,true,false,0,none,false,5,false
w01_dr01u.bmp,ee4b771e5263c68cb366ce04b9576e7e7dc53ccb,f99992150fa015cc0d5188c098527c8351356507,true,ps2 textures\opaque\bp_remade,true,false,0,none,false,5,false
w01a0_box00.bmp,ebbe038fe3b8834a5f91994faa4fd1aae840c969,7913c9b1aa94da3e7165b9ca33b043344cc6599c,true,ps2 textures\opaque\bp_remade,true,false,0,none,false,5,false
w01a0_box002.bmp,ddf7d852f4061cf945d5779d1e6466ba2c59063f,5f374eb894fc69f7eca4f0a4a8c0d4e83dda907e,true,ps2 textures\opaque\bp_remade,true,false,0,none,false,5,false
w01a0_box00a.bmp,7ca79b946f18a8c4572e5a7bc0d6cbfe19d54cef,cc5cc94519ccc28305035b5c4fc757a443a2d402,true,ps2 textures\opaque\bp_remade,true,false,0,none,false,5,false
w01a0_box00c.bmp,f9ba9770d77a2d81ca9e3e7b41b1bcc9ef86eea7,6f02c57af9991eddc12b641e8efb103985c723c5,true,ps2 textures\opaque\bp_remade,true,false,0,none,false,5,false
w01a0_box01.bmp,70749ae2ad160ac1234f0faea98b55ed49d1239c,3322ae26727f50735484af324084a4e477e52f5b,true,ps2 textures\opaque\bp_remade,true,false,0,none,false,5,false
w01a0_box01a.bmp,9a60f22af3e435cd7342f6c0470a6f0672b2809d,540e548668f2d6d3ccbe0f20f292db5f8d3dc034,true,ps2 textures\opaque\bp_remade,true,false,0,none,false,5,false
w01a0_box02.bmp,c5b133af83359c0be0cbf25e5e89265aa65c08fd,fc25e470816ef3df4e77e32628efd49b2140593f,true,ps2 textures\opaque\bp_remade,true,false,0,none,false,5,false
w01a0_box03.bmp,3eaf9ffee706f4762ded3fa2c41430f7d78c51b4,4519f1dd35c9ac44748d0d834aece796238e6771,true,ps2 textures\opaque\bp_remade,true,false,0,none,false,5,false
w01a0_box06.bmp,f1b515ab370680800589d3153f66a99b619fd130,4f4144763e46a7d451b5a095ff8220e2df838f9a,true,ps2 textures\opaque\bp_remade,true,false,0,none,false,5,false
w01a0_box07.bmp,e18eff3afb238914fcdf46962854e0aa9ab7a9e7,40dca313ca0cc3b1f2c4e7cf8b324802217a50b3,true,ps2 textures\opaque\bp_remade,true,false,0,none,false,5,false
w01a0_box08.bmp,0f5095f1278d15ab60305f913cb5c3317c44fa0d,ee1b99ad553513b753ee6485b0da999bfcb8e981,true,ps2 textures\opaque\bp_remade,true,false,0,none,false,5,false
w01a0_cfl06d.bmp,dae711d94f8eb14cef41bc99aec2a16a8721e00c,69083797f9f3b57f0bd5d3501a60ccc719437fd9,true,ps2 textures\opaque\bp_remade,true,false,0,none,false,5,false
w01a0_cfl06e.bmp,4a9630b10d8e1727d3759a1200483928672360c0,9806e598f690efb31da88bfd0d2b28c78bc69d3d,true,ps2 textures\opaque\bp_remade,true,false,0,none,false,5,false
w01a0_dr00a.bmp,c7db9ed41558b66c5ee7193c994c9483ca467544,620e02259e777a0476a44ec5f8d90f91326d6afd,true,ps2 textures\opaque\bp_remade,true,false,0,none,false,5,false
w01a0_ent01.bmp,6d58d39cbe818434474a7d26bb78a5cde7ca181c,9f6f39285706d04b1a7adb0ef1df312953f72b17,true,ps2 textures\opaque\bp_remade,true,false,0,none,false,5,false
w01a0_ent01a.bmp,8efacd22d91e1879132824c2dd2e1a5d47dc24d2,7a7508660fc99d4d77c670fe83f6aaad04dd8417,true,ps2 textures\opaque\bp_remade,true,false,0,none,false,5,false
w01a0_ent04.bmp,e0d6fdda82abbb54a086ce4694eea833620764b2,c46234b528b12a9fc78b312cb67ac72bd4bf65b2,true,ps2 textures\opaque\bp_remade,true,false,0,none,false,5,false
w01a0_fl00_bld080_ovl.bmp,75c10be25bddaad24334ae09f93af10e6dd77658,43b06d4f516da9ee0fbde7ab0a21f55478470e00,true,ps2 textures\HAS ALPHA\bp_remade,false,false,0,none,false,5,false
w01a0_fl02_bld080_ovl.bmp,f3340df47c731883a6d9cdd219ecb06b50035feb,ee0bf8842ebe1783ef6edb794059455061f33f4b,true,ps2 textures\HAS ALPHA\bp_remade,false,false,0,none,false,5,false
w01a0_fl02a_alp_ovl.bmp,b238e9ef83634043481580f60dbde0df96327115,5f8b812f8300a4f94e13e7dcca614608e26baefb,true,ps2 textures\HAS ALPHA\bp_remade,false,false,0,none,false,5,false
w01a0_fl03.bmp,b45b6926296137efd07961010d44ccf216996992,15312e83749fb4c93917adbccf2e90b142eb0aa0,true,ps2 textures\opaque\bp_remade,true,false,0,none,false,5,false
w01a0_fl04.bmp,0f7f90b63878b66c2b13b6df2537c441b9824e13,cbe5d0c84e8ec23ec3e38b1abce9df5df8f4cb9f,true,ps2 textures\opaque\bp_remade,true,false,0,none,false,5,false
w01a0_fl04a.bmp,48ae4ae0a47e5c05cd44a39ad87f572ebc4b4153,7acc4296b491b4976d9d5ea3a15c0434a6347e5b,true,ps2 textures\opaque\bp_remade,true,false,0,none,false,5,false
w01a0_fl05c.bmp,e59279c97998b6ba6876decda92276e262b4f7b2,a3765745d97914b75d2cc24535672f948f115867,true,ps2 textures\opaque\bp_remade,true,false,0,none,false,5,false
w01a0_fl05d.bmp,28814ca821ef14651397fa1b42eeff3b14695cc3,ac0cf96c087fa89c98264d28702382fbfe11bfc8,true,ps2 textures\opaque\bp_remade,true,false,0,none,false,5,false
w01a0_fl06.bmp,b30757f39d98d7c07b6864fcf88f7cff19f2124f,1ed539beaa11fc805156d68fdb806a9f1cb73f9e,true,ps2 textures\opaque\bp_remade,true,false,0,none,false,5,false
w01a0_fl06a.bmp,999e288ccf5f75096b8472d4efd678a2b1d6979a,e1eee23e4ae6284d06af6d30af34ea0241dbf5b8,true,ps2 textures\opaque\bp_remade,true,false,0,none,false,5,false
w01a0_fl06b.bmp,9afd32aa16b6fc2ceb6c60bbea35d4ff94dafe44,c7ec0545e6d1c79cda1e7046309c24b391ef39f3,true,ps2 textures\opaque\bp_remade,true,false,0,none,false,5,false
w01a0_fl06f.bmp,b9f0f0ffc20041f9fea1d95a432d7366627ef36c,e5c82859dbc591057b1cc03cf237f4f215dac9ee,true,ps2 textures\opaque\bp_remade,true,false,0,none,false,5,false
w01a0_fl06h.bmp,184c493823df85de1ee44572ec28cffb7864655f,ce5488496a44e1539d0479904a062dc79300b794,true,ps2 textures\opaque\bp_remade,true,false,0,none,false,5,false
w01a0_pp00.bmp,2a1e94538a4fde77a0df48f5743fb71807a137e5,4ad38dcdc8c030495512a0b2ea2850e867d53fff,true,ps2 textures\opaque\bp_remade,true,false,0,none,false,5,false
w01a0_pp00a.bmp,9f45e89dec94f8371e8caf3f71517e71bf691296,145e21b4222757dcdd5714038cd6de91f1b29911,true,ps2 textures\opaque\bp_remade,true,false,0,none,false,5,false
w01a0_pp01.bmp_c4f68f448cb866fd05ff299f47307e75,605e17f87d4fd857a50ee31fff0299308115bcc1,a19bf0cda708a88630f6fd66726cb5df90732061,true,ps2 textures\opaque\bp_remade,true,false,0,none,false,5,false
w01a0_pp02a.bmp,f404d1d4006f66a25a5828a46593d505e2b32b27,bbbc741ee596e9c541aed6305077ee58c505c373,true,ps2 textures\opaque\bp_remade,true,false,0,none,false,5,false
w01a0_pp03.bmp,6d52289b09d64344ba48a0a6654e558ce156a609,adfd460922ea14f3c92f742d6da6c9e4ebef5aa7,true,ps2 textures\opaque\bp_remade,true,false,0,none,false,5,false
w01a0_ppb00.bmp,bba27c5caf8c211aa32c820440b62e6f99464446,8af9e976382ba0626ac870bd61f66f3c2d2d7c9c,true,ps2 textures\opaque\bp_remade,true,false,0,none,false,5,false
w01a0_rf00.bmp,b345c15f56a5ea08e482d7970d94cdda6715c6ff,122482dbf7458dfa5de413d9ece1661b0b2ea2aa,true,ps2 textures\opaque\bp_remade,true,false,0,none,false,5,false
w01a0_rf02.bmp,9958788f550e87dbaf09d9d4fc3675e6abc744be,bc4db2743dffa1432f166e3cdee2c83383e1c15a,true,ps2 textures\opaque\bp_remade,true,false,0,none,false,5,false
w01a0_rf03.bmp,ac60b5154850776e9173534aa9c2b5c156846336,7628fd9df9f7bb053ba87d40552d9bca5311adf5,true,ps2 textures\opaque\bp_remade,true,false,0,none,false,5,false
w01a0_rf03a.bmp,1880590ddc134a94cbfb3fb04bc0808b235eb2e4,da62213b5fb0b7e162771c9ebf9cd3873def1722,true,ps2 textures\opaque\bp_remade,true,false,0,none,false,5,false
w01a0_rf05.bmp,914e08908d0a56c628bbdb68536af198eef65490,16b680a363f9fa5a1110da3a15e004c987694318,true,ps2 textures\opaque\bp_remade,true,false,0,none,false,5,false
w01a0_w00.bmp,ec868ebd79e487b8070b0f1ecfe142f1c500ae77,a383e92c065a8a230589c7d2dd9e6388c5a025db,true,ps2 textures\opaque\bp_remade,true,false,0,none,false,5,false
w01a0_w01.bmp,3e74d683724e122ec7ac6b3aaebf6b48ec7aa3d5,d2070c15ea575ebe2361fe3d34dc1fe39dbd2fbb,true,ps2 textures\opaque\bp_remade,true,false,0,none,false,5,false
w01a0_w01a.bmp,8081a9e442db751659b52a610876335713c02330,73f0f81aaf6b52e9fad5720d2cd1921a14b71c89,true,ps2 textures\opaque\bp_remade,true,false,0,none,false,5,false
w01a0_w04.bmp,31f0fd4382ea83d644c9b13eb73966cacd89bb7a,37f9bd5f35ca415efaad03bf7698c775a8d20c8c,true,ps2 textures\opaque\bp_remade,true,false,0,none,false,5,false
w01a0_w04a.bmp,3b68b9177c4aa29d603f4d67088d5efb9ce9610c,5c6b9fbd02ac4a32810d8fcdb376bcd23ef5f9ed,true,ps2 textures\opaque\bp_remade,true,false,0,none,false,5,false
w01a0_w05.bmp,cebba3f9fad6d2940d1ebba63dd6aa9cf0ca5bc2,550d330ac2f1d1839f8b77438b88a7ca0dca2f4c,true,ps2 textures\opaque\bp_remade,true,false,0,none,false,5,false
w01a0_w06.bmp,a96d1b644a691c12cc0e3e180a0fde17796b6313,b2fdf6f78ff2315af254b5082701f20baf981b40,true,ps2 textures\opaque\bp_remade,true,false,0,none,false,5,false
w01a0_w07.bmp,acb37ae1fa0b16132f07aa0d8896ca980de9bbb7,6ae413d776e841e4c86a47d5ff96baf556c2974a,true,ps2 textures\opaque\bp_remade,true,false,0,none,false,5,false
w01a0_w08.bmp,52312cd100b1878b75bd410df1bf21b2bb6318f3,8dbc98fa77de6b402f9a0524b6e812af2806f5d1,true,ps2 textures\opaque\bp_remade,true,false,0,none,false,5,false
w01a0_w09e.bmp,2f33b75ba03a54539475d9e52f970bca4245122f,7b83dc0417de9c93c94384136ab2cfe523b995ee,true,ps2 textures\opaque\bp_remade,true,false,0,none,false,5,false
w01a0_w09f.bmp,0efded27d4955198d52baedc27d6c246b6143e71,b09d6097b4bfe60b689368108401fe3624c917e1,true,ps2 textures\opaque\bp_remade,true,false,0,none,false,5,false
w01a0_w09g.bmp,0fc27f2f7a7d264bd8d6cd19e92105c7517e640a,19f09bbea0c913372eeff511182b4331b3c64a20,true,ps2 textures\opaque\bp_remade,true,false,0,none,false,5,false
w01a0_w10ad.bmp,48a3892483a8097049e5449577bb6e8fa75f6ff6,565bb8bbe8ce0240d4900035292c1e40e155adf4,true,ps2 textures\opaque\bp_remade,true,false,0,none,false,5,false
w01a0_w10bd.bmp,13021764f8f4514d8a99d221ee3108d88f8f43a2,93f00fb538587835d74f964aed2b661a499150b5,true,ps2 textures\opaque\bp_remade,true,false,0,none,false,5,false
w01a0_w10bu.bmp,85038062ee39aae7eb37ea0df1558d50d25d74b6,c41a4abd01134b95821e9b92988df7fc2235118f,true,ps2 textures\opaque\bp_remade,true,false,0,none,false,5,false
w01a0_w10cd.bmp,3ff8a5fc6ec4381026742f0694e0e7ccd78d3c4d,c947724301374125b5be5bdb5c034ba5dac85bca,true,ps2 textures\opaque\bp_remade,true,false,0,none,false,5,false
w01a0_w10cu.bmp,72fd1eb28a1d750bba5c315e205f075fbd5f1e6f,c6f4786418780d99a548ddd23176dec22975108e,true,ps2 textures\opaque\bp_remade,true,false,0,none,false,5,false
w01a0_w10dd.bmp,0b32bb95d2629e735271b5e4e64cfd573081c6be,417ddb3d3d1cdcab78e16aa7d2501151ba9fef66,true,ps2 textures\opaque\bp_remade,true,false,0,none,false,5,false
w01a0_w10du.bmp,4ef788daee59ba7d812638243452697c6bace888,bd8f89da9f7bf6aaacfc60779367a57980d1b008,true,ps2 textures\opaque\bp_remade,true,false,0,none,false,5,false
w01a0_w10e.bmp,640b8c9176244fb445ae44f297f70ee2efdcee42,67850d1330a2e965dddc666075037a48b0da324c,true,ps2 textures\opaque\bp_remade,true,false,0,none,false,5,false
w01a0_w10f.bmp,e3f215ffa4dab3053566ccb769cbb9e0348df19d,380c49ac14474d79c38aabfc65470ad592e79ffe,true,ps2 textures\opaque\bp_remade,true,false,0,none,false,5,false
w01a0_w11.bmp,7b7037a2db23fec6175297d088894311336b9ff5,b0f2a854a380fcc5c0acf9966eeb07626a6662b9,true,ps2 textures\opaque\bp_remade,true,false,0,none,false,5,false
w01a0_w14a.bmp,99d8b5c1bf0cb8dc2a471188d821753b9536b179,9fe45f4cfdabb7a245a6a341439afb5c5c57b8a2,true,ps2 textures\opaque\bp_remade,true,false,0,none,false,5,false
w01a0_w15.bmp,6859cdacd02c012543a8ea9724bb97a10e28d47c,c17683ec2889190074d777c562bd8ab39aa02852,true,ps2 textures\opaque\bp_remade,true,false,0,none,false,5,false
w01a0_w15a.bmp,b4839edb63bf700cd79d9ff8513f6b1954a666e2,5f9031da1d41b7458bb788ffe4342abc4ed8c575,true,ps2 textures\opaque\bp_remade,true,false,0,none,false,5,false
w01a0_w15b.bmp,8feea5461d18e240a47b46322e29f9bfe96cf8f9,68102fa0a02ac197eb8b41c832f810411a6aebcb,true,ps2 textures\opaque\bp_remade,true,false,0,none,false,5,false
w01a0_w16.bmp,7e0ecdc48a9d38c4b31c59beaa095c7586017abb,a9232f7dc81aa3355d762fae8b676f08a1609692,true,ps2 textures\opaque\bp_remade,true,false,0,none,false,5,false
w01a0_wh00b.bmp,926a5da75668cbd91e0193d5a6b24adec9a1afa8,50988df861fabf9eadde889806cf615eb84e9100,true,ps2 textures\opaque\bp_remade,true,false,0,none,false,5,false
w01a0_wh01.bmp,111f7a0ab53f16235ea12e8661676f45b0be132d,6db81b5b35d3053b3e50d1d771db921e5c7a5287,true,ps2 textures\opaque\bp_remade,true,false,0,none,false,5,false
w01a0_wh02.bmp,5824a1cf9a1f147e1bad2adc3e8cf74e38c9b29d,0bc7e654cbdf5914512e286bab1db45c576596c3,true,ps2 textures\opaque\bp_remade,true,false,0,none,false,5,false
w01a0lc_loc2.bmp,5f8970b229165382cbc5c73674e83dd094f55986,6a5acd02422ceaa1abcaacef66c13d1e9739e4f0,true,ps2 textures\opaque\bp_remade,true,false,0,none,false,5,false
w01a1_cfl00a.bmp,8e2e4617f0eefcd1199e97d7147083f2c77e5f4c,a5d2f350ab063ddd5b353e6dbb003e3155131bbb,true,ps2 textures\opaque\bp_remade,true,false,0,none,false,5,false
w01a1_cfl01_bld095_ovl.bmp,4aee699811187adc5c4a55193920fa7e01f0c28c,6a03db5f9d0b6ad210b1bdbff4ef733eaaaf1721,true,ps2 textures\HAS ALPHA\bp_remade,false,false,0,none,false,5,false
w01a1_cw00.bmp,57e479469ffdadeaf4f7b2781e14e84475509f8f,d7f6cdcec9291c535e6bc07cd442f18262edb134,true,ps2 textures\opaque\bp_remade,true,false,0,none,false,5,false
w01a1_cw00a.bmp,94a9142730fe8cfa2428f82327ebc00f57b79ec8,35ae2d6009c2739d1273bf871b9bbd81e598b046,true,ps2 textures\opaque\bp_remade,true,false,0,none,false,5,false
w01a1_cw00b.bmp,3e4c52b23fffa9d4cb3a5e9825abe13d63b9c3d6,148c6d74ecbf4fe590232ca8713da907e0073e13,true,ps2 textures\opaque\bp_remade,true,false,0,none,false,5,false
w01a1_cw01a.bmp,4ef7fbc296c718e30048a6a638133ac22238e927,cc5d04f95d2b11da2c2c9382c89d0ecf97010e0e,true,ps2 textures\opaque\bp_remade,true,false,0,none,false,5,false
w01a1_cw01b.bmp,0ff69ff124d9cb5f86cbbe4224c659f753ddaddf,0d763e62d46400e8048a3e4dd3b3d0c0854688d5,true,ps2 textures\opaque\bp_remade,true,false,0,none,false,5,false
w01a1_cw01c.bmp,2dbc3ab84cc93ae021029b4989fb063fa7c42f7a,8fcd8ab5bf5d4595920044a7810410796319ca02,true,ps2 textures\opaque\bp_remade,true,false,0,none,false,5,false
w01a1_cw02.bmp,fefb0fa15df26cd2c98c76c39aac76a1a2bd872d,69d94c8d5bf551005e6b9dfc2139c2a89ec4bfc5,true,ps2 textures\opaque\bp_remade,true,false,0,none,false,5,false
w01a1_cw02a.bmp,cde690ba9b9b795fc8d175ebe2ba01bdb2a22398,f40732f572716a69d0a64c09f45277cdd5a06bd2,true,ps2 textures\opaque\bp_remade,true,false,0,none,false,5,false
w01a1_glswl00.bmp,10665f8bf8c019071a681577739d7557594d0a6c,c2e628462bb3f7aa332b7054c28466257337a00e,true,ps2 textures\opaque\bp_remade,true,false,0,none,false,5,false
w01a1_glswl01.bmp,093bc01b710cc51a13b884da0277b1a0031eb569,68cc41c9d008695b74682b85ea2a62f937b8bbc4,true,ps2 textures\opaque\bp_remade,true,false,0,none,false,5,false
w01a1_glswl02.bmp,892a4df5a1a89b92ac848f1c0c0cc327adf4cfa6,721975be76d3af7a2d3bd0f9cb8e69dc91363f99,true,ps2 textures\opaque\bp_remade,true,false,0,none,false,5,false
w01a1_rfc00.bmp,f7035a5aad3d27c02864507c5a306615bc002ced,1acc77af430d6130f70630da9eaf3661b21354e9,true,ps2 textures\opaque\bp_remade,true,false,0,none,false,5,false
w01a1_tb00.bmp,0a731587d5929e4883e557911aeb91967a6c7876,200e5cb1dbd2063f6ccde126435eac9152bb0bd3,true,ps2 textures\opaque\bp_remade,true,false,0,none,false,5,false
w01a1_tb01.bmp,824a0a7a30ffb7906ad20c0542a33ef34b2db634,8f1d3e019895ade9995d79b8191c8453eb050c23,true,ps2 textures\opaque\bp_remade,true,false,0,none,false,5,false
w01a1_wb00_bld090_ovl.bmp,49ed5f710c157ba2deaeee5021fbc3f797a91008,92d2e899da01b33a729628f2196c40924af29981,true,ps2 textures\HAS ALPHA\bp_remade,false,false,0,none,false,5,false
w01a1_wb02_bld090_ovl.bmp,b56441f188b4e460c1d9f253e0090eb38f680a0f,0b94c6728d2c2b4a3311b7cfcdd8fc36a40da7dc,true,ps2 textures\HAS ALPHA\bp_remade,false,false,0,none,false,5,false
w01a1_wb03.bmp,0de13221ac3eaa267509900731e29904a22423e0,e83abf374620dcd0e7f7b88fa824a2dc3e06a71a,true,ps2 textures\opaque\bp_remade,true,false,0,none,false,5,false
w01a1_wb03b.bmp,696d850ec7ad409e7405af6acb0f5acfc9698b23,fcda2a298f93617f37423d7f88cc7fbad499a774,true,ps2 textures\opaque\bp_remade,true,false,0,none,false,5,false
w01a1_wlp00.bmp,cb0ac71f00d5c44b72cc34f3abee8e17f0f744f2,fb950567426b0484554f2f4d6c7798ce7bec9181,true,ps2 textures\opaque\bp_remade,true,false,0,none,false,5,false
w01a1_wlp01.bmp,6d3ee54c4348a2e87b2c63cb587703f9e87cea65,3012e7ce1c0361c05aea3ad960397a8cfc04f855,true,ps2 textures\opaque\bp_remade,true,false,0,none,false,5,false
w01a1_wlu00.bmp,373ca62ea68b5ed519f7a3adc28f5c7c2742f2b0,1f383b7ef6f1274d376462ff2a7d0351ffe07324,true,ps2 textures\opaque\bp_remade,true,false,0,none,false,5,false
w01a_barc_02.bmp,d0f6c2280dab487068dc9adabd339d5afbb433e6,1101653cfb7f2af946606f1859421a0bcdd20da6,true,ps2 textures\opaque\bp_remade,true,false,0,none,false,5,false
w01a_bardr00.bmp,6a086eb568f28042de18d9973077ad05baebde25,aff34e339907fb6b99813e62bf78f1dcdfffb1b0,true,ps2 textures\opaque\bp_remade,true,false,0,none,false,5,false
w01a_barwl02.bmp,f01fcda80f4a76fd185ff3f5d02e574e6ea13b48,9dd7af3f2bd8607a04a7fa347dc9195dcbbfec98,true,ps2 textures\opaque\bp_remade,true,false,0,none,false,5,false
w01a_chrb00.bmp,5e967ff3ae16beb4420bf300825d743b40b0f19c,10fdee4686329563720e3ab414005d2ffbcd7751,true,ps2 textures\opaque\bp_remade,true,false,0,none,false,5,false
w01a_chrb01.bmp,3ccf2824c607a2492caffcc5764418d333b46aea,178f7d9a010d365b51602e73a05bc41c5c9e6b2d,true,ps2 textures\opaque\bp_remade,true,false,0,none,false,5,false
w01a_dr04a.bmp,00a620348471e90bbf87f224a19563b9bb9cb59e,9a283475edc7862eb62b396371e8617139f1f3e1,true,ps2 textures\opaque\bp_remade,true,false,0,none,false,5,false
w01a_fl00a_bld090_ovl.bmp,d44af1da41cda590d1c277df1efb5cbc22e647d3,c3e4a0fab1c081ca739ee63304c11724711bb312,true,ps2 textures\HAS ALPHA\bp_remade,false,false,0,none,false,5,false
w01a_fl00b_bld090_ovl.bmp,d111889164c4569aa0f145f5a9bdbd730734da10,ff9751ee158120e3ca7fd3515c782d9e6ef02893,true,ps2 textures\HAS ALPHA\bp_remade,false,false,0,none,false,5,false
w01a_fl00c_bld090_ovl.bmp,72c295d11f1813f3619ff63dd1397de7ff75138d,a329deb4e64d72e0ca3277bea33b12db8a641d4e,true,ps2 textures\HAS ALPHA\bp_remade,false,false,0,none,false,5,false
w01a_fl00d_bld090_ovl.bmp,699a04a287fec1f75426857dd11927e6db1da11a,b7f08bcdc7c00ac5103027f0fb02d308517357ee,true,ps2 textures\HAS ALPHA\bp_remade,false,false,0,none,false,5,false
w01a_fl00e_bld090_ovl.bmp,5f41edb4e8f0ee45b56d76e67926aa276e861687,254d0274e9043675cefbd88958100fed93832a9a,true,ps2 textures\HAS ALPHA\bp_remade,false,false,0,none,false,5,false
w01a_fl00f_bld090_ovl.bmp,677bf622ff9c6d0d51bcd215374b47c7196b9b2d,d41a6f32113dd85a8560f3362004938c95b10e36,true,ps2 textures\HAS ALPHA\bp_remade,false,false,0,none,false,5,false
w01a_fl00g_bld090_ovl.bmp,b974bce822183f9534c6e9b5889a8f4fa81f42e4,7335b35b42ca2222408ad0739c3cb9f2f201d528,true,ps2 textures\HAS ALPHA\bp_remade,false,false,0,none,false,5,false
w01a_fl00h_bld090_ovl.bmp,19baff3d19ea1ebe527d67b86c6a9340aad102d0,718abbae4f9b8dc2999473b99ced48032c755410,true,ps2 textures\HAS ALPHA\bp_remade,false,false,0,none,false,5,false
w01a_fl00i_bld090_ovl.bmp,0f1a46bc30ec1598136819ea5d319c44182eb8b9,e8bcf55016426c22a391c8b2f80ad2b021c28773,true,ps2 textures\HAS ALPHA\bp_remade,false,false,0,none,false,5,false
w01a_fl02a_bld090_ovl.bmp,fdd60735181c6227f45d4b03f313dab6b8b53de6,59281d33a36d50d76c5fad76b446875b0a413d86,true,ps2 textures\HAS ALPHA\bp_remade,false,false,0,none,false,5,false
w01a_fl02b_bld090_ovl.bmp,b3e7bef30c8df3d156f9d810f6835dfa5fb39b68,1e21c43120a64b58b9bd7064bb06efcdfaf4bcb4,true,ps2 textures\HAS ALPHA\bp_remade,false,false,0,none,false,5,false
w01a_fl02c_bld090_ovl.bmp,3a9a279721eb97d00d03ac23b0385c16cff1f591,8bdcaa72340a694705b15b566634fa3f9d4a5ef3,true,ps2 textures\HAS ALPHA\bp_remade,false,false,0,none,false,5,false
w01a_fl02d_bld090_ovl.bmp,c5b9a702378ca6d83e535558ba5c3551a4dcc51f,dc3592272c24d28e7e5c281715035749cf5d697f,true,ps2 textures\HAS ALPHA\bp_remade,false,false,0,none,false,5,false
w01a_fl02e_bld090_ovl.bmp,89038d60e9081d12a57342d5e1c25a06df760659,467a6bbe4517166635ac8322ec00f4976d87901b,true,ps2 textures\HAS ALPHA\bp_remade,false,false,0,none,false,5,false
w01a_stp00b.bmp,49135ec402f508387beafceeeabcb0c55f0ff1a0,474ea368bca30701266cba9a8485b94d1d235743,true,ps2 textures\opaque\bp_remade,true,false,0,none,false,5,false
w01a_w16b.bmp,6b60107c891c78e8f4f9c9b6b47fc288b647c200,8648db83fe98d2ade27bc54eb92dc8eabe477a93,true,ps2 textures\opaque\bp_remade,true,false,0,none,false,5,false
w01alc_gmen3.bmp,877af2a8621f552aede4e5f505ce113dc7b97b88,6e0b191f8712c1e3e43beb9d835f980a4631ec15,true,ps2 textures\opaque\bp_remade,true,false,0,none,false,5,false
w01alc_tes1.bmp,aab835f6b1309659a45695ef1c202d4866132a45,54e663591981f3144477eca11b907dc30695ede5,true,ps2 textures\opaque\bp_remade,true,false,0,none,false,5,false
w01alc_tes2.bmp,35dc9e3ced26b51ff44e64b14e1c026b404978c8,9ba83b6ebca9148e0069f16f9b6fcbc3ed5162c6,true,ps2 textures\opaque\bp_remade,true,false,0,none,false,5,false
w01alc_tes3.bmp,5272fbc1747b31e8b04375834dee096146fc4849,17caa627cdfbe47f18fde2cca681ae486ffef1ae,true,ps2 textures\opaque\bp_remade,true,false,0,none,false,5,false
w01b0_wa05d.bmp,cd73b711265e8f922e8af2f0bbb3fad22390386d,4886863f72da37dc6016c56cd8053180a994cd55,true,ps2 textures\opaque\bp_remade,true,false,0,none,false,5,false
w01b_flb00_bld080_ovl.bmp,777fb324d3063a199255314540af9be0f9ef31a4,bb3f992e0e56b7ba149d97686fd97bde1fa5b10b,true,ps2 textures\HAS ALPHA\bp_remade,false,false,0,none,false,5,false
w01b_flc00.bmp,3d2bc9d8a6a29ab706d61cec2228591e1a2a401e,51056cc9446c3f458643a705e5df53608aa17a6d,true,ps2 textures\opaque\bp_remade,true,false,0,none,false,5,false
w01b_flc00b.bmp,b48fe46634c11b225e237c743b8dbb16e4e94114,bfc45d40e293a57d5b7893e988df89e5d12ea18e,true,ps2 textures\opaque\bp_remade,true,false,0,none,false,5,false
w01b_flc00c.bmp,556df98e4925bae2327df7da79a95a026b697489,0b05951d4c3c8ec3d3c38e8687fed1e7c1d3a04f,true,ps2 textures\opaque\bp_remade,true,false,0,none,false,5,false
w01b_flc00d.bmp,853b467436a5688ca17677b5caccf248ac367f7e,b5dd6eb2a3ab57b1c9c8ba196c1a20013e70921c,true,ps2 textures\opaque\bp_remade,true,false,0,none,false,5,false
w01b_rfa00.bmp,3b5ef8d19e1228db080c23c829534647a9524f52,ba70a93b9cbd25737649ff5614d1fab6c4c4ec31,true,ps2 textures\opaque\bp_remade,true,false,0,none,false,5,false
w01b_rfa00a.bmp,f61ac2aa70fab31779bdd6e930bb5adfb90468c2,470712eb7073e24f35ee94360fdd2827ba6ba5fe,true,ps2 textures\opaque\bp_remade,true,false,0,none,false,5,false
w01b_rfa02a.bmp,047d0607051d71522002959f9eb398d8364904af,5595feb93ba288a0c8a3ed5d125ce0e3ed8f97a6,true,ps2 textures\opaque\bp_remade,true,false,0,none,false,5,false
w01b_rfa04a.bmp,944d298f6fcd190d802134e031d9ce0709057ccd,d684720559f9156ecdc230c61b3a4f639d61d6d7,true,ps2 textures\opaque\bp_remade,true,false,0,none,false,5,false
w01b_wa05e.bmp,7644a463665f271ffa881d3ac60d68e7cf8b5392,3145275de98403473a20c95f8666a998e0f73002,true,ps2 textures\opaque\bp_remade,true,false,0,none,false,5,false
w01b_wa06_bld080_ovl.bmp,37621bd37563c757eedaf8593ccec1a435558e22,51c9c9292374f3087b4af1e2174febe0ab0b3e36,true,ps2 textures\HAS ALPHA\bp_remade,false,false,0,none,false,5,false
w01b_wa06a_bld080_ovl.bmp,56bdbdae3bf3eb877947ed620e23fe3239a1e4fe,dc511c8adee3b81e291a05b9a6e11b4c18bf0266,true,ps2 textures\HAS ALPHA\bp_remade,false,false,0,none,false,5,false
w01b_wa06b_bld080_ovl.bmp,a03bf4b008f1b291e0704ebac93077a98e970729,e49d92bca0d8ce913abfb7e3b14f34e28fcaa85e,true,ps2 textures\HAS ALPHA\bp_remade,false,false,0,none,false,5,false
w01b_wb00a.bmp,cf2485659834aa201877be033d28882aa30573f5,adb748b02f5e1ae430848a8c7dd3fa9391a067e0,true,ps2 textures\opaque\bp_remade,true,false,0,none,false,5,false
w01b_wb00b.bmp,b6dddcf39791ffd97d75333533ce46c7fa8bdc98,96cc41354851f0c38be9962bf9bdcdb9b2e7872e,true,ps2 textures\opaque\bp_remade,true,false,0,none,false,5,false
w01b_wb03.bmp_6ef77a2ce547246938dd483099ada51f,96198ec2aab68fae47de4375f57b533d78d61b4a,41def0db4f3303e4b930465f4c0963f681bccade,true,ps2 textures\opaque\bp_remade,true,false,0,none,false,5,false
w01b_wc00j.bmp,a673625c02768d0c508b76e9cea68e88c4b01246,3ddff1664b90f968d7aa55a51c64c22317286735,true,ps2 textures\opaque\bp_remade,true,false,0,none,false,5,false
w01b_wc00k.bmp,349f20b9344702a390e3b9753174ea73928575aa,6bb4664dc559e8c245575f794703e628a6b7aabd,true,ps2 textures\opaque\bp_remade,true,false,0,none,false,5,false
w01b_wc01a.bmp,f67b6433b069fbe1a2181dc401546c09a5572bfb,401b2b81cc7f98a75a10c817d48806cbeef1b88d,true,ps2 textures\opaque\bp_remade,true,false,0,none,false,5,false
w01b_wc01b.bmp,01d3e849e5132ea6aedadc17a858b5ebc373bdfd,ee7702e6454314f525911f9878bfff2c0311234d,true,ps2 textures\opaque\bp_remade,true,false,0,none,false,5,false
w01b_wc05a.bmp,5d093f6d1085e01e1c0c70289f15c8bb6be30c90,2ae649d36a4c380ad803a3531d779ad53bdaa409,true,ps2 textures\opaque\bp_remade,true,false,0,none,false,5,false
w01b_wc05b.bmp,8656a605fb16c2a3c2c189980d98229ec63d7d1f,924f162ee72123bacb542fc7410df7538cb7b195,true,ps2 textures\opaque\bp_remade,true,false,0,none,false,5,false
w01b_wc07.bmp,b91a0fbcfd662c86444b4ef827e232125e8de05e,69b0ed54c51a3ebc5b9d46d971cacaa18d002b93,true,ps2 textures\opaque\bp_remade,true,false,0,none,false,5,false
w01b_wc11a.bmp,144dec829f8faa161aa030c20a324ac437b52d86,a66a354c317a200ab3c156956da0d79a9d838329,true,ps2 textures\opaque\bp_remade,true,false,0,none,false,5,false
w01b_wc11b.bmp,af8b4942a4f5dddcfd7f3b8caefc37350bab6912,95f37a03fbd13c19c127165528e192eb4d950355,true,ps2 textures\opaque\bp_remade,true,false,0,none,false,5,false
w01b_wc12a.bmp,b4af8fc22ae8bfd82708639422514fb0a1e12424,7afda4d535cc3a76cf1f2e3e92f4f8b97df9ab1f,true,ps2 textures\opaque\bp_remade,true,false,0,none,false,5,false
w01b_wc12b.bmp,f2970558a0b9274b337bcbd64c7597f337842aa1,4d31dde1be4c7344aa2a456f8a061a221e515cd7,true,ps2 textures\opaque\bp_remade,true,false,0,none,false,5,false
w01b_wc13a.bmp,101e370aba774f207045325ff4b15f70e7b83a1d,555fdaeb122d1e28d8bd9f74c74d782b6c306ecd,true,ps2 textures\opaque\bp_remade,true,false,0,none,false,5,false
w01b_wlp03_bld075_ovl.bmp,e10f7535a45a2a7b881d2463c916c53cff2dfcec,b27d4f8a6386c80cb0fc5216d15c6bdf84c8c933,true,ps2 textures\HAS ALPHA\bp_remade,false,false,0,none,false,5,false
w01c_ami_alp_ovl.bmp,1cb4ad2c9ec0e7bfe1bbaf4a5aadc8f7a3fb5fa2,7824983486416a83d1f3ec8f272e8ff10d19f757,true,ps2 textures\HAS ALPHA\bp_remade,false,false,0,none,false,5,false
w01c_ana00.bmp,7e1ec94222f0e1d39005433cd864b73583243564,eb8a6ddddc95a0e093338635cf100ffb6ce56a5e,true,ps2 textures\opaque\bp_remade,true,false,0,none,false,5,false
w01c_box00.bmp,080c49adbf482c7f19a85435edd8d7c789dc43b2,0f161b5d1c9e9b7b24ec0bc0a76f58f6f4f1fff8,true,ps2 textures\opaque\bp_remade,true,false,0,none,false,5,false
w01c_box00a.bmp,b0e705e4d301fd1fd59033c29e87972eb0764162,d35e53d96ce0d9160cee5ac6bbaf7338a0dadba5,true,ps2 textures\opaque\bp_remade,true,false,0,none,false,5,false
w01c_box00b.bmp,6ada2bd01c00f711d4c2a3fbd90c025f1d16525c,4c410a2d334c6391331211063128f43a4df2ba08,true,ps2 textures\opaque\bp_remade,true,false,0,none,false,5,false
w01c_ent01d.bmp,137f550791d2485c075447ea4634b7bd8202a31a,580afdcf71cab597de8356b05e006df8f928c525,true,ps2 textures\opaque\bp_remade,true,false,0,none,false,5,false
w01c_flp00_bld095_ovl.bmp,5d927167eca6a13885cc7b1526b566f3fcf4fe49,f314a8834b5b50e0c7e2e85c4acaf0c4d4327396,true,ps2 textures\HAS ALPHA\bp_remade,false,false,0,none,false,5,false
w01c_pnl00.bmp,4f1b1d2b83bf36852bbb8bd4e628bc96bee2f0e2,c8cdc1f5ba8c0eb90bdb8c74f081792262958da3,true,ps2 textures\opaque\bp_remade,true,false,0,none,false,5,false
w01c_pp01.bmp,d638c23ab45b5b64cb2dd7a83add91eeeee1e36c,70b7480dbb8140a84265ce86208eacbf722e591a,true,ps2 textures\opaque\bp_remade,true,false,0,none,false,5,false
w01c_pp01a.bmp,8e3f4ffad2c31fe025bbaf15fc08bdf3da7d867a,a3a589ce22b89f07732463cf7b1d4def3a746aaf,true,ps2 textures\opaque\bp_remade,true,false,0,none,false,5,false
w01c_pp02.bmp,1facca2550e50657ca54bacf809641a86798330b,6bd5976ef94c07b149dc7d79bbe48ac0085c662b,true,ps2 textures\opaque\bp_remade,true,false,0,none,false,5,false
w01c_rf01.bmp,2cbf48510f62d4c9162f6db5c6b0f33bcf121e35,ad8dc5f96de9091248b28e2b6be432b056774bfb,true,ps2 textures\opaque\bp_remade,true,false,0,none,false,5,false
w01c_rf01a.bmp,0c9d4a289f4ec2b92d670afd68b1c2f947262754,f9acb965fc7af49c49dfed027fa8acd2396f27a5,true,ps2 textures\opaque\bp_remade,true,false,0,none,false,5,false
w01c_rfb00.bmp,e431c04f5b68e24844f38ca8824623ad78bba204,73bb04166a4afce4c6d10daea0b29eab8b2370bf,true,ps2 textures\opaque\bp_remade,true,false,0,none,false,5,false
w01c_rfb04.bmp,9a2485552e9d3a83f5fe6d2b9bb49469b1e8f0c8,c8bfeade685cde839e3b85949c27611cb31b9831,true,ps2 textures\opaque\bp_remade,true,false,0,none,false,5,false
w01c_rfc00.bmp,7cd707825288cfd1d5749b023b2df8c230be6fce,a9483dd6e485b3ee034b5d4706962f7b1e0aa200,true,ps2 textures\opaque\bp_remade,true,false,0,none,false,5,false
w01c_wa04.bmp,6c5c4eaba146db00c59f4f8cda46ff96b586376a,ae71f99b57dd3be4a52da6a2b769bbd24a819bc6,true,ps2 textures\opaque\bp_remade,true,false,0,none,false,5,false
w01c_wb02.bmp,0e5018dfa587b91880a712dc6ad4fcb02019e5a4,b8be148c0c677026af8c36621dbee8339cd1b24a,true,ps2 textures\opaque\bp_remade,true,false,0,none,false,5,false
w01c_wb02a.bmp,03f1116728f1c89cf49d5760b8b8c8d6fe5bd747,4d7809ef9f2ad1c9c78a18ccf6deb0ed9f0a2f7c,true,ps2 textures\opaque\bp_remade,true,false,0,none,false,5,false
w01c_wb03a.bmp,b2288e5c01e60fb67929c1a89249266f56150d1a,e535c85856d85f833cf23aaed4a00f157785cb81,true,ps2 textures\opaque\bp_remade,true,false,0,none,false,5,false
w01c_wb03e.bmp,4e5c617dd519e86fbf7723224fbbf838f5939662,465784963b81d6cb90e45b88f419c7799daac49e,true,ps2 textures\opaque\bp_remade,true,false,0,none,false,5,false
w01c_wb03e2.bmp,7402e41c6b45852e6e75c38567e8ab5c28141df7,c3092908ceba332875fd8e1452dee8239fbda7d5,true,ps2 textures\opaque\bp_remade,true,false,0,none,false,5,false
w01c_wlp01a.bmp,67952494047008cc8024706f2c8f87832270ec6c,c66d740ecaff8cf81594863c26bcd6f687e808e2,true,ps2 textures\opaque\bp_remade,true,false,0,none,false,5,false
w01d1_dr00.bmp,6aec30e3e5ebaeec8dd4adb9658baad471e3037b,42fc89a4c3ce19eacb75048e71c19099f36ba094,true,ps2 textures\opaque\bp_remade,true,false,0,none,false,5,false
w01d1_flc00a.bmp,10e6fe80315130f7bd3b5edf470c4eb353607dd1,6f95750bca6cca9e815a00bf8ccb6f794203f9fd,true,ps2 textures\opaque\bp_remade,true,false,0,none,false,5,false
w01d1_flc00b.bmp,defab8ac718e9bbf5c0483eaabf2326d185d49f5,5db6d55944e518e322de629afc9036582f47352d,true,ps2 textures\opaque\bp_remade,true,false,0,none,false,5,false
w01d1_rfb00.bmp,ff5f1d17ed132c04321a45a38b0f47c8d6ea08a8,c3c4f78a6e82ae66bad0784855f3006db680ab7b,true,ps2 textures\opaque\bp_remade,true,false,0,none,false,5,false
w01d1_rfb01.bmp,d3b76ad3314b8bcc5e9f265763cf3857160cba23,6a5f65491857f8887cbf7efc13485afbf44aef6d,true,ps2 textures\opaque\bp_remade,true,false,0,none,false,5,false
w01d1_wb00.bmp,426f3694c1e5479f2885a0b72870ca4d1a03ee96,7f495d4c02f2707178b8f178c79fa3645a50588c,true,ps2 textures\opaque\bp_remade,true,false,0,none,false,5,false
w01d1_wb00b.bmp,602cd930e1895510d74c8a752cc460aff742d526,772818ed52a799cb9e0dc7ddebad38c1f0dc84bc,true,ps2 textures\opaque\bp_remade,true,false,0,none,false,5,false
w01d_soko_flour_new.bmp,16f5259bec422503f56a166d40f6e973004dfdf2,b77ead2f101f32e64f6bfd9ce1373b952da5a7e2,true,ps2 textures\opaque\bp_remade,true,false,0,none,false,5,false
w01e_com01_b.bmp,9e4cf321efbfc3efc5a83c2c671fc131794092d1,f40aec50ce8ddae575ac71cf1d617fe6c09c7add,true,ps2 textures\opaque\bp_remade,true,false,0,none,false,5,false
w01e_com01_s.bmp,6ef603c5f8d5be7f14f1cb0d6ed365fc13679c0c,e0068f358b29ba5fda53d147294ea9a2cfe637e7,true,ps2 textures\opaque\bp_remade,true,false,0,none,false,5,false
w01e_com02_f.bmp,d6349fbf9d88aa93ab87745448d6f3f58146f503,76070e3a65860277c44d01b4649fd16e8f825441,true,ps2 textures\opaque\bp_remade,true,false,0,none,false,5,false
w01e_com02_t.bmp_8ba0dcecf451a0857ea0e90f903b3946,45311534bf2b61191ab03e57738d12b36a6816b0,883eae7573da3a825b5718fdee78f9f37345b708,true,ps2 textures\opaque\bp_remade,true,false,0,none,false,5,false
w01e_com03_s.bmp,f94a57cb5217ff82a5356a525d76614d3b97e526,bf31470b24bc5a2c06b03053affeaabd6eb49b53,true,ps2 textures\opaque\bp_remade,true,false,0,none,false,5,false
w01e_com04_f.bmp,2cd5d1eaed87af15dba03ecd1e79de083f48f26c,6e9018ca6c17f6d80b08181ccfc81705c10cffd7,true,ps2 textures\opaque\bp_remade,true,false,0,none,false,5,false
w01e_comp3_blkplate.bmp,8a26bc32c588263b7888de6d7053963fe85f8411,499ca1fdb8555c21eacd45b10700077092a4057c,true,ps2 textures\opaque\bp_remade,true,false,0,none,false,5,false
w01e_comp3_f.bmp,5aee2f296d894b1c8ef0179f32195a4bb10cda36,84283b42cf15c6183952949bcd8a95f9d8ee30a8,true,ps2 textures\opaque\bp_remade,true,false,0,none,false,5,false
w01e_comp3_s.bmp,800de1ec9148022818be487de4465dd1aeaa0d10,41cebade04675ad366ffc9cd8ffea3752f7b5be3,true,ps2 textures\opaque\bp_remade,true,false,0,none,false,5,false
w01e_deck_t2_alp_ovl.bmp,248b5e62f8eadb1eabb68f47a400550996402b94,84f9e1393913962c56052645b5e0a8c3a96a4eba,true,ps2 textures\HAS ALPHA\bp_remade,false,false,0,none,false,5,false
w01e_drwl_b.bmp,fa9c0394ffc8ca6236573808bd85e96d50ed2359,186bc9474fb8fb92b1fd841742413db513434816,true,ps2 textures\opaque\bp_remade,true,false,0,none,false,5,false
w01e_floor1_alp_ovl.bmp,4e5210f87624b0a0243c748ab3258f407230c175,9ed7cd4e8a13293d9acbdd930eefa752e7d00f45,true,ps2 textures\HAS ALPHA\bp_remade,false,false,0,none,false,5,false
w01e_floor2_alp_ovl.bmp,e5722be73137c48e8d5015755be22bf918b192d7,838ffeb5b8e0d51c6d6574d1a7c0ac47ba78223d,true,ps2 textures\HAS ALPHA\bp_remade,false,false,0,none,false,5,false
w01e_meter01.bmp,9621a9b3e2d67608267cad6054418d71fd8857f0,d67e7b4cb9bfb818118e936caba8e3ff3ffdc414,true,ps2 textures\opaque\bp_remade,true,false,0,none,false,5,false
w01e_panel02.bmp,5621aba5e2510a818a2e48fc35021dd6151e284c,0250e3ad5fb7ed3a0202f55f246dad99659cb637,true,ps2 textures\opaque\bp_remade,true,false,0,none,false,5,false
w01e_panel2_bld80_ovl.bmp,741ad73635b0d9e6baba5b568a5911a18900ea66,9754399eb31a93f664ad4a4e7705680b074bd665,true,ps2 textures\HAS ALPHA\bp_remade,false,false,0,none,false,5,false
w01e_panel_bld80_ovl.bmp,62488372d142b1bb9ad926ea7fb065b895b08eef,993e00ebd0c4309a869ef928db5a13d71e11cb6b,true,ps2 textures\HAS ALPHA\bp_remade,false,false,0,none,false,5,false
w01e_rf01_bld80_ovl.bmp_86291923fbc81da8d810fe8a4f98600d,a48ae334b04d090d7d53c1b21406c50919033597,e443d493c8b7bd6442165bc338353371a778cfe2,true,ps2 textures\HAS ALPHA\bp_remade,false,false,0,none,false,5,false
w01e_rf_obj01.bmp_8aa481574227a8f769b24d7af4556fb5,b9245219bb91126e8012b3cf6ef20285b39524fe,1ee82dc294ffa4b5c3f8eb884498ea57066ccf43,true,ps2 textures\opaque\bp_remade,true,false,0,none,false,5,false
w01e_rouka_rf.bmp,0ec8c6aca1026a215fc75576e42ddbfd466f0df1,fca2ad31285193a4240afb6e26732c0edc034871,true,ps2 textures\opaque\bp_remade,true,false,0,none,false,5,false
w01e_rouka_rf_fade.bmp,b3dde3a18db82119ad4802bda56e5b3c31489366,b9f5d414a1438982158103cd4c6c67fb9df99187,true,ps2 textures\opaque\bp_remade,true,false,0,none,false,5,false
w01e_rouka_wall1.bmp,d8668e048ea95224aa9725f07691952cd8f4c717,5a58bc70ca1a6382a0d2e31acf6097912a4d2c78,true,ps2 textures\opaque\bp_remade,true,false,0,none,false,5,false
w01e_rouka_wall2_fade.bmp,6b6ac5cd94e581027a40befddad34a09c8e144cd,72c76da0180733ae92218e9eaa6b99586bcffa62,true,ps2 textures\opaque\bp_remade,true,false,0,none,false,5,false
w01e_speaker01.bmp,6a47240e5fc21f633dd3e7af9eb6139d8f9bb84f,2ba5138764b4e1d4617e363123a2ad5ff69fc351,true,ps2 textures\opaque\bp_remade,true,false,0,none,false,5,false
w01e_tsr00.bmp,8a97b00ee1c76ed8f1efd22832e67680cb353ac6,1a85791e7848010e5a382117976e8ed57908ba43,true,ps2 textures\opaque\bp_remade,true,false,0,none,false,5,false
w01e_tsr01.bmp,ffc9d4eb122478ecfa7a42bec32ddf70e587bd54,05c53ca1442dc51870b594b5e9e3e7ca12736f15,true,ps2 textures\opaque\bp_remade,true,false,0,none,false,5,false
w01e_wall01.bmp,414221f45ed0e4f7098167c8061271a822c0d634,35a473a5c548dbd6b6c64abafde87c868dcaf21a,true,ps2 textures\opaque\bp_remade,true,false,0,none,false,5,false
w01e_wall02.bmp,565368b0a11b9369ea7bb942f6a6f7ceec5387f3,ed6f54138beaed895c87a0168790ab5882e4e325,true,ps2 textures\opaque\bp_remade,true,false,0,none,false,5,false
w01e_wndflame01.bmp,242cb16b1f333a7c03c0c9fdee5aa5a7a2cdd60c,e612015368de7f7834b68da2386345bcc4ac29a2,true,ps2 textures\opaque\bp_remade,true,false,0,none,false,5,false
w01e_wndwall01.bmp,0ad79a41ce8d68c05abd1553923d621c8db6b874,9c76ba07b813c6057cff53167a8ddeb16a8aa1be,true,ps2 textures\opaque\bp_remade,true,false,0,none,false,5,false
w01e_wndwall02.bmp,c37828828ef7a13bdb39dbe048dc1d57ba3e69c0,1a2742d908ccc3a1739706b338aacff7034c1106,true,ps2 textures\opaque\bp_remade,true,false,0,none,false,5,false
w01f_bark03.bmp,49214b37d732f2c40242e74ee46a1cba2a29f565,9264387da326e0261b1e51bad85358faf3fb9b3b,true,ps2 textures\opaque\bp_remade,true,false,0,none,false,5,false
w01f_barw03b.bmp,45c6f26b4d42a002f28ccd010f322d36329b8378,e355e55d32b85d5b603f5e2821feef43ba8718b9,true,ps2 textures\opaque\bp_remade,true,false,0,none,false,5,false
w01f_bk07.bmp,d917f669285ac3926c2b582f3fe074799b58a628,b6e3204436c1e8b3f23072591d47906287dd62cf,true,ps2 textures\opaque\bp_remade,true,false,0,none,false,5,false
w01f_menu.bmp,63a50374de4ce9dc464d18b405c3d2d09319f4c8,f6668baba056c8fd87d45ae92ca2a1ed0faaccf8,true,ps2 textures\opaque\bp_remade,true,false,0,none,false,5,false
w01f_pos00.bmp,c8274a4b327a17caac5acfc7662424ba0477fd82,d92b1d7d9eb558585ff6fdc8375a9480e969fb3c,true,ps2 textures\opaque\bp_remade,true,false,0,none,false,5,false
w01f_tvtb02.bmp,85eaf11bdb1619db917cd31ee5e76dff75ffef9a,5ad6cbd0092abb4e00e4604062f026349af11f8b,true,ps2 textures\opaque\bp_remade,true,false,0,none,false,5,false
w02_1f_hashira_01.bmp,34c380914116846e64702e49c0d8efed147dbf3f,c498f04fbfe2fdd1bc24ffc2f537112399e25a9b,true,ps2 textures\opaque\bp_remade,true,false,0,none,false,5,false
w02_1f_hashira_02.bmp,b243fabe0e12cff840a2d0c9e9584bedd71cf73d,34f926e564d42591e1d7196e79847cf21f1194ff,true,ps2 textures\opaque\bp_remade,true,false,0,none,false,5,false
w02_box_1.bmp,48f48ebd58821e7654fa14c7f3d6c8b2f4babdcd,e13396b2a82630fef56f914532e18cbc0d72cc6e,true,ps2 textures\opaque\bp_remade,true,false,0,none,false,5,false
w02_box_2.bmp,72ed229f5074ebe1715ec11abb0259e23d03aab0,6c0230b7cbe93ab0dce4f0ccdc93f0fadfacbdef,true,ps2 textures\opaque\bp_remade,true,false,0,none,false,5,false
w02_box_3.bmp,af96eb90404b6ee9a40ca1288876f1e612615361,50fd93a66e7382f0ce5b4009bd9f4dd91ad5945e,true,ps2 textures\opaque\bp_remade,true,false,0,none,false,5,false
w02_box_new.bmp,3741007fcd64fcc04cab9e39555c8acd2e208d31,111d4f43b49cee3c208cd78e3ba6d335d6d3c54d,true,ps2 textures\opaque\bp_remade,true,false,0,none,false,5,false
w02_box_new_up.bmp,78a960ff566edda8fd2061137ad701d54ff97d27,4e2b56719bb2c741c2419cb3e2bf0da6ef07dbe7,true,ps2 textures\opaque\bp_remade,true,false,0,none,false,5,false
w02_eng_big.bmp,2d69ad1e4ea5328c0e07c439f6ff0f6f898b71af,55181f7c4c0dc5fc7dbe5ecefe369f74c0567c96,true,ps2 textures\opaque\bp_remade,true,false,0,none,false,5,false
w02_eng_prg_base.bmp,9bbc9f464999feeab5d66f8584683a1d1b227c70,9caca7c5e8502109498310772e51d4db092dc60c,true,ps2 textures\opaque\bp_remade,true,false,0,none,false,5,false
w02_eng_prg_base5.bmp,675978b9756d90b7d0134c55b81bcf93c648a02e,ce8d4459e9e23a17f4dc50ae9fa5dbb2a79e2972,true,ps2 textures\opaque\bp_remade,true,false,0,none,false,5,false
w02_eng_prg_base6.bmp,1cfd009ef24327c0b11a8f2e58f6236ab6df634c,4d4aba5da7d68c758ccae2f1a55499aa14e0abf9,true,ps2 textures\opaque\bp_remade,true,false,0,none,false,5,false
w02_eng_prg_body.bmp,4f282aeee7191d67e3e882cfa0149f742ae50139,df9aa0bddb9a9a70e04c2dc9af9949b67cd6fa6d,true,ps2 textures\opaque\bp_remade,true,false,0,none,false,5,false
w02_eng_prg_head_side.bmp,89e9dd32bddc9158903754f5d77d969ba5a855d6,32183c7fc739668bcd2a28ca714c769373129509,true,ps2 textures\opaque\bp_remade,true,false,0,none,false,5,false
w02_eng_prg_pipe1.bmp,b9e2a3c393cd3d19edb85c891910e6babb839126,54681d3937b05a2321b41ae935e330692524d3f0,true,ps2 textures\opaque\bp_remade,true,false,0,none,false,5,false
w02_eng_prg_pipe2.bmp,a62b7cadac6cb019bbb87b12a6cb4193e94a77be,7ac030ba3631ebbc547f775508b79f1ce62c00ba,true,ps2 textures\opaque\bp_remade,true,false,0,none,false,5,false
w02_eng_prg_top2.bmp,8979e3caddd84dacab09d8fb269ac007f4ea337c,7c36682d23ec947d0ef1e0ce04840a9869b1e3c7,true,ps2 textures\opaque\bp_remade,true,false,0,none,false,5,false
w02_eng_prg_top_side.bmp,445ac2f37b75e617a76b42e40463c23142d0e86d,19766ab5452008fbfe25b86dd391b724ccfb0cb6,true,ps2 textures\opaque\bp_remade,true,false,0,none,false,5,false
w02_kabe_4.bmp,6311109ee9c37f52081ab9511045734872198e01,e2a3da45269fe3ede57d4066be42acd32e3e3bfd,true,ps2 textures\opaque\bp_remade,true,false,0,none,false,5,false
w02_kabe_big.bmp,7792ebf01b2460b627c3bbdc2a71fe6fb1f90a6c,596d54290c3071d3c1b78b08b6bb3fac7a2cca0e,true,ps2 textures\opaque\bp_remade,true,false,0,none,false,5,false
w02_kabe_big2.bmp,7cc97a5afc647ac340f8d1d022d4ba228011bf2b,aa39d918ff5ec0fa7e830e619457ddc1b0c110e3,true,ps2 textures\opaque\bp_remade,true,false,0,none,false,5,false
w02_kabe_big4.bmp,406c53ba484ca058250d988232714e5f292e4b6c,ddfab7d56cf6d005abf277a3ae03c2c3fc281a58,true,ps2 textures\opaque\bp_remade,true,false,0,none,false,5,false
w02_kabe_duct.bmp,337c879ae94215812ebec21cc9864148805713c1,b601002021dc942b8e35b5923c246bcae1b5fb96,true,ps2 textures\opaque\bp_remade,true,false,0,none,false,5,false
w02_kabe_fire3.bmp,8f9017115da590856590839e143ca07f9c9a53cc,1610e25fdf189b1bed13d059762653cd28e08683,true,ps2 textures\opaque\bp_remade,true,false,0,none,false,5,false
w02_kabe_hashira.bmp,6f3b0330769d7e3402a94d3b7c77f2c762a338a5,96409e1101d41db5f22e9367490bd9169244faca,true,ps2 textures\opaque\bp_remade,true,false,0,none,false,5,false
w02_kabe_light.bmp,5b0ac249bf38077cfbdc770e96b6dab51818032c,868d81a2e2d9624f06c07d8a755757546acc4f0d,true,ps2 textures\opaque\bp_remade,true,false,0,none,false,5,false
w02_kabe_light2.bmp,c0b518617e8384411d3d26b9c58f32cf3cbdfa54,08ce7f627fa08c8e3d2b8393bf01dcc43c1308b0,true,ps2 textures\opaque\bp_remade,true,false,0,none,false,5,false
w02_kabe_light4.bmp,fea0e16cfeb1fadd8490d83dab185ee94137a400,b98282f338b67363ebc430f4977d7f5e4103ef45,true,ps2 textures\opaque\bp_remade,true,false,0,none,false,5,false
w02_kabe_light5.bmp,8fb497bcea6f514192c3baa22842c8aefb4169f3,79487f937c8c006ed558ac9b7ef0b66654c3f959,true,ps2 textures\opaque\bp_remade,true,false,0,none,false,5,false
w02_kabe_metal.bmp,db4c220431024e68f392704f8ae2ba3168e2e0b7,189f1a8195941a81164b998586fa429aa2e5bc89,true,ps2 textures\opaque\bp_remade,true,false,0,none,false,5,false
w02_kabe_pipe3.bmp,8c1d55bd7d413885da42ab9cf1436610c8fb1228,a32620d8d67bdaa6c190834af263bdc912dedf58,true,ps2 textures\opaque\bp_remade,true,false,0,none,false,5,false
w02_kai_side.bmp,b6bab8cfcdd75785534e84d53610d8db7f265da1,a560b0231c7df6a435c149158cfa45200e8a7980,true,ps2 textures\opaque\bp_remade,true,false,0,none,false,5,false
w02_kaidan_hashira.bmp,01b75f3620542e4505fd62e8e8a294e4051db2af,498228cf4cad28842879f6e06d89e9366ccae855,true,ps2 textures\opaque\bp_remade,true,false,0,none,false,5,false
w02_kaidan_side4.bmp,cbc594e717ed9ed5f7f89c2b7b7a43f6e6d7c1fe,0ce6cc5105b2d1de6793a1a4174336e8446518e2,true,ps2 textures\opaque\bp_remade,true,false,0,none,false,5,false
w02_kaidan_step_top.bmp,f38908c827d8789be3c12fcc390cf6cc123ca262,3bb4a02165f6b52f0205037599524a262257a1fa,true,ps2 textures\opaque\bp_remade,true,false,0,none,false,5,false
w02_obj_box.bmp,639ab89c320fc9230218ad4487e6edbf284070a5,fd1c84e61836742cb21ba0a118589341895743c3,true,ps2 textures\opaque\bp_remade,true,false,0,none,false,5,false
w02_obj_fire.bmp,11effab34a7deebda3342e83872ff6719b65fe8d,9b288b4c06b6a69a62aca5601b4e9894957fe66d,true,ps2 textures\opaque\bp_remade,true,false,0,none,false,5,false
w02_pipe_box.bmp,44f90d740b0026e5f5a05a7946c106d903681aaa,2478753d7e5523efc6a38330078a52051d0cb688,true,ps2 textures\opaque\bp_remade,true,false,0,none,false,5,false
w02_roof1.bmp,b2634fa72f56ed2de2d8aaca02a39dcd7e0156b2,9d635a8ed47b160b5a2b0bd7fcc411922fd6b579,true,ps2 textures\opaque\bp_remade,true,false,0,none,false,5,false
w02_roof2.bmp,42f1db6ea943e4de5af019beaf536b2d01ed4dd6,a2c622b75f6ebd779aef8b729bcede4265a27e23,true,ps2 textures\opaque\bp_remade,true,false,0,none,false,5,false
w02_saku_ita.bmp,2cf01473ec16479051f174ad1bcc267063945c70,f6425b57d034e7a5ecc15a07a466b6890fdb544c,true,ps2 textures\opaque\bp_remade,true,false,0,none,false,5,false
w02_saku_itas.bmp,7fb4d5bffffe0c70b381eff9829dfa156bc16f24,cd1263dc57045fb462c9cdc6a632a3d1067e2e0e,true,ps2 textures\opaque\bp_remade,true,false,0,none,false,5,false
w02_sr_box.bmp,6e61fe2efd7d3c4de1c906bd511d570336a1f243,0ac17d8346cadfd74b8fd1167363bfceca3ec401,true,ps2 textures\opaque\bp_remade,true,false,0,none,false,5,false
w02_sr_box_com.bmp,f9db96c2c558b419df892b5ab763e09cdb553eaa,8b0039c878126b9dc77b02acb6dd8f6e0d98cdb1,true,ps2 textures\opaque\bp_remade,true,false,0,none,false,5,false
w02_sr_box_side.bmp,c2a41ef8c7d359d104f898228a201c2f51fd1106,2845a4c781876422401cec72f981e5061eb38d72,true,ps2 textures\opaque\bp_remade,true,false,0,none,false,5,false
w02_sr_code_top.bmp,3388ddeaee333ce7f2fa13ee58ca071fcea685c6,a287303a6ef99e3a535798d8536c71fa7a45bff4,true,ps2 textures\opaque\bp_remade,true,false,0,none,false,5,false
w02_sr_contena1.bmp,86c166c7f857685e41ef1e8cb9c2c3981fac1d7e,42c44e8442aeaf8d15c9a22c7b14f08b1614c7cd,true,ps2 textures\opaque\bp_remade,true,false,0,none,false,5,false
w02_sr_contena2.bmp,d00173c53ef3d20b0346595dc75596ca4327c32d,8be928701e13d2f85d52af2753ae45e7f26f516e,true,ps2 textures\opaque\bp_remade,true,false,0,none,false,5,false
w02_sr_contena3.bmp,d911f182bcf7dc67538ad28f6cf05b8a951552ef,8f69008ec9652e2d51bea16fbe1f7197fa0cfb8c,true,ps2 textures\opaque\bp_remade,true,false,0,none,false,5,false
w02_sr_contena4.bmp,4d6e92cf66ab9ccbd8dcdcb871ce5efbcc3dce80,7c00e70334f852f732c269862301e5c94d5865f4,true,ps2 textures\opaque\bp_remade,true,false,0,none,false,5,false
w02_sr_contena5.bmp,54559079ff11fb705a2a83fdafc9e11481d5a422,9007a4f150c84283e3b1ed9975ea6b27ad136f23,true,ps2 textures\opaque\bp_remade,true,false,0,none,false,5,false
w02_sr_door2_full.bmp,ecc4c6935c7e93a1bd974e41e0d66218cdfbf2df,fafa55d2a2c5571088e2f39596daf28ad8773f42,true,ps2 textures\opaque\bp_remade,true,false,0,none,false,5,false
w02_sr_door_parts0.bmp_cb699f431ffc5acaf47f2e26b678eccd,3f60b3510457405567be82b280cb2237c1fe0d35,5430e935f89ad45e1b3ae0d0afe76de87bcd9734,true,ps2 textures\opaque\bp_remade,true,false,0,none,false,5,false
w02_sr_door_parts1.bmp,e3f07f1759ff5833abcb2a6711b3dfa50370f49a,9b69bf8ba4c3878a1b68d42b846bef3c9f7cd84c,true,ps2 textures\opaque\bp_remade,true,false,0,none,false,5,false
w02_sr_door_rail.bmp,0c35d904256a6e76f12452b006f609588d048175,3a80faaf519d7a16dbca59e92ba143a918e4aec8,true,ps2 textures\opaque\bp_remade,true,false,0,none,false,5,false
w02_sr_fire.bmp,7f96643596ddd2719efd94bc4972b81ddc55798e,935055e0400150cb95363338f5681b22b8edfff9,true,ps2 textures\opaque\bp_remade,true,false,0,none,false,5,false
w02_sr_kabe.bmp,ec6c38e13c1c14ddc72c5fe63bec06237045badf,cc177690b6af0731f84797a74988783dfec89fc2,true,ps2 textures\opaque\bp_remade,true,false,0,none,false,5,false
w02_sr_panel2.bmp,2b593d1ef882af4517d9d2118865a07ac9c8dfc4,96043012fc0a325b88da5dbc30d3302e947b8285,true,ps2 textures\opaque\bp_remade,true,false,0,none,false,5,false
w02_sr_pnl_b1.bmp,478c98898b44bcf169f3a54dfdbd9974710a767c,97e54dfa409884bb3d50b5f8f7772a83df780c23,true,ps2 textures\opaque\bp_remade,true,false,0,none,false,5,false
w02_sr_roof.bmp,fb98fb5a79e1997bffe34b8e31a74a5d5775ce09,6493376283899b4f22819221ee93d7d8f0204365,true,ps2 textures\opaque\bp_remade,true,false,0,none,false,5,false
w02_sr_roof2.bmp,2e9d4f7f4d00da4c66e7c370abc896608da1affb,a77d6431fd68391d5e98c22621c5482f9be05778,true,ps2 textures\opaque\bp_remade,true,false,0,none,false,5,false
w02_sr_roof3.bmp_d344ae9df9a1fddfbccf5e3b51634b41,a716b56056f4a6c549c7cc9f533a6202863c9180,4c9b01113fa95043b77fb22b30de928fbd8c3b09,true,ps2 textures\opaque\bp_remade,true,false,0,none,false,5,false
w02_sr_yuka.bmp,d4934a8a5060d7c39be209e47604ba603b659a34,630694a1cb0064c3446fcdce376e5b725f821013,true,ps2 textures\opaque\bp_remade,true,false,0,none,false,5,false
w02_sr_yuka2.bmp,001a903310c7e683197213c9e02f20c02d962a01,7ace94b063c31db2eb33c496804211e522fc7dcf,true,ps2 textures\opaque\bp_remade,true,false,0,none,false,5,false
w02_sr_yuka4.bmp,8a982f17d49157ff42d2b42058f24e3705362ca9,6e02602d091482ce26ee8dddbd0a301d86317722,true,ps2 textures\opaque\bp_remade,true,false,0,none,false,5,false
w02_sr_yuka6.bmp,54142065085e0c365bbfd77b84c8d769bc6f8b01,55cc8355a75120c3d25373c2624b6f590c351853,true,ps2 textures\opaque\bp_remade,true,false,0,none,false,5,false
w02_sr_yuka7.bmp,f91fd7574a788c42ea4fa11af73b91f2f5becaac,1dbdfb58f70943ae9aedff2e6c7b7ea98252442c,true,ps2 textures\opaque\bp_remade,true,false,0,none,false,5,false
w02_wall_door1.bmp,c69952993bcc5d3d754ee60487b7bad7174828a6,3322cee8decfc3bba3ef86c4eda4e81a6ca534b0,true,ps2 textures\opaque\bp_remade,true,false,0,none,false,5,false
w02_y_light_f1b.bmp,8702b5b0337bc868ce9f3b7542f24133f0a78549,c626e32733b6ef38af6b86aa92b781c98723fbea,true,ps2 textures\opaque\bp_remade,true,false,0,none,false,5,false
w02_yuka3.bmp,686535017322ac81d805fc6e284c2d5f38460189,59bc323298be8832b647ae86ca33e86d8dbedede,true,ps2 textures\opaque\bp_remade,true,false,0,none,false,5,false
w02_yuka_f.bmp,e907178328b6e526be7a089bd917a4355f826339,2fe50cde8ceaf3f06787c08da5eb09bfed077b9d,true,ps2 textures\opaque\bp_remade,true,false,0,none,false,5,false
w02_yuka_f4.bmp,37088b5f242e533a6dd6162a590bada741c0d2c1,f129fea5b7b240361e27cd92b6839f1992feb4c8,true,ps2 textures\opaque\bp_remade,true,false,0,none,false,5,false
w02_yuka_pipe.bmp,0870ec74a6138ee0e884b0bf5d34182b87dfc1f5,53d94ded7b8c6eaf20f2f3ba987819ef678e91e7,true,ps2 textures\opaque\bp_remade,true,false,0,none,false,5,false
w02_yuka_rail.bmp,f50222d9533ab0b5dbbd3fa73484415d891da224,a2025cd66068fd8220bb8d864fe77c073211aa76,true,ps2 textures\opaque\bp_remade,true,false,0,none,false,5,false
w02_yuka_s.bmp,a210bbd53c482f7b613ad78dfa5641589bc0bd9b,779cd60ccecc463a1058bf7fbf3460b703e54f59,true,ps2 textures\opaque\bp_remade,true,false,0,none,false,5,false
w02_yukaf_s.bmp,008732b0b0d97ee2c7e628cb8acb0f5bd217f5b2,92bf04133d0440cc272cfa17477b77a9b509731c,true,ps2 textures\opaque\bp_remade,true,false,0,none,false,5,false
w02_yukaf_s2.bmp,59b2808713a164c60b1673cc707eb5fd248a60a9,79704dccbe57a6d6ebd24200012153eeae4b3fbf,true,ps2 textures\opaque\bp_remade,true,false,0,none,false,5,false
w02a_door.bmp,31777bf0cd5e7807e7f0164f8c71f63130f0b965,17585740ac2a05516efda51e067da8730dce41af,true,ps2 textures\opaque\bp_remade,true,false,0,none,false,5,false
w02a_suimitu_dr.bmp,5146e251a9b93f3f2543fde4a3cf2fd8186dc2b4,d9fa534642e0ce4884c4b15b0744416cbeb7f928,true,ps2 textures\opaque\bp_remade,true,false,0,none,false,5,false
w03_cat_pipe.bmp,fc7e2b8768cbdeafe6786f92e29889f03949993b,e8174d9665c20182e7faf53431ae79397bc7996c,true,ps2 textures\opaque\bp_remade,true,false,0,none,false,5,false
w03_cat_sasae_ura.bmp,90b0c1bca11b8feffe8fad3f02c74e3a7776984b,0490c80a9d37eeb8e188d835979732ca0bfbd16f,true,ps2 textures\opaque\bp_remade,true,false,0,none,false,5,false
w03a2_flb00a.bmp,e4efc14721d5ef5b1585a3debae8de9ff41d5089,280d85ef6f8e983cfcf4b6c3dcf0ed3820df1b71,true,ps2 textures\opaque\bp_remade,true,false,0,none,false,5,false
w03a2_flb00b.bmp,fb0bea41ca1179d9ed174e07a4071e9cca0fc8f9,2b974af01efbf5fec99ccc95056349ec1c02d500,true,ps2 textures\opaque\bp_remade,true,false,0,none,false,5,false
w03a_fl00.bmp,fda8edbb2011229896a410059e68ca4268eeeeac,166a686054a93ca5814a5a677ab2b57e2e85448d,true,ps2 textures\opaque\bp_remade,true,false,0,none,false,5,false
w03a_fl01d.bmp,4a3659b245f1e47698a1170d2e9bdcf79f3412dd,dd3472a60166f70810b5f50bb2e6b58aa3c28e89,true,ps2 textures\opaque\bp_remade,true,false,0,none,false,5,false
w03a_pp02.bmp,f9dbd68f024e242ebd666601e96b3889aba36ee5,4fe5a0bff6f0eae055efdc3732e4d3b3f4f22c02,true,ps2 textures\opaque\bp_remade,true,false,0,none,false,5,false
w03a_pp05.bmp,c97cf5208b0c3b8130e1e387147cf22d8f14ebfa,7e6bf6b3a834a57b9bc4111b3ae3a6fca56f3476,true,ps2 textures\opaque\bp_remade,true,false,0,none,false,5,false
w03a_w00.bmp,70abb2e5451d90e72b3290681a9113c7b06171f8,95e04d1d52227f27fec6330d53b79065c7a9144f,true,ps2 textures\opaque\bp_remade,true,false,0,none,false,5,false
w03a_w01c.bmp_66800e791c274078bbd7078d4207524e,9a201791d188c23418db8b53f8a4e16c5b9616d9,7a028cf20b65cd718d743faabb39c695ad79bf50,true,ps2 textures\opaque\bp_remade,true,false,0,none,false,5,false
w03a_w01d.bmp_9d316246ca7cc692494bbcf73b78f12f,72dd9501d0d624cd0a64a5ad058547cd9ad1835d,1cbd5e85333fbaff49abddce3dac01b0b0c9b70c,true,ps2 textures\opaque\bp_remade,true,false,0,none,false,5,false
w03a_w04.bmp,dbf84511f379cc2dd3d8908563f7d6a43acecf8f,de879408f3624e847cb67f9b8d1f991d6846b788,true,ps2 textures\opaque\bp_remade,true,false,0,none,false,5,false
w03a_w04a.bmp,94072a88c3710e9a4b3829b4943ead900f291aac,1ab9d502e15ee0393bceb1bdb24c0cda4584fce7,true,ps2 textures\opaque\bp_remade,true,false,0,none,false,5,false
w03b_dr00.bmp,51e2fb6b2c42674cda09a02a485731a91714e76f,c11fca9121cdb46af9d8292bf324de8e8a802217,true,ps2 textures\opaque\bp_remade,true,false,0,none,false,5,false
w03b_dr00a.bmp,88e63b61afbb467dad2a42666fbb8a0affabe448,0c45fa6f49b3bb2ba83310e590cff6a509ab2df4,true,ps2 textures\opaque\bp_remade,true,false,0,none,false,5,false
w03b_fl01.bmp,2c9b55610f9832dd65fe3b462ba35c46a14e331a,1e15a92e21902a163b110e7f7b2ada4ab4a2ac44,true,ps2 textures\opaque\bp_remade,true,false,0,none,false,5,false
w03b_fl01a.bmp,d8d80a6ac94db34618ba11d3825f4d190e7ed83a,f1ad4c5b5b89207ee40ea64f0a8ac115b9eddb8d,true,ps2 textures\opaque\bp_remade,true,false,0,none,false,5,false
w03b_fl02.bmp,e9f03d74b1e051a03530ddae9b503a33fa5efb9c,ec6fe04d0b4c6f3fac851e19edab62d207008b96,true,ps2 textures\opaque\bp_remade,true,false,0,none,false,5,false
w03b_fl02.bmp_ecc5dba2548560f42c6a73e07c3b1ae7,ac826844e1feef30a63e44a74c39dd31b0f91f92,a39e907ceca8debc9f977e65b4df4c30a6ac3958,true,ps2 textures\opaque\bp_remade,true,false,0,none,false,5,false
w03b_fl03.bmp,9ad8908b7eade4dd822402775484c0de9ac7daf8,7d8a2684197b3216e0fd731c4546d6948b72168b,true,ps2 textures\opaque\bp_remade,true,false,0,none,false,5,false
w03b_fl03.bmp_8e8030f332ab93b222ccbdff4920382f,3401b682f012e20e7d1871f5f8e188040b099a08,4febe1ba2bba111f4782003e5fdbbf5b20387b1b,true,ps2 textures\opaque\bp_remade,true,false,0,none,false,5,false
w03b_fl03a.bmp,440417b5a2853a44d9f1962628058ca226d0c280,5bf950d6f813fa6943048dd76e4b9999b38a1b58,true,ps2 textures\opaque\bp_remade,true,false,0,none,false,5,false
w03b_fl04.bmp,997af72d8661a07b58334570d39f65e64e1edc12,8f98a8513251496b9114379660e3b6609ab36e66,true,ps2 textures\opaque\bp_remade,true,false,0,none,false,5,false
w03b_fl05.bmp,82e2babf12bb4e2a78bea45f232cd908ea8a3cd7,67b30c2bb7595a96e1ecac3a5ce8d0b09bc9f45a,true,ps2 textures\opaque\bp_remade,true,false,0,none,false,5,false
w03b_fl06.bmp,fc2c811b271e9c8820aab896357426199ad35594,d037aac0b48d9cff880937b8f85d2e6e581a78fb,true,ps2 textures\opaque\bp_remade,true,false,0,none,false,5,false
w03b_ha00.bmp,6a95a85ad581e661f9373d124f9ab8a032805bc7,cb5ce29ff199ce9d7dd371a6169311f2097f487f,true,ps2 textures\opaque\bp_remade,true,false,0,none,false,5,false
w03b_rfb00.bmp,218deaaa9f71fdc789fdb2d0b895aca39bdc0c03,42e3bae54a53ccee44718002e858a1cdf60f0cd6,true,ps2 textures\opaque\bp_remade,true,false,0,none,false,5,false
w03b_rfb01.bmp,3d2b5960beba798a9827f4ef399483c9a33aa030,15a3df0fca7f023e38caf70b24c4c8a4d2c4b38f,true,ps2 textures\opaque\bp_remade,true,false,0,none,false,5,false
w03b_rfb04.bmp,9347e6158401e809b88e872c7b76f1afc5dc3c82,8cc20c2a60ed421c135ea9f897957db1e91972c3,true,ps2 textures\opaque\bp_remade,true,false,0,none,false,5,false
w03b_w02a.bmp,65ae50c0f2b3170c39797c381a88453011e2100f,5f9d9e8f027c9f1f84cd95d8bc9bcfc45e6f31a9,true,ps2 textures\opaque\bp_remade,true,false,0,none,false,5,false
w03b_w02b.bmp,30859c0c738ea433502bbe8033e42ef36aeac92f,ab945dd5237cb84eaeec836d77a80775bf1e20d2,true,ps2 textures\opaque\bp_remade,true,false,0,none,false,5,false
w03b_w03a.bmp,99c0e1c69ce28f24709db408b8450d554908241a,b25ea47c715db73fe4678c83f673ad0d562ee7ea,true,ps2 textures\opaque\bp_remade,true,false,0,none,false,5,false
w03b_w04a.bmp,9cb1f61b54dcb28a777f4aee633ce6dc4aed8757,1246b6dca75f910313884ad8849013f1901360df,true,ps2 textures\opaque\bp_remade,true,false,0,none,false,5,false
w03c_flb00a.bmp,e4b7a03b95a57ce84569689c863d7e2b2ed6f5d7,af4e3d3d17556f48f2da45c25dbca9cc2af6323b,true,ps2 textures\opaque\bp_remade,true,false,0,none,false,5,false
w03c_flb00b.bmp,8de69d8999bf2ceb48639acdeab82cbfac9ff054,27fd54f6a1290994c65efe807c52d714125bb50b,true,ps2 textures\opaque\bp_remade,true,false,0,none,false,5,false
w03c_flb00c.bmp,81fa91f4bb29f1c8612708cd066b06457dd1872b,bcebb956be3485635e7b6e58a5903448a54d961a,true,ps2 textures\opaque\bp_remade,true,false,0,none,false,5,false
w03c_flb00d.bmp,320b2a1d92a6913a0a76935ff858c134f03ba157,7ff7f86e9402870d6ae012e3af3632178e8fea75,true,ps2 textures\opaque\bp_remade,true,false,0,none,false,5,false
w03c_flb00e.bmp,194eaa8f12ba5de08ba334b03a91ceb642abf2e1,ebb5ae5bf4e9514587216fed65a35a3f0681e3ab,true,ps2 textures\opaque\bp_remade,true,false,0,none,false,5,false
w03c_flb02.bmp,6efdcd258b9e310d95aa32493341c7cd4f81aa3c,54532fe0a7ce1d335930f6efeeba95bc2096e46b,true,ps2 textures\opaque\bp_remade,true,false,0,none,false,5,false
w03c_flb03a.bmp,2511d1dc3bc60c4c638850cd0eae74aa7bf32e80,97f50dafc7f91b9bec9ab705343af1951bbbae0b,true,ps2 textures\opaque\bp_remade,true,false,0,none,false,5,false
w03c_flb03b.bmp,21d3d1f32790b903217f4279a7053e88ba0bcf61,a353fc0182de7ff7e4410eddbc219a4d9bdc53e2,true,ps2 textures\opaque\bp_remade,true,false,0,none,false,5,false
w03c_flb03c.bmp,ec7baf98c82655da357d9a1c17d5ca86f6f86f0a,827efb6ff9e2b8611c7b5571be489f88329e640f,true,ps2 textures\opaque\bp_remade,true,false,0,none,false,5,false
w03c_rfc01a.bmp,5d6329281b28c6163eab4b5220cea6c91f176a77,a6bfc83c4a6f54c26a80ad17796daf6ba7b967fb,true,ps2 textures\opaque\bp_remade,true,false,0,none,false,5,false
w03c_wc00.bmp,8fd948cb61f49349c3e802756439b5821036f551,286b6cd25ff384c85eb19fb35c9d6ad5d8b8d5cf,true,ps2 textures\opaque\bp_remade,true,false,0,none,false,5,false
w04_demo_scr_back.bmp,f27ef59dbbe0f651476a0e5374707e3df9d4621f,2f5c690f689462cbecdc14be273e8c4e6377c905,true,ps2 textures\opaque\bp_remade,true,false,0,none,false,5,false
w04_demo_scr_parts_01.bmp,419e5be2dc0e52494981737032538ccfa191021d,52a5d2ed0e076b0569e80596831631dc45e8dc6f,true,ps2 textures\opaque\bp_remade,true,false,0,none,false,5,false
w04_demo_scr_parts_02.bmp,e7cc2c6149922fdb6888236d174fab9d3b748d52,ba42e31fcc901656db2ae24a5a7e40dec3f3cfa4,true,ps2 textures\opaque\bp_remade,true,false,0,none,false,5,false
w04_demo_scr_parts_03.bmp,4490bf1e25460570b7d460bf81cbaec3c9756fc6,99735a002152cb839a39a2575f1c32fa0f170975,true,ps2 textures\opaque\bp_remade,true,false,0,none,false,5,false
w04_demo_scr_parts_bottom.bmp,66be72f9a60bd6e40f10a0cc6150e00ce51fdfa8,478bd97e7a16b81c596b3debfee8d01bde626ca6,true,ps2 textures\opaque\bp_remade,true,false,0,none,false,5,false
w04_demo_scr_parts_left.bmp,cdbe8761b738062784e8193640b9222cb741498e,2188fb3696826f5592bc586b504873ffcdf0e641,true,ps2 textures\opaque\bp_remade,true,false,0,none,false,5,false
w04_eisha2_back.bmp,6b716d53f1aa48c70f9259946b1040473dd96fde,cac17135b5eb17f6e6907278bc1364ad71db9e77,true,ps2 textures\opaque\bp_remade,true,false,0,none,false,5,false
w04_eisha2_top.bmp,05fbf1fd7aad5f50172e783d635f7aef7aadae1e,10aee15dff83643cab3677bd037795e20996b5f3,true,ps2 textures\opaque\bp_remade,true,false,0,none,false,5,false
w04_yuka.bmp,98df7fdd49dc7f804b9ed54407fb19ce03ee3b2b,5be3e8c5c5a2664e619eaa752c632fad306f3301,true,ps2 textures\opaque\bp_remade,true,false,0,none,false,5,false
w04_yuka_02.bmp,d11a23d52a13d60fdf2566965768f8bdf464d210,0c6579568c30fe937f919fe38b18777e923084ce,true,ps2 textures\opaque\bp_remade,true,false,0,none,false,5,false
w04a1_hashira_face_bottom.bmp,b702dc382dbd30abb23932023940b8110b012391,f3446ff8c77de228740188afed81d72b1536c05b,true,ps2 textures\opaque\bp_remade,true,false,0,none,false,5,false
w04a1_hashira_side.bmp,c6462aaef85c904e20f65d99cb8d0c69aeb24b82,3683a321514936fd689f26e2d4f44284536f571e,true,ps2 textures\opaque\bp_remade,true,false,0,none,false,5,false
w04a1_hashira_side2.bmp,ea21fb4c145b9dcdcbd4bd8b0e41345f772b8e52,8918542910cf96f8089ea2ef6decc05aec42d2f0,true,ps2 textures\opaque\bp_remade,true,false,0,none,false,5,false
w04a3_cam_base.bmp,13c46eb6a99e51c3c64a50866476dc3032a798d8,c77e3bd02e20c5c058ffa419671b9df220bb643a,true,ps2 textures\opaque\bp_remade,true,false,0,none,false,5,false
w04a3_cam_body.bmp,dd1be79b58310a37a8edc92b6766f0ead721ca53,3e710d17e63b364e65b2597bcc5c209f6e61820f,true,ps2 textures\opaque\bp_remade,true,false,0,none,false,5,false
w04a3_cam_body3.bmp,abe006d5fff2106cb3d93dd29df777b5f0360748,d945145fbb5d1f12f8deabffcf54d7e1af1e04d2,true,ps2 textures\opaque\bp_remade,true,false,0,none,false,5,false
w04a3_contena.bmp,3e3aaec57f5977aa9499d5d9463877f83efebdf7,aaa4a59e970cc5c02adbe4c7fd9d6ee59c2478d0,true,ps2 textures\opaque\bp_remade,true,false,0,none,false,5,false
w04a3_contena_top.bmp,c4666a7cf203e9eeaf158126e43aefc147fb4d4e,ba0528d0ecb022924f3f5fa76fdc6b889afa3923,true,ps2 textures\opaque\bp_remade,true,false,0,none,false,5,false
w04a3_lift_side1.bmp,d59c0bc214ef8e798197308d71ee892ac5dea5c4,6a582887a5fdc7fcb4e202b8502b7f630e636b98,true,ps2 textures\opaque\bp_remade,true,false,0,none,false,5,false
w04a3_lift_ura.bmp,4eb64998960e1cf139b2381837d388ecb2fef35e,17e2ea6c1f45a45ebf295accfda3928746f3462f,true,ps2 textures\opaque\bp_remade,true,false,0,none,false,5,false
w04a3_mecha_dai.bmp,4d0e0d32c6789a2d1a0e2fd84dadbb0600d6dab4,e5094a03257b110a5ea5b987374b18710a649c81,true,ps2 textures\opaque\bp_remade,true,false,0,none,false,5,false
w04a3_mecha_dai_ura.bmp,64db09905073eb04ec645d0ac0cbf3b819977a53,6a9de557c98e22976ed61d5f79ffffefc7361c65,true,ps2 textures\opaque\bp_remade,true,false,0,none,false,5,false
w04a3_mecha_hashi_face.bmp,6c6be3014b3892108f5bd4f3982524e7b25deaa3,e606bca41a8ceaf6340f378ba13b4b84005bb63a,true,ps2 textures\opaque\bp_remade,true,false,0,none,false,5,false
w04a3_tanmatu_tower_face.bmp,6631c085493b374a9fb68745ce6d7055db0a3065,b49c427ca9922cdb9df722f3b56748757bc67d15,true,ps2 textures\opaque\bp_remade,true,false,0,none,false,5,false
w04a3_tanmatu_tower_side.bmp,c95f99384c8a2d9a0dbb19addbe5ae0954878be1,d27faff6b1c417bb3e4db81368fe3aa223ec56aa,true,ps2 textures\opaque\bp_remade,true,false,0,none,false,5,false
w04a_box.bmp,3ca7b2e5908fc60fdd741b1bbc5a76bd62f1537d,2f93a469f3a44e50b46c0bacf3eddb2dbfc81476,true,ps2 textures\opaque\bp_remade,true,false,0,none,false,5,false
w04a_box_face.bmp,f5382b407c7452dd45c3ae4aa9793773fe4e992f,46e983625d0ac824a05d6510aae2086147f8da84,true,ps2 textures\opaque\bp_remade,true,false,0,none,false,5,false
w04a_box_side.bmp,006991e7fa04575df29bff744296b48da40b1166,0462a12c178afdae94045b90de87dd30b18d87f4,true,ps2 textures\opaque\bp_remade,true,false,0,none,false,5,false
w04a_door.bmp,11aad6cccaf70689ff2f7917ab5e8ae050aa7f51,6b0e00e108e4c2826187b950d77ce35d0b35bb00,true,ps2 textures\opaque\bp_remade,true,false,0,none,false,5,false
w04a_floor1.bmp,df9bb0c44b7026aa8698697fcad1d48617276e2e,56eeed94290c50ddd2e058ef2768778297a7766e,true,ps2 textures\opaque\bp_remade,true,false,0,none,false,5,false
w04a_floor2.bmp,8d86deb3da3928903c1ed247e9b47608aab58a1b,d1e60f04a3bb6132e04b035dc0bc80653bd8f73e,true,ps2 textures\opaque\bp_remade,true,false,0,none,false,5,false
w04a_floor2_center.bmp,6c8b6e2150f3be7854739c4f27ecc323d71e3f2f,ee1ea209d93bb0ace152352dcf9b59d3a11e472e,true,ps2 textures\opaque\bp_remade,true,false,0,none,false,5,false
w04a_floor4.bmp,39093087a77d5310b5ac180f970c36d3c418f457,e17605065088aabeaba3f0d8be4475172b523e7a,true,ps2 textures\opaque\bp_remade,true,false,0,none,false,5,false
w04a_floor5.bmp,814815ffa5354890602f2865739dcc9ec9d44470,5db1d44fb79e17acda8e0b26ba739224813c6389,true,ps2 textures\opaque\bp_remade,true,false,0,none,false,5,false
w04a_floor_hatch.bmp,57792f631cf9a668725399ceda097e5ed5804a13,cad837718f52de1c2923450b9acce48cbb799225,true,ps2 textures\opaque\bp_remade,true,false,0,none,false,5,false
w04a_floor_tuuro.bmp,f261afd55917da1adee0a434b8f1b157e81b6b08,b082b4d0637efa927eb4ecaf4fdcb219d9d631a0,true,ps2 textures\opaque\bp_remade,true,false,0,none,false,5,false
w04a_hatch.bmp,4725ebd2f2ea38dfc6d8a6a958e84e3d5dadfd0c,542e081ebbd37182333ee9b763d6d2563376380f,true,ps2 textures\opaque\bp_remade,true,false,0,none,false,5,false
w04a_mecha_04.bmp,a738118206d68d583555c48430d1b0e05d321920,61282f127d454e507d0eae41dbb1626adc1e5bfc,true,ps2 textures\opaque\bp_remade,true,false,0,none,false,5,false
w04a_mecha_top2.bmp,57fddc80860b25e878098e3c20bf931f3352765d,2fc315ca84959836aa275e76c019101fda2a3aa7,true,ps2 textures\opaque\bp_remade,true,false,0,none,false,5,false
w04a_spk2_face.bmp,391622339da7246b4504671bd274664796d87650,9e341b771593b5387037b5494a51459f533b5c26,true,ps2 textures\opaque\bp_remade,true,false,0,none,false,5,false
w04a_wall1.bmp,16961e3a868a2fe610a2a4f56eec6727dc56fd54,4b9a1fb169d85d222680d9fd1c128bf497675cd3,true,ps2 textures\opaque\bp_remade,true,false,0,none,false,5,false
w04a_wall2.bmp,e5b0e28cf24b29dcfd01c239b5a85f68edd8c900,d970e103258a7703a8130a61d14e2763e4e2d52b,true,ps2 textures\opaque\bp_remade,true,false,0,none,false,5,false
w04a_wall_tuuro.bmp,ed1735e068e5a612dc1daf01ff7f8d9cd4f2b33c,a739c9c1a59d2b1895d08f40a05cd5aeb4a887a6,true,ps2 textures\opaque\bp_remade,true,false,0,none,false,5,false
w10b_fence_03_alp_ovl.bmp,f397b6b91d395e23c8da5be57ebd98b5ead8a189,bed280808753284e2bc463fe86b3380a014299b9,true,ps2 textures\HAS ALPHA\bp_remade,false,false,0,none,false,5,false
w10c_ashi00.bmp,8119e1332d8213e07ac7e8872ea99efa6044f833,a6fb2711ce4b5de8af24fbeb39e12e0c4cb51caf,true,ps2 textures\opaque\bp_remade,true,false,0,none,false,5,false
w10c_ent01.bmp,c8fa4eece8896ae0e015809e4c05b43ad8769e2d,a6fb8237a0992f63c9a203d91a5817ad47d032ea,true,ps2 textures\opaque\bp_remade,true,false,0,none,false,5,false
w10c_entfl00.bmp,2d5ae23b15f3c1d5c44d345c1f2bfa81b847ff5f,ee976d139a6b08c8035691c1afcaa00aed20f14d,true,ps2 textures\opaque\bp_remade,true,false,0,none,false,5,false
w10c_entfl01.bmp,c694d776b019de59cf02ea96e3eb4cf18db09b73,09e1853a519e0a06fc54e2c48b67fa84af6b2a58,true,ps2 textures\opaque\bp_remade,true,false,0,none,false,5,false
w10c_entw00.bmp_ebada4c5fb0cf21b95c03d700bd34525,a2b367a736e1fbfa60192df34a32dd90f0c0869f,92ed5ad298f67e64c95ca116a50670e3170e0528,true,ps2 textures\opaque\bp_remade,true,false,0,none,false,5,false
w10c_entw01.bmp,b47834af9819c3178d72ff0ca70ff40508b0bf60,ee27431b784d3bf15428690d747eff456ed6ff78,true,ps2 textures\opaque\bp_remade,true,false,0,none,false,5,false
w10c_fl00a.bmp_f090db2c7d27de5ceaf7849bea3f7689,1aaebe4dc567d3b5b365afc188e7d818f558cfa9,124783ad85811192bfe050319844b59725e2c5c3,true,ps2 textures\opaque\bp_remade,true,false,0,none,false,5,false
w10c_fl00b.bmp_4783af139eb8448160dc9fa885bd7451,c9a1f96a879d8cdeea0c4b0a3f2e4da8bd16ccb8,df77167deee25e947be190eae9b6bc40d6c0ba7d,true,ps2 textures\opaque\bp_remade,true,false,0,none,false,5,false
w10c_fl00c.bmp_79d5f05b0c8f02fa5ea3d8344309a532,b2ab007cf74e7745861220189bb7032c6a648498,09dbf9bbfd8e5a73929fd757fe24ab861fbf005a,true,ps2 textures\opaque\bp_remade,true,false,0,none,false,5,false
w10c_fl00d.bmp,deb93d54d8ddd17620e5e323153ce609566ba790,202483b85b0696e217c980fb9b50a6855e4941d0,true,ps2 textures\opaque\bp_remade,true,false,0,none,false,5,false
w10c_fl01.bmp_89b1600a0752b90e97de0d507585a5be,21e10059c051ea4b64440d7bf2f9a4870b9aa394,2f40506427176d661aa5bcb1120241200796f1d3,true,ps2 textures\opaque\bp_remade,true,false,0,none,false,5,false
w10c_fl01_brk.bmp,d4d28e802010267b642160f05788fd73c68d608a,df4610c4d4cdcd405d0a678f0228e377a80630c3,true,ps2 textures\opaque\bp_remade,true,false,0,none,false,5,false
w10c_fl02.bmp,0e0238c54fe6359fb87f9e38d8be77a97c4f1144,420df33e8a6b87c57c5e38ccba9fcf83ae94879c,true,ps2 textures\opaque\bp_remade,true,false,0,none,false,5,false
w10c_fl03.bmp,2c323ca36e58ea6be45319a19f28a66b54fc6471,4276c86a357447936295c78d396b518faa085b68,true,ps2 textures\opaque\bp_remade,true,false,0,none,false,5,false
w10c_fl03a.bmp,f4c82723feb983259d42e3d7f34db8b709ea27a0,d47b1b8de98bd98cfc59a0c659c0cc8b02443290,true,ps2 textures\opaque\bp_remade,true,false,0,none,false,5,false
w10c_flu00a.bmp,fd2c4e50806c68af7e28e979737dfebd869c6a14,a87e101132052bd90ed1af8a15fba4bcba6f1b82,true,ps2 textures\opaque\bp_remade,true,false,0,none,false,5,false
w10c_pp01.bmp,4b021acd792fae4092a9403c4d314b7c684ba28e,0d9bcaa0720867ec5f9648e6991e9fd6e8548670,true,ps2 textures\opaque\bp_remade,true,false,0,none,false,5,false
w10c_pp01.bmp_ffdb967870ba68b15bb0414af2582240,94d3a6816a05494f7a8e6e964e6f96f10052bc20,7815cdab5b963d495fa51f463152f475f37a2f06,true,ps2 textures\opaque\bp_remade,true,false,0,none,false,5,false
w10c_pp01a.bmp,32064ba6b74c0b2dcbcb839164200bf3a3f06403,2bef76370c28ad307cbc383b1fa3bfaa0c60ce17,true,ps2 textures\opaque\bp_remade,true,false,0,none,false,5,false
w10c_pp04.bmp_6c02c0734669b3b2af844bfb2a6f8caf,e23835ebd89dad5e397643101356cb5eacc95c4e,438d1f7f9d9c8a2196341f8fc306cbd3bfc0e0b5,true,ps2 textures\opaque\bp_remade,true,false,0,none,false,5,false
w10c_sk00.bmp_080bd3d56c6e4437c207d0839cc27828,8563dc836681577594ff0164609fcfe02fc808c0,3ee0eb2ebd0891dd67f256d899b4f0e02a733f10,true,ps2 textures\opaque\bp_remade,true,false,0,none,false,5,false
w10c_sk00a.bmp_c23abf4bb26aa9b385f505c9436c87e3,189bc6f3c29c7a2bd89cd04ee99da962eb335d63,720ff70cbb9b36b562a7072ca8992f53835c77e4,true,ps2 textures\opaque\bp_remade,true,false,0,none,false,5,false
w10c_sk00b.bmp_d9e12dccb9bcc4cf71139977cbfbc3e7,74eec8f8d0751a08ab223dedbf9e750705071e8f,7dfe0ad95bef1ffb8010bf6d10843679f5d6608a,true,ps2 textures\opaque\bp_remade,true,false,0,none,false,5,false
w10c_sk00c.bmp_4081fb1cac8896c709c768596117ba88,7e81d5aa070751de2d6e465ccc23582af43de0f3,60b530d904808c99fb6d8430249bcd7d393ccfbd,true,ps2 textures\opaque\bp_remade,true,false,0,none,false,5,false
w10c_sk00d.bmp_a9ee348f02fbca3d69c1ad8a9a23932a,b3aa35cc29de256ea1b8de4f2e8c56459b47d906,5d6eeec5b162d3794b7591a5716c0c821545219c,true,ps2 textures\opaque\bp_remade,true,false,0,none,false,5,false
w10c_sk00e.bmp_0e3bb1fb297f402705e2cad23f68ddf6,9e58b4e019cd1c6e5de7c30b04488410359fdb80,f7b3e04453d30d657a224faba414166bf6049775,true,ps2 textures\opaque\bp_remade,true,false,0,none,false,5,false
w10c_sk01.bmp,3498cc0aa4cfc4967ce37fef3f99c4bbcd2df011,3c4f5503999256af9fbe17696d7b810702b9ff19,true,ps2 textures\opaque\bp_remade,true,false,0,none,false,5,false
w10c_sk01.bmp_b38fa6aa2149606ac364f449b0956d51,a6bae5f4b5fb41c558de99bce4cd4baf76b38417,5e43d165dc59b671b603c4e8fec3b82b886e7d97,true,ps2 textures\opaque\bp_remade,true,false,0,none,false,5,false
w10c_sk01a.bmp_bac7874a3dfb93ad53d87c13aee33f56,4920fe63bf46a8f02b26cc960177ecba7ab93c8c,75dd1cd8714a003840a2669b7fa2cea62021ad67,true,ps2 textures\opaque\bp_remade,true,false,0,none,false,5,false
w10c_sk01b.bmp_5dc6834c6bebd925dad973550e4c6fdf,abd150c7d1229625cf7e31aaa7db45a800d1966c,ff76c3ffa542bee8f7457e044873ec45ed71a3be,true,ps2 textures\opaque\bp_remade,true,false,0,none,false,5,false
w10c_sk01c.bmp_a7e8bcc841939628dc2dda275f4d60e0,efff4e4170287045118bf85c26e4467d731313b1,4f055c2d2274e20a472fe73ab99f443afeb4eed9,true,ps2 textures\opaque\bp_remade,true,false,0,none,false,5,false
w10c_sk02b.bmp,755fe831c21bec184d422decb096ca9f2a13dc27,1e7729ca0bd8d6d282e14c89bc13b5045c53ce6e,true,ps2 textures\opaque\bp_remade,true,false,0,none,false,5,false
w10c_sku00.bmp,244f4e0fd6cfbbe1a1a61af76678f632fff1b5d5,97c88bf5bb56adceb05e1b0002731552cca43529,true,ps2 textures\opaque\bp_remade,true,false,0,none,false,5,false
w10c_sku00a.bmp,cf91a6aaae3a22f56627c3fb33edc26e129e0ec1,4e94a6fed9d98830afae1d8b6c77d6ef53bf2c28,true,ps2 textures\opaque\bp_remade,true,false,0,none,false,5,false
w10c_sku00c.bmp,f574f7fa10171845a7a86b3b53871ead13dca0f8,b71be7c752dda32221e2e72b0c035a3999d3811d,true,ps2 textures\opaque\bp_remade,true,false,0,none,false,5,false
w10c_sku00d.bmp,76bab566bc710f4bb6bdc31a63bcb9a0ec6937a8,357a0198fc516fdc9ae86e4757ab886b520fffda,true,ps2 textures\opaque\bp_remade,true,false,0,none,false,5,false
w10c_sku01a.bmp,783c95a9e71ed61fafad5881625d85510060248d,03a9967b599617924b190c1486e61e2377a4a217,true,ps2 textures\opaque\bp_remade,true,false,0,none,false,5,false
w10c_trapfl01.bmp,a153ea071407868c479958ccf322918124eeb353,f8a279c1a22d819df8b47f264f06afdd5be2d5ee,true,ps2 textures\opaque\bp_remade,true,false,0,none,false,5,false
w10c_w00.bmp,a74f97565b01d7ca0bd5b3bbfd9da18483351320,c9a0e90d8241eced294f5c86d93cf7a1a71760ad,true,ps2 textures\opaque\bp_remade,true,false,0,none,false,5,false
w10c_w00a.bmp,d3a2daca747ca5d76563e277f3178361a5caf559,086852589aeebfec5e1678250a42fb14361cf2a6,true,ps2 textures\opaque\bp_remade,true,false,0,none,false,5,false
w10c_w00b.bmp,541fa0918eafbdbf842826072ca78ef7da89c011,658230d0276b755cdea5611ab0dfbed55925d035,true,ps2 textures\opaque\bp_remade,true,false,0,none,false,5,false
w10c_w00c.bmp_1a2ec7dfc72a4bdfc203becd5d5bccf6,1bec6c4621b76303ac0525507f1b6cda3351ce3f,0d5e6df38766facf227e5554aa9c083af08933ff,true,ps2 textures\opaque\bp_remade,true,false,0,none,false,5,false
w10c_w00e.bmp,65f889c970b5c9a7a59f9a86febfae1f83f448fd,5124421e0b17f44f7b61887455bc7c5692fe3da2,true,ps2 textures\opaque\bp_remade,true,false,0,none,false,5,false
w10c_w00f2.bmp,8f48e82ebe5ebab62f2779d6da10099e3d8c4c8d,be1ada7c1ac521e0ef2b74721b020f6324563f1b,true,ps2 textures\opaque\bp_remade,true,false,0,none,false,5,false
w10c_w02.bmp,3e8de21b0cd05280ea22df42de8962b8c6754ab4,78a2db3708fa867fb85116faf9a4c51f409b713b,true,ps2 textures\opaque\bp_remade,true,false,0,none,false,5,false
w10c_w06b2.bmp,58436e24ac61cbf44ed63fce05790c3d6369d8b6,7bf88e7f96b1b6c5e82789cefe09660537ed337a,true,ps2 textures\opaque\bp_remade,true,false,0,none,false,5,false
w11_drum_f1.bmp,1a8e1f91daaf3d1cfe7b9fa6268aaca087aa21ad,de33f827cf99d946b83f526ffeabc7024714e6a3,true,ps2 textures\opaque\bp_remade,true,false,0,none,false,5,false
w11_drum_t1.bmp,ba61df226c6d8896bde7b8f70d069cd7066cf382,8956f74d5276f61dceee10ac65ee6b203538eafb,true,ps2 textures\opaque\bp_remade,true,false,0,none,false,5,false
w11_explode_drum_f1.bmp,9c2cce04db89fd9d1c86ad89e363d4154aed571c,12e44e23a5501b676a94c2ffd6f6915ce1aeccaf,true,ps2 textures\opaque\bp_remade,true,false,0,none,false,5,false
w11_explode_drum_t1.bmp,8a789ae93a5c4c0367441bf611ca3bc2aec9911d,b6ec41db15b05477b90bf23b4397487bff037aa0,true,ps2 textures\opaque\bp_remade,true,false,0,none,false,5,false
w11_sdr_f1.bmp,5860224562312164d9ba2490f21aa2bbeafdca3d,e3e03161c531e17f08a52b71f3ff7b20afb5318e,true,ps2 textures\opaque\bp_remade,true,false,0,none,false,5,false
w11_woodbox_all.bmp,53ae47d7b44458aa9896ddfd39641a44bd5be3ef,c9d724118c415afe4aaed0c5b54f6cdeb9abd135,true,ps2 textures\opaque\bp_remade,true,false,0,none,false,5,false
w11a0_amiflr1.bmp,10f892e3d57493ab723405cb480192eb5448b059,569a35ac52aab8ebb24a47cecfd0c628eeedf72b,true,ps2 textures\opaque\bp_remade,true,false,0,none,false,5,false
w11a0_amiflr1_nuke_alp.bmp,5ab8aa0a73812ad4c74b082f43ededcc1f160b65,ab94bf144648efb3f49652d4e02a1bbe7b88222e,true,ps2 textures\HAS ALPHA\bp_remade,false,false,0,none,false,5,false
w11a0_amiflr2.bmp,9d2f1ee8d3555c7ca97b17dcd6fb600b93164cf6,917d4bf4df21d8c309848747510acb9a5c3a3a96,true,ps2 textures\opaque\bp_remade,true,false,0,none,false,5,false
w11a0_bonbe1.bmp,fe28c943c64ef721e3dc4004b88d8a00ba079a69,947f442ed77a8c6ab1f6fa9219e3356fbd17e4e7,true,ps2 textures\opaque\bp_remade,true,false,0,none,false,5,false
w11a0_crndesk_f1.bmp,a94a2998723b233e54c8ad016723e98670d743cc,5b885ecd5c2d33499e02d261796ba7b0878439b7,true,ps2 textures\opaque\bp_remade,true,false,0,none,false,5,false
w11a0_deckwall1.bmp,ebe076cb863bf68cf0bd08d457541e431c480f47,3d17a7b59070f2a0b5a2707085abef8a54cfd589,true,ps2 textures\opaque\bp_remade,true,false,0,none,false,5,false
w11a0_drwall_panel_r.bmp,f06e8e63b425d79e97f8bb6af061a30da6b868de,caf65165fbfca42e6ce3aa312097b7a2cb135bca,true,ps2 textures\opaque\bp_remade,true,false,0,none,false,5,false
w11a0_duct1.bmp,51294d65ea6dc36da1ce1cdd8a3315d8da85da16,9eaa799d06fa7a4d32714ff25eced0836b3c81ed,true,ps2 textures\opaque\bp_remade,true,false,0,none,false,5,false
w11a0_duct1_enter.bmp,2a19637d641c492b95946438f4b869af207a1545,917c2f4adcb6fd82592c8a592819565aacf381b9,true,ps2 textures\opaque\bp_remade,true,false,0,none,false,5,false
w11a0_duct_fence_alp.bmp,4a79500fd7b01185b6acc9d398617028a6b83e2e,f13b7a19765a1287c60363fff332bd56dd4c2a03,true,ps2 textures\HAS ALPHA\bp_remade,false,false,0,none,false,5,false
w11a0_fence1_alp.bmp,b15be357f0664caf0209b20d1225ccc090525960,03b6b151e0fff1fe08eb310b2f791ff4aa41169c,true,ps2 textures\HAS ALPHA\bp_remade,false,false,0,none,false,5,false
w11a0_floor1.bmp,036c3f05c1069faeee53b426d3b261859dbec875,298599a0fafb2cf32c535dc13be342514b59fdad,true,ps2 textures\opaque\bp_remade,true,false,0,none,false,5,false
w11a0_floor1_side.bmp,22762e174a79a981563c4a1da7f47d941ff8e680,ef9cc995f185b8e2fba4d32f01af215fd4f2b865,true,ps2 textures\opaque\bp_remade,true,false,0,none,false,5,false
w11a0_gas_cap00.bmp,7246bb21f1d2d11feb7a6018fffd6e59c216d338,29c8dde185c8d33c11fa607ba3cf5304dc6d53e4,true,ps2 textures\opaque\bp_remade,true,false,0,none,false,5,false
w11a0_jmst_dai1.bmp,e80cf1098ef1f575300714d7d188307d3566e655,59f2b3842d70fbe20d89c64a6e07ccb3269541b5,true,ps2 textures\opaque\bp_remade,true,false,0,none,false,5,false
w11a0_pillar1.bmp,37a1a2436948769051453dc8ee6a14f88980601d,87f92370c9eee925db51b5b220454de2e4ea232f,true,ps2 textures\opaque\bp_remade,true,false,0,none,false,5,false
w11a0_pool_entflor1.bmp,2ec804cd202d42f450102ee0139fd32f83b2d47f,bee7ddf7bc648da87c294f6323f04915c3a93730,true,ps2 textures\opaque\bp_remade,true,false,0,none,false,5,false
w11a0_poolwall1.bmp,92fbfe762abd0bd4353543651ab87ac9f15ef596,56262cc77938acdd8cd83656143ea574dfea0d50,true,ps2 textures\opaque\bp_remade,true,false,0,none,false,5,false
w11a0_poolwall2.bmp,6096d192f9bf2d23ef5ca0e343c9eb445b185baa,b9ad40061548d0743b4d2ed88ee0d814f77cdf70,true,ps2 textures\opaque\bp_remade,true,false,0,none,false,5,false
w11a0_poor_tsr1.bmp,c99eadf0b83ec36a46bc31577d803bcb19359f0f,68e930f900fce9c7224c7588824991c794dcc45e,true,ps2 textures\opaque\bp_remade,true,false,0,none,false,5,false
w11a0_poor_tsr2.bmp,125913f713aeeaf8be9df2bfa495a0565cccf128,08f8bbaab6e00149f375bc8e0ec8c072ccac7d2b,true,ps2 textures\opaque\bp_remade,true,false,0,none,false,5,false
w11a0_southwall1.bmp,4e82e7a8115ebc8ecbb8ff57055708cea2fd2444,74fb2217c54e2c4ee25a32a5403aac2d0532e4f8,true,ps2 textures\opaque\bp_remade,true,false,0,none,false,5,false
w11a0_southwall2.bmp,840da630488c9be85176153a927f4ec60fd600cb,40c4c21eb6689006efd65f47ff352a609df4e8ae,true,ps2 textures\opaque\bp_remade,true,false,0,none,false,5,false
w11a0_southwall_hari1.bmp,6b964e8f9c542e416a235ab7aa8f0e324d56004e,df750d98d61ad99f6ca085bb2dbcef2ce164c92c,true,ps2 textures\opaque\bp_remade,true,false,0,none,false,5,false
w11a0_step1.bmp,12694569158d449619721e06fcc4e0c439965723,a7617e1a338bd06951ce8766829e97cd1af7b661,true,ps2 textures\opaque\bp_remade,true,false,0,none,false,5,false
w11a0_tank1_asi1.bmp,38375919f5f5716925caa3978907897b8c1b258a,6a25f445acd9c917932a2541d7516e9c2c2c4260,true,ps2 textures\opaque\bp_remade,true,false,0,none,false,5,false
w11a0_tank1_asi2.bmp,3eaf27c1960700f15f394d4e3f0089882a2cda53,28e42fe98f0abe4a847ba642517fea2ccec4d807,true,ps2 textures\opaque\bp_remade,true,false,0,none,false,5,false
w11a0_tank1_ender.bmp,528e767f567e24c4f8ddf2a1040d9863f0094984,8aed51f244d5a56c0b53544fb76af776cdb3b9b2,true,ps2 textures\opaque\bp_remade,true,false,0,none,false,5,false
w11a0_tank1_s.bmp,29c0ee5dca3e9c728e1e6ca6e1e708a9f5d15521,a276ab8fbb01f5793f156a75669ed4506279dd1e,true,ps2 textures\opaque\bp_remade,true,false,0,none,false,5,false
w11a0_temptex1_pipe.bmp,07fb9879bb181765dd70555cd91e61bcaa2ec2ce,4387222f69aa23d731a80f5b290c39d29ecdaaa4,true,ps2 textures\opaque\bp_remade,true,false,0,none,false,5,false
w11a0_tsr1.bmp,00f0101bd6bfa83c7f7096ae301b304a6d0e5e85,4036a3d944499c9e5d70619f1a1b71ac48ce3380,true,ps2 textures\opaque\bp_remade,true,false,0,none,false,5,false
w11a0_tsr2.bmp,08ef5d4d0fcaedeeb45e6439a8d7604253b274e2,9b96ea5e9555ae1b69e11a9a64047aa7bf7e12cf,true,ps2 textures\opaque\bp_remade,true,false,0,none,false,5,false
w11a0_wall1.bmp,d678df469576ee736894643f0988bf95c12c9b66,a565b64a43cc7fa67a54f06319b4e91f8d1305ef,true,ps2 textures\opaque\bp_remade,true,false,0,none,false,5,false
w11a0_wall2.bmp,5f40f1c77907cb4005f6eb77de7d8a6fb8193ffa,d99da7091e7b95dd5cae20836a70d529bc0b6849,true,ps2 textures\opaque\bp_remade,true,false,0,none,false,5,false
w11a1_flr2.bmp,aecf95da6f772bea8742c33824039a053a2599bf,8ef4e725e37b20ef0aa0d69e555a0ae0c5dc8915,true,ps2 textures\opaque\bp_remade,true,false,0,none,false,5,false
w11a1_pillar1.bmp,c952110df21228c64f3110b1eb4667ff8e9b8c02,2b28a5c58f1e315a47a7319c8c6c96bf9913f9f3,true,ps2 textures\opaque\bp_remade,true,false,0,none,false,5,false
w11a1_pillar1_s.bmp,7adabd6e345c30c8162f188d78aa4997b8a3a023,5d83bc901392340076505371a5830b0151ad4f1d,true,ps2 textures\opaque\bp_remade,true,false,0,none,false,5,false
w11a1_pillar2.bmp,38d8ff86834a712d8a91ede526d0b7e51b0bb425,3ba5206949f6e9c83d4d914dbfaaebda181e1320,true,ps2 textures\opaque\bp_remade,true,false,0,none,false,5,false
w11a1_pillar2_s.bmp,c657892e3db0fa58657a67ce811cb4c720045171,ba117873f733f9b95c440d36f7f12a3db335cd2a,true,ps2 textures\opaque\bp_remade,true,false,0,none,false,5,false
w11a1_pipe_endbox.bmp,1a4e4e942fb59791fccef4e6a51260b12c42d984,8bd7a3abf6398ca5f047fbf16dc45033af538608,true,ps2 textures\opaque\bp_remade,true,false,0,none,false,5,false
w11a1_wall1.bmp,2486134df2ba1195b4b736ba06d189a28a73d941,ddb07e5fc9d142cdd9f275681afbb9987c97fb70,true,ps2 textures\opaque\bp_remade,true,false,0,none,false,5,false
w11a1_wall2.bmp,c25f4430004b06542cf84d9e4b6289bafd6c7655,7b204210b13f5f4bfe75d31eb7ce6bd75e84f7b8,true,ps2 textures\opaque\bp_remade,true,false,0,none,false,5,false
w11a1_wall3.bmp,295fac6cc3c6dd226c0dca631c268ac31a4c23b8,5116ddcc177d6ab16739a123b0e0c51970f41a3a,true,ps2 textures\opaque\bp_remade,true,false,0,none,false,5,false
w11a2_cable1_st.bmp,d6e269a2ca816b8b5322c1b8b67c95466a2d1956,a85fddb921479c7b87a84fad5a2170dcebb512a5,true,ps2 textures\opaque\bp_remade,true,false,0,none,false,5,false
w11a2_ceil1.bmp,c33d6c5f66dd37c11490e44652e471c24132c399,b586f1378d91dad2f2b38d0d50d36d1b645aef28,true,ps2 textures\opaque\bp_remade,true,false,0,none,false,5,false
w11a2_ceillit_hanger1.bmp,f2667357f5e12e2b2048b30dea939820a0308cf4,89fdfcfefdd7558e6d2c5be152b063f6cbb93504,true,ps2 textures\opaque\bp_remade,true,false,0,none,false,5,false
w11a2_closed_shatter.bmp,521067858249bab4a1f3d0963f73a8b840323ff0,97df03c145bdecdc622ee35731bc23bc8753b42b,true,ps2 textures\opaque\bp_remade,true,false,0,none,false,5,false
w11a2_drwall1_head.bmp,f82bf6daef2cb18bdafacb87e69534a0c40329cb,56c79cc4f3312ba980d0222d5eb14d4c6cc00e5c,true,ps2 textures\opaque\bp_remade,true,false,0,none,false,5,false
w11a2_elvgate_pillar.bmp,b5d8465812b11675461067a42093316ed00318c8,2fcb79149307933a0acc97927f92dcbe1b4b8f22,true,ps2 textures\opaque\bp_remade,true,false,0,none,false,5,false
w11a2_flr1.bmp,90ef4c4bd1674582ef54b7b9779c48a7990d688f,3c7acbefc267197224e51a814886a4a792096a61,true,ps2 textures\opaque\bp_remade,true,false,0,none,false,5,false
w11a2_gate_flr1.bmp,37da21874c9ed2dda10846424bf155e793c59678,85274b3db901efd54dd8444ebb3d86454a310e6d,true,ps2 textures\opaque\bp_remade,true,false,0,none,false,5,false
w11a2_pillar1.bmp,7bad56a25f0057cd134d768ab79d098256de343b,335f153a70ad5a65afbd8e5f69d7ed9cae0ff099,true,ps2 textures\opaque\bp_remade,true,false,0,none,false,5,false
w11a2_pillar2.bmp,1f772bb99bb76134c1a16bfc018edf39a8484dd1,908f0a6ef72798b8d9acf5ae6bcefc4b8caedde3,true,ps2 textures\opaque\bp_remade,true,false,0,none,false,5,false
w11a2_pipe3.bmp,f3a77001b22b7a460111249c1917035f579598e7,7e8f47e0d4ae7469c931b3c74ebaa554bb821792,true,ps2 textures\opaque\bp_remade,true,false,0,none,false,5,false
w11a2_sunoko.bmp,2ab8e9959f8ffeb1647ef2e1ce9bcc8009e1e9b3,debdafc9f5d37429acc83e1e13b7caedcffdfad1,true,ps2 textures\opaque\bp_remade,true,false,0,none,false,5,false
w11a2_wall1.bmp,e04561d8f391b583cd16124e44274f6acd5f8362,aa94e98c9e2b91eec48749492d7e235319b769a0,true,ps2 textures\opaque\bp_remade,true,false,0,none,false,5,false
w11a_gas2_02_t.bmp,dfe25496aa13901b03a42ea6df9077cb10e35315,8c527cfa2892d9e2ddceff5af56f2b98138e3596,true,ps2 textures\opaque\bp_remade,true,false,0,none,false,5,false
w11a_gas2_03_t.bmp,8a6a621b2b4a156890f3b23696f40c1df753dd94,c89d97aa55fc3c2b61027f4ed25b544d72c27c0c,true,ps2 textures\opaque\bp_remade,true,false,0,none,false,5,false
w11a_gas2_04_t.bmp,2d3b1a81f47548e68e0c808d21af5f277b8029fd,232ee5cd8d210b07ac75fe6beec34be4e2ddd55b,true,ps2 textures\opaque\bp_remade,true,false,0,none,false,5,false
w11a_gas_02_t.bmp,2b74b53da9a597a9d8d4e374cab758a6304deb61,518b4b0897e0fc63a984842cf091fca11982dc27,true,ps2 textures\opaque\bp_remade,true,false,0,none,false,5,false
w11a_litflame_wire_alp.bmp,2c50aa7e320abeddb5d00aa4c06c172af592afc6,18b70ad8cb566dee200925332cb8458d2e72f4d8,true,ps2 textures\HAS ALPHA\bp_remade,false,false,0,none,false,5,false
w11a_t_hako_c.bmp,e7785690e123e5c396cc02bffa345e190720caff,59bee863eab0e53f67976e8fe6bba3c2c351c8e2,true,ps2 textures\opaque\bp_remade,true,false,0,none,false,5,false
w11a_t_hako_d.bmp,176ad54c3e1e463ee92d874e604c7dd1d3b69af2,3eb5741744c204b1fd276cb3470d364926504769,true,ps2 textures\opaque\bp_remade,true,false,0,none,false,5,false
w11a_t_hako_e_2.bmp,a81d72da1a0bd694feb884d0f5fa7bd0956b3d7f,dd4d859ed67da273f00735519c1bfc7fadfac9e5,true,ps2 textures\opaque\bp_remade,true,false,0,none,false,5,false
w11a_t_tana2_b.bmp,b70155a713a9a717ceb8a260ce020e0185744d8d,a1c7caaa7dc0d00d587bbe420a880ea51c3aa6ff,true,ps2 textures\opaque\bp_remade,true,false,0,none,false,5,false
w11a_t_tana2_c.bmp,712a6e68dabd9f62e37f72efaeb02b3f21180a9d,394aa78a715dad972abc88e0ba3c1ab28b77f98a,true,ps2 textures\opaque\bp_remade,true,false,0,none,false,5,false
w11a_t_tana_a.bmp,75dfdd87f3f8912916a0e321c091b6504a149ffb,4e61bd3e73ad233aea0b47b5dcb5aff4f6e05d2b,true,ps2 textures\opaque\bp_remade,true,false,0,none,false,5,false
w11b2_ironbox_sf.bmp,5d4306f95e28499d5409c90323729fdea354c861,8f2c7b639349a011710e683edd5949a3714c8acf,true,ps2 textures\opaque\bp_remade,true,false,0,none,false,5,false
w11c2_lit_ele_box2.bmp,cbb4616935c9a3661ce644e672f3347e370d17e5,3d5fb04fe197fe9d0a49a45f39e792b97ffe7d61,true,ps2 textures\opaque\bp_remade,true,false,0,none,false,5,false
w11c2_spipe_temptex1.bmp,035606848e4676c43f9a8c8cb45d65f62d8fa6ed,d3459296b798682617d18b2b8f99226f1dfe5de8,true,ps2 textures\opaque\bp_remade,true,false,0,none,false,5,false
w12_doroppings00_alp_ovl.bmp,0fc6e94852d5d5af938be439a26d3be9c30f24fe,26cbf4ed1da65afdf70fffeb26854ec18a959bff,true,ps2 textures\HAS ALPHA\bp_remade,false,false,0,none,false,5,false
w12a_fl00.bmp,d5cc0d99b32bc155c039310ad311de344c3672e7,96b402e70c79d84a5b4ad95a904531d9b1d5b287,true,ps2 textures\opaque\bp_remade,true,false,0,none,false,5,false
w12a_fl00a.bmp,87a715391d538287e639d7841fa3aaa0a2940f9d,add826d55b5367ccb0d98e25c4b338aa6029280e,true,ps2 textures\opaque\bp_remade,true,false,0,none,false,5,false
w12a_fl00b.bmp,029693e1bc3170bc785fb9869260d049bec41102,435084dbc6eed7297f3a6454e3d93469412b88e3,true,ps2 textures\opaque\bp_remade,true,false,0,none,false,5,false
w12a_fl00c.bmp,90a2a23140d2191fb812b6f7fd0745be05ff6b54,2e8f6248b51a1b27577126069dc5134e56466d36,true,ps2 textures\opaque\bp_remade,true,false,0,none,false,5,false
w12a_fl00d.bmp,e00baedbd3c1bf12370b617ad1d2bd1f35ff7adb,ee5dc5ad6d6d347144525d03ccc7e16433097d0b,true,ps2 textures\opaque\bp_remade,true,false,0,none,false,5,false
w12a_fl00e.bmp,8c34a5d1356f851df37189334895dbc2b8fc69be,f515349c3e8f1cce2eb7b12ecdcea3d086be74ad,true,ps2 textures\opaque\bp_remade,true,false,0,none,false,5,false
w12a_fl00f.bmp,80c108eadd517577c92c04ea6f023faae7e46044,a707ef219bb9e872b92a6386b74b81cbe7e3d60e,true,ps2 textures\opaque\bp_remade,true,false,0,none,false,5,false
w12a_fl00g.bmp,09758f616a4ca00a353a8a09c47c03e2e16dae44,4c9b33a04bdf0cf4e703d2ec825ab4ab73d8d9df,true,ps2 textures\opaque\bp_remade,true,false,0,none,false,5,false
w12a_fl01.bmp,7951fd76774fc383d4db8e99f0eecdc81f16f3fe,430bc6fdbf82a5fc51ac098210aa9a3a4ae3e0a3,true,ps2 textures\opaque\bp_remade,true,false,0,none,false,5,false
w12a_fl01a.bmp,58667b6cd6256d202d8e21062d5a7ffea4246bec,ab3d8234df48b72eeb8ba33e0d21b6df106c2197,true,ps2 textures\opaque\bp_remade,true,false,0,none,false,5,false
w12a_fl01b.bmp,17ebe2d8b3c805343058ed0c6bf32eb2686c5bb5,f2338dc65cf16edf4b165045053c84f02e3e3b2a,true,ps2 textures\opaque\bp_remade,true,false,0,none,false,5,false
w12a_fl01c.bmp,e867d76e9af892fc583f7cd39dac80fb30b7bbb7,ae1046f86d42f355a79f5067e4c192a19e9f22d4,true,ps2 textures\opaque\bp_remade,true,false,0,none,false,5,false
w12a_fl01d.bmp,882b489d6bdd09e1c2729102ac50be73aa8b04fa,6d909478396d6e93c5c5cde96015446af066346b,true,ps2 textures\opaque\bp_remade,true,false,0,none,false,5,false
w12a_fl05.bmp,b05adcb2af2745ebe13328418079843dc941cb57,31208b8425e4667371b3235fe36d01173ccb468c,true,ps2 textures\opaque\bp_remade,true,false,0,none,false,5,false
w12a_fl05a.bmp,e9fd3c56c981a6074320e1857a0babc3ad84144b,d236d8d3d8e5f3b53f6be93a5a1609354d1a66e7,true,ps2 textures\opaque\bp_remade,true,false,0,none,false,5,false
w12a_fl05b.bmp,a99df8eba53fd77c390c38e95159cb80dd88ef2e,16cfd84e57d93e88cd9af6ee30af3d43d3e30469,true,ps2 textures\opaque\bp_remade,true,false,0,none,false,5,false
w12a_fl05c.bmp,881a35802b895cfcfdd1e1ab655e83f6405d65a3,e16be469c94df417c95365f421cd258fb734ab72,true,ps2 textures\opaque\bp_remade,true,false,0,none,false,5,false
w12a_fl05d.bmp,5492b074ecd2c396ddeb334cc6f85fe7fc93d786,df989459849b2fff8d4cc905d6904b4620e1fcb3,true,ps2 textures\opaque\bp_remade,true,false,0,none,false,5,false
w12a_fl05e.bmp,e0b226b254164e97e2da45fd4aee93c1e647ece2,8e67f5f43183d045fa8db9de1f34ff7feaf65402,true,ps2 textures\opaque\bp_remade,true,false,0,none,false,5,false
w12a_ironbox_sf.bmp,433f98f3c0bdfb26c890bbad0bed9d8d093b0aad,667ff6d5b3959597ceacb2f48850784143280fa5,true,ps2 textures\opaque\bp_remade,true,false,0,none,false,5,false
w12a_rf00a.bmp,4938613a0d0199d764222532a950c60fb59d95da,1a15afd83b2cf29f115c5621a1aa75bda52a5bb3,true,ps2 textures\opaque\bp_remade,true,false,0,none,false,5,false
w12a_t_hako_d.bmp,d971905d0985ac8ec0229e62433743be1b55bf34,a6c211ba3931bb71e8758b91bb9e9aa7f29a9d91,true,ps2 textures\opaque\bp_remade,true,false,0,none,false,5,false
w12a_w00a.bmp,0bd220bc5692528b01cef28faba5f800a7f77b5b,9a12cda9a69b927dbbc0e19fcde408ec821965f7,true,ps2 textures\opaque\bp_remade,true,false,0,none,false,5,false
w12a_w00b.bmp,dd54ec03257e71b214ddf89f72e7279eccf63582,7d17c79152ae67a058c3b34a40478d80880ecafc,true,ps2 textures\opaque\bp_remade,true,false,0,none,false,5,false
w12a_w01a.bmp,d22fbaa85d9604b40a9f4b680e1b4b7ee2ff7233,d4c5f2dcca52f288a1ec55c2d03d5fd3d27664fd,true,ps2 textures\opaque\bp_remade,true,false,0,none,false,5,false
w12a_w01e.bmp,7518eb8d6afb28ba4ff862e1ed1130e6f1a822ac,6e75608a6751120273b4374a17a5be8ac9319030,true,ps2 textures\opaque\bp_remade,true,false,0,none,false,5,false
w12a_w03.bmp_661e3b0b04936b908f29261f775d72d9,a775feb601ed9b85d7e28feab8f24ede2ad0cd13,0e875e8f635b06e655b7a70085295fc5b630126e,true,ps2 textures\opaque\bp_remade,true,false,0,none,false,5,false
w12b0_enta03.bmp,2f2c103fe0114bd01e1f7cc4e2a92808eb641874,a7c16ff09300458a2225535da192af83f2ee6cdb,true,ps2 textures\opaque\bp_remade,true,false,0,none,false,5,false
w12b0_partition_01_alp_ovl.bmp,e0cea6effe9c917d58a35509cd417c444452e5ea,d953a3f4149519e8ec482053bf82eb0566ec66d8,true,ps2 textures\HAS ALPHA\bp_remade,false,false,0,none,false,5,false
w12b0_wall_11.bmp,9216434d50c802d01beff64d6ae0211f7f22e89c,9f0dd8d3441db2e2f822fbc9bcc90032bc9cbd32,true,ps2 textures\opaque\bp_remade,true,false,0,none,false,5,false
w12b0_wall_14.bmp,8cd5fc1d2e5157f4fc041ec3caca9b8177013cc2,d3463b5e1315f2e29ce094a50b397fe6f6a9cac9,true,ps2 textures\opaque\bp_remade,true,false,0,none,false,5,false
w12b0_wall_16.bmp,ef7ce3948c2ad6cbade19749eb36e44704d86936,3372f62ba348e4a1ae5576c8bb2aec89166229ff,true,ps2 textures\opaque\bp_remade,true,false,0,none,false,5,false
w12b1_floor1_mk.bmp,58c28644c5c905e378f3f7423e63e9e59f74ba97,ce696412c6a51c9bb6df5e7383630b31691f75b7,true,ps2 textures\opaque\bp_remade,true,false,0,none,false,5,false
w12b1_floor_01.bmp,5e3b1b3bd1b6a7f5c367537137e0f8181bc7ac06,776d1edaa0427d8e375183345748867326147290,true,ps2 textures\opaque\bp_remade,true,false,0,none,false,5,false
w12b1_floor_02mk.bmp,d2b69e5f872cd85fd0071865da34c0459698a2eb,bd0bf92df19191f2013409076748e6ce049d5ace,true,ps2 textures\opaque\bp_remade,true,false,0,none,false,5,false
w12b1_floor_03mk.bmp,9775a9de9bd0a42a3e8326e231afa75dd69048ee,2af41877ffdde56f3fbf58d864b88d0a5f7de76f,true,ps2 textures\opaque\bp_remade,true,false,0,none,false,5,false
w12b1_floor_04_alp_ovl.bmp,f1a7d8261551c58e8c8c09e8fb0986b3d0046a90,88132212c5a67301688144f2776fd8141fda1fd8,true,ps2 textures\HAS ALPHA\bp_remade,false,false,0,none,false,5,false
w12b1_floor_04mk.bmp,9a6cd9a47d42eea98284b78c122d7b7d87a2a773,f6536cb51bfbf138094922a7cf58dfd2a0d8ad71,true,ps2 textures\opaque\bp_remade,true,false,0,none,false,5,false
w12b1_floor_06.bmp,0b24874dc6359666fbc7a33472b28ad44b35cdd7,ab2660d901828958956dd99ef4840f5edd09a410,true,ps2 textures\opaque\bp_remade,true,false,0,none,false,5,false
w12b1_panel_03.bmp,b8b07a68cce13c31b82e181fe0bb97a27902c308,070e1b410e6794062739675b46ea9a1afcc9db1a,true,ps2 textures\opaque\bp_remade,true,false,0,none,false,5,false
w12b1_panel_04.bmp,0337139f35735aa5801f373e238e91988f3720e6,a05fb1bdc715c207932062928c86656b5d57ef25,true,ps2 textures\opaque\bp_remade,true,false,0,none,false,5,false
w12b1_panel_20.bmp,ef7c334e2460756cf06310254de7468bfaf5ccd6,18bef2ebb05f8dc4ed5873d131970c463414a5bc,true,ps2 textures\opaque\bp_remade,true,false,0,none,false,5,false
w12b1_panel_23.bmp,c3b3f756eacafb66b6007282e55e70ff8afd54f7,3e6f14c10e8da8e622a5d65998b8058e7857e756,true,ps2 textures\opaque\bp_remade,true,false,0,none,false,5,false
w12b1_step2.bmp,ffd930615fe960e5cc2a54d4d23a24e5407b9911,c8fb5421900704c79f4031dc144a90e871e3a4bb,true,ps2 textures\opaque\bp_remade,true,false,0,none,false,5,false
w12b1_step_mk.bmp,14491d79938122a542840571b917cae6b1bdef6b,c871da466c01ffce08514bbe37472eb3e0965cb7,true,ps2 textures\opaque\bp_remade,true,false,0,none,false,5,false
w12b1_tank_08mk.bmp,b91aa298db6f86a2fff44b89fc0f38be679ed65f,66e807f6b9ce5bde1c0977a66d63fbecdef38298,true,ps2 textures\opaque\bp_remade,true,false,0,none,false,5,false
w12b_box02.bmp,0da8b937b47767c60b2590b4b650b434186ca299,0bb55c0c33bad2cd1609138de0f2f165efc32eb9,true,ps2 textures\opaque\bp_remade,true,false,0,none,false,5,false
w12b_contorol_box_01.bmp,d569064719dc6d0373196ef77ce12d3b5db256af,568fe6bbd490a8706c69e761f7b753de034c375d,true,ps2 textures\opaque\bp_remade,true,false,0,none,false,5,false
w12b_contorol_box_03.bmp,4ea8154211bb49856eb149ae89c92a3aea6f24ec,27b28c688738c086237f40f98581bb392108ce92,true,ps2 textures\opaque\bp_remade,true,false,0,none,false,5,false
w12b_doorafl00c_alp_ovl.bmp,f1177908f0c97226a1fa7768ad4e333a2fb567d2,f85211d03547304729c2dd8a6ffd83637a3f8820,true,ps2 textures\HAS ALPHA\bp_remade,false,false,0,none,false,5,false
w12b_partition.bmp,d5b69bff3bb3b6a8cbce2242f0347d9d5770f2de,c736306d8a6a1167f4ce2f893c0078d3f42a4c8e,true,ps2 textures\opaque\bp_remade,true,false,0,none,false,5,false
w12b_step.bmp,d436e0a6a51517cc70e6e3983dcbb9d7bbe06479,09fe2a6ab0621ce4f543d47e73428d4febf94138,true,ps2 textures\opaque\bp_remade,true,false,0,none,false,5,false
w12b_step_03_alp_ovl.bmp,43586abccec256f9264380371361703726e19b10,64b609c0877c9607580c82f1e6428067a6309689,true,ps2 textures\HAS ALPHA\bp_remade,false,false,0,none,false,5,false
w13a_fl00.bmp_8bb405078f955b69a05bdc9570cbde30,05c18c2ddfc48a3bb382dbf95717967aec10db45,4980b5fbdc06b6b0041e560c7a8ff46d3e8f7e0c,true,ps2 textures\opaque\bp_remade,true,false,0,none,false,5,false
w13a_fl01b.bmp,71b3e04d0e832e653bfec3b185b5cca3b9c00484,b4351513d6eb964a85712ec6bf70056aded1d5b0,true,ps2 textures\opaque\bp_remade,true,false,0,none,false,5,false
w13a_fl04a.bmp_a813b6399aa0462f40543da64fc74c3e,f146653bb4bff5b4bbf14481a336f7f7e73dba35,cd36850a7b5b84586e90f1488a00b622ba0a3b34,true,ps2 textures\opaque\bp_remade,true,false,0,none,false,5,false
w13a_fl05.bmp,1e19e2a87a0cad46caf93f56dffb6eef7e096b53,c62479253896186ef2c681088acc65ca34b562cf,true,ps2 textures\opaque\bp_remade,true,false,0,none,false,5,false
w13a_pp01b.bmp,6384cca4da7f8de11314ebcbc2137b028726c367,a67345aff664ef60190a87be33fabd54f34c846a,true,ps2 textures\opaque\bp_remade,true,false,0,none,false,5,false
w13a_pp04b.bmp,8680a6c284259c9757cb75e989862b2401f9a42c,93f7c5f749fea73ee39e9602ac5244c0e9abcade,true,ps2 textures\opaque\bp_remade,true,false,0,none,false,5,false
w13a_pp04d.bmp,7c497f5e82aa51e597d9921685c984762b512e89,c226ad9833621a3a9ce01f8edc9c77d8fa4fe837,true,ps2 textures\opaque\bp_remade,true,false,0,none,false,5,false
w13a_sk00a.bmp,99c95fd7948b8ffe45101aeea71dc88947af4e13,0d5bb20b9853c6e30c454993b974cafec09565fe,true,ps2 textures\opaque\bp_remade,true,false,0,none,false,5,false
w13a_w01b.bmp,6271a8f744ea1872093bb8a2f33dcf9888c3d92f,fa956962d47817c45e8ca6a474f3182fba5a478d,true,ps2 textures\opaque\bp_remade,true,false,0,none,false,5,false
w13a_w01j.bmp,9f7d6aa7ba4e45346a08f1ba6130a0f6b4a2f560,21e4030749a3f844709f4b8f40daa63367de60a6,true,ps2 textures\opaque\bp_remade,true,false,0,none,false,5,false
w14a0_fl_b01.bmp,407e0a7cba0f4e7c9cee67b0730ed4eefa0c9204,72618c3e03c771bd3863085dba22fed7dfc9b016,true,ps2 textures\opaque\bp_remade,true,false,0,none,false,5,false
w14a0_fl_b02.bmp,8d7f09faa0f79dde048422b6819ffc855f3b12a3,5edca90f603df45c2d9cdc705c00a1bd944d361f,true,ps2 textures\opaque\bp_remade,true,false,0,none,false,5,false
w14a0_fl_b03_alp_ovl.bmp,68081e0eac529acf2803c360a717399acb76a63f,6bf0cb1acb6635f6c2dfd9b007958c6f6905e320,true,ps2 textures\HAS ALPHA\bp_remade,false,false,0,none,false,5,false
w14a0_fl_b04.bmp,a1b958958514c8141ecd99bf18c3bf537d985846,57947b67299dc470b2de1fddf2b1ce607a2f0e3f,true,ps2 textures\opaque\bp_remade,true,false,0,none,false,5,false
w14a0_fl_p02.bmp,ab683c84a4526e234a0cd309b976bb537daa14ce,b8b59ef8316595b37d74913e257d9b3b313d9cb7,true,ps2 textures\opaque\bp_remade,true,false,0,none,false,5,false
w14a0_fl_r01_6.bmp,7c28b48b439f4204c97cfaa7132c12dda6be2283,08d9bd15caaeb00fbd6ff6f198a96f7a85780bdf,true,ps2 textures\opaque\bp_remade,true,false,0,none,false,5,false
w14a0_fl_r02.bmp,ca3d6d7ebe7633089e5764e4aabaa695c8c24aa0,8572556f050b41e3e2fffc60d01e484674752d74,true,ps2 textures\opaque\bp_remade,true,false,0,none,false,5,false
w14a0_pipe_p01.bmp,67d75e150ad6ed2152684b74517ce299c04a80c3,fd71dc293d8981b1fc13550e136eecaf01e007d4,true,ps2 textures\opaque\bp_remade,true,false,0,none,false,5,false
w14a0_wall_a02.bmp_008f67bac10c096740575ea8304493bf,9c1296451b8ef4cf89b2ba6d5fbbe93aeb7c451e,17a223d182e2882cf12f930aa5fac83585422cc1,true,ps2 textures\opaque\bp_remade,true,false,0,none,false,5,false
w14a0_wall_a03.bmp,6659a69d6089b5f1e23d223ce07eff4cfdfc7052,cbeddabf9a1ad4ad197446f95df8004e8dce943c,true,ps2 textures\opaque\bp_remade,true,false,0,none,false,5,false
w14a_fl_a04_alp_ovl.bmp,86965148cfc2e29676620ffd49cad4afd69e34dd,2a07be793e83ed39d0f1fdfa070c14b9147fde6b,true,ps2 textures\HAS ALPHA\bp_remade,false,false,0,none,false,5,false
w14a_fl_f01.bmp,f1604557b02aca9b0792a251de6f5ba44142017e,5a0cc0b0a342e4386f2f7f7923e2ddcae108dcdf,true,ps2 textures\opaque\bp_remade,true,false,0,none,false,5,false
w14a_fl_f02.bmp,c4a655cc3d80f67f4f8f506b9c9a8dd8728f54b3,453232af08bec1a1cdc5ac46a49e8d23ad5b3916,true,ps2 textures\opaque\bp_remade,true,false,0,none,false,5,false
w14a_fl_f03.bmp,0413ffed59a13c29f64b78908da1cf789d4d423e,30dd75bc737e69b109377baf4f03c7b0d5644789,true,ps2 textures\opaque\bp_remade,true,false,0,none,false,5,false
w14a_poster_mog_01.bmp,2827b9bce670f38f8da41fb4108b329a0de69314,9d6b9fef0eb87c8a11cdfc55a7df24d336cd346b,true,ps2 textures\opaque\bp_remade,true,false,0,none,false,5,false
w14a_roof_c01.bmp,10db51efa0c05cd6cd0ac02c207747b3f3e22f9a,22a5131cbefd4f4c6e84446aa6fcc2e2bcfce33b,true,ps2 textures\opaque\bp_remade,true,false,0,none,false,5,false
w14a_step_a02.bmp,b023a85e969dec419fc22988fea7df3109c0f7e6,c85389e345aeb6e611a0758e529be3cd3a52bbec,true,ps2 textures\opaque\bp_remade,true,false,0,none,false,5,false
w14a_step_a03.bmp,993b618c0ad9251db5cccc25680200970929c1ba,ca81fe50dcf36ddbb44ede83f81f44a27a1fdd86,true,ps2 textures\opaque\bp_remade,true,false,0,none,false,5,false
w14a_step_b02.bmp,63d1d035b5b1fa03fd2d00ba35ef00352b2fd1c5,1c5023b8d827753b13d44a8fe21c003eb279836a,true,ps2 textures\opaque\bp_remade,true,false,0,none,false,5,false
w14a_step_b03.bmp,8f83633375195b11bc0eeabadffa47c076901ce1,56aaeff663e7a3a570b2e1f7fac3fc12169769c2,true,ps2 textures\opaque\bp_remade,true,false,0,none,false,5,false
w15a_fl01b.bmp_2afc1ae6ae83df2b26b76fc7749613da,16a5be3a4f53a5cf863cd26817a8717328ba0279,a418d456f2ff64953c712ba2be2afa1bcb65d0b1,true,ps2 textures\opaque\bp_remade,true,false,0,none,false,5,false
w15a_pp01.bmp,1a9ebe0d5d751c28572f4514105919286d9e4c88,aef9aa1a5001af0b70cc85328dbb84aed0fbac9b,true,ps2 textures\opaque\bp_remade,true,false,0,none,false,5,false
w15a_stpbrk00.bmp,abf7ba42b86539664b40e60fced69c962cc61166,139e2260fc7331374883be017628ee6b203d98a5,true,ps2 textures\opaque\bp_remade,true,false,0,none,false,5,false
w16a0_ref_all.bmp,0559db678ce3bfffc925ebb9e745ce3ee881a6b6,e05e399519c03fd2e094d12127c54b20c1d4c9e1,true,ps2 textures\opaque\bp_remade,true,false,0,none,false,5,false
w16a0_wa05.bmp,000c6408d8f80fbbbbb3990663db6be0dec10962,e6ab51210f9abd41f30066e8a1abcb12286f641c,true,ps2 textures\opaque\bp_remade,true,false,0,none,false,5,false
w16a0n_po01.bmp,e148d9e299693380080c89806f31a8312a199dcb,f6d27dd8a9d2e531ab08cbb027190c66b90556e1,true,ps2 textures\opaque\bp_remade,true,false,0,none,false,5,false
w16a0n_po02.bmp,ab5ec9b85aa0c076a7ce6a8c445d22c4799a4a1b,c3e34815413fd7ae37518142f59a1bec7ac36b48,true,ps2 textures\opaque\bp_remade,true,false,0,none,false,5,false
w16a2_pos.bmp,f8f6da62143598180cad642ab3312502d0773308,5c1a76f74324fa2597466a3b0599e383e4f22dce,true,ps2 textures\opaque\bp_remade,true,false,0,none,false,5,false
w16a_wa01.bmp,2e3a2358f595be075cdaf1f1efba3f775cc3baea,92033054a190f0abaedf01216d49c8bacfead3f1,true,ps2 textures\opaque\bp_remade,true,false,0,none,false,5,false
w16a_wa02.bmp,8aaf321e06fb34073b90bc61afadad4133bf35c7,a1141c23b436cc92d72f2ece593dbd8db52b3d96,true,ps2 textures\opaque\bp_remade,true,false,0,none,false,5,false
w16a_wa02a.bmp,454627604d6825ca317a2133ae58909af86e4de2,d71f349fe97df7c24571681f639617584735eb99,true,ps2 textures\opaque\bp_remade,true,false,0,none,false,5,false
w16a_wa03.bmp,d27c9e3d86e03d945fe4d80ae101b90887692243,61eb8df7e106cd15021fa3eb335415c72a9948d5,true,ps2 textures\opaque\bp_remade,true,false,0,none,false,5,false
w16a_wa04_1.bmp,b98fba849d445947d18fb4e43dd73f168a787c0a,bd6d64aee351d101442432a188cbfec9252b2a8a,true,ps2 textures\opaque\bp_remade,true,false,0,none,false,5,false
w16a_wa04_3.bmp,70dea03c5c00e93649c4cbf216811e2fda12d6d6,7bba3c153c3859a9db9260003a2faf67174c2489,true,ps2 textures\opaque\bp_remade,true,false,0,none,false,5,false
w16a_wa_to01.bmp,665462fb36c1893e6b88e6bc0088b428e9bee39d,fe3de0ea1dedf65919d86ff35558cd9d6787f48a,true,ps2 textures\opaque\bp_remade,true,false,0,none,false,5,false
w16a_wa_top.bmp,81b66c822bc823f27e15011c89a7ec4658d1ca91,e30f3bd4bec1ca928c53095166359c19a756fc12,true,ps2 textures\opaque\bp_remade,true,false,0,none,false,5,false
w16an_fl01.bmp,06a69699bd9d018b1dcafcbcce8aff0a5e4d3a85,4e09651801888459e0c285650364217a0fd84faa,true,ps2 textures\opaque\bp_remade,true,false,0,none,false,5,false
w16an_fl_t03_bld090_ovl.bmp,f8d9d0aa87a06277c117a3624a5d07658339c058,080e9496002f616f82427354778fb2d0d96a0507,true,ps2 textures\HAS ALPHA\bp_remade,false,false,0,none,false,5,false
w16an_ki08.bmp,055c5dc3038ebde903675fd2ee60ca2d30aa942b,89fde91aff4eeb011ecc2347fae106cac75e83a4,true,ps2 textures\opaque\bp_remade,true,false,0,none,false,5,false
w16an_ki08a.bmp,50b310ca922a50a02385ef06e61540c1397defb0,4636b479c5b4032b00b7ed19fd71e980acfd1774,true,ps2 textures\opaque\bp_remade,true,false,0,none,false,5,false
w16an_ki08b.bmp,287f92dd8f62d1499a7fb62dbca6b4e7a390cf3b,3efc0ffb5d521d056e9492ae41010b7f553eb714,true,ps2 textures\opaque\bp_remade,true,false,0,none,false,5,false
w16an_ki18a.bmp,8eb9e4561156f8f22055924d1d6835acc7de87ee,2a17b11ceca6dee76e1dc8d83559960b71021a34,true,ps2 textures\opaque\bp_remade,true,false,0,none,false,5,false
w16an_kita01a.bmp,98d292e425ed2243637aa8cd8688edccfe260d1e,835a1c2c18eeadf99168e96d11ffc0c2d0420e69,true,ps2 textures\opaque\bp_remade,true,false,0,none,false,5,false
w16an_wa_to03.bmp,932167c252f35748ee9b25c90cf68b81cd627801,5c4b5132d4596b151549846c94f7b9f41dadece8,true,ps2 textures\opaque\bp_remade,true,false,0,none,false,5,false
w16an_wa_to05a.bmp,e22568067c8009af24a7027a9d270ce47dbeef63,ff4ad32847d0a50c9c3b0e3cdacd51339200a0a6,true,ps2 textures\opaque\bp_remade,true,false,0,none,false,5,false
w18a_2f_flor1.bmp,471320e14f58450a7c937edc9b34078cace95115,d0d05666388e976088d7deeb4faf2900d4f8cef3,true,ps2 textures\opaque\bp_remade,true,false,0,none,false,5,false
w18a_2f_flor2.bmp,9b288a396c44977e579c16683fa84bf8d1b30721,2a44e1d6da336b3276824887528cfb777a8f373e,true,ps2 textures\opaque\bp_remade,true,false,0,none,false,5,false
w18a_bridgefloor1.bmp,d19fa70fa9aee9629cb53c1429111f96eb4ebbb6,75e627c38576f496fc24cc9161cdb3c00d57e697,true,ps2 textures\opaque\bp_remade,true,false,0,none,false,5,false
w18a_enta00.bmp,8d1424a9874ab45d5c1a3744af6753983f3a333f,84a0271fd6125f6698521614c8b4c0ee21be2bb8,true,ps2 textures\opaque\bp_remade,true,false,0,none,false,5,false
w18a_enta01.bmp,8849f4dd302d074753a856cba1796f6699084628,9c3613ab3834d38a2d2adeb100c0bbc01fd0d268,true,ps2 textures\opaque\bp_remade,true,false,0,none,false,5,false
w18a_hatch.bmp,381f095d54b014894e59516fd612522993a226f7,99d093d716b1181b110af192172150607b07d5a5,true,ps2 textures\opaque\bp_remade,true,false,0,none,false,5,false
w18a_poolwall1.bmp,fbc8927ea552ede1b3722f206f36a1c232902bd2,dc4bed5d104203f7c459fd8114332ac3405ed0ed,true,ps2 textures\opaque\bp_remade,true,false,0,none,false,5,false
w18a_poolwall1_fader.bmp,4ec3ea7b5190201cd376e8e5822b58d4c2ba7f18,d4e49ca0470eca1a2f93a42f0596ddec8994fe80,true,ps2 textures\opaque\bp_remade,true,false,0,none,false,5,false
w18a_saku1_ft.bmp,2a5c653109be8dffa6c1b9139aad5610b6c06d96,d764aed19472a44b4eb241be590aa4c27cd9c577,true,ps2 textures\opaque\bp_remade,true,false,0,none,false,5,false
w18a_saku1_u.bmp,95b364ab11016e2454aeeb820b7c4695b30ab145,852f29360b9c61b5b38fdb8f453e5be1c27af254,true,ps2 textures\opaque\bp_remade,true,false,0,none,false,5,false
w18a_saku2_ft.bmp,12f1efe3af58f22210efa46d2db970eae8b63a09,10bedc9437317605da870d431af14e7edade1fc9,true,ps2 textures\opaque\bp_remade,true,false,0,none,false,5,false
w18a_tankwall1.bmp,bdf9263addf114881c1d99a254bf45c75d8989b3,e2d8191bb14f75a7c55962b937a9ca1f5316c4bc,true,ps2 textures\opaque\bp_remade,true,false,0,none,false,5,false
w18a_tankwall1_header.bmp,d0ac9f8e7cf3d79cbf64857d0c5303c7d722179f,17fb8a2986d5058c17c97fcf566a33515141a167,true,ps2 textures\opaque\bp_remade,true,false,0,none,false,5,false
w18a_tnkfloor1.bmp,790d96902b1503a18c977b4cc614f51de57a6d74,3dfac07bbae785a865236fb6aa9e445b7b27eebe,true,ps2 textures\opaque\bp_remade,true,false,0,none,false,5,false
w18a_tnkfloor2.bmp,6c6ba7fb45b191c324f2faa597c2d8d5a68d538b,5d4c6ae314001ebba648fc003f9516c385f66b86,true,ps2 textures\opaque\bp_remade,true,false,0,none,false,5,false
w18a_tsr_bar1.bmp,bba0971757897991f289c54011fb5908b7eb9a8f,870b745fb31aeee2bfb6481a3141dfd6538e196e,true,ps2 textures\opaque\bp_remade,true,false,0,none,false,5,false
w18a_tsr_bar1.bmp_1c58084ea3dd78ff8ba4a3fac8949888,344d4f8a76348fa4616dc3c77358d2fe14364d9f,739dca69db50fff1513ea9c5c9210cf3fcfac7c8,true,ps2 textures\opaque\bp_remade,true,false,0,none,false,5,false
w18a_tsr_jiku1.bmp,771019f3e9e16d74a97a21c50c9242e7aacd0640,bdf095049617b6b080ffa9a30791af2aedb15891,true,ps2 textures\opaque\bp_remade,true,false,0,none,false,5,false
w18a_wall1.bmp,9202eb301c35d0840700622e9ed4dc0c829c37e3,2ec2f678017ca959e9391a753612cbb14e859351,true,ps2 textures\opaque\bp_remade,true,false,0,none,false,5,false
w18a_wall2.bmp,d312fb9c25a4e9bce907262073110b683d6edd18,a458e243e6da15fb3e418dfa3df84c7b1f6e055e,true,ps2 textures\opaque\bp_remade,true,false,0,none,false,5,false
w19a_fl00.bmp,7babc2de385e80fdb9f365cb62c008adde9f0fd9,1c774979ce000299d22f4feb97eb29704de2165a,true,ps2 textures\opaque\bp_remade,true,false,0,none,false,5,false
w19a_fl00b.bmp,cf74b435f4755613a07503497bde4a8334634c16,3a5173b08163b7e8e019fefd4bd5d54ced19c68e,true,ps2 textures\opaque\bp_remade,true,false,0,none,false,5,false
w19a_fl01.bmp,661790dd1390d6ff09725c071eda538b7231e7af,0ff757e5b31e27a7544eab7c8421034b798f1a1c,true,ps2 textures\opaque\bp_remade,true,false,0,none,false,5,false
w19a_fl02.bmp,28cccd52a694e98e780dbbb73bad46a5c8821248,29a9d221ab3104ddd7802dbc22e9293d2b71a62c,true,ps2 textures\opaque\bp_remade,true,false,0,none,false,5,false
w19a_fl03a.bmp,89c5ff7d33fd7b8901a5669c5bb9ea288554e054,fc7e5065e09c4958703b3099050ddafeeb34bd82,true,ps2 textures\opaque\bp_remade,true,false,0,none,false,5,false
w19a_stpsdw01.bmp,9a30215ac8a41787afea2d1efdc35310898ca663,a323617a61b65ae905f4cb499cbfd9ca74338fe1,true,ps2 textures\opaque\bp_remade,true,false,0,none,false,5,false
w20a0_fl01_mk.bmp,5732afdbdbd1a9f0326721bfe73a973b7bc969f6,24aa8773dfb48ff3c51d471ea0b07984c54856ac,true,ps2 textures\opaque\bp_remade,true,false,0,none,false,5,false
w20a0_gate_head.bmp,f3e6346ad04c58c50826da159e30b9718825cb66,f0e83c102d6f928da0c7f446612e82de37dcd2d4,true,ps2 textures\opaque\bp_remade,true,false,0,none,false,5,false
w20a3_room_wall1.bmp,0511079a07d896e5b85596f0adaa258e194884aa,670f3c1228fdf20a40a7aa59175b6728eae65ee3,true,ps2 textures\opaque\bp_remade,true,false,0,none,false,5,false
w20a3_room_wall1_lig.bmp,01e88fc98dae31ee69035e1c33a82e7f5e03081b,d1cb2722a48fb58b67fb8898a795e1e2c40237d8,true,ps2 textures\opaque\bp_remade,true,false,0,none,false,5,false
w20a4n_floor_01.bmp,c4db63e610b664d982d031946a5867c6b16f0090,fffa91a2974e721e57dde8b4b7c16829e687204d,true,ps2 textures\opaque\bp_remade,true,false,0,none,false,5,false
w20a4n_floor_02.bmp,c02677a199b75a48fe7372be034a33d7b560c2fd,ac065e335abe3e183f1642311d5235e3c13ac7db,true,ps2 textures\opaque\bp_remade,true,false,0,none,false,5,false
w20a4n_floor_oku_01.bmp,5e306ae04517fabc7bc1dfd71d478a360f82ebc2,f2424db34daba98cf786ea67c713bb0ecb101b35,true,ps2 textures\opaque\bp_remade,true,false,0,none,false,5,false
w20a4n_floor_oku_02.bmp,4f857feb88e9d85d6598cda83184865bbbf29f68,d91e6c3df2987bfa59e5ce92e05ba1624fd07a89,true,ps2 textures\opaque\bp_remade,true,false,0,none,false,5,false
w20a4n_floor_oku_02a.bmp,d721466d71b19764d63641fc7747ee5fd9229a77,89f3f571b09166644ba48f684280fbdd5ce67b53,true,ps2 textures\opaque\bp_remade,true,false,0,none,false,5,false
w20a4n_wall_01.bmp,239a1649fec398ca1a4f449dcd7d38c0fc5601ac,0ca06e368e8bceb0cbf234b7b34a7590cdb46f44,true,ps2 textures\opaque\bp_remade,true,false,0,none,false,5,false
w20a4n_wall_03b.bmp,8021ac81d0d04cf6b0be65dc74549e21cdc0a624,a21654f23146c359a3e69c437ffa4c0fc809e8b3,true,ps2 textures\opaque\bp_remade,true,false,0,none,false,5,false
w20a4n_wall_door_01.bmp,c5969841eb0bf530fab985d2a5877d489842a50d,57a4d459a0bc6280b4bd8c0a1ab38ca2d5088897,true,ps2 textures\opaque\bp_remade,true,false,0,none,false,5,false
w20a_bel01b2.bmp_3e13885a31d01923a72db72c58d9895b,b1149115fe7096bbfb795d7bfef5771a593bdc4b,592abce55f7c318788e55ec5a149ab1f3dd2b73e,true,ps2 textures\opaque\bp_remade,true,false,0,none,false,5,false
w20a_bel01b3.bmp_db42b9ae8dd1b8c28ef5f65bfc14d1db,802cc76d6614f8c40e7f4a8cc8f25f5809f76332,3719f3a3ad466997a1ab00de303391d454d5fcdf,true,ps2 textures\opaque\bp_remade,true,false,0,none,false,5,false
w20a_hako_b_a.bmp,6400612f79790e08fcad38435c3200237625e730,d7f7943c8389e99898ecad8cf0a6ded625b74492,true,ps2 textures\opaque\bp_remade,true,false,0,none,false,5,false
w20a_hako_b_b.bmp,76e03ba7658f0d5324295ee249dd2b4ca92d917f,88259175259913b48fd4d5edc1276ba7cf5773a5,true,ps2 textures\opaque\bp_remade,true,false,0,none,false,5,false
w20a_hako_b_c.bmp,4a6f7860a7d28414ac96dd0f24735040624f78ce,d602af5bc10ee478279ed7757ba4d1f51e9c25f2,true,ps2 textures\opaque\bp_remade,true,false,0,none,false,5,false
w20a_room_wall1.bmp,837abef85e1e912704198f56a1a181985fbe58f5,5f927cbc44e1296d4293ae62c9127ae7203913fc,true,ps2 textures\opaque\bp_remade,true,false,0,none,false,5,false
w20a_room_wall1_lig.bmp,39c0fb59874f2ac9908741041de2aa1ceb5012da,4319a15dfd225e5a30b09c3e5fd08671e13744f9,true,ps2 textures\opaque\bp_remade,true,false,0,none,false,5,false
w20a_room_wall2.bmp,72cb4edaf6164a4fbbb91663fda357c60b92068e,9c9b3501c5d68bc4935cb801534459d0b0f93337,true,ps2 textures\opaque\bp_remade,true,false,0,none,false,5,false
w20a_room_wall2a.bmp,3ccd2a6cedf8c649c35d4c630090837bcbfbf22b,d8d7116b4181ac531444692b94a17026f8ca05d5,true,ps2 textures\opaque\bp_remade,true,false,0,none,false,5,false
w20a_room_wall2b.bmp,afc94dbf7b11eb32355f3afbde4d7391d65e8de8,474e42c655ec7aa4b6d70692f527a9953ef9df0d,true,ps2 textures\opaque\bp_remade,true,false,0,none,false,5,false
w20a_room_wall2e_a.bmp,d8d29639625e0208e20b06ada52dff3f79aeb58c,737a822f0dbea455b78271e0e76b93e09e70497f,true,ps2 textures\opaque\bp_remade,true,false,0,none,false,5,false
w20a_room_wall2e_b.bmp,017f3145c39bf95cda3505e5a2aaafbe9ffa648f,202c71b806f451fe30e52667be90f1467b731c73,true,ps2 textures\opaque\bp_remade,true,false,0,none,false,5,false
w20a_room_wall3.bmp_59886dd37d992d80a7ff34c7c37ea3df,a3a67ef113d700718765cf86336a6d80e40922e7,d10e393f55ef6b9a727633743ba77ddcb8ee7edb,true,ps2 textures\opaque\bp_remade,true,false,0,none,false,5,false
w20a_room_wall4a.bmp,89e475db49c3e8e2880e4d05bb417d72a1077f0e,7e66b49966181d0bddc529c0ec7bf5997de29d23,true,ps2 textures\opaque\bp_remade,true,false,0,none,false,5,false
w20a_step_mk.bmp,68f32ab87805684f8189d76610924e4d727198f7,76abf06c43aae20e951fb48e0a58487cf32a2522,true,ps2 textures\opaque\bp_remade,true,false,0,none,false,5,false
w20b_comp1_fs.bmp,62f691132067b6b926d816fd293db19844e5f891,6700af24dc9288f0ba2a3573faec359889deef15,true,ps2 textures\opaque\bp_remade,true,false,0,none,false,5,false
w20b_comp2_fs.bmp,4215efdbb87bdd73cd9c3db6197ed86889acabf4,56077db9126de2d6fcaa0729f5b653d90c7bb761,true,ps2 textures\opaque\bp_remade,true,false,0,none,false,5,false
w20b_door_afl00c.bmp,d77d304facabf66ee2b63f66edf9f6c8f81cba53,c3464aca44b00d0b81ca276ceb5eaa386b42317c,true,ps2 textures\opaque\bp_remade,true,false,0,none,false,5,false
w20b_saku1_u.bmp,532c67a00d044cf7bd36bf28f4608551c23e84b1,b7f74a5dbca0506df3f5b2be112ccd2bfeb5f0fe,true,ps2 textures\opaque\bp_remade,true,false,0,none,false,5,false
w20b_step_pillar1.bmp,4cfa04716d534c5f8f7c4aafc78036ec624db27d,11e6d69133959bf5822d65a96975f0d08dbb9ba3,true,ps2 textures\opaque\bp_remade,true,false,0,none,false,5,false
w20b_stepfoot1.bmp,04508d55c427a339eee92e584402615b07ac2464,7c0734864b3c03bb930917a1cfd2305ba690af38,true,ps2 textures\opaque\bp_remade,true,false,0,none,false,5,false
w20b_tsr1.bmp,67c8cbbe0bf23ac6f4b8a4c6dc8a3eb2768175c4,1f9b8575af1ddb45ccf418e89d6fa55dd37f65ae,true,ps2 textures\opaque\bp_remade,true,false,0,none,false,5,false
w21a_h09d.bmp_fdd5b5adc3102646395f448c3354acc6,b503d787c8b4623916fb628d52326c67a2c8a4dc,352af9da22808a315c2ad5925a101288653e2da5,true,ps2 textures\opaque\bp_remade,true,false,0,none,false,5,false
w24a0_ent01d.bmp,0408f2e313732aae2dec54d83c0e68366d31422f,ab149aa8bfd440571095aae30173eb73a9b76642,true,ps2 textures\opaque\bp_remade,true,false,0,none,false,5,false
w24a0_enta02a.bmp,e21714d60786dfd69a52d499e10c9ba26167f8f4,c575a680ed1bc95d09cb6d6713dba121e89a3db0,true,ps2 textures\opaque\bp_remade,true,false,0,none,false,5,false
w24a0_enta03.bmp,1f034323042836e090088104478d55f3bf2cb62a,7be343a3339a5cb30cf1f1b7dadd79ab4d4a0218,true,ps2 textures\opaque\bp_remade,true,false,0,none,false,5,false
w24a0_entb00.bmp_6c8a5532d241d23a8784f331456f0989,0c3da5175a44bfa35e727c1952507b009569e29b,eb6cf735eb3c2a41dbc4b0f064184076fc7c0d42,true,ps2 textures\opaque\bp_remade,true,false,0,none,false,5,false
w24a0_entb02.bmp,d5b8942c29d03c8aa4ca0278987affa56f90e4ea,d55c6706d9b8b0c9a674f3d30b640bfa71a29307,true,ps2 textures\opaque\bp_remade,true,false,0,none,false,5,false
w24a0_entb02a.bmp,ff0084a83df908d018f59a20c03ec4fc9ee21f80,f15cfa47f679b2e6fbaa29fc0ec982379f9c8e65,true,ps2 textures\opaque\bp_remade,true,false,0,none,false,5,false
w24a0_entb03.bmp,10fcf0dedfa2b948e6890e2c5bd68880614c0f66,587293f33716c3a49b6e0e929515bb0612d1cc3a,true,ps2 textures\opaque\bp_remade,true,false,0,none,false,5,false
w24a0_fla01a_alp_ovl.bmp,51dc2eab448a40651b3662b33b5ff8637c42c953,74a252fb4616042873ea6cbdad08f5e42ec6a321,true,ps2 textures\HAS ALPHA\bp_remade,false,false,0,none,false,5,false
w24a0_fla02a_alp_ovl.bmp,8104888325180f2559267e7c8b2d43c8121eaa98,86f59f754bf11cbb5b2712658c34191e859830dd,true,ps2 textures\HAS ALPHA\bp_remade,false,false,0,none,false,5,false
w24a0_fla04a_alp_ovl.bmp,7742872f901f53371d1863260d994746f31870ec,9f028fe73e7ee98ed97254b71e070d8b64883a86,true,ps2 textures\HAS ALPHA\bp_remade,false,false,0,none,false,5,false
w24a0_fla04b_alp_ovl.bmp,3645df8886888cf3a24f4d7d7fda679dcbaec67d,00951a75d5a4d1d76ef5092ad15dce1ae270585e,true,ps2 textures\HAS ALPHA\bp_remade,false,false,0,none,false,5,false
w24a0_fla04c_alp_ovl.bmp,16b6a9ae9c505c2038ce7cecdd837f87401e78a5,706ea26c878e1e76f49772e5deba6f4fbbb771c2,true,ps2 textures\HAS ALPHA\bp_remade,false,false,0,none,false,5,false
w24a0_fla04d2_alp_ovl.bmp,3123e2e1ae3291d9d189cdefa3d83fc8587c3713,6a1626be34ec735382178e71ee13babb26fb0a18,true,ps2 textures\HAS ALPHA\bp_remade,false,false,0,none,false,5,false
w24a0_fla04d_alp_ovl.bmp,b724dc7fb0d2aa2e25acf011e506209f83b38baa,e394ea5c666ae21d1e6e6c6890e595e3e875a441,true,ps2 textures\HAS ALPHA\bp_remade,false,false,0,none,false,5,false
w24a0_fla04e_alp_ovl.bmp,3af973dd5d556045130dfd1066f4e3d3e329384c,4de42442f78628e757053ce011a9b87932746e82,true,ps2 textures\HAS ALPHA\bp_remade,false,false,0,none,false,5,false
w24a0_fla04f_alp_ovl.bmp,f4e9632f1bd201fc966c6c64c263b4fd8e11a92b,336f56119252b78c17b2d26c9db07e2a9cc1857a,true,ps2 textures\HAS ALPHA\bp_remade,false,false,0,none,false,5,false
w24a0_fla04g_alp_ovl.bmp,80d35279eec134ec3c149a67ec8fd04226bafdf9,0e3b43a221808532ff4f4960290d8d3e64a5e48e,true,ps2 textures\HAS ALPHA\bp_remade,false,false,0,none,false,5,false
w24a0_fla05_alp_ovl.bmp,ce1921ba533149b81c3e5cfc89af674ebdb01b08,5ffd2e8c25259582bfdc312193bcff8ccc8b4f98,true,ps2 textures\HAS ALPHA\bp_remade,false,false,0,none,false,5,false
w24a0_fla05a_alp_ovl.bmp,754335dff42feb78461cf38df29d5db3e608dea4,51d13d13f3486bda5f1a109dbecb67179d4c6ebd,true,ps2 textures\HAS ALPHA\bp_remade,false,false,0,none,false,5,false
w24a0_fla06a_alp_ovl.bmp,bcdc6d778a17f2496144285caa7383c2b028958e,d30dcbf65e169db19c56ccf652e04e45bc7fc635,true,ps2 textures\HAS ALPHA\bp_remade,false,false,0,none,false,5,false
w24a0_fld01a.bmp,c76f3f00baf602d9dfccc63ae84dcb0e7a23c4d4,bbd1f627cd32b3a2f26b2a871fba8e6fb1a6a568,true,ps2 textures\opaque\bp_remade,true,false,0,none,false,5,false
w24a0_step04.bmp,4a307a0357e89cfcc2451e75784181ca3ed3b180,3d913ce04c0f6044c4f13dd2dec86d88079c7ab6,true,ps2 textures\opaque\bp_remade,true,false,0,none,false,5,false
w24a0_we00a.bmp,563d2b95f3c3c38dbca712456e7dbc264d611b92,832a23289c8fd5c876b845264988d3545ec6d4bd,true,ps2 textures\opaque\bp_remade,true,false,0,none,false,5,false
w24a0_wg01.bmp,d774f6008803f3c89ff97f139cfeeff9d6b7addc,19d165439a2fc2b84be57bc4f1ebfb7e9c81b881,true,ps2 textures\opaque\bp_remade,true,false,0,none,false,5,false
w24a0_wg02.bmp,d3bba338f40092b83eeb027764cae6f5dceee4cd,4a60e1e7c9e9139899b746dd19f76a802b920c4b,true,ps2 textures\opaque\bp_remade,true,false,0,none,false,5,false
w24a0_wh00.bmp,84b2d8bbd996edf40c01c51e25e247d85b0a463c,ec4af7bc1a0af1699a52a9d2e5a7c4a83c12f929,true,ps2 textures\opaque\bp_remade,true,false,0,none,false,5,false
w24a0_wi01.bmp,fe55ffd1eee9488fbea441ddbd97a21d6cc65322,35090c7b702e584200409acd4f7d43a0c52620f9,true,ps2 textures\opaque\bp_remade,true,false,0,none,false,5,false
w24a0_wlit01.bmp,5467cbced957ed7b4d422f5fd259638e372b9710,ec1c83276fb71067580eb2c3b792786f88161277,true,ps2 textures\opaque\bp_remade,true,false,0,none,false,5,false
w24a1_eyes_sano.bmp,d7edb7e5191d1431b2ef58313c7a1914ddeabe40,86ab60a5ef2d64d453a8df6a7d3b94923dc82bbb,true,ps2 textures\opaque\bp_remade,true,false,0,none,false,5,false
w24a1_fl01.bmp,7abc2884ce6e9ae63730b08d74d548bfc2cf1001,22411d8a0d7b5494cab0a1fd67f0f4d9044b209d,true,ps2 textures\opaque\bp_remade,true,false,0,none,false,5,false
w24a1_fl03.bmp,4a59813a3b84a6d19b4624740e520294f4f37321,8917c3a197463602d0f87d43f66738c17ef04dc4,true,ps2 textures\opaque\bp_remade,true,false,0,none,false,5,false
w24a1_fl03a.bmp,66530cafdd25d218667db35f0932d4a482d6c709,2d4c0b6b148b94d416f44934b4a1f5ad535345ea,true,ps2 textures\opaque\bp_remade,true,false,0,none,false,5,false
w24a1_fl03b.bmp,461ea7b4f0110e3fe1dbf099659b258512024662,32e464058210bc9d5f12ecd8519cffc850b3f108,true,ps2 textures\opaque\bp_remade,true,false,0,none,false,5,false
w24a1_w00.bmp,03c19cfffb72093dce3ca664077c22e63ad46bc4,73f972ef216b174b63ce8a8be6c7c5031972f1c1,true,ps2 textures\opaque\bp_remade,true,false,0,none,false,5,false
w24a1_w00a.bmp,ee09229ea440850894b7d7e855f7c2af0c8d0800,35b59ef02e11f63cfb0c5ccd5d571c117046a53b,true,ps2 textures\opaque\bp_remade,true,false,0,none,false,5,false
w24a_poster_mog_01.bmp,c8822285caac79e1c16d6ab5dd9b5224b683979d,c89a9fe76d6dd3d14dac1bdae9de8f2d1f49ae07,true,ps2 textures\opaque\bp_remade,true,false,0,none,false,5,false
w24a_poster_mog_02.bmp,cf49125298ba49c4ef0c4802d652f8fb8fbcce06,f3dc2fca5562c72de8d020012c91e9dda6a75e6b,true,ps2 textures\opaque\bp_remade,true,false,0,none,false,5,false
w24a_pp03b.bmp,411bfc9697df29522e9dcfe12945e794f1ee3848,ec904fbc6f3f86d5b3a4e3cd604a6732c9c45080,true,ps2 textures\opaque\bp_remade,true,false,0,none,false,5,false
w24a_pp03c.bmp,c52fa5e58146b942368b807dc91a5f350a8da782,a2691511a6a7a71487d5ca2e9ffc46a8846a75cc,true,ps2 textures\opaque\bp_remade,true,false,0,none,false,5,false
w24a_pp03d.bmp,42e18d3d402e4c3273e6a00a0d2fd59d4127fc7c,4ddc2d9cc0d4e78a3e14320379baaa66d7d88fc5,true,ps2 textures\opaque\bp_remade,true,false,0,none,false,5,false
w24b0_box02.bmp,464411f3f95214c54b75caaa4facc14aac09415d,325736fbe9654141f0ad488046a0cb31c16c3568,true,ps2 textures\opaque\bp_remade,true,false,0,none,false,5,false
w24b0_fl02_alp_ovl.bmp,c02c905399fac8c5600fcd0604bf04105d037a22,5bcfa0d195c924cf5020d4b3cb0d8037856afc43,true,ps2 textures\HAS ALPHA\bp_remade,false,false,0,none,false,5,false
w24b0_fla05_alp_ovl.bmp,be9defb9b4dc9525ca168af490822653d17893d3,afea028f9e05fb0d629f4b24e38867055915be07,true,ps2 textures\HAS ALPHA\bp_remade,false,false,0,none,false,5,false
w24b0_ms00.bmp,73e4ca254427bd42f32997368b29b0176921b2a1,cdbaf4069c39de445e10674b31f3f00250d6cf8e,true,ps2 textures\opaque\bp_remade,true,false,0,none,false,5,false
w24b0_ms02.bmp,ac5084d05e03947ab3278b3d9184757e1861ad45,b99c85f5d8432a924b73dad1bdb4372d2ab52f52,true,ps2 textures\opaque\bp_remade,true,false,0,none,false,5,false
w24b0_ms02a.bmp,9e3fe1895f84130c296489011a60f5a272e56028,3c3552c446b6a3f6a9d596d7f40a65b21a33b0ce,true,ps2 textures\opaque\bp_remade,true,false,0,none,false,5,false
w24b0_wa00.bmp,8109408afd72d94bd5a2369fec35ad730c3fe3b7,ec94b824d8139bdb3cb280a000bd2299e2f410ff,true,ps2 textures\opaque\bp_remade,true,false,0,none,false,5,false
w24b0_wb01.bmp,0b20bd1ca8975cc059e58b82b35f80fff6f2129e,c01ed2d330120d59927ce46788ced6dc8b6fe8e6,true,ps2 textures\opaque\bp_remade,true,false,0,none,false,5,false
w24b0_we00.bmp,46d260535e3566337c5d80d1bf40b2aa81ba9a3b,c39313b4604e6143b70c0f13780a2630154cbddf,true,ps2 textures\opaque\bp_remade,true,false,0,none,false,5,false
w24b0_we00a.bmp,557e821f9191f19e700c6d336b0010aa777fdf43,166473a2031728498920c201e93b3e91c7e610ea,true,ps2 textures\opaque\bp_remade,true,false,0,none,false,5,false
w24b2_fl00.bmp,db249550b40676bac13535751b1544784678590c,b36c403e58110fffe37fc6aae971af2874074d1b,true,ps2 textures\opaque\bp_remade,true,false,0,none,false,5,false
w24b2_fl01.bmp,cb199eed389ce2831dea03cdaf01e35d7e93fc57,b160bf5b1afe213dfd1b7315a4d390b1cdaaf5aa,true,ps2 textures\opaque\bp_remade,true,false,0,none,false,5,false
w24b2_po01.bmp,347237fcf9344d8e9b393724650eb3821e2fceae,db61f31c9cc7afb3c4f89e40e7855a70b944799b,true,ps2 textures\opaque\bp_remade,true,false,0,none,false,5,false
w24b2_po02.bmp,c93d28968f51482b7bd35aa6a1e8910adcc2c324,a0c224cdfdf3c04c8b851c4497db0ba87924b90a,true,ps2 textures\opaque\bp_remade,true,false,0,none,false,5,false
w24c0_obj07_a.bmp,ae6a2d9b1ee938f94315af3bb27390527bce7cef,3e1034e4aa520a59bf8205f94208e2aa1769644b,true,ps2 textures\opaque\bp_remade,true,false,0,none,false,5,false
w24c0_obj09a.bmp,be11c7be7720bace46aed15060e4748cae436e3c,9b65d2770d1d0582ce6e0c15f3c1700db0907c3a,true,ps2 textures\opaque\bp_remade,true,false,0,none,false,5,false
w24c0_sp01.bmp,3bc29d84729812d62434fcb5cf53343aa856bc5f,9166e9049bfb79ebe90af26874952a65ed10ba0a,true,ps2 textures\opaque\bp_remade,true,false,0,none,false,5,false
w24c0_sp01aa.bmp,7684e53b3eb8e2eb6e07b80f56e952625743fd0b,a19816729139dd6dd2a2e9a621ff90937850ab8a,true,ps2 textures\opaque\bp_remade,true,false,0,none,false,5,false
w24c0_sp01c1.bmp,1f8abf3d0b5a1e86e960f1bde9f43c371d41dcea,6b24a09b9a4461a729acf0eccb51f2851a17502e,true,ps2 textures\opaque\bp_remade,true,false,0,none,false,5,false
w24c0_sp02b.bmp,71a42e8d389980a9388e9c91df22dbdd9b6db649,a165c4cfbe05cc0c28bc3ba5e0ec1137558aca87,true,ps2 textures\opaque\bp_remade,true,false,0,none,false,5,false
w24c0_ta06.bmp,4498f8b253eda61eb1f5810a9d5e06a637fa9f10,c12eb67325bf3823a95e44b465484ad18374a6f1,true,ps2 textures\opaque\bp_remade,true,false,0,none,false,5,false
w24c0_ta07.bmp,1024d158b38277bfe5adc11dcc5893ce521f3bdf,2b290b453d38f209fb0772e71f464313d96a0b80,true,ps2 textures\opaque\bp_remade,true,false,0,none,false,5,false
w24c0_wa01b.bmp,ab8a72422bfc508219bd43be06f484ce46d52c2f,c45dbe8a1fcb463cb9a261f270deefe4724d8483,true,ps2 textures\opaque\bp_remade,true,false,0,none,false,5,false
w24c0_wa01e2_2.bmp,024a134e55635ccc0f34e03b067fb69c9769bdc9,f8155139fe0407762340b06c45d17ab9a8f1cede,true,ps2 textures\opaque\bp_remade,true,false,0,none,false,5,false
w24c0_wa01e3.bmp,28498f09a09fa74bc8f3a4c369dd75cdb937f6d0,e58df6086969cd9c7594e0a99b2e00c063ff386e,true,ps2 textures\opaque\bp_remade,true,false,0,none,false,5,false
w24d0_w05.bmp,666582662b4f0ab502e03c361f4e4c48f6daac55,0b3066c1df6703b13d56bd2f468df24a6177ae42,true,ps2 textures\opaque\bp_remade,true,false,0,none,false,5,false
w25a_fl00a.bmp,72d5ace79cce3021fc73ed2bfde9771fee95a9f9,28d309b662e5b959775caf9c7923022ea0ee0d33,true,ps2 textures\opaque\bp_remade,true,false,0,none,false,5,false
w25a_fl00b.bmp,52f53aa5d9fe0d3667717c832a6099dce0cf2b6d,4fa85c086aabac0dca6c7c063d751ad569cc8a71,true,ps2 textures\opaque\bp_remade,true,false,0,none,false,5,false
w25a_fl00c.bmp,542c7364383dcb72ae3cc8a525f83956ac867b2c,aee939aaee257f440a5dac3acee9d67596e0eb0d,true,ps2 textures\opaque\bp_remade,true,false,0,none,false,5,false
w25a_fl00d.bmp,00cb5e9116da2e953f5870cc97bae375bf82b5a1,1f62c68eb24c85e5f46150f054488fdb7338afc0,true,ps2 textures\opaque\bp_remade,true,false,0,none,false,5,false
w25a_fl04.bmp,183c9878f87c1bb3697c5e328f9460916c2a220b,db95f4b1510322ce7f841ecc70372fe246cc8268,true,ps2 textures\opaque\bp_remade,true,false,0,none,false,5,false
w25a_fl05a.bmp_eab6a76640eebadec634613e41b4f430,5de461995c527e4a7b73fddddde9d4d00b2dc9ef,0922970a2cdba505c837bb501bb393d0d9f4816d,true,ps2 textures\opaque\bp_remade,true,false,0,none,false,5,false
w25a_flu05a.bmp,0225df54abaaba57445c393eb1432b5f48ed63a0,cd067ed35212e2bfebea6b8899663412121d42af,true,ps2 textures\opaque\bp_remade,true,false,0,none,false,5,false
w25a_h00.bmp_c0f8a236f0a27f1b708076773161c3d1,d63de89d2e5f0e5b5c4432302b9a38e417aeccd6,43e7e91be1956deca1f1ceaf7d8218e273afd909,true,ps2 textures\opaque\bp_remade,true,false,0,none,false,5,false
w25a_h01.bmp,b679a4a5bcb0a8c1f76f633da5dafcf205e901d6,58c270e177f0fbc1400390dd6afddad896fba1ad,true,ps2 textures\opaque\bp_remade,true,false,0,none,false,5,false
w25a_h03.bmp,dff4b7d192ed68ed5e0520f53e5570d62d507118,f74e159b8a1b4e7d3bc5805e9a7d070bf2dec331,true,ps2 textures\opaque\bp_remade,true,false,0,none,false,5,false
w25a_h03a.bmp,3872cf1d05c70a55450ad31100097e3f61725646,d90d49ec3d38c3576becee46489f11d531f153f7,true,ps2 textures\opaque\bp_remade,true,false,0,none,false,5,false
w25a_h04a.bmp,8d535f9834c6fdfe60242f3e58a9957036e52c6f,0494634d9fd0037bce4e6fdde462d08f212541e0,true,ps2 textures\opaque\bp_remade,true,false,0,none,false,5,false
w25a_h04k.bmp,53a932339c42258f4edfaf557b9db6c9e96c8423,e0df3a068e14f4fb838bd58efa7ba8d96db9fb0b,true,ps2 textures\opaque\bp_remade,true,false,0,none,false,5,false
w25a_tank00.bmp_607cd5e0bf0f5b379a6262cd93f54ffa,5832e04d78563d9f1ab5102e106eaa50dd8a2207,5426c823ce7493a63b3e0f2bf977c7e7873f6940,true,ps2 textures\opaque\bp_remade,true,false,0,none,false,5,false
w25a_tank00a.bmp,84b74f2cf223eb2ff63ff9d3fad69b5159df5adf,83e43bc6a85f2e6f6691399b28f3d2ec24d0e21b,true,ps2 textures\opaque\bp_remade,true,false,0,none,false,5,false
w25a_w00.bmp,3ce80e44db3b644cfdda4bcc3b606ca169d0bacc,4d1ad8ff825f66d216d07874760211f6ee80bbf0,true,ps2 textures\opaque\bp_remade,true,false,0,none,false,5,false
w25a_w00a.bmp,0512bcd53f3e5c66f3fb677314f5c3b8482d1c5a,0942980bb7afe680762d8ad3a68c02b08a4f9b1d,true,ps2 textures\opaque\bp_remade,true,false,0,none,false,5,false
w25a_wire01a.bmp,d1f5ee9e3c1eea5b91ca10c0cd5a6dd63a6f32d5,c36deb27a6a4f37facdcd6223aef4c4a9fbd44a3,true,ps2 textures\opaque\bp_remade,true,false,0,none,false,5,false
w25a_wire01b.bmp,0317a3f4da2b8b159f95f096d79db56f111c523f,87306c549f47334e1f68203b77a7e95d33f6b366,true,ps2 textures\opaque\bp_remade,true,false,0,none,false,5,false
w25a_wire01d.bmp,804416f9e1703c905fa07c3bb8336d0f56c2aa3c,cf861e41ff3e494bf315fdef7cb9636be17e017e,true,ps2 textures\opaque\bp_remade,true,false,0,none,false,5,false
w25b_fl04b.bmp,89af31081301683380866286ea7a43fd9a86e249,2ff911130c685cea0ef615faf6ba453aeb61c491,true,ps2 textures\opaque\bp_remade,true,false,0,none,false,5,false
w25b_pp01c.bmp,5b4c7477f79a81bd11863f8399045fa52c904fb1,0f89b2bae2bfd3038b7b45ae5d03e266590eb3eb,true,ps2 textures\opaque\bp_remade,true,false,0,none,false,5,false
w25b_pp04.bmp,6da25640c472e8497b4ceeb1c2bec25b89cfd91e,57e3264f647cf366715fd18a7df7c826280a00fa,true,ps2 textures\opaque\bp_remade,true,false,0,none,false,5,false
w25c_fl05a.bmp_5d5c005378747543fddf1e2a161ecf6f,6c73b4d8eae69205c97eb4099af1876c508309c8,8d0a3eac402d542631dc286ff3f5900e1704aece,true,ps2 textures\opaque\bp_remade,true,false,0,none,false,5,false
w25c_obj00.bmp,81970d3ef49917e011bceece77c8cbb69850d962,9dcfe9419720df8f4a58457806d1fc380c20e802,true,ps2 textures\opaque\bp_remade,true,false,0,none,false,5,false
w25c_pp04a.bmp,3289f254c63fb3466c495dcee01c3e1c8c75294c,b50f9ab1b8c005679923bd845910630b0a20c58a,true,ps2 textures\opaque\bp_remade,true,false,0,none,false,5,false
w25c_w00f2.bmp,b643c8bdf8f5ca20c4d7c00c6ee3ad0a684f3c4f,f599aa931bdb1096ee2eb807435fe9f15d0a414f,true,ps2 textures\opaque\bp_remade,true,false,0,none,false,5,false
w25c_w00f2.bmp_def331845b33cf0d004b8819ab1b47ad,2826a322fa4a182bc2eeee244907a3be6018ff9f,f229af0cb1d0849037441a7d7532896f2c277bf1,true,ps2 textures\opaque\bp_remade,true,false,0,none,false,5,false
w25c_w00f3.bmp,0bc786bee0f9e1b7f7f2f68c6ce26f03bf21b073,c783d65a064cb63e4f8a98d115a2f13f95e2499a,true,ps2 textures\opaque\bp_remade,true,false,0,none,false,5,false
w25c_w00f3.bmp_80bb089f15a6b67db42cdc5ba9154cce,68caad472cbd0b4e093d0729ea022da4b66e9784,53755863f723ec8f19c5e7c777776f368b1aefda,true,ps2 textures\opaque\bp_remade,true,false,0,none,false,5,false
w25c_w06b2.bmp_e32e56967b81d8e10f197bc69b626128,2ce13b6ee86ba870e21d5899efb41dcf0123e6f8,5ff0a74db07776199263535c22db156f50d17569,true,ps2 textures\opaque\bp_remade,true,false,0,none,false,5,false
w25c_w06b3.bmp_ccfce4ea287dbf204c2ead5e6bbda70c,b7a8f999a95825103a8aa502fcdb895cb822fadd,41dc3a415831d95d4a1132fd595b223e22d083f7,true,ps2 textures\opaque\bp_remade,true,false,0,none,false,5,false
w28a_ana_hari_03.bmp,e102d58ea56bdcd08385a74e05123df5e7530352,0d97598feed07203da5b09ac66b88f01f50e7bdd,true,ps2 textures\opaque\bp_remade,true,false,0,none,false,5,false
w28a_ana_hari_04.bmp,c10f0ba6e841d2a9a993617c3820b28333ab3d2e,1eeabfaaf4059a8e28e562fec8daad20b2ec7f4f,true,ps2 textures\opaque\bp_remade,true,false,0,none,false,5,false
w28a_ana_hari_05.bmp,7757f28e5ce11d87388100744c9877a5f81f4dd5,35fa0a0e4fbdeaf7e7eee31d6e1bdb19016e39c6,true,ps2 textures\opaque\bp_remade,true,false,0,none,false,5,false
w28a_ana_light_tome.bmp,9a9d421eae1d6fa7abe4e26400e4ecc0e412d938,b84557a4c023fd2f624d37bb02cbdf2e2889a7c2,true,ps2 textures\opaque\bp_remade,true,false,0,none,false,5,false
w28a_ana_pipe_01.bmp,3b2a13ea752f525cf6601fb117189cbf52f68795,7f2e7041cc7bb5150b93cf410f40437dbd53c47a,true,ps2 textures\opaque\bp_remade,true,false,0,none,false,5,false
w28a_ana_pipe_03.bmp,b4c260cfd8980d8d585cbae0a0b1988475f6b4ef,956bb198fb7153a7586c6ca5d7f5b6d459343ce0,true,ps2 textures\opaque\bp_remade,true,false,0,none,false,5,false
w28a_ana_pipe_tome_01.bmp,f7a09402996ea1e590a848dedb297383cbd88734,f8bc82077402f3a1d851e9cbd36b2b7d1f495ff5,true,ps2 textures\opaque\bp_remade,true,false,0,none,false,5,false
w28a_ana_pipe_tome_02.bmp,85644833848d705f771cd90245ddbdd5d7589241,69ec403da96ee136f202da6554f4e7880ebe6203,true,ps2 textures\opaque\bp_remade,true,false,0,none,false,5,false
w28a_ana_wall_01.bmp,1d2e3d3a83d98143888ef757ee6a991a1066a420,581434c482a9f0a2a79aa1a8187f23819b418875,true,ps2 textures\opaque\bp_remade,true,false,0,none,false,5,false
w28a_ana_wall_02.bmp,095377fa57ec5a1fde8e006b5ba82eb15b8bb351,e6806948014a51e1414d481b2977a83b5a912847,true,ps2 textures\opaque\bp_remade,true,false,0,none,false,5,false
w28a_ana_wall_03.bmp,4600d684b8a6569fe02122bebc485e0709c66c10,7e1e6ad3b0aa4a076dfb264e8e69bf50fe346369,true,ps2 textures\opaque\bp_remade,true,false,0,none,false,5,false
w28a_hone_naname.bmp,8c4f420989b14fdc32db679091e6f503ebfe3db4,20010a8216c479602ff22e5f9dec0a817f6a43ac,true,ps2 textures\opaque\bp_remade,true,false,0,none,false,5,false
w28a_pipe_tome_002.bmp,e7ad3b25f217166181e31949c9c20c3de2a9cf83,27597e838e5c05a8894527298c2035255320c384,true,ps2 textures\opaque\bp_remade,true,false,0,none,false,5,false
w28a_wall_rouka_01.bmp,e3f9b37b7673066b0ead7254f8e17ab4def92176,3d8331b69d685cfbb0d1de3750dacb53ae62cd29,true,ps2 textures\opaque\bp_remade,true,false,0,none,false,5,false
w28an_ag_light_pipe.bmp,60f77418a763ffb321ed962bf206fc03bc11d436,c936761cb69ce13a44019c6ec019be45c4ef55cb,true,ps2 textures\opaque\bp_remade,true,false,0,none,false,5,false
w28an_ana_box_01.bmp,d6cdf9d98c2ed0daf12e918bf70556a663f15696,31ce6f4f3323fa36240e72c394824a3771ce5dde,true,ps2 textures\opaque\bp_remade,true,false,0,none,false,5,false
w28an_ana_box_02.bmp,82951b4431667a6c95f2be6051786f5aa4d10f5b,ec0eb64aa2843d6173a1183fe5a2d8f35b567510,true,ps2 textures\opaque\bp_remade,true,false,0,none,false,5,false
w28an_ana_pipe_02.bmp,030bde3d05f67c950c7f630bc0998ab90748e1c9,aca359fec5c9c967ce945554b1251636e3ff5b74,true,ps2 textures\opaque\bp_remade,true,false,0,none,false,5,false
w28an_exit_alp_ovl.bmp,bd98e1685602c8dccbea94564d6cf20519cdb475,f6c16ebce30d25505f23e74ee37fbd12fad6341b,true,ps2 textures\HAS ALPHA\bp_remade,false,false,0,none,false,5,false
w28an_floor_oku_02.bmp,b009b12574f03b1da4c6dc3b02872437143bb27f,5749881557fe5110961173909b1fb429bf902597,true,ps2 textures\opaque\bp_remade,true,false,0,none,false,5,false
w28an_floor_oku_02a.bmp,81dec4616af743634f2425e589ecd12ce2e06a5f,96a259498c6ac6237eaf7621737b5609c4fc3636,true,ps2 textures\opaque\bp_remade,true,false,0,none,false,5,false
w28an_mid_box_01.bmp,22baecf310ffe334575736d4c9d252c330544986,5a819b43b0b2b4e531b742faad930a68609a4076,true,ps2 textures\opaque\bp_remade,true,false,0,none,false,5,false
w28an_mid_door_fukuro.bmp,f0e94007ce9e79c28b7eb7e0bed113998711f64b,d1ae13b180d64e40afb2b44c4c8a0533e3933c16,true,ps2 textures\opaque\bp_remade,true,false,0,none,false,5,false
w28an_mid_door_fukuro_02.bmp,2ceda95e2cf5b5ca3dd0992bc5562f0e6b598713,dd8e0bf00bafd6adcbbe8a413aef0d76c5c9cff5,true,ps2 textures\opaque\bp_remade,true,false,0,none,false,5,false
w28an_mid_door_fukuro_02a.bmp,03e2c339a7444c1c2d61623df7a3e97973a0bdc3,2ce89f6d1ec55bfcbaf95d695dd3a94928de0d25,true,ps2 textures\opaque\bp_remade,true,false,0,none,false,5,false
w28an_pipe_01.bmp,bdc9669c73ce4cf28bc2d2387daacfc3ba195436,26ec5b848801cf3c3ac8e9d7924deb4061eb56fb,true,ps2 textures\opaque\bp_remade,true,false,0,none,false,5,false
w28an_pipe_02.bmp,92395bc624e95a2d2e77c3e4334555784316bbb8,dd22b2cbac1d802f2f8c853d274a313ad11260e5,true,ps2 textures\opaque\bp_remade,true,false,0,none,false,5,false
w28an_pp02.bmp,c1fde85a19fbf4daeea0792b3d62f9a09ae06964,c011e5e20e06dcd4f65c8502ef35eccc469fba05,true,ps2 textures\opaque\bp_remade,true,false,0,none,false,5,false
w28an_rouka_floor_01.bmp,ca8d122283044ed78f57655021019ffa00bff6e4,74a2fbff112223408e70fdc91aa7a74e973691ee,true,ps2 textures\opaque\bp_remade,true,false,0,none,false,5,false
w28an_rouka_floor_02.bmp,2ada2fd660411f7614c8f44aaab5387c883871f7,1c7715ba464d5d3f0927198a56636236e798f3fd,true,ps2 textures\opaque\bp_remade,true,false,0,none,false,5,false
w28an_tsr_bar1.bmp,60354a015c8908d39010ffe07edfa5fd0cfd3a3c,e4004393faaf115b7681e5dc9c3e2db990fa75d6,true,ps2 textures\opaque\bp_remade,true,false,0,none,false,5,false
w28an_wall_01.bmp,3153742fa144abf8c64b3a19eb4568cec177d506,69255da6a9ccdf9de4a73e17742bf9db4703ecf6,true,ps2 textures\opaque\bp_remade,true,false,0,none,false,5,false
w28an_wall_03.bmp,98ae8d6f2e860d3a71df1740a1507636db954335,459061bf14b6ac4a12d19eee9619cf323e13c00f,true,ps2 textures\opaque\bp_remade,true,false,0,none,false,5,false
w28an_wall_03b.bmp,fb38e3a7e6fd25fbff8c6caa2f814299915815f7,c8360c95961fe5dc243eab509e7122f4cc11be99,true,ps2 textures\opaque\bp_remade,true,false,0,none,false,5,false
w28an_wall_center_01.bmp,b170a27a470b9d18034ea6844600b58a454c8951,2fa71135e90a19c08060d051bc05241be50a6c54,true,ps2 textures\opaque\bp_remade,true,false,0,none,false,5,false
w28an_wall_center_03.bmp,ee3855b32647311032e2a87b67c4befc97a8e308,2f253a156c5c92284f3b01e72096e2ca92429880,true,ps2 textures\opaque\bp_remade,true,false,0,none,false,5,false
w28an_wall_door_01.bmp,0a644b4bb6bb98915f6c45e7dc6d81c0c1cede21,c959ec1290761e1c622692964a2be8a280bda624,true,ps2 textures\opaque\bp_remade,true,false,0,none,false,5,false
w28an_wall_door_01a.bmp,b7d9fef8775653c2bfd13fa0cfabdbef33faa68e,7504b658469064bd7b9633236c03427f1d0b60a1,true,ps2 textures\opaque\bp_remade,true,false,0,none,false,5,false
w28an_wall_rouka_02.bmp,da531c4b841efc175ebccd440bcd3bc0922c474e,85a7bc304ce2bb759e22e80a88a6ef17951992b9,true,ps2 textures\opaque\bp_remade,true,false,0,none,false,5,false
w28an_wall_rouka_02b.bmp,a5420564a448c1e6cb354db96a0cccce3cbdf6a5,804000393e5a9d6aea509203bec9ab6f54ab137c,true,ps2 textures\opaque\bp_remade,true,false,0,none,false,5,false
w28an_wall_rouka_04.bmp,8ffaabc5ae2f9b9ead4f27aff1260018171ab44c,9027ce6d3d50210e87f3e727869540d7f01b493e,true,ps2 textures\opaque\bp_remade,true,false,0,none,false,5,false
w28an_wire_01.bmp,681600a17082fb7261ccdceb9e8caf5cfb63c399,6db3f6b5674546e3577dae3147b3212a7372a1d1,true,ps2 textures\opaque\bp_remade,true,false,0,none,false,5,false
w31a_box_01.bmp,94ac1d05a3aa57627ee7849d978100ada8648a62,1fb9d29e267cb389e79a9e38c3c306f19a09d1ad,true,ps2 textures\opaque\bp_remade,true,false,0,none,false,5,false
w31a_box_02.bmp,5b52580a620ee90bf4ae8139df97d3589734c100,47554cf0d956f57f2157216a4caefe2af074a6d1,true,ps2 textures\opaque\bp_remade,true,false,0,none,false,5,false
w31a_cir_panel_033.bmp,d4b6a5e1061206df35bb4c0f1b4a0bd5d6572dcb,3f71d51128552be8421836f6743bf3007207deee,true,ps2 textures\opaque\bp_remade,true,false,0,none,false,5,false
w31a_cir_panel_04.bmp,4c5ef3533af049a5f139582622c76bc6cd8ec0bb,4cb27f09dd0f3a3d087e1791d3fbed8df137e7f6,true,ps2 textures\opaque\bp_remade,true,false,0,none,false,5,false
w31a_cir_panel_brk_01.bmp,d6ff0429b693f027a054a082362bda99f1ba7357,f081d25b8ff8f4f9079280493a5556eefaa62cd4,true,ps2 textures\opaque\bp_remade,true,false,0,none,false,5,false
w31a_cir_panel_brk_02.bmp,6e5c77815d9e61ec1e61670324f8f1c13b58c4cb,6a07e939c59037195876dbd918237bb8a06811b9,true,ps2 textures\opaque\bp_remade,true,false,0,none,false,5,false
w31a_cir_panel_brk_04.bmp,66bda7f024afb3e853306d18a8eb8bfcdd777257,bd71a670c64ea3593ae900dbda2c45eff7df42b0,true,ps2 textures\opaque\bp_remade,true,false,0,none,false,5,false
w31a_cir_panel_brk_05.bmp,505b9ba979d06b6846ab85aa44ae3948e9347425,d91b970be55b1a2d12bef358b42ea8560625195e,true,ps2 textures\opaque\bp_remade,true,false,0,none,false,5,false
w31a_denki_01.bmp,4c33d718be43d0fc8cc436b0ccf02c5f8030388a,fe0fbddca1ffeebf62edb521fd72bfa45f229007,true,ps2 textures\opaque\bp_remade,true,false,0,none,false,5,false
w31a_denki_03.bmp,f2b1aa43c98abbb4f13df5d8e29973f371070d96,60b5616d76a4d829ca7076e1889368af941a6e66,true,ps2 textures\opaque\bp_remade,true,false,0,none,false,5,false
w31a_floor_01.bmp,443b601341a5343c6e7cf04af1dea67b78aa70ca,ff234b9daeecf824193fbaf4e45dbe467f4dc2e7,true,ps2 textures\opaque\bp_remade,true,false,0,none,false,5,false
w31a_floor_02.bmp,78ab84229aa0d0785b1739b47d26489c849b2f3b,3b867503682bdd8f22caa445ac9e085c6a379374,true,ps2 textures\opaque\bp_remade,true,false,0,none,false,5,false
w31a_floor_03.bmp,4ddb5f8aea0b0b3cb1a402a3f5f1eb5bdbb6d7b6,6af38ef5909bb2f34036c813d20225057ca5f698,true,ps2 textures\opaque\bp_remade,true,false,0,none,false,5,false
w31a_floor_06.bmp,ca5cdb074f9652c7a410d87cf9093457a08c3825,933bff628dfe3aff48ca33fcad9e96d5c0f10a24,true,ps2 textures\opaque\bp_remade,true,false,0,none,false,5,false
w31a_floor_08.bmp,b1168f0062de5e715af7a0fc7c7fd36d4e0141ce,33bb827da74b14624c6760dccc1aeb0a058be93d,true,ps2 textures\opaque\bp_remade,true,false,0,none,false,5,false
w31a_floor_10_alp_ovl.bmp,5d8a328c7a6e01d3ceac3af92b6c8734acfa6b9a,6cd172155f8792cd188a1da9b709e0168dabf30d,true,ps2 textures\HAS ALPHA\bp_remade,false,false,0,none,false,5,false
w31a_floor_ovl_bld090.bmp,837c28d22bb2598efb1447cc22cbef8881e2deb5,3e52d8fa1e92aeb944920a42e7c3b5bad848ea05,true,ps2 textures\HAS ALPHA\bp_remade,false,false,0,none,false,5,false
w31a_mecha_03.bmp,f48cf887f496cdba987f308790638b9aeeba78f6,a67bdd543474a627a9376a7bf1e16ed280c8e8e5,true,ps2 textures\opaque\bp_remade,true,false,0,none,false,5,false
w31a_wall_01.bmp,a4428a75fc964e5149fb39a4e8de2f234c76c3a4,032ab94a5db2652a6ff143ca2cd8426359055866,true,ps2 textures\opaque\bp_remade,true,false,0,none,false,5,false
w31a_wall_03.bmp,3026d13f559325d915fd07324d5902e876bf7c55,135df040e6a8730a13f299e7f388fb46a79c75c3,true,ps2 textures\opaque\bp_remade,true,false,0,none,false,5,false
w31a_wall_05.bmp,7451928ed83a2aeb186e86be4f816e0d2e17b2fc,0572601da5ab63b2da37c556f46d9df10457f33d,true,ps2 textures\opaque\bp_remade,true,false,0,none,false,5,false
w31a_wall_06.bmp,fa41d58651a06cb7d789887775f89ad09d7c4783,83f1ab1c5d7c304ef6ba40be491b9c8f9ecf84ef,true,ps2 textures\opaque\bp_remade,true,false,0,none,false,5,false
w31b_door_01.bmp,f2df5aaac2d7a324a113a5722ff22281e92f538f,17bdcb70a2ba903bb15a30fd82b1cc8bf8e6bd46,true,ps2 textures\opaque\bp_remade,true,false,0,none,false,5,false
w31b_dox_01.bmp,899edb40a7e8e6553e91bd5877038a1ab35f19a5,81b0fb0134adac94a9fbc10c61f101299f328b8f,true,ps2 textures\opaque\bp_remade,true,false,0,none,false,5,false
w31b_floor_02.bmp,3061647a30f692317f92a7ba023be6bd3bc43523,cbb91a270fd343a6d8a06315615cebb8da2863f9,true,ps2 textures\opaque\bp_remade,true,false,0,none,false,5,false
w31b_panel_alp_ovl_06.bmp,b54064c02ef922dc0fd46ffca59df928ec2ef5a0,1c5099e00c6d8a29fbe4061b71ba45f4e15f911d,true,ps2 textures\HAS ALPHA\bp_remade,false,false,0,none,false,5,false
w31b_pipe_05.bmp,9bf50a78a4bf8962fc35c80bb036e095e5cd7abb,8b96569067463f274c4a7a3de923399c6ea44125,true,ps2 textures\opaque\bp_remade,true,false,0,none,false,5,false
w31b_roof_04.bmp,fd307a9c10b0cadeb0ceef39fbc2c25ab1f9242d,69bf035ea7249759ad869d3f779b24c2783fdf96,true,ps2 textures\opaque\bp_remade,true,false,0,none,false,5,false
w31b_wall_03.bmp,e9e69bda365c32e4ab31577ce45bbbb46c294640,e1a91825cb1bebe9548a0967fc5a00ddd258946f,true,ps2 textures\opaque\bp_remade,true,false,0,none,false,5,false
w31c_box_05.bmp,973eeba13ef6b7849201dd53bce1f33c4f091576,56e05f30f249ca68ae3b95bf8fc0f57d1ccda2fd,true,ps2 textures\opaque\bp_remade,true,false,0,none,false,5,false
w31c_locker_01.bmp,a6f329ae2d4564e24703746c74c6dbc2991a9e64,0ff2a36549cabfdb91d679cc424fd25258c4211d,true,ps2 textures\opaque\bp_remade,true,false,0,none,false,5,false
w31c_locker_04.bmp,524a3ca47520aa87307fa179e5177028195d72c7,26fab6c3d35768c3bbfd908b277f18bf02c2ab58,true,ps2 textures\opaque\bp_remade,true,false,0,none,false,5,false
w31c_wall_08.bmp,8c7813f0cdeb68301e9676b6c088d524cff9dc9c,6debd85f05e857c648e0108f7997dabaad79b98a,true,ps2 textures\opaque\bp_remade,true,false,0,none,false,5,false
w32a_asi00.bmp,f696647202cf19ecbaf1fb2bec08cacd46fd27f1,865bcbca75fa1759ae3b3fb0503ead31f0af32f2,true,ps2 textures\opaque\bp_remade,true,false,0,none,false,5,false
w32a_asi00a.bmp,5db1a11578b09910279987da136771526ca62c8a,d0cfb83152a18f0b6eafd350ced35a277b863c99,true,ps2 textures\opaque\bp_remade,true,false,0,none,false,5,false
w32a_asi00b.bmp,ec71c250117b3346444df5a63c75b80ac81be3f7,fc7f9bd0919964fb6d66ea61e62fe82367bd7a9a,true,ps2 textures\opaque\bp_remade,true,false,0,none,false,5,false
w32a_asi00c.bmp,35bc413e0cb5471293e3e7f8c71d3bf7cbb114a5,3cda7e1b89d9c50c7128db7b8b1091fae7c0448e,true,ps2 textures\opaque\bp_remade,true,false,0,none,false,5,false
w32a_asi00d.bmp,f5fd6611ad45345bfedebb69d5e827b2b5b75451,a6b299d13c8dd9530dcdbdcb0f493fa7e58f8d67,true,ps2 textures\opaque\bp_remade,true,false,0,none,false,5,false
w32a_asi06.bmp,d01c84b23d8c68a542e6cc277caa02e9f86da23d,946859a6d09ba68a19fac21092577c5389b35947,true,ps2 textures\opaque\bp_remade,true,false,0,none,false,5,false
w32a_board04.bmp,cc333da2eca97952621a501466c70637183ce4dc,9956e764244e327d53826d6ccbaadc05e9774591,true,ps2 textures\opaque\bp_remade,true,false,0,none,false,5,false
w32a_fl01.bmp,b52585c77630ce9871750fc81d9ed653db86faab,871a47f67a92ec9fccfe3817605c4d0562f388d5,true,ps2 textures\opaque\bp_remade,true,false,0,none,false,5,false
w32a_fl01a.bmp,e90eb98f9debd9f1de7de00bc37a1e7558cdb652,17c12a7ef647636c71b58f045f24dc977102d833,true,ps2 textures\opaque\bp_remade,true,false,0,none,false,5,false
w32a_fl01b.bmp,0f4987bd1a9c2b4cf20ba297c006adb3c6a25f58,0bf2234e2814673ad08d60b213dad5d4ac3b2c55,true,ps2 textures\opaque\bp_remade,true,false,0,none,false,5,false
w32a_fl01c.bmp,2c3615f4418243de4ccc013b061d4b601f1193d3,8e6bc8b35e0fe7cdd34105dd561c6694e3493def,true,ps2 textures\opaque\bp_remade,true,false,0,none,false,5,false
w32a_fl01e.bmp,6ef3d0ec163cab09c6dfe76da010de93458b31c6,a3a113d92deaf149e2d80ee7385927f946218d7c,true,ps2 textures\opaque\bp_remade,true,false,0,none,false,5,false
w32a_pp02.bmp_1740c8007a612689abb7c8a3139f35d1,671df40386deece24c924abdc7ba8adbae76b1c1,e6253f0b5ecd86feb34217fccd656d61522c2e08,true,ps2 textures\opaque\bp_remade,true,false,0,none,false,5,false
w32a_pp02a.bmp_f04b2f338b30c64c7690c44f5e5cbc4f,137de90f22acd6e7864fd2164bdb5c5da66a39c0,b17e4e5e2a3943e80e9be2d027e2bd4cb0016735,true,ps2 textures\opaque\bp_remade,true,false,0,none,false,5,false
w32a_pp03a.bmp_948505e760d2eb64915a2546228b8649,f44ed8fa32743c88c0639eef2501bfcc5e39c170,ecda049b870457c0d8431722abd511a1818c4f89,true,ps2 textures\opaque\bp_remade,true,false,0,none,false,5,false
w32a_sign00.bmp,1b78620e3fa3f9b6a64a65f12bd9c8cf4ae1be9d,315fa7693bb1f67cbcc2491e278a6620ec64987e,true,ps2 textures\opaque\bp_remade,true,false,0,none,false,5,false
w32a_w02.bmp,bb6b92c544b8c205909f0852341db37782af8462,01fd29f718faea064c344dcad035b40eef540bc6,true,ps2 textures\opaque\bp_remade,true,false,0,none,false,5,false
w41a_dr2.bmp,85e869388d87165e7634e0c26da103fb8336c4a7,924681d08803bdbd6fe04187124493eaabfa9af3,true,ps2 textures\opaque\bp_remade,true,false,0,none,false,5,false
w41a_go_02.bmp,e463783f95e44a4b708b889d3dcb397bd43ae2c4,de8e7d10a24d3d696882ecc4faa7ec06a654577c,true,ps2 textures\opaque\bp_remade,true,false,0,none,false,5,false
w41a_go_03.bmp,21d899ca5ea646516d70c681daaa546c60ba4abb,b1c26d4e5d553e1d4be83a4c62115c8b94a68f35,true,ps2 textures\opaque\bp_remade,true,false,0,none,false,5,false
w41a_wallsh1_bld090_ovl.bmp,5bb55e8b626ca61f17cf395c9c0e7190cc77aec9,31b536f1c45cd204e7af07c78a0dfb1e0415d91d,true,ps2 textures\HAS ALPHA\bp_remade,false,false,0,none,false,5,false
w41a_wallsh3_bld090_ovl.bmp,89d39e2a86644a81a3b7cf46007ab643c073daf9,49ecfacfe28163feea0766c0af2fced71cf0bf18,true,ps2 textures\HAS ALPHA\bp_remade,false,false,0,none,false,5,false
w41a_wallsh4_bld090_ovl.bmp,d043266d85b58f03d54b6c9f0ff63ef126ed7b9a,e19f669b7c024ab4aba123e508138538f8cb5126,true,ps2 textures\HAS ALPHA\bp_remade,false,false,0,none,false,5,false
w41a_wallsh6_bld090_ovl.bmp,5e41277f0af34b94e962ce23bbd95ad2a8268830,037cc9e277583dc686ea0ce741c5b896e2b3d66a,true,ps2 textures\HAS ALPHA\bp_remade,false,false,0,none,false,5,false
w41a_wallsh7_bld090_ovl.bmp,9595a1bbabb9d7d4a486a2df24fa63c97948d5da,69428168f41ef7aebabd9f268f3a45d51b68feca,true,ps2 textures\HAS ALPHA\bp_remade,false,false,0,none,false,5,false
w42a_1f_box_01.bmp_7be7c191af3966ebc5cbc6b019aac0b5,b62557b0349cd2d9b1f06265cde9b8605d2e6d4e,5990a8e80c775323daed634c047fd8ffb7f57c10,true,ps2 textures\opaque\bp_remade,true,false,0,none,false,5,false
w42a_1f_box_01_top.bmp_80244e81becddb60d74eb9908adbdbd3,ab862017b471b636efa04eff3d01328766de1d07,a9d98c131b9fef925a19878336fb7b2db848203b,true,ps2 textures\opaque\bp_remade,true,false,0,none,false,5,false
w42a_2f_floor_back_03.bmp,357a7898c81311ee1ab6703d4514c039cfb5ee2c,4d56d994b7bb7173ec6289c5cbaaeeb6463e4503,true,ps2 textures\opaque\bp_remade,true,false,0,none,false,5,false
w42a_bridge_side_01.bmp_489fc0f70f9ed7725e5293ec1ab58638,6e2c62803a6350671e167aefc5fd57c399caf821,5f2d02a967e9c626759e55aae53589ade71d94bf,true,ps2 textures\opaque\bp_remade,true,false,0,none,false,5,false
w42a_fence_board_01.bmp,5239db512ee2340cf3e369fc502e96fe4069ad4c,b404eabdba9858064fb8aa95953371e5547a6d7c,true,ps2 textures\opaque\bp_remade,true,false,0,none,false,5,false
w42a_fence_under_03.bmp,ed6a7f847e3f38be016daf2ddae7896bb2b5929e,aa1c64a0c116192e64cc15159ab6c09c91c56ad5,true,ps2 textures\opaque\bp_remade,true,false,0,none,false,5,false
w43a_rouka_floor_01_alp_ovl.bmp,8bbb1847632e132151bcd90192aacd1bb6fff4e5,15393068e60a10c3cfb2f4fe1767ec02d5714359,true,ps2 textures\HAS ALPHA\bp_remade,false,false,0,none,false,5,false
w43a_rouka_floor_02_alp_ovl.bmp,b2f692abf6821ea9a9c1db685791f63f3dc8f81d,52fbe84bfd59ae029473aa070c582563e86c9117,true,ps2 textures\HAS ALPHA\bp_remade,false,false,0,none,false,5,false
w43a_rouka_floor_03_alp_ovl.bmp,323d972dab53de74698b2056af55ddf75d68744f,4c16d438a1806d342c09aecb2bac28ffa38e2059,true,ps2 textures\HAS ALPHA\bp_remade,false,false,0,none,false,5,false
w43a_rouka_floor_04_alp_ovl.bmp,a51f9b0ecfe038e7c771ded389b86b3bb4c93f36,cfa526a5a4906c18ffb0c758acd77ed6852608cc,true,ps2 textures\HAS ALPHA\bp_remade,false,false,0,none,false,5,false
w43a_rouka_floor_06_alp_ovl.bmp,80f7f06900e2ee7051c6dbd2ff5749550785e088,d6588b265cce48d3f3d8991b6a0fee9f22473b9f,true,ps2 textures\HAS ALPHA\bp_remade,false,false,0,none,false,5,false
w43a_wall_02_alp_ovl.bmp,7bc73ff1c5fb7e01c01d5076af53c141f396be54,ed6e4c52950dc0fe721b871dbd13eb102b1192bd,true,ps2 textures\HAS ALPHA\bp_remade,false,false,0,none,false,5,false
w43a_wall_04_alp_ovl.bmp,6228a42a203c7ee244dd6286e7c356dff6eea4b4,d779832db6e3d73f22f47d687e099b07ac6bc9e5,true,ps2 textures\HAS ALPHA\bp_remade,false,false,0,none,false,5,false
w43a_wall_05_alp_ovl.bmp,2814a394a8e05e63973b368d7b5befa32d253542,9a9d6a69d67a30c258f51285019115e185369751,true,ps2 textures\HAS ALPHA\bp_remade,false,false,0,none,false,5,false
w43a_wall_09_alp_ovl.bmp,74450bb70bec8ca09c70c4817f06ff9e934fad39,343db78685ca37bd6ab7ed68d411c951924d635b,true,ps2 textures\HAS ALPHA\bp_remade,false,false,0,none,false,5,false
w43a_wall_exit_01.bmp,d33287227a047989bab30faf8df970b2b25ce686,956015441f3238b1f7219c65ae7f55c52d20ab04,true,ps2 textures\opaque\bp_remade,true,false,0,none,false,5,false
w43a_wall_hashi_02_alp_ovl.bmp,c9d7fbdf8c6243efa7d4b563f64e4cf9564dfc93,6baff2acb42f259c39e0dd9eba207c2ebec1436e,true,ps2 textures\HAS ALPHA\bp_remade,false,false,0,none,false,5,false
w43a_wall_hashi_04_alp_ovl.bmp,fe685f6189a6a4e7d47e32186a37c60afe998900,2450f2de8e6d55d464646605e0c1c24384d02f83,true,ps2 textures\HAS ALPHA\bp_remade,false,false,0,none,false,5,false
w43a_wall_right_02_alp_ovl.bmp,cb04e7bfc22654be5c7f9a521aa735a8fd704b04,f3b10f5fd0cec7e05b40510e44635965e8b276bb,true,ps2 textures\HAS ALPHA\bp_remade,false,false,0,none,false,5,false
w43a_wall_right_03_alp_ovl.bmp,99611e46dcfc3db6da947873d90e01264dc22390,f1227f56e5574f7d6af82ea13bec44706bbf8285,true,ps2 textures\HAS ALPHA\bp_remade,false,false,0,none,false,5,false
w43a_wall_right_06_alp_ovl.bmp,6fae6184fcc756285fae1354510311fb1f3a0497,6251d4483125d03aae9181231f4e8f0fb5f398eb,true,ps2 textures\HAS ALPHA\bp_remade,false,false,0,none,false,5,false
w43a_wall_right_08_alp_ovl.bmp,9c1cf25015a9c265b458b4a2b33c7962523a7120,491be9973858f64c006c482b65b3e54949a149f2,true,ps2 textures\HAS ALPHA\bp_remade,false,false,0,none,false,5,false
w45a_door_left.bmp,d858d6ee6169a13e5af143baf0f9160ed7822a99,49ec0886286e09b2d55887f32730ab912b910e64,true,ps2 textures\opaque\bp_remade,true,false,0,none,false,5,false
w45a_door_right.bmp,cb5c94e756c990ee6324f2ec91fc8936c4815382,126958bcbc13824dfab1b15fc05686fc812cebfb,true,ps2 textures\opaque\bp_remade,true,false,0,none,false,5,false
w45a_floor_01.bmp,5da5740796e2f369c3853aff7e0b270a0f233aaf,56943d142153891faf12142430aca8ce904405cc,true,ps2 textures\opaque\bp_remade,true,false,0,none,false,5,false
w45a_floor_03.bmp,b43d72559bb61b68c388fe9afd29dec726bf9b58,a162fbfa80450c63fd9cf864ca892855cfcf7da7,true,ps2 textures\opaque\bp_remade,true,false,0,none,false,5,false
w61a_bil7_wall1.bmp,fb7dbda46d0c97a1ea15e149c78fb668263027bc,9aae717d469ecb763403603f2530c580e1cb323a,true,ps2 textures\opaque\bp_remade,true,false,0,none,false,5,false
w61a_bil7_wall4_brk.bmp,29dad40a2d98aa027ec8464eb2cd4c3a7829eff9,8e1ed6ae7c0f4ef2e7f03c0ea8d7a40d46d60278,true,ps2 textures\opaque\bp_remade,true,false,0,none,false,5,false
w61a_douro.bmp,727640f788ab2e6cc31e08299b1d2cef1a489b78,763667cfbbaa2d4fda1d945a9996e4db63e5a1c0,true,ps2 textures\opaque\bp_remade,true,false,0,none,false,5,false
w61a_grn_ami.bmp,4c14be82acbbc1c478c5d0022c83072136097462,ca009d0063a7a724bf3ef72d59ea06c8a732aa11,true,ps2 textures\opaque\bp_remade,true,false,0,none,false,5,false
w61a_hodou1.bmp,445a92d061b139cfd072d1a2fe344643aa5594d3,4af5c616b38e7fa63905a63aac7b0f3d85f7d7e5,true,ps2 textures\opaque\bp_remade,true,false,0,none,false,5,false
w61a_jeorge_dai.bmp,408e0e5fce4f92118c137f20cdfa63d7afabe4e0,5f714b973e27e781585f28b8edb4b94c52fac8a5,true,ps2 textures\opaque\bp_remade,true,false,0,none,false,5,false
w61a_pillar1.bmp,ec91ca9ce11c7baad386e79708417a95e31ba3a5,9f1cfa262bda73031a093002d23b6d6201ec3c69,true,ps2 textures\opaque\bp_remade,true,false,0,none,false,5,false
w62a_bill_h1.bmp,84e2fbdd1f53ef4574595da6bac6d43ec810a7d8,67a5726842637b4eed60e97a139a71e660410f2f,true,ps2 textures\opaque\bp_remade,true,false,0,none,false,5,false
walllc1_sh2.bmp,c40d5dab291246004a71a8988fab5e789bdaa5e9,b8f5ccc6ca6a0d2f624a90bdb57b78ea95862b22,true,ps2 textures\opaque\bp_remade,true,false,0,none,false,5,false
walllc1a.bmp,0ef0476c5e95f449e5028e2bc9c92f7e2a3204d0,b1cdb278ba4fbb0c8a344f5c8f3fd99010332d40,true,ps2 textures\opaque\bp_remade,true,false,0,none,false,5,false
walllc1a2a.bmp,d4ba99e9054beac4ad9627688f642eba1da172a1,d4e06b7a6d8c867095e72c9879d7ef3e0d4f25bf,true,ps2 textures\opaque\bp_remade,true,false,0,none,false,5,false
walllc1b.bmp,a038ebb252321809fbeb1dcdee3ce36fdf4d4f9d,99af78197a7280a1a674baedd8c73ed998f48852,true,ps2 textures\opaque\bp_remade,true,false,0,none,false,5,false
wave06.bmp,7b1856ece626859b138996cce9820b266585c04a,7c5e85a279fafcbbf0e0e2f72dfe9c97c87d8f6c,true,ps2 textures\opaque\bp_remade,true,false,0,none,false,5,false
wave06long1.bmp,3264a921a3a31d4b45efb9ab9a52414ddff64cbe,c0768a66eff27ebd3675f348ec2b6f3afaf00eea,true,ps2 textures\opaque\bp_remade,true,false,0,none,false,5,false
wc1.bmp,4f002738642c04a699be1d1ea406c7da9e8a4136,ac07e9ef188f7e50f43c3c440d3ce2431c411e93,true,ps2 textures\opaque\bp_remade,true,false,0,none,false,5,false
wc1top.bmp,c6ff768910264838a8b1d7c1894399532d052b7f,ef789ce17bb5c343f4fbc640b96d40f7c13da2f2,true,ps2 textures\opaque\bp_remade,true,false,0,none,false,5,false
yu_ne.bmp,b0f6f6498ba370102c5c393dbb9b09640cb51c95,a5514f67c704517a3d15c075c1102578bca21a2a,true,ps2 textures\opaque\bp_remade,true,false,0,none,false,5,false
yu_ne2.bmp,3a4ff2b8d86d645ea9a5b0cbcadcf74cc13e400e,5e97164cc23cef995477da4900d177fc3d164707,true,ps2 textures\opaque\bp_remade,true,false,0,none,false,5,false
yukamoto_alp_ovl.bmp,ba2c7224de266f53c92f5003bb92c7f5a4eb0a60,1696e8a78ada40480fb99d8522ac52f6a826f9fe,true,ps2 textures\HAS ALPHA\bp_remade,false,false,0,none,false,5,false
zoe_pos_n.bmp,1b71edf04fcc2c017ff29ce9a0d6a93512b8f996,bee20ed76139abd68d17827f9777fd9c214353f5,true,ps2 textures\opaque\bp_remade,true,false,0,none,false,5,false
